Beam,Node,X,Y,Z
101,25150,0.019,0.1918,0.016529
101,25151,0.0,0.1918,0.016529
101,25152,0.01425,0.1918,0.016529
101,25153,0.0095,0.1918,0.016529
101,25154,0.00475,0.1918,0.016529
104,25177,0.039,0.1918,0.016529
104,25178,0.02,0.1918,0.016529
104,25179,0.03425,0.1918,0.016529
104,25180,0.0295,0.1918,0.016529
104,25181,0.02475,0.1918,0.016529
107,25186,0.059,0.1918,0.016529
107,25187,0.04,0.1918,0.016529
107,25188,0.05425,0.1918,0.016529
107,25189,0.0495,0.1918,0.016529
107,25190,0.04475,0.1918,0.016529
110,25510,0.019,0.2918,0.016529
110,25511,0.0,0.2918,0.016529
110,25512,0.01425,0.2918,0.016529
110,25513,0.0095,0.2918,0.016529
110,25514,0.00475,0.2918,0.016529
113,25519,0.039,0.2918,0.016529
113,25520,0.02,0.2918,0.016529
113,25521,0.03425,0.2918,0.016529
113,25522,0.0295,0.2918,0.016529
113,25523,0.02475,0.2918,0.016529
116,25546,0.059,0.2918,0.016529
116,25547,0.04,0.2918,0.016529
116,25548,0.05425,0.2918,0.016529
116,25549,0.0495,0.2918,0.016529
116,25550,0.04475,0.2918,0.016529
119,24700,0.019,0.014802,0.020937
119,24701,0.0,0.014802,0.020937
119,24702,0.01425,0.014802,0.020937
119,24703,0.0095,0.014802,0.020937
119,24704,0.00475,0.014802,0.020937
122,24691,0.039,0.014802,0.020937
122,24692,0.02,0.014802,0.020937
122,24693,0.03425,0.014802,0.020937
122,24694,0.0295,0.014802,0.020937
122,24695,0.02475,0.014802,0.020937
125,24709,0.059,0.014802,0.020937
125,24710,0.04,0.014802,0.020937
125,24711,0.05425,0.014802,0.020937
125,24712,0.0495,0.014802,0.020937
125,24713,0.04475,0.014802,0.020937
128,24808,0.019,0.1148,0.020937
128,24809,0.0,0.1148,0.020937
128,24810,0.01425,0.1148,0.020937
128,24811,0.0095,0.1148,0.020937
128,24812,0.00475,0.1148,0.020937
131,24889,0.039,0.1148,0.020937
131,24890,0.02,0.1148,0.020937
131,24891,0.03425,0.1148,0.020937
131,24892,0.0295,0.1148,0.020937
131,24893,0.02475,0.1148,0.020937
134,24916,0.059,0.1148,0.020937
134,24917,0.04,0.1148,0.020937
134,24918,0.05425,0.1148,0.020937
134,24919,0.0495,0.1148,0.020937
134,24920,0.04475,0.1148,0.020937
137,25231,0.019,0.2148,0.020937
137,25232,0.0,0.2148,0.020937
137,25233,0.01425,0.2148,0.020937
137,25234,0.0095,0.2148,0.020937
137,25235,0.00475,0.2148,0.020937
140,25366,0.039,0.2148,0.020937
140,25367,0.02,0.2148,0.020937
140,25368,0.03425,0.2148,0.020937
140,25369,0.0295,0.2148,0.020937
140,25370,0.02475,0.2148,0.020937
143,25375,0.059,0.2148,0.020937
143,25376,0.04,0.2148,0.020937
143,25377,0.05425,0.2148,0.020937
143,25378,0.0495,0.2148,0.020937
143,25379,0.04475,0.2148,0.020937
146,24457,0.019,0.084804,0.021166
146,24458,0.0,0.084804,0.021166
146,24459,0.01425,0.084804,0.021166
146,24460,0.0095,0.084804,0.021166
146,24461,0.00475,0.084804,0.021166
149,24412,0.039,0.084804,0.021166
149,24413,0.02,0.084804,0.021166
149,24414,0.03425,0.084804,0.021166
149,24415,0.0295,0.084804,0.021166
149,24416,0.02475,0.084804,0.021166
152,24385,0.059,0.084804,0.021166
152,24386,0.04,0.084804,0.021166
152,24387,0.05425,0.084804,0.021166
152,24388,0.0495,0.084804,0.021166
152,24389,0.04475,0.084804,0.021166
155,25159,0.019,0.1848,0.021166
155,25160,0.0,0.1848,0.021166
155,25161,0.01425,0.1848,0.021166
155,25162,0.0095,0.1848,0.021166
155,25163,0.00475,0.1848,0.021166
158,25168,0.039,0.1848,0.021166
158,25169,0.02,0.1848,0.021166
158,25170,0.03425,0.1848,0.021166
158,25171,0.0295,0.1848,0.021166
158,25172,0.02475,0.1848,0.021166
161,25195,0.059,0.1848,0.021166
161,25196,0.04,0.1848,0.021166
161,25197,0.05425,0.1848,0.021166
161,25198,0.0495,0.1848,0.021166
161,25199,0.04475,0.1848,0.021166
164,25501,0.019,0.2848,0.021166
164,25502,0.0,0.2848,0.021166
164,25503,0.01425,0.2848,0.021166
164,25504,0.0095,0.2848,0.021166
164,25505,0.00475,0.2848,0.021166
167,25528,0.039,0.2848,0.021166
167,25529,0.02,0.2848,0.021166
167,25530,0.03425,0.2848,0.021166
167,25531,0.0295,0.2848,0.021166
167,25532,0.02475,0.2848,0.021166
170,25537,0.059,0.2848,0.021166
170,25538,0.04,0.2848,0.021166
170,25539,0.05425,0.2848,0.021166
170,25540,0.0495,0.2848,0.021166
170,25541,0.04475,0.2848,0.021166
173,24664,0.019,0.021802,0.024532
173,24665,0.0,0.021802,0.024532
173,24666,0.01425,0.021802,0.024532
173,24667,0.0095,0.021802,0.024532
173,24668,0.00475,0.021802,0.024532
176,24673,0.039,0.021802,0.024532
176,24674,0.02,0.021802,0.024532
176,24675,0.03425,0.021802,0.024532
176,24676,0.0295,0.021802,0.024532
176,24677,0.02475,0.021802,0.024532
179,24682,0.059,0.021802,0.024532
179,24683,0.04,0.021802,0.024532
179,24684,0.05425,0.021802,0.024532
179,24685,0.0495,0.021802,0.024532
179,24686,0.04475,0.021802,0.024532
182,24817,0.019,0.1218,0.024532
182,24818,0.0,0.1218,0.024532
182,24819,0.01425,0.1218,0.024532
182,24820,0.0095,0.1218,0.024532
182,24821,0.00475,0.1218,0.024532
185,24880,0.039,0.1218,0.024532
185,24881,0.02,0.1218,0.024532
185,24882,0.03425,0.1218,0.024532
185,24883,0.0295,0.1218,0.024532
185,24884,0.02475,0.1218,0.024532
188,24925,0.059,0.1218,0.024532
188,24926,0.04,0.1218,0.024532
188,24927,0.05425,0.1218,0.024532
188,24928,0.0495,0.1218,0.024532
188,24929,0.04475,0.1218,0.024532
191,25240,0.019,0.2218,0.024532
191,25241,0.0,0.2218,0.024532
191,25242,0.01425,0.2218,0.024532
191,25243,0.0095,0.2218,0.024532
191,25244,0.00475,0.2218,0.024532
194,25357,0.039,0.2218,0.024532
194,25358,0.02,0.2218,0.024532
194,25359,0.03425,0.2218,0.024532
194,25360,0.0295,0.2218,0.024532
194,25361,0.02475,0.2218,0.024532
197,25384,0.059,0.2218,0.024532
197,25385,0.04,0.2218,0.024532
197,25386,0.05425,0.2218,0.024532
197,25387,0.0495,0.2218,0.024532
197,25388,0.04475,0.2218,0.024532
200,24466,0.019,0.077804,0.024705
200,24467,0.0,0.077804,0.024705
200,24468,0.01425,0.077804,0.024705
200,24469,0.0095,0.077804,0.024705
200,24470,0.00475,0.077804,0.024705
203,24403,0.039,0.077804,0.024705
203,24404,0.02,0.077804,0.024705
203,24405,0.03425,0.077804,0.024705
203,24406,0.0295,0.077804,0.024705
203,24407,0.02475,0.077804,0.024705
206,24394,0.059,0.077804,0.024705
206,24395,0.04,0.077804,0.024705
206,24396,0.05425,0.077804,0.024705
206,24397,0.0495,0.077804,0.024705
206,24398,0.04475,0.077804,0.024705
209,25087,0.019,0.1778,0.024705
209,25088,0.0,0.1778,0.024705
209,25089,0.01425,0.1778,0.024705
209,25090,0.0095,0.1778,0.024705
209,25091,0.00475,0.1778,0.024705
212,25078,0.039,0.1778,0.024705
212,25079,0.02,0.1778,0.024705
212,25080,0.03425,0.1778,0.024705
212,25081,0.0295,0.1778,0.024705
212,25082,0.02475,0.1778,0.024705
215,25069,0.059,0.1778,0.024705
215,25070,0.04,0.1778,0.024705
215,25071,0.05425,0.1778,0.024705
215,25072,0.0495,0.1778,0.024705
215,25073,0.04475,0.1778,0.024705
218,25492,0.019,0.2778,0.024705
218,25493,0.0,0.2778,0.024705
218,25494,0.01425,0.2778,0.024705
218,25495,0.0095,0.2778,0.024705
218,25496,0.00475,0.2778,0.024705
221,25483,0.039,0.2778,0.024705
221,25484,0.02,0.2778,0.024705
221,25485,0.03425,0.2778,0.024705
221,25486,0.0295,0.2778,0.024705
221,25487,0.02475,0.2778,0.024705
224,25474,0.059,0.2778,0.024705
224,25475,0.04,0.2778,0.024705
224,25476,0.05425,0.2778,0.024705
224,25477,0.0495,0.2778,0.024705
224,25478,0.04475,0.2778,0.024705
227,24655,0.019,0.028803,0.027198
227,24656,0.0,0.028803,0.027198
227,24657,0.01425,0.028803,0.027198
227,24658,0.0095,0.028803,0.027198
227,24659,0.00475,0.028803,0.027198
230,24646,0.039,0.028803,0.027198
230,24647,0.02,0.028803,0.027198
230,24648,0.03425,0.028803,0.027198
230,24649,0.0295,0.028803,0.027198
230,24650,0.02475,0.028803,0.027198
233,24637,0.059,0.028803,0.027198
233,24638,0.04,0.028803,0.027198
233,24639,0.05425,0.028803,0.027198
233,24640,0.0495,0.028803,0.027198
233,24641,0.04475,0.028803,0.027198
236,24826,0.019,0.1288,0.027198
236,24827,0.0,0.1288,0.027198
236,24828,0.01425,0.1288,0.027198
236,24829,0.0095,0.1288,0.027198
236,24830,0.00475,0.1288,0.027198
239,24871,0.039,0.1288,0.027198
239,24872,0.02,0.1288,0.027198
239,24873,0.03425,0.1288,0.027198
239,24874,0.0295,0.1288,0.027198
239,24875,0.02475,0.1288,0.027198
242,24934,0.059,0.1288,0.027198
242,24935,0.04,0.1288,0.027198
242,24936,0.05425,0.1288,0.027198
242,24937,0.0495,0.1288,0.027198
242,24938,0.04475,0.1288,0.027198
245,25249,0.019,0.2288,0.027198
245,25250,0.0,0.2288,0.027198
245,25251,0.01425,0.2288,0.027198
245,25252,0.0095,0.2288,0.027198
245,25253,0.00475,0.2288,0.027198
248,25348,0.039,0.2288,0.027198
248,25349,0.02,0.2288,0.027198
248,25350,0.03425,0.2288,0.027198
248,25351,0.0295,0.2288,0.027198
248,25352,0.02475,0.2288,0.027198
251,25393,0.059,0.2288,0.027198
251,25394,0.04,0.2288,0.027198
251,25395,0.05425,0.2288,0.027198
251,25396,0.0495,0.2288,0.027198
251,25397,0.04475,0.2288,0.027198
254,24520,0.019,0.070803,0.027323
254,24521,0.0,0.070803,0.027323
254,24522,0.01425,0.070803,0.027323
254,24523,0.0095,0.070803,0.027323
254,24524,0.00475,0.070803,0.027323
257,24475,0.039,0.070803,0.027323
257,24476,0.02,0.070803,0.027323
257,24477,0.03425,0.070803,0.027323
257,24478,0.0295,0.070803,0.027323
257,24479,0.02475,0.070803,0.027323
260,24484,0.059,0.070803,0.027323
260,24485,0.04,0.070803,0.027323
260,24486,0.05425,0.070803,0.027323
260,24487,0.0495,0.070803,0.027323
260,24488,0.04475,0.070803,0.027323
263,25042,0.019,0.1708,0.027323
263,25043,0.0,0.1708,0.027323
263,25044,0.01425,0.1708,0.027323
263,25045,0.0095,0.1708,0.027323
263,25046,0.00475,0.1708,0.027323
266,25051,0.039,0.1708,0.027323
266,25052,0.02,0.1708,0.027323
266,25053,0.03425,0.1708,0.027323
266,25054,0.0295,0.1708,0.027323
266,25055,0.02475,0.1708,0.027323
269,25060,0.059,0.1708,0.027323
269,25061,0.04,0.1708,0.027323
269,25062,0.05425,0.1708,0.027323
269,25063,0.0495,0.1708,0.027323
269,25064,0.04475,0.1708,0.027323
272,25465,0.019,0.2708,0.027323
272,25466,0.0,0.2708,0.027323
272,25467,0.01425,0.2708,0.027323
272,25468,0.0095,0.2708,0.027323
272,25469,0.00475,0.2708,0.027323
275,25456,0.039,0.2708,0.027323
275,25457,0.02,0.2708,0.027323
275,25458,0.03425,0.2708,0.027323
275,25459,0.0295,0.2708,0.027323
275,25460,0.02475,0.2708,0.027323
278,25447,0.059,0.2708,0.027323
278,25448,0.04,0.2708,0.027323
278,25449,0.05425,0.2708,0.027323
278,25450,0.0495,0.2708,0.027323
278,25451,0.04475,0.2708,0.027323
281,24619,0.019,0.035803,0.029044
281,24620,0.0,0.035803,0.029044
281,24621,0.01425,0.035803,0.029044
281,24622,0.0095,0.035803,0.029044
281,24623,0.00475,0.035803,0.029044
284,24610,0.039,0.035803,0.029044
284,24611,0.02,0.035803,0.029044
284,24612,0.03425,0.035803,0.029044
284,24613,0.0295,0.035803,0.029044
284,24614,0.02475,0.035803,0.029044
287,24628,0.059,0.035803,0.029044
287,24629,0.04,0.035803,0.029044
287,24630,0.05425,0.035803,0.029044
287,24631,0.0495,0.035803,0.029044
287,24632,0.04475,0.035803,0.029044
290,24835,0.019,0.1358,0.029044
290,24836,0.0,0.1358,0.029044
290,24837,0.01425,0.1358,0.029044
290,24838,0.0095,0.1358,0.029044
290,24839,0.00475,0.1358,0.029044
293,24862,0.039,0.1358,0.029044
293,24863,0.02,0.1358,0.029044
293,24864,0.03425,0.1358,0.029044
293,24865,0.0295,0.1358,0.029044
293,24866,0.02475,0.1358,0.029044
296,24943,0.059,0.1358,0.029044
296,24944,0.04,0.1358,0.029044
296,24945,0.05425,0.1358,0.029044
296,24946,0.0495,0.1358,0.029044
296,24947,0.04475,0.1358,0.029044
299,25258,0.019,0.2358,0.029044
299,25259,0.0,0.2358,0.029044
299,25260,0.01425,0.2358,0.029044
299,25261,0.0095,0.2358,0.029044
299,25262,0.00475,0.2358,0.029044
302,25339,0.039,0.2358,0.029044
302,25340,0.02,0.2358,0.029044
302,25341,0.03425,0.2358,0.029044
302,25342,0.0295,0.2358,0.029044
302,25343,0.02475,0.2358,0.029044
305,25402,0.059,0.2358,0.029044
305,25403,0.04,0.2358,0.029044
305,25404,0.05425,0.2358,0.029044
305,25405,0.0495,0.2358,0.029044
305,25406,0.04475,0.2358,0.029044
308,24511,0.019,0.063803,0.029125
308,24512,0.0,0.063803,0.029125
308,24513,0.01425,0.063803,0.029125
308,24514,0.0095,0.063803,0.029125
308,24515,0.00475,0.063803,0.029125
311,24502,0.039,0.063803,0.029125
311,24503,0.02,0.063803,0.029125
311,24504,0.03425,0.063803,0.029125
311,24505,0.0295,0.063803,0.029125
311,24506,0.02475,0.063803,0.029125
314,24493,0.059,0.063803,0.029125
314,24494,0.04,0.063803,0.029125
314,24495,0.05425,0.063803,0.029125
314,24496,0.0495,0.063803,0.029125
314,24497,0.04475,0.063803,0.029125
317,25033,0.019,0.1638,0.029125
317,25034,0.0,0.1638,0.029125
317,25035,0.01425,0.1638,0.029125
317,25036,0.0095,0.1638,0.029125
317,25037,0.00475,0.1638,0.029125
320,25024,0.039,0.1638,0.029125
320,25025,0.02,0.1638,0.029125
320,25026,0.03425,0.1638,0.029125
320,25027,0.0295,0.1638,0.029125
320,25028,0.02475,0.1638,0.029125
323,25015,0.059,0.1638,0.029125
323,25016,0.04,0.1638,0.029125
323,25017,0.05425,0.1638,0.029125
323,25018,0.0495,0.1638,0.029125
323,25019,0.04475,0.1638,0.029125
326,25294,0.019,0.2638,0.029125
326,25295,0.0,0.2638,0.029125
326,25296,0.01425,0.2638,0.029125
326,25297,0.0095,0.2638,0.029125
326,25298,0.00475,0.2638,0.029125
329,25303,0.039,0.2638,0.029125
329,25304,0.02,0.2638,0.029125
329,25305,0.03425,0.2638,0.029125
329,25306,0.0295,0.2638,0.029125
329,25307,0.02475,0.2638,0.029125
332,25438,0.059,0.2638,0.029125
332,25439,0.04,0.2638,0.029125
332,25440,0.05425,0.2638,0.029125
332,25441,0.0495,0.2638,0.029125
332,25442,0.04475,0.2638,0.029125
335,24601,0.019,0.042803,0.030136
335,24602,0.0,0.042803,0.030136
335,24603,0.01425,0.042803,0.030136
335,24604,0.0095,0.042803,0.030136
335,24605,0.00475,0.042803,0.030136
338,24592,0.039,0.042803,0.030136
338,24593,0.02,0.042803,0.030136
338,24594,0.03425,0.042803,0.030136
338,24595,0.0295,0.042803,0.030136
338,24596,0.02475,0.042803,0.030136
341,24583,0.059,0.042803,0.030136
341,24584,0.04,0.042803,0.030136
341,24585,0.05425,0.042803,0.030136
341,24586,0.0495,0.042803,0.030136
341,24587,0.04475,0.042803,0.030136
344,24844,0.019,0.1428,0.030136
344,24845,0.0,0.1428,0.030136
344,24846,0.01425,0.1428,0.030136
344,24847,0.0095,0.1428,0.030136
344,24848,0.00475,0.1428,0.030136
347,24853,0.039,0.1428,0.030136
347,24854,0.02,0.1428,0.030136
347,24855,0.03425,0.1428,0.030136
347,24856,0.0295,0.1428,0.030136
347,24857,0.02475,0.1428,0.030136
350,24952,0.059,0.1428,0.030136
350,24953,0.04,0.1428,0.030136
350,24954,0.05425,0.1428,0.030136
350,24955,0.0495,0.1428,0.030136
350,24956,0.04475,0.1428,0.030136
353,25267,0.019,0.2428,0.030136
353,25268,0.0,0.2428,0.030136
353,25269,0.01425,0.2428,0.030136
353,25270,0.0095,0.2428,0.030136
353,25271,0.00475,0.2428,0.030136
356,25330,0.039,0.2428,0.030136
356,25331,0.02,0.2428,0.030136
356,25332,0.03425,0.2428,0.030136
356,25333,0.0295,0.2428,0.030136
356,25334,0.02475,0.2428,0.030136
359,25411,0.059,0.2428,0.030136
359,25412,0.04,0.2428,0.030136
359,25413,0.05425,0.2428,0.030136
359,25414,0.0495,0.2428,0.030136
359,25415,0.04475,0.2428,0.030136
362,24547,0.019,0.056803,0.030176
362,24548,0.0,0.056803,0.030176
362,24549,0.01425,0.056803,0.030176
362,24550,0.0095,0.056803,0.030176
362,24551,0.00475,0.056803,0.030176
365,24538,0.039,0.056803,0.030176
365,24539,0.02,0.056803,0.030176
365,24540,0.03425,0.056803,0.030176
365,24541,0.0295,0.056803,0.030176
365,24542,0.02475,0.056803,0.030176
368,24529,0.059,0.056803,0.030176
368,24530,0.04,0.056803,0.030176
368,24531,0.05425,0.056803,0.030176
368,24532,0.0495,0.056803,0.030176
368,24533,0.04475,0.056803,0.030176
371,24988,0.019,0.1568,0.030176
371,24989,0.0,0.1568,0.030176
371,24990,0.01425,0.1568,0.030176
371,24991,0.0095,0.1568,0.030176
371,24992,0.00475,0.1568,0.030176
374,24997,0.039,0.1568,0.030176
374,24998,0.02,0.1568,0.030176
374,24999,0.03425,0.1568,0.030176
374,25000,0.0295,0.1568,0.030176
374,25001,0.02475,0.1568,0.030176
377,25006,0.059,0.1568,0.030176
377,25007,0.04,0.1568,0.030176
377,25008,0.05425,0.1568,0.030176
377,25009,0.0495,0.1568,0.030176
377,25010,0.04475,0.1568,0.030176
380,25285,0.019,0.2568,0.030176
380,25286,0.0,0.2568,0.030176
380,25287,0.01425,0.2568,0.030176
380,25288,0.0095,0.2568,0.030176
380,25289,0.00475,0.2568,0.030176
383,25312,0.039,0.2568,0.030176
383,25313,0.02,0.2568,0.030176
383,25314,0.03425,0.2568,0.030176
383,25315,0.0295,0.2568,0.030176
383,25316,0.02475,0.2568,0.030176
386,25429,0.059,0.2568,0.030176
386,25430,0.04,0.2568,0.030176
386,25431,0.05425,0.2568,0.030176
386,25432,0.0495,0.2568,0.030176
386,25433,0.04475,0.2568,0.030176
416,24556,0.019,0.049803,0.030509
416,24557,0.0,0.049803,0.030509
416,24558,0.01425,0.049803,0.030509
416,24559,0.0095,0.049803,0.030509
416,24560,0.00475,0.049803,0.030509
419,24565,0.039,0.049803,0.030509
419,24566,0.02,0.049803,0.030509
419,24567,0.03425,0.049803,0.030509
419,24568,0.0295,0.049803,0.030509
419,24569,0.02475,0.049803,0.030509
422,24574,0.059,0.049803,0.030509
422,24575,0.04,0.049803,0.030509
422,24576,0.05425,0.049803,0.030509
422,24577,0.0495,0.049803,0.030509
422,24578,0.04475,0.049803,0.030509
425,24979,0.019,0.1498,0.030509
425,24980,0.0,0.1498,0.030509
425,24981,0.01425,0.1498,0.030509
425,24982,0.0095,0.1498,0.030509
425,24983,0.00475,0.1498,0.030509
428,24970,0.039,0.1498,0.030509
428,24971,0.02,0.1498,0.030509
428,24972,0.03425,0.1498,0.030509
428,24973,0.0295,0.1498,0.030509
428,24974,0.02475,0.1498,0.030509
431,24961,0.059,0.1498,0.030509
431,24962,0.04,0.1498,0.030509
431,24963,0.05425,0.1498,0.030509
431,24964,0.0495,0.1498,0.030509
431,24965,0.04475,0.1498,0.030509
434,25276,0.019,0.2498,0.030509
434,25277,0.0,0.2498,0.030509
434,25278,0.01425,0.2498,0.030509
434,25279,0.0095,0.2498,0.030509
434,25280,0.00475,0.2498,0.030509
437,25321,0.039,0.2498,0.030509
437,25322,0.02,0.2498,0.030509
437,25323,0.03425,0.2498,0.030509
437,25324,0.0295,0.2498,0.030509
437,25325,0.02475,0.2498,0.030509
440,25420,0.059,0.2498,0.030509
440,25421,0.04,0.2498,0.030509
440,25422,0.05425,0.2498,0.030509
440,25423,0.0495,0.2498,0.030509
440,25424,0.04475,0.2498,0.030509
65,24736,0.019,0.0078019,0.016231
65,24737,0.0,0.0078019,0.016231
65,24738,0.01425,0.0078019,0.016231
65,24739,0.0095,0.0078019,0.016231
65,24740,0.00475,0.0078019,0.016231
68,24727,0.039,0.0078019,0.016231
68,24728,0.02,0.0078019,0.016231
68,24729,0.03425,0.0078019,0.016231
68,24730,0.0295,0.0078019,0.016231
68,24731,0.02475,0.0078019,0.016231
71,24718,0.059,0.0078019,0.016231
71,24719,0.04,0.0078019,0.016231
71,24720,0.05425,0.0078019,0.016231
71,24721,0.0495,0.0078019,0.016231
71,24722,0.04475,0.0078019,0.016231
74,24799,0.019,0.1078,0.016231
74,24800,0.0,0.1078,0.016231
74,24801,0.01425,0.1078,0.016231
74,24802,0.0095,0.1078,0.016231
74,24803,0.00475,0.1078,0.016231
77,24898,0.039,0.1078,0.016231
77,24899,0.02,0.1078,0.016231
77,24900,0.03425,0.1078,0.016231
77,24901,0.0295,0.1078,0.016231
77,24902,0.02475,0.1078,0.016231
80,24907,0.059,0.1078,0.016231
80,24908,0.04,0.1078,0.016231
80,24909,0.05425,0.1078,0.016231
80,24910,0.0495,0.1078,0.016231
80,24911,0.04475,0.1078,0.016231
83,25222,0.019,0.2078,0.016231
83,25223,0.0,0.2078,0.016231
83,25224,0.01425,0.2078,0.016231
83,25225,0.0095,0.2078,0.016231
83,25226,0.00475,0.2078,0.016231
86,25213,0.039,0.2078,0.016231
86,25214,0.02,0.2078,0.016231
86,25215,0.03425,0.2078,0.016231
86,25216,0.0295,0.2078,0.016231
86,25217,0.02475,0.2078,0.016231
89,25204,0.059,0.2078,0.016231
89,25205,0.04,0.2078,0.016231
89,25206,0.05425,0.2078,0.016231
89,25207,0.0495,0.2078,0.016231
89,25208,0.04475,0.2078,0.016231
92,24448,0.019,0.091804,0.016529
92,24449,0.0,0.091804,0.016529
92,24450,0.01425,0.091804,0.016529
92,24451,0.0095,0.091804,0.016529
92,24452,0.00475,0.091804,0.016529
95,24421,0.039,0.091804,0.016529
95,24422,0.02,0.091804,0.016529
95,24423,0.03425,0.091804,0.016529
95,24424,0.0295,0.091804,0.016529
95,24425,0.02475,0.091804,0.016529
98,24367,0.059,0.091804,0.016529
98,24368,0.04,0.091804,0.016529
98,24369,0.05425,0.091804,0.016529
98,24370,0.0495,0.091804,0.016529
98,24371,0.04475,0.091804,0.016529
1,24746,0.0,0.00080961,0.010193
1,24749,0.00475,0.00080961,0.010193
1,24748,0.0095,0.00080961,0.010193
1,24747,0.01425,0.00080961,0.010193
1,24745,0.019,0.00080961,0.010193
2,24755,0.02,0.00080961,0.010193
2,24758,0.02475,0.00080961,0.010193
2,24757,0.0295,0.00080961,0.010193
2,24756,0.03425,0.00080961,0.010193
2,24754,0.039,0.00080961,0.010193
3,24764,0.04,0.00080961,0.010193
3,24767,0.04475,0.00080961,0.010193
3,24766,0.0495,0.00080961,0.010193
3,24765,0.05425,0.00080961,0.010193
3,24763,0.059,0.00080961,0.010193
4,24440,0.0,0.098988,0.010367
4,24443,0.00475,0.098988,0.010367
4,24442,0.0095,0.098988,0.010367
4,24441,0.01425,0.098988,0.010367
4,24439,0.019,0.098988,0.010367
5,24791,0.0,0.10081,0.010193
5,24794,0.00475,0.10081,0.010193
5,24793,0.0095,0.10081,0.010193
5,24792,0.01425,0.10081,0.010193
5,24790,0.019,0.10081,0.010193
6,24431,0.02,0.098988,0.010367
6,24434,0.02475,0.098988,0.010367
6,24433,0.0295,0.098988,0.010367
6,24432,0.03425,0.098988,0.010367
6,24430,0.039,0.098988,0.010367
7,24782,0.02,0.10081,0.010193
7,24785,0.02475,0.10081,0.010193
7,24784,0.0295,0.10081,0.010193
7,24783,0.03425,0.10081,0.010193
7,24781,0.039,0.10081,0.010193
8,24377,0.04,0.098988,0.010367
8,24380,0.04475,0.098988,0.010367
8,24379,0.0495,0.098988,0.010367
8,24378,0.05425,0.098988,0.010367
8,24376,0.059,0.098988,0.010367
9,24773,0.04,0.10081,0.010193
9,24776,0.04475,0.10081,0.010193
9,24775,0.0495,0.10081,0.010193
9,24774,0.05425,0.10081,0.010193
9,24772,0.059,0.10081,0.010193
10,25142,0.0,0.19899,0.010367
10,25145,0.00475,0.19899,0.010367
10,25144,0.0095,0.19899,0.010367
10,25143,0.01425,0.19899,0.010367
10,25141,0.019,0.19899,0.010367
11,25133,0.0,0.20081,0.010193
11,25136,0.00475,0.20081,0.010193
11,25135,0.0095,0.20081,0.010193
11,25134,0.01425,0.20081,0.010193
11,25132,0.019,0.20081,0.010193
12,25124,0.02,0.19899,0.010367
12,25127,0.02475,0.19899,0.010367
12,25126,0.0295,0.19899,0.010367
12,25125,0.03425,0.19899,0.010367
12,25123,0.039,0.19899,0.010367
13,25115,0.02,0.20081,0.010193
13,25118,0.02475,0.20081,0.010193
13,25117,0.0295,0.20081,0.010193
13,25116,0.03425,0.20081,0.010193
13,25114,0.039,0.20081,0.010193
14,25097,0.04,0.19899,0.010367
14,25100,0.04475,0.19899,0.010367
14,25099,0.0495,0.19899,0.010367
14,25098,0.05425,0.19899,0.010367
14,25096,0.059,0.19899,0.010367
15,25106,0.04,0.20081,0.010193
15,25109,0.04475,0.20081,0.010193
15,25108,0.0495,0.20081,0.010193
15,25107,0.05425,0.20081,0.010193
15,25105,0.059,0.20081,0.010193
16,25574,0.0,0.29899,0.010367
16,25577,0.00475,0.29899,0.010367
16,25576,0.0095,0.29899,0.010367
16,25575,0.01425,0.29899,0.010367
16,25573,0.019,0.29899,0.010367
17,25565,0.02,0.29899,0.010367
17,25568,0.02475,0.29899,0.010367
17,25567,0.0295,0.29899,0.010367
17,25566,0.03425,0.29899,0.010367
17,25564,0.039,0.29899,0.010367
18,25556,0.04,0.29899,0.010367
18,25559,0.04475,0.29899,0.010367
18,25558,0.0495,0.29899,0.010367
18,25557,0.05425,0.29899,0.010367
18,25555,0.059,0.29899,0.010367
101,16064,0.0018883,0.1968,0.011712
101,16065,0.0037937,0.1963,0.012169
101,16066,0.0056862,0.1958,0.012614
101,16067,0.0075949,0.1953,0.013055
101,16068,0.0057054,0.19481,0.013482
101,16069,0.0038006,0.19431,0.013905
101,16070,0.0019076,0.19381,0.014317
101,16073,0.017428,0.19788,0.010691
101,16074,0.015844,0.19747,0.011088
101,16075,0.014269,0.19705,0.011477
101,16076,0.012682,0.19664,0.011862
101,16077,0.011104,0.19622,0.012239
101,16078,0.0095141,0.19581,0.012612
101,16079,0.0079199,0.19622,0.012239
101,16080,0.0063373,0.19664,0.011862
101,16081,0.0047454,0.19705,0.011477
101,16082,0.0031658,0.19747,0.011088
101,16083,0.0015765,0.19788,0.010691
101,16085,0.011422,0.19531,0.013051
101,16086,0.013307,0.19481,0.013476
101,16087,0.015208,0.19432,0.013897
101,16088,0.017097,0.19382,0.014307
101,16091,0.017116,0.1968,0.011711
101,16092,0.015215,0.1963,0.012167
101,16093,0.013326,0.19581,0.012611
101,16095,0.01741,0.19273,0.015189
101,16096,0.015829,0.19314,0.01486
101,16097,0.014241,0.19356,0.014523
101,16098,0.012663,0.19397,0.014183
101,16099,0.011076,0.19439,0.013836
101,16100,0.0095,0.1948,0.013486
101,16101,0.007924,0.19439,0.013836
101,16102,0.0063375,0.19397,0.014183
101,16103,0.0047591,0.19356,0.014523
101,16104,0.0031707,0.19314,0.01486
101,16105,0.0015902,0.19273,0.015189
101,16115,0.0079238,0.19439,0.015136
101,16116,0.0063372,0.19397,0.015475
101,16117,0.0047588,0.19356,0.015807
101,16118,0.0031705,0.19314,0.016135
101,16119,0.00159,0.19273,0.016457
101,16120,0.0095,0.1948,0.014794
101,16121,0.01741,0.19273,0.016457
101,16122,0.01583,0.19314,0.016135
101,16123,0.014241,0.19356,0.015807
101,16124,0.012663,0.19397,0.015475
101,16125,0.011076,0.19439,0.015136
101,16126,0.017116,0.1968,0.013064
101,16127,0.015214,0.1963,0.013508
101,16128,0.013326,0.19581,0.013941
101,16129,0.011422,0.19531,0.01437
101,16130,0.013307,0.19481,0.014785
101,16131,0.015208,0.19432,0.015195
101,16132,0.017097,0.19382,0.015596
101,16133,0.0079201,0.19622,0.013578
101,16134,0.0063377,0.19664,0.013211
101,16135,0.0047459,0.19705,0.012836
101,16136,0.0031662,0.19747,0.012457
101,16137,0.0015768,0.19788,0.01207
101,16138,0.0095141,0.19581,0.013942
101,16139,0.017428,0.19788,0.01207
101,16140,0.015843,0.19747,0.012457
101,16141,0.014268,0.19705,0.012836
101,16142,0.012681,0.19664,0.013211
101,16143,0.011103,0.19622,0.013578
101,16144,0.0057053,0.19481,0.01479
101,16145,0.0038004,0.19431,0.015203
101,16146,0.0019075,0.19381,0.015606
101,16147,0.0075949,0.1953,0.014373
101,16148,0.0018885,0.1968,0.013065
101,16149,0.003794,0.1963,0.01351
101,16150,0.0056863,0.1958,0.013944
104,16152,0.021888,0.1968,0.011712
104,16153,0.023794,0.1963,0.012169
104,16154,0.025686,0.1958,0.012614
104,16155,0.027595,0.1953,0.013055
104,16156,0.025705,0.19481,0.013482
104,16157,0.023801,0.19431,0.013905
104,16158,0.021908,0.19381,0.014317
104,16161,0.037428,0.19788,0.010691
104,16162,0.035844,0.19747,0.011088
104,16163,0.034269,0.19705,0.011477
104,16164,0.032682,0.19664,0.011862
104,16165,0.031104,0.19622,0.012239
104,16166,0.029514,0.19581,0.012612
104,16167,0.02792,0.19622,0.012239
104,16168,0.026337,0.19664,0.011862
104,16169,0.024745,0.19705,0.011477
104,16170,0.023166,0.19747,0.011088
104,16171,0.021577,0.19788,0.010691
104,16173,0.031422,0.19531,0.013051
104,16174,0.033307,0.19481,0.013476
104,16175,0.035208,0.19432,0.013897
104,16176,0.037097,0.19382,0.014307
104,16179,0.037116,0.1968,0.011711
104,16180,0.035215,0.1963,0.012167
104,16181,0.033326,0.19581,0.012611
104,16183,0.03741,0.19273,0.015189
104,16184,0.035829,0.19314,0.01486
104,16185,0.034241,0.19356,0.014523
104,16186,0.032663,0.19397,0.014183
104,16187,0.031076,0.19439,0.013836
104,16188,0.0295,0.1948,0.013486
104,16189,0.027924,0.19439,0.013836
104,16190,0.026337,0.19397,0.014183
104,16191,0.024759,0.19356,0.014523
104,16192,0.023171,0.19314,0.01486
104,16193,0.02159,0.19273,0.015189
104,16203,0.027924,0.19439,0.015136
104,16204,0.026337,0.19397,0.015475
104,16205,0.024759,0.19356,0.015807
104,16206,0.02317,0.19314,0.016135
104,16207,0.02159,0.19273,0.016457
104,16208,0.0295,0.1948,0.014794
104,16209,0.03741,0.19273,0.016457
104,16210,0.03583,0.19314,0.016135
104,16211,0.034241,0.19356,0.015807
104,16212,0.032663,0.19397,0.015475
104,16213,0.031076,0.19439,0.015136
104,16214,0.037116,0.1968,0.013064
104,16215,0.035214,0.1963,0.013508
104,16216,0.033326,0.19581,0.013941
104,16217,0.031422,0.19531,0.01437
104,16218,0.033307,0.19481,0.014785
104,16219,0.035208,0.19432,0.015195
104,16220,0.037097,0.19382,0.015596
104,16221,0.02792,0.19622,0.013578
104,16222,0.026338,0.19664,0.013211
104,16223,0.024746,0.19705,0.012836
104,16224,0.023166,0.19747,0.012457
104,16225,0.021577,0.19788,0.01207
104,16226,0.029514,0.19581,0.013942
104,16227,0.037428,0.19788,0.01207
104,16228,0.035843,0.19747,0.012457
104,16229,0.034268,0.19705,0.012836
104,16230,0.032681,0.19664,0.013211
104,16231,0.031103,0.19622,0.013578
104,16232,0.025705,0.19481,0.01479
104,16233,0.0238,0.19431,0.015203
104,16234,0.021907,0.19381,0.015606
104,16235,0.027595,0.1953,0.014373
104,16236,0.021888,0.1968,0.013065
104,16237,0.023794,0.1963,0.01351
104,16238,0.025686,0.1958,0.013944
107,16240,0.041888,0.1968,0.011712
107,16241,0.043794,0.1963,0.012169
107,16242,0.045686,0.1958,0.012614
107,16243,0.047595,0.1953,0.013055
107,16244,0.045705,0.19481,0.013482
107,16245,0.043801,0.19431,0.013905
107,16246,0.041908,0.19381,0.014317
107,16249,0.057428,0.19788,0.010691
107,16250,0.055844,0.19747,0.011088
107,16251,0.054269,0.19705,0.011477
107,16252,0.052682,0.19664,0.011862
107,16253,0.051104,0.19622,0.012239
107,16254,0.049514,0.19581,0.012612
107,16255,0.04792,0.19622,0.012239
107,16256,0.046337,0.19664,0.011862
107,16257,0.044745,0.19705,0.011477
107,16258,0.043166,0.19747,0.011088
107,16259,0.041577,0.19788,0.010691
107,16261,0.051422,0.19531,0.013051
107,16262,0.053307,0.19481,0.013476
107,16263,0.055208,0.19432,0.013897
107,16264,0.057097,0.19382,0.014307
107,16267,0.057116,0.1968,0.011711
107,16268,0.055215,0.1963,0.012167
107,16269,0.053326,0.19581,0.012611
107,16271,0.05741,0.19273,0.015189
107,16272,0.055829,0.19314,0.01486
107,16273,0.054241,0.19356,0.014523
107,16274,0.052663,0.19397,0.014183
107,16275,0.051076,0.19439,0.013836
107,16276,0.0495,0.1948,0.013486
107,16277,0.047924,0.19439,0.013836
107,16278,0.046337,0.19397,0.014183
107,16279,0.044759,0.19356,0.014523
107,16280,0.043171,0.19314,0.01486
107,16281,0.04159,0.19273,0.015189
107,16291,0.047924,0.19439,0.015136
107,16292,0.046337,0.19397,0.015475
107,16293,0.044759,0.19356,0.015807
107,16294,0.04317,0.19314,0.016135
107,16295,0.04159,0.19273,0.016457
107,16296,0.0495,0.1948,0.014794
107,16297,0.05741,0.19273,0.016457
107,16298,0.05583,0.19314,0.016135
107,16299,0.054241,0.19356,0.015807
107,16300,0.052663,0.19397,0.015475
107,16301,0.051076,0.19439,0.015136
107,16302,0.057116,0.1968,0.013064
107,16303,0.055214,0.1963,0.013508
107,16304,0.053326,0.19581,0.013941
107,16305,0.051422,0.19531,0.01437
107,16306,0.053307,0.19481,0.014785
107,16307,0.055208,0.19432,0.015195
107,16308,0.057097,0.19382,0.015596
107,16309,0.04792,0.19622,0.013578
107,16310,0.046338,0.19664,0.013211
107,16311,0.044746,0.19705,0.012836
107,16312,0.043166,0.19747,0.012457
107,16313,0.041577,0.19788,0.01207
107,16314,0.049514,0.19581,0.013942
107,16315,0.057428,0.19788,0.01207
107,16316,0.055843,0.19747,0.012457
107,16317,0.054268,0.19705,0.012836
107,16318,0.052681,0.19664,0.013211
107,16319,0.051103,0.19622,0.013578
107,16320,0.045705,0.19481,0.01479
107,16321,0.0438,0.19431,0.015203
107,16322,0.041907,0.19381,0.015606
107,16323,0.047595,0.1953,0.014373
107,16324,0.041888,0.1968,0.013065
107,16325,0.043794,0.1963,0.01351
107,16326,0.045686,0.1958,0.013944
110,16328,0.0018883,0.2968,0.011712
110,16329,0.0037937,0.2963,0.012169
110,16330,0.0056862,0.2958,0.012614
110,16331,0.0075949,0.2953,0.013055
110,16332,0.0057054,0.29481,0.013482
110,16333,0.0038006,0.29431,0.013905
110,16334,0.0019076,0.29381,0.014317
110,16337,0.017428,0.29788,0.010691
110,16338,0.015844,0.29747,0.011088
110,16339,0.014269,0.29705,0.011477
110,16340,0.012682,0.29664,0.011862
110,16341,0.011104,0.29622,0.012239
110,16342,0.0095141,0.29581,0.012612
110,16343,0.0079199,0.29622,0.012239
110,16344,0.0063373,0.29664,0.011862
110,16345,0.0047454,0.29705,0.011477
110,16346,0.0031658,0.29747,0.011088
110,16347,0.0015765,0.29788,0.010691
110,16349,0.011422,0.29531,0.013051
110,16350,0.013307,0.29481,0.013476
110,16351,0.015208,0.29432,0.013897
110,16352,0.017097,0.29382,0.014307
110,16355,0.017116,0.2968,0.011711
110,16356,0.015215,0.2963,0.012167
110,16357,0.013326,0.29581,0.012611
110,16359,0.01741,0.29273,0.015189
110,16360,0.015829,0.29314,0.01486
110,16361,0.014241,0.29356,0.014523
110,16362,0.012663,0.29397,0.014183
110,16363,0.011076,0.29439,0.013836
110,16364,0.0095,0.2948,0.013486
110,16365,0.007924,0.29439,0.013836
110,16366,0.0063375,0.29397,0.014183
110,16367,0.0047591,0.29356,0.014523
110,16368,0.0031707,0.29314,0.01486
110,16369,0.0015902,0.29273,0.015189
110,16379,0.0079238,0.29439,0.015136
110,16380,0.0063372,0.29397,0.015475
110,16381,0.0047588,0.29356,0.015807
110,16382,0.0031705,0.29314,0.016135
110,16383,0.00159,0.29273,0.016457
110,16384,0.0095,0.2948,0.014794
110,16385,0.01741,0.29273,0.016457
110,16386,0.01583,0.29314,0.016135
110,16387,0.014241,0.29356,0.015807
110,16388,0.012663,0.29397,0.015475
110,16389,0.011076,0.29439,0.015136
110,16390,0.017116,0.2968,0.013064
110,16391,0.015214,0.2963,0.013508
110,16392,0.013326,0.29581,0.013941
110,16393,0.011422,0.29531,0.01437
110,16394,0.013307,0.29481,0.014785
110,16395,0.015208,0.29432,0.015195
110,16396,0.017097,0.29382,0.015596
110,16397,0.0079201,0.29622,0.013578
110,16398,0.0063377,0.29664,0.013211
110,16399,0.0047459,0.29705,0.012836
110,16400,0.0031662,0.29747,0.012457
110,16401,0.0015768,0.29788,0.01207
110,16402,0.0095141,0.29581,0.013942
110,16403,0.017428,0.29788,0.01207
110,16404,0.015843,0.29747,0.012457
110,16405,0.014268,0.29705,0.012836
110,16406,0.012681,0.29664,0.013211
110,16407,0.011103,0.29622,0.013578
110,16408,0.0057053,0.29481,0.01479
110,16409,0.0038004,0.29431,0.015203
110,16410,0.0019075,0.29381,0.015606
110,16411,0.0075949,0.2953,0.014373
110,16412,0.0018885,0.2968,0.013065
110,16413,0.003794,0.2963,0.01351
110,16414,0.0056863,0.2958,0.013944
113,16416,0.021888,0.2968,0.011712
113,16417,0.023794,0.2963,0.012169
113,16418,0.025686,0.2958,0.012614
113,16419,0.027595,0.2953,0.013055
113,16420,0.025705,0.29481,0.013482
113,16421,0.023801,0.29431,0.013905
113,16422,0.021908,0.29381,0.014317
113,16425,0.037428,0.29788,0.010691
113,16426,0.035844,0.29747,0.011088
113,16427,0.034269,0.29705,0.011477
113,16428,0.032682,0.29664,0.011862
113,16429,0.031104,0.29622,0.012239
113,16430,0.029514,0.29581,0.012612
113,16431,0.02792,0.29622,0.012239
113,16432,0.026337,0.29664,0.011862
113,16433,0.024745,0.29705,0.011477
113,16434,0.023166,0.29747,0.011088
113,16435,0.021577,0.29788,0.010691
113,16437,0.031422,0.29531,0.013051
113,16438,0.033307,0.29481,0.013476
113,16439,0.035208,0.29432,0.013897
113,16440,0.037097,0.29382,0.014307
113,16443,0.037116,0.2968,0.011711
113,16444,0.035215,0.2963,0.012167
113,16445,0.033326,0.29581,0.012611
113,16447,0.03741,0.29273,0.015189
113,16448,0.035829,0.29314,0.01486
113,16449,0.034241,0.29356,0.014523
113,16450,0.032663,0.29397,0.014183
113,16451,0.031076,0.29439,0.013836
113,16452,0.0295,0.2948,0.013486
113,16453,0.027924,0.29439,0.013836
113,16454,0.026337,0.29397,0.014183
113,16455,0.024759,0.29356,0.014523
113,16456,0.023171,0.29314,0.01486
113,16457,0.02159,0.29273,0.015189
113,16467,0.027924,0.29439,0.015136
113,16468,0.026337,0.29397,0.015475
113,16469,0.024759,0.29356,0.015807
113,16470,0.02317,0.29314,0.016135
113,16471,0.02159,0.29273,0.016457
113,16472,0.0295,0.2948,0.014794
113,16473,0.03741,0.29273,0.016457
113,16474,0.03583,0.29314,0.016135
113,16475,0.034241,0.29356,0.015807
113,16476,0.032663,0.29397,0.015475
113,16477,0.031076,0.29439,0.015136
113,16478,0.037116,0.2968,0.013064
113,16479,0.035214,0.2963,0.013508
113,16480,0.033326,0.29581,0.013941
113,16481,0.031422,0.29531,0.01437
113,16482,0.033307,0.29481,0.014785
113,16483,0.035208,0.29432,0.015195
113,16484,0.037097,0.29382,0.015596
113,16485,0.02792,0.29622,0.013578
113,16486,0.026338,0.29664,0.013211
113,16487,0.024746,0.29705,0.012836
113,16488,0.023166,0.29747,0.012457
113,16489,0.021577,0.29788,0.01207
113,16490,0.029514,0.29581,0.013942
113,16491,0.037428,0.29788,0.01207
113,16492,0.035843,0.29747,0.012457
113,16493,0.034268,0.29705,0.012836
113,16494,0.032681,0.29664,0.013211
113,16495,0.031103,0.29622,0.013578
113,16496,0.025705,0.29481,0.01479
113,16497,0.0238,0.29431,0.015203
113,16498,0.021907,0.29381,0.015606
113,16499,0.027595,0.2953,0.014373
113,16500,0.021888,0.2968,0.013065
113,16501,0.023794,0.2963,0.01351
113,16502,0.025686,0.2958,0.013944
116,16504,0.041888,0.2968,0.011712
116,16505,0.043794,0.2963,0.012169
116,16506,0.045686,0.2958,0.012614
116,16507,0.047595,0.2953,0.013055
116,16508,0.045705,0.29481,0.013482
116,16509,0.043801,0.29431,0.013905
116,16510,0.041908,0.29381,0.014317
116,16513,0.057428,0.29788,0.010691
116,16514,0.055844,0.29747,0.011088
116,16515,0.054269,0.29705,0.011477
116,16516,0.052682,0.29664,0.011862
116,16517,0.051104,0.29622,0.012239
116,16518,0.049514,0.29581,0.012612
116,16519,0.04792,0.29622,0.012239
116,16520,0.046337,0.29664,0.011862
116,16521,0.044745,0.29705,0.011477
116,16522,0.043166,0.29747,0.011088
116,16523,0.041577,0.29788,0.010691
116,16525,0.051422,0.29531,0.013051
116,16526,0.053307,0.29481,0.013476
116,16527,0.055208,0.29432,0.013897
116,16528,0.057097,0.29382,0.014307
116,16531,0.057116,0.2968,0.011711
116,16532,0.055215,0.2963,0.012167
116,16533,0.053326,0.29581,0.012611
116,16535,0.05741,0.29273,0.015189
116,16536,0.055829,0.29314,0.01486
116,16537,0.054241,0.29356,0.014523
116,16538,0.052663,0.29397,0.014183
116,16539,0.051076,0.29439,0.013836
116,16540,0.0495,0.2948,0.013486
116,16541,0.047924,0.29439,0.013836
116,16542,0.046337,0.29397,0.014183
116,16543,0.044759,0.29356,0.014523
116,16544,0.043171,0.29314,0.01486
116,16545,0.04159,0.29273,0.015189
116,16555,0.047924,0.29439,0.015136
116,16556,0.046337,0.29397,0.015475
116,16557,0.044759,0.29356,0.015807
116,16558,0.04317,0.29314,0.016135
116,16559,0.04159,0.29273,0.016457
116,16560,0.0495,0.2948,0.014794
116,16561,0.05741,0.29273,0.016457
116,16562,0.05583,0.29314,0.016135
116,16563,0.054241,0.29356,0.015807
116,16564,0.052663,0.29397,0.015475
116,16565,0.051076,0.29439,0.015136
116,16566,0.057116,0.2968,0.013064
116,16567,0.055214,0.2963,0.013508
116,16568,0.053326,0.29581,0.013941
116,16569,0.051422,0.29531,0.01437
116,16570,0.053307,0.29481,0.014785
116,16571,0.055208,0.29432,0.015195
116,16572,0.057097,0.29382,0.015596
116,16573,0.04792,0.29622,0.013578
116,16574,0.046338,0.29664,0.013211
116,16575,0.044746,0.29705,0.012836
116,16576,0.043166,0.29747,0.012457
116,16577,0.041577,0.29788,0.01207
116,16578,0.049514,0.29581,0.013942
116,16579,0.057428,0.29788,0.01207
116,16580,0.055843,0.29747,0.012457
116,16581,0.054268,0.29705,0.012836
116,16582,0.052681,0.29664,0.013211
116,16583,0.051103,0.29622,0.013578
116,16584,0.045705,0.29481,0.01479
116,16585,0.0438,0.29431,0.015203
116,16586,0.041907,0.29381,0.015606
116,16587,0.047595,0.2953,0.014373
116,16588,0.041888,0.2968,0.013065
116,16589,0.043794,0.2963,0.01351
116,16590,0.045686,0.2958,0.013944
119,16592,0.017113,0.0098184,0.017103
119,16593,0.015213,0.010315,0.017456
119,16594,0.013323,0.01081,0.017801
119,16595,0.011422,0.011308,0.018141
119,16596,0.01331,0.011803,0.018473
119,16597,0.015209,0.012301,0.018801
119,16598,0.017099,0.012798,0.019122
119,16600,0.0095141,0.011807,0.018476
119,16601,0.0071453,0.012427,0.018883
119,16602,0.00476,0.013051,0.019283
119,16603,0.0023878,0.013672,0.019672
119,16606,0.016619,0.013672,0.019672
119,16607,0.014254,0.013051,0.019283
119,16608,0.011876,0.012427,0.018883
119,16609,0.0075949,0.011303,0.018138
119,16610,0.0056893,0.010803,0.017796
119,16611,0.0037951,0.010306,0.017449
119,16615,0.0019049,0.012796,0.019121
119,16616,0.0037995,0.012299,0.0188
119,16617,0.0057026,0.0118,0.018471
119,16618,0.0095,0.010803,0.017796
119,16619,0.0071139,0.010177,0.017358
119,16620,0.0047461,0.0095554,0.016914
119,16621,0.0023633,0.00893,0.016456
119,16624,0.016637,0.00893,0.016456
119,16625,0.014254,0.0095554,0.016914
119,16626,0.011886,0.010177,0.017358
119,16635,0.016637,0.0089301,0.017696
119,16636,0.014254,0.0095555,0.018144
119,16637,0.011886,0.010177,0.018579
119,16638,0.0095,0.010803,0.019007
119,16639,0.007114,0.010177,0.018579
119,16640,0.0047463,0.0095555,0.018144
119,16641,0.0023635,0.0089301,0.017696
119,16642,0.0019048,0.012796,0.020305
119,16643,0.0037994,0.012299,0.01999
119,16644,0.0057025,0.0118,0.019668
119,16645,0.0075949,0.011303,0.019342
119,16646,0.0056894,0.010803,0.019007
119,16647,0.0037953,0.010306,0.018668
119,16649,0.016619,0.013672,0.020845
119,16650,0.014254,0.013051,0.020464
119,16651,0.011876,0.012427,0.020072
119,16652,0.0095141,0.011807,0.019673
119,16653,0.0071452,0.012427,0.020072
119,16654,0.0047599,0.013051,0.020464
119,16655,0.0023877,0.013672,0.020845
119,16656,0.01331,0.011803,0.01967
119,16657,0.015209,0.012301,0.019992
119,16658,0.017099,0.012798,0.020306
119,16659,0.011422,0.011308,0.019345
119,16660,0.017112,0.0098185,0.018329
119,16661,0.015213,0.010315,0.018674
119,16662,0.013323,0.01081,0.019011
122,16663,0.031422,0.011308,0.018141
122,16664,0.03331,0.011803,0.018473
122,16665,0.035209,0.012301,0.018801
122,16666,0.037099,0.012798,0.019122
122,16669,0.037113,0.0098184,0.017103
122,16670,0.035213,0.010315,0.017456
122,16671,0.033323,0.01081,0.017801
122,16673,0.036637,0.00893,0.016456
122,16674,0.034254,0.0095555,0.016914
122,16675,0.031886,0.010177,0.017358
122,16676,0.0295,0.010803,0.017796
122,16677,0.027114,0.010177,0.017358
122,16678,0.024746,0.0095555,0.016914
122,16679,0.022363,0.00893,0.016456
122,16682,0.036619,0.013672,0.019672
122,16683,0.034254,0.013051,0.019283
122,16684,0.031876,0.012427,0.018883
122,16685,0.029514,0.011807,0.018476
122,16686,0.027145,0.012427,0.018883
122,16687,0.02476,0.013051,0.019283
122,16688,0.022388,0.013672,0.019672
122,16691,0.021905,0.012796,0.019121
122,16692,0.023799,0.012299,0.0188
122,16693,0.025703,0.0118,0.018471
122,16694,0.027595,0.011303,0.018138
122,16695,0.025689,0.010803,0.017796
122,16696,0.023795,0.010306,0.017449
122,16697,0.021892,0.0098062,0.017095
122,16707,0.025689,0.010803,0.019007
122,16708,0.023795,0.010306,0.018668
122,16709,0.021892,0.0098063,0.01832
122,16710,0.027595,0.011303,0.019342
122,16711,0.021905,0.012796,0.020305
122,16712,0.023799,0.012299,0.01999
122,16713,0.025703,0.0118,0.019668
122,16714,0.027145,0.012427,0.020072
122,16715,0.02476,0.013051,0.020464
122,16716,0.022388,0.013672,0.020845
122,16717,0.029514,0.011807,0.019673
122,16718,0.036619,0.013672,0.020845
122,16719,0.034254,0.013051,0.020464
122,16720,0.031876,0.012427,0.020072
122,16721,0.027114,0.010177,0.018579
122,16722,0.024747,0.0095555,0.018144
122,16723,0.022363,0.0089301,0.017696
122,16724,0.0295,0.010803,0.019007
122,16725,0.036637,0.0089301,0.017696
122,16726,0.034253,0.0095555,0.018144
122,16727,0.031886,0.010177,0.018579
122,16728,0.037112,0.0098185,0.018329
122,16729,0.035213,0.010316,0.018674
122,16730,0.033323,0.01081,0.019011
122,16731,0.031422,0.011308,0.019345
122,16732,0.03331,0.011803,0.01967
122,16733,0.035209,0.012301,0.019992
122,16734,0.037099,0.012798,0.020306
125,16735,0.051422,0.011308,0.018141
125,16736,0.05331,0.011803,0.018473
125,16737,0.055209,0.012301,0.018801
125,16738,0.057099,0.012798,0.019122
125,16741,0.057113,0.0098184,0.017103
125,16742,0.055213,0.010315,0.017456
125,16743,0.053323,0.01081,0.017801
125,16745,0.056637,0.00893,0.016456
125,16746,0.054254,0.0095555,0.016914
125,16747,0.051886,0.010177,0.017358
125,16748,0.0495,0.010803,0.017796
125,16749,0.047114,0.010177,0.017358
125,16750,0.044746,0.0095555,0.016914
125,16751,0.042363,0.00893,0.016456
125,16754,0.056619,0.013672,0.019672
125,16755,0.054254,0.013051,0.019283
125,16756,0.051876,0.012427,0.018883
125,16757,0.049514,0.011807,0.018476
125,16758,0.047145,0.012427,0.018883
125,16759,0.04476,0.013051,0.019283
125,16760,0.042388,0.013672,0.019672
125,16763,0.041905,0.012796,0.019121
125,16764,0.043799,0.012299,0.0188
125,16765,0.045703,0.0118,0.018471
125,16766,0.047595,0.011303,0.018138
125,16767,0.045689,0.010803,0.017796
125,16768,0.043795,0.010306,0.017449
125,16769,0.041892,0.0098062,0.017095
125,16779,0.045689,0.010803,0.019007
125,16780,0.043795,0.010306,0.018668
125,16781,0.041892,0.0098063,0.01832
125,16782,0.047595,0.011303,0.019342
125,16783,0.041905,0.012796,0.020305
125,16784,0.043799,0.012299,0.01999
125,16785,0.045703,0.0118,0.019668
125,16786,0.047145,0.012427,0.020072
125,16787,0.04476,0.013051,0.020464
125,16788,0.042388,0.013672,0.020845
125,16789,0.049514,0.011807,0.019673
125,16790,0.056619,0.013672,0.020845
125,16791,0.054254,0.013051,0.020464
125,16792,0.051876,0.012427,0.020072
125,16793,0.047114,0.010177,0.018579
125,16794,0.044747,0.0095555,0.018144
125,16795,0.042363,0.0089301,0.017696
125,16796,0.0495,0.010803,0.019007
125,16797,0.056637,0.0089301,0.017696
125,16798,0.054253,0.0095555,0.018144
125,16799,0.051886,0.010177,0.018579
125,16800,0.057112,0.0098185,0.018329
125,16801,0.055213,0.010316,0.018674
125,16802,0.053323,0.01081,0.019011
125,16803,0.051422,0.011308,0.019345
125,16804,0.05331,0.011803,0.01967
125,16805,0.055209,0.012301,0.019992
125,16806,0.057099,0.012798,0.020306
128,16807,0.011422,0.11131,0.018141
128,16808,0.01331,0.1118,0.018473
128,16809,0.015209,0.1123,0.018801
128,16810,0.017099,0.1128,0.019122
128,16813,0.017113,0.10982,0.017103
128,16814,0.015213,0.11032,0.017456
128,16815,0.013323,0.11081,0.017801
128,16817,0.016637,0.10893,0.016456
128,16818,0.014254,0.10956,0.016914
128,16819,0.011886,0.11018,0.017358
128,16820,0.0095,0.1108,0.017796
128,16821,0.0071139,0.11018,0.017358
128,16822,0.0047464,0.10956,0.016914
128,16823,0.0023633,0.10893,0.016456
128,16826,0.016619,0.11367,0.019672
128,16827,0.014254,0.11305,0.019283
128,16828,0.011876,0.11243,0.018883
128,16829,0.0095141,0.11181,0.018476
128,16830,0.0071453,0.11243,0.018883
128,16831,0.0047599,0.11305,0.019283
128,16832,0.0023878,0.11367,0.019672
128,16835,0.0019049,0.1128,0.019121
128,16836,0.0037994,0.1123,0.0188
128,16837,0.0057026,0.1118,0.018471
128,16838,0.0075949,0.1113,0.018138
128,16839,0.0056893,0.1108,0.017796
128,16840,0.0037952,0.11031,0.017449
128,16851,0.0056894,0.1108,0.019007
128,16852,0.0037954,0.11031,0.018668
128,16854,0.0075949,0.1113,0.019342
128,16855,0.0019048,0.1128,0.020305
128,16856,0.0037993,0.1123,0.01999
128,16857,0.0057025,0.1118,0.019668
128,16858,0.0071452,0.11243,0.020072
128,16859,0.0047597,0.11305,0.020464
128,16860,0.0023877,0.11367,0.020845
128,16861,0.0095141,0.11181,0.019673
128,16862,0.016619,0.11367,0.020845
128,16863,0.014254,0.11305,0.020464
128,16864,0.011876,0.11243,0.020072
128,16865,0.007114,0.11018,0.018579
128,16866,0.0047466,0.10956,0.018144
128,16867,0.0023635,0.10893,0.017696
128,16868,0.0095,0.1108,0.019007
128,16869,0.016637,0.10893,0.017696
128,16870,0.014253,0.10956,0.018144
128,16871,0.011886,0.11018,0.018579
128,16872,0.017112,0.10982,0.018329
128,16873,0.015213,0.11032,0.018674
128,16874,0.013323,0.11081,0.019011
128,16875,0.011422,0.11131,0.019345
128,16876,0.01331,0.1118,0.01967
128,16877,0.015209,0.1123,0.019992
128,16878,0.017099,0.1128,0.020306
131,16879,0.031422,0.11131,0.018141
131,16880,0.03331,0.1118,0.018473
131,16881,0.035209,0.1123,0.018801
131,16882,0.037099,0.1128,0.019122
131,16885,0.037113,0.10982,0.017103
131,16886,0.035213,0.11032,0.017456
131,16887,0.033323,0.11081,0.017801
131,16889,0.036637,0.10893,0.016456
131,16890,0.034254,0.10956,0.016914
131,16891,0.031886,0.11018,0.017358
131,16892,0.0295,0.1108,0.017796
131,16893,0.027114,0.11018,0.017358
131,16894,0.024746,0.10956,0.016914
131,16895,0.022363,0.10893,0.016456
131,16898,0.036619,0.11367,0.019672
131,16899,0.034254,0.11305,0.019283
131,16900,0.031876,0.11243,0.018883
131,16901,0.029514,0.11181,0.018476
131,16902,0.027145,0.11243,0.018883
131,16903,0.02476,0.11305,0.019283
131,16904,0.022388,0.11367,0.019672
131,16907,0.021905,0.1128,0.019121
131,16908,0.023799,0.1123,0.0188
131,16909,0.025703,0.1118,0.018471
131,16910,0.027595,0.1113,0.018138
131,16911,0.025689,0.1108,0.017796
131,16912,0.023795,0.11031,0.017449
131,16913,0.021892,0.10981,0.017095
131,16923,0.025689,0.1108,0.019007
131,16924,0.023795,0.11031,0.018668
131,16925,0.021892,0.10981,0.01832
131,16926,0.027595,0.1113,0.019342
131,16927,0.021905,0.1128,0.020305
131,16928,0.023799,0.1123,0.01999
131,16929,0.025703,0.1118,0.019668
131,16930,0.027145,0.11243,0.020072
131,16931,0.02476,0.11305,0.020464
131,16932,0.022388,0.11367,0.020845
131,16933,0.029514,0.11181,0.019673
131,16934,0.036619,0.11367,0.020845
131,16935,0.034254,0.11305,0.020464
131,16936,0.031876,0.11243,0.020072
131,16937,0.027114,0.11018,0.018579
131,16938,0.024747,0.10956,0.018144
131,16939,0.022363,0.10893,0.017696
131,16940,0.0295,0.1108,0.019007
131,16941,0.036637,0.10893,0.017696
131,16942,0.034253,0.10956,0.018144
131,16943,0.031886,0.11018,0.018579
131,16944,0.037112,0.10982,0.018329
131,16945,0.035213,0.11032,0.018674
131,16946,0.033323,0.11081,0.019011
131,16947,0.031422,0.11131,0.019345
131,16948,0.03331,0.1118,0.01967
131,16949,0.035209,0.1123,0.019992
131,16950,0.037099,0.1128,0.020306
134,16951,0.051422,0.11131,0.018141
134,16952,0.05331,0.1118,0.018473
134,16953,0.055209,0.1123,0.018801
134,16954,0.057099,0.1128,0.019122
134,16957,0.057113,0.10982,0.017103
134,16958,0.055213,0.11032,0.017456
134,16959,0.053323,0.11081,0.017801
134,16961,0.056637,0.10893,0.016456
134,16962,0.054254,0.10956,0.016914
134,16963,0.051886,0.11018,0.017358
134,16964,0.0495,0.1108,0.017796
134,16965,0.047114,0.11018,0.017358
134,16966,0.044746,0.10956,0.016914
134,16967,0.042363,0.10893,0.016456
134,16970,0.056619,0.11367,0.019672
134,16971,0.054254,0.11305,0.019283
134,16972,0.051876,0.11243,0.018883
134,16973,0.049514,0.11181,0.018476
134,16974,0.047145,0.11243,0.018883
134,16975,0.04476,0.11305,0.019283
134,16976,0.042388,0.11367,0.019672
134,16979,0.041905,0.1128,0.019121
134,16980,0.043799,0.1123,0.0188
134,16981,0.045703,0.1118,0.018471
134,16982,0.047595,0.1113,0.018138
134,16983,0.045689,0.1108,0.017796
134,16984,0.043795,0.11031,0.017449
134,16985,0.041892,0.10981,0.017095
134,16995,0.045689,0.1108,0.019007
134,16996,0.043795,0.11031,0.018668
134,16997,0.041892,0.10981,0.01832
134,16998,0.047595,0.1113,0.019342
134,16999,0.041905,0.1128,0.020305
134,17000,0.043799,0.1123,0.01999
134,17001,0.045703,0.1118,0.019668
134,17002,0.047145,0.11243,0.020072
134,17003,0.04476,0.11305,0.020464
134,17004,0.042388,0.11367,0.020845
134,17005,0.049514,0.11181,0.019673
134,17006,0.056619,0.11367,0.020845
134,17007,0.054254,0.11305,0.020464
134,17008,0.051876,0.11243,0.020072
134,17009,0.047114,0.11018,0.018579
134,17010,0.044746,0.10956,0.018144
134,17011,0.042363,0.10893,0.017696
134,17012,0.0495,0.1108,0.019007
134,17013,0.056637,0.10893,0.017696
134,17014,0.054254,0.10956,0.018144
134,17015,0.051886,0.11018,0.018579
134,17016,0.057112,0.10982,0.018329
134,17017,0.055213,0.11032,0.018674
134,17018,0.053323,0.11081,0.019011
134,17019,0.051422,0.11131,0.019345
134,17020,0.05331,0.1118,0.01967
134,17021,0.055209,0.1123,0.019992
134,17022,0.057099,0.1128,0.020306
137,17024,0.017113,0.20982,0.017103
137,17025,0.015213,0.21032,0.017456
137,17026,0.013323,0.21081,0.017801
137,17027,0.011422,0.21131,0.018141
137,17028,0.01331,0.2118,0.018473
137,17029,0.015209,0.2123,0.018801
137,17030,0.017099,0.2128,0.019122
137,17032,0.0095,0.2108,0.017796
137,17033,0.0071139,0.21018,0.017358
137,17034,0.0047461,0.20956,0.016914
137,17035,0.0023633,0.20893,0.016456
137,17038,0.016637,0.20893,0.016456
137,17039,0.014254,0.20956,0.016914
137,17040,0.011886,0.21018,0.017358
137,17041,0.0095141,0.21181,0.018476
137,17042,0.0071453,0.21243,0.018883
137,17043,0.00476,0.21305,0.019283
137,17044,0.0023878,0.21367,0.019672
137,17047,0.016619,0.21367,0.019672
137,17048,0.014254,0.21305,0.019283
137,17049,0.011876,0.21243,0.018883
137,17050,0.0075949,0.2113,0.018138
137,17051,0.0056893,0.2108,0.017796
137,17052,0.0037951,0.21031,0.017449
137,17056,0.0019049,0.2128,0.019121
137,17057,0.0037995,0.2123,0.0188
137,17058,0.0057026,0.2118,0.018471
137,17067,0.0019048,0.2128,0.020305
137,17068,0.0037994,0.2123,0.01999
137,17069,0.0057025,0.2118,0.019668
137,17070,0.0075949,0.2113,0.019342
137,17071,0.0056894,0.2108,0.019007
137,17072,0.0037953,0.21031,0.018668
137,17074,0.016619,0.21367,0.020845
137,17075,0.014254,0.21305,0.020464
137,17076,0.011876,0.21243,0.020072
137,17077,0.0095141,0.21181,0.019673
137,17078,0.0071452,0.21243,0.020072
137,17079,0.0047599,0.21305,0.020464
137,17080,0.0023877,0.21367,0.020845
137,17081,0.016637,0.20893,0.017696
137,17082,0.014254,0.20956,0.018144
137,17083,0.011886,0.21018,0.018579
137,17084,0.0095,0.2108,0.019007
137,17085,0.007114,0.21018,0.018579
137,17086,0.0047463,0.20956,0.018144
137,17087,0.0023635,0.20893,0.017696
137,17088,0.01331,0.2118,0.01967
137,17089,0.015209,0.2123,0.019992
137,17090,0.017099,0.2128,0.020306
137,17091,0.011422,0.21131,0.019345
137,17092,0.017112,0.20982,0.018329
137,17093,0.015213,0.21032,0.018674
137,17094,0.013323,0.21081,0.019011
140,17095,0.031422,0.21131,0.018141
140,17096,0.03331,0.2118,0.018473
140,17097,0.035209,0.2123,0.018801
140,17098,0.037099,0.2128,0.019122
140,17101,0.037113,0.20982,0.017103
140,17102,0.035213,0.21032,0.017456
140,17103,0.033323,0.21081,0.017801
140,17105,0.036637,0.20893,0.016456
140,17106,0.034254,0.20956,0.016914
140,17107,0.031886,0.21018,0.017358
140,17108,0.0295,0.2108,0.017796
140,17109,0.027114,0.21018,0.017358
140,17110,0.024746,0.20956,0.016914
140,17111,0.022363,0.20893,0.016456
140,17114,0.036619,0.21367,0.019672
140,17115,0.034254,0.21305,0.019283
140,17116,0.031876,0.21243,0.018883
140,17117,0.029514,0.21181,0.018476
140,17118,0.027145,0.21243,0.018883
140,17119,0.02476,0.21305,0.019283
140,17120,0.022388,0.21367,0.019672
140,17123,0.021905,0.2128,0.019121
140,17124,0.023799,0.2123,0.0188
140,17125,0.025703,0.2118,0.018471
140,17126,0.027595,0.2113,0.018138
140,17127,0.025689,0.2108,0.017796
140,17128,0.023795,0.21031,0.017449
140,17129,0.021892,0.20981,0.017095
140,17139,0.025689,0.2108,0.019007
140,17140,0.023795,0.21031,0.018668
140,17141,0.021892,0.20981,0.01832
140,17142,0.027595,0.2113,0.019342
140,17143,0.021905,0.2128,0.020305
140,17144,0.023799,0.2123,0.01999
140,17145,0.025703,0.2118,0.019668
140,17146,0.027145,0.21243,0.020072
140,17147,0.02476,0.21305,0.020464
140,17148,0.022388,0.21367,0.020845
140,17149,0.029514,0.21181,0.019673
140,17150,0.036619,0.21367,0.020845
140,17151,0.034254,0.21305,0.020464
140,17152,0.031876,0.21243,0.020072
140,17153,0.027114,0.21018,0.018579
140,17154,0.024747,0.20956,0.018144
140,17155,0.022363,0.20893,0.017696
140,17156,0.0295,0.2108,0.019007
140,17157,0.036637,0.20893,0.017696
140,17158,0.034253,0.20956,0.018144
140,17159,0.031886,0.21018,0.018579
140,17160,0.037112,0.20982,0.018329
140,17161,0.035213,0.21032,0.018674
140,17162,0.033323,0.21081,0.019011
140,17163,0.031422,0.21131,0.019345
140,17164,0.03331,0.2118,0.01967
140,17165,0.035209,0.2123,0.019992
140,17166,0.037099,0.2128,0.020306
143,17173,0.057113,0.20982,0.017103
143,17174,0.055213,0.21032,0.017456
143,17175,0.053323,0.21081,0.017801
143,17176,0.051422,0.21131,0.018141
143,17177,0.05331,0.2118,0.018473
143,17178,0.055209,0.2123,0.018801
143,17179,0.057099,0.2128,0.019122
143,17181,0.049514,0.21181,0.018476
143,17182,0.047145,0.21243,0.018883
143,17183,0.04476,0.21305,0.019283
143,17184,0.042388,0.21367,0.019672
143,17186,0.056619,0.21367,0.019672
143,17187,0.054254,0.21305,0.019283
143,17188,0.051876,0.21243,0.018883
143,17189,0.047595,0.2113,0.018138
143,17190,0.045689,0.2108,0.017796
143,17191,0.043795,0.21031,0.017449
143,17192,0.041892,0.20981,0.017095
143,17193,0.041905,0.2128,0.019121
143,17194,0.043799,0.2123,0.0188
143,17195,0.045703,0.2118,0.018471
143,17196,0.0495,0.2108,0.017796
143,17197,0.047114,0.21018,0.017358
143,17198,0.044746,0.20956,0.016914
143,17199,0.042363,0.20893,0.016456
143,17200,0.056637,0.20893,0.016456
143,17201,0.054254,0.20956,0.016914
143,17202,0.051886,0.21018,0.017358
143,17205,0.056637,0.20893,0.017696
143,17206,0.054253,0.20956,0.018144
143,17207,0.051886,0.21018,0.018579
143,17209,0.0495,0.2108,0.019007
143,17210,0.047114,0.21018,0.018579
143,17211,0.044747,0.20956,0.018144
143,17212,0.042363,0.20893,0.017696
143,17214,0.041905,0.2128,0.020305
143,17215,0.043799,0.2123,0.01999
143,17216,0.045703,0.2118,0.019668
143,17218,0.047595,0.2113,0.019342
143,17219,0.045689,0.2108,0.019007
143,17220,0.043795,0.21031,0.018668
143,17221,0.041892,0.20981,0.01832
143,17223,0.056619,0.21367,0.020845
143,17224,0.054254,0.21305,0.020464
143,17225,0.051876,0.21243,0.020072
143,17226,0.049514,0.21181,0.019673
143,17227,0.047145,0.21243,0.020072
143,17228,0.04476,0.21305,0.020464
143,17229,0.042388,0.21367,0.020845
143,17231,0.05331,0.2118,0.01967
143,17232,0.055209,0.2123,0.019992
143,17233,0.057099,0.2128,0.020306
143,17234,0.051422,0.21131,0.019345
143,17235,0.057112,0.20982,0.018329
143,17236,0.055213,0.21032,0.018674
143,17237,0.053323,0.21081,0.019011
146,17240,0.0171,0.086822,0.019364
146,17241,0.015209,0.087317,0.019049
146,17242,0.01331,0.087813,0.018726
146,17243,0.011422,0.088308,0.0184
146,17244,0.013323,0.088806,0.018063
146,17245,0.015213,0.089303,0.017723
146,17246,0.017112,0.089801,0.017374
146,17248,0.0095141,0.088807,0.018063
146,17249,0.0071247,0.089432,0.017633
146,17250,0.0047535,0.090053,0.017196
146,17251,0.0023671,0.090677,0.016745
146,17254,0.01664,0.090677,0.016745
146,17255,0.014261,0.090053,0.017196
146,17256,0.011896,0.089432,0.017633
146,17257,0.0075949,0.088303,0.018402
146,17258,0.0057025,0.087806,0.018731
146,17259,0.0037993,0.087307,0.019055
146,17260,0.0019048,0.08681,0.019372
146,17263,0.0018917,0.0898,0.017375
146,17264,0.0037953,0.0893,0.017724
146,17265,0.0056895,0.088803,0.018066
146,17266,0.0095,0.087803,0.018733
146,17267,0.0071345,0.087182,0.019135
146,17268,0.0047528,0.086557,0.01953
146,17269,0.0023841,0.085935,0.019914
146,17272,0.016616,0.085935,0.019914
146,17273,0.014247,0.086557,0.01953
146,17274,0.011865,0.087182,0.019135
146,17283,0.016616,0.085935,0.021082
146,17284,0.014247,0.086557,0.020706
146,17285,0.011866,0.087182,0.020319
146,17286,0.0095,0.087803,0.019925
146,17287,0.0071344,0.087182,0.020319
146,17288,0.0047526,0.086557,0.020706
146,17289,0.002384,0.085935,0.021082
146,17290,0.0018918,0.0898,0.018595
146,17291,0.0037954,0.0893,0.018937
146,17292,0.0056895,0.088803,0.019271
146,17293,0.0075949,0.088303,0.019601
146,17294,0.0057024,0.087806,0.019923
146,17295,0.0037992,0.087307,0.02024
146,17296,0.0019047,0.08681,0.020551
146,17297,0.01664,0.090677,0.017978
146,17298,0.01426,0.090052,0.018419
146,17299,0.011896,0.089432,0.018847
146,17300,0.0095141,0.088807,0.019269
146,17301,0.0071248,0.089432,0.018847
146,17302,0.0047537,0.090052,0.018419
146,17303,0.0023672,0.090677,0.017978
146,17304,0.013323,0.088806,0.019269
146,17305,0.015213,0.089302,0.018935
146,17306,0.017112,0.089801,0.018594
146,17307,0.011422,0.088308,0.019598
146,17308,0.0171,0.086822,0.020543
146,17309,0.015209,0.087316,0.020234
146,17310,0.01331,0.087813,0.019918
149,17312,0.021892,0.0898,0.017375
149,17313,0.023795,0.0893,0.017724
149,17314,0.025689,0.088803,0.018066
149,17315,0.027595,0.088303,0.018402
149,17316,0.025702,0.087806,0.018731
149,17317,0.023799,0.087307,0.019055
149,17318,0.021905,0.08681,0.019372
149,17321,0.03664,0.090677,0.016745
149,17322,0.034261,0.090053,0.017196
149,17323,0.031896,0.089432,0.017633
149,17324,0.029514,0.088807,0.018063
149,17325,0.027125,0.089432,0.017633
149,17326,0.024754,0.090053,0.017196
149,17327,0.022367,0.090677,0.016745
149,17330,0.036616,0.085935,0.019914
149,17331,0.034247,0.086557,0.01953
149,17332,0.031865,0.087182,0.019135
149,17333,0.0295,0.087803,0.018733
149,17334,0.027135,0.087182,0.019135
149,17335,0.024753,0.086557,0.01953
149,17336,0.022384,0.085935,0.019914
149,17338,0.031422,0.088308,0.0184
149,17339,0.033323,0.088806,0.018063
149,17340,0.035213,0.089303,0.017723
149,17341,0.037112,0.089801,0.017374
149,17344,0.0371,0.086822,0.019364
149,17345,0.035209,0.087317,0.019049
149,17346,0.03331,0.087813,0.018726
149,17355,0.0371,0.086822,0.020543
149,17356,0.035209,0.087316,0.020234
149,17357,0.03331,0.087813,0.019918
149,17358,0.031422,0.088308,0.019598
149,17359,0.033323,0.088806,0.019269
149,17360,0.035213,0.089302,0.018935
149,17361,0.037112,0.089801,0.018594
149,17362,0.027134,0.087182,0.020319
149,17363,0.024753,0.086557,0.020706
149,17364,0.022384,0.085935,0.021082
149,17365,0.0295,0.087803,0.019925
149,17366,0.036616,0.085935,0.021082
149,17367,0.034247,0.086557,0.020706
149,17368,0.031866,0.087182,0.020319
149,17369,0.027125,0.089432,0.018847
149,17370,0.024754,0.090052,0.018419
149,17371,0.022367,0.090677,0.017978
149,17372,0.029514,0.088807,0.019269
149,17373,0.03664,0.090677,0.017978
149,17374,0.03426,0.090052,0.018419
149,17375,0.031896,0.089432,0.018847
149,17376,0.025702,0.087806,0.019923
149,17377,0.023799,0.087307,0.02024
149,17378,0.021905,0.08681,0.020551
149,17379,0.027595,0.088303,0.019601
149,17380,0.021892,0.0898,0.018595
149,17381,0.023795,0.0893,0.018937
149,17382,0.02569,0.088803,0.019271
152,17384,0.041892,0.0898,0.017375
152,17385,0.043795,0.0893,0.017724
152,17386,0.045689,0.088803,0.018066
152,17387,0.047595,0.088303,0.018402
152,17388,0.045702,0.087806,0.018731
152,17389,0.043799,0.087307,0.019055
152,17390,0.041905,0.08681,0.019372
152,17393,0.05664,0.090677,0.016745
152,17394,0.054261,0.090053,0.017196
152,17395,0.051896,0.089432,0.017633
152,17396,0.049514,0.088807,0.018063
152,17397,0.047125,0.089432,0.017633
152,17398,0.044754,0.090053,0.017196
152,17399,0.042367,0.090677,0.016745
152,17402,0.056616,0.085935,0.019914
152,17403,0.054247,0.086557,0.01953
152,17404,0.051865,0.087182,0.019135
152,17405,0.0495,0.087803,0.018733
152,17406,0.047135,0.087182,0.019135
152,17407,0.044753,0.086557,0.01953
152,17408,0.042384,0.085935,0.019914
152,17410,0.051422,0.088308,0.0184
152,17411,0.053323,0.088806,0.018063
152,17412,0.055213,0.089303,0.017723
152,17413,0.057112,0.089801,0.017374
152,17416,0.0571,0.086822,0.019364
152,17417,0.055209,0.087317,0.019049
152,17418,0.05331,0.087813,0.018726
152,17427,0.0571,0.086822,0.020543
152,17428,0.055209,0.087316,0.020234
152,17429,0.05331,0.087813,0.019918
152,17430,0.051422,0.088308,0.019598
152,17431,0.053323,0.088806,0.019269
152,17432,0.055213,0.089302,0.018935
152,17433,0.057112,0.089801,0.018594
152,17434,0.047134,0.087182,0.020319
152,17435,0.044753,0.086557,0.020706
152,17436,0.042384,0.085935,0.021082
152,17437,0.0495,0.087803,0.019925
152,17438,0.056616,0.085935,0.021082
152,17439,0.054247,0.086557,0.020706
152,17440,0.051866,0.087182,0.020319
152,17441,0.047125,0.089432,0.018847
152,17442,0.044754,0.090052,0.018419
152,17443,0.042367,0.090677,0.017978
152,17444,0.049514,0.088807,0.019269
152,17445,0.05664,0.090677,0.017978
152,17446,0.05426,0.090052,0.018419
152,17447,0.051896,0.089432,0.018847
152,17448,0.045702,0.087806,0.019923
152,17449,0.043799,0.087307,0.02024
152,17450,0.041905,0.08681,0.020551
152,17451,0.047595,0.088303,0.019601
152,17452,0.041892,0.0898,0.018595
152,17453,0.043795,0.0893,0.018937
152,17454,0.04569,0.088803,0.019271
155,17456,0.0018917,0.1898,0.017375
155,17457,0.0037953,0.1893,0.017724
155,17458,0.0056895,0.1888,0.018066
155,17459,0.0075949,0.1883,0.018402
155,17460,0.0057025,0.18781,0.018731
155,17461,0.0037993,0.18731,0.019055
155,17462,0.0019048,0.18681,0.019372
155,17465,0.01664,0.19068,0.016745
155,17466,0.014261,0.19005,0.017196
155,17467,0.011896,0.18943,0.017633
155,17468,0.0095141,0.18881,0.018063
155,17469,0.0071247,0.18943,0.017633
155,17470,0.0047535,0.19005,0.017196
155,17471,0.0023671,0.19068,0.016745
155,17474,0.016616,0.18594,0.019914
155,17475,0.014247,0.18656,0.01953
155,17476,0.011865,0.18718,0.019135
155,17477,0.0095,0.1878,0.018733
155,17478,0.0071345,0.18718,0.019135
155,17479,0.0047528,0.18656,0.01953
155,17480,0.0023841,0.18594,0.019914
155,17482,0.011422,0.18831,0.0184
155,17483,0.013323,0.18881,0.018063
155,17484,0.015213,0.1893,0.017723
155,17485,0.017112,0.1898,0.017374
155,17488,0.0171,0.18682,0.019364
155,17489,0.015209,0.18732,0.019049
155,17490,0.01331,0.18781,0.018726
155,17499,0.0171,0.18682,0.020543
155,17500,0.015209,0.18732,0.020234
155,17501,0.01331,0.18781,0.019918
155,17502,0.011422,0.18831,0.019598
155,17503,0.013323,0.18881,0.019269
155,17504,0.015213,0.1893,0.018935
155,17505,0.017112,0.1898,0.018594
155,17506,0.0071344,0.18718,0.020319
155,17507,0.0047526,0.18656,0.020706
155,17508,0.002384,0.18594,0.021082
155,17509,0.0095,0.1878,0.019925
155,17510,0.016616,0.18594,0.021082
155,17511,0.014247,0.18656,0.020706
155,17512,0.011866,0.18718,0.020319
155,17513,0.0071248,0.18943,0.018847
155,17514,0.0047537,0.19005,0.018419
155,17515,0.0023672,0.19068,0.017978
155,17516,0.0095141,0.18881,0.019269
155,17517,0.01664,0.19068,0.017978
155,17518,0.01426,0.19005,0.018419
155,17519,0.011896,0.18943,0.018847
155,17520,0.0057024,0.18781,0.019923
155,17521,0.0037992,0.18731,0.02024
155,17522,0.0019047,0.18681,0.020551
155,17523,0.0075949,0.1883,0.019601
155,17524,0.0018918,0.1898,0.018595
155,17525,0.0037954,0.1893,0.018937
155,17526,0.0056895,0.1888,0.019271
158,17528,0.021892,0.1898,0.017375
158,17529,0.023795,0.1893,0.017724
158,17530,0.025689,0.1888,0.018066
158,17531,0.027595,0.1883,0.018402
158,17532,0.025702,0.18781,0.018731
158,17533,0.023799,0.18731,0.019055
158,17534,0.021905,0.18681,0.019372
158,17537,0.03664,0.19068,0.016745
158,17538,0.034261,0.19005,0.017196
158,17539,0.031896,0.18943,0.017633
158,17540,0.029514,0.18881,0.018063
158,17541,0.027125,0.18943,0.017633
158,17542,0.024754,0.19005,0.017196
158,17543,0.022367,0.19068,0.016745
158,17546,0.036616,0.18594,0.019914
158,17547,0.034247,0.18656,0.01953
158,17548,0.031865,0.18718,0.019135
158,17549,0.0295,0.1878,0.018733
158,17550,0.027135,0.18718,0.019135
158,17551,0.024753,0.18656,0.01953
158,17552,0.022384,0.18594,0.019914
158,17554,0.031422,0.18831,0.0184
158,17555,0.033323,0.18881,0.018063
158,17556,0.035213,0.1893,0.017723
158,17557,0.037112,0.1898,0.017374
158,17560,0.0371,0.18682,0.019364
158,17561,0.035209,0.18732,0.019049
158,17562,0.03331,0.18781,0.018726
158,17571,0.0371,0.18682,0.020543
158,17572,0.035209,0.18732,0.020234
158,17573,0.03331,0.18781,0.019918
158,17574,0.031422,0.18831,0.019598
158,17575,0.033323,0.18881,0.019269
158,17576,0.035213,0.1893,0.018935
158,17577,0.037112,0.1898,0.018594
158,17578,0.027134,0.18718,0.020319
158,17579,0.024753,0.18656,0.020706
158,17580,0.022384,0.18594,0.021082
158,17581,0.0295,0.1878,0.019925
158,17582,0.036616,0.18594,0.021082
158,17583,0.034247,0.18656,0.020706
158,17584,0.031866,0.18718,0.020319
158,17585,0.027125,0.18943,0.018847
158,17586,0.024754,0.19005,0.018419
158,17587,0.022367,0.19068,0.017978
158,17588,0.029514,0.18881,0.019269
158,17589,0.03664,0.19068,0.017978
158,17590,0.03426,0.19005,0.018419
158,17591,0.031896,0.18943,0.018847
158,17592,0.025702,0.18781,0.019923
158,17593,0.023799,0.18731,0.02024
158,17594,0.021905,0.18681,0.020551
158,17595,0.027595,0.1883,0.019601
158,17596,0.021892,0.1898,0.018595
158,17597,0.023795,0.1893,0.018937
158,17598,0.02569,0.1888,0.019271
161,17600,0.041892,0.1898,0.017375
161,17601,0.043795,0.1893,0.017724
161,17602,0.045689,0.1888,0.018066
161,17603,0.047595,0.1883,0.018402
161,17604,0.045702,0.18781,0.018731
161,17605,0.043799,0.18731,0.019055
161,17606,0.041905,0.18681,0.019372
161,17609,0.05664,0.19068,0.016745
161,17610,0.054261,0.19005,0.017196
161,17611,0.051896,0.18943,0.017633
161,17612,0.049514,0.18881,0.018063
161,17613,0.047125,0.18943,0.017633
161,17614,0.044754,0.19005,0.017196
161,17615,0.042367,0.19068,0.016745
161,17618,0.056616,0.18594,0.019914
161,17619,0.054247,0.18656,0.01953
161,17620,0.051865,0.18718,0.019135
161,17621,0.0495,0.1878,0.018733
161,17622,0.047135,0.18718,0.019135
161,17623,0.044753,0.18656,0.01953
161,17624,0.042384,0.18594,0.019914
161,17626,0.051422,0.18831,0.0184
161,17627,0.053323,0.18881,0.018063
161,17628,0.055213,0.1893,0.017723
161,17629,0.057112,0.1898,0.017374
161,17632,0.0571,0.18682,0.019364
161,17633,0.055209,0.18732,0.019049
161,17634,0.05331,0.18781,0.018726
161,17643,0.0571,0.18682,0.020543
161,17644,0.055209,0.18732,0.020234
161,17645,0.05331,0.18781,0.019918
161,17646,0.051422,0.18831,0.019598
161,17647,0.053323,0.18881,0.019269
161,17648,0.055213,0.1893,0.018935
161,17649,0.057112,0.1898,0.018594
161,17650,0.047134,0.18718,0.020319
161,17651,0.044753,0.18656,0.020706
161,17652,0.042384,0.18594,0.021082
161,17653,0.0495,0.1878,0.019925
161,17654,0.056616,0.18594,0.021082
161,17655,0.054247,0.18656,0.020706
161,17656,0.051866,0.18718,0.020319
161,17657,0.047125,0.18943,0.018847
161,17658,0.044754,0.19005,0.018419
161,17659,0.042367,0.19068,0.017978
161,17660,0.049514,0.18881,0.019269
161,17661,0.05664,0.19068,0.017978
161,17662,0.05426,0.19005,0.018419
161,17663,0.051896,0.18943,0.018847
161,17664,0.045702,0.18781,0.019923
161,17665,0.043799,0.18731,0.02024
161,17666,0.041905,0.18681,0.020551
161,17667,0.047595,0.1883,0.019601
161,17668,0.041892,0.1898,0.018595
161,17669,0.043795,0.1893,0.018937
161,17670,0.04569,0.1888,0.019271
164,17679,0.016616,0.28594,0.019914
164,17680,0.014247,0.28656,0.01953
164,17681,0.011865,0.28718,0.019135
164,17682,0.0095,0.2878,0.018733
164,17683,0.0071345,0.28718,0.019135
164,17684,0.0047528,0.28656,0.01953
164,17685,0.0023841,0.28594,0.019914
164,17686,0.0018917,0.2898,0.017375
164,17687,0.0037953,0.2893,0.017724
164,17688,0.0056895,0.2888,0.018066
164,17689,0.0075949,0.2883,0.018402
164,17690,0.0057025,0.28781,0.018731
164,17691,0.0037993,0.28731,0.019055
164,17692,0.0019048,0.28681,0.019372
164,17693,0.01664,0.29068,0.016745
164,17694,0.014261,0.29005,0.017196
164,17695,0.011896,0.28943,0.017633
164,17696,0.0095141,0.28881,0.018063
164,17697,0.0071247,0.28943,0.017633
164,17698,0.0047535,0.29005,0.017196
164,17699,0.0023671,0.29068,0.016745
164,17700,0.011422,0.28831,0.0184
164,17701,0.013323,0.28881,0.018063
164,17702,0.015213,0.2893,0.017723
164,17703,0.017112,0.2898,0.017374
164,17704,0.0171,0.28682,0.019364
164,17705,0.015209,0.28732,0.019049
164,17706,0.01331,0.28781,0.018726
164,17707,0.0171,0.28682,0.020543
164,17708,0.015209,0.28732,0.020234
164,17709,0.01331,0.28781,0.019918
164,17711,0.011422,0.28831,0.019598
164,17712,0.013323,0.28881,0.019269
164,17713,0.015213,0.2893,0.018935
164,17714,0.017112,0.2898,0.018594
164,17716,0.0071248,0.28943,0.018847
164,17717,0.0047537,0.29005,0.018419
164,17718,0.0023672,0.29068,0.017978
164,17720,0.0095141,0.28881,0.019269
164,17721,0.01664,0.29068,0.017978
164,17722,0.01426,0.29005,0.018419
164,17723,0.011896,0.28943,0.018847
164,17725,0.0057024,0.28781,0.019923
164,17726,0.0037992,0.28731,0.02024
164,17727,0.0019047,0.28681,0.020551
164,17729,0.0075949,0.2883,0.019601
164,17730,0.0018918,0.2898,0.018595
164,17731,0.0037954,0.2893,0.018937
164,17732,0.0056895,0.2888,0.019271
164,17734,0.0071344,0.28718,0.020319
164,17735,0.0047526,0.28656,0.020706
164,17736,0.002384,0.28594,0.021082
164,17738,0.0095,0.2878,0.019925
164,17739,0.016616,0.28594,0.021082
164,17740,0.014247,0.28656,0.020706
164,17741,0.011866,0.28718,0.020319
167,17744,0.021892,0.2898,0.017375
167,17745,0.023795,0.2893,0.017724
167,17746,0.025689,0.2888,0.018066
167,17747,0.027595,0.2883,0.018402
167,17748,0.025702,0.28781,0.018731
167,17749,0.023799,0.28731,0.019055
167,17750,0.021905,0.28681,0.019372
167,17753,0.03664,0.29068,0.016745
167,17754,0.034261,0.29005,0.017196
167,17755,0.031896,0.28943,0.017633
167,17756,0.029514,0.28881,0.018063
167,17757,0.027125,0.28943,0.017633
167,17758,0.024754,0.29005,0.017196
167,17759,0.022367,0.29068,0.016745
167,17762,0.036616,0.28594,0.019914
167,17763,0.034247,0.28656,0.01953
167,17764,0.031865,0.28718,0.019135
167,17765,0.0295,0.2878,0.018733
167,17766,0.027135,0.28718,0.019135
167,17767,0.024753,0.28656,0.01953
167,17768,0.022384,0.28594,0.019914
167,17770,0.031422,0.28831,0.0184
167,17771,0.033323,0.28881,0.018063
167,17772,0.035213,0.2893,0.017723
167,17773,0.037112,0.2898,0.017374
167,17776,0.0371,0.28682,0.019364
167,17777,0.035209,0.28732,0.019049
167,17778,0.03331,0.28781,0.018726
167,17787,0.0371,0.28682,0.020543
167,17788,0.035209,0.28732,0.020234
167,17789,0.03331,0.28781,0.019918
167,17790,0.031422,0.28831,0.019598
167,17791,0.033323,0.28881,0.019269
167,17792,0.035213,0.2893,0.018935
167,17793,0.037112,0.2898,0.018594
167,17794,0.027134,0.28718,0.020319
167,17795,0.024753,0.28656,0.020706
167,17796,0.022384,0.28594,0.021082
167,17797,0.0295,0.2878,0.019925
167,17798,0.036616,0.28594,0.021082
167,17799,0.034247,0.28656,0.020706
167,17800,0.031866,0.28718,0.020319
167,17801,0.027125,0.28943,0.018847
167,17802,0.024754,0.29005,0.018419
167,17803,0.022367,0.29068,0.017978
167,17804,0.029514,0.28881,0.019269
167,17805,0.03664,0.29068,0.017978
167,17806,0.03426,0.29005,0.018419
167,17807,0.031896,0.28943,0.018847
167,17808,0.025702,0.28781,0.019923
167,17809,0.023799,0.28731,0.02024
167,17810,0.021905,0.28681,0.020551
167,17811,0.027595,0.2883,0.019601
167,17812,0.021892,0.2898,0.018595
167,17813,0.023795,0.2893,0.018937
167,17814,0.02569,0.2888,0.019271
170,17816,0.041892,0.2898,0.017375
170,17817,0.043795,0.2893,0.017724
170,17818,0.045689,0.2888,0.018066
170,17819,0.047595,0.2883,0.018402
170,17820,0.045702,0.28781,0.018731
170,17821,0.043799,0.28731,0.019055
170,17822,0.041905,0.28681,0.019372
170,17825,0.05664,0.29068,0.016745
170,17826,0.054261,0.29005,0.017196
170,17827,0.051896,0.28943,0.017633
170,17828,0.049514,0.28881,0.018063
170,17829,0.047125,0.28943,0.017633
170,17830,0.044754,0.29005,0.017196
170,17831,0.042367,0.29068,0.016745
170,17834,0.056616,0.28594,0.019914
170,17835,0.054247,0.28656,0.01953
170,17836,0.051865,0.28718,0.019135
170,17837,0.0495,0.2878,0.018733
170,17838,0.047135,0.28718,0.019135
170,17839,0.044753,0.28656,0.01953
170,17840,0.042384,0.28594,0.019914
170,17842,0.051422,0.28831,0.0184
170,17843,0.053323,0.28881,0.018063
170,17844,0.055213,0.2893,0.017723
170,17845,0.057112,0.2898,0.017374
170,17848,0.0571,0.28682,0.019364
170,17849,0.055209,0.28732,0.019049
170,17850,0.05331,0.28781,0.018726
170,17859,0.0571,0.28682,0.020543
170,17860,0.055209,0.28732,0.020234
170,17861,0.05331,0.28781,0.019918
170,17862,0.051422,0.28831,0.019598
170,17863,0.053323,0.28881,0.019269
170,17864,0.055213,0.2893,0.018935
170,17865,0.057112,0.2898,0.018594
170,17866,0.047134,0.28718,0.020319
170,17867,0.044753,0.28656,0.020706
170,17868,0.042384,0.28594,0.021082
170,17869,0.0495,0.2878,0.019925
170,17870,0.056616,0.28594,0.021082
170,17871,0.054247,0.28656,0.020706
170,17872,0.051866,0.28718,0.020319
170,17873,0.047125,0.28943,0.018847
170,17874,0.044754,0.29005,0.018419
170,17875,0.042367,0.29068,0.017978
170,17876,0.049514,0.28881,0.019269
170,17877,0.05664,0.29068,0.017978
170,17878,0.05426,0.29005,0.018419
170,17879,0.051896,0.28943,0.018847
170,17880,0.045702,0.28781,0.019923
170,17881,0.043799,0.28731,0.02024
170,17882,0.041905,0.28681,0.020551
170,17883,0.047595,0.2883,0.019601
170,17884,0.041892,0.2898,0.018595
170,17885,0.043795,0.2893,0.018937
170,17886,0.04569,0.2888,0.019271
173,17888,0.01711,0.016819,0.021508
173,17889,0.015212,0.017316,0.021778
173,17890,0.013321,0.017811,0.022042
173,17891,0.011422,0.018308,0.022301
173,17892,0.013312,0.018804,0.022555
173,17893,0.01521,0.019302,0.022805
173,17894,0.017101,0.019798,0.023049
173,17896,0.0095141,0.018807,0.022557
173,17897,0.0071424,0.019427,0.022867
173,17898,0.0047588,0.020051,0.023172
173,17899,0.002385,0.020672,0.023467
173,17902,0.016622,0.020672,0.023467
173,17903,0.014255,0.020051,0.023172
173,17904,0.011879,0.019427,0.022867
173,17905,0.0075949,0.018303,0.022299
173,17906,0.0056914,0.017804,0.022038
173,17907,0.0037961,0.017306,0.021773
173,17908,0.0018938,0.016807,0.021502
173,17911,0.001903,0.019797,0.023049
173,17912,0.0037987,0.019299,0.022804
173,17913,0.0057007,0.0188,0.022553
173,17914,0.0095,0.017803,0.022038
173,17915,0.0071173,0.017178,0.021704
173,17916,0.0047478,0.016556,0.021363
173,17917,0.0023669,0.015931,0.021013
173,17920,0.016633,0.015931,0.021013
173,17921,0.014252,0.016556,0.021363
173,17922,0.011883,0.017178,0.021704
173,17931,0.016633,0.015931,0.02216
173,17932,0.014252,0.016556,0.022504
173,17933,0.011883,0.017178,0.022838
173,17934,0.0095,0.017803,0.023166
173,17935,0.0071173,0.017178,0.022838
173,17936,0.0047479,0.016556,0.022504
173,17937,0.002367,0.015931,0.02216
173,17938,0.001903,0.019797,0.024159
173,17939,0.0037986,0.019299,0.023919
173,17940,0.0057006,0.0188,0.023673
173,17941,0.0075949,0.018303,0.023423
173,17942,0.0056914,0.017804,0.023166
173,17943,0.0037961,0.017306,0.022906
173,17944,0.0018938,0.016807,0.02264
173,17945,0.016622,0.020672,0.02457
173,17946,0.014255,0.020051,0.02428
173,17947,0.011879,0.019427,0.023981
173,17948,0.0095141,0.018807,0.023676
173,17949,0.0071423,0.019427,0.023981
173,17950,0.0047588,0.020051,0.02428
173,17951,0.0023849,0.020672,0.02457
173,17952,0.013312,0.018804,0.023674
173,17953,0.01521,0.019302,0.02392
173,17954,0.017101,0.019798,0.02416
173,17955,0.011422,0.018308,0.023425
173,17956,0.01711,0.016819,0.022646
173,17957,0.015212,0.017316,0.022911
173,17958,0.013321,0.017811,0.02317
176,17959,0.031422,0.018308,0.022301
176,17960,0.033312,0.018804,0.022555
176,17961,0.03521,0.019302,0.022805
176,17962,0.037101,0.019798,0.023049
176,17965,0.03711,0.016819,0.021508
176,17966,0.035212,0.017316,0.021778
176,17967,0.033321,0.017811,0.022042
176,17969,0.036633,0.015931,0.021013
176,17970,0.034252,0.016556,0.021363
176,17971,0.031883,0.017178,0.021704
176,17972,0.0295,0.017803,0.022038
176,17973,0.027117,0.017178,0.021704
176,17974,0.024748,0.016556,0.021363
176,17975,0.022367,0.015931,0.021013
176,17978,0.036622,0.020672,0.023467
176,17979,0.034255,0.020051,0.023172
176,17980,0.031879,0.019427,0.022867
176,17981,0.029514,0.018807,0.022557
176,17982,0.027142,0.019427,0.022867
176,17983,0.024759,0.020051,0.023172
176,17984,0.022385,0.020672,0.023467
176,17987,0.021903,0.019797,0.023049
176,17988,0.023799,0.019299,0.022804
176,17989,0.025701,0.0188,0.022553
176,17990,0.027595,0.018303,0.022299
176,17991,0.025691,0.017804,0.022038
176,17992,0.023796,0.017306,0.021773
176,17993,0.021894,0.016807,0.021502
176,18003,0.025691,0.017804,0.023166
176,18004,0.023796,0.017306,0.022906
176,18005,0.021894,0.016807,0.02264
176,18006,0.027595,0.018303,0.023423
176,18007,0.021903,0.019797,0.024159
176,18008,0.023799,0.019299,0.023919
176,18009,0.025701,0.0188,0.023673
176,18010,0.027142,0.019427,0.023981
176,18011,0.024759,0.020051,0.02428
176,18012,0.022385,0.020672,0.02457
176,18013,0.029514,0.018807,0.023676
176,18014,0.036622,0.020672,0.02457
176,18015,0.034255,0.020051,0.02428
176,18016,0.031879,0.019427,0.023981
176,18017,0.027117,0.017178,0.022838
176,18018,0.024748,0.016556,0.022504
176,18019,0.022367,0.015931,0.02216
176,18020,0.0295,0.017803,0.023166
176,18021,0.036633,0.015931,0.02216
176,18022,0.034252,0.016556,0.022504
176,18023,0.031883,0.017178,0.022838
176,18024,0.03711,0.016819,0.022646
176,18025,0.035212,0.017316,0.022911
176,18026,0.033321,0.017811,0.02317
176,18027,0.031422,0.018308,0.023425
176,18028,0.033312,0.018804,0.023674
176,18029,0.03521,0.019302,0.02392
176,18030,0.037101,0.019798,0.02416
179,18031,0.051422,0.018308,0.022301
179,18032,0.053312,0.018804,0.022555
179,18033,0.05521,0.019302,0.022805
179,18034,0.057101,0.019798,0.023049
179,18037,0.05711,0.016819,0.021508
179,18038,0.055212,0.017316,0.021778
179,18039,0.053321,0.017811,0.022042
179,18041,0.056633,0.015931,0.021013
179,18042,0.054252,0.016556,0.021363
179,18043,0.051883,0.017178,0.021704
179,18044,0.0495,0.017803,0.022038
179,18045,0.047117,0.017178,0.021704
179,18046,0.044748,0.016556,0.021363
179,18047,0.042367,0.015931,0.021013
179,18050,0.056622,0.020672,0.023467
179,18051,0.054255,0.020051,0.023172
179,18052,0.051879,0.019427,0.022867
179,18053,0.049514,0.018807,0.022557
179,18054,0.047142,0.019427,0.022867
179,18055,0.044759,0.020051,0.023172
179,18056,0.042385,0.020672,0.023467
179,18059,0.041903,0.019797,0.023049
179,18060,0.043799,0.019299,0.022804
179,18061,0.045701,0.0188,0.022553
179,18062,0.047595,0.018303,0.022299
179,18063,0.045691,0.017804,0.022038
179,18064,0.043796,0.017306,0.021773
179,18065,0.041894,0.016807,0.021502
179,18075,0.045691,0.017804,0.023166
179,18076,0.043796,0.017306,0.022906
179,18077,0.041894,0.016807,0.02264
179,18078,0.047595,0.018303,0.023423
179,18079,0.041903,0.019797,0.024159
179,18080,0.043799,0.019299,0.023919
179,18081,0.045701,0.0188,0.023673
179,18082,0.047142,0.019427,0.023981
179,18083,0.044759,0.020051,0.02428
179,18084,0.042385,0.020672,0.02457
179,18085,0.049514,0.018807,0.023676
179,18086,0.056622,0.020672,0.02457
179,18087,0.054255,0.020051,0.02428
179,18088,0.051879,0.019427,0.023981
179,18089,0.047117,0.017178,0.022838
179,18090,0.044748,0.016556,0.022504
179,18091,0.042367,0.015931,0.02216
179,18092,0.0495,0.017803,0.023166
179,18093,0.056633,0.015931,0.02216
179,18094,0.054252,0.016556,0.022504
179,18095,0.051883,0.017178,0.022838
179,18096,0.05711,0.016819,0.022646
179,18097,0.055212,0.017316,0.022911
179,18098,0.053321,0.017811,0.02317
179,18099,0.051422,0.018308,0.023425
179,18100,0.053312,0.018804,0.023674
179,18101,0.05521,0.019302,0.02392
179,18102,0.057101,0.019798,0.02416
182,18103,0.011422,0.11831,0.022301
182,18104,0.013312,0.1188,0.022555
182,18105,0.01521,0.1193,0.022805
182,18106,0.017101,0.1198,0.023049
182,18109,0.01711,0.11682,0.021508
182,18110,0.015212,0.11732,0.021778
182,18111,0.013321,0.11781,0.022042
182,18113,0.016633,0.11593,0.021013
182,18114,0.014252,0.11656,0.021363
182,18115,0.011883,0.11718,0.021704
182,18116,0.0095,0.1178,0.022038
182,18117,0.0071173,0.11718,0.021704
182,18118,0.0047478,0.11656,0.021363
182,18119,0.0023669,0.11593,0.021013
182,18122,0.016622,0.12067,0.023467
182,18123,0.014255,0.12005,0.023172
182,18124,0.011879,0.11943,0.022867
182,18125,0.0095141,0.11881,0.022557
182,18126,0.0071424,0.11943,0.022867
182,18127,0.0047588,0.12005,0.023172
182,18128,0.002385,0.12067,0.023467
182,18131,0.001903,0.1198,0.023049
182,18132,0.0037987,0.1193,0.022804
182,18133,0.0057007,0.1188,0.022553
182,18134,0.0075949,0.1183,0.022299
182,18135,0.0056914,0.1178,0.022038
182,18136,0.0037961,0.11731,0.021773
182,18137,0.0018938,0.11681,0.021502
182,18147,0.0056914,0.1178,0.023166
182,18148,0.0037961,0.11731,0.022906
182,18149,0.0018938,0.11681,0.02264
182,18150,0.0075949,0.1183,0.023423
182,18151,0.001903,0.1198,0.024159
182,18152,0.0037986,0.1193,0.023919
182,18153,0.0057006,0.1188,0.023673
182,18154,0.0071423,0.11943,0.023981
182,18155,0.0047588,0.12005,0.02428
182,18156,0.0023849,0.12067,0.02457
182,18157,0.0095141,0.11881,0.023676
182,18158,0.016622,0.12067,0.02457
182,18159,0.014255,0.12005,0.02428
182,18160,0.011879,0.11943,0.023981
182,18161,0.0071173,0.11718,0.022838
182,18162,0.0047479,0.11656,0.022504
182,18163,0.002367,0.11593,0.02216
182,18164,0.0095,0.1178,0.023166
182,18165,0.016633,0.11593,0.02216
182,18166,0.014252,0.11656,0.022504
182,18167,0.011883,0.11718,0.022838
182,18168,0.01711,0.11682,0.022646
182,18169,0.015212,0.11732,0.022911
182,18170,0.013321,0.11781,0.02317
182,18171,0.011422,0.11831,0.023425
182,18172,0.013312,0.1188,0.023674
182,18173,0.01521,0.1193,0.02392
182,18174,0.017101,0.1198,0.02416
185,18175,0.031422,0.11831,0.022301
185,18176,0.033312,0.1188,0.022555
185,18177,0.03521,0.1193,0.022805
185,18178,0.037101,0.1198,0.023049
185,18181,0.03711,0.11682,0.021508
185,18182,0.035212,0.11732,0.021778
185,18183,0.033321,0.11781,0.022042
185,18185,0.036633,0.11593,0.021013
185,18186,0.034252,0.11656,0.021363
185,18187,0.031883,0.11718,0.021704
185,18188,0.0295,0.1178,0.022038
185,18189,0.027117,0.11718,0.021704
185,18190,0.024748,0.11656,0.021363
185,18191,0.022367,0.11593,0.021013
185,18194,0.036622,0.12067,0.023467
185,18195,0.034255,0.12005,0.023172
185,18196,0.031879,0.11943,0.022867
185,18197,0.029514,0.11881,0.022557
185,18198,0.027142,0.11943,0.022867
185,18199,0.024759,0.12005,0.023172
185,18200,0.022385,0.12067,0.023467
185,18203,0.021903,0.1198,0.023049
185,18204,0.023799,0.1193,0.022804
185,18205,0.025701,0.1188,0.022553
185,18206,0.027595,0.1183,0.022299
185,18207,0.025691,0.1178,0.022038
185,18208,0.023796,0.11731,0.021773
185,18209,0.021894,0.11681,0.021502
185,18219,0.025691,0.1178,0.023166
185,18220,0.023796,0.11731,0.022906
185,18221,0.021894,0.11681,0.02264
185,18222,0.027595,0.1183,0.023423
185,18223,0.021903,0.1198,0.024159
185,18224,0.023799,0.1193,0.023919
185,18225,0.025701,0.1188,0.023673
185,18226,0.027142,0.11943,0.023981
185,18227,0.024759,0.12005,0.02428
185,18228,0.022385,0.12067,0.02457
185,18229,0.029514,0.11881,0.023676
185,18230,0.036622,0.12067,0.02457
185,18231,0.034255,0.12005,0.02428
185,18232,0.031879,0.11943,0.023981
185,18233,0.027117,0.11718,0.022838
185,18234,0.024748,0.11656,0.022504
185,18235,0.022367,0.11593,0.02216
185,18236,0.0295,0.1178,0.023166
185,18237,0.036633,0.11593,0.02216
185,18238,0.034252,0.11656,0.022504
185,18239,0.031883,0.11718,0.022838
185,18240,0.03711,0.11682,0.022646
185,18241,0.035212,0.11732,0.022911
185,18242,0.033321,0.11781,0.02317
185,18243,0.031422,0.11831,0.023425
185,18244,0.033312,0.1188,0.023674
185,18245,0.03521,0.1193,0.02392
185,18246,0.037101,0.1198,0.02416
188,18247,0.051422,0.11831,0.022301
188,18248,0.053312,0.1188,0.022555
188,18249,0.05521,0.1193,0.022805
188,18250,0.057101,0.1198,0.023049
188,18253,0.05711,0.11682,0.021508
188,18254,0.055212,0.11732,0.021778
188,18255,0.053321,0.11781,0.022042
188,18257,0.056633,0.11593,0.021013
188,18258,0.054252,0.11656,0.021363
188,18259,0.051883,0.11718,0.021704
188,18260,0.0495,0.1178,0.022038
188,18261,0.047117,0.11718,0.021704
188,18262,0.044748,0.11656,0.021363
188,18263,0.042367,0.11593,0.021013
188,18266,0.056622,0.12067,0.023467
188,18267,0.054255,0.12005,0.023172
188,18268,0.051879,0.11943,0.022867
188,18269,0.049514,0.11881,0.022557
188,18270,0.047142,0.11943,0.022867
188,18271,0.044759,0.12005,0.023172
188,18272,0.042385,0.12067,0.023467
188,18275,0.041903,0.1198,0.023049
188,18276,0.043799,0.1193,0.022804
188,18277,0.045701,0.1188,0.022553
188,18278,0.047595,0.1183,0.022299
188,18279,0.045691,0.1178,0.022038
188,18280,0.043796,0.11731,0.021773
188,18281,0.041894,0.11681,0.021502
188,18291,0.045691,0.1178,0.023166
188,18292,0.043796,0.11731,0.022906
188,18293,0.041894,0.11681,0.02264
188,18294,0.047595,0.1183,0.023423
188,18295,0.041903,0.1198,0.024159
188,18296,0.043799,0.1193,0.023919
188,18297,0.045701,0.1188,0.023673
188,18298,0.047142,0.11943,0.023981
188,18299,0.044759,0.12005,0.02428
188,18300,0.042385,0.12067,0.02457
188,18301,0.049514,0.11881,0.023676
188,18302,0.056622,0.12067,0.02457
188,18303,0.054255,0.12005,0.02428
188,18304,0.051879,0.11943,0.023981
188,18305,0.047117,0.11718,0.022838
188,18306,0.044748,0.11656,0.022504
188,18307,0.042367,0.11593,0.02216
188,18308,0.0495,0.1178,0.023166
188,18309,0.056633,0.11593,0.02216
188,18310,0.054252,0.11656,0.022504
188,18311,0.051883,0.11718,0.022838
188,18312,0.05711,0.11682,0.022646
188,18313,0.055212,0.11732,0.022911
188,18314,0.053321,0.11781,0.02317
188,18315,0.051422,0.11831,0.023425
188,18316,0.053312,0.1188,0.023674
188,18317,0.05521,0.1193,0.02392
188,18318,0.057101,0.1198,0.02416
191,18320,0.016633,0.21593,0.021013
191,18321,0.014252,0.21656,0.021363
191,18322,0.011883,0.21718,0.021704
191,18323,0.0095,0.2178,0.022038
191,18324,0.0071173,0.21718,0.021704
191,18325,0.0047478,0.21656,0.021363
191,18326,0.0023669,0.21593,0.021013
191,18329,0.001903,0.2198,0.023049
191,18330,0.0037987,0.2193,0.022804
191,18331,0.0057007,0.2188,0.022553
191,18332,0.0075949,0.2183,0.022299
191,18333,0.0056914,0.2178,0.022038
191,18334,0.0037961,0.21731,0.021773
191,18335,0.0018938,0.21681,0.021502
191,18338,0.016622,0.22067,0.023467
191,18339,0.014255,0.22005,0.023172
191,18340,0.011879,0.21943,0.022867
191,18341,0.0095141,0.21881,0.022557
191,18342,0.0071424,0.21943,0.022867
191,18343,0.0047588,0.22005,0.023172
191,18344,0.002385,0.22067,0.023467
191,18346,0.011422,0.21831,0.022301
191,18347,0.013312,0.2188,0.022555
191,18348,0.01521,0.2193,0.022805
191,18349,0.017101,0.2198,0.023049
191,18352,0.01711,0.21682,0.021508
191,18353,0.015212,0.21732,0.021778
191,18354,0.013321,0.21781,0.022042
191,18363,0.01711,0.21682,0.022646
191,18364,0.015212,0.21732,0.022911
191,18365,0.013321,0.21781,0.02317
191,18366,0.011422,0.21831,0.023425
191,18367,0.013312,0.2188,0.023674
191,18368,0.01521,0.2193,0.02392
191,18369,0.017101,0.2198,0.02416
191,18370,0.0071423,0.21943,0.023981
191,18371,0.0047588,0.22005,0.02428
191,18372,0.0023849,0.22067,0.02457
191,18373,0.0095141,0.21881,0.023676
191,18374,0.016622,0.22067,0.02457
191,18375,0.014255,0.22005,0.02428
191,18376,0.011879,0.21943,0.023981
191,18377,0.0056914,0.2178,0.023166
191,18378,0.0037961,0.21731,0.022906
191,18379,0.0018938,0.21681,0.02264
191,18380,0.0075949,0.2183,0.023423
191,18381,0.001903,0.2198,0.024159
191,18382,0.0037986,0.2193,0.023919
191,18383,0.0057006,0.2188,0.023673
191,18384,0.0071173,0.21718,0.022838
191,18385,0.0047479,0.21656,0.022504
191,18386,0.002367,0.21593,0.02216
191,18387,0.0095,0.2178,0.023166
191,18388,0.016633,0.21593,0.02216
191,18389,0.014252,0.21656,0.022504
191,18390,0.011883,0.21718,0.022838
194,18391,0.031422,0.21831,0.022301
194,18392,0.033312,0.2188,0.022555
194,18393,0.03521,0.2193,0.022805
194,18394,0.037101,0.2198,0.023049
194,18397,0.03711,0.21682,0.021508
194,18398,0.035212,0.21732,0.021778
194,18399,0.033321,0.21781,0.022042
194,18401,0.036633,0.21593,0.021013
194,18402,0.034252,0.21656,0.021363
194,18403,0.031883,0.21718,0.021704
194,18404,0.0295,0.2178,0.022038
194,18405,0.027117,0.21718,0.021704
194,18406,0.024748,0.21656,0.021363
194,18407,0.022367,0.21593,0.021013
194,18410,0.036622,0.22067,0.023467
194,18411,0.034255,0.22005,0.023172
194,18412,0.031879,0.21943,0.022867
194,18413,0.029514,0.21881,0.022557
194,18414,0.027142,0.21943,0.022867
194,18415,0.024759,0.22005,0.023172
194,18416,0.022385,0.22067,0.023467
194,18419,0.021903,0.2198,0.023049
194,18420,0.023799,0.2193,0.022804
194,18421,0.025701,0.2188,0.022553
194,18422,0.027595,0.2183,0.022299
194,18423,0.025691,0.2178,0.022038
194,18424,0.023796,0.21731,0.021773
194,18425,0.021894,0.21681,0.021502
194,18435,0.025691,0.2178,0.023166
194,18436,0.023796,0.21731,0.022906
194,18437,0.021894,0.21681,0.02264
194,18438,0.027595,0.2183,0.023423
194,18439,0.021903,0.2198,0.024159
194,18440,0.023799,0.2193,0.023919
194,18441,0.025701,0.2188,0.023673
194,18442,0.027142,0.21943,0.023981
194,18443,0.024759,0.22005,0.02428
194,18444,0.022385,0.22067,0.02457
194,18445,0.029514,0.21881,0.023676
194,18446,0.036622,0.22067,0.02457
194,18447,0.034255,0.22005,0.02428
194,18448,0.031879,0.21943,0.023981
194,18449,0.027117,0.21718,0.022838
194,18450,0.024748,0.21656,0.022504
194,18451,0.022367,0.21593,0.02216
194,18452,0.0295,0.2178,0.023166
194,18453,0.036633,0.21593,0.02216
194,18454,0.034252,0.21656,0.022504
194,18455,0.031883,0.21718,0.022838
194,18456,0.03711,0.21682,0.022646
194,18457,0.035212,0.21732,0.022911
194,18458,0.033321,0.21781,0.02317
194,18459,0.031422,0.21831,0.023425
194,18460,0.033312,0.2188,0.023674
194,18461,0.03521,0.2193,0.02392
194,18462,0.037101,0.2198,0.02416
197,18471,0.05711,0.21682,0.021508
197,18472,0.055212,0.21732,0.021778
197,18473,0.053321,0.21781,0.022042
197,18474,0.051422,0.21831,0.022301
197,18475,0.053312,0.2188,0.022555
197,18476,0.05521,0.2193,0.022805
197,18477,0.057101,0.2198,0.023049
197,18478,0.049514,0.21881,0.022557
197,18479,0.047142,0.21943,0.022867
197,18480,0.044759,0.22005,0.023172
197,18481,0.042385,0.22067,0.023467
197,18482,0.056622,0.22067,0.023467
197,18483,0.054255,0.22005,0.023172
197,18484,0.051879,0.21943,0.022867
197,18485,0.047595,0.2183,0.022299
197,18486,0.045691,0.2178,0.022038
197,18487,0.043796,0.21731,0.021773
197,18488,0.041894,0.21681,0.021502
197,18489,0.041903,0.2198,0.023049
197,18490,0.043799,0.2193,0.022804
197,18491,0.045701,0.2188,0.022553
197,18492,0.0495,0.2178,0.022038
197,18493,0.047117,0.21718,0.021704
197,18494,0.044748,0.21656,0.021363
197,18495,0.042367,0.21593,0.021013
197,18496,0.056633,0.21593,0.021013
197,18497,0.054252,0.21656,0.021363
197,18498,0.051883,0.21718,0.021704
197,18499,0.056633,0.21593,0.02216
197,18500,0.054252,0.21656,0.022504
197,18501,0.051883,0.21718,0.022838
197,18503,0.0495,0.2178,0.023166
197,18504,0.047117,0.21718,0.022838
197,18505,0.044748,0.21656,0.022504
197,18506,0.042367,0.21593,0.02216
197,18508,0.041903,0.2198,0.024159
197,18509,0.043799,0.2193,0.023919
197,18510,0.045701,0.2188,0.023673
197,18512,0.047595,0.2183,0.023423
197,18513,0.045691,0.2178,0.023166
197,18514,0.043796,0.21731,0.022906
197,18515,0.041894,0.21681,0.02264
197,18517,0.056622,0.22067,0.02457
197,18518,0.054255,0.22005,0.02428
197,18519,0.051879,0.21943,0.023981
197,18521,0.049514,0.21881,0.023676
197,18522,0.047142,0.21943,0.023981
197,18523,0.044759,0.22005,0.02428
197,18524,0.042385,0.22067,0.02457
197,18526,0.053312,0.2188,0.023674
197,18527,0.05521,0.2193,0.02392
197,18528,0.057101,0.2198,0.02416
197,18530,0.051422,0.21831,0.023425
197,18531,0.05711,0.21682,0.022646
197,18532,0.055212,0.21732,0.022911
197,18533,0.053321,0.21781,0.02317
200,18536,0.017101,0.079821,0.023233
200,18537,0.01521,0.080316,0.022993
200,18538,0.013312,0.080813,0.022748
200,18539,0.011422,0.081308,0.022499
200,18540,0.013321,0.081806,0.022242
200,18541,0.015212,0.082302,0.021982
200,18542,0.01711,0.0828,0.021715
200,18544,0.0095141,0.081807,0.022242
200,18545,0.007128,0.082431,0.021914
200,18546,0.0047547,0.083052,0.021579
200,18547,0.0023706,0.083676,0.021234
200,18550,0.016636,0.083676,0.021234
200,18551,0.014259,0.083052,0.021579
200,18552,0.011893,0.082431,0.021914
200,18553,0.0075949,0.081303,0.022501
200,18554,0.0057006,0.080806,0.022752
200,18555,0.0037987,0.080307,0.022998
200,18556,0.001903,0.079809,0.023239
200,18559,0.0018938,0.082799,0.021716
200,18560,0.0037961,0.0823,0.021983
200,18561,0.0056915,0.081803,0.022244
200,18562,0.0095,0.080803,0.022753
200,18563,0.0071317,0.080182,0.023059
200,18564,0.0047518,0.079557,0.023359
200,18565,0.0023813,0.078935,0.02365
200,18568,0.016619,0.078935,0.02365
200,18569,0.014248,0.079557,0.023359
200,18570,0.011868,0.080182,0.023059
200,18579,0.016619,0.078935,0.02475
200,18580,0.014248,0.079557,0.024464
200,18581,0.011868,0.080182,0.024169
200,18582,0.0095,0.080803,0.023869
200,18583,0.0071316,0.080182,0.024169
200,18584,0.0047518,0.079557,0.024464
200,18585,0.0023813,0.078935,0.02475
200,18586,0.0018939,0.082799,0.02285
200,18587,0.0037961,0.0823,0.023113
200,18588,0.0056915,0.081803,0.023369
200,18589,0.0075949,0.081303,0.023621
200,18590,0.0057005,0.080806,0.023867
200,18591,0.0037986,0.080307,0.024109
200,18592,0.0019029,0.079809,0.024346
200,18593,0.016636,0.083676,0.022377
200,18594,0.014259,0.083052,0.022716
200,18595,0.011893,0.082431,0.023044
200,18596,0.0095141,0.081807,0.023367
200,18597,0.0071281,0.082431,0.023044
200,18598,0.0047548,0.083052,0.022716
200,18599,0.0023706,0.083676,0.022377
200,18600,0.013321,0.081806,0.023367
200,18601,0.015212,0.082302,0.023111
200,18602,0.01711,0.0828,0.02285
200,18603,0.011422,0.081308,0.023619
200,18604,0.017101,0.079821,0.02434
200,18605,0.01521,0.080316,0.024105
200,18606,0.013312,0.080813,0.023864
203,18608,0.036636,0.083676,0.021234
203,18609,0.034259,0.083052,0.021579
203,18610,0.031893,0.082431,0.021914
203,18611,0.029514,0.081807,0.022242
203,18612,0.027128,0.082431,0.021914
203,18613,0.024755,0.083052,0.021579
203,18614,0.022371,0.083676,0.021234
203,18617,0.021894,0.082799,0.021716
203,18618,0.023796,0.0823,0.021983
203,18619,0.025691,0.081803,0.022244
203,18620,0.027595,0.081303,0.022501
203,18621,0.025701,0.080806,0.022752
203,18622,0.023799,0.080307,0.022998
203,18623,0.021903,0.079809,0.023239
203,18625,0.031422,0.081308,0.022499
203,18626,0.033321,0.081806,0.022242
203,18627,0.035212,0.082302,0.021982
203,18628,0.03711,0.0828,0.021715
203,18631,0.037101,0.079821,0.023233
203,18632,0.03521,0.080316,0.022993
203,18633,0.033312,0.080813,0.022748
203,18635,0.036619,0.078935,0.02365
203,18636,0.034248,0.079557,0.023359
203,18637,0.031868,0.080182,0.023059
203,18638,0.0295,0.080803,0.022753
203,18639,0.027132,0.080182,0.023059
203,18640,0.024752,0.079557,0.023359
203,18641,0.022381,0.078935,0.02365
203,18651,0.027132,0.080182,0.024169
203,18652,0.024752,0.079557,0.024464
203,18653,0.022381,0.078935,0.02475
203,18654,0.0295,0.080803,0.023869
203,18655,0.036619,0.078935,0.02475
203,18656,0.034248,0.079557,0.024464
203,18657,0.031868,0.080182,0.024169
203,18658,0.037101,0.079821,0.02434
203,18659,0.03521,0.080316,0.024105
203,18660,0.033312,0.080813,0.023864
203,18661,0.031422,0.081308,0.023619
203,18662,0.033321,0.081806,0.023367
203,18663,0.035212,0.082302,0.023111
203,18664,0.03711,0.0828,0.02285
203,18665,0.025701,0.080806,0.023867
203,18666,0.023799,0.080307,0.024109
203,18667,0.021903,0.079809,0.024346
203,18668,0.027595,0.081303,0.023621
203,18669,0.021894,0.082799,0.02285
203,18670,0.023796,0.0823,0.023113
203,18671,0.025692,0.081803,0.023369
203,18672,0.027128,0.082431,0.023044
203,18673,0.024755,0.083052,0.022716
203,18674,0.022371,0.083676,0.022377
203,18675,0.029514,0.081807,0.023367
203,18676,0.036636,0.083676,0.022377
203,18677,0.034259,0.083052,0.022716
203,18678,0.031893,0.082431,0.023044
206,18680,0.056636,0.083676,0.021234
206,18681,0.054259,0.083052,0.021579
206,18682,0.051893,0.082431,0.021914
206,18683,0.049514,0.081807,0.022242
206,18684,0.047128,0.082431,0.021914
206,18685,0.044755,0.083052,0.021579
206,18686,0.042371,0.083676,0.021234
206,18689,0.041894,0.082799,0.021716
206,18690,0.043796,0.0823,0.021983
206,18691,0.045691,0.081803,0.022244
206,18692,0.047595,0.081303,0.022501
206,18693,0.045701,0.080806,0.022752
206,18694,0.043799,0.080307,0.022998
206,18695,0.041903,0.079809,0.023239
206,18697,0.051422,0.081308,0.022499
206,18698,0.053321,0.081806,0.022242
206,18699,0.055212,0.082302,0.021982
206,18700,0.05711,0.0828,0.021715
206,18703,0.057101,0.079821,0.023233
206,18704,0.05521,0.080316,0.022993
206,18705,0.053312,0.080813,0.022748
206,18707,0.056619,0.078935,0.02365
206,18708,0.054248,0.079557,0.023359
206,18709,0.051868,0.080182,0.023059
206,18710,0.0495,0.080803,0.022753
206,18711,0.047132,0.080182,0.023059
206,18712,0.044752,0.079557,0.023359
206,18713,0.042381,0.078935,0.02365
206,18723,0.047132,0.080182,0.024169
206,18724,0.044752,0.079557,0.024464
206,18725,0.042381,0.078935,0.02475
206,18726,0.0495,0.080803,0.023869
206,18727,0.056619,0.078935,0.02475
206,18728,0.054248,0.079557,0.024464
206,18729,0.051868,0.080182,0.024169
206,18730,0.057101,0.079821,0.02434
206,18731,0.05521,0.080316,0.024105
206,18732,0.053312,0.080813,0.023864
206,18733,0.051422,0.081308,0.023619
206,18734,0.053321,0.081806,0.023367
206,18735,0.055212,0.082302,0.023111
206,18736,0.05711,0.0828,0.02285
206,18737,0.045701,0.080806,0.023867
206,18738,0.043799,0.080307,0.024109
206,18739,0.041903,0.079809,0.024346
206,18740,0.047595,0.081303,0.023621
206,18741,0.041894,0.082799,0.02285
206,18742,0.043796,0.0823,0.023113
206,18743,0.045692,0.081803,0.023369
206,18744,0.047128,0.082431,0.023044
206,18745,0.044755,0.083052,0.022716
206,18746,0.042371,0.083676,0.022377
206,18747,0.049514,0.081807,0.023367
206,18748,0.056636,0.083676,0.022377
206,18749,0.054259,0.083052,0.022716
206,18750,0.051893,0.082431,0.023044
209,18752,0.016636,0.18368,0.021234
209,18753,0.014259,0.18305,0.021579
209,18754,0.011893,0.18243,0.021914
209,18755,0.0095141,0.18181,0.022242
209,18756,0.007128,0.18243,0.021914
209,18757,0.0047549,0.18305,0.021579
209,18758,0.0023706,0.18368,0.021234
209,18761,0.0018938,0.1828,0.021716
209,18762,0.0037961,0.1823,0.021983
209,18763,0.0056915,0.1818,0.022244
209,18764,0.0075949,0.1813,0.022501
209,18765,0.0057006,0.18081,0.022752
209,18766,0.0037986,0.18031,0.022998
209,18767,0.001903,0.17981,0.023239
209,18769,0.011422,0.18131,0.022499
209,18770,0.013321,0.18181,0.022242
209,18771,0.015212,0.1823,0.021982
209,18772,0.01711,0.1828,0.021715
209,18775,0.017101,0.17982,0.023233
209,18776,0.01521,0.18032,0.022993
209,18777,0.013312,0.18081,0.022748
209,18779,0.016619,0.17893,0.02365
209,18780,0.014248,0.17956,0.023359
209,18781,0.011868,0.18018,0.023059
209,18782,0.0095,0.1808,0.022753
209,18783,0.0071317,0.18018,0.023059
209,18784,0.0047518,0.17956,0.023359
209,18785,0.0023813,0.17893,0.02365
209,18795,0.0071316,0.18018,0.024169
209,18796,0.0047517,0.17956,0.024464
209,18797,0.0023813,0.17893,0.02475
209,18798,0.0095,0.1808,0.023869
209,18799,0.016619,0.17893,0.02475
209,18800,0.014248,0.17956,0.024464
209,18801,0.011868,0.18018,0.024169
209,18802,0.017101,0.17982,0.02434
209,18803,0.01521,0.18032,0.024105
209,18804,0.013312,0.18081,0.023864
209,18805,0.011422,0.18131,0.023619
209,18806,0.013321,0.18181,0.023367
209,18807,0.015212,0.1823,0.023111
209,18808,0.01711,0.1828,0.02285
209,18809,0.0057005,0.18081,0.023867
209,18810,0.0037986,0.18031,0.024109
209,18811,0.0019029,0.17981,0.024346
209,18812,0.0075949,0.1813,0.023621
209,18813,0.0018939,0.1828,0.02285
209,18814,0.0037962,0.1823,0.023113
209,18815,0.0056915,0.1818,0.023369
209,18816,0.0071281,0.18243,0.023044
209,18817,0.004755,0.18305,0.022716
209,18818,0.0023706,0.18368,0.022377
209,18819,0.0095141,0.18181,0.023367
209,18820,0.016636,0.18368,0.022377
209,18821,0.014259,0.18305,0.022716
209,18822,0.011893,0.18243,0.023044
212,18824,0.036636,0.18368,0.021234
212,18825,0.034259,0.18305,0.021579
212,18826,0.031893,0.18243,0.021914
212,18827,0.029514,0.18181,0.022242
212,18828,0.027128,0.18243,0.021914
212,18829,0.024755,0.18305,0.021579
212,18830,0.022371,0.18368,0.021234
212,18833,0.021894,0.1828,0.021716
212,18834,0.023796,0.1823,0.021983
212,18835,0.025691,0.1818,0.022244
212,18836,0.027595,0.1813,0.022501
212,18837,0.025701,0.18081,0.022752
212,18838,0.023799,0.18031,0.022998
212,18839,0.021903,0.17981,0.023239
212,18841,0.031422,0.18131,0.022499
212,18842,0.033321,0.18181,0.022242
212,18843,0.035212,0.1823,0.021982
212,18844,0.03711,0.1828,0.021715
212,18847,0.037101,0.17982,0.023233
212,18848,0.03521,0.18032,0.022993
212,18849,0.033312,0.18081,0.022748
212,18851,0.036619,0.17893,0.02365
212,18852,0.034248,0.17956,0.023359
212,18853,0.031868,0.18018,0.023059
212,18854,0.0295,0.1808,0.022753
212,18855,0.027132,0.18018,0.023059
212,18856,0.024752,0.17956,0.023359
212,18857,0.022381,0.17893,0.02365
212,18867,0.027132,0.18018,0.024169
212,18868,0.024752,0.17956,0.024464
212,18869,0.022381,0.17893,0.02475
212,18870,0.0295,0.1808,0.023869
212,18871,0.036619,0.17893,0.02475
212,18872,0.034248,0.17956,0.024464
212,18873,0.031868,0.18018,0.024169
212,18874,0.037101,0.17982,0.02434
212,18875,0.03521,0.18032,0.024105
212,18876,0.033312,0.18081,0.023864
212,18877,0.031422,0.18131,0.023619
212,18878,0.033321,0.18181,0.023367
212,18879,0.035212,0.1823,0.023111
212,18880,0.03711,0.1828,0.02285
212,18881,0.025701,0.18081,0.023867
212,18882,0.023799,0.18031,0.024109
212,18883,0.021903,0.17981,0.024346
212,18884,0.027595,0.1813,0.023621
212,18885,0.021894,0.1828,0.02285
212,18886,0.023796,0.1823,0.023113
212,18887,0.025692,0.1818,0.023369
212,18888,0.027128,0.18243,0.023044
212,18889,0.024755,0.18305,0.022716
212,18890,0.022371,0.18368,0.022377
212,18891,0.029514,0.18181,0.023367
212,18892,0.036636,0.18368,0.022377
212,18893,0.034259,0.18305,0.022716
212,18894,0.031893,0.18243,0.023044
215,18896,0.056636,0.18368,0.021234
215,18897,0.054259,0.18305,0.021579
215,18898,0.051893,0.18243,0.021914
215,18899,0.049514,0.18181,0.022242
215,18900,0.047128,0.18243,0.021914
215,18901,0.044755,0.18305,0.021579
215,18902,0.042371,0.18368,0.021234
215,18905,0.041894,0.1828,0.021716
215,18906,0.043796,0.1823,0.021983
215,18907,0.045691,0.1818,0.022244
215,18908,0.047595,0.1813,0.022501
215,18909,0.045701,0.18081,0.022752
215,18910,0.043799,0.18031,0.022998
215,18911,0.041903,0.17981,0.023239
215,18913,0.051422,0.18131,0.022499
215,18914,0.053321,0.18181,0.022242
215,18915,0.055212,0.1823,0.021982
215,18916,0.05711,0.1828,0.021715
215,18919,0.057101,0.17982,0.023233
215,18920,0.05521,0.18032,0.022993
215,18921,0.053312,0.18081,0.022748
215,18923,0.056619,0.17893,0.02365
215,18924,0.054248,0.17956,0.023359
215,18925,0.051868,0.18018,0.023059
215,18926,0.0495,0.1808,0.022753
215,18927,0.047132,0.18018,0.023059
215,18928,0.044752,0.17956,0.023359
215,18929,0.042381,0.17893,0.02365
215,18939,0.047132,0.18018,0.024169
215,18940,0.044752,0.17956,0.024464
215,18941,0.042381,0.17893,0.02475
215,18942,0.0495,0.1808,0.023869
215,18943,0.056619,0.17893,0.02475
215,18944,0.054248,0.17956,0.024464
215,18945,0.051868,0.18018,0.024169
215,18946,0.057101,0.17982,0.02434
215,18947,0.05521,0.18032,0.024105
215,18948,0.053312,0.18081,0.023864
215,18949,0.051422,0.18131,0.023619
215,18950,0.053321,0.18181,0.023367
215,18951,0.055212,0.1823,0.023111
215,18952,0.05711,0.1828,0.02285
215,18953,0.045701,0.18081,0.023867
215,18954,0.043799,0.18031,0.024109
215,18955,0.041903,0.17981,0.024346
215,18956,0.047595,0.1813,0.023621
215,18957,0.041894,0.1828,0.02285
215,18958,0.043796,0.1823,0.023113
215,18959,0.045692,0.1818,0.023369
215,18960,0.047128,0.18243,0.023044
215,18961,0.044755,0.18305,0.022716
215,18962,0.042371,0.18368,0.022377
215,18963,0.049514,0.18181,0.023367
215,18964,0.056636,0.18368,0.022377
215,18965,0.054259,0.18305,0.022716
215,18966,0.051893,0.18243,0.023044
218,18974,0.016619,0.27893,0.02365
218,18975,0.014248,0.27956,0.023359
218,18976,0.011868,0.28018,0.023059
218,18977,0.0095,0.2808,0.022753
218,18978,0.0071317,0.28018,0.023059
218,18979,0.0047518,0.27956,0.023359
218,18980,0.0023813,0.27893,0.02365
218,18981,0.0018938,0.2828,0.021716
218,18982,0.0037961,0.2823,0.021983
218,18983,0.0056915,0.2818,0.022244
218,18984,0.0075949,0.2813,0.022501
218,18985,0.0057006,0.28081,0.022752
218,18986,0.0037986,0.28031,0.022998
218,18987,0.001903,0.27981,0.023239
218,18988,0.016636,0.28368,0.021234
218,18989,0.014259,0.28305,0.021579
218,18990,0.011893,0.28243,0.021914
218,18991,0.0095141,0.28181,0.022242
218,18992,0.007128,0.28243,0.021914
218,18993,0.0047549,0.28305,0.021579
218,18994,0.0023706,0.28368,0.021234
218,18995,0.011422,0.28131,0.022499
218,18996,0.013321,0.28181,0.022242
218,18997,0.015212,0.2823,0.021982
218,18998,0.01711,0.2828,0.021715
218,19000,0.017101,0.27982,0.023233
218,19001,0.01521,0.28032,0.022993
218,19002,0.013312,0.28081,0.022748
218,19005,0.017101,0.27982,0.02434
218,19006,0.01521,0.28032,0.024105
218,19007,0.013312,0.28081,0.023864
218,19008,0.011422,0.28131,0.023619
218,19009,0.013321,0.28181,0.023367
218,19010,0.015212,0.2823,0.023111
218,19011,0.01711,0.2828,0.02285
218,19013,0.0071281,0.28243,0.023044
218,19014,0.004755,0.28305,0.022716
218,19015,0.0023706,0.28368,0.022377
218,19017,0.0095141,0.28181,0.023367
218,19018,0.016636,0.28368,0.022377
218,19019,0.014259,0.28305,0.022716
218,19020,0.011893,0.28243,0.023044
218,19022,0.0057005,0.28081,0.023867
218,19023,0.0037986,0.28031,0.024109
218,19024,0.0019029,0.27981,0.024346
218,19026,0.0075949,0.2813,0.023621
218,19027,0.0018939,0.2828,0.02285
218,19028,0.0037962,0.2823,0.023113
218,19029,0.0056915,0.2818,0.023369
218,19031,0.0071316,0.28018,0.024169
218,19032,0.0047517,0.27956,0.024464
218,19033,0.0023813,0.27893,0.02475
218,19035,0.0095,0.2808,0.023869
218,19036,0.016619,0.27893,0.02475
218,19037,0.014248,0.27956,0.024464
218,19038,0.011868,0.28018,0.024169
221,19040,0.036636,0.28368,0.021234
221,19041,0.034259,0.28305,0.021579
221,19042,0.031893,0.28243,0.021914
221,19043,0.029514,0.28181,0.022242
221,19044,0.027128,0.28243,0.021914
221,19045,0.024755,0.28305,0.021579
221,19046,0.022371,0.28368,0.021234
221,19049,0.021894,0.2828,0.021716
221,19050,0.023796,0.2823,0.021983
221,19051,0.025691,0.2818,0.022244
221,19052,0.027595,0.2813,0.022501
221,19053,0.025701,0.28081,0.022752
221,19054,0.023799,0.28031,0.022998
221,19055,0.021903,0.27981,0.023239
221,19057,0.031422,0.28131,0.022499
221,19058,0.033321,0.28181,0.022242
221,19059,0.035212,0.2823,0.021982
221,19060,0.03711,0.2828,0.021715
221,19063,0.037101,0.27982,0.023233
221,19064,0.03521,0.28032,0.022993
221,19065,0.033312,0.28081,0.022748
221,19067,0.036619,0.27893,0.02365
221,19068,0.034248,0.27956,0.023359
221,19069,0.031868,0.28018,0.023059
221,19070,0.0295,0.2808,0.022753
221,19071,0.027132,0.28018,0.023059
221,19072,0.024752,0.27956,0.023359
221,19073,0.022381,0.27893,0.02365
221,19083,0.027132,0.28018,0.024169
221,19084,0.024752,0.27956,0.024464
221,19085,0.022381,0.27893,0.02475
221,19086,0.0295,0.2808,0.023869
221,19087,0.036619,0.27893,0.02475
221,19088,0.034248,0.27956,0.024464
221,19089,0.031868,0.28018,0.024169
221,19090,0.037101,0.27982,0.02434
221,19091,0.03521,0.28032,0.024105
221,19092,0.033312,0.28081,0.023864
221,19093,0.031422,0.28131,0.023619
221,19094,0.033321,0.28181,0.023367
221,19095,0.035212,0.2823,0.023111
221,19096,0.03711,0.2828,0.02285
221,19097,0.025701,0.28081,0.023867
221,19098,0.023799,0.28031,0.024109
221,19099,0.021903,0.27981,0.024346
221,19100,0.027595,0.2813,0.023621
221,19101,0.021894,0.2828,0.02285
221,19102,0.023796,0.2823,0.023113
221,19103,0.025692,0.2818,0.023369
221,19104,0.027128,0.28243,0.023044
221,19105,0.024755,0.28305,0.022716
221,19106,0.022371,0.28368,0.022377
221,19107,0.029514,0.28181,0.023367
221,19108,0.036636,0.28368,0.022377
221,19109,0.034259,0.28305,0.022716
221,19110,0.031893,0.28243,0.023044
224,19112,0.056636,0.28368,0.021234
224,19113,0.054259,0.28305,0.021579
224,19114,0.051893,0.28243,0.021914
224,19115,0.049514,0.28181,0.022242
224,19116,0.047128,0.28243,0.021914
224,19117,0.044755,0.28305,0.021579
224,19118,0.042371,0.28368,0.021234
224,19121,0.041894,0.2828,0.021716
224,19122,0.043796,0.2823,0.021983
224,19123,0.045691,0.2818,0.022244
224,19124,0.047595,0.2813,0.022501
224,19125,0.045701,0.28081,0.022752
224,19126,0.043799,0.28031,0.022998
224,19127,0.041903,0.27981,0.023239
224,19129,0.051422,0.28131,0.022499
224,19130,0.053321,0.28181,0.022242
224,19131,0.055212,0.2823,0.021982
224,19132,0.05711,0.2828,0.021715
224,19135,0.057101,0.27982,0.023233
224,19136,0.05521,0.28032,0.022993
224,19137,0.053312,0.28081,0.022748
224,19139,0.056619,0.27893,0.02365
224,19140,0.054248,0.27956,0.023359
224,19141,0.051868,0.28018,0.023059
224,19142,0.0495,0.2808,0.022753
224,19143,0.047132,0.28018,0.023059
224,19144,0.044752,0.27956,0.023359
224,19145,0.042381,0.27893,0.02365
224,19155,0.047132,0.28018,0.024169
224,19156,0.044752,0.27956,0.024464
224,19157,0.042381,0.27893,0.02475
224,19158,0.0495,0.2808,0.023869
224,19159,0.056619,0.27893,0.02475
224,19160,0.054248,0.27956,0.024464
224,19161,0.051868,0.28018,0.024169
224,19162,0.057101,0.27982,0.02434
224,19163,0.05521,0.28032,0.024105
224,19164,0.053312,0.28081,0.023864
224,19165,0.051422,0.28131,0.023619
224,19166,0.053321,0.28181,0.023367
224,19167,0.055212,0.2823,0.023111
224,19168,0.05711,0.2828,0.02285
224,19169,0.045701,0.28081,0.023867
224,19170,0.043799,0.28031,0.024109
224,19171,0.041903,0.27981,0.024346
224,19172,0.047595,0.2813,0.023621
224,19173,0.041894,0.2828,0.02285
224,19174,0.043796,0.2823,0.023113
224,19175,0.045692,0.2818,0.023369
224,19176,0.047128,0.28243,0.023044
224,19177,0.044755,0.28305,0.022716
224,19178,0.042371,0.28368,0.022377
224,19179,0.049514,0.28181,0.023367
224,19180,0.056636,0.28368,0.022377
224,19181,0.054259,0.28305,0.022716
224,19182,0.051893,0.28243,0.023044
227,19184,0.017109,0.023819,0.02485
227,19185,0.015212,0.024316,0.025052
227,19186,0.01332,0.024811,0.025248
227,19187,0.011422,0.025308,0.025441
227,19188,0.013313,0.025804,0.025629
227,19189,0.01521,0.026302,0.025813
227,19190,0.017103,0.026798,0.025992
227,19192,0.0095141,0.025807,0.02563
227,19193,0.0071403,0.026428,0.025859
227,19194,0.0047582,0.027051,0.026082
227,19195,0.002383,0.027673,0.026298
227,19198,0.016624,0.027673,0.026298
227,19199,0.014256,0.027051,0.026082
227,19200,0.011881,0.026428,0.025859
227,19201,0.0075949,0.025303,0.025439
227,19202,0.0056928,0.024804,0.025245
227,19203,0.0037966,0.024306,0.025048
227,19204,0.0018952,0.023807,0.024845
227,19207,0.0019017,0.026797,0.025992
227,19208,0.0037982,0.0263,0.025812
227,19209,0.0056993,0.025801,0.025627
227,19210,0.0095,0.024803,0.025245
227,19211,0.0071196,0.024178,0.024996
227,19212,0.0047486,0.023556,0.024742
227,19213,0.0023693,0.022932,0.024479
227,19216,0.016631,0.022932,0.024479
227,19217,0.014251,0.023556,0.024742
227,19218,0.01188,0.024178,0.024996
227,19227,0.016631,0.022932,0.025565
227,19228,0.014251,0.023556,0.025823
227,19229,0.01188,0.024178,0.026074
227,19230,0.0095,0.024803,0.026318
227,19231,0.0071196,0.024178,0.026074
227,19232,0.0047486,0.023556,0.025823
227,19233,0.0023693,0.022932,0.025565
227,19234,0.0019017,0.026797,0.027053
227,19235,0.0037982,0.0263,0.026876
227,19236,0.0056993,0.025801,0.026694
227,19237,0.0075949,0.025303,0.026509
227,19238,0.0056929,0.024804,0.026318
227,19239,0.0037966,0.024306,0.026124
227,19240,0.0018953,0.023807,0.025925
227,19241,0.016624,0.027673,0.027354
227,19242,0.014256,0.027051,0.027142
227,19243,0.011881,0.026428,0.026922
227,19244,0.0095141,0.025807,0.026696
227,19245,0.0071403,0.026428,0.026922
227,19246,0.0047581,0.027051,0.027142
227,19247,0.0023829,0.027673,0.027354
227,19248,0.013313,0.025804,0.026695
227,19249,0.01521,0.026302,0.026877
227,19250,0.017103,0.026798,0.027053
227,19251,0.011422,0.025308,0.02651
227,19252,0.017109,0.023819,0.02593
227,19253,0.015212,0.024316,0.026128
227,19254,0.01332,0.024811,0.026321
230,19255,0.031422,0.025308,0.025441
230,19256,0.033313,0.025804,0.025629
230,19257,0.03521,0.026302,0.025813
230,19258,0.037103,0.026798,0.025992
230,19261,0.037109,0.023819,0.02485
230,19262,0.035212,0.024316,0.025052
230,19263,0.03332,0.024811,0.025248
230,19265,0.036631,0.022932,0.024479
230,19266,0.034251,0.023556,0.024742
230,19267,0.03188,0.024178,0.024996
230,19268,0.0295,0.024803,0.025245
230,19269,0.02712,0.024178,0.024996
230,19270,0.024749,0.023556,0.024742
230,19271,0.022369,0.022932,0.024479
230,19274,0.036624,0.027673,0.026298
230,19275,0.034256,0.027051,0.026082
230,19276,0.031881,0.026428,0.025859
230,19277,0.029514,0.025807,0.02563
230,19278,0.02714,0.026428,0.025859
230,19279,0.024758,0.027051,0.026082
230,19280,0.022383,0.027673,0.026298
230,19283,0.021902,0.026797,0.025992
230,19284,0.023798,0.0263,0.025812
230,19285,0.025699,0.025801,0.025627
230,19286,0.027595,0.025303,0.025439
230,19287,0.025693,0.024804,0.025245
230,19288,0.023797,0.024306,0.025048
230,19289,0.021895,0.023807,0.024845
230,19299,0.025693,0.024804,0.026318
230,19300,0.023797,0.024306,0.026124
230,19301,0.021895,0.023807,0.025925
230,19302,0.027595,0.025303,0.026509
230,19303,0.021902,0.026797,0.027053
230,19304,0.023798,0.0263,0.026876
230,19305,0.025699,0.025801,0.026694
230,19306,0.02714,0.026428,0.026922
230,19307,0.024758,0.027051,0.027142
230,19308,0.022383,0.027673,0.027354
230,19309,0.029514,0.025807,0.026696
230,19310,0.036624,0.027673,0.027354
230,19311,0.034256,0.027051,0.027142
230,19312,0.031881,0.026428,0.026922
230,19313,0.02712,0.024178,0.026074
230,19314,0.024749,0.023556,0.025823
230,19315,0.022369,0.022932,0.025565
230,19316,0.0295,0.024803,0.026318
230,19317,0.036631,0.022932,0.025565
230,19318,0.034251,0.023556,0.025823
230,19319,0.03188,0.024178,0.026074
230,19320,0.037109,0.023819,0.02593
230,19321,0.035212,0.024316,0.026128
230,19322,0.03332,0.024811,0.026321
230,19323,0.031422,0.025308,0.02651
230,19324,0.033313,0.025804,0.026695
230,19325,0.03521,0.026302,0.026877
230,19326,0.037103,0.026798,0.027053
233,19327,0.051422,0.025308,0.025441
233,19328,0.053313,0.025804,0.025629
233,19329,0.05521,0.026302,0.025813
233,19330,0.057103,0.026798,0.025992
233,19333,0.057109,0.023819,0.02485
233,19334,0.055212,0.024316,0.025052
233,19335,0.05332,0.024811,0.025248
233,19337,0.056631,0.022932,0.024479
233,19338,0.054251,0.023556,0.024742
233,19339,0.05188,0.024178,0.024996
233,19340,0.0495,0.024803,0.025245
233,19341,0.04712,0.024178,0.024996
233,19342,0.044749,0.023556,0.024742
233,19343,0.042369,0.022932,0.024479
233,19346,0.056624,0.027673,0.026298
233,19347,0.054256,0.027051,0.026082
233,19348,0.051881,0.026428,0.025859
233,19349,0.049514,0.025807,0.02563
233,19350,0.04714,0.026428,0.025859
233,19351,0.044758,0.027051,0.026082
233,19352,0.042383,0.027673,0.026298
233,19355,0.041902,0.026797,0.025992
233,19356,0.043798,0.0263,0.025812
233,19357,0.045699,0.025801,0.025627
233,19358,0.047595,0.025303,0.025439
233,19359,0.045693,0.024804,0.025245
233,19360,0.043797,0.024306,0.025048
233,19361,0.041895,0.023807,0.024845
233,19371,0.045693,0.024804,0.026318
233,19372,0.043797,0.024306,0.026124
233,19373,0.041895,0.023807,0.025925
233,19374,0.047595,0.025303,0.026509
233,19375,0.041902,0.026797,0.027053
233,19376,0.043798,0.0263,0.026876
233,19377,0.045699,0.025801,0.026694
233,19378,0.04714,0.026428,0.026922
233,19379,0.044758,0.027051,0.027142
233,19380,0.042383,0.027673,0.027354
233,19381,0.049514,0.025807,0.026696
233,19382,0.056624,0.027673,0.027354
233,19383,0.054256,0.027051,0.027142
233,19384,0.051881,0.026428,0.026922
233,19385,0.04712,0.024178,0.026074
233,19386,0.044749,0.023556,0.025823
233,19387,0.042369,0.022932,0.025565
233,19388,0.0495,0.024803,0.026318
233,19389,0.056631,0.022932,0.025565
233,19390,0.054251,0.023556,0.025823
233,19391,0.05188,0.024178,0.026074
233,19392,0.057109,0.023819,0.02593
233,19393,0.055212,0.024316,0.026128
233,19394,0.05332,0.024811,0.026321
233,19395,0.051422,0.025308,0.02651
233,19396,0.053313,0.025804,0.026695
233,19397,0.05521,0.026302,0.026877
233,19398,0.057103,0.026798,0.027053
236,19399,0.011422,0.12531,0.025441
236,19400,0.013313,0.1258,0.025629
236,19401,0.01521,0.1263,0.025813
236,19402,0.017103,0.1268,0.025992
236,19405,0.017109,0.12382,0.02485
236,19406,0.015212,0.12432,0.025052
236,19407,0.01332,0.12481,0.025248
236,19409,0.016631,0.12293,0.024479
236,19410,0.014252,0.12356,0.024742
236,19411,0.01188,0.12418,0.024996
236,19412,0.0095,0.1248,0.025245
236,19413,0.0071196,0.12418,0.024996
236,19414,0.0047485,0.12356,0.024742
236,19415,0.0023693,0.12293,0.024479
236,19418,0.016624,0.12767,0.026298
236,19419,0.014256,0.12705,0.026082
236,19420,0.011881,0.12643,0.025859
236,19421,0.0095141,0.12581,0.02563
236,19422,0.0071403,0.12643,0.025859
236,19423,0.0047582,0.12705,0.026082
236,19424,0.002383,0.12767,0.026298
236,19427,0.0019017,0.1268,0.025992
236,19428,0.0037982,0.1263,0.025812
236,19429,0.0056993,0.1258,0.025627
236,19430,0.0075949,0.1253,0.025439
236,19431,0.0056928,0.1248,0.025245
236,19432,0.0037965,0.12431,0.025048
236,19433,0.0018952,0.12381,0.024845
236,19443,0.0056929,0.1248,0.026318
236,19444,0.0037966,0.12431,0.026124
236,19445,0.0018953,0.12381,0.025925
236,19446,0.0075949,0.1253,0.026509
236,19447,0.0019017,0.1268,0.027053
236,19448,0.0037982,0.1263,0.026876
236,19449,0.0056993,0.1258,0.026694
236,19450,0.0071403,0.12643,0.026922
236,19451,0.0047582,0.12705,0.027142
236,19452,0.0023829,0.12767,0.027354
236,19453,0.0095141,0.12581,0.026696
236,19454,0.016624,0.12767,0.027354
236,19455,0.014256,0.12705,0.027142
236,19456,0.011881,0.12643,0.026922
236,19457,0.0071196,0.12418,0.026074
236,19458,0.0047486,0.12356,0.025823
236,19459,0.0023693,0.12293,0.025565
236,19460,0.0095,0.1248,0.026318
236,19461,0.016631,0.12293,0.025565
236,19462,0.014251,0.12356,0.025823
236,19463,0.01188,0.12418,0.026074
236,19464,0.017109,0.12382,0.02593
236,19465,0.015212,0.12432,0.026128
236,19466,0.01332,0.12481,0.026321
236,19467,0.011422,0.12531,0.02651
236,19468,0.013313,0.1258,0.026695
236,19469,0.01521,0.1263,0.026877
236,19470,0.017103,0.1268,0.027053
239,19471,0.031422,0.12531,0.025441
239,19472,0.033313,0.1258,0.025629
239,19473,0.03521,0.1263,0.025813
239,19474,0.037103,0.1268,0.025992
239,19477,0.037109,0.12382,0.02485
239,19478,0.035212,0.12432,0.025052
239,19479,0.03332,0.12481,0.025248
239,19481,0.036631,0.12293,0.024479
239,19482,0.034251,0.12356,0.024742
239,19483,0.03188,0.12418,0.024996
239,19484,0.0295,0.1248,0.025245
239,19485,0.02712,0.12418,0.024996
239,19486,0.024749,0.12356,0.024742
239,19487,0.022369,0.12293,0.024479
239,19490,0.036624,0.12767,0.026298
239,19491,0.034256,0.12705,0.026082
239,19492,0.031881,0.12643,0.025859
239,19493,0.029514,0.12581,0.02563
239,19494,0.02714,0.12643,0.025859
239,19495,0.024758,0.12705,0.026082
239,19496,0.022383,0.12767,0.026298
239,19499,0.021902,0.1268,0.025992
239,19500,0.023798,0.1263,0.025812
239,19501,0.025699,0.1258,0.025627
239,19502,0.027595,0.1253,0.025439
239,19503,0.025693,0.1248,0.025245
239,19504,0.023797,0.12431,0.025048
239,19505,0.021895,0.12381,0.024845
239,19515,0.025693,0.1248,0.026318
239,19516,0.023797,0.12431,0.026124
239,19517,0.021895,0.12381,0.025925
239,19518,0.027595,0.1253,0.026509
239,19519,0.021902,0.1268,0.027053
239,19520,0.023798,0.1263,0.026876
239,19521,0.025699,0.1258,0.026694
239,19522,0.02714,0.12643,0.026922
239,19523,0.024758,0.12705,0.027142
239,19524,0.022383,0.12767,0.027354
239,19525,0.029514,0.12581,0.026696
239,19526,0.036624,0.12767,0.027354
239,19527,0.034256,0.12705,0.027142
239,19528,0.031881,0.12643,0.026922
239,19529,0.02712,0.12418,0.026074
239,19530,0.024749,0.12356,0.025823
239,19531,0.022369,0.12293,0.025565
239,19532,0.0295,0.1248,0.026318
239,19533,0.036631,0.12293,0.025565
239,19534,0.034251,0.12356,0.025823
239,19535,0.03188,0.12418,0.026074
239,19536,0.037109,0.12382,0.02593
239,19537,0.035212,0.12432,0.026128
239,19538,0.03332,0.12481,0.026321
239,19539,0.031422,0.12531,0.02651
239,19540,0.033313,0.1258,0.026695
239,19541,0.03521,0.1263,0.026877
239,19542,0.037103,0.1268,0.027053
242,19543,0.051422,0.12531,0.025441
242,19544,0.053313,0.1258,0.025629
242,19545,0.05521,0.1263,0.025813
242,19546,0.057103,0.1268,0.025992
242,19549,0.057109,0.12382,0.02485
242,19550,0.055212,0.12432,0.025052
242,19551,0.05332,0.12481,0.025248
242,19553,0.056631,0.12293,0.024479
242,19554,0.054252,0.12356,0.024742
242,19555,0.05188,0.12418,0.024996
242,19556,0.0495,0.1248,0.025245
242,19557,0.04712,0.12418,0.024996
242,19558,0.044748,0.12356,0.024742
242,19559,0.042369,0.12293,0.024479
242,19562,0.056624,0.12767,0.026298
242,19563,0.054256,0.12705,0.026082
242,19564,0.051881,0.12643,0.025859
242,19565,0.049514,0.12581,0.02563
242,19566,0.04714,0.12643,0.025859
242,19567,0.044758,0.12705,0.026082
242,19568,0.042383,0.12767,0.026298
242,19571,0.041902,0.1268,0.025992
242,19572,0.043798,0.1263,0.025812
242,19573,0.045699,0.1258,0.025627
242,19574,0.047595,0.1253,0.025439
242,19575,0.045693,0.1248,0.025245
242,19576,0.043797,0.12431,0.025048
242,19577,0.041895,0.12381,0.024845
242,19587,0.045693,0.1248,0.026318
242,19588,0.043797,0.12431,0.026124
242,19589,0.041895,0.12381,0.025925
242,19590,0.047595,0.1253,0.026509
242,19591,0.041902,0.1268,0.027053
242,19592,0.043798,0.1263,0.026876
242,19593,0.045699,0.1258,0.026694
242,19594,0.04714,0.12643,0.026922
242,19595,0.044758,0.12705,0.027142
242,19596,0.042383,0.12767,0.027354
242,19597,0.049514,0.12581,0.026696
242,19598,0.056624,0.12767,0.027354
242,19599,0.054256,0.12705,0.027142
242,19600,0.051881,0.12643,0.026922
242,19601,0.04712,0.12418,0.026074
242,19602,0.044749,0.12356,0.025823
242,19603,0.042369,0.12293,0.025565
242,19604,0.0495,0.1248,0.026318
242,19605,0.056631,0.12293,0.025565
242,19606,0.054251,0.12356,0.025823
242,19607,0.05188,0.12418,0.026074
242,19608,0.057109,0.12382,0.02593
242,19609,0.055212,0.12432,0.026128
242,19610,0.05332,0.12481,0.026321
242,19611,0.051422,0.12531,0.02651
242,19612,0.053313,0.1258,0.026695
242,19613,0.05521,0.1263,0.026877
242,19614,0.057103,0.1268,0.027053
245,19616,0.016631,0.22293,0.024479
245,19617,0.014251,0.22356,0.024742
245,19618,0.01188,0.22418,0.024996
245,19619,0.0095,0.2248,0.025245
245,19620,0.0071196,0.22418,0.024996
245,19621,0.0047486,0.22356,0.024742
245,19622,0.0023693,0.22293,0.024479
245,19625,0.0019017,0.2268,0.025992
245,19626,0.0037982,0.2263,0.025812
245,19627,0.0056993,0.2258,0.025627
245,19628,0.0075949,0.2253,0.025439
245,19629,0.0056928,0.2248,0.025245
245,19630,0.0037966,0.22431,0.025048
245,19631,0.0018952,0.22381,0.024845
245,19634,0.016624,0.22767,0.026298
245,19635,0.014256,0.22705,0.026082
245,19636,0.011881,0.22643,0.025859
245,19637,0.0095141,0.22581,0.02563
245,19638,0.0071403,0.22643,0.025859
245,19639,0.0047582,0.22705,0.026082
245,19640,0.002383,0.22767,0.026298
245,19642,0.011422,0.22531,0.025441
245,19643,0.013313,0.2258,0.025629
245,19644,0.01521,0.2263,0.025813
245,19645,0.017103,0.2268,0.025992
245,19648,0.017109,0.22382,0.02485
245,19649,0.015212,0.22432,0.025052
245,19650,0.01332,0.22481,0.025248
245,19659,0.017109,0.22382,0.02593
245,19660,0.015212,0.22432,0.026128
245,19661,0.01332,0.22481,0.026321
245,19662,0.011422,0.22531,0.02651
245,19663,0.013313,0.2258,0.026695
245,19664,0.01521,0.2263,0.026877
245,19665,0.017103,0.2268,0.027053
245,19666,0.0071403,0.22643,0.026922
245,19667,0.0047581,0.22705,0.027142
245,19668,0.0023829,0.22767,0.027354
245,19669,0.0095141,0.22581,0.026696
245,19670,0.016624,0.22767,0.027354
245,19671,0.014256,0.22705,0.027142
245,19672,0.011881,0.22643,0.026922
245,19673,0.0056929,0.2248,0.026318
245,19674,0.0037966,0.22431,0.026124
245,19675,0.0018953,0.22381,0.025925
245,19676,0.0075949,0.2253,0.026509
245,19677,0.0019017,0.2268,0.027053
245,19678,0.0037982,0.2263,0.026876
245,19679,0.0056993,0.2258,0.026694
245,19680,0.0071196,0.22418,0.026074
245,19681,0.0047486,0.22356,0.025823
245,19682,0.0023693,0.22293,0.025565
245,19683,0.0095,0.2248,0.026318
245,19684,0.016631,0.22293,0.025565
245,19685,0.014251,0.22356,0.025823
245,19686,0.01188,0.22418,0.026074
248,19687,0.031422,0.22531,0.025441
248,19688,0.033313,0.2258,0.025629
248,19689,0.03521,0.2263,0.025813
248,19690,0.037103,0.2268,0.025992
248,19693,0.037109,0.22382,0.02485
248,19694,0.035212,0.22432,0.025052
248,19695,0.03332,0.22481,0.025248
248,19697,0.036631,0.22293,0.024479
248,19698,0.034251,0.22356,0.024742
248,19699,0.03188,0.22418,0.024996
248,19700,0.0295,0.2248,0.025245
248,19701,0.02712,0.22418,0.024996
248,19702,0.024749,0.22356,0.024742
248,19703,0.022369,0.22293,0.024479
248,19706,0.036624,0.22767,0.026298
248,19707,0.034256,0.22705,0.026082
248,19708,0.031881,0.22643,0.025859
248,19709,0.029514,0.22581,0.02563
248,19710,0.02714,0.22643,0.025859
248,19711,0.024758,0.22705,0.026082
248,19712,0.022383,0.22767,0.026298
248,19715,0.021902,0.2268,0.025992
248,19716,0.023798,0.2263,0.025812
248,19717,0.025699,0.2258,0.025627
248,19718,0.027595,0.2253,0.025439
248,19719,0.025693,0.2248,0.025245
248,19720,0.023797,0.22431,0.025048
248,19721,0.021895,0.22381,0.024845
248,19731,0.025693,0.2248,0.026318
248,19732,0.023797,0.22431,0.026124
248,19733,0.021895,0.22381,0.025925
248,19734,0.027595,0.2253,0.026509
248,19735,0.021902,0.2268,0.027053
248,19736,0.023798,0.2263,0.026876
248,19737,0.025699,0.2258,0.026694
248,19738,0.02714,0.22643,0.026922
248,19739,0.024758,0.22705,0.027142
248,19740,0.022383,0.22767,0.027354
248,19741,0.029514,0.22581,0.026696
248,19742,0.036624,0.22767,0.027354
248,19743,0.034256,0.22705,0.027142
248,19744,0.031881,0.22643,0.026922
248,19745,0.02712,0.22418,0.026074
248,19746,0.024749,0.22356,0.025823
248,19747,0.022369,0.22293,0.025565
248,19748,0.0295,0.2248,0.026318
248,19749,0.036631,0.22293,0.025565
248,19750,0.034251,0.22356,0.025823
248,19751,0.03188,0.22418,0.026074
248,19752,0.037109,0.22382,0.02593
248,19753,0.035212,0.22432,0.026128
248,19754,0.03332,0.22481,0.026321
248,19755,0.031422,0.22531,0.02651
248,19756,0.033313,0.2258,0.026695
248,19757,0.03521,0.2263,0.026877
248,19758,0.037103,0.2268,0.027053
251,19760,0.057109,0.22382,0.02485
251,19761,0.055212,0.22432,0.025052
251,19762,0.05332,0.22481,0.025248
251,19763,0.051422,0.22531,0.025441
251,19764,0.053313,0.2258,0.025629
251,19765,0.05521,0.2263,0.025813
251,19766,0.057103,0.2268,0.025992
251,19768,0.049514,0.22581,0.02563
251,19769,0.04714,0.22643,0.025859
251,19770,0.044758,0.22705,0.026082
251,19771,0.042383,0.22767,0.026298
251,19774,0.056624,0.22767,0.026298
251,19775,0.054256,0.22705,0.026082
251,19776,0.051881,0.22643,0.025859
251,19777,0.047595,0.2253,0.025439
251,19778,0.045693,0.2248,0.025245
251,19779,0.043797,0.22431,0.025048
251,19780,0.041895,0.22381,0.024845
251,19783,0.041902,0.2268,0.025992
251,19784,0.043798,0.2263,0.025812
251,19785,0.045699,0.2258,0.025627
251,19786,0.0495,0.2248,0.025245
251,19787,0.04712,0.22418,0.024996
251,19788,0.044749,0.22356,0.024742
251,19789,0.042369,0.22293,0.024479
251,19792,0.056631,0.22293,0.024479
251,19793,0.054251,0.22356,0.024742
251,19794,0.05188,0.22418,0.024996
251,19803,0.056631,0.22293,0.025565
251,19804,0.054251,0.22356,0.025823
251,19805,0.05188,0.22418,0.026074
251,19806,0.0495,0.2248,0.026318
251,19807,0.04712,0.22418,0.026074
251,19808,0.044749,0.22356,0.025823
251,19809,0.042369,0.22293,0.025565
251,19810,0.041902,0.2268,0.027053
251,19811,0.043798,0.2263,0.026876
251,19812,0.045699,0.2258,0.026694
251,19813,0.047595,0.2253,0.026509
251,19814,0.045693,0.2248,0.026318
251,19815,0.043797,0.22431,0.026124
251,19816,0.041895,0.22381,0.025925
251,19817,0.056624,0.22767,0.027354
251,19818,0.054256,0.22705,0.027142
251,19819,0.051881,0.22643,0.026922
251,19820,0.049514,0.22581,0.026696
251,19821,0.04714,0.22643,0.026922
251,19822,0.044758,0.22705,0.027142
251,19823,0.042383,0.22767,0.027354
251,19824,0.053313,0.2258,0.026695
251,19825,0.05521,0.2263,0.026877
251,19826,0.057103,0.2268,0.027053
251,19827,0.051422,0.22531,0.02651
251,19828,0.057109,0.22382,0.02593
251,19829,0.055212,0.22432,0.026128
251,19830,0.05332,0.22481,0.026321
254,19832,0.017103,0.072821,0.026127
254,19833,0.01521,0.073316,0.025951
254,19834,0.013313,0.073813,0.025771
254,19835,0.011422,0.074308,0.025587
254,19836,0.01332,0.074806,0.025397
254,19837,0.015212,0.075302,0.025204
254,19838,0.017109,0.0758,0.025005
254,19840,0.0095141,0.074807,0.025397
254,19841,0.0071303,0.075431,0.025153
254,19842,0.0047556,0.076052,0.024903
254,19843,0.0023729,0.076675,0.024645
254,19846,0.016634,0.076675,0.024645
254,19847,0.014258,0.076052,0.024903
254,19848,0.011891,0.075431,0.025153
254,19849,0.0075949,0.074303,0.025589
254,19850,0.0056992,0.073806,0.025774
254,19851,0.0037982,0.073307,0.025955
254,19852,0.0019016,0.072809,0.026131
254,19855,0.0018953,0.075799,0.025006
254,19856,0.0037966,0.0753,0.025205
254,19857,0.0056929,0.074802,0.025398
254,19858,0.0095,0.073803,0.025774
254,19859,0.0071296,0.073181,0.026
254,19860,0.0047511,0.072557,0.026219
254,19861,0.0023794,0.071934,0.026431
254,19864,0.016621,0.071934,0.026431
254,19865,0.014249,0.072557,0.026219
254,19866,0.01187,0.073181,0.026
254,19875,0.016621,0.071934,0.027485
254,19876,0.014249,0.072557,0.027276
254,19877,0.01187,0.073181,0.027061
254,19878,0.0095,0.073803,0.026839
254,19879,0.0071296,0.073181,0.027061
254,19880,0.0047511,0.072557,0.027276
254,19881,0.0023793,0.071934,0.027485
254,19882,0.0018953,0.075799,0.026083
254,19883,0.0037966,0.0753,0.026278
254,19884,0.0056929,0.074802,0.026469
254,19885,0.0075949,0.074303,0.026656
254,19886,0.0056992,0.073806,0.026838
254,19887,0.0037982,0.073307,0.027016
254,19888,0.0019016,0.072809,0.02719
254,19889,0.016634,0.076675,0.025728
254,19890,0.014258,0.076052,0.025982
254,19891,0.011891,0.075431,0.026227
254,19892,0.0095141,0.074807,0.026467
254,19893,0.0071303,0.075431,0.026227
254,19894,0.0047557,0.076052,0.025982
254,19895,0.002373,0.076675,0.025728
254,19896,0.01332,0.074806,0.026468
254,19897,0.015212,0.075302,0.026277
254,19898,0.017109,0.0758,0.026082
254,19899,0.011422,0.074308,0.026654
254,19900,0.017103,0.072821,0.027186
254,19901,0.01521,0.073316,0.027013
254,19902,0.013313,0.073813,0.026835
257,19904,0.036634,0.076675,0.024645
257,19905,0.034258,0.076052,0.024903
257,19906,0.031891,0.075431,0.025153
257,19907,0.029514,0.074807,0.025397
257,19908,0.02713,0.075431,0.025153
257,19909,0.024756,0.076052,0.024903
257,19910,0.022373,0.076675,0.024645
257,19913,0.021895,0.075799,0.025006
257,19914,0.023797,0.0753,0.025205
257,19915,0.025693,0.074802,0.025398
257,19916,0.027595,0.074303,0.025589
257,19917,0.025699,0.073806,0.025774
257,19918,0.023798,0.073307,0.025955
257,19919,0.021902,0.072809,0.026131
257,19921,0.031422,0.074308,0.025587
257,19922,0.03332,0.074806,0.025397
257,19923,0.035212,0.075302,0.025204
257,19924,0.037109,0.0758,0.025005
257,19927,0.037103,0.072821,0.026127
257,19928,0.03521,0.073316,0.025951
257,19929,0.033313,0.073813,0.025771
257,19931,0.036621,0.071934,0.026431
257,19932,0.034249,0.072557,0.026219
257,19933,0.03187,0.073181,0.026
257,19934,0.0295,0.073803,0.025774
257,19935,0.02713,0.073181,0.026
257,19936,0.024751,0.072557,0.026219
257,19937,0.022379,0.071934,0.026431
257,19947,0.02713,0.073181,0.027061
257,19948,0.024751,0.072557,0.027276
257,19949,0.022379,0.071934,0.027485
257,19950,0.0295,0.073803,0.026839
257,19951,0.036621,0.071934,0.027485
257,19952,0.034249,0.072557,0.027276
257,19953,0.03187,0.073181,0.027061
257,19954,0.037103,0.072821,0.027186
257,19955,0.03521,0.073316,0.027013
257,19956,0.033313,0.073813,0.026835
257,19957,0.031422,0.074308,0.026654
257,19958,0.03332,0.074806,0.026468
257,19959,0.035212,0.075302,0.026277
257,19960,0.037109,0.0758,0.026082
257,19961,0.025699,0.073806,0.026838
257,19962,0.023798,0.073307,0.027016
257,19963,0.021902,0.072809,0.02719
257,19964,0.027595,0.074303,0.026656
257,19965,0.021895,0.075799,0.026083
257,19966,0.023797,0.0753,0.026278
257,19967,0.025693,0.074802,0.026469
257,19968,0.02713,0.075431,0.026227
257,19969,0.024756,0.076052,0.025982
257,19970,0.022373,0.076675,0.025728
257,19971,0.029514,0.074807,0.026467
257,19972,0.036634,0.076675,0.025728
257,19973,0.034258,0.076052,0.025982
257,19974,0.031891,0.075431,0.026227
260,19976,0.056634,0.076675,0.024645
260,19977,0.054258,0.076052,0.024903
260,19978,0.051891,0.075431,0.025153
260,19979,0.049514,0.074807,0.025397
260,19980,0.04713,0.075431,0.025153
260,19981,0.044756,0.076052,0.024903
260,19982,0.042373,0.076675,0.024645
260,19985,0.041895,0.075799,0.025006
260,19986,0.043797,0.0753,0.025205
260,19987,0.045693,0.074802,0.025398
260,19988,0.047595,0.074303,0.025589
260,19989,0.045699,0.073806,0.025774
260,19990,0.043798,0.073307,0.025955
260,19991,0.041902,0.072809,0.026131
260,19993,0.051422,0.074308,0.025587
260,19994,0.05332,0.074806,0.025397
260,19995,0.055212,0.075302,0.025204
260,19996,0.057109,0.0758,0.025005
260,19999,0.057103,0.072821,0.026127
260,20000,0.05521,0.073316,0.025951
260,20001,0.053313,0.073813,0.025771
260,20003,0.056621,0.071934,0.026431
260,20004,0.054249,0.072557,0.026219
260,20005,0.05187,0.073181,0.026
260,20006,0.0495,0.073803,0.025774
260,20007,0.04713,0.073181,0.026
260,20008,0.044751,0.072557,0.026219
260,20009,0.042379,0.071934,0.026431
260,20019,0.04713,0.073181,0.027061
260,20020,0.044751,0.072557,0.027276
260,20021,0.042379,0.071934,0.027485
260,20022,0.0495,0.073803,0.026839
260,20023,0.056621,0.071934,0.027485
260,20024,0.054249,0.072557,0.027276
260,20025,0.05187,0.073181,0.027061
260,20026,0.057103,0.072821,0.027186
260,20027,0.05521,0.073316,0.027013
260,20028,0.053313,0.073813,0.026835
260,20029,0.051422,0.074308,0.026654
260,20030,0.05332,0.074806,0.026468
260,20031,0.055212,0.075302,0.026277
260,20032,0.057109,0.0758,0.026082
260,20033,0.045699,0.073806,0.026838
260,20034,0.043798,0.073307,0.027016
260,20035,0.041902,0.072809,0.02719
260,20036,0.047595,0.074303,0.026656
260,20037,0.041895,0.075799,0.026083
260,20038,0.043797,0.0753,0.026278
260,20039,0.045693,0.074802,0.026469
260,20040,0.04713,0.075431,0.026227
260,20041,0.044756,0.076052,0.025982
260,20042,0.042373,0.076675,0.025728
260,20043,0.049514,0.074807,0.026467
260,20044,0.056634,0.076675,0.025728
260,20045,0.054258,0.076052,0.025982
260,20046,0.051891,0.075431,0.026227
263,20048,0.016634,0.17668,0.024645
263,20049,0.014258,0.17605,0.024903
263,20050,0.011891,0.17543,0.025153
263,20051,0.0095141,0.17481,0.025397
263,20052,0.0071303,0.17543,0.025153
263,20053,0.0047556,0.17605,0.024903
263,20054,0.0023729,0.17668,0.024645
263,20057,0.0018953,0.1758,0.025006
263,20058,0.0037966,0.1753,0.025205
263,20059,0.0056929,0.1748,0.025398
263,20060,0.0075949,0.1743,0.025589
263,20061,0.0056992,0.17381,0.025774
263,20062,0.0037982,0.17331,0.025955
263,20063,0.0019016,0.17281,0.026131
263,20065,0.011422,0.17431,0.025587
263,20066,0.01332,0.17481,0.025397
263,20067,0.015212,0.1753,0.025204
263,20068,0.017109,0.1758,0.025005
263,20071,0.017103,0.17282,0.026127
263,20072,0.01521,0.17332,0.025951
263,20073,0.013313,0.17381,0.025771
263,20075,0.016621,0.17193,0.026431
263,20076,0.014249,0.17256,0.026219
263,20077,0.01187,0.17318,0.026
263,20078,0.0095,0.1738,0.025774
263,20079,0.0071296,0.17318,0.026
263,20080,0.0047511,0.17256,0.026219
263,20081,0.0023794,0.17193,0.026431
263,20091,0.0071296,0.17318,0.027061
263,20092,0.0047511,0.17256,0.027276
263,20093,0.0023793,0.17193,0.027485
263,20094,0.0095,0.1738,0.026839
263,20095,0.016621,0.17193,0.027485
263,20096,0.014249,0.17256,0.027276
263,20097,0.01187,0.17318,0.027061
263,20098,0.017103,0.17282,0.027186
263,20099,0.01521,0.17332,0.027013
263,20100,0.013313,0.17381,0.026835
263,20101,0.011422,0.17431,0.026654
263,20102,0.01332,0.17481,0.026468
263,20103,0.015212,0.1753,0.026277
263,20104,0.017109,0.1758,0.026082
263,20105,0.0056992,0.17381,0.026838
263,20106,0.0037982,0.17331,0.027016
263,20107,0.0019016,0.17281,0.02719
263,20108,0.0075949,0.1743,0.026656
263,20109,0.0018953,0.1758,0.026083
263,20110,0.0037966,0.1753,0.026278
263,20111,0.0056929,0.1748,0.026469
263,20112,0.0071303,0.17543,0.026227
263,20113,0.0047557,0.17605,0.025982
263,20114,0.002373,0.17668,0.025728
263,20115,0.0095141,0.17481,0.026467
263,20116,0.016634,0.17668,0.025728
263,20117,0.014258,0.17605,0.025982
263,20118,0.011891,0.17543,0.026227
266,20120,0.036634,0.17668,0.024645
266,20121,0.034258,0.17605,0.024903
266,20122,0.031891,0.17543,0.025153
266,20123,0.029514,0.17481,0.025397
266,20124,0.02713,0.17543,0.025153
266,20125,0.024756,0.17605,0.024903
266,20126,0.022373,0.17668,0.024645
266,20129,0.021895,0.1758,0.025006
266,20130,0.023797,0.1753,0.025205
266,20131,0.025693,0.1748,0.025398
266,20132,0.027595,0.1743,0.025589
266,20133,0.025699,0.17381,0.025774
266,20134,0.023798,0.17331,0.025955
266,20135,0.021902,0.17281,0.026131
266,20137,0.031422,0.17431,0.025587
266,20138,0.03332,0.17481,0.025397
266,20139,0.035212,0.1753,0.025204
266,20140,0.037109,0.1758,0.025005
266,20143,0.037103,0.17282,0.026127
266,20144,0.03521,0.17332,0.025951
266,20145,0.033313,0.17381,0.025771
266,20147,0.036621,0.17193,0.026431
266,20148,0.034249,0.17256,0.026219
266,20149,0.03187,0.17318,0.026
266,20150,0.0295,0.1738,0.025774
266,20151,0.02713,0.17318,0.026
266,20152,0.024751,0.17256,0.026219
266,20153,0.022379,0.17193,0.026431
266,20163,0.02713,0.17318,0.027061
266,20164,0.024751,0.17256,0.027276
266,20165,0.022379,0.17193,0.027485
266,20166,0.0295,0.1738,0.026839
266,20167,0.036621,0.17193,0.027485
266,20168,0.034249,0.17256,0.027276
266,20169,0.03187,0.17318,0.027061
266,20170,0.037103,0.17282,0.027186
266,20171,0.03521,0.17332,0.027013
266,20172,0.033313,0.17381,0.026835
266,20173,0.031422,0.17431,0.026654
266,20174,0.03332,0.17481,0.026468
266,20175,0.035212,0.1753,0.026277
266,20176,0.037109,0.1758,0.026082
266,20177,0.025699,0.17381,0.026838
266,20178,0.023798,0.17331,0.027016
266,20179,0.021902,0.17281,0.02719
266,20180,0.027595,0.1743,0.026656
266,20181,0.021895,0.1758,0.026083
266,20182,0.023797,0.1753,0.026278
266,20183,0.025693,0.1748,0.026469
266,20184,0.02713,0.17543,0.026227
266,20185,0.024756,0.17605,0.025982
266,20186,0.022373,0.17668,0.025728
266,20187,0.029514,0.17481,0.026467
266,20188,0.036634,0.17668,0.025728
266,20189,0.034258,0.17605,0.025982
266,20190,0.031891,0.17543,0.026227
269,20192,0.056634,0.17668,0.024645
269,20193,0.054258,0.17605,0.024903
269,20194,0.051891,0.17543,0.025153
269,20195,0.049514,0.17481,0.025397
269,20196,0.04713,0.17543,0.025153
269,20197,0.044756,0.17605,0.024903
269,20198,0.042373,0.17668,0.024645
269,20201,0.041895,0.1758,0.025006
269,20202,0.043797,0.1753,0.025205
269,20203,0.045693,0.1748,0.025398
269,20204,0.047595,0.1743,0.025589
269,20205,0.045699,0.17381,0.025774
269,20206,0.043798,0.17331,0.025955
269,20207,0.041902,0.17281,0.026131
269,20209,0.051422,0.17431,0.025587
269,20210,0.05332,0.17481,0.025397
269,20211,0.055212,0.1753,0.025204
269,20212,0.057109,0.1758,0.025005
269,20215,0.057103,0.17282,0.026127
269,20216,0.05521,0.17332,0.025951
269,20217,0.053313,0.17381,0.025771
269,20219,0.056621,0.17193,0.026431
269,20220,0.054249,0.17256,0.026219
269,20221,0.05187,0.17318,0.026
269,20222,0.0495,0.1738,0.025774
269,20223,0.04713,0.17318,0.026
269,20224,0.044751,0.17256,0.026219
269,20225,0.042379,0.17193,0.026431
269,20235,0.04713,0.17318,0.027061
269,20236,0.044751,0.17256,0.027276
269,20237,0.042379,0.17193,0.027485
269,20238,0.0495,0.1738,0.026839
269,20239,0.056621,0.17193,0.027485
269,20240,0.054249,0.17256,0.027276
269,20241,0.05187,0.17318,0.027061
269,20242,0.057103,0.17282,0.027186
269,20243,0.05521,0.17332,0.027013
269,20244,0.053313,0.17381,0.026835
269,20245,0.051422,0.17431,0.026654
269,20246,0.05332,0.17481,0.026468
269,20247,0.055212,0.1753,0.026277
269,20248,0.057109,0.1758,0.026082
269,20249,0.045699,0.17381,0.026838
269,20250,0.043798,0.17331,0.027016
269,20251,0.041902,0.17281,0.02719
269,20252,0.047595,0.1743,0.026656
269,20253,0.041895,0.1758,0.026083
269,20254,0.043797,0.1753,0.026278
269,20255,0.045693,0.1748,0.026469
269,20256,0.04713,0.17543,0.026227
269,20257,0.044756,0.17605,0.025982
269,20258,0.042373,0.17668,0.025728
269,20259,0.049514,0.17481,0.026467
269,20260,0.056634,0.17668,0.025728
269,20261,0.054258,0.17605,0.025982
269,20262,0.051891,0.17543,0.026227
272,20267,0.016621,0.27193,0.026431
272,20268,0.014249,0.27256,0.026219
272,20269,0.01187,0.27318,0.026
272,20270,0.0095,0.2738,0.025774
272,20271,0.0071296,0.27318,0.026
272,20272,0.0047511,0.27256,0.026219
272,20273,0.0023794,0.27193,0.026431
272,20275,0.0018953,0.2758,0.025006
272,20276,0.0037966,0.2753,0.025205
272,20277,0.0056929,0.2748,0.025398
272,20278,0.0075949,0.2743,0.025589
272,20279,0.0056992,0.27381,0.025774
272,20280,0.0037982,0.27331,0.025955
272,20281,0.0019016,0.27281,0.026131
272,20284,0.016634,0.27668,0.024645
272,20285,0.014258,0.27605,0.024903
272,20286,0.011891,0.27543,0.025153
272,20287,0.0095141,0.27481,0.025397
272,20288,0.0071303,0.27543,0.025153
272,20289,0.0047556,0.27605,0.024903
272,20290,0.0023729,0.27668,0.024645
272,20291,0.011422,0.27431,0.025587
272,20292,0.01332,0.27481,0.025397
272,20293,0.015212,0.2753,0.025204
272,20294,0.017109,0.2758,0.025005
272,20296,0.017103,0.27282,0.026127
272,20297,0.01521,0.27332,0.025951
272,20298,0.013313,0.27381,0.025771
272,20303,0.017103,0.27282,0.027186
272,20304,0.01521,0.27332,0.027013
272,20305,0.013313,0.27381,0.026835
272,20307,0.011422,0.27431,0.026654
272,20308,0.01332,0.27481,0.026468
272,20309,0.015212,0.2753,0.026277
272,20310,0.017109,0.2758,0.026082
272,20311,0.0071303,0.27543,0.026227
272,20312,0.0047557,0.27605,0.025982
272,20313,0.002373,0.27668,0.025728
272,20315,0.0095141,0.27481,0.026467
272,20316,0.016634,0.27668,0.025728
272,20317,0.014258,0.27605,0.025982
272,20318,0.011891,0.27543,0.026227
272,20319,0.0056992,0.27381,0.026838
272,20320,0.0037982,0.27331,0.027016
272,20321,0.0019016,0.27281,0.02719
272,20322,0.0075949,0.2743,0.026656
272,20323,0.0018953,0.2758,0.026083
272,20324,0.0037966,0.2753,0.026278
272,20325,0.0056929,0.2748,0.026469
272,20327,0.0071296,0.27318,0.027061
272,20328,0.0047511,0.27256,0.027276
272,20329,0.0023793,0.27193,0.027485
272,20330,0.0095,0.2738,0.026839
272,20331,0.016621,0.27193,0.027485
272,20332,0.014249,0.27256,0.027276
272,20333,0.01187,0.27318,0.027061
275,20336,0.036634,0.27668,0.024645
275,20337,0.034258,0.27605,0.024903
275,20338,0.031891,0.27543,0.025153
275,20339,0.029514,0.27481,0.025397
275,20340,0.02713,0.27543,0.025153
275,20341,0.024756,0.27605,0.024903
275,20342,0.022373,0.27668,0.024645
275,20345,0.021895,0.2758,0.025006
275,20346,0.023797,0.2753,0.025205
275,20347,0.025693,0.2748,0.025398
275,20348,0.027595,0.2743,0.025589
275,20349,0.025699,0.27381,0.025774
275,20350,0.023798,0.27331,0.025955
275,20351,0.021902,0.27281,0.026131
275,20353,0.031422,0.27431,0.025587
275,20354,0.03332,0.27481,0.025397
275,20355,0.035212,0.2753,0.025204
275,20356,0.037109,0.2758,0.025005
275,20359,0.037103,0.27282,0.026127
275,20360,0.03521,0.27332,0.025951
275,20361,0.033313,0.27381,0.025771
275,20363,0.036621,0.27193,0.026431
275,20364,0.034249,0.27256,0.026219
275,20365,0.03187,0.27318,0.026
275,20366,0.0295,0.2738,0.025774
275,20367,0.02713,0.27318,0.026
275,20368,0.024751,0.27256,0.026219
275,20369,0.022379,0.27193,0.026431
275,20379,0.02713,0.27318,0.027061
275,20380,0.024751,0.27256,0.027276
275,20381,0.022379,0.27193,0.027485
275,20382,0.0295,0.2738,0.026839
275,20383,0.036621,0.27193,0.027485
275,20384,0.034249,0.27256,0.027276
275,20385,0.03187,0.27318,0.027061
275,20386,0.037103,0.27282,0.027186
275,20387,0.03521,0.27332,0.027013
275,20388,0.033313,0.27381,0.026835
275,20389,0.031422,0.27431,0.026654
275,20390,0.03332,0.27481,0.026468
275,20391,0.035212,0.2753,0.026277
275,20392,0.037109,0.2758,0.026082
275,20393,0.025699,0.27381,0.026838
275,20394,0.023798,0.27331,0.027016
275,20395,0.021902,0.27281,0.02719
275,20396,0.027595,0.2743,0.026656
275,20397,0.021895,0.2758,0.026083
275,20398,0.023797,0.2753,0.026278
275,20399,0.025693,0.2748,0.026469
275,20400,0.02713,0.27543,0.026227
275,20401,0.024756,0.27605,0.025982
275,20402,0.022373,0.27668,0.025728
275,20403,0.029514,0.27481,0.026467
275,20404,0.036634,0.27668,0.025728
275,20405,0.034258,0.27605,0.025982
275,20406,0.031891,0.27543,0.026227
278,20408,0.056634,0.27668,0.024645
278,20409,0.054258,0.27605,0.024903
278,20410,0.051891,0.27543,0.025153
278,20411,0.049514,0.27481,0.025397
278,20412,0.04713,0.27543,0.025153
278,20413,0.044756,0.27605,0.024903
278,20414,0.042373,0.27668,0.024645
278,20417,0.041895,0.2758,0.025006
278,20418,0.043797,0.2753,0.025205
278,20419,0.045693,0.2748,0.025398
278,20420,0.047595,0.2743,0.025589
278,20421,0.045699,0.27381,0.025774
278,20422,0.043798,0.27331,0.025955
278,20423,0.041902,0.27281,0.026131
278,20425,0.051422,0.27431,0.025587
278,20426,0.05332,0.27481,0.025397
278,20427,0.055212,0.2753,0.025204
278,20428,0.057109,0.2758,0.025005
278,20431,0.057103,0.27282,0.026127
278,20432,0.05521,0.27332,0.025951
278,20433,0.053313,0.27381,0.025771
278,20435,0.056621,0.27193,0.026431
278,20436,0.054249,0.27256,0.026219
278,20437,0.05187,0.27318,0.026
278,20438,0.0495,0.2738,0.025774
278,20439,0.04713,0.27318,0.026
278,20440,0.044751,0.27256,0.026219
278,20441,0.042379,0.27193,0.026431
278,20451,0.04713,0.27318,0.027061
278,20452,0.044751,0.27256,0.027276
278,20453,0.042379,0.27193,0.027485
278,20454,0.0495,0.2738,0.026839
278,20455,0.056621,0.27193,0.027485
278,20456,0.054249,0.27256,0.027276
278,20457,0.05187,0.27318,0.027061
278,20458,0.057103,0.27282,0.027186
278,20459,0.05521,0.27332,0.027013
278,20460,0.053313,0.27381,0.026835
278,20461,0.051422,0.27431,0.026654
278,20462,0.05332,0.27481,0.026468
278,20463,0.055212,0.2753,0.026277
278,20464,0.057109,0.2758,0.026082
278,20465,0.045699,0.27381,0.026838
278,20466,0.043798,0.27331,0.027016
278,20467,0.041902,0.27281,0.02719
278,20468,0.047595,0.2743,0.026656
278,20469,0.041895,0.2758,0.026083
278,20470,0.043797,0.2753,0.026278
278,20471,0.045693,0.2748,0.026469
278,20472,0.04713,0.27543,0.026227
278,20473,0.044756,0.27605,0.025982
278,20474,0.042373,0.27668,0.025728
278,20475,0.049514,0.27481,0.026467
278,20476,0.056634,0.27668,0.025728
278,20477,0.054258,0.27605,0.025982
278,20478,0.051891,0.27543,0.026227
281,20480,0.017108,0.03082,0.027291
281,20481,0.015212,0.031316,0.027432
281,20482,0.013319,0.031811,0.02757
281,20483,0.011422,0.032308,0.027703
281,20484,0.013314,0.032804,0.027833
281,20485,0.015211,0.033302,0.027959
281,20486,0.017104,0.033799,0.028081
281,20488,0.0095141,0.032807,0.027834
281,20489,0.0071386,0.033428,0.027991
281,20490,0.0047578,0.034051,0.028142
281,20491,0.0023814,0.034673,0.028286
281,20494,0.016626,0.034673,0.028286
281,20495,0.014256,0.034051,0.028142
281,20496,0.011882,0.033428,0.027991
281,20497,0.0075949,0.032303,0.027702
281,20498,0.0056939,0.031804,0.027568
281,20499,0.0037969,0.031306,0.02743
281,20500,0.0018964,0.030808,0.027287
281,20503,0.0019007,0.033798,0.028081
281,20504,0.0037979,0.0333,0.027959
281,20505,0.0056982,0.032801,0.027832
281,20506,0.0095,0.031803,0.027567
281,20507,0.0071214,0.031179,0.027394
281,20508,0.0047491,0.030556,0.027214
281,20509,0.0023711,0.029932,0.027027
281,20512,0.016629,0.029932,0.027027
281,20513,0.014251,0.030556,0.027214
281,20514,0.011879,0.031179,0.027394
281,20523,0.016629,0.029932,0.028072
281,20524,0.014251,0.030556,0.028256
281,20525,0.011879,0.031179,0.028432
281,20526,0.0095,0.031803,0.028604
281,20527,0.0071214,0.031179,0.028432
281,20528,0.0047491,0.030556,0.028256
281,20529,0.0023712,0.029932,0.028072
281,20530,0.0019007,0.033798,0.029109
281,20531,0.0037979,0.0333,0.028989
281,20532,0.0056982,0.032801,0.028864
281,20533,0.0075949,0.032303,0.028736
281,20534,0.005694,0.031804,0.028604
281,20535,0.0037969,0.031306,0.028468
281,20536,0.0018964,0.030808,0.028328
281,20537,0.016626,0.034673,0.029312
281,20538,0.014256,0.034051,0.029169
281,20539,0.011882,0.033428,0.02902
281,20540,0.0095141,0.032807,0.028866
281,20541,0.0071386,0.033428,0.02902
281,20542,0.0047577,0.034051,0.029169
281,20543,0.0023814,0.034673,0.029312
281,20544,0.013314,0.032804,0.028865
281,20545,0.015211,0.033302,0.028989
281,20546,0.017104,0.033799,0.02911
281,20547,0.011422,0.032308,0.028737
281,20548,0.017108,0.03082,0.028331
281,20549,0.015212,0.031316,0.028471
281,20550,0.013319,0.031811,0.028606
284,20552,0.036626,0.034673,0.028286
284,20553,0.034256,0.034051,0.028142
284,20554,0.031882,0.033428,0.027991
284,20555,0.029514,0.032807,0.027834
284,20556,0.027139,0.033428,0.027991
284,20557,0.024758,0.034051,0.028142
284,20558,0.022381,0.034673,0.028286
284,20561,0.021901,0.033798,0.028081
284,20562,0.023798,0.0333,0.027959
284,20563,0.025698,0.032801,0.027832
284,20564,0.027595,0.032303,0.027702
284,20565,0.025694,0.031804,0.027568
284,20566,0.023797,0.031306,0.02743
284,20567,0.021896,0.030808,0.027287
284,20569,0.031422,0.032308,0.027703
284,20570,0.033314,0.032804,0.027833
284,20571,0.035211,0.033302,0.027959
284,20572,0.037104,0.033799,0.028081
284,20575,0.037108,0.03082,0.027291
284,20576,0.035212,0.031316,0.027432
284,20577,0.033319,0.031811,0.02757
284,20579,0.036629,0.029932,0.027027
284,20580,0.034251,0.030556,0.027214
284,20581,0.031879,0.031179,0.027394
284,20582,0.0295,0.031803,0.027567
284,20583,0.027121,0.031179,0.027394
284,20584,0.024749,0.030556,0.027214
284,20585,0.022371,0.029932,0.027027
284,20595,0.027121,0.031179,0.028432
284,20596,0.024749,0.030556,0.028256
284,20597,0.022371,0.029932,0.028072
284,20598,0.0295,0.031803,0.028604
284,20599,0.036629,0.029932,0.028072
284,20600,0.034251,0.030556,0.028256
284,20601,0.031879,0.031179,0.028432
284,20602,0.037108,0.03082,0.028331
284,20603,0.035212,0.031316,0.028471
284,20604,0.033319,0.031811,0.028606
284,20605,0.031422,0.032308,0.028737
284,20606,0.033314,0.032804,0.028865
284,20607,0.035211,0.033302,0.028989
284,20608,0.037104,0.033799,0.02911
284,20609,0.025694,0.031804,0.028604
284,20610,0.023797,0.031306,0.028468
284,20611,0.021896,0.030808,0.028328
284,20612,0.027595,0.032303,0.028736
284,20613,0.021901,0.033798,0.029109
284,20614,0.023798,0.0333,0.028989
284,20615,0.025698,0.032801,0.028864
284,20616,0.027139,0.033428,0.02902
284,20617,0.024758,0.034051,0.029169
284,20618,0.022381,0.034673,0.029312
284,20619,0.029514,0.032807,0.028866
284,20620,0.036626,0.034673,0.029312
284,20621,0.034256,0.034051,0.029169
284,20622,0.031882,0.033428,0.02902
287,20624,0.056626,0.034673,0.028286
287,20625,0.054256,0.034051,0.028142
287,20626,0.051882,0.033428,0.027991
287,20627,0.049514,0.032807,0.027834
287,20628,0.047139,0.033428,0.027991
287,20629,0.044758,0.034051,0.028142
287,20630,0.042381,0.034673,0.028286
287,20633,0.041901,0.033798,0.028081
287,20634,0.043798,0.0333,0.027959
287,20635,0.045698,0.032801,0.027832
287,20636,0.047595,0.032303,0.027702
287,20637,0.045694,0.031804,0.027568
287,20638,0.043797,0.031306,0.02743
287,20639,0.041896,0.030808,0.027287
287,20641,0.051422,0.032308,0.027703
287,20642,0.053314,0.032804,0.027833
287,20643,0.055211,0.033302,0.027959
287,20644,0.057104,0.033799,0.028081
287,20647,0.057108,0.03082,0.027291
287,20648,0.055212,0.031316,0.027432
287,20649,0.053319,0.031811,0.02757
287,20651,0.056629,0.029932,0.027027
287,20652,0.054251,0.030556,0.027214
287,20653,0.051879,0.031179,0.027394
287,20654,0.0495,0.031803,0.027567
287,20655,0.047121,0.031179,0.027394
287,20656,0.044749,0.030556,0.027214
287,20657,0.042371,0.029932,0.027027
287,20667,0.047121,0.031179,0.028432
287,20668,0.044749,0.030556,0.028256
287,20669,0.042371,0.029932,0.028072
287,20670,0.0495,0.031803,0.028604
287,20671,0.056629,0.029932,0.028072
287,20672,0.054251,0.030556,0.028256
287,20673,0.051879,0.031179,0.028432
287,20674,0.057108,0.03082,0.028331
287,20675,0.055212,0.031316,0.028471
287,20676,0.053319,0.031811,0.028606
287,20677,0.051422,0.032308,0.028737
287,20678,0.053314,0.032804,0.028865
287,20679,0.055211,0.033302,0.028989
287,20680,0.057104,0.033799,0.02911
287,20681,0.045694,0.031804,0.028604
287,20682,0.043797,0.031306,0.028468
287,20683,0.041896,0.030808,0.028328
287,20684,0.047595,0.032303,0.028736
287,20685,0.041901,0.033798,0.029109
287,20686,0.043798,0.0333,0.028989
287,20687,0.045698,0.032801,0.028864
287,20688,0.047139,0.033428,0.02902
287,20689,0.044758,0.034051,0.029169
287,20690,0.042381,0.034673,0.029312
287,20691,0.049514,0.032807,0.028866
287,20692,0.056626,0.034673,0.029312
287,20693,0.054256,0.034051,0.029169
287,20694,0.051882,0.033428,0.02902
290,20696,0.016626,0.13467,0.028286
290,20697,0.014256,0.13405,0.028142
290,20698,0.011882,0.13343,0.027991
290,20699,0.0095141,0.13281,0.027834
290,20700,0.0071386,0.13343,0.027991
290,20701,0.0047577,0.13405,0.028142
290,20702,0.0023814,0.13467,0.028286
290,20705,0.0019007,0.1338,0.028081
290,20706,0.0037979,0.1333,0.027959
290,20707,0.0056982,0.1328,0.027832
290,20708,0.0075949,0.1323,0.027702
290,20709,0.0056939,0.1318,0.027568
290,20710,0.0037969,0.13131,0.02743
290,20711,0.0018964,0.13081,0.027287
290,20713,0.011422,0.13231,0.027703
290,20714,0.013314,0.1328,0.027833
290,20715,0.015211,0.1333,0.027959
290,20716,0.017104,0.1338,0.028081
290,20719,0.017108,0.13082,0.027291
290,20720,0.015212,0.13132,0.027432
290,20721,0.013319,0.13181,0.02757
290,20723,0.016629,0.12993,0.027027
290,20724,0.014251,0.13056,0.027214
290,20725,0.011879,0.13118,0.027394
290,20726,0.0095,0.1318,0.027567
290,20727,0.0071214,0.13118,0.027394
290,20728,0.0047491,0.13056,0.027214
290,20729,0.0023711,0.12993,0.027027
290,20739,0.0071214,0.13118,0.028432
290,20740,0.0047491,0.13056,0.028256
290,20741,0.0023712,0.12993,0.028072
290,20742,0.0095,0.1318,0.028604
290,20743,0.016629,0.12993,0.028072
290,20744,0.014251,0.13056,0.028256
290,20745,0.011879,0.13118,0.028432
290,20746,0.017108,0.13082,0.028331
290,20747,0.015212,0.13132,0.028471
290,20748,0.013319,0.13181,0.028606
290,20749,0.011422,0.13231,0.028737
290,20750,0.013314,0.1328,0.028865
290,20751,0.015211,0.1333,0.028989
290,20752,0.017104,0.1338,0.02911
290,20753,0.005694,0.1318,0.028604
290,20754,0.0037969,0.13131,0.028468
290,20755,0.0018964,0.13081,0.028328
290,20756,0.0075949,0.1323,0.028736
290,20757,0.0019007,0.1338,0.029109
290,20758,0.0037979,0.1333,0.028989
290,20759,0.0056982,0.1328,0.028864
290,20760,0.0071386,0.13343,0.02902
290,20761,0.0047577,0.13405,0.029169
290,20762,0.0023814,0.13467,0.029312
290,20763,0.0095141,0.13281,0.028866
290,20764,0.016626,0.13467,0.029312
290,20765,0.014256,0.13405,0.029169
290,20766,0.011882,0.13343,0.02902
293,20768,0.036626,0.13467,0.028286
293,20769,0.034256,0.13405,0.028142
293,20770,0.031882,0.13343,0.027991
293,20771,0.029514,0.13281,0.027834
293,20772,0.027139,0.13343,0.027991
293,20773,0.024758,0.13405,0.028142
293,20774,0.022381,0.13467,0.028286
293,20777,0.021901,0.1338,0.028081
293,20778,0.023798,0.1333,0.027959
293,20779,0.025698,0.1328,0.027832
293,20780,0.027595,0.1323,0.027702
293,20781,0.025694,0.1318,0.027568
293,20782,0.023797,0.13131,0.02743
293,20783,0.021896,0.13081,0.027287
293,20785,0.031422,0.13231,0.027703
293,20786,0.033314,0.1328,0.027833
293,20787,0.035211,0.1333,0.027959
293,20788,0.037104,0.1338,0.028081
293,20791,0.037108,0.13082,0.027291
293,20792,0.035212,0.13132,0.027432
293,20793,0.033319,0.13181,0.02757
293,20795,0.036629,0.12993,0.027027
293,20796,0.034251,0.13056,0.027214
293,20797,0.031879,0.13118,0.027394
293,20798,0.0295,0.1318,0.027567
293,20799,0.027121,0.13118,0.027394
293,20800,0.024749,0.13056,0.027214
293,20801,0.022371,0.12993,0.027027
293,20811,0.027121,0.13118,0.028432
293,20812,0.024749,0.13056,0.028256
293,20813,0.022371,0.12993,0.028072
293,20814,0.0295,0.1318,0.028604
293,20815,0.036629,0.12993,0.028072
293,20816,0.034251,0.13056,0.028256
293,20817,0.031879,0.13118,0.028432
293,20818,0.037108,0.13082,0.028331
293,20819,0.035212,0.13132,0.028471
293,20820,0.033319,0.13181,0.028606
293,20821,0.031422,0.13231,0.028737
293,20822,0.033314,0.1328,0.028865
293,20823,0.035211,0.1333,0.028989
293,20824,0.037104,0.1338,0.02911
293,20825,0.025694,0.1318,0.028604
293,20826,0.023797,0.13131,0.028468
293,20827,0.021896,0.13081,0.028328
293,20828,0.027595,0.1323,0.028736
293,20829,0.021901,0.1338,0.029109
293,20830,0.023798,0.1333,0.028989
293,20831,0.025698,0.1328,0.028864
293,20832,0.027139,0.13343,0.02902
293,20833,0.024758,0.13405,0.029169
293,20834,0.022381,0.13467,0.029312
293,20835,0.029514,0.13281,0.028866
293,20836,0.036626,0.13467,0.029312
293,20837,0.034256,0.13405,0.029169
293,20838,0.031882,0.13343,0.02902
296,20840,0.056626,0.13467,0.028286
296,20841,0.054256,0.13405,0.028142
296,20842,0.051882,0.13343,0.027991
296,20843,0.049514,0.13281,0.027834
296,20844,0.047139,0.13343,0.027991
296,20845,0.044758,0.13405,0.028142
296,20846,0.042381,0.13467,0.028286
296,20849,0.041901,0.1338,0.028081
296,20850,0.043798,0.1333,0.027959
296,20851,0.045698,0.1328,0.027832
296,20852,0.047595,0.1323,0.027702
296,20853,0.045694,0.1318,0.027568
296,20854,0.043797,0.13131,0.02743
296,20855,0.041896,0.13081,0.027287
296,20857,0.051422,0.13231,0.027703
296,20858,0.053314,0.1328,0.027833
296,20859,0.055211,0.1333,0.027959
296,20860,0.057104,0.1338,0.028081
296,20863,0.057108,0.13082,0.027291
296,20864,0.055212,0.13132,0.027432
296,20865,0.053319,0.13181,0.02757
296,20867,0.056629,0.12993,0.027027
296,20868,0.054251,0.13056,0.027214
296,20869,0.051879,0.13118,0.027394
296,20870,0.0495,0.1318,0.027567
296,20871,0.047121,0.13118,0.027394
296,20872,0.044749,0.13056,0.027214
296,20873,0.042371,0.12993,0.027027
296,20883,0.047121,0.13118,0.028432
296,20884,0.044749,0.13056,0.028256
296,20885,0.042371,0.12993,0.028072
296,20886,0.0495,0.1318,0.028604
296,20887,0.056629,0.12993,0.028072
296,20888,0.054251,0.13056,0.028256
296,20889,0.051879,0.13118,0.028432
296,20890,0.057108,0.13082,0.028331
296,20891,0.055212,0.13132,0.028471
296,20892,0.053319,0.13181,0.028606
296,20893,0.051422,0.13231,0.028737
296,20894,0.053314,0.1328,0.028865
296,20895,0.055211,0.1333,0.028989
296,20896,0.057104,0.1338,0.02911
296,20897,0.045694,0.1318,0.028604
296,20898,0.043797,0.13131,0.028468
296,20899,0.041896,0.13081,0.028328
296,20900,0.047595,0.1323,0.028736
296,20901,0.041901,0.1338,0.029109
296,20902,0.043798,0.1333,0.028989
296,20903,0.045698,0.1328,0.028864
296,20904,0.047139,0.13343,0.02902
296,20905,0.044758,0.13405,0.029169
296,20906,0.042381,0.13467,0.029312
296,20907,0.049514,0.13281,0.028866
296,20908,0.056626,0.13467,0.029312
296,20909,0.054256,0.13405,0.029169
296,20910,0.051882,0.13343,0.02902
299,20912,0.016629,0.22993,0.027027
299,20913,0.014251,0.23056,0.027214
299,20914,0.011879,0.23118,0.027394
299,20915,0.0095,0.2318,0.027567
299,20917,0.0019007,0.2338,0.028081
299,20918,0.0037979,0.2333,0.027959
299,20919,0.0056982,0.2328,0.027832
299,20920,0.0075949,0.2323,0.027702
299,20921,0.0056939,0.2318,0.027568
299,20922,0.0037969,0.23131,0.02743
299,20923,0.0018964,0.23081,0.027287
299,20926,0.016626,0.23467,0.028286
299,20927,0.014256,0.23405,0.028142
299,20928,0.011882,0.23343,0.027991
299,20929,0.0095141,0.23281,0.027834
299,20930,0.0071386,0.23343,0.027991
299,20931,0.0047577,0.23405,0.028142
299,20932,0.0023814,0.23467,0.028286
299,20934,0.011422,0.23231,0.027703
299,20935,0.013314,0.2328,0.027833
299,20936,0.015211,0.2333,0.027959
299,20937,0.017104,0.2338,0.028081
299,20940,0.017108,0.23082,0.027291
299,20941,0.015212,0.23132,0.027432
299,20942,0.013319,0.23181,0.02757
299,20944,0.0071214,0.23118,0.027394
299,20945,0.0047491,0.23056,0.027214
299,20946,0.0023711,0.22993,0.027027
299,20951,0.0071214,0.23118,0.028432
299,20952,0.0047491,0.23056,0.028256
299,20953,0.0023712,0.22993,0.028072
299,20954,0.0095,0.2318,0.028604
299,20959,0.017108,0.23082,0.028331
299,20960,0.015212,0.23132,0.028471
299,20961,0.013319,0.23181,0.028606
299,20962,0.011422,0.23231,0.028737
299,20963,0.013314,0.2328,0.028865
299,20964,0.015211,0.2333,0.028989
299,20965,0.017104,0.2338,0.02911
299,20966,0.0071386,0.23343,0.02902
299,20967,0.0047577,0.23405,0.029169
299,20968,0.0023814,0.23467,0.029312
299,20969,0.0095141,0.23281,0.028866
299,20970,0.016626,0.23467,0.029312
299,20971,0.014256,0.23405,0.029169
299,20972,0.011882,0.23343,0.02902
299,20973,0.005694,0.2318,0.028604
299,20974,0.0037969,0.23131,0.028468
299,20975,0.0018964,0.23081,0.028328
299,20976,0.0075949,0.2323,0.028736
299,20977,0.0019007,0.2338,0.029109
299,20978,0.0037979,0.2333,0.028989
299,20979,0.0056982,0.2328,0.028864
299,20980,0.016629,0.22993,0.028072
299,20981,0.014251,0.23056,0.028256
299,20982,0.011879,0.23118,0.028432
302,20984,0.036626,0.23467,0.028286
302,20985,0.034256,0.23405,0.028142
302,20986,0.031882,0.23343,0.027991
302,20987,0.029514,0.23281,0.027834
302,20988,0.027139,0.23343,0.027991
302,20989,0.024758,0.23405,0.028142
302,20990,0.022381,0.23467,0.028286
302,20993,0.021901,0.2338,0.028081
302,20994,0.023798,0.2333,0.027959
302,20995,0.025698,0.2328,0.027832
302,20996,0.027595,0.2323,0.027702
302,20997,0.025694,0.2318,0.027568
302,20998,0.023797,0.23131,0.02743
302,20999,0.021896,0.23081,0.027287
302,21001,0.031422,0.23231,0.027703
302,21002,0.033314,0.2328,0.027833
302,21003,0.035211,0.2333,0.027959
302,21004,0.037104,0.2338,0.028081
302,21007,0.037108,0.23082,0.027291
302,21008,0.035212,0.23132,0.027432
302,21009,0.033319,0.23181,0.02757
302,21011,0.036629,0.22993,0.027027
302,21012,0.034251,0.23056,0.027214
302,21013,0.031879,0.23118,0.027394
302,21014,0.0295,0.2318,0.027567
302,21015,0.027121,0.23118,0.027394
302,21016,0.024749,0.23056,0.027214
302,21017,0.022371,0.22993,0.027027
302,21027,0.027121,0.23118,0.028432
302,21028,0.024749,0.23056,0.028256
302,21029,0.022371,0.22993,0.028072
302,21030,0.0295,0.2318,0.028604
302,21031,0.036629,0.22993,0.028072
302,21032,0.034251,0.23056,0.028256
302,21033,0.031879,0.23118,0.028432
302,21034,0.037108,0.23082,0.028331
302,21035,0.035212,0.23132,0.028471
302,21036,0.033319,0.23181,0.028606
302,21037,0.031422,0.23231,0.028737
302,21038,0.033314,0.2328,0.028865
302,21039,0.035211,0.2333,0.028989
302,21040,0.037104,0.2338,0.02911
302,21041,0.025694,0.2318,0.028604
302,21042,0.023797,0.23131,0.028468
302,21043,0.021896,0.23081,0.028328
302,21044,0.027595,0.2323,0.028736
302,21045,0.021901,0.2338,0.029109
302,21046,0.023798,0.2333,0.028989
302,21047,0.025698,0.2328,0.028864
302,21048,0.027139,0.23343,0.02902
302,21049,0.024758,0.23405,0.029169
302,21050,0.022381,0.23467,0.029312
302,21051,0.029514,0.23281,0.028866
302,21052,0.036626,0.23467,0.029312
302,21053,0.034256,0.23405,0.029169
302,21054,0.031882,0.23343,0.02902
305,21056,0.056626,0.23467,0.028286
305,21057,0.054256,0.23405,0.028142
305,21058,0.051882,0.23343,0.027991
305,21059,0.049514,0.23281,0.027834
305,21060,0.047139,0.23343,0.027991
305,21061,0.044758,0.23405,0.028142
305,21062,0.042381,0.23467,0.028286
305,21065,0.041901,0.2338,0.028081
305,21066,0.043798,0.2333,0.027959
305,21067,0.045698,0.2328,0.027832
305,21068,0.047595,0.2323,0.027702
305,21069,0.045694,0.2318,0.027568
305,21070,0.043797,0.23131,0.02743
305,21071,0.041896,0.23081,0.027287
305,21073,0.051422,0.23231,0.027703
305,21074,0.053314,0.2328,0.027833
305,21075,0.055211,0.2333,0.027959
305,21076,0.057104,0.2338,0.028081
305,21079,0.057108,0.23082,0.027291
305,21080,0.055212,0.23132,0.027432
305,21081,0.053319,0.23181,0.02757
305,21083,0.056629,0.22993,0.027027
305,21084,0.054251,0.23056,0.027214
305,21085,0.051879,0.23118,0.027394
305,21086,0.0495,0.2318,0.027567
305,21087,0.047121,0.23118,0.027394
305,21088,0.044749,0.23056,0.027214
305,21089,0.042371,0.22993,0.027027
305,21099,0.047121,0.23118,0.028432
305,21100,0.044749,0.23056,0.028256
305,21101,0.042371,0.22993,0.028072
305,21102,0.0495,0.2318,0.028604
305,21103,0.056629,0.22993,0.028072
305,21104,0.054251,0.23056,0.028256
305,21105,0.051879,0.23118,0.028432
305,21106,0.057108,0.23082,0.028331
305,21107,0.055212,0.23132,0.028471
305,21108,0.053319,0.23181,0.028606
305,21109,0.051422,0.23231,0.028737
305,21110,0.053314,0.2328,0.028865
305,21111,0.055211,0.2333,0.028989
305,21112,0.057104,0.2338,0.02911
305,21113,0.045694,0.2318,0.028604
305,21114,0.043797,0.23131,0.028468
305,21115,0.041896,0.23081,0.028328
305,21116,0.047595,0.2323,0.028736
305,21117,0.041901,0.2338,0.029109
305,21118,0.043798,0.2333,0.028989
305,21119,0.045698,0.2328,0.028864
305,21120,0.047139,0.23343,0.02902
305,21121,0.044758,0.23405,0.029169
305,21122,0.042381,0.23467,0.029312
305,21123,0.049514,0.23281,0.028866
305,21124,0.056626,0.23467,0.029312
305,21125,0.054256,0.23405,0.029169
305,21126,0.051882,0.23343,0.02902
308,21128,0.017104,0.065821,0.028172
308,21129,0.015211,0.066316,0.028053
308,21130,0.013315,0.066812,0.027931
308,21131,0.011422,0.067308,0.027804
308,21132,0.013319,0.067805,0.027673
308,21133,0.015212,0.068302,0.027539
308,21134,0.017108,0.0688,0.0274
308,21136,0.0095141,0.067807,0.027673
308,21137,0.007132,0.06843,0.027503
308,21138,0.0047562,0.069052,0.027328
308,21139,0.0023747,0.069675,0.027146
308,21142,0.016632,0.069675,0.027146
308,21143,0.014258,0.069052,0.027328
308,21144,0.011889,0.06843,0.027503
308,21145,0.0075949,0.067303,0.027805
308,21146,0.0056982,0.066805,0.027932
308,21147,0.0037979,0.066307,0.028056
308,21148,0.0019006,0.065809,0.028175
308,21151,0.0018964,0.068799,0.0274
308,21152,0.0037969,0.0683,0.027539
308,21153,0.005694,0.067802,0.027674
308,21154,0.0095,0.066803,0.027933
308,21155,0.007128,0.066181,0.028086
308,21156,0.0047507,0.065557,0.028234
308,21157,0.0023778,0.064934,0.028375
308,21160,0.016622,0.064934,0.028375
308,21161,0.014249,0.065557,0.028234
308,21162,0.011872,0.066181,0.028086
308,21171,0.016622,0.064934,0.029399
308,21172,0.014249,0.065557,0.02926
308,21173,0.011872,0.066181,0.029114
308,21174,0.0095,0.066803,0.028964
308,21175,0.007128,0.066181,0.029114
308,21176,0.0047507,0.065557,0.02926
308,21177,0.0023778,0.064934,0.029399
308,21178,0.0018964,0.068799,0.028439
308,21179,0.0037969,0.0683,0.028576
308,21180,0.005694,0.067802,0.028709
308,21181,0.0075949,0.067303,0.028838
308,21182,0.0056982,0.066805,0.028963
308,21183,0.0037979,0.066307,0.029084
308,21184,0.0019006,0.065809,0.029202
308,21185,0.016632,0.069675,0.028188
308,21186,0.014258,0.069052,0.028368
308,21187,0.011889,0.06843,0.02854
308,21188,0.0095141,0.067807,0.028707
308,21189,0.0071321,0.06843,0.02854
308,21190,0.0047562,0.069052,0.028368
308,21191,0.0023748,0.069675,0.028188
308,21192,0.013319,0.067805,0.028708
308,21193,0.015212,0.068302,0.028575
308,21194,0.017108,0.0688,0.028438
308,21195,0.011422,0.067308,0.028837
308,21196,0.017104,0.065821,0.029199
308,21197,0.015211,0.066316,0.029082
308,21198,0.013315,0.066812,0.028961
311,21200,0.036632,0.069675,0.027146
311,21201,0.034258,0.069052,0.027328
311,21202,0.031889,0.06843,0.027503
311,21203,0.029514,0.067807,0.027673
311,21204,0.027132,0.06843,0.027503
311,21205,0.024756,0.069052,0.027328
311,21206,0.022375,0.069675,0.027146
311,21209,0.021896,0.068799,0.0274
311,21210,0.023797,0.0683,0.027539
311,21211,0.025694,0.067802,0.027674
311,21212,0.027595,0.067303,0.027805
311,21213,0.025698,0.066805,0.027932
311,21214,0.023798,0.066307,0.028056
311,21215,0.021901,0.065809,0.028175
311,21217,0.031422,0.067308,0.027804
311,21218,0.033319,0.067805,0.027673
311,21219,0.035212,0.068302,0.027539
311,21220,0.037108,0.0688,0.0274
311,21223,0.037104,0.065821,0.028172
311,21224,0.035211,0.066316,0.028053
311,21225,0.033315,0.066812,0.027931
311,21227,0.036622,0.064934,0.028375
311,21228,0.034249,0.065557,0.028234
311,21229,0.031872,0.066181,0.028086
311,21230,0.0295,0.066803,0.027933
311,21231,0.027128,0.066181,0.028086
311,21232,0.024751,0.065557,0.028234
311,21233,0.022378,0.064934,0.028375
311,21243,0.027128,0.066181,0.029114
311,21244,0.024751,0.065557,0.02926
311,21245,0.022378,0.064934,0.029399
311,21246,0.0295,0.066803,0.028964
311,21247,0.036622,0.064934,0.029399
311,21248,0.034249,0.065557,0.02926
311,21249,0.031872,0.066181,0.029114
311,21250,0.037104,0.065821,0.029199
311,21251,0.035211,0.066316,0.029082
311,21252,0.033315,0.066812,0.028961
311,21253,0.031422,0.067308,0.028837
311,21254,0.033319,0.067805,0.028708
311,21255,0.035212,0.068302,0.028575
311,21256,0.037108,0.0688,0.028438
311,21257,0.025698,0.066805,0.028963
311,21258,0.023798,0.066307,0.029084
311,21259,0.021901,0.065809,0.029202
311,21260,0.027595,0.067303,0.028838
311,21261,0.021896,0.068799,0.028439
311,21262,0.023797,0.0683,0.028576
311,21263,0.025694,0.067802,0.028709
311,21264,0.027132,0.06843,0.02854
311,21265,0.024756,0.069052,0.028368
311,21266,0.022375,0.069675,0.028188
311,21267,0.029514,0.067807,0.028707
311,21268,0.036632,0.069675,0.028188
311,21269,0.034258,0.069052,0.028368
311,21270,0.031889,0.06843,0.02854
314,21272,0.056632,0.069675,0.027146
314,21273,0.054258,0.069052,0.027328
314,21274,0.051889,0.06843,0.027503
314,21275,0.049514,0.067807,0.027673
314,21276,0.047132,0.06843,0.027503
314,21277,0.044756,0.069052,0.027328
314,21278,0.042375,0.069675,0.027146
314,21281,0.041896,0.068799,0.0274
314,21282,0.043797,0.0683,0.027539
314,21283,0.045694,0.067802,0.027674
314,21284,0.047595,0.067303,0.027805
314,21285,0.045698,0.066805,0.027932
314,21286,0.043798,0.066307,0.028056
314,21287,0.041901,0.065809,0.028175
314,21289,0.051422,0.067308,0.027804
314,21290,0.053319,0.067805,0.027673
314,21291,0.055212,0.068302,0.027539
314,21292,0.057108,0.0688,0.0274
314,21295,0.057104,0.065821,0.028172
314,21296,0.055211,0.066316,0.028053
314,21297,0.053315,0.066812,0.027931
314,21299,0.056622,0.064934,0.028375
314,21300,0.054249,0.065557,0.028234
314,21301,0.051872,0.066181,0.028086
314,21302,0.0495,0.066803,0.027933
314,21303,0.047128,0.066181,0.028086
314,21304,0.044751,0.065557,0.028234
314,21305,0.042378,0.064934,0.028375
314,21315,0.047128,0.066181,0.029114
314,21316,0.044751,0.065557,0.02926
314,21317,0.042378,0.064934,0.029399
314,21318,0.0495,0.066803,0.028964
314,21319,0.056622,0.064934,0.029399
314,21320,0.054249,0.065557,0.02926
314,21321,0.051872,0.066181,0.029114
314,21322,0.057104,0.065821,0.029199
314,21323,0.055211,0.066316,0.029082
314,21324,0.053315,0.066812,0.028961
314,21325,0.051422,0.067308,0.028837
314,21326,0.053319,0.067805,0.028708
314,21327,0.055212,0.068302,0.028575
314,21328,0.057108,0.0688,0.028438
314,21329,0.045698,0.066805,0.028963
314,21330,0.043798,0.066307,0.029084
314,21331,0.041901,0.065809,0.029202
314,21332,0.047595,0.067303,0.028838
314,21333,0.041896,0.068799,0.028439
314,21334,0.043797,0.0683,0.028576
314,21335,0.045694,0.067802,0.028709
314,21336,0.047132,0.06843,0.02854
314,21337,0.044756,0.069052,0.028368
314,21338,0.042375,0.069675,0.028188
314,21339,0.049514,0.067807,0.028707
314,21340,0.056632,0.069675,0.028188
314,21341,0.054258,0.069052,0.028368
314,21342,0.051889,0.06843,0.02854
317,21344,0.016632,0.16967,0.027146
317,21345,0.014258,0.16905,0.027328
317,21346,0.011889,0.16843,0.027503
317,21347,0.0095141,0.16781,0.027673
317,21348,0.007132,0.16843,0.027503
317,21349,0.0047562,0.16905,0.027328
317,21350,0.0023747,0.16967,0.027146
317,21353,0.0018964,0.1688,0.0274
317,21354,0.0037969,0.1683,0.027539
317,21355,0.005694,0.1678,0.027674
317,21356,0.0075949,0.1673,0.027805
317,21357,0.0056982,0.16681,0.027932
317,21358,0.0037979,0.16631,0.028056
317,21359,0.0019006,0.16581,0.028175
317,21361,0.011422,0.16731,0.027804
317,21362,0.013319,0.16781,0.027673
317,21363,0.015212,0.1683,0.027539
317,21364,0.017108,0.1688,0.0274
317,21367,0.017104,0.16582,0.028172
317,21368,0.015211,0.16632,0.028053
317,21369,0.013315,0.16681,0.027931
317,21371,0.016622,0.16493,0.028375
317,21372,0.014249,0.16556,0.028234
317,21373,0.011872,0.16618,0.028086
317,21374,0.0095,0.1668,0.027933
317,21375,0.007128,0.16618,0.028086
317,21376,0.0047507,0.16556,0.028234
317,21377,0.0023778,0.16493,0.028375
317,21387,0.007128,0.16618,0.029114
317,21388,0.0047507,0.16556,0.02926
317,21389,0.0023778,0.16493,0.029399
317,21390,0.0095,0.1668,0.028964
317,21391,0.016622,0.16493,0.029399
317,21392,0.014249,0.16556,0.02926
317,21393,0.011872,0.16618,0.029114
317,21394,0.017104,0.16582,0.029199
317,21395,0.015211,0.16632,0.029082
317,21396,0.013315,0.16681,0.028961
317,21397,0.011422,0.16731,0.028837
317,21398,0.013319,0.16781,0.028708
317,21399,0.015212,0.1683,0.028575
317,21400,0.017108,0.1688,0.028438
317,21401,0.0056982,0.16681,0.028963
317,21402,0.0037979,0.16631,0.029084
317,21403,0.0019006,0.16581,0.029202
317,21404,0.0075949,0.1673,0.028838
317,21405,0.0018964,0.1688,0.028439
317,21406,0.0037969,0.1683,0.028576
317,21407,0.005694,0.1678,0.028709
317,21408,0.0071321,0.16843,0.02854
317,21409,0.0047562,0.16905,0.028368
317,21410,0.0023748,0.16967,0.028188
317,21411,0.0095141,0.16781,0.028707
317,21412,0.016632,0.16967,0.028188
317,21413,0.014258,0.16905,0.028368
317,21414,0.011889,0.16843,0.02854
320,21416,0.036632,0.16967,0.027146
320,21417,0.034258,0.16905,0.027328
320,21418,0.031889,0.16843,0.027503
320,21419,0.029514,0.16781,0.027673
320,21420,0.027132,0.16843,0.027503
320,21421,0.024756,0.16905,0.027328
320,21422,0.022375,0.16967,0.027146
320,21425,0.021896,0.1688,0.0274
320,21426,0.023797,0.1683,0.027539
320,21427,0.025694,0.1678,0.027674
320,21428,0.027595,0.1673,0.027805
320,21429,0.025698,0.16681,0.027932
320,21430,0.023798,0.16631,0.028056
320,21431,0.021901,0.16581,0.028175
320,21433,0.031422,0.16731,0.027804
320,21434,0.033319,0.16781,0.027673
320,21435,0.035212,0.1683,0.027539
320,21436,0.037108,0.1688,0.0274
320,21439,0.037104,0.16582,0.028172
320,21440,0.035211,0.16632,0.028053
320,21441,0.033315,0.16681,0.027931
320,21443,0.036622,0.16493,0.028375
320,21444,0.034249,0.16556,0.028234
320,21445,0.031872,0.16618,0.028086
320,21446,0.0295,0.1668,0.027933
320,21447,0.027128,0.16618,0.028086
320,21448,0.024751,0.16556,0.028234
320,21449,0.022378,0.16493,0.028375
320,21459,0.027128,0.16618,0.029114
320,21460,0.024751,0.16556,0.02926
320,21461,0.022378,0.16493,0.029399
320,21462,0.0295,0.1668,0.028964
320,21463,0.036622,0.16493,0.029399
320,21464,0.034249,0.16556,0.02926
320,21465,0.031872,0.16618,0.029114
320,21466,0.037104,0.16582,0.029199
320,21467,0.035211,0.16632,0.029082
320,21468,0.033315,0.16681,0.028961
320,21469,0.031422,0.16731,0.028837
320,21470,0.033319,0.16781,0.028708
320,21471,0.035212,0.1683,0.028575
320,21472,0.037108,0.1688,0.028438
320,21473,0.025698,0.16681,0.028963
320,21474,0.023798,0.16631,0.029084
320,21475,0.021901,0.16581,0.029202
320,21476,0.027595,0.1673,0.028838
320,21477,0.021896,0.1688,0.028439
320,21478,0.023797,0.1683,0.028576
320,21479,0.025694,0.1678,0.028709
320,21480,0.027132,0.16843,0.02854
320,21481,0.024756,0.16905,0.028368
320,21482,0.022375,0.16967,0.028188
320,21483,0.029514,0.16781,0.028707
320,21484,0.036632,0.16967,0.028188
320,21485,0.034258,0.16905,0.028368
320,21486,0.031889,0.16843,0.02854
323,21488,0.056632,0.16967,0.027146
323,21489,0.054258,0.16905,0.027328
323,21490,0.051889,0.16843,0.027503
323,21491,0.049514,0.16781,0.027673
323,21492,0.047132,0.16843,0.027503
323,21493,0.044756,0.16905,0.027328
323,21494,0.042375,0.16967,0.027146
323,21497,0.041896,0.1688,0.0274
323,21498,0.043797,0.1683,0.027539
323,21499,0.045694,0.1678,0.027674
323,21500,0.047595,0.1673,0.027805
323,21501,0.045698,0.16681,0.027932
323,21502,0.043798,0.16631,0.028056
323,21503,0.041901,0.16581,0.028175
323,21505,0.051422,0.16731,0.027804
323,21506,0.053319,0.16781,0.027673
323,21507,0.055212,0.1683,0.027539
323,21508,0.057108,0.1688,0.0274
323,21511,0.057104,0.16582,0.028172
323,21512,0.055211,0.16632,0.028053
323,21513,0.053315,0.16681,0.027931
323,21515,0.056622,0.16493,0.028375
323,21516,0.054249,0.16556,0.028234
323,21517,0.051872,0.16618,0.028086
323,21518,0.0495,0.1668,0.027933
323,21519,0.047128,0.16618,0.028086
323,21520,0.044751,0.16556,0.028234
323,21521,0.042378,0.16493,0.028375
323,21531,0.047128,0.16618,0.029114
323,21532,0.044751,0.16556,0.02926
323,21533,0.042378,0.16493,0.029399
323,21534,0.0495,0.1668,0.028964
323,21535,0.056622,0.16493,0.029399
323,21536,0.054249,0.16556,0.02926
323,21537,0.051872,0.16618,0.029114
323,21538,0.057104,0.16582,0.029199
323,21539,0.055211,0.16632,0.029082
323,21540,0.053315,0.16681,0.028961
323,21541,0.051422,0.16731,0.028837
323,21542,0.053319,0.16781,0.028708
323,21543,0.055212,0.1683,0.028575
323,21544,0.057108,0.1688,0.028438
323,21545,0.045698,0.16681,0.028963
323,21546,0.043798,0.16631,0.029084
323,21547,0.041901,0.16581,0.029202
323,21548,0.047595,0.1673,0.028838
323,21549,0.041896,0.1688,0.028439
323,21550,0.043797,0.1683,0.028576
323,21551,0.045694,0.1678,0.028709
323,21552,0.047132,0.16843,0.02854
323,21553,0.044756,0.16905,0.028368
323,21554,0.042375,0.16967,0.028188
323,21555,0.049514,0.16781,0.028707
323,21556,0.056632,0.16967,0.028188
323,21557,0.054258,0.16905,0.028368
323,21558,0.051889,0.16843,0.02854
326,21562,0.016622,0.26493,0.028375
326,21563,0.014249,0.26556,0.028234
326,21564,0.011872,0.26618,0.028086
326,21565,0.0095,0.2668,0.027933
326,21566,0.007128,0.26618,0.028086
326,21567,0.0047507,0.26556,0.028234
326,21568,0.0023778,0.26493,0.028375
326,21570,0.0018964,0.2688,0.0274
326,21571,0.0037969,0.2683,0.027539
326,21572,0.005694,0.2678,0.027674
326,21573,0.0075949,0.2673,0.027805
326,21574,0.0056982,0.26681,0.027932
326,21575,0.0037979,0.26631,0.028056
326,21576,0.0019006,0.26581,0.028175
326,21579,0.016632,0.26967,0.027146
326,21580,0.014258,0.26905,0.027328
326,21581,0.011889,0.26843,0.027503
326,21582,0.0095141,0.26781,0.027673
326,21583,0.007132,0.26843,0.027503
326,21584,0.0047562,0.26905,0.027328
326,21585,0.0023747,0.26967,0.027146
326,21586,0.011422,0.26731,0.027804
326,21587,0.013319,0.26781,0.027673
326,21588,0.015212,0.2683,0.027539
326,21589,0.017108,0.2688,0.0274
326,21592,0.017104,0.26582,0.028172
326,21593,0.015211,0.26632,0.028053
326,21594,0.013315,0.26681,0.027931
326,21601,0.017104,0.26582,0.029199
326,21602,0.015211,0.26632,0.029082
326,21603,0.013315,0.26681,0.028961
326,21604,0.011422,0.26731,0.028837
326,21605,0.013319,0.26781,0.028708
326,21606,0.015212,0.2683,0.028575
326,21607,0.017108,0.2688,0.028438
326,21608,0.0071321,0.26843,0.02854
326,21609,0.0047562,0.26905,0.028368
326,21610,0.0023748,0.26967,0.028188
326,21612,0.0095141,0.26781,0.028707
326,21613,0.016632,0.26967,0.028188
326,21614,0.014258,0.26905,0.028368
326,21615,0.011889,0.26843,0.02854
326,21616,0.0056982,0.26681,0.028963
326,21617,0.0037979,0.26631,0.029084
326,21618,0.0019006,0.26581,0.029202
326,21619,0.0075949,0.2673,0.028838
326,21620,0.0018964,0.2688,0.028439
326,21621,0.0037969,0.2683,0.028576
326,21622,0.005694,0.2678,0.028709
326,21624,0.007128,0.26618,0.029114
326,21625,0.0047507,0.26556,0.02926
326,21626,0.0023778,0.26493,0.029399
326,21627,0.0095,0.2668,0.028964
326,21628,0.016622,0.26493,0.029399
326,21629,0.014249,0.26556,0.02926
326,21630,0.011872,0.26618,0.029114
329,21632,0.036632,0.26967,0.027146
329,21633,0.034258,0.26905,0.027328
329,21634,0.031889,0.26843,0.027503
329,21635,0.029514,0.26781,0.027673
329,21636,0.027132,0.26843,0.027503
329,21637,0.024756,0.26905,0.027328
329,21638,0.022375,0.26967,0.027146
329,21641,0.021896,0.2688,0.0274
329,21642,0.023797,0.2683,0.027539
329,21643,0.025694,0.2678,0.027674
329,21644,0.027595,0.2673,0.027805
329,21645,0.025698,0.26681,0.027932
329,21646,0.023798,0.26631,0.028056
329,21647,0.021901,0.26581,0.028175
329,21649,0.031422,0.26731,0.027804
329,21650,0.033319,0.26781,0.027673
329,21651,0.035212,0.2683,0.027539
329,21652,0.037108,0.2688,0.0274
329,21655,0.037104,0.26582,0.028172
329,21656,0.035211,0.26632,0.028053
329,21657,0.033315,0.26681,0.027931
329,21659,0.036622,0.26493,0.028375
329,21660,0.034249,0.26556,0.028234
329,21661,0.031872,0.26618,0.028086
329,21662,0.0295,0.2668,0.027933
329,21663,0.027128,0.26618,0.028086
329,21664,0.024751,0.26556,0.028234
329,21665,0.022378,0.26493,0.028375
329,21675,0.027128,0.26618,0.029114
329,21676,0.024751,0.26556,0.02926
329,21677,0.022378,0.26493,0.029399
329,21678,0.0295,0.2668,0.028964
329,21679,0.036622,0.26493,0.029399
329,21680,0.034249,0.26556,0.02926
329,21681,0.031872,0.26618,0.029114
329,21682,0.037104,0.26582,0.029199
329,21683,0.035211,0.26632,0.029082
329,21684,0.033315,0.26681,0.028961
329,21685,0.031422,0.26731,0.028837
329,21686,0.033319,0.26781,0.028708
329,21687,0.035212,0.2683,0.028575
329,21688,0.037108,0.2688,0.028438
329,21689,0.025698,0.26681,0.028963
329,21690,0.023798,0.26631,0.029084
329,21691,0.021901,0.26581,0.029202
329,21692,0.027595,0.2673,0.028838
329,21693,0.021896,0.2688,0.028439
329,21694,0.023797,0.2683,0.028576
329,21695,0.025694,0.2678,0.028709
329,21696,0.027132,0.26843,0.02854
329,21697,0.024756,0.26905,0.028368
329,21698,0.022375,0.26967,0.028188
329,21699,0.029514,0.26781,0.028707
329,21700,0.036632,0.26967,0.028188
329,21701,0.034258,0.26905,0.028368
329,21702,0.031889,0.26843,0.02854
332,21704,0.056632,0.26967,0.027146
332,21705,0.054258,0.26905,0.027328
332,21706,0.051889,0.26843,0.027503
332,21707,0.049514,0.26781,0.027673
332,21708,0.047132,0.26843,0.027503
332,21709,0.044756,0.26905,0.027328
332,21710,0.042375,0.26967,0.027146
332,21713,0.041896,0.2688,0.0274
332,21714,0.043797,0.2683,0.027539
332,21715,0.045694,0.2678,0.027674
332,21716,0.047595,0.2673,0.027805
332,21717,0.045698,0.26681,0.027932
332,21718,0.043798,0.26631,0.028056
332,21719,0.041901,0.26581,0.028175
332,21721,0.051422,0.26731,0.027804
332,21722,0.053319,0.26781,0.027673
332,21723,0.055212,0.2683,0.027539
332,21724,0.057108,0.2688,0.0274
332,21727,0.057104,0.26582,0.028172
332,21728,0.055211,0.26632,0.028053
332,21729,0.053315,0.26681,0.027931
332,21731,0.056622,0.26493,0.028375
332,21732,0.054249,0.26556,0.028234
332,21733,0.051872,0.26618,0.028086
332,21734,0.0495,0.2668,0.027933
332,21735,0.047128,0.26618,0.028086
332,21736,0.044751,0.26556,0.028234
332,21737,0.042378,0.26493,0.028375
332,21747,0.047128,0.26618,0.029114
332,21748,0.044751,0.26556,0.02926
332,21749,0.042378,0.26493,0.029399
332,21750,0.0495,0.2668,0.028964
332,21751,0.056622,0.26493,0.029399
332,21752,0.054249,0.26556,0.02926
332,21753,0.051872,0.26618,0.029114
332,21754,0.057104,0.26582,0.029199
332,21755,0.055211,0.26632,0.029082
332,21756,0.053315,0.26681,0.028961
332,21757,0.051422,0.26731,0.028837
332,21758,0.053319,0.26781,0.028708
332,21759,0.055212,0.2683,0.028575
332,21760,0.057108,0.2688,0.028438
332,21761,0.045698,0.26681,0.028963
332,21762,0.043798,0.26631,0.029084
332,21763,0.041901,0.26581,0.029202
332,21764,0.047595,0.2673,0.028838
332,21765,0.041896,0.2688,0.028439
332,21766,0.043797,0.2683,0.028576
332,21767,0.045694,0.2678,0.028709
332,21768,0.047132,0.26843,0.02854
332,21769,0.044756,0.26905,0.028368
332,21770,0.042375,0.26967,0.028188
332,21771,0.049514,0.26781,0.028707
332,21772,0.056632,0.26967,0.028188
332,21773,0.054258,0.26905,0.028368
332,21774,0.051889,0.26843,0.02854
335,21776,0.017107,0.03782,0.028927
335,21777,0.015211,0.038316,0.029014
335,21778,0.013318,0.038811,0.029097
335,21779,0.011422,0.039308,0.029177
335,21780,0.013315,0.039804,0.029253
335,21781,0.015211,0.040302,0.029325
335,21782,0.017104,0.040799,0.029394
335,21784,0.0095141,0.039807,0.029253
335,21785,0.0071373,0.040429,0.029343
335,21786,0.0047574,0.041051,0.029427
335,21787,0.00238,0.041674,0.029506
335,21790,0.016627,0.041674,0.029506
335,21791,0.014257,0.041051,0.029427
335,21792,0.011884,0.040429,0.029343
335,21793,0.0075949,0.039303,0.029176
335,21794,0.0056949,0.038804,0.029096
335,21795,0.0037971,0.038306,0.029012
335,21796,0.0018973,0.037808,0.028924
335,21799,0.0018998,0.040798,0.029394
335,21800,0.0037977,0.0403,0.029325
335,21801,0.0056973,0.039801,0.029252
335,21802,0.0095,0.038803,0.029096
335,21803,0.0071228,0.038179,0.02899
335,21804,0.0047495,0.037556,0.028879
335,21805,0.0023726,0.036932,0.028762
335,21808,0.016627,0.036932,0.028762
335,21809,0.014251,0.037556,0.028879
335,21810,0.011877,0.038179,0.02899
335,21819,0.016627,0.036932,0.02978
335,21820,0.014251,0.037556,0.029895
335,21821,0.011877,0.038179,0.030005
335,21822,0.0095,0.038803,0.030109
335,21823,0.0071229,0.038179,0.030005
335,21824,0.0047495,0.037556,0.029895
335,21825,0.0023726,0.036932,0.02978
335,21826,0.0018998,0.040798,0.030403
335,21827,0.0037977,0.0403,0.030335
335,21828,0.0056973,0.039801,0.030263
335,21829,0.0075949,0.039303,0.030188
335,21830,0.0056949,0.038804,0.030109
335,21831,0.0037971,0.038306,0.030027
335,21832,0.0018973,0.037808,0.02994
335,21833,0.016627,0.041674,0.030513
335,21834,0.014257,0.041051,0.030436
335,21835,0.011884,0.040429,0.030353
335,21836,0.0095141,0.039807,0.030264
335,21837,0.0071373,0.040429,0.030353
335,21838,0.0047574,0.041051,0.030436
335,21839,0.00238,0.041674,0.030513
335,21840,0.013315,0.039804,0.030264
335,21841,0.015211,0.040302,0.030335
335,21842,0.017104,0.040799,0.030403
335,21843,0.011422,0.039308,0.030189
335,21844,0.017107,0.03782,0.029942
335,21845,0.015211,0.038316,0.030028
335,21846,0.013318,0.038811,0.03011
338,21848,0.036627,0.041674,0.029506
338,21849,0.034257,0.041051,0.029427
338,21850,0.031884,0.040429,0.029343
338,21851,0.029514,0.039807,0.029253
338,21852,0.027137,0.040429,0.029343
338,21853,0.024757,0.041051,0.029427
338,21854,0.02238,0.041674,0.029506
338,21857,0.0219,0.040798,0.029394
338,21858,0.023798,0.0403,0.029325
338,21859,0.025697,0.039801,0.029252
338,21860,0.027595,0.039303,0.029176
338,21861,0.025695,0.038804,0.029096
338,21862,0.023797,0.038306,0.029012
338,21863,0.021897,0.037808,0.028924
338,21865,0.031422,0.039308,0.029177
338,21866,0.033315,0.039804,0.029253
338,21867,0.035211,0.040302,0.029325
338,21868,0.037104,0.040799,0.029394
338,21871,0.037107,0.03782,0.028927
338,21872,0.035211,0.038316,0.029014
338,21873,0.033318,0.038811,0.029097
338,21875,0.036627,0.036932,0.028762
338,21876,0.034251,0.037556,0.028879
338,21877,0.031877,0.038179,0.02899
338,21878,0.0295,0.038803,0.029096
338,21879,0.027123,0.038179,0.02899
338,21880,0.024749,0.037556,0.028879
338,21881,0.022373,0.036932,0.028762
338,21891,0.027123,0.038179,0.030005
338,21892,0.024749,0.037556,0.029895
338,21893,0.022373,0.036932,0.02978
338,21894,0.0295,0.038803,0.030109
338,21895,0.036627,0.036932,0.02978
338,21896,0.034251,0.037556,0.029895
338,21897,0.031877,0.038179,0.030005
338,21898,0.037107,0.03782,0.029942
338,21899,0.035211,0.038316,0.030028
338,21900,0.033318,0.038811,0.03011
338,21901,0.031422,0.039308,0.030189
338,21902,0.033315,0.039804,0.030264
338,21903,0.035211,0.040302,0.030335
338,21904,0.037104,0.040799,0.030403
338,21905,0.025695,0.038804,0.030109
338,21906,0.023797,0.038306,0.030027
338,21907,0.021897,0.037808,0.02994
338,21908,0.027595,0.039303,0.030188
338,21909,0.0219,0.040798,0.030403
338,21910,0.023798,0.0403,0.030335
338,21911,0.025697,0.039801,0.030263
338,21912,0.027137,0.040429,0.030353
338,21913,0.024757,0.041051,0.030436
338,21914,0.02238,0.041674,0.030513
338,21915,0.029514,0.039807,0.030264
338,21916,0.036627,0.041674,0.030513
338,21917,0.034257,0.041051,0.030436
338,21918,0.031884,0.040429,0.030353
341,21920,0.056627,0.041674,0.029506
341,21921,0.054257,0.041051,0.029427
341,21922,0.051884,0.040429,0.029343
341,21923,0.049514,0.039807,0.029253
341,21924,0.047137,0.040429,0.029343
341,21925,0.044757,0.041051,0.029427
341,21926,0.04238,0.041674,0.029506
341,21929,0.0419,0.040798,0.029394
341,21930,0.043798,0.0403,0.029325
341,21931,0.045697,0.039801,0.029252
341,21932,0.047595,0.039303,0.029176
341,21933,0.045695,0.038804,0.029096
341,21934,0.043797,0.038306,0.029012
341,21935,0.041897,0.037808,0.028924
341,21937,0.051422,0.039308,0.029177
341,21938,0.053315,0.039804,0.029253
341,21939,0.055211,0.040302,0.029325
341,21940,0.057104,0.040799,0.029394
341,21943,0.057107,0.03782,0.028927
341,21944,0.055211,0.038316,0.029014
341,21945,0.053318,0.038811,0.029097
341,21947,0.056627,0.036932,0.028762
341,21948,0.054251,0.037556,0.028879
341,21949,0.051877,0.038179,0.02899
341,21950,0.0495,0.038803,0.029096
341,21951,0.047123,0.038179,0.02899
341,21952,0.044749,0.037556,0.028879
341,21953,0.042373,0.036932,0.028762
341,21963,0.047123,0.038179,0.030005
341,21964,0.044749,0.037556,0.029895
341,21965,0.042373,0.036932,0.02978
341,21966,0.0495,0.038803,0.030109
341,21967,0.056627,0.036932,0.02978
341,21968,0.054251,0.037556,0.029895
341,21969,0.051877,0.038179,0.030005
341,21970,0.057107,0.03782,0.029942
341,21971,0.055211,0.038316,0.030028
341,21972,0.053318,0.038811,0.03011
341,21973,0.051422,0.039308,0.030189
341,21974,0.053315,0.039804,0.030264
341,21975,0.055211,0.040302,0.030335
341,21976,0.057104,0.040799,0.030403
341,21977,0.045695,0.038804,0.030109
341,21978,0.043797,0.038306,0.030027
341,21979,0.041897,0.037808,0.02994
341,21980,0.047595,0.039303,0.030188
341,21981,0.0419,0.040798,0.030403
341,21982,0.043798,0.0403,0.030335
341,21983,0.045697,0.039801,0.030263
341,21984,0.047137,0.040429,0.030353
341,21985,0.044757,0.041051,0.030436
341,21986,0.04238,0.041674,0.030513
341,21987,0.049514,0.039807,0.030264
341,21988,0.056627,0.041674,0.030513
341,21989,0.054257,0.041051,0.030436
341,21990,0.051884,0.040429,0.030353
344,21992,0.016627,0.14167,0.029506
344,21993,0.014257,0.14105,0.029427
344,21994,0.011884,0.14043,0.029343
344,21995,0.0095141,0.13981,0.029253
344,21996,0.0071373,0.14043,0.029343
344,21997,0.0047574,0.14105,0.029427
344,21998,0.00238,0.14167,0.029506
344,22001,0.0019007,0.1408,0.029394
344,22002,0.0037977,0.1403,0.029325
344,22003,0.0056973,0.1398,0.029252
344,22004,0.0075949,0.1393,0.029176
344,22005,0.0056949,0.1388,0.029096
344,22006,0.0037971,0.13831,0.029012
344,22007,0.0018973,0.13781,0.028924
344,22009,0.011422,0.13931,0.029177
344,22010,0.013315,0.1398,0.029253
344,22011,0.015211,0.1403,0.029325
344,22012,0.017104,0.1408,0.029394
344,22015,0.017107,0.13782,0.028927
344,22016,0.015211,0.13832,0.029014
344,22017,0.013318,0.13881,0.029097
344,22019,0.016627,0.13693,0.028762
344,22020,0.014251,0.13756,0.028879
344,22021,0.011877,0.13818,0.02899
344,22022,0.0095,0.1388,0.029096
344,22023,0.0071228,0.13818,0.02899
344,22024,0.0047495,0.13756,0.028879
344,22025,0.0023726,0.13693,0.028762
344,22035,0.0071229,0.13818,0.030005
344,22036,0.0047495,0.13756,0.029895
344,22037,0.0023726,0.13693,0.02978
344,22038,0.0095,0.1388,0.030109
344,22039,0.016627,0.13693,0.02978
344,22040,0.014251,0.13756,0.029895
344,22041,0.011877,0.13818,0.030005
344,22042,0.017107,0.13782,0.029942
344,22043,0.015211,0.13832,0.030028
344,22044,0.013318,0.13881,0.03011
344,22045,0.011422,0.13931,0.030189
344,22046,0.013314,0.1398,0.030264
344,22047,0.015211,0.1403,0.030335
344,22048,0.017104,0.1408,0.030403
344,22049,0.0056949,0.1388,0.030109
344,22050,0.0037971,0.13831,0.030027
344,22051,0.0018973,0.13781,0.02994
344,22052,0.0075949,0.1393,0.030188
344,22053,0.0019006,0.1408,0.030403
344,22054,0.0037977,0.1403,0.030335
344,22055,0.0056983,0.1398,0.030263
344,22056,0.0071373,0.14043,0.030353
344,22057,0.0047574,0.14105,0.030436
344,22058,0.00238,0.14167,0.030513
344,22059,0.0095141,0.13981,0.030264
344,22060,0.016627,0.14167,0.030513
344,22061,0.014257,0.14105,0.030436
344,22062,0.011884,0.14043,0.030353
347,22064,0.036627,0.14167,0.029506
347,22065,0.034257,0.14105,0.029427
347,22066,0.031884,0.14043,0.029343
347,22067,0.029514,0.13981,0.029253
347,22068,0.027137,0.14043,0.029343
347,22069,0.024757,0.14105,0.029427
347,22070,0.02238,0.14167,0.029506
347,22073,0.0219,0.1408,0.029394
347,22074,0.023798,0.1403,0.029325
347,22075,0.025697,0.1398,0.029252
347,22076,0.027595,0.1393,0.029176
347,22077,0.025695,0.1388,0.029096
347,22078,0.023797,0.13831,0.029012
347,22079,0.021897,0.13781,0.028924
347,22081,0.031422,0.13931,0.029177
347,22082,0.033315,0.1398,0.029253
347,22083,0.035211,0.1403,0.029325
347,22084,0.037104,0.1408,0.029394
347,22087,0.037107,0.13782,0.028927
347,22088,0.035211,0.13832,0.029014
347,22089,0.033318,0.13881,0.029097
347,22091,0.036627,0.13693,0.028762
347,22092,0.034251,0.13756,0.028879
347,22093,0.031877,0.13818,0.02899
347,22094,0.0295,0.1388,0.029096
347,22095,0.027123,0.13818,0.02899
347,22096,0.024749,0.13756,0.028879
347,22097,0.022373,0.13693,0.028762
347,22107,0.027123,0.13818,0.030005
347,22108,0.024749,0.13756,0.029895
347,22109,0.022373,0.13693,0.02978
347,22110,0.0295,0.1388,0.030109
347,22111,0.036627,0.13693,0.02978
347,22112,0.034251,0.13756,0.029895
347,22113,0.031877,0.13818,0.030005
347,22114,0.037107,0.13782,0.029942
347,22115,0.035211,0.13832,0.030028
347,22116,0.033318,0.13881,0.03011
347,22117,0.031422,0.13931,0.030189
347,22118,0.033315,0.1398,0.030264
347,22119,0.035211,0.1403,0.030335
347,22120,0.037104,0.1408,0.030403
347,22121,0.025695,0.1388,0.030109
347,22122,0.023797,0.13831,0.030027
347,22123,0.021897,0.13781,0.02994
347,22124,0.027595,0.1393,0.030188
347,22125,0.0219,0.1408,0.030403
347,22126,0.023798,0.1403,0.030335
347,22127,0.025697,0.1398,0.030263
347,22128,0.027137,0.14043,0.030353
347,22129,0.024757,0.14105,0.030436
347,22130,0.02238,0.14167,0.030513
347,22131,0.029514,0.13981,0.030264
347,22132,0.036627,0.14167,0.030513
347,22133,0.034257,0.14105,0.030436
347,22134,0.031884,0.14043,0.030353
350,22136,0.056627,0.14167,0.029506
350,22137,0.054257,0.14105,0.029427
350,22138,0.051884,0.14043,0.029343
350,22139,0.049514,0.13981,0.029253
350,22140,0.047137,0.14043,0.029343
350,22141,0.044757,0.14105,0.029427
350,22142,0.04238,0.14167,0.029506
350,22145,0.0419,0.1408,0.029394
350,22146,0.043798,0.1403,0.029325
350,22147,0.045697,0.1398,0.029252
350,22148,0.047595,0.1393,0.029176
350,22149,0.045695,0.1388,0.029096
350,22150,0.043797,0.13831,0.029012
350,22151,0.041897,0.13781,0.028924
350,22153,0.051422,0.13931,0.029177
350,22154,0.053315,0.1398,0.029253
350,22155,0.055211,0.1403,0.029325
350,22156,0.057104,0.1408,0.029394
350,22159,0.057107,0.13782,0.028927
350,22160,0.055211,0.13832,0.029014
350,22161,0.053318,0.13881,0.029097
350,22163,0.056627,0.13693,0.028762
350,22164,0.054251,0.13756,0.028879
350,22165,0.051877,0.13818,0.02899
350,22166,0.0495,0.1388,0.029096
350,22167,0.047123,0.13818,0.02899
350,22168,0.044749,0.13756,0.028879
350,22169,0.042373,0.13693,0.028762
350,22179,0.047123,0.13818,0.030005
350,22180,0.044749,0.13756,0.029895
350,22181,0.042373,0.13693,0.02978
350,22182,0.0495,0.1388,0.030109
350,22183,0.056627,0.13693,0.02978
350,22184,0.054251,0.13756,0.029895
350,22185,0.051877,0.13818,0.030005
350,22186,0.057107,0.13782,0.029942
350,22187,0.055211,0.13832,0.030028
350,22188,0.053318,0.13881,0.03011
350,22189,0.051422,0.13931,0.030189
350,22190,0.053315,0.1398,0.030264
350,22191,0.055211,0.1403,0.030335
350,22192,0.057104,0.1408,0.030403
350,22193,0.045695,0.1388,0.030109
350,22194,0.043797,0.13831,0.030027
350,22195,0.041897,0.13781,0.02994
350,22196,0.047595,0.1393,0.030188
350,22197,0.0419,0.1408,0.030403
350,22198,0.043798,0.1403,0.030335
350,22199,0.045697,0.1398,0.030263
350,22200,0.047137,0.14043,0.030353
350,22201,0.044757,0.14105,0.030436
350,22202,0.04238,0.14167,0.030513
350,22203,0.049514,0.13981,0.030264
350,22204,0.056627,0.14167,0.030513
350,22205,0.054257,0.14105,0.030436
350,22206,0.051884,0.14043,0.030353
353,22208,0.016627,0.23693,0.028762
353,22209,0.014251,0.23756,0.028879
353,22210,0.011877,0.23818,0.02899
353,22211,0.0095,0.2388,0.029096
353,22212,0.0071228,0.23818,0.02899
353,22213,0.0047495,0.23756,0.028879
353,22214,0.0023726,0.23693,0.028762
353,22217,0.0018998,0.2408,0.029394
353,22218,0.0037977,0.2403,0.029325
353,22219,0.0056973,0.2398,0.029252
353,22220,0.0075949,0.2393,0.029176
353,22221,0.0056949,0.2388,0.029096
353,22222,0.0037971,0.23831,0.029012
353,22223,0.0018973,0.23781,0.028924
353,22226,0.016627,0.24167,0.029506
353,22227,0.014257,0.24105,0.029427
353,22228,0.011884,0.24043,0.029343
353,22229,0.0095141,0.23981,0.029253
353,22230,0.0071373,0.24043,0.029343
353,22231,0.0047574,0.24105,0.029427
353,22232,0.00238,0.24167,0.029506
353,22234,0.011422,0.23931,0.029177
353,22235,0.013315,0.2398,0.029253
353,22236,0.015211,0.2403,0.029325
353,22237,0.017104,0.2408,0.029394
353,22240,0.017107,0.23782,0.028927
353,22241,0.015211,0.23832,0.029014
353,22242,0.013318,0.23881,0.029097
353,22251,0.017107,0.23782,0.029942
353,22252,0.015211,0.23832,0.030028
353,22253,0.013318,0.23881,0.03011
353,22254,0.011422,0.23931,0.030189
353,22255,0.013315,0.2398,0.030264
353,22256,0.015211,0.2403,0.030335
353,22257,0.017104,0.2408,0.030403
353,22258,0.0071373,0.24043,0.030353
353,22259,0.0047574,0.24105,0.030436
353,22260,0.00238,0.24167,0.030513
353,22261,0.0095141,0.23981,0.030264
353,22262,0.016627,0.24167,0.030513
353,22263,0.014257,0.24105,0.030436
353,22264,0.011884,0.24043,0.030353
353,22265,0.0056949,0.2388,0.030109
353,22266,0.0037971,0.23831,0.030027
353,22267,0.0018973,0.23781,0.02994
353,22268,0.0075949,0.2393,0.030188
353,22269,0.0018998,0.2408,0.030403
353,22270,0.0037977,0.2403,0.030335
353,22271,0.0056973,0.2398,0.030263
353,22272,0.0071229,0.23818,0.030005
353,22273,0.0047495,0.23756,0.029895
353,22274,0.0023726,0.23693,0.02978
353,22275,0.0095,0.2388,0.030109
353,22276,0.016627,0.23693,0.02978
353,22277,0.014251,0.23756,0.029895
353,22278,0.011877,0.23818,0.030005
356,22280,0.036627,0.24167,0.029506
356,22281,0.034257,0.24105,0.029427
356,22282,0.031884,0.24043,0.029343
356,22283,0.029514,0.23981,0.029253
356,22284,0.027137,0.24043,0.029343
356,22285,0.024757,0.24105,0.029427
356,22286,0.02238,0.24167,0.029506
356,22289,0.0219,0.2408,0.029394
356,22290,0.023798,0.2403,0.029325
356,22291,0.025697,0.2398,0.029252
356,22292,0.027595,0.2393,0.029176
356,22293,0.025695,0.2388,0.029096
356,22294,0.023797,0.23831,0.029012
356,22295,0.021897,0.23781,0.028924
356,22297,0.031422,0.23931,0.029177
356,22298,0.033315,0.2398,0.029253
356,22299,0.035211,0.2403,0.029325
356,22300,0.037104,0.2408,0.029394
356,22303,0.037107,0.23782,0.028927
356,22304,0.035211,0.23832,0.029014
356,22305,0.033318,0.23881,0.029097
356,22307,0.036627,0.23693,0.028762
356,22308,0.034251,0.23756,0.028879
356,22309,0.031877,0.23818,0.02899
356,22310,0.0295,0.2388,0.029096
356,22311,0.027123,0.23818,0.02899
356,22312,0.024749,0.23756,0.028879
356,22313,0.022373,0.23693,0.028762
356,22323,0.027123,0.23818,0.030005
356,22324,0.024749,0.23756,0.029895
356,22325,0.022373,0.23693,0.02978
356,22326,0.0295,0.2388,0.030109
356,22327,0.036627,0.23693,0.02978
356,22328,0.034251,0.23756,0.029895
356,22329,0.031877,0.23818,0.030005
356,22330,0.037107,0.23782,0.029942
356,22331,0.035211,0.23832,0.030028
356,22332,0.033318,0.23881,0.03011
356,22333,0.031422,0.23931,0.030189
356,22334,0.033315,0.2398,0.030264
356,22335,0.035211,0.2403,0.030335
356,22336,0.037104,0.2408,0.030403
356,22337,0.025695,0.2388,0.030109
356,22338,0.023797,0.23831,0.030027
356,22339,0.021897,0.23781,0.02994
356,22340,0.027595,0.2393,0.030188
356,22341,0.0219,0.2408,0.030403
356,22342,0.023798,0.2403,0.030335
356,22343,0.025697,0.2398,0.030263
356,22344,0.027137,0.24043,0.030353
356,22345,0.024757,0.24105,0.030436
356,22346,0.02238,0.24167,0.030513
356,22347,0.029514,0.23981,0.030264
356,22348,0.036627,0.24167,0.030513
356,22349,0.034257,0.24105,0.030436
356,22350,0.031884,0.24043,0.030353
359,22352,0.056627,0.24167,0.029506
359,22353,0.054257,0.24105,0.029427
359,22354,0.051884,0.24043,0.029343
359,22355,0.049514,0.23981,0.029253
359,22356,0.047137,0.24043,0.029343
359,22357,0.044757,0.24105,0.029427
359,22358,0.04238,0.24167,0.029506
359,22361,0.0419,0.2408,0.029394
359,22362,0.043798,0.2403,0.029325
359,22363,0.045697,0.2398,0.029252
359,22364,0.047595,0.2393,0.029176
359,22365,0.045695,0.2388,0.029096
359,22366,0.043797,0.23831,0.029012
359,22367,0.041897,0.23781,0.028924
359,22369,0.051422,0.23931,0.029177
359,22370,0.053315,0.2398,0.029253
359,22371,0.055211,0.2403,0.029325
359,22372,0.057104,0.2408,0.029394
359,22375,0.057107,0.23782,0.028927
359,22376,0.055211,0.23832,0.029014
359,22377,0.053318,0.23881,0.029097
359,22379,0.056627,0.23693,0.028762
359,22380,0.054251,0.23756,0.028879
359,22381,0.051877,0.23818,0.02899
359,22382,0.0495,0.2388,0.029096
359,22383,0.047123,0.23818,0.02899
359,22384,0.044749,0.23756,0.028879
359,22385,0.042373,0.23693,0.028762
359,22395,0.047123,0.23818,0.030005
359,22396,0.044749,0.23756,0.029895
359,22397,0.042373,0.23693,0.02978
359,22398,0.0495,0.2388,0.030109
359,22399,0.056627,0.23693,0.02978
359,22400,0.054251,0.23756,0.029895
359,22401,0.051877,0.23818,0.030005
359,22402,0.057107,0.23782,0.029942
359,22403,0.055211,0.23832,0.030028
359,22404,0.053318,0.23881,0.03011
359,22405,0.051422,0.23931,0.030189
359,22406,0.053315,0.2398,0.030264
359,22407,0.055211,0.2403,0.030335
359,22408,0.057104,0.2408,0.030403
359,22409,0.045695,0.2388,0.030109
359,22410,0.043797,0.23831,0.030027
359,22411,0.041897,0.23781,0.02994
359,22412,0.047595,0.2393,0.030188
359,22413,0.0419,0.2408,0.030403
359,22414,0.043798,0.2403,0.030335
359,22415,0.045697,0.2398,0.030263
359,22416,0.047137,0.24043,0.030353
359,22417,0.044757,0.24105,0.030436
359,22418,0.04238,0.24167,0.030513
359,22419,0.049514,0.23981,0.030264
359,22420,0.056627,0.24167,0.030513
359,22421,0.054257,0.24105,0.030436
359,22422,0.051884,0.24043,0.030353
362,22424,0.017104,0.058821,0.029444
362,22425,0.015211,0.059316,0.029378
362,22426,0.013315,0.059812,0.029309
362,22427,0.011422,0.060308,0.029236
362,22428,0.013318,0.060805,0.029159
362,22429,0.015211,0.061302,0.029078
362,22430,0.017107,0.0618,0.028994
362,22432,0.0095141,0.060807,0.029159
362,22433,0.0071335,0.06143,0.029057
362,22434,0.0047565,0.062052,0.02895
362,22435,0.0023762,0.062675,0.028836
362,22438,0.016631,0.062675,0.028836
362,22439,0.014258,0.062052,0.02895
362,22440,0.011888,0.06143,0.029057
362,22441,0.0075949,0.060303,0.029237
362,22442,0.0056973,0.059805,0.02931
362,22443,0.0037977,0.059307,0.02938
362,22444,0.0018997,0.058808,0.029446
362,22447,0.0018974,0.061798,0.028994
362,22448,0.0037971,0.0613,0.029079
362,22449,0.0056949,0.060802,0.029159
362,22450,0.0095,0.059803,0.02931
362,22451,0.0071266,0.05918,0.029397
362,22452,0.0047504,0.058557,0.029478
362,22453,0.0023764,0.057933,0.029553
362,22456,0.016624,0.057933,0.029553
362,22457,0.01425,0.058557,0.029478
362,22458,0.011873,0.05918,0.029397
362,22467,0.016624,0.057933,0.030559
362,22468,0.01425,0.058557,0.030485
362,22469,0.011873,0.05918,0.030406
362,22470,0.0095,0.059803,0.03032
362,22471,0.0071266,0.05918,0.030406
362,22472,0.0047503,0.058557,0.030485
362,22473,0.0023764,0.057933,0.030559
362,22474,0.0018974,0.061798,0.030009
362,22475,0.0037972,0.0613,0.030092
362,22476,0.0056949,0.060802,0.030172
362,22477,0.0075949,0.060303,0.030248
362,22478,0.0056973,0.059805,0.03032
362,22479,0.0037977,0.059307,0.030389
362,22480,0.0018997,0.058808,0.030454
362,22481,0.016631,0.062675,0.029853
362,22482,0.014258,0.062052,0.029965
362,22483,0.011888,0.06143,0.030071
362,22484,0.0095141,0.060807,0.030171
362,22485,0.0071335,0.06143,0.030071
362,22486,0.0047565,0.062052,0.029965
362,22487,0.0023762,0.062675,0.029853
362,22488,0.013318,0.060805,0.030171
362,22489,0.015211,0.061302,0.030092
362,22490,0.017107,0.0618,0.030009
362,22491,0.011422,0.060308,0.030247
362,22492,0.017105,0.058821,0.030452
362,22493,0.015211,0.059316,0.030388
362,22494,0.013315,0.059812,0.030319
365,22496,0.036631,0.062675,0.028836
365,22497,0.034258,0.062052,0.02895
365,22498,0.031888,0.06143,0.029057
365,22499,0.029514,0.060807,0.029159
365,22500,0.027133,0.06143,0.029057
365,22501,0.024757,0.062052,0.02895
365,22502,0.022376,0.062675,0.028836
365,22505,0.021897,0.061798,0.028994
365,22506,0.023797,0.0613,0.029079
365,22507,0.025695,0.060802,0.029159
365,22508,0.027595,0.060303,0.029237
365,22509,0.025697,0.059805,0.02931
365,22510,0.023798,0.059307,0.02938
365,22511,0.0219,0.058808,0.029446
365,22513,0.031422,0.060308,0.029236
365,22514,0.033318,0.060805,0.029159
365,22515,0.035211,0.061302,0.029078
365,22516,0.037107,0.0618,0.028994
365,22519,0.037104,0.058821,0.029444
365,22520,0.035211,0.059316,0.029378
365,22521,0.033315,0.059812,0.029309
365,22523,0.036624,0.057933,0.029553
365,22524,0.03425,0.058557,0.029478
365,22525,0.031873,0.05918,0.029397
365,22526,0.0295,0.059803,0.02931
365,22527,0.027127,0.05918,0.029397
365,22528,0.02475,0.058557,0.029478
365,22529,0.022376,0.057933,0.029553
365,22539,0.027127,0.05918,0.030406
365,22540,0.02475,0.058557,0.030485
365,22541,0.022376,0.057933,0.030559
365,22542,0.0295,0.059803,0.03032
365,22543,0.036624,0.057933,0.030559
365,22544,0.03425,0.058557,0.030485
365,22545,0.031873,0.05918,0.030406
365,22546,0.037105,0.058821,0.030452
365,22547,0.035211,0.059316,0.030388
365,22548,0.033315,0.059812,0.030319
365,22549,0.031422,0.060308,0.030247
365,22550,0.033318,0.060805,0.030171
365,22551,0.035211,0.061302,0.030092
365,22552,0.037107,0.0618,0.030009
365,22553,0.025697,0.059805,0.03032
365,22554,0.023798,0.059307,0.030389
365,22555,0.0219,0.058808,0.030454
365,22556,0.027595,0.060303,0.030248
365,22557,0.021897,0.061798,0.030009
365,22558,0.023797,0.0613,0.030092
365,22559,0.025695,0.060802,0.030172
365,22560,0.027133,0.06143,0.030071
365,22561,0.024757,0.062052,0.029965
365,22562,0.022376,0.062675,0.029853
365,22563,0.029514,0.060807,0.030171
365,22564,0.036631,0.062675,0.029853
365,22565,0.034258,0.062052,0.029965
365,22566,0.031888,0.06143,0.030071
368,22568,0.056631,0.062675,0.028836
368,22569,0.054258,0.062052,0.02895
368,22570,0.051888,0.06143,0.029057
368,22571,0.049514,0.060807,0.029159
368,22572,0.047133,0.06143,0.029057
368,22573,0.044757,0.062052,0.02895
368,22574,0.042376,0.062675,0.028836
368,22577,0.041897,0.061798,0.028994
368,22578,0.043797,0.0613,0.029079
368,22579,0.045695,0.060802,0.029159
368,22580,0.047595,0.060303,0.029237
368,22581,0.045697,0.059805,0.02931
368,22582,0.043798,0.059307,0.02938
368,22583,0.0419,0.058808,0.029446
368,22585,0.051422,0.060308,0.029236
368,22586,0.053318,0.060805,0.029159
368,22587,0.055211,0.061302,0.029078
368,22588,0.057107,0.0618,0.028994
368,22591,0.057104,0.058821,0.029444
368,22592,0.055211,0.059316,0.029378
368,22593,0.053315,0.059812,0.029309
368,22595,0.056624,0.057933,0.029553
368,22596,0.05425,0.058557,0.029478
368,22597,0.051873,0.05918,0.029397
368,22598,0.0495,0.059803,0.02931
368,22599,0.047127,0.05918,0.029397
368,22600,0.04475,0.058557,0.029478
368,22601,0.042376,0.057933,0.029553
368,22611,0.047127,0.05918,0.030406
368,22612,0.04475,0.058557,0.030485
368,22613,0.042376,0.057933,0.030559
368,22614,0.0495,0.059803,0.03032
368,22615,0.056624,0.057933,0.030559
368,22616,0.05425,0.058557,0.030485
368,22617,0.051873,0.05918,0.030406
368,22618,0.057105,0.058821,0.030452
368,22619,0.055211,0.059316,0.030388
368,22620,0.053315,0.059812,0.030319
368,22621,0.051422,0.060308,0.030247
368,22622,0.053318,0.060805,0.030171
368,22623,0.055211,0.061302,0.030092
368,22624,0.057107,0.0618,0.030009
368,22625,0.045697,0.059805,0.03032
368,22626,0.043798,0.059307,0.030389
368,22627,0.0419,0.058808,0.030454
368,22628,0.047595,0.060303,0.030248
368,22629,0.041897,0.061798,0.030009
368,22630,0.043797,0.0613,0.030092
368,22631,0.045695,0.060802,0.030172
368,22632,0.047133,0.06143,0.030071
368,22633,0.044757,0.062052,0.029965
368,22634,0.042376,0.062675,0.029853
368,22635,0.049514,0.060807,0.030171
368,22636,0.056631,0.062675,0.029853
368,22637,0.054258,0.062052,0.029965
368,22638,0.051888,0.06143,0.030071
371,22639,0.011422,0.16031,0.029236
371,22640,0.013318,0.16081,0.029159
371,22641,0.015211,0.1613,0.029078
371,22642,0.017107,0.1618,0.028994
371,22645,0.017104,0.15882,0.029444
371,22646,0.015211,0.15932,0.029378
371,22647,0.013315,0.15981,0.029309
371,22651,0.016624,0.15793,0.029553
371,22652,0.01425,0.15856,0.029478
371,22653,0.011873,0.15918,0.029397
371,22654,0.0095,0.1598,0.02931
371,22655,0.0071266,0.15918,0.029397
371,22656,0.0047504,0.15856,0.029478
371,22657,0.0023764,0.15793,0.029553
371,22659,0.0018974,0.1618,0.028994
371,22660,0.0037971,0.1613,0.029079
371,22661,0.0056949,0.1608,0.029159
371,22662,0.0075949,0.1603,0.029237
371,22663,0.0056973,0.15981,0.02931
371,22664,0.0037977,0.15931,0.02938
371,22665,0.0018997,0.15881,0.029446
371,22667,0.0095141,0.16081,0.029159
371,22668,0.0071335,0.16143,0.029057
371,22669,0.0047565,0.16205,0.02895
371,22670,0.0023762,0.16267,0.028836
371,22672,0.016631,0.16267,0.028836
371,22673,0.014258,0.16205,0.02895
371,22674,0.011888,0.16143,0.029057
371,22679,0.016631,0.16267,0.029853
371,22680,0.014258,0.16205,0.029965
371,22681,0.011888,0.16143,0.030071
371,22682,0.0095141,0.16081,0.030171
371,22683,0.0071335,0.16143,0.030071
371,22684,0.0047565,0.16205,0.029965
371,22685,0.0023762,0.16267,0.029853
371,22687,0.0056973,0.15981,0.03032
371,22688,0.0037977,0.15931,0.030389
371,22689,0.0018997,0.15881,0.030454
371,22690,0.0075949,0.1603,0.030248
371,22691,0.0018974,0.1618,0.030009
371,22692,0.0037972,0.1613,0.030092
371,22693,0.0056949,0.1608,0.030172
371,22695,0.0071266,0.15918,0.030406
371,22696,0.0047503,0.15856,0.030485
371,22697,0.0023764,0.15793,0.030559
371,22698,0.0095,0.1598,0.03032
371,22699,0.016624,0.15793,0.030559
371,22700,0.01425,0.15856,0.030485
371,22701,0.011873,0.15918,0.030406
371,22704,0.017105,0.15882,0.030452
371,22705,0.015211,0.15932,0.030388
371,22706,0.013315,0.15981,0.030319
371,22707,0.011422,0.16031,0.030247
371,22708,0.013318,0.16081,0.030171
371,22709,0.015211,0.1613,0.030092
371,22710,0.017107,0.1618,0.030009
374,22712,0.036631,0.16267,0.028836
374,22713,0.034258,0.16205,0.02895
374,22714,0.031888,0.16143,0.029057
374,22715,0.029514,0.16081,0.029159
374,22716,0.027133,0.16143,0.029057
374,22717,0.024757,0.16205,0.02895
374,22718,0.022376,0.16267,0.028836
374,22721,0.021897,0.1618,0.028994
374,22722,0.023797,0.1613,0.029079
374,22723,0.025695,0.1608,0.029159
374,22724,0.027595,0.1603,0.029237
374,22725,0.025697,0.15981,0.02931
374,22726,0.023798,0.15931,0.02938
374,22727,0.0219,0.15881,0.029446
374,22729,0.031422,0.16031,0.029236
374,22730,0.033318,0.16081,0.029159
374,22731,0.035211,0.1613,0.029078
374,22732,0.037107,0.1618,0.028994
374,22735,0.037104,0.15882,0.029444
374,22736,0.035211,0.15932,0.029378
374,22737,0.033315,0.15981,0.029309
374,22739,0.036624,0.15793,0.029553
374,22740,0.03425,0.15856,0.029478
374,22741,0.031873,0.15918,0.029397
374,22742,0.0295,0.1598,0.02931
374,22743,0.027127,0.15918,0.029397
374,22744,0.02475,0.15856,0.029478
374,22745,0.022376,0.15793,0.029553
374,22755,0.027127,0.15918,0.030406
374,22756,0.02475,0.15856,0.030485
374,22757,0.022376,0.15793,0.030559
374,22758,0.0295,0.1598,0.03032
374,22759,0.036624,0.15793,0.030559
374,22760,0.03425,0.15856,0.030485
374,22761,0.031873,0.15918,0.030406
374,22762,0.037105,0.15882,0.030452
374,22763,0.035211,0.15932,0.030388
374,22764,0.033315,0.15981,0.030319
374,22765,0.031422,0.16031,0.030247
374,22766,0.033318,0.16081,0.030171
374,22767,0.035211,0.1613,0.030092
374,22768,0.037107,0.1618,0.030009
374,22769,0.025697,0.15981,0.03032
374,22770,0.023798,0.15931,0.030389
374,22771,0.0219,0.15881,0.030454
374,22772,0.027595,0.1603,0.030248
374,22773,0.021897,0.1618,0.030009
374,22774,0.023797,0.1613,0.030092
374,22775,0.025695,0.1608,0.030172
374,22776,0.027133,0.16143,0.030071
374,22777,0.024757,0.16205,0.029965
374,22778,0.022376,0.16267,0.029853
374,22779,0.029514,0.16081,0.030171
374,22780,0.036631,0.16267,0.029853
374,22781,0.034258,0.16205,0.029965
374,22782,0.031888,0.16143,0.030071
377,22783,0.051422,0.16031,0.029236
377,22784,0.053318,0.16081,0.029159
377,22785,0.055211,0.1613,0.029078
377,22786,0.057107,0.1618,0.028994
377,22789,0.057104,0.15882,0.029444
377,22790,0.055211,0.15932,0.029378
377,22791,0.053315,0.15981,0.029309
377,22795,0.056624,0.15793,0.029553
377,22796,0.05425,0.15856,0.029478
377,22797,0.051873,0.15918,0.029397
377,22798,0.0495,0.1598,0.02931
377,22799,0.047127,0.15918,0.029397
377,22800,0.04475,0.15856,0.029478
377,22801,0.042376,0.15793,0.029553
377,22803,0.041897,0.1618,0.028994
377,22804,0.043797,0.1613,0.029079
377,22805,0.045695,0.1608,0.029159
377,22806,0.047595,0.1603,0.029237
377,22807,0.045697,0.15981,0.02931
377,22808,0.043798,0.15931,0.02938
377,22809,0.0419,0.15881,0.029446
377,22811,0.049514,0.16081,0.029159
377,22812,0.047133,0.16143,0.029057
377,22813,0.044757,0.16205,0.02895
377,22814,0.042376,0.16267,0.028836
377,22816,0.056631,0.16267,0.028836
377,22817,0.054258,0.16205,0.02895
377,22818,0.051888,0.16143,0.029057
377,22823,0.056631,0.16267,0.029853
377,22824,0.054258,0.16205,0.029965
377,22825,0.051888,0.16143,0.030071
377,22826,0.049514,0.16081,0.030171
377,22827,0.047133,0.16143,0.030071
377,22828,0.044757,0.16205,0.029965
377,22829,0.042376,0.16267,0.029853
377,22831,0.045697,0.15981,0.03032
377,22832,0.043798,0.15931,0.030389
377,22833,0.0419,0.15881,0.030454
377,22834,0.047595,0.1603,0.030248
377,22835,0.041897,0.1618,0.030009
377,22836,0.043797,0.1613,0.030092
377,22837,0.045695,0.1608,0.030172
377,22839,0.047127,0.15918,0.030406
377,22840,0.04475,0.15856,0.030485
377,22841,0.042376,0.15793,0.030559
377,22842,0.0495,0.1598,0.03032
377,22843,0.056624,0.15793,0.030559
377,22844,0.05425,0.15856,0.030485
377,22845,0.051873,0.15918,0.030406
377,22848,0.057105,0.15882,0.030452
377,22849,0.055211,0.15932,0.030388
377,22850,0.053315,0.15981,0.030319
377,22851,0.051422,0.16031,0.030247
377,22852,0.053318,0.16081,0.030171
377,22853,0.055211,0.1613,0.030092
377,22854,0.057107,0.1618,0.030009
380,22855,0.0095,0.2598,0.02931
380,22856,0.0071266,0.25918,0.029397
380,22857,0.0047504,0.25856,0.029478
380,22858,0.0023764,0.25793,0.029553
380,22861,0.016624,0.25793,0.029553
380,22862,0.01425,0.25856,0.029478
380,22863,0.011873,0.25918,0.029397
380,22865,0.017104,0.25882,0.029444
380,22866,0.015211,0.25932,0.029378
380,22867,0.013315,0.25981,0.029309
380,22868,0.011422,0.26031,0.029236
380,22869,0.013318,0.26081,0.029159
380,22870,0.015211,0.2613,0.029078
380,22871,0.017107,0.2618,0.028994
380,22873,0.0075949,0.2603,0.029237
380,22874,0.0056973,0.25981,0.02931
380,22875,0.0037977,0.25931,0.02938
380,22876,0.0018997,0.25881,0.029446
380,22879,0.0018974,0.2618,0.028994
380,22880,0.0037971,0.2613,0.029079
380,22881,0.0056949,0.2608,0.029159
380,22882,0.0095141,0.26081,0.029159
380,22883,0.0071335,0.26143,0.029057
380,22884,0.0047565,0.26205,0.02895
380,22885,0.0023762,0.26267,0.028836
380,22888,0.016631,0.26267,0.028836
380,22889,0.014258,0.26205,0.02895
380,22890,0.011888,0.26143,0.029057
380,22899,0.016631,0.26267,0.029853
380,22900,0.014258,0.26205,0.029965
380,22901,0.011888,0.26143,0.030071
380,22902,0.0095141,0.26081,0.030171
380,22903,0.0071335,0.26143,0.030071
380,22904,0.0047565,0.26205,0.029965
380,22905,0.0023762,0.26267,0.029853
380,22906,0.0018974,0.2618,0.030009
380,22907,0.0037972,0.2613,0.030092
380,22908,0.0056949,0.2608,0.030172
380,22909,0.0075949,0.2603,0.030248
380,22910,0.0056973,0.25981,0.03032
380,22911,0.0037977,0.25931,0.030389
380,22912,0.0018997,0.25881,0.030454
380,22913,0.013318,0.26081,0.030171
380,22914,0.015211,0.2613,0.030092
380,22915,0.017107,0.2618,0.030009
380,22916,0.011422,0.26031,0.030247
380,22917,0.017105,0.25882,0.030452
380,22918,0.015211,0.25932,0.030388
380,22919,0.013315,0.25981,0.030319
380,22920,0.016624,0.25793,0.030559
380,22921,0.01425,0.25856,0.030485
380,22922,0.011873,0.25918,0.030406
380,22923,0.0095,0.2598,0.03032
380,22924,0.0071266,0.25918,0.030406
380,22925,0.0047503,0.25856,0.030485
380,22926,0.0023764,0.25793,0.030559
383,22928,0.036631,0.26267,0.028836
383,22929,0.034258,0.26205,0.02895
383,22930,0.031888,0.26143,0.029057
383,22931,0.029514,0.26081,0.029159
383,22932,0.027133,0.26143,0.029057
383,22933,0.024757,0.26205,0.02895
383,22934,0.022376,0.26267,0.028836
383,22937,0.021897,0.2618,0.028994
383,22938,0.023797,0.2613,0.029079
383,22939,0.025695,0.2608,0.029159
383,22940,0.027595,0.2603,0.029237
383,22941,0.025697,0.25981,0.02931
383,22942,0.023798,0.25931,0.02938
383,22943,0.0219,0.25881,0.029446
383,22945,0.031422,0.26031,0.029236
383,22946,0.033318,0.26081,0.029159
383,22947,0.035211,0.2613,0.029078
383,22948,0.037107,0.2618,0.028994
383,22951,0.037104,0.25882,0.029444
383,22952,0.035211,0.25932,0.029378
383,22953,0.033315,0.25981,0.029309
383,22955,0.036624,0.25793,0.029553
383,22956,0.03425,0.25856,0.029478
383,22957,0.031873,0.25918,0.029397
383,22958,0.0295,0.2598,0.02931
383,22959,0.027127,0.25918,0.029397
383,22960,0.02475,0.25856,0.029478
383,22961,0.022376,0.25793,0.029553
383,22971,0.027127,0.25918,0.030406
383,22972,0.02475,0.25856,0.030485
383,22973,0.022376,0.25793,0.030559
383,22974,0.0295,0.2598,0.03032
383,22975,0.036624,0.25793,0.030559
383,22976,0.03425,0.25856,0.030485
383,22977,0.031873,0.25918,0.030406
383,22978,0.037105,0.25882,0.030452
383,22979,0.035211,0.25932,0.030388
383,22980,0.033315,0.25981,0.030319
383,22981,0.031422,0.26031,0.030247
383,22982,0.033318,0.26081,0.030171
383,22983,0.035211,0.2613,0.030092
383,22984,0.037107,0.2618,0.030009
383,22985,0.025697,0.25981,0.03032
383,22986,0.023798,0.25931,0.030389
383,22987,0.0219,0.25881,0.030454
383,22988,0.027595,0.2603,0.030248
383,22989,0.021897,0.2618,0.030009
383,22990,0.023797,0.2613,0.030092
383,22991,0.025695,0.2608,0.030172
383,22992,0.027133,0.26143,0.030071
383,22993,0.024757,0.26205,0.029965
383,22994,0.022376,0.26267,0.029853
383,22995,0.029514,0.26081,0.030171
383,22996,0.036631,0.26267,0.029853
383,22997,0.034258,0.26205,0.029965
383,22998,0.031888,0.26143,0.030071
386,23000,0.056631,0.26267,0.028836
386,23001,0.054258,0.26205,0.02895
386,23002,0.051888,0.26143,0.029057
386,23003,0.049514,0.26081,0.029159
386,23004,0.047133,0.26143,0.029057
386,23005,0.044757,0.26205,0.02895
386,23006,0.042376,0.26267,0.028836
386,23009,0.041897,0.2618,0.028994
386,23010,0.043797,0.2613,0.029079
386,23011,0.045695,0.2608,0.029159
386,23012,0.047595,0.2603,0.029237
386,23013,0.045697,0.25981,0.02931
386,23014,0.043798,0.25931,0.02938
386,23015,0.0419,0.25881,0.029446
386,23017,0.051422,0.26031,0.029236
386,23018,0.053318,0.26081,0.029159
386,23019,0.055211,0.2613,0.029078
386,23020,0.057107,0.2618,0.028994
386,23023,0.057104,0.25882,0.029444
386,23024,0.055211,0.25932,0.029378
386,23025,0.053315,0.25981,0.029309
386,23027,0.056624,0.25793,0.029553
386,23028,0.05425,0.25856,0.029478
386,23029,0.051873,0.25918,0.029397
386,23030,0.0495,0.2598,0.02931
386,23031,0.047127,0.25918,0.029397
386,23032,0.04475,0.25856,0.029478
386,23033,0.042376,0.25793,0.029553
386,23043,0.047127,0.25918,0.030406
386,23044,0.04475,0.25856,0.030485
386,23045,0.042376,0.25793,0.030559
386,23046,0.0495,0.2598,0.03032
386,23047,0.056624,0.25793,0.030559
386,23048,0.05425,0.25856,0.030485
386,23049,0.051873,0.25918,0.030406
386,23050,0.057105,0.25882,0.030452
386,23051,0.055211,0.25932,0.030388
386,23052,0.053315,0.25981,0.030319
386,23053,0.051422,0.26031,0.030247
386,23054,0.053318,0.26081,0.030171
386,23055,0.055211,0.2613,0.030092
386,23056,0.057107,0.2618,0.030009
386,23057,0.045697,0.25981,0.03032
386,23058,0.043798,0.25931,0.030389
386,23059,0.0419,0.25881,0.030454
386,23060,0.047595,0.2603,0.030248
386,23061,0.041897,0.2618,0.030009
386,23062,0.043797,0.2613,0.030092
386,23063,0.045695,0.2608,0.030172
386,23064,0.047133,0.26143,0.030071
386,23065,0.044757,0.26205,0.029965
386,23066,0.042376,0.26267,0.029853
386,23067,0.049514,0.26081,0.030171
386,23068,0.056631,0.26267,0.029853
386,23069,0.054258,0.26205,0.029965
386,23070,0.051888,0.26143,0.030071
389,23072,0.017106,0.04482,0.029816
389,23073,0.015211,0.045316,0.029851
389,23074,0.013317,0.045812,0.029883
389,23075,0.011422,0.046308,0.029911
389,23076,0.013315,0.046804,0.029936
389,23077,0.015211,0.047302,0.029957
389,23078,0.017105,0.047799,0.029975
389,23080,0.0095141,0.046807,0.029936
389,23081,0.0071364,0.047429,0.029962
389,23082,0.0047571,0.048052,0.029983
389,23083,0.002379,0.048674,0.029997
389,23086,0.016628,0.048674,0.029997
389,23087,0.014257,0.048052,0.029983
389,23088,0.011885,0.047429,0.029962
389,23089,0.0075949,0.046303,0.029911
389,23090,0.0056957,0.045805,0.029883
389,23091,0.0037973,0.045306,0.02985
389,23092,0.0018981,0.044808,0.029815
389,23095,0.0018997,0.047798,0.029975
389,23096,0.0037975,0.0473,0.029957
389,23097,0.0056973,0.046801,0.029936
389,23098,0.0095,0.045803,0.029882
389,23099,0.0071234,0.045179,0.029842
389,23100,0.0047498,0.044556,0.029795
389,23101,0.0023731,0.043933,0.029743
389,23104,0.016627,0.043933,0.029743
389,23105,0.01425,0.044556,0.029795
389,23106,0.011877,0.045179,0.029842
389,23115,0.016627,0.043933,0.030747
389,23116,0.01425,0.044556,0.030798
389,23117,0.011877,0.045179,0.030844
389,23118,0.0095,0.045803,0.030884
389,23119,0.0071235,0.045179,0.030844
389,23120,0.0047498,0.044556,0.030798
389,23121,0.0023731,0.043933,0.030747
389,23122,0.0018997,0.047798,0.030976
389,23123,0.0037975,0.0473,0.030958
389,23124,0.0056973,0.046801,0.030937
389,23125,0.0075949,0.046303,0.030913
389,23126,0.0056957,0.045805,0.030884
389,23127,0.0037973,0.045306,0.030853
389,23128,0.0018981,0.044808,0.030817
389,23129,0.016628,0.048674,0.030998
389,23130,0.014257,0.048052,0.030983
389,23131,0.011885,0.047429,0.030963
389,23132,0.0095141,0.046807,0.030937
389,23133,0.0071364,0.047429,0.030963
389,23134,0.0047571,0.048052,0.030983
389,23135,0.002379,0.048674,0.030998
389,23136,0.013315,0.046804,0.030937
389,23137,0.015211,0.047302,0.030958
389,23138,0.017105,0.047799,0.030976
389,23139,0.011422,0.046308,0.030913
389,23140,0.017106,0.04482,0.030818
389,23141,0.015211,0.045316,0.030853
389,23142,0.013317,0.045812,0.030885
392,23144,0.036628,0.048674,0.029997
392,23145,0.034257,0.048052,0.029983
392,23146,0.031885,0.047429,0.029962
392,23147,0.029514,0.046807,0.029936
392,23148,0.027136,0.047429,0.029962
392,23149,0.024757,0.048052,0.029983
392,23150,0.022379,0.048674,0.029997
392,23153,0.021899,0.047798,0.029975
392,23154,0.023798,0.0473,0.029957
392,23155,0.025697,0.046801,0.029936
392,23156,0.027595,0.046303,0.029911
392,23157,0.025696,0.045805,0.029883
392,23158,0.023797,0.045306,0.02985
392,23159,0.021898,0.044808,0.029815
392,23161,0.031422,0.046308,0.029911
392,23162,0.033316,0.046805,0.029936
392,23163,0.035211,0.047302,0.029957
392,23164,0.037105,0.047799,0.029975
392,23167,0.037106,0.04482,0.029816
392,23168,0.035211,0.045316,0.029851
392,23169,0.033317,0.045812,0.029883
392,23171,0.036626,0.043933,0.029743
392,23172,0.03425,0.044556,0.029795
392,23173,0.031876,0.04518,0.029842
392,23174,0.0295,0.045803,0.029882
392,23176,0.027124,0.04518,0.029842
392,23177,0.02475,0.044556,0.029795
392,23178,0.022374,0.043933,0.029743
392,23181,0.027124,0.04518,0.030844
392,23182,0.02475,0.044556,0.030798
392,23183,0.022374,0.043933,0.030747
392,23184,0.0295,0.045803,0.030884
392,23191,0.036626,0.043933,0.030747
392,23192,0.03425,0.044556,0.030798
392,23193,0.031876,0.04518,0.030844
392,23194,0.037106,0.04482,0.030818
392,23195,0.035211,0.045316,0.030853
392,23196,0.033317,0.045812,0.030885
392,23197,0.031422,0.046308,0.030913
392,23198,0.033316,0.046805,0.030937
392,23199,0.035211,0.047302,0.030958
392,23200,0.037105,0.047799,0.030976
392,23201,0.025696,0.045805,0.030884
392,23202,0.023797,0.045306,0.030853
392,23203,0.021898,0.044808,0.030817
392,23204,0.027595,0.046303,0.030913
392,23205,0.021899,0.047798,0.030976
392,23206,0.023798,0.0473,0.030958
392,23207,0.025697,0.046801,0.030937
392,23208,0.027136,0.047429,0.030963
392,23209,0.024757,0.048052,0.030983
392,23210,0.022379,0.048674,0.030998
392,23211,0.029514,0.046807,0.030937
392,23212,0.036628,0.048674,0.030998
392,23213,0.034257,0.048052,0.030983
392,23214,0.031885,0.047429,0.030963
395,23216,0.056628,0.048674,0.029997
395,23217,0.054257,0.048052,0.029983
395,23218,0.051885,0.047429,0.029962
395,23219,0.049514,0.046807,0.029936
395,23220,0.047136,0.047429,0.029962
395,23221,0.044757,0.048052,0.029983
395,23222,0.042379,0.048674,0.029997
395,23225,0.041899,0.047798,0.029975
395,23226,0.043798,0.0473,0.029957
395,23227,0.045697,0.046801,0.029936
395,23228,0.047595,0.046303,0.029911
395,23229,0.045696,0.045805,0.029883
395,23230,0.043797,0.045306,0.02985
395,23231,0.041898,0.044808,0.029815
395,23233,0.051422,0.046308,0.029911
395,23234,0.053316,0.046805,0.029936
395,23235,0.055211,0.047302,0.029957
395,23236,0.057105,0.047799,0.029975
395,23239,0.057106,0.04482,0.029816
395,23240,0.055211,0.045316,0.029851
395,23241,0.053317,0.045812,0.029883
395,23243,0.056626,0.043933,0.029743
395,23244,0.05425,0.044556,0.029795
395,23245,0.051876,0.04518,0.029842
395,23246,0.0495,0.045803,0.029882
395,23248,0.047124,0.04518,0.029842
395,23249,0.04475,0.044556,0.029795
395,23250,0.042374,0.043933,0.029743
395,23253,0.047124,0.04518,0.030844
395,23254,0.04475,0.044556,0.030798
395,23255,0.042374,0.043933,0.030747
395,23256,0.0495,0.045803,0.030884
395,23263,0.056626,0.043933,0.030747
395,23264,0.05425,0.044556,0.030798
395,23265,0.051876,0.04518,0.030844
395,23266,0.057106,0.04482,0.030818
395,23267,0.055211,0.045316,0.030853
395,23268,0.053317,0.045812,0.030885
395,23269,0.051422,0.046308,0.030913
395,23270,0.053316,0.046805,0.030937
395,23271,0.055211,0.047302,0.030958
395,23272,0.057105,0.047799,0.030976
395,23273,0.045696,0.045805,0.030884
395,23274,0.043797,0.045306,0.030853
395,23275,0.041898,0.044808,0.030817
395,23276,0.047595,0.046303,0.030913
395,23277,0.041899,0.047798,0.030976
395,23278,0.043798,0.0473,0.030958
395,23279,0.045697,0.046801,0.030937
395,23280,0.047136,0.047429,0.030963
395,23281,0.044757,0.048052,0.030983
395,23282,0.042379,0.048674,0.030998
395,23283,0.049514,0.046807,0.030937
395,23284,0.056628,0.048674,0.030998
395,23285,0.054257,0.048052,0.030983
395,23286,0.051885,0.047429,0.030963
398,23288,0.016628,0.14867,0.029997
398,23289,0.014257,0.14805,0.029983
398,23290,0.011885,0.14743,0.029962
398,23291,0.0095141,0.14681,0.029936
398,23292,0.007136,0.14743,0.029962
398,23293,0.0047571,0.14805,0.029983
398,23294,0.0023788,0.14867,0.029997
398,23297,0.001899,0.1478,0.029975
398,23298,0.0037975,0.1473,0.029957
398,23299,0.0056965,0.1468,0.029936
398,23300,0.0075949,0.1463,0.029911
398,23301,0.0056957,0.1458,0.029883
398,23302,0.0037973,0.14531,0.02985
398,23303,0.0018981,0.14481,0.029815
398,23305,0.011422,0.14631,0.029911
398,23306,0.013316,0.1468,0.029936
398,23307,0.015211,0.1473,0.029957
398,23308,0.017105,0.1478,0.029975
398,23311,0.017106,0.14482,0.029816
398,23312,0.015211,0.14532,0.029851
398,23313,0.013317,0.14581,0.029883
398,23315,0.016626,0.14393,0.029743
398,23316,0.01425,0.14456,0.029795
398,23317,0.011876,0.14518,0.029842
398,23318,0.0095,0.1458,0.029882
398,23319,0.0071241,0.14518,0.029842
398,23320,0.0047498,0.14456,0.029795
398,23321,0.0023739,0.14393,0.029743
398,23331,0.0071241,0.14518,0.030844
398,23332,0.0047498,0.14456,0.030798
398,23333,0.0023739,0.14393,0.030747
398,23334,0.0095,0.1458,0.030884
398,23335,0.016626,0.14393,0.030747
398,23336,0.01425,0.14456,0.030798
398,23337,0.011876,0.14518,0.030844
398,23338,0.017106,0.14482,0.030818
398,23339,0.015211,0.14532,0.030853
398,23340,0.013317,0.14581,0.030885
398,23341,0.011422,0.14631,0.030913
398,23342,0.013316,0.1468,0.030937
398,23343,0.015211,0.1473,0.030958
398,23344,0.017105,0.1478,0.030976
398,23345,0.0056957,0.1458,0.030884
398,23346,0.0037973,0.14531,0.030853
398,23347,0.0018981,0.14481,0.030817
398,23348,0.0075949,0.1463,0.030913
398,23349,0.001899,0.1478,0.030976
398,23350,0.0037975,0.1473,0.030958
398,23351,0.0056965,0.1468,0.030937
398,23352,0.007136,0.14743,0.030963
398,23353,0.0047571,0.14805,0.030983
398,23354,0.0023788,0.14867,0.030998
398,23355,0.0095141,0.14681,0.030937
398,23356,0.016628,0.14867,0.030998
398,23357,0.014257,0.14805,0.030983
398,23358,0.011885,0.14743,0.030963
401,23360,0.036628,0.14867,0.029997
401,23361,0.034257,0.14805,0.029983
401,23362,0.031885,0.14743,0.029962
401,23363,0.029514,0.14681,0.029936
401,23364,0.027136,0.14743,0.029962
401,23365,0.024757,0.14805,0.029983
401,23366,0.022379,0.14867,0.029997
401,23369,0.021899,0.1478,0.029975
401,23370,0.023798,0.1473,0.029957
401,23371,0.025697,0.1468,0.029936
401,23372,0.027595,0.1463,0.029911
401,23373,0.025696,0.1458,0.029883
401,23374,0.023797,0.14531,0.02985
401,23375,0.021898,0.14481,0.029815
401,23377,0.031422,0.14631,0.029911
401,23378,0.033316,0.1468,0.029936
401,23379,0.035211,0.1473,0.029957
401,23380,0.037105,0.1478,0.029975
401,23383,0.037106,0.14482,0.029816
401,23384,0.035211,0.14532,0.029851
401,23385,0.033317,0.14581,0.029883
401,23387,0.036626,0.14393,0.029743
401,23388,0.03425,0.14456,0.029795
401,23389,0.031876,0.14518,0.029842
401,23390,0.0295,0.1458,0.029882
401,23391,0.027124,0.14518,0.029842
401,23392,0.02475,0.14456,0.029795
401,23393,0.022374,0.14393,0.029743
401,23403,0.027124,0.14518,0.030844
401,23404,0.02475,0.14456,0.030798
401,23405,0.022374,0.14393,0.030747
401,23406,0.0295,0.1458,0.030884
401,23407,0.036626,0.14393,0.030747
401,23408,0.03425,0.14456,0.030798
401,23409,0.031876,0.14518,0.030844
401,23410,0.037106,0.14482,0.030818
401,23411,0.035211,0.14532,0.030853
401,23412,0.033317,0.14581,0.030885
401,23413,0.031422,0.14631,0.030913
401,23414,0.033316,0.1468,0.030937
401,23415,0.035211,0.1473,0.030958
401,23416,0.037105,0.1478,0.030976
401,23417,0.025696,0.1458,0.030884
401,23418,0.023797,0.14531,0.030853
401,23419,0.021898,0.14481,0.030817
401,23420,0.027595,0.1463,0.030913
401,23421,0.021899,0.1478,0.030976
401,23422,0.023798,0.1473,0.030958
401,23423,0.025697,0.1468,0.030937
401,23424,0.027136,0.14743,0.030963
401,23425,0.024757,0.14805,0.030983
401,23426,0.022379,0.14867,0.030998
401,23427,0.029514,0.14681,0.030937
401,23428,0.036628,0.14867,0.030998
401,23429,0.034257,0.14805,0.030983
401,23430,0.031885,0.14743,0.030963
404,23432,0.056628,0.14867,0.029997
404,23433,0.054257,0.14805,0.029983
404,23434,0.051885,0.14743,0.029962
404,23435,0.049514,0.14681,0.029936
404,23436,0.047136,0.14743,0.029962
404,23437,0.044757,0.14805,0.029983
404,23438,0.042379,0.14867,0.029997
404,23441,0.041899,0.1478,0.029975
404,23442,0.043798,0.1473,0.029957
404,23443,0.045697,0.1468,0.029936
404,23444,0.047595,0.1463,0.029911
404,23445,0.045696,0.1458,0.029883
404,23446,0.043797,0.14531,0.02985
404,23447,0.041898,0.14481,0.029815
404,23449,0.051422,0.14631,0.029911
404,23450,0.053316,0.1468,0.029936
404,23451,0.055211,0.1473,0.029957
404,23452,0.057105,0.1478,0.029975
404,23455,0.057106,0.14482,0.029816
404,23456,0.055211,0.14532,0.029851
404,23457,0.053317,0.14581,0.029883
404,23459,0.056626,0.14393,0.029743
404,23460,0.05425,0.14456,0.029795
404,23461,0.051876,0.14518,0.029842
404,23462,0.0495,0.1458,0.029882
404,23463,0.047124,0.14518,0.029842
404,23464,0.04475,0.14456,0.029795
404,23465,0.042374,0.14393,0.029743
404,23475,0.047124,0.14518,0.030844
404,23476,0.04475,0.14456,0.030798
404,23477,0.042374,0.14393,0.030747
404,23478,0.0495,0.1458,0.030884
404,23479,0.056626,0.14393,0.030747
404,23480,0.05425,0.14456,0.030798
404,23481,0.051876,0.14518,0.030844
404,23482,0.057106,0.14482,0.030818
404,23483,0.055211,0.14532,0.030853
404,23484,0.053317,0.14581,0.030885
404,23485,0.051422,0.14631,0.030913
404,23486,0.053316,0.1468,0.030937
404,23487,0.055211,0.1473,0.030958
404,23488,0.057105,0.1478,0.030976
404,23489,0.045696,0.1458,0.030884
404,23490,0.043797,0.14531,0.030853
404,23491,0.041898,0.14481,0.030817
404,23492,0.047595,0.1463,0.030913
404,23493,0.041899,0.1478,0.030976
404,23494,0.043798,0.1473,0.030958
404,23495,0.045697,0.1468,0.030937
404,23496,0.047136,0.14743,0.030963
404,23497,0.044757,0.14805,0.030983
404,23498,0.042379,0.14867,0.030998
404,23499,0.049514,0.14681,0.030937
404,23500,0.056628,0.14867,0.030998
404,23501,0.054257,0.14805,0.030983
404,23502,0.051885,0.14743,0.030963
407,23504,0.016626,0.24393,0.029743
407,23505,0.01425,0.24456,0.029795
407,23506,0.011876,0.24518,0.029842
407,23507,0.0095,0.2458,0.029882
407,23508,0.0071241,0.24518,0.029842
407,23509,0.0047498,0.24456,0.029795
407,23510,0.0023739,0.24393,0.029743
407,23513,0.001899,0.2478,0.029975
407,23514,0.0037975,0.2473,0.029957
407,23515,0.0056965,0.2468,0.029936
407,23516,0.0075949,0.2463,0.029911
407,23517,0.0056957,0.2458,0.029883
407,23518,0.0037973,0.24531,0.02985
407,23519,0.0018981,0.24481,0.029815
407,23522,0.016628,0.24867,0.029997
407,23523,0.014257,0.24805,0.029983
407,23524,0.011885,0.24743,0.029962
407,23525,0.0095141,0.24681,0.029936
407,23526,0.007136,0.24743,0.029962
407,23527,0.0047571,0.24805,0.029983
407,23528,0.0023788,0.24867,0.029997
407,23530,0.011422,0.24631,0.029911
407,23531,0.013316,0.2468,0.029936
407,23532,0.015211,0.2473,0.029957
407,23533,0.017105,0.2478,0.029975
407,23536,0.017106,0.24482,0.029816
407,23537,0.015211,0.24532,0.029851
407,23538,0.013317,0.24581,0.029883
407,23547,0.017106,0.24482,0.030818
407,23548,0.015211,0.24532,0.030853
407,23549,0.013317,0.24581,0.030885
407,23550,0.011422,0.24631,0.030913
407,23551,0.013316,0.2468,0.030937
407,23552,0.015211,0.2473,0.030958
407,23553,0.017105,0.2478,0.030976
407,23554,0.007136,0.24743,0.030963
407,23555,0.0047571,0.24805,0.030983
407,23556,0.0023788,0.24867,0.030998
407,23557,0.0095141,0.24681,0.030937
407,23558,0.016628,0.24867,0.030998
407,23559,0.014257,0.24805,0.030983
407,23560,0.011885,0.24743,0.030963
407,23561,0.0056957,0.2458,0.030884
407,23562,0.0037973,0.24531,0.030853
407,23563,0.0018981,0.24481,0.030817
407,23564,0.0075949,0.2463,0.030913
407,23565,0.001899,0.2478,0.030976
407,23566,0.0037975,0.2473,0.030958
407,23567,0.0056965,0.2468,0.030937
407,23568,0.0071241,0.24518,0.030844
407,23569,0.0047498,0.24456,0.030798
407,23570,0.0023739,0.24393,0.030747
407,23571,0.0095,0.2458,0.030884
407,23572,0.016626,0.24393,0.030747
407,23573,0.01425,0.24456,0.030798
407,23574,0.011876,0.24518,0.030844
410,23576,0.036628,0.24867,0.029997
410,23577,0.034257,0.24805,0.029983
410,23578,0.031885,0.24743,0.029962
410,23579,0.029514,0.24681,0.029936
410,23580,0.027136,0.24743,0.029962
410,23581,0.024757,0.24805,0.029983
410,23582,0.022379,0.24867,0.029997
410,23585,0.021899,0.2478,0.029975
410,23586,0.023798,0.2473,0.029957
410,23587,0.025697,0.2468,0.029936
410,23588,0.027595,0.2463,0.029911
410,23589,0.025696,0.2458,0.029883
410,23590,0.023797,0.24531,0.02985
410,23591,0.021898,0.24481,0.029815
410,23593,0.031422,0.24631,0.029911
410,23594,0.033316,0.2468,0.029936
410,23595,0.035211,0.2473,0.029957
410,23596,0.037105,0.2478,0.029975
410,23599,0.037106,0.24482,0.029816
410,23600,0.035211,0.24532,0.029851
410,23601,0.033317,0.24581,0.029883
410,23603,0.036626,0.24393,0.029743
410,23604,0.03425,0.24456,0.029795
410,23605,0.031876,0.24518,0.029842
410,23606,0.0295,0.2458,0.029882
410,23607,0.027124,0.24518,0.029842
410,23608,0.02475,0.24456,0.029795
410,23609,0.022374,0.24393,0.029743
410,23619,0.027124,0.24518,0.030844
410,23620,0.02475,0.24456,0.030798
410,23621,0.022374,0.24393,0.030747
410,23622,0.0295,0.2458,0.030884
410,23623,0.036626,0.24393,0.030747
410,23624,0.03425,0.24456,0.030798
410,23625,0.031876,0.24518,0.030844
410,23626,0.037106,0.24482,0.030818
410,23627,0.035211,0.24532,0.030853
410,23628,0.033317,0.24581,0.030885
410,23629,0.031422,0.24631,0.030913
410,23630,0.033316,0.2468,0.030937
410,23631,0.035211,0.2473,0.030958
410,23632,0.037105,0.2478,0.030976
410,23633,0.025696,0.2458,0.030884
410,23634,0.023797,0.24531,0.030853
410,23635,0.021898,0.24481,0.030817
410,23636,0.027595,0.2463,0.030913
410,23637,0.021899,0.2478,0.030976
410,23638,0.023798,0.2473,0.030958
410,23639,0.025697,0.2468,0.030937
410,23640,0.027136,0.24743,0.030963
410,23641,0.024757,0.24805,0.030983
410,23642,0.022379,0.24867,0.030998
410,23643,0.029514,0.24681,0.030937
410,23644,0.036628,0.24867,0.030998
410,23645,0.034257,0.24805,0.030983
410,23646,0.031885,0.24743,0.030963
413,23648,0.056628,0.24867,0.029997
413,23649,0.054257,0.24805,0.029983
413,23650,0.051885,0.24743,0.029962
413,23651,0.049514,0.24681,0.029936
413,23652,0.047136,0.24743,0.029962
413,23653,0.044757,0.24805,0.029983
413,23654,0.042379,0.24867,0.029997
413,23657,0.041899,0.2478,0.029975
413,23658,0.043798,0.2473,0.029957
413,23659,0.045697,0.2468,0.029936
413,23660,0.047595,0.2463,0.029911
413,23661,0.045696,0.2458,0.029883
413,23662,0.043797,0.24531,0.02985
413,23663,0.041898,0.24481,0.029815
413,23665,0.051422,0.24631,0.029911
413,23666,0.053316,0.2468,0.029936
413,23667,0.055211,0.2473,0.029957
413,23668,0.057105,0.2478,0.029975
413,23671,0.057106,0.24482,0.029816
413,23672,0.055211,0.24532,0.029851
413,23673,0.053317,0.24581,0.029883
413,23675,0.056626,0.24393,0.029743
413,23676,0.05425,0.24456,0.029795
413,23677,0.051876,0.24518,0.029842
413,23678,0.0495,0.2458,0.029882
413,23679,0.047124,0.24518,0.029842
413,23680,0.04475,0.24456,0.029795
413,23681,0.042374,0.24393,0.029743
413,23691,0.047124,0.24518,0.030844
413,23692,0.04475,0.24456,0.030798
413,23693,0.042374,0.24393,0.030747
413,23694,0.0495,0.2458,0.030884
413,23695,0.056626,0.24393,0.030747
413,23696,0.05425,0.24456,0.030798
413,23697,0.051876,0.24518,0.030844
413,23698,0.057106,0.24482,0.030818
413,23699,0.055211,0.24532,0.030853
413,23700,0.053317,0.24581,0.030885
413,23701,0.051422,0.24631,0.030913
413,23702,0.053316,0.2468,0.030937
413,23703,0.055211,0.2473,0.030958
413,23704,0.057105,0.2478,0.030976
413,23705,0.045696,0.2458,0.030884
413,23706,0.043797,0.24531,0.030853
413,23707,0.041898,0.24481,0.030817
413,23708,0.047595,0.2463,0.030913
413,23709,0.041899,0.2478,0.030976
413,23710,0.043798,0.2473,0.030958
413,23711,0.045697,0.2468,0.030937
413,23712,0.047136,0.24743,0.030963
413,23713,0.044757,0.24805,0.030983
413,23714,0.042379,0.24867,0.030998
413,23715,0.049514,0.24681,0.030937
413,23716,0.056628,0.24867,0.030998
413,23717,0.054257,0.24805,0.030983
413,23718,0.051885,0.24743,0.030963
416,23720,0.016625,0.050933,0.030004
416,23721,0.01425,0.051556,0.029993
416,23722,0.011875,0.05218,0.029976
416,23723,0.0095,0.052803,0.029953
416,23724,0.0071254,0.05218,0.029976
416,23725,0.0047501,0.051556,0.029993
416,23726,0.0023752,0.050933,0.030004
416,23729,0.0018982,0.054798,0.029843
416,23730,0.0037973,0.0543,0.029876
416,23731,0.0056957,0.053802,0.029905
416,23732,0.0075949,0.053303,0.029931
416,23733,0.0056965,0.052805,0.029953
416,23734,0.0037975,0.052306,0.029972
416,23735,0.0018989,0.051808,0.029987
416,23738,0.01663,0.055674,0.029776
416,23739,0.014257,0.055052,0.029825
416,23740,0.011886,0.054429,0.029868
416,23741,0.0095141,0.053807,0.029905
416,23742,0.0071348,0.054429,0.029868
416,23743,0.0047568,0.055052,0.029825
416,23744,0.0023775,0.055674,0.029776
416,23746,0.011422,0.053308,0.029931
416,23747,0.013317,0.053805,0.029905
416,23748,0.015211,0.054302,0.029876
416,23749,0.017106,0.054799,0.029843
416,23752,0.017105,0.05182,0.029986
416,23753,0.015211,0.052316,0.029971
416,23754,0.013316,0.052812,0.029953
416,23763,0.017105,0.05182,0.030987
416,23764,0.015211,0.052316,0.030972
416,23765,0.013316,0.052812,0.030954
416,23766,0.011422,0.053308,0.030932
416,23767,0.013317,0.053805,0.030907
416,23768,0.015211,0.054302,0.030878
416,23769,0.017106,0.054799,0.030845
416,23770,0.0071348,0.054429,0.03087
416,23771,0.0047568,0.055052,0.030828
416,23772,0.0023775,0.055674,0.03078
416,23773,0.0095141,0.053807,0.030907
416,23774,0.01663,0.055674,0.03078
416,23775,0.014257,0.055052,0.030828
416,23776,0.011886,0.054429,0.03087
416,23777,0.0056965,0.052805,0.030954
416,23778,0.0037975,0.052306,0.030972
416,23779,0.0018989,0.051808,0.030987
416,23780,0.0075949,0.053303,0.030932
416,23781,0.0018982,0.054798,0.030846
416,23782,0.0037973,0.0543,0.030878
416,23783,0.0056957,0.053802,0.030907
416,23784,0.0071254,0.05218,0.030976
416,23785,0.0047501,0.051556,0.030993
416,23786,0.0023752,0.050933,0.031004
416,23787,0.0095,0.052803,0.030954
416,23788,0.016625,0.050933,0.031004
416,23789,0.01425,0.051556,0.030993
416,23790,0.011875,0.05218,0.030976
419,23792,0.036625,0.050933,0.030004
419,23793,0.03425,0.051556,0.029993
419,23794,0.031875,0.05218,0.029976
419,23795,0.0295,0.052803,0.029953
419,23796,0.027125,0.05218,0.029976
419,23797,0.02475,0.051556,0.029993
419,23798,0.022375,0.050933,0.030004
419,23800,0.031422,0.053308,0.029931
419,23801,0.033317,0.053805,0.029905
419,23802,0.035211,0.054302,0.029876
419,23803,0.037106,0.054799,0.029843
419,23806,0.037105,0.05182,0.029986
419,23807,0.035211,0.052316,0.029971
419,23808,0.033316,0.052812,0.029953
419,23810,0.021898,0.054798,0.029843
419,23811,0.023797,0.0543,0.029876
419,23812,0.025696,0.053802,0.029905
419,23813,0.027595,0.053303,0.029931
419,23814,0.025696,0.052805,0.029953
419,23815,0.023798,0.052306,0.029972
419,23816,0.021899,0.051808,0.029987
419,23819,0.03663,0.055674,0.029776
419,23820,0.034257,0.055052,0.029825
419,23821,0.031886,0.054429,0.029868
419,23822,0.029514,0.053807,0.029905
419,23823,0.027135,0.054429,0.029868
419,23824,0.024757,0.055052,0.029825
419,23825,0.022378,0.055674,0.029776
419,23835,0.027135,0.054429,0.03087
419,23836,0.024757,0.055052,0.030828
419,23837,0.022378,0.055674,0.03078
419,23838,0.029514,0.053807,0.030907
419,23839,0.03663,0.055674,0.03078
419,23840,0.034257,0.055052,0.030828
419,23841,0.031886,0.054429,0.03087
419,23842,0.025696,0.052805,0.030954
419,23843,0.023798,0.052306,0.030972
419,23844,0.021899,0.051808,0.030987
419,23845,0.027595,0.053303,0.030932
419,23846,0.021898,0.054798,0.030846
419,23847,0.023797,0.0543,0.030878
419,23848,0.025696,0.053802,0.030907
419,23849,0.037105,0.05182,0.030987
419,23850,0.035211,0.052316,0.030972
419,23851,0.033316,0.052812,0.030954
419,23852,0.031422,0.053308,0.030932
419,23853,0.033317,0.053805,0.030907
419,23854,0.035211,0.054302,0.030878
419,23855,0.037106,0.054799,0.030845
419,23856,0.027125,0.05218,0.030976
419,23857,0.02475,0.051556,0.030993
419,23858,0.022375,0.050933,0.031004
419,23859,0.0295,0.052803,0.030954
419,23860,0.036625,0.050933,0.031004
419,23861,0.03425,0.051556,0.030993
419,23862,0.031875,0.05218,0.030976
422,23864,0.056625,0.050933,0.030004
422,23865,0.05425,0.051556,0.029993
422,23866,0.051875,0.05218,0.029976
422,23867,0.0495,0.052803,0.029953
422,23868,0.047125,0.05218,0.029976
422,23869,0.04475,0.051556,0.029993
422,23870,0.042375,0.050933,0.030004
422,23872,0.051422,0.053308,0.029931
422,23873,0.053317,0.053805,0.029905
422,23874,0.055211,0.054302,0.029876
422,23875,0.057106,0.054799,0.029843
422,23878,0.057105,0.05182,0.029986
422,23879,0.055211,0.052316,0.029971
422,23880,0.053316,0.052812,0.029953
422,23882,0.041898,0.054798,0.029843
422,23883,0.043797,0.0543,0.029876
422,23884,0.045696,0.053802,0.029905
422,23885,0.047595,0.053303,0.029931
422,23886,0.045696,0.052805,0.029953
422,23887,0.043798,0.052306,0.029972
422,23888,0.041899,0.051808,0.029987
422,23891,0.05663,0.055674,0.029776
422,23892,0.054257,0.055052,0.029825
422,23893,0.051886,0.054429,0.029868
422,23894,0.049514,0.053807,0.029905
422,23895,0.047135,0.054429,0.029868
422,23896,0.044757,0.055052,0.029825
422,23897,0.042378,0.055674,0.029776
422,23907,0.047135,0.054429,0.03087
422,23908,0.044757,0.055052,0.030828
422,23909,0.042378,0.055674,0.03078
422,23910,0.049514,0.053807,0.030907
422,23911,0.05663,0.055674,0.03078
422,23912,0.054257,0.055052,0.030828
422,23913,0.051886,0.054429,0.03087
422,23914,0.045696,0.052805,0.030954
422,23915,0.043798,0.052306,0.030972
422,23916,0.041899,0.051808,0.030987
422,23917,0.047595,0.053303,0.030932
422,23918,0.041898,0.054798,0.030846
422,23919,0.043797,0.0543,0.030878
422,23920,0.045696,0.053802,0.030907
422,23921,0.057105,0.05182,0.030987
422,23922,0.055211,0.052316,0.030972
422,23923,0.053316,0.052812,0.030954
422,23924,0.051422,0.053308,0.030932
422,23925,0.053317,0.053805,0.030907
422,23926,0.055211,0.054302,0.030878
422,23927,0.057106,0.054799,0.030845
422,23928,0.047125,0.05218,0.030976
422,23929,0.04475,0.051556,0.030993
422,23930,0.042375,0.050933,0.031004
422,23931,0.0495,0.052803,0.030954
422,23932,0.056625,0.050933,0.031004
422,23933,0.05425,0.051556,0.030993
422,23934,0.051875,0.05218,0.030976
425,23936,0.01663,0.15567,0.029776
425,23937,0.014257,0.15505,0.029825
425,23938,0.011886,0.15443,0.029868
425,23939,0.0095141,0.15381,0.029905
425,23940,0.0071348,0.15443,0.029868
425,23941,0.0047568,0.15505,0.029825
425,23942,0.0023775,0.15567,0.029776
425,23945,0.016625,0.15093,0.030004
425,23946,0.01425,0.15156,0.029993
425,23947,0.011875,0.15218,0.029976
425,23948,0.0095,0.1528,0.029953
425,23949,0.0071254,0.15218,0.029976
425,23950,0.0047501,0.15156,0.029993
425,23951,0.0023752,0.15093,0.030004
425,23953,0.011422,0.15331,0.029931
425,23954,0.013317,0.1538,0.029905
425,23955,0.015211,0.1543,0.029876
425,23956,0.017106,0.1548,0.029843
425,23959,0.017105,0.15182,0.029986
425,23960,0.015211,0.15232,0.029971
425,23961,0.013316,0.15281,0.029953
425,23963,0.0018982,0.1548,0.029843
425,23964,0.0037973,0.1543,0.029876
425,23965,0.0056957,0.1538,0.029905
425,23966,0.0075949,0.1533,0.029931
425,23967,0.0056965,0.1528,0.029953
425,23968,0.0037975,0.15231,0.029972
425,23969,0.0018989,0.15181,0.029987
425,23979,0.0056965,0.1528,0.030954
425,23980,0.0037975,0.15231,0.030972
425,23981,0.0018989,0.15181,0.030987
425,23982,0.0075949,0.1533,0.030932
425,23983,0.0018982,0.1548,0.030846
425,23984,0.0037973,0.1543,0.030878
425,23985,0.0056957,0.1538,0.030907
425,23986,0.017105,0.15182,0.030987
425,23987,0.015211,0.15232,0.030972
425,23988,0.013316,0.15281,0.030954
425,23989,0.011422,0.15331,0.030932
425,23990,0.013317,0.1538,0.030907
425,23991,0.015211,0.1543,0.030878
425,23992,0.017106,0.1548,0.030845
425,23993,0.0071254,0.15218,0.030976
425,23994,0.0047501,0.15156,0.030993
425,23995,0.0023752,0.15093,0.031004
425,23996,0.0095,0.1528,0.030954
425,23997,0.016625,0.15093,0.031004
425,23998,0.01425,0.15156,0.030993
425,23999,0.011875,0.15218,0.030976
425,24000,0.0071348,0.15443,0.03087
425,24001,0.0047568,0.15505,0.030828
425,24002,0.0023775,0.15567,0.03078
425,24003,0.0095141,0.15381,0.030907
425,24004,0.01663,0.15567,0.03078
425,24005,0.014257,0.15505,0.030828
425,24006,0.011886,0.15443,0.03087
428,24008,0.036625,0.15093,0.030004
428,24009,0.03425,0.15156,0.029993
428,24010,0.031875,0.15218,0.029976
428,24011,0.0295,0.1528,0.029953
428,24012,0.027125,0.15218,0.029976
428,24013,0.02475,0.15156,0.029993
428,24014,0.022375,0.15093,0.030004
428,24016,0.031422,0.15331,0.029931
428,24017,0.033317,0.1538,0.029905
428,24018,0.035211,0.1543,0.029876
428,24019,0.037106,0.1548,0.029843
428,24022,0.037105,0.15182,0.029986
428,24023,0.035211,0.15232,0.029971
428,24024,0.033316,0.15281,0.029953
428,24026,0.021898,0.1548,0.029843
428,24027,0.023797,0.1543,0.029876
428,24028,0.025696,0.1538,0.029905
428,24029,0.027595,0.1533,0.029931
428,24030,0.025696,0.1528,0.029953
428,24031,0.023798,0.15231,0.029972
428,24032,0.021899,0.15181,0.029987
428,24035,0.03663,0.15567,0.029776
428,24036,0.034257,0.15505,0.029825
428,24037,0.031886,0.15443,0.029868
428,24038,0.029514,0.15381,0.029905
428,24039,0.027135,0.15443,0.029868
428,24040,0.024757,0.15505,0.029825
428,24041,0.022378,0.15567,0.029776
428,24051,0.027135,0.15443,0.03087
428,24052,0.024757,0.15505,0.030828
428,24053,0.022378,0.15567,0.03078
428,24054,0.029514,0.15381,0.030907
428,24055,0.03663,0.15567,0.03078
428,24056,0.034257,0.15505,0.030828
428,24057,0.031886,0.15443,0.03087
428,24058,0.025696,0.1528,0.030954
428,24059,0.023798,0.15231,0.030972
428,24060,0.021899,0.15181,0.030987
428,24061,0.027595,0.1533,0.030932
428,24062,0.021898,0.1548,0.030846
428,24063,0.023797,0.1543,0.030878
428,24064,0.025696,0.1538,0.030907
428,24065,0.037105,0.15182,0.030987
428,24066,0.035211,0.15232,0.030972
428,24067,0.033316,0.15281,0.030954
428,24068,0.031422,0.15331,0.030932
428,24069,0.033317,0.1538,0.030907
428,24070,0.035211,0.1543,0.030878
428,24071,0.037106,0.1548,0.030845
428,24072,0.027125,0.15218,0.030976
428,24073,0.02475,0.15156,0.030993
428,24074,0.022375,0.15093,0.031004
428,24075,0.0295,0.1528,0.030954
428,24076,0.036625,0.15093,0.031004
428,24077,0.03425,0.15156,0.030993
428,24078,0.031875,0.15218,0.030976
431,24080,0.056625,0.15093,0.030004
431,24081,0.05425,0.15156,0.029993
431,24082,0.051875,0.15218,0.029976
431,24083,0.0495,0.1528,0.029953
431,24084,0.047125,0.15218,0.029976
431,24085,0.04475,0.15156,0.029993
431,24086,0.042375,0.15093,0.030004
431,24088,0.051422,0.15331,0.029931
431,24089,0.053317,0.1538,0.029905
431,24090,0.055211,0.1543,0.029876
431,24091,0.057106,0.1548,0.029843
431,24094,0.057105,0.15182,0.029986
431,24095,0.055211,0.15232,0.029971
431,24096,0.053316,0.15281,0.029953
431,24098,0.041898,0.1548,0.029843
431,24099,0.043797,0.1543,0.029876
431,24100,0.045696,0.1538,0.029905
431,24101,0.047595,0.1533,0.029931
431,24102,0.045696,0.1528,0.029953
431,24103,0.043798,0.15231,0.029972
431,24104,0.041899,0.15181,0.029987
431,24107,0.05663,0.15567,0.029776
431,24108,0.054257,0.15505,0.029825
431,24109,0.051886,0.15443,0.029868
431,24110,0.049514,0.15381,0.029905
431,24111,0.047135,0.15443,0.029868
431,24112,0.044757,0.15505,0.029825
431,24113,0.042378,0.15567,0.029776
431,24123,0.047135,0.15443,0.03087
431,24124,0.044757,0.15505,0.030828
431,24125,0.042378,0.15567,0.03078
431,24126,0.049514,0.15381,0.030907
431,24127,0.05663,0.15567,0.03078
431,24128,0.054257,0.15505,0.030828
431,24129,0.051886,0.15443,0.03087
431,24130,0.045696,0.1528,0.030954
431,24131,0.043798,0.15231,0.030972
431,24132,0.041899,0.15181,0.030987
431,24133,0.047595,0.1533,0.030932
431,24134,0.041898,0.1548,0.030846
431,24135,0.043797,0.1543,0.030878
431,24136,0.045696,0.1538,0.030907
431,24137,0.057105,0.15182,0.030987
431,24138,0.055211,0.15232,0.030972
431,24139,0.053316,0.15281,0.030954
431,24140,0.051422,0.15331,0.030932
431,24141,0.053317,0.1538,0.030907
431,24142,0.055211,0.1543,0.030878
431,24143,0.057106,0.1548,0.030845
431,24144,0.047125,0.15218,0.030976
431,24145,0.04475,0.15156,0.030993
431,24146,0.042375,0.15093,0.031004
431,24147,0.0495,0.1528,0.030954
431,24148,0.056625,0.15093,0.031004
431,24149,0.05425,0.15156,0.030993
431,24150,0.051875,0.15218,0.030976
434,24151,0.0095141,0.25381,0.029905
434,24152,0.0071348,0.25443,0.029868
434,24153,0.0047568,0.25505,0.029825
434,24154,0.0023775,0.25567,0.029776
434,24157,0.01663,0.25567,0.029776
434,24158,0.014257,0.25505,0.029825
434,24159,0.011886,0.25443,0.029868
434,24160,0.0075949,0.2533,0.029931
434,24161,0.0056965,0.2528,0.029953
434,24162,0.0037975,0.25231,0.029972
434,24163,0.0018989,0.25181,0.029987
434,24166,0.0018982,0.2548,0.029843
434,24167,0.0037973,0.2543,0.029876
434,24168,0.0056957,0.2538,0.029905
434,24170,0.017105,0.25182,0.029986
434,24171,0.015211,0.25232,0.029971
434,24172,0.013316,0.25281,0.029953
434,24173,0.011422,0.25331,0.029931
434,24174,0.013317,0.2538,0.029905
434,24175,0.015211,0.2543,0.029876
434,24176,0.017106,0.2548,0.029843
434,24178,0.0095,0.2528,0.029953
434,24179,0.0071254,0.25218,0.029976
434,24180,0.0047501,0.25156,0.029993
434,24181,0.0023752,0.25093,0.030004
434,24184,0.016625,0.25093,0.030004
434,24185,0.01425,0.25156,0.029993
434,24186,0.011875,0.25218,0.029976
434,24195,0.016625,0.25093,0.031004
434,24196,0.01425,0.25156,0.030993
434,24197,0.011875,0.25218,0.030976
434,24198,0.0095,0.2528,0.030954
434,24199,0.0071254,0.25218,0.030976
434,24200,0.0047501,0.25156,0.030993
434,24201,0.0023752,0.25093,0.031004
434,24202,0.013317,0.2538,0.030907
434,24203,0.015211,0.2543,0.030878
434,24204,0.017106,0.2548,0.030845
434,24205,0.011422,0.25331,0.030932
434,24206,0.017105,0.25182,0.030987
434,24207,0.015211,0.25232,0.030972
434,24208,0.013316,0.25281,0.030954
434,24209,0.0018982,0.2548,0.030846
434,24210,0.0037973,0.2543,0.030878
434,24211,0.0056957,0.2538,0.030907
434,24212,0.0075949,0.2533,0.030932
434,24213,0.0056965,0.2528,0.030954
434,24214,0.0037975,0.25231,0.030972
434,24215,0.0018989,0.25181,0.030987
434,24216,0.01663,0.25567,0.03078
434,24217,0.014257,0.25505,0.030828
434,24218,0.011886,0.25443,0.03087
434,24219,0.0095141,0.25381,0.030907
434,24220,0.0071348,0.25443,0.03087
434,24221,0.0047568,0.25505,0.030828
434,24222,0.0023775,0.25567,0.03078
437,24224,0.036625,0.25093,0.030004
437,24225,0.03425,0.25156,0.029993
437,24226,0.031875,0.25218,0.029976
437,24227,0.0295,0.2528,0.029953
437,24228,0.027125,0.25218,0.029976
437,24229,0.02475,0.25156,0.029993
437,24230,0.022375,0.25093,0.030004
437,24232,0.031422,0.25331,0.029931
437,24233,0.033317,0.2538,0.029905
437,24234,0.035211,0.2543,0.029876
437,24235,0.037106,0.2548,0.029843
437,24238,0.037105,0.25182,0.029986
437,24239,0.035211,0.25232,0.029971
437,24240,0.033316,0.25281,0.029953
437,24242,0.021898,0.2548,0.029843
437,24243,0.023797,0.2543,0.029876
437,24244,0.025696,0.2538,0.029905
437,24245,0.027595,0.2533,0.029931
437,24246,0.025696,0.2528,0.029953
437,24247,0.023798,0.25231,0.029972
437,24248,0.021899,0.25181,0.029987
437,24251,0.03663,0.25567,0.029776
437,24252,0.034257,0.25505,0.029825
437,24253,0.031886,0.25443,0.029868
437,24254,0.029514,0.25381,0.029905
437,24255,0.027135,0.25443,0.029868
437,24256,0.024757,0.25505,0.029825
437,24257,0.022378,0.25567,0.029776
437,24267,0.027135,0.25443,0.03087
437,24268,0.024757,0.25505,0.030828
437,24269,0.022378,0.25567,0.03078
437,24270,0.029514,0.25381,0.030907
437,24271,0.03663,0.25567,0.03078
437,24272,0.034257,0.25505,0.030828
437,24273,0.031886,0.25443,0.03087
437,24274,0.025696,0.2528,0.030954
437,24275,0.023798,0.25231,0.030972
437,24276,0.021899,0.25181,0.030987
437,24277,0.027595,0.2533,0.030932
437,24278,0.021898,0.2548,0.030846
437,24279,0.023797,0.2543,0.030878
437,24280,0.025696,0.2538,0.030907
437,24281,0.037105,0.25182,0.030987
437,24282,0.035211,0.25232,0.030972
437,24283,0.033316,0.25281,0.030954
437,24284,0.031422,0.25331,0.030932
437,24285,0.033317,0.2538,0.030907
437,24286,0.035211,0.2543,0.030878
437,24287,0.037106,0.2548,0.030845
437,24288,0.027125,0.25218,0.030976
437,24289,0.02475,0.25156,0.030993
437,24290,0.022375,0.25093,0.031004
437,24291,0.0295,0.2528,0.030954
437,24292,0.036625,0.25093,0.031004
437,24293,0.03425,0.25156,0.030993
437,24294,0.031875,0.25218,0.030976
440,24296,0.056625,0.25093,0.030004
440,24297,0.05425,0.25156,0.029993
440,24298,0.051874,0.25218,0.029976
440,24299,0.0495,0.2528,0.029953
440,24300,0.047126,0.25218,0.029976
440,24301,0.04475,0.25156,0.029993
440,24302,0.042375,0.25093,0.030004
440,24304,0.051422,0.25331,0.029931
440,24305,0.053317,0.2538,0.029905
440,24306,0.055211,0.2543,0.029876
440,24307,0.057106,0.2548,0.029843
440,24310,0.057105,0.25182,0.029986
440,24311,0.055211,0.25232,0.029971
440,24312,0.053316,0.25281,0.029953
440,24314,0.041898,0.2548,0.029843
440,24315,0.043797,0.2543,0.029876
440,24316,0.045696,0.2538,0.029905
440,24317,0.047595,0.2533,0.029931
440,24318,0.045697,0.25281,0.029953
440,24319,0.043798,0.25231,0.029972
440,24320,0.0419,0.25181,0.029987
440,24323,0.05663,0.25567,0.029776
440,24324,0.054257,0.25505,0.029825
440,24325,0.051887,0.25443,0.029868
440,24326,0.049514,0.25381,0.029905
440,24327,0.047134,0.25443,0.029868
440,24328,0.044757,0.25505,0.029825
440,24329,0.042378,0.25567,0.029776
440,24339,0.047134,0.25443,0.03087
440,24340,0.044757,0.25505,0.030828
440,24341,0.042378,0.25567,0.03078
440,24342,0.049514,0.25381,0.030907
440,24343,0.05663,0.25567,0.03078
440,24344,0.054257,0.25505,0.030828
440,24345,0.051887,0.25443,0.03087
440,24346,0.045697,0.25281,0.030954
440,24347,0.043798,0.25231,0.030972
440,24348,0.0419,0.25181,0.030987
440,24349,0.047595,0.2533,0.030932
440,24350,0.041898,0.2548,0.030846
440,24351,0.043797,0.2543,0.030878
440,24352,0.045696,0.2538,0.030907
440,24353,0.057105,0.25182,0.030987
440,24354,0.055211,0.25232,0.030972
440,24355,0.053316,0.25281,0.030954
440,24356,0.051422,0.25331,0.030932
440,24357,0.053317,0.2538,0.030907
440,24358,0.055211,0.2543,0.030878
440,24359,0.057106,0.2548,0.030845
440,24360,0.047126,0.25218,0.030976
440,24361,0.04475,0.25156,0.030993
440,24362,0.042375,0.25093,0.031004
440,24363,0.0495,0.2528,0.030954
440,24364,0.056625,0.25093,0.031004
440,24365,0.05425,0.25156,0.030993
440,24366,0.051874,0.25218,0.030976
65,15008,0.017116,0.0028175,0.011357
65,15009,0.015215,0.003315,0.011819
65,15010,0.013327,0.0038091,0.012268
65,15011,0.011422,0.0043075,0.012713
65,15012,0.013307,0.0048023,0.013146
65,15013,0.015208,0.0053011,0.013575
65,15014,0.017096,0.0057968,0.013992
65,15016,0.0095141,0.0048068,0.01315
65,15017,0.0079359,0.0052198,0.013505
65,15018,0.006347,0.0056355,0.013857
65,15019,0.0047664,0.0060491,0.014202
65,15020,0.0031755,0.0064654,0.014543
65,15021,0.0015927,0.0068796,0.014877
65,15024,0.017412,0.0068796,0.014877
65,15025,0.015834,0.0064654,0.014543
65,15026,0.014248,0.0060491,0.014202
65,15027,0.012672,0.0056355,0.013857
65,15028,0.011088,0.0052198,0.013505
65,15029,0.0075949,0.0043031,0.012709
65,15030,0.0056859,0.0038021,0.012262
65,15031,0.0037936,0.0033054,0.01181
65,15032,0.001888,0.0028053,0.011346
65,15035,0.0019078,0.0057957,0.013991
65,15036,0.0038007,0.0052989,0.013573
65,15037,0.0057057,0.0047989,0.013143
65,15038,0.0095,0.0038031,0.012263
65,15039,0.0079079,0.0033852,0.011883
65,15040,0.0063276,0.0029705,0.0115
65,15041,0.004738,0.0025533,0.011108
65,15042,0.0031608,0.0021394,0.010713
65,15043,0.0015739,0.0017229,0.010308
65,15046,0.017426,0.0017229,0.010308
65,15047,0.015839,0.0021394,0.010713
65,15048,0.014262,0.0025533,0.011108
65,15049,0.012672,0.0029705,0.0115
65,15050,0.011092,0.0033852,0.011883
65,15059,0.017426,0.0017229,0.011699
65,15060,0.015839,0.0021395,0.012092
65,15061,0.014262,0.0025534,0.012477
65,15062,0.012672,0.0029706,0.012858
65,15063,0.011092,0.0033853,0.013232
65,15064,0.0095,0.0038031,0.013602
65,15065,0.0079081,0.0033853,0.013232
65,15066,0.0063281,0.0029706,0.012858
65,15067,0.0047385,0.0025534,0.012477
65,15068,0.0031613,0.0021395,0.012092
65,15069,0.0015742,0.0017229,0.011699
65,15070,0.0019077,0.0057957,0.015287
65,15071,0.0038005,0.0052989,0.014879
65,15072,0.0057055,0.004799,0.01446
65,15073,0.0075949,0.0043031,0.014037
65,15074,0.0056861,0.0038021,0.013601
65,15075,0.0037939,0.0033055,0.01316
65,15076,0.0018882,0.0028054,0.012708
65,15077,0.017412,0.0068797,0.016152
65,15078,0.015834,0.0064655,0.015826
65,15079,0.014248,0.0060492,0.015493
65,15080,0.012672,0.0056356,0.015156
65,15081,0.011088,0.0052198,0.014813
65,15082,0.0095141,0.0048068,0.014466
65,15083,0.0079357,0.0052198,0.014813
65,15084,0.0063467,0.0056356,0.015156
65,15085,0.0047661,0.0060492,0.015493
65,15086,0.0031753,0.0064655,0.015826
65,15087,0.0015925,0.0068797,0.016152
65,15088,0.013307,0.0048023,0.014463
65,15089,0.015208,0.0053012,0.014881
65,15090,0.017097,0.0057968,0.015288
65,15091,0.011422,0.0043075,0.01404
65,15092,0.017116,0.0028176,0.012719
65,15093,0.015215,0.0033151,0.013169
65,15094,0.013326,0.0038092,0.013607
68,15096,0.021908,0.0057957,0.013991
68,15097,0.023801,0.0052989,0.013573
68,15098,0.025706,0.0047989,0.013143
68,15099,0.027595,0.0043031,0.012709
68,15101,0.037412,0.0068796,0.014877
68,15102,0.035834,0.0064654,0.014543
68,15103,0.034248,0.0060491,0.014202
68,15104,0.032672,0.0056355,0.013857
68,15105,0.031088,0.0052198,0.013505
68,15106,0.029514,0.0048068,0.01315
68,15108,0.037426,0.0017229,0.010308
68,15109,0.035839,0.0021394,0.010713
68,15110,0.034262,0.0025533,0.011108
68,15111,0.032672,0.0029705,0.0115
68,15112,0.031092,0.0033852,0.011883
68,15113,0.0295,0.0038031,0.012263
68,15114,0.025686,0.0038021,0.012262
68,15115,0.023794,0.0033054,0.01181
68,15116,0.021888,0.0028053,0.011346
68,15119,0.037116,0.0028175,0.011357
68,15120,0.035215,0.003315,0.011819
68,15121,0.033327,0.0038091,0.012268
68,15122,0.031422,0.0043075,0.012713
68,15123,0.027936,0.0052198,0.013505
68,15124,0.026347,0.0056355,0.013857
68,15125,0.024766,0.0060491,0.014202
68,15126,0.023176,0.0064654,0.014543
68,15127,0.021593,0.0068796,0.014877
68,15129,0.033307,0.0048023,0.013146
68,15130,0.035208,0.0053011,0.013575
68,15131,0.037096,0.0057968,0.013992
68,15133,0.027908,0.0033852,0.011883
68,15134,0.026328,0.0029705,0.0115
68,15135,0.024738,0.0025533,0.011108
68,15136,0.023161,0.0021394,0.010713
68,15137,0.021574,0.0017229,0.010308
68,15147,0.027908,0.0033853,0.013232
68,15148,0.026328,0.0029706,0.012858
68,15149,0.024738,0.0025534,0.012477
68,15150,0.023161,0.0021395,0.012092
68,15151,0.021574,0.0017229,0.011699
68,15152,0.0295,0.0038031,0.013602
68,15153,0.033307,0.0048023,0.014463
68,15154,0.035208,0.0053012,0.014881
68,15155,0.037097,0.0057968,0.015288
68,15156,0.031422,0.0043075,0.01404
68,15157,0.027936,0.0052198,0.014813
68,15158,0.026347,0.0056356,0.015156
68,15159,0.024766,0.0060492,0.015493
68,15160,0.023175,0.0064655,0.015826
68,15161,0.021593,0.0068797,0.016152
68,15162,0.029514,0.0048068,0.014466
68,15163,0.037116,0.0028176,0.012719
68,15164,0.035215,0.0033151,0.013169
68,15165,0.033326,0.0038092,0.013607
68,15166,0.025686,0.0038021,0.013601
68,15167,0.023794,0.0033055,0.01316
68,15168,0.021888,0.0028054,0.012708
68,15169,0.027595,0.0043031,0.014037
68,15170,0.037426,0.0017229,0.011699
68,15171,0.035839,0.0021395,0.012092
68,15172,0.034262,0.0025534,0.012477
68,15173,0.032672,0.0029706,0.012858
68,15174,0.031092,0.0033853,0.013232
68,15175,0.037412,0.0068797,0.016152
68,15176,0.035834,0.0064655,0.015826
68,15177,0.034248,0.0060492,0.015493
68,15178,0.032672,0.0056356,0.015156
68,15179,0.031088,0.0052198,0.014813
68,15180,0.021908,0.0057957,0.015287
68,15181,0.0238,0.0052989,0.014879
68,15182,0.025705,0.004799,0.01446
71,15184,0.057426,0.0017229,0.010308
71,15185,0.055839,0.0021394,0.010713
71,15186,0.054262,0.0025533,0.011108
71,15187,0.052672,0.0029705,0.0115
71,15188,0.051092,0.0033852,0.011883
71,15189,0.0495,0.0038031,0.012263
71,15190,0.051422,0.0043075,0.012713
71,15191,0.053307,0.0048023,0.013146
71,15192,0.055208,0.0053011,0.013575
71,15193,0.057096,0.0057968,0.013992
71,15196,0.041908,0.0057957,0.013991
71,15197,0.043801,0.0052989,0.013573
71,15198,0.045706,0.0047989,0.013143
71,15199,0.047595,0.0043031,0.012709
71,15201,0.057412,0.0068796,0.014877
71,15202,0.055834,0.0064654,0.014543
71,15203,0.054248,0.0060491,0.014202
71,15204,0.052672,0.0056355,0.013857
71,15205,0.051088,0.0052198,0.013505
71,15206,0.049514,0.0048068,0.01315
71,15207,0.045686,0.0038021,0.012262
71,15208,0.043794,0.0033054,0.01181
71,15209,0.041888,0.0028053,0.011346
71,15211,0.047936,0.0052198,0.013505
71,15212,0.046347,0.0056355,0.013857
71,15213,0.044766,0.0060491,0.014202
71,15214,0.043176,0.0064654,0.014543
71,15215,0.041593,0.0068796,0.014877
71,15218,0.057116,0.0028175,0.011357
71,15219,0.055215,0.003315,0.011819
71,15220,0.053327,0.0038091,0.012268
71,15221,0.047908,0.0033852,0.011883
71,15222,0.046328,0.0029705,0.0115
71,15223,0.044738,0.0025533,0.011108
71,15224,0.043161,0.0021394,0.010713
71,15225,0.041574,0.0017229,0.010308
71,15235,0.047908,0.0033853,0.013232
71,15236,0.046328,0.0029706,0.012858
71,15237,0.044738,0.0025534,0.012477
71,15238,0.043161,0.0021395,0.012092
71,15239,0.041574,0.0017229,0.011699
71,15240,0.0495,0.0038031,0.013602
71,15241,0.057116,0.0028176,0.012719
71,15242,0.055215,0.0033151,0.013169
71,15243,0.053326,0.0038092,0.013607
71,15244,0.051422,0.0043075,0.01404
71,15245,0.047936,0.0052198,0.014813
71,15246,0.046347,0.0056356,0.015156
71,15247,0.044766,0.0060492,0.015493
71,15248,0.043175,0.0064655,0.015826
71,15249,0.041593,0.0068797,0.016152
71,15250,0.049514,0.0048068,0.014466
71,15251,0.045686,0.0038021,0.013601
71,15252,0.043794,0.0033055,0.01316
71,15253,0.041888,0.0028054,0.012708
71,15254,0.047595,0.0043031,0.014037
71,15255,0.057412,0.0068797,0.016152
71,15256,0.055834,0.0064655,0.015826
71,15257,0.054248,0.0060492,0.015493
71,15258,0.052672,0.0056356,0.015156
71,15259,0.051088,0.0052198,0.014813
71,15260,0.041908,0.0057957,0.015287
71,15261,0.0438,0.0052989,0.014879
71,15262,0.045705,0.004799,0.01446
71,15263,0.053307,0.0048023,0.014463
71,15264,0.055208,0.0053012,0.014881
71,15265,0.057097,0.0057968,0.015288
71,15266,0.057426,0.0017229,0.011699
71,15267,0.055839,0.0021395,0.012092
71,15268,0.054262,0.0025534,0.012477
71,15269,0.052672,0.0029706,0.012858
71,15270,0.051092,0.0033853,0.013232
74,15271,0.011422,0.10431,0.012713
74,15272,0.013307,0.1048,0.013146
74,15273,0.015208,0.1053,0.013575
74,15274,0.017096,0.1058,0.013992
74,15277,0.017116,0.10282,0.011357
74,15278,0.015215,0.10332,0.011819
74,15279,0.013327,0.10381,0.012268
74,15281,0.017426,0.10172,0.010308
74,15282,0.015839,0.10214,0.010713
74,15283,0.014262,0.10255,0.011108
74,15284,0.012672,0.10297,0.0115
74,15285,0.011092,0.10339,0.011883
74,15286,0.0095,0.1038,0.012263
74,15287,0.0079079,0.10339,0.011883
74,15288,0.0063276,0.10297,0.0115
74,15289,0.004738,0.10255,0.011108
74,15290,0.0031608,0.10214,0.010713
74,15291,0.0015739,0.10172,0.010308
74,15294,0.017412,0.10688,0.014877
74,15295,0.015834,0.10647,0.014543
74,15296,0.014248,0.10605,0.014202
74,15297,0.012672,0.10564,0.013857
74,15298,0.011088,0.10522,0.013505
74,15299,0.0095141,0.10481,0.01315
74,15300,0.0079359,0.10522,0.013505
74,15301,0.006347,0.10564,0.013857
74,15302,0.0047664,0.10605,0.014202
74,15303,0.0031755,0.10647,0.014543
74,15304,0.0015927,0.10688,0.014877
74,15307,0.0019078,0.1058,0.013991
74,15308,0.0038007,0.1053,0.013573
74,15309,0.0057057,0.1048,0.013143
74,15310,0.0075949,0.1043,0.012709
74,15311,0.0056859,0.1038,0.012262
74,15312,0.0037936,0.10331,0.01181
74,15313,0.001888,0.10281,0.011346
74,15323,0.0056861,0.1038,0.013601
74,15324,0.0037939,0.10331,0.01316
74,15325,0.0018882,0.10281,0.012708
74,15326,0.0075949,0.1043,0.014037
74,15327,0.0019077,0.1058,0.015287
74,15328,0.0038005,0.1053,0.014879
74,15329,0.0057055,0.1048,0.01446
74,15330,0.0079357,0.10522,0.014813
74,15331,0.0063467,0.10564,0.015156
74,15332,0.0047661,0.10605,0.015493
74,15333,0.0031753,0.10647,0.015826
74,15334,0.0015925,0.10688,0.016152
74,15335,0.0095141,0.10481,0.014466
74,15336,0.017412,0.10688,0.016152
74,15337,0.015834,0.10647,0.015826
74,15338,0.014248,0.10605,0.015493
74,15339,0.012672,0.10564,0.015156
74,15340,0.011088,0.10522,0.014813
74,15341,0.0079081,0.10339,0.013232
74,15342,0.0063281,0.10297,0.012858
74,15343,0.0047385,0.10255,0.012477
74,15344,0.0031613,0.10214,0.012092
74,15345,0.0015742,0.10172,0.011699
74,15346,0.0095,0.1038,0.013602
74,15347,0.017426,0.10172,0.011699
74,15348,0.015839,0.10214,0.012092
74,15349,0.014262,0.10255,0.012477
74,15350,0.012672,0.10297,0.012858
74,15351,0.011092,0.10339,0.013232
74,15352,0.017116,0.10282,0.012719
74,15353,0.015215,0.10332,0.013169
74,15354,0.013326,0.10381,0.013607
74,15355,0.011422,0.10431,0.01404
74,15356,0.013307,0.1048,0.014463
74,15357,0.015208,0.1053,0.014881
74,15358,0.017097,0.1058,0.015288
77,15360,0.021908,0.1058,0.013991
77,15361,0.023801,0.1053,0.013573
77,15362,0.025706,0.1048,0.013143
77,15363,0.027595,0.1043,0.012709
77,15365,0.037116,0.10282,0.011357
77,15366,0.035215,0.10331,0.011819
77,15367,0.033327,0.10381,0.012268
77,15368,0.031422,0.10431,0.012713
77,15369,0.025686,0.1038,0.012262
77,15370,0.023793,0.10331,0.01181
77,15371,0.021888,0.10281,0.011346
77,15374,0.037426,0.10172,0.010308
77,15375,0.035839,0.10214,0.010713
77,15376,0.034262,0.10255,0.011108
77,15377,0.032672,0.10297,0.0115
77,15378,0.031092,0.10339,0.011883
77,15379,0.0295,0.1038,0.012263
77,15380,0.027908,0.10339,0.011883
77,15381,0.026328,0.10297,0.0115
77,15382,0.024738,0.10255,0.011108
77,15383,0.023161,0.10214,0.010713
77,15384,0.021574,0.10172,0.010308
77,15387,0.037412,0.10688,0.014877
77,15388,0.035834,0.10647,0.014543
77,15389,0.034247,0.10605,0.014202
77,15390,0.032672,0.10564,0.013857
77,15391,0.031088,0.10522,0.013505
77,15392,0.029514,0.10481,0.01315
77,15393,0.033307,0.1048,0.013146
77,15394,0.035208,0.1053,0.013574
77,15395,0.037096,0.1058,0.013992
77,15397,0.027936,0.10522,0.013505
77,15398,0.026347,0.10564,0.013857
77,15399,0.024767,0.10605,0.014202
77,15400,0.023176,0.10647,0.014543
77,15401,0.021593,0.10688,0.014877
77,15411,0.027936,0.10522,0.014813
77,15412,0.026347,0.10564,0.015156
77,15413,0.024766,0.10605,0.015493
77,15414,0.023175,0.10647,0.015826
77,15415,0.021593,0.10688,0.016152
77,15416,0.029514,0.10481,0.014466
77,15417,0.033307,0.1048,0.014463
77,15418,0.035208,0.1053,0.014881
77,15419,0.037097,0.1058,0.015288
77,15420,0.031422,0.10431,0.01404
77,15421,0.037412,0.10688,0.016152
77,15422,0.035834,0.10647,0.015826
77,15423,0.034248,0.10605,0.015493
77,15424,0.032672,0.10564,0.015156
77,15425,0.031088,0.10522,0.014813
77,15426,0.027908,0.10339,0.013232
77,15427,0.026328,0.10297,0.012858
77,15428,0.024738,0.10255,0.012477
77,15429,0.023161,0.10214,0.012092
77,15430,0.021574,0.10172,0.011699
77,15431,0.0295,0.1038,0.013602
77,15432,0.037426,0.10172,0.011699
77,15433,0.035839,0.10214,0.012092
77,15434,0.034262,0.10255,0.012477
77,15435,0.032672,0.10297,0.012858
77,15436,0.031092,0.10339,0.013232
77,15437,0.025686,0.1038,0.013601
77,15438,0.023794,0.10331,0.01316
77,15439,0.021888,0.10281,0.012708
77,15440,0.027595,0.1043,0.014037
77,15441,0.037116,0.10282,0.012719
77,15442,0.035215,0.10332,0.013169
77,15443,0.033326,0.10381,0.013607
77,15444,0.021908,0.1058,0.015287
77,15445,0.023801,0.1053,0.014879
77,15446,0.025705,0.1048,0.01446
80,15448,0.057426,0.10172,0.010308
80,15449,0.055839,0.10214,0.010713
80,15450,0.054262,0.10255,0.011108
80,15451,0.052672,0.10297,0.0115
80,15452,0.051092,0.10339,0.011883
80,15453,0.0495,0.1038,0.012263
80,15454,0.049514,0.10481,0.01315
80,15455,0.047936,0.10522,0.013505
80,15456,0.046347,0.10564,0.013857
80,15457,0.044766,0.10605,0.014202
80,15458,0.043176,0.10647,0.014543
80,15459,0.041593,0.10688,0.014877
80,15461,0.047908,0.10339,0.011883
80,15462,0.046328,0.10297,0.0115
80,15463,0.044738,0.10255,0.011108
80,15464,0.043161,0.10214,0.010713
80,15465,0.041574,0.10172,0.010308
80,15467,0.047595,0.1043,0.012709
80,15468,0.045686,0.1038,0.012262
80,15469,0.043794,0.10331,0.01181
80,15470,0.041888,0.10281,0.011346
80,15473,0.041908,0.1058,0.013991
80,15474,0.043801,0.1053,0.013573
80,15475,0.045706,0.1048,0.013143
80,15477,0.057412,0.10688,0.014877
80,15478,0.055834,0.10647,0.014543
80,15479,0.054248,0.10605,0.014202
80,15480,0.052672,0.10564,0.013857
80,15481,0.051088,0.10522,0.013505
80,15482,0.051422,0.10431,0.012713
80,15483,0.053307,0.1048,0.013146
80,15484,0.055208,0.1053,0.013575
80,15485,0.057096,0.1058,0.013992
80,15488,0.057116,0.10282,0.011357
80,15489,0.055215,0.10332,0.011819
80,15490,0.053327,0.10381,0.012268
80,15499,0.057116,0.10282,0.012719
80,15500,0.055215,0.10332,0.013169
80,15501,0.053326,0.10381,0.013607
80,15502,0.051422,0.10431,0.01404
80,15503,0.053307,0.1048,0.014463
80,15504,0.055208,0.1053,0.014881
80,15505,0.057097,0.1058,0.015288
80,15506,0.057412,0.10688,0.016152
80,15507,0.055834,0.10647,0.015826
80,15508,0.054248,0.10605,0.015493
80,15509,0.052672,0.10564,0.015156
80,15510,0.051088,0.10522,0.014813
80,15511,0.049514,0.10481,0.014466
80,15512,0.041908,0.1058,0.015287
80,15513,0.0438,0.1053,0.014879
80,15514,0.045705,0.1048,0.01446
80,15515,0.047595,0.1043,0.014037
80,15516,0.045686,0.1038,0.013601
80,15517,0.043794,0.10331,0.01316
80,15518,0.041888,0.10281,0.012708
80,15519,0.047908,0.10339,0.013232
80,15520,0.046328,0.10297,0.012858
80,15521,0.044738,0.10255,0.012477
80,15522,0.043161,0.10214,0.012092
80,15523,0.041574,0.10172,0.011699
80,15524,0.0495,0.1038,0.013602
80,15525,0.047936,0.10522,0.014813
80,15526,0.046347,0.10564,0.015156
80,15527,0.044766,0.10605,0.015493
80,15528,0.043175,0.10647,0.015826
80,15529,0.041593,0.10688,0.016152
80,15530,0.057426,0.10172,0.011699
80,15531,0.055839,0.10214,0.012092
80,15532,0.054262,0.10255,0.012477
80,15533,0.052672,0.10297,0.012858
80,15534,0.051092,0.10339,0.013232
83,15543,0.017116,0.20282,0.011357
83,15544,0.015215,0.20331,0.011819
83,15545,0.013327,0.20381,0.012268
83,15546,0.011422,0.20431,0.012713
83,15547,0.013307,0.2048,0.013146
83,15548,0.015208,0.2053,0.013574
83,15549,0.017096,0.2058,0.013992
83,15550,0.0095,0.2038,0.012263
83,15551,0.0079079,0.20339,0.011883
83,15552,0.0063276,0.20297,0.0115
83,15553,0.0047376,0.20255,0.011108
83,15554,0.0031608,0.20214,0.010713
83,15555,0.0015739,0.20172,0.010308
83,15556,0.017426,0.20172,0.010308
83,15557,0.015839,0.20214,0.010713
83,15558,0.014262,0.20255,0.011108
83,15559,0.012672,0.20297,0.0115
83,15560,0.011092,0.20339,0.011883
83,15561,0.0095141,0.20481,0.01315
83,15562,0.0079359,0.20522,0.013505
83,15563,0.006347,0.20564,0.013857
83,15564,0.0047667,0.20605,0.014202
83,15565,0.0031755,0.20647,0.014543
83,15566,0.0015927,0.20688,0.014877
83,15567,0.017412,0.20688,0.014877
83,15568,0.015834,0.20647,0.014543
83,15569,0.014247,0.20605,0.014202
83,15570,0.012672,0.20564,0.013857
83,15571,0.011088,0.20522,0.013505
83,15572,0.0075949,0.2043,0.012709
83,15573,0.0056859,0.2038,0.012262
83,15574,0.0037933,0.20331,0.01181
83,15575,0.001888,0.20281,0.011346
83,15576,0.0019078,0.2058,0.013991
83,15577,0.0038009,0.2053,0.013573
83,15578,0.0057057,0.2048,0.013143
83,15579,0.0019077,0.2058,0.015287
83,15580,0.0038007,0.2053,0.014879
83,15581,0.0057055,0.2048,0.01446
83,15583,0.0075949,0.2043,0.014037
83,15584,0.0056861,0.2038,0.013601
83,15585,0.0037936,0.20331,0.01316
83,15586,0.0018882,0.20281,0.012708
83,15588,0.017412,0.20688,0.016152
83,15589,0.015834,0.20647,0.015826
83,15590,0.014248,0.20605,0.015493
83,15591,0.012672,0.20564,0.015156
83,15592,0.011088,0.20522,0.014813
83,15594,0.0095141,0.20481,0.014466
83,15595,0.0079357,0.20522,0.014813
83,15596,0.0063467,0.20564,0.015156
83,15597,0.0047664,0.20605,0.015493
83,15598,0.0031753,0.20647,0.015826
83,15599,0.0015925,0.20688,0.016152
83,15601,0.017426,0.20172,0.011699
83,15602,0.015839,0.20214,0.012092
83,15603,0.014262,0.20255,0.012477
83,15604,0.012672,0.20297,0.012858
83,15605,0.011092,0.20339,0.013232
83,15607,0.0095,0.2038,0.013602
83,15608,0.0079081,0.20339,0.013232
83,15609,0.0063281,0.20297,0.012858
83,15610,0.0047381,0.20255,0.012477
83,15611,0.0031613,0.20214,0.012092
83,15612,0.0015742,0.20172,0.011699
83,15614,0.013307,0.2048,0.014463
83,15615,0.015208,0.2053,0.014881
83,15616,0.017097,0.2058,0.015288
83,15618,0.011422,0.20431,0.01404
83,15619,0.017116,0.20282,0.012719
83,15620,0.015215,0.20332,0.013169
83,15621,0.013326,0.20381,0.013607
86,15623,0.031422,0.20431,0.012713
86,15624,0.033307,0.2048,0.013146
86,15625,0.035208,0.2053,0.013575
86,15626,0.037096,0.2058,0.013992
86,15628,0.029514,0.20481,0.01315
86,15629,0.027936,0.20522,0.013505
86,15630,0.026347,0.20564,0.013857
86,15631,0.024766,0.20605,0.014202
86,15632,0.023176,0.20647,0.014543
86,15633,0.021593,0.20688,0.014877
86,15636,0.037412,0.20688,0.014877
86,15637,0.035834,0.20647,0.014543
86,15638,0.034248,0.20605,0.014202
86,15639,0.032672,0.20564,0.013857
86,15640,0.031088,0.20522,0.013505
86,15642,0.021908,0.2058,0.013991
86,15643,0.023801,0.2053,0.013573
86,15644,0.025706,0.2048,0.013143
86,15645,0.027595,0.2043,0.012709
86,15646,0.025686,0.2038,0.012262
86,15647,0.023794,0.20331,0.01181
86,15648,0.021888,0.20281,0.011346
86,15653,0.0295,0.2038,0.012263
86,15654,0.027908,0.20339,0.011883
86,15655,0.026328,0.20297,0.0115
86,15656,0.024738,0.20255,0.011108
86,15657,0.023161,0.20214,0.010713
86,15658,0.021574,0.20172,0.010308
86,15659,0.037116,0.20282,0.011357
86,15660,0.035215,0.20332,0.011819
86,15661,0.033327,0.20381,0.012268
86,15662,0.037426,0.20172,0.010308
86,15663,0.035839,0.20214,0.010713
86,15664,0.034262,0.20255,0.011108
86,15665,0.032672,0.20297,0.0115
86,15666,0.031092,0.20339,0.011883
86,15667,0.037426,0.20172,0.011699
86,15668,0.035839,0.20214,0.012092
86,15669,0.034262,0.20255,0.012477
86,15670,0.032672,0.20297,0.012858
86,15671,0.031092,0.20339,0.013232
86,15673,0.0295,0.2038,0.013602
86,15674,0.037116,0.20282,0.012719
86,15675,0.035215,0.20332,0.013169
86,15676,0.033326,0.20381,0.013607
86,15677,0.031422,0.20431,0.01404
86,15679,0.027908,0.20339,0.013232
86,15680,0.026328,0.20297,0.012858
86,15681,0.024738,0.20255,0.012477
86,15682,0.023161,0.20214,0.012092
86,15683,0.021574,0.20172,0.011699
86,15690,0.025686,0.2038,0.013601
86,15691,0.023794,0.20331,0.01316
86,15692,0.021888,0.20281,0.012708
86,15693,0.027595,0.2043,0.014037
86,15694,0.021908,0.2058,0.015287
86,15695,0.0238,0.2053,0.014879
86,15696,0.025705,0.2048,0.01446
86,15697,0.037412,0.20688,0.016152
86,15698,0.035834,0.20647,0.015826
86,15699,0.034248,0.20605,0.015493
86,15700,0.032672,0.20564,0.015156
86,15701,0.031088,0.20522,0.014813
86,15702,0.029514,0.20481,0.014466
86,15703,0.027936,0.20522,0.014813
86,15704,0.026347,0.20564,0.015156
86,15705,0.024766,0.20605,0.015493
86,15706,0.023175,0.20647,0.015826
86,15707,0.021593,0.20688,0.016152
86,15708,0.033307,0.2048,0.014463
86,15709,0.035208,0.2053,0.014881
86,15710,0.037097,0.2058,0.015288
89,15719,0.057116,0.20282,0.011357
89,15720,0.055215,0.20332,0.011819
89,15721,0.053327,0.20381,0.012268
89,15722,0.051422,0.20431,0.012713
89,15723,0.053307,0.2048,0.013146
89,15724,0.055208,0.2053,0.013575
89,15725,0.057096,0.2058,0.013992
89,15726,0.0495,0.2038,0.012263
89,15727,0.047908,0.20339,0.011883
89,15728,0.046328,0.20297,0.0115
89,15729,0.044738,0.20255,0.011108
89,15730,0.043161,0.20214,0.010713
89,15731,0.041574,0.20172,0.010308
89,15732,0.057426,0.20172,0.010308
89,15733,0.055839,0.20214,0.010713
89,15734,0.054262,0.20255,0.011108
89,15735,0.052672,0.20297,0.0115
89,15736,0.051092,0.20339,0.011883
89,15737,0.049514,0.20481,0.01315
89,15738,0.047936,0.20522,0.013505
89,15739,0.046347,0.20564,0.013857
89,15740,0.044766,0.20605,0.014202
89,15741,0.043176,0.20647,0.014543
89,15742,0.041593,0.20688,0.014877
89,15743,0.057412,0.20688,0.014877
89,15744,0.055834,0.20647,0.014543
89,15745,0.054248,0.20605,0.014202
89,15746,0.052672,0.20564,0.013857
89,15747,0.051088,0.20522,0.013505
89,15748,0.047595,0.2043,0.012709
89,15749,0.045686,0.2038,0.012262
89,15750,0.043794,0.20331,0.01181
89,15751,0.041888,0.20281,0.011346
89,15752,0.041908,0.2058,0.013991
89,15753,0.043801,0.2053,0.013573
89,15754,0.045706,0.2048,0.013143
89,15755,0.041908,0.2058,0.015287
89,15756,0.0438,0.2053,0.014879
89,15757,0.045705,0.2048,0.01446
89,15759,0.047595,0.2043,0.014037
89,15760,0.045686,0.2038,0.013601
89,15761,0.043794,0.20331,0.01316
89,15762,0.041888,0.20281,0.012708
89,15764,0.057412,0.20688,0.016152
89,15765,0.055834,0.20647,0.015826
89,15766,0.054248,0.20605,0.015493
89,15767,0.052672,0.20564,0.015156
89,15768,0.051088,0.20522,0.014813
89,15770,0.049514,0.20481,0.014466
89,15771,0.047936,0.20522,0.014813
89,15772,0.046347,0.20564,0.015156
89,15773,0.044766,0.20605,0.015493
89,15774,0.043175,0.20647,0.015826
89,15775,0.041593,0.20688,0.016152
89,15777,0.057426,0.20172,0.011699
89,15778,0.055839,0.20214,0.012092
89,15779,0.054262,0.20255,0.012477
89,15780,0.052672,0.20297,0.012858
89,15781,0.051092,0.20339,0.013232
89,15783,0.0495,0.2038,0.013602
89,15784,0.047908,0.20339,0.013232
89,15785,0.046328,0.20297,0.012858
89,15786,0.044738,0.20255,0.012477
89,15787,0.043161,0.20214,0.012092
89,15788,0.041574,0.20172,0.011699
89,15790,0.053307,0.2048,0.014463
89,15791,0.055208,0.2053,0.014881
89,15792,0.057097,0.2058,0.015288
89,15794,0.051422,0.20431,0.01404
89,15795,0.057116,0.20282,0.012719
89,15796,0.055215,0.20332,0.013169
89,15797,0.053326,0.20381,0.013607
92,15799,0.0095141,0.095807,0.012612
92,15800,0.0079199,0.096224,0.012239
92,15801,0.0063373,0.096638,0.011862
92,15802,0.0047454,0.097055,0.011477
92,15803,0.0031658,0.097468,0.011088
92,15804,0.0015765,0.097884,0.010691
92,15807,0.017428,0.097884,0.010691
92,15808,0.015844,0.097468,0.011088
92,15809,0.014269,0.097055,0.011477
92,15810,0.012682,0.096638,0.011862
92,15811,0.011104,0.096224,0.012239
92,15812,0.0075949,0.095303,0.013055
92,15813,0.0057054,0.094807,0.013482
92,15814,0.0038006,0.094307,0.013905
92,15815,0.0019076,0.09381,0.014317
92,15818,0.0018883,0.096801,0.011712
92,15819,0.0037937,0.096301,0.012169
92,15820,0.0056862,0.095804,0.012614
92,15821,0.0095,0.094803,0.013486
92,15822,0.007924,0.094389,0.013836
92,15823,0.0063375,0.093973,0.014183
92,15824,0.0047591,0.093559,0.014523
92,15825,0.0031707,0.093142,0.01486
92,15826,0.0015902,0.092727,0.015189
92,15829,0.01741,0.092727,0.015189
92,15830,0.015829,0.093142,0.01486
92,15831,0.014241,0.093559,0.014523
92,15832,0.012663,0.093973,0.014183
92,15833,0.011076,0.094389,0.013836
92,15835,0.017116,0.096802,0.011711
92,15836,0.015215,0.096303,0.012167
92,15837,0.013326,0.095807,0.012611
92,15838,0.011422,0.095308,0.013051
92,15839,0.013307,0.094814,0.013476
92,15840,0.015208,0.094317,0.013897
92,15841,0.017097,0.093823,0.014307
92,15851,0.013307,0.094814,0.014785
92,15852,0.015208,0.094317,0.015195
92,15853,0.017097,0.093823,0.015596
92,15854,0.011422,0.095308,0.01437
92,15855,0.017116,0.096802,0.013064
92,15856,0.015214,0.096303,0.013508
92,15857,0.013326,0.095807,0.013941
92,15858,0.01741,0.092727,0.016457
92,15859,0.01583,0.093142,0.016135
92,15860,0.014241,0.093559,0.015807
92,15861,0.012663,0.093973,0.015475
92,15862,0.011076,0.094389,0.015136
92,15863,0.0095,0.094803,0.014794
92,15864,0.0079238,0.094389,0.015136
92,15865,0.0063372,0.093973,0.015475
92,15866,0.0047588,0.093559,0.015807
92,15867,0.0031705,0.093142,0.016135
92,15868,0.00159,0.092727,0.016457
92,15869,0.0018885,0.096801,0.013065
92,15870,0.003794,0.096301,0.01351
92,15871,0.0056863,0.095804,0.013944
92,15872,0.0075949,0.095303,0.014373
92,15873,0.0057053,0.094807,0.01479
92,15874,0.0038004,0.094307,0.015203
92,15875,0.0019075,0.09381,0.015606
92,15876,0.017428,0.097884,0.01207
92,15877,0.015843,0.097468,0.012457
92,15878,0.014268,0.097055,0.012836
92,15879,0.012681,0.096638,0.013211
92,15880,0.011103,0.096224,0.013578
92,15881,0.0095141,0.095807,0.013942
92,15882,0.0079201,0.096224,0.013578
92,15883,0.0063377,0.096638,0.013211
92,15884,0.0047459,0.097055,0.012836
92,15885,0.0031662,0.097468,0.012457
92,15886,0.0015768,0.097884,0.01207
95,15888,0.021888,0.096801,0.011712
95,15889,0.023794,0.096301,0.012169
95,15890,0.025686,0.095804,0.012614
95,15891,0.027595,0.095303,0.013055
95,15892,0.025705,0.094807,0.013482
95,15893,0.023801,0.094307,0.013905
95,15894,0.021908,0.09381,0.014317
95,15897,0.037428,0.097884,0.010691
95,15898,0.035844,0.097468,0.011088
95,15899,0.034269,0.097055,0.011477
95,15900,0.032682,0.096638,0.011862
95,15901,0.031104,0.096224,0.012239
95,15902,0.029514,0.095807,0.012612
95,15903,0.02792,0.096224,0.012239
95,15904,0.026337,0.096638,0.011862
95,15905,0.024745,0.097055,0.011477
95,15906,0.023166,0.097468,0.011088
95,15907,0.021577,0.097884,0.010691
95,15909,0.031422,0.095308,0.013051
95,15910,0.033307,0.094814,0.013476
95,15911,0.035208,0.094317,0.013897
95,15912,0.037097,0.093823,0.014307
95,15915,0.037116,0.096802,0.011711
95,15916,0.035215,0.096303,0.012167
95,15917,0.033326,0.095807,0.012611
95,15919,0.03741,0.092727,0.015189
95,15920,0.035829,0.093142,0.01486
95,15921,0.034241,0.093559,0.014523
95,15922,0.032663,0.093973,0.014183
95,15923,0.031076,0.094389,0.013836
95,15924,0.0295,0.094803,0.013486
95,15925,0.027924,0.094389,0.013836
95,15926,0.026337,0.093973,0.014183
95,15927,0.024759,0.093559,0.014523
95,15928,0.023171,0.093142,0.01486
95,15929,0.02159,0.092727,0.015189
95,15939,0.027924,0.094389,0.015136
95,15940,0.026337,0.093973,0.015475
95,15941,0.024759,0.093559,0.015807
95,15942,0.02317,0.093142,0.016135
95,15943,0.02159,0.092727,0.016457
95,15944,0.0295,0.094803,0.014794
95,15945,0.03741,0.092727,0.016457
95,15946,0.03583,0.093142,0.016135
95,15947,0.034241,0.093559,0.015807
95,15948,0.032663,0.093973,0.015475
95,15949,0.031076,0.094389,0.015136
95,15950,0.037116,0.096802,0.013064
95,15951,0.035214,0.096303,0.013508
95,15952,0.033326,0.095807,0.013941
95,15953,0.031422,0.095308,0.01437
95,15954,0.033307,0.094814,0.014785
95,15955,0.035208,0.094317,0.015195
95,15956,0.037097,0.093823,0.015596
95,15957,0.02792,0.096224,0.013578
95,15958,0.026338,0.096638,0.013211
95,15959,0.024746,0.097055,0.012836
95,15960,0.023166,0.097468,0.012457
95,15961,0.021577,0.097884,0.01207
95,15962,0.029514,0.095807,0.013942
95,15963,0.037428,0.097884,0.01207
95,15964,0.035843,0.097468,0.012457
95,15965,0.034268,0.097055,0.012836
95,15966,0.032681,0.096638,0.013211
95,15967,0.031103,0.096224,0.013578
95,15968,0.025705,0.094807,0.01479
95,15969,0.0238,0.094307,0.015203
95,15970,0.021907,0.09381,0.015606
95,15971,0.027595,0.095303,0.014373
95,15972,0.021888,0.096801,0.013065
95,15973,0.023794,0.096301,0.01351
95,15974,0.025686,0.095804,0.013944
98,15976,0.041888,0.096801,0.011712
98,15977,0.043794,0.096301,0.012169
98,15978,0.045686,0.095804,0.012614
98,15979,0.047595,0.095303,0.013055
98,15980,0.045705,0.094807,0.013482
98,15981,0.043801,0.094307,0.013905
98,15982,0.041908,0.09381,0.014317
98,15985,0.057428,0.097884,0.010691
98,15986,0.055844,0.097468,0.011088
98,15987,0.054269,0.097055,0.011477
98,15988,0.052682,0.096638,0.011862
98,15989,0.051104,0.096224,0.012239
98,15990,0.049514,0.095807,0.012612
98,15991,0.04792,0.096224,0.012239
98,15992,0.046337,0.096638,0.011862
98,15993,0.044745,0.097055,0.011477
98,15994,0.043166,0.097468,0.011088
98,15995,0.041577,0.097884,0.010691
98,15997,0.051422,0.095308,0.013051
98,15998,0.053307,0.094814,0.013476
98,15999,0.055208,0.094317,0.013897
98,16000,0.057097,0.093823,0.014307
98,16003,0.057116,0.096802,0.011711
98,16004,0.055215,0.096303,0.012167
98,16005,0.053326,0.095807,0.012611
98,16007,0.05741,0.092727,0.015189
98,16008,0.055829,0.093142,0.01486
98,16009,0.054241,0.093559,0.014523
98,16010,0.052663,0.093973,0.014183
98,16011,0.051076,0.094389,0.013836
98,16012,0.0495,0.094803,0.013486
98,16013,0.047924,0.094389,0.013836
98,16014,0.046337,0.093973,0.014183
98,16015,0.044759,0.093559,0.014523
98,16016,0.043171,0.093142,0.01486
98,16017,0.04159,0.092727,0.015189
98,16027,0.047924,0.094389,0.015136
98,16028,0.046337,0.093973,0.015475
98,16029,0.044759,0.093559,0.015807
98,16030,0.04317,0.093142,0.016135
98,16031,0.04159,0.092727,0.016457
98,16032,0.0495,0.094803,0.014794
98,16033,0.05741,0.092727,0.016457
98,16034,0.05583,0.093142,0.016135
98,16035,0.054241,0.093559,0.015807
98,16036,0.052663,0.093973,0.015475
98,16037,0.051076,0.094389,0.015136
98,16038,0.057116,0.096802,0.013064
98,16039,0.055214,0.096303,0.013508
98,16040,0.053326,0.095807,0.013941
98,16041,0.051422,0.095308,0.01437
98,16042,0.053307,0.094814,0.014785
98,16043,0.055208,0.094317,0.015195
98,16044,0.057097,0.093823,0.015596
98,16045,0.04792,0.096224,0.013578
98,16046,0.046338,0.096638,0.013211
98,16047,0.044746,0.097055,0.012836
98,16048,0.043166,0.097468,0.012457
98,16049,0.041577,0.097884,0.01207
98,16050,0.049514,0.095807,0.013942
98,16051,0.057428,0.097884,0.01207
98,16052,0.055843,0.097468,0.012457
98,16053,0.054268,0.097055,0.012836
98,16054,0.052681,0.096638,0.013211
98,16055,0.051103,0.096224,0.013578
98,16056,0.045705,0.094807,0.01479
98,16057,0.0438,0.094307,0.015203
98,16058,0.041907,0.09381,0.015606
98,16059,0.047595,0.095303,0.014373
98,16060,0.041888,0.096801,0.013065
98,16061,0.043794,0.096301,0.01351
98,16062,0.045686,0.095804,0.013944
