,Beam,Node,X,Y,Z,track,arch,original,arc,beam_id,beam_id_mirrored,Beam_mirrored,Beam_mirrored_num
0,Beam_1_1_2,24746,0.0,0.00080961,0.010193,1,1,1,1,2,15,Beam_1_1_15,1115
1,Beam_1_1_2,24749,0.00475,0.00080961,0.010193,1,1,1,1,2,15,Beam_1_1_15,1115
2,Beam_1_1_2,24748,0.0095,0.00080961,0.010193,1,1,1,1,2,15,Beam_1_1_15,1115
3,Beam_1_1_2,24747,0.01425,0.00080961,0.010193,1,1,1,1,2,15,Beam_1_1_15,1115
4,Beam_1_1_2,24745,0.019,0.00080961,0.010193,1,1,1,1,2,15,Beam_1_1_15,1115
5,Beam_1_1_1,15043,0.0015739,0.0017229,0.010308,1,1,65,1,1,14,Beam_1_1_14,1114
6,Beam_1_1_1,15069,0.0015742,0.0017229,0.011699,1,1,65,1,1,14,Beam_1_1_14,1114
7,Beam_1_1_1,15046,0.017426,0.0017229,0.010308,1,1,65,1,1,14,Beam_1_1_14,1114
8,Beam_1_1_1,15059,0.017426,0.0017229,0.011699,1,1,65,1,1,14,Beam_1_1_14,1114
9,Beam_1_1_1,15042,0.0031608,0.0021394,0.010713,1,1,65,1,1,14,Beam_1_1_14,1114
10,Beam_1_1_1,15047,0.015839,0.0021394,0.010713,1,1,65,1,1,14,Beam_1_1_14,1114
11,Beam_1_1_1,15068,0.0031613,0.0021395,0.012092,1,1,65,1,1,14,Beam_1_1_14,1114
12,Beam_1_1_1,15060,0.015839,0.0021395,0.012092,1,1,65,1,1,14,Beam_1_1_14,1114
13,Beam_1_1_1,15041,0.004738,0.0025533,0.011108,1,1,65,1,1,14,Beam_1_1_14,1114
14,Beam_1_1_1,15048,0.014262,0.0025533,0.011108,1,1,65,1,1,14,Beam_1_1_14,1114
15,Beam_1_1_1,15067,0.0047385,0.0025534,0.012477,1,1,65,1,1,14,Beam_1_1_14,1114
16,Beam_1_1_1,15061,0.014262,0.0025534,0.012477,1,1,65,1,1,14,Beam_1_1_14,1114
17,Beam_1_1_1,15032,0.001888,0.0028053,0.011346,1,1,65,1,1,14,Beam_1_1_14,1114
18,Beam_1_1_1,15076,0.0018882,0.0028054,0.012708,1,1,65,1,1,14,Beam_1_1_14,1114
19,Beam_1_1_1,15008,0.017116,0.0028175,0.011357,1,1,65,1,1,14,Beam_1_1_14,1114
20,Beam_1_1_1,15092,0.017116,0.0028176,0.012719,1,1,65,1,1,14,Beam_1_1_14,1114
21,Beam_1_1_1,15040,0.0063276,0.0029705,0.0115,1,1,65,1,1,14,Beam_1_1_14,1114
22,Beam_1_1_1,15049,0.012672,0.0029705,0.0115,1,1,65,1,1,14,Beam_1_1_14,1114
23,Beam_1_1_1,15066,0.0063281,0.0029706,0.012858,1,1,65,1,1,14,Beam_1_1_14,1114
24,Beam_1_1_1,15062,0.012672,0.0029706,0.012858,1,1,65,1,1,14,Beam_1_1_14,1114
25,Beam_1_1_1,15031,0.0037936,0.0033054,0.01181,1,1,65,1,1,14,Beam_1_1_14,1114
26,Beam_1_1_1,15075,0.0037939,0.0033055,0.01316,1,1,65,1,1,14,Beam_1_1_14,1114
27,Beam_1_1_1,15009,0.015215,0.003315,0.011819,1,1,65,1,1,14,Beam_1_1_14,1114
28,Beam_1_1_1,15093,0.015215,0.0033151,0.013169,1,1,65,1,1,14,Beam_1_1_14,1114
29,Beam_1_1_1,15039,0.0079079,0.0033852,0.011883,1,1,65,1,1,14,Beam_1_1_14,1114
30,Beam_1_1_1,15050,0.011092,0.0033852,0.011883,1,1,65,1,1,14,Beam_1_1_14,1114
31,Beam_1_1_1,15065,0.0079081,0.0033853,0.013232,1,1,65,1,1,14,Beam_1_1_14,1114
32,Beam_1_1_1,15063,0.011092,0.0033853,0.013232,1,1,65,1,1,14,Beam_1_1_14,1114
33,Beam_1_1_1,15030,0.0056859,0.0038021,0.012262,1,1,65,1,1,14,Beam_1_1_14,1114
34,Beam_1_1_1,15074,0.0056861,0.0038021,0.013601,1,1,65,1,1,14,Beam_1_1_14,1114
35,Beam_1_1_1,15064,0.0095,0.0038031,0.013602,1,1,65,1,1,14,Beam_1_1_14,1114
36,Beam_1_1_1,15038,0.0095,0.0038031,0.012263,1,1,65,1,1,14,Beam_1_1_14,1114
37,Beam_1_1_1,15010,0.013327,0.0038091,0.012268,1,1,65,1,1,14,Beam_1_1_14,1114
38,Beam_1_1_1,15094,0.013326,0.0038092,0.013607,1,1,65,1,1,14,Beam_1_1_14,1114
39,Beam_1_1_1,15073,0.0075949,0.0043031,0.014037,1,1,65,1,1,14,Beam_1_1_14,1114
40,Beam_1_1_1,15029,0.0075949,0.0043031,0.012709,1,1,65,1,1,14,Beam_1_1_14,1114
41,Beam_1_1_1,15091,0.011422,0.0043075,0.01404,1,1,65,1,1,14,Beam_1_1_14,1114
42,Beam_1_1_1,15011,0.011422,0.0043075,0.012713,1,1,65,1,1,14,Beam_1_1_14,1114
43,Beam_1_1_1,15037,0.0057057,0.0047989,0.013143,1,1,65,1,1,14,Beam_1_1_14,1114
44,Beam_1_1_1,15072,0.0057055,0.004799,0.01446,1,1,65,1,1,14,Beam_1_1_14,1114
45,Beam_1_1_1,15088,0.013307,0.0048023,0.014463,1,1,65,1,1,14,Beam_1_1_14,1114
46,Beam_1_1_1,15012,0.013307,0.0048023,0.013146,1,1,65,1,1,14,Beam_1_1_14,1114
47,Beam_1_1_1,15082,0.0095141,0.0048068,0.014466,1,1,65,1,1,14,Beam_1_1_14,1114
48,Beam_1_1_1,15016,0.0095141,0.0048068,0.01315,1,1,65,1,1,14,Beam_1_1_14,1114
49,Beam_1_1_1,15083,0.0079357,0.0052198,0.014813,1,1,65,1,1,14,Beam_1_1_14,1114
50,Beam_1_1_1,15017,0.0079359,0.0052198,0.013505,1,1,65,1,1,14,Beam_1_1_14,1114
51,Beam_1_1_1,15081,0.011088,0.0052198,0.014813,1,1,65,1,1,14,Beam_1_1_14,1114
52,Beam_1_1_1,15028,0.011088,0.0052198,0.013505,1,1,65,1,1,14,Beam_1_1_14,1114
53,Beam_1_1_1,15071,0.0038005,0.0052989,0.014879,1,1,65,1,1,14,Beam_1_1_14,1114
54,Beam_1_1_1,15036,0.0038007,0.0052989,0.013573,1,1,65,1,1,14,Beam_1_1_14,1114
55,Beam_1_1_1,15013,0.015208,0.0053011,0.013575,1,1,65,1,1,14,Beam_1_1_14,1114
56,Beam_1_1_1,15089,0.015208,0.0053012,0.014881,1,1,65,1,1,14,Beam_1_1_14,1114
57,Beam_1_1_1,15018,0.006347,0.0056355,0.013857,1,1,65,1,1,14,Beam_1_1_14,1114
58,Beam_1_1_1,15027,0.012672,0.0056355,0.013857,1,1,65,1,1,14,Beam_1_1_14,1114
59,Beam_1_1_1,15084,0.0063467,0.0056356,0.015156,1,1,65,1,1,14,Beam_1_1_14,1114
60,Beam_1_1_1,15080,0.012672,0.0056356,0.015156,1,1,65,1,1,14,Beam_1_1_14,1114
61,Beam_1_1_1,15070,0.0019077,0.0057957,0.015287,1,1,65,1,1,14,Beam_1_1_14,1114
62,Beam_1_1_1,15035,0.0019078,0.0057957,0.013991,1,1,65,1,1,14,Beam_1_1_14,1114
63,Beam_1_1_1,15014,0.017096,0.0057968,0.013992,1,1,65,1,1,14,Beam_1_1_14,1114
64,Beam_1_1_1,15090,0.017097,0.0057968,0.015288,1,1,65,1,1,14,Beam_1_1_14,1114
65,Beam_1_1_1,15019,0.0047664,0.0060491,0.014202,1,1,65,1,1,14,Beam_1_1_14,1114
66,Beam_1_1_1,15026,0.014248,0.0060491,0.014202,1,1,65,1,1,14,Beam_1_1_14,1114
67,Beam_1_1_1,15085,0.0047661,0.0060492,0.015493,1,1,65,1,1,14,Beam_1_1_14,1114
68,Beam_1_1_1,15079,0.014248,0.0060492,0.015493,1,1,65,1,1,14,Beam_1_1_14,1114
69,Beam_1_1_1,15020,0.0031755,0.0064654,0.014543,1,1,65,1,1,14,Beam_1_1_14,1114
70,Beam_1_1_1,15025,0.015834,0.0064654,0.014543,1,1,65,1,1,14,Beam_1_1_14,1114
71,Beam_1_1_1,15086,0.0031753,0.0064655,0.015826,1,1,65,1,1,14,Beam_1_1_14,1114
72,Beam_1_1_1,15078,0.015834,0.0064655,0.015826,1,1,65,1,1,14,Beam_1_1_14,1114
73,Beam_1_1_1,15021,0.0015927,0.0068796,0.014877,1,1,65,1,1,14,Beam_1_1_14,1114
74,Beam_1_1_1,15024,0.017412,0.0068796,0.014877,1,1,65,1,1,14,Beam_1_1_14,1114
75,Beam_1_1_1,15087,0.0015925,0.0068797,0.016152,1,1,65,1,1,14,Beam_1_1_14,1114
76,Beam_1_1_1,15077,0.017412,0.0068797,0.016152,1,1,65,1,1,14,Beam_1_1_14,1114
77,Beam_1_1_1,24737,0.0,0.0078019,0.016231,1,1,65,1,1,14,Beam_1_1_14,1114
78,Beam_1_1_1,24740,0.00475,0.0078019,0.016231,1,1,65,1,1,14,Beam_1_1_14,1114
79,Beam_1_1_1,24739,0.0095,0.0078019,0.016231,1,1,65,1,1,14,Beam_1_1_14,1114
80,Beam_1_1_1,24738,0.01425,0.0078019,0.016231,1,1,65,1,1,14,Beam_1_1_14,1114
81,Beam_1_1_1,24736,0.019,0.0078019,0.016231,1,1,65,1,1,14,Beam_1_1_14,1114
82,Beam_1_1_3,16621,0.0023633,0.00893,0.016456,1,1,119,1,3,13,Beam_1_1_13,1113
83,Beam_1_1_3,16624,0.016637,0.00893,0.016456,1,1,119,1,3,13,Beam_1_1_13,1113
84,Beam_1_1_3,16641,0.0023635,0.0089301,0.017696,1,1,119,1,3,13,Beam_1_1_13,1113
85,Beam_1_1_3,16635,0.016637,0.0089301,0.017696,1,1,119,1,3,13,Beam_1_1_13,1113
86,Beam_1_1_3,16620,0.0047461,0.0095554,0.016914,1,1,119,1,3,13,Beam_1_1_13,1113
87,Beam_1_1_3,16625,0.014254,0.0095554,0.016914,1,1,119,1,3,13,Beam_1_1_13,1113
88,Beam_1_1_3,16640,0.0047463,0.0095555,0.018144,1,1,119,1,3,13,Beam_1_1_13,1113
89,Beam_1_1_3,16636,0.014254,0.0095555,0.018144,1,1,119,1,3,13,Beam_1_1_13,1113
90,Beam_1_1_3,16592,0.017113,0.0098184,0.017103,1,1,119,1,3,13,Beam_1_1_13,1113
91,Beam_1_1_3,16660,0.017112,0.0098185,0.018329,1,1,119,1,3,13,Beam_1_1_13,1113
92,Beam_1_1_3,16619,0.0071139,0.010177,0.017358,1,1,119,1,3,13,Beam_1_1_13,1113
93,Beam_1_1_3,16639,0.007114,0.010177,0.018579,1,1,119,1,3,13,Beam_1_1_13,1113
94,Beam_1_1_3,16626,0.011886,0.010177,0.017358,1,1,119,1,3,13,Beam_1_1_13,1113
95,Beam_1_1_3,16637,0.011886,0.010177,0.018579,1,1,119,1,3,13,Beam_1_1_13,1113
96,Beam_1_1_3,16611,0.0037951,0.010306,0.017449,1,1,119,1,3,13,Beam_1_1_13,1113
97,Beam_1_1_3,16647,0.0037953,0.010306,0.018668,1,1,119,1,3,13,Beam_1_1_13,1113
98,Beam_1_1_3,16661,0.015213,0.010315,0.018674,1,1,119,1,3,13,Beam_1_1_13,1113
99,Beam_1_1_3,16593,0.015213,0.010315,0.017456,1,1,119,1,3,13,Beam_1_1_13,1113
100,Beam_1_1_3,16610,0.0056893,0.010803,0.017796,1,1,119,1,3,13,Beam_1_1_13,1113
101,Beam_1_1_3,16646,0.0056894,0.010803,0.019007,1,1,119,1,3,13,Beam_1_1_13,1113
102,Beam_1_1_3,16638,0.0095,0.010803,0.019007,1,1,119,1,3,13,Beam_1_1_13,1113
103,Beam_1_1_3,16618,0.0095,0.010803,0.017796,1,1,119,1,3,13,Beam_1_1_13,1113
104,Beam_1_1_3,16594,0.013323,0.01081,0.017801,1,1,119,1,3,13,Beam_1_1_13,1113
105,Beam_1_1_3,16662,0.013323,0.01081,0.019011,1,1,119,1,3,13,Beam_1_1_13,1113
106,Beam_1_1_3,16609,0.0075949,0.011303,0.018138,1,1,119,1,3,13,Beam_1_1_13,1113
107,Beam_1_1_3,16645,0.0075949,0.011303,0.019342,1,1,119,1,3,13,Beam_1_1_13,1113
108,Beam_1_1_3,16595,0.011422,0.011308,0.018141,1,1,119,1,3,13,Beam_1_1_13,1113
109,Beam_1_1_3,16659,0.011422,0.011308,0.019345,1,1,119,1,3,13,Beam_1_1_13,1113
110,Beam_1_1_3,16644,0.0057025,0.0118,0.019668,1,1,119,1,3,13,Beam_1_1_13,1113
111,Beam_1_1_3,16617,0.0057026,0.0118,0.018471,1,1,119,1,3,13,Beam_1_1_13,1113
112,Beam_1_1_3,16656,0.01331,0.011803,0.01967,1,1,119,1,3,13,Beam_1_1_13,1113
113,Beam_1_1_3,16596,0.01331,0.011803,0.018473,1,1,119,1,3,13,Beam_1_1_13,1113
114,Beam_1_1_3,16600,0.0095141,0.011807,0.018476,1,1,119,1,3,13,Beam_1_1_13,1113
115,Beam_1_1_3,16652,0.0095141,0.011807,0.019673,1,1,119,1,3,13,Beam_1_1_13,1113
116,Beam_1_1_3,16643,0.0037994,0.012299,0.01999,1,1,119,1,3,13,Beam_1_1_13,1113
117,Beam_1_1_3,16616,0.0037995,0.012299,0.0188,1,1,119,1,3,13,Beam_1_1_13,1113
118,Beam_1_1_3,16597,0.015209,0.012301,0.018801,1,1,119,1,3,13,Beam_1_1_13,1113
119,Beam_1_1_3,16657,0.015209,0.012301,0.019992,1,1,119,1,3,13,Beam_1_1_13,1113
120,Beam_1_1_3,16653,0.0071452,0.012427,0.020072,1,1,119,1,3,13,Beam_1_1_13,1113
121,Beam_1_1_3,16601,0.0071453,0.012427,0.018883,1,1,119,1,3,13,Beam_1_1_13,1113
122,Beam_1_1_3,16608,0.011876,0.012427,0.018883,1,1,119,1,3,13,Beam_1_1_13,1113
123,Beam_1_1_3,16651,0.011876,0.012427,0.020072,1,1,119,1,3,13,Beam_1_1_13,1113
124,Beam_1_1_3,16642,0.0019048,0.012796,0.020305,1,1,119,1,3,13,Beam_1_1_13,1113
125,Beam_1_1_3,16615,0.0019049,0.012796,0.019121,1,1,119,1,3,13,Beam_1_1_13,1113
126,Beam_1_1_3,16598,0.017099,0.012798,0.019122,1,1,119,1,3,13,Beam_1_1_13,1113
127,Beam_1_1_3,16658,0.017099,0.012798,0.020306,1,1,119,1,3,13,Beam_1_1_13,1113
128,Beam_1_1_3,16654,0.0047599,0.013051,0.020464,1,1,119,1,3,13,Beam_1_1_13,1113
129,Beam_1_1_3,16602,0.00476,0.013051,0.019283,1,1,119,1,3,13,Beam_1_1_13,1113
130,Beam_1_1_3,16607,0.014254,0.013051,0.019283,1,1,119,1,3,13,Beam_1_1_13,1113
131,Beam_1_1_3,16650,0.014254,0.013051,0.020464,1,1,119,1,3,13,Beam_1_1_13,1113
132,Beam_1_1_3,16655,0.0023877,0.013672,0.020845,1,1,119,1,3,13,Beam_1_1_13,1113
133,Beam_1_1_3,16603,0.0023878,0.013672,0.019672,1,1,119,1,3,13,Beam_1_1_13,1113
134,Beam_1_1_3,16649,0.016619,0.013672,0.020845,1,1,119,1,3,13,Beam_1_1_13,1113
135,Beam_1_1_3,16606,0.016619,0.013672,0.019672,1,1,119,1,3,13,Beam_1_1_13,1113
136,Beam_1_1_3,24701,0.0,0.014802,0.020937,1,1,119,1,3,13,Beam_1_1_13,1113
137,Beam_1_1_3,24704,0.00475,0.014802,0.020937,1,1,119,1,3,13,Beam_1_1_13,1113
138,Beam_1_1_3,24703,0.0095,0.014802,0.020937,1,1,119,1,3,13,Beam_1_1_13,1113
139,Beam_1_1_3,24702,0.01425,0.014802,0.020937,1,1,119,1,3,13,Beam_1_1_13,1113
140,Beam_1_1_3,24700,0.019,0.014802,0.020937,1,1,119,1,3,13,Beam_1_1_13,1113
141,Beam_1_1_4,17917,0.0023669,0.015931,0.021013,1,1,173,1,4,12,Beam_1_1_12,1112
142,Beam_1_1_4,17937,0.002367,0.015931,0.02216,1,1,173,1,4,12,Beam_1_1_12,1112
143,Beam_1_1_4,17931,0.016633,0.015931,0.02216,1,1,173,1,4,12,Beam_1_1_12,1112
144,Beam_1_1_4,17920,0.016633,0.015931,0.021013,1,1,173,1,4,12,Beam_1_1_12,1112
145,Beam_1_1_4,17916,0.0047478,0.016556,0.021363,1,1,173,1,4,12,Beam_1_1_12,1112
146,Beam_1_1_4,17936,0.0047479,0.016556,0.022504,1,1,173,1,4,12,Beam_1_1_12,1112
147,Beam_1_1_4,17921,0.014252,0.016556,0.021363,1,1,173,1,4,12,Beam_1_1_12,1112
148,Beam_1_1_4,17932,0.014252,0.016556,0.022504,1,1,173,1,4,12,Beam_1_1_12,1112
149,Beam_1_1_4,17944,0.0018938,0.016807,0.02264,1,1,173,1,4,12,Beam_1_1_12,1112
150,Beam_1_1_4,17908,0.0018938,0.016807,0.021502,1,1,173,1,4,12,Beam_1_1_12,1112
151,Beam_1_1_4,17956,0.01711,0.016819,0.022646,1,1,173,1,4,12,Beam_1_1_12,1112
152,Beam_1_1_4,17888,0.01711,0.016819,0.021508,1,1,173,1,4,12,Beam_1_1_12,1112
153,Beam_1_1_4,17935,0.0071173,0.017178,0.022838,1,1,173,1,4,12,Beam_1_1_12,1112
154,Beam_1_1_4,17915,0.0071173,0.017178,0.021704,1,1,173,1,4,12,Beam_1_1_12,1112
155,Beam_1_1_4,17933,0.011883,0.017178,0.022838,1,1,173,1,4,12,Beam_1_1_12,1112
156,Beam_1_1_4,17922,0.011883,0.017178,0.021704,1,1,173,1,4,12,Beam_1_1_12,1112
157,Beam_1_1_4,17907,0.0037961,0.017306,0.021773,1,1,173,1,4,12,Beam_1_1_12,1112
158,Beam_1_1_4,17943,0.0037961,0.017306,0.022906,1,1,173,1,4,12,Beam_1_1_12,1112
159,Beam_1_1_4,17889,0.015212,0.017316,0.021778,1,1,173,1,4,12,Beam_1_1_12,1112
160,Beam_1_1_4,17957,0.015212,0.017316,0.022911,1,1,173,1,4,12,Beam_1_1_12,1112
161,Beam_1_1_4,17934,0.0095,0.017803,0.023166,1,1,173,1,4,12,Beam_1_1_12,1112
162,Beam_1_1_4,17914,0.0095,0.017803,0.022038,1,1,173,1,4,12,Beam_1_1_12,1112
163,Beam_1_1_4,17942,0.0056914,0.017804,0.023166,1,1,173,1,4,12,Beam_1_1_12,1112
164,Beam_1_1_4,17906,0.0056914,0.017804,0.022038,1,1,173,1,4,12,Beam_1_1_12,1112
165,Beam_1_1_4,17958,0.013321,0.017811,0.02317,1,1,173,1,4,12,Beam_1_1_12,1112
166,Beam_1_1_4,17890,0.013321,0.017811,0.022042,1,1,173,1,4,12,Beam_1_1_12,1112
167,Beam_1_1_4,17905,0.0075949,0.018303,0.022299,1,1,173,1,4,12,Beam_1_1_12,1112
168,Beam_1_1_4,17941,0.0075949,0.018303,0.023423,1,1,173,1,4,12,Beam_1_1_12,1112
169,Beam_1_1_4,17955,0.011422,0.018308,0.023425,1,1,173,1,4,12,Beam_1_1_12,1112
170,Beam_1_1_4,17891,0.011422,0.018308,0.022301,1,1,173,1,4,12,Beam_1_1_12,1112
171,Beam_1_1_4,17940,0.0057006,0.0188,0.023673,1,1,173,1,4,12,Beam_1_1_12,1112
172,Beam_1_1_4,17913,0.0057007,0.0188,0.022553,1,1,173,1,4,12,Beam_1_1_12,1112
173,Beam_1_1_4,17892,0.013312,0.018804,0.022555,1,1,173,1,4,12,Beam_1_1_12,1112
174,Beam_1_1_4,17952,0.013312,0.018804,0.023674,1,1,173,1,4,12,Beam_1_1_12,1112
175,Beam_1_1_4,17948,0.0095141,0.018807,0.023676,1,1,173,1,4,12,Beam_1_1_12,1112
176,Beam_1_1_4,17896,0.0095141,0.018807,0.022557,1,1,173,1,4,12,Beam_1_1_12,1112
177,Beam_1_1_4,17939,0.0037986,0.019299,0.023919,1,1,173,1,4,12,Beam_1_1_12,1112
178,Beam_1_1_4,17912,0.0037987,0.019299,0.022804,1,1,173,1,4,12,Beam_1_1_12,1112
179,Beam_1_1_4,17953,0.01521,0.019302,0.02392,1,1,173,1,4,12,Beam_1_1_12,1112
180,Beam_1_1_4,17893,0.01521,0.019302,0.022805,1,1,173,1,4,12,Beam_1_1_12,1112
181,Beam_1_1_4,17949,0.0071423,0.019427,0.023981,1,1,173,1,4,12,Beam_1_1_12,1112
182,Beam_1_1_4,17897,0.0071424,0.019427,0.022867,1,1,173,1,4,12,Beam_1_1_12,1112
183,Beam_1_1_4,17904,0.011879,0.019427,0.022867,1,1,173,1,4,12,Beam_1_1_12,1112
184,Beam_1_1_4,17947,0.011879,0.019427,0.023981,1,1,173,1,4,12,Beam_1_1_12,1112
185,Beam_1_1_4,17911,0.001903,0.019797,0.023049,1,1,173,1,4,12,Beam_1_1_12,1112
186,Beam_1_1_4,17938,0.001903,0.019797,0.024159,1,1,173,1,4,12,Beam_1_1_12,1112
187,Beam_1_1_4,17894,0.017101,0.019798,0.023049,1,1,173,1,4,12,Beam_1_1_12,1112
188,Beam_1_1_4,17954,0.017101,0.019798,0.02416,1,1,173,1,4,12,Beam_1_1_12,1112
189,Beam_1_1_4,17898,0.0047588,0.020051,0.023172,1,1,173,1,4,12,Beam_1_1_12,1112
190,Beam_1_1_4,17950,0.0047588,0.020051,0.02428,1,1,173,1,4,12,Beam_1_1_12,1112
191,Beam_1_1_4,17946,0.014255,0.020051,0.02428,1,1,173,1,4,12,Beam_1_1_12,1112
192,Beam_1_1_4,17903,0.014255,0.020051,0.023172,1,1,173,1,4,12,Beam_1_1_12,1112
193,Beam_1_1_4,17951,0.0023849,0.020672,0.02457,1,1,173,1,4,12,Beam_1_1_12,1112
194,Beam_1_1_4,17899,0.002385,0.020672,0.023467,1,1,173,1,4,12,Beam_1_1_12,1112
195,Beam_1_1_4,17945,0.016622,0.020672,0.02457,1,1,173,1,4,12,Beam_1_1_12,1112
196,Beam_1_1_4,17902,0.016622,0.020672,0.023467,1,1,173,1,4,12,Beam_1_1_12,1112
197,Beam_1_1_4,24665,0.0,0.021802,0.024532,1,1,173,1,4,12,Beam_1_1_12,1112
198,Beam_1_1_4,24668,0.00475,0.021802,0.024532,1,1,173,1,4,12,Beam_1_1_12,1112
199,Beam_1_1_4,24667,0.0095,0.021802,0.024532,1,1,173,1,4,12,Beam_1_1_12,1112
200,Beam_1_1_4,24666,0.01425,0.021802,0.024532,1,1,173,1,4,12,Beam_1_1_12,1112
201,Beam_1_1_4,24664,0.019,0.021802,0.024532,1,1,173,1,4,12,Beam_1_1_12,1112
202,Beam_1_1_5,19233,0.0023693,0.022932,0.025565,1,1,227,1,5,11,Beam_1_1_11,1111
203,Beam_1_1_5,19213,0.0023693,0.022932,0.024479,1,1,227,1,5,11,Beam_1_1_11,1111
204,Beam_1_1_5,19216,0.016631,0.022932,0.024479,1,1,227,1,5,11,Beam_1_1_11,1111
205,Beam_1_1_5,19227,0.016631,0.022932,0.025565,1,1,227,1,5,11,Beam_1_1_11,1111
206,Beam_1_1_5,19212,0.0047486,0.023556,0.024742,1,1,227,1,5,11,Beam_1_1_11,1111
207,Beam_1_1_5,19232,0.0047486,0.023556,0.025823,1,1,227,1,5,11,Beam_1_1_11,1111
208,Beam_1_1_5,19228,0.014251,0.023556,0.025823,1,1,227,1,5,11,Beam_1_1_11,1111
209,Beam_1_1_5,19217,0.014251,0.023556,0.024742,1,1,227,1,5,11,Beam_1_1_11,1111
210,Beam_1_1_5,19204,0.0018952,0.023807,0.024845,1,1,227,1,5,11,Beam_1_1_11,1111
211,Beam_1_1_5,19240,0.0018953,0.023807,0.025925,1,1,227,1,5,11,Beam_1_1_11,1111
212,Beam_1_1_5,19184,0.017109,0.023819,0.02485,1,1,227,1,5,11,Beam_1_1_11,1111
213,Beam_1_1_5,19252,0.017109,0.023819,0.02593,1,1,227,1,5,11,Beam_1_1_11,1111
214,Beam_1_1_5,19211,0.0071196,0.024178,0.024996,1,1,227,1,5,11,Beam_1_1_11,1111
215,Beam_1_1_5,19231,0.0071196,0.024178,0.026074,1,1,227,1,5,11,Beam_1_1_11,1111
216,Beam_1_1_5,19229,0.01188,0.024178,0.026074,1,1,227,1,5,11,Beam_1_1_11,1111
217,Beam_1_1_5,19218,0.01188,0.024178,0.024996,1,1,227,1,5,11,Beam_1_1_11,1111
218,Beam_1_1_5,19203,0.0037966,0.024306,0.025048,1,1,227,1,5,11,Beam_1_1_11,1111
219,Beam_1_1_5,19239,0.0037966,0.024306,0.026124,1,1,227,1,5,11,Beam_1_1_11,1111
220,Beam_1_1_5,19185,0.015212,0.024316,0.025052,1,1,227,1,5,11,Beam_1_1_11,1111
221,Beam_1_1_5,19253,0.015212,0.024316,0.026128,1,1,227,1,5,11,Beam_1_1_11,1111
222,Beam_1_1_5,19230,0.0095,0.024803,0.026318,1,1,227,1,5,11,Beam_1_1_11,1111
223,Beam_1_1_5,19210,0.0095,0.024803,0.025245,1,1,227,1,5,11,Beam_1_1_11,1111
224,Beam_1_1_5,19202,0.0056928,0.024804,0.025245,1,1,227,1,5,11,Beam_1_1_11,1111
225,Beam_1_1_5,19238,0.0056929,0.024804,0.026318,1,1,227,1,5,11,Beam_1_1_11,1111
226,Beam_1_1_5,19186,0.01332,0.024811,0.025248,1,1,227,1,5,11,Beam_1_1_11,1111
227,Beam_1_1_5,19254,0.01332,0.024811,0.026321,1,1,227,1,5,11,Beam_1_1_11,1111
228,Beam_1_1_5,19237,0.0075949,0.025303,0.026509,1,1,227,1,5,11,Beam_1_1_11,1111
229,Beam_1_1_5,19201,0.0075949,0.025303,0.025439,1,1,227,1,5,11,Beam_1_1_11,1111
230,Beam_1_1_5,19251,0.011422,0.025308,0.02651,1,1,227,1,5,11,Beam_1_1_11,1111
231,Beam_1_1_5,19187,0.011422,0.025308,0.025441,1,1,227,1,5,11,Beam_1_1_11,1111
232,Beam_1_1_5,19209,0.0056993,0.025801,0.025627,1,1,227,1,5,11,Beam_1_1_11,1111
233,Beam_1_1_5,19236,0.0056993,0.025801,0.026694,1,1,227,1,5,11,Beam_1_1_11,1111
234,Beam_1_1_5,19188,0.013313,0.025804,0.025629,1,1,227,1,5,11,Beam_1_1_11,1111
235,Beam_1_1_5,19248,0.013313,0.025804,0.026695,1,1,227,1,5,11,Beam_1_1_11,1111
236,Beam_1_1_5,19192,0.0095141,0.025807,0.02563,1,1,227,1,5,11,Beam_1_1_11,1111
237,Beam_1_1_5,19244,0.0095141,0.025807,0.026696,1,1,227,1,5,11,Beam_1_1_11,1111
238,Beam_1_1_5,19208,0.0037982,0.0263,0.025812,1,1,227,1,5,11,Beam_1_1_11,1111
239,Beam_1_1_5,19235,0.0037982,0.0263,0.026876,1,1,227,1,5,11,Beam_1_1_11,1111
240,Beam_1_1_5,19189,0.01521,0.026302,0.025813,1,1,227,1,5,11,Beam_1_1_11,1111
241,Beam_1_1_5,19249,0.01521,0.026302,0.026877,1,1,227,1,5,11,Beam_1_1_11,1111
242,Beam_1_1_5,19245,0.0071403,0.026428,0.026922,1,1,227,1,5,11,Beam_1_1_11,1111
243,Beam_1_1_5,19193,0.0071403,0.026428,0.025859,1,1,227,1,5,11,Beam_1_1_11,1111
244,Beam_1_1_5,19243,0.011881,0.026428,0.026922,1,1,227,1,5,11,Beam_1_1_11,1111
245,Beam_1_1_5,19200,0.011881,0.026428,0.025859,1,1,227,1,5,11,Beam_1_1_11,1111
246,Beam_1_1_5,19234,0.0019017,0.026797,0.027053,1,1,227,1,5,11,Beam_1_1_11,1111
247,Beam_1_1_5,19207,0.0019017,0.026797,0.025992,1,1,227,1,5,11,Beam_1_1_11,1111
248,Beam_1_1_5,19250,0.017103,0.026798,0.027053,1,1,227,1,5,11,Beam_1_1_11,1111
249,Beam_1_1_5,19190,0.017103,0.026798,0.025992,1,1,227,1,5,11,Beam_1_1_11,1111
250,Beam_1_1_5,19246,0.0047581,0.027051,0.027142,1,1,227,1,5,11,Beam_1_1_11,1111
251,Beam_1_1_5,19194,0.0047582,0.027051,0.026082,1,1,227,1,5,11,Beam_1_1_11,1111
252,Beam_1_1_5,19199,0.014256,0.027051,0.026082,1,1,227,1,5,11,Beam_1_1_11,1111
253,Beam_1_1_5,19242,0.014256,0.027051,0.027142,1,1,227,1,5,11,Beam_1_1_11,1111
254,Beam_1_1_5,19247,0.0023829,0.027673,0.027354,1,1,227,1,5,11,Beam_1_1_11,1111
255,Beam_1_1_5,19195,0.002383,0.027673,0.026298,1,1,227,1,5,11,Beam_1_1_11,1111
256,Beam_1_1_5,19241,0.016624,0.027673,0.027354,1,1,227,1,5,11,Beam_1_1_11,1111
257,Beam_1_1_5,19198,0.016624,0.027673,0.026298,1,1,227,1,5,11,Beam_1_1_11,1111
258,Beam_1_1_5,24656,0.0,0.028803,0.027198,1,1,227,1,5,11,Beam_1_1_11,1111
259,Beam_1_1_5,24659,0.00475,0.028803,0.027198,1,1,227,1,5,11,Beam_1_1_11,1111
260,Beam_1_1_5,24658,0.0095,0.028803,0.027198,1,1,227,1,5,11,Beam_1_1_11,1111
261,Beam_1_1_5,24657,0.01425,0.028803,0.027198,1,1,227,1,5,11,Beam_1_1_11,1111
262,Beam_1_1_5,24655,0.019,0.028803,0.027198,1,1,227,1,5,11,Beam_1_1_11,1111
263,Beam_1_1_6,20509,0.0023711,0.029932,0.027027,1,1,281,1,6,10,Beam_1_1_10,1110
264,Beam_1_1_6,20529,0.0023712,0.029932,0.028072,1,1,281,1,6,10,Beam_1_1_10,1110
265,Beam_1_1_6,20523,0.016629,0.029932,0.028072,1,1,281,1,6,10,Beam_1_1_10,1110
266,Beam_1_1_6,20512,0.016629,0.029932,0.027027,1,1,281,1,6,10,Beam_1_1_10,1110
267,Beam_1_1_6,20508,0.0047491,0.030556,0.027214,1,1,281,1,6,10,Beam_1_1_10,1110
268,Beam_1_1_6,20528,0.0047491,0.030556,0.028256,1,1,281,1,6,10,Beam_1_1_10,1110
269,Beam_1_1_6,20524,0.014251,0.030556,0.028256,1,1,281,1,6,10,Beam_1_1_10,1110
270,Beam_1_1_6,20513,0.014251,0.030556,0.027214,1,1,281,1,6,10,Beam_1_1_10,1110
271,Beam_1_1_6,20536,0.0018964,0.030808,0.028328,1,1,281,1,6,10,Beam_1_1_10,1110
272,Beam_1_1_6,20500,0.0018964,0.030808,0.027287,1,1,281,1,6,10,Beam_1_1_10,1110
273,Beam_1_1_6,20548,0.017108,0.03082,0.028331,1,1,281,1,6,10,Beam_1_1_10,1110
274,Beam_1_1_6,20480,0.017108,0.03082,0.027291,1,1,281,1,6,10,Beam_1_1_10,1110
275,Beam_1_1_6,20507,0.0071214,0.031179,0.027394,1,1,281,1,6,10,Beam_1_1_10,1110
276,Beam_1_1_6,20527,0.0071214,0.031179,0.028432,1,1,281,1,6,10,Beam_1_1_10,1110
277,Beam_1_1_6,20514,0.011879,0.031179,0.027394,1,1,281,1,6,10,Beam_1_1_10,1110
278,Beam_1_1_6,20525,0.011879,0.031179,0.028432,1,1,281,1,6,10,Beam_1_1_10,1110
279,Beam_1_1_6,20499,0.0037969,0.031306,0.02743,1,1,281,1,6,10,Beam_1_1_10,1110
280,Beam_1_1_6,20535,0.0037969,0.031306,0.028468,1,1,281,1,6,10,Beam_1_1_10,1110
281,Beam_1_1_6,20549,0.015212,0.031316,0.028471,1,1,281,1,6,10,Beam_1_1_10,1110
282,Beam_1_1_6,20481,0.015212,0.031316,0.027432,1,1,281,1,6,10,Beam_1_1_10,1110
283,Beam_1_1_6,20526,0.0095,0.031803,0.028604,1,1,281,1,6,10,Beam_1_1_10,1110
284,Beam_1_1_6,20506,0.0095,0.031803,0.027567,1,1,281,1,6,10,Beam_1_1_10,1110
285,Beam_1_1_6,20498,0.0056939,0.031804,0.027568,1,1,281,1,6,10,Beam_1_1_10,1110
286,Beam_1_1_6,20534,0.005694,0.031804,0.028604,1,1,281,1,6,10,Beam_1_1_10,1110
287,Beam_1_1_6,20482,0.013319,0.031811,0.02757,1,1,281,1,6,10,Beam_1_1_10,1110
288,Beam_1_1_6,20550,0.013319,0.031811,0.028606,1,1,281,1,6,10,Beam_1_1_10,1110
289,Beam_1_1_6,20533,0.0075949,0.032303,0.028736,1,1,281,1,6,10,Beam_1_1_10,1110
290,Beam_1_1_6,20497,0.0075949,0.032303,0.027702,1,1,281,1,6,10,Beam_1_1_10,1110
291,Beam_1_1_6,20547,0.011422,0.032308,0.028737,1,1,281,1,6,10,Beam_1_1_10,1110
292,Beam_1_1_6,20483,0.011422,0.032308,0.027703,1,1,281,1,6,10,Beam_1_1_10,1110
293,Beam_1_1_6,20505,0.0056982,0.032801,0.027832,1,1,281,1,6,10,Beam_1_1_10,1110
294,Beam_1_1_6,20532,0.0056982,0.032801,0.028864,1,1,281,1,6,10,Beam_1_1_10,1110
295,Beam_1_1_6,20484,0.013314,0.032804,0.027833,1,1,281,1,6,10,Beam_1_1_10,1110
296,Beam_1_1_6,20544,0.013314,0.032804,0.028865,1,1,281,1,6,10,Beam_1_1_10,1110
297,Beam_1_1_6,20488,0.0095141,0.032807,0.027834,1,1,281,1,6,10,Beam_1_1_10,1110
298,Beam_1_1_6,20540,0.0095141,0.032807,0.028866,1,1,281,1,6,10,Beam_1_1_10,1110
299,Beam_1_1_6,20531,0.0037979,0.0333,0.028989,1,1,281,1,6,10,Beam_1_1_10,1110
300,Beam_1_1_6,20504,0.0037979,0.0333,0.027959,1,1,281,1,6,10,Beam_1_1_10,1110
301,Beam_1_1_6,20545,0.015211,0.033302,0.028989,1,1,281,1,6,10,Beam_1_1_10,1110
302,Beam_1_1_6,20485,0.015211,0.033302,0.027959,1,1,281,1,6,10,Beam_1_1_10,1110
303,Beam_1_1_6,20541,0.0071386,0.033428,0.02902,1,1,281,1,6,10,Beam_1_1_10,1110
304,Beam_1_1_6,20489,0.0071386,0.033428,0.027991,1,1,281,1,6,10,Beam_1_1_10,1110
305,Beam_1_1_6,20496,0.011882,0.033428,0.027991,1,1,281,1,6,10,Beam_1_1_10,1110
306,Beam_1_1_6,20539,0.011882,0.033428,0.02902,1,1,281,1,6,10,Beam_1_1_10,1110
307,Beam_1_1_6,20503,0.0019007,0.033798,0.028081,1,1,281,1,6,10,Beam_1_1_10,1110
308,Beam_1_1_6,20530,0.0019007,0.033798,0.029109,1,1,281,1,6,10,Beam_1_1_10,1110
309,Beam_1_1_6,20486,0.017104,0.033799,0.028081,1,1,281,1,6,10,Beam_1_1_10,1110
310,Beam_1_1_6,20546,0.017104,0.033799,0.02911,1,1,281,1,6,10,Beam_1_1_10,1110
311,Beam_1_1_6,20542,0.0047577,0.034051,0.029169,1,1,281,1,6,10,Beam_1_1_10,1110
312,Beam_1_1_6,20490,0.0047578,0.034051,0.028142,1,1,281,1,6,10,Beam_1_1_10,1110
313,Beam_1_1_6,20538,0.014256,0.034051,0.029169,1,1,281,1,6,10,Beam_1_1_10,1110
314,Beam_1_1_6,20495,0.014256,0.034051,0.028142,1,1,281,1,6,10,Beam_1_1_10,1110
315,Beam_1_1_6,20491,0.0023814,0.034673,0.028286,1,1,281,1,6,10,Beam_1_1_10,1110
316,Beam_1_1_6,20543,0.0023814,0.034673,0.029312,1,1,281,1,6,10,Beam_1_1_10,1110
317,Beam_1_1_6,20494,0.016626,0.034673,0.028286,1,1,281,1,6,10,Beam_1_1_10,1110
318,Beam_1_1_6,20537,0.016626,0.034673,0.029312,1,1,281,1,6,10,Beam_1_1_10,1110
319,Beam_1_1_6,24620,0.0,0.035803,0.029044,1,1,281,1,6,10,Beam_1_1_10,1110
320,Beam_1_1_6,24623,0.00475,0.035803,0.029044,1,1,281,1,6,10,Beam_1_1_10,1110
321,Beam_1_1_6,24622,0.0095,0.035803,0.029044,1,1,281,1,6,10,Beam_1_1_10,1110
322,Beam_1_1_6,24621,0.01425,0.035803,0.029044,1,1,281,1,6,10,Beam_1_1_10,1110
323,Beam_1_1_6,24619,0.019,0.035803,0.029044,1,1,281,1,6,10,Beam_1_1_10,1110
324,Beam_1_1_7,21805,0.0023726,0.036932,0.028762,1,1,335,1,7,9,Beam_1_1_9,1109
325,Beam_1_1_7,21825,0.0023726,0.036932,0.02978,1,1,335,1,7,9,Beam_1_1_9,1109
326,Beam_1_1_7,21819,0.016627,0.036932,0.02978,1,1,335,1,7,9,Beam_1_1_9,1109
327,Beam_1_1_7,21808,0.016627,0.036932,0.028762,1,1,335,1,7,9,Beam_1_1_9,1109
328,Beam_1_1_7,21824,0.0047495,0.037556,0.029895,1,1,335,1,7,9,Beam_1_1_9,1109
329,Beam_1_1_7,21804,0.0047495,0.037556,0.028879,1,1,335,1,7,9,Beam_1_1_9,1109
330,Beam_1_1_7,21809,0.014251,0.037556,0.028879,1,1,335,1,7,9,Beam_1_1_9,1109
331,Beam_1_1_7,21820,0.014251,0.037556,0.029895,1,1,335,1,7,9,Beam_1_1_9,1109
332,Beam_1_1_7,21832,0.0018973,0.037808,0.02994,1,1,335,1,7,9,Beam_1_1_9,1109
333,Beam_1_1_7,21796,0.0018973,0.037808,0.028924,1,1,335,1,7,9,Beam_1_1_9,1109
334,Beam_1_1_7,21776,0.017107,0.03782,0.028927,1,1,335,1,7,9,Beam_1_1_9,1109
335,Beam_1_1_7,21844,0.017107,0.03782,0.029942,1,1,335,1,7,9,Beam_1_1_9,1109
336,Beam_1_1_7,21803,0.0071228,0.038179,0.02899,1,1,335,1,7,9,Beam_1_1_9,1109
337,Beam_1_1_7,21823,0.0071229,0.038179,0.030005,1,1,335,1,7,9,Beam_1_1_9,1109
338,Beam_1_1_7,21810,0.011877,0.038179,0.02899,1,1,335,1,7,9,Beam_1_1_9,1109
339,Beam_1_1_7,21821,0.011877,0.038179,0.030005,1,1,335,1,7,9,Beam_1_1_9,1109
340,Beam_1_1_7,21831,0.0037971,0.038306,0.030027,1,1,335,1,7,9,Beam_1_1_9,1109
341,Beam_1_1_7,21795,0.0037971,0.038306,0.029012,1,1,335,1,7,9,Beam_1_1_9,1109
342,Beam_1_1_7,21845,0.015211,0.038316,0.030028,1,1,335,1,7,9,Beam_1_1_9,1109
343,Beam_1_1_7,21777,0.015211,0.038316,0.029014,1,1,335,1,7,9,Beam_1_1_9,1109
344,Beam_1_1_7,21822,0.0095,0.038803,0.030109,1,1,335,1,7,9,Beam_1_1_9,1109
345,Beam_1_1_7,21802,0.0095,0.038803,0.029096,1,1,335,1,7,9,Beam_1_1_9,1109
346,Beam_1_1_7,21830,0.0056949,0.038804,0.030109,1,1,335,1,7,9,Beam_1_1_9,1109
347,Beam_1_1_7,21794,0.0056949,0.038804,0.029096,1,1,335,1,7,9,Beam_1_1_9,1109
348,Beam_1_1_7,21846,0.013318,0.038811,0.03011,1,1,335,1,7,9,Beam_1_1_9,1109
349,Beam_1_1_7,21778,0.013318,0.038811,0.029097,1,1,335,1,7,9,Beam_1_1_9,1109
350,Beam_1_1_7,21829,0.0075949,0.039303,0.030188,1,1,335,1,7,9,Beam_1_1_9,1109
351,Beam_1_1_7,21793,0.0075949,0.039303,0.029176,1,1,335,1,7,9,Beam_1_1_9,1109
352,Beam_1_1_7,21779,0.011422,0.039308,0.029177,1,1,335,1,7,9,Beam_1_1_9,1109
353,Beam_1_1_7,21843,0.011422,0.039308,0.030189,1,1,335,1,7,9,Beam_1_1_9,1109
354,Beam_1_1_7,21801,0.0056973,0.039801,0.029252,1,1,335,1,7,9,Beam_1_1_9,1109
355,Beam_1_1_7,21828,0.0056973,0.039801,0.030263,1,1,335,1,7,9,Beam_1_1_9,1109
356,Beam_1_1_7,21780,0.013315,0.039804,0.029253,1,1,335,1,7,9,Beam_1_1_9,1109
357,Beam_1_1_7,21840,0.013315,0.039804,0.030264,1,1,335,1,7,9,Beam_1_1_9,1109
358,Beam_1_1_7,21784,0.0095141,0.039807,0.029253,1,1,335,1,7,9,Beam_1_1_9,1109
359,Beam_1_1_7,21836,0.0095141,0.039807,0.030264,1,1,335,1,7,9,Beam_1_1_9,1109
360,Beam_1_1_7,21827,0.0037977,0.0403,0.030335,1,1,335,1,7,9,Beam_1_1_9,1109
361,Beam_1_1_7,21800,0.0037977,0.0403,0.029325,1,1,335,1,7,9,Beam_1_1_9,1109
362,Beam_1_1_7,21781,0.015211,0.040302,0.029325,1,1,335,1,7,9,Beam_1_1_9,1109
363,Beam_1_1_7,21841,0.015211,0.040302,0.030335,1,1,335,1,7,9,Beam_1_1_9,1109
364,Beam_1_1_7,21785,0.0071373,0.040429,0.029343,1,1,335,1,7,9,Beam_1_1_9,1109
365,Beam_1_1_7,21837,0.0071373,0.040429,0.030353,1,1,335,1,7,9,Beam_1_1_9,1109
366,Beam_1_1_7,21792,0.011884,0.040429,0.029343,1,1,335,1,7,9,Beam_1_1_9,1109
367,Beam_1_1_7,21835,0.011884,0.040429,0.030353,1,1,335,1,7,9,Beam_1_1_9,1109
368,Beam_1_1_7,21826,0.0018998,0.040798,0.030403,1,1,335,1,7,9,Beam_1_1_9,1109
369,Beam_1_1_7,21799,0.0018998,0.040798,0.029394,1,1,335,1,7,9,Beam_1_1_9,1109
370,Beam_1_1_7,21842,0.017104,0.040799,0.030403,1,1,335,1,7,9,Beam_1_1_9,1109
371,Beam_1_1_7,21782,0.017104,0.040799,0.029394,1,1,335,1,7,9,Beam_1_1_9,1109
372,Beam_1_1_7,21786,0.0047574,0.041051,0.029427,1,1,335,1,7,9,Beam_1_1_9,1109
373,Beam_1_1_7,21838,0.0047574,0.041051,0.030436,1,1,335,1,7,9,Beam_1_1_9,1109
374,Beam_1_1_7,21834,0.014257,0.041051,0.030436,1,1,335,1,7,9,Beam_1_1_9,1109
375,Beam_1_1_7,21791,0.014257,0.041051,0.029427,1,1,335,1,7,9,Beam_1_1_9,1109
376,Beam_1_1_7,21839,0.00238,0.041674,0.030513,1,1,335,1,7,9,Beam_1_1_9,1109
377,Beam_1_1_7,21787,0.00238,0.041674,0.029506,1,1,335,1,7,9,Beam_1_1_9,1109
378,Beam_1_1_7,21790,0.016627,0.041674,0.029506,1,1,335,1,7,9,Beam_1_1_9,1109
379,Beam_1_1_7,21833,0.016627,0.041674,0.030513,1,1,335,1,7,9,Beam_1_1_9,1109
380,Beam_1_1_7,24602,0.0,0.042803,0.030136,1,1,335,1,7,9,Beam_1_1_9,1109
381,Beam_1_1_7,24605,0.00475,0.042803,0.030136,1,1,335,1,7,9,Beam_1_1_9,1109
382,Beam_1_1_7,24604,0.0095,0.042803,0.030136,1,1,335,1,7,9,Beam_1_1_9,1109
383,Beam_1_1_7,24603,0.01425,0.042803,0.030136,1,1,335,1,7,9,Beam_1_1_9,1109
384,Beam_1_1_7,24601,0.019,0.042803,0.030136,1,1,335,1,7,9,Beam_1_1_9,1109
385,Beam_1_1_8,23101,0.0023731,0.043933,0.029743,1,1,389,1,8,8,Beam_1_1_8,1108
386,Beam_1_1_8,23121,0.0023731,0.043933,0.030747,1,1,389,1,8,8,Beam_1_1_8,1108
387,Beam_1_1_8,23104,0.016627,0.043933,0.029743,1,1,389,1,8,8,Beam_1_1_8,1108
388,Beam_1_1_8,23115,0.016627,0.043933,0.030747,1,1,389,1,8,8,Beam_1_1_8,1108
389,Beam_1_1_8,23100,0.0047498,0.044556,0.029795,1,1,389,1,8,8,Beam_1_1_8,1108
390,Beam_1_1_8,23120,0.0047498,0.044556,0.030798,1,1,389,1,8,8,Beam_1_1_8,1108
391,Beam_1_1_8,23105,0.01425,0.044556,0.029795,1,1,389,1,8,8,Beam_1_1_8,1108
392,Beam_1_1_8,23116,0.01425,0.044556,0.030798,1,1,389,1,8,8,Beam_1_1_8,1108
393,Beam_1_1_8,23092,0.0018981,0.044808,0.029815,1,1,389,1,8,8,Beam_1_1_8,1108
394,Beam_1_1_8,23128,0.0018981,0.044808,0.030817,1,1,389,1,8,8,Beam_1_1_8,1108
395,Beam_1_1_8,23072,0.017106,0.04482,0.029816,1,1,389,1,8,8,Beam_1_1_8,1108
396,Beam_1_1_8,23140,0.017106,0.04482,0.030818,1,1,389,1,8,8,Beam_1_1_8,1108
397,Beam_1_1_8,23099,0.0071234,0.045179,0.029842,1,1,389,1,8,8,Beam_1_1_8,1108
398,Beam_1_1_8,23119,0.0071235,0.045179,0.030844,1,1,389,1,8,8,Beam_1_1_8,1108
399,Beam_1_1_8,23106,0.011877,0.045179,0.029842,1,1,389,1,8,8,Beam_1_1_8,1108
400,Beam_1_1_8,23117,0.011877,0.045179,0.030844,1,1,389,1,8,8,Beam_1_1_8,1108
401,Beam_1_1_8,23091,0.0037973,0.045306,0.02985,1,1,389,1,8,8,Beam_1_1_8,1108
402,Beam_1_1_8,23127,0.0037973,0.045306,0.030853,1,1,389,1,8,8,Beam_1_1_8,1108
403,Beam_1_1_8,23073,0.015211,0.045316,0.029851,1,1,389,1,8,8,Beam_1_1_8,1108
404,Beam_1_1_8,23141,0.015211,0.045316,0.030853,1,1,389,1,8,8,Beam_1_1_8,1108
405,Beam_1_1_8,23098,0.0095,0.045803,0.029882,1,1,389,1,8,8,Beam_1_1_8,1108
406,Beam_1_1_8,23118,0.0095,0.045803,0.030884,1,1,389,1,8,8,Beam_1_1_8,1108
407,Beam_1_1_8,23090,0.0056957,0.045805,0.029883,1,1,389,1,8,8,Beam_1_1_8,1108
408,Beam_1_1_8,23126,0.0056957,0.045805,0.030884,1,1,389,1,8,8,Beam_1_1_8,1108
409,Beam_1_1_8,23142,0.013317,0.045812,0.030885,1,1,389,1,8,8,Beam_1_1_8,1108
410,Beam_1_1_8,23074,0.013317,0.045812,0.029883,1,1,389,1,8,8,Beam_1_1_8,1108
411,Beam_1_1_8,23125,0.0075949,0.046303,0.030913,1,1,389,1,8,8,Beam_1_1_8,1108
412,Beam_1_1_8,23089,0.0075949,0.046303,0.029911,1,1,389,1,8,8,Beam_1_1_8,1108
413,Beam_1_1_8,23139,0.011422,0.046308,0.030913,1,1,389,1,8,8,Beam_1_1_8,1108
414,Beam_1_1_8,23075,0.011422,0.046308,0.029911,1,1,389,1,8,8,Beam_1_1_8,1108
415,Beam_1_1_8,23097,0.0056973,0.046801,0.029936,1,1,389,1,8,8,Beam_1_1_8,1108
416,Beam_1_1_8,23124,0.0056973,0.046801,0.030937,1,1,389,1,8,8,Beam_1_1_8,1108
417,Beam_1_1_8,23136,0.013315,0.046804,0.030937,1,1,389,1,8,8,Beam_1_1_8,1108
418,Beam_1_1_8,23076,0.013315,0.046804,0.029936,1,1,389,1,8,8,Beam_1_1_8,1108
419,Beam_1_1_8,23132,0.0095141,0.046807,0.030937,1,1,389,1,8,8,Beam_1_1_8,1108
420,Beam_1_1_8,23080,0.0095141,0.046807,0.029936,1,1,389,1,8,8,Beam_1_1_8,1108
421,Beam_1_1_8,23096,0.0037975,0.0473,0.029957,1,1,389,1,8,8,Beam_1_1_8,1108
422,Beam_1_1_8,23123,0.0037975,0.0473,0.030958,1,1,389,1,8,8,Beam_1_1_8,1108
423,Beam_1_1_8,23077,0.015211,0.047302,0.029957,1,1,389,1,8,8,Beam_1_1_8,1108
424,Beam_1_1_8,23137,0.015211,0.047302,0.030958,1,1,389,1,8,8,Beam_1_1_8,1108
425,Beam_1_1_8,23081,0.0071364,0.047429,0.029962,1,1,389,1,8,8,Beam_1_1_8,1108
426,Beam_1_1_8,23133,0.0071364,0.047429,0.030963,1,1,389,1,8,8,Beam_1_1_8,1108
427,Beam_1_1_8,23088,0.011885,0.047429,0.029962,1,1,389,1,8,8,Beam_1_1_8,1108
428,Beam_1_1_8,23131,0.011885,0.047429,0.030963,1,1,389,1,8,8,Beam_1_1_8,1108
429,Beam_1_1_8,23095,0.0018997,0.047798,0.029975,1,1,389,1,8,8,Beam_1_1_8,1108
430,Beam_1_1_8,23122,0.0018997,0.047798,0.030976,1,1,389,1,8,8,Beam_1_1_8,1108
431,Beam_1_1_8,23078,0.017105,0.047799,0.029975,1,1,389,1,8,8,Beam_1_1_8,1108
432,Beam_1_1_8,23138,0.017105,0.047799,0.030976,1,1,389,1,8,8,Beam_1_1_8,1108
433,Beam_1_1_8,23082,0.0047571,0.048052,0.029983,1,1,389,1,8,8,Beam_1_1_8,1108
434,Beam_1_1_8,23134,0.0047571,0.048052,0.030983,1,1,389,1,8,8,Beam_1_1_8,1108
435,Beam_1_1_8,23130,0.014257,0.048052,0.030983,1,1,389,1,8,8,Beam_1_1_8,1108
436,Beam_1_1_8,23087,0.014257,0.048052,0.029983,1,1,389,1,8,8,Beam_1_1_8,1108
437,Beam_1_1_8,23135,0.002379,0.048674,0.030998,1,1,389,1,8,8,Beam_1_1_8,1108
438,Beam_1_1_8,23083,0.002379,0.048674,0.029997,1,1,389,1,8,8,Beam_1_1_8,1108
439,Beam_1_1_8,23129,0.016628,0.048674,0.030998,1,1,389,1,8,8,Beam_1_1_8,1108
440,Beam_1_1_8,23086,0.016628,0.048674,0.029997,1,1,389,1,8,8,Beam_1_1_8,1108
441,Beam_1_1_8,24557,0.0,0.049803,0.030509,1,1,389,1,8,8,Beam_1_1_8,1108
442,Beam_1_1_8,24560,0.00475,0.049803,0.030509,1,1,389,1,8,8,Beam_1_1_8,1108
443,Beam_1_1_8,24559,0.0095,0.049803,0.030509,1,1,389,1,8,8,Beam_1_1_8,1108
444,Beam_1_1_8,24558,0.01425,0.049803,0.030509,1,1,389,1,8,8,Beam_1_1_8,1108
445,Beam_1_1_8,24556,0.019,0.049803,0.030509,1,1,389,1,8,8,Beam_1_1_8,1108
446,Beam_1_1_9,23726,0.0023752,0.050933,0.030004,1,1,416,1,9,7,Beam_1_1_7,1107
447,Beam_1_1_9,23786,0.0023752,0.050933,0.031004,1,1,416,1,9,7,Beam_1_1_7,1107
448,Beam_1_1_9,23720,0.016625,0.050933,0.030004,1,1,416,1,9,7,Beam_1_1_7,1107
449,Beam_1_1_9,23788,0.016625,0.050933,0.031004,1,1,416,1,9,7,Beam_1_1_7,1107
450,Beam_1_1_9,23725,0.0047501,0.051556,0.029993,1,1,416,1,9,7,Beam_1_1_7,1107
451,Beam_1_1_9,23785,0.0047501,0.051556,0.030993,1,1,416,1,9,7,Beam_1_1_7,1107
452,Beam_1_1_9,23789,0.01425,0.051556,0.030993,1,1,416,1,9,7,Beam_1_1_7,1107
453,Beam_1_1_9,23721,0.01425,0.051556,0.029993,1,1,416,1,9,7,Beam_1_1_7,1107
454,Beam_1_1_9,23735,0.0018989,0.051808,0.029987,1,1,416,1,9,7,Beam_1_1_7,1107
455,Beam_1_1_9,23779,0.0018989,0.051808,0.030987,1,1,416,1,9,7,Beam_1_1_7,1107
456,Beam_1_1_9,23763,0.017105,0.05182,0.030987,1,1,416,1,9,7,Beam_1_1_7,1107
457,Beam_1_1_9,23752,0.017105,0.05182,0.029986,1,1,416,1,9,7,Beam_1_1_7,1107
458,Beam_1_1_9,23724,0.0071254,0.05218,0.029976,1,1,416,1,9,7,Beam_1_1_7,1107
459,Beam_1_1_9,23784,0.0071254,0.05218,0.030976,1,1,416,1,9,7,Beam_1_1_7,1107
460,Beam_1_1_9,23722,0.011875,0.05218,0.029976,1,1,416,1,9,7,Beam_1_1_7,1107
461,Beam_1_1_9,23790,0.011875,0.05218,0.030976,1,1,416,1,9,7,Beam_1_1_7,1107
462,Beam_1_1_9,23734,0.0037975,0.052306,0.029972,1,1,416,1,9,7,Beam_1_1_7,1107
463,Beam_1_1_9,23778,0.0037975,0.052306,0.030972,1,1,416,1,9,7,Beam_1_1_7,1107
464,Beam_1_1_9,23764,0.015211,0.052316,0.030972,1,1,416,1,9,7,Beam_1_1_7,1107
465,Beam_1_1_9,23753,0.015211,0.052316,0.029971,1,1,416,1,9,7,Beam_1_1_7,1107
466,Beam_1_1_9,23723,0.0095,0.052803,0.029953,1,1,416,1,9,7,Beam_1_1_7,1107
467,Beam_1_1_9,23787,0.0095,0.052803,0.030954,1,1,416,1,9,7,Beam_1_1_7,1107
468,Beam_1_1_9,23733,0.0056965,0.052805,0.029953,1,1,416,1,9,7,Beam_1_1_7,1107
469,Beam_1_1_9,23777,0.0056965,0.052805,0.030954,1,1,416,1,9,7,Beam_1_1_7,1107
470,Beam_1_1_9,23765,0.013316,0.052812,0.030954,1,1,416,1,9,7,Beam_1_1_7,1107
471,Beam_1_1_9,23754,0.013316,0.052812,0.029953,1,1,416,1,9,7,Beam_1_1_7,1107
472,Beam_1_1_9,23732,0.0075949,0.053303,0.029931,1,1,416,1,9,7,Beam_1_1_7,1107
473,Beam_1_1_9,23780,0.0075949,0.053303,0.030932,1,1,416,1,9,7,Beam_1_1_7,1107
474,Beam_1_1_9,23746,0.011422,0.053308,0.029931,1,1,416,1,9,7,Beam_1_1_7,1107
475,Beam_1_1_9,23766,0.011422,0.053308,0.030932,1,1,416,1,9,7,Beam_1_1_7,1107
476,Beam_1_1_9,23731,0.0056957,0.053802,0.029905,1,1,416,1,9,7,Beam_1_1_7,1107
477,Beam_1_1_9,23783,0.0056957,0.053802,0.030907,1,1,416,1,9,7,Beam_1_1_7,1107
478,Beam_1_1_9,23767,0.013317,0.053805,0.030907,1,1,416,1,9,7,Beam_1_1_7,1107
479,Beam_1_1_9,23747,0.013317,0.053805,0.029905,1,1,416,1,9,7,Beam_1_1_7,1107
480,Beam_1_1_9,23773,0.0095141,0.053807,0.030907,1,1,416,1,9,7,Beam_1_1_7,1107
481,Beam_1_1_9,23741,0.0095141,0.053807,0.029905,1,1,416,1,9,7,Beam_1_1_7,1107
482,Beam_1_1_9,23730,0.0037973,0.0543,0.029876,1,1,416,1,9,7,Beam_1_1_7,1107
483,Beam_1_1_9,23782,0.0037973,0.0543,0.030878,1,1,416,1,9,7,Beam_1_1_7,1107
484,Beam_1_1_9,23768,0.015211,0.054302,0.030878,1,1,416,1,9,7,Beam_1_1_7,1107
485,Beam_1_1_9,23748,0.015211,0.054302,0.029876,1,1,416,1,9,7,Beam_1_1_7,1107
486,Beam_1_1_9,23742,0.0071348,0.054429,0.029868,1,1,416,1,9,7,Beam_1_1_7,1107
487,Beam_1_1_9,23770,0.0071348,0.054429,0.03087,1,1,416,1,9,7,Beam_1_1_7,1107
488,Beam_1_1_9,23776,0.011886,0.054429,0.03087,1,1,416,1,9,7,Beam_1_1_7,1107
489,Beam_1_1_9,23740,0.011886,0.054429,0.029868,1,1,416,1,9,7,Beam_1_1_7,1107
490,Beam_1_1_9,23729,0.0018982,0.054798,0.029843,1,1,416,1,9,7,Beam_1_1_7,1107
491,Beam_1_1_9,23781,0.0018982,0.054798,0.030846,1,1,416,1,9,7,Beam_1_1_7,1107
492,Beam_1_1_9,23749,0.017106,0.054799,0.029843,1,1,416,1,9,7,Beam_1_1_7,1107
493,Beam_1_1_9,23769,0.017106,0.054799,0.030845,1,1,416,1,9,7,Beam_1_1_7,1107
494,Beam_1_1_9,23743,0.0047568,0.055052,0.029825,1,1,416,1,9,7,Beam_1_1_7,1107
495,Beam_1_1_9,23771,0.0047568,0.055052,0.030828,1,1,416,1,9,7,Beam_1_1_7,1107
496,Beam_1_1_9,23775,0.014257,0.055052,0.030828,1,1,416,1,9,7,Beam_1_1_7,1107
497,Beam_1_1_9,23739,0.014257,0.055052,0.029825,1,1,416,1,9,7,Beam_1_1_7,1107
498,Beam_1_1_9,23744,0.0023775,0.055674,0.029776,1,1,416,1,9,7,Beam_1_1_7,1107
499,Beam_1_1_9,23772,0.0023775,0.055674,0.03078,1,1,416,1,9,7,Beam_1_1_7,1107
500,Beam_1_1_9,23774,0.01663,0.055674,0.03078,1,1,416,1,9,7,Beam_1_1_7,1107
501,Beam_1_1_9,23738,0.01663,0.055674,0.029776,1,1,416,1,9,7,Beam_1_1_7,1107
502,Beam_1_1_9,24548,0.0,0.056803,0.030176,1,1,416,1,9,7,Beam_1_1_7,1107
503,Beam_1_1_9,24551,0.00475,0.056803,0.030176,1,1,416,1,9,7,Beam_1_1_7,1107
504,Beam_1_1_9,24550,0.0095,0.056803,0.030176,1,1,416,1,9,7,Beam_1_1_7,1107
505,Beam_1_1_9,24549,0.01425,0.056803,0.030176,1,1,416,1,9,7,Beam_1_1_7,1107
506,Beam_1_1_9,24547,0.019,0.056803,0.030176,1,1,416,1,9,7,Beam_1_1_7,1107
507,Beam_1_1_10,22453,0.0023764,0.057933,0.029553,1,1,362,1,10,6,Beam_1_1_6,1106
508,Beam_1_1_10,22473,0.0023764,0.057933,0.030559,1,1,362,1,10,6,Beam_1_1_6,1106
509,Beam_1_1_10,22456,0.016624,0.057933,0.029553,1,1,362,1,10,6,Beam_1_1_6,1106
510,Beam_1_1_10,22467,0.016624,0.057933,0.030559,1,1,362,1,10,6,Beam_1_1_6,1106
511,Beam_1_1_10,22472,0.0047503,0.058557,0.030485,1,1,362,1,10,6,Beam_1_1_6,1106
512,Beam_1_1_10,22452,0.0047504,0.058557,0.029478,1,1,362,1,10,6,Beam_1_1_6,1106
513,Beam_1_1_10,22457,0.01425,0.058557,0.029478,1,1,362,1,10,6,Beam_1_1_6,1106
514,Beam_1_1_10,22468,0.01425,0.058557,0.030485,1,1,362,1,10,6,Beam_1_1_6,1106
515,Beam_1_1_10,22444,0.0018997,0.058808,0.029446,1,1,362,1,10,6,Beam_1_1_6,1106
516,Beam_1_1_10,22480,0.0018997,0.058808,0.030454,1,1,362,1,10,6,Beam_1_1_6,1106
517,Beam_1_1_10,22424,0.017104,0.058821,0.029444,1,1,362,1,10,6,Beam_1_1_6,1106
518,Beam_1_1_10,22492,0.017105,0.058821,0.030452,1,1,362,1,10,6,Beam_1_1_6,1106
519,Beam_1_1_10,22451,0.0071266,0.05918,0.029397,1,1,362,1,10,6,Beam_1_1_6,1106
520,Beam_1_1_10,22471,0.0071266,0.05918,0.030406,1,1,362,1,10,6,Beam_1_1_6,1106
521,Beam_1_1_10,22469,0.011873,0.05918,0.030406,1,1,362,1,10,6,Beam_1_1_6,1106
522,Beam_1_1_10,22458,0.011873,0.05918,0.029397,1,1,362,1,10,6,Beam_1_1_6,1106
523,Beam_1_1_10,22443,0.0037977,0.059307,0.02938,1,1,362,1,10,6,Beam_1_1_6,1106
524,Beam_1_1_10,22479,0.0037977,0.059307,0.030389,1,1,362,1,10,6,Beam_1_1_6,1106
525,Beam_1_1_10,22493,0.015211,0.059316,0.030388,1,1,362,1,10,6,Beam_1_1_6,1106
526,Beam_1_1_10,22425,0.015211,0.059316,0.029378,1,1,362,1,10,6,Beam_1_1_6,1106
527,Beam_1_1_10,22450,0.0095,0.059803,0.02931,1,1,362,1,10,6,Beam_1_1_6,1106
528,Beam_1_1_10,22470,0.0095,0.059803,0.03032,1,1,362,1,10,6,Beam_1_1_6,1106
529,Beam_1_1_10,22442,0.0056973,0.059805,0.02931,1,1,362,1,10,6,Beam_1_1_6,1106
530,Beam_1_1_10,22478,0.0056973,0.059805,0.03032,1,1,362,1,10,6,Beam_1_1_6,1106
531,Beam_1_1_10,22494,0.013315,0.059812,0.030319,1,1,362,1,10,6,Beam_1_1_6,1106
532,Beam_1_1_10,22426,0.013315,0.059812,0.029309,1,1,362,1,10,6,Beam_1_1_6,1106
533,Beam_1_1_10,22477,0.0075949,0.060303,0.030248,1,1,362,1,10,6,Beam_1_1_6,1106
534,Beam_1_1_10,22441,0.0075949,0.060303,0.029237,1,1,362,1,10,6,Beam_1_1_6,1106
535,Beam_1_1_10,22427,0.011422,0.060308,0.029236,1,1,362,1,10,6,Beam_1_1_6,1106
536,Beam_1_1_10,22491,0.011422,0.060308,0.030247,1,1,362,1,10,6,Beam_1_1_6,1106
537,Beam_1_1_10,22476,0.0056949,0.060802,0.030172,1,1,362,1,10,6,Beam_1_1_6,1106
538,Beam_1_1_10,22449,0.0056949,0.060802,0.029159,1,1,362,1,10,6,Beam_1_1_6,1106
539,Beam_1_1_10,22428,0.013318,0.060805,0.029159,1,1,362,1,10,6,Beam_1_1_6,1106
540,Beam_1_1_10,22488,0.013318,0.060805,0.030171,1,1,362,1,10,6,Beam_1_1_6,1106
541,Beam_1_1_10,22432,0.0095141,0.060807,0.029159,1,1,362,1,10,6,Beam_1_1_6,1106
542,Beam_1_1_10,22484,0.0095141,0.060807,0.030171,1,1,362,1,10,6,Beam_1_1_6,1106
543,Beam_1_1_10,22448,0.0037971,0.0613,0.029079,1,1,362,1,10,6,Beam_1_1_6,1106
544,Beam_1_1_10,22475,0.0037972,0.0613,0.030092,1,1,362,1,10,6,Beam_1_1_6,1106
545,Beam_1_1_10,22429,0.015211,0.061302,0.029078,1,1,362,1,10,6,Beam_1_1_6,1106
546,Beam_1_1_10,22489,0.015211,0.061302,0.030092,1,1,362,1,10,6,Beam_1_1_6,1106
547,Beam_1_1_10,22485,0.0071335,0.06143,0.030071,1,1,362,1,10,6,Beam_1_1_6,1106
548,Beam_1_1_10,22433,0.0071335,0.06143,0.029057,1,1,362,1,10,6,Beam_1_1_6,1106
549,Beam_1_1_10,22483,0.011888,0.06143,0.030071,1,1,362,1,10,6,Beam_1_1_6,1106
550,Beam_1_1_10,22440,0.011888,0.06143,0.029057,1,1,362,1,10,6,Beam_1_1_6,1106
551,Beam_1_1_10,22474,0.0018974,0.061798,0.030009,1,1,362,1,10,6,Beam_1_1_6,1106
552,Beam_1_1_10,22447,0.0018974,0.061798,0.028994,1,1,362,1,10,6,Beam_1_1_6,1106
553,Beam_1_1_10,22430,0.017107,0.0618,0.028994,1,1,362,1,10,6,Beam_1_1_6,1106
554,Beam_1_1_10,22490,0.017107,0.0618,0.030009,1,1,362,1,10,6,Beam_1_1_6,1106
555,Beam_1_1_10,22486,0.0047565,0.062052,0.029965,1,1,362,1,10,6,Beam_1_1_6,1106
556,Beam_1_1_10,22434,0.0047565,0.062052,0.02895,1,1,362,1,10,6,Beam_1_1_6,1106
557,Beam_1_1_10,22482,0.014258,0.062052,0.029965,1,1,362,1,10,6,Beam_1_1_6,1106
558,Beam_1_1_10,22439,0.014258,0.062052,0.02895,1,1,362,1,10,6,Beam_1_1_6,1106
559,Beam_1_1_10,22435,0.0023762,0.062675,0.028836,1,1,362,1,10,6,Beam_1_1_6,1106
560,Beam_1_1_10,22487,0.0023762,0.062675,0.029853,1,1,362,1,10,6,Beam_1_1_6,1106
561,Beam_1_1_10,22481,0.016631,0.062675,0.029853,1,1,362,1,10,6,Beam_1_1_6,1106
562,Beam_1_1_10,22438,0.016631,0.062675,0.028836,1,1,362,1,10,6,Beam_1_1_6,1106
563,Beam_1_1_10,24512,0.0,0.063803,0.029125,1,1,362,1,10,6,Beam_1_1_6,1106
564,Beam_1_1_10,24515,0.00475,0.063803,0.029125,1,1,362,1,10,6,Beam_1_1_6,1106
565,Beam_1_1_10,24514,0.0095,0.063803,0.029125,1,1,362,1,10,6,Beam_1_1_6,1106
566,Beam_1_1_10,24513,0.01425,0.063803,0.029125,1,1,362,1,10,6,Beam_1_1_6,1106
567,Beam_1_1_10,24511,0.019,0.063803,0.029125,1,1,362,1,10,6,Beam_1_1_6,1106
568,Beam_1_1_11,21157,0.0023778,0.064934,0.028375,1,1,308,1,11,5,Beam_1_1_5,1105
569,Beam_1_1_11,21177,0.0023778,0.064934,0.029399,1,1,308,1,11,5,Beam_1_1_5,1105
570,Beam_1_1_11,21171,0.016622,0.064934,0.029399,1,1,308,1,11,5,Beam_1_1_5,1105
571,Beam_1_1_11,21160,0.016622,0.064934,0.028375,1,1,308,1,11,5,Beam_1_1_5,1105
572,Beam_1_1_11,21156,0.0047507,0.065557,0.028234,1,1,308,1,11,5,Beam_1_1_5,1105
573,Beam_1_1_11,21176,0.0047507,0.065557,0.02926,1,1,308,1,11,5,Beam_1_1_5,1105
574,Beam_1_1_11,21161,0.014249,0.065557,0.028234,1,1,308,1,11,5,Beam_1_1_5,1105
575,Beam_1_1_11,21172,0.014249,0.065557,0.02926,1,1,308,1,11,5,Beam_1_1_5,1105
576,Beam_1_1_11,21184,0.0019006,0.065809,0.029202,1,1,308,1,11,5,Beam_1_1_5,1105
577,Beam_1_1_11,21148,0.0019006,0.065809,0.028175,1,1,308,1,11,5,Beam_1_1_5,1105
578,Beam_1_1_11,21196,0.017104,0.065821,0.029199,1,1,308,1,11,5,Beam_1_1_5,1105
579,Beam_1_1_11,21128,0.017104,0.065821,0.028172,1,1,308,1,11,5,Beam_1_1_5,1105
580,Beam_1_1_11,21155,0.007128,0.066181,0.028086,1,1,308,1,11,5,Beam_1_1_5,1105
581,Beam_1_1_11,21175,0.007128,0.066181,0.029114,1,1,308,1,11,5,Beam_1_1_5,1105
582,Beam_1_1_11,21173,0.011872,0.066181,0.029114,1,1,308,1,11,5,Beam_1_1_5,1105
583,Beam_1_1_11,21162,0.011872,0.066181,0.028086,1,1,308,1,11,5,Beam_1_1_5,1105
584,Beam_1_1_11,21147,0.0037979,0.066307,0.028056,1,1,308,1,11,5,Beam_1_1_5,1105
585,Beam_1_1_11,21183,0.0037979,0.066307,0.029084,1,1,308,1,11,5,Beam_1_1_5,1105
586,Beam_1_1_11,21197,0.015211,0.066316,0.029082,1,1,308,1,11,5,Beam_1_1_5,1105
587,Beam_1_1_11,21129,0.015211,0.066316,0.028053,1,1,308,1,11,5,Beam_1_1_5,1105
588,Beam_1_1_11,21174,0.0095,0.066803,0.028964,1,1,308,1,11,5,Beam_1_1_5,1105
589,Beam_1_1_11,21154,0.0095,0.066803,0.027933,1,1,308,1,11,5,Beam_1_1_5,1105
590,Beam_1_1_11,21182,0.0056982,0.066805,0.028963,1,1,308,1,11,5,Beam_1_1_5,1105
591,Beam_1_1_11,21146,0.0056982,0.066805,0.027932,1,1,308,1,11,5,Beam_1_1_5,1105
592,Beam_1_1_11,21130,0.013315,0.066812,0.027931,1,1,308,1,11,5,Beam_1_1_5,1105
593,Beam_1_1_11,21198,0.013315,0.066812,0.028961,1,1,308,1,11,5,Beam_1_1_5,1105
594,Beam_1_1_11,21145,0.0075949,0.067303,0.027805,1,1,308,1,11,5,Beam_1_1_5,1105
595,Beam_1_1_11,21181,0.0075949,0.067303,0.028838,1,1,308,1,11,5,Beam_1_1_5,1105
596,Beam_1_1_11,21131,0.011422,0.067308,0.027804,1,1,308,1,11,5,Beam_1_1_5,1105
597,Beam_1_1_11,21195,0.011422,0.067308,0.028837,1,1,308,1,11,5,Beam_1_1_5,1105
598,Beam_1_1_11,21180,0.005694,0.067802,0.028709,1,1,308,1,11,5,Beam_1_1_5,1105
599,Beam_1_1_11,21153,0.005694,0.067802,0.027674,1,1,308,1,11,5,Beam_1_1_5,1105
600,Beam_1_1_11,21192,0.013319,0.067805,0.028708,1,1,308,1,11,5,Beam_1_1_5,1105
601,Beam_1_1_11,21132,0.013319,0.067805,0.027673,1,1,308,1,11,5,Beam_1_1_5,1105
602,Beam_1_1_11,21136,0.0095141,0.067807,0.027673,1,1,308,1,11,5,Beam_1_1_5,1105
603,Beam_1_1_11,21188,0.0095141,0.067807,0.028707,1,1,308,1,11,5,Beam_1_1_5,1105
604,Beam_1_1_11,21152,0.0037969,0.0683,0.027539,1,1,308,1,11,5,Beam_1_1_5,1105
605,Beam_1_1_11,21179,0.0037969,0.0683,0.028576,1,1,308,1,11,5,Beam_1_1_5,1105
606,Beam_1_1_11,21193,0.015212,0.068302,0.028575,1,1,308,1,11,5,Beam_1_1_5,1105
607,Beam_1_1_11,21133,0.015212,0.068302,0.027539,1,1,308,1,11,5,Beam_1_1_5,1105
608,Beam_1_1_11,21137,0.007132,0.06843,0.027503,1,1,308,1,11,5,Beam_1_1_5,1105
609,Beam_1_1_11,21189,0.0071321,0.06843,0.02854,1,1,308,1,11,5,Beam_1_1_5,1105
610,Beam_1_1_11,21187,0.011889,0.06843,0.02854,1,1,308,1,11,5,Beam_1_1_5,1105
611,Beam_1_1_11,21144,0.011889,0.06843,0.027503,1,1,308,1,11,5,Beam_1_1_5,1105
612,Beam_1_1_11,21151,0.0018964,0.068799,0.0274,1,1,308,1,11,5,Beam_1_1_5,1105
613,Beam_1_1_11,21178,0.0018964,0.068799,0.028439,1,1,308,1,11,5,Beam_1_1_5,1105
614,Beam_1_1_11,21194,0.017108,0.0688,0.028438,1,1,308,1,11,5,Beam_1_1_5,1105
615,Beam_1_1_11,21134,0.017108,0.0688,0.0274,1,1,308,1,11,5,Beam_1_1_5,1105
616,Beam_1_1_11,21138,0.0047562,0.069052,0.027328,1,1,308,1,11,5,Beam_1_1_5,1105
617,Beam_1_1_11,21190,0.0047562,0.069052,0.028368,1,1,308,1,11,5,Beam_1_1_5,1105
618,Beam_1_1_11,21186,0.014258,0.069052,0.028368,1,1,308,1,11,5,Beam_1_1_5,1105
619,Beam_1_1_11,21143,0.014258,0.069052,0.027328,1,1,308,1,11,5,Beam_1_1_5,1105
620,Beam_1_1_11,21139,0.0023747,0.069675,0.027146,1,1,308,1,11,5,Beam_1_1_5,1105
621,Beam_1_1_11,21191,0.0023748,0.069675,0.028188,1,1,308,1,11,5,Beam_1_1_5,1105
622,Beam_1_1_11,21185,0.016632,0.069675,0.028188,1,1,308,1,11,5,Beam_1_1_5,1105
623,Beam_1_1_11,21142,0.016632,0.069675,0.027146,1,1,308,1,11,5,Beam_1_1_5,1105
624,Beam_1_1_11,24521,0.0,0.070803,0.027323,1,1,308,1,11,5,Beam_1_1_5,1105
625,Beam_1_1_11,24524,0.00475,0.070803,0.027323,1,1,308,1,11,5,Beam_1_1_5,1105
626,Beam_1_1_11,24523,0.0095,0.070803,0.027323,1,1,308,1,11,5,Beam_1_1_5,1105
627,Beam_1_1_11,24522,0.01425,0.070803,0.027323,1,1,308,1,11,5,Beam_1_1_5,1105
628,Beam_1_1_11,24520,0.019,0.070803,0.027323,1,1,308,1,11,5,Beam_1_1_5,1105
629,Beam_1_1_12,19881,0.0023793,0.071934,0.027485,1,1,254,1,12,4,Beam_1_1_4,1104
630,Beam_1_1_12,19861,0.0023794,0.071934,0.026431,1,1,254,1,12,4,Beam_1_1_4,1104
631,Beam_1_1_12,19875,0.016621,0.071934,0.027485,1,1,254,1,12,4,Beam_1_1_4,1104
632,Beam_1_1_12,19864,0.016621,0.071934,0.026431,1,1,254,1,12,4,Beam_1_1_4,1104
633,Beam_1_1_12,19880,0.0047511,0.072557,0.027276,1,1,254,1,12,4,Beam_1_1_4,1104
634,Beam_1_1_12,19860,0.0047511,0.072557,0.026219,1,1,254,1,12,4,Beam_1_1_4,1104
635,Beam_1_1_12,19865,0.014249,0.072557,0.026219,1,1,254,1,12,4,Beam_1_1_4,1104
636,Beam_1_1_12,19876,0.014249,0.072557,0.027276,1,1,254,1,12,4,Beam_1_1_4,1104
637,Beam_1_1_12,19852,0.0019016,0.072809,0.026131,1,1,254,1,12,4,Beam_1_1_4,1104
638,Beam_1_1_12,19888,0.0019016,0.072809,0.02719,1,1,254,1,12,4,Beam_1_1_4,1104
639,Beam_1_1_12,19900,0.017103,0.072821,0.027186,1,1,254,1,12,4,Beam_1_1_4,1104
640,Beam_1_1_12,19832,0.017103,0.072821,0.026127,1,1,254,1,12,4,Beam_1_1_4,1104
641,Beam_1_1_12,19879,0.0071296,0.073181,0.027061,1,1,254,1,12,4,Beam_1_1_4,1104
642,Beam_1_1_12,19859,0.0071296,0.073181,0.026,1,1,254,1,12,4,Beam_1_1_4,1104
643,Beam_1_1_12,19866,0.01187,0.073181,0.026,1,1,254,1,12,4,Beam_1_1_4,1104
644,Beam_1_1_12,19877,0.01187,0.073181,0.027061,1,1,254,1,12,4,Beam_1_1_4,1104
645,Beam_1_1_12,19887,0.0037982,0.073307,0.027016,1,1,254,1,12,4,Beam_1_1_4,1104
646,Beam_1_1_12,19851,0.0037982,0.073307,0.025955,1,1,254,1,12,4,Beam_1_1_4,1104
647,Beam_1_1_12,19833,0.01521,0.073316,0.025951,1,1,254,1,12,4,Beam_1_1_4,1104
648,Beam_1_1_12,19901,0.01521,0.073316,0.027013,1,1,254,1,12,4,Beam_1_1_4,1104
649,Beam_1_1_12,19878,0.0095,0.073803,0.026839,1,1,254,1,12,4,Beam_1_1_4,1104
650,Beam_1_1_12,19858,0.0095,0.073803,0.025774,1,1,254,1,12,4,Beam_1_1_4,1104
651,Beam_1_1_12,19850,0.0056992,0.073806,0.025774,1,1,254,1,12,4,Beam_1_1_4,1104
652,Beam_1_1_12,19886,0.0056992,0.073806,0.026838,1,1,254,1,12,4,Beam_1_1_4,1104
653,Beam_1_1_12,19834,0.013313,0.073813,0.025771,1,1,254,1,12,4,Beam_1_1_4,1104
654,Beam_1_1_12,19902,0.013313,0.073813,0.026835,1,1,254,1,12,4,Beam_1_1_4,1104
655,Beam_1_1_12,19849,0.0075949,0.074303,0.025589,1,1,254,1,12,4,Beam_1_1_4,1104
656,Beam_1_1_12,19885,0.0075949,0.074303,0.026656,1,1,254,1,12,4,Beam_1_1_4,1104
657,Beam_1_1_12,19899,0.011422,0.074308,0.026654,1,1,254,1,12,4,Beam_1_1_4,1104
658,Beam_1_1_12,19835,0.011422,0.074308,0.025587,1,1,254,1,12,4,Beam_1_1_4,1104
659,Beam_1_1_12,19884,0.0056929,0.074802,0.026469,1,1,254,1,12,4,Beam_1_1_4,1104
660,Beam_1_1_12,19857,0.0056929,0.074802,0.025398,1,1,254,1,12,4,Beam_1_1_4,1104
661,Beam_1_1_12,19836,0.01332,0.074806,0.025397,1,1,254,1,12,4,Beam_1_1_4,1104
662,Beam_1_1_12,19896,0.01332,0.074806,0.026468,1,1,254,1,12,4,Beam_1_1_4,1104
663,Beam_1_1_12,19840,0.0095141,0.074807,0.025397,1,1,254,1,12,4,Beam_1_1_4,1104
664,Beam_1_1_12,19892,0.0095141,0.074807,0.026467,1,1,254,1,12,4,Beam_1_1_4,1104
665,Beam_1_1_12,19856,0.0037966,0.0753,0.025205,1,1,254,1,12,4,Beam_1_1_4,1104
666,Beam_1_1_12,19883,0.0037966,0.0753,0.026278,1,1,254,1,12,4,Beam_1_1_4,1104
667,Beam_1_1_12,19897,0.015212,0.075302,0.026277,1,1,254,1,12,4,Beam_1_1_4,1104
668,Beam_1_1_12,19837,0.015212,0.075302,0.025204,1,1,254,1,12,4,Beam_1_1_4,1104
669,Beam_1_1_12,19841,0.0071303,0.075431,0.025153,1,1,254,1,12,4,Beam_1_1_4,1104
670,Beam_1_1_12,19893,0.0071303,0.075431,0.026227,1,1,254,1,12,4,Beam_1_1_4,1104
671,Beam_1_1_12,19848,0.011891,0.075431,0.025153,1,1,254,1,12,4,Beam_1_1_4,1104
672,Beam_1_1_12,19891,0.011891,0.075431,0.026227,1,1,254,1,12,4,Beam_1_1_4,1104
673,Beam_1_1_12,19855,0.0018953,0.075799,0.025006,1,1,254,1,12,4,Beam_1_1_4,1104
674,Beam_1_1_12,19882,0.0018953,0.075799,0.026083,1,1,254,1,12,4,Beam_1_1_4,1104
675,Beam_1_1_12,19898,0.017109,0.0758,0.026082,1,1,254,1,12,4,Beam_1_1_4,1104
676,Beam_1_1_12,19838,0.017109,0.0758,0.025005,1,1,254,1,12,4,Beam_1_1_4,1104
677,Beam_1_1_12,19842,0.0047556,0.076052,0.024903,1,1,254,1,12,4,Beam_1_1_4,1104
678,Beam_1_1_12,19894,0.0047557,0.076052,0.025982,1,1,254,1,12,4,Beam_1_1_4,1104
679,Beam_1_1_12,19890,0.014258,0.076052,0.025982,1,1,254,1,12,4,Beam_1_1_4,1104
680,Beam_1_1_12,19847,0.014258,0.076052,0.024903,1,1,254,1,12,4,Beam_1_1_4,1104
681,Beam_1_1_12,19843,0.0023729,0.076675,0.024645,1,1,254,1,12,4,Beam_1_1_4,1104
682,Beam_1_1_12,19895,0.002373,0.076675,0.025728,1,1,254,1,12,4,Beam_1_1_4,1104
683,Beam_1_1_12,19889,0.016634,0.076675,0.025728,1,1,254,1,12,4,Beam_1_1_4,1104
684,Beam_1_1_12,19846,0.016634,0.076675,0.024645,1,1,254,1,12,4,Beam_1_1_4,1104
685,Beam_1_1_12,24467,0.0,0.077804,0.024705,1,1,254,1,12,4,Beam_1_1_4,1104
686,Beam_1_1_12,24470,0.00475,0.077804,0.024705,1,1,254,1,12,4,Beam_1_1_4,1104
687,Beam_1_1_12,24469,0.0095,0.077804,0.024705,1,1,254,1,12,4,Beam_1_1_4,1104
688,Beam_1_1_12,24468,0.01425,0.077804,0.024705,1,1,254,1,12,4,Beam_1_1_4,1104
689,Beam_1_1_12,24466,0.019,0.077804,0.024705,1,1,254,1,12,4,Beam_1_1_4,1104
690,Beam_1_1_13,18585,0.0023813,0.078935,0.02475,1,1,200,1,13,3,Beam_1_1_3,1103
691,Beam_1_1_13,18565,0.0023813,0.078935,0.02365,1,1,200,1,13,3,Beam_1_1_3,1103
692,Beam_1_1_13,18568,0.016619,0.078935,0.02365,1,1,200,1,13,3,Beam_1_1_3,1103
693,Beam_1_1_13,18579,0.016619,0.078935,0.02475,1,1,200,1,13,3,Beam_1_1_3,1103
694,Beam_1_1_13,18564,0.0047518,0.079557,0.023359,1,1,200,1,13,3,Beam_1_1_3,1103
695,Beam_1_1_13,18584,0.0047518,0.079557,0.024464,1,1,200,1,13,3,Beam_1_1_3,1103
696,Beam_1_1_13,18569,0.014248,0.079557,0.023359,1,1,200,1,13,3,Beam_1_1_3,1103
697,Beam_1_1_13,18580,0.014248,0.079557,0.024464,1,1,200,1,13,3,Beam_1_1_3,1103
698,Beam_1_1_13,18592,0.0019029,0.079809,0.024346,1,1,200,1,13,3,Beam_1_1_3,1103
699,Beam_1_1_13,18556,0.001903,0.079809,0.023239,1,1,200,1,13,3,Beam_1_1_3,1103
700,Beam_1_1_13,18604,0.017101,0.079821,0.02434,1,1,200,1,13,3,Beam_1_1_3,1103
701,Beam_1_1_13,18536,0.017101,0.079821,0.023233,1,1,200,1,13,3,Beam_1_1_3,1103
702,Beam_1_1_13,18583,0.0071316,0.080182,0.024169,1,1,200,1,13,3,Beam_1_1_3,1103
703,Beam_1_1_13,18563,0.0071317,0.080182,0.023059,1,1,200,1,13,3,Beam_1_1_3,1103
704,Beam_1_1_13,18570,0.011868,0.080182,0.023059,1,1,200,1,13,3,Beam_1_1_3,1103
705,Beam_1_1_13,18581,0.011868,0.080182,0.024169,1,1,200,1,13,3,Beam_1_1_3,1103
706,Beam_1_1_13,18591,0.0037986,0.080307,0.024109,1,1,200,1,13,3,Beam_1_1_3,1103
707,Beam_1_1_13,18555,0.0037987,0.080307,0.022998,1,1,200,1,13,3,Beam_1_1_3,1103
708,Beam_1_1_13,18605,0.01521,0.080316,0.024105,1,1,200,1,13,3,Beam_1_1_3,1103
709,Beam_1_1_13,18537,0.01521,0.080316,0.022993,1,1,200,1,13,3,Beam_1_1_3,1103
710,Beam_1_1_13,18562,0.0095,0.080803,0.022753,1,1,200,1,13,3,Beam_1_1_3,1103
711,Beam_1_1_13,18582,0.0095,0.080803,0.023869,1,1,200,1,13,3,Beam_1_1_3,1103
712,Beam_1_1_13,18590,0.0057005,0.080806,0.023867,1,1,200,1,13,3,Beam_1_1_3,1103
713,Beam_1_1_13,18554,0.0057006,0.080806,0.022752,1,1,200,1,13,3,Beam_1_1_3,1103
714,Beam_1_1_13,18606,0.013312,0.080813,0.023864,1,1,200,1,13,3,Beam_1_1_3,1103
715,Beam_1_1_13,18538,0.013312,0.080813,0.022748,1,1,200,1,13,3,Beam_1_1_3,1103
716,Beam_1_1_13,18589,0.0075949,0.081303,0.023621,1,1,200,1,13,3,Beam_1_1_3,1103
717,Beam_1_1_13,18553,0.0075949,0.081303,0.022501,1,1,200,1,13,3,Beam_1_1_3,1103
718,Beam_1_1_13,18539,0.011422,0.081308,0.022499,1,1,200,1,13,3,Beam_1_1_3,1103
719,Beam_1_1_13,18603,0.011422,0.081308,0.023619,1,1,200,1,13,3,Beam_1_1_3,1103
720,Beam_1_1_13,18561,0.0056915,0.081803,0.022244,1,1,200,1,13,3,Beam_1_1_3,1103
721,Beam_1_1_13,18588,0.0056915,0.081803,0.023369,1,1,200,1,13,3,Beam_1_1_3,1103
722,Beam_1_1_13,18540,0.013321,0.081806,0.022242,1,1,200,1,13,3,Beam_1_1_3,1103
723,Beam_1_1_13,18600,0.013321,0.081806,0.023367,1,1,200,1,13,3,Beam_1_1_3,1103
724,Beam_1_1_13,18544,0.0095141,0.081807,0.022242,1,1,200,1,13,3,Beam_1_1_3,1103
725,Beam_1_1_13,18596,0.0095141,0.081807,0.023367,1,1,200,1,13,3,Beam_1_1_3,1103
726,Beam_1_1_13,18587,0.0037961,0.0823,0.023113,1,1,200,1,13,3,Beam_1_1_3,1103
727,Beam_1_1_13,18560,0.0037961,0.0823,0.021983,1,1,200,1,13,3,Beam_1_1_3,1103
728,Beam_1_1_13,18541,0.015212,0.082302,0.021982,1,1,200,1,13,3,Beam_1_1_3,1103
729,Beam_1_1_13,18601,0.015212,0.082302,0.023111,1,1,200,1,13,3,Beam_1_1_3,1103
730,Beam_1_1_13,18545,0.007128,0.082431,0.021914,1,1,200,1,13,3,Beam_1_1_3,1103
731,Beam_1_1_13,18597,0.0071281,0.082431,0.023044,1,1,200,1,13,3,Beam_1_1_3,1103
732,Beam_1_1_13,18552,0.011893,0.082431,0.021914,1,1,200,1,13,3,Beam_1_1_3,1103
733,Beam_1_1_13,18595,0.011893,0.082431,0.023044,1,1,200,1,13,3,Beam_1_1_3,1103
734,Beam_1_1_13,18559,0.0018938,0.082799,0.021716,1,1,200,1,13,3,Beam_1_1_3,1103
735,Beam_1_1_13,18586,0.0018939,0.082799,0.02285,1,1,200,1,13,3,Beam_1_1_3,1103
736,Beam_1_1_13,18542,0.01711,0.0828,0.021715,1,1,200,1,13,3,Beam_1_1_3,1103
737,Beam_1_1_13,18602,0.01711,0.0828,0.02285,1,1,200,1,13,3,Beam_1_1_3,1103
738,Beam_1_1_13,18546,0.0047547,0.083052,0.021579,1,1,200,1,13,3,Beam_1_1_3,1103
739,Beam_1_1_13,18598,0.0047548,0.083052,0.022716,1,1,200,1,13,3,Beam_1_1_3,1103
740,Beam_1_1_13,18594,0.014259,0.083052,0.022716,1,1,200,1,13,3,Beam_1_1_3,1103
741,Beam_1_1_13,18551,0.014259,0.083052,0.021579,1,1,200,1,13,3,Beam_1_1_3,1103
742,Beam_1_1_13,18599,0.0023706,0.083676,0.022377,1,1,200,1,13,3,Beam_1_1_3,1103
743,Beam_1_1_13,18547,0.0023706,0.083676,0.021234,1,1,200,1,13,3,Beam_1_1_3,1103
744,Beam_1_1_13,18593,0.016636,0.083676,0.022377,1,1,200,1,13,3,Beam_1_1_3,1103
745,Beam_1_1_13,18550,0.016636,0.083676,0.021234,1,1,200,1,13,3,Beam_1_1_3,1103
746,Beam_1_1_13,24458,0.0,0.084804,0.021166,1,1,200,1,13,3,Beam_1_1_3,1103
747,Beam_1_1_13,24461,0.00475,0.084804,0.021166,1,1,200,1,13,3,Beam_1_1_3,1103
748,Beam_1_1_13,24460,0.0095,0.084804,0.021166,1,1,200,1,13,3,Beam_1_1_3,1103
749,Beam_1_1_13,24459,0.01425,0.084804,0.021166,1,1,200,1,13,3,Beam_1_1_3,1103
750,Beam_1_1_13,24457,0.019,0.084804,0.021166,1,1,200,1,13,3,Beam_1_1_3,1103
751,Beam_1_1_14,17289,0.002384,0.085935,0.021082,1,1,146,1,14,1,Beam_1_1_1,1101
752,Beam_1_1_14,17269,0.0023841,0.085935,0.019914,1,1,146,1,14,1,Beam_1_1_1,1101
753,Beam_1_1_14,17272,0.016616,0.085935,0.019914,1,1,146,1,14,1,Beam_1_1_1,1101
754,Beam_1_1_14,17283,0.016616,0.085935,0.021082,1,1,146,1,14,1,Beam_1_1_1,1101
755,Beam_1_1_14,17288,0.0047526,0.086557,0.020706,1,1,146,1,14,1,Beam_1_1_1,1101
756,Beam_1_1_14,17268,0.0047528,0.086557,0.01953,1,1,146,1,14,1,Beam_1_1_1,1101
757,Beam_1_1_14,17273,0.014247,0.086557,0.01953,1,1,146,1,14,1,Beam_1_1_1,1101
758,Beam_1_1_14,17284,0.014247,0.086557,0.020706,1,1,146,1,14,1,Beam_1_1_1,1101
759,Beam_1_1_14,17296,0.0019047,0.08681,0.020551,1,1,146,1,14,1,Beam_1_1_1,1101
760,Beam_1_1_14,17260,0.0019048,0.08681,0.019372,1,1,146,1,14,1,Beam_1_1_1,1101
761,Beam_1_1_14,17240,0.0171,0.086822,0.019364,1,1,146,1,14,1,Beam_1_1_1,1101
762,Beam_1_1_14,17308,0.0171,0.086822,0.020543,1,1,146,1,14,1,Beam_1_1_1,1101
763,Beam_1_1_14,17287,0.0071344,0.087182,0.020319,1,1,146,1,14,1,Beam_1_1_1,1101
764,Beam_1_1_14,17267,0.0071345,0.087182,0.019135,1,1,146,1,14,1,Beam_1_1_1,1101
765,Beam_1_1_14,17274,0.011865,0.087182,0.019135,1,1,146,1,14,1,Beam_1_1_1,1101
766,Beam_1_1_14,17285,0.011866,0.087182,0.020319,1,1,146,1,14,1,Beam_1_1_1,1101
767,Beam_1_1_14,17295,0.0037992,0.087307,0.02024,1,1,146,1,14,1,Beam_1_1_1,1101
768,Beam_1_1_14,17259,0.0037993,0.087307,0.019055,1,1,146,1,14,1,Beam_1_1_1,1101
769,Beam_1_1_14,17309,0.015209,0.087316,0.020234,1,1,146,1,14,1,Beam_1_1_1,1101
770,Beam_1_1_14,17241,0.015209,0.087317,0.019049,1,1,146,1,14,1,Beam_1_1_1,1101
771,Beam_1_1_14,17266,0.0095,0.087803,0.018733,1,1,146,1,14,1,Beam_1_1_1,1101
772,Beam_1_1_14,17286,0.0095,0.087803,0.019925,1,1,146,1,14,1,Beam_1_1_1,1101
773,Beam_1_1_14,17294,0.0057024,0.087806,0.019923,1,1,146,1,14,1,Beam_1_1_1,1101
774,Beam_1_1_14,17258,0.0057025,0.087806,0.018731,1,1,146,1,14,1,Beam_1_1_1,1101
775,Beam_1_1_14,17242,0.01331,0.087813,0.018726,1,1,146,1,14,1,Beam_1_1_1,1101
776,Beam_1_1_14,17310,0.01331,0.087813,0.019918,1,1,146,1,14,1,Beam_1_1_1,1101
777,Beam_1_1_14,17293,0.0075949,0.088303,0.019601,1,1,146,1,14,1,Beam_1_1_1,1101
778,Beam_1_1_14,17257,0.0075949,0.088303,0.018402,1,1,146,1,14,1,Beam_1_1_1,1101
779,Beam_1_1_14,17307,0.011422,0.088308,0.019598,1,1,146,1,14,1,Beam_1_1_1,1101
780,Beam_1_1_14,17243,0.011422,0.088308,0.0184,1,1,146,1,14,1,Beam_1_1_1,1101
781,Beam_1_1_14,17292,0.0056895,0.088803,0.019271,1,1,146,1,14,1,Beam_1_1_1,1101
782,Beam_1_1_14,17265,0.0056895,0.088803,0.018066,1,1,146,1,14,1,Beam_1_1_1,1101
783,Beam_1_1_14,17304,0.013323,0.088806,0.019269,1,1,146,1,14,1,Beam_1_1_1,1101
784,Beam_1_1_14,17244,0.013323,0.088806,0.018063,1,1,146,1,14,1,Beam_1_1_1,1101
785,Beam_1_1_14,17300,0.0095141,0.088807,0.019269,1,1,146,1,14,1,Beam_1_1_1,1101
786,Beam_1_1_14,17248,0.0095141,0.088807,0.018063,1,1,146,1,14,1,Beam_1_1_1,1101
787,Beam_1_1_14,17264,0.0037953,0.0893,0.017724,1,1,146,1,14,1,Beam_1_1_1,1101
788,Beam_1_1_14,17291,0.0037954,0.0893,0.018937,1,1,146,1,14,1,Beam_1_1_1,1101
789,Beam_1_1_14,17305,0.015213,0.089302,0.018935,1,1,146,1,14,1,Beam_1_1_1,1101
790,Beam_1_1_14,17245,0.015213,0.089303,0.017723,1,1,146,1,14,1,Beam_1_1_1,1101
791,Beam_1_1_14,17249,0.0071247,0.089432,0.017633,1,1,146,1,14,1,Beam_1_1_1,1101
792,Beam_1_1_14,17301,0.0071248,0.089432,0.018847,1,1,146,1,14,1,Beam_1_1_1,1101
793,Beam_1_1_14,17256,0.011896,0.089432,0.017633,1,1,146,1,14,1,Beam_1_1_1,1101
794,Beam_1_1_14,17299,0.011896,0.089432,0.018847,1,1,146,1,14,1,Beam_1_1_1,1101
795,Beam_1_1_14,17263,0.0018917,0.0898,0.017375,1,1,146,1,14,1,Beam_1_1_1,1101
796,Beam_1_1_14,17290,0.0018918,0.0898,0.018595,1,1,146,1,14,1,Beam_1_1_1,1101
797,Beam_1_1_14,17306,0.017112,0.089801,0.018594,1,1,146,1,14,1,Beam_1_1_1,1101
798,Beam_1_1_14,17246,0.017112,0.089801,0.017374,1,1,146,1,14,1,Beam_1_1_1,1101
799,Beam_1_1_14,17302,0.0047537,0.090052,0.018419,1,1,146,1,14,1,Beam_1_1_1,1101
800,Beam_1_1_14,17298,0.01426,0.090052,0.018419,1,1,146,1,14,1,Beam_1_1_1,1101
801,Beam_1_1_14,17250,0.0047535,0.090053,0.017196,1,1,146,1,14,1,Beam_1_1_1,1101
802,Beam_1_1_14,17255,0.014261,0.090053,0.017196,1,1,146,1,14,1,Beam_1_1_1,1101
803,Beam_1_1_14,17251,0.0023671,0.090677,0.016745,1,1,146,1,14,1,Beam_1_1_1,1101
804,Beam_1_1_14,17303,0.0023672,0.090677,0.017978,1,1,146,1,14,1,Beam_1_1_1,1101
805,Beam_1_1_14,17254,0.01664,0.090677,0.016745,1,1,146,1,14,1,Beam_1_1_1,1101
806,Beam_1_1_14,17297,0.01664,0.090677,0.017978,1,1,146,1,14,1,Beam_1_1_1,1101
807,Beam_1_1_14,24449,0.0,0.091804,0.016529,1,1,146,1,14,1,Beam_1_1_1,1101
808,Beam_1_1_14,24452,0.00475,0.091804,0.016529,1,1,146,1,14,1,Beam_1_1_1,1101
809,Beam_1_1_14,24451,0.0095,0.091804,0.016529,1,1,146,1,14,1,Beam_1_1_1,1101
810,Beam_1_1_14,24450,0.01425,0.091804,0.016529,1,1,146,1,14,1,Beam_1_1_1,1101
811,Beam_1_1_14,24448,0.019,0.091804,0.016529,1,1,146,1,14,1,Beam_1_1_1,1101
812,Beam_1_1_15,15868,0.00159,0.092727,0.016457,1,1,92,1,15,2,Beam_1_1_2,1102
813,Beam_1_1_15,15826,0.0015902,0.092727,0.015189,1,1,92,1,15,2,Beam_1_1_2,1102
814,Beam_1_1_15,15858,0.01741,0.092727,0.016457,1,1,92,1,15,2,Beam_1_1_2,1102
815,Beam_1_1_15,15829,0.01741,0.092727,0.015189,1,1,92,1,15,2,Beam_1_1_2,1102
816,Beam_1_1_15,15867,0.0031705,0.093142,0.016135,1,1,92,1,15,2,Beam_1_1_2,1102
817,Beam_1_1_15,15825,0.0031707,0.093142,0.01486,1,1,92,1,15,2,Beam_1_1_2,1102
818,Beam_1_1_15,15830,0.015829,0.093142,0.01486,1,1,92,1,15,2,Beam_1_1_2,1102
819,Beam_1_1_15,15859,0.01583,0.093142,0.016135,1,1,92,1,15,2,Beam_1_1_2,1102
820,Beam_1_1_15,15866,0.0047588,0.093559,0.015807,1,1,92,1,15,2,Beam_1_1_2,1102
821,Beam_1_1_15,15824,0.0047591,0.093559,0.014523,1,1,92,1,15,2,Beam_1_1_2,1102
822,Beam_1_1_15,15860,0.014241,0.093559,0.015807,1,1,92,1,15,2,Beam_1_1_2,1102
823,Beam_1_1_15,15831,0.014241,0.093559,0.014523,1,1,92,1,15,2,Beam_1_1_2,1102
824,Beam_1_1_15,15875,0.0019075,0.09381,0.015606,1,1,92,1,15,2,Beam_1_1_2,1102
825,Beam_1_1_15,15815,0.0019076,0.09381,0.014317,1,1,92,1,15,2,Beam_1_1_2,1102
826,Beam_1_1_15,15841,0.017097,0.093823,0.014307,1,1,92,1,15,2,Beam_1_1_2,1102
827,Beam_1_1_15,15853,0.017097,0.093823,0.015596,1,1,92,1,15,2,Beam_1_1_2,1102
828,Beam_1_1_15,15865,0.0063372,0.093973,0.015475,1,1,92,1,15,2,Beam_1_1_2,1102
829,Beam_1_1_15,15823,0.0063375,0.093973,0.014183,1,1,92,1,15,2,Beam_1_1_2,1102
830,Beam_1_1_15,15861,0.012663,0.093973,0.015475,1,1,92,1,15,2,Beam_1_1_2,1102
831,Beam_1_1_15,15832,0.012663,0.093973,0.014183,1,1,92,1,15,2,Beam_1_1_2,1102
832,Beam_1_1_15,15874,0.0038004,0.094307,0.015203,1,1,92,1,15,2,Beam_1_1_2,1102
833,Beam_1_1_15,15814,0.0038006,0.094307,0.013905,1,1,92,1,15,2,Beam_1_1_2,1102
834,Beam_1_1_15,15852,0.015208,0.094317,0.015195,1,1,92,1,15,2,Beam_1_1_2,1102
835,Beam_1_1_15,15840,0.015208,0.094317,0.013897,1,1,92,1,15,2,Beam_1_1_2,1102
836,Beam_1_1_15,15864,0.0079238,0.094389,0.015136,1,1,92,1,15,2,Beam_1_1_2,1102
837,Beam_1_1_15,15822,0.007924,0.094389,0.013836,1,1,92,1,15,2,Beam_1_1_2,1102
838,Beam_1_1_15,15862,0.011076,0.094389,0.015136,1,1,92,1,15,2,Beam_1_1_2,1102
839,Beam_1_1_15,15833,0.011076,0.094389,0.013836,1,1,92,1,15,2,Beam_1_1_2,1102
840,Beam_1_1_15,15863,0.0095,0.094803,0.014794,1,1,92,1,15,2,Beam_1_1_2,1102
841,Beam_1_1_15,15821,0.0095,0.094803,0.013486,1,1,92,1,15,2,Beam_1_1_2,1102
842,Beam_1_1_15,15873,0.0057053,0.094807,0.01479,1,1,92,1,15,2,Beam_1_1_2,1102
843,Beam_1_1_15,15813,0.0057054,0.094807,0.013482,1,1,92,1,15,2,Beam_1_1_2,1102
844,Beam_1_1_15,15839,0.013307,0.094814,0.013476,1,1,92,1,15,2,Beam_1_1_2,1102
845,Beam_1_1_15,15851,0.013307,0.094814,0.014785,1,1,92,1,15,2,Beam_1_1_2,1102
846,Beam_1_1_15,15812,0.0075949,0.095303,0.013055,1,1,92,1,15,2,Beam_1_1_2,1102
847,Beam_1_1_15,15872,0.0075949,0.095303,0.014373,1,1,92,1,15,2,Beam_1_1_2,1102
848,Beam_1_1_15,15838,0.011422,0.095308,0.013051,1,1,92,1,15,2,Beam_1_1_2,1102
849,Beam_1_1_15,15854,0.011422,0.095308,0.01437,1,1,92,1,15,2,Beam_1_1_2,1102
850,Beam_1_1_15,15820,0.0056862,0.095804,0.012614,1,1,92,1,15,2,Beam_1_1_2,1102
851,Beam_1_1_15,15871,0.0056863,0.095804,0.013944,1,1,92,1,15,2,Beam_1_1_2,1102
852,Beam_1_1_15,15799,0.0095141,0.095807,0.012612,1,1,92,1,15,2,Beam_1_1_2,1102
853,Beam_1_1_15,15881,0.0095141,0.095807,0.013942,1,1,92,1,15,2,Beam_1_1_2,1102
854,Beam_1_1_15,15857,0.013326,0.095807,0.013941,1,1,92,1,15,2,Beam_1_1_2,1102
855,Beam_1_1_15,15837,0.013326,0.095807,0.012611,1,1,92,1,15,2,Beam_1_1_2,1102
856,Beam_1_1_15,15800,0.0079199,0.096224,0.012239,1,1,92,1,15,2,Beam_1_1_2,1102
857,Beam_1_1_15,15882,0.0079201,0.096224,0.013578,1,1,92,1,15,2,Beam_1_1_2,1102
858,Beam_1_1_15,15880,0.011103,0.096224,0.013578,1,1,92,1,15,2,Beam_1_1_2,1102
859,Beam_1_1_15,15811,0.011104,0.096224,0.012239,1,1,92,1,15,2,Beam_1_1_2,1102
860,Beam_1_1_15,15819,0.0037937,0.096301,0.012169,1,1,92,1,15,2,Beam_1_1_2,1102
861,Beam_1_1_15,15870,0.003794,0.096301,0.01351,1,1,92,1,15,2,Beam_1_1_2,1102
862,Beam_1_1_15,15856,0.015214,0.096303,0.013508,1,1,92,1,15,2,Beam_1_1_2,1102
863,Beam_1_1_15,15836,0.015215,0.096303,0.012167,1,1,92,1,15,2,Beam_1_1_2,1102
864,Beam_1_1_15,15801,0.0063373,0.096638,0.011862,1,1,92,1,15,2,Beam_1_1_2,1102
865,Beam_1_1_15,15883,0.0063377,0.096638,0.013211,1,1,92,1,15,2,Beam_1_1_2,1102
866,Beam_1_1_15,15879,0.012681,0.096638,0.013211,1,1,92,1,15,2,Beam_1_1_2,1102
867,Beam_1_1_15,15810,0.012682,0.096638,0.011862,1,1,92,1,15,2,Beam_1_1_2,1102
868,Beam_1_1_15,15818,0.0018883,0.096801,0.011712,1,1,92,1,15,2,Beam_1_1_2,1102
869,Beam_1_1_15,15869,0.0018885,0.096801,0.013065,1,1,92,1,15,2,Beam_1_1_2,1102
870,Beam_1_1_15,15835,0.017116,0.096802,0.011711,1,1,92,1,15,2,Beam_1_1_2,1102
871,Beam_1_1_15,15855,0.017116,0.096802,0.013064,1,1,92,1,15,2,Beam_1_1_2,1102
872,Beam_1_1_15,15802,0.0047454,0.097055,0.011477,1,1,92,1,15,2,Beam_1_1_2,1102
873,Beam_1_1_15,15884,0.0047459,0.097055,0.012836,1,1,92,1,15,2,Beam_1_1_2,1102
874,Beam_1_1_15,15878,0.014268,0.097055,0.012836,1,1,92,1,15,2,Beam_1_1_2,1102
875,Beam_1_1_15,15809,0.014269,0.097055,0.011477,1,1,92,1,15,2,Beam_1_1_2,1102
876,Beam_1_1_15,15803,0.0031658,0.097468,0.011088,1,1,92,1,15,2,Beam_1_1_2,1102
877,Beam_1_1_15,15885,0.0031662,0.097468,0.012457,1,1,92,1,15,2,Beam_1_1_2,1102
878,Beam_1_1_15,15877,0.015843,0.097468,0.012457,1,1,92,1,15,2,Beam_1_1_2,1102
879,Beam_1_1_15,15808,0.015844,0.097468,0.011088,1,1,92,1,15,2,Beam_1_1_2,1102
880,Beam_1_1_15,15804,0.0015765,0.097884,0.010691,1,1,92,1,15,2,Beam_1_1_2,1102
881,Beam_1_1_15,15886,0.0015768,0.097884,0.01207,1,1,92,1,15,2,Beam_1_1_2,1102
882,Beam_1_1_15,15876,0.017428,0.097884,0.01207,1,1,92,1,15,2,Beam_1_1_2,1102
883,Beam_1_1_15,15807,0.017428,0.097884,0.010691,1,1,92,1,15,2,Beam_1_1_2,1102
884,Beam_1_1_15,24440,0.0,0.098988,0.010367,1,1,92,1,15,2,Beam_1_1_2,1102
885,Beam_1_1_15,24443,0.00475,0.098988,0.010367,1,1,92,1,15,2,Beam_1_1_2,1102
886,Beam_1_1_15,24442,0.0095,0.098988,0.010367,1,1,92,1,15,2,Beam_1_1_2,1102
887,Beam_1_1_15,24441,0.01425,0.098988,0.010367,1,1,92,1,15,2,Beam_1_1_2,1102
888,Beam_1_1_15,24439,0.019,0.098988,0.010367,1,1,92,1,15,2,Beam_1_1_2,1102
889,Beam_1_2_2,24791,0.0,0.10081,0.010193,2,1,5,1,2,15,Beam_1_2_15,1215
890,Beam_1_2_2,24794,0.00475,0.10081,0.010193,2,2,5,1,2,15,Beam_1_2_15,1215
891,Beam_1_2_2,24793,0.0095,0.10081,0.010193,2,2,5,1,2,15,Beam_1_2_15,1215
892,Beam_1_2_2,24792,0.01425,0.10081,0.010193,2,2,5,1,2,15,Beam_1_2_15,1215
893,Beam_1_2_2,24790,0.019,0.10081,0.010193,2,2,5,1,2,15,Beam_1_2_15,1215
894,Beam_1_2_1,15291,0.0015739,0.10172,0.010308,2,2,74,1,1,14,Beam_1_2_14,1214
895,Beam_1_2_1,15345,0.0015742,0.10172,0.011699,2,2,74,1,1,14,Beam_1_2_14,1214
896,Beam_1_2_1,15281,0.017426,0.10172,0.010308,2,2,74,1,1,14,Beam_1_2_14,1214
897,Beam_1_2_1,15347,0.017426,0.10172,0.011699,2,2,74,1,1,14,Beam_1_2_14,1214
898,Beam_1_2_1,15290,0.0031608,0.10214,0.010713,2,2,74,1,1,14,Beam_1_2_14,1214
899,Beam_1_2_1,15344,0.0031613,0.10214,0.012092,2,2,74,1,1,14,Beam_1_2_14,1214
900,Beam_1_2_1,15282,0.015839,0.10214,0.010713,2,2,74,1,1,14,Beam_1_2_14,1214
901,Beam_1_2_1,15348,0.015839,0.10214,0.012092,2,2,74,1,1,14,Beam_1_2_14,1214
902,Beam_1_2_1,15289,0.004738,0.10255,0.011108,2,2,74,1,1,14,Beam_1_2_14,1214
903,Beam_1_2_1,15343,0.0047385,0.10255,0.012477,2,2,74,1,1,14,Beam_1_2_14,1214
904,Beam_1_2_1,15349,0.014262,0.10255,0.012477,2,2,74,1,1,14,Beam_1_2_14,1214
905,Beam_1_2_1,15283,0.014262,0.10255,0.011108,2,2,74,1,1,14,Beam_1_2_14,1214
906,Beam_1_2_1,15313,0.001888,0.10281,0.011346,2,2,74,1,1,14,Beam_1_2_14,1214
907,Beam_1_2_1,15325,0.0018882,0.10281,0.012708,2,2,74,1,1,14,Beam_1_2_14,1214
908,Beam_1_2_1,15352,0.017116,0.10282,0.012719,2,2,74,1,1,14,Beam_1_2_14,1214
909,Beam_1_2_1,15277,0.017116,0.10282,0.011357,2,2,74,1,1,14,Beam_1_2_14,1214
910,Beam_1_2_1,15288,0.0063276,0.10297,0.0115,2,2,74,1,1,14,Beam_1_2_14,1214
911,Beam_1_2_1,15342,0.0063281,0.10297,0.012858,2,2,74,1,1,14,Beam_1_2_14,1214
912,Beam_1_2_1,15350,0.012672,0.10297,0.012858,2,2,74,1,1,14,Beam_1_2_14,1214
913,Beam_1_2_1,15284,0.012672,0.10297,0.0115,2,2,74,1,1,14,Beam_1_2_14,1214
914,Beam_1_2_1,15312,0.0037936,0.10331,0.01181,2,2,74,1,1,14,Beam_1_2_14,1214
915,Beam_1_2_1,15324,0.0037939,0.10331,0.01316,2,2,74,1,1,14,Beam_1_2_14,1214
916,Beam_1_2_1,15353,0.015215,0.10332,0.013169,2,2,74,1,1,14,Beam_1_2_14,1214
917,Beam_1_2_1,15278,0.015215,0.10332,0.011819,2,2,74,1,1,14,Beam_1_2_14,1214
918,Beam_1_2_1,15287,0.0079079,0.10339,0.011883,2,2,74,1,1,14,Beam_1_2_14,1214
919,Beam_1_2_1,15341,0.0079081,0.10339,0.013232,2,2,74,1,1,14,Beam_1_2_14,1214
920,Beam_1_2_1,15351,0.011092,0.10339,0.013232,2,2,74,1,1,14,Beam_1_2_14,1214
921,Beam_1_2_1,15285,0.011092,0.10339,0.011883,2,2,74,1,1,14,Beam_1_2_14,1214
922,Beam_1_2_1,15311,0.0056859,0.1038,0.012262,2,2,74,1,1,14,Beam_1_2_14,1214
923,Beam_1_2_1,15323,0.0056861,0.1038,0.013601,2,2,74,1,1,14,Beam_1_2_14,1214
924,Beam_1_2_1,15286,0.0095,0.1038,0.012263,2,2,74,1,1,14,Beam_1_2_14,1214
925,Beam_1_2_1,15346,0.0095,0.1038,0.013602,2,2,74,1,1,14,Beam_1_2_14,1214
926,Beam_1_2_1,15354,0.013326,0.10381,0.013607,2,2,74,1,1,14,Beam_1_2_14,1214
927,Beam_1_2_1,15279,0.013327,0.10381,0.012268,2,2,74,1,1,14,Beam_1_2_14,1214
928,Beam_1_2_1,15326,0.0075949,0.1043,0.014037,2,2,74,1,1,14,Beam_1_2_14,1214
929,Beam_1_2_1,15310,0.0075949,0.1043,0.012709,2,2,74,1,1,14,Beam_1_2_14,1214
930,Beam_1_2_1,15271,0.011422,0.10431,0.012713,2,2,74,1,1,14,Beam_1_2_14,1214
931,Beam_1_2_1,15355,0.011422,0.10431,0.01404,2,2,74,1,1,14,Beam_1_2_14,1214
932,Beam_1_2_1,15329,0.0057055,0.1048,0.01446,2,2,74,1,1,14,Beam_1_2_14,1214
933,Beam_1_2_1,15309,0.0057057,0.1048,0.013143,2,2,74,1,1,14,Beam_1_2_14,1214
934,Beam_1_2_1,15272,0.013307,0.1048,0.013146,2,2,74,1,1,14,Beam_1_2_14,1214
935,Beam_1_2_1,15356,0.013307,0.1048,0.014463,2,2,74,1,1,14,Beam_1_2_14,1214
936,Beam_1_2_1,15299,0.0095141,0.10481,0.01315,2,2,74,1,1,14,Beam_1_2_14,1214
937,Beam_1_2_1,15335,0.0095141,0.10481,0.014466,2,2,74,1,1,14,Beam_1_2_14,1214
938,Beam_1_2_1,15330,0.0079357,0.10522,0.014813,2,2,74,1,1,14,Beam_1_2_14,1214
939,Beam_1_2_1,15300,0.0079359,0.10522,0.013505,2,2,74,1,1,14,Beam_1_2_14,1214
940,Beam_1_2_1,15340,0.011088,0.10522,0.014813,2,2,74,1,1,14,Beam_1_2_14,1214
941,Beam_1_2_1,15298,0.011088,0.10522,0.013505,2,2,74,1,1,14,Beam_1_2_14,1214
942,Beam_1_2_1,15328,0.0038005,0.1053,0.014879,2,2,74,1,1,14,Beam_1_2_14,1214
943,Beam_1_2_1,15308,0.0038007,0.1053,0.013573,2,2,74,1,1,14,Beam_1_2_14,1214
944,Beam_1_2_1,15357,0.015208,0.1053,0.014881,2,2,74,1,1,14,Beam_1_2_14,1214
945,Beam_1_2_1,15273,0.015208,0.1053,0.013575,2,2,74,1,1,14,Beam_1_2_14,1214
946,Beam_1_2_1,15331,0.0063467,0.10564,0.015156,2,2,74,1,1,14,Beam_1_2_14,1214
947,Beam_1_2_1,15301,0.006347,0.10564,0.013857,2,2,74,1,1,14,Beam_1_2_14,1214
948,Beam_1_2_1,15297,0.012672,0.10564,0.013857,2,2,74,1,1,14,Beam_1_2_14,1214
949,Beam_1_2_1,15339,0.012672,0.10564,0.015156,2,2,74,1,1,14,Beam_1_2_14,1214
950,Beam_1_2_1,15327,0.0019077,0.1058,0.015287,2,2,74,1,1,14,Beam_1_2_14,1214
951,Beam_1_2_1,15307,0.0019078,0.1058,0.013991,2,2,74,1,1,14,Beam_1_2_14,1214
952,Beam_1_2_1,15274,0.017096,0.1058,0.013992,2,2,74,1,1,14,Beam_1_2_14,1214
953,Beam_1_2_1,15358,0.017097,0.1058,0.015288,2,2,74,1,1,14,Beam_1_2_14,1214
954,Beam_1_2_1,15332,0.0047661,0.10605,0.015493,2,2,74,1,1,14,Beam_1_2_14,1214
955,Beam_1_2_1,15302,0.0047664,0.10605,0.014202,2,2,74,1,1,14,Beam_1_2_14,1214
956,Beam_1_2_1,15296,0.014248,0.10605,0.014202,2,2,74,1,1,14,Beam_1_2_14,1214
957,Beam_1_2_1,15338,0.014248,0.10605,0.015493,2,2,74,1,1,14,Beam_1_2_14,1214
958,Beam_1_2_1,15333,0.0031753,0.10647,0.015826,2,2,74,1,1,14,Beam_1_2_14,1214
959,Beam_1_2_1,15303,0.0031755,0.10647,0.014543,2,2,74,1,1,14,Beam_1_2_14,1214
960,Beam_1_2_1,15295,0.015834,0.10647,0.014543,2,2,74,1,1,14,Beam_1_2_14,1214
961,Beam_1_2_1,15337,0.015834,0.10647,0.015826,2,2,74,1,1,14,Beam_1_2_14,1214
962,Beam_1_2_1,15334,0.0015925,0.10688,0.016152,2,2,74,1,1,14,Beam_1_2_14,1214
963,Beam_1_2_1,15304,0.0015927,0.10688,0.014877,2,2,74,1,1,14,Beam_1_2_14,1214
964,Beam_1_2_1,15336,0.017412,0.10688,0.016152,2,2,74,1,1,14,Beam_1_2_14,1214
965,Beam_1_2_1,15294,0.017412,0.10688,0.014877,2,2,74,1,1,14,Beam_1_2_14,1214
966,Beam_1_2_1,24800,0.0,0.1078,0.016231,2,2,74,1,1,14,Beam_1_2_14,1214
967,Beam_1_2_1,24803,0.00475,0.1078,0.016231,2,2,74,1,1,14,Beam_1_2_14,1214
968,Beam_1_2_1,24802,0.0095,0.1078,0.016231,2,2,74,1,1,14,Beam_1_2_14,1214
969,Beam_1_2_1,24801,0.01425,0.1078,0.016231,2,2,74,1,1,14,Beam_1_2_14,1214
970,Beam_1_2_1,24799,0.019,0.1078,0.016231,2,2,74,1,1,14,Beam_1_2_14,1214
971,Beam_1_2_3,16823,0.0023633,0.10893,0.016456,2,2,128,1,3,13,Beam_1_2_13,1213
972,Beam_1_2_3,16867,0.0023635,0.10893,0.017696,2,2,128,1,3,13,Beam_1_2_13,1213
973,Beam_1_2_3,16817,0.016637,0.10893,0.016456,2,2,128,1,3,13,Beam_1_2_13,1213
974,Beam_1_2_3,16869,0.016637,0.10893,0.017696,2,2,128,1,3,13,Beam_1_2_13,1213
975,Beam_1_2_3,16822,0.0047464,0.10956,0.016914,2,2,128,1,3,13,Beam_1_2_13,1213
976,Beam_1_2_3,16866,0.0047466,0.10956,0.018144,2,2,128,1,3,13,Beam_1_2_13,1213
977,Beam_1_2_3,16870,0.014253,0.10956,0.018144,2,2,128,1,3,13,Beam_1_2_13,1213
978,Beam_1_2_3,16818,0.014254,0.10956,0.016914,2,2,128,1,3,13,Beam_1_2_13,1213
979,Beam_1_2_3,16872,0.017112,0.10982,0.018329,2,2,128,1,3,13,Beam_1_2_13,1213
980,Beam_1_2_3,16813,0.017113,0.10982,0.017103,2,2,128,1,3,13,Beam_1_2_13,1213
981,Beam_1_2_3,16821,0.0071139,0.11018,0.017358,2,2,128,1,3,13,Beam_1_2_13,1213
982,Beam_1_2_3,16865,0.007114,0.11018,0.018579,2,2,128,1,3,13,Beam_1_2_13,1213
983,Beam_1_2_3,16819,0.011886,0.11018,0.017358,2,2,128,1,3,13,Beam_1_2_13,1213
984,Beam_1_2_3,16871,0.011886,0.11018,0.018579,2,2,128,1,3,13,Beam_1_2_13,1213
985,Beam_1_2_3,16840,0.0037952,0.11031,0.017449,2,2,128,1,3,13,Beam_1_2_13,1213
986,Beam_1_2_3,16852,0.0037954,0.11031,0.018668,2,2,128,1,3,13,Beam_1_2_13,1213
987,Beam_1_2_3,16873,0.015213,0.11032,0.018674,2,2,128,1,3,13,Beam_1_2_13,1213
988,Beam_1_2_3,16814,0.015213,0.11032,0.017456,2,2,128,1,3,13,Beam_1_2_13,1213
989,Beam_1_2_3,16839,0.0056893,0.1108,0.017796,2,2,128,1,3,13,Beam_1_2_13,1213
990,Beam_1_2_3,16851,0.0056894,0.1108,0.019007,2,2,128,1,3,13,Beam_1_2_13,1213
991,Beam_1_2_3,16868,0.0095,0.1108,0.019007,2,2,128,1,3,13,Beam_1_2_13,1213
992,Beam_1_2_3,16820,0.0095,0.1108,0.017796,2,2,128,1,3,13,Beam_1_2_13,1213
993,Beam_1_2_3,16874,0.013323,0.11081,0.019011,2,2,128,1,3,13,Beam_1_2_13,1213
994,Beam_1_2_3,16815,0.013323,0.11081,0.017801,2,2,128,1,3,13,Beam_1_2_13,1213
995,Beam_1_2_3,16838,0.0075949,0.1113,0.018138,2,2,128,1,3,13,Beam_1_2_13,1213
996,Beam_1_2_3,16854,0.0075949,0.1113,0.019342,2,2,128,1,3,13,Beam_1_2_13,1213
997,Beam_1_2_3,16875,0.011422,0.11131,0.019345,2,2,128,1,3,13,Beam_1_2_13,1213
998,Beam_1_2_3,16807,0.011422,0.11131,0.018141,2,2,128,1,3,13,Beam_1_2_13,1213
999,Beam_1_2_3,16857,0.0057025,0.1118,0.019668,2,2,128,1,3,13,Beam_1_2_13,1213
1000,Beam_1_2_3,16837,0.0057026,0.1118,0.018471,2,2,128,1,3,13,Beam_1_2_13,1213
1001,Beam_1_2_3,16808,0.01331,0.1118,0.018473,2,2,128,1,3,13,Beam_1_2_13,1213
1002,Beam_1_2_3,16876,0.01331,0.1118,0.01967,2,2,128,1,3,13,Beam_1_2_13,1213
1003,Beam_1_2_3,16829,0.0095141,0.11181,0.018476,2,2,128,1,3,13,Beam_1_2_13,1213
1004,Beam_1_2_3,16861,0.0095141,0.11181,0.019673,2,2,128,1,3,13,Beam_1_2_13,1213
1005,Beam_1_2_3,16856,0.0037993,0.1123,0.01999,2,2,128,1,3,13,Beam_1_2_13,1213
1006,Beam_1_2_3,16836,0.0037994,0.1123,0.0188,2,2,128,1,3,13,Beam_1_2_13,1213
1007,Beam_1_2_3,16877,0.015209,0.1123,0.019992,2,2,128,1,3,13,Beam_1_2_13,1213
1008,Beam_1_2_3,16809,0.015209,0.1123,0.018801,2,2,128,1,3,13,Beam_1_2_13,1213
1009,Beam_1_2_3,16858,0.0071452,0.11243,0.020072,2,2,128,1,3,13,Beam_1_2_13,1213
1010,Beam_1_2_3,16830,0.0071453,0.11243,0.018883,2,2,128,1,3,13,Beam_1_2_13,1213
1011,Beam_1_2_3,16828,0.011876,0.11243,0.018883,2,2,128,1,3,13,Beam_1_2_13,1213
1012,Beam_1_2_3,16864,0.011876,0.11243,0.020072,2,2,128,1,3,13,Beam_1_2_13,1213
1013,Beam_1_2_3,16855,0.0019048,0.1128,0.020305,2,2,128,1,3,13,Beam_1_2_13,1213
1014,Beam_1_2_3,16835,0.0019049,0.1128,0.019121,2,2,128,1,3,13,Beam_1_2_13,1213
1015,Beam_1_2_3,16810,0.017099,0.1128,0.019122,2,2,128,1,3,13,Beam_1_2_13,1213
1016,Beam_1_2_3,16878,0.017099,0.1128,0.020306,2,2,128,1,3,13,Beam_1_2_13,1213
1017,Beam_1_2_3,16859,0.0047597,0.11305,0.020464,2,2,128,1,3,13,Beam_1_2_13,1213
1018,Beam_1_2_3,16831,0.0047599,0.11305,0.019283,2,2,128,1,3,13,Beam_1_2_13,1213
1019,Beam_1_2_3,16863,0.014254,0.11305,0.020464,2,2,128,1,3,13,Beam_1_2_13,1213
1020,Beam_1_2_3,16827,0.014254,0.11305,0.019283,2,2,128,1,3,13,Beam_1_2_13,1213
1021,Beam_1_2_3,16860,0.0023877,0.11367,0.020845,2,2,128,1,3,13,Beam_1_2_13,1213
1022,Beam_1_2_3,16832,0.0023878,0.11367,0.019672,2,2,128,1,3,13,Beam_1_2_13,1213
1023,Beam_1_2_3,16862,0.016619,0.11367,0.020845,2,2,128,1,3,13,Beam_1_2_13,1213
1024,Beam_1_2_3,16826,0.016619,0.11367,0.019672,2,2,128,1,3,13,Beam_1_2_13,1213
1025,Beam_1_2_3,24809,0.0,0.1148,0.020937,2,2,128,1,3,13,Beam_1_2_13,1213
1026,Beam_1_2_3,24812,0.00475,0.1148,0.020937,2,2,128,1,3,13,Beam_1_2_13,1213
1027,Beam_1_2_3,24811,0.0095,0.1148,0.020937,2,2,128,1,3,13,Beam_1_2_13,1213
1028,Beam_1_2_3,24810,0.01425,0.1148,0.020937,2,2,128,1,3,13,Beam_1_2_13,1213
1029,Beam_1_2_3,24808,0.019,0.1148,0.020937,2,2,128,1,3,13,Beam_1_2_13,1213
1030,Beam_1_2_4,18119,0.0023669,0.11593,0.021013,2,2,182,1,4,12,Beam_1_2_12,1212
1031,Beam_1_2_4,18163,0.002367,0.11593,0.02216,2,2,182,1,4,12,Beam_1_2_12,1212
1032,Beam_1_2_4,18113,0.016633,0.11593,0.021013,2,2,182,1,4,12,Beam_1_2_12,1212
1033,Beam_1_2_4,18165,0.016633,0.11593,0.02216,2,2,182,1,4,12,Beam_1_2_12,1212
1034,Beam_1_2_4,18118,0.0047478,0.11656,0.021363,2,2,182,1,4,12,Beam_1_2_12,1212
1035,Beam_1_2_4,18162,0.0047479,0.11656,0.022504,2,2,182,1,4,12,Beam_1_2_12,1212
1036,Beam_1_2_4,18114,0.014252,0.11656,0.021363,2,2,182,1,4,12,Beam_1_2_12,1212
1037,Beam_1_2_4,18166,0.014252,0.11656,0.022504,2,2,182,1,4,12,Beam_1_2_12,1212
1038,Beam_1_2_4,18137,0.0018938,0.11681,0.021502,2,2,182,1,4,12,Beam_1_2_12,1212
1039,Beam_1_2_4,18149,0.0018938,0.11681,0.02264,2,2,182,1,4,12,Beam_1_2_12,1212
1040,Beam_1_2_4,18168,0.01711,0.11682,0.022646,2,2,182,1,4,12,Beam_1_2_12,1212
1041,Beam_1_2_4,18109,0.01711,0.11682,0.021508,2,2,182,1,4,12,Beam_1_2_12,1212
1042,Beam_1_2_4,18117,0.0071173,0.11718,0.021704,2,2,182,1,4,12,Beam_1_2_12,1212
1043,Beam_1_2_4,18161,0.0071173,0.11718,0.022838,2,2,182,1,4,12,Beam_1_2_12,1212
1044,Beam_1_2_4,18115,0.011883,0.11718,0.021704,2,2,182,1,4,12,Beam_1_2_12,1212
1045,Beam_1_2_4,18167,0.011883,0.11718,0.022838,2,2,182,1,4,12,Beam_1_2_12,1212
1046,Beam_1_2_4,18136,0.0037961,0.11731,0.021773,2,2,182,1,4,12,Beam_1_2_12,1212
1047,Beam_1_2_4,18148,0.0037961,0.11731,0.022906,2,2,182,1,4,12,Beam_1_2_12,1212
1048,Beam_1_2_4,18110,0.015212,0.11732,0.021778,2,2,182,1,4,12,Beam_1_2_12,1212
1049,Beam_1_2_4,18169,0.015212,0.11732,0.022911,2,2,182,1,4,12,Beam_1_2_12,1212
1050,Beam_1_2_4,18147,0.0056914,0.1178,0.023166,2,2,182,1,4,12,Beam_1_2_12,1212
1051,Beam_1_2_4,18135,0.0056914,0.1178,0.022038,2,2,182,1,4,12,Beam_1_2_12,1212
1052,Beam_1_2_4,18164,0.0095,0.1178,0.023166,2,2,182,1,4,12,Beam_1_2_12,1212
1053,Beam_1_2_4,18116,0.0095,0.1178,0.022038,2,2,182,1,4,12,Beam_1_2_12,1212
1054,Beam_1_2_4,18111,0.013321,0.11781,0.022042,2,2,182,1,4,12,Beam_1_2_12,1212
1055,Beam_1_2_4,18170,0.013321,0.11781,0.02317,2,2,182,1,4,12,Beam_1_2_12,1212
1056,Beam_1_2_4,18150,0.0075949,0.1183,0.023423,2,2,182,1,4,12,Beam_1_2_12,1212
1057,Beam_1_2_4,18134,0.0075949,0.1183,0.022299,2,2,182,1,4,12,Beam_1_2_12,1212
1058,Beam_1_2_4,18171,0.011422,0.11831,0.023425,2,2,182,1,4,12,Beam_1_2_12,1212
1059,Beam_1_2_4,18103,0.011422,0.11831,0.022301,2,2,182,1,4,12,Beam_1_2_12,1212
1060,Beam_1_2_4,18153,0.0057006,0.1188,0.023673,2,2,182,1,4,12,Beam_1_2_12,1212
1061,Beam_1_2_4,18133,0.0057007,0.1188,0.022553,2,2,182,1,4,12,Beam_1_2_12,1212
1062,Beam_1_2_4,18172,0.013312,0.1188,0.023674,2,2,182,1,4,12,Beam_1_2_12,1212
1063,Beam_1_2_4,18104,0.013312,0.1188,0.022555,2,2,182,1,4,12,Beam_1_2_12,1212
1064,Beam_1_2_4,18125,0.0095141,0.11881,0.022557,2,2,182,1,4,12,Beam_1_2_12,1212
1065,Beam_1_2_4,18157,0.0095141,0.11881,0.023676,2,2,182,1,4,12,Beam_1_2_12,1212
1066,Beam_1_2_4,18152,0.0037986,0.1193,0.023919,2,2,182,1,4,12,Beam_1_2_12,1212
1067,Beam_1_2_4,18132,0.0037987,0.1193,0.022804,2,2,182,1,4,12,Beam_1_2_12,1212
1068,Beam_1_2_4,18105,0.01521,0.1193,0.022805,2,2,182,1,4,12,Beam_1_2_12,1212
1069,Beam_1_2_4,18173,0.01521,0.1193,0.02392,2,2,182,1,4,12,Beam_1_2_12,1212
1070,Beam_1_2_4,18154,0.0071423,0.11943,0.023981,2,2,182,1,4,12,Beam_1_2_12,1212
1071,Beam_1_2_4,18126,0.0071424,0.11943,0.022867,2,2,182,1,4,12,Beam_1_2_12,1212
1072,Beam_1_2_4,18124,0.011879,0.11943,0.022867,2,2,182,1,4,12,Beam_1_2_12,1212
1073,Beam_1_2_4,18160,0.011879,0.11943,0.023981,2,2,182,1,4,12,Beam_1_2_12,1212
1074,Beam_1_2_4,18131,0.001903,0.1198,0.023049,2,2,182,1,4,12,Beam_1_2_12,1212
1075,Beam_1_2_4,18151,0.001903,0.1198,0.024159,2,2,182,1,4,12,Beam_1_2_12,1212
1076,Beam_1_2_4,18106,0.017101,0.1198,0.023049,2,2,182,1,4,12,Beam_1_2_12,1212
1077,Beam_1_2_4,18174,0.017101,0.1198,0.02416,2,2,182,1,4,12,Beam_1_2_12,1212
1078,Beam_1_2_4,18155,0.0047588,0.12005,0.02428,2,2,182,1,4,12,Beam_1_2_12,1212
1079,Beam_1_2_4,18127,0.0047588,0.12005,0.023172,2,2,182,1,4,12,Beam_1_2_12,1212
1080,Beam_1_2_4,18159,0.014255,0.12005,0.02428,2,2,182,1,4,12,Beam_1_2_12,1212
1081,Beam_1_2_4,18123,0.014255,0.12005,0.023172,2,2,182,1,4,12,Beam_1_2_12,1212
1082,Beam_1_2_4,18156,0.0023849,0.12067,0.02457,2,2,182,1,4,12,Beam_1_2_12,1212
1083,Beam_1_2_4,18128,0.002385,0.12067,0.023467,2,2,182,1,4,12,Beam_1_2_12,1212
1084,Beam_1_2_4,18122,0.016622,0.12067,0.023467,2,2,182,1,4,12,Beam_1_2_12,1212
1085,Beam_1_2_4,18158,0.016622,0.12067,0.02457,2,2,182,1,4,12,Beam_1_2_12,1212
1086,Beam_1_2_4,24818,0.0,0.1218,0.024532,2,2,182,1,4,12,Beam_1_2_12,1212
1087,Beam_1_2_4,24821,0.00475,0.1218,0.024532,2,2,182,1,4,12,Beam_1_2_12,1212
1088,Beam_1_2_4,24820,0.0095,0.1218,0.024532,2,2,182,1,4,12,Beam_1_2_12,1212
1089,Beam_1_2_4,24819,0.01425,0.1218,0.024532,2,2,182,1,4,12,Beam_1_2_12,1212
1090,Beam_1_2_4,24817,0.019,0.1218,0.024532,2,2,182,1,4,12,Beam_1_2_12,1212
1091,Beam_1_2_5,19415,0.0023693,0.12293,0.024479,2,2,236,1,5,11,Beam_1_2_11,1211
1092,Beam_1_2_5,19459,0.0023693,0.12293,0.025565,2,2,236,1,5,11,Beam_1_2_11,1211
1093,Beam_1_2_5,19409,0.016631,0.12293,0.024479,2,2,236,1,5,11,Beam_1_2_11,1211
1094,Beam_1_2_5,19461,0.016631,0.12293,0.025565,2,2,236,1,5,11,Beam_1_2_11,1211
1095,Beam_1_2_5,19414,0.0047485,0.12356,0.024742,2,2,236,1,5,11,Beam_1_2_11,1211
1096,Beam_1_2_5,19458,0.0047486,0.12356,0.025823,2,2,236,1,5,11,Beam_1_2_11,1211
1097,Beam_1_2_5,19462,0.014251,0.12356,0.025823,2,2,236,1,5,11,Beam_1_2_11,1211
1098,Beam_1_2_5,19410,0.014252,0.12356,0.024742,2,2,236,1,5,11,Beam_1_2_11,1211
1099,Beam_1_2_5,19433,0.0018952,0.12381,0.024845,2,2,236,1,5,11,Beam_1_2_11,1211
1100,Beam_1_2_5,19445,0.0018953,0.12381,0.025925,2,2,236,1,5,11,Beam_1_2_11,1211
1101,Beam_1_2_5,19464,0.017109,0.12382,0.02593,2,2,236,1,5,11,Beam_1_2_11,1211
1102,Beam_1_2_5,19405,0.017109,0.12382,0.02485,2,2,236,1,5,11,Beam_1_2_11,1211
1103,Beam_1_2_5,19413,0.0071196,0.12418,0.024996,2,2,236,1,5,11,Beam_1_2_11,1211
1104,Beam_1_2_5,19457,0.0071196,0.12418,0.026074,2,2,236,1,5,11,Beam_1_2_11,1211
1105,Beam_1_2_5,19463,0.01188,0.12418,0.026074,2,2,236,1,5,11,Beam_1_2_11,1211
1106,Beam_1_2_5,19411,0.01188,0.12418,0.024996,2,2,236,1,5,11,Beam_1_2_11,1211
1107,Beam_1_2_5,19432,0.0037965,0.12431,0.025048,2,2,236,1,5,11,Beam_1_2_11,1211
1108,Beam_1_2_5,19444,0.0037966,0.12431,0.026124,2,2,236,1,5,11,Beam_1_2_11,1211
1109,Beam_1_2_5,19465,0.015212,0.12432,0.026128,2,2,236,1,5,11,Beam_1_2_11,1211
1110,Beam_1_2_5,19406,0.015212,0.12432,0.025052,2,2,236,1,5,11,Beam_1_2_11,1211
1111,Beam_1_2_5,19431,0.0056928,0.1248,0.025245,2,2,236,1,5,11,Beam_1_2_11,1211
1112,Beam_1_2_5,19443,0.0056929,0.1248,0.026318,2,2,236,1,5,11,Beam_1_2_11,1211
1113,Beam_1_2_5,19412,0.0095,0.1248,0.025245,2,2,236,1,5,11,Beam_1_2_11,1211
1114,Beam_1_2_5,19460,0.0095,0.1248,0.026318,2,2,236,1,5,11,Beam_1_2_11,1211
1115,Beam_1_2_5,19407,0.01332,0.12481,0.025248,2,2,236,1,5,11,Beam_1_2_11,1211
1116,Beam_1_2_5,19466,0.01332,0.12481,0.026321,2,2,236,1,5,11,Beam_1_2_11,1211
1117,Beam_1_2_5,19430,0.0075949,0.1253,0.025439,2,2,236,1,5,11,Beam_1_2_11,1211
1118,Beam_1_2_5,19446,0.0075949,0.1253,0.026509,2,2,236,1,5,11,Beam_1_2_11,1211
1119,Beam_1_2_5,19467,0.011422,0.12531,0.02651,2,2,236,1,5,11,Beam_1_2_11,1211
1120,Beam_1_2_5,19399,0.011422,0.12531,0.025441,2,2,236,1,5,11,Beam_1_2_11,1211
1121,Beam_1_2_5,19449,0.0056993,0.1258,0.026694,2,2,236,1,5,11,Beam_1_2_11,1211
1122,Beam_1_2_5,19429,0.0056993,0.1258,0.025627,2,2,236,1,5,11,Beam_1_2_11,1211
1123,Beam_1_2_5,19400,0.013313,0.1258,0.025629,2,2,236,1,5,11,Beam_1_2_11,1211
1124,Beam_1_2_5,19468,0.013313,0.1258,0.026695,2,2,236,1,5,11,Beam_1_2_11,1211
1125,Beam_1_2_5,19453,0.0095141,0.12581,0.026696,2,2,236,1,5,11,Beam_1_2_11,1211
1126,Beam_1_2_5,19421,0.0095141,0.12581,0.02563,2,2,236,1,5,11,Beam_1_2_11,1211
1127,Beam_1_2_5,19448,0.0037982,0.1263,0.026876,2,2,236,1,5,11,Beam_1_2_11,1211
1128,Beam_1_2_5,19428,0.0037982,0.1263,0.025812,2,2,236,1,5,11,Beam_1_2_11,1211
1129,Beam_1_2_5,19401,0.01521,0.1263,0.025813,2,2,236,1,5,11,Beam_1_2_11,1211
1130,Beam_1_2_5,19469,0.01521,0.1263,0.026877,2,2,236,1,5,11,Beam_1_2_11,1211
1131,Beam_1_2_5,19422,0.0071403,0.12643,0.025859,2,2,236,1,5,11,Beam_1_2_11,1211
1132,Beam_1_2_5,19450,0.0071403,0.12643,0.026922,2,2,236,1,5,11,Beam_1_2_11,1211
1133,Beam_1_2_5,19420,0.011881,0.12643,0.025859,2,2,236,1,5,11,Beam_1_2_11,1211
1134,Beam_1_2_5,19456,0.011881,0.12643,0.026922,2,2,236,1,5,11,Beam_1_2_11,1211
1135,Beam_1_2_5,19427,0.0019017,0.1268,0.025992,2,2,236,1,5,11,Beam_1_2_11,1211
1136,Beam_1_2_5,19447,0.0019017,0.1268,0.027053,2,2,236,1,5,11,Beam_1_2_11,1211
1137,Beam_1_2_5,19402,0.017103,0.1268,0.025992,2,2,236,1,5,11,Beam_1_2_11,1211
1138,Beam_1_2_5,19470,0.017103,0.1268,0.027053,2,2,236,1,5,11,Beam_1_2_11,1211
1139,Beam_1_2_5,19423,0.0047582,0.12705,0.026082,2,2,236,1,5,11,Beam_1_2_11,1211
1140,Beam_1_2_5,19451,0.0047582,0.12705,0.027142,2,2,236,1,5,11,Beam_1_2_11,1211
1141,Beam_1_2_5,19455,0.014256,0.12705,0.027142,2,2,236,1,5,11,Beam_1_2_11,1211
1142,Beam_1_2_5,19419,0.014256,0.12705,0.026082,2,2,236,1,5,11,Beam_1_2_11,1211
1143,Beam_1_2_5,19452,0.0023829,0.12767,0.027354,2,2,236,1,5,11,Beam_1_2_11,1211
1144,Beam_1_2_5,19424,0.002383,0.12767,0.026298,2,2,236,1,5,11,Beam_1_2_11,1211
1145,Beam_1_2_5,19454,0.016624,0.12767,0.027354,2,2,236,1,5,11,Beam_1_2_11,1211
1146,Beam_1_2_5,19418,0.016624,0.12767,0.026298,2,2,236,1,5,11,Beam_1_2_11,1211
1147,Beam_1_2_5,24827,0.0,0.1288,0.027198,2,2,236,1,5,11,Beam_1_2_11,1211
1148,Beam_1_2_5,24830,0.00475,0.1288,0.027198,2,2,236,1,5,11,Beam_1_2_11,1211
1149,Beam_1_2_5,24829,0.0095,0.1288,0.027198,2,2,236,1,5,11,Beam_1_2_11,1211
1150,Beam_1_2_5,24828,0.01425,0.1288,0.027198,2,2,236,1,5,11,Beam_1_2_11,1211
1151,Beam_1_2_5,24826,0.019,0.1288,0.027198,2,2,236,1,5,11,Beam_1_2_11,1211
1152,Beam_1_2_6,20729,0.0023711,0.12993,0.027027,2,2,290,1,6,10,Beam_1_2_10,1210
1153,Beam_1_2_6,20741,0.0023712,0.12993,0.028072,2,2,290,1,6,10,Beam_1_2_10,1210
1154,Beam_1_2_6,20723,0.016629,0.12993,0.027027,2,2,290,1,6,10,Beam_1_2_10,1210
1155,Beam_1_2_6,20743,0.016629,0.12993,0.028072,2,2,290,1,6,10,Beam_1_2_10,1210
1156,Beam_1_2_6,20740,0.0047491,0.13056,0.028256,2,2,290,1,6,10,Beam_1_2_10,1210
1157,Beam_1_2_6,20728,0.0047491,0.13056,0.027214,2,2,290,1,6,10,Beam_1_2_10,1210
1158,Beam_1_2_6,20744,0.014251,0.13056,0.028256,2,2,290,1,6,10,Beam_1_2_10,1210
1159,Beam_1_2_6,20724,0.014251,0.13056,0.027214,2,2,290,1,6,10,Beam_1_2_10,1210
1160,Beam_1_2_6,20711,0.0018964,0.13081,0.027287,2,2,290,1,6,10,Beam_1_2_10,1210
1161,Beam_1_2_6,20755,0.0018964,0.13081,0.028328,2,2,290,1,6,10,Beam_1_2_10,1210
1162,Beam_1_2_6,20746,0.017108,0.13082,0.028331,2,2,290,1,6,10,Beam_1_2_10,1210
1163,Beam_1_2_6,20719,0.017108,0.13082,0.027291,2,2,290,1,6,10,Beam_1_2_10,1210
1164,Beam_1_2_6,20739,0.0071214,0.13118,0.028432,2,2,290,1,6,10,Beam_1_2_10,1210
1165,Beam_1_2_6,20727,0.0071214,0.13118,0.027394,2,2,290,1,6,10,Beam_1_2_10,1210
1166,Beam_1_2_6,20725,0.011879,0.13118,0.027394,2,2,290,1,6,10,Beam_1_2_10,1210
1167,Beam_1_2_6,20745,0.011879,0.13118,0.028432,2,2,290,1,6,10,Beam_1_2_10,1210
1168,Beam_1_2_6,20710,0.0037969,0.13131,0.02743,2,2,290,1,6,10,Beam_1_2_10,1210
1169,Beam_1_2_6,20754,0.0037969,0.13131,0.028468,2,2,290,1,6,10,Beam_1_2_10,1210
1170,Beam_1_2_6,20720,0.015212,0.13132,0.027432,2,2,290,1,6,10,Beam_1_2_10,1210
1171,Beam_1_2_6,20747,0.015212,0.13132,0.028471,2,2,290,1,6,10,Beam_1_2_10,1210
1172,Beam_1_2_6,20709,0.0056939,0.1318,0.027568,2,2,290,1,6,10,Beam_1_2_10,1210
1173,Beam_1_2_6,20753,0.005694,0.1318,0.028604,2,2,290,1,6,10,Beam_1_2_10,1210
1174,Beam_1_2_6,20742,0.0095,0.1318,0.028604,2,2,290,1,6,10,Beam_1_2_10,1210
1175,Beam_1_2_6,20726,0.0095,0.1318,0.027567,2,2,290,1,6,10,Beam_1_2_10,1210
1176,Beam_1_2_6,20721,0.013319,0.13181,0.02757,2,2,290,1,6,10,Beam_1_2_10,1210
1177,Beam_1_2_6,20748,0.013319,0.13181,0.028606,2,2,290,1,6,10,Beam_1_2_10,1210
1178,Beam_1_2_6,20708,0.0075949,0.1323,0.027702,2,2,290,1,6,10,Beam_1_2_10,1210
1179,Beam_1_2_6,20756,0.0075949,0.1323,0.028736,2,2,290,1,6,10,Beam_1_2_10,1210
1180,Beam_1_2_6,20749,0.011422,0.13231,0.028737,2,2,290,1,6,10,Beam_1_2_10,1210
1181,Beam_1_2_6,20713,0.011422,0.13231,0.027703,2,2,290,1,6,10,Beam_1_2_10,1210
1182,Beam_1_2_6,20759,0.0056982,0.1328,0.028864,2,2,290,1,6,10,Beam_1_2_10,1210
1183,Beam_1_2_6,20707,0.0056982,0.1328,0.027832,2,2,290,1,6,10,Beam_1_2_10,1210
1184,Beam_1_2_6,20714,0.013314,0.1328,0.027833,2,2,290,1,6,10,Beam_1_2_10,1210
1185,Beam_1_2_6,20750,0.013314,0.1328,0.028865,2,2,290,1,6,10,Beam_1_2_10,1210
1186,Beam_1_2_6,20763,0.0095141,0.13281,0.028866,2,2,290,1,6,10,Beam_1_2_10,1210
1187,Beam_1_2_6,20699,0.0095141,0.13281,0.027834,2,2,290,1,6,10,Beam_1_2_10,1210
1188,Beam_1_2_6,20706,0.0037979,0.1333,0.027959,2,2,290,1,6,10,Beam_1_2_10,1210
1189,Beam_1_2_6,20758,0.0037979,0.1333,0.028989,2,2,290,1,6,10,Beam_1_2_10,1210
1190,Beam_1_2_6,20715,0.015211,0.1333,0.027959,2,2,290,1,6,10,Beam_1_2_10,1210
1191,Beam_1_2_6,20751,0.015211,0.1333,0.028989,2,2,290,1,6,10,Beam_1_2_10,1210
1192,Beam_1_2_6,20760,0.0071386,0.13343,0.02902,2,2,290,1,6,10,Beam_1_2_10,1210
1193,Beam_1_2_6,20700,0.0071386,0.13343,0.027991,2,2,290,1,6,10,Beam_1_2_10,1210
1194,Beam_1_2_6,20766,0.011882,0.13343,0.02902,2,2,290,1,6,10,Beam_1_2_10,1210
1195,Beam_1_2_6,20698,0.011882,0.13343,0.027991,2,2,290,1,6,10,Beam_1_2_10,1210
1196,Beam_1_2_6,20705,0.0019007,0.1338,0.028081,2,2,290,1,6,10,Beam_1_2_10,1210
1197,Beam_1_2_6,20757,0.0019007,0.1338,0.029109,2,2,290,1,6,10,Beam_1_2_10,1210
1198,Beam_1_2_6,20716,0.017104,0.1338,0.028081,2,2,290,1,6,10,Beam_1_2_10,1210
1199,Beam_1_2_6,20752,0.017104,0.1338,0.02911,2,2,290,1,6,10,Beam_1_2_10,1210
1200,Beam_1_2_6,20761,0.0047577,0.13405,0.029169,2,2,290,1,6,10,Beam_1_2_10,1210
1201,Beam_1_2_6,20701,0.0047577,0.13405,0.028142,2,2,290,1,6,10,Beam_1_2_10,1210
1202,Beam_1_2_6,20765,0.014256,0.13405,0.029169,2,2,290,1,6,10,Beam_1_2_10,1210
1203,Beam_1_2_6,20697,0.014256,0.13405,0.028142,2,2,290,1,6,10,Beam_1_2_10,1210
1204,Beam_1_2_6,20762,0.0023814,0.13467,0.029312,2,2,290,1,6,10,Beam_1_2_10,1210
1205,Beam_1_2_6,20702,0.0023814,0.13467,0.028286,2,2,290,1,6,10,Beam_1_2_10,1210
1206,Beam_1_2_6,20764,0.016626,0.13467,0.029312,2,2,290,1,6,10,Beam_1_2_10,1210
1207,Beam_1_2_6,20696,0.016626,0.13467,0.028286,2,2,290,1,6,10,Beam_1_2_10,1210
1208,Beam_1_2_6,24836,0.0,0.1358,0.029044,2,2,290,1,6,10,Beam_1_2_10,1210
1209,Beam_1_2_6,24839,0.00475,0.1358,0.029044,2,2,290,1,6,10,Beam_1_2_10,1210
1210,Beam_1_2_6,24838,0.0095,0.1358,0.029044,2,2,290,1,6,10,Beam_1_2_10,1210
1211,Beam_1_2_6,24837,0.01425,0.1358,0.029044,2,2,290,1,6,10,Beam_1_2_10,1210
1212,Beam_1_2_6,24835,0.019,0.1358,0.029044,2,2,290,1,6,10,Beam_1_2_10,1210
1213,Beam_1_2_7,22025,0.0023726,0.13693,0.028762,2,2,344,1,7,9,Beam_1_2_9,1209
1214,Beam_1_2_7,22037,0.0023726,0.13693,0.02978,2,2,344,1,7,9,Beam_1_2_9,1209
1215,Beam_1_2_7,22019,0.016627,0.13693,0.028762,2,2,344,1,7,9,Beam_1_2_9,1209
1216,Beam_1_2_7,22039,0.016627,0.13693,0.02978,2,2,344,1,7,9,Beam_1_2_9,1209
1217,Beam_1_2_7,22024,0.0047495,0.13756,0.028879,2,2,344,1,7,9,Beam_1_2_9,1209
1218,Beam_1_2_7,22036,0.0047495,0.13756,0.029895,2,2,344,1,7,9,Beam_1_2_9,1209
1219,Beam_1_2_7,22040,0.014251,0.13756,0.029895,2,2,344,1,7,9,Beam_1_2_9,1209
1220,Beam_1_2_7,22020,0.014251,0.13756,0.028879,2,2,344,1,7,9,Beam_1_2_9,1209
1221,Beam_1_2_7,22007,0.0018973,0.13781,0.028924,2,2,344,1,7,9,Beam_1_2_9,1209
1222,Beam_1_2_7,22051,0.0018973,0.13781,0.02994,2,2,344,1,7,9,Beam_1_2_9,1209
1223,Beam_1_2_7,22015,0.017107,0.13782,0.028927,2,2,344,1,7,9,Beam_1_2_9,1209
1224,Beam_1_2_7,22042,0.017107,0.13782,0.029942,2,2,344,1,7,9,Beam_1_2_9,1209
1225,Beam_1_2_7,22023,0.0071228,0.13818,0.02899,2,2,344,1,7,9,Beam_1_2_9,1209
1226,Beam_1_2_7,22035,0.0071229,0.13818,0.030005,2,2,344,1,7,9,Beam_1_2_9,1209
1227,Beam_1_2_7,22021,0.011877,0.13818,0.02899,2,2,344,1,7,9,Beam_1_2_9,1209
1228,Beam_1_2_7,22041,0.011877,0.13818,0.030005,2,2,344,1,7,9,Beam_1_2_9,1209
1229,Beam_1_2_7,22050,0.0037971,0.13831,0.030027,2,2,344,1,7,9,Beam_1_2_9,1209
1230,Beam_1_2_7,22006,0.0037971,0.13831,0.029012,2,2,344,1,7,9,Beam_1_2_9,1209
1231,Beam_1_2_7,22016,0.015211,0.13832,0.029014,2,2,344,1,7,9,Beam_1_2_9,1209
1232,Beam_1_2_7,22043,0.015211,0.13832,0.030028,2,2,344,1,7,9,Beam_1_2_9,1209
1233,Beam_1_2_7,22005,0.0056949,0.1388,0.029096,2,2,344,1,7,9,Beam_1_2_9,1209
1234,Beam_1_2_7,22049,0.0056949,0.1388,0.030109,2,2,344,1,7,9,Beam_1_2_9,1209
1235,Beam_1_2_7,22022,0.0095,0.1388,0.029096,2,2,344,1,7,9,Beam_1_2_9,1209
1236,Beam_1_2_7,22038,0.0095,0.1388,0.030109,2,2,344,1,7,9,Beam_1_2_9,1209
1237,Beam_1_2_7,22017,0.013318,0.13881,0.029097,2,2,344,1,7,9,Beam_1_2_9,1209
1238,Beam_1_2_7,22044,0.013318,0.13881,0.03011,2,2,344,1,7,9,Beam_1_2_9,1209
1239,Beam_1_2_7,22052,0.0075949,0.1393,0.030188,2,2,344,1,7,9,Beam_1_2_9,1209
1240,Beam_1_2_7,22004,0.0075949,0.1393,0.029176,2,2,344,1,7,9,Beam_1_2_9,1209
1241,Beam_1_2_7,22045,0.011422,0.13931,0.030189,2,2,344,1,7,9,Beam_1_2_9,1209
1242,Beam_1_2_7,22009,0.011422,0.13931,0.029177,2,2,344,1,7,9,Beam_1_2_9,1209
1243,Beam_1_2_7,22003,0.0056973,0.1398,0.029252,2,2,344,1,7,9,Beam_1_2_9,1209
1244,Beam_1_2_7,22055,0.0056983,0.1398,0.030263,2,2,344,1,7,9,Beam_1_2_9,1209
1245,Beam_1_2_7,22046,0.013314,0.1398,0.030264,2,2,344,1,7,9,Beam_1_2_9,1209
1246,Beam_1_2_7,22010,0.013315,0.1398,0.029253,2,2,344,1,7,9,Beam_1_2_9,1209
1247,Beam_1_2_7,21995,0.0095141,0.13981,0.029253,2,2,344,1,7,9,Beam_1_2_9,1209
1248,Beam_1_2_7,22059,0.0095141,0.13981,0.030264,2,2,344,1,7,9,Beam_1_2_9,1209
1249,Beam_1_2_7,22054,0.0037977,0.1403,0.030335,2,2,344,1,7,9,Beam_1_2_9,1209
1250,Beam_1_2_7,22002,0.0037977,0.1403,0.029325,2,2,344,1,7,9,Beam_1_2_9,1209
1251,Beam_1_2_7,22047,0.015211,0.1403,0.030335,2,2,344,1,7,9,Beam_1_2_9,1209
1252,Beam_1_2_7,22011,0.015211,0.1403,0.029325,2,2,344,1,7,9,Beam_1_2_9,1209
1253,Beam_1_2_7,21996,0.0071373,0.14043,0.029343,2,2,344,1,7,9,Beam_1_2_9,1209
1254,Beam_1_2_7,22056,0.0071373,0.14043,0.030353,2,2,344,1,7,9,Beam_1_2_9,1209
1255,Beam_1_2_7,22062,0.011884,0.14043,0.030353,2,2,344,1,7,9,Beam_1_2_9,1209
1256,Beam_1_2_7,21994,0.011884,0.14043,0.029343,2,2,344,1,7,9,Beam_1_2_9,1209
1257,Beam_1_2_7,22053,0.0019006,0.1408,0.030403,2,2,344,1,7,9,Beam_1_2_9,1209
1258,Beam_1_2_7,22001,0.0019007,0.1408,0.029394,2,2,344,1,7,9,Beam_1_2_9,1209
1259,Beam_1_2_7,22048,0.017104,0.1408,0.030403,2,2,344,1,7,9,Beam_1_2_9,1209
1260,Beam_1_2_7,22012,0.017104,0.1408,0.029394,2,2,344,1,7,9,Beam_1_2_9,1209
1261,Beam_1_2_7,21997,0.0047574,0.14105,0.029427,2,2,344,1,7,9,Beam_1_2_9,1209
1262,Beam_1_2_7,22057,0.0047574,0.14105,0.030436,2,2,344,1,7,9,Beam_1_2_9,1209
1263,Beam_1_2_7,22061,0.014257,0.14105,0.030436,2,2,344,1,7,9,Beam_1_2_9,1209
1264,Beam_1_2_7,21993,0.014257,0.14105,0.029427,2,2,344,1,7,9,Beam_1_2_9,1209
1265,Beam_1_2_7,22058,0.00238,0.14167,0.030513,2,2,344,1,7,9,Beam_1_2_9,1209
1266,Beam_1_2_7,21998,0.00238,0.14167,0.029506,2,2,344,1,7,9,Beam_1_2_9,1209
1267,Beam_1_2_7,22060,0.016627,0.14167,0.030513,2,2,344,1,7,9,Beam_1_2_9,1209
1268,Beam_1_2_7,21992,0.016627,0.14167,0.029506,2,2,344,1,7,9,Beam_1_2_9,1209
1269,Beam_1_2_7,24845,0.0,0.1428,0.030136,2,2,344,1,7,9,Beam_1_2_9,1209
1270,Beam_1_2_7,24848,0.00475,0.1428,0.030136,2,2,344,1,7,9,Beam_1_2_9,1209
1271,Beam_1_2_7,24847,0.0095,0.1428,0.030136,2,2,344,1,7,9,Beam_1_2_9,1209
1272,Beam_1_2_7,24846,0.01425,0.1428,0.030136,2,2,344,1,7,9,Beam_1_2_9,1209
1273,Beam_1_2_7,24844,0.019,0.1428,0.030136,2,2,344,1,7,9,Beam_1_2_9,1209
1274,Beam_1_2_8,23333,0.0023739,0.14393,0.030747,2,2,398,1,8,8,Beam_1_2_8,1208
1275,Beam_1_2_8,23321,0.0023739,0.14393,0.029743,2,2,398,1,8,8,Beam_1_2_8,1208
1276,Beam_1_2_8,23335,0.016626,0.14393,0.030747,2,2,398,1,8,8,Beam_1_2_8,1208
1277,Beam_1_2_8,23315,0.016626,0.14393,0.029743,2,2,398,1,8,8,Beam_1_2_8,1208
1278,Beam_1_2_8,23332,0.0047498,0.14456,0.030798,2,2,398,1,8,8,Beam_1_2_8,1208
1279,Beam_1_2_8,23320,0.0047498,0.14456,0.029795,2,2,398,1,8,8,Beam_1_2_8,1208
1280,Beam_1_2_8,23336,0.01425,0.14456,0.030798,2,2,398,1,8,8,Beam_1_2_8,1208
1281,Beam_1_2_8,23316,0.01425,0.14456,0.029795,2,2,398,1,8,8,Beam_1_2_8,1208
1282,Beam_1_2_8,23347,0.0018981,0.14481,0.030817,2,2,398,1,8,8,Beam_1_2_8,1208
1283,Beam_1_2_8,23303,0.0018981,0.14481,0.029815,2,2,398,1,8,8,Beam_1_2_8,1208
1284,Beam_1_2_8,23338,0.017106,0.14482,0.030818,2,2,398,1,8,8,Beam_1_2_8,1208
1285,Beam_1_2_8,23311,0.017106,0.14482,0.029816,2,2,398,1,8,8,Beam_1_2_8,1208
1286,Beam_1_2_8,23319,0.0071241,0.14518,0.029842,2,2,398,1,8,8,Beam_1_2_8,1208
1287,Beam_1_2_8,23331,0.0071241,0.14518,0.030844,2,2,398,1,8,8,Beam_1_2_8,1208
1288,Beam_1_2_8,23317,0.011876,0.14518,0.029842,2,2,398,1,8,8,Beam_1_2_8,1208
1289,Beam_1_2_8,23337,0.011876,0.14518,0.030844,2,2,398,1,8,8,Beam_1_2_8,1208
1290,Beam_1_2_8,23302,0.0037973,0.14531,0.02985,2,2,398,1,8,8,Beam_1_2_8,1208
1291,Beam_1_2_8,23346,0.0037973,0.14531,0.030853,2,2,398,1,8,8,Beam_1_2_8,1208
1292,Beam_1_2_8,23339,0.015211,0.14532,0.030853,2,2,398,1,8,8,Beam_1_2_8,1208
1293,Beam_1_2_8,23312,0.015211,0.14532,0.029851,2,2,398,1,8,8,Beam_1_2_8,1208
1294,Beam_1_2_8,23301,0.0056957,0.1458,0.029883,2,2,398,1,8,8,Beam_1_2_8,1208
1295,Beam_1_2_8,23345,0.0056957,0.1458,0.030884,2,2,398,1,8,8,Beam_1_2_8,1208
1296,Beam_1_2_8,23334,0.0095,0.1458,0.030884,2,2,398,1,8,8,Beam_1_2_8,1208
1297,Beam_1_2_8,23318,0.0095,0.1458,0.029882,2,2,398,1,8,8,Beam_1_2_8,1208
1298,Beam_1_2_8,23340,0.013317,0.14581,0.030885,2,2,398,1,8,8,Beam_1_2_8,1208
1299,Beam_1_2_8,23313,0.013317,0.14581,0.029883,2,2,398,1,8,8,Beam_1_2_8,1208
1300,Beam_1_2_8,23348,0.0075949,0.1463,0.030913,2,2,398,1,8,8,Beam_1_2_8,1208
1301,Beam_1_2_8,23300,0.0075949,0.1463,0.029911,2,2,398,1,8,8,Beam_1_2_8,1208
1302,Beam_1_2_8,23341,0.011422,0.14631,0.030913,2,2,398,1,8,8,Beam_1_2_8,1208
1303,Beam_1_2_8,23305,0.011422,0.14631,0.029911,2,2,398,1,8,8,Beam_1_2_8,1208
1304,Beam_1_2_8,23351,0.0056965,0.1468,0.030937,2,2,398,1,8,8,Beam_1_2_8,1208
1305,Beam_1_2_8,23299,0.0056965,0.1468,0.029936,2,2,398,1,8,8,Beam_1_2_8,1208
1306,Beam_1_2_8,23342,0.013316,0.1468,0.030937,2,2,398,1,8,8,Beam_1_2_8,1208
1307,Beam_1_2_8,23306,0.013316,0.1468,0.029936,2,2,398,1,8,8,Beam_1_2_8,1208
1308,Beam_1_2_8,23355,0.0095141,0.14681,0.030937,2,2,398,1,8,8,Beam_1_2_8,1208
1309,Beam_1_2_8,23291,0.0095141,0.14681,0.029936,2,2,398,1,8,8,Beam_1_2_8,1208
1310,Beam_1_2_8,23350,0.0037975,0.1473,0.030958,2,2,398,1,8,8,Beam_1_2_8,1208
1311,Beam_1_2_8,23298,0.0037975,0.1473,0.029957,2,2,398,1,8,8,Beam_1_2_8,1208
1312,Beam_1_2_8,23307,0.015211,0.1473,0.029957,2,2,398,1,8,8,Beam_1_2_8,1208
1313,Beam_1_2_8,23343,0.015211,0.1473,0.030958,2,2,398,1,8,8,Beam_1_2_8,1208
1314,Beam_1_2_8,23292,0.007136,0.14743,0.029962,2,2,398,1,8,8,Beam_1_2_8,1208
1315,Beam_1_2_8,23352,0.007136,0.14743,0.030963,2,2,398,1,8,8,Beam_1_2_8,1208
1316,Beam_1_2_8,23358,0.011885,0.14743,0.030963,2,2,398,1,8,8,Beam_1_2_8,1208
1317,Beam_1_2_8,23290,0.011885,0.14743,0.029962,2,2,398,1,8,8,Beam_1_2_8,1208
1318,Beam_1_2_8,23297,0.001899,0.1478,0.029975,2,2,398,1,8,8,Beam_1_2_8,1208
1319,Beam_1_2_8,23349,0.001899,0.1478,0.030976,2,2,398,1,8,8,Beam_1_2_8,1208
1320,Beam_1_2_8,23344,0.017105,0.1478,0.030976,2,2,398,1,8,8,Beam_1_2_8,1208
1321,Beam_1_2_8,23308,0.017105,0.1478,0.029975,2,2,398,1,8,8,Beam_1_2_8,1208
1322,Beam_1_2_8,23353,0.0047571,0.14805,0.030983,2,2,398,1,8,8,Beam_1_2_8,1208
1323,Beam_1_2_8,23293,0.0047571,0.14805,0.029983,2,2,398,1,8,8,Beam_1_2_8,1208
1324,Beam_1_2_8,23357,0.014257,0.14805,0.030983,2,2,398,1,8,8,Beam_1_2_8,1208
1325,Beam_1_2_8,23289,0.014257,0.14805,0.029983,2,2,398,1,8,8,Beam_1_2_8,1208
1326,Beam_1_2_8,23294,0.0023788,0.14867,0.029997,2,2,398,1,8,8,Beam_1_2_8,1208
1327,Beam_1_2_8,23354,0.0023788,0.14867,0.030998,2,2,398,1,8,8,Beam_1_2_8,1208
1328,Beam_1_2_8,23288,0.016628,0.14867,0.029997,2,2,398,1,8,8,Beam_1_2_8,1208
1329,Beam_1_2_8,23356,0.016628,0.14867,0.030998,2,2,398,1,8,8,Beam_1_2_8,1208
1330,Beam_1_2_8,24980,0.0,0.1498,0.030509,2,2,398,1,8,8,Beam_1_2_8,1208
1331,Beam_1_2_8,24983,0.00475,0.1498,0.030509,2,2,398,1,8,8,Beam_1_2_8,1208
1332,Beam_1_2_8,24982,0.0095,0.1498,0.030509,2,2,398,1,8,8,Beam_1_2_8,1208
1333,Beam_1_2_8,24981,0.01425,0.1498,0.030509,2,2,398,1,8,8,Beam_1_2_8,1208
1334,Beam_1_2_8,24979,0.019,0.1498,0.030509,2,2,398,1,8,8,Beam_1_2_8,1208
1335,Beam_1_2_9,23995,0.0023752,0.15093,0.031004,2,2,425,1,9,7,Beam_1_2_7,1207
1336,Beam_1_2_9,23951,0.0023752,0.15093,0.030004,2,2,425,1,9,7,Beam_1_2_7,1207
1337,Beam_1_2_9,23945,0.016625,0.15093,0.030004,2,2,425,1,9,7,Beam_1_2_7,1207
1338,Beam_1_2_9,23997,0.016625,0.15093,0.031004,2,2,425,1,9,7,Beam_1_2_7,1207
1339,Beam_1_2_9,23994,0.0047501,0.15156,0.030993,2,2,425,1,9,7,Beam_1_2_7,1207
1340,Beam_1_2_9,23950,0.0047501,0.15156,0.029993,2,2,425,1,9,7,Beam_1_2_7,1207
1341,Beam_1_2_9,23946,0.01425,0.15156,0.029993,2,2,425,1,9,7,Beam_1_2_7,1207
1342,Beam_1_2_9,23998,0.01425,0.15156,0.030993,2,2,425,1,9,7,Beam_1_2_7,1207
1343,Beam_1_2_9,23969,0.0018989,0.15181,0.029987,2,2,425,1,9,7,Beam_1_2_7,1207
1344,Beam_1_2_9,23981,0.0018989,0.15181,0.030987,2,2,425,1,9,7,Beam_1_2_7,1207
1345,Beam_1_2_9,23959,0.017105,0.15182,0.029986,2,2,425,1,9,7,Beam_1_2_7,1207
1346,Beam_1_2_9,23986,0.017105,0.15182,0.030987,2,2,425,1,9,7,Beam_1_2_7,1207
1347,Beam_1_2_9,23993,0.0071254,0.15218,0.030976,2,2,425,1,9,7,Beam_1_2_7,1207
1348,Beam_1_2_9,23949,0.0071254,0.15218,0.029976,2,2,425,1,9,7,Beam_1_2_7,1207
1349,Beam_1_2_9,23999,0.011875,0.15218,0.030976,2,2,425,1,9,7,Beam_1_2_7,1207
1350,Beam_1_2_9,23947,0.011875,0.15218,0.029976,2,2,425,1,9,7,Beam_1_2_7,1207
1351,Beam_1_2_9,23968,0.0037975,0.15231,0.029972,2,2,425,1,9,7,Beam_1_2_7,1207
1352,Beam_1_2_9,23980,0.0037975,0.15231,0.030972,2,2,425,1,9,7,Beam_1_2_7,1207
1353,Beam_1_2_9,23987,0.015211,0.15232,0.030972,2,2,425,1,9,7,Beam_1_2_7,1207
1354,Beam_1_2_9,23960,0.015211,0.15232,0.029971,2,2,425,1,9,7,Beam_1_2_7,1207
1355,Beam_1_2_9,23967,0.0056965,0.1528,0.029953,2,2,425,1,9,7,Beam_1_2_7,1207
1356,Beam_1_2_9,23979,0.0056965,0.1528,0.030954,2,2,425,1,9,7,Beam_1_2_7,1207
1357,Beam_1_2_9,23996,0.0095,0.1528,0.030954,2,2,425,1,9,7,Beam_1_2_7,1207
1358,Beam_1_2_9,23948,0.0095,0.1528,0.029953,2,2,425,1,9,7,Beam_1_2_7,1207
1359,Beam_1_2_9,23961,0.013316,0.15281,0.029953,2,2,425,1,9,7,Beam_1_2_7,1207
1360,Beam_1_2_9,23988,0.013316,0.15281,0.030954,2,2,425,1,9,7,Beam_1_2_7,1207
1361,Beam_1_2_9,23966,0.0075949,0.1533,0.029931,2,2,425,1,9,7,Beam_1_2_7,1207
1362,Beam_1_2_9,23982,0.0075949,0.1533,0.030932,2,2,425,1,9,7,Beam_1_2_7,1207
1363,Beam_1_2_9,23989,0.011422,0.15331,0.030932,2,2,425,1,9,7,Beam_1_2_7,1207
1364,Beam_1_2_9,23953,0.011422,0.15331,0.029931,2,2,425,1,9,7,Beam_1_2_7,1207
1365,Beam_1_2_9,23985,0.0056957,0.1538,0.030907,2,2,425,1,9,7,Beam_1_2_7,1207
1366,Beam_1_2_9,23965,0.0056957,0.1538,0.029905,2,2,425,1,9,7,Beam_1_2_7,1207
1367,Beam_1_2_9,23990,0.013317,0.1538,0.030907,2,2,425,1,9,7,Beam_1_2_7,1207
1368,Beam_1_2_9,23954,0.013317,0.1538,0.029905,2,2,425,1,9,7,Beam_1_2_7,1207
1369,Beam_1_2_9,24003,0.0095141,0.15381,0.030907,2,2,425,1,9,7,Beam_1_2_7,1207
1370,Beam_1_2_9,23939,0.0095141,0.15381,0.029905,2,2,425,1,9,7,Beam_1_2_7,1207
1371,Beam_1_2_9,23964,0.0037973,0.1543,0.029876,2,2,425,1,9,7,Beam_1_2_7,1207
1372,Beam_1_2_9,23984,0.0037973,0.1543,0.030878,2,2,425,1,9,7,Beam_1_2_7,1207
1373,Beam_1_2_9,23955,0.015211,0.1543,0.029876,2,2,425,1,9,7,Beam_1_2_7,1207
1374,Beam_1_2_9,23991,0.015211,0.1543,0.030878,2,2,425,1,9,7,Beam_1_2_7,1207
1375,Beam_1_2_9,24000,0.0071348,0.15443,0.03087,2,2,425,1,9,7,Beam_1_2_7,1207
1376,Beam_1_2_9,23940,0.0071348,0.15443,0.029868,2,2,425,1,9,7,Beam_1_2_7,1207
1377,Beam_1_2_9,23938,0.011886,0.15443,0.029868,2,2,425,1,9,7,Beam_1_2_7,1207
1378,Beam_1_2_9,24006,0.011886,0.15443,0.03087,2,2,425,1,9,7,Beam_1_2_7,1207
1379,Beam_1_2_9,23983,0.0018982,0.1548,0.030846,2,2,425,1,9,7,Beam_1_2_7,1207
1380,Beam_1_2_9,23963,0.0018982,0.1548,0.029843,2,2,425,1,9,7,Beam_1_2_7,1207
1381,Beam_1_2_9,23956,0.017106,0.1548,0.029843,2,2,425,1,9,7,Beam_1_2_7,1207
1382,Beam_1_2_9,23992,0.017106,0.1548,0.030845,2,2,425,1,9,7,Beam_1_2_7,1207
1383,Beam_1_2_9,23941,0.0047568,0.15505,0.029825,2,2,425,1,9,7,Beam_1_2_7,1207
1384,Beam_1_2_9,24001,0.0047568,0.15505,0.030828,2,2,425,1,9,7,Beam_1_2_7,1207
1385,Beam_1_2_9,24005,0.014257,0.15505,0.030828,2,2,425,1,9,7,Beam_1_2_7,1207
1386,Beam_1_2_9,23937,0.014257,0.15505,0.029825,2,2,425,1,9,7,Beam_1_2_7,1207
1387,Beam_1_2_9,24002,0.0023775,0.15567,0.03078,2,2,425,1,9,7,Beam_1_2_7,1207
1388,Beam_1_2_9,23942,0.0023775,0.15567,0.029776,2,2,425,1,9,7,Beam_1_2_7,1207
1389,Beam_1_2_9,23936,0.01663,0.15567,0.029776,2,2,425,1,9,7,Beam_1_2_7,1207
1390,Beam_1_2_9,24004,0.01663,0.15567,0.03078,2,2,425,1,9,7,Beam_1_2_7,1207
1391,Beam_1_2_9,24989,0.0,0.1568,0.030176,2,2,425,1,9,7,Beam_1_2_7,1207
1392,Beam_1_2_9,24992,0.00475,0.1568,0.030176,2,2,425,1,9,7,Beam_1_2_7,1207
1393,Beam_1_2_9,24991,0.0095,0.1568,0.030176,2,2,425,1,9,7,Beam_1_2_7,1207
1394,Beam_1_2_9,24990,0.01425,0.1568,0.030176,2,2,425,1,9,7,Beam_1_2_7,1207
1395,Beam_1_2_9,24988,0.019,0.1568,0.030176,2,2,425,1,9,7,Beam_1_2_7,1207
1396,Beam_1_2_10,22657,0.0023764,0.15793,0.029553,2,2,371,1,10,6,Beam_1_2_6,1206
1397,Beam_1_2_10,22697,0.0023764,0.15793,0.030559,2,2,371,1,10,6,Beam_1_2_6,1206
1398,Beam_1_2_10,22651,0.016624,0.15793,0.029553,2,2,371,1,10,6,Beam_1_2_6,1206
1399,Beam_1_2_10,22699,0.016624,0.15793,0.030559,2,2,371,1,10,6,Beam_1_2_6,1206
1400,Beam_1_2_10,22696,0.0047503,0.15856,0.030485,2,2,371,1,10,6,Beam_1_2_6,1206
1401,Beam_1_2_10,22656,0.0047504,0.15856,0.029478,2,2,371,1,10,6,Beam_1_2_6,1206
1402,Beam_1_2_10,22700,0.01425,0.15856,0.030485,2,2,371,1,10,6,Beam_1_2_6,1206
1403,Beam_1_2_10,22652,0.01425,0.15856,0.029478,2,2,371,1,10,6,Beam_1_2_6,1206
1404,Beam_1_2_10,22689,0.0018997,0.15881,0.030454,2,2,371,1,10,6,Beam_1_2_6,1206
1405,Beam_1_2_10,22665,0.0018997,0.15881,0.029446,2,2,371,1,10,6,Beam_1_2_6,1206
1406,Beam_1_2_10,22645,0.017104,0.15882,0.029444,2,2,371,1,10,6,Beam_1_2_6,1206
1407,Beam_1_2_10,22704,0.017105,0.15882,0.030452,2,2,371,1,10,6,Beam_1_2_6,1206
1408,Beam_1_2_10,22655,0.0071266,0.15918,0.029397,2,2,371,1,10,6,Beam_1_2_6,1206
1409,Beam_1_2_10,22695,0.0071266,0.15918,0.030406,2,2,371,1,10,6,Beam_1_2_6,1206
1410,Beam_1_2_10,22653,0.011873,0.15918,0.029397,2,2,371,1,10,6,Beam_1_2_6,1206
1411,Beam_1_2_10,22701,0.011873,0.15918,0.030406,2,2,371,1,10,6,Beam_1_2_6,1206
1412,Beam_1_2_10,22664,0.0037977,0.15931,0.02938,2,2,371,1,10,6,Beam_1_2_6,1206
1413,Beam_1_2_10,22688,0.0037977,0.15931,0.030389,2,2,371,1,10,6,Beam_1_2_6,1206
1414,Beam_1_2_10,22705,0.015211,0.15932,0.030388,2,2,371,1,10,6,Beam_1_2_6,1206
1415,Beam_1_2_10,22646,0.015211,0.15932,0.029378,2,2,371,1,10,6,Beam_1_2_6,1206
1416,Beam_1_2_10,22654,0.0095,0.1598,0.02931,2,2,371,1,10,6,Beam_1_2_6,1206
1417,Beam_1_2_10,22698,0.0095,0.1598,0.03032,2,2,371,1,10,6,Beam_1_2_6,1206
1418,Beam_1_2_10,22687,0.0056973,0.15981,0.03032,2,2,371,1,10,6,Beam_1_2_6,1206
1419,Beam_1_2_10,22663,0.0056973,0.15981,0.02931,2,2,371,1,10,6,Beam_1_2_6,1206
1420,Beam_1_2_10,22647,0.013315,0.15981,0.029309,2,2,371,1,10,6,Beam_1_2_6,1206
1421,Beam_1_2_10,22706,0.013315,0.15981,0.030319,2,2,371,1,10,6,Beam_1_2_6,1206
1422,Beam_1_2_10,22690,0.0075949,0.1603,0.030248,2,2,371,1,10,6,Beam_1_2_6,1206
1423,Beam_1_2_10,22662,0.0075949,0.1603,0.029237,2,2,371,1,10,6,Beam_1_2_6,1206
1424,Beam_1_2_10,22639,0.011422,0.16031,0.029236,2,2,371,1,10,6,Beam_1_2_6,1206
1425,Beam_1_2_10,22707,0.011422,0.16031,0.030247,2,2,371,1,10,6,Beam_1_2_6,1206
1426,Beam_1_2_10,22693,0.0056949,0.1608,0.030172,2,2,371,1,10,6,Beam_1_2_6,1206
1427,Beam_1_2_10,22661,0.0056949,0.1608,0.029159,2,2,371,1,10,6,Beam_1_2_6,1206
1428,Beam_1_2_10,22667,0.0095141,0.16081,0.029159,2,2,371,1,10,6,Beam_1_2_6,1206
1429,Beam_1_2_10,22682,0.0095141,0.16081,0.030171,2,2,371,1,10,6,Beam_1_2_6,1206
1430,Beam_1_2_10,22708,0.013318,0.16081,0.030171,2,2,371,1,10,6,Beam_1_2_6,1206
1431,Beam_1_2_10,22640,0.013318,0.16081,0.029159,2,2,371,1,10,6,Beam_1_2_6,1206
1432,Beam_1_2_10,22660,0.0037971,0.1613,0.029079,2,2,371,1,10,6,Beam_1_2_6,1206
1433,Beam_1_2_10,22692,0.0037972,0.1613,0.030092,2,2,371,1,10,6,Beam_1_2_6,1206
1434,Beam_1_2_10,22641,0.015211,0.1613,0.029078,2,2,371,1,10,6,Beam_1_2_6,1206
1435,Beam_1_2_10,22709,0.015211,0.1613,0.030092,2,2,371,1,10,6,Beam_1_2_6,1206
1436,Beam_1_2_10,22668,0.0071335,0.16143,0.029057,2,2,371,1,10,6,Beam_1_2_6,1206
1437,Beam_1_2_10,22683,0.0071335,0.16143,0.030071,2,2,371,1,10,6,Beam_1_2_6,1206
1438,Beam_1_2_10,22681,0.011888,0.16143,0.030071,2,2,371,1,10,6,Beam_1_2_6,1206
1439,Beam_1_2_10,22674,0.011888,0.16143,0.029057,2,2,371,1,10,6,Beam_1_2_6,1206
1440,Beam_1_2_10,22659,0.0018974,0.1618,0.028994,2,2,371,1,10,6,Beam_1_2_6,1206
1441,Beam_1_2_10,22691,0.0018974,0.1618,0.030009,2,2,371,1,10,6,Beam_1_2_6,1206
1442,Beam_1_2_10,22710,0.017107,0.1618,0.030009,2,2,371,1,10,6,Beam_1_2_6,1206
1443,Beam_1_2_10,22642,0.017107,0.1618,0.028994,2,2,371,1,10,6,Beam_1_2_6,1206
1444,Beam_1_2_10,22669,0.0047565,0.16205,0.02895,2,2,371,1,10,6,Beam_1_2_6,1206
1445,Beam_1_2_10,22684,0.0047565,0.16205,0.029965,2,2,371,1,10,6,Beam_1_2_6,1206
1446,Beam_1_2_10,22673,0.014258,0.16205,0.02895,2,2,371,1,10,6,Beam_1_2_6,1206
1447,Beam_1_2_10,22680,0.014258,0.16205,0.029965,2,2,371,1,10,6,Beam_1_2_6,1206
1448,Beam_1_2_10,22685,0.0023762,0.16267,0.029853,2,2,371,1,10,6,Beam_1_2_6,1206
1449,Beam_1_2_10,22670,0.0023762,0.16267,0.028836,2,2,371,1,10,6,Beam_1_2_6,1206
1450,Beam_1_2_10,22672,0.016631,0.16267,0.028836,2,2,371,1,10,6,Beam_1_2_6,1206
1451,Beam_1_2_10,22679,0.016631,0.16267,0.029853,2,2,371,1,10,6,Beam_1_2_6,1206
1452,Beam_1_2_10,25034,0.0,0.1638,0.029125,2,2,371,1,10,6,Beam_1_2_6,1206
1453,Beam_1_2_10,25037,0.00475,0.1638,0.029125,2,2,371,1,10,6,Beam_1_2_6,1206
1454,Beam_1_2_10,25036,0.0095,0.1638,0.029125,2,2,371,1,10,6,Beam_1_2_6,1206
1455,Beam_1_2_10,25035,0.01425,0.1638,0.029125,2,2,371,1,10,6,Beam_1_2_6,1206
1456,Beam_1_2_10,25033,0.019,0.1638,0.029125,2,2,371,1,10,6,Beam_1_2_6,1206
1457,Beam_1_2_11,21389,0.0023778,0.16493,0.029399,2,2,317,1,11,5,Beam_1_2_5,1205
1458,Beam_1_2_11,21377,0.0023778,0.16493,0.028375,2,2,317,1,11,5,Beam_1_2_5,1205
1459,Beam_1_2_11,21391,0.016622,0.16493,0.029399,2,2,317,1,11,5,Beam_1_2_5,1205
1460,Beam_1_2_11,21371,0.016622,0.16493,0.028375,2,2,317,1,11,5,Beam_1_2_5,1205
1461,Beam_1_2_11,21376,0.0047507,0.16556,0.028234,2,2,317,1,11,5,Beam_1_2_5,1205
1462,Beam_1_2_11,21388,0.0047507,0.16556,0.02926,2,2,317,1,11,5,Beam_1_2_5,1205
1463,Beam_1_2_11,21372,0.014249,0.16556,0.028234,2,2,317,1,11,5,Beam_1_2_5,1205
1464,Beam_1_2_11,21392,0.014249,0.16556,0.02926,2,2,317,1,11,5,Beam_1_2_5,1205
1465,Beam_1_2_11,21403,0.0019006,0.16581,0.029202,2,2,317,1,11,5,Beam_1_2_5,1205
1466,Beam_1_2_11,21359,0.0019006,0.16581,0.028175,2,2,317,1,11,5,Beam_1_2_5,1205
1467,Beam_1_2_11,21367,0.017104,0.16582,0.028172,2,2,317,1,11,5,Beam_1_2_5,1205
1468,Beam_1_2_11,21394,0.017104,0.16582,0.029199,2,2,317,1,11,5,Beam_1_2_5,1205
1469,Beam_1_2_11,21375,0.007128,0.16618,0.028086,2,2,317,1,11,5,Beam_1_2_5,1205
1470,Beam_1_2_11,21387,0.007128,0.16618,0.029114,2,2,317,1,11,5,Beam_1_2_5,1205
1471,Beam_1_2_11,21393,0.011872,0.16618,0.029114,2,2,317,1,11,5,Beam_1_2_5,1205
1472,Beam_1_2_11,21373,0.011872,0.16618,0.028086,2,2,317,1,11,5,Beam_1_2_5,1205
1473,Beam_1_2_11,21358,0.0037979,0.16631,0.028056,2,2,317,1,11,5,Beam_1_2_5,1205
1474,Beam_1_2_11,21402,0.0037979,0.16631,0.029084,2,2,317,1,11,5,Beam_1_2_5,1205
1475,Beam_1_2_11,21395,0.015211,0.16632,0.029082,2,2,317,1,11,5,Beam_1_2_5,1205
1476,Beam_1_2_11,21368,0.015211,0.16632,0.028053,2,2,317,1,11,5,Beam_1_2_5,1205
1477,Beam_1_2_11,21374,0.0095,0.1668,0.027933,2,2,317,1,11,5,Beam_1_2_5,1205
1478,Beam_1_2_11,21390,0.0095,0.1668,0.028964,2,2,317,1,11,5,Beam_1_2_5,1205
1479,Beam_1_2_11,21401,0.0056982,0.16681,0.028963,2,2,317,1,11,5,Beam_1_2_5,1205
1480,Beam_1_2_11,21357,0.0056982,0.16681,0.027932,2,2,317,1,11,5,Beam_1_2_5,1205
1481,Beam_1_2_11,21369,0.013315,0.16681,0.027931,2,2,317,1,11,5,Beam_1_2_5,1205
1482,Beam_1_2_11,21396,0.013315,0.16681,0.028961,2,2,317,1,11,5,Beam_1_2_5,1205
1483,Beam_1_2_11,21404,0.0075949,0.1673,0.028838,2,2,317,1,11,5,Beam_1_2_5,1205
1484,Beam_1_2_11,21356,0.0075949,0.1673,0.027805,2,2,317,1,11,5,Beam_1_2_5,1205
1485,Beam_1_2_11,21361,0.011422,0.16731,0.027804,2,2,317,1,11,5,Beam_1_2_5,1205
1486,Beam_1_2_11,21397,0.011422,0.16731,0.028837,2,2,317,1,11,5,Beam_1_2_5,1205
1487,Beam_1_2_11,21407,0.005694,0.1678,0.028709,2,2,317,1,11,5,Beam_1_2_5,1205
1488,Beam_1_2_11,21355,0.005694,0.1678,0.027674,2,2,317,1,11,5,Beam_1_2_5,1205
1489,Beam_1_2_11,21411,0.0095141,0.16781,0.028707,2,2,317,1,11,5,Beam_1_2_5,1205
1490,Beam_1_2_11,21347,0.0095141,0.16781,0.027673,2,2,317,1,11,5,Beam_1_2_5,1205
1491,Beam_1_2_11,21362,0.013319,0.16781,0.027673,2,2,317,1,11,5,Beam_1_2_5,1205
1492,Beam_1_2_11,21398,0.013319,0.16781,0.028708,2,2,317,1,11,5,Beam_1_2_5,1205
1493,Beam_1_2_11,21354,0.0037969,0.1683,0.027539,2,2,317,1,11,5,Beam_1_2_5,1205
1494,Beam_1_2_11,21406,0.0037969,0.1683,0.028576,2,2,317,1,11,5,Beam_1_2_5,1205
1495,Beam_1_2_11,21399,0.015212,0.1683,0.028575,2,2,317,1,11,5,Beam_1_2_5,1205
1496,Beam_1_2_11,21363,0.015212,0.1683,0.027539,2,2,317,1,11,5,Beam_1_2_5,1205
1497,Beam_1_2_11,21348,0.007132,0.16843,0.027503,2,2,317,1,11,5,Beam_1_2_5,1205
1498,Beam_1_2_11,21408,0.0071321,0.16843,0.02854,2,2,317,1,11,5,Beam_1_2_5,1205
1499,Beam_1_2_11,21346,0.011889,0.16843,0.027503,2,2,317,1,11,5,Beam_1_2_5,1205
1500,Beam_1_2_11,21414,0.011889,0.16843,0.02854,2,2,317,1,11,5,Beam_1_2_5,1205
1501,Beam_1_2_11,21353,0.0018964,0.1688,0.0274,2,2,317,1,11,5,Beam_1_2_5,1205
1502,Beam_1_2_11,21405,0.0018964,0.1688,0.028439,2,2,317,1,11,5,Beam_1_2_5,1205
1503,Beam_1_2_11,21400,0.017108,0.1688,0.028438,2,2,317,1,11,5,Beam_1_2_5,1205
1504,Beam_1_2_11,21364,0.017108,0.1688,0.0274,2,2,317,1,11,5,Beam_1_2_5,1205
1505,Beam_1_2_11,21349,0.0047562,0.16905,0.027328,2,2,317,1,11,5,Beam_1_2_5,1205
1506,Beam_1_2_11,21409,0.0047562,0.16905,0.028368,2,2,317,1,11,5,Beam_1_2_5,1205
1507,Beam_1_2_11,21345,0.014258,0.16905,0.027328,2,2,317,1,11,5,Beam_1_2_5,1205
1508,Beam_1_2_11,21413,0.014258,0.16905,0.028368,2,2,317,1,11,5,Beam_1_2_5,1205
1509,Beam_1_2_11,21350,0.0023747,0.16967,0.027146,2,2,317,1,11,5,Beam_1_2_5,1205
1510,Beam_1_2_11,21410,0.0023748,0.16967,0.028188,2,2,317,1,11,5,Beam_1_2_5,1205
1511,Beam_1_2_11,21344,0.016632,0.16967,0.027146,2,2,317,1,11,5,Beam_1_2_5,1205
1512,Beam_1_2_11,21412,0.016632,0.16967,0.028188,2,2,317,1,11,5,Beam_1_2_5,1205
1513,Beam_1_2_11,25043,0.0,0.1708,0.027323,2,2,317,1,11,5,Beam_1_2_5,1205
1514,Beam_1_2_11,25046,0.00475,0.1708,0.027323,2,2,317,1,11,5,Beam_1_2_5,1205
1515,Beam_1_2_11,25045,0.0095,0.1708,0.027323,2,2,317,1,11,5,Beam_1_2_5,1205
1516,Beam_1_2_11,25044,0.01425,0.1708,0.027323,2,2,317,1,11,5,Beam_1_2_5,1205
1517,Beam_1_2_11,25042,0.019,0.1708,0.027323,2,2,317,1,11,5,Beam_1_2_5,1205
1518,Beam_1_2_12,20093,0.0023793,0.17193,0.027485,2,2,263,1,12,4,Beam_1_2_4,1204
1519,Beam_1_2_12,20081,0.0023794,0.17193,0.026431,2,2,263,1,12,4,Beam_1_2_4,1204
1520,Beam_1_2_12,20075,0.016621,0.17193,0.026431,2,2,263,1,12,4,Beam_1_2_4,1204
1521,Beam_1_2_12,20095,0.016621,0.17193,0.027485,2,2,263,1,12,4,Beam_1_2_4,1204
1522,Beam_1_2_12,20092,0.0047511,0.17256,0.027276,2,2,263,1,12,4,Beam_1_2_4,1204
1523,Beam_1_2_12,20080,0.0047511,0.17256,0.026219,2,2,263,1,12,4,Beam_1_2_4,1204
1524,Beam_1_2_12,20096,0.014249,0.17256,0.027276,2,2,263,1,12,4,Beam_1_2_4,1204
1525,Beam_1_2_12,20076,0.014249,0.17256,0.026219,2,2,263,1,12,4,Beam_1_2_4,1204
1526,Beam_1_2_12,20063,0.0019016,0.17281,0.026131,2,2,263,1,12,4,Beam_1_2_4,1204
1527,Beam_1_2_12,20107,0.0019016,0.17281,0.02719,2,2,263,1,12,4,Beam_1_2_4,1204
1528,Beam_1_2_12,20098,0.017103,0.17282,0.027186,2,2,263,1,12,4,Beam_1_2_4,1204
1529,Beam_1_2_12,20071,0.017103,0.17282,0.026127,2,2,263,1,12,4,Beam_1_2_4,1204
1530,Beam_1_2_12,20079,0.0071296,0.17318,0.026,2,2,263,1,12,4,Beam_1_2_4,1204
1531,Beam_1_2_12,20091,0.0071296,0.17318,0.027061,2,2,263,1,12,4,Beam_1_2_4,1204
1532,Beam_1_2_12,20077,0.01187,0.17318,0.026,2,2,263,1,12,4,Beam_1_2_4,1204
1533,Beam_1_2_12,20097,0.01187,0.17318,0.027061,2,2,263,1,12,4,Beam_1_2_4,1204
1534,Beam_1_2_12,20106,0.0037982,0.17331,0.027016,2,2,263,1,12,4,Beam_1_2_4,1204
1535,Beam_1_2_12,20062,0.0037982,0.17331,0.025955,2,2,263,1,12,4,Beam_1_2_4,1204
1536,Beam_1_2_12,20099,0.01521,0.17332,0.027013,2,2,263,1,12,4,Beam_1_2_4,1204
1537,Beam_1_2_12,20072,0.01521,0.17332,0.025951,2,2,263,1,12,4,Beam_1_2_4,1204
1538,Beam_1_2_12,20094,0.0095,0.1738,0.026839,2,2,263,1,12,4,Beam_1_2_4,1204
1539,Beam_1_2_12,20078,0.0095,0.1738,0.025774,2,2,263,1,12,4,Beam_1_2_4,1204
1540,Beam_1_2_12,20105,0.0056992,0.17381,0.026838,2,2,263,1,12,4,Beam_1_2_4,1204
1541,Beam_1_2_12,20061,0.0056992,0.17381,0.025774,2,2,263,1,12,4,Beam_1_2_4,1204
1542,Beam_1_2_12,20073,0.013313,0.17381,0.025771,2,2,263,1,12,4,Beam_1_2_4,1204
1543,Beam_1_2_12,20100,0.013313,0.17381,0.026835,2,2,263,1,12,4,Beam_1_2_4,1204
1544,Beam_1_2_12,20060,0.0075949,0.1743,0.025589,2,2,263,1,12,4,Beam_1_2_4,1204
1545,Beam_1_2_12,20108,0.0075949,0.1743,0.026656,2,2,263,1,12,4,Beam_1_2_4,1204
1546,Beam_1_2_12,20065,0.011422,0.17431,0.025587,2,2,263,1,12,4,Beam_1_2_4,1204
1547,Beam_1_2_12,20101,0.011422,0.17431,0.026654,2,2,263,1,12,4,Beam_1_2_4,1204
1548,Beam_1_2_12,20111,0.0056929,0.1748,0.026469,2,2,263,1,12,4,Beam_1_2_4,1204
1549,Beam_1_2_12,20059,0.0056929,0.1748,0.025398,2,2,263,1,12,4,Beam_1_2_4,1204
1550,Beam_1_2_12,20051,0.0095141,0.17481,0.025397,2,2,263,1,12,4,Beam_1_2_4,1204
1551,Beam_1_2_12,20115,0.0095141,0.17481,0.026467,2,2,263,1,12,4,Beam_1_2_4,1204
1552,Beam_1_2_12,20102,0.01332,0.17481,0.026468,2,2,263,1,12,4,Beam_1_2_4,1204
1553,Beam_1_2_12,20066,0.01332,0.17481,0.025397,2,2,263,1,12,4,Beam_1_2_4,1204
1554,Beam_1_2_12,20058,0.0037966,0.1753,0.025205,2,2,263,1,12,4,Beam_1_2_4,1204
1555,Beam_1_2_12,20110,0.0037966,0.1753,0.026278,2,2,263,1,12,4,Beam_1_2_4,1204
1556,Beam_1_2_12,20067,0.015212,0.1753,0.025204,2,2,263,1,12,4,Beam_1_2_4,1204
1557,Beam_1_2_12,20103,0.015212,0.1753,0.026277,2,2,263,1,12,4,Beam_1_2_4,1204
1558,Beam_1_2_12,20052,0.0071303,0.17543,0.025153,2,2,263,1,12,4,Beam_1_2_4,1204
1559,Beam_1_2_12,20112,0.0071303,0.17543,0.026227,2,2,263,1,12,4,Beam_1_2_4,1204
1560,Beam_1_2_12,20118,0.011891,0.17543,0.026227,2,2,263,1,12,4,Beam_1_2_4,1204
1561,Beam_1_2_12,20050,0.011891,0.17543,0.025153,2,2,263,1,12,4,Beam_1_2_4,1204
1562,Beam_1_2_12,20109,0.0018953,0.1758,0.026083,2,2,263,1,12,4,Beam_1_2_4,1204
1563,Beam_1_2_12,20057,0.0018953,0.1758,0.025006,2,2,263,1,12,4,Beam_1_2_4,1204
1564,Beam_1_2_12,20068,0.017109,0.1758,0.025005,2,2,263,1,12,4,Beam_1_2_4,1204
1565,Beam_1_2_12,20104,0.017109,0.1758,0.026082,2,2,263,1,12,4,Beam_1_2_4,1204
1566,Beam_1_2_12,20053,0.0047556,0.17605,0.024903,2,2,263,1,12,4,Beam_1_2_4,1204
1567,Beam_1_2_12,20113,0.0047557,0.17605,0.025982,2,2,263,1,12,4,Beam_1_2_4,1204
1568,Beam_1_2_12,20049,0.014258,0.17605,0.024903,2,2,263,1,12,4,Beam_1_2_4,1204
1569,Beam_1_2_12,20117,0.014258,0.17605,0.025982,2,2,263,1,12,4,Beam_1_2_4,1204
1570,Beam_1_2_12,20054,0.0023729,0.17668,0.024645,2,2,263,1,12,4,Beam_1_2_4,1204
1571,Beam_1_2_12,20114,0.002373,0.17668,0.025728,2,2,263,1,12,4,Beam_1_2_4,1204
1572,Beam_1_2_12,20116,0.016634,0.17668,0.025728,2,2,263,1,12,4,Beam_1_2_4,1204
1573,Beam_1_2_12,20048,0.016634,0.17668,0.024645,2,2,263,1,12,4,Beam_1_2_4,1204
1574,Beam_1_2_12,25088,0.0,0.1778,0.024705,2,2,263,1,12,4,Beam_1_2_4,1204
1575,Beam_1_2_12,25091,0.00475,0.1778,0.024705,2,2,263,1,12,4,Beam_1_2_4,1204
1576,Beam_1_2_12,25090,0.0095,0.1778,0.024705,2,2,263,1,12,4,Beam_1_2_4,1204
1577,Beam_1_2_12,25089,0.01425,0.1778,0.024705,2,2,263,1,12,4,Beam_1_2_4,1204
1578,Beam_1_2_12,25087,0.019,0.1778,0.024705,2,2,263,1,12,4,Beam_1_2_4,1204
1579,Beam_1_2_13,18785,0.0023813,0.17893,0.02365,2,2,209,1,13,3,Beam_1_2_3,1203
1580,Beam_1_2_13,18797,0.0023813,0.17893,0.02475,2,2,209,1,13,3,Beam_1_2_3,1203
1581,Beam_1_2_13,18779,0.016619,0.17893,0.02365,2,2,209,1,13,3,Beam_1_2_3,1203
1582,Beam_1_2_13,18799,0.016619,0.17893,0.02475,2,2,209,1,13,3,Beam_1_2_3,1203
1583,Beam_1_2_13,18796,0.0047517,0.17956,0.024464,2,2,209,1,13,3,Beam_1_2_3,1203
1584,Beam_1_2_13,18784,0.0047518,0.17956,0.023359,2,2,209,1,13,3,Beam_1_2_3,1203
1585,Beam_1_2_13,18800,0.014248,0.17956,0.024464,2,2,209,1,13,3,Beam_1_2_3,1203
1586,Beam_1_2_13,18780,0.014248,0.17956,0.023359,2,2,209,1,13,3,Beam_1_2_3,1203
1587,Beam_1_2_13,18811,0.0019029,0.17981,0.024346,2,2,209,1,13,3,Beam_1_2_3,1203
1588,Beam_1_2_13,18767,0.001903,0.17981,0.023239,2,2,209,1,13,3,Beam_1_2_3,1203
1589,Beam_1_2_13,18775,0.017101,0.17982,0.023233,2,2,209,1,13,3,Beam_1_2_3,1203
1590,Beam_1_2_13,18802,0.017101,0.17982,0.02434,2,2,209,1,13,3,Beam_1_2_3,1203
1591,Beam_1_2_13,18795,0.0071316,0.18018,0.024169,2,2,209,1,13,3,Beam_1_2_3,1203
1592,Beam_1_2_13,18783,0.0071317,0.18018,0.023059,2,2,209,1,13,3,Beam_1_2_3,1203
1593,Beam_1_2_13,18781,0.011868,0.18018,0.023059,2,2,209,1,13,3,Beam_1_2_3,1203
1594,Beam_1_2_13,18801,0.011868,0.18018,0.024169,2,2,209,1,13,3,Beam_1_2_3,1203
1595,Beam_1_2_13,18766,0.0037986,0.18031,0.022998,2,2,209,1,13,3,Beam_1_2_3,1203
1596,Beam_1_2_13,18810,0.0037986,0.18031,0.024109,2,2,209,1,13,3,Beam_1_2_3,1203
1597,Beam_1_2_13,18776,0.01521,0.18032,0.022993,2,2,209,1,13,3,Beam_1_2_3,1203
1598,Beam_1_2_13,18803,0.01521,0.18032,0.024105,2,2,209,1,13,3,Beam_1_2_3,1203
1599,Beam_1_2_13,18798,0.0095,0.1808,0.023869,2,2,209,1,13,3,Beam_1_2_3,1203
1600,Beam_1_2_13,18782,0.0095,0.1808,0.022753,2,2,209,1,13,3,Beam_1_2_3,1203
1601,Beam_1_2_13,18809,0.0057005,0.18081,0.023867,2,2,209,1,13,3,Beam_1_2_3,1203
1602,Beam_1_2_13,18765,0.0057006,0.18081,0.022752,2,2,209,1,13,3,Beam_1_2_3,1203
1603,Beam_1_2_13,18804,0.013312,0.18081,0.023864,2,2,209,1,13,3,Beam_1_2_3,1203
1604,Beam_1_2_13,18777,0.013312,0.18081,0.022748,2,2,209,1,13,3,Beam_1_2_3,1203
1605,Beam_1_2_13,18764,0.0075949,0.1813,0.022501,2,2,209,1,13,3,Beam_1_2_3,1203
1606,Beam_1_2_13,18812,0.0075949,0.1813,0.023621,2,2,209,1,13,3,Beam_1_2_3,1203
1607,Beam_1_2_13,18805,0.011422,0.18131,0.023619,2,2,209,1,13,3,Beam_1_2_3,1203
1608,Beam_1_2_13,18769,0.011422,0.18131,0.022499,2,2,209,1,13,3,Beam_1_2_3,1203
1609,Beam_1_2_13,18815,0.0056915,0.1818,0.023369,2,2,209,1,13,3,Beam_1_2_3,1203
1610,Beam_1_2_13,18763,0.0056915,0.1818,0.022244,2,2,209,1,13,3,Beam_1_2_3,1203
1611,Beam_1_2_13,18755,0.0095141,0.18181,0.022242,2,2,209,1,13,3,Beam_1_2_3,1203
1612,Beam_1_2_13,18819,0.0095141,0.18181,0.023367,2,2,209,1,13,3,Beam_1_2_3,1203
1613,Beam_1_2_13,18806,0.013321,0.18181,0.023367,2,2,209,1,13,3,Beam_1_2_3,1203
1614,Beam_1_2_13,18770,0.013321,0.18181,0.022242,2,2,209,1,13,3,Beam_1_2_3,1203
1615,Beam_1_2_13,18762,0.0037961,0.1823,0.021983,2,2,209,1,13,3,Beam_1_2_3,1203
1616,Beam_1_2_13,18814,0.0037962,0.1823,0.023113,2,2,209,1,13,3,Beam_1_2_3,1203
1617,Beam_1_2_13,18771,0.015212,0.1823,0.021982,2,2,209,1,13,3,Beam_1_2_3,1203
1618,Beam_1_2_13,18807,0.015212,0.1823,0.023111,2,2,209,1,13,3,Beam_1_2_3,1203
1619,Beam_1_2_13,18756,0.007128,0.18243,0.021914,2,2,209,1,13,3,Beam_1_2_3,1203
1620,Beam_1_2_13,18816,0.0071281,0.18243,0.023044,2,2,209,1,13,3,Beam_1_2_3,1203
1621,Beam_1_2_13,18754,0.011893,0.18243,0.021914,2,2,209,1,13,3,Beam_1_2_3,1203
1622,Beam_1_2_13,18822,0.011893,0.18243,0.023044,2,2,209,1,13,3,Beam_1_2_3,1203
1623,Beam_1_2_13,18761,0.0018938,0.1828,0.021716,2,2,209,1,13,3,Beam_1_2_3,1203
1624,Beam_1_2_13,18813,0.0018939,0.1828,0.02285,2,2,209,1,13,3,Beam_1_2_3,1203
1625,Beam_1_2_13,18808,0.01711,0.1828,0.02285,2,2,209,1,13,3,Beam_1_2_3,1203
1626,Beam_1_2_13,18772,0.01711,0.1828,0.021715,2,2,209,1,13,3,Beam_1_2_3,1203
1627,Beam_1_2_13,18757,0.0047549,0.18305,0.021579,2,2,209,1,13,3,Beam_1_2_3,1203
1628,Beam_1_2_13,18817,0.004755,0.18305,0.022716,2,2,209,1,13,3,Beam_1_2_3,1203
1629,Beam_1_2_13,18753,0.014259,0.18305,0.021579,2,2,209,1,13,3,Beam_1_2_3,1203
1630,Beam_1_2_13,18821,0.014259,0.18305,0.022716,2,2,209,1,13,3,Beam_1_2_3,1203
1631,Beam_1_2_13,18818,0.0023706,0.18368,0.022377,2,2,209,1,13,3,Beam_1_2_3,1203
1632,Beam_1_2_13,18758,0.0023706,0.18368,0.021234,2,2,209,1,13,3,Beam_1_2_3,1203
1633,Beam_1_2_13,18820,0.016636,0.18368,0.022377,2,2,209,1,13,3,Beam_1_2_3,1203
1634,Beam_1_2_13,18752,0.016636,0.18368,0.021234,2,2,209,1,13,3,Beam_1_2_3,1203
1635,Beam_1_2_13,25160,0.0,0.1848,0.021166,2,2,209,1,13,3,Beam_1_2_3,1203
1636,Beam_1_2_13,25163,0.00475,0.1848,0.021166,2,2,209,1,13,3,Beam_1_2_3,1203
1637,Beam_1_2_13,25162,0.0095,0.1848,0.021166,2,2,209,1,13,3,Beam_1_2_3,1203
1638,Beam_1_2_13,25161,0.01425,0.1848,0.021166,2,2,209,1,13,3,Beam_1_2_3,1203
1639,Beam_1_2_13,25159,0.019,0.1848,0.021166,2,2,209,1,13,3,Beam_1_2_3,1203
1640,Beam_1_2_14,17508,0.002384,0.18594,0.021082,2,2,155,1,14,1,Beam_1_2_1,1201
1641,Beam_1_2_14,17480,0.0023841,0.18594,0.019914,2,2,155,1,14,1,Beam_1_2_1,1201
1642,Beam_1_2_14,17474,0.016616,0.18594,0.019914,2,2,155,1,14,1,Beam_1_2_1,1201
1643,Beam_1_2_14,17510,0.016616,0.18594,0.021082,2,2,155,1,14,1,Beam_1_2_1,1201
1644,Beam_1_2_14,17507,0.0047526,0.18656,0.020706,2,2,155,1,14,1,Beam_1_2_1,1201
1645,Beam_1_2_14,17479,0.0047528,0.18656,0.01953,2,2,155,1,14,1,Beam_1_2_1,1201
1646,Beam_1_2_14,17475,0.014247,0.18656,0.01953,2,2,155,1,14,1,Beam_1_2_1,1201
1647,Beam_1_2_14,17511,0.014247,0.18656,0.020706,2,2,155,1,14,1,Beam_1_2_1,1201
1648,Beam_1_2_14,17522,0.0019047,0.18681,0.020551,2,2,155,1,14,1,Beam_1_2_1,1201
1649,Beam_1_2_14,17462,0.0019048,0.18681,0.019372,2,2,155,1,14,1,Beam_1_2_1,1201
1650,Beam_1_2_14,17488,0.0171,0.18682,0.019364,2,2,155,1,14,1,Beam_1_2_1,1201
1651,Beam_1_2_14,17499,0.0171,0.18682,0.020543,2,2,155,1,14,1,Beam_1_2_1,1201
1652,Beam_1_2_14,17506,0.0071344,0.18718,0.020319,2,2,155,1,14,1,Beam_1_2_1,1201
1653,Beam_1_2_14,17478,0.0071345,0.18718,0.019135,2,2,155,1,14,1,Beam_1_2_1,1201
1654,Beam_1_2_14,17476,0.011865,0.18718,0.019135,2,2,155,1,14,1,Beam_1_2_1,1201
1655,Beam_1_2_14,17512,0.011866,0.18718,0.020319,2,2,155,1,14,1,Beam_1_2_1,1201
1656,Beam_1_2_14,17521,0.0037992,0.18731,0.02024,2,2,155,1,14,1,Beam_1_2_1,1201
1657,Beam_1_2_14,17461,0.0037993,0.18731,0.019055,2,2,155,1,14,1,Beam_1_2_1,1201
1658,Beam_1_2_14,17489,0.015209,0.18732,0.019049,2,2,155,1,14,1,Beam_1_2_1,1201
1659,Beam_1_2_14,17500,0.015209,0.18732,0.020234,2,2,155,1,14,1,Beam_1_2_1,1201
1660,Beam_1_2_14,17509,0.0095,0.1878,0.019925,2,2,155,1,14,1,Beam_1_2_1,1201
1661,Beam_1_2_14,17477,0.0095,0.1878,0.018733,2,2,155,1,14,1,Beam_1_2_1,1201
1662,Beam_1_2_14,17520,0.0057024,0.18781,0.019923,2,2,155,1,14,1,Beam_1_2_1,1201
1663,Beam_1_2_14,17460,0.0057025,0.18781,0.018731,2,2,155,1,14,1,Beam_1_2_1,1201
1664,Beam_1_2_14,17490,0.01331,0.18781,0.018726,2,2,155,1,14,1,Beam_1_2_1,1201
1665,Beam_1_2_14,17501,0.01331,0.18781,0.019918,2,2,155,1,14,1,Beam_1_2_1,1201
1666,Beam_1_2_14,17459,0.0075949,0.1883,0.018402,2,2,155,1,14,1,Beam_1_2_1,1201
1667,Beam_1_2_14,17523,0.0075949,0.1883,0.019601,2,2,155,1,14,1,Beam_1_2_1,1201
1668,Beam_1_2_14,17502,0.011422,0.18831,0.019598,2,2,155,1,14,1,Beam_1_2_1,1201
1669,Beam_1_2_14,17482,0.011422,0.18831,0.0184,2,2,155,1,14,1,Beam_1_2_1,1201
1670,Beam_1_2_14,17526,0.0056895,0.1888,0.019271,2,2,155,1,14,1,Beam_1_2_1,1201
1671,Beam_1_2_14,17458,0.0056895,0.1888,0.018066,2,2,155,1,14,1,Beam_1_2_1,1201
1672,Beam_1_2_14,17516,0.0095141,0.18881,0.019269,2,2,155,1,14,1,Beam_1_2_1,1201
1673,Beam_1_2_14,17468,0.0095141,0.18881,0.018063,2,2,155,1,14,1,Beam_1_2_1,1201
1674,Beam_1_2_14,17483,0.013323,0.18881,0.018063,2,2,155,1,14,1,Beam_1_2_1,1201
1675,Beam_1_2_14,17503,0.013323,0.18881,0.019269,2,2,155,1,14,1,Beam_1_2_1,1201
1676,Beam_1_2_14,17457,0.0037953,0.1893,0.017724,2,2,155,1,14,1,Beam_1_2_1,1201
1677,Beam_1_2_14,17525,0.0037954,0.1893,0.018937,2,2,155,1,14,1,Beam_1_2_1,1201
1678,Beam_1_2_14,17504,0.015213,0.1893,0.018935,2,2,155,1,14,1,Beam_1_2_1,1201
1679,Beam_1_2_14,17484,0.015213,0.1893,0.017723,2,2,155,1,14,1,Beam_1_2_1,1201
1680,Beam_1_2_14,17469,0.0071247,0.18943,0.017633,2,2,155,1,14,1,Beam_1_2_1,1201
1681,Beam_1_2_14,17513,0.0071248,0.18943,0.018847,2,2,155,1,14,1,Beam_1_2_1,1201
1682,Beam_1_2_14,17467,0.011896,0.18943,0.017633,2,2,155,1,14,1,Beam_1_2_1,1201
1683,Beam_1_2_14,17519,0.011896,0.18943,0.018847,2,2,155,1,14,1,Beam_1_2_1,1201
1684,Beam_1_2_14,17456,0.0018917,0.1898,0.017375,2,2,155,1,14,1,Beam_1_2_1,1201
1685,Beam_1_2_14,17524,0.0018918,0.1898,0.018595,2,2,155,1,14,1,Beam_1_2_1,1201
1686,Beam_1_2_14,17485,0.017112,0.1898,0.017374,2,2,155,1,14,1,Beam_1_2_1,1201
1687,Beam_1_2_14,17505,0.017112,0.1898,0.018594,2,2,155,1,14,1,Beam_1_2_1,1201
1688,Beam_1_2_14,17470,0.0047535,0.19005,0.017196,2,2,155,1,14,1,Beam_1_2_1,1201
1689,Beam_1_2_14,17514,0.0047537,0.19005,0.018419,2,2,155,1,14,1,Beam_1_2_1,1201
1690,Beam_1_2_14,17518,0.01426,0.19005,0.018419,2,2,155,1,14,1,Beam_1_2_1,1201
1691,Beam_1_2_14,17466,0.014261,0.19005,0.017196,2,2,155,1,14,1,Beam_1_2_1,1201
1692,Beam_1_2_14,17471,0.0023671,0.19068,0.016745,2,2,155,1,14,1,Beam_1_2_1,1201
1693,Beam_1_2_14,17515,0.0023672,0.19068,0.017978,2,2,155,1,14,1,Beam_1_2_1,1201
1694,Beam_1_2_14,17517,0.01664,0.19068,0.017978,2,2,155,1,14,1,Beam_1_2_1,1201
1695,Beam_1_2_14,17465,0.01664,0.19068,0.016745,2,2,155,1,14,1,Beam_1_2_1,1201
1696,Beam_1_2_14,25151,0.0,0.1918,0.016529,2,2,155,1,14,1,Beam_1_2_1,1201
1697,Beam_1_2_14,25154,0.00475,0.1918,0.016529,2,2,155,1,14,1,Beam_1_2_1,1201
1698,Beam_1_2_14,25153,0.0095,0.1918,0.016529,2,2,155,1,14,1,Beam_1_2_1,1201
1699,Beam_1_2_14,25152,0.01425,0.1918,0.016529,2,2,155,1,14,1,Beam_1_2_1,1201
1700,Beam_1_2_14,25150,0.019,0.1918,0.016529,2,2,155,1,14,1,Beam_1_2_1,1201
1701,Beam_1_2_15,16119,0.00159,0.19273,0.016457,2,2,101,1,15,2,Beam_1_2_2,1202
1702,Beam_1_2_15,16105,0.0015902,0.19273,0.015189,2,2,101,1,15,2,Beam_1_2_2,1202
1703,Beam_1_2_15,16121,0.01741,0.19273,0.016457,2,2,101,1,15,2,Beam_1_2_2,1202
1704,Beam_1_2_15,16095,0.01741,0.19273,0.015189,2,2,101,1,15,2,Beam_1_2_2,1202
1705,Beam_1_2_15,16118,0.0031705,0.19314,0.016135,2,2,101,1,15,2,Beam_1_2_2,1202
1706,Beam_1_2_15,16104,0.0031707,0.19314,0.01486,2,2,101,1,15,2,Beam_1_2_2,1202
1707,Beam_1_2_15,16096,0.015829,0.19314,0.01486,2,2,101,1,15,2,Beam_1_2_2,1202
1708,Beam_1_2_15,16122,0.01583,0.19314,0.016135,2,2,101,1,15,2,Beam_1_2_2,1202
1709,Beam_1_2_15,16117,0.0047588,0.19356,0.015807,2,2,101,1,15,2,Beam_1_2_2,1202
1710,Beam_1_2_15,16103,0.0047591,0.19356,0.014523,2,2,101,1,15,2,Beam_1_2_2,1202
1711,Beam_1_2_15,16123,0.014241,0.19356,0.015807,2,2,101,1,15,2,Beam_1_2_2,1202
1712,Beam_1_2_15,16097,0.014241,0.19356,0.014523,2,2,101,1,15,2,Beam_1_2_2,1202
1713,Beam_1_2_15,16146,0.0019075,0.19381,0.015606,2,2,101,1,15,2,Beam_1_2_2,1202
1714,Beam_1_2_15,16070,0.0019076,0.19381,0.014317,2,2,101,1,15,2,Beam_1_2_2,1202
1715,Beam_1_2_15,16132,0.017097,0.19382,0.015596,2,2,101,1,15,2,Beam_1_2_2,1202
1716,Beam_1_2_15,16088,0.017097,0.19382,0.014307,2,2,101,1,15,2,Beam_1_2_2,1202
1717,Beam_1_2_15,16116,0.0063372,0.19397,0.015475,2,2,101,1,15,2,Beam_1_2_2,1202
1718,Beam_1_2_15,16102,0.0063375,0.19397,0.014183,2,2,101,1,15,2,Beam_1_2_2,1202
1719,Beam_1_2_15,16098,0.012663,0.19397,0.014183,2,2,101,1,15,2,Beam_1_2_2,1202
1720,Beam_1_2_15,16124,0.012663,0.19397,0.015475,2,2,101,1,15,2,Beam_1_2_2,1202
1721,Beam_1_2_15,16145,0.0038004,0.19431,0.015203,2,2,101,1,15,2,Beam_1_2_2,1202
1722,Beam_1_2_15,16069,0.0038006,0.19431,0.013905,2,2,101,1,15,2,Beam_1_2_2,1202
1723,Beam_1_2_15,16131,0.015208,0.19432,0.015195,2,2,101,1,15,2,Beam_1_2_2,1202
1724,Beam_1_2_15,16087,0.015208,0.19432,0.013897,2,2,101,1,15,2,Beam_1_2_2,1202
1725,Beam_1_2_15,16115,0.0079238,0.19439,0.015136,2,2,101,1,15,2,Beam_1_2_2,1202
1726,Beam_1_2_15,16101,0.007924,0.19439,0.013836,2,2,101,1,15,2,Beam_1_2_2,1202
1727,Beam_1_2_15,16125,0.011076,0.19439,0.015136,2,2,101,1,15,2,Beam_1_2_2,1202
1728,Beam_1_2_15,16099,0.011076,0.19439,0.013836,2,2,101,1,15,2,Beam_1_2_2,1202
1729,Beam_1_2_15,16100,0.0095,0.1948,0.013486,2,2,101,1,15,2,Beam_1_2_2,1202
1730,Beam_1_2_15,16120,0.0095,0.1948,0.014794,2,2,101,1,15,2,Beam_1_2_2,1202
1731,Beam_1_2_15,16144,0.0057053,0.19481,0.01479,2,2,101,1,15,2,Beam_1_2_2,1202
1732,Beam_1_2_15,16068,0.0057054,0.19481,0.013482,2,2,101,1,15,2,Beam_1_2_2,1202
1733,Beam_1_2_15,16130,0.013307,0.19481,0.014785,2,2,101,1,15,2,Beam_1_2_2,1202
1734,Beam_1_2_15,16086,0.013307,0.19481,0.013476,2,2,101,1,15,2,Beam_1_2_2,1202
1735,Beam_1_2_15,16067,0.0075949,0.1953,0.013055,2,2,101,1,15,2,Beam_1_2_2,1202
1736,Beam_1_2_15,16147,0.0075949,0.1953,0.014373,2,2,101,1,15,2,Beam_1_2_2,1202
1737,Beam_1_2_15,16129,0.011422,0.19531,0.01437,2,2,101,1,15,2,Beam_1_2_2,1202
1738,Beam_1_2_15,16085,0.011422,0.19531,0.013051,2,2,101,1,15,2,Beam_1_2_2,1202
1739,Beam_1_2_15,16066,0.0056862,0.1958,0.012614,2,2,101,1,15,2,Beam_1_2_2,1202
1740,Beam_1_2_15,16150,0.0056863,0.1958,0.013944,2,2,101,1,15,2,Beam_1_2_2,1202
1741,Beam_1_2_15,16138,0.0095141,0.19581,0.013942,2,2,101,1,15,2,Beam_1_2_2,1202
1742,Beam_1_2_15,16078,0.0095141,0.19581,0.012612,2,2,101,1,15,2,Beam_1_2_2,1202
1743,Beam_1_2_15,16128,0.013326,0.19581,0.013941,2,2,101,1,15,2,Beam_1_2_2,1202
1744,Beam_1_2_15,16093,0.013326,0.19581,0.012611,2,2,101,1,15,2,Beam_1_2_2,1202
1745,Beam_1_2_15,16079,0.0079199,0.19622,0.012239,2,2,101,1,15,2,Beam_1_2_2,1202
1746,Beam_1_2_15,16133,0.0079201,0.19622,0.013578,2,2,101,1,15,2,Beam_1_2_2,1202
1747,Beam_1_2_15,16143,0.011103,0.19622,0.013578,2,2,101,1,15,2,Beam_1_2_2,1202
1748,Beam_1_2_15,16077,0.011104,0.19622,0.012239,2,2,101,1,15,2,Beam_1_2_2,1202
1749,Beam_1_2_15,16065,0.0037937,0.1963,0.012169,2,2,101,1,15,2,Beam_1_2_2,1202
1750,Beam_1_2_15,16149,0.003794,0.1963,0.01351,2,2,101,1,15,2,Beam_1_2_2,1202
1751,Beam_1_2_15,16127,0.015214,0.1963,0.013508,2,2,101,1,15,2,Beam_1_2_2,1202
1752,Beam_1_2_15,16092,0.015215,0.1963,0.012167,2,2,101,1,15,2,Beam_1_2_2,1202
1753,Beam_1_2_15,16080,0.0063373,0.19664,0.011862,2,2,101,1,15,2,Beam_1_2_2,1202
1754,Beam_1_2_15,16134,0.0063377,0.19664,0.013211,2,2,101,1,15,2,Beam_1_2_2,1202
1755,Beam_1_2_15,16142,0.012681,0.19664,0.013211,2,2,101,1,15,2,Beam_1_2_2,1202
1756,Beam_1_2_15,16076,0.012682,0.19664,0.011862,2,2,101,1,15,2,Beam_1_2_2,1202
1757,Beam_1_2_15,16064,0.0018883,0.1968,0.011712,2,2,101,1,15,2,Beam_1_2_2,1202
1758,Beam_1_2_15,16148,0.0018885,0.1968,0.013065,2,2,101,1,15,2,Beam_1_2_2,1202
1759,Beam_1_2_15,16091,0.017116,0.1968,0.011711,2,2,101,1,15,2,Beam_1_2_2,1202
1760,Beam_1_2_15,16126,0.017116,0.1968,0.013064,2,2,101,1,15,2,Beam_1_2_2,1202
1761,Beam_1_2_15,16081,0.0047454,0.19705,0.011477,2,2,101,1,15,2,Beam_1_2_2,1202
1762,Beam_1_2_15,16135,0.0047459,0.19705,0.012836,2,2,101,1,15,2,Beam_1_2_2,1202
1763,Beam_1_2_15,16141,0.014268,0.19705,0.012836,2,2,101,1,15,2,Beam_1_2_2,1202
1764,Beam_1_2_15,16075,0.014269,0.19705,0.011477,2,2,101,1,15,2,Beam_1_2_2,1202
1765,Beam_1_2_15,16082,0.0031658,0.19747,0.011088,2,2,101,1,15,2,Beam_1_2_2,1202
1766,Beam_1_2_15,16136,0.0031662,0.19747,0.012457,2,2,101,1,15,2,Beam_1_2_2,1202
1767,Beam_1_2_15,16140,0.015843,0.19747,0.012457,2,2,101,1,15,2,Beam_1_2_2,1202
1768,Beam_1_2_15,16074,0.015844,0.19747,0.011088,2,2,101,1,15,2,Beam_1_2_2,1202
1769,Beam_1_2_15,16083,0.0015765,0.19788,0.010691,2,2,101,1,15,2,Beam_1_2_2,1202
1770,Beam_1_2_15,16137,0.0015768,0.19788,0.01207,2,2,101,1,15,2,Beam_1_2_2,1202
1771,Beam_1_2_15,16139,0.017428,0.19788,0.01207,2,2,101,1,15,2,Beam_1_2_2,1202
1772,Beam_1_2_15,16073,0.017428,0.19788,0.010691,2,2,101,1,15,2,Beam_1_2_2,1202
1773,Beam_1_2_15,25142,0.0,0.19899,0.010367,2,2,101,1,15,2,Beam_1_2_2,1202
1774,Beam_1_2_15,25145,0.00475,0.19899,0.010367,2,2,101,1,15,2,Beam_1_2_2,1202
1775,Beam_1_2_15,25144,0.0095,0.19899,0.010367,2,2,101,1,15,2,Beam_1_2_2,1202
1776,Beam_1_2_15,25143,0.01425,0.19899,0.010367,2,2,101,1,15,2,Beam_1_2_2,1202
1777,Beam_1_2_15,25141,0.019,0.19899,0.010367,2,2,101,1,15,2,Beam_1_2_2,1202
1778,Beam_1_3_2,25133,0.0,0.20081,0.010193,3,3,11,1,2,15,Beam_1_3_15,1315
1779,Beam_1_3_2,25136,0.00475,0.20081,0.010193,3,3,11,1,2,15,Beam_1_3_15,1315
1780,Beam_1_3_2,25135,0.0095,0.20081,0.010193,3,3,11,1,2,15,Beam_1_3_15,1315
1781,Beam_1_3_2,25134,0.01425,0.20081,0.010193,3,3,11,1,2,15,Beam_1_3_15,1315
1782,Beam_1_3_2,25132,0.019,0.20081,0.010193,3,3,11,1,2,15,Beam_1_3_15,1315
1783,Beam_1_3_1,15555,0.0015739,0.20172,0.010308,3,3,83,1,1,14,Beam_1_3_14,1314
1784,Beam_1_3_1,15612,0.0015742,0.20172,0.011699,3,3,83,1,1,14,Beam_1_3_14,1314
1785,Beam_1_3_1,15601,0.017426,0.20172,0.011699,3,3,83,1,1,14,Beam_1_3_14,1314
1786,Beam_1_3_1,15556,0.017426,0.20172,0.010308,3,3,83,1,1,14,Beam_1_3_14,1314
1787,Beam_1_3_1,15554,0.0031608,0.20214,0.010713,3,3,83,1,1,14,Beam_1_3_14,1314
1788,Beam_1_3_1,15611,0.0031613,0.20214,0.012092,3,3,83,1,1,14,Beam_1_3_14,1314
1789,Beam_1_3_1,15557,0.015839,0.20214,0.010713,3,3,83,1,1,14,Beam_1_3_14,1314
1790,Beam_1_3_1,15602,0.015839,0.20214,0.012092,3,3,83,1,1,14,Beam_1_3_14,1314
1791,Beam_1_3_1,15553,0.0047376,0.20255,0.011108,3,3,83,1,1,14,Beam_1_3_14,1314
1792,Beam_1_3_1,15610,0.0047381,0.20255,0.012477,3,3,83,1,1,14,Beam_1_3_14,1314
1793,Beam_1_3_1,15603,0.014262,0.20255,0.012477,3,3,83,1,1,14,Beam_1_3_14,1314
1794,Beam_1_3_1,15558,0.014262,0.20255,0.011108,3,3,83,1,1,14,Beam_1_3_14,1314
1795,Beam_1_3_1,15575,0.001888,0.20281,0.011346,3,3,83,1,1,14,Beam_1_3_14,1314
1796,Beam_1_3_1,15586,0.0018882,0.20281,0.012708,3,3,83,1,1,14,Beam_1_3_14,1314
1797,Beam_1_3_1,15543,0.017116,0.20282,0.011357,3,3,83,1,1,14,Beam_1_3_14,1314
1798,Beam_1_3_1,15619,0.017116,0.20282,0.012719,3,3,83,1,1,14,Beam_1_3_14,1314
1799,Beam_1_3_1,15552,0.0063276,0.20297,0.0115,3,3,83,1,1,14,Beam_1_3_14,1314
1800,Beam_1_3_1,15609,0.0063281,0.20297,0.012858,3,3,83,1,1,14,Beam_1_3_14,1314
1801,Beam_1_3_1,15559,0.012672,0.20297,0.0115,3,3,83,1,1,14,Beam_1_3_14,1314
1802,Beam_1_3_1,15604,0.012672,0.20297,0.012858,3,3,83,1,1,14,Beam_1_3_14,1314
1803,Beam_1_3_1,15574,0.0037933,0.20331,0.01181,3,3,83,1,1,14,Beam_1_3_14,1314
1804,Beam_1_3_1,15585,0.0037936,0.20331,0.01316,3,3,83,1,1,14,Beam_1_3_14,1314
1805,Beam_1_3_1,15544,0.015215,0.20331,0.011819,3,3,83,1,1,14,Beam_1_3_14,1314
1806,Beam_1_3_1,15620,0.015215,0.20332,0.013169,3,3,83,1,1,14,Beam_1_3_14,1314
1807,Beam_1_3_1,15551,0.0079079,0.20339,0.011883,3,3,83,1,1,14,Beam_1_3_14,1314
1808,Beam_1_3_1,15608,0.0079081,0.20339,0.013232,3,3,83,1,1,14,Beam_1_3_14,1314
1809,Beam_1_3_1,15605,0.011092,0.20339,0.013232,3,3,83,1,1,14,Beam_1_3_14,1314
1810,Beam_1_3_1,15560,0.011092,0.20339,0.011883,3,3,83,1,1,14,Beam_1_3_14,1314
1811,Beam_1_3_1,15573,0.0056859,0.2038,0.012262,3,3,83,1,1,14,Beam_1_3_14,1314
1812,Beam_1_3_1,15584,0.0056861,0.2038,0.013601,3,3,83,1,1,14,Beam_1_3_14,1314
1813,Beam_1_3_1,15550,0.0095,0.2038,0.012263,3,3,83,1,1,14,Beam_1_3_14,1314
1814,Beam_1_3_1,15607,0.0095,0.2038,0.013602,3,3,83,1,1,14,Beam_1_3_14,1314
1815,Beam_1_3_1,15621,0.013326,0.20381,0.013607,3,3,83,1,1,14,Beam_1_3_14,1314
1816,Beam_1_3_1,15545,0.013327,0.20381,0.012268,3,3,83,1,1,14,Beam_1_3_14,1314
1817,Beam_1_3_1,15572,0.0075949,0.2043,0.012709,3,3,83,1,1,14,Beam_1_3_14,1314
1818,Beam_1_3_1,15583,0.0075949,0.2043,0.014037,3,3,83,1,1,14,Beam_1_3_14,1314
1819,Beam_1_3_1,15618,0.011422,0.20431,0.01404,3,3,83,1,1,14,Beam_1_3_14,1314
1820,Beam_1_3_1,15546,0.011422,0.20431,0.012713,3,3,83,1,1,14,Beam_1_3_14,1314
1821,Beam_1_3_1,15581,0.0057055,0.2048,0.01446,3,3,83,1,1,14,Beam_1_3_14,1314
1822,Beam_1_3_1,15578,0.0057057,0.2048,0.013143,3,3,83,1,1,14,Beam_1_3_14,1314
1823,Beam_1_3_1,15547,0.013307,0.2048,0.013146,3,3,83,1,1,14,Beam_1_3_14,1314
1824,Beam_1_3_1,15614,0.013307,0.2048,0.014463,3,3,83,1,1,14,Beam_1_3_14,1314
1825,Beam_1_3_1,15594,0.0095141,0.20481,0.014466,3,3,83,1,1,14,Beam_1_3_14,1314
1826,Beam_1_3_1,15561,0.0095141,0.20481,0.01315,3,3,83,1,1,14,Beam_1_3_14,1314
1827,Beam_1_3_1,15595,0.0079357,0.20522,0.014813,3,3,83,1,1,14,Beam_1_3_14,1314
1828,Beam_1_3_1,15562,0.0079359,0.20522,0.013505,3,3,83,1,1,14,Beam_1_3_14,1314
1829,Beam_1_3_1,15592,0.011088,0.20522,0.014813,3,3,83,1,1,14,Beam_1_3_14,1314
1830,Beam_1_3_1,15571,0.011088,0.20522,0.013505,3,3,83,1,1,14,Beam_1_3_14,1314
1831,Beam_1_3_1,15580,0.0038007,0.2053,0.014879,3,3,83,1,1,14,Beam_1_3_14,1314
1832,Beam_1_3_1,15577,0.0038009,0.2053,0.013573,3,3,83,1,1,14,Beam_1_3_14,1314
1833,Beam_1_3_1,15615,0.015208,0.2053,0.014881,3,3,83,1,1,14,Beam_1_3_14,1314
1834,Beam_1_3_1,15548,0.015208,0.2053,0.013574,3,3,83,1,1,14,Beam_1_3_14,1314
1835,Beam_1_3_1,15596,0.0063467,0.20564,0.015156,3,3,83,1,1,14,Beam_1_3_14,1314
1836,Beam_1_3_1,15563,0.006347,0.20564,0.013857,3,3,83,1,1,14,Beam_1_3_14,1314
1837,Beam_1_3_1,15570,0.012672,0.20564,0.013857,3,3,83,1,1,14,Beam_1_3_14,1314
1838,Beam_1_3_1,15591,0.012672,0.20564,0.015156,3,3,83,1,1,14,Beam_1_3_14,1314
1839,Beam_1_3_1,15579,0.0019077,0.2058,0.015287,3,3,83,1,1,14,Beam_1_3_14,1314
1840,Beam_1_3_1,15576,0.0019078,0.2058,0.013991,3,3,83,1,1,14,Beam_1_3_14,1314
1841,Beam_1_3_1,15549,0.017096,0.2058,0.013992,3,3,83,1,1,14,Beam_1_3_14,1314
1842,Beam_1_3_1,15616,0.017097,0.2058,0.015288,3,3,83,1,1,14,Beam_1_3_14,1314
1843,Beam_1_3_1,15597,0.0047664,0.20605,0.015493,3,3,83,1,1,14,Beam_1_3_14,1314
1844,Beam_1_3_1,15564,0.0047667,0.20605,0.014202,3,3,83,1,1,14,Beam_1_3_14,1314
1845,Beam_1_3_1,15569,0.014247,0.20605,0.014202,3,3,83,1,1,14,Beam_1_3_14,1314
1846,Beam_1_3_1,15590,0.014248,0.20605,0.015493,3,3,83,1,1,14,Beam_1_3_14,1314
1847,Beam_1_3_1,15598,0.0031753,0.20647,0.015826,3,3,83,1,1,14,Beam_1_3_14,1314
1848,Beam_1_3_1,15565,0.0031755,0.20647,0.014543,3,3,83,1,1,14,Beam_1_3_14,1314
1849,Beam_1_3_1,15568,0.015834,0.20647,0.014543,3,3,83,1,1,14,Beam_1_3_14,1314
1850,Beam_1_3_1,15589,0.015834,0.20647,0.015826,3,3,83,1,1,14,Beam_1_3_14,1314
1851,Beam_1_3_1,15599,0.0015925,0.20688,0.016152,3,3,83,1,1,14,Beam_1_3_14,1314
1852,Beam_1_3_1,15566,0.0015927,0.20688,0.014877,3,3,83,1,1,14,Beam_1_3_14,1314
1853,Beam_1_3_1,15588,0.017412,0.20688,0.016152,3,3,83,1,1,14,Beam_1_3_14,1314
1854,Beam_1_3_1,15567,0.017412,0.20688,0.014877,3,3,83,1,1,14,Beam_1_3_14,1314
1855,Beam_1_3_1,25223,0.0,0.2078,0.016231,3,3,83,1,1,14,Beam_1_3_14,1314
1856,Beam_1_3_1,25226,0.00475,0.2078,0.016231,3,3,83,1,1,14,Beam_1_3_14,1314
1857,Beam_1_3_1,25225,0.0095,0.2078,0.016231,3,3,83,1,1,14,Beam_1_3_14,1314
1858,Beam_1_3_1,25224,0.01425,0.2078,0.016231,3,3,83,1,1,14,Beam_1_3_14,1314
1859,Beam_1_3_1,25222,0.019,0.2078,0.016231,3,3,83,1,1,14,Beam_1_3_14,1314
1860,Beam_1_3_3,17035,0.0023633,0.20893,0.016456,3,3,137,1,3,13,Beam_1_3_13,1313
1861,Beam_1_3_3,17087,0.0023635,0.20893,0.017696,3,3,137,1,3,13,Beam_1_3_13,1313
1862,Beam_1_3_3,17038,0.016637,0.20893,0.016456,3,3,137,1,3,13,Beam_1_3_13,1313
1863,Beam_1_3_3,17081,0.016637,0.20893,0.017696,3,3,137,1,3,13,Beam_1_3_13,1313
1864,Beam_1_3_3,17034,0.0047461,0.20956,0.016914,3,3,137,1,3,13,Beam_1_3_13,1313
1865,Beam_1_3_3,17086,0.0047463,0.20956,0.018144,3,3,137,1,3,13,Beam_1_3_13,1313
1866,Beam_1_3_3,17039,0.014254,0.20956,0.016914,3,3,137,1,3,13,Beam_1_3_13,1313
1867,Beam_1_3_3,17082,0.014254,0.20956,0.018144,3,3,137,1,3,13,Beam_1_3_13,1313
1868,Beam_1_3_3,17092,0.017112,0.20982,0.018329,3,3,137,1,3,13,Beam_1_3_13,1313
1869,Beam_1_3_3,17024,0.017113,0.20982,0.017103,3,3,137,1,3,13,Beam_1_3_13,1313
1870,Beam_1_3_3,17033,0.0071139,0.21018,0.017358,3,3,137,1,3,13,Beam_1_3_13,1313
1871,Beam_1_3_3,17085,0.007114,0.21018,0.018579,3,3,137,1,3,13,Beam_1_3_13,1313
1872,Beam_1_3_3,17083,0.011886,0.21018,0.018579,3,3,137,1,3,13,Beam_1_3_13,1313
1873,Beam_1_3_3,17040,0.011886,0.21018,0.017358,3,3,137,1,3,13,Beam_1_3_13,1313
1874,Beam_1_3_3,17052,0.0037951,0.21031,0.017449,3,3,137,1,3,13,Beam_1_3_13,1313
1875,Beam_1_3_3,17072,0.0037953,0.21031,0.018668,3,3,137,1,3,13,Beam_1_3_13,1313
1876,Beam_1_3_3,17025,0.015213,0.21032,0.017456,3,3,137,1,3,13,Beam_1_3_13,1313
1877,Beam_1_3_3,17093,0.015213,0.21032,0.018674,3,3,137,1,3,13,Beam_1_3_13,1313
1878,Beam_1_3_3,17051,0.0056893,0.2108,0.017796,3,3,137,1,3,13,Beam_1_3_13,1313
1879,Beam_1_3_3,17071,0.0056894,0.2108,0.019007,3,3,137,1,3,13,Beam_1_3_13,1313
1880,Beam_1_3_3,17084,0.0095,0.2108,0.019007,3,3,137,1,3,13,Beam_1_3_13,1313
1881,Beam_1_3_3,17032,0.0095,0.2108,0.017796,3,3,137,1,3,13,Beam_1_3_13,1313
1882,Beam_1_3_3,17026,0.013323,0.21081,0.017801,3,3,137,1,3,13,Beam_1_3_13,1313
1883,Beam_1_3_3,17094,0.013323,0.21081,0.019011,3,3,137,1,3,13,Beam_1_3_13,1313
1884,Beam_1_3_3,17050,0.0075949,0.2113,0.018138,3,3,137,1,3,13,Beam_1_3_13,1313
1885,Beam_1_3_3,17070,0.0075949,0.2113,0.019342,3,3,137,1,3,13,Beam_1_3_13,1313
1886,Beam_1_3_3,17027,0.011422,0.21131,0.018141,3,3,137,1,3,13,Beam_1_3_13,1313
1887,Beam_1_3_3,17091,0.011422,0.21131,0.019345,3,3,137,1,3,13,Beam_1_3_13,1313
1888,Beam_1_3_3,17069,0.0057025,0.2118,0.019668,3,3,137,1,3,13,Beam_1_3_13,1313
1889,Beam_1_3_3,17058,0.0057026,0.2118,0.018471,3,3,137,1,3,13,Beam_1_3_13,1313
1890,Beam_1_3_3,17028,0.01331,0.2118,0.018473,3,3,137,1,3,13,Beam_1_3_13,1313
1891,Beam_1_3_3,17088,0.01331,0.2118,0.01967,3,3,137,1,3,13,Beam_1_3_13,1313
1892,Beam_1_3_3,17041,0.0095141,0.21181,0.018476,3,3,137,1,3,13,Beam_1_3_13,1313
1893,Beam_1_3_3,17077,0.0095141,0.21181,0.019673,3,3,137,1,3,13,Beam_1_3_13,1313
1894,Beam_1_3_3,17068,0.0037994,0.2123,0.01999,3,3,137,1,3,13,Beam_1_3_13,1313
1895,Beam_1_3_3,17057,0.0037995,0.2123,0.0188,3,3,137,1,3,13,Beam_1_3_13,1313
1896,Beam_1_3_3,17029,0.015209,0.2123,0.018801,3,3,137,1,3,13,Beam_1_3_13,1313
1897,Beam_1_3_3,17089,0.015209,0.2123,0.019992,3,3,137,1,3,13,Beam_1_3_13,1313
1898,Beam_1_3_3,17078,0.0071452,0.21243,0.020072,3,3,137,1,3,13,Beam_1_3_13,1313
1899,Beam_1_3_3,17042,0.0071453,0.21243,0.018883,3,3,137,1,3,13,Beam_1_3_13,1313
1900,Beam_1_3_3,17076,0.011876,0.21243,0.020072,3,3,137,1,3,13,Beam_1_3_13,1313
1901,Beam_1_3_3,17049,0.011876,0.21243,0.018883,3,3,137,1,3,13,Beam_1_3_13,1313
1902,Beam_1_3_3,17067,0.0019048,0.2128,0.020305,3,3,137,1,3,13,Beam_1_3_13,1313
1903,Beam_1_3_3,17056,0.0019049,0.2128,0.019121,3,3,137,1,3,13,Beam_1_3_13,1313
1904,Beam_1_3_3,17090,0.017099,0.2128,0.020306,3,3,137,1,3,13,Beam_1_3_13,1313
1905,Beam_1_3_3,17030,0.017099,0.2128,0.019122,3,3,137,1,3,13,Beam_1_3_13,1313
1906,Beam_1_3_3,17079,0.0047599,0.21305,0.020464,3,3,137,1,3,13,Beam_1_3_13,1313
1907,Beam_1_3_3,17043,0.00476,0.21305,0.019283,3,3,137,1,3,13,Beam_1_3_13,1313
1908,Beam_1_3_3,17048,0.014254,0.21305,0.019283,3,3,137,1,3,13,Beam_1_3_13,1313
1909,Beam_1_3_3,17075,0.014254,0.21305,0.020464,3,3,137,1,3,13,Beam_1_3_13,1313
1910,Beam_1_3_3,17080,0.0023877,0.21367,0.020845,3,3,137,1,3,13,Beam_1_3_13,1313
1911,Beam_1_3_3,17044,0.0023878,0.21367,0.019672,3,3,137,1,3,13,Beam_1_3_13,1313
1912,Beam_1_3_3,17047,0.016619,0.21367,0.019672,3,3,137,1,3,13,Beam_1_3_13,1313
1913,Beam_1_3_3,17074,0.016619,0.21367,0.020845,3,3,137,1,3,13,Beam_1_3_13,1313
1914,Beam_1_3_3,25232,0.0,0.2148,0.020937,3,3,137,1,3,13,Beam_1_3_13,1313
1915,Beam_1_3_3,25235,0.00475,0.2148,0.020937,3,3,137,1,3,13,Beam_1_3_13,1313
1916,Beam_1_3_3,25234,0.0095,0.2148,0.020937,3,3,137,1,3,13,Beam_1_3_13,1313
1917,Beam_1_3_3,25233,0.01425,0.2148,0.020937,3,3,137,1,3,13,Beam_1_3_13,1313
1918,Beam_1_3_3,25231,0.019,0.2148,0.020937,3,3,137,1,3,13,Beam_1_3_13,1313
1919,Beam_1_3_4,18326,0.0023669,0.21593,0.021013,3,3,191,1,4,12,Beam_1_3_12,1312
1920,Beam_1_3_4,18386,0.002367,0.21593,0.02216,3,3,191,1,4,12,Beam_1_3_12,1312
1921,Beam_1_3_4,18388,0.016633,0.21593,0.02216,3,3,191,1,4,12,Beam_1_3_12,1312
1922,Beam_1_3_4,18320,0.016633,0.21593,0.021013,3,3,191,1,4,12,Beam_1_3_12,1312
1923,Beam_1_3_4,18325,0.0047478,0.21656,0.021363,3,3,191,1,4,12,Beam_1_3_12,1312
1924,Beam_1_3_4,18385,0.0047479,0.21656,0.022504,3,3,191,1,4,12,Beam_1_3_12,1312
1925,Beam_1_3_4,18389,0.014252,0.21656,0.022504,3,3,191,1,4,12,Beam_1_3_12,1312
1926,Beam_1_3_4,18321,0.014252,0.21656,0.021363,3,3,191,1,4,12,Beam_1_3_12,1312
1927,Beam_1_3_4,18335,0.0018938,0.21681,0.021502,3,3,191,1,4,12,Beam_1_3_12,1312
1928,Beam_1_3_4,18379,0.0018938,0.21681,0.02264,3,3,191,1,4,12,Beam_1_3_12,1312
1929,Beam_1_3_4,18363,0.01711,0.21682,0.022646,3,3,191,1,4,12,Beam_1_3_12,1312
1930,Beam_1_3_4,18352,0.01711,0.21682,0.021508,3,3,191,1,4,12,Beam_1_3_12,1312
1931,Beam_1_3_4,18324,0.0071173,0.21718,0.021704,3,3,191,1,4,12,Beam_1_3_12,1312
1932,Beam_1_3_4,18384,0.0071173,0.21718,0.022838,3,3,191,1,4,12,Beam_1_3_12,1312
1933,Beam_1_3_4,18322,0.011883,0.21718,0.021704,3,3,191,1,4,12,Beam_1_3_12,1312
1934,Beam_1_3_4,18390,0.011883,0.21718,0.022838,3,3,191,1,4,12,Beam_1_3_12,1312
1935,Beam_1_3_4,18334,0.0037961,0.21731,0.021773,3,3,191,1,4,12,Beam_1_3_12,1312
1936,Beam_1_3_4,18378,0.0037961,0.21731,0.022906,3,3,191,1,4,12,Beam_1_3_12,1312
1937,Beam_1_3_4,18353,0.015212,0.21732,0.021778,3,3,191,1,4,12,Beam_1_3_12,1312
1938,Beam_1_3_4,18364,0.015212,0.21732,0.022911,3,3,191,1,4,12,Beam_1_3_12,1312
1939,Beam_1_3_4,18377,0.0056914,0.2178,0.023166,3,3,191,1,4,12,Beam_1_3_12,1312
1940,Beam_1_3_4,18333,0.0056914,0.2178,0.022038,3,3,191,1,4,12,Beam_1_3_12,1312
1941,Beam_1_3_4,18387,0.0095,0.2178,0.023166,3,3,191,1,4,12,Beam_1_3_12,1312
1942,Beam_1_3_4,18323,0.0095,0.2178,0.022038,3,3,191,1,4,12,Beam_1_3_12,1312
1943,Beam_1_3_4,18354,0.013321,0.21781,0.022042,3,3,191,1,4,12,Beam_1_3_12,1312
1944,Beam_1_3_4,18365,0.013321,0.21781,0.02317,3,3,191,1,4,12,Beam_1_3_12,1312
1945,Beam_1_3_4,18332,0.0075949,0.2183,0.022299,3,3,191,1,4,12,Beam_1_3_12,1312
1946,Beam_1_3_4,18380,0.0075949,0.2183,0.023423,3,3,191,1,4,12,Beam_1_3_12,1312
1947,Beam_1_3_4,18366,0.011422,0.21831,0.023425,3,3,191,1,4,12,Beam_1_3_12,1312
1948,Beam_1_3_4,18346,0.011422,0.21831,0.022301,3,3,191,1,4,12,Beam_1_3_12,1312
1949,Beam_1_3_4,18383,0.0057006,0.2188,0.023673,3,3,191,1,4,12,Beam_1_3_12,1312
1950,Beam_1_3_4,18331,0.0057007,0.2188,0.022553,3,3,191,1,4,12,Beam_1_3_12,1312
1951,Beam_1_3_4,18347,0.013312,0.2188,0.022555,3,3,191,1,4,12,Beam_1_3_12,1312
1952,Beam_1_3_4,18367,0.013312,0.2188,0.023674,3,3,191,1,4,12,Beam_1_3_12,1312
1953,Beam_1_3_4,18373,0.0095141,0.21881,0.023676,3,3,191,1,4,12,Beam_1_3_12,1312
1954,Beam_1_3_4,18341,0.0095141,0.21881,0.022557,3,3,191,1,4,12,Beam_1_3_12,1312
1955,Beam_1_3_4,18382,0.0037986,0.2193,0.023919,3,3,191,1,4,12,Beam_1_3_12,1312
1956,Beam_1_3_4,18330,0.0037987,0.2193,0.022804,3,3,191,1,4,12,Beam_1_3_12,1312
1957,Beam_1_3_4,18368,0.01521,0.2193,0.02392,3,3,191,1,4,12,Beam_1_3_12,1312
1958,Beam_1_3_4,18348,0.01521,0.2193,0.022805,3,3,191,1,4,12,Beam_1_3_12,1312
1959,Beam_1_3_4,18370,0.0071423,0.21943,0.023981,3,3,191,1,4,12,Beam_1_3_12,1312
1960,Beam_1_3_4,18342,0.0071424,0.21943,0.022867,3,3,191,1,4,12,Beam_1_3_12,1312
1961,Beam_1_3_4,18340,0.011879,0.21943,0.022867,3,3,191,1,4,12,Beam_1_3_12,1312
1962,Beam_1_3_4,18376,0.011879,0.21943,0.023981,3,3,191,1,4,12,Beam_1_3_12,1312
1963,Beam_1_3_4,18329,0.001903,0.2198,0.023049,3,3,191,1,4,12,Beam_1_3_12,1312
1964,Beam_1_3_4,18381,0.001903,0.2198,0.024159,3,3,191,1,4,12,Beam_1_3_12,1312
1965,Beam_1_3_4,18369,0.017101,0.2198,0.02416,3,3,191,1,4,12,Beam_1_3_12,1312
1966,Beam_1_3_4,18349,0.017101,0.2198,0.023049,3,3,191,1,4,12,Beam_1_3_12,1312
1967,Beam_1_3_4,18371,0.0047588,0.22005,0.02428,3,3,191,1,4,12,Beam_1_3_12,1312
1968,Beam_1_3_4,18343,0.0047588,0.22005,0.023172,3,3,191,1,4,12,Beam_1_3_12,1312
1969,Beam_1_3_4,18339,0.014255,0.22005,0.023172,3,3,191,1,4,12,Beam_1_3_12,1312
1970,Beam_1_3_4,18375,0.014255,0.22005,0.02428,3,3,191,1,4,12,Beam_1_3_12,1312
1971,Beam_1_3_4,18372,0.0023849,0.22067,0.02457,3,3,191,1,4,12,Beam_1_3_12,1312
1972,Beam_1_3_4,18344,0.002385,0.22067,0.023467,3,3,191,1,4,12,Beam_1_3_12,1312
1973,Beam_1_3_4,18338,0.016622,0.22067,0.023467,3,3,191,1,4,12,Beam_1_3_12,1312
1974,Beam_1_3_4,18374,0.016622,0.22067,0.02457,3,3,191,1,4,12,Beam_1_3_12,1312
1975,Beam_1_3_4,25241,0.0,0.2218,0.024532,3,3,191,1,4,12,Beam_1_3_12,1312
1976,Beam_1_3_4,25244,0.00475,0.2218,0.024532,3,3,191,1,4,12,Beam_1_3_12,1312
1977,Beam_1_3_4,25243,0.0095,0.2218,0.024532,3,3,191,1,4,12,Beam_1_3_12,1312
1978,Beam_1_3_4,25242,0.01425,0.2218,0.024532,3,3,191,1,4,12,Beam_1_3_12,1312
1979,Beam_1_3_4,25240,0.019,0.2218,0.024532,3,3,191,1,4,12,Beam_1_3_12,1312
1980,Beam_1_3_5,19682,0.0023693,0.22293,0.025565,3,3,245,1,5,11,Beam_1_3_11,1311
1981,Beam_1_3_5,19622,0.0023693,0.22293,0.024479,3,3,245,1,5,11,Beam_1_3_11,1311
1982,Beam_1_3_5,19684,0.016631,0.22293,0.025565,3,3,245,1,5,11,Beam_1_3_11,1311
1983,Beam_1_3_5,19616,0.016631,0.22293,0.024479,3,3,245,1,5,11,Beam_1_3_11,1311
1984,Beam_1_3_5,19621,0.0047486,0.22356,0.024742,3,3,245,1,5,11,Beam_1_3_11,1311
1985,Beam_1_3_5,19681,0.0047486,0.22356,0.025823,3,3,245,1,5,11,Beam_1_3_11,1311
1986,Beam_1_3_5,19617,0.014251,0.22356,0.024742,3,3,245,1,5,11,Beam_1_3_11,1311
1987,Beam_1_3_5,19685,0.014251,0.22356,0.025823,3,3,245,1,5,11,Beam_1_3_11,1311
1988,Beam_1_3_5,19631,0.0018952,0.22381,0.024845,3,3,245,1,5,11,Beam_1_3_11,1311
1989,Beam_1_3_5,19675,0.0018953,0.22381,0.025925,3,3,245,1,5,11,Beam_1_3_11,1311
1990,Beam_1_3_5,19659,0.017109,0.22382,0.02593,3,3,245,1,5,11,Beam_1_3_11,1311
1991,Beam_1_3_5,19648,0.017109,0.22382,0.02485,3,3,245,1,5,11,Beam_1_3_11,1311
1992,Beam_1_3_5,19680,0.0071196,0.22418,0.026074,3,3,245,1,5,11,Beam_1_3_11,1311
1993,Beam_1_3_5,19620,0.0071196,0.22418,0.024996,3,3,245,1,5,11,Beam_1_3_11,1311
1994,Beam_1_3_5,19618,0.01188,0.22418,0.024996,3,3,245,1,5,11,Beam_1_3_11,1311
1995,Beam_1_3_5,19686,0.01188,0.22418,0.026074,3,3,245,1,5,11,Beam_1_3_11,1311
1996,Beam_1_3_5,19674,0.0037966,0.22431,0.026124,3,3,245,1,5,11,Beam_1_3_11,1311
1997,Beam_1_3_5,19630,0.0037966,0.22431,0.025048,3,3,245,1,5,11,Beam_1_3_11,1311
1998,Beam_1_3_5,19649,0.015212,0.22432,0.025052,3,3,245,1,5,11,Beam_1_3_11,1311
1999,Beam_1_3_5,19660,0.015212,0.22432,0.026128,3,3,245,1,5,11,Beam_1_3_11,1311
2000,Beam_1_3_5,19629,0.0056928,0.2248,0.025245,3,3,245,1,5,11,Beam_1_3_11,1311
2001,Beam_1_3_5,19673,0.0056929,0.2248,0.026318,3,3,245,1,5,11,Beam_1_3_11,1311
2002,Beam_1_3_5,19683,0.0095,0.2248,0.026318,3,3,245,1,5,11,Beam_1_3_11,1311
2003,Beam_1_3_5,19619,0.0095,0.2248,0.025245,3,3,245,1,5,11,Beam_1_3_11,1311
2004,Beam_1_3_5,19661,0.01332,0.22481,0.026321,3,3,245,1,5,11,Beam_1_3_11,1311
2005,Beam_1_3_5,19650,0.01332,0.22481,0.025248,3,3,245,1,5,11,Beam_1_3_11,1311
2006,Beam_1_3_5,19628,0.0075949,0.2253,0.025439,3,3,245,1,5,11,Beam_1_3_11,1311
2007,Beam_1_3_5,19676,0.0075949,0.2253,0.026509,3,3,245,1,5,11,Beam_1_3_11,1311
2008,Beam_1_3_5,19642,0.011422,0.22531,0.025441,3,3,245,1,5,11,Beam_1_3_11,1311
2009,Beam_1_3_5,19662,0.011422,0.22531,0.02651,3,3,245,1,5,11,Beam_1_3_11,1311
2010,Beam_1_3_5,19679,0.0056993,0.2258,0.026694,3,3,245,1,5,11,Beam_1_3_11,1311
2011,Beam_1_3_5,19627,0.0056993,0.2258,0.025627,3,3,245,1,5,11,Beam_1_3_11,1311
2012,Beam_1_3_5,19663,0.013313,0.2258,0.026695,3,3,245,1,5,11,Beam_1_3_11,1311
2013,Beam_1_3_5,19643,0.013313,0.2258,0.025629,3,3,245,1,5,11,Beam_1_3_11,1311
2014,Beam_1_3_5,19637,0.0095141,0.22581,0.02563,3,3,245,1,5,11,Beam_1_3_11,1311
2015,Beam_1_3_5,19669,0.0095141,0.22581,0.026696,3,3,245,1,5,11,Beam_1_3_11,1311
2016,Beam_1_3_5,19678,0.0037982,0.2263,0.026876,3,3,245,1,5,11,Beam_1_3_11,1311
2017,Beam_1_3_5,19626,0.0037982,0.2263,0.025812,3,3,245,1,5,11,Beam_1_3_11,1311
2018,Beam_1_3_5,19644,0.01521,0.2263,0.025813,3,3,245,1,5,11,Beam_1_3_11,1311
2019,Beam_1_3_5,19664,0.01521,0.2263,0.026877,3,3,245,1,5,11,Beam_1_3_11,1311
2020,Beam_1_3_5,19638,0.0071403,0.22643,0.025859,3,3,245,1,5,11,Beam_1_3_11,1311
2021,Beam_1_3_5,19666,0.0071403,0.22643,0.026922,3,3,245,1,5,11,Beam_1_3_11,1311
2022,Beam_1_3_5,19636,0.011881,0.22643,0.025859,3,3,245,1,5,11,Beam_1_3_11,1311
2023,Beam_1_3_5,19672,0.011881,0.22643,0.026922,3,3,245,1,5,11,Beam_1_3_11,1311
2024,Beam_1_3_5,19677,0.0019017,0.2268,0.027053,3,3,245,1,5,11,Beam_1_3_11,1311
2025,Beam_1_3_5,19625,0.0019017,0.2268,0.025992,3,3,245,1,5,11,Beam_1_3_11,1311
2026,Beam_1_3_5,19665,0.017103,0.2268,0.027053,3,3,245,1,5,11,Beam_1_3_11,1311
2027,Beam_1_3_5,19645,0.017103,0.2268,0.025992,3,3,245,1,5,11,Beam_1_3_11,1311
2028,Beam_1_3_5,19667,0.0047581,0.22705,0.027142,3,3,245,1,5,11,Beam_1_3_11,1311
2029,Beam_1_3_5,19639,0.0047582,0.22705,0.026082,3,3,245,1,5,11,Beam_1_3_11,1311
2030,Beam_1_3_5,19671,0.014256,0.22705,0.027142,3,3,245,1,5,11,Beam_1_3_11,1311
2031,Beam_1_3_5,19635,0.014256,0.22705,0.026082,3,3,245,1,5,11,Beam_1_3_11,1311
2032,Beam_1_3_5,19668,0.0023829,0.22767,0.027354,3,3,245,1,5,11,Beam_1_3_11,1311
2033,Beam_1_3_5,19640,0.002383,0.22767,0.026298,3,3,245,1,5,11,Beam_1_3_11,1311
2034,Beam_1_3_5,19634,0.016624,0.22767,0.026298,3,3,245,1,5,11,Beam_1_3_11,1311
2035,Beam_1_3_5,19670,0.016624,0.22767,0.027354,3,3,245,1,5,11,Beam_1_3_11,1311
2036,Beam_1_3_5,25250,0.0,0.2288,0.027198,3,3,245,1,5,11,Beam_1_3_11,1311
2037,Beam_1_3_5,25253,0.00475,0.2288,0.027198,3,3,245,1,5,11,Beam_1_3_11,1311
2038,Beam_1_3_5,25252,0.0095,0.2288,0.027198,3,3,245,1,5,11,Beam_1_3_11,1311
2039,Beam_1_3_5,25251,0.01425,0.2288,0.027198,3,3,245,1,5,11,Beam_1_3_11,1311
2040,Beam_1_3_5,25249,0.019,0.2288,0.027198,3,3,245,1,5,11,Beam_1_3_11,1311
2041,Beam_1_3_6,20946,0.0023711,0.22993,0.027027,3,3,299,1,6,10,Beam_1_3_10,1310
2042,Beam_1_3_6,20953,0.0023712,0.22993,0.028072,3,3,299,1,6,10,Beam_1_3_10,1310
2043,Beam_1_3_6,20912,0.016629,0.22993,0.027027,3,3,299,1,6,10,Beam_1_3_10,1310
2044,Beam_1_3_6,20980,0.016629,0.22993,0.028072,3,3,299,1,6,10,Beam_1_3_10,1310
2045,Beam_1_3_6,20945,0.0047491,0.23056,0.027214,3,3,299,1,6,10,Beam_1_3_10,1310
2046,Beam_1_3_6,20952,0.0047491,0.23056,0.028256,3,3,299,1,6,10,Beam_1_3_10,1310
2047,Beam_1_3_6,20913,0.014251,0.23056,0.027214,3,3,299,1,6,10,Beam_1_3_10,1310
2048,Beam_1_3_6,20981,0.014251,0.23056,0.028256,3,3,299,1,6,10,Beam_1_3_10,1310
2049,Beam_1_3_6,20923,0.0018964,0.23081,0.027287,3,3,299,1,6,10,Beam_1_3_10,1310
2050,Beam_1_3_6,20975,0.0018964,0.23081,0.028328,3,3,299,1,6,10,Beam_1_3_10,1310
2051,Beam_1_3_6,20959,0.017108,0.23082,0.028331,3,3,299,1,6,10,Beam_1_3_10,1310
2052,Beam_1_3_6,20940,0.017108,0.23082,0.027291,3,3,299,1,6,10,Beam_1_3_10,1310
2053,Beam_1_3_6,20944,0.0071214,0.23118,0.027394,3,3,299,1,6,10,Beam_1_3_10,1310
2054,Beam_1_3_6,20951,0.0071214,0.23118,0.028432,3,3,299,1,6,10,Beam_1_3_10,1310
2055,Beam_1_3_6,20914,0.011879,0.23118,0.027394,3,3,299,1,6,10,Beam_1_3_10,1310
2056,Beam_1_3_6,20982,0.011879,0.23118,0.028432,3,3,299,1,6,10,Beam_1_3_10,1310
2057,Beam_1_3_6,20974,0.0037969,0.23131,0.028468,3,3,299,1,6,10,Beam_1_3_10,1310
2058,Beam_1_3_6,20922,0.0037969,0.23131,0.02743,3,3,299,1,6,10,Beam_1_3_10,1310
2059,Beam_1_3_6,20960,0.015212,0.23132,0.028471,3,3,299,1,6,10,Beam_1_3_10,1310
2060,Beam_1_3_6,20941,0.015212,0.23132,0.027432,3,3,299,1,6,10,Beam_1_3_10,1310
2061,Beam_1_3_6,20921,0.0056939,0.2318,0.027568,3,3,299,1,6,10,Beam_1_3_10,1310
2062,Beam_1_3_6,20973,0.005694,0.2318,0.028604,3,3,299,1,6,10,Beam_1_3_10,1310
2063,Beam_1_3_6,20954,0.0095,0.2318,0.028604,3,3,299,1,6,10,Beam_1_3_10,1310
2064,Beam_1_3_6,20915,0.0095,0.2318,0.027567,3,3,299,1,6,10,Beam_1_3_10,1310
2065,Beam_1_3_6,20961,0.013319,0.23181,0.028606,3,3,299,1,6,10,Beam_1_3_10,1310
2066,Beam_1_3_6,20942,0.013319,0.23181,0.02757,3,3,299,1,6,10,Beam_1_3_10,1310
2067,Beam_1_3_6,20920,0.0075949,0.2323,0.027702,3,3,299,1,6,10,Beam_1_3_10,1310
2068,Beam_1_3_6,20976,0.0075949,0.2323,0.028736,3,3,299,1,6,10,Beam_1_3_10,1310
2069,Beam_1_3_6,20934,0.011422,0.23231,0.027703,3,3,299,1,6,10,Beam_1_3_10,1310
2070,Beam_1_3_6,20962,0.011422,0.23231,0.028737,3,3,299,1,6,10,Beam_1_3_10,1310
2071,Beam_1_3_6,20979,0.0056982,0.2328,0.028864,3,3,299,1,6,10,Beam_1_3_10,1310
2072,Beam_1_3_6,20919,0.0056982,0.2328,0.027832,3,3,299,1,6,10,Beam_1_3_10,1310
2073,Beam_1_3_6,20935,0.013314,0.2328,0.027833,3,3,299,1,6,10,Beam_1_3_10,1310
2074,Beam_1_3_6,20963,0.013314,0.2328,0.028865,3,3,299,1,6,10,Beam_1_3_10,1310
2075,Beam_1_3_6,20969,0.0095141,0.23281,0.028866,3,3,299,1,6,10,Beam_1_3_10,1310
2076,Beam_1_3_6,20929,0.0095141,0.23281,0.027834,3,3,299,1,6,10,Beam_1_3_10,1310
2077,Beam_1_3_6,20918,0.0037979,0.2333,0.027959,3,3,299,1,6,10,Beam_1_3_10,1310
2078,Beam_1_3_6,20978,0.0037979,0.2333,0.028989,3,3,299,1,6,10,Beam_1_3_10,1310
2079,Beam_1_3_6,20936,0.015211,0.2333,0.027959,3,3,299,1,6,10,Beam_1_3_10,1310
2080,Beam_1_3_6,20964,0.015211,0.2333,0.028989,3,3,299,1,6,10,Beam_1_3_10,1310
2081,Beam_1_3_6,20930,0.0071386,0.23343,0.027991,3,3,299,1,6,10,Beam_1_3_10,1310
2082,Beam_1_3_6,20966,0.0071386,0.23343,0.02902,3,3,299,1,6,10,Beam_1_3_10,1310
2083,Beam_1_3_6,20928,0.011882,0.23343,0.027991,3,3,299,1,6,10,Beam_1_3_10,1310
2084,Beam_1_3_6,20972,0.011882,0.23343,0.02902,3,3,299,1,6,10,Beam_1_3_10,1310
2085,Beam_1_3_6,20977,0.0019007,0.2338,0.029109,3,3,299,1,6,10,Beam_1_3_10,1310
2086,Beam_1_3_6,20917,0.0019007,0.2338,0.028081,3,3,299,1,6,10,Beam_1_3_10,1310
2087,Beam_1_3_6,20965,0.017104,0.2338,0.02911,3,3,299,1,6,10,Beam_1_3_10,1310
2088,Beam_1_3_6,20937,0.017104,0.2338,0.028081,3,3,299,1,6,10,Beam_1_3_10,1310
2089,Beam_1_3_6,20967,0.0047577,0.23405,0.029169,3,3,299,1,6,10,Beam_1_3_10,1310
2090,Beam_1_3_6,20931,0.0047577,0.23405,0.028142,3,3,299,1,6,10,Beam_1_3_10,1310
2091,Beam_1_3_6,20971,0.014256,0.23405,0.029169,3,3,299,1,6,10,Beam_1_3_10,1310
2092,Beam_1_3_6,20927,0.014256,0.23405,0.028142,3,3,299,1,6,10,Beam_1_3_10,1310
2093,Beam_1_3_6,20968,0.0023814,0.23467,0.029312,3,3,299,1,6,10,Beam_1_3_10,1310
2094,Beam_1_3_6,20932,0.0023814,0.23467,0.028286,3,3,299,1,6,10,Beam_1_3_10,1310
2095,Beam_1_3_6,20926,0.016626,0.23467,0.028286,3,3,299,1,6,10,Beam_1_3_10,1310
2096,Beam_1_3_6,20970,0.016626,0.23467,0.029312,3,3,299,1,6,10,Beam_1_3_10,1310
2097,Beam_1_3_6,25259,0.0,0.2358,0.029044,3,3,299,1,6,10,Beam_1_3_10,1310
2098,Beam_1_3_6,25262,0.00475,0.2358,0.029044,3,3,299,1,6,10,Beam_1_3_10,1310
2099,Beam_1_3_6,25261,0.0095,0.2358,0.029044,3,3,299,1,6,10,Beam_1_3_10,1310
2100,Beam_1_3_6,25260,0.01425,0.2358,0.029044,3,3,299,1,6,10,Beam_1_3_10,1310
2101,Beam_1_3_6,25258,0.019,0.2358,0.029044,3,3,299,1,6,10,Beam_1_3_10,1310
2102,Beam_1_3_7,22214,0.0023726,0.23693,0.028762,3,3,353,1,7,9,Beam_1_3_9,1309
2103,Beam_1_3_7,22274,0.0023726,0.23693,0.02978,3,3,353,1,7,9,Beam_1_3_9,1309
2104,Beam_1_3_7,22276,0.016627,0.23693,0.02978,3,3,353,1,7,9,Beam_1_3_9,1309
2105,Beam_1_3_7,22208,0.016627,0.23693,0.028762,3,3,353,1,7,9,Beam_1_3_9,1309
2106,Beam_1_3_7,22213,0.0047495,0.23756,0.028879,3,3,353,1,7,9,Beam_1_3_9,1309
2107,Beam_1_3_7,22273,0.0047495,0.23756,0.029895,3,3,353,1,7,9,Beam_1_3_9,1309
2108,Beam_1_3_7,22277,0.014251,0.23756,0.029895,3,3,353,1,7,9,Beam_1_3_9,1309
2109,Beam_1_3_7,22209,0.014251,0.23756,0.028879,3,3,353,1,7,9,Beam_1_3_9,1309
2110,Beam_1_3_7,22267,0.0018973,0.23781,0.02994,3,3,353,1,7,9,Beam_1_3_9,1309
2111,Beam_1_3_7,22223,0.0018973,0.23781,0.028924,3,3,353,1,7,9,Beam_1_3_9,1309
2112,Beam_1_3_7,22251,0.017107,0.23782,0.029942,3,3,353,1,7,9,Beam_1_3_9,1309
2113,Beam_1_3_7,22240,0.017107,0.23782,0.028927,3,3,353,1,7,9,Beam_1_3_9,1309
2114,Beam_1_3_7,22212,0.0071228,0.23818,0.02899,3,3,353,1,7,9,Beam_1_3_9,1309
2115,Beam_1_3_7,22272,0.0071229,0.23818,0.030005,3,3,353,1,7,9,Beam_1_3_9,1309
2116,Beam_1_3_7,22210,0.011877,0.23818,0.02899,3,3,353,1,7,9,Beam_1_3_9,1309
2117,Beam_1_3_7,22278,0.011877,0.23818,0.030005,3,3,353,1,7,9,Beam_1_3_9,1309
2118,Beam_1_3_7,22222,0.0037971,0.23831,0.029012,3,3,353,1,7,9,Beam_1_3_9,1309
2119,Beam_1_3_7,22266,0.0037971,0.23831,0.030027,3,3,353,1,7,9,Beam_1_3_9,1309
2120,Beam_1_3_7,22252,0.015211,0.23832,0.030028,3,3,353,1,7,9,Beam_1_3_9,1309
2121,Beam_1_3_7,22241,0.015211,0.23832,0.029014,3,3,353,1,7,9,Beam_1_3_9,1309
2122,Beam_1_3_7,22221,0.0056949,0.2388,0.029096,3,3,353,1,7,9,Beam_1_3_9,1309
2123,Beam_1_3_7,22265,0.0056949,0.2388,0.030109,3,3,353,1,7,9,Beam_1_3_9,1309
2124,Beam_1_3_7,22211,0.0095,0.2388,0.029096,3,3,353,1,7,9,Beam_1_3_9,1309
2125,Beam_1_3_7,22275,0.0095,0.2388,0.030109,3,3,353,1,7,9,Beam_1_3_9,1309
2126,Beam_1_3_7,22253,0.013318,0.23881,0.03011,3,3,353,1,7,9,Beam_1_3_9,1309
2127,Beam_1_3_7,22242,0.013318,0.23881,0.029097,3,3,353,1,7,9,Beam_1_3_9,1309
2128,Beam_1_3_7,22268,0.0075949,0.2393,0.030188,3,3,353,1,7,9,Beam_1_3_9,1309
2129,Beam_1_3_7,22220,0.0075949,0.2393,0.029176,3,3,353,1,7,9,Beam_1_3_9,1309
2130,Beam_1_3_7,22234,0.011422,0.23931,0.029177,3,3,353,1,7,9,Beam_1_3_9,1309
2131,Beam_1_3_7,22254,0.011422,0.23931,0.030189,3,3,353,1,7,9,Beam_1_3_9,1309
2132,Beam_1_3_7,22219,0.0056973,0.2398,0.029252,3,3,353,1,7,9,Beam_1_3_9,1309
2133,Beam_1_3_7,22271,0.0056973,0.2398,0.030263,3,3,353,1,7,9,Beam_1_3_9,1309
2134,Beam_1_3_7,22235,0.013315,0.2398,0.029253,3,3,353,1,7,9,Beam_1_3_9,1309
2135,Beam_1_3_7,22255,0.013315,0.2398,0.030264,3,3,353,1,7,9,Beam_1_3_9,1309
2136,Beam_1_3_7,22229,0.0095141,0.23981,0.029253,3,3,353,1,7,9,Beam_1_3_9,1309
2137,Beam_1_3_7,22261,0.0095141,0.23981,0.030264,3,3,353,1,7,9,Beam_1_3_9,1309
2138,Beam_1_3_7,22270,0.0037977,0.2403,0.030335,3,3,353,1,7,9,Beam_1_3_9,1309
2139,Beam_1_3_7,22218,0.0037977,0.2403,0.029325,3,3,353,1,7,9,Beam_1_3_9,1309
2140,Beam_1_3_7,22256,0.015211,0.2403,0.030335,3,3,353,1,7,9,Beam_1_3_9,1309
2141,Beam_1_3_7,22236,0.015211,0.2403,0.029325,3,3,353,1,7,9,Beam_1_3_9,1309
2142,Beam_1_3_7,22230,0.0071373,0.24043,0.029343,3,3,353,1,7,9,Beam_1_3_9,1309
2143,Beam_1_3_7,22258,0.0071373,0.24043,0.030353,3,3,353,1,7,9,Beam_1_3_9,1309
2144,Beam_1_3_7,22228,0.011884,0.24043,0.029343,3,3,353,1,7,9,Beam_1_3_9,1309
2145,Beam_1_3_7,22264,0.011884,0.24043,0.030353,3,3,353,1,7,9,Beam_1_3_9,1309
2146,Beam_1_3_7,22269,0.0018998,0.2408,0.030403,3,3,353,1,7,9,Beam_1_3_9,1309
2147,Beam_1_3_7,22217,0.0018998,0.2408,0.029394,3,3,353,1,7,9,Beam_1_3_9,1309
2148,Beam_1_3_7,22257,0.017104,0.2408,0.030403,3,3,353,1,7,9,Beam_1_3_9,1309
2149,Beam_1_3_7,22237,0.017104,0.2408,0.029394,3,3,353,1,7,9,Beam_1_3_9,1309
2150,Beam_1_3_7,22231,0.0047574,0.24105,0.029427,3,3,353,1,7,9,Beam_1_3_9,1309
2151,Beam_1_3_7,22259,0.0047574,0.24105,0.030436,3,3,353,1,7,9,Beam_1_3_9,1309
2152,Beam_1_3_7,22227,0.014257,0.24105,0.029427,3,3,353,1,7,9,Beam_1_3_9,1309
2153,Beam_1_3_7,22263,0.014257,0.24105,0.030436,3,3,353,1,7,9,Beam_1_3_9,1309
2154,Beam_1_3_7,22232,0.00238,0.24167,0.029506,3,3,353,1,7,9,Beam_1_3_9,1309
2155,Beam_1_3_7,22260,0.00238,0.24167,0.030513,3,3,353,1,7,9,Beam_1_3_9,1309
2156,Beam_1_3_7,22226,0.016627,0.24167,0.029506,3,3,353,1,7,9,Beam_1_3_9,1309
2157,Beam_1_3_7,22262,0.016627,0.24167,0.030513,3,3,353,1,7,9,Beam_1_3_9,1309
2158,Beam_1_3_7,25268,0.0,0.2428,0.030136,3,3,353,1,7,9,Beam_1_3_9,1309
2159,Beam_1_3_7,25271,0.00475,0.2428,0.030136,3,3,353,1,7,9,Beam_1_3_9,1309
2160,Beam_1_3_7,25270,0.0095,0.2428,0.030136,3,3,353,1,7,9,Beam_1_3_9,1309
2161,Beam_1_3_7,25269,0.01425,0.2428,0.030136,3,3,353,1,7,9,Beam_1_3_9,1309
2162,Beam_1_3_7,25267,0.019,0.2428,0.030136,3,3,353,1,7,9,Beam_1_3_9,1309
2163,Beam_1_3_8,23570,0.0023739,0.24393,0.030747,3,3,407,1,8,8,Beam_1_3_8,1308
2164,Beam_1_3_8,23510,0.0023739,0.24393,0.029743,3,3,407,1,8,8,Beam_1_3_8,1308
2165,Beam_1_3_8,23572,0.016626,0.24393,0.030747,3,3,407,1,8,8,Beam_1_3_8,1308
2166,Beam_1_3_8,23504,0.016626,0.24393,0.029743,3,3,407,1,8,8,Beam_1_3_8,1308
2167,Beam_1_3_8,23509,0.0047498,0.24456,0.029795,3,3,407,1,8,8,Beam_1_3_8,1308
2168,Beam_1_3_8,23569,0.0047498,0.24456,0.030798,3,3,407,1,8,8,Beam_1_3_8,1308
2169,Beam_1_3_8,23573,0.01425,0.24456,0.030798,3,3,407,1,8,8,Beam_1_3_8,1308
2170,Beam_1_3_8,23505,0.01425,0.24456,0.029795,3,3,407,1,8,8,Beam_1_3_8,1308
2171,Beam_1_3_8,23563,0.0018981,0.24481,0.030817,3,3,407,1,8,8,Beam_1_3_8,1308
2172,Beam_1_3_8,23519,0.0018981,0.24481,0.029815,3,3,407,1,8,8,Beam_1_3_8,1308
2173,Beam_1_3_8,23547,0.017106,0.24482,0.030818,3,3,407,1,8,8,Beam_1_3_8,1308
2174,Beam_1_3_8,23536,0.017106,0.24482,0.029816,3,3,407,1,8,8,Beam_1_3_8,1308
2175,Beam_1_3_8,23508,0.0071241,0.24518,0.029842,3,3,407,1,8,8,Beam_1_3_8,1308
2176,Beam_1_3_8,23568,0.0071241,0.24518,0.030844,3,3,407,1,8,8,Beam_1_3_8,1308
2177,Beam_1_3_8,23506,0.011876,0.24518,0.029842,3,3,407,1,8,8,Beam_1_3_8,1308
2178,Beam_1_3_8,23574,0.011876,0.24518,0.030844,3,3,407,1,8,8,Beam_1_3_8,1308
2179,Beam_1_3_8,23518,0.0037973,0.24531,0.02985,3,3,407,1,8,8,Beam_1_3_8,1308
2180,Beam_1_3_8,23562,0.0037973,0.24531,0.030853,3,3,407,1,8,8,Beam_1_3_8,1308
2181,Beam_1_3_8,23537,0.015211,0.24532,0.029851,3,3,407,1,8,8,Beam_1_3_8,1308
2182,Beam_1_3_8,23548,0.015211,0.24532,0.030853,3,3,407,1,8,8,Beam_1_3_8,1308
2183,Beam_1_3_8,23517,0.0056957,0.2458,0.029883,3,3,407,1,8,8,Beam_1_3_8,1308
2184,Beam_1_3_8,23561,0.0056957,0.2458,0.030884,3,3,407,1,8,8,Beam_1_3_8,1308
2185,Beam_1_3_8,23507,0.0095,0.2458,0.029882,3,3,407,1,8,8,Beam_1_3_8,1308
2186,Beam_1_3_8,23571,0.0095,0.2458,0.030884,3,3,407,1,8,8,Beam_1_3_8,1308
2187,Beam_1_3_8,23538,0.013317,0.24581,0.029883,3,3,407,1,8,8,Beam_1_3_8,1308
2188,Beam_1_3_8,23549,0.013317,0.24581,0.030885,3,3,407,1,8,8,Beam_1_3_8,1308
2189,Beam_1_3_8,23516,0.0075949,0.2463,0.029911,3,3,407,1,8,8,Beam_1_3_8,1308
2190,Beam_1_3_8,23564,0.0075949,0.2463,0.030913,3,3,407,1,8,8,Beam_1_3_8,1308
2191,Beam_1_3_8,23550,0.011422,0.24631,0.030913,3,3,407,1,8,8,Beam_1_3_8,1308
2192,Beam_1_3_8,23530,0.011422,0.24631,0.029911,3,3,407,1,8,8,Beam_1_3_8,1308
2193,Beam_1_3_8,23515,0.0056965,0.2468,0.029936,3,3,407,1,8,8,Beam_1_3_8,1308
2194,Beam_1_3_8,23567,0.0056965,0.2468,0.030937,3,3,407,1,8,8,Beam_1_3_8,1308
2195,Beam_1_3_8,23531,0.013316,0.2468,0.029936,3,3,407,1,8,8,Beam_1_3_8,1308
2196,Beam_1_3_8,23551,0.013316,0.2468,0.030937,3,3,407,1,8,8,Beam_1_3_8,1308
2197,Beam_1_3_8,23557,0.0095141,0.24681,0.030937,3,3,407,1,8,8,Beam_1_3_8,1308
2198,Beam_1_3_8,23525,0.0095141,0.24681,0.029936,3,3,407,1,8,8,Beam_1_3_8,1308
2199,Beam_1_3_8,23566,0.0037975,0.2473,0.030958,3,3,407,1,8,8,Beam_1_3_8,1308
2200,Beam_1_3_8,23514,0.0037975,0.2473,0.029957,3,3,407,1,8,8,Beam_1_3_8,1308
2201,Beam_1_3_8,23552,0.015211,0.2473,0.030958,3,3,407,1,8,8,Beam_1_3_8,1308
2202,Beam_1_3_8,23532,0.015211,0.2473,0.029957,3,3,407,1,8,8,Beam_1_3_8,1308
2203,Beam_1_3_8,23526,0.007136,0.24743,0.029962,3,3,407,1,8,8,Beam_1_3_8,1308
2204,Beam_1_3_8,23554,0.007136,0.24743,0.030963,3,3,407,1,8,8,Beam_1_3_8,1308
2205,Beam_1_3_8,23560,0.011885,0.24743,0.030963,3,3,407,1,8,8,Beam_1_3_8,1308
2206,Beam_1_3_8,23524,0.011885,0.24743,0.029962,3,3,407,1,8,8,Beam_1_3_8,1308
2207,Beam_1_3_8,23565,0.001899,0.2478,0.030976,3,3,407,1,8,8,Beam_1_3_8,1308
2208,Beam_1_3_8,23513,0.001899,0.2478,0.029975,3,3,407,1,8,8,Beam_1_3_8,1308
2209,Beam_1_3_8,23533,0.017105,0.2478,0.029975,3,3,407,1,8,8,Beam_1_3_8,1308
2210,Beam_1_3_8,23553,0.017105,0.2478,0.030976,3,3,407,1,8,8,Beam_1_3_8,1308
2211,Beam_1_3_8,23527,0.0047571,0.24805,0.029983,3,3,407,1,8,8,Beam_1_3_8,1308
2212,Beam_1_3_8,23555,0.0047571,0.24805,0.030983,3,3,407,1,8,8,Beam_1_3_8,1308
2213,Beam_1_3_8,23559,0.014257,0.24805,0.030983,3,3,407,1,8,8,Beam_1_3_8,1308
2214,Beam_1_3_8,23523,0.014257,0.24805,0.029983,3,3,407,1,8,8,Beam_1_3_8,1308
2215,Beam_1_3_8,23556,0.0023788,0.24867,0.030998,3,3,407,1,8,8,Beam_1_3_8,1308
2216,Beam_1_3_8,23528,0.0023788,0.24867,0.029997,3,3,407,1,8,8,Beam_1_3_8,1308
2217,Beam_1_3_8,23522,0.016628,0.24867,0.029997,3,3,407,1,8,8,Beam_1_3_8,1308
2218,Beam_1_3_8,23558,0.016628,0.24867,0.030998,3,3,407,1,8,8,Beam_1_3_8,1308
2219,Beam_1_3_8,25277,0.0,0.2498,0.030509,3,3,407,1,8,8,Beam_1_3_8,1308
2220,Beam_1_3_8,25280,0.00475,0.2498,0.030509,3,3,407,1,8,8,Beam_1_3_8,1308
2221,Beam_1_3_8,25279,0.0095,0.2498,0.030509,3,3,407,1,8,8,Beam_1_3_8,1308
2222,Beam_1_3_8,25278,0.01425,0.2498,0.030509,3,3,407,1,8,8,Beam_1_3_8,1308
2223,Beam_1_3_8,25276,0.019,0.2498,0.030509,3,3,407,1,8,8,Beam_1_3_8,1308
2224,Beam_1_3_9,24201,0.0023752,0.25093,0.031004,3,3,434,1,9,7,Beam_1_3_7,1307
2225,Beam_1_3_9,24181,0.0023752,0.25093,0.030004,3,3,434,1,9,7,Beam_1_3_7,1307
2226,Beam_1_3_9,24184,0.016625,0.25093,0.030004,3,3,434,1,9,7,Beam_1_3_7,1307
2227,Beam_1_3_9,24195,0.016625,0.25093,0.031004,3,3,434,1,9,7,Beam_1_3_7,1307
2228,Beam_1_3_9,24180,0.0047501,0.25156,0.029993,3,3,434,1,9,7,Beam_1_3_7,1307
2229,Beam_1_3_9,24200,0.0047501,0.25156,0.030993,3,3,434,1,9,7,Beam_1_3_7,1307
2230,Beam_1_3_9,24185,0.01425,0.25156,0.029993,3,3,434,1,9,7,Beam_1_3_7,1307
2231,Beam_1_3_9,24196,0.01425,0.25156,0.030993,3,3,434,1,9,7,Beam_1_3_7,1307
2232,Beam_1_3_9,24215,0.0018989,0.25181,0.030987,3,3,434,1,9,7,Beam_1_3_7,1307
2233,Beam_1_3_9,24163,0.0018989,0.25181,0.029987,3,3,434,1,9,7,Beam_1_3_7,1307
2234,Beam_1_3_9,24170,0.017105,0.25182,0.029986,3,3,434,1,9,7,Beam_1_3_7,1307
2235,Beam_1_3_9,24206,0.017105,0.25182,0.030987,3,3,434,1,9,7,Beam_1_3_7,1307
2236,Beam_1_3_9,24179,0.0071254,0.25218,0.029976,3,3,434,1,9,7,Beam_1_3_7,1307
2237,Beam_1_3_9,24199,0.0071254,0.25218,0.030976,3,3,434,1,9,7,Beam_1_3_7,1307
2238,Beam_1_3_9,24186,0.011875,0.25218,0.029976,3,3,434,1,9,7,Beam_1_3_7,1307
2239,Beam_1_3_9,24197,0.011875,0.25218,0.030976,3,3,434,1,9,7,Beam_1_3_7,1307
2240,Beam_1_3_9,24214,0.0037975,0.25231,0.030972,3,3,434,1,9,7,Beam_1_3_7,1307
2241,Beam_1_3_9,24162,0.0037975,0.25231,0.029972,3,3,434,1,9,7,Beam_1_3_7,1307
2242,Beam_1_3_9,24207,0.015211,0.25232,0.030972,3,3,434,1,9,7,Beam_1_3_7,1307
2243,Beam_1_3_9,24171,0.015211,0.25232,0.029971,3,3,434,1,9,7,Beam_1_3_7,1307
2244,Beam_1_3_9,24161,0.0056965,0.2528,0.029953,3,3,434,1,9,7,Beam_1_3_7,1307
2245,Beam_1_3_9,24213,0.0056965,0.2528,0.030954,3,3,434,1,9,7,Beam_1_3_7,1307
2246,Beam_1_3_9,24178,0.0095,0.2528,0.029953,3,3,434,1,9,7,Beam_1_3_7,1307
2247,Beam_1_3_9,24198,0.0095,0.2528,0.030954,3,3,434,1,9,7,Beam_1_3_7,1307
2248,Beam_1_3_9,24172,0.013316,0.25281,0.029953,3,3,434,1,9,7,Beam_1_3_7,1307
2249,Beam_1_3_9,24208,0.013316,0.25281,0.030954,3,3,434,1,9,7,Beam_1_3_7,1307
2250,Beam_1_3_9,24212,0.0075949,0.2533,0.030932,3,3,434,1,9,7,Beam_1_3_7,1307
2251,Beam_1_3_9,24160,0.0075949,0.2533,0.029931,3,3,434,1,9,7,Beam_1_3_7,1307
2252,Beam_1_3_9,24173,0.011422,0.25331,0.029931,3,3,434,1,9,7,Beam_1_3_7,1307
2253,Beam_1_3_9,24205,0.011422,0.25331,0.030932,3,3,434,1,9,7,Beam_1_3_7,1307
2254,Beam_1_3_9,24211,0.0056957,0.2538,0.030907,3,3,434,1,9,7,Beam_1_3_7,1307
2255,Beam_1_3_9,24168,0.0056957,0.2538,0.029905,3,3,434,1,9,7,Beam_1_3_7,1307
2256,Beam_1_3_9,24202,0.013317,0.2538,0.030907,3,3,434,1,9,7,Beam_1_3_7,1307
2257,Beam_1_3_9,24174,0.013317,0.2538,0.029905,3,3,434,1,9,7,Beam_1_3_7,1307
2258,Beam_1_3_9,24151,0.0095141,0.25381,0.029905,3,3,434,1,9,7,Beam_1_3_7,1307
2259,Beam_1_3_9,24219,0.0095141,0.25381,0.030907,3,3,434,1,9,7,Beam_1_3_7,1307
2260,Beam_1_3_9,24167,0.0037973,0.2543,0.029876,3,3,434,1,9,7,Beam_1_3_7,1307
2261,Beam_1_3_9,24210,0.0037973,0.2543,0.030878,3,3,434,1,9,7,Beam_1_3_7,1307
2262,Beam_1_3_9,24175,0.015211,0.2543,0.029876,3,3,434,1,9,7,Beam_1_3_7,1307
2263,Beam_1_3_9,24203,0.015211,0.2543,0.030878,3,3,434,1,9,7,Beam_1_3_7,1307
2264,Beam_1_3_9,24220,0.0071348,0.25443,0.03087,3,3,434,1,9,7,Beam_1_3_7,1307
2265,Beam_1_3_9,24152,0.0071348,0.25443,0.029868,3,3,434,1,9,7,Beam_1_3_7,1307
2266,Beam_1_3_9,24218,0.011886,0.25443,0.03087,3,3,434,1,9,7,Beam_1_3_7,1307
2267,Beam_1_3_9,24159,0.011886,0.25443,0.029868,3,3,434,1,9,7,Beam_1_3_7,1307
2268,Beam_1_3_9,24209,0.0018982,0.2548,0.030846,3,3,434,1,9,7,Beam_1_3_7,1307
2269,Beam_1_3_9,24166,0.0018982,0.2548,0.029843,3,3,434,1,9,7,Beam_1_3_7,1307
2270,Beam_1_3_9,24176,0.017106,0.2548,0.029843,3,3,434,1,9,7,Beam_1_3_7,1307
2271,Beam_1_3_9,24204,0.017106,0.2548,0.030845,3,3,434,1,9,7,Beam_1_3_7,1307
2272,Beam_1_3_9,24153,0.0047568,0.25505,0.029825,3,3,434,1,9,7,Beam_1_3_7,1307
2273,Beam_1_3_9,24221,0.0047568,0.25505,0.030828,3,3,434,1,9,7,Beam_1_3_7,1307
2274,Beam_1_3_9,24158,0.014257,0.25505,0.029825,3,3,434,1,9,7,Beam_1_3_7,1307
2275,Beam_1_3_9,24217,0.014257,0.25505,0.030828,3,3,434,1,9,7,Beam_1_3_7,1307
2276,Beam_1_3_9,24222,0.0023775,0.25567,0.03078,3,3,434,1,9,7,Beam_1_3_7,1307
2277,Beam_1_3_9,24154,0.0023775,0.25567,0.029776,3,3,434,1,9,7,Beam_1_3_7,1307
2278,Beam_1_3_9,24216,0.01663,0.25567,0.03078,3,3,434,1,9,7,Beam_1_3_7,1307
2279,Beam_1_3_9,24157,0.01663,0.25567,0.029776,3,3,434,1,9,7,Beam_1_3_7,1307
2280,Beam_1_3_9,25286,0.0,0.2568,0.030176,3,3,434,1,9,7,Beam_1_3_7,1307
2281,Beam_1_3_9,25289,0.00475,0.2568,0.030176,3,3,434,1,9,7,Beam_1_3_7,1307
2282,Beam_1_3_9,25288,0.0095,0.2568,0.030176,3,3,434,1,9,7,Beam_1_3_7,1307
2283,Beam_1_3_9,25287,0.01425,0.2568,0.030176,3,3,434,1,9,7,Beam_1_3_7,1307
2284,Beam_1_3_9,25285,0.019,0.2568,0.030176,3,3,434,1,9,7,Beam_1_3_7,1307
2285,Beam_1_3_10,22858,0.0023764,0.25793,0.029553,3,3,380,1,10,6,Beam_1_3_6,1306
2286,Beam_1_3_10,22926,0.0023764,0.25793,0.030559,3,3,380,1,10,6,Beam_1_3_6,1306
2287,Beam_1_3_10,22861,0.016624,0.25793,0.029553,3,3,380,1,10,6,Beam_1_3_6,1306
2288,Beam_1_3_10,22920,0.016624,0.25793,0.030559,3,3,380,1,10,6,Beam_1_3_6,1306
2289,Beam_1_3_10,22925,0.0047503,0.25856,0.030485,3,3,380,1,10,6,Beam_1_3_6,1306
2290,Beam_1_3_10,22857,0.0047504,0.25856,0.029478,3,3,380,1,10,6,Beam_1_3_6,1306
2291,Beam_1_3_10,22862,0.01425,0.25856,0.029478,3,3,380,1,10,6,Beam_1_3_6,1306
2292,Beam_1_3_10,22921,0.01425,0.25856,0.030485,3,3,380,1,10,6,Beam_1_3_6,1306
2293,Beam_1_3_10,22912,0.0018997,0.25881,0.030454,3,3,380,1,10,6,Beam_1_3_6,1306
2294,Beam_1_3_10,22876,0.0018997,0.25881,0.029446,3,3,380,1,10,6,Beam_1_3_6,1306
2295,Beam_1_3_10,22865,0.017104,0.25882,0.029444,3,3,380,1,10,6,Beam_1_3_6,1306
2296,Beam_1_3_10,22917,0.017105,0.25882,0.030452,3,3,380,1,10,6,Beam_1_3_6,1306
2297,Beam_1_3_10,22924,0.0071266,0.25918,0.030406,3,3,380,1,10,6,Beam_1_3_6,1306
2298,Beam_1_3_10,22856,0.0071266,0.25918,0.029397,3,3,380,1,10,6,Beam_1_3_6,1306
2299,Beam_1_3_10,22922,0.011873,0.25918,0.030406,3,3,380,1,10,6,Beam_1_3_6,1306
2300,Beam_1_3_10,22863,0.011873,0.25918,0.029397,3,3,380,1,10,6,Beam_1_3_6,1306
2301,Beam_1_3_10,22911,0.0037977,0.25931,0.030389,3,3,380,1,10,6,Beam_1_3_6,1306
2302,Beam_1_3_10,22875,0.0037977,0.25931,0.02938,3,3,380,1,10,6,Beam_1_3_6,1306
2303,Beam_1_3_10,22866,0.015211,0.25932,0.029378,3,3,380,1,10,6,Beam_1_3_6,1306
2304,Beam_1_3_10,22918,0.015211,0.25932,0.030388,3,3,380,1,10,6,Beam_1_3_6,1306
2305,Beam_1_3_10,22923,0.0095,0.2598,0.03032,3,3,380,1,10,6,Beam_1_3_6,1306
2306,Beam_1_3_10,22855,0.0095,0.2598,0.02931,3,3,380,1,10,6,Beam_1_3_6,1306
2307,Beam_1_3_10,22910,0.0056973,0.25981,0.03032,3,3,380,1,10,6,Beam_1_3_6,1306
2308,Beam_1_3_10,22874,0.0056973,0.25981,0.02931,3,3,380,1,10,6,Beam_1_3_6,1306
2309,Beam_1_3_10,22919,0.013315,0.25981,0.030319,3,3,380,1,10,6,Beam_1_3_6,1306
2310,Beam_1_3_10,22867,0.013315,0.25981,0.029309,3,3,380,1,10,6,Beam_1_3_6,1306
2311,Beam_1_3_10,22909,0.0075949,0.2603,0.030248,3,3,380,1,10,6,Beam_1_3_6,1306
2312,Beam_1_3_10,22873,0.0075949,0.2603,0.029237,3,3,380,1,10,6,Beam_1_3_6,1306
2313,Beam_1_3_10,22916,0.011422,0.26031,0.030247,3,3,380,1,10,6,Beam_1_3_6,1306
2314,Beam_1_3_10,22868,0.011422,0.26031,0.029236,3,3,380,1,10,6,Beam_1_3_6,1306
2315,Beam_1_3_10,22881,0.0056949,0.2608,0.029159,3,3,380,1,10,6,Beam_1_3_6,1306
2316,Beam_1_3_10,22908,0.0056949,0.2608,0.030172,3,3,380,1,10,6,Beam_1_3_6,1306
2317,Beam_1_3_10,22902,0.0095141,0.26081,0.030171,3,3,380,1,10,6,Beam_1_3_6,1306
2318,Beam_1_3_10,22882,0.0095141,0.26081,0.029159,3,3,380,1,10,6,Beam_1_3_6,1306
2319,Beam_1_3_10,22913,0.013318,0.26081,0.030171,3,3,380,1,10,6,Beam_1_3_6,1306
2320,Beam_1_3_10,22869,0.013318,0.26081,0.029159,3,3,380,1,10,6,Beam_1_3_6,1306
2321,Beam_1_3_10,22880,0.0037971,0.2613,0.029079,3,3,380,1,10,6,Beam_1_3_6,1306
2322,Beam_1_3_10,22907,0.0037972,0.2613,0.030092,3,3,380,1,10,6,Beam_1_3_6,1306
2323,Beam_1_3_10,22870,0.015211,0.2613,0.029078,3,3,380,1,10,6,Beam_1_3_6,1306
2324,Beam_1_3_10,22914,0.015211,0.2613,0.030092,3,3,380,1,10,6,Beam_1_3_6,1306
2325,Beam_1_3_10,22903,0.0071335,0.26143,0.030071,3,3,380,1,10,6,Beam_1_3_6,1306
2326,Beam_1_3_10,22883,0.0071335,0.26143,0.029057,3,3,380,1,10,6,Beam_1_3_6,1306
2327,Beam_1_3_10,22901,0.011888,0.26143,0.030071,3,3,380,1,10,6,Beam_1_3_6,1306
2328,Beam_1_3_10,22890,0.011888,0.26143,0.029057,3,3,380,1,10,6,Beam_1_3_6,1306
2329,Beam_1_3_10,22879,0.0018974,0.2618,0.028994,3,3,380,1,10,6,Beam_1_3_6,1306
2330,Beam_1_3_10,22906,0.0018974,0.2618,0.030009,3,3,380,1,10,6,Beam_1_3_6,1306
2331,Beam_1_3_10,22871,0.017107,0.2618,0.028994,3,3,380,1,10,6,Beam_1_3_6,1306
2332,Beam_1_3_10,22915,0.017107,0.2618,0.030009,3,3,380,1,10,6,Beam_1_3_6,1306
2333,Beam_1_3_10,22904,0.0047565,0.26205,0.029965,3,3,380,1,10,6,Beam_1_3_6,1306
2334,Beam_1_3_10,22884,0.0047565,0.26205,0.02895,3,3,380,1,10,6,Beam_1_3_6,1306
2335,Beam_1_3_10,22900,0.014258,0.26205,0.029965,3,3,380,1,10,6,Beam_1_3_6,1306
2336,Beam_1_3_10,22889,0.014258,0.26205,0.02895,3,3,380,1,10,6,Beam_1_3_6,1306
2337,Beam_1_3_10,22905,0.0023762,0.26267,0.029853,3,3,380,1,10,6,Beam_1_3_6,1306
2338,Beam_1_3_10,22885,0.0023762,0.26267,0.028836,3,3,380,1,10,6,Beam_1_3_6,1306
2339,Beam_1_3_10,22899,0.016631,0.26267,0.029853,3,3,380,1,10,6,Beam_1_3_6,1306
2340,Beam_1_3_10,22888,0.016631,0.26267,0.028836,3,3,380,1,10,6,Beam_1_3_6,1306
2341,Beam_1_3_10,25295,0.0,0.2638,0.029125,3,3,380,1,10,6,Beam_1_3_6,1306
2342,Beam_1_3_10,25298,0.00475,0.2638,0.029125,3,3,380,1,10,6,Beam_1_3_6,1306
2343,Beam_1_3_10,25297,0.0095,0.2638,0.029125,3,3,380,1,10,6,Beam_1_3_6,1306
2344,Beam_1_3_10,25296,0.01425,0.2638,0.029125,3,3,380,1,10,6,Beam_1_3_6,1306
2345,Beam_1_3_10,25294,0.019,0.2638,0.029125,3,3,380,1,10,6,Beam_1_3_6,1306
2346,Beam_1_3_11,21626,0.0023778,0.26493,0.029399,3,3,326,1,11,5,Beam_1_3_5,1305
2347,Beam_1_3_11,21568,0.0023778,0.26493,0.028375,3,3,326,1,11,5,Beam_1_3_5,1305
2348,Beam_1_3_11,21628,0.016622,0.26493,0.029399,3,3,326,1,11,5,Beam_1_3_5,1305
2349,Beam_1_3_11,21562,0.016622,0.26493,0.028375,3,3,326,1,11,5,Beam_1_3_5,1305
2350,Beam_1_3_11,21567,0.0047507,0.26556,0.028234,3,3,326,1,11,5,Beam_1_3_5,1305
2351,Beam_1_3_11,21625,0.0047507,0.26556,0.02926,3,3,326,1,11,5,Beam_1_3_5,1305
2352,Beam_1_3_11,21563,0.014249,0.26556,0.028234,3,3,326,1,11,5,Beam_1_3_5,1305
2353,Beam_1_3_11,21629,0.014249,0.26556,0.02926,3,3,326,1,11,5,Beam_1_3_5,1305
2354,Beam_1_3_11,21618,0.0019006,0.26581,0.029202,3,3,326,1,11,5,Beam_1_3_5,1305
2355,Beam_1_3_11,21576,0.0019006,0.26581,0.028175,3,3,326,1,11,5,Beam_1_3_5,1305
2356,Beam_1_3_11,21592,0.017104,0.26582,0.028172,3,3,326,1,11,5,Beam_1_3_5,1305
2357,Beam_1_3_11,21601,0.017104,0.26582,0.029199,3,3,326,1,11,5,Beam_1_3_5,1305
2358,Beam_1_3_11,21566,0.007128,0.26618,0.028086,3,3,326,1,11,5,Beam_1_3_5,1305
2359,Beam_1_3_11,21624,0.007128,0.26618,0.029114,3,3,326,1,11,5,Beam_1_3_5,1305
2360,Beam_1_3_11,21564,0.011872,0.26618,0.028086,3,3,326,1,11,5,Beam_1_3_5,1305
2361,Beam_1_3_11,21630,0.011872,0.26618,0.029114,3,3,326,1,11,5,Beam_1_3_5,1305
2362,Beam_1_3_11,21617,0.0037979,0.26631,0.029084,3,3,326,1,11,5,Beam_1_3_5,1305
2363,Beam_1_3_11,21575,0.0037979,0.26631,0.028056,3,3,326,1,11,5,Beam_1_3_5,1305
2364,Beam_1_3_11,21602,0.015211,0.26632,0.029082,3,3,326,1,11,5,Beam_1_3_5,1305
2365,Beam_1_3_11,21593,0.015211,0.26632,0.028053,3,3,326,1,11,5,Beam_1_3_5,1305
2366,Beam_1_3_11,21627,0.0095,0.2668,0.028964,3,3,326,1,11,5,Beam_1_3_5,1305
2367,Beam_1_3_11,21565,0.0095,0.2668,0.027933,3,3,326,1,11,5,Beam_1_3_5,1305
2368,Beam_1_3_11,21574,0.0056982,0.26681,0.027932,3,3,326,1,11,5,Beam_1_3_5,1305
2369,Beam_1_3_11,21616,0.0056982,0.26681,0.028963,3,3,326,1,11,5,Beam_1_3_5,1305
2370,Beam_1_3_11,21603,0.013315,0.26681,0.028961,3,3,326,1,11,5,Beam_1_3_5,1305
2371,Beam_1_3_11,21594,0.013315,0.26681,0.027931,3,3,326,1,11,5,Beam_1_3_5,1305
2372,Beam_1_3_11,21619,0.0075949,0.2673,0.028838,3,3,326,1,11,5,Beam_1_3_5,1305
2373,Beam_1_3_11,21573,0.0075949,0.2673,0.027805,3,3,326,1,11,5,Beam_1_3_5,1305
2374,Beam_1_3_11,21586,0.011422,0.26731,0.027804,3,3,326,1,11,5,Beam_1_3_5,1305
2375,Beam_1_3_11,21604,0.011422,0.26731,0.028837,3,3,326,1,11,5,Beam_1_3_5,1305
2376,Beam_1_3_11,21622,0.005694,0.2678,0.028709,3,3,326,1,11,5,Beam_1_3_5,1305
2377,Beam_1_3_11,21572,0.005694,0.2678,0.027674,3,3,326,1,11,5,Beam_1_3_5,1305
2378,Beam_1_3_11,21582,0.0095141,0.26781,0.027673,3,3,326,1,11,5,Beam_1_3_5,1305
2379,Beam_1_3_11,21612,0.0095141,0.26781,0.028707,3,3,326,1,11,5,Beam_1_3_5,1305
2380,Beam_1_3_11,21605,0.013319,0.26781,0.028708,3,3,326,1,11,5,Beam_1_3_5,1305
2381,Beam_1_3_11,21587,0.013319,0.26781,0.027673,3,3,326,1,11,5,Beam_1_3_5,1305
2382,Beam_1_3_11,21621,0.0037969,0.2683,0.028576,3,3,326,1,11,5,Beam_1_3_5,1305
2383,Beam_1_3_11,21571,0.0037969,0.2683,0.027539,3,3,326,1,11,5,Beam_1_3_5,1305
2384,Beam_1_3_11,21606,0.015212,0.2683,0.028575,3,3,326,1,11,5,Beam_1_3_5,1305
2385,Beam_1_3_11,21588,0.015212,0.2683,0.027539,3,3,326,1,11,5,Beam_1_3_5,1305
2386,Beam_1_3_11,21583,0.007132,0.26843,0.027503,3,3,326,1,11,5,Beam_1_3_5,1305
2387,Beam_1_3_11,21608,0.0071321,0.26843,0.02854,3,3,326,1,11,5,Beam_1_3_5,1305
2388,Beam_1_3_11,21615,0.011889,0.26843,0.02854,3,3,326,1,11,5,Beam_1_3_5,1305
2389,Beam_1_3_11,21581,0.011889,0.26843,0.027503,3,3,326,1,11,5,Beam_1_3_5,1305
2390,Beam_1_3_11,21570,0.0018964,0.2688,0.0274,3,3,326,1,11,5,Beam_1_3_5,1305
2391,Beam_1_3_11,21620,0.0018964,0.2688,0.028439,3,3,326,1,11,5,Beam_1_3_5,1305
2392,Beam_1_3_11,21589,0.017108,0.2688,0.0274,3,3,326,1,11,5,Beam_1_3_5,1305
2393,Beam_1_3_11,21607,0.017108,0.2688,0.028438,3,3,326,1,11,5,Beam_1_3_5,1305
2394,Beam_1_3_11,21609,0.0047562,0.26905,0.028368,3,3,326,1,11,5,Beam_1_3_5,1305
2395,Beam_1_3_11,21584,0.0047562,0.26905,0.027328,3,3,326,1,11,5,Beam_1_3_5,1305
2396,Beam_1_3_11,21614,0.014258,0.26905,0.028368,3,3,326,1,11,5,Beam_1_3_5,1305
2397,Beam_1_3_11,21580,0.014258,0.26905,0.027328,3,3,326,1,11,5,Beam_1_3_5,1305
2398,Beam_1_3_11,21585,0.0023747,0.26967,0.027146,3,3,326,1,11,5,Beam_1_3_5,1305
2399,Beam_1_3_11,21610,0.0023748,0.26967,0.028188,3,3,326,1,11,5,Beam_1_3_5,1305
2400,Beam_1_3_11,21613,0.016632,0.26967,0.028188,3,3,326,1,11,5,Beam_1_3_5,1305
2401,Beam_1_3_11,21579,0.016632,0.26967,0.027146,3,3,326,1,11,5,Beam_1_3_5,1305
2402,Beam_1_3_11,25466,0.0,0.2708,0.027323,3,3,326,1,11,5,Beam_1_3_5,1305
2403,Beam_1_3_11,25469,0.00475,0.2708,0.027323,3,3,326,1,11,5,Beam_1_3_5,1305
2404,Beam_1_3_11,25468,0.0095,0.2708,0.027323,3,3,326,1,11,5,Beam_1_3_5,1305
2405,Beam_1_3_11,25467,0.01425,0.2708,0.027323,3,3,326,1,11,5,Beam_1_3_5,1305
2406,Beam_1_3_11,25465,0.019,0.2708,0.027323,3,3,326,1,11,5,Beam_1_3_5,1305
2407,Beam_1_3_12,20329,0.0023793,0.27193,0.027485,3,3,272,1,12,4,Beam_1_3_4,1304
2408,Beam_1_3_12,20273,0.0023794,0.27193,0.026431,3,3,272,1,12,4,Beam_1_3_4,1304
2409,Beam_1_3_12,20331,0.016621,0.27193,0.027485,3,3,272,1,12,4,Beam_1_3_4,1304
2410,Beam_1_3_12,20267,0.016621,0.27193,0.026431,3,3,272,1,12,4,Beam_1_3_4,1304
2411,Beam_1_3_12,20272,0.0047511,0.27256,0.026219,3,3,272,1,12,4,Beam_1_3_4,1304
2412,Beam_1_3_12,20328,0.0047511,0.27256,0.027276,3,3,272,1,12,4,Beam_1_3_4,1304
2413,Beam_1_3_12,20268,0.014249,0.27256,0.026219,3,3,272,1,12,4,Beam_1_3_4,1304
2414,Beam_1_3_12,20332,0.014249,0.27256,0.027276,3,3,272,1,12,4,Beam_1_3_4,1304
2415,Beam_1_3_12,20281,0.0019016,0.27281,0.026131,3,3,272,1,12,4,Beam_1_3_4,1304
2416,Beam_1_3_12,20321,0.0019016,0.27281,0.02719,3,3,272,1,12,4,Beam_1_3_4,1304
2417,Beam_1_3_12,20303,0.017103,0.27282,0.027186,3,3,272,1,12,4,Beam_1_3_4,1304
2418,Beam_1_3_12,20296,0.017103,0.27282,0.026127,3,3,272,1,12,4,Beam_1_3_4,1304
2419,Beam_1_3_12,20271,0.0071296,0.27318,0.026,3,3,272,1,12,4,Beam_1_3_4,1304
2420,Beam_1_3_12,20327,0.0071296,0.27318,0.027061,3,3,272,1,12,4,Beam_1_3_4,1304
2421,Beam_1_3_12,20333,0.01187,0.27318,0.027061,3,3,272,1,12,4,Beam_1_3_4,1304
2422,Beam_1_3_12,20269,0.01187,0.27318,0.026,3,3,272,1,12,4,Beam_1_3_4,1304
2423,Beam_1_3_12,20320,0.0037982,0.27331,0.027016,3,3,272,1,12,4,Beam_1_3_4,1304
2424,Beam_1_3_12,20280,0.0037982,0.27331,0.025955,3,3,272,1,12,4,Beam_1_3_4,1304
2425,Beam_1_3_12,20304,0.01521,0.27332,0.027013,3,3,272,1,12,4,Beam_1_3_4,1304
2426,Beam_1_3_12,20297,0.01521,0.27332,0.025951,3,3,272,1,12,4,Beam_1_3_4,1304
2427,Beam_1_3_12,20270,0.0095,0.2738,0.025774,3,3,272,1,12,4,Beam_1_3_4,1304
2428,Beam_1_3_12,20330,0.0095,0.2738,0.026839,3,3,272,1,12,4,Beam_1_3_4,1304
2429,Beam_1_3_12,20279,0.0056992,0.27381,0.025774,3,3,272,1,12,4,Beam_1_3_4,1304
2430,Beam_1_3_12,20319,0.0056992,0.27381,0.026838,3,3,272,1,12,4,Beam_1_3_4,1304
2431,Beam_1_3_12,20298,0.013313,0.27381,0.025771,3,3,272,1,12,4,Beam_1_3_4,1304
2432,Beam_1_3_12,20305,0.013313,0.27381,0.026835,3,3,272,1,12,4,Beam_1_3_4,1304
2433,Beam_1_3_12,20278,0.0075949,0.2743,0.025589,3,3,272,1,12,4,Beam_1_3_4,1304
2434,Beam_1_3_12,20322,0.0075949,0.2743,0.026656,3,3,272,1,12,4,Beam_1_3_4,1304
2435,Beam_1_3_12,20291,0.011422,0.27431,0.025587,3,3,272,1,12,4,Beam_1_3_4,1304
2436,Beam_1_3_12,20307,0.011422,0.27431,0.026654,3,3,272,1,12,4,Beam_1_3_4,1304
2437,Beam_1_3_12,20277,0.0056929,0.2748,0.025398,3,3,272,1,12,4,Beam_1_3_4,1304
2438,Beam_1_3_12,20325,0.0056929,0.2748,0.026469,3,3,272,1,12,4,Beam_1_3_4,1304
2439,Beam_1_3_12,20315,0.0095141,0.27481,0.026467,3,3,272,1,12,4,Beam_1_3_4,1304
2440,Beam_1_3_12,20287,0.0095141,0.27481,0.025397,3,3,272,1,12,4,Beam_1_3_4,1304
2441,Beam_1_3_12,20308,0.01332,0.27481,0.026468,3,3,272,1,12,4,Beam_1_3_4,1304
2442,Beam_1_3_12,20292,0.01332,0.27481,0.025397,3,3,272,1,12,4,Beam_1_3_4,1304
2443,Beam_1_3_12,20324,0.0037966,0.2753,0.026278,3,3,272,1,12,4,Beam_1_3_4,1304
2444,Beam_1_3_12,20276,0.0037966,0.2753,0.025205,3,3,272,1,12,4,Beam_1_3_4,1304
2445,Beam_1_3_12,20293,0.015212,0.2753,0.025204,3,3,272,1,12,4,Beam_1_3_4,1304
2446,Beam_1_3_12,20309,0.015212,0.2753,0.026277,3,3,272,1,12,4,Beam_1_3_4,1304
2447,Beam_1_3_12,20288,0.0071303,0.27543,0.025153,3,3,272,1,12,4,Beam_1_3_4,1304
2448,Beam_1_3_12,20311,0.0071303,0.27543,0.026227,3,3,272,1,12,4,Beam_1_3_4,1304
2449,Beam_1_3_12,20286,0.011891,0.27543,0.025153,3,3,272,1,12,4,Beam_1_3_4,1304
2450,Beam_1_3_12,20318,0.011891,0.27543,0.026227,3,3,272,1,12,4,Beam_1_3_4,1304
2451,Beam_1_3_12,20275,0.0018953,0.2758,0.025006,3,3,272,1,12,4,Beam_1_3_4,1304
2452,Beam_1_3_12,20323,0.0018953,0.2758,0.026083,3,3,272,1,12,4,Beam_1_3_4,1304
2453,Beam_1_3_12,20294,0.017109,0.2758,0.025005,3,3,272,1,12,4,Beam_1_3_4,1304
2454,Beam_1_3_12,20310,0.017109,0.2758,0.026082,3,3,272,1,12,4,Beam_1_3_4,1304
2455,Beam_1_3_12,20289,0.0047556,0.27605,0.024903,3,3,272,1,12,4,Beam_1_3_4,1304
2456,Beam_1_3_12,20312,0.0047557,0.27605,0.025982,3,3,272,1,12,4,Beam_1_3_4,1304
2457,Beam_1_3_12,20317,0.014258,0.27605,0.025982,3,3,272,1,12,4,Beam_1_3_4,1304
2458,Beam_1_3_12,20285,0.014258,0.27605,0.024903,3,3,272,1,12,4,Beam_1_3_4,1304
2459,Beam_1_3_12,20290,0.0023729,0.27668,0.024645,3,3,272,1,12,4,Beam_1_3_4,1304
2460,Beam_1_3_12,20313,0.002373,0.27668,0.025728,3,3,272,1,12,4,Beam_1_3_4,1304
2461,Beam_1_3_12,20284,0.016634,0.27668,0.024645,3,3,272,1,12,4,Beam_1_3_4,1304
2462,Beam_1_3_12,20316,0.016634,0.27668,0.025728,3,3,272,1,12,4,Beam_1_3_4,1304
2463,Beam_1_3_12,25493,0.0,0.2778,0.024705,3,3,272,1,12,4,Beam_1_3_4,1304
2464,Beam_1_3_12,25496,0.00475,0.2778,0.024705,3,3,272,1,12,4,Beam_1_3_4,1304
2465,Beam_1_3_12,25495,0.0095,0.2778,0.024705,3,3,272,1,12,4,Beam_1_3_4,1304
2466,Beam_1_3_12,25494,0.01425,0.2778,0.024705,3,3,272,1,12,4,Beam_1_3_4,1304
2467,Beam_1_3_12,25492,0.019,0.2778,0.024705,3,3,272,1,12,4,Beam_1_3_4,1304
2468,Beam_1_3_13,19033,0.0023813,0.27893,0.02475,3,3,218,1,13,3,Beam_1_3_3,1303
2469,Beam_1_3_13,18980,0.0023813,0.27893,0.02365,3,3,218,1,13,3,Beam_1_3_3,1303
2470,Beam_1_3_13,19036,0.016619,0.27893,0.02475,3,3,218,1,13,3,Beam_1_3_3,1303
2471,Beam_1_3_13,18974,0.016619,0.27893,0.02365,3,3,218,1,13,3,Beam_1_3_3,1303
2472,Beam_1_3_13,19032,0.0047517,0.27956,0.024464,3,3,218,1,13,3,Beam_1_3_3,1303
2473,Beam_1_3_13,18979,0.0047518,0.27956,0.023359,3,3,218,1,13,3,Beam_1_3_3,1303
2474,Beam_1_3_13,19037,0.014248,0.27956,0.024464,3,3,218,1,13,3,Beam_1_3_3,1303
2475,Beam_1_3_13,18975,0.014248,0.27956,0.023359,3,3,218,1,13,3,Beam_1_3_3,1303
2476,Beam_1_3_13,19024,0.0019029,0.27981,0.024346,3,3,218,1,13,3,Beam_1_3_3,1303
2477,Beam_1_3_13,18987,0.001903,0.27981,0.023239,3,3,218,1,13,3,Beam_1_3_3,1303
2478,Beam_1_3_13,19000,0.017101,0.27982,0.023233,3,3,218,1,13,3,Beam_1_3_3,1303
2479,Beam_1_3_13,19005,0.017101,0.27982,0.02434,3,3,218,1,13,3,Beam_1_3_3,1303
2480,Beam_1_3_13,19031,0.0071316,0.28018,0.024169,3,3,218,1,13,3,Beam_1_3_3,1303
2481,Beam_1_3_13,18978,0.0071317,0.28018,0.023059,3,3,218,1,13,3,Beam_1_3_3,1303
2482,Beam_1_3_13,18976,0.011868,0.28018,0.023059,3,3,218,1,13,3,Beam_1_3_3,1303
2483,Beam_1_3_13,19038,0.011868,0.28018,0.024169,3,3,218,1,13,3,Beam_1_3_3,1303
2484,Beam_1_3_13,18986,0.0037986,0.28031,0.022998,3,3,218,1,13,3,Beam_1_3_3,1303
2485,Beam_1_3_13,19023,0.0037986,0.28031,0.024109,3,3,218,1,13,3,Beam_1_3_3,1303
2486,Beam_1_3_13,19001,0.01521,0.28032,0.022993,3,3,218,1,13,3,Beam_1_3_3,1303
2487,Beam_1_3_13,19006,0.01521,0.28032,0.024105,3,3,218,1,13,3,Beam_1_3_3,1303
2488,Beam_1_3_13,18977,0.0095,0.2808,0.022753,3,3,218,1,13,3,Beam_1_3_3,1303
2489,Beam_1_3_13,19035,0.0095,0.2808,0.023869,3,3,218,1,13,3,Beam_1_3_3,1303
2490,Beam_1_3_13,19022,0.0057005,0.28081,0.023867,3,3,218,1,13,3,Beam_1_3_3,1303
2491,Beam_1_3_13,18985,0.0057006,0.28081,0.022752,3,3,218,1,13,3,Beam_1_3_3,1303
2492,Beam_1_3_13,19007,0.013312,0.28081,0.023864,3,3,218,1,13,3,Beam_1_3_3,1303
2493,Beam_1_3_13,19002,0.013312,0.28081,0.022748,3,3,218,1,13,3,Beam_1_3_3,1303
2494,Beam_1_3_13,19026,0.0075949,0.2813,0.023621,3,3,218,1,13,3,Beam_1_3_3,1303
2495,Beam_1_3_13,18984,0.0075949,0.2813,0.022501,3,3,218,1,13,3,Beam_1_3_3,1303
2496,Beam_1_3_13,18995,0.011422,0.28131,0.022499,3,3,218,1,13,3,Beam_1_3_3,1303
2497,Beam_1_3_13,19008,0.011422,0.28131,0.023619,3,3,218,1,13,3,Beam_1_3_3,1303
2498,Beam_1_3_13,19029,0.0056915,0.2818,0.023369,3,3,218,1,13,3,Beam_1_3_3,1303
2499,Beam_1_3_13,18983,0.0056915,0.2818,0.022244,3,3,218,1,13,3,Beam_1_3_3,1303
2500,Beam_1_3_13,19017,0.0095141,0.28181,0.023367,3,3,218,1,13,3,Beam_1_3_3,1303
2501,Beam_1_3_13,18991,0.0095141,0.28181,0.022242,3,3,218,1,13,3,Beam_1_3_3,1303
2502,Beam_1_3_13,19009,0.013321,0.28181,0.023367,3,3,218,1,13,3,Beam_1_3_3,1303
2503,Beam_1_3_13,18996,0.013321,0.28181,0.022242,3,3,218,1,13,3,Beam_1_3_3,1303
2504,Beam_1_3_13,18982,0.0037961,0.2823,0.021983,3,3,218,1,13,3,Beam_1_3_3,1303
2505,Beam_1_3_13,19028,0.0037962,0.2823,0.023113,3,3,218,1,13,3,Beam_1_3_3,1303
2506,Beam_1_3_13,18997,0.015212,0.2823,0.021982,3,3,218,1,13,3,Beam_1_3_3,1303
2507,Beam_1_3_13,19010,0.015212,0.2823,0.023111,3,3,218,1,13,3,Beam_1_3_3,1303
2508,Beam_1_3_13,18992,0.007128,0.28243,0.021914,3,3,218,1,13,3,Beam_1_3_3,1303
2509,Beam_1_3_13,19013,0.0071281,0.28243,0.023044,3,3,218,1,13,3,Beam_1_3_3,1303
2510,Beam_1_3_13,19020,0.011893,0.28243,0.023044,3,3,218,1,13,3,Beam_1_3_3,1303
2511,Beam_1_3_13,18990,0.011893,0.28243,0.021914,3,3,218,1,13,3,Beam_1_3_3,1303
2512,Beam_1_3_13,18981,0.0018938,0.2828,0.021716,3,3,218,1,13,3,Beam_1_3_3,1303
2513,Beam_1_3_13,19027,0.0018939,0.2828,0.02285,3,3,218,1,13,3,Beam_1_3_3,1303
2514,Beam_1_3_13,18998,0.01711,0.2828,0.021715,3,3,218,1,13,3,Beam_1_3_3,1303
2515,Beam_1_3_13,19011,0.01711,0.2828,0.02285,3,3,218,1,13,3,Beam_1_3_3,1303
2516,Beam_1_3_13,18993,0.0047549,0.28305,0.021579,3,3,218,1,13,3,Beam_1_3_3,1303
2517,Beam_1_3_13,19014,0.004755,0.28305,0.022716,3,3,218,1,13,3,Beam_1_3_3,1303
2518,Beam_1_3_13,19019,0.014259,0.28305,0.022716,3,3,218,1,13,3,Beam_1_3_3,1303
2519,Beam_1_3_13,18989,0.014259,0.28305,0.021579,3,3,218,1,13,3,Beam_1_3_3,1303
2520,Beam_1_3_13,18994,0.0023706,0.28368,0.021234,3,3,218,1,13,3,Beam_1_3_3,1303
2521,Beam_1_3_13,19015,0.0023706,0.28368,0.022377,3,3,218,1,13,3,Beam_1_3_3,1303
2522,Beam_1_3_13,19018,0.016636,0.28368,0.022377,3,3,218,1,13,3,Beam_1_3_3,1303
2523,Beam_1_3_13,18988,0.016636,0.28368,0.021234,3,3,218,1,13,3,Beam_1_3_3,1303
2524,Beam_1_3_13,25502,0.0,0.2848,0.021166,3,3,218,1,13,3,Beam_1_3_3,1303
2525,Beam_1_3_13,25505,0.00475,0.2848,0.021166,3,3,218,1,13,3,Beam_1_3_3,1303
2526,Beam_1_3_13,25504,0.0095,0.2848,0.021166,3,3,218,1,13,3,Beam_1_3_3,1303
2527,Beam_1_3_13,25503,0.01425,0.2848,0.021166,3,3,218,1,13,3,Beam_1_3_3,1303
2528,Beam_1_3_13,25501,0.019,0.2848,0.021166,3,3,218,1,13,3,Beam_1_3_3,1303
2529,Beam_1_3_14,17736,0.002384,0.28594,0.021082,3,3,164,1,14,1,Beam_1_3_1,1301
2530,Beam_1_3_14,17685,0.0023841,0.28594,0.019914,3,3,164,1,14,1,Beam_1_3_1,1301
2531,Beam_1_3_14,17739,0.016616,0.28594,0.021082,3,3,164,1,14,1,Beam_1_3_1,1301
2532,Beam_1_3_14,17679,0.016616,0.28594,0.019914,3,3,164,1,14,1,Beam_1_3_1,1301
2533,Beam_1_3_14,17735,0.0047526,0.28656,0.020706,3,3,164,1,14,1,Beam_1_3_1,1301
2534,Beam_1_3_14,17684,0.0047528,0.28656,0.01953,3,3,164,1,14,1,Beam_1_3_1,1301
2535,Beam_1_3_14,17740,0.014247,0.28656,0.020706,3,3,164,1,14,1,Beam_1_3_1,1301
2536,Beam_1_3_14,17680,0.014247,0.28656,0.01953,3,3,164,1,14,1,Beam_1_3_1,1301
2537,Beam_1_3_14,17727,0.0019047,0.28681,0.020551,3,3,164,1,14,1,Beam_1_3_1,1301
2538,Beam_1_3_14,17692,0.0019048,0.28681,0.019372,3,3,164,1,14,1,Beam_1_3_1,1301
2539,Beam_1_3_14,17707,0.0171,0.28682,0.020543,3,3,164,1,14,1,Beam_1_3_1,1301
2540,Beam_1_3_14,17704,0.0171,0.28682,0.019364,3,3,164,1,14,1,Beam_1_3_1,1301
2541,Beam_1_3_14,17734,0.0071344,0.28718,0.020319,3,3,164,1,14,1,Beam_1_3_1,1301
2542,Beam_1_3_14,17683,0.0071345,0.28718,0.019135,3,3,164,1,14,1,Beam_1_3_1,1301
2543,Beam_1_3_14,17681,0.011865,0.28718,0.019135,3,3,164,1,14,1,Beam_1_3_1,1301
2544,Beam_1_3_14,17741,0.011866,0.28718,0.020319,3,3,164,1,14,1,Beam_1_3_1,1301
2545,Beam_1_3_14,17726,0.0037992,0.28731,0.02024,3,3,164,1,14,1,Beam_1_3_1,1301
2546,Beam_1_3_14,17691,0.0037993,0.28731,0.019055,3,3,164,1,14,1,Beam_1_3_1,1301
2547,Beam_1_3_14,17708,0.015209,0.28732,0.020234,3,3,164,1,14,1,Beam_1_3_1,1301
2548,Beam_1_3_14,17705,0.015209,0.28732,0.019049,3,3,164,1,14,1,Beam_1_3_1,1301
2549,Beam_1_3_14,17738,0.0095,0.2878,0.019925,3,3,164,1,14,1,Beam_1_3_1,1301
2550,Beam_1_3_14,17682,0.0095,0.2878,0.018733,3,3,164,1,14,1,Beam_1_3_1,1301
2551,Beam_1_3_14,17725,0.0057024,0.28781,0.019923,3,3,164,1,14,1,Beam_1_3_1,1301
2552,Beam_1_3_14,17690,0.0057025,0.28781,0.018731,3,3,164,1,14,1,Beam_1_3_1,1301
2553,Beam_1_3_14,17706,0.01331,0.28781,0.018726,3,3,164,1,14,1,Beam_1_3_1,1301
2554,Beam_1_3_14,17709,0.01331,0.28781,0.019918,3,3,164,1,14,1,Beam_1_3_1,1301
2555,Beam_1_3_14,17689,0.0075949,0.2883,0.018402,3,3,164,1,14,1,Beam_1_3_1,1301
2556,Beam_1_3_14,17729,0.0075949,0.2883,0.019601,3,3,164,1,14,1,Beam_1_3_1,1301
2557,Beam_1_3_14,17700,0.011422,0.28831,0.0184,3,3,164,1,14,1,Beam_1_3_1,1301
2558,Beam_1_3_14,17711,0.011422,0.28831,0.019598,3,3,164,1,14,1,Beam_1_3_1,1301
2559,Beam_1_3_14,17732,0.0056895,0.2888,0.019271,3,3,164,1,14,1,Beam_1_3_1,1301
2560,Beam_1_3_14,17688,0.0056895,0.2888,0.018066,3,3,164,1,14,1,Beam_1_3_1,1301
2561,Beam_1_3_14,17720,0.0095141,0.28881,0.019269,3,3,164,1,14,1,Beam_1_3_1,1301
2562,Beam_1_3_14,17696,0.0095141,0.28881,0.018063,3,3,164,1,14,1,Beam_1_3_1,1301
2563,Beam_1_3_14,17712,0.013323,0.28881,0.019269,3,3,164,1,14,1,Beam_1_3_1,1301
2564,Beam_1_3_14,17701,0.013323,0.28881,0.018063,3,3,164,1,14,1,Beam_1_3_1,1301
2565,Beam_1_3_14,17687,0.0037953,0.2893,0.017724,3,3,164,1,14,1,Beam_1_3_1,1301
2566,Beam_1_3_14,17731,0.0037954,0.2893,0.018937,3,3,164,1,14,1,Beam_1_3_1,1301
2567,Beam_1_3_14,17702,0.015213,0.2893,0.017723,3,3,164,1,14,1,Beam_1_3_1,1301
2568,Beam_1_3_14,17713,0.015213,0.2893,0.018935,3,3,164,1,14,1,Beam_1_3_1,1301
2569,Beam_1_3_14,17697,0.0071247,0.28943,0.017633,3,3,164,1,14,1,Beam_1_3_1,1301
2570,Beam_1_3_14,17716,0.0071248,0.28943,0.018847,3,3,164,1,14,1,Beam_1_3_1,1301
2571,Beam_1_3_14,17723,0.011896,0.28943,0.018847,3,3,164,1,14,1,Beam_1_3_1,1301
2572,Beam_1_3_14,17695,0.011896,0.28943,0.017633,3,3,164,1,14,1,Beam_1_3_1,1301
2573,Beam_1_3_14,17686,0.0018917,0.2898,0.017375,3,3,164,1,14,1,Beam_1_3_1,1301
2574,Beam_1_3_14,17730,0.0018918,0.2898,0.018595,3,3,164,1,14,1,Beam_1_3_1,1301
2575,Beam_1_3_14,17714,0.017112,0.2898,0.018594,3,3,164,1,14,1,Beam_1_3_1,1301
2576,Beam_1_3_14,17703,0.017112,0.2898,0.017374,3,3,164,1,14,1,Beam_1_3_1,1301
2577,Beam_1_3_14,17698,0.0047535,0.29005,0.017196,3,3,164,1,14,1,Beam_1_3_1,1301
2578,Beam_1_3_14,17717,0.0047537,0.29005,0.018419,3,3,164,1,14,1,Beam_1_3_1,1301
2579,Beam_1_3_14,17722,0.01426,0.29005,0.018419,3,3,164,1,14,1,Beam_1_3_1,1301
2580,Beam_1_3_14,17694,0.014261,0.29005,0.017196,3,3,164,1,14,1,Beam_1_3_1,1301
2581,Beam_1_3_14,17699,0.0023671,0.29068,0.016745,3,3,164,1,14,1,Beam_1_3_1,1301
2582,Beam_1_3_14,17718,0.0023672,0.29068,0.017978,3,3,164,1,14,1,Beam_1_3_1,1301
2583,Beam_1_3_14,17693,0.01664,0.29068,0.016745,3,3,164,1,14,1,Beam_1_3_1,1301
2584,Beam_1_3_14,17721,0.01664,0.29068,0.017978,3,3,164,1,14,1,Beam_1_3_1,1301
2585,Beam_1_3_14,25511,0.0,0.2918,0.016529,3,3,164,1,14,1,Beam_1_3_1,1301
2586,Beam_1_3_14,25514,0.00475,0.2918,0.016529,3,3,164,1,14,1,Beam_1_3_1,1301
2587,Beam_1_3_14,25513,0.0095,0.2918,0.016529,3,3,164,1,14,1,Beam_1_3_1,1301
2588,Beam_1_3_14,25512,0.01425,0.2918,0.016529,3,3,164,1,14,1,Beam_1_3_1,1301
2589,Beam_1_3_14,25510,0.019,0.2918,0.016529,3,3,164,1,14,1,Beam_1_3_1,1301
2590,Beam_1_3_15,16383,0.00159,0.29273,0.016457,3,3,110,1,15,2,Beam_1_3_2,1302
2591,Beam_1_3_15,16369,0.0015902,0.29273,0.015189,3,3,110,1,15,2,Beam_1_3_2,1302
2592,Beam_1_3_15,16359,0.01741,0.29273,0.015189,3,3,110,1,15,2,Beam_1_3_2,1302
2593,Beam_1_3_15,16385,0.01741,0.29273,0.016457,3,3,110,1,15,2,Beam_1_3_2,1302
2594,Beam_1_3_15,16382,0.0031705,0.29314,0.016135,3,3,110,1,15,2,Beam_1_3_2,1302
2595,Beam_1_3_15,16368,0.0031707,0.29314,0.01486,3,3,110,1,15,2,Beam_1_3_2,1302
2596,Beam_1_3_15,16360,0.015829,0.29314,0.01486,3,3,110,1,15,2,Beam_1_3_2,1302
2597,Beam_1_3_15,16386,0.01583,0.29314,0.016135,3,3,110,1,15,2,Beam_1_3_2,1302
2598,Beam_1_3_15,16381,0.0047588,0.29356,0.015807,3,3,110,1,15,2,Beam_1_3_2,1302
2599,Beam_1_3_15,16367,0.0047591,0.29356,0.014523,3,3,110,1,15,2,Beam_1_3_2,1302
2600,Beam_1_3_15,16361,0.014241,0.29356,0.014523,3,3,110,1,15,2,Beam_1_3_2,1302
2601,Beam_1_3_15,16387,0.014241,0.29356,0.015807,3,3,110,1,15,2,Beam_1_3_2,1302
2602,Beam_1_3_15,16410,0.0019075,0.29381,0.015606,3,3,110,1,15,2,Beam_1_3_2,1302
2603,Beam_1_3_15,16334,0.0019076,0.29381,0.014317,3,3,110,1,15,2,Beam_1_3_2,1302
2604,Beam_1_3_15,16396,0.017097,0.29382,0.015596,3,3,110,1,15,2,Beam_1_3_2,1302
2605,Beam_1_3_15,16352,0.017097,0.29382,0.014307,3,3,110,1,15,2,Beam_1_3_2,1302
2606,Beam_1_3_15,16380,0.0063372,0.29397,0.015475,3,3,110,1,15,2,Beam_1_3_2,1302
2607,Beam_1_3_15,16366,0.0063375,0.29397,0.014183,3,3,110,1,15,2,Beam_1_3_2,1302
2608,Beam_1_3_15,16388,0.012663,0.29397,0.015475,3,3,110,1,15,2,Beam_1_3_2,1302
2609,Beam_1_3_15,16362,0.012663,0.29397,0.014183,3,3,110,1,15,2,Beam_1_3_2,1302
2610,Beam_1_3_15,16409,0.0038004,0.29431,0.015203,3,3,110,1,15,2,Beam_1_3_2,1302
2611,Beam_1_3_15,16333,0.0038006,0.29431,0.013905,3,3,110,1,15,2,Beam_1_3_2,1302
2612,Beam_1_3_15,16395,0.015208,0.29432,0.015195,3,3,110,1,15,2,Beam_1_3_2,1302
2613,Beam_1_3_15,16351,0.015208,0.29432,0.013897,3,3,110,1,15,2,Beam_1_3_2,1302
2614,Beam_1_3_15,16379,0.0079238,0.29439,0.015136,3,3,110,1,15,2,Beam_1_3_2,1302
2615,Beam_1_3_15,16365,0.007924,0.29439,0.013836,3,3,110,1,15,2,Beam_1_3_2,1302
2616,Beam_1_3_15,16389,0.011076,0.29439,0.015136,3,3,110,1,15,2,Beam_1_3_2,1302
2617,Beam_1_3_15,16363,0.011076,0.29439,0.013836,3,3,110,1,15,2,Beam_1_3_2,1302
2618,Beam_1_3_15,16364,0.0095,0.2948,0.013486,3,3,110,1,15,2,Beam_1_3_2,1302
2619,Beam_1_3_15,16384,0.0095,0.2948,0.014794,3,3,110,1,15,2,Beam_1_3_2,1302
2620,Beam_1_3_15,16408,0.0057053,0.29481,0.01479,3,3,110,1,15,2,Beam_1_3_2,1302
2621,Beam_1_3_15,16332,0.0057054,0.29481,0.013482,3,3,110,1,15,2,Beam_1_3_2,1302
2622,Beam_1_3_15,16394,0.013307,0.29481,0.014785,3,3,110,1,15,2,Beam_1_3_2,1302
2623,Beam_1_3_15,16350,0.013307,0.29481,0.013476,3,3,110,1,15,2,Beam_1_3_2,1302
2624,Beam_1_3_15,16411,0.0075949,0.2953,0.014373,3,3,110,1,15,2,Beam_1_3_2,1302
2625,Beam_1_3_15,16331,0.0075949,0.2953,0.013055,3,3,110,1,15,2,Beam_1_3_2,1302
2626,Beam_1_3_15,16349,0.011422,0.29531,0.013051,3,3,110,1,15,2,Beam_1_3_2,1302
2627,Beam_1_3_15,16393,0.011422,0.29531,0.01437,3,3,110,1,15,2,Beam_1_3_2,1302
2628,Beam_1_3_15,16330,0.0056862,0.2958,0.012614,3,3,110,1,15,2,Beam_1_3_2,1302
2629,Beam_1_3_15,16414,0.0056863,0.2958,0.013944,3,3,110,1,15,2,Beam_1_3_2,1302
2630,Beam_1_3_15,16402,0.0095141,0.29581,0.013942,3,3,110,1,15,2,Beam_1_3_2,1302
2631,Beam_1_3_15,16342,0.0095141,0.29581,0.012612,3,3,110,1,15,2,Beam_1_3_2,1302
2632,Beam_1_3_15,16392,0.013326,0.29581,0.013941,3,3,110,1,15,2,Beam_1_3_2,1302
2633,Beam_1_3_15,16357,0.013326,0.29581,0.012611,3,3,110,1,15,2,Beam_1_3_2,1302
2634,Beam_1_3_15,16343,0.0079199,0.29622,0.012239,3,3,110,1,15,2,Beam_1_3_2,1302
2635,Beam_1_3_15,16397,0.0079201,0.29622,0.013578,3,3,110,1,15,2,Beam_1_3_2,1302
2636,Beam_1_3_15,16407,0.011103,0.29622,0.013578,3,3,110,1,15,2,Beam_1_3_2,1302
2637,Beam_1_3_15,16341,0.011104,0.29622,0.012239,3,3,110,1,15,2,Beam_1_3_2,1302
2638,Beam_1_3_15,16329,0.0037937,0.2963,0.012169,3,3,110,1,15,2,Beam_1_3_2,1302
2639,Beam_1_3_15,16413,0.003794,0.2963,0.01351,3,3,110,1,15,2,Beam_1_3_2,1302
2640,Beam_1_3_15,16391,0.015214,0.2963,0.013508,3,3,110,1,15,2,Beam_1_3_2,1302
2641,Beam_1_3_15,16356,0.015215,0.2963,0.012167,3,3,110,1,15,2,Beam_1_3_2,1302
2642,Beam_1_3_15,16344,0.0063373,0.29664,0.011862,3,3,110,1,15,2,Beam_1_3_2,1302
2643,Beam_1_3_15,16398,0.0063377,0.29664,0.013211,3,3,110,1,15,2,Beam_1_3_2,1302
2644,Beam_1_3_15,16406,0.012681,0.29664,0.013211,3,3,110,1,15,2,Beam_1_3_2,1302
2645,Beam_1_3_15,16340,0.012682,0.29664,0.011862,3,3,110,1,15,2,Beam_1_3_2,1302
2646,Beam_1_3_15,16328,0.0018883,0.2968,0.011712,3,3,110,1,15,2,Beam_1_3_2,1302
2647,Beam_1_3_15,16412,0.0018885,0.2968,0.013065,3,3,110,1,15,2,Beam_1_3_2,1302
2648,Beam_1_3_15,16355,0.017116,0.2968,0.011711,3,3,110,1,15,2,Beam_1_3_2,1302
2649,Beam_1_3_15,16390,0.017116,0.2968,0.013064,3,3,110,1,15,2,Beam_1_3_2,1302
2650,Beam_1_3_15,16345,0.0047454,0.29705,0.011477,3,3,110,1,15,2,Beam_1_3_2,1302
2651,Beam_1_3_15,16399,0.0047459,0.29705,0.012836,3,3,110,1,15,2,Beam_1_3_2,1302
2652,Beam_1_3_15,16405,0.014268,0.29705,0.012836,3,3,110,1,15,2,Beam_1_3_2,1302
2653,Beam_1_3_15,16339,0.014269,0.29705,0.011477,3,3,110,1,15,2,Beam_1_3_2,1302
2654,Beam_1_3_15,16346,0.0031658,0.29747,0.011088,3,3,110,1,15,2,Beam_1_3_2,1302
2655,Beam_1_3_15,16400,0.0031662,0.29747,0.012457,3,3,110,1,15,2,Beam_1_3_2,1302
2656,Beam_1_3_15,16404,0.015843,0.29747,0.012457,3,3,110,1,15,2,Beam_1_3_2,1302
2657,Beam_1_3_15,16338,0.015844,0.29747,0.011088,3,3,110,1,15,2,Beam_1_3_2,1302
2658,Beam_1_3_15,16347,0.0015765,0.29788,0.010691,3,3,110,1,15,2,Beam_1_3_2,1302
2659,Beam_1_3_15,16401,0.0015768,0.29788,0.01207,3,3,110,1,15,2,Beam_1_3_2,1302
2660,Beam_1_3_15,16403,0.017428,0.29788,0.01207,3,3,110,1,15,2,Beam_1_3_2,1302
2661,Beam_1_3_15,16337,0.017428,0.29788,0.010691,3,3,110,1,15,2,Beam_1_3_2,1302
2662,Beam_1_3_15,25574,0.0,0.29899,0.010367,3,3,110,1,15,2,Beam_1_3_2,1302
2663,Beam_1_3_15,25577,0.00475,0.29899,0.010367,3,3,110,1,15,2,Beam_1_3_2,1302
2664,Beam_1_3_15,25576,0.0095,0.29899,0.010367,3,3,110,1,15,2,Beam_1_3_2,1302
2665,Beam_1_3_15,25575,0.01425,0.29899,0.010367,3,3,110,1,15,2,Beam_1_3_2,1302
2666,Beam_1_3_15,25573,0.019,0.29899,0.010367,3,3,110,1,15,2,Beam_1_3_2,1302
2667,Beam_2_1_2,24755,0.02,0.00080961,0.010193,1,1,2,2,2,15,Beam_2_1_15,2115
2668,Beam_2_1_2,24758,0.02475,0.00080961,0.010193,1,1,2,2,2,15,Beam_2_1_15,2115
2669,Beam_2_1_2,24757,0.0295,0.00080961,0.010193,1,1,2,2,2,15,Beam_2_1_15,2115
2670,Beam_2_1_2,24756,0.03425,0.00080961,0.010193,1,1,2,2,2,15,Beam_2_1_15,2115
2671,Beam_2_1_2,24754,0.039,0.00080961,0.010193,1,1,2,2,2,15,Beam_2_1_15,2115
2672,Beam_2_1_1,15137,0.021574,0.0017229,0.010308,1,1,68,2,1,14,Beam_2_1_14,2114
2673,Beam_2_1_1,15151,0.021574,0.0017229,0.011699,1,1,68,2,1,14,Beam_2_1_14,2114
2674,Beam_2_1_1,15108,0.037426,0.0017229,0.010308,1,1,68,2,1,14,Beam_2_1_14,2114
2675,Beam_2_1_1,15170,0.037426,0.0017229,0.011699,1,1,68,2,1,14,Beam_2_1_14,2114
2676,Beam_2_1_1,15136,0.023161,0.0021394,0.010713,1,1,68,2,1,14,Beam_2_1_14,2114
2677,Beam_2_1_1,15109,0.035839,0.0021394,0.010713,1,1,68,2,1,14,Beam_2_1_14,2114
2678,Beam_2_1_1,15150,0.023161,0.0021395,0.012092,1,1,68,2,1,14,Beam_2_1_14,2114
2679,Beam_2_1_1,15171,0.035839,0.0021395,0.012092,1,1,68,2,1,14,Beam_2_1_14,2114
2680,Beam_2_1_1,15135,0.024738,0.0025533,0.011108,1,1,68,2,1,14,Beam_2_1_14,2114
2681,Beam_2_1_1,15110,0.034262,0.0025533,0.011108,1,1,68,2,1,14,Beam_2_1_14,2114
2682,Beam_2_1_1,15149,0.024738,0.0025534,0.012477,1,1,68,2,1,14,Beam_2_1_14,2114
2683,Beam_2_1_1,15172,0.034262,0.0025534,0.012477,1,1,68,2,1,14,Beam_2_1_14,2114
2684,Beam_2_1_1,15116,0.021888,0.0028053,0.011346,1,1,68,2,1,14,Beam_2_1_14,2114
2685,Beam_2_1_1,15168,0.021888,0.0028054,0.012708,1,1,68,2,1,14,Beam_2_1_14,2114
2686,Beam_2_1_1,15119,0.037116,0.0028175,0.011357,1,1,68,2,1,14,Beam_2_1_14,2114
2687,Beam_2_1_1,15163,0.037116,0.0028176,0.012719,1,1,68,2,1,14,Beam_2_1_14,2114
2688,Beam_2_1_1,15134,0.026328,0.0029705,0.0115,1,1,68,2,1,14,Beam_2_1_14,2114
2689,Beam_2_1_1,15111,0.032672,0.0029705,0.0115,1,1,68,2,1,14,Beam_2_1_14,2114
2690,Beam_2_1_1,15148,0.026328,0.0029706,0.012858,1,1,68,2,1,14,Beam_2_1_14,2114
2691,Beam_2_1_1,15173,0.032672,0.0029706,0.012858,1,1,68,2,1,14,Beam_2_1_14,2114
2692,Beam_2_1_1,15115,0.023794,0.0033054,0.01181,1,1,68,2,1,14,Beam_2_1_14,2114
2693,Beam_2_1_1,15167,0.023794,0.0033055,0.01316,1,1,68,2,1,14,Beam_2_1_14,2114
2694,Beam_2_1_1,15120,0.035215,0.003315,0.011819,1,1,68,2,1,14,Beam_2_1_14,2114
2695,Beam_2_1_1,15164,0.035215,0.0033151,0.013169,1,1,68,2,1,14,Beam_2_1_14,2114
2696,Beam_2_1_1,15133,0.027908,0.0033852,0.011883,1,1,68,2,1,14,Beam_2_1_14,2114
2697,Beam_2_1_1,15112,0.031092,0.0033852,0.011883,1,1,68,2,1,14,Beam_2_1_14,2114
2698,Beam_2_1_1,15147,0.027908,0.0033853,0.013232,1,1,68,2,1,14,Beam_2_1_14,2114
2699,Beam_2_1_1,15174,0.031092,0.0033853,0.013232,1,1,68,2,1,14,Beam_2_1_14,2114
2700,Beam_2_1_1,15114,0.025686,0.0038021,0.012262,1,1,68,2,1,14,Beam_2_1_14,2114
2701,Beam_2_1_1,15166,0.025686,0.0038021,0.013601,1,1,68,2,1,14,Beam_2_1_14,2114
2702,Beam_2_1_1,15152,0.0295,0.0038031,0.013602,1,1,68,2,1,14,Beam_2_1_14,2114
2703,Beam_2_1_1,15113,0.0295,0.0038031,0.012263,1,1,68,2,1,14,Beam_2_1_14,2114
2704,Beam_2_1_1,15121,0.033327,0.0038091,0.012268,1,1,68,2,1,14,Beam_2_1_14,2114
2705,Beam_2_1_1,15165,0.033326,0.0038092,0.013607,1,1,68,2,1,14,Beam_2_1_14,2114
2706,Beam_2_1_1,15099,0.027595,0.0043031,0.012709,1,1,68,2,1,14,Beam_2_1_14,2114
2707,Beam_2_1_1,15169,0.027595,0.0043031,0.014037,1,1,68,2,1,14,Beam_2_1_14,2114
2708,Beam_2_1_1,15122,0.031422,0.0043075,0.012713,1,1,68,2,1,14,Beam_2_1_14,2114
2709,Beam_2_1_1,15156,0.031422,0.0043075,0.01404,1,1,68,2,1,14,Beam_2_1_14,2114
2710,Beam_2_1_1,15098,0.025706,0.0047989,0.013143,1,1,68,2,1,14,Beam_2_1_14,2114
2711,Beam_2_1_1,15182,0.025705,0.004799,0.01446,1,1,68,2,1,14,Beam_2_1_14,2114
2712,Beam_2_1_1,15129,0.033307,0.0048023,0.013146,1,1,68,2,1,14,Beam_2_1_14,2114
2713,Beam_2_1_1,15153,0.033307,0.0048023,0.014463,1,1,68,2,1,14,Beam_2_1_14,2114
2714,Beam_2_1_1,15106,0.029514,0.0048068,0.01315,1,1,68,2,1,14,Beam_2_1_14,2114
2715,Beam_2_1_1,15162,0.029514,0.0048068,0.014466,1,1,68,2,1,14,Beam_2_1_14,2114
2716,Beam_2_1_1,15157,0.027936,0.0052198,0.014813,1,1,68,2,1,14,Beam_2_1_14,2114
2717,Beam_2_1_1,15123,0.027936,0.0052198,0.013505,1,1,68,2,1,14,Beam_2_1_14,2114
2718,Beam_2_1_1,15179,0.031088,0.0052198,0.014813,1,1,68,2,1,14,Beam_2_1_14,2114
2719,Beam_2_1_1,15105,0.031088,0.0052198,0.013505,1,1,68,2,1,14,Beam_2_1_14,2114
2720,Beam_2_1_1,15181,0.0238,0.0052989,0.014879,1,1,68,2,1,14,Beam_2_1_14,2114
2721,Beam_2_1_1,15097,0.023801,0.0052989,0.013573,1,1,68,2,1,14,Beam_2_1_14,2114
2722,Beam_2_1_1,15130,0.035208,0.0053011,0.013575,1,1,68,2,1,14,Beam_2_1_14,2114
2723,Beam_2_1_1,15154,0.035208,0.0053012,0.014881,1,1,68,2,1,14,Beam_2_1_14,2114
2724,Beam_2_1_1,15124,0.026347,0.0056355,0.013857,1,1,68,2,1,14,Beam_2_1_14,2114
2725,Beam_2_1_1,15104,0.032672,0.0056355,0.013857,1,1,68,2,1,14,Beam_2_1_14,2114
2726,Beam_2_1_1,15158,0.026347,0.0056356,0.015156,1,1,68,2,1,14,Beam_2_1_14,2114
2727,Beam_2_1_1,15178,0.032672,0.0056356,0.015156,1,1,68,2,1,14,Beam_2_1_14,2114
2728,Beam_2_1_1,15180,0.021908,0.0057957,0.015287,1,1,68,2,1,14,Beam_2_1_14,2114
2729,Beam_2_1_1,15096,0.021908,0.0057957,0.013991,1,1,68,2,1,14,Beam_2_1_14,2114
2730,Beam_2_1_1,15131,0.037096,0.0057968,0.013992,1,1,68,2,1,14,Beam_2_1_14,2114
2731,Beam_2_1_1,15155,0.037097,0.0057968,0.015288,1,1,68,2,1,14,Beam_2_1_14,2114
2732,Beam_2_1_1,15125,0.024766,0.0060491,0.014202,1,1,68,2,1,14,Beam_2_1_14,2114
2733,Beam_2_1_1,15103,0.034248,0.0060491,0.014202,1,1,68,2,1,14,Beam_2_1_14,2114
2734,Beam_2_1_1,15159,0.024766,0.0060492,0.015493,1,1,68,2,1,14,Beam_2_1_14,2114
2735,Beam_2_1_1,15177,0.034248,0.0060492,0.015493,1,1,68,2,1,14,Beam_2_1_14,2114
2736,Beam_2_1_1,15126,0.023176,0.0064654,0.014543,1,1,68,2,1,14,Beam_2_1_14,2114
2737,Beam_2_1_1,15102,0.035834,0.0064654,0.014543,1,1,68,2,1,14,Beam_2_1_14,2114
2738,Beam_2_1_1,15160,0.023175,0.0064655,0.015826,1,1,68,2,1,14,Beam_2_1_14,2114
2739,Beam_2_1_1,15176,0.035834,0.0064655,0.015826,1,1,68,2,1,14,Beam_2_1_14,2114
2740,Beam_2_1_1,15127,0.021593,0.0068796,0.014877,1,1,68,2,1,14,Beam_2_1_14,2114
2741,Beam_2_1_1,15101,0.037412,0.0068796,0.014877,1,1,68,2,1,14,Beam_2_1_14,2114
2742,Beam_2_1_1,15161,0.021593,0.0068797,0.016152,1,1,68,2,1,14,Beam_2_1_14,2114
2743,Beam_2_1_1,15175,0.037412,0.0068797,0.016152,1,1,68,2,1,14,Beam_2_1_14,2114
2744,Beam_2_1_1,24728,0.02,0.0078019,0.016231,1,1,68,2,1,14,Beam_2_1_14,2114
2745,Beam_2_1_1,24731,0.02475,0.0078019,0.016231,1,1,68,2,1,14,Beam_2_1_14,2114
2746,Beam_2_1_1,24730,0.0295,0.0078019,0.016231,1,1,68,2,1,14,Beam_2_1_14,2114
2747,Beam_2_1_1,24729,0.03425,0.0078019,0.016231,1,1,68,2,1,14,Beam_2_1_14,2114
2748,Beam_2_1_1,24727,0.039,0.0078019,0.016231,1,1,68,2,1,14,Beam_2_1_14,2114
2749,Beam_2_1_3,16679,0.022363,0.00893,0.016456,1,1,122,2,3,13,Beam_2_1_13,2113
2750,Beam_2_1_3,16673,0.036637,0.00893,0.016456,1,1,122,2,3,13,Beam_2_1_13,2113
2751,Beam_2_1_3,16723,0.022363,0.0089301,0.017696,1,1,122,2,3,13,Beam_2_1_13,2113
2752,Beam_2_1_3,16725,0.036637,0.0089301,0.017696,1,1,122,2,3,13,Beam_2_1_13,2113
2753,Beam_2_1_3,16678,0.024746,0.0095555,0.016914,1,1,122,2,3,13,Beam_2_1_13,2113
2754,Beam_2_1_3,16722,0.024747,0.0095555,0.018144,1,1,122,2,3,13,Beam_2_1_13,2113
2755,Beam_2_1_3,16726,0.034253,0.0095555,0.018144,1,1,122,2,3,13,Beam_2_1_13,2113
2756,Beam_2_1_3,16674,0.034254,0.0095555,0.016914,1,1,122,2,3,13,Beam_2_1_13,2113
2757,Beam_2_1_3,16697,0.021892,0.0098062,0.017095,1,1,122,2,3,13,Beam_2_1_13,2113
2758,Beam_2_1_3,16709,0.021892,0.0098063,0.01832,1,1,122,2,3,13,Beam_2_1_13,2113
2759,Beam_2_1_3,16669,0.037113,0.0098184,0.017103,1,1,122,2,3,13,Beam_2_1_13,2113
2760,Beam_2_1_3,16728,0.037112,0.0098185,0.018329,1,1,122,2,3,13,Beam_2_1_13,2113
2761,Beam_2_1_3,16677,0.027114,0.010177,0.017358,1,1,122,2,3,13,Beam_2_1_13,2113
2762,Beam_2_1_3,16721,0.027114,0.010177,0.018579,1,1,122,2,3,13,Beam_2_1_13,2113
2763,Beam_2_1_3,16727,0.031886,0.010177,0.018579,1,1,122,2,3,13,Beam_2_1_13,2113
2764,Beam_2_1_3,16675,0.031886,0.010177,0.017358,1,1,122,2,3,13,Beam_2_1_13,2113
2765,Beam_2_1_3,16708,0.023795,0.010306,0.018668,1,1,122,2,3,13,Beam_2_1_13,2113
2766,Beam_2_1_3,16696,0.023795,0.010306,0.017449,1,1,122,2,3,13,Beam_2_1_13,2113
2767,Beam_2_1_3,16670,0.035213,0.010315,0.017456,1,1,122,2,3,13,Beam_2_1_13,2113
2768,Beam_2_1_3,16729,0.035213,0.010316,0.018674,1,1,122,2,3,13,Beam_2_1_13,2113
2769,Beam_2_1_3,16707,0.025689,0.010803,0.019007,1,1,122,2,3,13,Beam_2_1_13,2113
2770,Beam_2_1_3,16695,0.025689,0.010803,0.017796,1,1,122,2,3,13,Beam_2_1_13,2113
2771,Beam_2_1_3,16724,0.0295,0.010803,0.019007,1,1,122,2,3,13,Beam_2_1_13,2113
2772,Beam_2_1_3,16676,0.0295,0.010803,0.017796,1,1,122,2,3,13,Beam_2_1_13,2113
2773,Beam_2_1_3,16730,0.033323,0.01081,0.019011,1,1,122,2,3,13,Beam_2_1_13,2113
2774,Beam_2_1_3,16671,0.033323,0.01081,0.017801,1,1,122,2,3,13,Beam_2_1_13,2113
2775,Beam_2_1_3,16694,0.027595,0.011303,0.018138,1,1,122,2,3,13,Beam_2_1_13,2113
2776,Beam_2_1_3,16710,0.027595,0.011303,0.019342,1,1,122,2,3,13,Beam_2_1_13,2113
2777,Beam_2_1_3,16731,0.031422,0.011308,0.019345,1,1,122,2,3,13,Beam_2_1_13,2113
2778,Beam_2_1_3,16663,0.031422,0.011308,0.018141,1,1,122,2,3,13,Beam_2_1_13,2113
2779,Beam_2_1_3,16693,0.025703,0.0118,0.018471,1,1,122,2,3,13,Beam_2_1_13,2113
2780,Beam_2_1_3,16713,0.025703,0.0118,0.019668,1,1,122,2,3,13,Beam_2_1_13,2113
2781,Beam_2_1_3,16732,0.03331,0.011803,0.01967,1,1,122,2,3,13,Beam_2_1_13,2113
2782,Beam_2_1_3,16664,0.03331,0.011803,0.018473,1,1,122,2,3,13,Beam_2_1_13,2113
2783,Beam_2_1_3,16685,0.029514,0.011807,0.018476,1,1,122,2,3,13,Beam_2_1_13,2113
2784,Beam_2_1_3,16717,0.029514,0.011807,0.019673,1,1,122,2,3,13,Beam_2_1_13,2113
2785,Beam_2_1_3,16712,0.023799,0.012299,0.01999,1,1,122,2,3,13,Beam_2_1_13,2113
2786,Beam_2_1_3,16692,0.023799,0.012299,0.0188,1,1,122,2,3,13,Beam_2_1_13,2113
2787,Beam_2_1_3,16733,0.035209,0.012301,0.019992,1,1,122,2,3,13,Beam_2_1_13,2113
2788,Beam_2_1_3,16665,0.035209,0.012301,0.018801,1,1,122,2,3,13,Beam_2_1_13,2113
2789,Beam_2_1_3,16714,0.027145,0.012427,0.020072,1,1,122,2,3,13,Beam_2_1_13,2113
2790,Beam_2_1_3,16686,0.027145,0.012427,0.018883,1,1,122,2,3,13,Beam_2_1_13,2113
2791,Beam_2_1_3,16720,0.031876,0.012427,0.020072,1,1,122,2,3,13,Beam_2_1_13,2113
2792,Beam_2_1_3,16684,0.031876,0.012427,0.018883,1,1,122,2,3,13,Beam_2_1_13,2113
2793,Beam_2_1_3,16711,0.021905,0.012796,0.020305,1,1,122,2,3,13,Beam_2_1_13,2113
2794,Beam_2_1_3,16691,0.021905,0.012796,0.019121,1,1,122,2,3,13,Beam_2_1_13,2113
2795,Beam_2_1_3,16734,0.037099,0.012798,0.020306,1,1,122,2,3,13,Beam_2_1_13,2113
2796,Beam_2_1_3,16666,0.037099,0.012798,0.019122,1,1,122,2,3,13,Beam_2_1_13,2113
2797,Beam_2_1_3,16687,0.02476,0.013051,0.019283,1,1,122,2,3,13,Beam_2_1_13,2113
2798,Beam_2_1_3,16715,0.02476,0.013051,0.020464,1,1,122,2,3,13,Beam_2_1_13,2113
2799,Beam_2_1_3,16719,0.034254,0.013051,0.020464,1,1,122,2,3,13,Beam_2_1_13,2113
2800,Beam_2_1_3,16683,0.034254,0.013051,0.019283,1,1,122,2,3,13,Beam_2_1_13,2113
2801,Beam_2_1_3,16716,0.022388,0.013672,0.020845,1,1,122,2,3,13,Beam_2_1_13,2113
2802,Beam_2_1_3,16688,0.022388,0.013672,0.019672,1,1,122,2,3,13,Beam_2_1_13,2113
2803,Beam_2_1_3,16682,0.036619,0.013672,0.019672,1,1,122,2,3,13,Beam_2_1_13,2113
2804,Beam_2_1_3,16718,0.036619,0.013672,0.020845,1,1,122,2,3,13,Beam_2_1_13,2113
2805,Beam_2_1_3,24692,0.02,0.014802,0.020937,1,1,122,2,3,13,Beam_2_1_13,2113
2806,Beam_2_1_3,24695,0.02475,0.014802,0.020937,1,1,122,2,3,13,Beam_2_1_13,2113
2807,Beam_2_1_3,24694,0.0295,0.014802,0.020937,1,1,122,2,3,13,Beam_2_1_13,2113
2808,Beam_2_1_3,24693,0.03425,0.014802,0.020937,1,1,122,2,3,13,Beam_2_1_13,2113
2809,Beam_2_1_3,24691,0.039,0.014802,0.020937,1,1,122,2,3,13,Beam_2_1_13,2113
2810,Beam_2_1_4,18019,0.022367,0.015931,0.02216,1,1,176,2,4,12,Beam_2_1_12,2112
2811,Beam_2_1_4,17975,0.022367,0.015931,0.021013,1,1,176,2,4,12,Beam_2_1_12,2112
2812,Beam_2_1_4,18021,0.036633,0.015931,0.02216,1,1,176,2,4,12,Beam_2_1_12,2112
2813,Beam_2_1_4,17969,0.036633,0.015931,0.021013,1,1,176,2,4,12,Beam_2_1_12,2112
2814,Beam_2_1_4,17974,0.024748,0.016556,0.021363,1,1,176,2,4,12,Beam_2_1_12,2112
2815,Beam_2_1_4,18018,0.024748,0.016556,0.022504,1,1,176,2,4,12,Beam_2_1_12,2112
2816,Beam_2_1_4,18022,0.034252,0.016556,0.022504,1,1,176,2,4,12,Beam_2_1_12,2112
2817,Beam_2_1_4,17970,0.034252,0.016556,0.021363,1,1,176,2,4,12,Beam_2_1_12,2112
2818,Beam_2_1_4,18005,0.021894,0.016807,0.02264,1,1,176,2,4,12,Beam_2_1_12,2112
2819,Beam_2_1_4,17993,0.021894,0.016807,0.021502,1,1,176,2,4,12,Beam_2_1_12,2112
2820,Beam_2_1_4,18024,0.03711,0.016819,0.022646,1,1,176,2,4,12,Beam_2_1_12,2112
2821,Beam_2_1_4,17965,0.03711,0.016819,0.021508,1,1,176,2,4,12,Beam_2_1_12,2112
2822,Beam_2_1_4,17973,0.027117,0.017178,0.021704,1,1,176,2,4,12,Beam_2_1_12,2112
2823,Beam_2_1_4,18017,0.027117,0.017178,0.022838,1,1,176,2,4,12,Beam_2_1_12,2112
2824,Beam_2_1_4,18023,0.031883,0.017178,0.022838,1,1,176,2,4,12,Beam_2_1_12,2112
2825,Beam_2_1_4,17971,0.031883,0.017178,0.021704,1,1,176,2,4,12,Beam_2_1_12,2112
2826,Beam_2_1_4,17992,0.023796,0.017306,0.021773,1,1,176,2,4,12,Beam_2_1_12,2112
2827,Beam_2_1_4,18004,0.023796,0.017306,0.022906,1,1,176,2,4,12,Beam_2_1_12,2112
2828,Beam_2_1_4,17966,0.035212,0.017316,0.021778,1,1,176,2,4,12,Beam_2_1_12,2112
2829,Beam_2_1_4,18025,0.035212,0.017316,0.022911,1,1,176,2,4,12,Beam_2_1_12,2112
2830,Beam_2_1_4,17972,0.0295,0.017803,0.022038,1,1,176,2,4,12,Beam_2_1_12,2112
2831,Beam_2_1_4,18020,0.0295,0.017803,0.023166,1,1,176,2,4,12,Beam_2_1_12,2112
2832,Beam_2_1_4,17991,0.025691,0.017804,0.022038,1,1,176,2,4,12,Beam_2_1_12,2112
2833,Beam_2_1_4,18003,0.025691,0.017804,0.023166,1,1,176,2,4,12,Beam_2_1_12,2112
2834,Beam_2_1_4,18026,0.033321,0.017811,0.02317,1,1,176,2,4,12,Beam_2_1_12,2112
2835,Beam_2_1_4,17967,0.033321,0.017811,0.022042,1,1,176,2,4,12,Beam_2_1_12,2112
2836,Beam_2_1_4,17990,0.027595,0.018303,0.022299,1,1,176,2,4,12,Beam_2_1_12,2112
2837,Beam_2_1_4,18006,0.027595,0.018303,0.023423,1,1,176,2,4,12,Beam_2_1_12,2112
2838,Beam_2_1_4,18027,0.031422,0.018308,0.023425,1,1,176,2,4,12,Beam_2_1_12,2112
2839,Beam_2_1_4,17959,0.031422,0.018308,0.022301,1,1,176,2,4,12,Beam_2_1_12,2112
2840,Beam_2_1_4,17989,0.025701,0.0188,0.022553,1,1,176,2,4,12,Beam_2_1_12,2112
2841,Beam_2_1_4,18009,0.025701,0.0188,0.023673,1,1,176,2,4,12,Beam_2_1_12,2112
2842,Beam_2_1_4,17960,0.033312,0.018804,0.022555,1,1,176,2,4,12,Beam_2_1_12,2112
2843,Beam_2_1_4,18028,0.033312,0.018804,0.023674,1,1,176,2,4,12,Beam_2_1_12,2112
2844,Beam_2_1_4,18013,0.029514,0.018807,0.023676,1,1,176,2,4,12,Beam_2_1_12,2112
2845,Beam_2_1_4,17981,0.029514,0.018807,0.022557,1,1,176,2,4,12,Beam_2_1_12,2112
2846,Beam_2_1_4,17988,0.023799,0.019299,0.022804,1,1,176,2,4,12,Beam_2_1_12,2112
2847,Beam_2_1_4,18008,0.023799,0.019299,0.023919,1,1,176,2,4,12,Beam_2_1_12,2112
2848,Beam_2_1_4,17961,0.03521,0.019302,0.022805,1,1,176,2,4,12,Beam_2_1_12,2112
2849,Beam_2_1_4,18029,0.03521,0.019302,0.02392,1,1,176,2,4,12,Beam_2_1_12,2112
2850,Beam_2_1_4,18010,0.027142,0.019427,0.023981,1,1,176,2,4,12,Beam_2_1_12,2112
2851,Beam_2_1_4,17982,0.027142,0.019427,0.022867,1,1,176,2,4,12,Beam_2_1_12,2112
2852,Beam_2_1_4,17980,0.031879,0.019427,0.022867,1,1,176,2,4,12,Beam_2_1_12,2112
2853,Beam_2_1_4,18016,0.031879,0.019427,0.023981,1,1,176,2,4,12,Beam_2_1_12,2112
2854,Beam_2_1_4,18007,0.021903,0.019797,0.024159,1,1,176,2,4,12,Beam_2_1_12,2112
2855,Beam_2_1_4,17987,0.021903,0.019797,0.023049,1,1,176,2,4,12,Beam_2_1_12,2112
2856,Beam_2_1_4,18030,0.037101,0.019798,0.02416,1,1,176,2,4,12,Beam_2_1_12,2112
2857,Beam_2_1_4,17962,0.037101,0.019798,0.023049,1,1,176,2,4,12,Beam_2_1_12,2112
2858,Beam_2_1_4,17983,0.024759,0.020051,0.023172,1,1,176,2,4,12,Beam_2_1_12,2112
2859,Beam_2_1_4,18011,0.024759,0.020051,0.02428,1,1,176,2,4,12,Beam_2_1_12,2112
2860,Beam_2_1_4,18015,0.034255,0.020051,0.02428,1,1,176,2,4,12,Beam_2_1_12,2112
2861,Beam_2_1_4,17979,0.034255,0.020051,0.023172,1,1,176,2,4,12,Beam_2_1_12,2112
2862,Beam_2_1_4,18012,0.022385,0.020672,0.02457,1,1,176,2,4,12,Beam_2_1_12,2112
2863,Beam_2_1_4,17984,0.022385,0.020672,0.023467,1,1,176,2,4,12,Beam_2_1_12,2112
2864,Beam_2_1_4,18014,0.036622,0.020672,0.02457,1,1,176,2,4,12,Beam_2_1_12,2112
2865,Beam_2_1_4,17978,0.036622,0.020672,0.023467,1,1,176,2,4,12,Beam_2_1_12,2112
2866,Beam_2_1_4,24674,0.02,0.021802,0.024532,1,1,176,2,4,12,Beam_2_1_12,2112
2867,Beam_2_1_4,24677,0.02475,0.021802,0.024532,1,1,176,2,4,12,Beam_2_1_12,2112
2868,Beam_2_1_4,24676,0.0295,0.021802,0.024532,1,1,176,2,4,12,Beam_2_1_12,2112
2869,Beam_2_1_4,24675,0.03425,0.021802,0.024532,1,1,176,2,4,12,Beam_2_1_12,2112
2870,Beam_2_1_4,24673,0.039,0.021802,0.024532,1,1,176,2,4,12,Beam_2_1_12,2112
2871,Beam_2_1_5,19271,0.022369,0.022932,0.024479,1,1,230,2,5,11,Beam_2_1_11,2111
2872,Beam_2_1_5,19315,0.022369,0.022932,0.025565,1,1,230,2,5,11,Beam_2_1_11,2111
2873,Beam_2_1_5,19265,0.036631,0.022932,0.024479,1,1,230,2,5,11,Beam_2_1_11,2111
2874,Beam_2_1_5,19317,0.036631,0.022932,0.025565,1,1,230,2,5,11,Beam_2_1_11,2111
2875,Beam_2_1_5,19314,0.024749,0.023556,0.025823,1,1,230,2,5,11,Beam_2_1_11,2111
2876,Beam_2_1_5,19270,0.024749,0.023556,0.024742,1,1,230,2,5,11,Beam_2_1_11,2111
2877,Beam_2_1_5,19318,0.034251,0.023556,0.025823,1,1,230,2,5,11,Beam_2_1_11,2111
2878,Beam_2_1_5,19266,0.034251,0.023556,0.024742,1,1,230,2,5,11,Beam_2_1_11,2111
2879,Beam_2_1_5,19301,0.021895,0.023807,0.025925,1,1,230,2,5,11,Beam_2_1_11,2111
2880,Beam_2_1_5,19289,0.021895,0.023807,0.024845,1,1,230,2,5,11,Beam_2_1_11,2111
2881,Beam_2_1_5,19261,0.037109,0.023819,0.02485,1,1,230,2,5,11,Beam_2_1_11,2111
2882,Beam_2_1_5,19320,0.037109,0.023819,0.02593,1,1,230,2,5,11,Beam_2_1_11,2111
2883,Beam_2_1_5,19269,0.02712,0.024178,0.024996,1,1,230,2,5,11,Beam_2_1_11,2111
2884,Beam_2_1_5,19313,0.02712,0.024178,0.026074,1,1,230,2,5,11,Beam_2_1_11,2111
2885,Beam_2_1_5,19267,0.03188,0.024178,0.024996,1,1,230,2,5,11,Beam_2_1_11,2111
2886,Beam_2_1_5,19319,0.03188,0.024178,0.026074,1,1,230,2,5,11,Beam_2_1_11,2111
2887,Beam_2_1_5,19288,0.023797,0.024306,0.025048,1,1,230,2,5,11,Beam_2_1_11,2111
2888,Beam_2_1_5,19300,0.023797,0.024306,0.026124,1,1,230,2,5,11,Beam_2_1_11,2111
2889,Beam_2_1_5,19321,0.035212,0.024316,0.026128,1,1,230,2,5,11,Beam_2_1_11,2111
2890,Beam_2_1_5,19262,0.035212,0.024316,0.025052,1,1,230,2,5,11,Beam_2_1_11,2111
2891,Beam_2_1_5,19316,0.0295,0.024803,0.026318,1,1,230,2,5,11,Beam_2_1_11,2111
2892,Beam_2_1_5,19268,0.0295,0.024803,0.025245,1,1,230,2,5,11,Beam_2_1_11,2111
2893,Beam_2_1_5,19299,0.025693,0.024804,0.026318,1,1,230,2,5,11,Beam_2_1_11,2111
2894,Beam_2_1_5,19287,0.025693,0.024804,0.025245,1,1,230,2,5,11,Beam_2_1_11,2111
2895,Beam_2_1_5,19263,0.03332,0.024811,0.025248,1,1,230,2,5,11,Beam_2_1_11,2111
2896,Beam_2_1_5,19322,0.03332,0.024811,0.026321,1,1,230,2,5,11,Beam_2_1_11,2111
2897,Beam_2_1_5,19286,0.027595,0.025303,0.025439,1,1,230,2,5,11,Beam_2_1_11,2111
2898,Beam_2_1_5,19302,0.027595,0.025303,0.026509,1,1,230,2,5,11,Beam_2_1_11,2111
2899,Beam_2_1_5,19323,0.031422,0.025308,0.02651,1,1,230,2,5,11,Beam_2_1_11,2111
2900,Beam_2_1_5,19255,0.031422,0.025308,0.025441,1,1,230,2,5,11,Beam_2_1_11,2111
2901,Beam_2_1_5,19305,0.025699,0.025801,0.026694,1,1,230,2,5,11,Beam_2_1_11,2111
2902,Beam_2_1_5,19285,0.025699,0.025801,0.025627,1,1,230,2,5,11,Beam_2_1_11,2111
2903,Beam_2_1_5,19324,0.033313,0.025804,0.026695,1,1,230,2,5,11,Beam_2_1_11,2111
2904,Beam_2_1_5,19256,0.033313,0.025804,0.025629,1,1,230,2,5,11,Beam_2_1_11,2111
2905,Beam_2_1_5,19309,0.029514,0.025807,0.026696,1,1,230,2,5,11,Beam_2_1_11,2111
2906,Beam_2_1_5,19277,0.029514,0.025807,0.02563,1,1,230,2,5,11,Beam_2_1_11,2111
2907,Beam_2_1_5,19284,0.023798,0.0263,0.025812,1,1,230,2,5,11,Beam_2_1_11,2111
2908,Beam_2_1_5,19304,0.023798,0.0263,0.026876,1,1,230,2,5,11,Beam_2_1_11,2111
2909,Beam_2_1_5,19257,0.03521,0.026302,0.025813,1,1,230,2,5,11,Beam_2_1_11,2111
2910,Beam_2_1_5,19325,0.03521,0.026302,0.026877,1,1,230,2,5,11,Beam_2_1_11,2111
2911,Beam_2_1_5,19278,0.02714,0.026428,0.025859,1,1,230,2,5,11,Beam_2_1_11,2111
2912,Beam_2_1_5,19306,0.02714,0.026428,0.026922,1,1,230,2,5,11,Beam_2_1_11,2111
2913,Beam_2_1_5,19312,0.031881,0.026428,0.026922,1,1,230,2,5,11,Beam_2_1_11,2111
2914,Beam_2_1_5,19276,0.031881,0.026428,0.025859,1,1,230,2,5,11,Beam_2_1_11,2111
2915,Beam_2_1_5,19303,0.021902,0.026797,0.027053,1,1,230,2,5,11,Beam_2_1_11,2111
2916,Beam_2_1_5,19283,0.021902,0.026797,0.025992,1,1,230,2,5,11,Beam_2_1_11,2111
2917,Beam_2_1_5,19326,0.037103,0.026798,0.027053,1,1,230,2,5,11,Beam_2_1_11,2111
2918,Beam_2_1_5,19258,0.037103,0.026798,0.025992,1,1,230,2,5,11,Beam_2_1_11,2111
2919,Beam_2_1_5,19307,0.024758,0.027051,0.027142,1,1,230,2,5,11,Beam_2_1_11,2111
2920,Beam_2_1_5,19279,0.024758,0.027051,0.026082,1,1,230,2,5,11,Beam_2_1_11,2111
2921,Beam_2_1_5,19311,0.034256,0.027051,0.027142,1,1,230,2,5,11,Beam_2_1_11,2111
2922,Beam_2_1_5,19275,0.034256,0.027051,0.026082,1,1,230,2,5,11,Beam_2_1_11,2111
2923,Beam_2_1_5,19280,0.022383,0.027673,0.026298,1,1,230,2,5,11,Beam_2_1_11,2111
2924,Beam_2_1_5,19308,0.022383,0.027673,0.027354,1,1,230,2,5,11,Beam_2_1_11,2111
2925,Beam_2_1_5,19274,0.036624,0.027673,0.026298,1,1,230,2,5,11,Beam_2_1_11,2111
2926,Beam_2_1_5,19310,0.036624,0.027673,0.027354,1,1,230,2,5,11,Beam_2_1_11,2111
2927,Beam_2_1_5,24647,0.02,0.028803,0.027198,1,1,230,2,5,11,Beam_2_1_11,2111
2928,Beam_2_1_5,24650,0.02475,0.028803,0.027198,1,1,230,2,5,11,Beam_2_1_11,2111
2929,Beam_2_1_5,24649,0.0295,0.028803,0.027198,1,1,230,2,5,11,Beam_2_1_11,2111
2930,Beam_2_1_5,24648,0.03425,0.028803,0.027198,1,1,230,2,5,11,Beam_2_1_11,2111
2931,Beam_2_1_5,24646,0.039,0.028803,0.027198,1,1,230,2,5,11,Beam_2_1_11,2111
2932,Beam_2_1_6,20597,0.022371,0.029932,0.028072,1,1,284,2,6,10,Beam_2_1_10,2110
2933,Beam_2_1_6,20585,0.022371,0.029932,0.027027,1,1,284,2,6,10,Beam_2_1_10,2110
2934,Beam_2_1_6,20599,0.036629,0.029932,0.028072,1,1,284,2,6,10,Beam_2_1_10,2110
2935,Beam_2_1_6,20579,0.036629,0.029932,0.027027,1,1,284,2,6,10,Beam_2_1_10,2110
2936,Beam_2_1_6,20584,0.024749,0.030556,0.027214,1,1,284,2,6,10,Beam_2_1_10,2110
2937,Beam_2_1_6,20596,0.024749,0.030556,0.028256,1,1,284,2,6,10,Beam_2_1_10,2110
2938,Beam_2_1_6,20600,0.034251,0.030556,0.028256,1,1,284,2,6,10,Beam_2_1_10,2110
2939,Beam_2_1_6,20580,0.034251,0.030556,0.027214,1,1,284,2,6,10,Beam_2_1_10,2110
2940,Beam_2_1_6,20611,0.021896,0.030808,0.028328,1,1,284,2,6,10,Beam_2_1_10,2110
2941,Beam_2_1_6,20567,0.021896,0.030808,0.027287,1,1,284,2,6,10,Beam_2_1_10,2110
2942,Beam_2_1_6,20575,0.037108,0.03082,0.027291,1,1,284,2,6,10,Beam_2_1_10,2110
2943,Beam_2_1_6,20602,0.037108,0.03082,0.028331,1,1,284,2,6,10,Beam_2_1_10,2110
2944,Beam_2_1_6,20583,0.027121,0.031179,0.027394,1,1,284,2,6,10,Beam_2_1_10,2110
2945,Beam_2_1_6,20595,0.027121,0.031179,0.028432,1,1,284,2,6,10,Beam_2_1_10,2110
2946,Beam_2_1_6,20601,0.031879,0.031179,0.028432,1,1,284,2,6,10,Beam_2_1_10,2110
2947,Beam_2_1_6,20581,0.031879,0.031179,0.027394,1,1,284,2,6,10,Beam_2_1_10,2110
2948,Beam_2_1_6,20566,0.023797,0.031306,0.02743,1,1,284,2,6,10,Beam_2_1_10,2110
2949,Beam_2_1_6,20610,0.023797,0.031306,0.028468,1,1,284,2,6,10,Beam_2_1_10,2110
2950,Beam_2_1_6,20603,0.035212,0.031316,0.028471,1,1,284,2,6,10,Beam_2_1_10,2110
2951,Beam_2_1_6,20576,0.035212,0.031316,0.027432,1,1,284,2,6,10,Beam_2_1_10,2110
2952,Beam_2_1_6,20598,0.0295,0.031803,0.028604,1,1,284,2,6,10,Beam_2_1_10,2110
2953,Beam_2_1_6,20582,0.0295,0.031803,0.027567,1,1,284,2,6,10,Beam_2_1_10,2110
2954,Beam_2_1_6,20609,0.025694,0.031804,0.028604,1,1,284,2,6,10,Beam_2_1_10,2110
2955,Beam_2_1_6,20565,0.025694,0.031804,0.027568,1,1,284,2,6,10,Beam_2_1_10,2110
2956,Beam_2_1_6,20577,0.033319,0.031811,0.02757,1,1,284,2,6,10,Beam_2_1_10,2110
2957,Beam_2_1_6,20604,0.033319,0.031811,0.028606,1,1,284,2,6,10,Beam_2_1_10,2110
2958,Beam_2_1_6,20612,0.027595,0.032303,0.028736,1,1,284,2,6,10,Beam_2_1_10,2110
2959,Beam_2_1_6,20564,0.027595,0.032303,0.027702,1,1,284,2,6,10,Beam_2_1_10,2110
2960,Beam_2_1_6,20605,0.031422,0.032308,0.028737,1,1,284,2,6,10,Beam_2_1_10,2110
2961,Beam_2_1_6,20569,0.031422,0.032308,0.027703,1,1,284,2,6,10,Beam_2_1_10,2110
2962,Beam_2_1_6,20615,0.025698,0.032801,0.028864,1,1,284,2,6,10,Beam_2_1_10,2110
2963,Beam_2_1_6,20563,0.025698,0.032801,0.027832,1,1,284,2,6,10,Beam_2_1_10,2110
2964,Beam_2_1_6,20606,0.033314,0.032804,0.028865,1,1,284,2,6,10,Beam_2_1_10,2110
2965,Beam_2_1_6,20570,0.033314,0.032804,0.027833,1,1,284,2,6,10,Beam_2_1_10,2110
2966,Beam_2_1_6,20619,0.029514,0.032807,0.028866,1,1,284,2,6,10,Beam_2_1_10,2110
2967,Beam_2_1_6,20555,0.029514,0.032807,0.027834,1,1,284,2,6,10,Beam_2_1_10,2110
2968,Beam_2_1_6,20562,0.023798,0.0333,0.027959,1,1,284,2,6,10,Beam_2_1_10,2110
2969,Beam_2_1_6,20614,0.023798,0.0333,0.028989,1,1,284,2,6,10,Beam_2_1_10,2110
2970,Beam_2_1_6,20607,0.035211,0.033302,0.028989,1,1,284,2,6,10,Beam_2_1_10,2110
2971,Beam_2_1_6,20571,0.035211,0.033302,0.027959,1,1,284,2,6,10,Beam_2_1_10,2110
2972,Beam_2_1_6,20556,0.027139,0.033428,0.027991,1,1,284,2,6,10,Beam_2_1_10,2110
2973,Beam_2_1_6,20616,0.027139,0.033428,0.02902,1,1,284,2,6,10,Beam_2_1_10,2110
2974,Beam_2_1_6,20622,0.031882,0.033428,0.02902,1,1,284,2,6,10,Beam_2_1_10,2110
2975,Beam_2_1_6,20554,0.031882,0.033428,0.027991,1,1,284,2,6,10,Beam_2_1_10,2110
2976,Beam_2_1_6,20613,0.021901,0.033798,0.029109,1,1,284,2,6,10,Beam_2_1_10,2110
2977,Beam_2_1_6,20561,0.021901,0.033798,0.028081,1,1,284,2,6,10,Beam_2_1_10,2110
2978,Beam_2_1_6,20572,0.037104,0.033799,0.028081,1,1,284,2,6,10,Beam_2_1_10,2110
2979,Beam_2_1_6,20608,0.037104,0.033799,0.02911,1,1,284,2,6,10,Beam_2_1_10,2110
2980,Beam_2_1_6,20557,0.024758,0.034051,0.028142,1,1,284,2,6,10,Beam_2_1_10,2110
2981,Beam_2_1_6,20617,0.024758,0.034051,0.029169,1,1,284,2,6,10,Beam_2_1_10,2110
2982,Beam_2_1_6,20553,0.034256,0.034051,0.028142,1,1,284,2,6,10,Beam_2_1_10,2110
2983,Beam_2_1_6,20621,0.034256,0.034051,0.029169,1,1,284,2,6,10,Beam_2_1_10,2110
2984,Beam_2_1_6,20618,0.022381,0.034673,0.029312,1,1,284,2,6,10,Beam_2_1_10,2110
2985,Beam_2_1_6,20558,0.022381,0.034673,0.028286,1,1,284,2,6,10,Beam_2_1_10,2110
2986,Beam_2_1_6,20620,0.036626,0.034673,0.029312,1,1,284,2,6,10,Beam_2_1_10,2110
2987,Beam_2_1_6,20552,0.036626,0.034673,0.028286,1,1,284,2,6,10,Beam_2_1_10,2110
2988,Beam_2_1_6,24611,0.02,0.035803,0.029044,1,1,284,2,6,10,Beam_2_1_10,2110
2989,Beam_2_1_6,24614,0.02475,0.035803,0.029044,1,1,284,2,6,10,Beam_2_1_10,2110
2990,Beam_2_1_6,24613,0.0295,0.035803,0.029044,1,1,284,2,6,10,Beam_2_1_10,2110
2991,Beam_2_1_6,24612,0.03425,0.035803,0.029044,1,1,284,2,6,10,Beam_2_1_10,2110
2992,Beam_2_1_6,24610,0.039,0.035803,0.029044,1,1,284,2,6,10,Beam_2_1_10,2110
2993,Beam_2_1_7,21881,0.022373,0.036932,0.028762,1,1,338,2,7,9,Beam_2_1_9,2109
2994,Beam_2_1_7,21893,0.022373,0.036932,0.02978,1,1,338,2,7,9,Beam_2_1_9,2109
2995,Beam_2_1_7,21875,0.036627,0.036932,0.028762,1,1,338,2,7,9,Beam_2_1_9,2109
2996,Beam_2_1_7,21895,0.036627,0.036932,0.02978,1,1,338,2,7,9,Beam_2_1_9,2109
2997,Beam_2_1_7,21880,0.024749,0.037556,0.028879,1,1,338,2,7,9,Beam_2_1_9,2109
2998,Beam_2_1_7,21892,0.024749,0.037556,0.029895,1,1,338,2,7,9,Beam_2_1_9,2109
2999,Beam_2_1_7,21896,0.034251,0.037556,0.029895,1,1,338,2,7,9,Beam_2_1_9,2109
3000,Beam_2_1_7,21876,0.034251,0.037556,0.028879,1,1,338,2,7,9,Beam_2_1_9,2109
3001,Beam_2_1_7,21863,0.021897,0.037808,0.028924,1,1,338,2,7,9,Beam_2_1_9,2109
3002,Beam_2_1_7,21907,0.021897,0.037808,0.02994,1,1,338,2,7,9,Beam_2_1_9,2109
3003,Beam_2_1_7,21871,0.037107,0.03782,0.028927,1,1,338,2,7,9,Beam_2_1_9,2109
3004,Beam_2_1_7,21898,0.037107,0.03782,0.029942,1,1,338,2,7,9,Beam_2_1_9,2109
3005,Beam_2_1_7,21879,0.027123,0.038179,0.02899,1,1,338,2,7,9,Beam_2_1_9,2109
3006,Beam_2_1_7,21891,0.027123,0.038179,0.030005,1,1,338,2,7,9,Beam_2_1_9,2109
3007,Beam_2_1_7,21897,0.031877,0.038179,0.030005,1,1,338,2,7,9,Beam_2_1_9,2109
3008,Beam_2_1_7,21877,0.031877,0.038179,0.02899,1,1,338,2,7,9,Beam_2_1_9,2109
3009,Beam_2_1_7,21862,0.023797,0.038306,0.029012,1,1,338,2,7,9,Beam_2_1_9,2109
3010,Beam_2_1_7,21906,0.023797,0.038306,0.030027,1,1,338,2,7,9,Beam_2_1_9,2109
3011,Beam_2_1_7,21899,0.035211,0.038316,0.030028,1,1,338,2,7,9,Beam_2_1_9,2109
3012,Beam_2_1_7,21872,0.035211,0.038316,0.029014,1,1,338,2,7,9,Beam_2_1_9,2109
3013,Beam_2_1_7,21878,0.0295,0.038803,0.029096,1,1,338,2,7,9,Beam_2_1_9,2109
3014,Beam_2_1_7,21894,0.0295,0.038803,0.030109,1,1,338,2,7,9,Beam_2_1_9,2109
3015,Beam_2_1_7,21861,0.025695,0.038804,0.029096,1,1,338,2,7,9,Beam_2_1_9,2109
3016,Beam_2_1_7,21905,0.025695,0.038804,0.030109,1,1,338,2,7,9,Beam_2_1_9,2109
3017,Beam_2_1_7,21873,0.033318,0.038811,0.029097,1,1,338,2,7,9,Beam_2_1_9,2109
3018,Beam_2_1_7,21900,0.033318,0.038811,0.03011,1,1,338,2,7,9,Beam_2_1_9,2109
3019,Beam_2_1_7,21860,0.027595,0.039303,0.029176,1,1,338,2,7,9,Beam_2_1_9,2109
3020,Beam_2_1_7,21908,0.027595,0.039303,0.030188,1,1,338,2,7,9,Beam_2_1_9,2109
3021,Beam_2_1_7,21865,0.031422,0.039308,0.029177,1,1,338,2,7,9,Beam_2_1_9,2109
3022,Beam_2_1_7,21901,0.031422,0.039308,0.030189,1,1,338,2,7,9,Beam_2_1_9,2109
3023,Beam_2_1_7,21859,0.025697,0.039801,0.029252,1,1,338,2,7,9,Beam_2_1_9,2109
3024,Beam_2_1_7,21911,0.025697,0.039801,0.030263,1,1,338,2,7,9,Beam_2_1_9,2109
3025,Beam_2_1_7,21866,0.033315,0.039804,0.029253,1,1,338,2,7,9,Beam_2_1_9,2109
3026,Beam_2_1_7,21902,0.033315,0.039804,0.030264,1,1,338,2,7,9,Beam_2_1_9,2109
3027,Beam_2_1_7,21851,0.029514,0.039807,0.029253,1,1,338,2,7,9,Beam_2_1_9,2109
3028,Beam_2_1_7,21915,0.029514,0.039807,0.030264,1,1,338,2,7,9,Beam_2_1_9,2109
3029,Beam_2_1_7,21858,0.023798,0.0403,0.029325,1,1,338,2,7,9,Beam_2_1_9,2109
3030,Beam_2_1_7,21910,0.023798,0.0403,0.030335,1,1,338,2,7,9,Beam_2_1_9,2109
3031,Beam_2_1_7,21903,0.035211,0.040302,0.030335,1,1,338,2,7,9,Beam_2_1_9,2109
3032,Beam_2_1_7,21867,0.035211,0.040302,0.029325,1,1,338,2,7,9,Beam_2_1_9,2109
3033,Beam_2_1_7,21852,0.027137,0.040429,0.029343,1,1,338,2,7,9,Beam_2_1_9,2109
3034,Beam_2_1_7,21912,0.027137,0.040429,0.030353,1,1,338,2,7,9,Beam_2_1_9,2109
3035,Beam_2_1_7,21850,0.031884,0.040429,0.029343,1,1,338,2,7,9,Beam_2_1_9,2109
3036,Beam_2_1_7,21918,0.031884,0.040429,0.030353,1,1,338,2,7,9,Beam_2_1_9,2109
3037,Beam_2_1_7,21857,0.0219,0.040798,0.029394,1,1,338,2,7,9,Beam_2_1_9,2109
3038,Beam_2_1_7,21909,0.0219,0.040798,0.030403,1,1,338,2,7,9,Beam_2_1_9,2109
3039,Beam_2_1_7,21868,0.037104,0.040799,0.029394,1,1,338,2,7,9,Beam_2_1_9,2109
3040,Beam_2_1_7,21904,0.037104,0.040799,0.030403,1,1,338,2,7,9,Beam_2_1_9,2109
3041,Beam_2_1_7,21913,0.024757,0.041051,0.030436,1,1,338,2,7,9,Beam_2_1_9,2109
3042,Beam_2_1_7,21853,0.024757,0.041051,0.029427,1,1,338,2,7,9,Beam_2_1_9,2109
3043,Beam_2_1_7,21849,0.034257,0.041051,0.029427,1,1,338,2,7,9,Beam_2_1_9,2109
3044,Beam_2_1_7,21917,0.034257,0.041051,0.030436,1,1,338,2,7,9,Beam_2_1_9,2109
3045,Beam_2_1_7,21914,0.02238,0.041674,0.030513,1,1,338,2,7,9,Beam_2_1_9,2109
3046,Beam_2_1_7,21854,0.02238,0.041674,0.029506,1,1,338,2,7,9,Beam_2_1_9,2109
3047,Beam_2_1_7,21916,0.036627,0.041674,0.030513,1,1,338,2,7,9,Beam_2_1_9,2109
3048,Beam_2_1_7,21848,0.036627,0.041674,0.029506,1,1,338,2,7,9,Beam_2_1_9,2109
3049,Beam_2_1_7,24593,0.02,0.042803,0.030136,1,1,338,2,7,9,Beam_2_1_9,2109
3050,Beam_2_1_7,24596,0.02475,0.042803,0.030136,1,1,338,2,7,9,Beam_2_1_9,2109
3051,Beam_2_1_7,24595,0.0295,0.042803,0.030136,1,1,338,2,7,9,Beam_2_1_9,2109
3052,Beam_2_1_7,24594,0.03425,0.042803,0.030136,1,1,338,2,7,9,Beam_2_1_9,2109
3053,Beam_2_1_7,24592,0.039,0.042803,0.030136,1,1,338,2,7,9,Beam_2_1_9,2109
3054,Beam_2_1_8,23183,0.022374,0.043933,0.030747,1,1,392,2,8,8,Beam_2_1_8,2108
3055,Beam_2_1_8,23178,0.022374,0.043933,0.029743,1,1,392,2,8,8,Beam_2_1_8,2108
3056,Beam_2_1_8,23171,0.036626,0.043933,0.029743,1,1,392,2,8,8,Beam_2_1_8,2108
3057,Beam_2_1_8,23191,0.036626,0.043933,0.030747,1,1,392,2,8,8,Beam_2_1_8,2108
3058,Beam_2_1_8,23177,0.02475,0.044556,0.029795,1,1,392,2,8,8,Beam_2_1_8,2108
3059,Beam_2_1_8,23182,0.02475,0.044556,0.030798,1,1,392,2,8,8,Beam_2_1_8,2108
3060,Beam_2_1_8,23192,0.03425,0.044556,0.030798,1,1,392,2,8,8,Beam_2_1_8,2108
3061,Beam_2_1_8,23172,0.03425,0.044556,0.029795,1,1,392,2,8,8,Beam_2_1_8,2108
3062,Beam_2_1_8,23159,0.021898,0.044808,0.029815,1,1,392,2,8,8,Beam_2_1_8,2108
3063,Beam_2_1_8,23203,0.021898,0.044808,0.030817,1,1,392,2,8,8,Beam_2_1_8,2108
3064,Beam_2_1_8,23167,0.037106,0.04482,0.029816,1,1,392,2,8,8,Beam_2_1_8,2108
3065,Beam_2_1_8,23194,0.037106,0.04482,0.030818,1,1,392,2,8,8,Beam_2_1_8,2108
3066,Beam_2_1_8,23176,0.027124,0.04518,0.029842,1,1,392,2,8,8,Beam_2_1_8,2108
3067,Beam_2_1_8,23181,0.027124,0.04518,0.030844,1,1,392,2,8,8,Beam_2_1_8,2108
3068,Beam_2_1_8,23193,0.031876,0.04518,0.030844,1,1,392,2,8,8,Beam_2_1_8,2108
3069,Beam_2_1_8,23173,0.031876,0.04518,0.029842,1,1,392,2,8,8,Beam_2_1_8,2108
3070,Beam_2_1_8,23158,0.023797,0.045306,0.02985,1,1,392,2,8,8,Beam_2_1_8,2108
3071,Beam_2_1_8,23202,0.023797,0.045306,0.030853,1,1,392,2,8,8,Beam_2_1_8,2108
3072,Beam_2_1_8,23168,0.035211,0.045316,0.029851,1,1,392,2,8,8,Beam_2_1_8,2108
3073,Beam_2_1_8,23195,0.035211,0.045316,0.030853,1,1,392,2,8,8,Beam_2_1_8,2108
3074,Beam_2_1_8,23174,0.0295,0.045803,0.029882,1,1,392,2,8,8,Beam_2_1_8,2108
3075,Beam_2_1_8,23184,0.0295,0.045803,0.030884,1,1,392,2,8,8,Beam_2_1_8,2108
3076,Beam_2_1_8,23201,0.025696,0.045805,0.030884,1,1,392,2,8,8,Beam_2_1_8,2108
3077,Beam_2_1_8,23157,0.025696,0.045805,0.029883,1,1,392,2,8,8,Beam_2_1_8,2108
3078,Beam_2_1_8,23196,0.033317,0.045812,0.030885,1,1,392,2,8,8,Beam_2_1_8,2108
3079,Beam_2_1_8,23169,0.033317,0.045812,0.029883,1,1,392,2,8,8,Beam_2_1_8,2108
3080,Beam_2_1_8,23204,0.027595,0.046303,0.030913,1,1,392,2,8,8,Beam_2_1_8,2108
3081,Beam_2_1_8,23156,0.027595,0.046303,0.029911,1,1,392,2,8,8,Beam_2_1_8,2108
3082,Beam_2_1_8,23161,0.031422,0.046308,0.029911,1,1,392,2,8,8,Beam_2_1_8,2108
3083,Beam_2_1_8,23197,0.031422,0.046308,0.030913,1,1,392,2,8,8,Beam_2_1_8,2108
3084,Beam_2_1_8,23207,0.025697,0.046801,0.030937,1,1,392,2,8,8,Beam_2_1_8,2108
3085,Beam_2_1_8,23155,0.025697,0.046801,0.029936,1,1,392,2,8,8,Beam_2_1_8,2108
3086,Beam_2_1_8,23198,0.033316,0.046805,0.030937,1,1,392,2,8,8,Beam_2_1_8,2108
3087,Beam_2_1_8,23162,0.033316,0.046805,0.029936,1,1,392,2,8,8,Beam_2_1_8,2108
3088,Beam_2_1_8,23147,0.029514,0.046807,0.029936,1,1,392,2,8,8,Beam_2_1_8,2108
3089,Beam_2_1_8,23211,0.029514,0.046807,0.030937,1,1,392,2,8,8,Beam_2_1_8,2108
3090,Beam_2_1_8,23206,0.023798,0.0473,0.030958,1,1,392,2,8,8,Beam_2_1_8,2108
3091,Beam_2_1_8,23154,0.023798,0.0473,0.029957,1,1,392,2,8,8,Beam_2_1_8,2108
3092,Beam_2_1_8,23163,0.035211,0.047302,0.029957,1,1,392,2,8,8,Beam_2_1_8,2108
3093,Beam_2_1_8,23199,0.035211,0.047302,0.030958,1,1,392,2,8,8,Beam_2_1_8,2108
3094,Beam_2_1_8,23208,0.027136,0.047429,0.030963,1,1,392,2,8,8,Beam_2_1_8,2108
3095,Beam_2_1_8,23148,0.027136,0.047429,0.029962,1,1,392,2,8,8,Beam_2_1_8,2108
3096,Beam_2_1_8,23146,0.031885,0.047429,0.029962,1,1,392,2,8,8,Beam_2_1_8,2108
3097,Beam_2_1_8,23214,0.031885,0.047429,0.030963,1,1,392,2,8,8,Beam_2_1_8,2108
3098,Beam_2_1_8,23205,0.021899,0.047798,0.030976,1,1,392,2,8,8,Beam_2_1_8,2108
3099,Beam_2_1_8,23153,0.021899,0.047798,0.029975,1,1,392,2,8,8,Beam_2_1_8,2108
3100,Beam_2_1_8,23164,0.037105,0.047799,0.029975,1,1,392,2,8,8,Beam_2_1_8,2108
3101,Beam_2_1_8,23200,0.037105,0.047799,0.030976,1,1,392,2,8,8,Beam_2_1_8,2108
3102,Beam_2_1_8,23209,0.024757,0.048052,0.030983,1,1,392,2,8,8,Beam_2_1_8,2108
3103,Beam_2_1_8,23149,0.024757,0.048052,0.029983,1,1,392,2,8,8,Beam_2_1_8,2108
3104,Beam_2_1_8,23213,0.034257,0.048052,0.030983,1,1,392,2,8,8,Beam_2_1_8,2108
3105,Beam_2_1_8,23145,0.034257,0.048052,0.029983,1,1,392,2,8,8,Beam_2_1_8,2108
3106,Beam_2_1_8,23150,0.022379,0.048674,0.029997,1,1,392,2,8,8,Beam_2_1_8,2108
3107,Beam_2_1_8,23210,0.022379,0.048674,0.030998,1,1,392,2,8,8,Beam_2_1_8,2108
3108,Beam_2_1_8,23144,0.036628,0.048674,0.029997,1,1,392,2,8,8,Beam_2_1_8,2108
3109,Beam_2_1_8,23212,0.036628,0.048674,0.030998,1,1,392,2,8,8,Beam_2_1_8,2108
3110,Beam_2_1_8,24566,0.02,0.049803,0.030509,1,1,392,2,8,8,Beam_2_1_8,2108
3111,Beam_2_1_8,24569,0.02475,0.049803,0.030509,1,1,392,2,8,8,Beam_2_1_8,2108
3112,Beam_2_1_8,24568,0.0295,0.049803,0.030509,1,1,392,2,8,8,Beam_2_1_8,2108
3113,Beam_2_1_8,24567,0.03425,0.049803,0.030509,1,1,392,2,8,8,Beam_2_1_8,2108
3114,Beam_2_1_8,24565,0.039,0.049803,0.030509,1,1,392,2,8,8,Beam_2_1_8,2108
3115,Beam_2_1_9,23858,0.022375,0.050933,0.031004,1,1,419,2,9,7,Beam_2_1_7,2107
3116,Beam_2_1_9,23798,0.022375,0.050933,0.030004,1,1,419,2,9,7,Beam_2_1_7,2107
3117,Beam_2_1_9,23860,0.036625,0.050933,0.031004,1,1,419,2,9,7,Beam_2_1_7,2107
3118,Beam_2_1_9,23792,0.036625,0.050933,0.030004,1,1,419,2,9,7,Beam_2_1_7,2107
3119,Beam_2_1_9,23797,0.02475,0.051556,0.029993,1,1,419,2,9,7,Beam_2_1_7,2107
3120,Beam_2_1_9,23857,0.02475,0.051556,0.030993,1,1,419,2,9,7,Beam_2_1_7,2107
3121,Beam_2_1_9,23793,0.03425,0.051556,0.029993,1,1,419,2,9,7,Beam_2_1_7,2107
3122,Beam_2_1_9,23861,0.03425,0.051556,0.030993,1,1,419,2,9,7,Beam_2_1_7,2107
3123,Beam_2_1_9,23816,0.021899,0.051808,0.029987,1,1,419,2,9,7,Beam_2_1_7,2107
3124,Beam_2_1_9,23844,0.021899,0.051808,0.030987,1,1,419,2,9,7,Beam_2_1_7,2107
3125,Beam_2_1_9,23806,0.037105,0.05182,0.029986,1,1,419,2,9,7,Beam_2_1_7,2107
3126,Beam_2_1_9,23849,0.037105,0.05182,0.030987,1,1,419,2,9,7,Beam_2_1_7,2107
3127,Beam_2_1_9,23856,0.027125,0.05218,0.030976,1,1,419,2,9,7,Beam_2_1_7,2107
3128,Beam_2_1_9,23796,0.027125,0.05218,0.029976,1,1,419,2,9,7,Beam_2_1_7,2107
3129,Beam_2_1_9,23794,0.031875,0.05218,0.029976,1,1,419,2,9,7,Beam_2_1_7,2107
3130,Beam_2_1_9,23862,0.031875,0.05218,0.030976,1,1,419,2,9,7,Beam_2_1_7,2107
3131,Beam_2_1_9,23843,0.023798,0.052306,0.030972,1,1,419,2,9,7,Beam_2_1_7,2107
3132,Beam_2_1_9,23815,0.023798,0.052306,0.029972,1,1,419,2,9,7,Beam_2_1_7,2107
3133,Beam_2_1_9,23807,0.035211,0.052316,0.029971,1,1,419,2,9,7,Beam_2_1_7,2107
3134,Beam_2_1_9,23850,0.035211,0.052316,0.030972,1,1,419,2,9,7,Beam_2_1_7,2107
3135,Beam_2_1_9,23859,0.0295,0.052803,0.030954,1,1,419,2,9,7,Beam_2_1_7,2107
3136,Beam_2_1_9,23795,0.0295,0.052803,0.029953,1,1,419,2,9,7,Beam_2_1_7,2107
3137,Beam_2_1_9,23842,0.025696,0.052805,0.030954,1,1,419,2,9,7,Beam_2_1_7,2107
3138,Beam_2_1_9,23814,0.025696,0.052805,0.029953,1,1,419,2,9,7,Beam_2_1_7,2107
3139,Beam_2_1_9,23808,0.033316,0.052812,0.029953,1,1,419,2,9,7,Beam_2_1_7,2107
3140,Beam_2_1_9,23851,0.033316,0.052812,0.030954,1,1,419,2,9,7,Beam_2_1_7,2107
3141,Beam_2_1_9,23845,0.027595,0.053303,0.030932,1,1,419,2,9,7,Beam_2_1_7,2107
3142,Beam_2_1_9,23813,0.027595,0.053303,0.029931,1,1,419,2,9,7,Beam_2_1_7,2107
3143,Beam_2_1_9,23852,0.031422,0.053308,0.030932,1,1,419,2,9,7,Beam_2_1_7,2107
3144,Beam_2_1_9,23800,0.031422,0.053308,0.029931,1,1,419,2,9,7,Beam_2_1_7,2107
3145,Beam_2_1_9,23848,0.025696,0.053802,0.030907,1,1,419,2,9,7,Beam_2_1_7,2107
3146,Beam_2_1_9,23812,0.025696,0.053802,0.029905,1,1,419,2,9,7,Beam_2_1_7,2107
3147,Beam_2_1_9,23801,0.033317,0.053805,0.029905,1,1,419,2,9,7,Beam_2_1_7,2107
3148,Beam_2_1_9,23853,0.033317,0.053805,0.030907,1,1,419,2,9,7,Beam_2_1_7,2107
3149,Beam_2_1_9,23838,0.029514,0.053807,0.030907,1,1,419,2,9,7,Beam_2_1_7,2107
3150,Beam_2_1_9,23822,0.029514,0.053807,0.029905,1,1,419,2,9,7,Beam_2_1_7,2107
3151,Beam_2_1_9,23847,0.023797,0.0543,0.030878,1,1,419,2,9,7,Beam_2_1_7,2107
3152,Beam_2_1_9,23811,0.023797,0.0543,0.029876,1,1,419,2,9,7,Beam_2_1_7,2107
3153,Beam_2_1_9,23802,0.035211,0.054302,0.029876,1,1,419,2,9,7,Beam_2_1_7,2107
3154,Beam_2_1_9,23854,0.035211,0.054302,0.030878,1,1,419,2,9,7,Beam_2_1_7,2107
3155,Beam_2_1_9,23823,0.027135,0.054429,0.029868,1,1,419,2,9,7,Beam_2_1_7,2107
3156,Beam_2_1_9,23835,0.027135,0.054429,0.03087,1,1,419,2,9,7,Beam_2_1_7,2107
3157,Beam_2_1_9,23841,0.031886,0.054429,0.03087,1,1,419,2,9,7,Beam_2_1_7,2107
3158,Beam_2_1_9,23821,0.031886,0.054429,0.029868,1,1,419,2,9,7,Beam_2_1_7,2107
3159,Beam_2_1_9,23846,0.021898,0.054798,0.030846,1,1,419,2,9,7,Beam_2_1_7,2107
3160,Beam_2_1_9,23810,0.021898,0.054798,0.029843,1,1,419,2,9,7,Beam_2_1_7,2107
3161,Beam_2_1_9,23855,0.037106,0.054799,0.030845,1,1,419,2,9,7,Beam_2_1_7,2107
3162,Beam_2_1_9,23803,0.037106,0.054799,0.029843,1,1,419,2,9,7,Beam_2_1_7,2107
3163,Beam_2_1_9,23836,0.024757,0.055052,0.030828,1,1,419,2,9,7,Beam_2_1_7,2107
3164,Beam_2_1_9,23824,0.024757,0.055052,0.029825,1,1,419,2,9,7,Beam_2_1_7,2107
3165,Beam_2_1_9,23840,0.034257,0.055052,0.030828,1,1,419,2,9,7,Beam_2_1_7,2107
3166,Beam_2_1_9,23820,0.034257,0.055052,0.029825,1,1,419,2,9,7,Beam_2_1_7,2107
3167,Beam_2_1_9,23825,0.022378,0.055674,0.029776,1,1,419,2,9,7,Beam_2_1_7,2107
3168,Beam_2_1_9,23837,0.022378,0.055674,0.03078,1,1,419,2,9,7,Beam_2_1_7,2107
3169,Beam_2_1_9,23839,0.03663,0.055674,0.03078,1,1,419,2,9,7,Beam_2_1_7,2107
3170,Beam_2_1_9,23819,0.03663,0.055674,0.029776,1,1,419,2,9,7,Beam_2_1_7,2107
3171,Beam_2_1_9,24539,0.02,0.056803,0.030176,1,1,419,2,9,7,Beam_2_1_7,2107
3172,Beam_2_1_9,24542,0.02475,0.056803,0.030176,1,1,419,2,9,7,Beam_2_1_7,2107
3173,Beam_2_1_9,24541,0.0295,0.056803,0.030176,1,1,419,2,9,7,Beam_2_1_7,2107
3174,Beam_2_1_9,24540,0.03425,0.056803,0.030176,1,1,419,2,9,7,Beam_2_1_7,2107
3175,Beam_2_1_9,24538,0.039,0.056803,0.030176,1,1,419,2,9,7,Beam_2_1_7,2107
3176,Beam_2_1_10,22541,0.022376,0.057933,0.030559,1,1,365,2,10,6,Beam_2_1_6,2106
3177,Beam_2_1_10,22529,0.022376,0.057933,0.029553,1,1,365,2,10,6,Beam_2_1_6,2106
3178,Beam_2_1_10,22543,0.036624,0.057933,0.030559,1,1,365,2,10,6,Beam_2_1_6,2106
3179,Beam_2_1_10,22523,0.036624,0.057933,0.029553,1,1,365,2,10,6,Beam_2_1_6,2106
3180,Beam_2_1_10,22540,0.02475,0.058557,0.030485,1,1,365,2,10,6,Beam_2_1_6,2106
3181,Beam_2_1_10,22528,0.02475,0.058557,0.029478,1,1,365,2,10,6,Beam_2_1_6,2106
3182,Beam_2_1_10,22544,0.03425,0.058557,0.030485,1,1,365,2,10,6,Beam_2_1_6,2106
3183,Beam_2_1_10,22524,0.03425,0.058557,0.029478,1,1,365,2,10,6,Beam_2_1_6,2106
3184,Beam_2_1_10,22555,0.0219,0.058808,0.030454,1,1,365,2,10,6,Beam_2_1_6,2106
3185,Beam_2_1_10,22511,0.0219,0.058808,0.029446,1,1,365,2,10,6,Beam_2_1_6,2106
3186,Beam_2_1_10,22519,0.037104,0.058821,0.029444,1,1,365,2,10,6,Beam_2_1_6,2106
3187,Beam_2_1_10,22546,0.037105,0.058821,0.030452,1,1,365,2,10,6,Beam_2_1_6,2106
3188,Beam_2_1_10,22527,0.027127,0.05918,0.029397,1,1,365,2,10,6,Beam_2_1_6,2106
3189,Beam_2_1_10,22539,0.027127,0.05918,0.030406,1,1,365,2,10,6,Beam_2_1_6,2106
3190,Beam_2_1_10,22525,0.031873,0.05918,0.029397,1,1,365,2,10,6,Beam_2_1_6,2106
3191,Beam_2_1_10,22545,0.031873,0.05918,0.030406,1,1,365,2,10,6,Beam_2_1_6,2106
3192,Beam_2_1_10,22510,0.023798,0.059307,0.02938,1,1,365,2,10,6,Beam_2_1_6,2106
3193,Beam_2_1_10,22554,0.023798,0.059307,0.030389,1,1,365,2,10,6,Beam_2_1_6,2106
3194,Beam_2_1_10,22520,0.035211,0.059316,0.029378,1,1,365,2,10,6,Beam_2_1_6,2106
3195,Beam_2_1_10,22547,0.035211,0.059316,0.030388,1,1,365,2,10,6,Beam_2_1_6,2106
3196,Beam_2_1_10,22542,0.0295,0.059803,0.03032,1,1,365,2,10,6,Beam_2_1_6,2106
3197,Beam_2_1_10,22526,0.0295,0.059803,0.02931,1,1,365,2,10,6,Beam_2_1_6,2106
3198,Beam_2_1_10,22553,0.025697,0.059805,0.03032,1,1,365,2,10,6,Beam_2_1_6,2106
3199,Beam_2_1_10,22509,0.025697,0.059805,0.02931,1,1,365,2,10,6,Beam_2_1_6,2106
3200,Beam_2_1_10,22548,0.033315,0.059812,0.030319,1,1,365,2,10,6,Beam_2_1_6,2106
3201,Beam_2_1_10,22521,0.033315,0.059812,0.029309,1,1,365,2,10,6,Beam_2_1_6,2106
3202,Beam_2_1_10,22556,0.027595,0.060303,0.030248,1,1,365,2,10,6,Beam_2_1_6,2106
3203,Beam_2_1_10,22508,0.027595,0.060303,0.029237,1,1,365,2,10,6,Beam_2_1_6,2106
3204,Beam_2_1_10,22513,0.031422,0.060308,0.029236,1,1,365,2,10,6,Beam_2_1_6,2106
3205,Beam_2_1_10,22549,0.031422,0.060308,0.030247,1,1,365,2,10,6,Beam_2_1_6,2106
3206,Beam_2_1_10,22507,0.025695,0.060802,0.029159,1,1,365,2,10,6,Beam_2_1_6,2106
3207,Beam_2_1_10,22559,0.025695,0.060802,0.030172,1,1,365,2,10,6,Beam_2_1_6,2106
3208,Beam_2_1_10,22550,0.033318,0.060805,0.030171,1,1,365,2,10,6,Beam_2_1_6,2106
3209,Beam_2_1_10,22514,0.033318,0.060805,0.029159,1,1,365,2,10,6,Beam_2_1_6,2106
3210,Beam_2_1_10,22563,0.029514,0.060807,0.030171,1,1,365,2,10,6,Beam_2_1_6,2106
3211,Beam_2_1_10,22499,0.029514,0.060807,0.029159,1,1,365,2,10,6,Beam_2_1_6,2106
3212,Beam_2_1_10,22558,0.023797,0.0613,0.030092,1,1,365,2,10,6,Beam_2_1_6,2106
3213,Beam_2_1_10,22506,0.023797,0.0613,0.029079,1,1,365,2,10,6,Beam_2_1_6,2106
3214,Beam_2_1_10,22551,0.035211,0.061302,0.030092,1,1,365,2,10,6,Beam_2_1_6,2106
3215,Beam_2_1_10,22515,0.035211,0.061302,0.029078,1,1,365,2,10,6,Beam_2_1_6,2106
3216,Beam_2_1_10,22560,0.027133,0.06143,0.030071,1,1,365,2,10,6,Beam_2_1_6,2106
3217,Beam_2_1_10,22500,0.027133,0.06143,0.029057,1,1,365,2,10,6,Beam_2_1_6,2106
3218,Beam_2_1_10,22566,0.031888,0.06143,0.030071,1,1,365,2,10,6,Beam_2_1_6,2106
3219,Beam_2_1_10,22498,0.031888,0.06143,0.029057,1,1,365,2,10,6,Beam_2_1_6,2106
3220,Beam_2_1_10,22557,0.021897,0.061798,0.030009,1,1,365,2,10,6,Beam_2_1_6,2106
3221,Beam_2_1_10,22505,0.021897,0.061798,0.028994,1,1,365,2,10,6,Beam_2_1_6,2106
3222,Beam_2_1_10,22516,0.037107,0.0618,0.028994,1,1,365,2,10,6,Beam_2_1_6,2106
3223,Beam_2_1_10,22552,0.037107,0.0618,0.030009,1,1,365,2,10,6,Beam_2_1_6,2106
3224,Beam_2_1_10,22501,0.024757,0.062052,0.02895,1,1,365,2,10,6,Beam_2_1_6,2106
3225,Beam_2_1_10,22561,0.024757,0.062052,0.029965,1,1,365,2,10,6,Beam_2_1_6,2106
3226,Beam_2_1_10,22565,0.034258,0.062052,0.029965,1,1,365,2,10,6,Beam_2_1_6,2106
3227,Beam_2_1_10,22497,0.034258,0.062052,0.02895,1,1,365,2,10,6,Beam_2_1_6,2106
3228,Beam_2_1_10,22502,0.022376,0.062675,0.028836,1,1,365,2,10,6,Beam_2_1_6,2106
3229,Beam_2_1_10,22562,0.022376,0.062675,0.029853,1,1,365,2,10,6,Beam_2_1_6,2106
3230,Beam_2_1_10,22564,0.036631,0.062675,0.029853,1,1,365,2,10,6,Beam_2_1_6,2106
3231,Beam_2_1_10,22496,0.036631,0.062675,0.028836,1,1,365,2,10,6,Beam_2_1_6,2106
3232,Beam_2_1_10,24503,0.02,0.063803,0.029125,1,1,365,2,10,6,Beam_2_1_6,2106
3233,Beam_2_1_10,24506,0.02475,0.063803,0.029125,1,1,365,2,10,6,Beam_2_1_6,2106
3234,Beam_2_1_10,24505,0.0295,0.063803,0.029125,1,1,365,2,10,6,Beam_2_1_6,2106
3235,Beam_2_1_10,24504,0.03425,0.063803,0.029125,1,1,365,2,10,6,Beam_2_1_6,2106
3236,Beam_2_1_10,24502,0.039,0.063803,0.029125,1,1,365,2,10,6,Beam_2_1_6,2106
3237,Beam_2_1_11,21233,0.022378,0.064934,0.028375,1,1,311,2,11,5,Beam_2_1_5,2105
3238,Beam_2_1_11,21245,0.022378,0.064934,0.029399,1,1,311,2,11,5,Beam_2_1_5,2105
3239,Beam_2_1_11,21247,0.036622,0.064934,0.029399,1,1,311,2,11,5,Beam_2_1_5,2105
3240,Beam_2_1_11,21227,0.036622,0.064934,0.028375,1,1,311,2,11,5,Beam_2_1_5,2105
3241,Beam_2_1_11,21244,0.024751,0.065557,0.02926,1,1,311,2,11,5,Beam_2_1_5,2105
3242,Beam_2_1_11,21232,0.024751,0.065557,0.028234,1,1,311,2,11,5,Beam_2_1_5,2105
3243,Beam_2_1_11,21228,0.034249,0.065557,0.028234,1,1,311,2,11,5,Beam_2_1_5,2105
3244,Beam_2_1_11,21248,0.034249,0.065557,0.02926,1,1,311,2,11,5,Beam_2_1_5,2105
3245,Beam_2_1_11,21259,0.021901,0.065809,0.029202,1,1,311,2,11,5,Beam_2_1_5,2105
3246,Beam_2_1_11,21215,0.021901,0.065809,0.028175,1,1,311,2,11,5,Beam_2_1_5,2105
3247,Beam_2_1_11,21250,0.037104,0.065821,0.029199,1,1,311,2,11,5,Beam_2_1_5,2105
3248,Beam_2_1_11,21223,0.037104,0.065821,0.028172,1,1,311,2,11,5,Beam_2_1_5,2105
3249,Beam_2_1_11,21231,0.027128,0.066181,0.028086,1,1,311,2,11,5,Beam_2_1_5,2105
3250,Beam_2_1_11,21243,0.027128,0.066181,0.029114,1,1,311,2,11,5,Beam_2_1_5,2105
3251,Beam_2_1_11,21229,0.031872,0.066181,0.028086,1,1,311,2,11,5,Beam_2_1_5,2105
3252,Beam_2_1_11,21249,0.031872,0.066181,0.029114,1,1,311,2,11,5,Beam_2_1_5,2105
3253,Beam_2_1_11,21214,0.023798,0.066307,0.028056,1,1,311,2,11,5,Beam_2_1_5,2105
3254,Beam_2_1_11,21258,0.023798,0.066307,0.029084,1,1,311,2,11,5,Beam_2_1_5,2105
3255,Beam_2_1_11,21251,0.035211,0.066316,0.029082,1,1,311,2,11,5,Beam_2_1_5,2105
3256,Beam_2_1_11,21224,0.035211,0.066316,0.028053,1,1,311,2,11,5,Beam_2_1_5,2105
3257,Beam_2_1_11,21246,0.0295,0.066803,0.028964,1,1,311,2,11,5,Beam_2_1_5,2105
3258,Beam_2_1_11,21230,0.0295,0.066803,0.027933,1,1,311,2,11,5,Beam_2_1_5,2105
3259,Beam_2_1_11,21213,0.025698,0.066805,0.027932,1,1,311,2,11,5,Beam_2_1_5,2105
3260,Beam_2_1_11,21257,0.025698,0.066805,0.028963,1,1,311,2,11,5,Beam_2_1_5,2105
3261,Beam_2_1_11,21252,0.033315,0.066812,0.028961,1,1,311,2,11,5,Beam_2_1_5,2105
3262,Beam_2_1_11,21225,0.033315,0.066812,0.027931,1,1,311,2,11,5,Beam_2_1_5,2105
3263,Beam_2_1_11,21212,0.027595,0.067303,0.027805,1,1,311,2,11,5,Beam_2_1_5,2105
3264,Beam_2_1_11,21260,0.027595,0.067303,0.028838,1,1,311,2,11,5,Beam_2_1_5,2105
3265,Beam_2_1_11,21217,0.031422,0.067308,0.027804,1,1,311,2,11,5,Beam_2_1_5,2105
3266,Beam_2_1_11,21253,0.031422,0.067308,0.028837,1,1,311,2,11,5,Beam_2_1_5,2105
3267,Beam_2_1_11,21263,0.025694,0.067802,0.028709,1,1,311,2,11,5,Beam_2_1_5,2105
3268,Beam_2_1_11,21211,0.025694,0.067802,0.027674,1,1,311,2,11,5,Beam_2_1_5,2105
3269,Beam_2_1_11,21218,0.033319,0.067805,0.027673,1,1,311,2,11,5,Beam_2_1_5,2105
3270,Beam_2_1_11,21254,0.033319,0.067805,0.028708,1,1,311,2,11,5,Beam_2_1_5,2105
3271,Beam_2_1_11,21203,0.029514,0.067807,0.027673,1,1,311,2,11,5,Beam_2_1_5,2105
3272,Beam_2_1_11,21267,0.029514,0.067807,0.028707,1,1,311,2,11,5,Beam_2_1_5,2105
3273,Beam_2_1_11,21262,0.023797,0.0683,0.028576,1,1,311,2,11,5,Beam_2_1_5,2105
3274,Beam_2_1_11,21210,0.023797,0.0683,0.027539,1,1,311,2,11,5,Beam_2_1_5,2105
3275,Beam_2_1_11,21255,0.035212,0.068302,0.028575,1,1,311,2,11,5,Beam_2_1_5,2105
3276,Beam_2_1_11,21219,0.035212,0.068302,0.027539,1,1,311,2,11,5,Beam_2_1_5,2105
3277,Beam_2_1_11,21204,0.027132,0.06843,0.027503,1,1,311,2,11,5,Beam_2_1_5,2105
3278,Beam_2_1_11,21264,0.027132,0.06843,0.02854,1,1,311,2,11,5,Beam_2_1_5,2105
3279,Beam_2_1_11,21270,0.031889,0.06843,0.02854,1,1,311,2,11,5,Beam_2_1_5,2105
3280,Beam_2_1_11,21202,0.031889,0.06843,0.027503,1,1,311,2,11,5,Beam_2_1_5,2105
3281,Beam_2_1_11,21261,0.021896,0.068799,0.028439,1,1,311,2,11,5,Beam_2_1_5,2105
3282,Beam_2_1_11,21209,0.021896,0.068799,0.0274,1,1,311,2,11,5,Beam_2_1_5,2105
3283,Beam_2_1_11,21256,0.037108,0.0688,0.028438,1,1,311,2,11,5,Beam_2_1_5,2105
3284,Beam_2_1_11,21220,0.037108,0.0688,0.0274,1,1,311,2,11,5,Beam_2_1_5,2105
3285,Beam_2_1_11,21265,0.024756,0.069052,0.028368,1,1,311,2,11,5,Beam_2_1_5,2105
3286,Beam_2_1_11,21205,0.024756,0.069052,0.027328,1,1,311,2,11,5,Beam_2_1_5,2105
3287,Beam_2_1_11,21201,0.034258,0.069052,0.027328,1,1,311,2,11,5,Beam_2_1_5,2105
3288,Beam_2_1_11,21269,0.034258,0.069052,0.028368,1,1,311,2,11,5,Beam_2_1_5,2105
3289,Beam_2_1_11,21266,0.022375,0.069675,0.028188,1,1,311,2,11,5,Beam_2_1_5,2105
3290,Beam_2_1_11,21206,0.022375,0.069675,0.027146,1,1,311,2,11,5,Beam_2_1_5,2105
3291,Beam_2_1_11,21268,0.036632,0.069675,0.028188,1,1,311,2,11,5,Beam_2_1_5,2105
3292,Beam_2_1_11,21200,0.036632,0.069675,0.027146,1,1,311,2,11,5,Beam_2_1_5,2105
3293,Beam_2_1_11,24476,0.02,0.070803,0.027323,1,1,311,2,11,5,Beam_2_1_5,2105
3294,Beam_2_1_11,24479,0.02475,0.070803,0.027323,1,1,311,2,11,5,Beam_2_1_5,2105
3295,Beam_2_1_11,24478,0.0295,0.070803,0.027323,1,1,311,2,11,5,Beam_2_1_5,2105
3296,Beam_2_1_11,24477,0.03425,0.070803,0.027323,1,1,311,2,11,5,Beam_2_1_5,2105
3297,Beam_2_1_11,24475,0.039,0.070803,0.027323,1,1,311,2,11,5,Beam_2_1_5,2105
3298,Beam_2_1_12,19937,0.022379,0.071934,0.026431,1,1,257,2,12,4,Beam_2_1_4,2104
3299,Beam_2_1_12,19949,0.022379,0.071934,0.027485,1,1,257,2,12,4,Beam_2_1_4,2104
3300,Beam_2_1_12,19951,0.036621,0.071934,0.027485,1,1,257,2,12,4,Beam_2_1_4,2104
3301,Beam_2_1_12,19931,0.036621,0.071934,0.026431,1,1,257,2,12,4,Beam_2_1_4,2104
3302,Beam_2_1_12,19948,0.024751,0.072557,0.027276,1,1,257,2,12,4,Beam_2_1_4,2104
3303,Beam_2_1_12,19936,0.024751,0.072557,0.026219,1,1,257,2,12,4,Beam_2_1_4,2104
3304,Beam_2_1_12,19952,0.034249,0.072557,0.027276,1,1,257,2,12,4,Beam_2_1_4,2104
3305,Beam_2_1_12,19932,0.034249,0.072557,0.026219,1,1,257,2,12,4,Beam_2_1_4,2104
3306,Beam_2_1_12,19963,0.021902,0.072809,0.02719,1,1,257,2,12,4,Beam_2_1_4,2104
3307,Beam_2_1_12,19919,0.021902,0.072809,0.026131,1,1,257,2,12,4,Beam_2_1_4,2104
3308,Beam_2_1_12,19927,0.037103,0.072821,0.026127,1,1,257,2,12,4,Beam_2_1_4,2104
3309,Beam_2_1_12,19954,0.037103,0.072821,0.027186,1,1,257,2,12,4,Beam_2_1_4,2104
3310,Beam_2_1_12,19935,0.02713,0.073181,0.026,1,1,257,2,12,4,Beam_2_1_4,2104
3311,Beam_2_1_12,19947,0.02713,0.073181,0.027061,1,1,257,2,12,4,Beam_2_1_4,2104
3312,Beam_2_1_12,19953,0.03187,0.073181,0.027061,1,1,257,2,12,4,Beam_2_1_4,2104
3313,Beam_2_1_12,19933,0.03187,0.073181,0.026,1,1,257,2,12,4,Beam_2_1_4,2104
3314,Beam_2_1_12,19962,0.023798,0.073307,0.027016,1,1,257,2,12,4,Beam_2_1_4,2104
3315,Beam_2_1_12,19918,0.023798,0.073307,0.025955,1,1,257,2,12,4,Beam_2_1_4,2104
3316,Beam_2_1_12,19928,0.03521,0.073316,0.025951,1,1,257,2,12,4,Beam_2_1_4,2104
3317,Beam_2_1_12,19955,0.03521,0.073316,0.027013,1,1,257,2,12,4,Beam_2_1_4,2104
3318,Beam_2_1_12,19950,0.0295,0.073803,0.026839,1,1,257,2,12,4,Beam_2_1_4,2104
3319,Beam_2_1_12,19934,0.0295,0.073803,0.025774,1,1,257,2,12,4,Beam_2_1_4,2104
3320,Beam_2_1_12,19961,0.025699,0.073806,0.026838,1,1,257,2,12,4,Beam_2_1_4,2104
3321,Beam_2_1_12,19917,0.025699,0.073806,0.025774,1,1,257,2,12,4,Beam_2_1_4,2104
3322,Beam_2_1_12,19929,0.033313,0.073813,0.025771,1,1,257,2,12,4,Beam_2_1_4,2104
3323,Beam_2_1_12,19956,0.033313,0.073813,0.026835,1,1,257,2,12,4,Beam_2_1_4,2104
3324,Beam_2_1_12,19916,0.027595,0.074303,0.025589,1,1,257,2,12,4,Beam_2_1_4,2104
3325,Beam_2_1_12,19964,0.027595,0.074303,0.026656,1,1,257,2,12,4,Beam_2_1_4,2104
3326,Beam_2_1_12,19957,0.031422,0.074308,0.026654,1,1,257,2,12,4,Beam_2_1_4,2104
3327,Beam_2_1_12,19921,0.031422,0.074308,0.025587,1,1,257,2,12,4,Beam_2_1_4,2104
3328,Beam_2_1_12,19967,0.025693,0.074802,0.026469,1,1,257,2,12,4,Beam_2_1_4,2104
3329,Beam_2_1_12,19915,0.025693,0.074802,0.025398,1,1,257,2,12,4,Beam_2_1_4,2104
3330,Beam_2_1_12,19958,0.03332,0.074806,0.026468,1,1,257,2,12,4,Beam_2_1_4,2104
3331,Beam_2_1_12,19922,0.03332,0.074806,0.025397,1,1,257,2,12,4,Beam_2_1_4,2104
3332,Beam_2_1_12,19907,0.029514,0.074807,0.025397,1,1,257,2,12,4,Beam_2_1_4,2104
3333,Beam_2_1_12,19971,0.029514,0.074807,0.026467,1,1,257,2,12,4,Beam_2_1_4,2104
3334,Beam_2_1_12,19914,0.023797,0.0753,0.025205,1,1,257,2,12,4,Beam_2_1_4,2104
3335,Beam_2_1_12,19966,0.023797,0.0753,0.026278,1,1,257,2,12,4,Beam_2_1_4,2104
3336,Beam_2_1_12,19923,0.035212,0.075302,0.025204,1,1,257,2,12,4,Beam_2_1_4,2104
3337,Beam_2_1_12,19959,0.035212,0.075302,0.026277,1,1,257,2,12,4,Beam_2_1_4,2104
3338,Beam_2_1_12,19968,0.02713,0.075431,0.026227,1,1,257,2,12,4,Beam_2_1_4,2104
3339,Beam_2_1_12,19908,0.02713,0.075431,0.025153,1,1,257,2,12,4,Beam_2_1_4,2104
3340,Beam_2_1_12,19974,0.031891,0.075431,0.026227,1,1,257,2,12,4,Beam_2_1_4,2104
3341,Beam_2_1_12,19906,0.031891,0.075431,0.025153,1,1,257,2,12,4,Beam_2_1_4,2104
3342,Beam_2_1_12,19913,0.021895,0.075799,0.025006,1,1,257,2,12,4,Beam_2_1_4,2104
3343,Beam_2_1_12,19965,0.021895,0.075799,0.026083,1,1,257,2,12,4,Beam_2_1_4,2104
3344,Beam_2_1_12,19960,0.037109,0.0758,0.026082,1,1,257,2,12,4,Beam_2_1_4,2104
3345,Beam_2_1_12,19924,0.037109,0.0758,0.025005,1,1,257,2,12,4,Beam_2_1_4,2104
3346,Beam_2_1_12,19969,0.024756,0.076052,0.025982,1,1,257,2,12,4,Beam_2_1_4,2104
3347,Beam_2_1_12,19909,0.024756,0.076052,0.024903,1,1,257,2,12,4,Beam_2_1_4,2104
3348,Beam_2_1_12,19905,0.034258,0.076052,0.024903,1,1,257,2,12,4,Beam_2_1_4,2104
3349,Beam_2_1_12,19973,0.034258,0.076052,0.025982,1,1,257,2,12,4,Beam_2_1_4,2104
3350,Beam_2_1_12,19910,0.022373,0.076675,0.024645,1,1,257,2,12,4,Beam_2_1_4,2104
3351,Beam_2_1_12,19970,0.022373,0.076675,0.025728,1,1,257,2,12,4,Beam_2_1_4,2104
3352,Beam_2_1_12,19972,0.036634,0.076675,0.025728,1,1,257,2,12,4,Beam_2_1_4,2104
3353,Beam_2_1_12,19904,0.036634,0.076675,0.024645,1,1,257,2,12,4,Beam_2_1_4,2104
3354,Beam_2_1_12,24404,0.02,0.077804,0.024705,1,1,257,2,12,4,Beam_2_1_4,2104
3355,Beam_2_1_12,24407,0.02475,0.077804,0.024705,1,1,257,2,12,4,Beam_2_1_4,2104
3356,Beam_2_1_12,24406,0.0295,0.077804,0.024705,1,1,257,2,12,4,Beam_2_1_4,2104
3357,Beam_2_1_12,24405,0.03425,0.077804,0.024705,1,1,257,2,12,4,Beam_2_1_4,2104
3358,Beam_2_1_12,24403,0.039,0.077804,0.024705,1,1,257,2,12,4,Beam_2_1_4,2104
3359,Beam_2_1_13,18653,0.022381,0.078935,0.02475,1,1,203,2,13,3,Beam_2_1_3,2103
3360,Beam_2_1_13,18641,0.022381,0.078935,0.02365,1,1,203,2,13,3,Beam_2_1_3,2103
3361,Beam_2_1_13,18655,0.036619,0.078935,0.02475,1,1,203,2,13,3,Beam_2_1_3,2103
3362,Beam_2_1_13,18635,0.036619,0.078935,0.02365,1,1,203,2,13,3,Beam_2_1_3,2103
3363,Beam_2_1_13,18640,0.024752,0.079557,0.023359,1,1,203,2,13,3,Beam_2_1_3,2103
3364,Beam_2_1_13,18652,0.024752,0.079557,0.024464,1,1,203,2,13,3,Beam_2_1_3,2103
3365,Beam_2_1_13,18636,0.034248,0.079557,0.023359,1,1,203,2,13,3,Beam_2_1_3,2103
3366,Beam_2_1_13,18656,0.034248,0.079557,0.024464,1,1,203,2,13,3,Beam_2_1_3,2103
3367,Beam_2_1_13,18623,0.021903,0.079809,0.023239,1,1,203,2,13,3,Beam_2_1_3,2103
3368,Beam_2_1_13,18667,0.021903,0.079809,0.024346,1,1,203,2,13,3,Beam_2_1_3,2103
3369,Beam_2_1_13,18658,0.037101,0.079821,0.02434,1,1,203,2,13,3,Beam_2_1_3,2103
3370,Beam_2_1_13,18631,0.037101,0.079821,0.023233,1,1,203,2,13,3,Beam_2_1_3,2103
3371,Beam_2_1_13,18639,0.027132,0.080182,0.023059,1,1,203,2,13,3,Beam_2_1_3,2103
3372,Beam_2_1_13,18651,0.027132,0.080182,0.024169,1,1,203,2,13,3,Beam_2_1_3,2103
3373,Beam_2_1_13,18637,0.031868,0.080182,0.023059,1,1,203,2,13,3,Beam_2_1_3,2103
3374,Beam_2_1_13,18657,0.031868,0.080182,0.024169,1,1,203,2,13,3,Beam_2_1_3,2103
3375,Beam_2_1_13,18666,0.023799,0.080307,0.024109,1,1,203,2,13,3,Beam_2_1_3,2103
3376,Beam_2_1_13,18622,0.023799,0.080307,0.022998,1,1,203,2,13,3,Beam_2_1_3,2103
3377,Beam_2_1_13,18659,0.03521,0.080316,0.024105,1,1,203,2,13,3,Beam_2_1_3,2103
3378,Beam_2_1_13,18632,0.03521,0.080316,0.022993,1,1,203,2,13,3,Beam_2_1_3,2103
3379,Beam_2_1_13,18638,0.0295,0.080803,0.022753,1,1,203,2,13,3,Beam_2_1_3,2103
3380,Beam_2_1_13,18654,0.0295,0.080803,0.023869,1,1,203,2,13,3,Beam_2_1_3,2103
3381,Beam_2_1_13,18665,0.025701,0.080806,0.023867,1,1,203,2,13,3,Beam_2_1_3,2103
3382,Beam_2_1_13,18621,0.025701,0.080806,0.022752,1,1,203,2,13,3,Beam_2_1_3,2103
3383,Beam_2_1_13,18633,0.033312,0.080813,0.022748,1,1,203,2,13,3,Beam_2_1_3,2103
3384,Beam_2_1_13,18660,0.033312,0.080813,0.023864,1,1,203,2,13,3,Beam_2_1_3,2103
3385,Beam_2_1_13,18620,0.027595,0.081303,0.022501,1,1,203,2,13,3,Beam_2_1_3,2103
3386,Beam_2_1_13,18668,0.027595,0.081303,0.023621,1,1,203,2,13,3,Beam_2_1_3,2103
3387,Beam_2_1_13,18661,0.031422,0.081308,0.023619,1,1,203,2,13,3,Beam_2_1_3,2103
3388,Beam_2_1_13,18625,0.031422,0.081308,0.022499,1,1,203,2,13,3,Beam_2_1_3,2103
3389,Beam_2_1_13,18619,0.025691,0.081803,0.022244,1,1,203,2,13,3,Beam_2_1_3,2103
3390,Beam_2_1_13,18671,0.025692,0.081803,0.023369,1,1,203,2,13,3,Beam_2_1_3,2103
3391,Beam_2_1_13,18662,0.033321,0.081806,0.023367,1,1,203,2,13,3,Beam_2_1_3,2103
3392,Beam_2_1_13,18626,0.033321,0.081806,0.022242,1,1,203,2,13,3,Beam_2_1_3,2103
3393,Beam_2_1_13,18675,0.029514,0.081807,0.023367,1,1,203,2,13,3,Beam_2_1_3,2103
3394,Beam_2_1_13,18611,0.029514,0.081807,0.022242,1,1,203,2,13,3,Beam_2_1_3,2103
3395,Beam_2_1_13,18670,0.023796,0.0823,0.023113,1,1,203,2,13,3,Beam_2_1_3,2103
3396,Beam_2_1_13,18618,0.023796,0.0823,0.021983,1,1,203,2,13,3,Beam_2_1_3,2103
3397,Beam_2_1_13,18627,0.035212,0.082302,0.021982,1,1,203,2,13,3,Beam_2_1_3,2103
3398,Beam_2_1_13,18663,0.035212,0.082302,0.023111,1,1,203,2,13,3,Beam_2_1_3,2103
3399,Beam_2_1_13,18612,0.027128,0.082431,0.021914,1,1,203,2,13,3,Beam_2_1_3,2103
3400,Beam_2_1_13,18672,0.027128,0.082431,0.023044,1,1,203,2,13,3,Beam_2_1_3,2103
3401,Beam_2_1_13,18678,0.031893,0.082431,0.023044,1,1,203,2,13,3,Beam_2_1_3,2103
3402,Beam_2_1_13,18610,0.031893,0.082431,0.021914,1,1,203,2,13,3,Beam_2_1_3,2103
3403,Beam_2_1_13,18617,0.021894,0.082799,0.021716,1,1,203,2,13,3,Beam_2_1_3,2103
3404,Beam_2_1_13,18669,0.021894,0.082799,0.02285,1,1,203,2,13,3,Beam_2_1_3,2103
3405,Beam_2_1_13,18628,0.03711,0.0828,0.021715,1,1,203,2,13,3,Beam_2_1_3,2103
3406,Beam_2_1_13,18664,0.03711,0.0828,0.02285,1,1,203,2,13,3,Beam_2_1_3,2103
3407,Beam_2_1_13,18613,0.024755,0.083052,0.021579,1,1,203,2,13,3,Beam_2_1_3,2103
3408,Beam_2_1_13,18673,0.024755,0.083052,0.022716,1,1,203,2,13,3,Beam_2_1_3,2103
3409,Beam_2_1_13,18609,0.034259,0.083052,0.021579,1,1,203,2,13,3,Beam_2_1_3,2103
3410,Beam_2_1_13,18677,0.034259,0.083052,0.022716,1,1,203,2,13,3,Beam_2_1_3,2103
3411,Beam_2_1_13,18674,0.022371,0.083676,0.022377,1,1,203,2,13,3,Beam_2_1_3,2103
3412,Beam_2_1_13,18614,0.022371,0.083676,0.021234,1,1,203,2,13,3,Beam_2_1_3,2103
3413,Beam_2_1_13,18608,0.036636,0.083676,0.021234,1,1,203,2,13,3,Beam_2_1_3,2103
3414,Beam_2_1_13,18676,0.036636,0.083676,0.022377,1,1,203,2,13,3,Beam_2_1_3,2103
3415,Beam_2_1_13,24413,0.02,0.084804,0.021166,1,1,203,2,13,3,Beam_2_1_3,2103
3416,Beam_2_1_13,24416,0.02475,0.084804,0.021166,1,1,203,2,13,3,Beam_2_1_3,2103
3417,Beam_2_1_13,24415,0.0295,0.084804,0.021166,1,1,203,2,13,3,Beam_2_1_3,2103
3418,Beam_2_1_13,24414,0.03425,0.084804,0.021166,1,1,203,2,13,3,Beam_2_1_3,2103
3419,Beam_2_1_13,24412,0.039,0.084804,0.021166,1,1,203,2,13,3,Beam_2_1_3,2103
3420,Beam_2_1_14,17364,0.022384,0.085935,0.021082,1,1,149,2,14,1,Beam_2_1_1,2101
3421,Beam_2_1_14,17336,0.022384,0.085935,0.019914,1,1,149,2,14,1,Beam_2_1_1,2101
3422,Beam_2_1_14,17366,0.036616,0.085935,0.021082,1,1,149,2,14,1,Beam_2_1_1,2101
3423,Beam_2_1_14,17330,0.036616,0.085935,0.019914,1,1,149,2,14,1,Beam_2_1_1,2101
3424,Beam_2_1_14,17335,0.024753,0.086557,0.01953,1,1,149,2,14,1,Beam_2_1_1,2101
3425,Beam_2_1_14,17363,0.024753,0.086557,0.020706,1,1,149,2,14,1,Beam_2_1_1,2101
3426,Beam_2_1_14,17367,0.034247,0.086557,0.020706,1,1,149,2,14,1,Beam_2_1_1,2101
3427,Beam_2_1_14,17331,0.034247,0.086557,0.01953,1,1,149,2,14,1,Beam_2_1_1,2101
3428,Beam_2_1_14,17378,0.021905,0.08681,0.020551,1,1,149,2,14,1,Beam_2_1_1,2101
3429,Beam_2_1_14,17318,0.021905,0.08681,0.019372,1,1,149,2,14,1,Beam_2_1_1,2101
3430,Beam_2_1_14,17355,0.0371,0.086822,0.020543,1,1,149,2,14,1,Beam_2_1_1,2101
3431,Beam_2_1_14,17344,0.0371,0.086822,0.019364,1,1,149,2,14,1,Beam_2_1_1,2101
3432,Beam_2_1_14,17362,0.027134,0.087182,0.020319,1,1,149,2,14,1,Beam_2_1_1,2101
3433,Beam_2_1_14,17334,0.027135,0.087182,0.019135,1,1,149,2,14,1,Beam_2_1_1,2101
3434,Beam_2_1_14,17332,0.031865,0.087182,0.019135,1,1,149,2,14,1,Beam_2_1_1,2101
3435,Beam_2_1_14,17368,0.031866,0.087182,0.020319,1,1,149,2,14,1,Beam_2_1_1,2101
3436,Beam_2_1_14,17317,0.023799,0.087307,0.019055,1,1,149,2,14,1,Beam_2_1_1,2101
3437,Beam_2_1_14,17377,0.023799,0.087307,0.02024,1,1,149,2,14,1,Beam_2_1_1,2101
3438,Beam_2_1_14,17356,0.035209,0.087316,0.020234,1,1,149,2,14,1,Beam_2_1_1,2101
3439,Beam_2_1_14,17345,0.035209,0.087317,0.019049,1,1,149,2,14,1,Beam_2_1_1,2101
3440,Beam_2_1_14,17365,0.0295,0.087803,0.019925,1,1,149,2,14,1,Beam_2_1_1,2101
3441,Beam_2_1_14,17333,0.0295,0.087803,0.018733,1,1,149,2,14,1,Beam_2_1_1,2101
3442,Beam_2_1_14,17316,0.025702,0.087806,0.018731,1,1,149,2,14,1,Beam_2_1_1,2101
3443,Beam_2_1_14,17376,0.025702,0.087806,0.019923,1,1,149,2,14,1,Beam_2_1_1,2101
3444,Beam_2_1_14,17357,0.03331,0.087813,0.019918,1,1,149,2,14,1,Beam_2_1_1,2101
3445,Beam_2_1_14,17346,0.03331,0.087813,0.018726,1,1,149,2,14,1,Beam_2_1_1,2101
3446,Beam_2_1_14,17315,0.027595,0.088303,0.018402,1,1,149,2,14,1,Beam_2_1_1,2101
3447,Beam_2_1_14,17379,0.027595,0.088303,0.019601,1,1,149,2,14,1,Beam_2_1_1,2101
3448,Beam_2_1_14,17358,0.031422,0.088308,0.019598,1,1,149,2,14,1,Beam_2_1_1,2101
3449,Beam_2_1_14,17338,0.031422,0.088308,0.0184,1,1,149,2,14,1,Beam_2_1_1,2101
3450,Beam_2_1_14,17314,0.025689,0.088803,0.018066,1,1,149,2,14,1,Beam_2_1_1,2101
3451,Beam_2_1_14,17382,0.02569,0.088803,0.019271,1,1,149,2,14,1,Beam_2_1_1,2101
3452,Beam_2_1_14,17339,0.033323,0.088806,0.018063,1,1,149,2,14,1,Beam_2_1_1,2101
3453,Beam_2_1_14,17359,0.033323,0.088806,0.019269,1,1,149,2,14,1,Beam_2_1_1,2101
3454,Beam_2_1_14,17372,0.029514,0.088807,0.019269,1,1,149,2,14,1,Beam_2_1_1,2101
3455,Beam_2_1_14,17324,0.029514,0.088807,0.018063,1,1,149,2,14,1,Beam_2_1_1,2101
3456,Beam_2_1_14,17313,0.023795,0.0893,0.017724,1,1,149,2,14,1,Beam_2_1_1,2101
3457,Beam_2_1_14,17381,0.023795,0.0893,0.018937,1,1,149,2,14,1,Beam_2_1_1,2101
3458,Beam_2_1_14,17360,0.035213,0.089302,0.018935,1,1,149,2,14,1,Beam_2_1_1,2101
3459,Beam_2_1_14,17340,0.035213,0.089303,0.017723,1,1,149,2,14,1,Beam_2_1_1,2101
3460,Beam_2_1_14,17369,0.027125,0.089432,0.018847,1,1,149,2,14,1,Beam_2_1_1,2101
3461,Beam_2_1_14,17325,0.027125,0.089432,0.017633,1,1,149,2,14,1,Beam_2_1_1,2101
3462,Beam_2_1_14,17375,0.031896,0.089432,0.018847,1,1,149,2,14,1,Beam_2_1_1,2101
3463,Beam_2_1_14,17323,0.031896,0.089432,0.017633,1,1,149,2,14,1,Beam_2_1_1,2101
3464,Beam_2_1_14,17380,0.021892,0.0898,0.018595,1,1,149,2,14,1,Beam_2_1_1,2101
3465,Beam_2_1_14,17312,0.021892,0.0898,0.017375,1,1,149,2,14,1,Beam_2_1_1,2101
3466,Beam_2_1_14,17361,0.037112,0.089801,0.018594,1,1,149,2,14,1,Beam_2_1_1,2101
3467,Beam_2_1_14,17341,0.037112,0.089801,0.017374,1,1,149,2,14,1,Beam_2_1_1,2101
3468,Beam_2_1_14,17370,0.024754,0.090052,0.018419,1,1,149,2,14,1,Beam_2_1_1,2101
3469,Beam_2_1_14,17374,0.03426,0.090052,0.018419,1,1,149,2,14,1,Beam_2_1_1,2101
3470,Beam_2_1_14,17326,0.024754,0.090053,0.017196,1,1,149,2,14,1,Beam_2_1_1,2101
3471,Beam_2_1_14,17322,0.034261,0.090053,0.017196,1,1,149,2,14,1,Beam_2_1_1,2101
3472,Beam_2_1_14,17371,0.022367,0.090677,0.017978,1,1,149,2,14,1,Beam_2_1_1,2101
3473,Beam_2_1_14,17327,0.022367,0.090677,0.016745,1,1,149,2,14,1,Beam_2_1_1,2101
3474,Beam_2_1_14,17321,0.03664,0.090677,0.016745,1,1,149,2,14,1,Beam_2_1_1,2101
3475,Beam_2_1_14,17373,0.03664,0.090677,0.017978,1,1,149,2,14,1,Beam_2_1_1,2101
3476,Beam_2_1_14,24422,0.02,0.091804,0.016529,1,1,149,2,14,1,Beam_2_1_1,2101
3477,Beam_2_1_14,24425,0.02475,0.091804,0.016529,1,1,149,2,14,1,Beam_2_1_1,2101
3478,Beam_2_1_14,24424,0.0295,0.091804,0.016529,1,1,149,2,14,1,Beam_2_1_1,2101
3479,Beam_2_1_14,24423,0.03425,0.091804,0.016529,1,1,149,2,14,1,Beam_2_1_1,2101
3480,Beam_2_1_14,24421,0.039,0.091804,0.016529,1,1,149,2,14,1,Beam_2_1_1,2101
3481,Beam_2_1_15,15943,0.02159,0.092727,0.016457,1,1,95,2,15,2,Beam_2_1_2,2102
3482,Beam_2_1_15,15929,0.02159,0.092727,0.015189,1,1,95,2,15,2,Beam_2_1_2,2102
3483,Beam_2_1_15,15945,0.03741,0.092727,0.016457,1,1,95,2,15,2,Beam_2_1_2,2102
3484,Beam_2_1_15,15919,0.03741,0.092727,0.015189,1,1,95,2,15,2,Beam_2_1_2,2102
3485,Beam_2_1_15,15942,0.02317,0.093142,0.016135,1,1,95,2,15,2,Beam_2_1_2,2102
3486,Beam_2_1_15,15928,0.023171,0.093142,0.01486,1,1,95,2,15,2,Beam_2_1_2,2102
3487,Beam_2_1_15,15920,0.035829,0.093142,0.01486,1,1,95,2,15,2,Beam_2_1_2,2102
3488,Beam_2_1_15,15946,0.03583,0.093142,0.016135,1,1,95,2,15,2,Beam_2_1_2,2102
3489,Beam_2_1_15,15941,0.024759,0.093559,0.015807,1,1,95,2,15,2,Beam_2_1_2,2102
3490,Beam_2_1_15,15927,0.024759,0.093559,0.014523,1,1,95,2,15,2,Beam_2_1_2,2102
3491,Beam_2_1_15,15947,0.034241,0.093559,0.015807,1,1,95,2,15,2,Beam_2_1_2,2102
3492,Beam_2_1_15,15921,0.034241,0.093559,0.014523,1,1,95,2,15,2,Beam_2_1_2,2102
3493,Beam_2_1_15,15970,0.021907,0.09381,0.015606,1,1,95,2,15,2,Beam_2_1_2,2102
3494,Beam_2_1_15,15894,0.021908,0.09381,0.014317,1,1,95,2,15,2,Beam_2_1_2,2102
3495,Beam_2_1_15,15956,0.037097,0.093823,0.015596,1,1,95,2,15,2,Beam_2_1_2,2102
3496,Beam_2_1_15,15912,0.037097,0.093823,0.014307,1,1,95,2,15,2,Beam_2_1_2,2102
3497,Beam_2_1_15,15926,0.026337,0.093973,0.014183,1,1,95,2,15,2,Beam_2_1_2,2102
3498,Beam_2_1_15,15940,0.026337,0.093973,0.015475,1,1,95,2,15,2,Beam_2_1_2,2102
3499,Beam_2_1_15,15922,0.032663,0.093973,0.014183,1,1,95,2,15,2,Beam_2_1_2,2102
3500,Beam_2_1_15,15948,0.032663,0.093973,0.015475,1,1,95,2,15,2,Beam_2_1_2,2102
3501,Beam_2_1_15,15969,0.0238,0.094307,0.015203,1,1,95,2,15,2,Beam_2_1_2,2102
3502,Beam_2_1_15,15893,0.023801,0.094307,0.013905,1,1,95,2,15,2,Beam_2_1_2,2102
3503,Beam_2_1_15,15955,0.035208,0.094317,0.015195,1,1,95,2,15,2,Beam_2_1_2,2102
3504,Beam_2_1_15,15911,0.035208,0.094317,0.013897,1,1,95,2,15,2,Beam_2_1_2,2102
3505,Beam_2_1_15,15925,0.027924,0.094389,0.013836,1,1,95,2,15,2,Beam_2_1_2,2102
3506,Beam_2_1_15,15939,0.027924,0.094389,0.015136,1,1,95,2,15,2,Beam_2_1_2,2102
3507,Beam_2_1_15,15923,0.031076,0.094389,0.013836,1,1,95,2,15,2,Beam_2_1_2,2102
3508,Beam_2_1_15,15949,0.031076,0.094389,0.015136,1,1,95,2,15,2,Beam_2_1_2,2102
3509,Beam_2_1_15,15944,0.0295,0.094803,0.014794,1,1,95,2,15,2,Beam_2_1_2,2102
3510,Beam_2_1_15,15924,0.0295,0.094803,0.013486,1,1,95,2,15,2,Beam_2_1_2,2102
3511,Beam_2_1_15,15892,0.025705,0.094807,0.013482,1,1,95,2,15,2,Beam_2_1_2,2102
3512,Beam_2_1_15,15968,0.025705,0.094807,0.01479,1,1,95,2,15,2,Beam_2_1_2,2102
3513,Beam_2_1_15,15910,0.033307,0.094814,0.013476,1,1,95,2,15,2,Beam_2_1_2,2102
3514,Beam_2_1_15,15954,0.033307,0.094814,0.014785,1,1,95,2,15,2,Beam_2_1_2,2102
3515,Beam_2_1_15,15891,0.027595,0.095303,0.013055,1,1,95,2,15,2,Beam_2_1_2,2102
3516,Beam_2_1_15,15971,0.027595,0.095303,0.014373,1,1,95,2,15,2,Beam_2_1_2,2102
3517,Beam_2_1_15,15909,0.031422,0.095308,0.013051,1,1,95,2,15,2,Beam_2_1_2,2102
3518,Beam_2_1_15,15953,0.031422,0.095308,0.01437,1,1,95,2,15,2,Beam_2_1_2,2102
3519,Beam_2_1_15,15890,0.025686,0.095804,0.012614,1,1,95,2,15,2,Beam_2_1_2,2102
3520,Beam_2_1_15,15974,0.025686,0.095804,0.013944,1,1,95,2,15,2,Beam_2_1_2,2102
3521,Beam_2_1_15,15902,0.029514,0.095807,0.012612,1,1,95,2,15,2,Beam_2_1_2,2102
3522,Beam_2_1_15,15962,0.029514,0.095807,0.013942,1,1,95,2,15,2,Beam_2_1_2,2102
3523,Beam_2_1_15,15917,0.033326,0.095807,0.012611,1,1,95,2,15,2,Beam_2_1_2,2102
3524,Beam_2_1_15,15952,0.033326,0.095807,0.013941,1,1,95,2,15,2,Beam_2_1_2,2102
3525,Beam_2_1_15,15903,0.02792,0.096224,0.012239,1,1,95,2,15,2,Beam_2_1_2,2102
3526,Beam_2_1_15,15957,0.02792,0.096224,0.013578,1,1,95,2,15,2,Beam_2_1_2,2102
3527,Beam_2_1_15,15967,0.031103,0.096224,0.013578,1,1,95,2,15,2,Beam_2_1_2,2102
3528,Beam_2_1_15,15901,0.031104,0.096224,0.012239,1,1,95,2,15,2,Beam_2_1_2,2102
3529,Beam_2_1_15,15973,0.023794,0.096301,0.01351,1,1,95,2,15,2,Beam_2_1_2,2102
3530,Beam_2_1_15,15889,0.023794,0.096301,0.012169,1,1,95,2,15,2,Beam_2_1_2,2102
3531,Beam_2_1_15,15951,0.035214,0.096303,0.013508,1,1,95,2,15,2,Beam_2_1_2,2102
3532,Beam_2_1_15,15916,0.035215,0.096303,0.012167,1,1,95,2,15,2,Beam_2_1_2,2102
3533,Beam_2_1_15,15904,0.026337,0.096638,0.011862,1,1,95,2,15,2,Beam_2_1_2,2102
3534,Beam_2_1_15,15958,0.026338,0.096638,0.013211,1,1,95,2,15,2,Beam_2_1_2,2102
3535,Beam_2_1_15,15966,0.032681,0.096638,0.013211,1,1,95,2,15,2,Beam_2_1_2,2102
3536,Beam_2_1_15,15900,0.032682,0.096638,0.011862,1,1,95,2,15,2,Beam_2_1_2,2102
3537,Beam_2_1_15,15972,0.021888,0.096801,0.013065,1,1,95,2,15,2,Beam_2_1_2,2102
3538,Beam_2_1_15,15888,0.021888,0.096801,0.011712,1,1,95,2,15,2,Beam_2_1_2,2102
3539,Beam_2_1_15,15950,0.037116,0.096802,0.013064,1,1,95,2,15,2,Beam_2_1_2,2102
3540,Beam_2_1_15,15915,0.037116,0.096802,0.011711,1,1,95,2,15,2,Beam_2_1_2,2102
3541,Beam_2_1_15,15905,0.024745,0.097055,0.011477,1,1,95,2,15,2,Beam_2_1_2,2102
3542,Beam_2_1_15,15959,0.024746,0.097055,0.012836,1,1,95,2,15,2,Beam_2_1_2,2102
3543,Beam_2_1_15,15965,0.034268,0.097055,0.012836,1,1,95,2,15,2,Beam_2_1_2,2102
3544,Beam_2_1_15,15899,0.034269,0.097055,0.011477,1,1,95,2,15,2,Beam_2_1_2,2102
3545,Beam_2_1_15,15960,0.023166,0.097468,0.012457,1,1,95,2,15,2,Beam_2_1_2,2102
3546,Beam_2_1_15,15906,0.023166,0.097468,0.011088,1,1,95,2,15,2,Beam_2_1_2,2102
3547,Beam_2_1_15,15964,0.035843,0.097468,0.012457,1,1,95,2,15,2,Beam_2_1_2,2102
3548,Beam_2_1_15,15898,0.035844,0.097468,0.011088,1,1,95,2,15,2,Beam_2_1_2,2102
3549,Beam_2_1_15,15907,0.021577,0.097884,0.010691,1,1,95,2,15,2,Beam_2_1_2,2102
3550,Beam_2_1_15,15961,0.021577,0.097884,0.01207,1,1,95,2,15,2,Beam_2_1_2,2102
3551,Beam_2_1_15,15897,0.037428,0.097884,0.010691,1,1,95,2,15,2,Beam_2_1_2,2102
3552,Beam_2_1_15,15963,0.037428,0.097884,0.01207,1,1,95,2,15,2,Beam_2_1_2,2102
3553,Beam_2_1_15,24431,0.02,0.098988,0.010367,1,1,95,2,15,2,Beam_2_1_2,2102
3554,Beam_2_1_15,24434,0.02475,0.098988,0.010367,1,1,95,2,15,2,Beam_2_1_2,2102
3555,Beam_2_1_15,24433,0.0295,0.098988,0.010367,1,1,95,2,15,2,Beam_2_1_2,2102
3556,Beam_2_1_15,24432,0.03425,0.098988,0.010367,1,1,95,2,15,2,Beam_2_1_2,2102
3557,Beam_2_1_15,24430,0.039,0.098988,0.010367,1,1,95,2,15,2,Beam_2_1_2,2102
3558,Beam_2_2_2,24782,0.02,0.10081,0.010193,2,2,7,2,2,15,Beam_2_2_15,2215
3559,Beam_2_2_2,24785,0.02475,0.10081,0.010193,2,2,7,2,2,15,Beam_2_2_15,2215
3560,Beam_2_2_2,24784,0.0295,0.10081,0.010193,2,2,7,2,2,15,Beam_2_2_15,2215
3561,Beam_2_2_2,24783,0.03425,0.10081,0.010193,2,2,7,2,2,15,Beam_2_2_15,2215
3562,Beam_2_2_2,24781,0.039,0.10081,0.010193,2,2,7,2,2,15,Beam_2_2_15,2215
3563,Beam_2_2_1,15430,0.021574,0.10172,0.011699,2,2,77,2,1,14,Beam_2_2_14,2214
3564,Beam_2_2_1,15384,0.021574,0.10172,0.010308,2,2,77,2,1,14,Beam_2_2_14,2214
3565,Beam_2_2_1,15432,0.037426,0.10172,0.011699,2,2,77,2,1,14,Beam_2_2_14,2214
3566,Beam_2_2_1,15374,0.037426,0.10172,0.010308,2,2,77,2,1,14,Beam_2_2_14,2214
3567,Beam_2_2_1,15383,0.023161,0.10214,0.010713,2,2,77,2,1,14,Beam_2_2_14,2214
3568,Beam_2_2_1,15429,0.023161,0.10214,0.012092,2,2,77,2,1,14,Beam_2_2_14,2214
3569,Beam_2_2_1,15375,0.035839,0.10214,0.010713,2,2,77,2,1,14,Beam_2_2_14,2214
3570,Beam_2_2_1,15433,0.035839,0.10214,0.012092,2,2,77,2,1,14,Beam_2_2_14,2214
3571,Beam_2_2_1,15382,0.024738,0.10255,0.011108,2,2,77,2,1,14,Beam_2_2_14,2214
3572,Beam_2_2_1,15428,0.024738,0.10255,0.012477,2,2,77,2,1,14,Beam_2_2_14,2214
3573,Beam_2_2_1,15376,0.034262,0.10255,0.011108,2,2,77,2,1,14,Beam_2_2_14,2214
3574,Beam_2_2_1,15434,0.034262,0.10255,0.012477,2,2,77,2,1,14,Beam_2_2_14,2214
3575,Beam_2_2_1,15371,0.021888,0.10281,0.011346,2,2,77,2,1,14,Beam_2_2_14,2214
3576,Beam_2_2_1,15439,0.021888,0.10281,0.012708,2,2,77,2,1,14,Beam_2_2_14,2214
3577,Beam_2_2_1,15441,0.037116,0.10282,0.012719,2,2,77,2,1,14,Beam_2_2_14,2214
3578,Beam_2_2_1,15365,0.037116,0.10282,0.011357,2,2,77,2,1,14,Beam_2_2_14,2214
3579,Beam_2_2_1,15381,0.026328,0.10297,0.0115,2,2,77,2,1,14,Beam_2_2_14,2214
3580,Beam_2_2_1,15427,0.026328,0.10297,0.012858,2,2,77,2,1,14,Beam_2_2_14,2214
3581,Beam_2_2_1,15377,0.032672,0.10297,0.0115,2,2,77,2,1,14,Beam_2_2_14,2214
3582,Beam_2_2_1,15435,0.032672,0.10297,0.012858,2,2,77,2,1,14,Beam_2_2_14,2214
3583,Beam_2_2_1,15370,0.023793,0.10331,0.01181,2,2,77,2,1,14,Beam_2_2_14,2214
3584,Beam_2_2_1,15438,0.023794,0.10331,0.01316,2,2,77,2,1,14,Beam_2_2_14,2214
3585,Beam_2_2_1,15366,0.035215,0.10331,0.011819,2,2,77,2,1,14,Beam_2_2_14,2214
3586,Beam_2_2_1,15442,0.035215,0.10332,0.013169,2,2,77,2,1,14,Beam_2_2_14,2214
3587,Beam_2_2_1,15426,0.027908,0.10339,0.013232,2,2,77,2,1,14,Beam_2_2_14,2214
3588,Beam_2_2_1,15380,0.027908,0.10339,0.011883,2,2,77,2,1,14,Beam_2_2_14,2214
3589,Beam_2_2_1,15436,0.031092,0.10339,0.013232,2,2,77,2,1,14,Beam_2_2_14,2214
3590,Beam_2_2_1,15378,0.031092,0.10339,0.011883,2,2,77,2,1,14,Beam_2_2_14,2214
3591,Beam_2_2_1,15369,0.025686,0.1038,0.012262,2,2,77,2,1,14,Beam_2_2_14,2214
3592,Beam_2_2_1,15437,0.025686,0.1038,0.013601,2,2,77,2,1,14,Beam_2_2_14,2214
3593,Beam_2_2_1,15379,0.0295,0.1038,0.012263,2,2,77,2,1,14,Beam_2_2_14,2214
3594,Beam_2_2_1,15431,0.0295,0.1038,0.013602,2,2,77,2,1,14,Beam_2_2_14,2214
3595,Beam_2_2_1,15443,0.033326,0.10381,0.013607,2,2,77,2,1,14,Beam_2_2_14,2214
3596,Beam_2_2_1,15367,0.033327,0.10381,0.012268,2,2,77,2,1,14,Beam_2_2_14,2214
3597,Beam_2_2_1,15440,0.027595,0.1043,0.014037,2,2,77,2,1,14,Beam_2_2_14,2214
3598,Beam_2_2_1,15363,0.027595,0.1043,0.012709,2,2,77,2,1,14,Beam_2_2_14,2214
3599,Beam_2_2_1,15368,0.031422,0.10431,0.012713,2,2,77,2,1,14,Beam_2_2_14,2214
3600,Beam_2_2_1,15420,0.031422,0.10431,0.01404,2,2,77,2,1,14,Beam_2_2_14,2214
3601,Beam_2_2_1,15446,0.025705,0.1048,0.01446,2,2,77,2,1,14,Beam_2_2_14,2214
3602,Beam_2_2_1,15362,0.025706,0.1048,0.013143,2,2,77,2,1,14,Beam_2_2_14,2214
3603,Beam_2_2_1,15417,0.033307,0.1048,0.014463,2,2,77,2,1,14,Beam_2_2_14,2214
3604,Beam_2_2_1,15393,0.033307,0.1048,0.013146,2,2,77,2,1,14,Beam_2_2_14,2214
3605,Beam_2_2_1,15392,0.029514,0.10481,0.01315,2,2,77,2,1,14,Beam_2_2_14,2214
3606,Beam_2_2_1,15416,0.029514,0.10481,0.014466,2,2,77,2,1,14,Beam_2_2_14,2214
3607,Beam_2_2_1,15411,0.027936,0.10522,0.014813,2,2,77,2,1,14,Beam_2_2_14,2214
3608,Beam_2_2_1,15397,0.027936,0.10522,0.013505,2,2,77,2,1,14,Beam_2_2_14,2214
3609,Beam_2_2_1,15425,0.031088,0.10522,0.014813,2,2,77,2,1,14,Beam_2_2_14,2214
3610,Beam_2_2_1,15391,0.031088,0.10522,0.013505,2,2,77,2,1,14,Beam_2_2_14,2214
3611,Beam_2_2_1,15361,0.023801,0.1053,0.013573,2,2,77,2,1,14,Beam_2_2_14,2214
3612,Beam_2_2_1,15445,0.023801,0.1053,0.014879,2,2,77,2,1,14,Beam_2_2_14,2214
3613,Beam_2_2_1,15418,0.035208,0.1053,0.014881,2,2,77,2,1,14,Beam_2_2_14,2214
3614,Beam_2_2_1,15394,0.035208,0.1053,0.013574,2,2,77,2,1,14,Beam_2_2_14,2214
3615,Beam_2_2_1,15398,0.026347,0.10564,0.013857,2,2,77,2,1,14,Beam_2_2_14,2214
3616,Beam_2_2_1,15412,0.026347,0.10564,0.015156,2,2,77,2,1,14,Beam_2_2_14,2214
3617,Beam_2_2_1,15390,0.032672,0.10564,0.013857,2,2,77,2,1,14,Beam_2_2_14,2214
3618,Beam_2_2_1,15424,0.032672,0.10564,0.015156,2,2,77,2,1,14,Beam_2_2_14,2214
3619,Beam_2_2_1,15360,0.021908,0.1058,0.013991,2,2,77,2,1,14,Beam_2_2_14,2214
3620,Beam_2_2_1,15444,0.021908,0.1058,0.015287,2,2,77,2,1,14,Beam_2_2_14,2214
3621,Beam_2_2_1,15395,0.037096,0.1058,0.013992,2,2,77,2,1,14,Beam_2_2_14,2214
3622,Beam_2_2_1,15419,0.037097,0.1058,0.015288,2,2,77,2,1,14,Beam_2_2_14,2214
3623,Beam_2_2_1,15413,0.024766,0.10605,0.015493,2,2,77,2,1,14,Beam_2_2_14,2214
3624,Beam_2_2_1,15399,0.024767,0.10605,0.014202,2,2,77,2,1,14,Beam_2_2_14,2214
3625,Beam_2_2_1,15389,0.034247,0.10605,0.014202,2,2,77,2,1,14,Beam_2_2_14,2214
3626,Beam_2_2_1,15423,0.034248,0.10605,0.015493,2,2,77,2,1,14,Beam_2_2_14,2214
3627,Beam_2_2_1,15414,0.023175,0.10647,0.015826,2,2,77,2,1,14,Beam_2_2_14,2214
3628,Beam_2_2_1,15400,0.023176,0.10647,0.014543,2,2,77,2,1,14,Beam_2_2_14,2214
3629,Beam_2_2_1,15422,0.035834,0.10647,0.015826,2,2,77,2,1,14,Beam_2_2_14,2214
3630,Beam_2_2_1,15388,0.035834,0.10647,0.014543,2,2,77,2,1,14,Beam_2_2_14,2214
3631,Beam_2_2_1,15401,0.021593,0.10688,0.014877,2,2,77,2,1,14,Beam_2_2_14,2214
3632,Beam_2_2_1,15415,0.021593,0.10688,0.016152,2,2,77,2,1,14,Beam_2_2_14,2214
3633,Beam_2_2_1,15387,0.037412,0.10688,0.014877,2,2,77,2,1,14,Beam_2_2_14,2214
3634,Beam_2_2_1,15421,0.037412,0.10688,0.016152,2,2,77,2,1,14,Beam_2_2_14,2214
3635,Beam_2_2_1,24899,0.02,0.1078,0.016231,2,2,77,2,1,14,Beam_2_2_14,2214
3636,Beam_2_2_1,24902,0.02475,0.1078,0.016231,2,2,77,2,1,14,Beam_2_2_14,2214
3637,Beam_2_2_1,24901,0.0295,0.1078,0.016231,2,2,77,2,1,14,Beam_2_2_14,2214
3638,Beam_2_2_1,24900,0.03425,0.1078,0.016231,2,2,77,2,1,14,Beam_2_2_14,2214
3639,Beam_2_2_1,24898,0.039,0.1078,0.016231,2,2,77,2,1,14,Beam_2_2_14,2214
3640,Beam_2_2_3,16895,0.022363,0.10893,0.016456,2,2,131,2,3,13,Beam_2_2_13,2213
3641,Beam_2_2_3,16939,0.022363,0.10893,0.017696,2,2,131,2,3,13,Beam_2_2_13,2213
3642,Beam_2_2_3,16941,0.036637,0.10893,0.017696,2,2,131,2,3,13,Beam_2_2_13,2213
3643,Beam_2_2_3,16889,0.036637,0.10893,0.016456,2,2,131,2,3,13,Beam_2_2_13,2213
3644,Beam_2_2_3,16894,0.024746,0.10956,0.016914,2,2,131,2,3,13,Beam_2_2_13,2213
3645,Beam_2_2_3,16938,0.024747,0.10956,0.018144,2,2,131,2,3,13,Beam_2_2_13,2213
3646,Beam_2_2_3,16942,0.034253,0.10956,0.018144,2,2,131,2,3,13,Beam_2_2_13,2213
3647,Beam_2_2_3,16890,0.034254,0.10956,0.016914,2,2,131,2,3,13,Beam_2_2_13,2213
3648,Beam_2_2_3,16913,0.021892,0.10981,0.017095,2,2,131,2,3,13,Beam_2_2_13,2213
3649,Beam_2_2_3,16925,0.021892,0.10981,0.01832,2,2,131,2,3,13,Beam_2_2_13,2213
3650,Beam_2_2_3,16944,0.037112,0.10982,0.018329,2,2,131,2,3,13,Beam_2_2_13,2213
3651,Beam_2_2_3,16885,0.037113,0.10982,0.017103,2,2,131,2,3,13,Beam_2_2_13,2213
3652,Beam_2_2_3,16937,0.027114,0.11018,0.018579,2,2,131,2,3,13,Beam_2_2_13,2213
3653,Beam_2_2_3,16893,0.027114,0.11018,0.017358,2,2,131,2,3,13,Beam_2_2_13,2213
3654,Beam_2_2_3,16891,0.031886,0.11018,0.017358,2,2,131,2,3,13,Beam_2_2_13,2213
3655,Beam_2_2_3,16943,0.031886,0.11018,0.018579,2,2,131,2,3,13,Beam_2_2_13,2213
3656,Beam_2_2_3,16912,0.023795,0.11031,0.017449,2,2,131,2,3,13,Beam_2_2_13,2213
3657,Beam_2_2_3,16924,0.023795,0.11031,0.018668,2,2,131,2,3,13,Beam_2_2_13,2213
3658,Beam_2_2_3,16886,0.035213,0.11032,0.017456,2,2,131,2,3,13,Beam_2_2_13,2213
3659,Beam_2_2_3,16945,0.035213,0.11032,0.018674,2,2,131,2,3,13,Beam_2_2_13,2213
3660,Beam_2_2_3,16923,0.025689,0.1108,0.019007,2,2,131,2,3,13,Beam_2_2_13,2213
3661,Beam_2_2_3,16911,0.025689,0.1108,0.017796,2,2,131,2,3,13,Beam_2_2_13,2213
3662,Beam_2_2_3,16892,0.0295,0.1108,0.017796,2,2,131,2,3,13,Beam_2_2_13,2213
3663,Beam_2_2_3,16940,0.0295,0.1108,0.019007,2,2,131,2,3,13,Beam_2_2_13,2213
3664,Beam_2_2_3,16887,0.033323,0.11081,0.017801,2,2,131,2,3,13,Beam_2_2_13,2213
3665,Beam_2_2_3,16946,0.033323,0.11081,0.019011,2,2,131,2,3,13,Beam_2_2_13,2213
3666,Beam_2_2_3,16910,0.027595,0.1113,0.018138,2,2,131,2,3,13,Beam_2_2_13,2213
3667,Beam_2_2_3,16926,0.027595,0.1113,0.019342,2,2,131,2,3,13,Beam_2_2_13,2213
3668,Beam_2_2_3,16879,0.031422,0.11131,0.018141,2,2,131,2,3,13,Beam_2_2_13,2213
3669,Beam_2_2_3,16947,0.031422,0.11131,0.019345,2,2,131,2,3,13,Beam_2_2_13,2213
3670,Beam_2_2_3,16909,0.025703,0.1118,0.018471,2,2,131,2,3,13,Beam_2_2_13,2213
3671,Beam_2_2_3,16929,0.025703,0.1118,0.019668,2,2,131,2,3,13,Beam_2_2_13,2213
3672,Beam_2_2_3,16880,0.03331,0.1118,0.018473,2,2,131,2,3,13,Beam_2_2_13,2213
3673,Beam_2_2_3,16948,0.03331,0.1118,0.01967,2,2,131,2,3,13,Beam_2_2_13,2213
3674,Beam_2_2_3,16933,0.029514,0.11181,0.019673,2,2,131,2,3,13,Beam_2_2_13,2213
3675,Beam_2_2_3,16901,0.029514,0.11181,0.018476,2,2,131,2,3,13,Beam_2_2_13,2213
3676,Beam_2_2_3,16908,0.023799,0.1123,0.0188,2,2,131,2,3,13,Beam_2_2_13,2213
3677,Beam_2_2_3,16928,0.023799,0.1123,0.01999,2,2,131,2,3,13,Beam_2_2_13,2213
3678,Beam_2_2_3,16949,0.035209,0.1123,0.019992,2,2,131,2,3,13,Beam_2_2_13,2213
3679,Beam_2_2_3,16881,0.035209,0.1123,0.018801,2,2,131,2,3,13,Beam_2_2_13,2213
3680,Beam_2_2_3,16902,0.027145,0.11243,0.018883,2,2,131,2,3,13,Beam_2_2_13,2213
3681,Beam_2_2_3,16930,0.027145,0.11243,0.020072,2,2,131,2,3,13,Beam_2_2_13,2213
3682,Beam_2_2_3,16900,0.031876,0.11243,0.018883,2,2,131,2,3,13,Beam_2_2_13,2213
3683,Beam_2_2_3,16936,0.031876,0.11243,0.020072,2,2,131,2,3,13,Beam_2_2_13,2213
3684,Beam_2_2_3,16907,0.021905,0.1128,0.019121,2,2,131,2,3,13,Beam_2_2_13,2213
3685,Beam_2_2_3,16927,0.021905,0.1128,0.020305,2,2,131,2,3,13,Beam_2_2_13,2213
3686,Beam_2_2_3,16950,0.037099,0.1128,0.020306,2,2,131,2,3,13,Beam_2_2_13,2213
3687,Beam_2_2_3,16882,0.037099,0.1128,0.019122,2,2,131,2,3,13,Beam_2_2_13,2213
3688,Beam_2_2_3,16903,0.02476,0.11305,0.019283,2,2,131,2,3,13,Beam_2_2_13,2213
3689,Beam_2_2_3,16931,0.02476,0.11305,0.020464,2,2,131,2,3,13,Beam_2_2_13,2213
3690,Beam_2_2_3,16935,0.034254,0.11305,0.020464,2,2,131,2,3,13,Beam_2_2_13,2213
3691,Beam_2_2_3,16899,0.034254,0.11305,0.019283,2,2,131,2,3,13,Beam_2_2_13,2213
3692,Beam_2_2_3,16904,0.022388,0.11367,0.019672,2,2,131,2,3,13,Beam_2_2_13,2213
3693,Beam_2_2_3,16932,0.022388,0.11367,0.020845,2,2,131,2,3,13,Beam_2_2_13,2213
3694,Beam_2_2_3,16934,0.036619,0.11367,0.020845,2,2,131,2,3,13,Beam_2_2_13,2213
3695,Beam_2_2_3,16898,0.036619,0.11367,0.019672,2,2,131,2,3,13,Beam_2_2_13,2213
3696,Beam_2_2_3,24890,0.02,0.1148,0.020937,2,2,131,2,3,13,Beam_2_2_13,2213
3697,Beam_2_2_3,24893,0.02475,0.1148,0.020937,2,2,131,2,3,13,Beam_2_2_13,2213
3698,Beam_2_2_3,24892,0.0295,0.1148,0.020937,2,2,131,2,3,13,Beam_2_2_13,2213
3699,Beam_2_2_3,24891,0.03425,0.1148,0.020937,2,2,131,2,3,13,Beam_2_2_13,2213
3700,Beam_2_2_3,24889,0.039,0.1148,0.020937,2,2,131,2,3,13,Beam_2_2_13,2213
3701,Beam_2_2_4,18191,0.022367,0.11593,0.021013,2,2,185,2,4,12,Beam_2_2_12,2212
3702,Beam_2_2_4,18235,0.022367,0.11593,0.02216,2,2,185,2,4,12,Beam_2_2_12,2212
3703,Beam_2_2_4,18237,0.036633,0.11593,0.02216,2,2,185,2,4,12,Beam_2_2_12,2212
3704,Beam_2_2_4,18185,0.036633,0.11593,0.021013,2,2,185,2,4,12,Beam_2_2_12,2212
3705,Beam_2_2_4,18190,0.024748,0.11656,0.021363,2,2,185,2,4,12,Beam_2_2_12,2212
3706,Beam_2_2_4,18234,0.024748,0.11656,0.022504,2,2,185,2,4,12,Beam_2_2_12,2212
3707,Beam_2_2_4,18186,0.034252,0.11656,0.021363,2,2,185,2,4,12,Beam_2_2_12,2212
3708,Beam_2_2_4,18238,0.034252,0.11656,0.022504,2,2,185,2,4,12,Beam_2_2_12,2212
3709,Beam_2_2_4,18209,0.021894,0.11681,0.021502,2,2,185,2,4,12,Beam_2_2_12,2212
3710,Beam_2_2_4,18221,0.021894,0.11681,0.02264,2,2,185,2,4,12,Beam_2_2_12,2212
3711,Beam_2_2_4,18181,0.03711,0.11682,0.021508,2,2,185,2,4,12,Beam_2_2_12,2212
3712,Beam_2_2_4,18240,0.03711,0.11682,0.022646,2,2,185,2,4,12,Beam_2_2_12,2212
3713,Beam_2_2_4,18189,0.027117,0.11718,0.021704,2,2,185,2,4,12,Beam_2_2_12,2212
3714,Beam_2_2_4,18233,0.027117,0.11718,0.022838,2,2,185,2,4,12,Beam_2_2_12,2212
3715,Beam_2_2_4,18187,0.031883,0.11718,0.021704,2,2,185,2,4,12,Beam_2_2_12,2212
3716,Beam_2_2_4,18239,0.031883,0.11718,0.022838,2,2,185,2,4,12,Beam_2_2_12,2212
3717,Beam_2_2_4,18220,0.023796,0.11731,0.022906,2,2,185,2,4,12,Beam_2_2_12,2212
3718,Beam_2_2_4,18208,0.023796,0.11731,0.021773,2,2,185,2,4,12,Beam_2_2_12,2212
3719,Beam_2_2_4,18182,0.035212,0.11732,0.021778,2,2,185,2,4,12,Beam_2_2_12,2212
3720,Beam_2_2_4,18241,0.035212,0.11732,0.022911,2,2,185,2,4,12,Beam_2_2_12,2212
3721,Beam_2_2_4,18219,0.025691,0.1178,0.023166,2,2,185,2,4,12,Beam_2_2_12,2212
3722,Beam_2_2_4,18207,0.025691,0.1178,0.022038,2,2,185,2,4,12,Beam_2_2_12,2212
3723,Beam_2_2_4,18188,0.0295,0.1178,0.022038,2,2,185,2,4,12,Beam_2_2_12,2212
3724,Beam_2_2_4,18236,0.0295,0.1178,0.023166,2,2,185,2,4,12,Beam_2_2_12,2212
3725,Beam_2_2_4,18183,0.033321,0.11781,0.022042,2,2,185,2,4,12,Beam_2_2_12,2212
3726,Beam_2_2_4,18242,0.033321,0.11781,0.02317,2,2,185,2,4,12,Beam_2_2_12,2212
3727,Beam_2_2_4,18222,0.027595,0.1183,0.023423,2,2,185,2,4,12,Beam_2_2_12,2212
3728,Beam_2_2_4,18206,0.027595,0.1183,0.022299,2,2,185,2,4,12,Beam_2_2_12,2212
3729,Beam_2_2_4,18243,0.031422,0.11831,0.023425,2,2,185,2,4,12,Beam_2_2_12,2212
3730,Beam_2_2_4,18175,0.031422,0.11831,0.022301,2,2,185,2,4,12,Beam_2_2_12,2212
3731,Beam_2_2_4,18225,0.025701,0.1188,0.023673,2,2,185,2,4,12,Beam_2_2_12,2212
3732,Beam_2_2_4,18205,0.025701,0.1188,0.022553,2,2,185,2,4,12,Beam_2_2_12,2212
3733,Beam_2_2_4,18244,0.033312,0.1188,0.023674,2,2,185,2,4,12,Beam_2_2_12,2212
3734,Beam_2_2_4,18176,0.033312,0.1188,0.022555,2,2,185,2,4,12,Beam_2_2_12,2212
3735,Beam_2_2_4,18229,0.029514,0.11881,0.023676,2,2,185,2,4,12,Beam_2_2_12,2212
3736,Beam_2_2_4,18197,0.029514,0.11881,0.022557,2,2,185,2,4,12,Beam_2_2_12,2212
3737,Beam_2_2_4,18204,0.023799,0.1193,0.022804,2,2,185,2,4,12,Beam_2_2_12,2212
3738,Beam_2_2_4,18224,0.023799,0.1193,0.023919,2,2,185,2,4,12,Beam_2_2_12,2212
3739,Beam_2_2_4,18245,0.03521,0.1193,0.02392,2,2,185,2,4,12,Beam_2_2_12,2212
3740,Beam_2_2_4,18177,0.03521,0.1193,0.022805,2,2,185,2,4,12,Beam_2_2_12,2212
3741,Beam_2_2_4,18198,0.027142,0.11943,0.022867,2,2,185,2,4,12,Beam_2_2_12,2212
3742,Beam_2_2_4,18226,0.027142,0.11943,0.023981,2,2,185,2,4,12,Beam_2_2_12,2212
3743,Beam_2_2_4,18196,0.031879,0.11943,0.022867,2,2,185,2,4,12,Beam_2_2_12,2212
3744,Beam_2_2_4,18232,0.031879,0.11943,0.023981,2,2,185,2,4,12,Beam_2_2_12,2212
3745,Beam_2_2_4,18203,0.021903,0.1198,0.023049,2,2,185,2,4,12,Beam_2_2_12,2212
3746,Beam_2_2_4,18223,0.021903,0.1198,0.024159,2,2,185,2,4,12,Beam_2_2_12,2212
3747,Beam_2_2_4,18178,0.037101,0.1198,0.023049,2,2,185,2,4,12,Beam_2_2_12,2212
3748,Beam_2_2_4,18246,0.037101,0.1198,0.02416,2,2,185,2,4,12,Beam_2_2_12,2212
3749,Beam_2_2_4,18227,0.024759,0.12005,0.02428,2,2,185,2,4,12,Beam_2_2_12,2212
3750,Beam_2_2_4,18199,0.024759,0.12005,0.023172,2,2,185,2,4,12,Beam_2_2_12,2212
3751,Beam_2_2_4,18231,0.034255,0.12005,0.02428,2,2,185,2,4,12,Beam_2_2_12,2212
3752,Beam_2_2_4,18195,0.034255,0.12005,0.023172,2,2,185,2,4,12,Beam_2_2_12,2212
3753,Beam_2_2_4,18228,0.022385,0.12067,0.02457,2,2,185,2,4,12,Beam_2_2_12,2212
3754,Beam_2_2_4,18200,0.022385,0.12067,0.023467,2,2,185,2,4,12,Beam_2_2_12,2212
3755,Beam_2_2_4,18194,0.036622,0.12067,0.023467,2,2,185,2,4,12,Beam_2_2_12,2212
3756,Beam_2_2_4,18230,0.036622,0.12067,0.02457,2,2,185,2,4,12,Beam_2_2_12,2212
3757,Beam_2_2_4,24881,0.02,0.1218,0.024532,2,2,185,2,4,12,Beam_2_2_12,2212
3758,Beam_2_2_4,24884,0.02475,0.1218,0.024532,2,2,185,2,4,12,Beam_2_2_12,2212
3759,Beam_2_2_4,24883,0.0295,0.1218,0.024532,2,2,185,2,4,12,Beam_2_2_12,2212
3760,Beam_2_2_4,24882,0.03425,0.1218,0.024532,2,2,185,2,4,12,Beam_2_2_12,2212
3761,Beam_2_2_4,24880,0.039,0.1218,0.024532,2,2,185,2,4,12,Beam_2_2_12,2212
3762,Beam_2_2_5,19531,0.022369,0.12293,0.025565,2,2,239,2,5,11,Beam_2_2_11,2211
3763,Beam_2_2_5,19487,0.022369,0.12293,0.024479,2,2,239,2,5,11,Beam_2_2_11,2211
3764,Beam_2_2_5,19481,0.036631,0.12293,0.024479,2,2,239,2,5,11,Beam_2_2_11,2211
3765,Beam_2_2_5,19533,0.036631,0.12293,0.025565,2,2,239,2,5,11,Beam_2_2_11,2211
3766,Beam_2_2_5,19486,0.024749,0.12356,0.024742,2,2,239,2,5,11,Beam_2_2_11,2211
3767,Beam_2_2_5,19530,0.024749,0.12356,0.025823,2,2,239,2,5,11,Beam_2_2_11,2211
3768,Beam_2_2_5,19534,0.034251,0.12356,0.025823,2,2,239,2,5,11,Beam_2_2_11,2211
3769,Beam_2_2_5,19482,0.034251,0.12356,0.024742,2,2,239,2,5,11,Beam_2_2_11,2211
3770,Beam_2_2_5,19505,0.021895,0.12381,0.024845,2,2,239,2,5,11,Beam_2_2_11,2211
3771,Beam_2_2_5,19517,0.021895,0.12381,0.025925,2,2,239,2,5,11,Beam_2_2_11,2211
3772,Beam_2_2_5,19477,0.037109,0.12382,0.02485,2,2,239,2,5,11,Beam_2_2_11,2211
3773,Beam_2_2_5,19536,0.037109,0.12382,0.02593,2,2,239,2,5,11,Beam_2_2_11,2211
3774,Beam_2_2_5,19529,0.02712,0.12418,0.026074,2,2,239,2,5,11,Beam_2_2_11,2211
3775,Beam_2_2_5,19485,0.02712,0.12418,0.024996,2,2,239,2,5,11,Beam_2_2_11,2211
3776,Beam_2_2_5,19483,0.03188,0.12418,0.024996,2,2,239,2,5,11,Beam_2_2_11,2211
3777,Beam_2_2_5,19535,0.03188,0.12418,0.026074,2,2,239,2,5,11,Beam_2_2_11,2211
3778,Beam_2_2_5,19516,0.023797,0.12431,0.026124,2,2,239,2,5,11,Beam_2_2_11,2211
3779,Beam_2_2_5,19504,0.023797,0.12431,0.025048,2,2,239,2,5,11,Beam_2_2_11,2211
3780,Beam_2_2_5,19537,0.035212,0.12432,0.026128,2,2,239,2,5,11,Beam_2_2_11,2211
3781,Beam_2_2_5,19478,0.035212,0.12432,0.025052,2,2,239,2,5,11,Beam_2_2_11,2211
3782,Beam_2_2_5,19515,0.025693,0.1248,0.026318,2,2,239,2,5,11,Beam_2_2_11,2211
3783,Beam_2_2_5,19503,0.025693,0.1248,0.025245,2,2,239,2,5,11,Beam_2_2_11,2211
3784,Beam_2_2_5,19532,0.0295,0.1248,0.026318,2,2,239,2,5,11,Beam_2_2_11,2211
3785,Beam_2_2_5,19484,0.0295,0.1248,0.025245,2,2,239,2,5,11,Beam_2_2_11,2211
3786,Beam_2_2_5,19538,0.03332,0.12481,0.026321,2,2,239,2,5,11,Beam_2_2_11,2211
3787,Beam_2_2_5,19479,0.03332,0.12481,0.025248,2,2,239,2,5,11,Beam_2_2_11,2211
3788,Beam_2_2_5,19518,0.027595,0.1253,0.026509,2,2,239,2,5,11,Beam_2_2_11,2211
3789,Beam_2_2_5,19502,0.027595,0.1253,0.025439,2,2,239,2,5,11,Beam_2_2_11,2211
3790,Beam_2_2_5,19471,0.031422,0.12531,0.025441,2,2,239,2,5,11,Beam_2_2_11,2211
3791,Beam_2_2_5,19539,0.031422,0.12531,0.02651,2,2,239,2,5,11,Beam_2_2_11,2211
3792,Beam_2_2_5,19501,0.025699,0.1258,0.025627,2,2,239,2,5,11,Beam_2_2_11,2211
3793,Beam_2_2_5,19521,0.025699,0.1258,0.026694,2,2,239,2,5,11,Beam_2_2_11,2211
3794,Beam_2_2_5,19472,0.033313,0.1258,0.025629,2,2,239,2,5,11,Beam_2_2_11,2211
3795,Beam_2_2_5,19540,0.033313,0.1258,0.026695,2,2,239,2,5,11,Beam_2_2_11,2211
3796,Beam_2_2_5,19493,0.029514,0.12581,0.02563,2,2,239,2,5,11,Beam_2_2_11,2211
3797,Beam_2_2_5,19525,0.029514,0.12581,0.026696,2,2,239,2,5,11,Beam_2_2_11,2211
3798,Beam_2_2_5,19520,0.023798,0.1263,0.026876,2,2,239,2,5,11,Beam_2_2_11,2211
3799,Beam_2_2_5,19500,0.023798,0.1263,0.025812,2,2,239,2,5,11,Beam_2_2_11,2211
3800,Beam_2_2_5,19473,0.03521,0.1263,0.025813,2,2,239,2,5,11,Beam_2_2_11,2211
3801,Beam_2_2_5,19541,0.03521,0.1263,0.026877,2,2,239,2,5,11,Beam_2_2_11,2211
3802,Beam_2_2_5,19494,0.02714,0.12643,0.025859,2,2,239,2,5,11,Beam_2_2_11,2211
3803,Beam_2_2_5,19522,0.02714,0.12643,0.026922,2,2,239,2,5,11,Beam_2_2_11,2211
3804,Beam_2_2_5,19528,0.031881,0.12643,0.026922,2,2,239,2,5,11,Beam_2_2_11,2211
3805,Beam_2_2_5,19492,0.031881,0.12643,0.025859,2,2,239,2,5,11,Beam_2_2_11,2211
3806,Beam_2_2_5,19519,0.021902,0.1268,0.027053,2,2,239,2,5,11,Beam_2_2_11,2211
3807,Beam_2_2_5,19499,0.021902,0.1268,0.025992,2,2,239,2,5,11,Beam_2_2_11,2211
3808,Beam_2_2_5,19474,0.037103,0.1268,0.025992,2,2,239,2,5,11,Beam_2_2_11,2211
3809,Beam_2_2_5,19542,0.037103,0.1268,0.027053,2,2,239,2,5,11,Beam_2_2_11,2211
3810,Beam_2_2_5,19523,0.024758,0.12705,0.027142,2,2,239,2,5,11,Beam_2_2_11,2211
3811,Beam_2_2_5,19495,0.024758,0.12705,0.026082,2,2,239,2,5,11,Beam_2_2_11,2211
3812,Beam_2_2_5,19491,0.034256,0.12705,0.026082,2,2,239,2,5,11,Beam_2_2_11,2211
3813,Beam_2_2_5,19527,0.034256,0.12705,0.027142,2,2,239,2,5,11,Beam_2_2_11,2211
3814,Beam_2_2_5,19496,0.022383,0.12767,0.026298,2,2,239,2,5,11,Beam_2_2_11,2211
3815,Beam_2_2_5,19524,0.022383,0.12767,0.027354,2,2,239,2,5,11,Beam_2_2_11,2211
3816,Beam_2_2_5,19490,0.036624,0.12767,0.026298,2,2,239,2,5,11,Beam_2_2_11,2211
3817,Beam_2_2_5,19526,0.036624,0.12767,0.027354,2,2,239,2,5,11,Beam_2_2_11,2211
3818,Beam_2_2_5,24872,0.02,0.1288,0.027198,2,2,239,2,5,11,Beam_2_2_11,2211
3819,Beam_2_2_5,24875,0.02475,0.1288,0.027198,2,2,239,2,5,11,Beam_2_2_11,2211
3820,Beam_2_2_5,24874,0.0295,0.1288,0.027198,2,2,239,2,5,11,Beam_2_2_11,2211
3821,Beam_2_2_5,24873,0.03425,0.1288,0.027198,2,2,239,2,5,11,Beam_2_2_11,2211
3822,Beam_2_2_5,24871,0.039,0.1288,0.027198,2,2,239,2,5,11,Beam_2_2_11,2211
3823,Beam_2_2_6,20801,0.022371,0.12993,0.027027,2,2,293,2,6,10,Beam_2_2_10,2210
3824,Beam_2_2_6,20813,0.022371,0.12993,0.028072,2,2,293,2,6,10,Beam_2_2_10,2210
3825,Beam_2_2_6,20815,0.036629,0.12993,0.028072,2,2,293,2,6,10,Beam_2_2_10,2210
3826,Beam_2_2_6,20795,0.036629,0.12993,0.027027,2,2,293,2,6,10,Beam_2_2_10,2210
3827,Beam_2_2_6,20812,0.024749,0.13056,0.028256,2,2,293,2,6,10,Beam_2_2_10,2210
3828,Beam_2_2_6,20800,0.024749,0.13056,0.027214,2,2,293,2,6,10,Beam_2_2_10,2210
3829,Beam_2_2_6,20796,0.034251,0.13056,0.027214,2,2,293,2,6,10,Beam_2_2_10,2210
3830,Beam_2_2_6,20816,0.034251,0.13056,0.028256,2,2,293,2,6,10,Beam_2_2_10,2210
3831,Beam_2_2_6,20783,0.021896,0.13081,0.027287,2,2,293,2,6,10,Beam_2_2_10,2210
3832,Beam_2_2_6,20827,0.021896,0.13081,0.028328,2,2,293,2,6,10,Beam_2_2_10,2210
3833,Beam_2_2_6,20818,0.037108,0.13082,0.028331,2,2,293,2,6,10,Beam_2_2_10,2210
3834,Beam_2_2_6,20791,0.037108,0.13082,0.027291,2,2,293,2,6,10,Beam_2_2_10,2210
3835,Beam_2_2_6,20811,0.027121,0.13118,0.028432,2,2,293,2,6,10,Beam_2_2_10,2210
3836,Beam_2_2_6,20799,0.027121,0.13118,0.027394,2,2,293,2,6,10,Beam_2_2_10,2210
3837,Beam_2_2_6,20797,0.031879,0.13118,0.027394,2,2,293,2,6,10,Beam_2_2_10,2210
3838,Beam_2_2_6,20817,0.031879,0.13118,0.028432,2,2,293,2,6,10,Beam_2_2_10,2210
3839,Beam_2_2_6,20782,0.023797,0.13131,0.02743,2,2,293,2,6,10,Beam_2_2_10,2210
3840,Beam_2_2_6,20826,0.023797,0.13131,0.028468,2,2,293,2,6,10,Beam_2_2_10,2210
3841,Beam_2_2_6,20819,0.035212,0.13132,0.028471,2,2,293,2,6,10,Beam_2_2_10,2210
3842,Beam_2_2_6,20792,0.035212,0.13132,0.027432,2,2,293,2,6,10,Beam_2_2_10,2210
3843,Beam_2_2_6,20825,0.025694,0.1318,0.028604,2,2,293,2,6,10,Beam_2_2_10,2210
3844,Beam_2_2_6,20781,0.025694,0.1318,0.027568,2,2,293,2,6,10,Beam_2_2_10,2210
3845,Beam_2_2_6,20814,0.0295,0.1318,0.028604,2,2,293,2,6,10,Beam_2_2_10,2210
3846,Beam_2_2_6,20798,0.0295,0.1318,0.027567,2,2,293,2,6,10,Beam_2_2_10,2210
3847,Beam_2_2_6,20820,0.033319,0.13181,0.028606,2,2,293,2,6,10,Beam_2_2_10,2210
3848,Beam_2_2_6,20793,0.033319,0.13181,0.02757,2,2,293,2,6,10,Beam_2_2_10,2210
3849,Beam_2_2_6,20780,0.027595,0.1323,0.027702,2,2,293,2,6,10,Beam_2_2_10,2210
3850,Beam_2_2_6,20828,0.027595,0.1323,0.028736,2,2,293,2,6,10,Beam_2_2_10,2210
3851,Beam_2_2_6,20785,0.031422,0.13231,0.027703,2,2,293,2,6,10,Beam_2_2_10,2210
3852,Beam_2_2_6,20821,0.031422,0.13231,0.028737,2,2,293,2,6,10,Beam_2_2_10,2210
3853,Beam_2_2_6,20779,0.025698,0.1328,0.027832,2,2,293,2,6,10,Beam_2_2_10,2210
3854,Beam_2_2_6,20831,0.025698,0.1328,0.028864,2,2,293,2,6,10,Beam_2_2_10,2210
3855,Beam_2_2_6,20822,0.033314,0.1328,0.028865,2,2,293,2,6,10,Beam_2_2_10,2210
3856,Beam_2_2_6,20786,0.033314,0.1328,0.027833,2,2,293,2,6,10,Beam_2_2_10,2210
3857,Beam_2_2_6,20771,0.029514,0.13281,0.027834,2,2,293,2,6,10,Beam_2_2_10,2210
3858,Beam_2_2_6,20835,0.029514,0.13281,0.028866,2,2,293,2,6,10,Beam_2_2_10,2210
3859,Beam_2_2_6,20830,0.023798,0.1333,0.028989,2,2,293,2,6,10,Beam_2_2_10,2210
3860,Beam_2_2_6,20778,0.023798,0.1333,0.027959,2,2,293,2,6,10,Beam_2_2_10,2210
3861,Beam_2_2_6,20787,0.035211,0.1333,0.027959,2,2,293,2,6,10,Beam_2_2_10,2210
3862,Beam_2_2_6,20823,0.035211,0.1333,0.028989,2,2,293,2,6,10,Beam_2_2_10,2210
3863,Beam_2_2_6,20772,0.027139,0.13343,0.027991,2,2,293,2,6,10,Beam_2_2_10,2210
3864,Beam_2_2_6,20832,0.027139,0.13343,0.02902,2,2,293,2,6,10,Beam_2_2_10,2210
3865,Beam_2_2_6,20770,0.031882,0.13343,0.027991,2,2,293,2,6,10,Beam_2_2_10,2210
3866,Beam_2_2_6,20838,0.031882,0.13343,0.02902,2,2,293,2,6,10,Beam_2_2_10,2210
3867,Beam_2_2_6,20829,0.021901,0.1338,0.029109,2,2,293,2,6,10,Beam_2_2_10,2210
3868,Beam_2_2_6,20777,0.021901,0.1338,0.028081,2,2,293,2,6,10,Beam_2_2_10,2210
3869,Beam_2_2_6,20824,0.037104,0.1338,0.02911,2,2,293,2,6,10,Beam_2_2_10,2210
3870,Beam_2_2_6,20788,0.037104,0.1338,0.028081,2,2,293,2,6,10,Beam_2_2_10,2210
3871,Beam_2_2_6,20833,0.024758,0.13405,0.029169,2,2,293,2,6,10,Beam_2_2_10,2210
3872,Beam_2_2_6,20773,0.024758,0.13405,0.028142,2,2,293,2,6,10,Beam_2_2_10,2210
3873,Beam_2_2_6,20769,0.034256,0.13405,0.028142,2,2,293,2,6,10,Beam_2_2_10,2210
3874,Beam_2_2_6,20837,0.034256,0.13405,0.029169,2,2,293,2,6,10,Beam_2_2_10,2210
3875,Beam_2_2_6,20774,0.022381,0.13467,0.028286,2,2,293,2,6,10,Beam_2_2_10,2210
3876,Beam_2_2_6,20834,0.022381,0.13467,0.029312,2,2,293,2,6,10,Beam_2_2_10,2210
3877,Beam_2_2_6,20768,0.036626,0.13467,0.028286,2,2,293,2,6,10,Beam_2_2_10,2210
3878,Beam_2_2_6,20836,0.036626,0.13467,0.029312,2,2,293,2,6,10,Beam_2_2_10,2210
3879,Beam_2_2_6,24863,0.02,0.1358,0.029044,2,2,293,2,6,10,Beam_2_2_10,2210
3880,Beam_2_2_6,24866,0.02475,0.1358,0.029044,2,2,293,2,6,10,Beam_2_2_10,2210
3881,Beam_2_2_6,24865,0.0295,0.1358,0.029044,2,2,293,2,6,10,Beam_2_2_10,2210
3882,Beam_2_2_6,24864,0.03425,0.1358,0.029044,2,2,293,2,6,10,Beam_2_2_10,2210
3883,Beam_2_2_6,24862,0.039,0.1358,0.029044,2,2,293,2,6,10,Beam_2_2_10,2210
3884,Beam_2_2_7,22097,0.022373,0.13693,0.028762,2,2,347,2,7,9,Beam_2_2_9,2209
3885,Beam_2_2_7,22109,0.022373,0.13693,0.02978,2,2,347,2,7,9,Beam_2_2_9,2209
3886,Beam_2_2_7,22111,0.036627,0.13693,0.02978,2,2,347,2,7,9,Beam_2_2_9,2209
3887,Beam_2_2_7,22091,0.036627,0.13693,0.028762,2,2,347,2,7,9,Beam_2_2_9,2209
3888,Beam_2_2_7,22108,0.024749,0.13756,0.029895,2,2,347,2,7,9,Beam_2_2_9,2209
3889,Beam_2_2_7,22096,0.024749,0.13756,0.028879,2,2,347,2,7,9,Beam_2_2_9,2209
3890,Beam_2_2_7,22092,0.034251,0.13756,0.028879,2,2,347,2,7,9,Beam_2_2_9,2209
3891,Beam_2_2_7,22112,0.034251,0.13756,0.029895,2,2,347,2,7,9,Beam_2_2_9,2209
3892,Beam_2_2_7,22123,0.021897,0.13781,0.02994,2,2,347,2,7,9,Beam_2_2_9,2209
3893,Beam_2_2_7,22079,0.021897,0.13781,0.028924,2,2,347,2,7,9,Beam_2_2_9,2209
3894,Beam_2_2_7,22114,0.037107,0.13782,0.029942,2,2,347,2,7,9,Beam_2_2_9,2209
3895,Beam_2_2_7,22087,0.037107,0.13782,0.028927,2,2,347,2,7,9,Beam_2_2_9,2209
3896,Beam_2_2_7,22107,0.027123,0.13818,0.030005,2,2,347,2,7,9,Beam_2_2_9,2209
3897,Beam_2_2_7,22095,0.027123,0.13818,0.02899,2,2,347,2,7,9,Beam_2_2_9,2209
3898,Beam_2_2_7,22093,0.031877,0.13818,0.02899,2,2,347,2,7,9,Beam_2_2_9,2209
3899,Beam_2_2_7,22113,0.031877,0.13818,0.030005,2,2,347,2,7,9,Beam_2_2_9,2209
3900,Beam_2_2_7,22122,0.023797,0.13831,0.030027,2,2,347,2,7,9,Beam_2_2_9,2209
3901,Beam_2_2_7,22078,0.023797,0.13831,0.029012,2,2,347,2,7,9,Beam_2_2_9,2209
3902,Beam_2_2_7,22115,0.035211,0.13832,0.030028,2,2,347,2,7,9,Beam_2_2_9,2209
3903,Beam_2_2_7,22088,0.035211,0.13832,0.029014,2,2,347,2,7,9,Beam_2_2_9,2209
3904,Beam_2_2_7,22077,0.025695,0.1388,0.029096,2,2,347,2,7,9,Beam_2_2_9,2209
3905,Beam_2_2_7,22121,0.025695,0.1388,0.030109,2,2,347,2,7,9,Beam_2_2_9,2209
3906,Beam_2_2_7,22094,0.0295,0.1388,0.029096,2,2,347,2,7,9,Beam_2_2_9,2209
3907,Beam_2_2_7,22110,0.0295,0.1388,0.030109,2,2,347,2,7,9,Beam_2_2_9,2209
3908,Beam_2_2_7,22089,0.033318,0.13881,0.029097,2,2,347,2,7,9,Beam_2_2_9,2209
3909,Beam_2_2_7,22116,0.033318,0.13881,0.03011,2,2,347,2,7,9,Beam_2_2_9,2209
3910,Beam_2_2_7,22124,0.027595,0.1393,0.030188,2,2,347,2,7,9,Beam_2_2_9,2209
3911,Beam_2_2_7,22076,0.027595,0.1393,0.029176,2,2,347,2,7,9,Beam_2_2_9,2209
3912,Beam_2_2_7,22081,0.031422,0.13931,0.029177,2,2,347,2,7,9,Beam_2_2_9,2209
3913,Beam_2_2_7,22117,0.031422,0.13931,0.030189,2,2,347,2,7,9,Beam_2_2_9,2209
3914,Beam_2_2_7,22075,0.025697,0.1398,0.029252,2,2,347,2,7,9,Beam_2_2_9,2209
3915,Beam_2_2_7,22127,0.025697,0.1398,0.030263,2,2,347,2,7,9,Beam_2_2_9,2209
3916,Beam_2_2_7,22118,0.033315,0.1398,0.030264,2,2,347,2,7,9,Beam_2_2_9,2209
3917,Beam_2_2_7,22082,0.033315,0.1398,0.029253,2,2,347,2,7,9,Beam_2_2_9,2209
3918,Beam_2_2_7,22067,0.029514,0.13981,0.029253,2,2,347,2,7,9,Beam_2_2_9,2209
3919,Beam_2_2_7,22131,0.029514,0.13981,0.030264,2,2,347,2,7,9,Beam_2_2_9,2209
3920,Beam_2_2_7,22126,0.023798,0.1403,0.030335,2,2,347,2,7,9,Beam_2_2_9,2209
3921,Beam_2_2_7,22074,0.023798,0.1403,0.029325,2,2,347,2,7,9,Beam_2_2_9,2209
3922,Beam_2_2_7,22119,0.035211,0.1403,0.030335,2,2,347,2,7,9,Beam_2_2_9,2209
3923,Beam_2_2_7,22083,0.035211,0.1403,0.029325,2,2,347,2,7,9,Beam_2_2_9,2209
3924,Beam_2_2_7,22068,0.027137,0.14043,0.029343,2,2,347,2,7,9,Beam_2_2_9,2209
3925,Beam_2_2_7,22128,0.027137,0.14043,0.030353,2,2,347,2,7,9,Beam_2_2_9,2209
3926,Beam_2_2_7,22134,0.031884,0.14043,0.030353,2,2,347,2,7,9,Beam_2_2_9,2209
3927,Beam_2_2_7,22066,0.031884,0.14043,0.029343,2,2,347,2,7,9,Beam_2_2_9,2209
3928,Beam_2_2_7,22125,0.0219,0.1408,0.030403,2,2,347,2,7,9,Beam_2_2_9,2209
3929,Beam_2_2_7,22073,0.0219,0.1408,0.029394,2,2,347,2,7,9,Beam_2_2_9,2209
3930,Beam_2_2_7,22120,0.037104,0.1408,0.030403,2,2,347,2,7,9,Beam_2_2_9,2209
3931,Beam_2_2_7,22084,0.037104,0.1408,0.029394,2,2,347,2,7,9,Beam_2_2_9,2209
3932,Beam_2_2_7,22069,0.024757,0.14105,0.029427,2,2,347,2,7,9,Beam_2_2_9,2209
3933,Beam_2_2_7,22129,0.024757,0.14105,0.030436,2,2,347,2,7,9,Beam_2_2_9,2209
3934,Beam_2_2_7,22133,0.034257,0.14105,0.030436,2,2,347,2,7,9,Beam_2_2_9,2209
3935,Beam_2_2_7,22065,0.034257,0.14105,0.029427,2,2,347,2,7,9,Beam_2_2_9,2209
3936,Beam_2_2_7,22130,0.02238,0.14167,0.030513,2,2,347,2,7,9,Beam_2_2_9,2209
3937,Beam_2_2_7,22070,0.02238,0.14167,0.029506,2,2,347,2,7,9,Beam_2_2_9,2209
3938,Beam_2_2_7,22132,0.036627,0.14167,0.030513,2,2,347,2,7,9,Beam_2_2_9,2209
3939,Beam_2_2_7,22064,0.036627,0.14167,0.029506,2,2,347,2,7,9,Beam_2_2_9,2209
3940,Beam_2_2_7,24854,0.02,0.1428,0.030136,2,2,347,2,7,9,Beam_2_2_9,2209
3941,Beam_2_2_7,24857,0.02475,0.1428,0.030136,2,2,347,2,7,9,Beam_2_2_9,2209
3942,Beam_2_2_7,24856,0.0295,0.1428,0.030136,2,2,347,2,7,9,Beam_2_2_9,2209
3943,Beam_2_2_7,24855,0.03425,0.1428,0.030136,2,2,347,2,7,9,Beam_2_2_9,2209
3944,Beam_2_2_7,24853,0.039,0.1428,0.030136,2,2,347,2,7,9,Beam_2_2_9,2209
3945,Beam_2_2_8,23393,0.022374,0.14393,0.029743,2,2,401,2,8,8,Beam_2_2_8,2208
3946,Beam_2_2_8,23405,0.022374,0.14393,0.030747,2,2,401,2,8,8,Beam_2_2_8,2208
3947,Beam_2_2_8,23407,0.036626,0.14393,0.030747,2,2,401,2,8,8,Beam_2_2_8,2208
3948,Beam_2_2_8,23387,0.036626,0.14393,0.029743,2,2,401,2,8,8,Beam_2_2_8,2208
3949,Beam_2_2_8,23404,0.02475,0.14456,0.030798,2,2,401,2,8,8,Beam_2_2_8,2208
3950,Beam_2_2_8,23392,0.02475,0.14456,0.029795,2,2,401,2,8,8,Beam_2_2_8,2208
3951,Beam_2_2_8,23388,0.03425,0.14456,0.029795,2,2,401,2,8,8,Beam_2_2_8,2208
3952,Beam_2_2_8,23408,0.03425,0.14456,0.030798,2,2,401,2,8,8,Beam_2_2_8,2208
3953,Beam_2_2_8,23419,0.021898,0.14481,0.030817,2,2,401,2,8,8,Beam_2_2_8,2208
3954,Beam_2_2_8,23375,0.021898,0.14481,0.029815,2,2,401,2,8,8,Beam_2_2_8,2208
3955,Beam_2_2_8,23383,0.037106,0.14482,0.029816,2,2,401,2,8,8,Beam_2_2_8,2208
3956,Beam_2_2_8,23410,0.037106,0.14482,0.030818,2,2,401,2,8,8,Beam_2_2_8,2208
3957,Beam_2_2_8,23391,0.027124,0.14518,0.029842,2,2,401,2,8,8,Beam_2_2_8,2208
3958,Beam_2_2_8,23403,0.027124,0.14518,0.030844,2,2,401,2,8,8,Beam_2_2_8,2208
3959,Beam_2_2_8,23389,0.031876,0.14518,0.029842,2,2,401,2,8,8,Beam_2_2_8,2208
3960,Beam_2_2_8,23409,0.031876,0.14518,0.030844,2,2,401,2,8,8,Beam_2_2_8,2208
3961,Beam_2_2_8,23374,0.023797,0.14531,0.02985,2,2,401,2,8,8,Beam_2_2_8,2208
3962,Beam_2_2_8,23418,0.023797,0.14531,0.030853,2,2,401,2,8,8,Beam_2_2_8,2208
3963,Beam_2_2_8,23411,0.035211,0.14532,0.030853,2,2,401,2,8,8,Beam_2_2_8,2208
3964,Beam_2_2_8,23384,0.035211,0.14532,0.029851,2,2,401,2,8,8,Beam_2_2_8,2208
3965,Beam_2_2_8,23417,0.025696,0.1458,0.030884,2,2,401,2,8,8,Beam_2_2_8,2208
3966,Beam_2_2_8,23373,0.025696,0.1458,0.029883,2,2,401,2,8,8,Beam_2_2_8,2208
3967,Beam_2_2_8,23406,0.0295,0.1458,0.030884,2,2,401,2,8,8,Beam_2_2_8,2208
3968,Beam_2_2_8,23390,0.0295,0.1458,0.029882,2,2,401,2,8,8,Beam_2_2_8,2208
3969,Beam_2_2_8,23412,0.033317,0.14581,0.030885,2,2,401,2,8,8,Beam_2_2_8,2208
3970,Beam_2_2_8,23385,0.033317,0.14581,0.029883,2,2,401,2,8,8,Beam_2_2_8,2208
3971,Beam_2_2_8,23420,0.027595,0.1463,0.030913,2,2,401,2,8,8,Beam_2_2_8,2208
3972,Beam_2_2_8,23372,0.027595,0.1463,0.029911,2,2,401,2,8,8,Beam_2_2_8,2208
3973,Beam_2_2_8,23413,0.031422,0.14631,0.030913,2,2,401,2,8,8,Beam_2_2_8,2208
3974,Beam_2_2_8,23377,0.031422,0.14631,0.029911,2,2,401,2,8,8,Beam_2_2_8,2208
3975,Beam_2_2_8,23371,0.025697,0.1468,0.029936,2,2,401,2,8,8,Beam_2_2_8,2208
3976,Beam_2_2_8,23423,0.025697,0.1468,0.030937,2,2,401,2,8,8,Beam_2_2_8,2208
3977,Beam_2_2_8,23378,0.033316,0.1468,0.029936,2,2,401,2,8,8,Beam_2_2_8,2208
3978,Beam_2_2_8,23414,0.033316,0.1468,0.030937,2,2,401,2,8,8,Beam_2_2_8,2208
3979,Beam_2_2_8,23427,0.029514,0.14681,0.030937,2,2,401,2,8,8,Beam_2_2_8,2208
3980,Beam_2_2_8,23363,0.029514,0.14681,0.029936,2,2,401,2,8,8,Beam_2_2_8,2208
3981,Beam_2_2_8,23422,0.023798,0.1473,0.030958,2,2,401,2,8,8,Beam_2_2_8,2208
3982,Beam_2_2_8,23370,0.023798,0.1473,0.029957,2,2,401,2,8,8,Beam_2_2_8,2208
3983,Beam_2_2_8,23415,0.035211,0.1473,0.030958,2,2,401,2,8,8,Beam_2_2_8,2208
3984,Beam_2_2_8,23379,0.035211,0.1473,0.029957,2,2,401,2,8,8,Beam_2_2_8,2208
3985,Beam_2_2_8,23424,0.027136,0.14743,0.030963,2,2,401,2,8,8,Beam_2_2_8,2208
3986,Beam_2_2_8,23364,0.027136,0.14743,0.029962,2,2,401,2,8,8,Beam_2_2_8,2208
3987,Beam_2_2_8,23430,0.031885,0.14743,0.030963,2,2,401,2,8,8,Beam_2_2_8,2208
3988,Beam_2_2_8,23362,0.031885,0.14743,0.029962,2,2,401,2,8,8,Beam_2_2_8,2208
3989,Beam_2_2_8,23369,0.021899,0.1478,0.029975,2,2,401,2,8,8,Beam_2_2_8,2208
3990,Beam_2_2_8,23421,0.021899,0.1478,0.030976,2,2,401,2,8,8,Beam_2_2_8,2208
3991,Beam_2_2_8,23416,0.037105,0.1478,0.030976,2,2,401,2,8,8,Beam_2_2_8,2208
3992,Beam_2_2_8,23380,0.037105,0.1478,0.029975,2,2,401,2,8,8,Beam_2_2_8,2208
3993,Beam_2_2_8,23365,0.024757,0.14805,0.029983,2,2,401,2,8,8,Beam_2_2_8,2208
3994,Beam_2_2_8,23425,0.024757,0.14805,0.030983,2,2,401,2,8,8,Beam_2_2_8,2208
3995,Beam_2_2_8,23361,0.034257,0.14805,0.029983,2,2,401,2,8,8,Beam_2_2_8,2208
3996,Beam_2_2_8,23429,0.034257,0.14805,0.030983,2,2,401,2,8,8,Beam_2_2_8,2208
3997,Beam_2_2_8,23366,0.022379,0.14867,0.029997,2,2,401,2,8,8,Beam_2_2_8,2208
3998,Beam_2_2_8,23426,0.022379,0.14867,0.030998,2,2,401,2,8,8,Beam_2_2_8,2208
3999,Beam_2_2_8,23360,0.036628,0.14867,0.029997,2,2,401,2,8,8,Beam_2_2_8,2208
4000,Beam_2_2_8,23428,0.036628,0.14867,0.030998,2,2,401,2,8,8,Beam_2_2_8,2208
4001,Beam_2_2_8,24971,0.02,0.1498,0.030509,2,2,401,2,8,8,Beam_2_2_8,2208
4002,Beam_2_2_8,24974,0.02475,0.1498,0.030509,2,2,401,2,8,8,Beam_2_2_8,2208
4003,Beam_2_2_8,24973,0.0295,0.1498,0.030509,2,2,401,2,8,8,Beam_2_2_8,2208
4004,Beam_2_2_8,24972,0.03425,0.1498,0.030509,2,2,401,2,8,8,Beam_2_2_8,2208
4005,Beam_2_2_8,24970,0.039,0.1498,0.030509,2,2,401,2,8,8,Beam_2_2_8,2208
4006,Beam_2_2_9,24074,0.022375,0.15093,0.031004,2,2,428,2,9,7,Beam_2_2_7,2207
4007,Beam_2_2_9,24014,0.022375,0.15093,0.030004,2,2,428,2,9,7,Beam_2_2_7,2207
4008,Beam_2_2_9,24076,0.036625,0.15093,0.031004,2,2,428,2,9,7,Beam_2_2_7,2207
4009,Beam_2_2_9,24008,0.036625,0.15093,0.030004,2,2,428,2,9,7,Beam_2_2_7,2207
4010,Beam_2_2_9,24073,0.02475,0.15156,0.030993,2,2,428,2,9,7,Beam_2_2_7,2207
4011,Beam_2_2_9,24013,0.02475,0.15156,0.029993,2,2,428,2,9,7,Beam_2_2_7,2207
4012,Beam_2_2_9,24009,0.03425,0.15156,0.029993,2,2,428,2,9,7,Beam_2_2_7,2207
4013,Beam_2_2_9,24077,0.03425,0.15156,0.030993,2,2,428,2,9,7,Beam_2_2_7,2207
4014,Beam_2_2_9,24032,0.021899,0.15181,0.029987,2,2,428,2,9,7,Beam_2_2_7,2207
4015,Beam_2_2_9,24060,0.021899,0.15181,0.030987,2,2,428,2,9,7,Beam_2_2_7,2207
4016,Beam_2_2_9,24065,0.037105,0.15182,0.030987,2,2,428,2,9,7,Beam_2_2_7,2207
4017,Beam_2_2_9,24022,0.037105,0.15182,0.029986,2,2,428,2,9,7,Beam_2_2_7,2207
4018,Beam_2_2_9,24072,0.027125,0.15218,0.030976,2,2,428,2,9,7,Beam_2_2_7,2207
4019,Beam_2_2_9,24012,0.027125,0.15218,0.029976,2,2,428,2,9,7,Beam_2_2_7,2207
4020,Beam_2_2_9,24010,0.031875,0.15218,0.029976,2,2,428,2,9,7,Beam_2_2_7,2207
4021,Beam_2_2_9,24078,0.031875,0.15218,0.030976,2,2,428,2,9,7,Beam_2_2_7,2207
4022,Beam_2_2_9,24031,0.023798,0.15231,0.029972,2,2,428,2,9,7,Beam_2_2_7,2207
4023,Beam_2_2_9,24059,0.023798,0.15231,0.030972,2,2,428,2,9,7,Beam_2_2_7,2207
4024,Beam_2_2_9,24023,0.035211,0.15232,0.029971,2,2,428,2,9,7,Beam_2_2_7,2207
4025,Beam_2_2_9,24066,0.035211,0.15232,0.030972,2,2,428,2,9,7,Beam_2_2_7,2207
4026,Beam_2_2_9,24030,0.025696,0.1528,0.029953,2,2,428,2,9,7,Beam_2_2_7,2207
4027,Beam_2_2_9,24058,0.025696,0.1528,0.030954,2,2,428,2,9,7,Beam_2_2_7,2207
4028,Beam_2_2_9,24075,0.0295,0.1528,0.030954,2,2,428,2,9,7,Beam_2_2_7,2207
4029,Beam_2_2_9,24011,0.0295,0.1528,0.029953,2,2,428,2,9,7,Beam_2_2_7,2207
4030,Beam_2_2_9,24067,0.033316,0.15281,0.030954,2,2,428,2,9,7,Beam_2_2_7,2207
4031,Beam_2_2_9,24024,0.033316,0.15281,0.029953,2,2,428,2,9,7,Beam_2_2_7,2207
4032,Beam_2_2_9,24029,0.027595,0.1533,0.029931,2,2,428,2,9,7,Beam_2_2_7,2207
4033,Beam_2_2_9,24061,0.027595,0.1533,0.030932,2,2,428,2,9,7,Beam_2_2_7,2207
4034,Beam_2_2_9,24068,0.031422,0.15331,0.030932,2,2,428,2,9,7,Beam_2_2_7,2207
4035,Beam_2_2_9,24016,0.031422,0.15331,0.029931,2,2,428,2,9,7,Beam_2_2_7,2207
4036,Beam_2_2_9,24028,0.025696,0.1538,0.029905,2,2,428,2,9,7,Beam_2_2_7,2207
4037,Beam_2_2_9,24064,0.025696,0.1538,0.030907,2,2,428,2,9,7,Beam_2_2_7,2207
4038,Beam_2_2_9,24069,0.033317,0.1538,0.030907,2,2,428,2,9,7,Beam_2_2_7,2207
4039,Beam_2_2_9,24017,0.033317,0.1538,0.029905,2,2,428,2,9,7,Beam_2_2_7,2207
4040,Beam_2_2_9,24038,0.029514,0.15381,0.029905,2,2,428,2,9,7,Beam_2_2_7,2207
4041,Beam_2_2_9,24054,0.029514,0.15381,0.030907,2,2,428,2,9,7,Beam_2_2_7,2207
4042,Beam_2_2_9,24027,0.023797,0.1543,0.029876,2,2,428,2,9,7,Beam_2_2_7,2207
4043,Beam_2_2_9,24063,0.023797,0.1543,0.030878,2,2,428,2,9,7,Beam_2_2_7,2207
4044,Beam_2_2_9,24018,0.035211,0.1543,0.029876,2,2,428,2,9,7,Beam_2_2_7,2207
4045,Beam_2_2_9,24070,0.035211,0.1543,0.030878,2,2,428,2,9,7,Beam_2_2_7,2207
4046,Beam_2_2_9,24051,0.027135,0.15443,0.03087,2,2,428,2,9,7,Beam_2_2_7,2207
4047,Beam_2_2_9,24039,0.027135,0.15443,0.029868,2,2,428,2,9,7,Beam_2_2_7,2207
4048,Beam_2_2_9,24037,0.031886,0.15443,0.029868,2,2,428,2,9,7,Beam_2_2_7,2207
4049,Beam_2_2_9,24057,0.031886,0.15443,0.03087,2,2,428,2,9,7,Beam_2_2_7,2207
4050,Beam_2_2_9,24026,0.021898,0.1548,0.029843,2,2,428,2,9,7,Beam_2_2_7,2207
4051,Beam_2_2_9,24062,0.021898,0.1548,0.030846,2,2,428,2,9,7,Beam_2_2_7,2207
4052,Beam_2_2_9,24071,0.037106,0.1548,0.030845,2,2,428,2,9,7,Beam_2_2_7,2207
4053,Beam_2_2_9,24019,0.037106,0.1548,0.029843,2,2,428,2,9,7,Beam_2_2_7,2207
4054,Beam_2_2_9,24052,0.024757,0.15505,0.030828,2,2,428,2,9,7,Beam_2_2_7,2207
4055,Beam_2_2_9,24040,0.024757,0.15505,0.029825,2,2,428,2,9,7,Beam_2_2_7,2207
4056,Beam_2_2_9,24036,0.034257,0.15505,0.029825,2,2,428,2,9,7,Beam_2_2_7,2207
4057,Beam_2_2_9,24056,0.034257,0.15505,0.030828,2,2,428,2,9,7,Beam_2_2_7,2207
4058,Beam_2_2_9,24041,0.022378,0.15567,0.029776,2,2,428,2,9,7,Beam_2_2_7,2207
4059,Beam_2_2_9,24053,0.022378,0.15567,0.03078,2,2,428,2,9,7,Beam_2_2_7,2207
4060,Beam_2_2_9,24055,0.03663,0.15567,0.03078,2,2,428,2,9,7,Beam_2_2_7,2207
4061,Beam_2_2_9,24035,0.03663,0.15567,0.029776,2,2,428,2,9,7,Beam_2_2_7,2207
4062,Beam_2_2_9,24998,0.02,0.1568,0.030176,2,2,428,2,9,7,Beam_2_2_7,2207
4063,Beam_2_2_9,25001,0.02475,0.1568,0.030176,2,2,428,2,9,7,Beam_2_2_7,2207
4064,Beam_2_2_9,25000,0.0295,0.1568,0.030176,2,2,428,2,9,7,Beam_2_2_7,2207
4065,Beam_2_2_9,24999,0.03425,0.1568,0.030176,2,2,428,2,9,7,Beam_2_2_7,2207
4066,Beam_2_2_9,24997,0.039,0.1568,0.030176,2,2,428,2,9,7,Beam_2_2_7,2207
4067,Beam_2_2_10,22745,0.022376,0.15793,0.029553,2,2,374,2,10,6,Beam_2_2_6,2206
4068,Beam_2_2_10,22757,0.022376,0.15793,0.030559,2,2,374,2,10,6,Beam_2_2_6,2206
4069,Beam_2_2_10,22759,0.036624,0.15793,0.030559,2,2,374,2,10,6,Beam_2_2_6,2206
4070,Beam_2_2_10,22739,0.036624,0.15793,0.029553,2,2,374,2,10,6,Beam_2_2_6,2206
4071,Beam_2_2_10,22744,0.02475,0.15856,0.029478,2,2,374,2,10,6,Beam_2_2_6,2206
4072,Beam_2_2_10,22756,0.02475,0.15856,0.030485,2,2,374,2,10,6,Beam_2_2_6,2206
4073,Beam_2_2_10,22760,0.03425,0.15856,0.030485,2,2,374,2,10,6,Beam_2_2_6,2206
4074,Beam_2_2_10,22740,0.03425,0.15856,0.029478,2,2,374,2,10,6,Beam_2_2_6,2206
4075,Beam_2_2_10,22727,0.0219,0.15881,0.029446,2,2,374,2,10,6,Beam_2_2_6,2206
4076,Beam_2_2_10,22771,0.0219,0.15881,0.030454,2,2,374,2,10,6,Beam_2_2_6,2206
4077,Beam_2_2_10,22735,0.037104,0.15882,0.029444,2,2,374,2,10,6,Beam_2_2_6,2206
4078,Beam_2_2_10,22762,0.037105,0.15882,0.030452,2,2,374,2,10,6,Beam_2_2_6,2206
4079,Beam_2_2_10,22743,0.027127,0.15918,0.029397,2,2,374,2,10,6,Beam_2_2_6,2206
4080,Beam_2_2_10,22755,0.027127,0.15918,0.030406,2,2,374,2,10,6,Beam_2_2_6,2206
4081,Beam_2_2_10,22761,0.031873,0.15918,0.030406,2,2,374,2,10,6,Beam_2_2_6,2206
4082,Beam_2_2_10,22741,0.031873,0.15918,0.029397,2,2,374,2,10,6,Beam_2_2_6,2206
4083,Beam_2_2_10,22770,0.023798,0.15931,0.030389,2,2,374,2,10,6,Beam_2_2_6,2206
4084,Beam_2_2_10,22726,0.023798,0.15931,0.02938,2,2,374,2,10,6,Beam_2_2_6,2206
4085,Beam_2_2_10,22736,0.035211,0.15932,0.029378,2,2,374,2,10,6,Beam_2_2_6,2206
4086,Beam_2_2_10,22763,0.035211,0.15932,0.030388,2,2,374,2,10,6,Beam_2_2_6,2206
4087,Beam_2_2_10,22758,0.0295,0.1598,0.03032,2,2,374,2,10,6,Beam_2_2_6,2206
4088,Beam_2_2_10,22742,0.0295,0.1598,0.02931,2,2,374,2,10,6,Beam_2_2_6,2206
4089,Beam_2_2_10,22769,0.025697,0.15981,0.03032,2,2,374,2,10,6,Beam_2_2_6,2206
4090,Beam_2_2_10,22725,0.025697,0.15981,0.02931,2,2,374,2,10,6,Beam_2_2_6,2206
4091,Beam_2_2_10,22737,0.033315,0.15981,0.029309,2,2,374,2,10,6,Beam_2_2_6,2206
4092,Beam_2_2_10,22764,0.033315,0.15981,0.030319,2,2,374,2,10,6,Beam_2_2_6,2206
4093,Beam_2_2_10,22772,0.027595,0.1603,0.030248,2,2,374,2,10,6,Beam_2_2_6,2206
4094,Beam_2_2_10,22724,0.027595,0.1603,0.029237,2,2,374,2,10,6,Beam_2_2_6,2206
4095,Beam_2_2_10,22765,0.031422,0.16031,0.030247,2,2,374,2,10,6,Beam_2_2_6,2206
4096,Beam_2_2_10,22729,0.031422,0.16031,0.029236,2,2,374,2,10,6,Beam_2_2_6,2206
4097,Beam_2_2_10,22775,0.025695,0.1608,0.030172,2,2,374,2,10,6,Beam_2_2_6,2206
4098,Beam_2_2_10,22723,0.025695,0.1608,0.029159,2,2,374,2,10,6,Beam_2_2_6,2206
4099,Beam_2_2_10,22779,0.029514,0.16081,0.030171,2,2,374,2,10,6,Beam_2_2_6,2206
4100,Beam_2_2_10,22715,0.029514,0.16081,0.029159,2,2,374,2,10,6,Beam_2_2_6,2206
4101,Beam_2_2_10,22730,0.033318,0.16081,0.029159,2,2,374,2,10,6,Beam_2_2_6,2206
4102,Beam_2_2_10,22766,0.033318,0.16081,0.030171,2,2,374,2,10,6,Beam_2_2_6,2206
4103,Beam_2_2_10,22774,0.023797,0.1613,0.030092,2,2,374,2,10,6,Beam_2_2_6,2206
4104,Beam_2_2_10,22722,0.023797,0.1613,0.029079,2,2,374,2,10,6,Beam_2_2_6,2206
4105,Beam_2_2_10,22767,0.035211,0.1613,0.030092,2,2,374,2,10,6,Beam_2_2_6,2206
4106,Beam_2_2_10,22731,0.035211,0.1613,0.029078,2,2,374,2,10,6,Beam_2_2_6,2206
4107,Beam_2_2_10,22776,0.027133,0.16143,0.030071,2,2,374,2,10,6,Beam_2_2_6,2206
4108,Beam_2_2_10,22716,0.027133,0.16143,0.029057,2,2,374,2,10,6,Beam_2_2_6,2206
4109,Beam_2_2_10,22714,0.031888,0.16143,0.029057,2,2,374,2,10,6,Beam_2_2_6,2206
4110,Beam_2_2_10,22782,0.031888,0.16143,0.030071,2,2,374,2,10,6,Beam_2_2_6,2206
4111,Beam_2_2_10,22721,0.021897,0.1618,0.028994,2,2,374,2,10,6,Beam_2_2_6,2206
4112,Beam_2_2_10,22773,0.021897,0.1618,0.030009,2,2,374,2,10,6,Beam_2_2_6,2206
4113,Beam_2_2_10,22732,0.037107,0.1618,0.028994,2,2,374,2,10,6,Beam_2_2_6,2206
4114,Beam_2_2_10,22768,0.037107,0.1618,0.030009,2,2,374,2,10,6,Beam_2_2_6,2206
4115,Beam_2_2_10,22777,0.024757,0.16205,0.029965,2,2,374,2,10,6,Beam_2_2_6,2206
4116,Beam_2_2_10,22717,0.024757,0.16205,0.02895,2,2,374,2,10,6,Beam_2_2_6,2206
4117,Beam_2_2_10,22713,0.034258,0.16205,0.02895,2,2,374,2,10,6,Beam_2_2_6,2206
4118,Beam_2_2_10,22781,0.034258,0.16205,0.029965,2,2,374,2,10,6,Beam_2_2_6,2206
4119,Beam_2_2_10,22718,0.022376,0.16267,0.028836,2,2,374,2,10,6,Beam_2_2_6,2206
4120,Beam_2_2_10,22778,0.022376,0.16267,0.029853,2,2,374,2,10,6,Beam_2_2_6,2206
4121,Beam_2_2_10,22780,0.036631,0.16267,0.029853,2,2,374,2,10,6,Beam_2_2_6,2206
4122,Beam_2_2_10,22712,0.036631,0.16267,0.028836,2,2,374,2,10,6,Beam_2_2_6,2206
4123,Beam_2_2_10,25025,0.02,0.1638,0.029125,2,2,374,2,10,6,Beam_2_2_6,2206
4124,Beam_2_2_10,25028,0.02475,0.1638,0.029125,2,2,374,2,10,6,Beam_2_2_6,2206
4125,Beam_2_2_10,25027,0.0295,0.1638,0.029125,2,2,374,2,10,6,Beam_2_2_6,2206
4126,Beam_2_2_10,25026,0.03425,0.1638,0.029125,2,2,374,2,10,6,Beam_2_2_6,2206
4127,Beam_2_2_10,25024,0.039,0.1638,0.029125,2,2,374,2,10,6,Beam_2_2_6,2206
4128,Beam_2_2_11,21449,0.022378,0.16493,0.028375,2,2,320,2,11,5,Beam_2_2_5,2205
4129,Beam_2_2_11,21461,0.022378,0.16493,0.029399,2,2,320,2,11,5,Beam_2_2_5,2205
4130,Beam_2_2_11,21443,0.036622,0.16493,0.028375,2,2,320,2,11,5,Beam_2_2_5,2205
4131,Beam_2_2_11,21463,0.036622,0.16493,0.029399,2,2,320,2,11,5,Beam_2_2_5,2205
4132,Beam_2_2_11,21460,0.024751,0.16556,0.02926,2,2,320,2,11,5,Beam_2_2_5,2205
4133,Beam_2_2_11,21448,0.024751,0.16556,0.028234,2,2,320,2,11,5,Beam_2_2_5,2205
4134,Beam_2_2_11,21464,0.034249,0.16556,0.02926,2,2,320,2,11,5,Beam_2_2_5,2205
4135,Beam_2_2_11,21444,0.034249,0.16556,0.028234,2,2,320,2,11,5,Beam_2_2_5,2205
4136,Beam_2_2_11,21475,0.021901,0.16581,0.029202,2,2,320,2,11,5,Beam_2_2_5,2205
4137,Beam_2_2_11,21431,0.021901,0.16581,0.028175,2,2,320,2,11,5,Beam_2_2_5,2205
4138,Beam_2_2_11,21439,0.037104,0.16582,0.028172,2,2,320,2,11,5,Beam_2_2_5,2205
4139,Beam_2_2_11,21466,0.037104,0.16582,0.029199,2,2,320,2,11,5,Beam_2_2_5,2205
4140,Beam_2_2_11,21459,0.027128,0.16618,0.029114,2,2,320,2,11,5,Beam_2_2_5,2205
4141,Beam_2_2_11,21447,0.027128,0.16618,0.028086,2,2,320,2,11,5,Beam_2_2_5,2205
4142,Beam_2_2_11,21465,0.031872,0.16618,0.029114,2,2,320,2,11,5,Beam_2_2_5,2205
4143,Beam_2_2_11,21445,0.031872,0.16618,0.028086,2,2,320,2,11,5,Beam_2_2_5,2205
4144,Beam_2_2_11,21474,0.023798,0.16631,0.029084,2,2,320,2,11,5,Beam_2_2_5,2205
4145,Beam_2_2_11,21430,0.023798,0.16631,0.028056,2,2,320,2,11,5,Beam_2_2_5,2205
4146,Beam_2_2_11,21440,0.035211,0.16632,0.028053,2,2,320,2,11,5,Beam_2_2_5,2205
4147,Beam_2_2_11,21467,0.035211,0.16632,0.029082,2,2,320,2,11,5,Beam_2_2_5,2205
4148,Beam_2_2_11,21462,0.0295,0.1668,0.028964,2,2,320,2,11,5,Beam_2_2_5,2205
4149,Beam_2_2_11,21446,0.0295,0.1668,0.027933,2,2,320,2,11,5,Beam_2_2_5,2205
4150,Beam_2_2_11,21473,0.025698,0.16681,0.028963,2,2,320,2,11,5,Beam_2_2_5,2205
4151,Beam_2_2_11,21429,0.025698,0.16681,0.027932,2,2,320,2,11,5,Beam_2_2_5,2205
4152,Beam_2_2_11,21441,0.033315,0.16681,0.027931,2,2,320,2,11,5,Beam_2_2_5,2205
4153,Beam_2_2_11,21468,0.033315,0.16681,0.028961,2,2,320,2,11,5,Beam_2_2_5,2205
4154,Beam_2_2_11,21476,0.027595,0.1673,0.028838,2,2,320,2,11,5,Beam_2_2_5,2205
4155,Beam_2_2_11,21428,0.027595,0.1673,0.027805,2,2,320,2,11,5,Beam_2_2_5,2205
4156,Beam_2_2_11,21469,0.031422,0.16731,0.028837,2,2,320,2,11,5,Beam_2_2_5,2205
4157,Beam_2_2_11,21433,0.031422,0.16731,0.027804,2,2,320,2,11,5,Beam_2_2_5,2205
4158,Beam_2_2_11,21427,0.025694,0.1678,0.027674,2,2,320,2,11,5,Beam_2_2_5,2205
4159,Beam_2_2_11,21479,0.025694,0.1678,0.028709,2,2,320,2,11,5,Beam_2_2_5,2205
4160,Beam_2_2_11,21483,0.029514,0.16781,0.028707,2,2,320,2,11,5,Beam_2_2_5,2205
4161,Beam_2_2_11,21419,0.029514,0.16781,0.027673,2,2,320,2,11,5,Beam_2_2_5,2205
4162,Beam_2_2_11,21434,0.033319,0.16781,0.027673,2,2,320,2,11,5,Beam_2_2_5,2205
4163,Beam_2_2_11,21470,0.033319,0.16781,0.028708,2,2,320,2,11,5,Beam_2_2_5,2205
4164,Beam_2_2_11,21426,0.023797,0.1683,0.027539,2,2,320,2,11,5,Beam_2_2_5,2205
4165,Beam_2_2_11,21478,0.023797,0.1683,0.028576,2,2,320,2,11,5,Beam_2_2_5,2205
4166,Beam_2_2_11,21435,0.035212,0.1683,0.027539,2,2,320,2,11,5,Beam_2_2_5,2205
4167,Beam_2_2_11,21471,0.035212,0.1683,0.028575,2,2,320,2,11,5,Beam_2_2_5,2205
4168,Beam_2_2_11,21480,0.027132,0.16843,0.02854,2,2,320,2,11,5,Beam_2_2_5,2205
4169,Beam_2_2_11,21420,0.027132,0.16843,0.027503,2,2,320,2,11,5,Beam_2_2_5,2205
4170,Beam_2_2_11,21486,0.031889,0.16843,0.02854,2,2,320,2,11,5,Beam_2_2_5,2205
4171,Beam_2_2_11,21418,0.031889,0.16843,0.027503,2,2,320,2,11,5,Beam_2_2_5,2205
4172,Beam_2_2_11,21425,0.021896,0.1688,0.0274,2,2,320,2,11,5,Beam_2_2_5,2205
4173,Beam_2_2_11,21477,0.021896,0.1688,0.028439,2,2,320,2,11,5,Beam_2_2_5,2205
4174,Beam_2_2_11,21436,0.037108,0.1688,0.0274,2,2,320,2,11,5,Beam_2_2_5,2205
4175,Beam_2_2_11,21472,0.037108,0.1688,0.028438,2,2,320,2,11,5,Beam_2_2_5,2205
4176,Beam_2_2_11,21421,0.024756,0.16905,0.027328,2,2,320,2,11,5,Beam_2_2_5,2205
4177,Beam_2_2_11,21481,0.024756,0.16905,0.028368,2,2,320,2,11,5,Beam_2_2_5,2205
4178,Beam_2_2_11,21485,0.034258,0.16905,0.028368,2,2,320,2,11,5,Beam_2_2_5,2205
4179,Beam_2_2_11,21417,0.034258,0.16905,0.027328,2,2,320,2,11,5,Beam_2_2_5,2205
4180,Beam_2_2_11,21422,0.022375,0.16967,0.027146,2,2,320,2,11,5,Beam_2_2_5,2205
4181,Beam_2_2_11,21482,0.022375,0.16967,0.028188,2,2,320,2,11,5,Beam_2_2_5,2205
4182,Beam_2_2_11,21484,0.036632,0.16967,0.028188,2,2,320,2,11,5,Beam_2_2_5,2205
4183,Beam_2_2_11,21416,0.036632,0.16967,0.027146,2,2,320,2,11,5,Beam_2_2_5,2205
4184,Beam_2_2_11,25052,0.02,0.1708,0.027323,2,2,320,2,11,5,Beam_2_2_5,2205
4185,Beam_2_2_11,25055,0.02475,0.1708,0.027323,2,2,320,2,11,5,Beam_2_2_5,2205
4186,Beam_2_2_11,25054,0.0295,0.1708,0.027323,2,2,320,2,11,5,Beam_2_2_5,2205
4187,Beam_2_2_11,25053,0.03425,0.1708,0.027323,2,2,320,2,11,5,Beam_2_2_5,2205
4188,Beam_2_2_11,25051,0.039,0.1708,0.027323,2,2,320,2,11,5,Beam_2_2_5,2205
4189,Beam_2_2_12,20165,0.022379,0.17193,0.027485,2,2,266,2,12,4,Beam_2_2_4,2204
4190,Beam_2_2_12,20153,0.022379,0.17193,0.026431,2,2,266,2,12,4,Beam_2_2_4,2204
4191,Beam_2_2_12,20147,0.036621,0.17193,0.026431,2,2,266,2,12,4,Beam_2_2_4,2204
4192,Beam_2_2_12,20167,0.036621,0.17193,0.027485,2,2,266,2,12,4,Beam_2_2_4,2204
4193,Beam_2_2_12,20164,0.024751,0.17256,0.027276,2,2,266,2,12,4,Beam_2_2_4,2204
4194,Beam_2_2_12,20152,0.024751,0.17256,0.026219,2,2,266,2,12,4,Beam_2_2_4,2204
4195,Beam_2_2_12,20148,0.034249,0.17256,0.026219,2,2,266,2,12,4,Beam_2_2_4,2204
4196,Beam_2_2_12,20168,0.034249,0.17256,0.027276,2,2,266,2,12,4,Beam_2_2_4,2204
4197,Beam_2_2_12,20179,0.021902,0.17281,0.02719,2,2,266,2,12,4,Beam_2_2_4,2204
4198,Beam_2_2_12,20135,0.021902,0.17281,0.026131,2,2,266,2,12,4,Beam_2_2_4,2204
4199,Beam_2_2_12,20143,0.037103,0.17282,0.026127,2,2,266,2,12,4,Beam_2_2_4,2204
4200,Beam_2_2_12,20170,0.037103,0.17282,0.027186,2,2,266,2,12,4,Beam_2_2_4,2204
4201,Beam_2_2_12,20151,0.02713,0.17318,0.026,2,2,266,2,12,4,Beam_2_2_4,2204
4202,Beam_2_2_12,20163,0.02713,0.17318,0.027061,2,2,266,2,12,4,Beam_2_2_4,2204
4203,Beam_2_2_12,20149,0.03187,0.17318,0.026,2,2,266,2,12,4,Beam_2_2_4,2204
4204,Beam_2_2_12,20169,0.03187,0.17318,0.027061,2,2,266,2,12,4,Beam_2_2_4,2204
4205,Beam_2_2_12,20178,0.023798,0.17331,0.027016,2,2,266,2,12,4,Beam_2_2_4,2204
4206,Beam_2_2_12,20134,0.023798,0.17331,0.025955,2,2,266,2,12,4,Beam_2_2_4,2204
4207,Beam_2_2_12,20171,0.03521,0.17332,0.027013,2,2,266,2,12,4,Beam_2_2_4,2204
4208,Beam_2_2_12,20144,0.03521,0.17332,0.025951,2,2,266,2,12,4,Beam_2_2_4,2204
4209,Beam_2_2_12,20150,0.0295,0.1738,0.025774,2,2,266,2,12,4,Beam_2_2_4,2204
4210,Beam_2_2_12,20166,0.0295,0.1738,0.026839,2,2,266,2,12,4,Beam_2_2_4,2204
4211,Beam_2_2_12,20133,0.025699,0.17381,0.025774,2,2,266,2,12,4,Beam_2_2_4,2204
4212,Beam_2_2_12,20177,0.025699,0.17381,0.026838,2,2,266,2,12,4,Beam_2_2_4,2204
4213,Beam_2_2_12,20172,0.033313,0.17381,0.026835,2,2,266,2,12,4,Beam_2_2_4,2204
4214,Beam_2_2_12,20145,0.033313,0.17381,0.025771,2,2,266,2,12,4,Beam_2_2_4,2204
4215,Beam_2_2_12,20132,0.027595,0.1743,0.025589,2,2,266,2,12,4,Beam_2_2_4,2204
4216,Beam_2_2_12,20180,0.027595,0.1743,0.026656,2,2,266,2,12,4,Beam_2_2_4,2204
4217,Beam_2_2_12,20137,0.031422,0.17431,0.025587,2,2,266,2,12,4,Beam_2_2_4,2204
4218,Beam_2_2_12,20173,0.031422,0.17431,0.026654,2,2,266,2,12,4,Beam_2_2_4,2204
4219,Beam_2_2_12,20183,0.025693,0.1748,0.026469,2,2,266,2,12,4,Beam_2_2_4,2204
4220,Beam_2_2_12,20131,0.025693,0.1748,0.025398,2,2,266,2,12,4,Beam_2_2_4,2204
4221,Beam_2_2_12,20187,0.029514,0.17481,0.026467,2,2,266,2,12,4,Beam_2_2_4,2204
4222,Beam_2_2_12,20123,0.029514,0.17481,0.025397,2,2,266,2,12,4,Beam_2_2_4,2204
4223,Beam_2_2_12,20138,0.03332,0.17481,0.025397,2,2,266,2,12,4,Beam_2_2_4,2204
4224,Beam_2_2_12,20174,0.03332,0.17481,0.026468,2,2,266,2,12,4,Beam_2_2_4,2204
4225,Beam_2_2_12,20182,0.023797,0.1753,0.026278,2,2,266,2,12,4,Beam_2_2_4,2204
4226,Beam_2_2_12,20130,0.023797,0.1753,0.025205,2,2,266,2,12,4,Beam_2_2_4,2204
4227,Beam_2_2_12,20175,0.035212,0.1753,0.026277,2,2,266,2,12,4,Beam_2_2_4,2204
4228,Beam_2_2_12,20139,0.035212,0.1753,0.025204,2,2,266,2,12,4,Beam_2_2_4,2204
4229,Beam_2_2_12,20124,0.02713,0.17543,0.025153,2,2,266,2,12,4,Beam_2_2_4,2204
4230,Beam_2_2_12,20184,0.02713,0.17543,0.026227,2,2,266,2,12,4,Beam_2_2_4,2204
4231,Beam_2_2_12,20122,0.031891,0.17543,0.025153,2,2,266,2,12,4,Beam_2_2_4,2204
4232,Beam_2_2_12,20190,0.031891,0.17543,0.026227,2,2,266,2,12,4,Beam_2_2_4,2204
4233,Beam_2_2_12,20181,0.021895,0.1758,0.026083,2,2,266,2,12,4,Beam_2_2_4,2204
4234,Beam_2_2_12,20129,0.021895,0.1758,0.025006,2,2,266,2,12,4,Beam_2_2_4,2204
4235,Beam_2_2_12,20140,0.037109,0.1758,0.025005,2,2,266,2,12,4,Beam_2_2_4,2204
4236,Beam_2_2_12,20176,0.037109,0.1758,0.026082,2,2,266,2,12,4,Beam_2_2_4,2204
4237,Beam_2_2_12,20125,0.024756,0.17605,0.024903,2,2,266,2,12,4,Beam_2_2_4,2204
4238,Beam_2_2_12,20185,0.024756,0.17605,0.025982,2,2,266,2,12,4,Beam_2_2_4,2204
4239,Beam_2_2_12,20121,0.034258,0.17605,0.024903,2,2,266,2,12,4,Beam_2_2_4,2204
4240,Beam_2_2_12,20189,0.034258,0.17605,0.025982,2,2,266,2,12,4,Beam_2_2_4,2204
4241,Beam_2_2_12,20186,0.022373,0.17668,0.025728,2,2,266,2,12,4,Beam_2_2_4,2204
4242,Beam_2_2_12,20126,0.022373,0.17668,0.024645,2,2,266,2,12,4,Beam_2_2_4,2204
4243,Beam_2_2_12,20120,0.036634,0.17668,0.024645,2,2,266,2,12,4,Beam_2_2_4,2204
4244,Beam_2_2_12,20188,0.036634,0.17668,0.025728,2,2,266,2,12,4,Beam_2_2_4,2204
4245,Beam_2_2_12,25079,0.02,0.1778,0.024705,2,2,266,2,12,4,Beam_2_2_4,2204
4246,Beam_2_2_12,25082,0.02475,0.1778,0.024705,2,2,266,2,12,4,Beam_2_2_4,2204
4247,Beam_2_2_12,25081,0.0295,0.1778,0.024705,2,2,266,2,12,4,Beam_2_2_4,2204
4248,Beam_2_2_12,25080,0.03425,0.1778,0.024705,2,2,266,2,12,4,Beam_2_2_4,2204
4249,Beam_2_2_12,25078,0.039,0.1778,0.024705,2,2,266,2,12,4,Beam_2_2_4,2204
4250,Beam_2_2_13,18857,0.022381,0.17893,0.02365,2,2,212,2,13,3,Beam_2_2_3,2203
4251,Beam_2_2_13,18869,0.022381,0.17893,0.02475,2,2,212,2,13,3,Beam_2_2_3,2203
4252,Beam_2_2_13,18871,0.036619,0.17893,0.02475,2,2,212,2,13,3,Beam_2_2_3,2203
4253,Beam_2_2_13,18851,0.036619,0.17893,0.02365,2,2,212,2,13,3,Beam_2_2_3,2203
4254,Beam_2_2_13,18868,0.024752,0.17956,0.024464,2,2,212,2,13,3,Beam_2_2_3,2203
4255,Beam_2_2_13,18856,0.024752,0.17956,0.023359,2,2,212,2,13,3,Beam_2_2_3,2203
4256,Beam_2_2_13,18872,0.034248,0.17956,0.024464,2,2,212,2,13,3,Beam_2_2_3,2203
4257,Beam_2_2_13,18852,0.034248,0.17956,0.023359,2,2,212,2,13,3,Beam_2_2_3,2203
4258,Beam_2_2_13,18883,0.021903,0.17981,0.024346,2,2,212,2,13,3,Beam_2_2_3,2203
4259,Beam_2_2_13,18839,0.021903,0.17981,0.023239,2,2,212,2,13,3,Beam_2_2_3,2203
4260,Beam_2_2_13,18847,0.037101,0.17982,0.023233,2,2,212,2,13,3,Beam_2_2_3,2203
4261,Beam_2_2_13,18874,0.037101,0.17982,0.02434,2,2,212,2,13,3,Beam_2_2_3,2203
4262,Beam_2_2_13,18855,0.027132,0.18018,0.023059,2,2,212,2,13,3,Beam_2_2_3,2203
4263,Beam_2_2_13,18867,0.027132,0.18018,0.024169,2,2,212,2,13,3,Beam_2_2_3,2203
4264,Beam_2_2_13,18873,0.031868,0.18018,0.024169,2,2,212,2,13,3,Beam_2_2_3,2203
4265,Beam_2_2_13,18853,0.031868,0.18018,0.023059,2,2,212,2,13,3,Beam_2_2_3,2203
4266,Beam_2_2_13,18838,0.023799,0.18031,0.022998,2,2,212,2,13,3,Beam_2_2_3,2203
4267,Beam_2_2_13,18882,0.023799,0.18031,0.024109,2,2,212,2,13,3,Beam_2_2_3,2203
4268,Beam_2_2_13,18848,0.03521,0.18032,0.022993,2,2,212,2,13,3,Beam_2_2_3,2203
4269,Beam_2_2_13,18875,0.03521,0.18032,0.024105,2,2,212,2,13,3,Beam_2_2_3,2203
4270,Beam_2_2_13,18854,0.0295,0.1808,0.022753,2,2,212,2,13,3,Beam_2_2_3,2203
4271,Beam_2_2_13,18870,0.0295,0.1808,0.023869,2,2,212,2,13,3,Beam_2_2_3,2203
4272,Beam_2_2_13,18837,0.025701,0.18081,0.022752,2,2,212,2,13,3,Beam_2_2_3,2203
4273,Beam_2_2_13,18881,0.025701,0.18081,0.023867,2,2,212,2,13,3,Beam_2_2_3,2203
4274,Beam_2_2_13,18849,0.033312,0.18081,0.022748,2,2,212,2,13,3,Beam_2_2_3,2203
4275,Beam_2_2_13,18876,0.033312,0.18081,0.023864,2,2,212,2,13,3,Beam_2_2_3,2203
4276,Beam_2_2_13,18836,0.027595,0.1813,0.022501,2,2,212,2,13,3,Beam_2_2_3,2203
4277,Beam_2_2_13,18884,0.027595,0.1813,0.023621,2,2,212,2,13,3,Beam_2_2_3,2203
4278,Beam_2_2_13,18877,0.031422,0.18131,0.023619,2,2,212,2,13,3,Beam_2_2_3,2203
4279,Beam_2_2_13,18841,0.031422,0.18131,0.022499,2,2,212,2,13,3,Beam_2_2_3,2203
4280,Beam_2_2_13,18835,0.025691,0.1818,0.022244,2,2,212,2,13,3,Beam_2_2_3,2203
4281,Beam_2_2_13,18887,0.025692,0.1818,0.023369,2,2,212,2,13,3,Beam_2_2_3,2203
4282,Beam_2_2_13,18827,0.029514,0.18181,0.022242,2,2,212,2,13,3,Beam_2_2_3,2203
4283,Beam_2_2_13,18891,0.029514,0.18181,0.023367,2,2,212,2,13,3,Beam_2_2_3,2203
4284,Beam_2_2_13,18842,0.033321,0.18181,0.022242,2,2,212,2,13,3,Beam_2_2_3,2203
4285,Beam_2_2_13,18878,0.033321,0.18181,0.023367,2,2,212,2,13,3,Beam_2_2_3,2203
4286,Beam_2_2_13,18834,0.023796,0.1823,0.021983,2,2,212,2,13,3,Beam_2_2_3,2203
4287,Beam_2_2_13,18886,0.023796,0.1823,0.023113,2,2,212,2,13,3,Beam_2_2_3,2203
4288,Beam_2_2_13,18879,0.035212,0.1823,0.023111,2,2,212,2,13,3,Beam_2_2_3,2203
4289,Beam_2_2_13,18843,0.035212,0.1823,0.021982,2,2,212,2,13,3,Beam_2_2_3,2203
4290,Beam_2_2_13,18828,0.027128,0.18243,0.021914,2,2,212,2,13,3,Beam_2_2_3,2203
4291,Beam_2_2_13,18888,0.027128,0.18243,0.023044,2,2,212,2,13,3,Beam_2_2_3,2203
4292,Beam_2_2_13,18894,0.031893,0.18243,0.023044,2,2,212,2,13,3,Beam_2_2_3,2203
4293,Beam_2_2_13,18826,0.031893,0.18243,0.021914,2,2,212,2,13,3,Beam_2_2_3,2203
4294,Beam_2_2_13,18885,0.021894,0.1828,0.02285,2,2,212,2,13,3,Beam_2_2_3,2203
4295,Beam_2_2_13,18833,0.021894,0.1828,0.021716,2,2,212,2,13,3,Beam_2_2_3,2203
4296,Beam_2_2_13,18844,0.03711,0.1828,0.021715,2,2,212,2,13,3,Beam_2_2_3,2203
4297,Beam_2_2_13,18880,0.03711,0.1828,0.02285,2,2,212,2,13,3,Beam_2_2_3,2203
4298,Beam_2_2_13,18829,0.024755,0.18305,0.021579,2,2,212,2,13,3,Beam_2_2_3,2203
4299,Beam_2_2_13,18889,0.024755,0.18305,0.022716,2,2,212,2,13,3,Beam_2_2_3,2203
4300,Beam_2_2_13,18893,0.034259,0.18305,0.022716,2,2,212,2,13,3,Beam_2_2_3,2203
4301,Beam_2_2_13,18825,0.034259,0.18305,0.021579,2,2,212,2,13,3,Beam_2_2_3,2203
4302,Beam_2_2_13,18890,0.022371,0.18368,0.022377,2,2,212,2,13,3,Beam_2_2_3,2203
4303,Beam_2_2_13,18830,0.022371,0.18368,0.021234,2,2,212,2,13,3,Beam_2_2_3,2203
4304,Beam_2_2_13,18892,0.036636,0.18368,0.022377,2,2,212,2,13,3,Beam_2_2_3,2203
4305,Beam_2_2_13,18824,0.036636,0.18368,0.021234,2,2,212,2,13,3,Beam_2_2_3,2203
4306,Beam_2_2_13,25169,0.02,0.1848,0.021166,2,2,212,2,13,3,Beam_2_2_3,2203
4307,Beam_2_2_13,25172,0.02475,0.1848,0.021166,2,2,212,2,13,3,Beam_2_2_3,2203
4308,Beam_2_2_13,25171,0.0295,0.1848,0.021166,2,2,212,2,13,3,Beam_2_2_3,2203
4309,Beam_2_2_13,25170,0.03425,0.1848,0.021166,2,2,212,2,13,3,Beam_2_2_3,2203
4310,Beam_2_2_13,25168,0.039,0.1848,0.021166,2,2,212,2,13,3,Beam_2_2_3,2203
4311,Beam_2_2_14,17552,0.022384,0.18594,0.019914,2,2,158,2,14,1,Beam_2_2_1,2201
4312,Beam_2_2_14,17580,0.022384,0.18594,0.021082,2,2,158,2,14,1,Beam_2_2_1,2201
4313,Beam_2_2_14,17582,0.036616,0.18594,0.021082,2,2,158,2,14,1,Beam_2_2_1,2201
4314,Beam_2_2_14,17546,0.036616,0.18594,0.019914,2,2,158,2,14,1,Beam_2_2_1,2201
4315,Beam_2_2_14,17579,0.024753,0.18656,0.020706,2,2,158,2,14,1,Beam_2_2_1,2201
4316,Beam_2_2_14,17551,0.024753,0.18656,0.01953,2,2,158,2,14,1,Beam_2_2_1,2201
4317,Beam_2_2_14,17547,0.034247,0.18656,0.01953,2,2,158,2,14,1,Beam_2_2_1,2201
4318,Beam_2_2_14,17583,0.034247,0.18656,0.020706,2,2,158,2,14,1,Beam_2_2_1,2201
4319,Beam_2_2_14,17534,0.021905,0.18681,0.019372,2,2,158,2,14,1,Beam_2_2_1,2201
4320,Beam_2_2_14,17594,0.021905,0.18681,0.020551,2,2,158,2,14,1,Beam_2_2_1,2201
4321,Beam_2_2_14,17571,0.0371,0.18682,0.020543,2,2,158,2,14,1,Beam_2_2_1,2201
4322,Beam_2_2_14,17560,0.0371,0.18682,0.019364,2,2,158,2,14,1,Beam_2_2_1,2201
4323,Beam_2_2_14,17578,0.027134,0.18718,0.020319,2,2,158,2,14,1,Beam_2_2_1,2201
4324,Beam_2_2_14,17550,0.027135,0.18718,0.019135,2,2,158,2,14,1,Beam_2_2_1,2201
4325,Beam_2_2_14,17548,0.031865,0.18718,0.019135,2,2,158,2,14,1,Beam_2_2_1,2201
4326,Beam_2_2_14,17584,0.031866,0.18718,0.020319,2,2,158,2,14,1,Beam_2_2_1,2201
4327,Beam_2_2_14,17593,0.023799,0.18731,0.02024,2,2,158,2,14,1,Beam_2_2_1,2201
4328,Beam_2_2_14,17533,0.023799,0.18731,0.019055,2,2,158,2,14,1,Beam_2_2_1,2201
4329,Beam_2_2_14,17572,0.035209,0.18732,0.020234,2,2,158,2,14,1,Beam_2_2_1,2201
4330,Beam_2_2_14,17561,0.035209,0.18732,0.019049,2,2,158,2,14,1,Beam_2_2_1,2201
4331,Beam_2_2_14,17549,0.0295,0.1878,0.018733,2,2,158,2,14,1,Beam_2_2_1,2201
4332,Beam_2_2_14,17581,0.0295,0.1878,0.019925,2,2,158,2,14,1,Beam_2_2_1,2201
4333,Beam_2_2_14,17592,0.025702,0.18781,0.019923,2,2,158,2,14,1,Beam_2_2_1,2201
4334,Beam_2_2_14,17532,0.025702,0.18781,0.018731,2,2,158,2,14,1,Beam_2_2_1,2201
4335,Beam_2_2_14,17573,0.03331,0.18781,0.019918,2,2,158,2,14,1,Beam_2_2_1,2201
4336,Beam_2_2_14,17562,0.03331,0.18781,0.018726,2,2,158,2,14,1,Beam_2_2_1,2201
4337,Beam_2_2_14,17595,0.027595,0.1883,0.019601,2,2,158,2,14,1,Beam_2_2_1,2201
4338,Beam_2_2_14,17531,0.027595,0.1883,0.018402,2,2,158,2,14,1,Beam_2_2_1,2201
4339,Beam_2_2_14,17554,0.031422,0.18831,0.0184,2,2,158,2,14,1,Beam_2_2_1,2201
4340,Beam_2_2_14,17574,0.031422,0.18831,0.019598,2,2,158,2,14,1,Beam_2_2_1,2201
4341,Beam_2_2_14,17530,0.025689,0.1888,0.018066,2,2,158,2,14,1,Beam_2_2_1,2201
4342,Beam_2_2_14,17598,0.02569,0.1888,0.019271,2,2,158,2,14,1,Beam_2_2_1,2201
4343,Beam_2_2_14,17540,0.029514,0.18881,0.018063,2,2,158,2,14,1,Beam_2_2_1,2201
4344,Beam_2_2_14,17588,0.029514,0.18881,0.019269,2,2,158,2,14,1,Beam_2_2_1,2201
4345,Beam_2_2_14,17575,0.033323,0.18881,0.019269,2,2,158,2,14,1,Beam_2_2_1,2201
4346,Beam_2_2_14,17555,0.033323,0.18881,0.018063,2,2,158,2,14,1,Beam_2_2_1,2201
4347,Beam_2_2_14,17597,0.023795,0.1893,0.018937,2,2,158,2,14,1,Beam_2_2_1,2201
4348,Beam_2_2_14,17529,0.023795,0.1893,0.017724,2,2,158,2,14,1,Beam_2_2_1,2201
4349,Beam_2_2_14,17576,0.035213,0.1893,0.018935,2,2,158,2,14,1,Beam_2_2_1,2201
4350,Beam_2_2_14,17556,0.035213,0.1893,0.017723,2,2,158,2,14,1,Beam_2_2_1,2201
4351,Beam_2_2_14,17585,0.027125,0.18943,0.018847,2,2,158,2,14,1,Beam_2_2_1,2201
4352,Beam_2_2_14,17541,0.027125,0.18943,0.017633,2,2,158,2,14,1,Beam_2_2_1,2201
4353,Beam_2_2_14,17539,0.031896,0.18943,0.017633,2,2,158,2,14,1,Beam_2_2_1,2201
4354,Beam_2_2_14,17591,0.031896,0.18943,0.018847,2,2,158,2,14,1,Beam_2_2_1,2201
4355,Beam_2_2_14,17528,0.021892,0.1898,0.017375,2,2,158,2,14,1,Beam_2_2_1,2201
4356,Beam_2_2_14,17596,0.021892,0.1898,0.018595,2,2,158,2,14,1,Beam_2_2_1,2201
4357,Beam_2_2_14,17557,0.037112,0.1898,0.017374,2,2,158,2,14,1,Beam_2_2_1,2201
4358,Beam_2_2_14,17577,0.037112,0.1898,0.018594,2,2,158,2,14,1,Beam_2_2_1,2201
4359,Beam_2_2_14,17542,0.024754,0.19005,0.017196,2,2,158,2,14,1,Beam_2_2_1,2201
4360,Beam_2_2_14,17586,0.024754,0.19005,0.018419,2,2,158,2,14,1,Beam_2_2_1,2201
4361,Beam_2_2_14,17590,0.03426,0.19005,0.018419,2,2,158,2,14,1,Beam_2_2_1,2201
4362,Beam_2_2_14,17538,0.034261,0.19005,0.017196,2,2,158,2,14,1,Beam_2_2_1,2201
4363,Beam_2_2_14,17587,0.022367,0.19068,0.017978,2,2,158,2,14,1,Beam_2_2_1,2201
4364,Beam_2_2_14,17543,0.022367,0.19068,0.016745,2,2,158,2,14,1,Beam_2_2_1,2201
4365,Beam_2_2_14,17537,0.03664,0.19068,0.016745,2,2,158,2,14,1,Beam_2_2_1,2201
4366,Beam_2_2_14,17589,0.03664,0.19068,0.017978,2,2,158,2,14,1,Beam_2_2_1,2201
4367,Beam_2_2_14,25178,0.02,0.1918,0.016529,2,2,158,2,14,1,Beam_2_2_1,2201
4368,Beam_2_2_14,25181,0.02475,0.1918,0.016529,2,2,158,2,14,1,Beam_2_2_1,2201
4369,Beam_2_2_14,25180,0.0295,0.1918,0.016529,2,2,158,2,14,1,Beam_2_2_1,2201
4370,Beam_2_2_14,25179,0.03425,0.1918,0.016529,2,2,158,2,14,1,Beam_2_2_1,2201
4371,Beam_2_2_14,25177,0.039,0.1918,0.016529,2,2,158,2,14,1,Beam_2_2_1,2201
4372,Beam_2_2_15,16193,0.02159,0.19273,0.015189,2,2,104,2,15,2,Beam_2_2_2,2202
4373,Beam_2_2_15,16207,0.02159,0.19273,0.016457,2,2,104,2,15,2,Beam_2_2_2,2202
4374,Beam_2_2_15,16183,0.03741,0.19273,0.015189,2,2,104,2,15,2,Beam_2_2_2,2202
4375,Beam_2_2_15,16209,0.03741,0.19273,0.016457,2,2,104,2,15,2,Beam_2_2_2,2202
4376,Beam_2_2_15,16206,0.02317,0.19314,0.016135,2,2,104,2,15,2,Beam_2_2_2,2202
4377,Beam_2_2_15,16192,0.023171,0.19314,0.01486,2,2,104,2,15,2,Beam_2_2_2,2202
4378,Beam_2_2_15,16184,0.035829,0.19314,0.01486,2,2,104,2,15,2,Beam_2_2_2,2202
4379,Beam_2_2_15,16210,0.03583,0.19314,0.016135,2,2,104,2,15,2,Beam_2_2_2,2202
4380,Beam_2_2_15,16191,0.024759,0.19356,0.014523,2,2,104,2,15,2,Beam_2_2_2,2202
4381,Beam_2_2_15,16205,0.024759,0.19356,0.015807,2,2,104,2,15,2,Beam_2_2_2,2202
4382,Beam_2_2_15,16211,0.034241,0.19356,0.015807,2,2,104,2,15,2,Beam_2_2_2,2202
4383,Beam_2_2_15,16185,0.034241,0.19356,0.014523,2,2,104,2,15,2,Beam_2_2_2,2202
4384,Beam_2_2_15,16234,0.021907,0.19381,0.015606,2,2,104,2,15,2,Beam_2_2_2,2202
4385,Beam_2_2_15,16158,0.021908,0.19381,0.014317,2,2,104,2,15,2,Beam_2_2_2,2202
4386,Beam_2_2_15,16220,0.037097,0.19382,0.015596,2,2,104,2,15,2,Beam_2_2_2,2202
4387,Beam_2_2_15,16176,0.037097,0.19382,0.014307,2,2,104,2,15,2,Beam_2_2_2,2202
4388,Beam_2_2_15,16190,0.026337,0.19397,0.014183,2,2,104,2,15,2,Beam_2_2_2,2202
4389,Beam_2_2_15,16204,0.026337,0.19397,0.015475,2,2,104,2,15,2,Beam_2_2_2,2202
4390,Beam_2_2_15,16186,0.032663,0.19397,0.014183,2,2,104,2,15,2,Beam_2_2_2,2202
4391,Beam_2_2_15,16212,0.032663,0.19397,0.015475,2,2,104,2,15,2,Beam_2_2_2,2202
4392,Beam_2_2_15,16233,0.0238,0.19431,0.015203,2,2,104,2,15,2,Beam_2_2_2,2202
4393,Beam_2_2_15,16157,0.023801,0.19431,0.013905,2,2,104,2,15,2,Beam_2_2_2,2202
4394,Beam_2_2_15,16219,0.035208,0.19432,0.015195,2,2,104,2,15,2,Beam_2_2_2,2202
4395,Beam_2_2_15,16175,0.035208,0.19432,0.013897,2,2,104,2,15,2,Beam_2_2_2,2202
4396,Beam_2_2_15,16203,0.027924,0.19439,0.015136,2,2,104,2,15,2,Beam_2_2_2,2202
4397,Beam_2_2_15,16189,0.027924,0.19439,0.013836,2,2,104,2,15,2,Beam_2_2_2,2202
4398,Beam_2_2_15,16187,0.031076,0.19439,0.013836,2,2,104,2,15,2,Beam_2_2_2,2202
4399,Beam_2_2_15,16213,0.031076,0.19439,0.015136,2,2,104,2,15,2,Beam_2_2_2,2202
4400,Beam_2_2_15,16188,0.0295,0.1948,0.013486,2,2,104,2,15,2,Beam_2_2_2,2202
4401,Beam_2_2_15,16208,0.0295,0.1948,0.014794,2,2,104,2,15,2,Beam_2_2_2,2202
4402,Beam_2_2_15,16156,0.025705,0.19481,0.013482,2,2,104,2,15,2,Beam_2_2_2,2202
4403,Beam_2_2_15,16232,0.025705,0.19481,0.01479,2,2,104,2,15,2,Beam_2_2_2,2202
4404,Beam_2_2_15,16218,0.033307,0.19481,0.014785,2,2,104,2,15,2,Beam_2_2_2,2202
4405,Beam_2_2_15,16174,0.033307,0.19481,0.013476,2,2,104,2,15,2,Beam_2_2_2,2202
4406,Beam_2_2_15,16235,0.027595,0.1953,0.014373,2,2,104,2,15,2,Beam_2_2_2,2202
4407,Beam_2_2_15,16155,0.027595,0.1953,0.013055,2,2,104,2,15,2,Beam_2_2_2,2202
4408,Beam_2_2_15,16173,0.031422,0.19531,0.013051,2,2,104,2,15,2,Beam_2_2_2,2202
4409,Beam_2_2_15,16217,0.031422,0.19531,0.01437,2,2,104,2,15,2,Beam_2_2_2,2202
4410,Beam_2_2_15,16154,0.025686,0.1958,0.012614,2,2,104,2,15,2,Beam_2_2_2,2202
4411,Beam_2_2_15,16238,0.025686,0.1958,0.013944,2,2,104,2,15,2,Beam_2_2_2,2202
4412,Beam_2_2_15,16226,0.029514,0.19581,0.013942,2,2,104,2,15,2,Beam_2_2_2,2202
4413,Beam_2_2_15,16166,0.029514,0.19581,0.012612,2,2,104,2,15,2,Beam_2_2_2,2202
4414,Beam_2_2_15,16216,0.033326,0.19581,0.013941,2,2,104,2,15,2,Beam_2_2_2,2202
4415,Beam_2_2_15,16181,0.033326,0.19581,0.012611,2,2,104,2,15,2,Beam_2_2_2,2202
4416,Beam_2_2_15,16167,0.02792,0.19622,0.012239,2,2,104,2,15,2,Beam_2_2_2,2202
4417,Beam_2_2_15,16221,0.02792,0.19622,0.013578,2,2,104,2,15,2,Beam_2_2_2,2202
4418,Beam_2_2_15,16231,0.031103,0.19622,0.013578,2,2,104,2,15,2,Beam_2_2_2,2202
4419,Beam_2_2_15,16165,0.031104,0.19622,0.012239,2,2,104,2,15,2,Beam_2_2_2,2202
4420,Beam_2_2_15,16237,0.023794,0.1963,0.01351,2,2,104,2,15,2,Beam_2_2_2,2202
4421,Beam_2_2_15,16153,0.023794,0.1963,0.012169,2,2,104,2,15,2,Beam_2_2_2,2202
4422,Beam_2_2_15,16215,0.035214,0.1963,0.013508,2,2,104,2,15,2,Beam_2_2_2,2202
4423,Beam_2_2_15,16180,0.035215,0.1963,0.012167,2,2,104,2,15,2,Beam_2_2_2,2202
4424,Beam_2_2_15,16168,0.026337,0.19664,0.011862,2,2,104,2,15,2,Beam_2_2_2,2202
4425,Beam_2_2_15,16222,0.026338,0.19664,0.013211,2,2,104,2,15,2,Beam_2_2_2,2202
4426,Beam_2_2_15,16230,0.032681,0.19664,0.013211,2,2,104,2,15,2,Beam_2_2_2,2202
4427,Beam_2_2_15,16164,0.032682,0.19664,0.011862,2,2,104,2,15,2,Beam_2_2_2,2202
4428,Beam_2_2_15,16236,0.021888,0.1968,0.013065,2,2,104,2,15,2,Beam_2_2_2,2202
4429,Beam_2_2_15,16152,0.021888,0.1968,0.011712,2,2,104,2,15,2,Beam_2_2_2,2202
4430,Beam_2_2_15,16179,0.037116,0.1968,0.011711,2,2,104,2,15,2,Beam_2_2_2,2202
4431,Beam_2_2_15,16214,0.037116,0.1968,0.013064,2,2,104,2,15,2,Beam_2_2_2,2202
4432,Beam_2_2_15,16169,0.024745,0.19705,0.011477,2,2,104,2,15,2,Beam_2_2_2,2202
4433,Beam_2_2_15,16223,0.024746,0.19705,0.012836,2,2,104,2,15,2,Beam_2_2_2,2202
4434,Beam_2_2_15,16229,0.034268,0.19705,0.012836,2,2,104,2,15,2,Beam_2_2_2,2202
4435,Beam_2_2_15,16163,0.034269,0.19705,0.011477,2,2,104,2,15,2,Beam_2_2_2,2202
4436,Beam_2_2_15,16224,0.023166,0.19747,0.012457,2,2,104,2,15,2,Beam_2_2_2,2202
4437,Beam_2_2_15,16170,0.023166,0.19747,0.011088,2,2,104,2,15,2,Beam_2_2_2,2202
4438,Beam_2_2_15,16228,0.035843,0.19747,0.012457,2,2,104,2,15,2,Beam_2_2_2,2202
4439,Beam_2_2_15,16162,0.035844,0.19747,0.011088,2,2,104,2,15,2,Beam_2_2_2,2202
4440,Beam_2_2_15,16171,0.021577,0.19788,0.010691,2,2,104,2,15,2,Beam_2_2_2,2202
4441,Beam_2_2_15,16225,0.021577,0.19788,0.01207,2,2,104,2,15,2,Beam_2_2_2,2202
4442,Beam_2_2_15,16161,0.037428,0.19788,0.010691,2,2,104,2,15,2,Beam_2_2_2,2202
4443,Beam_2_2_15,16227,0.037428,0.19788,0.01207,2,2,104,2,15,2,Beam_2_2_2,2202
4444,Beam_2_2_15,25124,0.02,0.19899,0.010367,2,2,104,2,15,2,Beam_2_2_2,2202
4445,Beam_2_2_15,25127,0.02475,0.19899,0.010367,2,2,104,2,15,2,Beam_2_2_2,2202
4446,Beam_2_2_15,25126,0.0295,0.19899,0.010367,2,2,104,2,15,2,Beam_2_2_2,2202
4447,Beam_2_2_15,25125,0.03425,0.19899,0.010367,2,2,104,2,15,2,Beam_2_2_2,2202
4448,Beam_2_2_15,25123,0.039,0.19899,0.010367,2,2,104,2,15,2,Beam_2_2_2,2202
4449,Beam_2_3_2,25115,0.02,0.20081,0.010193,3,3,13,2,2,15,Beam_2_3_15,2315
4450,Beam_2_3_2,25118,0.02475,0.20081,0.010193,3,3,13,2,2,15,Beam_2_3_15,2315
4451,Beam_2_3_2,25117,0.0295,0.20081,0.010193,3,3,13,2,2,15,Beam_2_3_15,2315
4452,Beam_2_3_2,25116,0.03425,0.20081,0.010193,3,3,13,2,2,15,Beam_2_3_15,2315
4453,Beam_2_3_2,25114,0.039,0.20081,0.010193,3,3,13,2,2,15,Beam_2_3_15,2315
4454,Beam_2_3_1,15658,0.021574,0.20172,0.010308,3,3,86,2,1,14,Beam_2_3_14,2314
4455,Beam_2_3_1,15683,0.021574,0.20172,0.011699,3,3,86,2,1,14,Beam_2_3_14,2314
4456,Beam_2_3_1,15667,0.037426,0.20172,0.011699,3,3,86,2,1,14,Beam_2_3_14,2314
4457,Beam_2_3_1,15662,0.037426,0.20172,0.010308,3,3,86,2,1,14,Beam_2_3_14,2314
4458,Beam_2_3_1,15657,0.023161,0.20214,0.010713,3,3,86,2,1,14,Beam_2_3_14,2314
4459,Beam_2_3_1,15682,0.023161,0.20214,0.012092,3,3,86,2,1,14,Beam_2_3_14,2314
4460,Beam_2_3_1,15663,0.035839,0.20214,0.010713,3,3,86,2,1,14,Beam_2_3_14,2314
4461,Beam_2_3_1,15668,0.035839,0.20214,0.012092,3,3,86,2,1,14,Beam_2_3_14,2314
4462,Beam_2_3_1,15681,0.024738,0.20255,0.012477,3,3,86,2,1,14,Beam_2_3_14,2314
4463,Beam_2_3_1,15656,0.024738,0.20255,0.011108,3,3,86,2,1,14,Beam_2_3_14,2314
4464,Beam_2_3_1,15669,0.034262,0.20255,0.012477,3,3,86,2,1,14,Beam_2_3_14,2314
4465,Beam_2_3_1,15664,0.034262,0.20255,0.011108,3,3,86,2,1,14,Beam_2_3_14,2314
4466,Beam_2_3_1,15648,0.021888,0.20281,0.011346,3,3,86,2,1,14,Beam_2_3_14,2314
4467,Beam_2_3_1,15692,0.021888,0.20281,0.012708,3,3,86,2,1,14,Beam_2_3_14,2314
4468,Beam_2_3_1,15674,0.037116,0.20282,0.012719,3,3,86,2,1,14,Beam_2_3_14,2314
4469,Beam_2_3_1,15659,0.037116,0.20282,0.011357,3,3,86,2,1,14,Beam_2_3_14,2314
4470,Beam_2_3_1,15655,0.026328,0.20297,0.0115,3,3,86,2,1,14,Beam_2_3_14,2314
4471,Beam_2_3_1,15680,0.026328,0.20297,0.012858,3,3,86,2,1,14,Beam_2_3_14,2314
4472,Beam_2_3_1,15665,0.032672,0.20297,0.0115,3,3,86,2,1,14,Beam_2_3_14,2314
4473,Beam_2_3_1,15670,0.032672,0.20297,0.012858,3,3,86,2,1,14,Beam_2_3_14,2314
4474,Beam_2_3_1,15691,0.023794,0.20331,0.01316,3,3,86,2,1,14,Beam_2_3_14,2314
4475,Beam_2_3_1,15647,0.023794,0.20331,0.01181,3,3,86,2,1,14,Beam_2_3_14,2314
4476,Beam_2_3_1,15675,0.035215,0.20332,0.013169,3,3,86,2,1,14,Beam_2_3_14,2314
4477,Beam_2_3_1,15660,0.035215,0.20332,0.011819,3,3,86,2,1,14,Beam_2_3_14,2314
4478,Beam_2_3_1,15679,0.027908,0.20339,0.013232,3,3,86,2,1,14,Beam_2_3_14,2314
4479,Beam_2_3_1,15654,0.027908,0.20339,0.011883,3,3,86,2,1,14,Beam_2_3_14,2314
4480,Beam_2_3_1,15671,0.031092,0.20339,0.013232,3,3,86,2,1,14,Beam_2_3_14,2314
4481,Beam_2_3_1,15666,0.031092,0.20339,0.011883,3,3,86,2,1,14,Beam_2_3_14,2314
4482,Beam_2_3_1,15646,0.025686,0.2038,0.012262,3,3,86,2,1,14,Beam_2_3_14,2314
4483,Beam_2_3_1,15690,0.025686,0.2038,0.013601,3,3,86,2,1,14,Beam_2_3_14,2314
4484,Beam_2_3_1,15653,0.0295,0.2038,0.012263,3,3,86,2,1,14,Beam_2_3_14,2314
4485,Beam_2_3_1,15673,0.0295,0.2038,0.013602,3,3,86,2,1,14,Beam_2_3_14,2314
4486,Beam_2_3_1,15676,0.033326,0.20381,0.013607,3,3,86,2,1,14,Beam_2_3_14,2314
4487,Beam_2_3_1,15661,0.033327,0.20381,0.012268,3,3,86,2,1,14,Beam_2_3_14,2314
4488,Beam_2_3_1,15645,0.027595,0.2043,0.012709,3,3,86,2,1,14,Beam_2_3_14,2314
4489,Beam_2_3_1,15693,0.027595,0.2043,0.014037,3,3,86,2,1,14,Beam_2_3_14,2314
4490,Beam_2_3_1,15677,0.031422,0.20431,0.01404,3,3,86,2,1,14,Beam_2_3_14,2314
4491,Beam_2_3_1,15623,0.031422,0.20431,0.012713,3,3,86,2,1,14,Beam_2_3_14,2314
4492,Beam_2_3_1,15696,0.025705,0.2048,0.01446,3,3,86,2,1,14,Beam_2_3_14,2314
4493,Beam_2_3_1,15644,0.025706,0.2048,0.013143,3,3,86,2,1,14,Beam_2_3_14,2314
4494,Beam_2_3_1,15624,0.033307,0.2048,0.013146,3,3,86,2,1,14,Beam_2_3_14,2314
4495,Beam_2_3_1,15708,0.033307,0.2048,0.014463,3,3,86,2,1,14,Beam_2_3_14,2314
4496,Beam_2_3_1,15702,0.029514,0.20481,0.014466,3,3,86,2,1,14,Beam_2_3_14,2314
4497,Beam_2_3_1,15628,0.029514,0.20481,0.01315,3,3,86,2,1,14,Beam_2_3_14,2314
4498,Beam_2_3_1,15629,0.027936,0.20522,0.013505,3,3,86,2,1,14,Beam_2_3_14,2314
4499,Beam_2_3_1,15703,0.027936,0.20522,0.014813,3,3,86,2,1,14,Beam_2_3_14,2314
4500,Beam_2_3_1,15640,0.031088,0.20522,0.013505,3,3,86,2,1,14,Beam_2_3_14,2314
4501,Beam_2_3_1,15701,0.031088,0.20522,0.014813,3,3,86,2,1,14,Beam_2_3_14,2314
4502,Beam_2_3_1,15695,0.0238,0.2053,0.014879,3,3,86,2,1,14,Beam_2_3_14,2314
4503,Beam_2_3_1,15643,0.023801,0.2053,0.013573,3,3,86,2,1,14,Beam_2_3_14,2314
4504,Beam_2_3_1,15709,0.035208,0.2053,0.014881,3,3,86,2,1,14,Beam_2_3_14,2314
4505,Beam_2_3_1,15625,0.035208,0.2053,0.013575,3,3,86,2,1,14,Beam_2_3_14,2314
4506,Beam_2_3_1,15630,0.026347,0.20564,0.013857,3,3,86,2,1,14,Beam_2_3_14,2314
4507,Beam_2_3_1,15704,0.026347,0.20564,0.015156,3,3,86,2,1,14,Beam_2_3_14,2314
4508,Beam_2_3_1,15700,0.032672,0.20564,0.015156,3,3,86,2,1,14,Beam_2_3_14,2314
4509,Beam_2_3_1,15639,0.032672,0.20564,0.013857,3,3,86,2,1,14,Beam_2_3_14,2314
4510,Beam_2_3_1,15642,0.021908,0.2058,0.013991,3,3,86,2,1,14,Beam_2_3_14,2314
4511,Beam_2_3_1,15694,0.021908,0.2058,0.015287,3,3,86,2,1,14,Beam_2_3_14,2314
4512,Beam_2_3_1,15626,0.037096,0.2058,0.013992,3,3,86,2,1,14,Beam_2_3_14,2314
4513,Beam_2_3_1,15710,0.037097,0.2058,0.015288,3,3,86,2,1,14,Beam_2_3_14,2314
4514,Beam_2_3_1,15631,0.024766,0.20605,0.014202,3,3,86,2,1,14,Beam_2_3_14,2314
4515,Beam_2_3_1,15705,0.024766,0.20605,0.015493,3,3,86,2,1,14,Beam_2_3_14,2314
4516,Beam_2_3_1,15638,0.034248,0.20605,0.014202,3,3,86,2,1,14,Beam_2_3_14,2314
4517,Beam_2_3_1,15699,0.034248,0.20605,0.015493,3,3,86,2,1,14,Beam_2_3_14,2314
4518,Beam_2_3_1,15706,0.023175,0.20647,0.015826,3,3,86,2,1,14,Beam_2_3_14,2314
4519,Beam_2_3_1,15632,0.023176,0.20647,0.014543,3,3,86,2,1,14,Beam_2_3_14,2314
4520,Beam_2_3_1,15637,0.035834,0.20647,0.014543,3,3,86,2,1,14,Beam_2_3_14,2314
4521,Beam_2_3_1,15698,0.035834,0.20647,0.015826,3,3,86,2,1,14,Beam_2_3_14,2314
4522,Beam_2_3_1,15633,0.021593,0.20688,0.014877,3,3,86,2,1,14,Beam_2_3_14,2314
4523,Beam_2_3_1,15707,0.021593,0.20688,0.016152,3,3,86,2,1,14,Beam_2_3_14,2314
4524,Beam_2_3_1,15697,0.037412,0.20688,0.016152,3,3,86,2,1,14,Beam_2_3_14,2314
4525,Beam_2_3_1,15636,0.037412,0.20688,0.014877,3,3,86,2,1,14,Beam_2_3_14,2314
4526,Beam_2_3_1,25214,0.02,0.2078,0.016231,3,3,86,2,1,14,Beam_2_3_14,2314
4527,Beam_2_3_1,25217,0.02475,0.2078,0.016231,3,3,86,2,1,14,Beam_2_3_14,2314
4528,Beam_2_3_1,25216,0.0295,0.2078,0.016231,3,3,86,2,1,14,Beam_2_3_14,2314
4529,Beam_2_3_1,25215,0.03425,0.2078,0.016231,3,3,86,2,1,14,Beam_2_3_14,2314
4530,Beam_2_3_1,25213,0.039,0.2078,0.016231,3,3,86,2,1,14,Beam_2_3_14,2314
4531,Beam_2_3_3,17111,0.022363,0.20893,0.016456,3,3,140,2,3,13,Beam_2_3_13,2313
4532,Beam_2_3_3,17155,0.022363,0.20893,0.017696,3,3,140,2,3,13,Beam_2_3_13,2313
4533,Beam_2_3_3,17105,0.036637,0.20893,0.016456,3,3,140,2,3,13,Beam_2_3_13,2313
4534,Beam_2_3_3,17157,0.036637,0.20893,0.017696,3,3,140,2,3,13,Beam_2_3_13,2313
4535,Beam_2_3_3,17110,0.024746,0.20956,0.016914,3,3,140,2,3,13,Beam_2_3_13,2313
4536,Beam_2_3_3,17154,0.024747,0.20956,0.018144,3,3,140,2,3,13,Beam_2_3_13,2313
4537,Beam_2_3_3,17158,0.034253,0.20956,0.018144,3,3,140,2,3,13,Beam_2_3_13,2313
4538,Beam_2_3_3,17106,0.034254,0.20956,0.016914,3,3,140,2,3,13,Beam_2_3_13,2313
4539,Beam_2_3_3,17141,0.021892,0.20981,0.01832,3,3,140,2,3,13,Beam_2_3_13,2313
4540,Beam_2_3_3,17129,0.021892,0.20981,0.017095,3,3,140,2,3,13,Beam_2_3_13,2313
4541,Beam_2_3_3,17160,0.037112,0.20982,0.018329,3,3,140,2,3,13,Beam_2_3_13,2313
4542,Beam_2_3_3,17101,0.037113,0.20982,0.017103,3,3,140,2,3,13,Beam_2_3_13,2313
4543,Beam_2_3_3,17109,0.027114,0.21018,0.017358,3,3,140,2,3,13,Beam_2_3_13,2313
4544,Beam_2_3_3,17153,0.027114,0.21018,0.018579,3,3,140,2,3,13,Beam_2_3_13,2313
4545,Beam_2_3_3,17159,0.031886,0.21018,0.018579,3,3,140,2,3,13,Beam_2_3_13,2313
4546,Beam_2_3_3,17107,0.031886,0.21018,0.017358,3,3,140,2,3,13,Beam_2_3_13,2313
4547,Beam_2_3_3,17140,0.023795,0.21031,0.018668,3,3,140,2,3,13,Beam_2_3_13,2313
4548,Beam_2_3_3,17128,0.023795,0.21031,0.017449,3,3,140,2,3,13,Beam_2_3_13,2313
4549,Beam_2_3_3,17102,0.035213,0.21032,0.017456,3,3,140,2,3,13,Beam_2_3_13,2313
4550,Beam_2_3_3,17161,0.035213,0.21032,0.018674,3,3,140,2,3,13,Beam_2_3_13,2313
4551,Beam_2_3_3,17127,0.025689,0.2108,0.017796,3,3,140,2,3,13,Beam_2_3_13,2313
4552,Beam_2_3_3,17139,0.025689,0.2108,0.019007,3,3,140,2,3,13,Beam_2_3_13,2313
4553,Beam_2_3_3,17108,0.0295,0.2108,0.017796,3,3,140,2,3,13,Beam_2_3_13,2313
4554,Beam_2_3_3,17156,0.0295,0.2108,0.019007,3,3,140,2,3,13,Beam_2_3_13,2313
4555,Beam_2_3_3,17162,0.033323,0.21081,0.019011,3,3,140,2,3,13,Beam_2_3_13,2313
4556,Beam_2_3_3,17103,0.033323,0.21081,0.017801,3,3,140,2,3,13,Beam_2_3_13,2313
4557,Beam_2_3_3,17126,0.027595,0.2113,0.018138,3,3,140,2,3,13,Beam_2_3_13,2313
4558,Beam_2_3_3,17142,0.027595,0.2113,0.019342,3,3,140,2,3,13,Beam_2_3_13,2313
4559,Beam_2_3_3,17095,0.031422,0.21131,0.018141,3,3,140,2,3,13,Beam_2_3_13,2313
4560,Beam_2_3_3,17163,0.031422,0.21131,0.019345,3,3,140,2,3,13,Beam_2_3_13,2313
4561,Beam_2_3_3,17125,0.025703,0.2118,0.018471,3,3,140,2,3,13,Beam_2_3_13,2313
4562,Beam_2_3_3,17145,0.025703,0.2118,0.019668,3,3,140,2,3,13,Beam_2_3_13,2313
4563,Beam_2_3_3,17164,0.03331,0.2118,0.01967,3,3,140,2,3,13,Beam_2_3_13,2313
4564,Beam_2_3_3,17096,0.03331,0.2118,0.018473,3,3,140,2,3,13,Beam_2_3_13,2313
4565,Beam_2_3_3,17117,0.029514,0.21181,0.018476,3,3,140,2,3,13,Beam_2_3_13,2313
4566,Beam_2_3_3,17149,0.029514,0.21181,0.019673,3,3,140,2,3,13,Beam_2_3_13,2313
4567,Beam_2_3_3,17144,0.023799,0.2123,0.01999,3,3,140,2,3,13,Beam_2_3_13,2313
4568,Beam_2_3_3,17124,0.023799,0.2123,0.0188,3,3,140,2,3,13,Beam_2_3_13,2313
4569,Beam_2_3_3,17097,0.035209,0.2123,0.018801,3,3,140,2,3,13,Beam_2_3_13,2313
4570,Beam_2_3_3,17165,0.035209,0.2123,0.019992,3,3,140,2,3,13,Beam_2_3_13,2313
4571,Beam_2_3_3,17146,0.027145,0.21243,0.020072,3,3,140,2,3,13,Beam_2_3_13,2313
4572,Beam_2_3_3,17118,0.027145,0.21243,0.018883,3,3,140,2,3,13,Beam_2_3_13,2313
4573,Beam_2_3_3,17116,0.031876,0.21243,0.018883,3,3,140,2,3,13,Beam_2_3_13,2313
4574,Beam_2_3_3,17152,0.031876,0.21243,0.020072,3,3,140,2,3,13,Beam_2_3_13,2313
4575,Beam_2_3_3,17143,0.021905,0.2128,0.020305,3,3,140,2,3,13,Beam_2_3_13,2313
4576,Beam_2_3_3,17123,0.021905,0.2128,0.019121,3,3,140,2,3,13,Beam_2_3_13,2313
4577,Beam_2_3_3,17098,0.037099,0.2128,0.019122,3,3,140,2,3,13,Beam_2_3_13,2313
4578,Beam_2_3_3,17166,0.037099,0.2128,0.020306,3,3,140,2,3,13,Beam_2_3_13,2313
4579,Beam_2_3_3,17147,0.02476,0.21305,0.020464,3,3,140,2,3,13,Beam_2_3_13,2313
4580,Beam_2_3_3,17119,0.02476,0.21305,0.019283,3,3,140,2,3,13,Beam_2_3_13,2313
4581,Beam_2_3_3,17151,0.034254,0.21305,0.020464,3,3,140,2,3,13,Beam_2_3_13,2313
4582,Beam_2_3_3,17115,0.034254,0.21305,0.019283,3,3,140,2,3,13,Beam_2_3_13,2313
4583,Beam_2_3_3,17120,0.022388,0.21367,0.019672,3,3,140,2,3,13,Beam_2_3_13,2313
4584,Beam_2_3_3,17148,0.022388,0.21367,0.020845,3,3,140,2,3,13,Beam_2_3_13,2313
4585,Beam_2_3_3,17114,0.036619,0.21367,0.019672,3,3,140,2,3,13,Beam_2_3_13,2313
4586,Beam_2_3_3,17150,0.036619,0.21367,0.020845,3,3,140,2,3,13,Beam_2_3_13,2313
4587,Beam_2_3_3,25367,0.02,0.2148,0.020937,3,3,140,2,3,13,Beam_2_3_13,2313
4588,Beam_2_3_3,25370,0.02475,0.2148,0.020937,3,3,140,2,3,13,Beam_2_3_13,2313
4589,Beam_2_3_3,25369,0.0295,0.2148,0.020937,3,3,140,2,3,13,Beam_2_3_13,2313
4590,Beam_2_3_3,25368,0.03425,0.2148,0.020937,3,3,140,2,3,13,Beam_2_3_13,2313
4591,Beam_2_3_3,25366,0.039,0.2148,0.020937,3,3,140,2,3,13,Beam_2_3_13,2313
4592,Beam_2_3_4,18407,0.022367,0.21593,0.021013,3,3,194,2,4,12,Beam_2_3_12,2312
4593,Beam_2_3_4,18451,0.022367,0.21593,0.02216,3,3,194,2,4,12,Beam_2_3_12,2312
4594,Beam_2_3_4,18453,0.036633,0.21593,0.02216,3,3,194,2,4,12,Beam_2_3_12,2312
4595,Beam_2_3_4,18401,0.036633,0.21593,0.021013,3,3,194,2,4,12,Beam_2_3_12,2312
4596,Beam_2_3_4,18406,0.024748,0.21656,0.021363,3,3,194,2,4,12,Beam_2_3_12,2312
4597,Beam_2_3_4,18450,0.024748,0.21656,0.022504,3,3,194,2,4,12,Beam_2_3_12,2312
4598,Beam_2_3_4,18402,0.034252,0.21656,0.021363,3,3,194,2,4,12,Beam_2_3_12,2312
4599,Beam_2_3_4,18454,0.034252,0.21656,0.022504,3,3,194,2,4,12,Beam_2_3_12,2312
4600,Beam_2_3_4,18425,0.021894,0.21681,0.021502,3,3,194,2,4,12,Beam_2_3_12,2312
4601,Beam_2_3_4,18437,0.021894,0.21681,0.02264,3,3,194,2,4,12,Beam_2_3_12,2312
4602,Beam_2_3_4,18456,0.03711,0.21682,0.022646,3,3,194,2,4,12,Beam_2_3_12,2312
4603,Beam_2_3_4,18397,0.03711,0.21682,0.021508,3,3,194,2,4,12,Beam_2_3_12,2312
4604,Beam_2_3_4,18449,0.027117,0.21718,0.022838,3,3,194,2,4,12,Beam_2_3_12,2312
4605,Beam_2_3_4,18405,0.027117,0.21718,0.021704,3,3,194,2,4,12,Beam_2_3_12,2312
4606,Beam_2_3_4,18403,0.031883,0.21718,0.021704,3,3,194,2,4,12,Beam_2_3_12,2312
4607,Beam_2_3_4,18455,0.031883,0.21718,0.022838,3,3,194,2,4,12,Beam_2_3_12,2312
4608,Beam_2_3_4,18424,0.023796,0.21731,0.021773,3,3,194,2,4,12,Beam_2_3_12,2312
4609,Beam_2_3_4,18436,0.023796,0.21731,0.022906,3,3,194,2,4,12,Beam_2_3_12,2312
4610,Beam_2_3_4,18457,0.035212,0.21732,0.022911,3,3,194,2,4,12,Beam_2_3_12,2312
4611,Beam_2_3_4,18398,0.035212,0.21732,0.021778,3,3,194,2,4,12,Beam_2_3_12,2312
4612,Beam_2_3_4,18423,0.025691,0.2178,0.022038,3,3,194,2,4,12,Beam_2_3_12,2312
4613,Beam_2_3_4,18435,0.025691,0.2178,0.023166,3,3,194,2,4,12,Beam_2_3_12,2312
4614,Beam_2_3_4,18452,0.0295,0.2178,0.023166,3,3,194,2,4,12,Beam_2_3_12,2312
4615,Beam_2_3_4,18404,0.0295,0.2178,0.022038,3,3,194,2,4,12,Beam_2_3_12,2312
4616,Beam_2_3_4,18458,0.033321,0.21781,0.02317,3,3,194,2,4,12,Beam_2_3_12,2312
4617,Beam_2_3_4,18399,0.033321,0.21781,0.022042,3,3,194,2,4,12,Beam_2_3_12,2312
4618,Beam_2_3_4,18438,0.027595,0.2183,0.023423,3,3,194,2,4,12,Beam_2_3_12,2312
4619,Beam_2_3_4,18422,0.027595,0.2183,0.022299,3,3,194,2,4,12,Beam_2_3_12,2312
4620,Beam_2_3_4,18459,0.031422,0.21831,0.023425,3,3,194,2,4,12,Beam_2_3_12,2312
4621,Beam_2_3_4,18391,0.031422,0.21831,0.022301,3,3,194,2,4,12,Beam_2_3_12,2312
4622,Beam_2_3_4,18441,0.025701,0.2188,0.023673,3,3,194,2,4,12,Beam_2_3_12,2312
4623,Beam_2_3_4,18421,0.025701,0.2188,0.022553,3,3,194,2,4,12,Beam_2_3_12,2312
4624,Beam_2_3_4,18460,0.033312,0.2188,0.023674,3,3,194,2,4,12,Beam_2_3_12,2312
4625,Beam_2_3_4,18392,0.033312,0.2188,0.022555,3,3,194,2,4,12,Beam_2_3_12,2312
4626,Beam_2_3_4,18445,0.029514,0.21881,0.023676,3,3,194,2,4,12,Beam_2_3_12,2312
4627,Beam_2_3_4,18413,0.029514,0.21881,0.022557,3,3,194,2,4,12,Beam_2_3_12,2312
4628,Beam_2_3_4,18420,0.023799,0.2193,0.022804,3,3,194,2,4,12,Beam_2_3_12,2312
4629,Beam_2_3_4,18440,0.023799,0.2193,0.023919,3,3,194,2,4,12,Beam_2_3_12,2312
4630,Beam_2_3_4,18461,0.03521,0.2193,0.02392,3,3,194,2,4,12,Beam_2_3_12,2312
4631,Beam_2_3_4,18393,0.03521,0.2193,0.022805,3,3,194,2,4,12,Beam_2_3_12,2312
4632,Beam_2_3_4,18442,0.027142,0.21943,0.023981,3,3,194,2,4,12,Beam_2_3_12,2312
4633,Beam_2_3_4,18414,0.027142,0.21943,0.022867,3,3,194,2,4,12,Beam_2_3_12,2312
4634,Beam_2_3_4,18412,0.031879,0.21943,0.022867,3,3,194,2,4,12,Beam_2_3_12,2312
4635,Beam_2_3_4,18448,0.031879,0.21943,0.023981,3,3,194,2,4,12,Beam_2_3_12,2312
4636,Beam_2_3_4,18439,0.021903,0.2198,0.024159,3,3,194,2,4,12,Beam_2_3_12,2312
4637,Beam_2_3_4,18419,0.021903,0.2198,0.023049,3,3,194,2,4,12,Beam_2_3_12,2312
4638,Beam_2_3_4,18462,0.037101,0.2198,0.02416,3,3,194,2,4,12,Beam_2_3_12,2312
4639,Beam_2_3_4,18394,0.037101,0.2198,0.023049,3,3,194,2,4,12,Beam_2_3_12,2312
4640,Beam_2_3_4,18443,0.024759,0.22005,0.02428,3,3,194,2,4,12,Beam_2_3_12,2312
4641,Beam_2_3_4,18415,0.024759,0.22005,0.023172,3,3,194,2,4,12,Beam_2_3_12,2312
4642,Beam_2_3_4,18411,0.034255,0.22005,0.023172,3,3,194,2,4,12,Beam_2_3_12,2312
4643,Beam_2_3_4,18447,0.034255,0.22005,0.02428,3,3,194,2,4,12,Beam_2_3_12,2312
4644,Beam_2_3_4,18416,0.022385,0.22067,0.023467,3,3,194,2,4,12,Beam_2_3_12,2312
4645,Beam_2_3_4,18444,0.022385,0.22067,0.02457,3,3,194,2,4,12,Beam_2_3_12,2312
4646,Beam_2_3_4,18410,0.036622,0.22067,0.023467,3,3,194,2,4,12,Beam_2_3_12,2312
4647,Beam_2_3_4,18446,0.036622,0.22067,0.02457,3,3,194,2,4,12,Beam_2_3_12,2312
4648,Beam_2_3_4,25358,0.02,0.2218,0.024532,3,3,194,2,4,12,Beam_2_3_12,2312
4649,Beam_2_3_4,25361,0.02475,0.2218,0.024532,3,3,194,2,4,12,Beam_2_3_12,2312
4650,Beam_2_3_4,25360,0.0295,0.2218,0.024532,3,3,194,2,4,12,Beam_2_3_12,2312
4651,Beam_2_3_4,25359,0.03425,0.2218,0.024532,3,3,194,2,4,12,Beam_2_3_12,2312
4652,Beam_2_3_4,25357,0.039,0.2218,0.024532,3,3,194,2,4,12,Beam_2_3_12,2312
4653,Beam_2_3_5,19747,0.022369,0.22293,0.025565,3,3,248,2,5,11,Beam_2_3_11,2311
4654,Beam_2_3_5,19703,0.022369,0.22293,0.024479,3,3,248,2,5,11,Beam_2_3_11,2311
4655,Beam_2_3_5,19697,0.036631,0.22293,0.024479,3,3,248,2,5,11,Beam_2_3_11,2311
4656,Beam_2_3_5,19749,0.036631,0.22293,0.025565,3,3,248,2,5,11,Beam_2_3_11,2311
4657,Beam_2_3_5,19702,0.024749,0.22356,0.024742,3,3,248,2,5,11,Beam_2_3_11,2311
4658,Beam_2_3_5,19746,0.024749,0.22356,0.025823,3,3,248,2,5,11,Beam_2_3_11,2311
4659,Beam_2_3_5,19698,0.034251,0.22356,0.024742,3,3,248,2,5,11,Beam_2_3_11,2311
4660,Beam_2_3_5,19750,0.034251,0.22356,0.025823,3,3,248,2,5,11,Beam_2_3_11,2311
4661,Beam_2_3_5,19721,0.021895,0.22381,0.024845,3,3,248,2,5,11,Beam_2_3_11,2311
4662,Beam_2_3_5,19733,0.021895,0.22381,0.025925,3,3,248,2,5,11,Beam_2_3_11,2311
4663,Beam_2_3_5,19693,0.037109,0.22382,0.02485,3,3,248,2,5,11,Beam_2_3_11,2311
4664,Beam_2_3_5,19752,0.037109,0.22382,0.02593,3,3,248,2,5,11,Beam_2_3_11,2311
4665,Beam_2_3_5,19745,0.02712,0.22418,0.026074,3,3,248,2,5,11,Beam_2_3_11,2311
4666,Beam_2_3_5,19701,0.02712,0.22418,0.024996,3,3,248,2,5,11,Beam_2_3_11,2311
4667,Beam_2_3_5,19699,0.03188,0.22418,0.024996,3,3,248,2,5,11,Beam_2_3_11,2311
4668,Beam_2_3_5,19751,0.03188,0.22418,0.026074,3,3,248,2,5,11,Beam_2_3_11,2311
4669,Beam_2_3_5,19720,0.023797,0.22431,0.025048,3,3,248,2,5,11,Beam_2_3_11,2311
4670,Beam_2_3_5,19732,0.023797,0.22431,0.026124,3,3,248,2,5,11,Beam_2_3_11,2311
4671,Beam_2_3_5,19753,0.035212,0.22432,0.026128,3,3,248,2,5,11,Beam_2_3_11,2311
4672,Beam_2_3_5,19694,0.035212,0.22432,0.025052,3,3,248,2,5,11,Beam_2_3_11,2311
4673,Beam_2_3_5,19731,0.025693,0.2248,0.026318,3,3,248,2,5,11,Beam_2_3_11,2311
4674,Beam_2_3_5,19719,0.025693,0.2248,0.025245,3,3,248,2,5,11,Beam_2_3_11,2311
4675,Beam_2_3_5,19748,0.0295,0.2248,0.026318,3,3,248,2,5,11,Beam_2_3_11,2311
4676,Beam_2_3_5,19700,0.0295,0.2248,0.025245,3,3,248,2,5,11,Beam_2_3_11,2311
4677,Beam_2_3_5,19754,0.03332,0.22481,0.026321,3,3,248,2,5,11,Beam_2_3_11,2311
4678,Beam_2_3_5,19695,0.03332,0.22481,0.025248,3,3,248,2,5,11,Beam_2_3_11,2311
4679,Beam_2_3_5,19718,0.027595,0.2253,0.025439,3,3,248,2,5,11,Beam_2_3_11,2311
4680,Beam_2_3_5,19734,0.027595,0.2253,0.026509,3,3,248,2,5,11,Beam_2_3_11,2311
4681,Beam_2_3_5,19755,0.031422,0.22531,0.02651,3,3,248,2,5,11,Beam_2_3_11,2311
4682,Beam_2_3_5,19687,0.031422,0.22531,0.025441,3,3,248,2,5,11,Beam_2_3_11,2311
4683,Beam_2_3_5,19737,0.025699,0.2258,0.026694,3,3,248,2,5,11,Beam_2_3_11,2311
4684,Beam_2_3_5,19717,0.025699,0.2258,0.025627,3,3,248,2,5,11,Beam_2_3_11,2311
4685,Beam_2_3_5,19688,0.033313,0.2258,0.025629,3,3,248,2,5,11,Beam_2_3_11,2311
4686,Beam_2_3_5,19756,0.033313,0.2258,0.026695,3,3,248,2,5,11,Beam_2_3_11,2311
4687,Beam_2_3_5,19741,0.029514,0.22581,0.026696,3,3,248,2,5,11,Beam_2_3_11,2311
4688,Beam_2_3_5,19709,0.029514,0.22581,0.02563,3,3,248,2,5,11,Beam_2_3_11,2311
4689,Beam_2_3_5,19716,0.023798,0.2263,0.025812,3,3,248,2,5,11,Beam_2_3_11,2311
4690,Beam_2_3_5,19736,0.023798,0.2263,0.026876,3,3,248,2,5,11,Beam_2_3_11,2311
4691,Beam_2_3_5,19689,0.03521,0.2263,0.025813,3,3,248,2,5,11,Beam_2_3_11,2311
4692,Beam_2_3_5,19757,0.03521,0.2263,0.026877,3,3,248,2,5,11,Beam_2_3_11,2311
4693,Beam_2_3_5,19738,0.02714,0.22643,0.026922,3,3,248,2,5,11,Beam_2_3_11,2311
4694,Beam_2_3_5,19710,0.02714,0.22643,0.025859,3,3,248,2,5,11,Beam_2_3_11,2311
4695,Beam_2_3_5,19744,0.031881,0.22643,0.026922,3,3,248,2,5,11,Beam_2_3_11,2311
4696,Beam_2_3_5,19708,0.031881,0.22643,0.025859,3,3,248,2,5,11,Beam_2_3_11,2311
4697,Beam_2_3_5,19735,0.021902,0.2268,0.027053,3,3,248,2,5,11,Beam_2_3_11,2311
4698,Beam_2_3_5,19715,0.021902,0.2268,0.025992,3,3,248,2,5,11,Beam_2_3_11,2311
4699,Beam_2_3_5,19690,0.037103,0.2268,0.025992,3,3,248,2,5,11,Beam_2_3_11,2311
4700,Beam_2_3_5,19758,0.037103,0.2268,0.027053,3,3,248,2,5,11,Beam_2_3_11,2311
4701,Beam_2_3_5,19711,0.024758,0.22705,0.026082,3,3,248,2,5,11,Beam_2_3_11,2311
4702,Beam_2_3_5,19739,0.024758,0.22705,0.027142,3,3,248,2,5,11,Beam_2_3_11,2311
4703,Beam_2_3_5,19743,0.034256,0.22705,0.027142,3,3,248,2,5,11,Beam_2_3_11,2311
4704,Beam_2_3_5,19707,0.034256,0.22705,0.026082,3,3,248,2,5,11,Beam_2_3_11,2311
4705,Beam_2_3_5,19740,0.022383,0.22767,0.027354,3,3,248,2,5,11,Beam_2_3_11,2311
4706,Beam_2_3_5,19712,0.022383,0.22767,0.026298,3,3,248,2,5,11,Beam_2_3_11,2311
4707,Beam_2_3_5,19706,0.036624,0.22767,0.026298,3,3,248,2,5,11,Beam_2_3_11,2311
4708,Beam_2_3_5,19742,0.036624,0.22767,0.027354,3,3,248,2,5,11,Beam_2_3_11,2311
4709,Beam_2_3_5,25349,0.02,0.2288,0.027198,3,3,248,2,5,11,Beam_2_3_11,2311
4710,Beam_2_3_5,25352,0.02475,0.2288,0.027198,3,3,248,2,5,11,Beam_2_3_11,2311
4711,Beam_2_3_5,25351,0.0295,0.2288,0.027198,3,3,248,2,5,11,Beam_2_3_11,2311
4712,Beam_2_3_5,25350,0.03425,0.2288,0.027198,3,3,248,2,5,11,Beam_2_3_11,2311
4713,Beam_2_3_5,25348,0.039,0.2288,0.027198,3,3,248,2,5,11,Beam_2_3_11,2311
4714,Beam_2_3_6,21017,0.022371,0.22993,0.027027,3,3,302,2,6,10,Beam_2_3_10,2310
4715,Beam_2_3_6,21029,0.022371,0.22993,0.028072,3,3,302,2,6,10,Beam_2_3_10,2310
4716,Beam_2_3_6,21031,0.036629,0.22993,0.028072,3,3,302,2,6,10,Beam_2_3_10,2310
4717,Beam_2_3_6,21011,0.036629,0.22993,0.027027,3,3,302,2,6,10,Beam_2_3_10,2310
4718,Beam_2_3_6,21028,0.024749,0.23056,0.028256,3,3,302,2,6,10,Beam_2_3_10,2310
4719,Beam_2_3_6,21016,0.024749,0.23056,0.027214,3,3,302,2,6,10,Beam_2_3_10,2310
4720,Beam_2_3_6,21032,0.034251,0.23056,0.028256,3,3,302,2,6,10,Beam_2_3_10,2310
4721,Beam_2_3_6,21012,0.034251,0.23056,0.027214,3,3,302,2,6,10,Beam_2_3_10,2310
4722,Beam_2_3_6,21043,0.021896,0.23081,0.028328,3,3,302,2,6,10,Beam_2_3_10,2310
4723,Beam_2_3_6,20999,0.021896,0.23081,0.027287,3,3,302,2,6,10,Beam_2_3_10,2310
4724,Beam_2_3_6,21034,0.037108,0.23082,0.028331,3,3,302,2,6,10,Beam_2_3_10,2310
4725,Beam_2_3_6,21007,0.037108,0.23082,0.027291,3,3,302,2,6,10,Beam_2_3_10,2310
4726,Beam_2_3_6,21015,0.027121,0.23118,0.027394,3,3,302,2,6,10,Beam_2_3_10,2310
4727,Beam_2_3_6,21027,0.027121,0.23118,0.028432,3,3,302,2,6,10,Beam_2_3_10,2310
4728,Beam_2_3_6,21033,0.031879,0.23118,0.028432,3,3,302,2,6,10,Beam_2_3_10,2310
4729,Beam_2_3_6,21013,0.031879,0.23118,0.027394,3,3,302,2,6,10,Beam_2_3_10,2310
4730,Beam_2_3_6,21042,0.023797,0.23131,0.028468,3,3,302,2,6,10,Beam_2_3_10,2310
4731,Beam_2_3_6,20998,0.023797,0.23131,0.02743,3,3,302,2,6,10,Beam_2_3_10,2310
4732,Beam_2_3_6,21035,0.035212,0.23132,0.028471,3,3,302,2,6,10,Beam_2_3_10,2310
4733,Beam_2_3_6,21008,0.035212,0.23132,0.027432,3,3,302,2,6,10,Beam_2_3_10,2310
4734,Beam_2_3_6,20997,0.025694,0.2318,0.027568,3,3,302,2,6,10,Beam_2_3_10,2310
4735,Beam_2_3_6,21041,0.025694,0.2318,0.028604,3,3,302,2,6,10,Beam_2_3_10,2310
4736,Beam_2_3_6,21014,0.0295,0.2318,0.027567,3,3,302,2,6,10,Beam_2_3_10,2310
4737,Beam_2_3_6,21030,0.0295,0.2318,0.028604,3,3,302,2,6,10,Beam_2_3_10,2310
4738,Beam_2_3_6,21009,0.033319,0.23181,0.02757,3,3,302,2,6,10,Beam_2_3_10,2310
4739,Beam_2_3_6,21036,0.033319,0.23181,0.028606,3,3,302,2,6,10,Beam_2_3_10,2310
4740,Beam_2_3_6,21044,0.027595,0.2323,0.028736,3,3,302,2,6,10,Beam_2_3_10,2310
4741,Beam_2_3_6,20996,0.027595,0.2323,0.027702,3,3,302,2,6,10,Beam_2_3_10,2310
4742,Beam_2_3_6,21001,0.031422,0.23231,0.027703,3,3,302,2,6,10,Beam_2_3_10,2310
4743,Beam_2_3_6,21037,0.031422,0.23231,0.028737,3,3,302,2,6,10,Beam_2_3_10,2310
4744,Beam_2_3_6,20995,0.025698,0.2328,0.027832,3,3,302,2,6,10,Beam_2_3_10,2310
4745,Beam_2_3_6,21047,0.025698,0.2328,0.028864,3,3,302,2,6,10,Beam_2_3_10,2310
4746,Beam_2_3_6,21002,0.033314,0.2328,0.027833,3,3,302,2,6,10,Beam_2_3_10,2310
4747,Beam_2_3_6,21038,0.033314,0.2328,0.028865,3,3,302,2,6,10,Beam_2_3_10,2310
4748,Beam_2_3_6,21051,0.029514,0.23281,0.028866,3,3,302,2,6,10,Beam_2_3_10,2310
4749,Beam_2_3_6,20987,0.029514,0.23281,0.027834,3,3,302,2,6,10,Beam_2_3_10,2310
4750,Beam_2_3_6,21046,0.023798,0.2333,0.028989,3,3,302,2,6,10,Beam_2_3_10,2310
4751,Beam_2_3_6,20994,0.023798,0.2333,0.027959,3,3,302,2,6,10,Beam_2_3_10,2310
4752,Beam_2_3_6,21039,0.035211,0.2333,0.028989,3,3,302,2,6,10,Beam_2_3_10,2310
4753,Beam_2_3_6,21003,0.035211,0.2333,0.027959,3,3,302,2,6,10,Beam_2_3_10,2310
4754,Beam_2_3_6,20988,0.027139,0.23343,0.027991,3,3,302,2,6,10,Beam_2_3_10,2310
4755,Beam_2_3_6,21048,0.027139,0.23343,0.02902,3,3,302,2,6,10,Beam_2_3_10,2310
4756,Beam_2_3_6,21054,0.031882,0.23343,0.02902,3,3,302,2,6,10,Beam_2_3_10,2310
4757,Beam_2_3_6,20986,0.031882,0.23343,0.027991,3,3,302,2,6,10,Beam_2_3_10,2310
4758,Beam_2_3_6,21045,0.021901,0.2338,0.029109,3,3,302,2,6,10,Beam_2_3_10,2310
4759,Beam_2_3_6,20993,0.021901,0.2338,0.028081,3,3,302,2,6,10,Beam_2_3_10,2310
4760,Beam_2_3_6,21040,0.037104,0.2338,0.02911,3,3,302,2,6,10,Beam_2_3_10,2310
4761,Beam_2_3_6,21004,0.037104,0.2338,0.028081,3,3,302,2,6,10,Beam_2_3_10,2310
4762,Beam_2_3_6,21049,0.024758,0.23405,0.029169,3,3,302,2,6,10,Beam_2_3_10,2310
4763,Beam_2_3_6,20989,0.024758,0.23405,0.028142,3,3,302,2,6,10,Beam_2_3_10,2310
4764,Beam_2_3_6,21053,0.034256,0.23405,0.029169,3,3,302,2,6,10,Beam_2_3_10,2310
4765,Beam_2_3_6,20985,0.034256,0.23405,0.028142,3,3,302,2,6,10,Beam_2_3_10,2310
4766,Beam_2_3_6,21050,0.022381,0.23467,0.029312,3,3,302,2,6,10,Beam_2_3_10,2310
4767,Beam_2_3_6,20990,0.022381,0.23467,0.028286,3,3,302,2,6,10,Beam_2_3_10,2310
4768,Beam_2_3_6,21052,0.036626,0.23467,0.029312,3,3,302,2,6,10,Beam_2_3_10,2310
4769,Beam_2_3_6,20984,0.036626,0.23467,0.028286,3,3,302,2,6,10,Beam_2_3_10,2310
4770,Beam_2_3_6,25340,0.02,0.2358,0.029044,3,3,302,2,6,10,Beam_2_3_10,2310
4771,Beam_2_3_6,25343,0.02475,0.2358,0.029044,3,3,302,2,6,10,Beam_2_3_10,2310
4772,Beam_2_3_6,25342,0.0295,0.2358,0.029044,3,3,302,2,6,10,Beam_2_3_10,2310
4773,Beam_2_3_6,25341,0.03425,0.2358,0.029044,3,3,302,2,6,10,Beam_2_3_10,2310
4774,Beam_2_3_6,25339,0.039,0.2358,0.029044,3,3,302,2,6,10,Beam_2_3_10,2310
4775,Beam_2_3_7,22313,0.022373,0.23693,0.028762,3,3,356,2,7,9,Beam_2_3_9,2309
4776,Beam_2_3_7,22325,0.022373,0.23693,0.02978,3,3,356,2,7,9,Beam_2_3_9,2309
4777,Beam_2_3_7,22327,0.036627,0.23693,0.02978,3,3,356,2,7,9,Beam_2_3_9,2309
4778,Beam_2_3_7,22307,0.036627,0.23693,0.028762,3,3,356,2,7,9,Beam_2_3_9,2309
4779,Beam_2_3_7,22312,0.024749,0.23756,0.028879,3,3,356,2,7,9,Beam_2_3_9,2309
4780,Beam_2_3_7,22324,0.024749,0.23756,0.029895,3,3,356,2,7,9,Beam_2_3_9,2309
4781,Beam_2_3_7,22308,0.034251,0.23756,0.028879,3,3,356,2,7,9,Beam_2_3_9,2309
4782,Beam_2_3_7,22328,0.034251,0.23756,0.029895,3,3,356,2,7,9,Beam_2_3_9,2309
4783,Beam_2_3_7,22295,0.021897,0.23781,0.028924,3,3,356,2,7,9,Beam_2_3_9,2309
4784,Beam_2_3_7,22339,0.021897,0.23781,0.02994,3,3,356,2,7,9,Beam_2_3_9,2309
4785,Beam_2_3_7,22330,0.037107,0.23782,0.029942,3,3,356,2,7,9,Beam_2_3_9,2309
4786,Beam_2_3_7,22303,0.037107,0.23782,0.028927,3,3,356,2,7,9,Beam_2_3_9,2309
4787,Beam_2_3_7,22323,0.027123,0.23818,0.030005,3,3,356,2,7,9,Beam_2_3_9,2309
4788,Beam_2_3_7,22311,0.027123,0.23818,0.02899,3,3,356,2,7,9,Beam_2_3_9,2309
4789,Beam_2_3_7,22309,0.031877,0.23818,0.02899,3,3,356,2,7,9,Beam_2_3_9,2309
4790,Beam_2_3_7,22329,0.031877,0.23818,0.030005,3,3,356,2,7,9,Beam_2_3_9,2309
4791,Beam_2_3_7,22338,0.023797,0.23831,0.030027,3,3,356,2,7,9,Beam_2_3_9,2309
4792,Beam_2_3_7,22294,0.023797,0.23831,0.029012,3,3,356,2,7,9,Beam_2_3_9,2309
4793,Beam_2_3_7,22331,0.035211,0.23832,0.030028,3,3,356,2,7,9,Beam_2_3_9,2309
4794,Beam_2_3_7,22304,0.035211,0.23832,0.029014,3,3,356,2,7,9,Beam_2_3_9,2309
4795,Beam_2_3_7,22293,0.025695,0.2388,0.029096,3,3,356,2,7,9,Beam_2_3_9,2309
4796,Beam_2_3_7,22337,0.025695,0.2388,0.030109,3,3,356,2,7,9,Beam_2_3_9,2309
4797,Beam_2_3_7,22310,0.0295,0.2388,0.029096,3,3,356,2,7,9,Beam_2_3_9,2309
4798,Beam_2_3_7,22326,0.0295,0.2388,0.030109,3,3,356,2,7,9,Beam_2_3_9,2309
4799,Beam_2_3_7,22305,0.033318,0.23881,0.029097,3,3,356,2,7,9,Beam_2_3_9,2309
4800,Beam_2_3_7,22332,0.033318,0.23881,0.03011,3,3,356,2,7,9,Beam_2_3_9,2309
4801,Beam_2_3_7,22340,0.027595,0.2393,0.030188,3,3,356,2,7,9,Beam_2_3_9,2309
4802,Beam_2_3_7,22292,0.027595,0.2393,0.029176,3,3,356,2,7,9,Beam_2_3_9,2309
4803,Beam_2_3_7,22333,0.031422,0.23931,0.030189,3,3,356,2,7,9,Beam_2_3_9,2309
4804,Beam_2_3_7,22297,0.031422,0.23931,0.029177,3,3,356,2,7,9,Beam_2_3_9,2309
4805,Beam_2_3_7,22291,0.025697,0.2398,0.029252,3,3,356,2,7,9,Beam_2_3_9,2309
4806,Beam_2_3_7,22343,0.025697,0.2398,0.030263,3,3,356,2,7,9,Beam_2_3_9,2309
4807,Beam_2_3_7,22334,0.033315,0.2398,0.030264,3,3,356,2,7,9,Beam_2_3_9,2309
4808,Beam_2_3_7,22298,0.033315,0.2398,0.029253,3,3,356,2,7,9,Beam_2_3_9,2309
4809,Beam_2_3_7,22283,0.029514,0.23981,0.029253,3,3,356,2,7,9,Beam_2_3_9,2309
4810,Beam_2_3_7,22347,0.029514,0.23981,0.030264,3,3,356,2,7,9,Beam_2_3_9,2309
4811,Beam_2_3_7,22342,0.023798,0.2403,0.030335,3,3,356,2,7,9,Beam_2_3_9,2309
4812,Beam_2_3_7,22290,0.023798,0.2403,0.029325,3,3,356,2,7,9,Beam_2_3_9,2309
4813,Beam_2_3_7,22299,0.035211,0.2403,0.029325,3,3,356,2,7,9,Beam_2_3_9,2309
4814,Beam_2_3_7,22335,0.035211,0.2403,0.030335,3,3,356,2,7,9,Beam_2_3_9,2309
4815,Beam_2_3_7,22284,0.027137,0.24043,0.029343,3,3,356,2,7,9,Beam_2_3_9,2309
4816,Beam_2_3_7,22344,0.027137,0.24043,0.030353,3,3,356,2,7,9,Beam_2_3_9,2309
4817,Beam_2_3_7,22282,0.031884,0.24043,0.029343,3,3,356,2,7,9,Beam_2_3_9,2309
4818,Beam_2_3_7,22350,0.031884,0.24043,0.030353,3,3,356,2,7,9,Beam_2_3_9,2309
4819,Beam_2_3_7,22289,0.0219,0.2408,0.029394,3,3,356,2,7,9,Beam_2_3_9,2309
4820,Beam_2_3_7,22341,0.0219,0.2408,0.030403,3,3,356,2,7,9,Beam_2_3_9,2309
4821,Beam_2_3_7,22336,0.037104,0.2408,0.030403,3,3,356,2,7,9,Beam_2_3_9,2309
4822,Beam_2_3_7,22300,0.037104,0.2408,0.029394,3,3,356,2,7,9,Beam_2_3_9,2309
4823,Beam_2_3_7,22345,0.024757,0.24105,0.030436,3,3,356,2,7,9,Beam_2_3_9,2309
4824,Beam_2_3_7,22285,0.024757,0.24105,0.029427,3,3,356,2,7,9,Beam_2_3_9,2309
4825,Beam_2_3_7,22349,0.034257,0.24105,0.030436,3,3,356,2,7,9,Beam_2_3_9,2309
4826,Beam_2_3_7,22281,0.034257,0.24105,0.029427,3,3,356,2,7,9,Beam_2_3_9,2309
4827,Beam_2_3_7,22286,0.02238,0.24167,0.029506,3,3,356,2,7,9,Beam_2_3_9,2309
4828,Beam_2_3_7,22346,0.02238,0.24167,0.030513,3,3,356,2,7,9,Beam_2_3_9,2309
4829,Beam_2_3_7,22280,0.036627,0.24167,0.029506,3,3,356,2,7,9,Beam_2_3_9,2309
4830,Beam_2_3_7,22348,0.036627,0.24167,0.030513,3,3,356,2,7,9,Beam_2_3_9,2309
4831,Beam_2_3_7,25331,0.02,0.2428,0.030136,3,3,356,2,7,9,Beam_2_3_9,2309
4832,Beam_2_3_7,25334,0.02475,0.2428,0.030136,3,3,356,2,7,9,Beam_2_3_9,2309
4833,Beam_2_3_7,25333,0.0295,0.2428,0.030136,3,3,356,2,7,9,Beam_2_3_9,2309
4834,Beam_2_3_7,25332,0.03425,0.2428,0.030136,3,3,356,2,7,9,Beam_2_3_9,2309
4835,Beam_2_3_7,25330,0.039,0.2428,0.030136,3,3,356,2,7,9,Beam_2_3_9,2309
4836,Beam_2_3_8,23621,0.022374,0.24393,0.030747,3,3,410,2,8,8,Beam_2_3_8,2308
4837,Beam_2_3_8,23609,0.022374,0.24393,0.029743,3,3,410,2,8,8,Beam_2_3_8,2308
4838,Beam_2_3_8,23623,0.036626,0.24393,0.030747,3,3,410,2,8,8,Beam_2_3_8,2308
4839,Beam_2_3_8,23603,0.036626,0.24393,0.029743,3,3,410,2,8,8,Beam_2_3_8,2308
4840,Beam_2_3_8,23620,0.02475,0.24456,0.030798,3,3,410,2,8,8,Beam_2_3_8,2308
4841,Beam_2_3_8,23608,0.02475,0.24456,0.029795,3,3,410,2,8,8,Beam_2_3_8,2308
4842,Beam_2_3_8,23624,0.03425,0.24456,0.030798,3,3,410,2,8,8,Beam_2_3_8,2308
4843,Beam_2_3_8,23604,0.03425,0.24456,0.029795,3,3,410,2,8,8,Beam_2_3_8,2308
4844,Beam_2_3_8,23635,0.021898,0.24481,0.030817,3,3,410,2,8,8,Beam_2_3_8,2308
4845,Beam_2_3_8,23591,0.021898,0.24481,0.029815,3,3,410,2,8,8,Beam_2_3_8,2308
4846,Beam_2_3_8,23626,0.037106,0.24482,0.030818,3,3,410,2,8,8,Beam_2_3_8,2308
4847,Beam_2_3_8,23599,0.037106,0.24482,0.029816,3,3,410,2,8,8,Beam_2_3_8,2308
4848,Beam_2_3_8,23607,0.027124,0.24518,0.029842,3,3,410,2,8,8,Beam_2_3_8,2308
4849,Beam_2_3_8,23619,0.027124,0.24518,0.030844,3,3,410,2,8,8,Beam_2_3_8,2308
4850,Beam_2_3_8,23625,0.031876,0.24518,0.030844,3,3,410,2,8,8,Beam_2_3_8,2308
4851,Beam_2_3_8,23605,0.031876,0.24518,0.029842,3,3,410,2,8,8,Beam_2_3_8,2308
4852,Beam_2_3_8,23590,0.023797,0.24531,0.02985,3,3,410,2,8,8,Beam_2_3_8,2308
4853,Beam_2_3_8,23634,0.023797,0.24531,0.030853,3,3,410,2,8,8,Beam_2_3_8,2308
4854,Beam_2_3_8,23627,0.035211,0.24532,0.030853,3,3,410,2,8,8,Beam_2_3_8,2308
4855,Beam_2_3_8,23600,0.035211,0.24532,0.029851,3,3,410,2,8,8,Beam_2_3_8,2308
4856,Beam_2_3_8,23589,0.025696,0.2458,0.029883,3,3,410,2,8,8,Beam_2_3_8,2308
4857,Beam_2_3_8,23633,0.025696,0.2458,0.030884,3,3,410,2,8,8,Beam_2_3_8,2308
4858,Beam_2_3_8,23622,0.0295,0.2458,0.030884,3,3,410,2,8,8,Beam_2_3_8,2308
4859,Beam_2_3_8,23606,0.0295,0.2458,0.029882,3,3,410,2,8,8,Beam_2_3_8,2308
4860,Beam_2_3_8,23601,0.033317,0.24581,0.029883,3,3,410,2,8,8,Beam_2_3_8,2308
4861,Beam_2_3_8,23628,0.033317,0.24581,0.030885,3,3,410,2,8,8,Beam_2_3_8,2308
4862,Beam_2_3_8,23636,0.027595,0.2463,0.030913,3,3,410,2,8,8,Beam_2_3_8,2308
4863,Beam_2_3_8,23588,0.027595,0.2463,0.029911,3,3,410,2,8,8,Beam_2_3_8,2308
4864,Beam_2_3_8,23629,0.031422,0.24631,0.030913,3,3,410,2,8,8,Beam_2_3_8,2308
4865,Beam_2_3_8,23593,0.031422,0.24631,0.029911,3,3,410,2,8,8,Beam_2_3_8,2308
4866,Beam_2_3_8,23639,0.025697,0.2468,0.030937,3,3,410,2,8,8,Beam_2_3_8,2308
4867,Beam_2_3_8,23587,0.025697,0.2468,0.029936,3,3,410,2,8,8,Beam_2_3_8,2308
4868,Beam_2_3_8,23594,0.033316,0.2468,0.029936,3,3,410,2,8,8,Beam_2_3_8,2308
4869,Beam_2_3_8,23630,0.033316,0.2468,0.030937,3,3,410,2,8,8,Beam_2_3_8,2308
4870,Beam_2_3_8,23643,0.029514,0.24681,0.030937,3,3,410,2,8,8,Beam_2_3_8,2308
4871,Beam_2_3_8,23579,0.029514,0.24681,0.029936,3,3,410,2,8,8,Beam_2_3_8,2308
4872,Beam_2_3_8,23638,0.023798,0.2473,0.030958,3,3,410,2,8,8,Beam_2_3_8,2308
4873,Beam_2_3_8,23586,0.023798,0.2473,0.029957,3,3,410,2,8,8,Beam_2_3_8,2308
4874,Beam_2_3_8,23631,0.035211,0.2473,0.030958,3,3,410,2,8,8,Beam_2_3_8,2308
4875,Beam_2_3_8,23595,0.035211,0.2473,0.029957,3,3,410,2,8,8,Beam_2_3_8,2308
4876,Beam_2_3_8,23580,0.027136,0.24743,0.029962,3,3,410,2,8,8,Beam_2_3_8,2308
4877,Beam_2_3_8,23640,0.027136,0.24743,0.030963,3,3,410,2,8,8,Beam_2_3_8,2308
4878,Beam_2_3_8,23578,0.031885,0.24743,0.029962,3,3,410,2,8,8,Beam_2_3_8,2308
4879,Beam_2_3_8,23646,0.031885,0.24743,0.030963,3,3,410,2,8,8,Beam_2_3_8,2308
4880,Beam_2_3_8,23637,0.021899,0.2478,0.030976,3,3,410,2,8,8,Beam_2_3_8,2308
4881,Beam_2_3_8,23585,0.021899,0.2478,0.029975,3,3,410,2,8,8,Beam_2_3_8,2308
4882,Beam_2_3_8,23596,0.037105,0.2478,0.029975,3,3,410,2,8,8,Beam_2_3_8,2308
4883,Beam_2_3_8,23632,0.037105,0.2478,0.030976,3,3,410,2,8,8,Beam_2_3_8,2308
4884,Beam_2_3_8,23641,0.024757,0.24805,0.030983,3,3,410,2,8,8,Beam_2_3_8,2308
4885,Beam_2_3_8,23581,0.024757,0.24805,0.029983,3,3,410,2,8,8,Beam_2_3_8,2308
4886,Beam_2_3_8,23645,0.034257,0.24805,0.030983,3,3,410,2,8,8,Beam_2_3_8,2308
4887,Beam_2_3_8,23577,0.034257,0.24805,0.029983,3,3,410,2,8,8,Beam_2_3_8,2308
4888,Beam_2_3_8,23642,0.022379,0.24867,0.030998,3,3,410,2,8,8,Beam_2_3_8,2308
4889,Beam_2_3_8,23582,0.022379,0.24867,0.029997,3,3,410,2,8,8,Beam_2_3_8,2308
4890,Beam_2_3_8,23576,0.036628,0.24867,0.029997,3,3,410,2,8,8,Beam_2_3_8,2308
4891,Beam_2_3_8,23644,0.036628,0.24867,0.030998,3,3,410,2,8,8,Beam_2_3_8,2308
4892,Beam_2_3_8,25322,0.02,0.2498,0.030509,3,3,410,2,8,8,Beam_2_3_8,2308
4893,Beam_2_3_8,25325,0.02475,0.2498,0.030509,3,3,410,2,8,8,Beam_2_3_8,2308
4894,Beam_2_3_8,25324,0.0295,0.2498,0.030509,3,3,410,2,8,8,Beam_2_3_8,2308
4895,Beam_2_3_8,25323,0.03425,0.2498,0.030509,3,3,410,2,8,8,Beam_2_3_8,2308
4896,Beam_2_3_8,25321,0.039,0.2498,0.030509,3,3,410,2,8,8,Beam_2_3_8,2308
4897,Beam_2_3_9,24230,0.022375,0.25093,0.030004,3,3,437,2,9,7,Beam_2_3_7,2307
4898,Beam_2_3_9,24290,0.022375,0.25093,0.031004,3,3,437,2,9,7,Beam_2_3_7,2307
4899,Beam_2_3_9,24292,0.036625,0.25093,0.031004,3,3,437,2,9,7,Beam_2_3_7,2307
4900,Beam_2_3_9,24224,0.036625,0.25093,0.030004,3,3,437,2,9,7,Beam_2_3_7,2307
4901,Beam_2_3_9,24289,0.02475,0.25156,0.030993,3,3,437,2,9,7,Beam_2_3_7,2307
4902,Beam_2_3_9,24229,0.02475,0.25156,0.029993,3,3,437,2,9,7,Beam_2_3_7,2307
4903,Beam_2_3_9,24225,0.03425,0.25156,0.029993,3,3,437,2,9,7,Beam_2_3_7,2307
4904,Beam_2_3_9,24293,0.03425,0.25156,0.030993,3,3,437,2,9,7,Beam_2_3_7,2307
4905,Beam_2_3_9,24276,0.021899,0.25181,0.030987,3,3,437,2,9,7,Beam_2_3_7,2307
4906,Beam_2_3_9,24248,0.021899,0.25181,0.029987,3,3,437,2,9,7,Beam_2_3_7,2307
4907,Beam_2_3_9,24281,0.037105,0.25182,0.030987,3,3,437,2,9,7,Beam_2_3_7,2307
4908,Beam_2_3_9,24238,0.037105,0.25182,0.029986,3,3,437,2,9,7,Beam_2_3_7,2307
4909,Beam_2_3_9,24288,0.027125,0.25218,0.030976,3,3,437,2,9,7,Beam_2_3_7,2307
4910,Beam_2_3_9,24228,0.027125,0.25218,0.029976,3,3,437,2,9,7,Beam_2_3_7,2307
4911,Beam_2_3_9,24294,0.031875,0.25218,0.030976,3,3,437,2,9,7,Beam_2_3_7,2307
4912,Beam_2_3_9,24226,0.031875,0.25218,0.029976,3,3,437,2,9,7,Beam_2_3_7,2307
4913,Beam_2_3_9,24247,0.023798,0.25231,0.029972,3,3,437,2,9,7,Beam_2_3_7,2307
4914,Beam_2_3_9,24275,0.023798,0.25231,0.030972,3,3,437,2,9,7,Beam_2_3_7,2307
4915,Beam_2_3_9,24282,0.035211,0.25232,0.030972,3,3,437,2,9,7,Beam_2_3_7,2307
4916,Beam_2_3_9,24239,0.035211,0.25232,0.029971,3,3,437,2,9,7,Beam_2_3_7,2307
4917,Beam_2_3_9,24274,0.025696,0.2528,0.030954,3,3,437,2,9,7,Beam_2_3_7,2307
4918,Beam_2_3_9,24246,0.025696,0.2528,0.029953,3,3,437,2,9,7,Beam_2_3_7,2307
4919,Beam_2_3_9,24227,0.0295,0.2528,0.029953,3,3,437,2,9,7,Beam_2_3_7,2307
4920,Beam_2_3_9,24291,0.0295,0.2528,0.030954,3,3,437,2,9,7,Beam_2_3_7,2307
4921,Beam_2_3_9,24283,0.033316,0.25281,0.030954,3,3,437,2,9,7,Beam_2_3_7,2307
4922,Beam_2_3_9,24240,0.033316,0.25281,0.029953,3,3,437,2,9,7,Beam_2_3_7,2307
4923,Beam_2_3_9,24245,0.027595,0.2533,0.029931,3,3,437,2,9,7,Beam_2_3_7,2307
4924,Beam_2_3_9,24277,0.027595,0.2533,0.030932,3,3,437,2,9,7,Beam_2_3_7,2307
4925,Beam_2_3_9,24232,0.031422,0.25331,0.029931,3,3,437,2,9,7,Beam_2_3_7,2307
4926,Beam_2_3_9,24284,0.031422,0.25331,0.030932,3,3,437,2,9,7,Beam_2_3_7,2307
4927,Beam_2_3_9,24244,0.025696,0.2538,0.029905,3,3,437,2,9,7,Beam_2_3_7,2307
4928,Beam_2_3_9,24280,0.025696,0.2538,0.030907,3,3,437,2,9,7,Beam_2_3_7,2307
4929,Beam_2_3_9,24285,0.033317,0.2538,0.030907,3,3,437,2,9,7,Beam_2_3_7,2307
4930,Beam_2_3_9,24233,0.033317,0.2538,0.029905,3,3,437,2,9,7,Beam_2_3_7,2307
4931,Beam_2_3_9,24254,0.029514,0.25381,0.029905,3,3,437,2,9,7,Beam_2_3_7,2307
4932,Beam_2_3_9,24270,0.029514,0.25381,0.030907,3,3,437,2,9,7,Beam_2_3_7,2307
4933,Beam_2_3_9,24243,0.023797,0.2543,0.029876,3,3,437,2,9,7,Beam_2_3_7,2307
4934,Beam_2_3_9,24279,0.023797,0.2543,0.030878,3,3,437,2,9,7,Beam_2_3_7,2307
4935,Beam_2_3_9,24286,0.035211,0.2543,0.030878,3,3,437,2,9,7,Beam_2_3_7,2307
4936,Beam_2_3_9,24234,0.035211,0.2543,0.029876,3,3,437,2,9,7,Beam_2_3_7,2307
4937,Beam_2_3_9,24267,0.027135,0.25443,0.03087,3,3,437,2,9,7,Beam_2_3_7,2307
4938,Beam_2_3_9,24255,0.027135,0.25443,0.029868,3,3,437,2,9,7,Beam_2_3_7,2307
4939,Beam_2_3_9,24273,0.031886,0.25443,0.03087,3,3,437,2,9,7,Beam_2_3_7,2307
4940,Beam_2_3_9,24253,0.031886,0.25443,0.029868,3,3,437,2,9,7,Beam_2_3_7,2307
4941,Beam_2_3_9,24242,0.021898,0.2548,0.029843,3,3,437,2,9,7,Beam_2_3_7,2307
4942,Beam_2_3_9,24278,0.021898,0.2548,0.030846,3,3,437,2,9,7,Beam_2_3_7,2307
4943,Beam_2_3_9,24287,0.037106,0.2548,0.030845,3,3,437,2,9,7,Beam_2_3_7,2307
4944,Beam_2_3_9,24235,0.037106,0.2548,0.029843,3,3,437,2,9,7,Beam_2_3_7,2307
4945,Beam_2_3_9,24256,0.024757,0.25505,0.029825,3,3,437,2,9,7,Beam_2_3_7,2307
4946,Beam_2_3_9,24268,0.024757,0.25505,0.030828,3,3,437,2,9,7,Beam_2_3_7,2307
4947,Beam_2_3_9,24272,0.034257,0.25505,0.030828,3,3,437,2,9,7,Beam_2_3_7,2307
4948,Beam_2_3_9,24252,0.034257,0.25505,0.029825,3,3,437,2,9,7,Beam_2_3_7,2307
4949,Beam_2_3_9,24269,0.022378,0.25567,0.03078,3,3,437,2,9,7,Beam_2_3_7,2307
4950,Beam_2_3_9,24257,0.022378,0.25567,0.029776,3,3,437,2,9,7,Beam_2_3_7,2307
4951,Beam_2_3_9,24251,0.03663,0.25567,0.029776,3,3,437,2,9,7,Beam_2_3_7,2307
4952,Beam_2_3_9,24271,0.03663,0.25567,0.03078,3,3,437,2,9,7,Beam_2_3_7,2307
4953,Beam_2_3_9,25313,0.02,0.2568,0.030176,3,3,437,2,9,7,Beam_2_3_7,2307
4954,Beam_2_3_9,25316,0.02475,0.2568,0.030176,3,3,437,2,9,7,Beam_2_3_7,2307
4955,Beam_2_3_9,25315,0.0295,0.2568,0.030176,3,3,437,2,9,7,Beam_2_3_7,2307
4956,Beam_2_3_9,25314,0.03425,0.2568,0.030176,3,3,437,2,9,7,Beam_2_3_7,2307
4957,Beam_2_3_9,25312,0.039,0.2568,0.030176,3,3,437,2,9,7,Beam_2_3_7,2307
4958,Beam_2_3_10,22973,0.022376,0.25793,0.030559,3,3,383,2,10,6,Beam_2_3_6,2306
4959,Beam_2_3_10,22961,0.022376,0.25793,0.029553,3,3,383,2,10,6,Beam_2_3_6,2306
4960,Beam_2_3_10,22975,0.036624,0.25793,0.030559,3,3,383,2,10,6,Beam_2_3_6,2306
4961,Beam_2_3_10,22955,0.036624,0.25793,0.029553,3,3,383,2,10,6,Beam_2_3_6,2306
4962,Beam_2_3_10,22972,0.02475,0.25856,0.030485,3,3,383,2,10,6,Beam_2_3_6,2306
4963,Beam_2_3_10,22960,0.02475,0.25856,0.029478,3,3,383,2,10,6,Beam_2_3_6,2306
4964,Beam_2_3_10,22976,0.03425,0.25856,0.030485,3,3,383,2,10,6,Beam_2_3_6,2306
4965,Beam_2_3_10,22956,0.03425,0.25856,0.029478,3,3,383,2,10,6,Beam_2_3_6,2306
4966,Beam_2_3_10,22987,0.0219,0.25881,0.030454,3,3,383,2,10,6,Beam_2_3_6,2306
4967,Beam_2_3_10,22943,0.0219,0.25881,0.029446,3,3,383,2,10,6,Beam_2_3_6,2306
4968,Beam_2_3_10,22951,0.037104,0.25882,0.029444,3,3,383,2,10,6,Beam_2_3_6,2306
4969,Beam_2_3_10,22978,0.037105,0.25882,0.030452,3,3,383,2,10,6,Beam_2_3_6,2306
4970,Beam_2_3_10,22959,0.027127,0.25918,0.029397,3,3,383,2,10,6,Beam_2_3_6,2306
4971,Beam_2_3_10,22971,0.027127,0.25918,0.030406,3,3,383,2,10,6,Beam_2_3_6,2306
4972,Beam_2_3_10,22957,0.031873,0.25918,0.029397,3,3,383,2,10,6,Beam_2_3_6,2306
4973,Beam_2_3_10,22977,0.031873,0.25918,0.030406,3,3,383,2,10,6,Beam_2_3_6,2306
4974,Beam_2_3_10,22942,0.023798,0.25931,0.02938,3,3,383,2,10,6,Beam_2_3_6,2306
4975,Beam_2_3_10,22986,0.023798,0.25931,0.030389,3,3,383,2,10,6,Beam_2_3_6,2306
4976,Beam_2_3_10,22952,0.035211,0.25932,0.029378,3,3,383,2,10,6,Beam_2_3_6,2306
4977,Beam_2_3_10,22979,0.035211,0.25932,0.030388,3,3,383,2,10,6,Beam_2_3_6,2306
4978,Beam_2_3_10,22974,0.0295,0.2598,0.03032,3,3,383,2,10,6,Beam_2_3_6,2306
4979,Beam_2_3_10,22958,0.0295,0.2598,0.02931,3,3,383,2,10,6,Beam_2_3_6,2306
4980,Beam_2_3_10,22985,0.025697,0.25981,0.03032,3,3,383,2,10,6,Beam_2_3_6,2306
4981,Beam_2_3_10,22941,0.025697,0.25981,0.02931,3,3,383,2,10,6,Beam_2_3_6,2306
4982,Beam_2_3_10,22980,0.033315,0.25981,0.030319,3,3,383,2,10,6,Beam_2_3_6,2306
4983,Beam_2_3_10,22953,0.033315,0.25981,0.029309,3,3,383,2,10,6,Beam_2_3_6,2306
4984,Beam_2_3_10,22988,0.027595,0.2603,0.030248,3,3,383,2,10,6,Beam_2_3_6,2306
4985,Beam_2_3_10,22940,0.027595,0.2603,0.029237,3,3,383,2,10,6,Beam_2_3_6,2306
4986,Beam_2_3_10,22981,0.031422,0.26031,0.030247,3,3,383,2,10,6,Beam_2_3_6,2306
4987,Beam_2_3_10,22945,0.031422,0.26031,0.029236,3,3,383,2,10,6,Beam_2_3_6,2306
4988,Beam_2_3_10,22939,0.025695,0.2608,0.029159,3,3,383,2,10,6,Beam_2_3_6,2306
4989,Beam_2_3_10,22991,0.025695,0.2608,0.030172,3,3,383,2,10,6,Beam_2_3_6,2306
4990,Beam_2_3_10,22931,0.029514,0.26081,0.029159,3,3,383,2,10,6,Beam_2_3_6,2306
4991,Beam_2_3_10,22995,0.029514,0.26081,0.030171,3,3,383,2,10,6,Beam_2_3_6,2306
4992,Beam_2_3_10,22946,0.033318,0.26081,0.029159,3,3,383,2,10,6,Beam_2_3_6,2306
4993,Beam_2_3_10,22982,0.033318,0.26081,0.030171,3,3,383,2,10,6,Beam_2_3_6,2306
4994,Beam_2_3_10,22938,0.023797,0.2613,0.029079,3,3,383,2,10,6,Beam_2_3_6,2306
4995,Beam_2_3_10,22990,0.023797,0.2613,0.030092,3,3,383,2,10,6,Beam_2_3_6,2306
4996,Beam_2_3_10,22983,0.035211,0.2613,0.030092,3,3,383,2,10,6,Beam_2_3_6,2306
4997,Beam_2_3_10,22947,0.035211,0.2613,0.029078,3,3,383,2,10,6,Beam_2_3_6,2306
4998,Beam_2_3_10,22932,0.027133,0.26143,0.029057,3,3,383,2,10,6,Beam_2_3_6,2306
4999,Beam_2_3_10,22992,0.027133,0.26143,0.030071,3,3,383,2,10,6,Beam_2_3_6,2306
5000,Beam_2_3_10,22930,0.031888,0.26143,0.029057,3,3,383,2,10,6,Beam_2_3_6,2306
5001,Beam_2_3_10,22998,0.031888,0.26143,0.030071,3,3,383,2,10,6,Beam_2_3_6,2306
5002,Beam_2_3_10,22937,0.021897,0.2618,0.028994,3,3,383,2,10,6,Beam_2_3_6,2306
5003,Beam_2_3_10,22989,0.021897,0.2618,0.030009,3,3,383,2,10,6,Beam_2_3_6,2306
5004,Beam_2_3_10,22984,0.037107,0.2618,0.030009,3,3,383,2,10,6,Beam_2_3_6,2306
5005,Beam_2_3_10,22948,0.037107,0.2618,0.028994,3,3,383,2,10,6,Beam_2_3_6,2306
5006,Beam_2_3_10,22993,0.024757,0.26205,0.029965,3,3,383,2,10,6,Beam_2_3_6,2306
5007,Beam_2_3_10,22933,0.024757,0.26205,0.02895,3,3,383,2,10,6,Beam_2_3_6,2306
5008,Beam_2_3_10,22929,0.034258,0.26205,0.02895,3,3,383,2,10,6,Beam_2_3_6,2306
5009,Beam_2_3_10,22997,0.034258,0.26205,0.029965,3,3,383,2,10,6,Beam_2_3_6,2306
5010,Beam_2_3_10,22934,0.022376,0.26267,0.028836,3,3,383,2,10,6,Beam_2_3_6,2306
5011,Beam_2_3_10,22994,0.022376,0.26267,0.029853,3,3,383,2,10,6,Beam_2_3_6,2306
5012,Beam_2_3_10,22928,0.036631,0.26267,0.028836,3,3,383,2,10,6,Beam_2_3_6,2306
5013,Beam_2_3_10,22996,0.036631,0.26267,0.029853,3,3,383,2,10,6,Beam_2_3_6,2306
5014,Beam_2_3_10,25304,0.02,0.2638,0.029125,3,3,383,2,10,6,Beam_2_3_6,2306
5015,Beam_2_3_10,25307,0.02475,0.2638,0.029125,3,3,383,2,10,6,Beam_2_3_6,2306
5016,Beam_2_3_10,25306,0.0295,0.2638,0.029125,3,3,383,2,10,6,Beam_2_3_6,2306
5017,Beam_2_3_10,25305,0.03425,0.2638,0.029125,3,3,383,2,10,6,Beam_2_3_6,2306
5018,Beam_2_3_10,25303,0.039,0.2638,0.029125,3,3,383,2,10,6,Beam_2_3_6,2306
5019,Beam_2_3_11,21677,0.022378,0.26493,0.029399,3,3,329,2,11,5,Beam_2_3_5,2305
5020,Beam_2_3_11,21665,0.022378,0.26493,0.028375,3,3,329,2,11,5,Beam_2_3_5,2305
5021,Beam_2_3_11,21679,0.036622,0.26493,0.029399,3,3,329,2,11,5,Beam_2_3_5,2305
5022,Beam_2_3_11,21659,0.036622,0.26493,0.028375,3,3,329,2,11,5,Beam_2_3_5,2305
5023,Beam_2_3_11,21664,0.024751,0.26556,0.028234,3,3,329,2,11,5,Beam_2_3_5,2305
5024,Beam_2_3_11,21676,0.024751,0.26556,0.02926,3,3,329,2,11,5,Beam_2_3_5,2305
5025,Beam_2_3_11,21680,0.034249,0.26556,0.02926,3,3,329,2,11,5,Beam_2_3_5,2305
5026,Beam_2_3_11,21660,0.034249,0.26556,0.028234,3,3,329,2,11,5,Beam_2_3_5,2305
5027,Beam_2_3_11,21691,0.021901,0.26581,0.029202,3,3,329,2,11,5,Beam_2_3_5,2305
5028,Beam_2_3_11,21647,0.021901,0.26581,0.028175,3,3,329,2,11,5,Beam_2_3_5,2305
5029,Beam_2_3_11,21655,0.037104,0.26582,0.028172,3,3,329,2,11,5,Beam_2_3_5,2305
5030,Beam_2_3_11,21682,0.037104,0.26582,0.029199,3,3,329,2,11,5,Beam_2_3_5,2305
5031,Beam_2_3_11,21663,0.027128,0.26618,0.028086,3,3,329,2,11,5,Beam_2_3_5,2305
5032,Beam_2_3_11,21675,0.027128,0.26618,0.029114,3,3,329,2,11,5,Beam_2_3_5,2305
5033,Beam_2_3_11,21681,0.031872,0.26618,0.029114,3,3,329,2,11,5,Beam_2_3_5,2305
5034,Beam_2_3_11,21661,0.031872,0.26618,0.028086,3,3,329,2,11,5,Beam_2_3_5,2305
5035,Beam_2_3_11,21690,0.023798,0.26631,0.029084,3,3,329,2,11,5,Beam_2_3_5,2305
5036,Beam_2_3_11,21646,0.023798,0.26631,0.028056,3,3,329,2,11,5,Beam_2_3_5,2305
5037,Beam_2_3_11,21683,0.035211,0.26632,0.029082,3,3,329,2,11,5,Beam_2_3_5,2305
5038,Beam_2_3_11,21656,0.035211,0.26632,0.028053,3,3,329,2,11,5,Beam_2_3_5,2305
5039,Beam_2_3_11,21662,0.0295,0.2668,0.027933,3,3,329,2,11,5,Beam_2_3_5,2305
5040,Beam_2_3_11,21678,0.0295,0.2668,0.028964,3,3,329,2,11,5,Beam_2_3_5,2305
5041,Beam_2_3_11,21645,0.025698,0.26681,0.027932,3,3,329,2,11,5,Beam_2_3_5,2305
5042,Beam_2_3_11,21689,0.025698,0.26681,0.028963,3,3,329,2,11,5,Beam_2_3_5,2305
5043,Beam_2_3_11,21657,0.033315,0.26681,0.027931,3,3,329,2,11,5,Beam_2_3_5,2305
5044,Beam_2_3_11,21684,0.033315,0.26681,0.028961,3,3,329,2,11,5,Beam_2_3_5,2305
5045,Beam_2_3_11,21644,0.027595,0.2673,0.027805,3,3,329,2,11,5,Beam_2_3_5,2305
5046,Beam_2_3_11,21692,0.027595,0.2673,0.028838,3,3,329,2,11,5,Beam_2_3_5,2305
5047,Beam_2_3_11,21685,0.031422,0.26731,0.028837,3,3,329,2,11,5,Beam_2_3_5,2305
5048,Beam_2_3_11,21649,0.031422,0.26731,0.027804,3,3,329,2,11,5,Beam_2_3_5,2305
5049,Beam_2_3_11,21643,0.025694,0.2678,0.027674,3,3,329,2,11,5,Beam_2_3_5,2305
5050,Beam_2_3_11,21695,0.025694,0.2678,0.028709,3,3,329,2,11,5,Beam_2_3_5,2305
5051,Beam_2_3_11,21635,0.029514,0.26781,0.027673,3,3,329,2,11,5,Beam_2_3_5,2305
5052,Beam_2_3_11,21699,0.029514,0.26781,0.028707,3,3,329,2,11,5,Beam_2_3_5,2305
5053,Beam_2_3_11,21686,0.033319,0.26781,0.028708,3,3,329,2,11,5,Beam_2_3_5,2305
5054,Beam_2_3_11,21650,0.033319,0.26781,0.027673,3,3,329,2,11,5,Beam_2_3_5,2305
5055,Beam_2_3_11,21694,0.023797,0.2683,0.028576,3,3,329,2,11,5,Beam_2_3_5,2305
5056,Beam_2_3_11,21642,0.023797,0.2683,0.027539,3,3,329,2,11,5,Beam_2_3_5,2305
5057,Beam_2_3_11,21687,0.035212,0.2683,0.028575,3,3,329,2,11,5,Beam_2_3_5,2305
5058,Beam_2_3_11,21651,0.035212,0.2683,0.027539,3,3,329,2,11,5,Beam_2_3_5,2305
5059,Beam_2_3_11,21696,0.027132,0.26843,0.02854,3,3,329,2,11,5,Beam_2_3_5,2305
5060,Beam_2_3_11,21636,0.027132,0.26843,0.027503,3,3,329,2,11,5,Beam_2_3_5,2305
5061,Beam_2_3_11,21702,0.031889,0.26843,0.02854,3,3,329,2,11,5,Beam_2_3_5,2305
5062,Beam_2_3_11,21634,0.031889,0.26843,0.027503,3,3,329,2,11,5,Beam_2_3_5,2305
5063,Beam_2_3_11,21641,0.021896,0.2688,0.0274,3,3,329,2,11,5,Beam_2_3_5,2305
5064,Beam_2_3_11,21693,0.021896,0.2688,0.028439,3,3,329,2,11,5,Beam_2_3_5,2305
5065,Beam_2_3_11,21652,0.037108,0.2688,0.0274,3,3,329,2,11,5,Beam_2_3_5,2305
5066,Beam_2_3_11,21688,0.037108,0.2688,0.028438,3,3,329,2,11,5,Beam_2_3_5,2305
5067,Beam_2_3_11,21637,0.024756,0.26905,0.027328,3,3,329,2,11,5,Beam_2_3_5,2305
5068,Beam_2_3_11,21697,0.024756,0.26905,0.028368,3,3,329,2,11,5,Beam_2_3_5,2305
5069,Beam_2_3_11,21701,0.034258,0.26905,0.028368,3,3,329,2,11,5,Beam_2_3_5,2305
5070,Beam_2_3_11,21633,0.034258,0.26905,0.027328,3,3,329,2,11,5,Beam_2_3_5,2305
5071,Beam_2_3_11,21698,0.022375,0.26967,0.028188,3,3,329,2,11,5,Beam_2_3_5,2305
5072,Beam_2_3_11,21638,0.022375,0.26967,0.027146,3,3,329,2,11,5,Beam_2_3_5,2305
5073,Beam_2_3_11,21632,0.036632,0.26967,0.027146,3,3,329,2,11,5,Beam_2_3_5,2305
5074,Beam_2_3_11,21700,0.036632,0.26967,0.028188,3,3,329,2,11,5,Beam_2_3_5,2305
5075,Beam_2_3_11,25457,0.02,0.2708,0.027323,3,3,329,2,11,5,Beam_2_3_5,2305
5076,Beam_2_3_11,25460,0.02475,0.2708,0.027323,3,3,329,2,11,5,Beam_2_3_5,2305
5077,Beam_2_3_11,25459,0.0295,0.2708,0.027323,3,3,329,2,11,5,Beam_2_3_5,2305
5078,Beam_2_3_11,25458,0.03425,0.2708,0.027323,3,3,329,2,11,5,Beam_2_3_5,2305
5079,Beam_2_3_11,25456,0.039,0.2708,0.027323,3,3,329,2,11,5,Beam_2_3_5,2305
5080,Beam_2_3_12,20381,0.022379,0.27193,0.027485,3,3,275,2,12,4,Beam_2_3_4,2304
5081,Beam_2_3_12,20369,0.022379,0.27193,0.026431,3,3,275,2,12,4,Beam_2_3_4,2304
5082,Beam_2_3_12,20383,0.036621,0.27193,0.027485,3,3,275,2,12,4,Beam_2_3_4,2304
5083,Beam_2_3_12,20363,0.036621,0.27193,0.026431,3,3,275,2,12,4,Beam_2_3_4,2304
5084,Beam_2_3_12,20368,0.024751,0.27256,0.026219,3,3,275,2,12,4,Beam_2_3_4,2304
5085,Beam_2_3_12,20380,0.024751,0.27256,0.027276,3,3,275,2,12,4,Beam_2_3_4,2304
5086,Beam_2_3_12,20384,0.034249,0.27256,0.027276,3,3,275,2,12,4,Beam_2_3_4,2304
5087,Beam_2_3_12,20364,0.034249,0.27256,0.026219,3,3,275,2,12,4,Beam_2_3_4,2304
5088,Beam_2_3_12,20351,0.021902,0.27281,0.026131,3,3,275,2,12,4,Beam_2_3_4,2304
5089,Beam_2_3_12,20395,0.021902,0.27281,0.02719,3,3,275,2,12,4,Beam_2_3_4,2304
5090,Beam_2_3_12,20386,0.037103,0.27282,0.027186,3,3,275,2,12,4,Beam_2_3_4,2304
5091,Beam_2_3_12,20359,0.037103,0.27282,0.026127,3,3,275,2,12,4,Beam_2_3_4,2304
5092,Beam_2_3_12,20379,0.02713,0.27318,0.027061,3,3,275,2,12,4,Beam_2_3_4,2304
5093,Beam_2_3_12,20367,0.02713,0.27318,0.026,3,3,275,2,12,4,Beam_2_3_4,2304
5094,Beam_2_3_12,20385,0.03187,0.27318,0.027061,3,3,275,2,12,4,Beam_2_3_4,2304
5095,Beam_2_3_12,20365,0.03187,0.27318,0.026,3,3,275,2,12,4,Beam_2_3_4,2304
5096,Beam_2_3_12,20350,0.023798,0.27331,0.025955,3,3,275,2,12,4,Beam_2_3_4,2304
5097,Beam_2_3_12,20394,0.023798,0.27331,0.027016,3,3,275,2,12,4,Beam_2_3_4,2304
5098,Beam_2_3_12,20387,0.03521,0.27332,0.027013,3,3,275,2,12,4,Beam_2_3_4,2304
5099,Beam_2_3_12,20360,0.03521,0.27332,0.025951,3,3,275,2,12,4,Beam_2_3_4,2304
5100,Beam_2_3_12,20366,0.0295,0.2738,0.025774,3,3,275,2,12,4,Beam_2_3_4,2304
5101,Beam_2_3_12,20382,0.0295,0.2738,0.026839,3,3,275,2,12,4,Beam_2_3_4,2304
5102,Beam_2_3_12,20393,0.025699,0.27381,0.026838,3,3,275,2,12,4,Beam_2_3_4,2304
5103,Beam_2_3_12,20349,0.025699,0.27381,0.025774,3,3,275,2,12,4,Beam_2_3_4,2304
5104,Beam_2_3_12,20361,0.033313,0.27381,0.025771,3,3,275,2,12,4,Beam_2_3_4,2304
5105,Beam_2_3_12,20388,0.033313,0.27381,0.026835,3,3,275,2,12,4,Beam_2_3_4,2304
5106,Beam_2_3_12,20396,0.027595,0.2743,0.026656,3,3,275,2,12,4,Beam_2_3_4,2304
5107,Beam_2_3_12,20348,0.027595,0.2743,0.025589,3,3,275,2,12,4,Beam_2_3_4,2304
5108,Beam_2_3_12,20389,0.031422,0.27431,0.026654,3,3,275,2,12,4,Beam_2_3_4,2304
5109,Beam_2_3_12,20353,0.031422,0.27431,0.025587,3,3,275,2,12,4,Beam_2_3_4,2304
5110,Beam_2_3_12,20399,0.025693,0.2748,0.026469,3,3,275,2,12,4,Beam_2_3_4,2304
5111,Beam_2_3_12,20347,0.025693,0.2748,0.025398,3,3,275,2,12,4,Beam_2_3_4,2304
5112,Beam_2_3_12,20403,0.029514,0.27481,0.026467,3,3,275,2,12,4,Beam_2_3_4,2304
5113,Beam_2_3_12,20339,0.029514,0.27481,0.025397,3,3,275,2,12,4,Beam_2_3_4,2304
5114,Beam_2_3_12,20390,0.03332,0.27481,0.026468,3,3,275,2,12,4,Beam_2_3_4,2304
5115,Beam_2_3_12,20354,0.03332,0.27481,0.025397,3,3,275,2,12,4,Beam_2_3_4,2304
5116,Beam_2_3_12,20398,0.023797,0.2753,0.026278,3,3,275,2,12,4,Beam_2_3_4,2304
5117,Beam_2_3_12,20346,0.023797,0.2753,0.025205,3,3,275,2,12,4,Beam_2_3_4,2304
5118,Beam_2_3_12,20391,0.035212,0.2753,0.026277,3,3,275,2,12,4,Beam_2_3_4,2304
5119,Beam_2_3_12,20355,0.035212,0.2753,0.025204,3,3,275,2,12,4,Beam_2_3_4,2304
5120,Beam_2_3_12,20340,0.02713,0.27543,0.025153,3,3,275,2,12,4,Beam_2_3_4,2304
5121,Beam_2_3_12,20400,0.02713,0.27543,0.026227,3,3,275,2,12,4,Beam_2_3_4,2304
5122,Beam_2_3_12,20338,0.031891,0.27543,0.025153,3,3,275,2,12,4,Beam_2_3_4,2304
5123,Beam_2_3_12,20406,0.031891,0.27543,0.026227,3,3,275,2,12,4,Beam_2_3_4,2304
5124,Beam_2_3_12,20345,0.021895,0.2758,0.025006,3,3,275,2,12,4,Beam_2_3_4,2304
5125,Beam_2_3_12,20397,0.021895,0.2758,0.026083,3,3,275,2,12,4,Beam_2_3_4,2304
5126,Beam_2_3_12,20392,0.037109,0.2758,0.026082,3,3,275,2,12,4,Beam_2_3_4,2304
5127,Beam_2_3_12,20356,0.037109,0.2758,0.025005,3,3,275,2,12,4,Beam_2_3_4,2304
5128,Beam_2_3_12,20341,0.024756,0.27605,0.024903,3,3,275,2,12,4,Beam_2_3_4,2304
5129,Beam_2_3_12,20401,0.024756,0.27605,0.025982,3,3,275,2,12,4,Beam_2_3_4,2304
5130,Beam_2_3_12,20405,0.034258,0.27605,0.025982,3,3,275,2,12,4,Beam_2_3_4,2304
5131,Beam_2_3_12,20337,0.034258,0.27605,0.024903,3,3,275,2,12,4,Beam_2_3_4,2304
5132,Beam_2_3_12,20342,0.022373,0.27668,0.024645,3,3,275,2,12,4,Beam_2_3_4,2304
5133,Beam_2_3_12,20402,0.022373,0.27668,0.025728,3,3,275,2,12,4,Beam_2_3_4,2304
5134,Beam_2_3_12,20404,0.036634,0.27668,0.025728,3,3,275,2,12,4,Beam_2_3_4,2304
5135,Beam_2_3_12,20336,0.036634,0.27668,0.024645,3,3,275,2,12,4,Beam_2_3_4,2304
5136,Beam_2_3_12,25484,0.02,0.2778,0.024705,3,3,275,2,12,4,Beam_2_3_4,2304
5137,Beam_2_3_12,25487,0.02475,0.2778,0.024705,3,3,275,2,12,4,Beam_2_3_4,2304
5138,Beam_2_3_12,25486,0.0295,0.2778,0.024705,3,3,275,2,12,4,Beam_2_3_4,2304
5139,Beam_2_3_12,25485,0.03425,0.2778,0.024705,3,3,275,2,12,4,Beam_2_3_4,2304
5140,Beam_2_3_12,25483,0.039,0.2778,0.024705,3,3,275,2,12,4,Beam_2_3_4,2304
5141,Beam_2_3_13,19073,0.022381,0.27893,0.02365,3,3,221,2,13,3,Beam_2_3_3,2303
5142,Beam_2_3_13,19085,0.022381,0.27893,0.02475,3,3,221,2,13,3,Beam_2_3_3,2303
5143,Beam_2_3_13,19067,0.036619,0.27893,0.02365,3,3,221,2,13,3,Beam_2_3_3,2303
5144,Beam_2_3_13,19087,0.036619,0.27893,0.02475,3,3,221,2,13,3,Beam_2_3_3,2303
5145,Beam_2_3_13,19072,0.024752,0.27956,0.023359,3,3,221,2,13,3,Beam_2_3_3,2303
5146,Beam_2_3_13,19084,0.024752,0.27956,0.024464,3,3,221,2,13,3,Beam_2_3_3,2303
5147,Beam_2_3_13,19088,0.034248,0.27956,0.024464,3,3,221,2,13,3,Beam_2_3_3,2303
5148,Beam_2_3_13,19068,0.034248,0.27956,0.023359,3,3,221,2,13,3,Beam_2_3_3,2303
5149,Beam_2_3_13,19055,0.021903,0.27981,0.023239,3,3,221,2,13,3,Beam_2_3_3,2303
5150,Beam_2_3_13,19099,0.021903,0.27981,0.024346,3,3,221,2,13,3,Beam_2_3_3,2303
5151,Beam_2_3_13,19090,0.037101,0.27982,0.02434,3,3,221,2,13,3,Beam_2_3_3,2303
5152,Beam_2_3_13,19063,0.037101,0.27982,0.023233,3,3,221,2,13,3,Beam_2_3_3,2303
5153,Beam_2_3_13,19083,0.027132,0.28018,0.024169,3,3,221,2,13,3,Beam_2_3_3,2303
5154,Beam_2_3_13,19071,0.027132,0.28018,0.023059,3,3,221,2,13,3,Beam_2_3_3,2303
5155,Beam_2_3_13,19069,0.031868,0.28018,0.023059,3,3,221,2,13,3,Beam_2_3_3,2303
5156,Beam_2_3_13,19089,0.031868,0.28018,0.024169,3,3,221,2,13,3,Beam_2_3_3,2303
5157,Beam_2_3_13,19098,0.023799,0.28031,0.024109,3,3,221,2,13,3,Beam_2_3_3,2303
5158,Beam_2_3_13,19054,0.023799,0.28031,0.022998,3,3,221,2,13,3,Beam_2_3_3,2303
5159,Beam_2_3_13,19091,0.03521,0.28032,0.024105,3,3,221,2,13,3,Beam_2_3_3,2303
5160,Beam_2_3_13,19064,0.03521,0.28032,0.022993,3,3,221,2,13,3,Beam_2_3_3,2303
5161,Beam_2_3_13,19070,0.0295,0.2808,0.022753,3,3,221,2,13,3,Beam_2_3_3,2303
5162,Beam_2_3_13,19086,0.0295,0.2808,0.023869,3,3,221,2,13,3,Beam_2_3_3,2303
5163,Beam_2_3_13,19053,0.025701,0.28081,0.022752,3,3,221,2,13,3,Beam_2_3_3,2303
5164,Beam_2_3_13,19097,0.025701,0.28081,0.023867,3,3,221,2,13,3,Beam_2_3_3,2303
5165,Beam_2_3_13,19065,0.033312,0.28081,0.022748,3,3,221,2,13,3,Beam_2_3_3,2303
5166,Beam_2_3_13,19092,0.033312,0.28081,0.023864,3,3,221,2,13,3,Beam_2_3_3,2303
5167,Beam_2_3_13,19100,0.027595,0.2813,0.023621,3,3,221,2,13,3,Beam_2_3_3,2303
5168,Beam_2_3_13,19052,0.027595,0.2813,0.022501,3,3,221,2,13,3,Beam_2_3_3,2303
5169,Beam_2_3_13,19057,0.031422,0.28131,0.022499,3,3,221,2,13,3,Beam_2_3_3,2303
5170,Beam_2_3_13,19093,0.031422,0.28131,0.023619,3,3,221,2,13,3,Beam_2_3_3,2303
5171,Beam_2_3_13,19051,0.025691,0.2818,0.022244,3,3,221,2,13,3,Beam_2_3_3,2303
5172,Beam_2_3_13,19103,0.025692,0.2818,0.023369,3,3,221,2,13,3,Beam_2_3_3,2303
5173,Beam_2_3_13,19107,0.029514,0.28181,0.023367,3,3,221,2,13,3,Beam_2_3_3,2303
5174,Beam_2_3_13,19043,0.029514,0.28181,0.022242,3,3,221,2,13,3,Beam_2_3_3,2303
5175,Beam_2_3_13,19058,0.033321,0.28181,0.022242,3,3,221,2,13,3,Beam_2_3_3,2303
5176,Beam_2_3_13,19094,0.033321,0.28181,0.023367,3,3,221,2,13,3,Beam_2_3_3,2303
5177,Beam_2_3_13,19102,0.023796,0.2823,0.023113,3,3,221,2,13,3,Beam_2_3_3,2303
5178,Beam_2_3_13,19050,0.023796,0.2823,0.021983,3,3,221,2,13,3,Beam_2_3_3,2303
5179,Beam_2_3_13,19095,0.035212,0.2823,0.023111,3,3,221,2,13,3,Beam_2_3_3,2303
5180,Beam_2_3_13,19059,0.035212,0.2823,0.021982,3,3,221,2,13,3,Beam_2_3_3,2303
5181,Beam_2_3_13,19104,0.027128,0.28243,0.023044,3,3,221,2,13,3,Beam_2_3_3,2303
5182,Beam_2_3_13,19044,0.027128,0.28243,0.021914,3,3,221,2,13,3,Beam_2_3_3,2303
5183,Beam_2_3_13,19042,0.031893,0.28243,0.021914,3,3,221,2,13,3,Beam_2_3_3,2303
5184,Beam_2_3_13,19110,0.031893,0.28243,0.023044,3,3,221,2,13,3,Beam_2_3_3,2303
5185,Beam_2_3_13,19101,0.021894,0.2828,0.02285,3,3,221,2,13,3,Beam_2_3_3,2303
5186,Beam_2_3_13,19049,0.021894,0.2828,0.021716,3,3,221,2,13,3,Beam_2_3_3,2303
5187,Beam_2_3_13,19096,0.03711,0.2828,0.02285,3,3,221,2,13,3,Beam_2_3_3,2303
5188,Beam_2_3_13,19060,0.03711,0.2828,0.021715,3,3,221,2,13,3,Beam_2_3_3,2303
5189,Beam_2_3_13,19045,0.024755,0.28305,0.021579,3,3,221,2,13,3,Beam_2_3_3,2303
5190,Beam_2_3_13,19105,0.024755,0.28305,0.022716,3,3,221,2,13,3,Beam_2_3_3,2303
5191,Beam_2_3_13,19041,0.034259,0.28305,0.021579,3,3,221,2,13,3,Beam_2_3_3,2303
5192,Beam_2_3_13,19109,0.034259,0.28305,0.022716,3,3,221,2,13,3,Beam_2_3_3,2303
5193,Beam_2_3_13,19046,0.022371,0.28368,0.021234,3,3,221,2,13,3,Beam_2_3_3,2303
5194,Beam_2_3_13,19106,0.022371,0.28368,0.022377,3,3,221,2,13,3,Beam_2_3_3,2303
5195,Beam_2_3_13,19040,0.036636,0.28368,0.021234,3,3,221,2,13,3,Beam_2_3_3,2303
5196,Beam_2_3_13,19108,0.036636,0.28368,0.022377,3,3,221,2,13,3,Beam_2_3_3,2303
5197,Beam_2_3_13,25529,0.02,0.2848,0.021166,3,3,221,2,13,3,Beam_2_3_3,2303
5198,Beam_2_3_13,25532,0.02475,0.2848,0.021166,3,3,221,2,13,3,Beam_2_3_3,2303
5199,Beam_2_3_13,25531,0.0295,0.2848,0.021166,3,3,221,2,13,3,Beam_2_3_3,2303
5200,Beam_2_3_13,25530,0.03425,0.2848,0.021166,3,3,221,2,13,3,Beam_2_3_3,2303
5201,Beam_2_3_13,25528,0.039,0.2848,0.021166,3,3,221,2,13,3,Beam_2_3_3,2303
5202,Beam_2_3_14,17768,0.022384,0.28594,0.019914,3,3,167,2,14,1,Beam_2_3_1,2301
5203,Beam_2_3_14,17796,0.022384,0.28594,0.021082,3,3,167,2,14,1,Beam_2_3_1,2301
5204,Beam_2_3_14,17798,0.036616,0.28594,0.021082,3,3,167,2,14,1,Beam_2_3_1,2301
5205,Beam_2_3_14,17762,0.036616,0.28594,0.019914,3,3,167,2,14,1,Beam_2_3_1,2301
5206,Beam_2_3_14,17795,0.024753,0.28656,0.020706,3,3,167,2,14,1,Beam_2_3_1,2301
5207,Beam_2_3_14,17767,0.024753,0.28656,0.01953,3,3,167,2,14,1,Beam_2_3_1,2301
5208,Beam_2_3_14,17799,0.034247,0.28656,0.020706,3,3,167,2,14,1,Beam_2_3_1,2301
5209,Beam_2_3_14,17763,0.034247,0.28656,0.01953,3,3,167,2,14,1,Beam_2_3_1,2301
5210,Beam_2_3_14,17750,0.021905,0.28681,0.019372,3,3,167,2,14,1,Beam_2_3_1,2301
5211,Beam_2_3_14,17810,0.021905,0.28681,0.020551,3,3,167,2,14,1,Beam_2_3_1,2301
5212,Beam_2_3_14,17787,0.0371,0.28682,0.020543,3,3,167,2,14,1,Beam_2_3_1,2301
5213,Beam_2_3_14,17776,0.0371,0.28682,0.019364,3,3,167,2,14,1,Beam_2_3_1,2301
5214,Beam_2_3_14,17794,0.027134,0.28718,0.020319,3,3,167,2,14,1,Beam_2_3_1,2301
5215,Beam_2_3_14,17766,0.027135,0.28718,0.019135,3,3,167,2,14,1,Beam_2_3_1,2301
5216,Beam_2_3_14,17764,0.031865,0.28718,0.019135,3,3,167,2,14,1,Beam_2_3_1,2301
5217,Beam_2_3_14,17800,0.031866,0.28718,0.020319,3,3,167,2,14,1,Beam_2_3_1,2301
5218,Beam_2_3_14,17809,0.023799,0.28731,0.02024,3,3,167,2,14,1,Beam_2_3_1,2301
5219,Beam_2_3_14,17749,0.023799,0.28731,0.019055,3,3,167,2,14,1,Beam_2_3_1,2301
5220,Beam_2_3_14,17777,0.035209,0.28732,0.019049,3,3,167,2,14,1,Beam_2_3_1,2301
5221,Beam_2_3_14,17788,0.035209,0.28732,0.020234,3,3,167,2,14,1,Beam_2_3_1,2301
5222,Beam_2_3_14,17797,0.0295,0.2878,0.019925,3,3,167,2,14,1,Beam_2_3_1,2301
5223,Beam_2_3_14,17765,0.0295,0.2878,0.018733,3,3,167,2,14,1,Beam_2_3_1,2301
5224,Beam_2_3_14,17808,0.025702,0.28781,0.019923,3,3,167,2,14,1,Beam_2_3_1,2301
5225,Beam_2_3_14,17748,0.025702,0.28781,0.018731,3,3,167,2,14,1,Beam_2_3_1,2301
5226,Beam_2_3_14,17789,0.03331,0.28781,0.019918,3,3,167,2,14,1,Beam_2_3_1,2301
5227,Beam_2_3_14,17778,0.03331,0.28781,0.018726,3,3,167,2,14,1,Beam_2_3_1,2301
5228,Beam_2_3_14,17747,0.027595,0.2883,0.018402,3,3,167,2,14,1,Beam_2_3_1,2301
5229,Beam_2_3_14,17811,0.027595,0.2883,0.019601,3,3,167,2,14,1,Beam_2_3_1,2301
5230,Beam_2_3_14,17770,0.031422,0.28831,0.0184,3,3,167,2,14,1,Beam_2_3_1,2301
5231,Beam_2_3_14,17790,0.031422,0.28831,0.019598,3,3,167,2,14,1,Beam_2_3_1,2301
5232,Beam_2_3_14,17746,0.025689,0.2888,0.018066,3,3,167,2,14,1,Beam_2_3_1,2301
5233,Beam_2_3_14,17814,0.02569,0.2888,0.019271,3,3,167,2,14,1,Beam_2_3_1,2301
5234,Beam_2_3_14,17804,0.029514,0.28881,0.019269,3,3,167,2,14,1,Beam_2_3_1,2301
5235,Beam_2_3_14,17756,0.029514,0.28881,0.018063,3,3,167,2,14,1,Beam_2_3_1,2301
5236,Beam_2_3_14,17791,0.033323,0.28881,0.019269,3,3,167,2,14,1,Beam_2_3_1,2301
5237,Beam_2_3_14,17771,0.033323,0.28881,0.018063,3,3,167,2,14,1,Beam_2_3_1,2301
5238,Beam_2_3_14,17745,0.023795,0.2893,0.017724,3,3,167,2,14,1,Beam_2_3_1,2301
5239,Beam_2_3_14,17813,0.023795,0.2893,0.018937,3,3,167,2,14,1,Beam_2_3_1,2301
5240,Beam_2_3_14,17772,0.035213,0.2893,0.017723,3,3,167,2,14,1,Beam_2_3_1,2301
5241,Beam_2_3_14,17792,0.035213,0.2893,0.018935,3,3,167,2,14,1,Beam_2_3_1,2301
5242,Beam_2_3_14,17757,0.027125,0.28943,0.017633,3,3,167,2,14,1,Beam_2_3_1,2301
5243,Beam_2_3_14,17801,0.027125,0.28943,0.018847,3,3,167,2,14,1,Beam_2_3_1,2301
5244,Beam_2_3_14,17755,0.031896,0.28943,0.017633,3,3,167,2,14,1,Beam_2_3_1,2301
5245,Beam_2_3_14,17807,0.031896,0.28943,0.018847,3,3,167,2,14,1,Beam_2_3_1,2301
5246,Beam_2_3_14,17812,0.021892,0.2898,0.018595,3,3,167,2,14,1,Beam_2_3_1,2301
5247,Beam_2_3_14,17744,0.021892,0.2898,0.017375,3,3,167,2,14,1,Beam_2_3_1,2301
5248,Beam_2_3_14,17793,0.037112,0.2898,0.018594,3,3,167,2,14,1,Beam_2_3_1,2301
5249,Beam_2_3_14,17773,0.037112,0.2898,0.017374,3,3,167,2,14,1,Beam_2_3_1,2301
5250,Beam_2_3_14,17758,0.024754,0.29005,0.017196,3,3,167,2,14,1,Beam_2_3_1,2301
5251,Beam_2_3_14,17802,0.024754,0.29005,0.018419,3,3,167,2,14,1,Beam_2_3_1,2301
5252,Beam_2_3_14,17806,0.03426,0.29005,0.018419,3,3,167,2,14,1,Beam_2_3_1,2301
5253,Beam_2_3_14,17754,0.034261,0.29005,0.017196,3,3,167,2,14,1,Beam_2_3_1,2301
5254,Beam_2_3_14,17803,0.022367,0.29068,0.017978,3,3,167,2,14,1,Beam_2_3_1,2301
5255,Beam_2_3_14,17759,0.022367,0.29068,0.016745,3,3,167,2,14,1,Beam_2_3_1,2301
5256,Beam_2_3_14,17805,0.03664,0.29068,0.017978,3,3,167,2,14,1,Beam_2_3_1,2301
5257,Beam_2_3_14,17753,0.03664,0.29068,0.016745,3,3,167,2,14,1,Beam_2_3_1,2301
5258,Beam_2_3_14,25520,0.02,0.2918,0.016529,3,3,167,2,14,1,Beam_2_3_1,2301
5259,Beam_2_3_14,25523,0.02475,0.2918,0.016529,3,3,167,2,14,1,Beam_2_3_1,2301
5260,Beam_2_3_14,25522,0.0295,0.2918,0.016529,3,3,167,2,14,1,Beam_2_3_1,2301
5261,Beam_2_3_14,25521,0.03425,0.2918,0.016529,3,3,167,2,14,1,Beam_2_3_1,2301
5262,Beam_2_3_14,25519,0.039,0.2918,0.016529,3,3,167,2,14,1,Beam_2_3_1,2301
5263,Beam_2_3_15,16471,0.02159,0.29273,0.016457,3,3,113,2,15,2,Beam_2_3_2,2302
5264,Beam_2_3_15,16457,0.02159,0.29273,0.015189,3,3,113,2,15,2,Beam_2_3_2,2302
5265,Beam_2_3_15,16447,0.03741,0.29273,0.015189,3,3,113,2,15,2,Beam_2_3_2,2302
5266,Beam_2_3_15,16473,0.03741,0.29273,0.016457,3,3,113,2,15,2,Beam_2_3_2,2302
5267,Beam_2_3_15,16470,0.02317,0.29314,0.016135,3,3,113,2,15,2,Beam_2_3_2,2302
5268,Beam_2_3_15,16456,0.023171,0.29314,0.01486,3,3,113,2,15,2,Beam_2_3_2,2302
5269,Beam_2_3_15,16448,0.035829,0.29314,0.01486,3,3,113,2,15,2,Beam_2_3_2,2302
5270,Beam_2_3_15,16474,0.03583,0.29314,0.016135,3,3,113,2,15,2,Beam_2_3_2,2302
5271,Beam_2_3_15,16455,0.024759,0.29356,0.014523,3,3,113,2,15,2,Beam_2_3_2,2302
5272,Beam_2_3_15,16469,0.024759,0.29356,0.015807,3,3,113,2,15,2,Beam_2_3_2,2302
5273,Beam_2_3_15,16475,0.034241,0.29356,0.015807,3,3,113,2,15,2,Beam_2_3_2,2302
5274,Beam_2_3_15,16449,0.034241,0.29356,0.014523,3,3,113,2,15,2,Beam_2_3_2,2302
5275,Beam_2_3_15,16498,0.021907,0.29381,0.015606,3,3,113,2,15,2,Beam_2_3_2,2302
5276,Beam_2_3_15,16422,0.021908,0.29381,0.014317,3,3,113,2,15,2,Beam_2_3_2,2302
5277,Beam_2_3_15,16484,0.037097,0.29382,0.015596,3,3,113,2,15,2,Beam_2_3_2,2302
5278,Beam_2_3_15,16440,0.037097,0.29382,0.014307,3,3,113,2,15,2,Beam_2_3_2,2302
5279,Beam_2_3_15,16468,0.026337,0.29397,0.015475,3,3,113,2,15,2,Beam_2_3_2,2302
5280,Beam_2_3_15,16454,0.026337,0.29397,0.014183,3,3,113,2,15,2,Beam_2_3_2,2302
5281,Beam_2_3_15,16476,0.032663,0.29397,0.015475,3,3,113,2,15,2,Beam_2_3_2,2302
5282,Beam_2_3_15,16450,0.032663,0.29397,0.014183,3,3,113,2,15,2,Beam_2_3_2,2302
5283,Beam_2_3_15,16497,0.0238,0.29431,0.015203,3,3,113,2,15,2,Beam_2_3_2,2302
5284,Beam_2_3_15,16421,0.023801,0.29431,0.013905,3,3,113,2,15,2,Beam_2_3_2,2302
5285,Beam_2_3_15,16483,0.035208,0.29432,0.015195,3,3,113,2,15,2,Beam_2_3_2,2302
5286,Beam_2_3_15,16439,0.035208,0.29432,0.013897,3,3,113,2,15,2,Beam_2_3_2,2302
5287,Beam_2_3_15,16453,0.027924,0.29439,0.013836,3,3,113,2,15,2,Beam_2_3_2,2302
5288,Beam_2_3_15,16467,0.027924,0.29439,0.015136,3,3,113,2,15,2,Beam_2_3_2,2302
5289,Beam_2_3_15,16451,0.031076,0.29439,0.013836,3,3,113,2,15,2,Beam_2_3_2,2302
5290,Beam_2_3_15,16477,0.031076,0.29439,0.015136,3,3,113,2,15,2,Beam_2_3_2,2302
5291,Beam_2_3_15,16452,0.0295,0.2948,0.013486,3,3,113,2,15,2,Beam_2_3_2,2302
5292,Beam_2_3_15,16472,0.0295,0.2948,0.014794,3,3,113,2,15,2,Beam_2_3_2,2302
5293,Beam_2_3_15,16496,0.025705,0.29481,0.01479,3,3,113,2,15,2,Beam_2_3_2,2302
5294,Beam_2_3_15,16420,0.025705,0.29481,0.013482,3,3,113,2,15,2,Beam_2_3_2,2302
5295,Beam_2_3_15,16482,0.033307,0.29481,0.014785,3,3,113,2,15,2,Beam_2_3_2,2302
5296,Beam_2_3_15,16438,0.033307,0.29481,0.013476,3,3,113,2,15,2,Beam_2_3_2,2302
5297,Beam_2_3_15,16499,0.027595,0.2953,0.014373,3,3,113,2,15,2,Beam_2_3_2,2302
5298,Beam_2_3_15,16419,0.027595,0.2953,0.013055,3,3,113,2,15,2,Beam_2_3_2,2302
5299,Beam_2_3_15,16481,0.031422,0.29531,0.01437,3,3,113,2,15,2,Beam_2_3_2,2302
5300,Beam_2_3_15,16437,0.031422,0.29531,0.013051,3,3,113,2,15,2,Beam_2_3_2,2302
5301,Beam_2_3_15,16418,0.025686,0.2958,0.012614,3,3,113,2,15,2,Beam_2_3_2,2302
5302,Beam_2_3_15,16502,0.025686,0.2958,0.013944,3,3,113,2,15,2,Beam_2_3_2,2302
5303,Beam_2_3_15,16430,0.029514,0.29581,0.012612,3,3,113,2,15,2,Beam_2_3_2,2302
5304,Beam_2_3_15,16490,0.029514,0.29581,0.013942,3,3,113,2,15,2,Beam_2_3_2,2302
5305,Beam_2_3_15,16480,0.033326,0.29581,0.013941,3,3,113,2,15,2,Beam_2_3_2,2302
5306,Beam_2_3_15,16445,0.033326,0.29581,0.012611,3,3,113,2,15,2,Beam_2_3_2,2302
5307,Beam_2_3_15,16431,0.02792,0.29622,0.012239,3,3,113,2,15,2,Beam_2_3_2,2302
5308,Beam_2_3_15,16485,0.02792,0.29622,0.013578,3,3,113,2,15,2,Beam_2_3_2,2302
5309,Beam_2_3_15,16495,0.031103,0.29622,0.013578,3,3,113,2,15,2,Beam_2_3_2,2302
5310,Beam_2_3_15,16429,0.031104,0.29622,0.012239,3,3,113,2,15,2,Beam_2_3_2,2302
5311,Beam_2_3_15,16417,0.023794,0.2963,0.012169,3,3,113,2,15,2,Beam_2_3_2,2302
5312,Beam_2_3_15,16501,0.023794,0.2963,0.01351,3,3,113,2,15,2,Beam_2_3_2,2302
5313,Beam_2_3_15,16479,0.035214,0.2963,0.013508,3,3,113,2,15,2,Beam_2_3_2,2302
5314,Beam_2_3_15,16444,0.035215,0.2963,0.012167,3,3,113,2,15,2,Beam_2_3_2,2302
5315,Beam_2_3_15,16432,0.026337,0.29664,0.011862,3,3,113,2,15,2,Beam_2_3_2,2302
5316,Beam_2_3_15,16486,0.026338,0.29664,0.013211,3,3,113,2,15,2,Beam_2_3_2,2302
5317,Beam_2_3_15,16494,0.032681,0.29664,0.013211,3,3,113,2,15,2,Beam_2_3_2,2302
5318,Beam_2_3_15,16428,0.032682,0.29664,0.011862,3,3,113,2,15,2,Beam_2_3_2,2302
5319,Beam_2_3_15,16416,0.021888,0.2968,0.011712,3,3,113,2,15,2,Beam_2_3_2,2302
5320,Beam_2_3_15,16500,0.021888,0.2968,0.013065,3,3,113,2,15,2,Beam_2_3_2,2302
5321,Beam_2_3_15,16478,0.037116,0.2968,0.013064,3,3,113,2,15,2,Beam_2_3_2,2302
5322,Beam_2_3_15,16443,0.037116,0.2968,0.011711,3,3,113,2,15,2,Beam_2_3_2,2302
5323,Beam_2_3_15,16433,0.024745,0.29705,0.011477,3,3,113,2,15,2,Beam_2_3_2,2302
5324,Beam_2_3_15,16487,0.024746,0.29705,0.012836,3,3,113,2,15,2,Beam_2_3_2,2302
5325,Beam_2_3_15,16493,0.034268,0.29705,0.012836,3,3,113,2,15,2,Beam_2_3_2,2302
5326,Beam_2_3_15,16427,0.034269,0.29705,0.011477,3,3,113,2,15,2,Beam_2_3_2,2302
5327,Beam_2_3_15,16434,0.023166,0.29747,0.011088,3,3,113,2,15,2,Beam_2_3_2,2302
5328,Beam_2_3_15,16488,0.023166,0.29747,0.012457,3,3,113,2,15,2,Beam_2_3_2,2302
5329,Beam_2_3_15,16492,0.035843,0.29747,0.012457,3,3,113,2,15,2,Beam_2_3_2,2302
5330,Beam_2_3_15,16426,0.035844,0.29747,0.011088,3,3,113,2,15,2,Beam_2_3_2,2302
5331,Beam_2_3_15,16435,0.021577,0.29788,0.010691,3,3,113,2,15,2,Beam_2_3_2,2302
5332,Beam_2_3_15,16489,0.021577,0.29788,0.01207,3,3,113,2,15,2,Beam_2_3_2,2302
5333,Beam_2_3_15,16425,0.037428,0.29788,0.010691,3,3,113,2,15,2,Beam_2_3_2,2302
5334,Beam_2_3_15,16491,0.037428,0.29788,0.01207,3,3,113,2,15,2,Beam_2_3_2,2302
5335,Beam_2_3_15,25565,0.02,0.29899,0.010367,3,3,113,2,15,2,Beam_2_3_2,2302
5336,Beam_2_3_15,25568,0.02475,0.29899,0.010367,3,3,113,2,15,2,Beam_2_3_2,2302
5337,Beam_2_3_15,25567,0.0295,0.29899,0.010367,3,3,113,2,15,2,Beam_2_3_2,2302
5338,Beam_2_3_15,25566,0.03425,0.29899,0.010367,3,3,113,2,15,2,Beam_2_3_2,2302
5339,Beam_2_3_15,25564,0.039,0.29899,0.010367,3,3,113,2,15,2,Beam_2_3_2,2302
5340,Beam_3_1_2,24764,0.04,0.00080961,0.010193,1,1,3,3,2,15,Beam_3_1_15,3115
5341,Beam_3_1_2,24767,0.04475,0.00080961,0.010193,1,1,3,3,2,15,Beam_3_1_15,3115
5342,Beam_3_1_2,24766,0.0495,0.00080961,0.010193,1,1,3,3,2,15,Beam_3_1_15,3115
5343,Beam_3_1_2,24765,0.05425,0.00080961,0.010193,1,1,3,3,2,15,Beam_3_1_15,3115
5344,Beam_3_1_2,24763,0.059,0.00080961,0.010193,1,1,3,3,2,15,Beam_3_1_15,3115
5345,Beam_3_1_1,15239,0.041574,0.0017229,0.011699,1,1,71,3,1,14,Beam_3_1_14,3114
5346,Beam_3_1_1,15225,0.041574,0.0017229,0.010308,1,1,71,3,1,14,Beam_3_1_14,3114
5347,Beam_3_1_1,15184,0.057426,0.0017229,0.010308,1,1,71,3,1,14,Beam_3_1_14,3114
5348,Beam_3_1_1,15266,0.057426,0.0017229,0.011699,1,1,71,3,1,14,Beam_3_1_14,3114
5349,Beam_3_1_1,15224,0.043161,0.0021394,0.010713,1,1,71,3,1,14,Beam_3_1_14,3114
5350,Beam_3_1_1,15185,0.055839,0.0021394,0.010713,1,1,71,3,1,14,Beam_3_1_14,3114
5351,Beam_3_1_1,15238,0.043161,0.0021395,0.012092,1,1,71,3,1,14,Beam_3_1_14,3114
5352,Beam_3_1_1,15267,0.055839,0.0021395,0.012092,1,1,71,3,1,14,Beam_3_1_14,3114
5353,Beam_3_1_1,15223,0.044738,0.0025533,0.011108,1,1,71,3,1,14,Beam_3_1_14,3114
5354,Beam_3_1_1,15186,0.054262,0.0025533,0.011108,1,1,71,3,1,14,Beam_3_1_14,3114
5355,Beam_3_1_1,15237,0.044738,0.0025534,0.012477,1,1,71,3,1,14,Beam_3_1_14,3114
5356,Beam_3_1_1,15268,0.054262,0.0025534,0.012477,1,1,71,3,1,14,Beam_3_1_14,3114
5357,Beam_3_1_1,15209,0.041888,0.0028053,0.011346,1,1,71,3,1,14,Beam_3_1_14,3114
5358,Beam_3_1_1,15253,0.041888,0.0028054,0.012708,1,1,71,3,1,14,Beam_3_1_14,3114
5359,Beam_3_1_1,15218,0.057116,0.0028175,0.011357,1,1,71,3,1,14,Beam_3_1_14,3114
5360,Beam_3_1_1,15241,0.057116,0.0028176,0.012719,1,1,71,3,1,14,Beam_3_1_14,3114
5361,Beam_3_1_1,15222,0.046328,0.0029705,0.0115,1,1,71,3,1,14,Beam_3_1_14,3114
5362,Beam_3_1_1,15187,0.052672,0.0029705,0.0115,1,1,71,3,1,14,Beam_3_1_14,3114
5363,Beam_3_1_1,15236,0.046328,0.0029706,0.012858,1,1,71,3,1,14,Beam_3_1_14,3114
5364,Beam_3_1_1,15269,0.052672,0.0029706,0.012858,1,1,71,3,1,14,Beam_3_1_14,3114
5365,Beam_3_1_1,15208,0.043794,0.0033054,0.01181,1,1,71,3,1,14,Beam_3_1_14,3114
5366,Beam_3_1_1,15252,0.043794,0.0033055,0.01316,1,1,71,3,1,14,Beam_3_1_14,3114
5367,Beam_3_1_1,15219,0.055215,0.003315,0.011819,1,1,71,3,1,14,Beam_3_1_14,3114
5368,Beam_3_1_1,15242,0.055215,0.0033151,0.013169,1,1,71,3,1,14,Beam_3_1_14,3114
5369,Beam_3_1_1,15221,0.047908,0.0033852,0.011883,1,1,71,3,1,14,Beam_3_1_14,3114
5370,Beam_3_1_1,15188,0.051092,0.0033852,0.011883,1,1,71,3,1,14,Beam_3_1_14,3114
5371,Beam_3_1_1,15235,0.047908,0.0033853,0.013232,1,1,71,3,1,14,Beam_3_1_14,3114
5372,Beam_3_1_1,15270,0.051092,0.0033853,0.013232,1,1,71,3,1,14,Beam_3_1_14,3114
5373,Beam_3_1_1,15251,0.045686,0.0038021,0.013601,1,1,71,3,1,14,Beam_3_1_14,3114
5374,Beam_3_1_1,15207,0.045686,0.0038021,0.012262,1,1,71,3,1,14,Beam_3_1_14,3114
5375,Beam_3_1_1,15189,0.0495,0.0038031,0.012263,1,1,71,3,1,14,Beam_3_1_14,3114
5376,Beam_3_1_1,15240,0.0495,0.0038031,0.013602,1,1,71,3,1,14,Beam_3_1_14,3114
5377,Beam_3_1_1,15220,0.053327,0.0038091,0.012268,1,1,71,3,1,14,Beam_3_1_14,3114
5378,Beam_3_1_1,15243,0.053326,0.0038092,0.013607,1,1,71,3,1,14,Beam_3_1_14,3114
5379,Beam_3_1_1,15199,0.047595,0.0043031,0.012709,1,1,71,3,1,14,Beam_3_1_14,3114
5380,Beam_3_1_1,15254,0.047595,0.0043031,0.014037,1,1,71,3,1,14,Beam_3_1_14,3114
5381,Beam_3_1_1,15190,0.051422,0.0043075,0.012713,1,1,71,3,1,14,Beam_3_1_14,3114
5382,Beam_3_1_1,15244,0.051422,0.0043075,0.01404,1,1,71,3,1,14,Beam_3_1_14,3114
5383,Beam_3_1_1,15198,0.045706,0.0047989,0.013143,1,1,71,3,1,14,Beam_3_1_14,3114
5384,Beam_3_1_1,15262,0.045705,0.004799,0.01446,1,1,71,3,1,14,Beam_3_1_14,3114
5385,Beam_3_1_1,15191,0.053307,0.0048023,0.013146,1,1,71,3,1,14,Beam_3_1_14,3114
5386,Beam_3_1_1,15263,0.053307,0.0048023,0.014463,1,1,71,3,1,14,Beam_3_1_14,3114
5387,Beam_3_1_1,15250,0.049514,0.0048068,0.014466,1,1,71,3,1,14,Beam_3_1_14,3114
5388,Beam_3_1_1,15206,0.049514,0.0048068,0.01315,1,1,71,3,1,14,Beam_3_1_14,3114
5389,Beam_3_1_1,15211,0.047936,0.0052198,0.013505,1,1,71,3,1,14,Beam_3_1_14,3114
5390,Beam_3_1_1,15245,0.047936,0.0052198,0.014813,1,1,71,3,1,14,Beam_3_1_14,3114
5391,Beam_3_1_1,15259,0.051088,0.0052198,0.014813,1,1,71,3,1,14,Beam_3_1_14,3114
5392,Beam_3_1_1,15205,0.051088,0.0052198,0.013505,1,1,71,3,1,14,Beam_3_1_14,3114
5393,Beam_3_1_1,15261,0.0438,0.0052989,0.014879,1,1,71,3,1,14,Beam_3_1_14,3114
5394,Beam_3_1_1,15197,0.043801,0.0052989,0.013573,1,1,71,3,1,14,Beam_3_1_14,3114
5395,Beam_3_1_1,15192,0.055208,0.0053011,0.013575,1,1,71,3,1,14,Beam_3_1_14,3114
5396,Beam_3_1_1,15264,0.055208,0.0053012,0.014881,1,1,71,3,1,14,Beam_3_1_14,3114
5397,Beam_3_1_1,15212,0.046347,0.0056355,0.013857,1,1,71,3,1,14,Beam_3_1_14,3114
5398,Beam_3_1_1,15204,0.052672,0.0056355,0.013857,1,1,71,3,1,14,Beam_3_1_14,3114
5399,Beam_3_1_1,15246,0.046347,0.0056356,0.015156,1,1,71,3,1,14,Beam_3_1_14,3114
5400,Beam_3_1_1,15258,0.052672,0.0056356,0.015156,1,1,71,3,1,14,Beam_3_1_14,3114
5401,Beam_3_1_1,15196,0.041908,0.0057957,0.013991,1,1,71,3,1,14,Beam_3_1_14,3114
5402,Beam_3_1_1,15260,0.041908,0.0057957,0.015287,1,1,71,3,1,14,Beam_3_1_14,3114
5403,Beam_3_1_1,15193,0.057096,0.0057968,0.013992,1,1,71,3,1,14,Beam_3_1_14,3114
5404,Beam_3_1_1,15265,0.057097,0.0057968,0.015288,1,1,71,3,1,14,Beam_3_1_14,3114
5405,Beam_3_1_1,15213,0.044766,0.0060491,0.014202,1,1,71,3,1,14,Beam_3_1_14,3114
5406,Beam_3_1_1,15203,0.054248,0.0060491,0.014202,1,1,71,3,1,14,Beam_3_1_14,3114
5407,Beam_3_1_1,15247,0.044766,0.0060492,0.015493,1,1,71,3,1,14,Beam_3_1_14,3114
5408,Beam_3_1_1,15257,0.054248,0.0060492,0.015493,1,1,71,3,1,14,Beam_3_1_14,3114
5409,Beam_3_1_1,15214,0.043176,0.0064654,0.014543,1,1,71,3,1,14,Beam_3_1_14,3114
5410,Beam_3_1_1,15202,0.055834,0.0064654,0.014543,1,1,71,3,1,14,Beam_3_1_14,3114
5411,Beam_3_1_1,15248,0.043175,0.0064655,0.015826,1,1,71,3,1,14,Beam_3_1_14,3114
5412,Beam_3_1_1,15256,0.055834,0.0064655,0.015826,1,1,71,3,1,14,Beam_3_1_14,3114
5413,Beam_3_1_1,15215,0.041593,0.0068796,0.014877,1,1,71,3,1,14,Beam_3_1_14,3114
5414,Beam_3_1_1,15201,0.057412,0.0068796,0.014877,1,1,71,3,1,14,Beam_3_1_14,3114
5415,Beam_3_1_1,15249,0.041593,0.0068797,0.016152,1,1,71,3,1,14,Beam_3_1_14,3114
5416,Beam_3_1_1,15255,0.057412,0.0068797,0.016152,1,1,71,3,1,14,Beam_3_1_14,3114
5417,Beam_3_1_1,24719,0.04,0.0078019,0.016231,1,1,71,3,1,14,Beam_3_1_14,3114
5418,Beam_3_1_1,24722,0.04475,0.0078019,0.016231,1,1,71,3,1,14,Beam_3_1_14,3114
5419,Beam_3_1_1,24721,0.0495,0.0078019,0.016231,1,1,71,3,1,14,Beam_3_1_14,3114
5420,Beam_3_1_1,24720,0.05425,0.0078019,0.016231,1,1,71,3,1,14,Beam_3_1_14,3114
5421,Beam_3_1_1,24718,0.059,0.0078019,0.016231,1,1,71,3,1,14,Beam_3_1_14,3114
5422,Beam_3_1_3,16751,0.042363,0.00893,0.016456,1,1,125,3,3,13,Beam_3_1_13,3113
5423,Beam_3_1_3,16745,0.056637,0.00893,0.016456,1,1,125,3,3,13,Beam_3_1_13,3113
5424,Beam_3_1_3,16795,0.042363,0.0089301,0.017696,1,1,125,3,3,13,Beam_3_1_13,3113
5425,Beam_3_1_3,16797,0.056637,0.0089301,0.017696,1,1,125,3,3,13,Beam_3_1_13,3113
5426,Beam_3_1_3,16750,0.044746,0.0095555,0.016914,1,1,125,3,3,13,Beam_3_1_13,3113
5427,Beam_3_1_3,16794,0.044747,0.0095555,0.018144,1,1,125,3,3,13,Beam_3_1_13,3113
5428,Beam_3_1_3,16798,0.054253,0.0095555,0.018144,1,1,125,3,3,13,Beam_3_1_13,3113
5429,Beam_3_1_3,16746,0.054254,0.0095555,0.016914,1,1,125,3,3,13,Beam_3_1_13,3113
5430,Beam_3_1_3,16769,0.041892,0.0098062,0.017095,1,1,125,3,3,13,Beam_3_1_13,3113
5431,Beam_3_1_3,16781,0.041892,0.0098063,0.01832,1,1,125,3,3,13,Beam_3_1_13,3113
5432,Beam_3_1_3,16741,0.057113,0.0098184,0.017103,1,1,125,3,3,13,Beam_3_1_13,3113
5433,Beam_3_1_3,16800,0.057112,0.0098185,0.018329,1,1,125,3,3,13,Beam_3_1_13,3113
5434,Beam_3_1_3,16793,0.047114,0.010177,0.018579,1,1,125,3,3,13,Beam_3_1_13,3113
5435,Beam_3_1_3,16749,0.047114,0.010177,0.017358,1,1,125,3,3,13,Beam_3_1_13,3113
5436,Beam_3_1_3,16799,0.051886,0.010177,0.018579,1,1,125,3,3,13,Beam_3_1_13,3113
5437,Beam_3_1_3,16747,0.051886,0.010177,0.017358,1,1,125,3,3,13,Beam_3_1_13,3113
5438,Beam_3_1_3,16780,0.043795,0.010306,0.018668,1,1,125,3,3,13,Beam_3_1_13,3113
5439,Beam_3_1_3,16768,0.043795,0.010306,0.017449,1,1,125,3,3,13,Beam_3_1_13,3113
5440,Beam_3_1_3,16742,0.055213,0.010315,0.017456,1,1,125,3,3,13,Beam_3_1_13,3113
5441,Beam_3_1_3,16801,0.055213,0.010316,0.018674,1,1,125,3,3,13,Beam_3_1_13,3113
5442,Beam_3_1_3,16767,0.045689,0.010803,0.017796,1,1,125,3,3,13,Beam_3_1_13,3113
5443,Beam_3_1_3,16779,0.045689,0.010803,0.019007,1,1,125,3,3,13,Beam_3_1_13,3113
5444,Beam_3_1_3,16748,0.0495,0.010803,0.017796,1,1,125,3,3,13,Beam_3_1_13,3113
5445,Beam_3_1_3,16796,0.0495,0.010803,0.019007,1,1,125,3,3,13,Beam_3_1_13,3113
5446,Beam_3_1_3,16802,0.053323,0.01081,0.019011,1,1,125,3,3,13,Beam_3_1_13,3113
5447,Beam_3_1_3,16743,0.053323,0.01081,0.017801,1,1,125,3,3,13,Beam_3_1_13,3113
5448,Beam_3_1_3,16766,0.047595,0.011303,0.018138,1,1,125,3,3,13,Beam_3_1_13,3113
5449,Beam_3_1_3,16782,0.047595,0.011303,0.019342,1,1,125,3,3,13,Beam_3_1_13,3113
5450,Beam_3_1_3,16735,0.051422,0.011308,0.018141,1,1,125,3,3,13,Beam_3_1_13,3113
5451,Beam_3_1_3,16803,0.051422,0.011308,0.019345,1,1,125,3,3,13,Beam_3_1_13,3113
5452,Beam_3_1_3,16765,0.045703,0.0118,0.018471,1,1,125,3,3,13,Beam_3_1_13,3113
5453,Beam_3_1_3,16785,0.045703,0.0118,0.019668,1,1,125,3,3,13,Beam_3_1_13,3113
5454,Beam_3_1_3,16804,0.05331,0.011803,0.01967,1,1,125,3,3,13,Beam_3_1_13,3113
5455,Beam_3_1_3,16736,0.05331,0.011803,0.018473,1,1,125,3,3,13,Beam_3_1_13,3113
5456,Beam_3_1_3,16757,0.049514,0.011807,0.018476,1,1,125,3,3,13,Beam_3_1_13,3113
5457,Beam_3_1_3,16789,0.049514,0.011807,0.019673,1,1,125,3,3,13,Beam_3_1_13,3113
5458,Beam_3_1_3,16784,0.043799,0.012299,0.01999,1,1,125,3,3,13,Beam_3_1_13,3113
5459,Beam_3_1_3,16764,0.043799,0.012299,0.0188,1,1,125,3,3,13,Beam_3_1_13,3113
5460,Beam_3_1_3,16805,0.055209,0.012301,0.019992,1,1,125,3,3,13,Beam_3_1_13,3113
5461,Beam_3_1_3,16737,0.055209,0.012301,0.018801,1,1,125,3,3,13,Beam_3_1_13,3113
5462,Beam_3_1_3,16758,0.047145,0.012427,0.018883,1,1,125,3,3,13,Beam_3_1_13,3113
5463,Beam_3_1_3,16786,0.047145,0.012427,0.020072,1,1,125,3,3,13,Beam_3_1_13,3113
5464,Beam_3_1_3,16792,0.051876,0.012427,0.020072,1,1,125,3,3,13,Beam_3_1_13,3113
5465,Beam_3_1_3,16756,0.051876,0.012427,0.018883,1,1,125,3,3,13,Beam_3_1_13,3113
5466,Beam_3_1_3,16783,0.041905,0.012796,0.020305,1,1,125,3,3,13,Beam_3_1_13,3113
5467,Beam_3_1_3,16763,0.041905,0.012796,0.019121,1,1,125,3,3,13,Beam_3_1_13,3113
5468,Beam_3_1_3,16738,0.057099,0.012798,0.019122,1,1,125,3,3,13,Beam_3_1_13,3113
5469,Beam_3_1_3,16806,0.057099,0.012798,0.020306,1,1,125,3,3,13,Beam_3_1_13,3113
5470,Beam_3_1_3,16759,0.04476,0.013051,0.019283,1,1,125,3,3,13,Beam_3_1_13,3113
5471,Beam_3_1_3,16787,0.04476,0.013051,0.020464,1,1,125,3,3,13,Beam_3_1_13,3113
5472,Beam_3_1_3,16755,0.054254,0.013051,0.019283,1,1,125,3,3,13,Beam_3_1_13,3113
5473,Beam_3_1_3,16791,0.054254,0.013051,0.020464,1,1,125,3,3,13,Beam_3_1_13,3113
5474,Beam_3_1_3,16760,0.042388,0.013672,0.019672,1,1,125,3,3,13,Beam_3_1_13,3113
5475,Beam_3_1_3,16788,0.042388,0.013672,0.020845,1,1,125,3,3,13,Beam_3_1_13,3113
5476,Beam_3_1_3,16790,0.056619,0.013672,0.020845,1,1,125,3,3,13,Beam_3_1_13,3113
5477,Beam_3_1_3,16754,0.056619,0.013672,0.019672,1,1,125,3,3,13,Beam_3_1_13,3113
5478,Beam_3_1_3,24710,0.04,0.014802,0.020937,1,1,125,3,3,13,Beam_3_1_13,3113
5479,Beam_3_1_3,24713,0.04475,0.014802,0.020937,1,1,125,3,3,13,Beam_3_1_13,3113
5480,Beam_3_1_3,24712,0.0495,0.014802,0.020937,1,1,125,3,3,13,Beam_3_1_13,3113
5481,Beam_3_1_3,24711,0.05425,0.014802,0.020937,1,1,125,3,3,13,Beam_3_1_13,3113
5482,Beam_3_1_3,24709,0.059,0.014802,0.020937,1,1,125,3,3,13,Beam_3_1_13,3113
5483,Beam_3_1_4,18091,0.042367,0.015931,0.02216,1,1,179,3,4,12,Beam_3_1_12,3112
5484,Beam_3_1_4,18047,0.042367,0.015931,0.021013,1,1,179,3,4,12,Beam_3_1_12,3112
5485,Beam_3_1_4,18041,0.056633,0.015931,0.021013,1,1,179,3,4,12,Beam_3_1_12,3112
5486,Beam_3_1_4,18093,0.056633,0.015931,0.02216,1,1,179,3,4,12,Beam_3_1_12,3112
5487,Beam_3_1_4,18090,0.044748,0.016556,0.022504,1,1,179,3,4,12,Beam_3_1_12,3112
5488,Beam_3_1_4,18046,0.044748,0.016556,0.021363,1,1,179,3,4,12,Beam_3_1_12,3112
5489,Beam_3_1_4,18042,0.054252,0.016556,0.021363,1,1,179,3,4,12,Beam_3_1_12,3112
5490,Beam_3_1_4,18094,0.054252,0.016556,0.022504,1,1,179,3,4,12,Beam_3_1_12,3112
5491,Beam_3_1_4,18077,0.041894,0.016807,0.02264,1,1,179,3,4,12,Beam_3_1_12,3112
5492,Beam_3_1_4,18065,0.041894,0.016807,0.021502,1,1,179,3,4,12,Beam_3_1_12,3112
5493,Beam_3_1_4,18096,0.05711,0.016819,0.022646,1,1,179,3,4,12,Beam_3_1_12,3112
5494,Beam_3_1_4,18037,0.05711,0.016819,0.021508,1,1,179,3,4,12,Beam_3_1_12,3112
5495,Beam_3_1_4,18089,0.047117,0.017178,0.022838,1,1,179,3,4,12,Beam_3_1_12,3112
5496,Beam_3_1_4,18045,0.047117,0.017178,0.021704,1,1,179,3,4,12,Beam_3_1_12,3112
5497,Beam_3_1_4,18095,0.051883,0.017178,0.022838,1,1,179,3,4,12,Beam_3_1_12,3112
5498,Beam_3_1_4,18043,0.051883,0.017178,0.021704,1,1,179,3,4,12,Beam_3_1_12,3112
5499,Beam_3_1_4,18076,0.043796,0.017306,0.022906,1,1,179,3,4,12,Beam_3_1_12,3112
5500,Beam_3_1_4,18064,0.043796,0.017306,0.021773,1,1,179,3,4,12,Beam_3_1_12,3112
5501,Beam_3_1_4,18097,0.055212,0.017316,0.022911,1,1,179,3,4,12,Beam_3_1_12,3112
5502,Beam_3_1_4,18038,0.055212,0.017316,0.021778,1,1,179,3,4,12,Beam_3_1_12,3112
5503,Beam_3_1_4,18044,0.0495,0.017803,0.022038,1,1,179,3,4,12,Beam_3_1_12,3112
5504,Beam_3_1_4,18092,0.0495,0.017803,0.023166,1,1,179,3,4,12,Beam_3_1_12,3112
5505,Beam_3_1_4,18075,0.045691,0.017804,0.023166,1,1,179,3,4,12,Beam_3_1_12,3112
5506,Beam_3_1_4,18063,0.045691,0.017804,0.022038,1,1,179,3,4,12,Beam_3_1_12,3112
5507,Beam_3_1_4,18098,0.053321,0.017811,0.02317,1,1,179,3,4,12,Beam_3_1_12,3112
5508,Beam_3_1_4,18039,0.053321,0.017811,0.022042,1,1,179,3,4,12,Beam_3_1_12,3112
5509,Beam_3_1_4,18062,0.047595,0.018303,0.022299,1,1,179,3,4,12,Beam_3_1_12,3112
5510,Beam_3_1_4,18078,0.047595,0.018303,0.023423,1,1,179,3,4,12,Beam_3_1_12,3112
5511,Beam_3_1_4,18031,0.051422,0.018308,0.022301,1,1,179,3,4,12,Beam_3_1_12,3112
5512,Beam_3_1_4,18099,0.051422,0.018308,0.023425,1,1,179,3,4,12,Beam_3_1_12,3112
5513,Beam_3_1_4,18061,0.045701,0.0188,0.022553,1,1,179,3,4,12,Beam_3_1_12,3112
5514,Beam_3_1_4,18081,0.045701,0.0188,0.023673,1,1,179,3,4,12,Beam_3_1_12,3112
5515,Beam_3_1_4,18032,0.053312,0.018804,0.022555,1,1,179,3,4,12,Beam_3_1_12,3112
5516,Beam_3_1_4,18100,0.053312,0.018804,0.023674,1,1,179,3,4,12,Beam_3_1_12,3112
5517,Beam_3_1_4,18085,0.049514,0.018807,0.023676,1,1,179,3,4,12,Beam_3_1_12,3112
5518,Beam_3_1_4,18053,0.049514,0.018807,0.022557,1,1,179,3,4,12,Beam_3_1_12,3112
5519,Beam_3_1_4,18060,0.043799,0.019299,0.022804,1,1,179,3,4,12,Beam_3_1_12,3112
5520,Beam_3_1_4,18080,0.043799,0.019299,0.023919,1,1,179,3,4,12,Beam_3_1_12,3112
5521,Beam_3_1_4,18033,0.05521,0.019302,0.022805,1,1,179,3,4,12,Beam_3_1_12,3112
5522,Beam_3_1_4,18101,0.05521,0.019302,0.02392,1,1,179,3,4,12,Beam_3_1_12,3112
5523,Beam_3_1_4,18054,0.047142,0.019427,0.022867,1,1,179,3,4,12,Beam_3_1_12,3112
5524,Beam_3_1_4,18082,0.047142,0.019427,0.023981,1,1,179,3,4,12,Beam_3_1_12,3112
5525,Beam_3_1_4,18088,0.051879,0.019427,0.023981,1,1,179,3,4,12,Beam_3_1_12,3112
5526,Beam_3_1_4,18052,0.051879,0.019427,0.022867,1,1,179,3,4,12,Beam_3_1_12,3112
5527,Beam_3_1_4,18059,0.041903,0.019797,0.023049,1,1,179,3,4,12,Beam_3_1_12,3112
5528,Beam_3_1_4,18079,0.041903,0.019797,0.024159,1,1,179,3,4,12,Beam_3_1_12,3112
5529,Beam_3_1_4,18102,0.057101,0.019798,0.02416,1,1,179,3,4,12,Beam_3_1_12,3112
5530,Beam_3_1_4,18034,0.057101,0.019798,0.023049,1,1,179,3,4,12,Beam_3_1_12,3112
5531,Beam_3_1_4,18083,0.044759,0.020051,0.02428,1,1,179,3,4,12,Beam_3_1_12,3112
5532,Beam_3_1_4,18055,0.044759,0.020051,0.023172,1,1,179,3,4,12,Beam_3_1_12,3112
5533,Beam_3_1_4,18087,0.054255,0.020051,0.02428,1,1,179,3,4,12,Beam_3_1_12,3112
5534,Beam_3_1_4,18051,0.054255,0.020051,0.023172,1,1,179,3,4,12,Beam_3_1_12,3112
5535,Beam_3_1_4,18056,0.042385,0.020672,0.023467,1,1,179,3,4,12,Beam_3_1_12,3112
5536,Beam_3_1_4,18084,0.042385,0.020672,0.02457,1,1,179,3,4,12,Beam_3_1_12,3112
5537,Beam_3_1_4,18050,0.056622,0.020672,0.023467,1,1,179,3,4,12,Beam_3_1_12,3112
5538,Beam_3_1_4,18086,0.056622,0.020672,0.02457,1,1,179,3,4,12,Beam_3_1_12,3112
5539,Beam_3_1_4,24683,0.04,0.021802,0.024532,1,1,179,3,4,12,Beam_3_1_12,3112
5540,Beam_3_1_4,24686,0.04475,0.021802,0.024532,1,1,179,3,4,12,Beam_3_1_12,3112
5541,Beam_3_1_4,24685,0.0495,0.021802,0.024532,1,1,179,3,4,12,Beam_3_1_12,3112
5542,Beam_3_1_4,24684,0.05425,0.021802,0.024532,1,1,179,3,4,12,Beam_3_1_12,3112
5543,Beam_3_1_4,24682,0.059,0.021802,0.024532,1,1,179,3,4,12,Beam_3_1_12,3112
5544,Beam_3_1_5,19343,0.042369,0.022932,0.024479,1,1,233,3,5,11,Beam_3_1_11,3111
5545,Beam_3_1_5,19387,0.042369,0.022932,0.025565,1,1,233,3,5,11,Beam_3_1_11,3111
5546,Beam_3_1_5,19337,0.056631,0.022932,0.024479,1,1,233,3,5,11,Beam_3_1_11,3111
5547,Beam_3_1_5,19389,0.056631,0.022932,0.025565,1,1,233,3,5,11,Beam_3_1_11,3111
5548,Beam_3_1_5,19386,0.044749,0.023556,0.025823,1,1,233,3,5,11,Beam_3_1_11,3111
5549,Beam_3_1_5,19342,0.044749,0.023556,0.024742,1,1,233,3,5,11,Beam_3_1_11,3111
5550,Beam_3_1_5,19338,0.054251,0.023556,0.024742,1,1,233,3,5,11,Beam_3_1_11,3111
5551,Beam_3_1_5,19390,0.054251,0.023556,0.025823,1,1,233,3,5,11,Beam_3_1_11,3111
5552,Beam_3_1_5,19361,0.041895,0.023807,0.024845,1,1,233,3,5,11,Beam_3_1_11,3111
5553,Beam_3_1_5,19373,0.041895,0.023807,0.025925,1,1,233,3,5,11,Beam_3_1_11,3111
5554,Beam_3_1_5,19333,0.057109,0.023819,0.02485,1,1,233,3,5,11,Beam_3_1_11,3111
5555,Beam_3_1_5,19392,0.057109,0.023819,0.02593,1,1,233,3,5,11,Beam_3_1_11,3111
5556,Beam_3_1_5,19385,0.04712,0.024178,0.026074,1,1,233,3,5,11,Beam_3_1_11,3111
5557,Beam_3_1_5,19341,0.04712,0.024178,0.024996,1,1,233,3,5,11,Beam_3_1_11,3111
5558,Beam_3_1_5,19339,0.05188,0.024178,0.024996,1,1,233,3,5,11,Beam_3_1_11,3111
5559,Beam_3_1_5,19391,0.05188,0.024178,0.026074,1,1,233,3,5,11,Beam_3_1_11,3111
5560,Beam_3_1_5,19372,0.043797,0.024306,0.026124,1,1,233,3,5,11,Beam_3_1_11,3111
5561,Beam_3_1_5,19360,0.043797,0.024306,0.025048,1,1,233,3,5,11,Beam_3_1_11,3111
5562,Beam_3_1_5,19334,0.055212,0.024316,0.025052,1,1,233,3,5,11,Beam_3_1_11,3111
5563,Beam_3_1_5,19393,0.055212,0.024316,0.026128,1,1,233,3,5,11,Beam_3_1_11,3111
5564,Beam_3_1_5,19388,0.0495,0.024803,0.026318,1,1,233,3,5,11,Beam_3_1_11,3111
5565,Beam_3_1_5,19340,0.0495,0.024803,0.025245,1,1,233,3,5,11,Beam_3_1_11,3111
5566,Beam_3_1_5,19371,0.045693,0.024804,0.026318,1,1,233,3,5,11,Beam_3_1_11,3111
5567,Beam_3_1_5,19359,0.045693,0.024804,0.025245,1,1,233,3,5,11,Beam_3_1_11,3111
5568,Beam_3_1_5,19394,0.05332,0.024811,0.026321,1,1,233,3,5,11,Beam_3_1_11,3111
5569,Beam_3_1_5,19335,0.05332,0.024811,0.025248,1,1,233,3,5,11,Beam_3_1_11,3111
5570,Beam_3_1_5,19374,0.047595,0.025303,0.026509,1,1,233,3,5,11,Beam_3_1_11,3111
5571,Beam_3_1_5,19358,0.047595,0.025303,0.025439,1,1,233,3,5,11,Beam_3_1_11,3111
5572,Beam_3_1_5,19395,0.051422,0.025308,0.02651,1,1,233,3,5,11,Beam_3_1_11,3111
5573,Beam_3_1_5,19327,0.051422,0.025308,0.025441,1,1,233,3,5,11,Beam_3_1_11,3111
5574,Beam_3_1_5,19357,0.045699,0.025801,0.025627,1,1,233,3,5,11,Beam_3_1_11,3111
5575,Beam_3_1_5,19377,0.045699,0.025801,0.026694,1,1,233,3,5,11,Beam_3_1_11,3111
5576,Beam_3_1_5,19396,0.053313,0.025804,0.026695,1,1,233,3,5,11,Beam_3_1_11,3111
5577,Beam_3_1_5,19328,0.053313,0.025804,0.025629,1,1,233,3,5,11,Beam_3_1_11,3111
5578,Beam_3_1_5,19349,0.049514,0.025807,0.02563,1,1,233,3,5,11,Beam_3_1_11,3111
5579,Beam_3_1_5,19381,0.049514,0.025807,0.026696,1,1,233,3,5,11,Beam_3_1_11,3111
5580,Beam_3_1_5,19376,0.043798,0.0263,0.026876,1,1,233,3,5,11,Beam_3_1_11,3111
5581,Beam_3_1_5,19356,0.043798,0.0263,0.025812,1,1,233,3,5,11,Beam_3_1_11,3111
5582,Beam_3_1_5,19329,0.05521,0.026302,0.025813,1,1,233,3,5,11,Beam_3_1_11,3111
5583,Beam_3_1_5,19397,0.05521,0.026302,0.026877,1,1,233,3,5,11,Beam_3_1_11,3111
5584,Beam_3_1_5,19350,0.04714,0.026428,0.025859,1,1,233,3,5,11,Beam_3_1_11,3111
5585,Beam_3_1_5,19378,0.04714,0.026428,0.026922,1,1,233,3,5,11,Beam_3_1_11,3111
5586,Beam_3_1_5,19384,0.051881,0.026428,0.026922,1,1,233,3,5,11,Beam_3_1_11,3111
5587,Beam_3_1_5,19348,0.051881,0.026428,0.025859,1,1,233,3,5,11,Beam_3_1_11,3111
5588,Beam_3_1_5,19355,0.041902,0.026797,0.025992,1,1,233,3,5,11,Beam_3_1_11,3111
5589,Beam_3_1_5,19375,0.041902,0.026797,0.027053,1,1,233,3,5,11,Beam_3_1_11,3111
5590,Beam_3_1_5,19398,0.057103,0.026798,0.027053,1,1,233,3,5,11,Beam_3_1_11,3111
5591,Beam_3_1_5,19330,0.057103,0.026798,0.025992,1,1,233,3,5,11,Beam_3_1_11,3111
5592,Beam_3_1_5,19351,0.044758,0.027051,0.026082,1,1,233,3,5,11,Beam_3_1_11,3111
5593,Beam_3_1_5,19379,0.044758,0.027051,0.027142,1,1,233,3,5,11,Beam_3_1_11,3111
5594,Beam_3_1_5,19383,0.054256,0.027051,0.027142,1,1,233,3,5,11,Beam_3_1_11,3111
5595,Beam_3_1_5,19347,0.054256,0.027051,0.026082,1,1,233,3,5,11,Beam_3_1_11,3111
5596,Beam_3_1_5,19380,0.042383,0.027673,0.027354,1,1,233,3,5,11,Beam_3_1_11,3111
5597,Beam_3_1_5,19352,0.042383,0.027673,0.026298,1,1,233,3,5,11,Beam_3_1_11,3111
5598,Beam_3_1_5,19382,0.056624,0.027673,0.027354,1,1,233,3,5,11,Beam_3_1_11,3111
5599,Beam_3_1_5,19346,0.056624,0.027673,0.026298,1,1,233,3,5,11,Beam_3_1_11,3111
5600,Beam_3_1_5,24638,0.04,0.028803,0.027198,1,1,233,3,5,11,Beam_3_1_11,3111
5601,Beam_3_1_5,24641,0.04475,0.028803,0.027198,1,1,233,3,5,11,Beam_3_1_11,3111
5602,Beam_3_1_5,24640,0.0495,0.028803,0.027198,1,1,233,3,5,11,Beam_3_1_11,3111
5603,Beam_3_1_5,24639,0.05425,0.028803,0.027198,1,1,233,3,5,11,Beam_3_1_11,3111
5604,Beam_3_1_5,24637,0.059,0.028803,0.027198,1,1,233,3,5,11,Beam_3_1_11,3111
5605,Beam_3_1_6,20657,0.042371,0.029932,0.027027,1,1,287,3,6,10,Beam_3_1_10,3110
5606,Beam_3_1_6,20669,0.042371,0.029932,0.028072,1,1,287,3,6,10,Beam_3_1_10,3110
5607,Beam_3_1_6,20671,0.056629,0.029932,0.028072,1,1,287,3,6,10,Beam_3_1_10,3110
5608,Beam_3_1_6,20651,0.056629,0.029932,0.027027,1,1,287,3,6,10,Beam_3_1_10,3110
5609,Beam_3_1_6,20656,0.044749,0.030556,0.027214,1,1,287,3,6,10,Beam_3_1_10,3110
5610,Beam_3_1_6,20668,0.044749,0.030556,0.028256,1,1,287,3,6,10,Beam_3_1_10,3110
5611,Beam_3_1_6,20672,0.054251,0.030556,0.028256,1,1,287,3,6,10,Beam_3_1_10,3110
5612,Beam_3_1_6,20652,0.054251,0.030556,0.027214,1,1,287,3,6,10,Beam_3_1_10,3110
5613,Beam_3_1_6,20639,0.041896,0.030808,0.027287,1,1,287,3,6,10,Beam_3_1_10,3110
5614,Beam_3_1_6,20683,0.041896,0.030808,0.028328,1,1,287,3,6,10,Beam_3_1_10,3110
5615,Beam_3_1_6,20647,0.057108,0.03082,0.027291,1,1,287,3,6,10,Beam_3_1_10,3110
5616,Beam_3_1_6,20674,0.057108,0.03082,0.028331,1,1,287,3,6,10,Beam_3_1_10,3110
5617,Beam_3_1_6,20655,0.047121,0.031179,0.027394,1,1,287,3,6,10,Beam_3_1_10,3110
5618,Beam_3_1_6,20667,0.047121,0.031179,0.028432,1,1,287,3,6,10,Beam_3_1_10,3110
5619,Beam_3_1_6,20653,0.051879,0.031179,0.027394,1,1,287,3,6,10,Beam_3_1_10,3110
5620,Beam_3_1_6,20673,0.051879,0.031179,0.028432,1,1,287,3,6,10,Beam_3_1_10,3110
5621,Beam_3_1_6,20682,0.043797,0.031306,0.028468,1,1,287,3,6,10,Beam_3_1_10,3110
5622,Beam_3_1_6,20638,0.043797,0.031306,0.02743,1,1,287,3,6,10,Beam_3_1_10,3110
5623,Beam_3_1_6,20675,0.055212,0.031316,0.028471,1,1,287,3,6,10,Beam_3_1_10,3110
5624,Beam_3_1_6,20648,0.055212,0.031316,0.027432,1,1,287,3,6,10,Beam_3_1_10,3110
5625,Beam_3_1_6,20654,0.0495,0.031803,0.027567,1,1,287,3,6,10,Beam_3_1_10,3110
5626,Beam_3_1_6,20670,0.0495,0.031803,0.028604,1,1,287,3,6,10,Beam_3_1_10,3110
5627,Beam_3_1_6,20681,0.045694,0.031804,0.028604,1,1,287,3,6,10,Beam_3_1_10,3110
5628,Beam_3_1_6,20637,0.045694,0.031804,0.027568,1,1,287,3,6,10,Beam_3_1_10,3110
5629,Beam_3_1_6,20649,0.053319,0.031811,0.02757,1,1,287,3,6,10,Beam_3_1_10,3110
5630,Beam_3_1_6,20676,0.053319,0.031811,0.028606,1,1,287,3,6,10,Beam_3_1_10,3110
5631,Beam_3_1_6,20684,0.047595,0.032303,0.028736,1,1,287,3,6,10,Beam_3_1_10,3110
5632,Beam_3_1_6,20636,0.047595,0.032303,0.027702,1,1,287,3,6,10,Beam_3_1_10,3110
5633,Beam_3_1_6,20641,0.051422,0.032308,0.027703,1,1,287,3,6,10,Beam_3_1_10,3110
5634,Beam_3_1_6,20677,0.051422,0.032308,0.028737,1,1,287,3,6,10,Beam_3_1_10,3110
5635,Beam_3_1_6,20687,0.045698,0.032801,0.028864,1,1,287,3,6,10,Beam_3_1_10,3110
5636,Beam_3_1_6,20635,0.045698,0.032801,0.027832,1,1,287,3,6,10,Beam_3_1_10,3110
5637,Beam_3_1_6,20678,0.053314,0.032804,0.028865,1,1,287,3,6,10,Beam_3_1_10,3110
5638,Beam_3_1_6,20642,0.053314,0.032804,0.027833,1,1,287,3,6,10,Beam_3_1_10,3110
5639,Beam_3_1_6,20691,0.049514,0.032807,0.028866,1,1,287,3,6,10,Beam_3_1_10,3110
5640,Beam_3_1_6,20627,0.049514,0.032807,0.027834,1,1,287,3,6,10,Beam_3_1_10,3110
5641,Beam_3_1_6,20686,0.043798,0.0333,0.028989,1,1,287,3,6,10,Beam_3_1_10,3110
5642,Beam_3_1_6,20634,0.043798,0.0333,0.027959,1,1,287,3,6,10,Beam_3_1_10,3110
5643,Beam_3_1_6,20643,0.055211,0.033302,0.027959,1,1,287,3,6,10,Beam_3_1_10,3110
5644,Beam_3_1_6,20679,0.055211,0.033302,0.028989,1,1,287,3,6,10,Beam_3_1_10,3110
5645,Beam_3_1_6,20628,0.047139,0.033428,0.027991,1,1,287,3,6,10,Beam_3_1_10,3110
5646,Beam_3_1_6,20688,0.047139,0.033428,0.02902,1,1,287,3,6,10,Beam_3_1_10,3110
5647,Beam_3_1_6,20626,0.051882,0.033428,0.027991,1,1,287,3,6,10,Beam_3_1_10,3110
5648,Beam_3_1_6,20694,0.051882,0.033428,0.02902,1,1,287,3,6,10,Beam_3_1_10,3110
5649,Beam_3_1_6,20685,0.041901,0.033798,0.029109,1,1,287,3,6,10,Beam_3_1_10,3110
5650,Beam_3_1_6,20633,0.041901,0.033798,0.028081,1,1,287,3,6,10,Beam_3_1_10,3110
5651,Beam_3_1_6,20644,0.057104,0.033799,0.028081,1,1,287,3,6,10,Beam_3_1_10,3110
5652,Beam_3_1_6,20680,0.057104,0.033799,0.02911,1,1,287,3,6,10,Beam_3_1_10,3110
5653,Beam_3_1_6,20629,0.044758,0.034051,0.028142,1,1,287,3,6,10,Beam_3_1_10,3110
5654,Beam_3_1_6,20689,0.044758,0.034051,0.029169,1,1,287,3,6,10,Beam_3_1_10,3110
5655,Beam_3_1_6,20693,0.054256,0.034051,0.029169,1,1,287,3,6,10,Beam_3_1_10,3110
5656,Beam_3_1_6,20625,0.054256,0.034051,0.028142,1,1,287,3,6,10,Beam_3_1_10,3110
5657,Beam_3_1_6,20690,0.042381,0.034673,0.029312,1,1,287,3,6,10,Beam_3_1_10,3110
5658,Beam_3_1_6,20630,0.042381,0.034673,0.028286,1,1,287,3,6,10,Beam_3_1_10,3110
5659,Beam_3_1_6,20692,0.056626,0.034673,0.029312,1,1,287,3,6,10,Beam_3_1_10,3110
5660,Beam_3_1_6,20624,0.056626,0.034673,0.028286,1,1,287,3,6,10,Beam_3_1_10,3110
5661,Beam_3_1_6,24629,0.04,0.035803,0.029044,1,1,287,3,6,10,Beam_3_1_10,3110
5662,Beam_3_1_6,24632,0.04475,0.035803,0.029044,1,1,287,3,6,10,Beam_3_1_10,3110
5663,Beam_3_1_6,24631,0.0495,0.035803,0.029044,1,1,287,3,6,10,Beam_3_1_10,3110
5664,Beam_3_1_6,24630,0.05425,0.035803,0.029044,1,1,287,3,6,10,Beam_3_1_10,3110
5665,Beam_3_1_6,24628,0.059,0.035803,0.029044,1,1,287,3,6,10,Beam_3_1_10,3110
5666,Beam_3_1_7,21965,0.042373,0.036932,0.02978,1,1,341,3,7,9,Beam_3_1_9,3109
5667,Beam_3_1_7,21953,0.042373,0.036932,0.028762,1,1,341,3,7,9,Beam_3_1_9,3109
5668,Beam_3_1_7,21967,0.056627,0.036932,0.02978,1,1,341,3,7,9,Beam_3_1_9,3109
5669,Beam_3_1_7,21947,0.056627,0.036932,0.028762,1,1,341,3,7,9,Beam_3_1_9,3109
5670,Beam_3_1_7,21952,0.044749,0.037556,0.028879,1,1,341,3,7,9,Beam_3_1_9,3109
5671,Beam_3_1_7,21964,0.044749,0.037556,0.029895,1,1,341,3,7,9,Beam_3_1_9,3109
5672,Beam_3_1_7,21948,0.054251,0.037556,0.028879,1,1,341,3,7,9,Beam_3_1_9,3109
5673,Beam_3_1_7,21968,0.054251,0.037556,0.029895,1,1,341,3,7,9,Beam_3_1_9,3109
5674,Beam_3_1_7,21935,0.041897,0.037808,0.028924,1,1,341,3,7,9,Beam_3_1_9,3109
5675,Beam_3_1_7,21979,0.041897,0.037808,0.02994,1,1,341,3,7,9,Beam_3_1_9,3109
5676,Beam_3_1_7,21970,0.057107,0.03782,0.029942,1,1,341,3,7,9,Beam_3_1_9,3109
5677,Beam_3_1_7,21943,0.057107,0.03782,0.028927,1,1,341,3,7,9,Beam_3_1_9,3109
5678,Beam_3_1_7,21951,0.047123,0.038179,0.02899,1,1,341,3,7,9,Beam_3_1_9,3109
5679,Beam_3_1_7,21963,0.047123,0.038179,0.030005,1,1,341,3,7,9,Beam_3_1_9,3109
5680,Beam_3_1_7,21969,0.051877,0.038179,0.030005,1,1,341,3,7,9,Beam_3_1_9,3109
5681,Beam_3_1_7,21949,0.051877,0.038179,0.02899,1,1,341,3,7,9,Beam_3_1_9,3109
5682,Beam_3_1_7,21978,0.043797,0.038306,0.030027,1,1,341,3,7,9,Beam_3_1_9,3109
5683,Beam_3_1_7,21934,0.043797,0.038306,0.029012,1,1,341,3,7,9,Beam_3_1_9,3109
5684,Beam_3_1_7,21944,0.055211,0.038316,0.029014,1,1,341,3,7,9,Beam_3_1_9,3109
5685,Beam_3_1_7,21971,0.055211,0.038316,0.030028,1,1,341,3,7,9,Beam_3_1_9,3109
5686,Beam_3_1_7,21950,0.0495,0.038803,0.029096,1,1,341,3,7,9,Beam_3_1_9,3109
5687,Beam_3_1_7,21966,0.0495,0.038803,0.030109,1,1,341,3,7,9,Beam_3_1_9,3109
5688,Beam_3_1_7,21977,0.045695,0.038804,0.030109,1,1,341,3,7,9,Beam_3_1_9,3109
5689,Beam_3_1_7,21933,0.045695,0.038804,0.029096,1,1,341,3,7,9,Beam_3_1_9,3109
5690,Beam_3_1_7,21945,0.053318,0.038811,0.029097,1,1,341,3,7,9,Beam_3_1_9,3109
5691,Beam_3_1_7,21972,0.053318,0.038811,0.03011,1,1,341,3,7,9,Beam_3_1_9,3109
5692,Beam_3_1_7,21932,0.047595,0.039303,0.029176,1,1,341,3,7,9,Beam_3_1_9,3109
5693,Beam_3_1_7,21980,0.047595,0.039303,0.030188,1,1,341,3,7,9,Beam_3_1_9,3109
5694,Beam_3_1_7,21973,0.051422,0.039308,0.030189,1,1,341,3,7,9,Beam_3_1_9,3109
5695,Beam_3_1_7,21937,0.051422,0.039308,0.029177,1,1,341,3,7,9,Beam_3_1_9,3109
5696,Beam_3_1_7,21983,0.045697,0.039801,0.030263,1,1,341,3,7,9,Beam_3_1_9,3109
5697,Beam_3_1_7,21931,0.045697,0.039801,0.029252,1,1,341,3,7,9,Beam_3_1_9,3109
5698,Beam_3_1_7,21938,0.053315,0.039804,0.029253,1,1,341,3,7,9,Beam_3_1_9,3109
5699,Beam_3_1_7,21974,0.053315,0.039804,0.030264,1,1,341,3,7,9,Beam_3_1_9,3109
5700,Beam_3_1_7,21987,0.049514,0.039807,0.030264,1,1,341,3,7,9,Beam_3_1_9,3109
5701,Beam_3_1_7,21923,0.049514,0.039807,0.029253,1,1,341,3,7,9,Beam_3_1_9,3109
5702,Beam_3_1_7,21982,0.043798,0.0403,0.030335,1,1,341,3,7,9,Beam_3_1_9,3109
5703,Beam_3_1_7,21930,0.043798,0.0403,0.029325,1,1,341,3,7,9,Beam_3_1_9,3109
5704,Beam_3_1_7,21939,0.055211,0.040302,0.029325,1,1,341,3,7,9,Beam_3_1_9,3109
5705,Beam_3_1_7,21975,0.055211,0.040302,0.030335,1,1,341,3,7,9,Beam_3_1_9,3109
5706,Beam_3_1_7,21924,0.047137,0.040429,0.029343,1,1,341,3,7,9,Beam_3_1_9,3109
5707,Beam_3_1_7,21984,0.047137,0.040429,0.030353,1,1,341,3,7,9,Beam_3_1_9,3109
5708,Beam_3_1_7,21990,0.051884,0.040429,0.030353,1,1,341,3,7,9,Beam_3_1_9,3109
5709,Beam_3_1_7,21922,0.051884,0.040429,0.029343,1,1,341,3,7,9,Beam_3_1_9,3109
5710,Beam_3_1_7,21981,0.0419,0.040798,0.030403,1,1,341,3,7,9,Beam_3_1_9,3109
5711,Beam_3_1_7,21929,0.0419,0.040798,0.029394,1,1,341,3,7,9,Beam_3_1_9,3109
5712,Beam_3_1_7,21940,0.057104,0.040799,0.029394,1,1,341,3,7,9,Beam_3_1_9,3109
5713,Beam_3_1_7,21976,0.057104,0.040799,0.030403,1,1,341,3,7,9,Beam_3_1_9,3109
5714,Beam_3_1_7,21925,0.044757,0.041051,0.029427,1,1,341,3,7,9,Beam_3_1_9,3109
5715,Beam_3_1_7,21985,0.044757,0.041051,0.030436,1,1,341,3,7,9,Beam_3_1_9,3109
5716,Beam_3_1_7,21989,0.054257,0.041051,0.030436,1,1,341,3,7,9,Beam_3_1_9,3109
5717,Beam_3_1_7,21921,0.054257,0.041051,0.029427,1,1,341,3,7,9,Beam_3_1_9,3109
5718,Beam_3_1_7,21926,0.04238,0.041674,0.029506,1,1,341,3,7,9,Beam_3_1_9,3109
5719,Beam_3_1_7,21986,0.04238,0.041674,0.030513,1,1,341,3,7,9,Beam_3_1_9,3109
5720,Beam_3_1_7,21920,0.056627,0.041674,0.029506,1,1,341,3,7,9,Beam_3_1_9,3109
5721,Beam_3_1_7,21988,0.056627,0.041674,0.030513,1,1,341,3,7,9,Beam_3_1_9,3109
5722,Beam_3_1_7,24584,0.04,0.042803,0.030136,1,1,341,3,7,9,Beam_3_1_9,3109
5723,Beam_3_1_7,24587,0.04475,0.042803,0.030136,1,1,341,3,7,9,Beam_3_1_9,3109
5724,Beam_3_1_7,24586,0.0495,0.042803,0.030136,1,1,341,3,7,9,Beam_3_1_9,3109
5725,Beam_3_1_7,24585,0.05425,0.042803,0.030136,1,1,341,3,7,9,Beam_3_1_9,3109
5726,Beam_3_1_7,24583,0.059,0.042803,0.030136,1,1,341,3,7,9,Beam_3_1_9,3109
5727,Beam_3_1_8,23250,0.042374,0.043933,0.029743,1,1,395,3,8,8,Beam_3_1_8,3108
5728,Beam_3_1_8,23255,0.042374,0.043933,0.030747,1,1,395,3,8,8,Beam_3_1_8,3108
5729,Beam_3_1_8,23243,0.056626,0.043933,0.029743,1,1,395,3,8,8,Beam_3_1_8,3108
5730,Beam_3_1_8,23263,0.056626,0.043933,0.030747,1,1,395,3,8,8,Beam_3_1_8,3108
5731,Beam_3_1_8,23249,0.04475,0.044556,0.029795,1,1,395,3,8,8,Beam_3_1_8,3108
5732,Beam_3_1_8,23254,0.04475,0.044556,0.030798,1,1,395,3,8,8,Beam_3_1_8,3108
5733,Beam_3_1_8,23264,0.05425,0.044556,0.030798,1,1,395,3,8,8,Beam_3_1_8,3108
5734,Beam_3_1_8,23244,0.05425,0.044556,0.029795,1,1,395,3,8,8,Beam_3_1_8,3108
5735,Beam_3_1_8,23231,0.041898,0.044808,0.029815,1,1,395,3,8,8,Beam_3_1_8,3108
5736,Beam_3_1_8,23275,0.041898,0.044808,0.030817,1,1,395,3,8,8,Beam_3_1_8,3108
5737,Beam_3_1_8,23239,0.057106,0.04482,0.029816,1,1,395,3,8,8,Beam_3_1_8,3108
5738,Beam_3_1_8,23266,0.057106,0.04482,0.030818,1,1,395,3,8,8,Beam_3_1_8,3108
5739,Beam_3_1_8,23253,0.047124,0.04518,0.030844,1,1,395,3,8,8,Beam_3_1_8,3108
5740,Beam_3_1_8,23248,0.047124,0.04518,0.029842,1,1,395,3,8,8,Beam_3_1_8,3108
5741,Beam_3_1_8,23245,0.051876,0.04518,0.029842,1,1,395,3,8,8,Beam_3_1_8,3108
5742,Beam_3_1_8,23265,0.051876,0.04518,0.030844,1,1,395,3,8,8,Beam_3_1_8,3108
5743,Beam_3_1_8,23230,0.043797,0.045306,0.02985,1,1,395,3,8,8,Beam_3_1_8,3108
5744,Beam_3_1_8,23274,0.043797,0.045306,0.030853,1,1,395,3,8,8,Beam_3_1_8,3108
5745,Beam_3_1_8,23240,0.055211,0.045316,0.029851,1,1,395,3,8,8,Beam_3_1_8,3108
5746,Beam_3_1_8,23267,0.055211,0.045316,0.030853,1,1,395,3,8,8,Beam_3_1_8,3108
5747,Beam_3_1_8,23246,0.0495,0.045803,0.029882,1,1,395,3,8,8,Beam_3_1_8,3108
5748,Beam_3_1_8,23256,0.0495,0.045803,0.030884,1,1,395,3,8,8,Beam_3_1_8,3108
5749,Beam_3_1_8,23229,0.045696,0.045805,0.029883,1,1,395,3,8,8,Beam_3_1_8,3108
5750,Beam_3_1_8,23273,0.045696,0.045805,0.030884,1,1,395,3,8,8,Beam_3_1_8,3108
5751,Beam_3_1_8,23268,0.053317,0.045812,0.030885,1,1,395,3,8,8,Beam_3_1_8,3108
5752,Beam_3_1_8,23241,0.053317,0.045812,0.029883,1,1,395,3,8,8,Beam_3_1_8,3108
5753,Beam_3_1_8,23228,0.047595,0.046303,0.029911,1,1,395,3,8,8,Beam_3_1_8,3108
5754,Beam_3_1_8,23276,0.047595,0.046303,0.030913,1,1,395,3,8,8,Beam_3_1_8,3108
5755,Beam_3_1_8,23269,0.051422,0.046308,0.030913,1,1,395,3,8,8,Beam_3_1_8,3108
5756,Beam_3_1_8,23233,0.051422,0.046308,0.029911,1,1,395,3,8,8,Beam_3_1_8,3108
5757,Beam_3_1_8,23279,0.045697,0.046801,0.030937,1,1,395,3,8,8,Beam_3_1_8,3108
5758,Beam_3_1_8,23227,0.045697,0.046801,0.029936,1,1,395,3,8,8,Beam_3_1_8,3108
5759,Beam_3_1_8,23234,0.053316,0.046805,0.029936,1,1,395,3,8,8,Beam_3_1_8,3108
5760,Beam_3_1_8,23270,0.053316,0.046805,0.030937,1,1,395,3,8,8,Beam_3_1_8,3108
5761,Beam_3_1_8,23283,0.049514,0.046807,0.030937,1,1,395,3,8,8,Beam_3_1_8,3108
5762,Beam_3_1_8,23219,0.049514,0.046807,0.029936,1,1,395,3,8,8,Beam_3_1_8,3108
5763,Beam_3_1_8,23278,0.043798,0.0473,0.030958,1,1,395,3,8,8,Beam_3_1_8,3108
5764,Beam_3_1_8,23226,0.043798,0.0473,0.029957,1,1,395,3,8,8,Beam_3_1_8,3108
5765,Beam_3_1_8,23271,0.055211,0.047302,0.030958,1,1,395,3,8,8,Beam_3_1_8,3108
5766,Beam_3_1_8,23235,0.055211,0.047302,0.029957,1,1,395,3,8,8,Beam_3_1_8,3108
5767,Beam_3_1_8,23280,0.047136,0.047429,0.030963,1,1,395,3,8,8,Beam_3_1_8,3108
5768,Beam_3_1_8,23220,0.047136,0.047429,0.029962,1,1,395,3,8,8,Beam_3_1_8,3108
5769,Beam_3_1_8,23218,0.051885,0.047429,0.029962,1,1,395,3,8,8,Beam_3_1_8,3108
5770,Beam_3_1_8,23286,0.051885,0.047429,0.030963,1,1,395,3,8,8,Beam_3_1_8,3108
5771,Beam_3_1_8,23277,0.041899,0.047798,0.030976,1,1,395,3,8,8,Beam_3_1_8,3108
5772,Beam_3_1_8,23225,0.041899,0.047798,0.029975,1,1,395,3,8,8,Beam_3_1_8,3108
5773,Beam_3_1_8,23236,0.057105,0.047799,0.029975,1,1,395,3,8,8,Beam_3_1_8,3108
5774,Beam_3_1_8,23272,0.057105,0.047799,0.030976,1,1,395,3,8,8,Beam_3_1_8,3108
5775,Beam_3_1_8,23221,0.044757,0.048052,0.029983,1,1,395,3,8,8,Beam_3_1_8,3108
5776,Beam_3_1_8,23281,0.044757,0.048052,0.030983,1,1,395,3,8,8,Beam_3_1_8,3108
5777,Beam_3_1_8,23285,0.054257,0.048052,0.030983,1,1,395,3,8,8,Beam_3_1_8,3108
5778,Beam_3_1_8,23217,0.054257,0.048052,0.029983,1,1,395,3,8,8,Beam_3_1_8,3108
5779,Beam_3_1_8,23282,0.042379,0.048674,0.030998,1,1,395,3,8,8,Beam_3_1_8,3108
5780,Beam_3_1_8,23222,0.042379,0.048674,0.029997,1,1,395,3,8,8,Beam_3_1_8,3108
5781,Beam_3_1_8,23284,0.056628,0.048674,0.030998,1,1,395,3,8,8,Beam_3_1_8,3108
5782,Beam_3_1_8,23216,0.056628,0.048674,0.029997,1,1,395,3,8,8,Beam_3_1_8,3108
5783,Beam_3_1_8,24575,0.04,0.049803,0.030509,1,1,395,3,8,8,Beam_3_1_8,3108
5784,Beam_3_1_8,24578,0.04475,0.049803,0.030509,1,1,395,3,8,8,Beam_3_1_8,3108
5785,Beam_3_1_8,24577,0.0495,0.049803,0.030509,1,1,395,3,8,8,Beam_3_1_8,3108
5786,Beam_3_1_8,24576,0.05425,0.049803,0.030509,1,1,395,3,8,8,Beam_3_1_8,3108
5787,Beam_3_1_8,24574,0.059,0.049803,0.030509,1,1,395,3,8,8,Beam_3_1_8,3108
5788,Beam_3_1_9,23870,0.042375,0.050933,0.030004,1,1,422,3,9,7,Beam_3_1_7,3107
5789,Beam_3_1_9,23930,0.042375,0.050933,0.031004,1,1,422,3,9,7,Beam_3_1_7,3107
5790,Beam_3_1_9,23932,0.056625,0.050933,0.031004,1,1,422,3,9,7,Beam_3_1_7,3107
5791,Beam_3_1_9,23864,0.056625,0.050933,0.030004,1,1,422,3,9,7,Beam_3_1_7,3107
5792,Beam_3_1_9,23929,0.04475,0.051556,0.030993,1,1,422,3,9,7,Beam_3_1_7,3107
5793,Beam_3_1_9,23869,0.04475,0.051556,0.029993,1,1,422,3,9,7,Beam_3_1_7,3107
5794,Beam_3_1_9,23933,0.05425,0.051556,0.030993,1,1,422,3,9,7,Beam_3_1_7,3107
5795,Beam_3_1_9,23865,0.05425,0.051556,0.029993,1,1,422,3,9,7,Beam_3_1_7,3107
5796,Beam_3_1_9,23888,0.041899,0.051808,0.029987,1,1,422,3,9,7,Beam_3_1_7,3107
5797,Beam_3_1_9,23916,0.041899,0.051808,0.030987,1,1,422,3,9,7,Beam_3_1_7,3107
5798,Beam_3_1_9,23921,0.057105,0.05182,0.030987,1,1,422,3,9,7,Beam_3_1_7,3107
5799,Beam_3_1_9,23878,0.057105,0.05182,0.029986,1,1,422,3,9,7,Beam_3_1_7,3107
5800,Beam_3_1_9,23868,0.047125,0.05218,0.029976,1,1,422,3,9,7,Beam_3_1_7,3107
5801,Beam_3_1_9,23928,0.047125,0.05218,0.030976,1,1,422,3,9,7,Beam_3_1_7,3107
5802,Beam_3_1_9,23866,0.051875,0.05218,0.029976,1,1,422,3,9,7,Beam_3_1_7,3107
5803,Beam_3_1_9,23934,0.051875,0.05218,0.030976,1,1,422,3,9,7,Beam_3_1_7,3107
5804,Beam_3_1_9,23887,0.043798,0.052306,0.029972,1,1,422,3,9,7,Beam_3_1_7,3107
5805,Beam_3_1_9,23915,0.043798,0.052306,0.030972,1,1,422,3,9,7,Beam_3_1_7,3107
5806,Beam_3_1_9,23879,0.055211,0.052316,0.029971,1,1,422,3,9,7,Beam_3_1_7,3107
5807,Beam_3_1_9,23922,0.055211,0.052316,0.030972,1,1,422,3,9,7,Beam_3_1_7,3107
5808,Beam_3_1_9,23867,0.0495,0.052803,0.029953,1,1,422,3,9,7,Beam_3_1_7,3107
5809,Beam_3_1_9,23931,0.0495,0.052803,0.030954,1,1,422,3,9,7,Beam_3_1_7,3107
5810,Beam_3_1_9,23886,0.045696,0.052805,0.029953,1,1,422,3,9,7,Beam_3_1_7,3107
5811,Beam_3_1_9,23914,0.045696,0.052805,0.030954,1,1,422,3,9,7,Beam_3_1_7,3107
5812,Beam_3_1_9,23923,0.053316,0.052812,0.030954,1,1,422,3,9,7,Beam_3_1_7,3107
5813,Beam_3_1_9,23880,0.053316,0.052812,0.029953,1,1,422,3,9,7,Beam_3_1_7,3107
5814,Beam_3_1_9,23885,0.047595,0.053303,0.029931,1,1,422,3,9,7,Beam_3_1_7,3107
5815,Beam_3_1_9,23917,0.047595,0.053303,0.030932,1,1,422,3,9,7,Beam_3_1_7,3107
5816,Beam_3_1_9,23872,0.051422,0.053308,0.029931,1,1,422,3,9,7,Beam_3_1_7,3107
5817,Beam_3_1_9,23924,0.051422,0.053308,0.030932,1,1,422,3,9,7,Beam_3_1_7,3107
5818,Beam_3_1_9,23920,0.045696,0.053802,0.030907,1,1,422,3,9,7,Beam_3_1_7,3107
5819,Beam_3_1_9,23884,0.045696,0.053802,0.029905,1,1,422,3,9,7,Beam_3_1_7,3107
5820,Beam_3_1_9,23925,0.053317,0.053805,0.030907,1,1,422,3,9,7,Beam_3_1_7,3107
5821,Beam_3_1_9,23873,0.053317,0.053805,0.029905,1,1,422,3,9,7,Beam_3_1_7,3107
5822,Beam_3_1_9,23894,0.049514,0.053807,0.029905,1,1,422,3,9,7,Beam_3_1_7,3107
5823,Beam_3_1_9,23910,0.049514,0.053807,0.030907,1,1,422,3,9,7,Beam_3_1_7,3107
5824,Beam_3_1_9,23919,0.043797,0.0543,0.030878,1,1,422,3,9,7,Beam_3_1_7,3107
5825,Beam_3_1_9,23883,0.043797,0.0543,0.029876,1,1,422,3,9,7,Beam_3_1_7,3107
5826,Beam_3_1_9,23874,0.055211,0.054302,0.029876,1,1,422,3,9,7,Beam_3_1_7,3107
5827,Beam_3_1_9,23926,0.055211,0.054302,0.030878,1,1,422,3,9,7,Beam_3_1_7,3107
5828,Beam_3_1_9,23895,0.047135,0.054429,0.029868,1,1,422,3,9,7,Beam_3_1_7,3107
5829,Beam_3_1_9,23907,0.047135,0.054429,0.03087,1,1,422,3,9,7,Beam_3_1_7,3107
5830,Beam_3_1_9,23913,0.051886,0.054429,0.03087,1,1,422,3,9,7,Beam_3_1_7,3107
5831,Beam_3_1_9,23893,0.051886,0.054429,0.029868,1,1,422,3,9,7,Beam_3_1_7,3107
5832,Beam_3_1_9,23882,0.041898,0.054798,0.029843,1,1,422,3,9,7,Beam_3_1_7,3107
5833,Beam_3_1_9,23918,0.041898,0.054798,0.030846,1,1,422,3,9,7,Beam_3_1_7,3107
5834,Beam_3_1_9,23875,0.057106,0.054799,0.029843,1,1,422,3,9,7,Beam_3_1_7,3107
5835,Beam_3_1_9,23927,0.057106,0.054799,0.030845,1,1,422,3,9,7,Beam_3_1_7,3107
5836,Beam_3_1_9,23908,0.044757,0.055052,0.030828,1,1,422,3,9,7,Beam_3_1_7,3107
5837,Beam_3_1_9,23896,0.044757,0.055052,0.029825,1,1,422,3,9,7,Beam_3_1_7,3107
5838,Beam_3_1_9,23892,0.054257,0.055052,0.029825,1,1,422,3,9,7,Beam_3_1_7,3107
5839,Beam_3_1_9,23912,0.054257,0.055052,0.030828,1,1,422,3,9,7,Beam_3_1_7,3107
5840,Beam_3_1_9,23909,0.042378,0.055674,0.03078,1,1,422,3,9,7,Beam_3_1_7,3107
5841,Beam_3_1_9,23897,0.042378,0.055674,0.029776,1,1,422,3,9,7,Beam_3_1_7,3107
5842,Beam_3_1_9,23891,0.05663,0.055674,0.029776,1,1,422,3,9,7,Beam_3_1_7,3107
5843,Beam_3_1_9,23911,0.05663,0.055674,0.03078,1,1,422,3,9,7,Beam_3_1_7,3107
5844,Beam_3_1_9,24530,0.04,0.056803,0.030176,1,1,422,3,9,7,Beam_3_1_7,3107
5845,Beam_3_1_9,24533,0.04475,0.056803,0.030176,1,1,422,3,9,7,Beam_3_1_7,3107
5846,Beam_3_1_9,24532,0.0495,0.056803,0.030176,1,1,422,3,9,7,Beam_3_1_7,3107
5847,Beam_3_1_9,24531,0.05425,0.056803,0.030176,1,1,422,3,9,7,Beam_3_1_7,3107
5848,Beam_3_1_9,24529,0.059,0.056803,0.030176,1,1,422,3,9,7,Beam_3_1_7,3107
5849,Beam_3_1_10,22601,0.042376,0.057933,0.029553,1,1,368,3,10,6,Beam_3_1_6,3106
5850,Beam_3_1_10,22613,0.042376,0.057933,0.030559,1,1,368,3,10,6,Beam_3_1_6,3106
5851,Beam_3_1_10,22595,0.056624,0.057933,0.029553,1,1,368,3,10,6,Beam_3_1_6,3106
5852,Beam_3_1_10,22615,0.056624,0.057933,0.030559,1,1,368,3,10,6,Beam_3_1_6,3106
5853,Beam_3_1_10,22600,0.04475,0.058557,0.029478,1,1,368,3,10,6,Beam_3_1_6,3106
5854,Beam_3_1_10,22612,0.04475,0.058557,0.030485,1,1,368,3,10,6,Beam_3_1_6,3106
5855,Beam_3_1_10,22596,0.05425,0.058557,0.029478,1,1,368,3,10,6,Beam_3_1_6,3106
5856,Beam_3_1_10,22616,0.05425,0.058557,0.030485,1,1,368,3,10,6,Beam_3_1_6,3106
5857,Beam_3_1_10,22627,0.0419,0.058808,0.030454,1,1,368,3,10,6,Beam_3_1_6,3106
5858,Beam_3_1_10,22583,0.0419,0.058808,0.029446,1,1,368,3,10,6,Beam_3_1_6,3106
5859,Beam_3_1_10,22591,0.057104,0.058821,0.029444,1,1,368,3,10,6,Beam_3_1_6,3106
5860,Beam_3_1_10,22618,0.057105,0.058821,0.030452,1,1,368,3,10,6,Beam_3_1_6,3106
5861,Beam_3_1_10,22599,0.047127,0.05918,0.029397,1,1,368,3,10,6,Beam_3_1_6,3106
5862,Beam_3_1_10,22611,0.047127,0.05918,0.030406,1,1,368,3,10,6,Beam_3_1_6,3106
5863,Beam_3_1_10,22597,0.051873,0.05918,0.029397,1,1,368,3,10,6,Beam_3_1_6,3106
5864,Beam_3_1_10,22617,0.051873,0.05918,0.030406,1,1,368,3,10,6,Beam_3_1_6,3106
5865,Beam_3_1_10,22582,0.043798,0.059307,0.02938,1,1,368,3,10,6,Beam_3_1_6,3106
5866,Beam_3_1_10,22626,0.043798,0.059307,0.030389,1,1,368,3,10,6,Beam_3_1_6,3106
5867,Beam_3_1_10,22592,0.055211,0.059316,0.029378,1,1,368,3,10,6,Beam_3_1_6,3106
5868,Beam_3_1_10,22619,0.055211,0.059316,0.030388,1,1,368,3,10,6,Beam_3_1_6,3106
5869,Beam_3_1_10,22614,0.0495,0.059803,0.03032,1,1,368,3,10,6,Beam_3_1_6,3106
5870,Beam_3_1_10,22598,0.0495,0.059803,0.02931,1,1,368,3,10,6,Beam_3_1_6,3106
5871,Beam_3_1_10,22625,0.045697,0.059805,0.03032,1,1,368,3,10,6,Beam_3_1_6,3106
5872,Beam_3_1_10,22581,0.045697,0.059805,0.02931,1,1,368,3,10,6,Beam_3_1_6,3106
5873,Beam_3_1_10,22620,0.053315,0.059812,0.030319,1,1,368,3,10,6,Beam_3_1_6,3106
5874,Beam_3_1_10,22593,0.053315,0.059812,0.029309,1,1,368,3,10,6,Beam_3_1_6,3106
5875,Beam_3_1_10,22628,0.047595,0.060303,0.030248,1,1,368,3,10,6,Beam_3_1_6,3106
5876,Beam_3_1_10,22580,0.047595,0.060303,0.029237,1,1,368,3,10,6,Beam_3_1_6,3106
5877,Beam_3_1_10,22621,0.051422,0.060308,0.030247,1,1,368,3,10,6,Beam_3_1_6,3106
5878,Beam_3_1_10,22585,0.051422,0.060308,0.029236,1,1,368,3,10,6,Beam_3_1_6,3106
5879,Beam_3_1_10,22631,0.045695,0.060802,0.030172,1,1,368,3,10,6,Beam_3_1_6,3106
5880,Beam_3_1_10,22579,0.045695,0.060802,0.029159,1,1,368,3,10,6,Beam_3_1_6,3106
5881,Beam_3_1_10,22622,0.053318,0.060805,0.030171,1,1,368,3,10,6,Beam_3_1_6,3106
5882,Beam_3_1_10,22586,0.053318,0.060805,0.029159,1,1,368,3,10,6,Beam_3_1_6,3106
5883,Beam_3_1_10,22571,0.049514,0.060807,0.029159,1,1,368,3,10,6,Beam_3_1_6,3106
5884,Beam_3_1_10,22635,0.049514,0.060807,0.030171,1,1,368,3,10,6,Beam_3_1_6,3106
5885,Beam_3_1_10,22578,0.043797,0.0613,0.029079,1,1,368,3,10,6,Beam_3_1_6,3106
5886,Beam_3_1_10,22630,0.043797,0.0613,0.030092,1,1,368,3,10,6,Beam_3_1_6,3106
5887,Beam_3_1_10,22587,0.055211,0.061302,0.029078,1,1,368,3,10,6,Beam_3_1_6,3106
5888,Beam_3_1_10,22623,0.055211,0.061302,0.030092,1,1,368,3,10,6,Beam_3_1_6,3106
5889,Beam_3_1_10,22572,0.047133,0.06143,0.029057,1,1,368,3,10,6,Beam_3_1_6,3106
5890,Beam_3_1_10,22632,0.047133,0.06143,0.030071,1,1,368,3,10,6,Beam_3_1_6,3106
5891,Beam_3_1_10,22570,0.051888,0.06143,0.029057,1,1,368,3,10,6,Beam_3_1_6,3106
5892,Beam_3_1_10,22638,0.051888,0.06143,0.030071,1,1,368,3,10,6,Beam_3_1_6,3106
5893,Beam_3_1_10,22629,0.041897,0.061798,0.030009,1,1,368,3,10,6,Beam_3_1_6,3106
5894,Beam_3_1_10,22577,0.041897,0.061798,0.028994,1,1,368,3,10,6,Beam_3_1_6,3106
5895,Beam_3_1_10,22588,0.057107,0.0618,0.028994,1,1,368,3,10,6,Beam_3_1_6,3106
5896,Beam_3_1_10,22624,0.057107,0.0618,0.030009,1,1,368,3,10,6,Beam_3_1_6,3106
5897,Beam_3_1_10,22633,0.044757,0.062052,0.029965,1,1,368,3,10,6,Beam_3_1_6,3106
5898,Beam_3_1_10,22573,0.044757,0.062052,0.02895,1,1,368,3,10,6,Beam_3_1_6,3106
5899,Beam_3_1_10,22637,0.054258,0.062052,0.029965,1,1,368,3,10,6,Beam_3_1_6,3106
5900,Beam_3_1_10,22569,0.054258,0.062052,0.02895,1,1,368,3,10,6,Beam_3_1_6,3106
5901,Beam_3_1_10,22634,0.042376,0.062675,0.029853,1,1,368,3,10,6,Beam_3_1_6,3106
5902,Beam_3_1_10,22574,0.042376,0.062675,0.028836,1,1,368,3,10,6,Beam_3_1_6,3106
5903,Beam_3_1_10,22568,0.056631,0.062675,0.028836,1,1,368,3,10,6,Beam_3_1_6,3106
5904,Beam_3_1_10,22636,0.056631,0.062675,0.029853,1,1,368,3,10,6,Beam_3_1_6,3106
5905,Beam_3_1_10,24494,0.04,0.063803,0.029125,1,1,368,3,10,6,Beam_3_1_6,3106
5906,Beam_3_1_10,24497,0.04475,0.063803,0.029125,1,1,368,3,10,6,Beam_3_1_6,3106
5907,Beam_3_1_10,24496,0.0495,0.063803,0.029125,1,1,368,3,10,6,Beam_3_1_6,3106
5908,Beam_3_1_10,24495,0.05425,0.063803,0.029125,1,1,368,3,10,6,Beam_3_1_6,3106
5909,Beam_3_1_10,24493,0.059,0.063803,0.029125,1,1,368,3,10,6,Beam_3_1_6,3106
5910,Beam_3_1_11,21317,0.042378,0.064934,0.029399,1,1,314,3,11,5,Beam_3_1_5,3105
5911,Beam_3_1_11,21305,0.042378,0.064934,0.028375,1,1,314,3,11,5,Beam_3_1_5,3105
5912,Beam_3_1_11,21319,0.056622,0.064934,0.029399,1,1,314,3,11,5,Beam_3_1_5,3105
5913,Beam_3_1_11,21299,0.056622,0.064934,0.028375,1,1,314,3,11,5,Beam_3_1_5,3105
5914,Beam_3_1_11,21304,0.044751,0.065557,0.028234,1,1,314,3,11,5,Beam_3_1_5,3105
5915,Beam_3_1_11,21316,0.044751,0.065557,0.02926,1,1,314,3,11,5,Beam_3_1_5,3105
5916,Beam_3_1_11,21320,0.054249,0.065557,0.02926,1,1,314,3,11,5,Beam_3_1_5,3105
5917,Beam_3_1_11,21300,0.054249,0.065557,0.028234,1,1,314,3,11,5,Beam_3_1_5,3105
5918,Beam_3_1_11,21287,0.041901,0.065809,0.028175,1,1,314,3,11,5,Beam_3_1_5,3105
5919,Beam_3_1_11,21331,0.041901,0.065809,0.029202,1,1,314,3,11,5,Beam_3_1_5,3105
5920,Beam_3_1_11,21322,0.057104,0.065821,0.029199,1,1,314,3,11,5,Beam_3_1_5,3105
5921,Beam_3_1_11,21295,0.057104,0.065821,0.028172,1,1,314,3,11,5,Beam_3_1_5,3105
5922,Beam_3_1_11,21315,0.047128,0.066181,0.029114,1,1,314,3,11,5,Beam_3_1_5,3105
5923,Beam_3_1_11,21303,0.047128,0.066181,0.028086,1,1,314,3,11,5,Beam_3_1_5,3105
5924,Beam_3_1_11,21301,0.051872,0.066181,0.028086,1,1,314,3,11,5,Beam_3_1_5,3105
5925,Beam_3_1_11,21321,0.051872,0.066181,0.029114,1,1,314,3,11,5,Beam_3_1_5,3105
5926,Beam_3_1_11,21330,0.043798,0.066307,0.029084,1,1,314,3,11,5,Beam_3_1_5,3105
5927,Beam_3_1_11,21286,0.043798,0.066307,0.028056,1,1,314,3,11,5,Beam_3_1_5,3105
5928,Beam_3_1_11,21323,0.055211,0.066316,0.029082,1,1,314,3,11,5,Beam_3_1_5,3105
5929,Beam_3_1_11,21296,0.055211,0.066316,0.028053,1,1,314,3,11,5,Beam_3_1_5,3105
5930,Beam_3_1_11,21318,0.0495,0.066803,0.028964,1,1,314,3,11,5,Beam_3_1_5,3105
5931,Beam_3_1_11,21302,0.0495,0.066803,0.027933,1,1,314,3,11,5,Beam_3_1_5,3105
5932,Beam_3_1_11,21329,0.045698,0.066805,0.028963,1,1,314,3,11,5,Beam_3_1_5,3105
5933,Beam_3_1_11,21285,0.045698,0.066805,0.027932,1,1,314,3,11,5,Beam_3_1_5,3105
5934,Beam_3_1_11,21324,0.053315,0.066812,0.028961,1,1,314,3,11,5,Beam_3_1_5,3105
5935,Beam_3_1_11,21297,0.053315,0.066812,0.027931,1,1,314,3,11,5,Beam_3_1_5,3105
5936,Beam_3_1_11,21284,0.047595,0.067303,0.027805,1,1,314,3,11,5,Beam_3_1_5,3105
5937,Beam_3_1_11,21332,0.047595,0.067303,0.028838,1,1,314,3,11,5,Beam_3_1_5,3105
5938,Beam_3_1_11,21289,0.051422,0.067308,0.027804,1,1,314,3,11,5,Beam_3_1_5,3105
5939,Beam_3_1_11,21325,0.051422,0.067308,0.028837,1,1,314,3,11,5,Beam_3_1_5,3105
5940,Beam_3_1_11,21283,0.045694,0.067802,0.027674,1,1,314,3,11,5,Beam_3_1_5,3105
5941,Beam_3_1_11,21335,0.045694,0.067802,0.028709,1,1,314,3,11,5,Beam_3_1_5,3105
5942,Beam_3_1_11,21290,0.053319,0.067805,0.027673,1,1,314,3,11,5,Beam_3_1_5,3105
5943,Beam_3_1_11,21326,0.053319,0.067805,0.028708,1,1,314,3,11,5,Beam_3_1_5,3105
5944,Beam_3_1_11,21275,0.049514,0.067807,0.027673,1,1,314,3,11,5,Beam_3_1_5,3105
5945,Beam_3_1_11,21339,0.049514,0.067807,0.028707,1,1,314,3,11,5,Beam_3_1_5,3105
5946,Beam_3_1_11,21334,0.043797,0.0683,0.028576,1,1,314,3,11,5,Beam_3_1_5,3105
5947,Beam_3_1_11,21282,0.043797,0.0683,0.027539,1,1,314,3,11,5,Beam_3_1_5,3105
5948,Beam_3_1_11,21291,0.055212,0.068302,0.027539,1,1,314,3,11,5,Beam_3_1_5,3105
5949,Beam_3_1_11,21327,0.055212,0.068302,0.028575,1,1,314,3,11,5,Beam_3_1_5,3105
5950,Beam_3_1_11,21336,0.047132,0.06843,0.02854,1,1,314,3,11,5,Beam_3_1_5,3105
5951,Beam_3_1_11,21276,0.047132,0.06843,0.027503,1,1,314,3,11,5,Beam_3_1_5,3105
5952,Beam_3_1_11,21342,0.051889,0.06843,0.02854,1,1,314,3,11,5,Beam_3_1_5,3105
5953,Beam_3_1_11,21274,0.051889,0.06843,0.027503,1,1,314,3,11,5,Beam_3_1_5,3105
5954,Beam_3_1_11,21333,0.041896,0.068799,0.028439,1,1,314,3,11,5,Beam_3_1_5,3105
5955,Beam_3_1_11,21281,0.041896,0.068799,0.0274,1,1,314,3,11,5,Beam_3_1_5,3105
5956,Beam_3_1_11,21292,0.057108,0.0688,0.0274,1,1,314,3,11,5,Beam_3_1_5,3105
5957,Beam_3_1_11,21328,0.057108,0.0688,0.028438,1,1,314,3,11,5,Beam_3_1_5,3105
5958,Beam_3_1_11,21337,0.044756,0.069052,0.028368,1,1,314,3,11,5,Beam_3_1_5,3105
5959,Beam_3_1_11,21277,0.044756,0.069052,0.027328,1,1,314,3,11,5,Beam_3_1_5,3105
5960,Beam_3_1_11,21273,0.054258,0.069052,0.027328,1,1,314,3,11,5,Beam_3_1_5,3105
5961,Beam_3_1_11,21341,0.054258,0.069052,0.028368,1,1,314,3,11,5,Beam_3_1_5,3105
5962,Beam_3_1_11,21338,0.042375,0.069675,0.028188,1,1,314,3,11,5,Beam_3_1_5,3105
5963,Beam_3_1_11,21278,0.042375,0.069675,0.027146,1,1,314,3,11,5,Beam_3_1_5,3105
5964,Beam_3_1_11,21272,0.056632,0.069675,0.027146,1,1,314,3,11,5,Beam_3_1_5,3105
5965,Beam_3_1_11,21340,0.056632,0.069675,0.028188,1,1,314,3,11,5,Beam_3_1_5,3105
5966,Beam_3_1_11,24485,0.04,0.070803,0.027323,1,1,314,3,11,5,Beam_3_1_5,3105
5967,Beam_3_1_11,24488,0.04475,0.070803,0.027323,1,1,314,3,11,5,Beam_3_1_5,3105
5968,Beam_3_1_11,24487,0.0495,0.070803,0.027323,1,1,314,3,11,5,Beam_3_1_5,3105
5969,Beam_3_1_11,24486,0.05425,0.070803,0.027323,1,1,314,3,11,5,Beam_3_1_5,3105
5970,Beam_3_1_11,24484,0.059,0.070803,0.027323,1,1,314,3,11,5,Beam_3_1_5,3105
5971,Beam_3_1_12,20021,0.042379,0.071934,0.027485,1,1,260,3,12,4,Beam_3_1_4,3104
5972,Beam_3_1_12,20009,0.042379,0.071934,0.026431,1,1,260,3,12,4,Beam_3_1_4,3104
5973,Beam_3_1_12,20023,0.056621,0.071934,0.027485,1,1,260,3,12,4,Beam_3_1_4,3104
5974,Beam_3_1_12,20003,0.056621,0.071934,0.026431,1,1,260,3,12,4,Beam_3_1_4,3104
5975,Beam_3_1_12,20020,0.044751,0.072557,0.027276,1,1,260,3,12,4,Beam_3_1_4,3104
5976,Beam_3_1_12,20008,0.044751,0.072557,0.026219,1,1,260,3,12,4,Beam_3_1_4,3104
5977,Beam_3_1_12,20024,0.054249,0.072557,0.027276,1,1,260,3,12,4,Beam_3_1_4,3104
5978,Beam_3_1_12,20004,0.054249,0.072557,0.026219,1,1,260,3,12,4,Beam_3_1_4,3104
5979,Beam_3_1_12,20035,0.041902,0.072809,0.02719,1,1,260,3,12,4,Beam_3_1_4,3104
5980,Beam_3_1_12,19991,0.041902,0.072809,0.026131,1,1,260,3,12,4,Beam_3_1_4,3104
5981,Beam_3_1_12,19999,0.057103,0.072821,0.026127,1,1,260,3,12,4,Beam_3_1_4,3104
5982,Beam_3_1_12,20026,0.057103,0.072821,0.027186,1,1,260,3,12,4,Beam_3_1_4,3104
5983,Beam_3_1_12,20007,0.04713,0.073181,0.026,1,1,260,3,12,4,Beam_3_1_4,3104
5984,Beam_3_1_12,20019,0.04713,0.073181,0.027061,1,1,260,3,12,4,Beam_3_1_4,3104
5985,Beam_3_1_12,20005,0.05187,0.073181,0.026,1,1,260,3,12,4,Beam_3_1_4,3104
5986,Beam_3_1_12,20025,0.05187,0.073181,0.027061,1,1,260,3,12,4,Beam_3_1_4,3104
5987,Beam_3_1_12,19990,0.043798,0.073307,0.025955,1,1,260,3,12,4,Beam_3_1_4,3104
5988,Beam_3_1_12,20034,0.043798,0.073307,0.027016,1,1,260,3,12,4,Beam_3_1_4,3104
5989,Beam_3_1_12,20000,0.05521,0.073316,0.025951,1,1,260,3,12,4,Beam_3_1_4,3104
5990,Beam_3_1_12,20027,0.05521,0.073316,0.027013,1,1,260,3,12,4,Beam_3_1_4,3104
5991,Beam_3_1_12,20006,0.0495,0.073803,0.025774,1,1,260,3,12,4,Beam_3_1_4,3104
5992,Beam_3_1_12,20022,0.0495,0.073803,0.026839,1,1,260,3,12,4,Beam_3_1_4,3104
5993,Beam_3_1_12,19989,0.045699,0.073806,0.025774,1,1,260,3,12,4,Beam_3_1_4,3104
5994,Beam_3_1_12,20033,0.045699,0.073806,0.026838,1,1,260,3,12,4,Beam_3_1_4,3104
5995,Beam_3_1_12,20001,0.053313,0.073813,0.025771,1,1,260,3,12,4,Beam_3_1_4,3104
5996,Beam_3_1_12,20028,0.053313,0.073813,0.026835,1,1,260,3,12,4,Beam_3_1_4,3104
5997,Beam_3_1_12,19988,0.047595,0.074303,0.025589,1,1,260,3,12,4,Beam_3_1_4,3104
5998,Beam_3_1_12,20036,0.047595,0.074303,0.026656,1,1,260,3,12,4,Beam_3_1_4,3104
5999,Beam_3_1_12,20029,0.051422,0.074308,0.026654,1,1,260,3,12,4,Beam_3_1_4,3104
6000,Beam_3_1_12,19993,0.051422,0.074308,0.025587,1,1,260,3,12,4,Beam_3_1_4,3104
6001,Beam_3_1_12,19987,0.045693,0.074802,0.025398,1,1,260,3,12,4,Beam_3_1_4,3104
6002,Beam_3_1_12,20039,0.045693,0.074802,0.026469,1,1,260,3,12,4,Beam_3_1_4,3104
6003,Beam_3_1_12,20030,0.05332,0.074806,0.026468,1,1,260,3,12,4,Beam_3_1_4,3104
6004,Beam_3_1_12,19994,0.05332,0.074806,0.025397,1,1,260,3,12,4,Beam_3_1_4,3104
6005,Beam_3_1_12,19979,0.049514,0.074807,0.025397,1,1,260,3,12,4,Beam_3_1_4,3104
6006,Beam_3_1_12,20043,0.049514,0.074807,0.026467,1,1,260,3,12,4,Beam_3_1_4,3104
6007,Beam_3_1_12,20038,0.043797,0.0753,0.026278,1,1,260,3,12,4,Beam_3_1_4,3104
6008,Beam_3_1_12,19986,0.043797,0.0753,0.025205,1,1,260,3,12,4,Beam_3_1_4,3104
6009,Beam_3_1_12,20031,0.055212,0.075302,0.026277,1,1,260,3,12,4,Beam_3_1_4,3104
6010,Beam_3_1_12,19995,0.055212,0.075302,0.025204,1,1,260,3,12,4,Beam_3_1_4,3104
6011,Beam_3_1_12,19980,0.04713,0.075431,0.025153,1,1,260,3,12,4,Beam_3_1_4,3104
6012,Beam_3_1_12,20040,0.04713,0.075431,0.026227,1,1,260,3,12,4,Beam_3_1_4,3104
6013,Beam_3_1_12,20046,0.051891,0.075431,0.026227,1,1,260,3,12,4,Beam_3_1_4,3104
6014,Beam_3_1_12,19978,0.051891,0.075431,0.025153,1,1,260,3,12,4,Beam_3_1_4,3104
6015,Beam_3_1_12,20037,0.041895,0.075799,0.026083,1,1,260,3,12,4,Beam_3_1_4,3104
6016,Beam_3_1_12,19985,0.041895,0.075799,0.025006,1,1,260,3,12,4,Beam_3_1_4,3104
6017,Beam_3_1_12,19996,0.057109,0.0758,0.025005,1,1,260,3,12,4,Beam_3_1_4,3104
6018,Beam_3_1_12,20032,0.057109,0.0758,0.026082,1,1,260,3,12,4,Beam_3_1_4,3104
6019,Beam_3_1_12,19981,0.044756,0.076052,0.024903,1,1,260,3,12,4,Beam_3_1_4,3104
6020,Beam_3_1_12,20041,0.044756,0.076052,0.025982,1,1,260,3,12,4,Beam_3_1_4,3104
6021,Beam_3_1_12,20045,0.054258,0.076052,0.025982,1,1,260,3,12,4,Beam_3_1_4,3104
6022,Beam_3_1_12,19977,0.054258,0.076052,0.024903,1,1,260,3,12,4,Beam_3_1_4,3104
6023,Beam_3_1_12,20042,0.042373,0.076675,0.025728,1,1,260,3,12,4,Beam_3_1_4,3104
6024,Beam_3_1_12,19982,0.042373,0.076675,0.024645,1,1,260,3,12,4,Beam_3_1_4,3104
6025,Beam_3_1_12,19976,0.056634,0.076675,0.024645,1,1,260,3,12,4,Beam_3_1_4,3104
6026,Beam_3_1_12,20044,0.056634,0.076675,0.025728,1,1,260,3,12,4,Beam_3_1_4,3104
6027,Beam_3_1_12,24395,0.04,0.077804,0.024705,1,1,260,3,12,4,Beam_3_1_4,3104
6028,Beam_3_1_12,24398,0.04475,0.077804,0.024705,1,1,260,3,12,4,Beam_3_1_4,3104
6029,Beam_3_1_12,24397,0.0495,0.077804,0.024705,1,1,260,3,12,4,Beam_3_1_4,3104
6030,Beam_3_1_12,24396,0.05425,0.077804,0.024705,1,1,260,3,12,4,Beam_3_1_4,3104
6031,Beam_3_1_12,24394,0.059,0.077804,0.024705,1,1,260,3,12,4,Beam_3_1_4,3104
6032,Beam_3_1_13,18725,0.042381,0.078935,0.02475,1,1,206,3,13,3,Beam_3_1_3,3103
6033,Beam_3_1_13,18713,0.042381,0.078935,0.02365,1,1,206,3,13,3,Beam_3_1_3,3103
6034,Beam_3_1_13,18727,0.056619,0.078935,0.02475,1,1,206,3,13,3,Beam_3_1_3,3103
6035,Beam_3_1_13,18707,0.056619,0.078935,0.02365,1,1,206,3,13,3,Beam_3_1_3,3103
6036,Beam_3_1_13,18724,0.044752,0.079557,0.024464,1,1,206,3,13,3,Beam_3_1_3,3103
6037,Beam_3_1_13,18712,0.044752,0.079557,0.023359,1,1,206,3,13,3,Beam_3_1_3,3103
6038,Beam_3_1_13,18708,0.054248,0.079557,0.023359,1,1,206,3,13,3,Beam_3_1_3,3103
6039,Beam_3_1_13,18728,0.054248,0.079557,0.024464,1,1,206,3,13,3,Beam_3_1_3,3103
6040,Beam_3_1_13,18739,0.041903,0.079809,0.024346,1,1,206,3,13,3,Beam_3_1_3,3103
6041,Beam_3_1_13,18695,0.041903,0.079809,0.023239,1,1,206,3,13,3,Beam_3_1_3,3103
6042,Beam_3_1_13,18703,0.057101,0.079821,0.023233,1,1,206,3,13,3,Beam_3_1_3,3103
6043,Beam_3_1_13,18730,0.057101,0.079821,0.02434,1,1,206,3,13,3,Beam_3_1_3,3103
6044,Beam_3_1_13,18723,0.047132,0.080182,0.024169,1,1,206,3,13,3,Beam_3_1_3,3103
6045,Beam_3_1_13,18711,0.047132,0.080182,0.023059,1,1,206,3,13,3,Beam_3_1_3,3103
6046,Beam_3_1_13,18729,0.051868,0.080182,0.024169,1,1,206,3,13,3,Beam_3_1_3,3103
6047,Beam_3_1_13,18709,0.051868,0.080182,0.023059,1,1,206,3,13,3,Beam_3_1_3,3103
6048,Beam_3_1_13,18694,0.043799,0.080307,0.022998,1,1,206,3,13,3,Beam_3_1_3,3103
6049,Beam_3_1_13,18738,0.043799,0.080307,0.024109,1,1,206,3,13,3,Beam_3_1_3,3103
6050,Beam_3_1_13,18704,0.05521,0.080316,0.022993,1,1,206,3,13,3,Beam_3_1_3,3103
6051,Beam_3_1_13,18731,0.05521,0.080316,0.024105,1,1,206,3,13,3,Beam_3_1_3,3103
6052,Beam_3_1_13,18710,0.0495,0.080803,0.022753,1,1,206,3,13,3,Beam_3_1_3,3103
6053,Beam_3_1_13,18726,0.0495,0.080803,0.023869,1,1,206,3,13,3,Beam_3_1_3,3103
6054,Beam_3_1_13,18737,0.045701,0.080806,0.023867,1,1,206,3,13,3,Beam_3_1_3,3103
6055,Beam_3_1_13,18693,0.045701,0.080806,0.022752,1,1,206,3,13,3,Beam_3_1_3,3103
6056,Beam_3_1_13,18705,0.053312,0.080813,0.022748,1,1,206,3,13,3,Beam_3_1_3,3103
6057,Beam_3_1_13,18732,0.053312,0.080813,0.023864,1,1,206,3,13,3,Beam_3_1_3,3103
6058,Beam_3_1_13,18692,0.047595,0.081303,0.022501,1,1,206,3,13,3,Beam_3_1_3,3103
6059,Beam_3_1_13,18740,0.047595,0.081303,0.023621,1,1,206,3,13,3,Beam_3_1_3,3103
6060,Beam_3_1_13,18697,0.051422,0.081308,0.022499,1,1,206,3,13,3,Beam_3_1_3,3103
6061,Beam_3_1_13,18733,0.051422,0.081308,0.023619,1,1,206,3,13,3,Beam_3_1_3,3103
6062,Beam_3_1_13,18691,0.045691,0.081803,0.022244,1,1,206,3,13,3,Beam_3_1_3,3103
6063,Beam_3_1_13,18743,0.045692,0.081803,0.023369,1,1,206,3,13,3,Beam_3_1_3,3103
6064,Beam_3_1_13,18734,0.053321,0.081806,0.023367,1,1,206,3,13,3,Beam_3_1_3,3103
6065,Beam_3_1_13,18698,0.053321,0.081806,0.022242,1,1,206,3,13,3,Beam_3_1_3,3103
6066,Beam_3_1_13,18683,0.049514,0.081807,0.022242,1,1,206,3,13,3,Beam_3_1_3,3103
6067,Beam_3_1_13,18747,0.049514,0.081807,0.023367,1,1,206,3,13,3,Beam_3_1_3,3103
6068,Beam_3_1_13,18690,0.043796,0.0823,0.021983,1,1,206,3,13,3,Beam_3_1_3,3103
6069,Beam_3_1_13,18742,0.043796,0.0823,0.023113,1,1,206,3,13,3,Beam_3_1_3,3103
6070,Beam_3_1_13,18699,0.055212,0.082302,0.021982,1,1,206,3,13,3,Beam_3_1_3,3103
6071,Beam_3_1_13,18735,0.055212,0.082302,0.023111,1,1,206,3,13,3,Beam_3_1_3,3103
6072,Beam_3_1_13,18744,0.047128,0.082431,0.023044,1,1,206,3,13,3,Beam_3_1_3,3103
6073,Beam_3_1_13,18684,0.047128,0.082431,0.021914,1,1,206,3,13,3,Beam_3_1_3,3103
6074,Beam_3_1_13,18750,0.051893,0.082431,0.023044,1,1,206,3,13,3,Beam_3_1_3,3103
6075,Beam_3_1_13,18682,0.051893,0.082431,0.021914,1,1,206,3,13,3,Beam_3_1_3,3103
6076,Beam_3_1_13,18689,0.041894,0.082799,0.021716,1,1,206,3,13,3,Beam_3_1_3,3103
6077,Beam_3_1_13,18741,0.041894,0.082799,0.02285,1,1,206,3,13,3,Beam_3_1_3,3103
6078,Beam_3_1_13,18736,0.05711,0.0828,0.02285,1,1,206,3,13,3,Beam_3_1_3,3103
6079,Beam_3_1_13,18700,0.05711,0.0828,0.021715,1,1,206,3,13,3,Beam_3_1_3,3103
6080,Beam_3_1_13,18685,0.044755,0.083052,0.021579,1,1,206,3,13,3,Beam_3_1_3,3103
6081,Beam_3_1_13,18745,0.044755,0.083052,0.022716,1,1,206,3,13,3,Beam_3_1_3,3103
6082,Beam_3_1_13,18749,0.054259,0.083052,0.022716,1,1,206,3,13,3,Beam_3_1_3,3103
6083,Beam_3_1_13,18681,0.054259,0.083052,0.021579,1,1,206,3,13,3,Beam_3_1_3,3103
6084,Beam_3_1_13,18746,0.042371,0.083676,0.022377,1,1,206,3,13,3,Beam_3_1_3,3103
6085,Beam_3_1_13,18686,0.042371,0.083676,0.021234,1,1,206,3,13,3,Beam_3_1_3,3103
6086,Beam_3_1_13,18748,0.056636,0.083676,0.022377,1,1,206,3,13,3,Beam_3_1_3,3103
6087,Beam_3_1_13,18680,0.056636,0.083676,0.021234,1,1,206,3,13,3,Beam_3_1_3,3103
6088,Beam_3_1_13,24386,0.04,0.084804,0.021166,1,1,206,3,13,3,Beam_3_1_3,3103
6089,Beam_3_1_13,24389,0.04475,0.084804,0.021166,1,1,206,3,13,3,Beam_3_1_3,3103
6090,Beam_3_1_13,24388,0.0495,0.084804,0.021166,1,1,206,3,13,3,Beam_3_1_3,3103
6091,Beam_3_1_13,24387,0.05425,0.084804,0.021166,1,1,206,3,13,3,Beam_3_1_3,3103
6092,Beam_3_1_13,24385,0.059,0.084804,0.021166,1,1,206,3,13,3,Beam_3_1_3,3103
6093,Beam_3_1_14,17408,0.042384,0.085935,0.019914,1,1,152,3,14,1,Beam_3_1_1,3101
6094,Beam_3_1_14,17436,0.042384,0.085935,0.021082,1,1,152,3,14,1,Beam_3_1_1,3101
6095,Beam_3_1_14,17402,0.056616,0.085935,0.019914,1,1,152,3,14,1,Beam_3_1_1,3101
6096,Beam_3_1_14,17438,0.056616,0.085935,0.021082,1,1,152,3,14,1,Beam_3_1_1,3101
6097,Beam_3_1_14,17407,0.044753,0.086557,0.01953,1,1,152,3,14,1,Beam_3_1_1,3101
6098,Beam_3_1_14,17435,0.044753,0.086557,0.020706,1,1,152,3,14,1,Beam_3_1_1,3101
6099,Beam_3_1_14,17439,0.054247,0.086557,0.020706,1,1,152,3,14,1,Beam_3_1_1,3101
6100,Beam_3_1_14,17403,0.054247,0.086557,0.01953,1,1,152,3,14,1,Beam_3_1_1,3101
6101,Beam_3_1_14,17450,0.041905,0.08681,0.020551,1,1,152,3,14,1,Beam_3_1_1,3101
6102,Beam_3_1_14,17390,0.041905,0.08681,0.019372,1,1,152,3,14,1,Beam_3_1_1,3101
6103,Beam_3_1_14,17416,0.0571,0.086822,0.019364,1,1,152,3,14,1,Beam_3_1_1,3101
6104,Beam_3_1_14,17427,0.0571,0.086822,0.020543,1,1,152,3,14,1,Beam_3_1_1,3101
6105,Beam_3_1_14,17434,0.047134,0.087182,0.020319,1,1,152,3,14,1,Beam_3_1_1,3101
6106,Beam_3_1_14,17406,0.047135,0.087182,0.019135,1,1,152,3,14,1,Beam_3_1_1,3101
6107,Beam_3_1_14,17404,0.051865,0.087182,0.019135,1,1,152,3,14,1,Beam_3_1_1,3101
6108,Beam_3_1_14,17440,0.051866,0.087182,0.020319,1,1,152,3,14,1,Beam_3_1_1,3101
6109,Beam_3_1_14,17389,0.043799,0.087307,0.019055,1,1,152,3,14,1,Beam_3_1_1,3101
6110,Beam_3_1_14,17449,0.043799,0.087307,0.02024,1,1,152,3,14,1,Beam_3_1_1,3101
6111,Beam_3_1_14,17428,0.055209,0.087316,0.020234,1,1,152,3,14,1,Beam_3_1_1,3101
6112,Beam_3_1_14,17417,0.055209,0.087317,0.019049,1,1,152,3,14,1,Beam_3_1_1,3101
6113,Beam_3_1_14,17405,0.0495,0.087803,0.018733,1,1,152,3,14,1,Beam_3_1_1,3101
6114,Beam_3_1_14,17437,0.0495,0.087803,0.019925,1,1,152,3,14,1,Beam_3_1_1,3101
6115,Beam_3_1_14,17388,0.045702,0.087806,0.018731,1,1,152,3,14,1,Beam_3_1_1,3101
6116,Beam_3_1_14,17448,0.045702,0.087806,0.019923,1,1,152,3,14,1,Beam_3_1_1,3101
6117,Beam_3_1_14,17429,0.05331,0.087813,0.019918,1,1,152,3,14,1,Beam_3_1_1,3101
6118,Beam_3_1_14,17418,0.05331,0.087813,0.018726,1,1,152,3,14,1,Beam_3_1_1,3101
6119,Beam_3_1_14,17387,0.047595,0.088303,0.018402,1,1,152,3,14,1,Beam_3_1_1,3101
6120,Beam_3_1_14,17451,0.047595,0.088303,0.019601,1,1,152,3,14,1,Beam_3_1_1,3101
6121,Beam_3_1_14,17430,0.051422,0.088308,0.019598,1,1,152,3,14,1,Beam_3_1_1,3101
6122,Beam_3_1_14,17410,0.051422,0.088308,0.0184,1,1,152,3,14,1,Beam_3_1_1,3101
6123,Beam_3_1_14,17386,0.045689,0.088803,0.018066,1,1,152,3,14,1,Beam_3_1_1,3101
6124,Beam_3_1_14,17454,0.04569,0.088803,0.019271,1,1,152,3,14,1,Beam_3_1_1,3101
6125,Beam_3_1_14,17431,0.053323,0.088806,0.019269,1,1,152,3,14,1,Beam_3_1_1,3101
6126,Beam_3_1_14,17411,0.053323,0.088806,0.018063,1,1,152,3,14,1,Beam_3_1_1,3101
6127,Beam_3_1_14,17396,0.049514,0.088807,0.018063,1,1,152,3,14,1,Beam_3_1_1,3101
6128,Beam_3_1_14,17444,0.049514,0.088807,0.019269,1,1,152,3,14,1,Beam_3_1_1,3101
6129,Beam_3_1_14,17385,0.043795,0.0893,0.017724,1,1,152,3,14,1,Beam_3_1_1,3101
6130,Beam_3_1_14,17453,0.043795,0.0893,0.018937,1,1,152,3,14,1,Beam_3_1_1,3101
6131,Beam_3_1_14,17432,0.055213,0.089302,0.018935,1,1,152,3,14,1,Beam_3_1_1,3101
6132,Beam_3_1_14,17412,0.055213,0.089303,0.017723,1,1,152,3,14,1,Beam_3_1_1,3101
6133,Beam_3_1_14,17397,0.047125,0.089432,0.017633,1,1,152,3,14,1,Beam_3_1_1,3101
6134,Beam_3_1_14,17441,0.047125,0.089432,0.018847,1,1,152,3,14,1,Beam_3_1_1,3101
6135,Beam_3_1_14,17447,0.051896,0.089432,0.018847,1,1,152,3,14,1,Beam_3_1_1,3101
6136,Beam_3_1_14,17395,0.051896,0.089432,0.017633,1,1,152,3,14,1,Beam_3_1_1,3101
6137,Beam_3_1_14,17384,0.041892,0.0898,0.017375,1,1,152,3,14,1,Beam_3_1_1,3101
6138,Beam_3_1_14,17452,0.041892,0.0898,0.018595,1,1,152,3,14,1,Beam_3_1_1,3101
6139,Beam_3_1_14,17413,0.057112,0.089801,0.017374,1,1,152,3,14,1,Beam_3_1_1,3101
6140,Beam_3_1_14,17433,0.057112,0.089801,0.018594,1,1,152,3,14,1,Beam_3_1_1,3101
6141,Beam_3_1_14,17442,0.044754,0.090052,0.018419,1,1,152,3,14,1,Beam_3_1_1,3101
6142,Beam_3_1_14,17446,0.05426,0.090052,0.018419,1,1,152,3,14,1,Beam_3_1_1,3101
6143,Beam_3_1_14,17398,0.044754,0.090053,0.017196,1,1,152,3,14,1,Beam_3_1_1,3101
6144,Beam_3_1_14,17394,0.054261,0.090053,0.017196,1,1,152,3,14,1,Beam_3_1_1,3101
6145,Beam_3_1_14,17399,0.042367,0.090677,0.016745,1,1,152,3,14,1,Beam_3_1_1,3101
6146,Beam_3_1_14,17443,0.042367,0.090677,0.017978,1,1,152,3,14,1,Beam_3_1_1,3101
6147,Beam_3_1_14,17393,0.05664,0.090677,0.016745,1,1,152,3,14,1,Beam_3_1_1,3101
6148,Beam_3_1_14,17445,0.05664,0.090677,0.017978,1,1,152,3,14,1,Beam_3_1_1,3101
6149,Beam_3_1_14,24368,0.04,0.091804,0.016529,1,1,152,3,14,1,Beam_3_1_1,3101
6150,Beam_3_1_14,24371,0.04475,0.091804,0.016529,1,1,152,3,14,1,Beam_3_1_1,3101
6151,Beam_3_1_14,24370,0.0495,0.091804,0.016529,1,1,152,3,14,1,Beam_3_1_1,3101
6152,Beam_3_1_14,24369,0.05425,0.091804,0.016529,1,1,152,3,14,1,Beam_3_1_1,3101
6153,Beam_3_1_14,24367,0.059,0.091804,0.016529,1,1,152,3,14,1,Beam_3_1_1,3101
6154,Beam_3_1_15,16017,0.04159,0.092727,0.015189,1,1,98,3,15,2,Beam_3_1_2,3102
6155,Beam_3_1_15,16031,0.04159,0.092727,0.016457,1,1,98,3,15,2,Beam_3_1_2,3102
6156,Beam_3_1_15,16007,0.05741,0.092727,0.015189,1,1,98,3,15,2,Beam_3_1_2,3102
6157,Beam_3_1_15,16033,0.05741,0.092727,0.016457,1,1,98,3,15,2,Beam_3_1_2,3102
6158,Beam_3_1_15,16030,0.04317,0.093142,0.016135,1,1,98,3,15,2,Beam_3_1_2,3102
6159,Beam_3_1_15,16016,0.043171,0.093142,0.01486,1,1,98,3,15,2,Beam_3_1_2,3102
6160,Beam_3_1_15,16008,0.055829,0.093142,0.01486,1,1,98,3,15,2,Beam_3_1_2,3102
6161,Beam_3_1_15,16034,0.05583,0.093142,0.016135,1,1,98,3,15,2,Beam_3_1_2,3102
6162,Beam_3_1_15,16029,0.044759,0.093559,0.015807,1,1,98,3,15,2,Beam_3_1_2,3102
6163,Beam_3_1_15,16015,0.044759,0.093559,0.014523,1,1,98,3,15,2,Beam_3_1_2,3102
6164,Beam_3_1_15,16009,0.054241,0.093559,0.014523,1,1,98,3,15,2,Beam_3_1_2,3102
6165,Beam_3_1_15,16035,0.054241,0.093559,0.015807,1,1,98,3,15,2,Beam_3_1_2,3102
6166,Beam_3_1_15,16058,0.041907,0.09381,0.015606,1,1,98,3,15,2,Beam_3_1_2,3102
6167,Beam_3_1_15,15982,0.041908,0.09381,0.014317,1,1,98,3,15,2,Beam_3_1_2,3102
6168,Beam_3_1_15,16000,0.057097,0.093823,0.014307,1,1,98,3,15,2,Beam_3_1_2,3102
6169,Beam_3_1_15,16044,0.057097,0.093823,0.015596,1,1,98,3,15,2,Beam_3_1_2,3102
6170,Beam_3_1_15,16014,0.046337,0.093973,0.014183,1,1,98,3,15,2,Beam_3_1_2,3102
6171,Beam_3_1_15,16028,0.046337,0.093973,0.015475,1,1,98,3,15,2,Beam_3_1_2,3102
6172,Beam_3_1_15,16036,0.052663,0.093973,0.015475,1,1,98,3,15,2,Beam_3_1_2,3102
6173,Beam_3_1_15,16010,0.052663,0.093973,0.014183,1,1,98,3,15,2,Beam_3_1_2,3102
6174,Beam_3_1_15,16057,0.0438,0.094307,0.015203,1,1,98,3,15,2,Beam_3_1_2,3102
6175,Beam_3_1_15,15981,0.043801,0.094307,0.013905,1,1,98,3,15,2,Beam_3_1_2,3102
6176,Beam_3_1_15,15999,0.055208,0.094317,0.013897,1,1,98,3,15,2,Beam_3_1_2,3102
6177,Beam_3_1_15,16043,0.055208,0.094317,0.015195,1,1,98,3,15,2,Beam_3_1_2,3102
6178,Beam_3_1_15,16027,0.047924,0.094389,0.015136,1,1,98,3,15,2,Beam_3_1_2,3102
6179,Beam_3_1_15,16013,0.047924,0.094389,0.013836,1,1,98,3,15,2,Beam_3_1_2,3102
6180,Beam_3_1_15,16011,0.051076,0.094389,0.013836,1,1,98,3,15,2,Beam_3_1_2,3102
6181,Beam_3_1_15,16037,0.051076,0.094389,0.015136,1,1,98,3,15,2,Beam_3_1_2,3102
6182,Beam_3_1_15,16032,0.0495,0.094803,0.014794,1,1,98,3,15,2,Beam_3_1_2,3102
6183,Beam_3_1_15,16012,0.0495,0.094803,0.013486,1,1,98,3,15,2,Beam_3_1_2,3102
6184,Beam_3_1_15,16056,0.045705,0.094807,0.01479,1,1,98,3,15,2,Beam_3_1_2,3102
6185,Beam_3_1_15,15980,0.045705,0.094807,0.013482,1,1,98,3,15,2,Beam_3_1_2,3102
6186,Beam_3_1_15,15998,0.053307,0.094814,0.013476,1,1,98,3,15,2,Beam_3_1_2,3102
6187,Beam_3_1_15,16042,0.053307,0.094814,0.014785,1,1,98,3,15,2,Beam_3_1_2,3102
6188,Beam_3_1_15,16059,0.047595,0.095303,0.014373,1,1,98,3,15,2,Beam_3_1_2,3102
6189,Beam_3_1_15,15979,0.047595,0.095303,0.013055,1,1,98,3,15,2,Beam_3_1_2,3102
6190,Beam_3_1_15,16041,0.051422,0.095308,0.01437,1,1,98,3,15,2,Beam_3_1_2,3102
6191,Beam_3_1_15,15997,0.051422,0.095308,0.013051,1,1,98,3,15,2,Beam_3_1_2,3102
6192,Beam_3_1_15,15978,0.045686,0.095804,0.012614,1,1,98,3,15,2,Beam_3_1_2,3102
6193,Beam_3_1_15,16062,0.045686,0.095804,0.013944,1,1,98,3,15,2,Beam_3_1_2,3102
6194,Beam_3_1_15,16050,0.049514,0.095807,0.013942,1,1,98,3,15,2,Beam_3_1_2,3102
6195,Beam_3_1_15,15990,0.049514,0.095807,0.012612,1,1,98,3,15,2,Beam_3_1_2,3102
6196,Beam_3_1_15,16005,0.053326,0.095807,0.012611,1,1,98,3,15,2,Beam_3_1_2,3102
6197,Beam_3_1_15,16040,0.053326,0.095807,0.013941,1,1,98,3,15,2,Beam_3_1_2,3102
6198,Beam_3_1_15,16045,0.04792,0.096224,0.013578,1,1,98,3,15,2,Beam_3_1_2,3102
6199,Beam_3_1_15,15991,0.04792,0.096224,0.012239,1,1,98,3,15,2,Beam_3_1_2,3102
6200,Beam_3_1_15,16055,0.051103,0.096224,0.013578,1,1,98,3,15,2,Beam_3_1_2,3102
6201,Beam_3_1_15,15989,0.051104,0.096224,0.012239,1,1,98,3,15,2,Beam_3_1_2,3102
6202,Beam_3_1_15,16061,0.043794,0.096301,0.01351,1,1,98,3,15,2,Beam_3_1_2,3102
6203,Beam_3_1_15,15977,0.043794,0.096301,0.012169,1,1,98,3,15,2,Beam_3_1_2,3102
6204,Beam_3_1_15,16039,0.055214,0.096303,0.013508,1,1,98,3,15,2,Beam_3_1_2,3102
6205,Beam_3_1_15,16004,0.055215,0.096303,0.012167,1,1,98,3,15,2,Beam_3_1_2,3102
6206,Beam_3_1_15,15992,0.046337,0.096638,0.011862,1,1,98,3,15,2,Beam_3_1_2,3102
6207,Beam_3_1_15,16046,0.046338,0.096638,0.013211,1,1,98,3,15,2,Beam_3_1_2,3102
6208,Beam_3_1_15,16054,0.052681,0.096638,0.013211,1,1,98,3,15,2,Beam_3_1_2,3102
6209,Beam_3_1_15,15988,0.052682,0.096638,0.011862,1,1,98,3,15,2,Beam_3_1_2,3102
6210,Beam_3_1_15,15976,0.041888,0.096801,0.011712,1,1,98,3,15,2,Beam_3_1_2,3102
6211,Beam_3_1_15,16060,0.041888,0.096801,0.013065,1,1,98,3,15,2,Beam_3_1_2,3102
6212,Beam_3_1_15,16003,0.057116,0.096802,0.011711,1,1,98,3,15,2,Beam_3_1_2,3102
6213,Beam_3_1_15,16038,0.057116,0.096802,0.013064,1,1,98,3,15,2,Beam_3_1_2,3102
6214,Beam_3_1_15,15993,0.044745,0.097055,0.011477,1,1,98,3,15,2,Beam_3_1_2,3102
6215,Beam_3_1_15,16047,0.044746,0.097055,0.012836,1,1,98,3,15,2,Beam_3_1_2,3102
6216,Beam_3_1_15,16053,0.054268,0.097055,0.012836,1,1,98,3,15,2,Beam_3_1_2,3102
6217,Beam_3_1_15,15987,0.054269,0.097055,0.011477,1,1,98,3,15,2,Beam_3_1_2,3102
6218,Beam_3_1_15,16048,0.043166,0.097468,0.012457,1,1,98,3,15,2,Beam_3_1_2,3102
6219,Beam_3_1_15,15994,0.043166,0.097468,0.011088,1,1,98,3,15,2,Beam_3_1_2,3102
6220,Beam_3_1_15,16052,0.055843,0.097468,0.012457,1,1,98,3,15,2,Beam_3_1_2,3102
6221,Beam_3_1_15,15986,0.055844,0.097468,0.011088,1,1,98,3,15,2,Beam_3_1_2,3102
6222,Beam_3_1_15,15995,0.041577,0.097884,0.010691,1,1,98,3,15,2,Beam_3_1_2,3102
6223,Beam_3_1_15,16049,0.041577,0.097884,0.01207,1,1,98,3,15,2,Beam_3_1_2,3102
6224,Beam_3_1_15,16051,0.057428,0.097884,0.01207,1,1,98,3,15,2,Beam_3_1_2,3102
6225,Beam_3_1_15,15985,0.057428,0.097884,0.010691,1,1,98,3,15,2,Beam_3_1_2,3102
6226,Beam_3_1_15,24377,0.04,0.098988,0.010367,1,1,98,3,15,2,Beam_3_1_2,3102
6227,Beam_3_1_15,24380,0.04475,0.098988,0.010367,1,1,98,3,15,2,Beam_3_1_2,3102
6228,Beam_3_1_15,24379,0.0495,0.098988,0.010367,1,1,98,3,15,2,Beam_3_1_2,3102
6229,Beam_3_1_15,24378,0.05425,0.098988,0.010367,1,1,98,3,15,2,Beam_3_1_2,3102
6230,Beam_3_1_15,24376,0.059,0.098988,0.010367,1,1,98,3,15,2,Beam_3_1_2,3102
6231,Beam_3_2_2,24773,0.04,0.10081,0.010193,2,2,9,3,2,15,Beam_3_2_15,3215
6232,Beam_3_2_2,24776,0.04475,0.10081,0.010193,2,2,9,3,2,15,Beam_3_2_15,3215
6233,Beam_3_2_2,24775,0.0495,0.10081,0.010193,2,2,9,3,2,15,Beam_3_2_15,3215
6234,Beam_3_2_2,24774,0.05425,0.10081,0.010193,2,2,9,3,2,15,Beam_3_2_15,3215
6235,Beam_3_2_2,24772,0.059,0.10081,0.010193,2,2,9,3,2,15,Beam_3_2_15,3215
6236,Beam_3_2_1,15465,0.041574,0.10172,0.010308,2,2,80,3,1,14,Beam_3_2_14,3214
6237,Beam_3_2_1,15523,0.041574,0.10172,0.011699,2,2,80,3,1,14,Beam_3_2_14,3214
6238,Beam_3_2_1,15448,0.057426,0.10172,0.010308,2,2,80,3,1,14,Beam_3_2_14,3214
6239,Beam_3_2_1,15530,0.057426,0.10172,0.011699,2,2,80,3,1,14,Beam_3_2_14,3214
6240,Beam_3_2_1,15464,0.043161,0.10214,0.010713,2,2,80,3,1,14,Beam_3_2_14,3214
6241,Beam_3_2_1,15522,0.043161,0.10214,0.012092,2,2,80,3,1,14,Beam_3_2_14,3214
6242,Beam_3_2_1,15449,0.055839,0.10214,0.010713,2,2,80,3,1,14,Beam_3_2_14,3214
6243,Beam_3_2_1,15531,0.055839,0.10214,0.012092,2,2,80,3,1,14,Beam_3_2_14,3214
6244,Beam_3_2_1,15463,0.044738,0.10255,0.011108,2,2,80,3,1,14,Beam_3_2_14,3214
6245,Beam_3_2_1,15521,0.044738,0.10255,0.012477,2,2,80,3,1,14,Beam_3_2_14,3214
6246,Beam_3_2_1,15450,0.054262,0.10255,0.011108,2,2,80,3,1,14,Beam_3_2_14,3214
6247,Beam_3_2_1,15532,0.054262,0.10255,0.012477,2,2,80,3,1,14,Beam_3_2_14,3214
6248,Beam_3_2_1,15518,0.041888,0.10281,0.012708,2,2,80,3,1,14,Beam_3_2_14,3214
6249,Beam_3_2_1,15470,0.041888,0.10281,0.011346,2,2,80,3,1,14,Beam_3_2_14,3214
6250,Beam_3_2_1,15488,0.057116,0.10282,0.011357,2,2,80,3,1,14,Beam_3_2_14,3214
6251,Beam_3_2_1,15499,0.057116,0.10282,0.012719,2,2,80,3,1,14,Beam_3_2_14,3214
6252,Beam_3_2_1,15462,0.046328,0.10297,0.0115,2,2,80,3,1,14,Beam_3_2_14,3214
6253,Beam_3_2_1,15520,0.046328,0.10297,0.012858,2,2,80,3,1,14,Beam_3_2_14,3214
6254,Beam_3_2_1,15533,0.052672,0.10297,0.012858,2,2,80,3,1,14,Beam_3_2_14,3214
6255,Beam_3_2_1,15451,0.052672,0.10297,0.0115,2,2,80,3,1,14,Beam_3_2_14,3214
6256,Beam_3_2_1,15517,0.043794,0.10331,0.01316,2,2,80,3,1,14,Beam_3_2_14,3214
6257,Beam_3_2_1,15469,0.043794,0.10331,0.01181,2,2,80,3,1,14,Beam_3_2_14,3214
6258,Beam_3_2_1,15500,0.055215,0.10332,0.013169,2,2,80,3,1,14,Beam_3_2_14,3214
6259,Beam_3_2_1,15489,0.055215,0.10332,0.011819,2,2,80,3,1,14,Beam_3_2_14,3214
6260,Beam_3_2_1,15461,0.047908,0.10339,0.011883,2,2,80,3,1,14,Beam_3_2_14,3214
6261,Beam_3_2_1,15519,0.047908,0.10339,0.013232,2,2,80,3,1,14,Beam_3_2_14,3214
6262,Beam_3_2_1,15534,0.051092,0.10339,0.013232,2,2,80,3,1,14,Beam_3_2_14,3214
6263,Beam_3_2_1,15452,0.051092,0.10339,0.011883,2,2,80,3,1,14,Beam_3_2_14,3214
6264,Beam_3_2_1,15468,0.045686,0.1038,0.012262,2,2,80,3,1,14,Beam_3_2_14,3214
6265,Beam_3_2_1,15516,0.045686,0.1038,0.013601,2,2,80,3,1,14,Beam_3_2_14,3214
6266,Beam_3_2_1,15524,0.0495,0.1038,0.013602,2,2,80,3,1,14,Beam_3_2_14,3214
6267,Beam_3_2_1,15453,0.0495,0.1038,0.012263,2,2,80,3,1,14,Beam_3_2_14,3214
6268,Beam_3_2_1,15501,0.053326,0.10381,0.013607,2,2,80,3,1,14,Beam_3_2_14,3214
6269,Beam_3_2_1,15490,0.053327,0.10381,0.012268,2,2,80,3,1,14,Beam_3_2_14,3214
6270,Beam_3_2_1,15515,0.047595,0.1043,0.014037,2,2,80,3,1,14,Beam_3_2_14,3214
6271,Beam_3_2_1,15467,0.047595,0.1043,0.012709,2,2,80,3,1,14,Beam_3_2_14,3214
6272,Beam_3_2_1,15482,0.051422,0.10431,0.012713,2,2,80,3,1,14,Beam_3_2_14,3214
6273,Beam_3_2_1,15502,0.051422,0.10431,0.01404,2,2,80,3,1,14,Beam_3_2_14,3214
6274,Beam_3_2_1,15514,0.045705,0.1048,0.01446,2,2,80,3,1,14,Beam_3_2_14,3214
6275,Beam_3_2_1,15475,0.045706,0.1048,0.013143,2,2,80,3,1,14,Beam_3_2_14,3214
6276,Beam_3_2_1,15483,0.053307,0.1048,0.013146,2,2,80,3,1,14,Beam_3_2_14,3214
6277,Beam_3_2_1,15503,0.053307,0.1048,0.014463,2,2,80,3,1,14,Beam_3_2_14,3214
6278,Beam_3_2_1,15454,0.049514,0.10481,0.01315,2,2,80,3,1,14,Beam_3_2_14,3214
6279,Beam_3_2_1,15511,0.049514,0.10481,0.014466,2,2,80,3,1,14,Beam_3_2_14,3214
6280,Beam_3_2_1,15455,0.047936,0.10522,0.013505,2,2,80,3,1,14,Beam_3_2_14,3214
6281,Beam_3_2_1,15525,0.047936,0.10522,0.014813,2,2,80,3,1,14,Beam_3_2_14,3214
6282,Beam_3_2_1,15510,0.051088,0.10522,0.014813,2,2,80,3,1,14,Beam_3_2_14,3214
6283,Beam_3_2_1,15481,0.051088,0.10522,0.013505,2,2,80,3,1,14,Beam_3_2_14,3214
6284,Beam_3_2_1,15513,0.0438,0.1053,0.014879,2,2,80,3,1,14,Beam_3_2_14,3214
6285,Beam_3_2_1,15474,0.043801,0.1053,0.013573,2,2,80,3,1,14,Beam_3_2_14,3214
6286,Beam_3_2_1,15504,0.055208,0.1053,0.014881,2,2,80,3,1,14,Beam_3_2_14,3214
6287,Beam_3_2_1,15484,0.055208,0.1053,0.013575,2,2,80,3,1,14,Beam_3_2_14,3214
6288,Beam_3_2_1,15456,0.046347,0.10564,0.013857,2,2,80,3,1,14,Beam_3_2_14,3214
6289,Beam_3_2_1,15526,0.046347,0.10564,0.015156,2,2,80,3,1,14,Beam_3_2_14,3214
6290,Beam_3_2_1,15509,0.052672,0.10564,0.015156,2,2,80,3,1,14,Beam_3_2_14,3214
6291,Beam_3_2_1,15480,0.052672,0.10564,0.013857,2,2,80,3,1,14,Beam_3_2_14,3214
6292,Beam_3_2_1,15473,0.041908,0.1058,0.013991,2,2,80,3,1,14,Beam_3_2_14,3214
6293,Beam_3_2_1,15512,0.041908,0.1058,0.015287,2,2,80,3,1,14,Beam_3_2_14,3214
6294,Beam_3_2_1,15485,0.057096,0.1058,0.013992,2,2,80,3,1,14,Beam_3_2_14,3214
6295,Beam_3_2_1,15505,0.057097,0.1058,0.015288,2,2,80,3,1,14,Beam_3_2_14,3214
6296,Beam_3_2_1,15457,0.044766,0.10605,0.014202,2,2,80,3,1,14,Beam_3_2_14,3214
6297,Beam_3_2_1,15527,0.044766,0.10605,0.015493,2,2,80,3,1,14,Beam_3_2_14,3214
6298,Beam_3_2_1,15479,0.054248,0.10605,0.014202,2,2,80,3,1,14,Beam_3_2_14,3214
6299,Beam_3_2_1,15508,0.054248,0.10605,0.015493,2,2,80,3,1,14,Beam_3_2_14,3214
6300,Beam_3_2_1,15528,0.043175,0.10647,0.015826,2,2,80,3,1,14,Beam_3_2_14,3214
6301,Beam_3_2_1,15458,0.043176,0.10647,0.014543,2,2,80,3,1,14,Beam_3_2_14,3214
6302,Beam_3_2_1,15478,0.055834,0.10647,0.014543,2,2,80,3,1,14,Beam_3_2_14,3214
6303,Beam_3_2_1,15507,0.055834,0.10647,0.015826,2,2,80,3,1,14,Beam_3_2_14,3214
6304,Beam_3_2_1,15529,0.041593,0.10688,0.016152,2,2,80,3,1,14,Beam_3_2_14,3214
6305,Beam_3_2_1,15459,0.041593,0.10688,0.014877,2,2,80,3,1,14,Beam_3_2_14,3214
6306,Beam_3_2_1,15506,0.057412,0.10688,0.016152,2,2,80,3,1,14,Beam_3_2_14,3214
6307,Beam_3_2_1,15477,0.057412,0.10688,0.014877,2,2,80,3,1,14,Beam_3_2_14,3214
6308,Beam_3_2_1,24908,0.04,0.1078,0.016231,2,2,80,3,1,14,Beam_3_2_14,3214
6309,Beam_3_2_1,24911,0.04475,0.1078,0.016231,2,2,80,3,1,14,Beam_3_2_14,3214
6310,Beam_3_2_1,24910,0.0495,0.1078,0.016231,2,2,80,3,1,14,Beam_3_2_14,3214
6311,Beam_3_2_1,24909,0.05425,0.1078,0.016231,2,2,80,3,1,14,Beam_3_2_14,3214
6312,Beam_3_2_1,24907,0.059,0.1078,0.016231,2,2,80,3,1,14,Beam_3_2_14,3214
6313,Beam_3_2_3,17011,0.042363,0.10893,0.017696,2,2,134,3,3,13,Beam_3_2_13,3213
6314,Beam_3_2_3,16967,0.042363,0.10893,0.016456,2,2,134,3,3,13,Beam_3_2_13,3213
6315,Beam_3_2_3,16961,0.056637,0.10893,0.016456,2,2,134,3,3,13,Beam_3_2_13,3213
6316,Beam_3_2_3,17013,0.056637,0.10893,0.017696,2,2,134,3,3,13,Beam_3_2_13,3213
6317,Beam_3_2_3,16966,0.044746,0.10956,0.016914,2,2,134,3,3,13,Beam_3_2_13,3213
6318,Beam_3_2_3,17010,0.044746,0.10956,0.018144,2,2,134,3,3,13,Beam_3_2_13,3213
6319,Beam_3_2_3,16962,0.054254,0.10956,0.016914,2,2,134,3,3,13,Beam_3_2_13,3213
6320,Beam_3_2_3,17014,0.054254,0.10956,0.018144,2,2,134,3,3,13,Beam_3_2_13,3213
6321,Beam_3_2_3,16997,0.041892,0.10981,0.01832,2,2,134,3,3,13,Beam_3_2_13,3213
6322,Beam_3_2_3,16985,0.041892,0.10981,0.017095,2,2,134,3,3,13,Beam_3_2_13,3213
6323,Beam_3_2_3,17016,0.057112,0.10982,0.018329,2,2,134,3,3,13,Beam_3_2_13,3213
6324,Beam_3_2_3,16957,0.057113,0.10982,0.017103,2,2,134,3,3,13,Beam_3_2_13,3213
6325,Beam_3_2_3,17009,0.047114,0.11018,0.018579,2,2,134,3,3,13,Beam_3_2_13,3213
6326,Beam_3_2_3,16965,0.047114,0.11018,0.017358,2,2,134,3,3,13,Beam_3_2_13,3213
6327,Beam_3_2_3,17015,0.051886,0.11018,0.018579,2,2,134,3,3,13,Beam_3_2_13,3213
6328,Beam_3_2_3,16963,0.051886,0.11018,0.017358,2,2,134,3,3,13,Beam_3_2_13,3213
6329,Beam_3_2_3,16996,0.043795,0.11031,0.018668,2,2,134,3,3,13,Beam_3_2_13,3213
6330,Beam_3_2_3,16984,0.043795,0.11031,0.017449,2,2,134,3,3,13,Beam_3_2_13,3213
6331,Beam_3_2_3,17017,0.055213,0.11032,0.018674,2,2,134,3,3,13,Beam_3_2_13,3213
6332,Beam_3_2_3,16958,0.055213,0.11032,0.017456,2,2,134,3,3,13,Beam_3_2_13,3213
6333,Beam_3_2_3,16983,0.045689,0.1108,0.017796,2,2,134,3,3,13,Beam_3_2_13,3213
6334,Beam_3_2_3,16995,0.045689,0.1108,0.019007,2,2,134,3,3,13,Beam_3_2_13,3213
6335,Beam_3_2_3,16964,0.0495,0.1108,0.017796,2,2,134,3,3,13,Beam_3_2_13,3213
6336,Beam_3_2_3,17012,0.0495,0.1108,0.019007,2,2,134,3,3,13,Beam_3_2_13,3213
6337,Beam_3_2_3,16959,0.053323,0.11081,0.017801,2,2,134,3,3,13,Beam_3_2_13,3213
6338,Beam_3_2_3,17018,0.053323,0.11081,0.019011,2,2,134,3,3,13,Beam_3_2_13,3213
6339,Beam_3_2_3,16982,0.047595,0.1113,0.018138,2,2,134,3,3,13,Beam_3_2_13,3213
6340,Beam_3_2_3,16998,0.047595,0.1113,0.019342,2,2,134,3,3,13,Beam_3_2_13,3213
6341,Beam_3_2_3,17019,0.051422,0.11131,0.019345,2,2,134,3,3,13,Beam_3_2_13,3213
6342,Beam_3_2_3,16951,0.051422,0.11131,0.018141,2,2,134,3,3,13,Beam_3_2_13,3213
6343,Beam_3_2_3,17001,0.045703,0.1118,0.019668,2,2,134,3,3,13,Beam_3_2_13,3213
6344,Beam_3_2_3,16981,0.045703,0.1118,0.018471,2,2,134,3,3,13,Beam_3_2_13,3213
6345,Beam_3_2_3,16952,0.05331,0.1118,0.018473,2,2,134,3,3,13,Beam_3_2_13,3213
6346,Beam_3_2_3,17020,0.05331,0.1118,0.01967,2,2,134,3,3,13,Beam_3_2_13,3213
6347,Beam_3_2_3,17005,0.049514,0.11181,0.019673,2,2,134,3,3,13,Beam_3_2_13,3213
6348,Beam_3_2_3,16973,0.049514,0.11181,0.018476,2,2,134,3,3,13,Beam_3_2_13,3213
6349,Beam_3_2_3,17000,0.043799,0.1123,0.01999,2,2,134,3,3,13,Beam_3_2_13,3213
6350,Beam_3_2_3,16980,0.043799,0.1123,0.0188,2,2,134,3,3,13,Beam_3_2_13,3213
6351,Beam_3_2_3,16953,0.055209,0.1123,0.018801,2,2,134,3,3,13,Beam_3_2_13,3213
6352,Beam_3_2_3,17021,0.055209,0.1123,0.019992,2,2,134,3,3,13,Beam_3_2_13,3213
6353,Beam_3_2_3,16974,0.047145,0.11243,0.018883,2,2,134,3,3,13,Beam_3_2_13,3213
6354,Beam_3_2_3,17002,0.047145,0.11243,0.020072,2,2,134,3,3,13,Beam_3_2_13,3213
6355,Beam_3_2_3,16972,0.051876,0.11243,0.018883,2,2,134,3,3,13,Beam_3_2_13,3213
6356,Beam_3_2_3,17008,0.051876,0.11243,0.020072,2,2,134,3,3,13,Beam_3_2_13,3213
6357,Beam_3_2_3,16979,0.041905,0.1128,0.019121,2,2,134,3,3,13,Beam_3_2_13,3213
6358,Beam_3_2_3,16999,0.041905,0.1128,0.020305,2,2,134,3,3,13,Beam_3_2_13,3213
6359,Beam_3_2_3,17022,0.057099,0.1128,0.020306,2,2,134,3,3,13,Beam_3_2_13,3213
6360,Beam_3_2_3,16954,0.057099,0.1128,0.019122,2,2,134,3,3,13,Beam_3_2_13,3213
6361,Beam_3_2_3,16975,0.04476,0.11305,0.019283,2,2,134,3,3,13,Beam_3_2_13,3213
6362,Beam_3_2_3,17003,0.04476,0.11305,0.020464,2,2,134,3,3,13,Beam_3_2_13,3213
6363,Beam_3_2_3,17007,0.054254,0.11305,0.020464,2,2,134,3,3,13,Beam_3_2_13,3213
6364,Beam_3_2_3,16971,0.054254,0.11305,0.019283,2,2,134,3,3,13,Beam_3_2_13,3213
6365,Beam_3_2_3,16976,0.042388,0.11367,0.019672,2,2,134,3,3,13,Beam_3_2_13,3213
6366,Beam_3_2_3,17004,0.042388,0.11367,0.020845,2,2,134,3,3,13,Beam_3_2_13,3213
6367,Beam_3_2_3,16970,0.056619,0.11367,0.019672,2,2,134,3,3,13,Beam_3_2_13,3213
6368,Beam_3_2_3,17006,0.056619,0.11367,0.020845,2,2,134,3,3,13,Beam_3_2_13,3213
6369,Beam_3_2_3,24917,0.04,0.1148,0.020937,2,2,134,3,3,13,Beam_3_2_13,3213
6370,Beam_3_2_3,24920,0.04475,0.1148,0.020937,2,2,134,3,3,13,Beam_3_2_13,3213
6371,Beam_3_2_3,24919,0.0495,0.1148,0.020937,2,2,134,3,3,13,Beam_3_2_13,3213
6372,Beam_3_2_3,24918,0.05425,0.1148,0.020937,2,2,134,3,3,13,Beam_3_2_13,3213
6373,Beam_3_2_3,24916,0.059,0.1148,0.020937,2,2,134,3,3,13,Beam_3_2_13,3213
6374,Beam_3_2_4,18307,0.042367,0.11593,0.02216,2,2,188,3,4,12,Beam_3_2_12,3212
6375,Beam_3_2_4,18263,0.042367,0.11593,0.021013,2,2,188,3,4,12,Beam_3_2_12,3212
6376,Beam_3_2_4,18257,0.056633,0.11593,0.021013,2,2,188,3,4,12,Beam_3_2_12,3212
6377,Beam_3_2_4,18309,0.056633,0.11593,0.02216,2,2,188,3,4,12,Beam_3_2_12,3212
6378,Beam_3_2_4,18262,0.044748,0.11656,0.021363,2,2,188,3,4,12,Beam_3_2_12,3212
6379,Beam_3_2_4,18306,0.044748,0.11656,0.022504,2,2,188,3,4,12,Beam_3_2_12,3212
6380,Beam_3_2_4,18310,0.054252,0.11656,0.022504,2,2,188,3,4,12,Beam_3_2_12,3212
6381,Beam_3_2_4,18258,0.054252,0.11656,0.021363,2,2,188,3,4,12,Beam_3_2_12,3212
6382,Beam_3_2_4,18281,0.041894,0.11681,0.021502,2,2,188,3,4,12,Beam_3_2_12,3212
6383,Beam_3_2_4,18293,0.041894,0.11681,0.02264,2,2,188,3,4,12,Beam_3_2_12,3212
6384,Beam_3_2_4,18253,0.05711,0.11682,0.021508,2,2,188,3,4,12,Beam_3_2_12,3212
6385,Beam_3_2_4,18312,0.05711,0.11682,0.022646,2,2,188,3,4,12,Beam_3_2_12,3212
6386,Beam_3_2_4,18261,0.047117,0.11718,0.021704,2,2,188,3,4,12,Beam_3_2_12,3212
6387,Beam_3_2_4,18305,0.047117,0.11718,0.022838,2,2,188,3,4,12,Beam_3_2_12,3212
6388,Beam_3_2_4,18311,0.051883,0.11718,0.022838,2,2,188,3,4,12,Beam_3_2_12,3212
6389,Beam_3_2_4,18259,0.051883,0.11718,0.021704,2,2,188,3,4,12,Beam_3_2_12,3212
6390,Beam_3_2_4,18292,0.043796,0.11731,0.022906,2,2,188,3,4,12,Beam_3_2_12,3212
6391,Beam_3_2_4,18280,0.043796,0.11731,0.021773,2,2,188,3,4,12,Beam_3_2_12,3212
6392,Beam_3_2_4,18254,0.055212,0.11732,0.021778,2,2,188,3,4,12,Beam_3_2_12,3212
6393,Beam_3_2_4,18313,0.055212,0.11732,0.022911,2,2,188,3,4,12,Beam_3_2_12,3212
6394,Beam_3_2_4,18279,0.045691,0.1178,0.022038,2,2,188,3,4,12,Beam_3_2_12,3212
6395,Beam_3_2_4,18291,0.045691,0.1178,0.023166,2,2,188,3,4,12,Beam_3_2_12,3212
6396,Beam_3_2_4,18260,0.0495,0.1178,0.022038,2,2,188,3,4,12,Beam_3_2_12,3212
6397,Beam_3_2_4,18308,0.0495,0.1178,0.023166,2,2,188,3,4,12,Beam_3_2_12,3212
6398,Beam_3_2_4,18255,0.053321,0.11781,0.022042,2,2,188,3,4,12,Beam_3_2_12,3212
6399,Beam_3_2_4,18314,0.053321,0.11781,0.02317,2,2,188,3,4,12,Beam_3_2_12,3212
6400,Beam_3_2_4,18294,0.047595,0.1183,0.023423,2,2,188,3,4,12,Beam_3_2_12,3212
6401,Beam_3_2_4,18278,0.047595,0.1183,0.022299,2,2,188,3,4,12,Beam_3_2_12,3212
6402,Beam_3_2_4,18315,0.051422,0.11831,0.023425,2,2,188,3,4,12,Beam_3_2_12,3212
6403,Beam_3_2_4,18247,0.051422,0.11831,0.022301,2,2,188,3,4,12,Beam_3_2_12,3212
6404,Beam_3_2_4,18277,0.045701,0.1188,0.022553,2,2,188,3,4,12,Beam_3_2_12,3212
6405,Beam_3_2_4,18297,0.045701,0.1188,0.023673,2,2,188,3,4,12,Beam_3_2_12,3212
6406,Beam_3_2_4,18316,0.053312,0.1188,0.023674,2,2,188,3,4,12,Beam_3_2_12,3212
6407,Beam_3_2_4,18248,0.053312,0.1188,0.022555,2,2,188,3,4,12,Beam_3_2_12,3212
6408,Beam_3_2_4,18269,0.049514,0.11881,0.022557,2,2,188,3,4,12,Beam_3_2_12,3212
6409,Beam_3_2_4,18301,0.049514,0.11881,0.023676,2,2,188,3,4,12,Beam_3_2_12,3212
6410,Beam_3_2_4,18276,0.043799,0.1193,0.022804,2,2,188,3,4,12,Beam_3_2_12,3212
6411,Beam_3_2_4,18296,0.043799,0.1193,0.023919,2,2,188,3,4,12,Beam_3_2_12,3212
6412,Beam_3_2_4,18249,0.05521,0.1193,0.022805,2,2,188,3,4,12,Beam_3_2_12,3212
6413,Beam_3_2_4,18317,0.05521,0.1193,0.02392,2,2,188,3,4,12,Beam_3_2_12,3212
6414,Beam_3_2_4,18270,0.047142,0.11943,0.022867,2,2,188,3,4,12,Beam_3_2_12,3212
6415,Beam_3_2_4,18298,0.047142,0.11943,0.023981,2,2,188,3,4,12,Beam_3_2_12,3212
6416,Beam_3_2_4,18268,0.051879,0.11943,0.022867,2,2,188,3,4,12,Beam_3_2_12,3212
6417,Beam_3_2_4,18304,0.051879,0.11943,0.023981,2,2,188,3,4,12,Beam_3_2_12,3212
6418,Beam_3_2_4,18295,0.041903,0.1198,0.024159,2,2,188,3,4,12,Beam_3_2_12,3212
6419,Beam_3_2_4,18275,0.041903,0.1198,0.023049,2,2,188,3,4,12,Beam_3_2_12,3212
6420,Beam_3_2_4,18318,0.057101,0.1198,0.02416,2,2,188,3,4,12,Beam_3_2_12,3212
6421,Beam_3_2_4,18250,0.057101,0.1198,0.023049,2,2,188,3,4,12,Beam_3_2_12,3212
6422,Beam_3_2_4,18299,0.044759,0.12005,0.02428,2,2,188,3,4,12,Beam_3_2_12,3212
6423,Beam_3_2_4,18271,0.044759,0.12005,0.023172,2,2,188,3,4,12,Beam_3_2_12,3212
6424,Beam_3_2_4,18303,0.054255,0.12005,0.02428,2,2,188,3,4,12,Beam_3_2_12,3212
6425,Beam_3_2_4,18267,0.054255,0.12005,0.023172,2,2,188,3,4,12,Beam_3_2_12,3212
6426,Beam_3_2_4,18272,0.042385,0.12067,0.023467,2,2,188,3,4,12,Beam_3_2_12,3212
6427,Beam_3_2_4,18300,0.042385,0.12067,0.02457,2,2,188,3,4,12,Beam_3_2_12,3212
6428,Beam_3_2_4,18266,0.056622,0.12067,0.023467,2,2,188,3,4,12,Beam_3_2_12,3212
6429,Beam_3_2_4,18302,0.056622,0.12067,0.02457,2,2,188,3,4,12,Beam_3_2_12,3212
6430,Beam_3_2_4,24926,0.04,0.1218,0.024532,2,2,188,3,4,12,Beam_3_2_12,3212
6431,Beam_3_2_4,24929,0.04475,0.1218,0.024532,2,2,188,3,4,12,Beam_3_2_12,3212
6432,Beam_3_2_4,24928,0.0495,0.1218,0.024532,2,2,188,3,4,12,Beam_3_2_12,3212
6433,Beam_3_2_4,24927,0.05425,0.1218,0.024532,2,2,188,3,4,12,Beam_3_2_12,3212
6434,Beam_3_2_4,24925,0.059,0.1218,0.024532,2,2,188,3,4,12,Beam_3_2_12,3212
6435,Beam_3_2_5,19559,0.042369,0.12293,0.024479,2,2,242,3,5,11,Beam_3_2_11,3211
6436,Beam_3_2_5,19603,0.042369,0.12293,0.025565,2,2,242,3,5,11,Beam_3_2_11,3211
6437,Beam_3_2_5,19553,0.056631,0.12293,0.024479,2,2,242,3,5,11,Beam_3_2_11,3211
6438,Beam_3_2_5,19605,0.056631,0.12293,0.025565,2,2,242,3,5,11,Beam_3_2_11,3211
6439,Beam_3_2_5,19558,0.044748,0.12356,0.024742,2,2,242,3,5,11,Beam_3_2_11,3211
6440,Beam_3_2_5,19602,0.044749,0.12356,0.025823,2,2,242,3,5,11,Beam_3_2_11,3211
6441,Beam_3_2_5,19606,0.054251,0.12356,0.025823,2,2,242,3,5,11,Beam_3_2_11,3211
6442,Beam_3_2_5,19554,0.054252,0.12356,0.024742,2,2,242,3,5,11,Beam_3_2_11,3211
6443,Beam_3_2_5,19589,0.041895,0.12381,0.025925,2,2,242,3,5,11,Beam_3_2_11,3211
6444,Beam_3_2_5,19577,0.041895,0.12381,0.024845,2,2,242,3,5,11,Beam_3_2_11,3211
6445,Beam_3_2_5,19608,0.057109,0.12382,0.02593,2,2,242,3,5,11,Beam_3_2_11,3211
6446,Beam_3_2_5,19549,0.057109,0.12382,0.02485,2,2,242,3,5,11,Beam_3_2_11,3211
6447,Beam_3_2_5,19601,0.04712,0.12418,0.026074,2,2,242,3,5,11,Beam_3_2_11,3211
6448,Beam_3_2_5,19557,0.04712,0.12418,0.024996,2,2,242,3,5,11,Beam_3_2_11,3211
6449,Beam_3_2_5,19555,0.05188,0.12418,0.024996,2,2,242,3,5,11,Beam_3_2_11,3211
6450,Beam_3_2_5,19607,0.05188,0.12418,0.026074,2,2,242,3,5,11,Beam_3_2_11,3211
6451,Beam_3_2_5,19576,0.043797,0.12431,0.025048,2,2,242,3,5,11,Beam_3_2_11,3211
6452,Beam_3_2_5,19588,0.043797,0.12431,0.026124,2,2,242,3,5,11,Beam_3_2_11,3211
6453,Beam_3_2_5,19609,0.055212,0.12432,0.026128,2,2,242,3,5,11,Beam_3_2_11,3211
6454,Beam_3_2_5,19550,0.055212,0.12432,0.025052,2,2,242,3,5,11,Beam_3_2_11,3211
6455,Beam_3_2_5,19587,0.045693,0.1248,0.026318,2,2,242,3,5,11,Beam_3_2_11,3211
6456,Beam_3_2_5,19575,0.045693,0.1248,0.025245,2,2,242,3,5,11,Beam_3_2_11,3211
6457,Beam_3_2_5,19556,0.0495,0.1248,0.025245,2,2,242,3,5,11,Beam_3_2_11,3211
6458,Beam_3_2_5,19604,0.0495,0.1248,0.026318,2,2,242,3,5,11,Beam_3_2_11,3211
6459,Beam_3_2_5,19551,0.05332,0.12481,0.025248,2,2,242,3,5,11,Beam_3_2_11,3211
6460,Beam_3_2_5,19610,0.05332,0.12481,0.026321,2,2,242,3,5,11,Beam_3_2_11,3211
6461,Beam_3_2_5,19574,0.047595,0.1253,0.025439,2,2,242,3,5,11,Beam_3_2_11,3211
6462,Beam_3_2_5,19590,0.047595,0.1253,0.026509,2,2,242,3,5,11,Beam_3_2_11,3211
6463,Beam_3_2_5,19543,0.051422,0.12531,0.025441,2,2,242,3,5,11,Beam_3_2_11,3211
6464,Beam_3_2_5,19611,0.051422,0.12531,0.02651,2,2,242,3,5,11,Beam_3_2_11,3211
6465,Beam_3_2_5,19573,0.045699,0.1258,0.025627,2,2,242,3,5,11,Beam_3_2_11,3211
6466,Beam_3_2_5,19593,0.045699,0.1258,0.026694,2,2,242,3,5,11,Beam_3_2_11,3211
6467,Beam_3_2_5,19544,0.053313,0.1258,0.025629,2,2,242,3,5,11,Beam_3_2_11,3211
6468,Beam_3_2_5,19612,0.053313,0.1258,0.026695,2,2,242,3,5,11,Beam_3_2_11,3211
6469,Beam_3_2_5,19597,0.049514,0.12581,0.026696,2,2,242,3,5,11,Beam_3_2_11,3211
6470,Beam_3_2_5,19565,0.049514,0.12581,0.02563,2,2,242,3,5,11,Beam_3_2_11,3211
6471,Beam_3_2_5,19572,0.043798,0.1263,0.025812,2,2,242,3,5,11,Beam_3_2_11,3211
6472,Beam_3_2_5,19592,0.043798,0.1263,0.026876,2,2,242,3,5,11,Beam_3_2_11,3211
6473,Beam_3_2_5,19545,0.05521,0.1263,0.025813,2,2,242,3,5,11,Beam_3_2_11,3211
6474,Beam_3_2_5,19613,0.05521,0.1263,0.026877,2,2,242,3,5,11,Beam_3_2_11,3211
6475,Beam_3_2_5,19566,0.04714,0.12643,0.025859,2,2,242,3,5,11,Beam_3_2_11,3211
6476,Beam_3_2_5,19594,0.04714,0.12643,0.026922,2,2,242,3,5,11,Beam_3_2_11,3211
6477,Beam_3_2_5,19600,0.051881,0.12643,0.026922,2,2,242,3,5,11,Beam_3_2_11,3211
6478,Beam_3_2_5,19564,0.051881,0.12643,0.025859,2,2,242,3,5,11,Beam_3_2_11,3211
6479,Beam_3_2_5,19571,0.041902,0.1268,0.025992,2,2,242,3,5,11,Beam_3_2_11,3211
6480,Beam_3_2_5,19591,0.041902,0.1268,0.027053,2,2,242,3,5,11,Beam_3_2_11,3211
6481,Beam_3_2_5,19614,0.057103,0.1268,0.027053,2,2,242,3,5,11,Beam_3_2_11,3211
6482,Beam_3_2_5,19546,0.057103,0.1268,0.025992,2,2,242,3,5,11,Beam_3_2_11,3211
6483,Beam_3_2_5,19595,0.044758,0.12705,0.027142,2,2,242,3,5,11,Beam_3_2_11,3211
6484,Beam_3_2_5,19567,0.044758,0.12705,0.026082,2,2,242,3,5,11,Beam_3_2_11,3211
6485,Beam_3_2_5,19599,0.054256,0.12705,0.027142,2,2,242,3,5,11,Beam_3_2_11,3211
6486,Beam_3_2_5,19563,0.054256,0.12705,0.026082,2,2,242,3,5,11,Beam_3_2_11,3211
6487,Beam_3_2_5,19596,0.042383,0.12767,0.027354,2,2,242,3,5,11,Beam_3_2_11,3211
6488,Beam_3_2_5,19568,0.042383,0.12767,0.026298,2,2,242,3,5,11,Beam_3_2_11,3211
6489,Beam_3_2_5,19598,0.056624,0.12767,0.027354,2,2,242,3,5,11,Beam_3_2_11,3211
6490,Beam_3_2_5,19562,0.056624,0.12767,0.026298,2,2,242,3,5,11,Beam_3_2_11,3211
6491,Beam_3_2_5,24935,0.04,0.1288,0.027198,2,2,242,3,5,11,Beam_3_2_11,3211
6492,Beam_3_2_5,24938,0.04475,0.1288,0.027198,2,2,242,3,5,11,Beam_3_2_11,3211
6493,Beam_3_2_5,24937,0.0495,0.1288,0.027198,2,2,242,3,5,11,Beam_3_2_11,3211
6494,Beam_3_2_5,24936,0.05425,0.1288,0.027198,2,2,242,3,5,11,Beam_3_2_11,3211
6495,Beam_3_2_5,24934,0.059,0.1288,0.027198,2,2,242,3,5,11,Beam_3_2_11,3211
6496,Beam_3_2_6,20885,0.042371,0.12993,0.028072,2,2,296,3,6,10,Beam_3_2_10,3210
6497,Beam_3_2_6,20873,0.042371,0.12993,0.027027,2,2,296,3,6,10,Beam_3_2_10,3210
6498,Beam_3_2_6,20887,0.056629,0.12993,0.028072,2,2,296,3,6,10,Beam_3_2_10,3210
6499,Beam_3_2_6,20867,0.056629,0.12993,0.027027,2,2,296,3,6,10,Beam_3_2_10,3210
6500,Beam_3_2_6,20872,0.044749,0.13056,0.027214,2,2,296,3,6,10,Beam_3_2_10,3210
6501,Beam_3_2_6,20884,0.044749,0.13056,0.028256,2,2,296,3,6,10,Beam_3_2_10,3210
6502,Beam_3_2_6,20888,0.054251,0.13056,0.028256,2,2,296,3,6,10,Beam_3_2_10,3210
6503,Beam_3_2_6,20868,0.054251,0.13056,0.027214,2,2,296,3,6,10,Beam_3_2_10,3210
6504,Beam_3_2_6,20899,0.041896,0.13081,0.028328,2,2,296,3,6,10,Beam_3_2_10,3210
6505,Beam_3_2_6,20855,0.041896,0.13081,0.027287,2,2,296,3,6,10,Beam_3_2_10,3210
6506,Beam_3_2_6,20890,0.057108,0.13082,0.028331,2,2,296,3,6,10,Beam_3_2_10,3210
6507,Beam_3_2_6,20863,0.057108,0.13082,0.027291,2,2,296,3,6,10,Beam_3_2_10,3210
6508,Beam_3_2_6,20883,0.047121,0.13118,0.028432,2,2,296,3,6,10,Beam_3_2_10,3210
6509,Beam_3_2_6,20871,0.047121,0.13118,0.027394,2,2,296,3,6,10,Beam_3_2_10,3210
6510,Beam_3_2_6,20889,0.051879,0.13118,0.028432,2,2,296,3,6,10,Beam_3_2_10,3210
6511,Beam_3_2_6,20869,0.051879,0.13118,0.027394,2,2,296,3,6,10,Beam_3_2_10,3210
6512,Beam_3_2_6,20898,0.043797,0.13131,0.028468,2,2,296,3,6,10,Beam_3_2_10,3210
6513,Beam_3_2_6,20854,0.043797,0.13131,0.02743,2,2,296,3,6,10,Beam_3_2_10,3210
6514,Beam_3_2_6,20864,0.055212,0.13132,0.027432,2,2,296,3,6,10,Beam_3_2_10,3210
6515,Beam_3_2_6,20891,0.055212,0.13132,0.028471,2,2,296,3,6,10,Beam_3_2_10,3210
6516,Beam_3_2_6,20853,0.045694,0.1318,0.027568,2,2,296,3,6,10,Beam_3_2_10,3210
6517,Beam_3_2_6,20897,0.045694,0.1318,0.028604,2,2,296,3,6,10,Beam_3_2_10,3210
6518,Beam_3_2_6,20870,0.0495,0.1318,0.027567,2,2,296,3,6,10,Beam_3_2_10,3210
6519,Beam_3_2_6,20886,0.0495,0.1318,0.028604,2,2,296,3,6,10,Beam_3_2_10,3210
6520,Beam_3_2_6,20865,0.053319,0.13181,0.02757,2,2,296,3,6,10,Beam_3_2_10,3210
6521,Beam_3_2_6,20892,0.053319,0.13181,0.028606,2,2,296,3,6,10,Beam_3_2_10,3210
6522,Beam_3_2_6,20900,0.047595,0.1323,0.028736,2,2,296,3,6,10,Beam_3_2_10,3210
6523,Beam_3_2_6,20852,0.047595,0.1323,0.027702,2,2,296,3,6,10,Beam_3_2_10,3210
6524,Beam_3_2_6,20857,0.051422,0.13231,0.027703,2,2,296,3,6,10,Beam_3_2_10,3210
6525,Beam_3_2_6,20893,0.051422,0.13231,0.028737,2,2,296,3,6,10,Beam_3_2_10,3210
6526,Beam_3_2_6,20903,0.045698,0.1328,0.028864,2,2,296,3,6,10,Beam_3_2_10,3210
6527,Beam_3_2_6,20851,0.045698,0.1328,0.027832,2,2,296,3,6,10,Beam_3_2_10,3210
6528,Beam_3_2_6,20858,0.053314,0.1328,0.027833,2,2,296,3,6,10,Beam_3_2_10,3210
6529,Beam_3_2_6,20894,0.053314,0.1328,0.028865,2,2,296,3,6,10,Beam_3_2_10,3210
6530,Beam_3_2_6,20907,0.049514,0.13281,0.028866,2,2,296,3,6,10,Beam_3_2_10,3210
6531,Beam_3_2_6,20843,0.049514,0.13281,0.027834,2,2,296,3,6,10,Beam_3_2_10,3210
6532,Beam_3_2_6,20850,0.043798,0.1333,0.027959,2,2,296,3,6,10,Beam_3_2_10,3210
6533,Beam_3_2_6,20902,0.043798,0.1333,0.028989,2,2,296,3,6,10,Beam_3_2_10,3210
6534,Beam_3_2_6,20895,0.055211,0.1333,0.028989,2,2,296,3,6,10,Beam_3_2_10,3210
6535,Beam_3_2_6,20859,0.055211,0.1333,0.027959,2,2,296,3,6,10,Beam_3_2_10,3210
6536,Beam_3_2_6,20844,0.047139,0.13343,0.027991,2,2,296,3,6,10,Beam_3_2_10,3210
6537,Beam_3_2_6,20904,0.047139,0.13343,0.02902,2,2,296,3,6,10,Beam_3_2_10,3210
6538,Beam_3_2_6,20910,0.051882,0.13343,0.02902,2,2,296,3,6,10,Beam_3_2_10,3210
6539,Beam_3_2_6,20842,0.051882,0.13343,0.027991,2,2,296,3,6,10,Beam_3_2_10,3210
6540,Beam_3_2_6,20849,0.041901,0.1338,0.028081,2,2,296,3,6,10,Beam_3_2_10,3210
6541,Beam_3_2_6,20901,0.041901,0.1338,0.029109,2,2,296,3,6,10,Beam_3_2_10,3210
6542,Beam_3_2_6,20860,0.057104,0.1338,0.028081,2,2,296,3,6,10,Beam_3_2_10,3210
6543,Beam_3_2_6,20896,0.057104,0.1338,0.02911,2,2,296,3,6,10,Beam_3_2_10,3210
6544,Beam_3_2_6,20845,0.044758,0.13405,0.028142,2,2,296,3,6,10,Beam_3_2_10,3210
6545,Beam_3_2_6,20905,0.044758,0.13405,0.029169,2,2,296,3,6,10,Beam_3_2_10,3210
6546,Beam_3_2_6,20841,0.054256,0.13405,0.028142,2,2,296,3,6,10,Beam_3_2_10,3210
6547,Beam_3_2_6,20909,0.054256,0.13405,0.029169,2,2,296,3,6,10,Beam_3_2_10,3210
6548,Beam_3_2_6,20906,0.042381,0.13467,0.029312,2,2,296,3,6,10,Beam_3_2_10,3210
6549,Beam_3_2_6,20846,0.042381,0.13467,0.028286,2,2,296,3,6,10,Beam_3_2_10,3210
6550,Beam_3_2_6,20840,0.056626,0.13467,0.028286,2,2,296,3,6,10,Beam_3_2_10,3210
6551,Beam_3_2_6,20908,0.056626,0.13467,0.029312,2,2,296,3,6,10,Beam_3_2_10,3210
6552,Beam_3_2_6,24944,0.04,0.1358,0.029044,2,2,296,3,6,10,Beam_3_2_10,3210
6553,Beam_3_2_6,24947,0.04475,0.1358,0.029044,2,2,296,3,6,10,Beam_3_2_10,3210
6554,Beam_3_2_6,24946,0.0495,0.1358,0.029044,2,2,296,3,6,10,Beam_3_2_10,3210
6555,Beam_3_2_6,24945,0.05425,0.1358,0.029044,2,2,296,3,6,10,Beam_3_2_10,3210
6556,Beam_3_2_6,24943,0.059,0.1358,0.029044,2,2,296,3,6,10,Beam_3_2_10,3210
6557,Beam_3_2_7,22169,0.042373,0.13693,0.028762,2,2,350,3,7,9,Beam_3_2_9,3209
6558,Beam_3_2_7,22181,0.042373,0.13693,0.02978,2,2,350,3,7,9,Beam_3_2_9,3209
6559,Beam_3_2_7,22163,0.056627,0.13693,0.028762,2,2,350,3,7,9,Beam_3_2_9,3209
6560,Beam_3_2_7,22183,0.056627,0.13693,0.02978,2,2,350,3,7,9,Beam_3_2_9,3209
6561,Beam_3_2_7,22180,0.044749,0.13756,0.029895,2,2,350,3,7,9,Beam_3_2_9,3209
6562,Beam_3_2_7,22168,0.044749,0.13756,0.028879,2,2,350,3,7,9,Beam_3_2_9,3209
6563,Beam_3_2_7,22184,0.054251,0.13756,0.029895,2,2,350,3,7,9,Beam_3_2_9,3209
6564,Beam_3_2_7,22164,0.054251,0.13756,0.028879,2,2,350,3,7,9,Beam_3_2_9,3209
6565,Beam_3_2_7,22195,0.041897,0.13781,0.02994,2,2,350,3,7,9,Beam_3_2_9,3209
6566,Beam_3_2_7,22151,0.041897,0.13781,0.028924,2,2,350,3,7,9,Beam_3_2_9,3209
6567,Beam_3_2_7,22186,0.057107,0.13782,0.029942,2,2,350,3,7,9,Beam_3_2_9,3209
6568,Beam_3_2_7,22159,0.057107,0.13782,0.028927,2,2,350,3,7,9,Beam_3_2_9,3209
6569,Beam_3_2_7,22179,0.047123,0.13818,0.030005,2,2,350,3,7,9,Beam_3_2_9,3209
6570,Beam_3_2_7,22167,0.047123,0.13818,0.02899,2,2,350,3,7,9,Beam_3_2_9,3209
6571,Beam_3_2_7,22185,0.051877,0.13818,0.030005,2,2,350,3,7,9,Beam_3_2_9,3209
6572,Beam_3_2_7,22165,0.051877,0.13818,0.02899,2,2,350,3,7,9,Beam_3_2_9,3209
6573,Beam_3_2_7,22150,0.043797,0.13831,0.029012,2,2,350,3,7,9,Beam_3_2_9,3209
6574,Beam_3_2_7,22194,0.043797,0.13831,0.030027,2,2,350,3,7,9,Beam_3_2_9,3209
6575,Beam_3_2_7,22187,0.055211,0.13832,0.030028,2,2,350,3,7,9,Beam_3_2_9,3209
6576,Beam_3_2_7,22160,0.055211,0.13832,0.029014,2,2,350,3,7,9,Beam_3_2_9,3209
6577,Beam_3_2_7,22193,0.045695,0.1388,0.030109,2,2,350,3,7,9,Beam_3_2_9,3209
6578,Beam_3_2_7,22149,0.045695,0.1388,0.029096,2,2,350,3,7,9,Beam_3_2_9,3209
6579,Beam_3_2_7,22182,0.0495,0.1388,0.030109,2,2,350,3,7,9,Beam_3_2_9,3209
6580,Beam_3_2_7,22166,0.0495,0.1388,0.029096,2,2,350,3,7,9,Beam_3_2_9,3209
6581,Beam_3_2_7,22188,0.053318,0.13881,0.03011,2,2,350,3,7,9,Beam_3_2_9,3209
6582,Beam_3_2_7,22161,0.053318,0.13881,0.029097,2,2,350,3,7,9,Beam_3_2_9,3209
6583,Beam_3_2_7,22148,0.047595,0.1393,0.029176,2,2,350,3,7,9,Beam_3_2_9,3209
6584,Beam_3_2_7,22196,0.047595,0.1393,0.030188,2,2,350,3,7,9,Beam_3_2_9,3209
6585,Beam_3_2_7,22189,0.051422,0.13931,0.030189,2,2,350,3,7,9,Beam_3_2_9,3209
6586,Beam_3_2_7,22153,0.051422,0.13931,0.029177,2,2,350,3,7,9,Beam_3_2_9,3209
6587,Beam_3_2_7,22199,0.045697,0.1398,0.030263,2,2,350,3,7,9,Beam_3_2_9,3209
6588,Beam_3_2_7,22147,0.045697,0.1398,0.029252,2,2,350,3,7,9,Beam_3_2_9,3209
6589,Beam_3_2_7,22154,0.053315,0.1398,0.029253,2,2,350,3,7,9,Beam_3_2_9,3209
6590,Beam_3_2_7,22190,0.053315,0.1398,0.030264,2,2,350,3,7,9,Beam_3_2_9,3209
6591,Beam_3_2_7,22203,0.049514,0.13981,0.030264,2,2,350,3,7,9,Beam_3_2_9,3209
6592,Beam_3_2_7,22139,0.049514,0.13981,0.029253,2,2,350,3,7,9,Beam_3_2_9,3209
6593,Beam_3_2_7,22198,0.043798,0.1403,0.030335,2,2,350,3,7,9,Beam_3_2_9,3209
6594,Beam_3_2_7,22146,0.043798,0.1403,0.029325,2,2,350,3,7,9,Beam_3_2_9,3209
6595,Beam_3_2_7,22155,0.055211,0.1403,0.029325,2,2,350,3,7,9,Beam_3_2_9,3209
6596,Beam_3_2_7,22191,0.055211,0.1403,0.030335,2,2,350,3,7,9,Beam_3_2_9,3209
6597,Beam_3_2_7,22200,0.047137,0.14043,0.030353,2,2,350,3,7,9,Beam_3_2_9,3209
6598,Beam_3_2_7,22140,0.047137,0.14043,0.029343,2,2,350,3,7,9,Beam_3_2_9,3209
6599,Beam_3_2_7,22206,0.051884,0.14043,0.030353,2,2,350,3,7,9,Beam_3_2_9,3209
6600,Beam_3_2_7,22138,0.051884,0.14043,0.029343,2,2,350,3,7,9,Beam_3_2_9,3209
6601,Beam_3_2_7,22197,0.0419,0.1408,0.030403,2,2,350,3,7,9,Beam_3_2_9,3209
6602,Beam_3_2_7,22145,0.0419,0.1408,0.029394,2,2,350,3,7,9,Beam_3_2_9,3209
6603,Beam_3_2_7,22156,0.057104,0.1408,0.029394,2,2,350,3,7,9,Beam_3_2_9,3209
6604,Beam_3_2_7,22192,0.057104,0.1408,0.030403,2,2,350,3,7,9,Beam_3_2_9,3209
6605,Beam_3_2_7,22201,0.044757,0.14105,0.030436,2,2,350,3,7,9,Beam_3_2_9,3209
6606,Beam_3_2_7,22141,0.044757,0.14105,0.029427,2,2,350,3,7,9,Beam_3_2_9,3209
6607,Beam_3_2_7,22137,0.054257,0.14105,0.029427,2,2,350,3,7,9,Beam_3_2_9,3209
6608,Beam_3_2_7,22205,0.054257,0.14105,0.030436,2,2,350,3,7,9,Beam_3_2_9,3209
6609,Beam_3_2_7,22202,0.04238,0.14167,0.030513,2,2,350,3,7,9,Beam_3_2_9,3209
6610,Beam_3_2_7,22142,0.04238,0.14167,0.029506,2,2,350,3,7,9,Beam_3_2_9,3209
6611,Beam_3_2_7,22204,0.056627,0.14167,0.030513,2,2,350,3,7,9,Beam_3_2_9,3209
6612,Beam_3_2_7,22136,0.056627,0.14167,0.029506,2,2,350,3,7,9,Beam_3_2_9,3209
6613,Beam_3_2_7,24953,0.04,0.1428,0.030136,2,2,350,3,7,9,Beam_3_2_9,3209
6614,Beam_3_2_7,24956,0.04475,0.1428,0.030136,2,2,350,3,7,9,Beam_3_2_9,3209
6615,Beam_3_2_7,24955,0.0495,0.1428,0.030136,2,2,350,3,7,9,Beam_3_2_9,3209
6616,Beam_3_2_7,24954,0.05425,0.1428,0.030136,2,2,350,3,7,9,Beam_3_2_9,3209
6617,Beam_3_2_7,24952,0.059,0.1428,0.030136,2,2,350,3,7,9,Beam_3_2_9,3209
6618,Beam_3_2_8,23477,0.042374,0.14393,0.030747,2,2,404,3,8,8,Beam_3_2_8,3208
6619,Beam_3_2_8,23465,0.042374,0.14393,0.029743,2,2,404,3,8,8,Beam_3_2_8,3208
6620,Beam_3_2_8,23479,0.056626,0.14393,0.030747,2,2,404,3,8,8,Beam_3_2_8,3208
6621,Beam_3_2_8,23459,0.056626,0.14393,0.029743,2,2,404,3,8,8,Beam_3_2_8,3208
6622,Beam_3_2_8,23476,0.04475,0.14456,0.030798,2,2,404,3,8,8,Beam_3_2_8,3208
6623,Beam_3_2_8,23464,0.04475,0.14456,0.029795,2,2,404,3,8,8,Beam_3_2_8,3208
6624,Beam_3_2_8,23460,0.05425,0.14456,0.029795,2,2,404,3,8,8,Beam_3_2_8,3208
6625,Beam_3_2_8,23480,0.05425,0.14456,0.030798,2,2,404,3,8,8,Beam_3_2_8,3208
6626,Beam_3_2_8,23491,0.041898,0.14481,0.030817,2,2,404,3,8,8,Beam_3_2_8,3208
6627,Beam_3_2_8,23447,0.041898,0.14481,0.029815,2,2,404,3,8,8,Beam_3_2_8,3208
6628,Beam_3_2_8,23482,0.057106,0.14482,0.030818,2,2,404,3,8,8,Beam_3_2_8,3208
6629,Beam_3_2_8,23455,0.057106,0.14482,0.029816,2,2,404,3,8,8,Beam_3_2_8,3208
6630,Beam_3_2_8,23463,0.047124,0.14518,0.029842,2,2,404,3,8,8,Beam_3_2_8,3208
6631,Beam_3_2_8,23475,0.047124,0.14518,0.030844,2,2,404,3,8,8,Beam_3_2_8,3208
6632,Beam_3_2_8,23481,0.051876,0.14518,0.030844,2,2,404,3,8,8,Beam_3_2_8,3208
6633,Beam_3_2_8,23461,0.051876,0.14518,0.029842,2,2,404,3,8,8,Beam_3_2_8,3208
6634,Beam_3_2_8,23446,0.043797,0.14531,0.02985,2,2,404,3,8,8,Beam_3_2_8,3208
6635,Beam_3_2_8,23490,0.043797,0.14531,0.030853,2,2,404,3,8,8,Beam_3_2_8,3208
6636,Beam_3_2_8,23483,0.055211,0.14532,0.030853,2,2,404,3,8,8,Beam_3_2_8,3208
6637,Beam_3_2_8,23456,0.055211,0.14532,0.029851,2,2,404,3,8,8,Beam_3_2_8,3208
6638,Beam_3_2_8,23445,0.045696,0.1458,0.029883,2,2,404,3,8,8,Beam_3_2_8,3208
6639,Beam_3_2_8,23489,0.045696,0.1458,0.030884,2,2,404,3,8,8,Beam_3_2_8,3208
6640,Beam_3_2_8,23462,0.0495,0.1458,0.029882,2,2,404,3,8,8,Beam_3_2_8,3208
6641,Beam_3_2_8,23478,0.0495,0.1458,0.030884,2,2,404,3,8,8,Beam_3_2_8,3208
6642,Beam_3_2_8,23484,0.053317,0.14581,0.030885,2,2,404,3,8,8,Beam_3_2_8,3208
6643,Beam_3_2_8,23457,0.053317,0.14581,0.029883,2,2,404,3,8,8,Beam_3_2_8,3208
6644,Beam_3_2_8,23492,0.047595,0.1463,0.030913,2,2,404,3,8,8,Beam_3_2_8,3208
6645,Beam_3_2_8,23444,0.047595,0.1463,0.029911,2,2,404,3,8,8,Beam_3_2_8,3208
6646,Beam_3_2_8,23485,0.051422,0.14631,0.030913,2,2,404,3,8,8,Beam_3_2_8,3208
6647,Beam_3_2_8,23449,0.051422,0.14631,0.029911,2,2,404,3,8,8,Beam_3_2_8,3208
6648,Beam_3_2_8,23495,0.045697,0.1468,0.030937,2,2,404,3,8,8,Beam_3_2_8,3208
6649,Beam_3_2_8,23443,0.045697,0.1468,0.029936,2,2,404,3,8,8,Beam_3_2_8,3208
6650,Beam_3_2_8,23486,0.053316,0.1468,0.030937,2,2,404,3,8,8,Beam_3_2_8,3208
6651,Beam_3_2_8,23450,0.053316,0.1468,0.029936,2,2,404,3,8,8,Beam_3_2_8,3208
6652,Beam_3_2_8,23435,0.049514,0.14681,0.029936,2,2,404,3,8,8,Beam_3_2_8,3208
6653,Beam_3_2_8,23499,0.049514,0.14681,0.030937,2,2,404,3,8,8,Beam_3_2_8,3208
6654,Beam_3_2_8,23494,0.043798,0.1473,0.030958,2,2,404,3,8,8,Beam_3_2_8,3208
6655,Beam_3_2_8,23442,0.043798,0.1473,0.029957,2,2,404,3,8,8,Beam_3_2_8,3208
6656,Beam_3_2_8,23451,0.055211,0.1473,0.029957,2,2,404,3,8,8,Beam_3_2_8,3208
6657,Beam_3_2_8,23487,0.055211,0.1473,0.030958,2,2,404,3,8,8,Beam_3_2_8,3208
6658,Beam_3_2_8,23436,0.047136,0.14743,0.029962,2,2,404,3,8,8,Beam_3_2_8,3208
6659,Beam_3_2_8,23496,0.047136,0.14743,0.030963,2,2,404,3,8,8,Beam_3_2_8,3208
6660,Beam_3_2_8,23502,0.051885,0.14743,0.030963,2,2,404,3,8,8,Beam_3_2_8,3208
6661,Beam_3_2_8,23434,0.051885,0.14743,0.029962,2,2,404,3,8,8,Beam_3_2_8,3208
6662,Beam_3_2_8,23441,0.041899,0.1478,0.029975,2,2,404,3,8,8,Beam_3_2_8,3208
6663,Beam_3_2_8,23493,0.041899,0.1478,0.030976,2,2,404,3,8,8,Beam_3_2_8,3208
6664,Beam_3_2_8,23488,0.057105,0.1478,0.030976,2,2,404,3,8,8,Beam_3_2_8,3208
6665,Beam_3_2_8,23452,0.057105,0.1478,0.029975,2,2,404,3,8,8,Beam_3_2_8,3208
6666,Beam_3_2_8,23437,0.044757,0.14805,0.029983,2,2,404,3,8,8,Beam_3_2_8,3208
6667,Beam_3_2_8,23497,0.044757,0.14805,0.030983,2,2,404,3,8,8,Beam_3_2_8,3208
6668,Beam_3_2_8,23433,0.054257,0.14805,0.029983,2,2,404,3,8,8,Beam_3_2_8,3208
6669,Beam_3_2_8,23501,0.054257,0.14805,0.030983,2,2,404,3,8,8,Beam_3_2_8,3208
6670,Beam_3_2_8,23438,0.042379,0.14867,0.029997,2,2,404,3,8,8,Beam_3_2_8,3208
6671,Beam_3_2_8,23498,0.042379,0.14867,0.030998,2,2,404,3,8,8,Beam_3_2_8,3208
6672,Beam_3_2_8,23500,0.056628,0.14867,0.030998,2,2,404,3,8,8,Beam_3_2_8,3208
6673,Beam_3_2_8,23432,0.056628,0.14867,0.029997,2,2,404,3,8,8,Beam_3_2_8,3208
6674,Beam_3_2_8,24962,0.04,0.1498,0.030509,2,2,404,3,8,8,Beam_3_2_8,3208
6675,Beam_3_2_8,24965,0.04475,0.1498,0.030509,2,2,404,3,8,8,Beam_3_2_8,3208
6676,Beam_3_2_8,24964,0.0495,0.1498,0.030509,2,2,404,3,8,8,Beam_3_2_8,3208
6677,Beam_3_2_8,24963,0.05425,0.1498,0.030509,2,2,404,3,8,8,Beam_3_2_8,3208
6678,Beam_3_2_8,24961,0.059,0.1498,0.030509,2,2,404,3,8,8,Beam_3_2_8,3208
6679,Beam_3_2_9,24086,0.042375,0.15093,0.030004,2,2,431,3,9,7,Beam_3_2_7,3207
6680,Beam_3_2_9,24146,0.042375,0.15093,0.031004,2,2,431,3,9,7,Beam_3_2_7,3207
6681,Beam_3_2_9,24080,0.056625,0.15093,0.030004,2,2,431,3,9,7,Beam_3_2_7,3207
6682,Beam_3_2_9,24148,0.056625,0.15093,0.031004,2,2,431,3,9,7,Beam_3_2_7,3207
6683,Beam_3_2_9,24085,0.04475,0.15156,0.029993,2,2,431,3,9,7,Beam_3_2_7,3207
6684,Beam_3_2_9,24145,0.04475,0.15156,0.030993,2,2,431,3,9,7,Beam_3_2_7,3207
6685,Beam_3_2_9,24081,0.05425,0.15156,0.029993,2,2,431,3,9,7,Beam_3_2_7,3207
6686,Beam_3_2_9,24149,0.05425,0.15156,0.030993,2,2,431,3,9,7,Beam_3_2_7,3207
6687,Beam_3_2_9,24104,0.041899,0.15181,0.029987,2,2,431,3,9,7,Beam_3_2_7,3207
6688,Beam_3_2_9,24132,0.041899,0.15181,0.030987,2,2,431,3,9,7,Beam_3_2_7,3207
6689,Beam_3_2_9,24094,0.057105,0.15182,0.029986,2,2,431,3,9,7,Beam_3_2_7,3207
6690,Beam_3_2_9,24137,0.057105,0.15182,0.030987,2,2,431,3,9,7,Beam_3_2_7,3207
6691,Beam_3_2_9,24084,0.047125,0.15218,0.029976,2,2,431,3,9,7,Beam_3_2_7,3207
6692,Beam_3_2_9,24144,0.047125,0.15218,0.030976,2,2,431,3,9,7,Beam_3_2_7,3207
6693,Beam_3_2_9,24150,0.051875,0.15218,0.030976,2,2,431,3,9,7,Beam_3_2_7,3207
6694,Beam_3_2_9,24082,0.051875,0.15218,0.029976,2,2,431,3,9,7,Beam_3_2_7,3207
6695,Beam_3_2_9,24103,0.043798,0.15231,0.029972,2,2,431,3,9,7,Beam_3_2_7,3207
6696,Beam_3_2_9,24131,0.043798,0.15231,0.030972,2,2,431,3,9,7,Beam_3_2_7,3207
6697,Beam_3_2_9,24095,0.055211,0.15232,0.029971,2,2,431,3,9,7,Beam_3_2_7,3207
6698,Beam_3_2_9,24138,0.055211,0.15232,0.030972,2,2,431,3,9,7,Beam_3_2_7,3207
6699,Beam_3_2_9,24130,0.045696,0.1528,0.030954,2,2,431,3,9,7,Beam_3_2_7,3207
6700,Beam_3_2_9,24102,0.045696,0.1528,0.029953,2,2,431,3,9,7,Beam_3_2_7,3207
6701,Beam_3_2_9,24147,0.0495,0.1528,0.030954,2,2,431,3,9,7,Beam_3_2_7,3207
6702,Beam_3_2_9,24083,0.0495,0.1528,0.029953,2,2,431,3,9,7,Beam_3_2_7,3207
6703,Beam_3_2_9,24139,0.053316,0.15281,0.030954,2,2,431,3,9,7,Beam_3_2_7,3207
6704,Beam_3_2_9,24096,0.053316,0.15281,0.029953,2,2,431,3,9,7,Beam_3_2_7,3207
6705,Beam_3_2_9,24133,0.047595,0.1533,0.030932,2,2,431,3,9,7,Beam_3_2_7,3207
6706,Beam_3_2_9,24101,0.047595,0.1533,0.029931,2,2,431,3,9,7,Beam_3_2_7,3207
6707,Beam_3_2_9,24140,0.051422,0.15331,0.030932,2,2,431,3,9,7,Beam_3_2_7,3207
6708,Beam_3_2_9,24088,0.051422,0.15331,0.029931,2,2,431,3,9,7,Beam_3_2_7,3207
6709,Beam_3_2_9,24100,0.045696,0.1538,0.029905,2,2,431,3,9,7,Beam_3_2_7,3207
6710,Beam_3_2_9,24136,0.045696,0.1538,0.030907,2,2,431,3,9,7,Beam_3_2_7,3207
6711,Beam_3_2_9,24089,0.053317,0.1538,0.029905,2,2,431,3,9,7,Beam_3_2_7,3207
6712,Beam_3_2_9,24141,0.053317,0.1538,0.030907,2,2,431,3,9,7,Beam_3_2_7,3207
6713,Beam_3_2_9,24110,0.049514,0.15381,0.029905,2,2,431,3,9,7,Beam_3_2_7,3207
6714,Beam_3_2_9,24126,0.049514,0.15381,0.030907,2,2,431,3,9,7,Beam_3_2_7,3207
6715,Beam_3_2_9,24099,0.043797,0.1543,0.029876,2,2,431,3,9,7,Beam_3_2_7,3207
6716,Beam_3_2_9,24135,0.043797,0.1543,0.030878,2,2,431,3,9,7,Beam_3_2_7,3207
6717,Beam_3_2_9,24090,0.055211,0.1543,0.029876,2,2,431,3,9,7,Beam_3_2_7,3207
6718,Beam_3_2_9,24142,0.055211,0.1543,0.030878,2,2,431,3,9,7,Beam_3_2_7,3207
6719,Beam_3_2_9,24123,0.047135,0.15443,0.03087,2,2,431,3,9,7,Beam_3_2_7,3207
6720,Beam_3_2_9,24111,0.047135,0.15443,0.029868,2,2,431,3,9,7,Beam_3_2_7,3207
6721,Beam_3_2_9,24109,0.051886,0.15443,0.029868,2,2,431,3,9,7,Beam_3_2_7,3207
6722,Beam_3_2_9,24129,0.051886,0.15443,0.03087,2,2,431,3,9,7,Beam_3_2_7,3207
6723,Beam_3_2_9,24134,0.041898,0.1548,0.030846,2,2,431,3,9,7,Beam_3_2_7,3207
6724,Beam_3_2_9,24098,0.041898,0.1548,0.029843,2,2,431,3,9,7,Beam_3_2_7,3207
6725,Beam_3_2_9,24143,0.057106,0.1548,0.030845,2,2,431,3,9,7,Beam_3_2_7,3207
6726,Beam_3_2_9,24091,0.057106,0.1548,0.029843,2,2,431,3,9,7,Beam_3_2_7,3207
6727,Beam_3_2_9,24112,0.044757,0.15505,0.029825,2,2,431,3,9,7,Beam_3_2_7,3207
6728,Beam_3_2_9,24124,0.044757,0.15505,0.030828,2,2,431,3,9,7,Beam_3_2_7,3207
6729,Beam_3_2_9,24108,0.054257,0.15505,0.029825,2,2,431,3,9,7,Beam_3_2_7,3207
6730,Beam_3_2_9,24128,0.054257,0.15505,0.030828,2,2,431,3,9,7,Beam_3_2_7,3207
6731,Beam_3_2_9,24113,0.042378,0.15567,0.029776,2,2,431,3,9,7,Beam_3_2_7,3207
6732,Beam_3_2_9,24125,0.042378,0.15567,0.03078,2,2,431,3,9,7,Beam_3_2_7,3207
6733,Beam_3_2_9,24107,0.05663,0.15567,0.029776,2,2,431,3,9,7,Beam_3_2_7,3207
6734,Beam_3_2_9,24127,0.05663,0.15567,0.03078,2,2,431,3,9,7,Beam_3_2_7,3207
6735,Beam_3_2_9,25007,0.04,0.1568,0.030176,2,2,431,3,9,7,Beam_3_2_7,3207
6736,Beam_3_2_9,25010,0.04475,0.1568,0.030176,2,2,431,3,9,7,Beam_3_2_7,3207
6737,Beam_3_2_9,25009,0.0495,0.1568,0.030176,2,2,431,3,9,7,Beam_3_2_7,3207
6738,Beam_3_2_9,25008,0.05425,0.1568,0.030176,2,2,431,3,9,7,Beam_3_2_7,3207
6739,Beam_3_2_9,25006,0.059,0.1568,0.030176,2,2,431,3,9,7,Beam_3_2_7,3207
6740,Beam_3_2_10,22841,0.042376,0.15793,0.030559,2,2,377,3,10,6,Beam_3_2_6,3206
6741,Beam_3_2_10,22801,0.042376,0.15793,0.029553,2,2,377,3,10,6,Beam_3_2_6,3206
6742,Beam_3_2_10,22843,0.056624,0.15793,0.030559,2,2,377,3,10,6,Beam_3_2_6,3206
6743,Beam_3_2_10,22795,0.056624,0.15793,0.029553,2,2,377,3,10,6,Beam_3_2_6,3206
6744,Beam_3_2_10,22800,0.04475,0.15856,0.029478,2,2,377,3,10,6,Beam_3_2_6,3206
6745,Beam_3_2_10,22840,0.04475,0.15856,0.030485,2,2,377,3,10,6,Beam_3_2_6,3206
6746,Beam_3_2_10,22796,0.05425,0.15856,0.029478,2,2,377,3,10,6,Beam_3_2_6,3206
6747,Beam_3_2_10,22844,0.05425,0.15856,0.030485,2,2,377,3,10,6,Beam_3_2_6,3206
6748,Beam_3_2_10,22809,0.0419,0.15881,0.029446,2,2,377,3,10,6,Beam_3_2_6,3206
6749,Beam_3_2_10,22833,0.0419,0.15881,0.030454,2,2,377,3,10,6,Beam_3_2_6,3206
6750,Beam_3_2_10,22789,0.057104,0.15882,0.029444,2,2,377,3,10,6,Beam_3_2_6,3206
6751,Beam_3_2_10,22848,0.057105,0.15882,0.030452,2,2,377,3,10,6,Beam_3_2_6,3206
6752,Beam_3_2_10,22839,0.047127,0.15918,0.030406,2,2,377,3,10,6,Beam_3_2_6,3206
6753,Beam_3_2_10,22799,0.047127,0.15918,0.029397,2,2,377,3,10,6,Beam_3_2_6,3206
6754,Beam_3_2_10,22845,0.051873,0.15918,0.030406,2,2,377,3,10,6,Beam_3_2_6,3206
6755,Beam_3_2_10,22797,0.051873,0.15918,0.029397,2,2,377,3,10,6,Beam_3_2_6,3206
6756,Beam_3_2_10,22808,0.043798,0.15931,0.02938,2,2,377,3,10,6,Beam_3_2_6,3206
6757,Beam_3_2_10,22832,0.043798,0.15931,0.030389,2,2,377,3,10,6,Beam_3_2_6,3206
6758,Beam_3_2_10,22849,0.055211,0.15932,0.030388,2,2,377,3,10,6,Beam_3_2_6,3206
6759,Beam_3_2_10,22790,0.055211,0.15932,0.029378,2,2,377,3,10,6,Beam_3_2_6,3206
6760,Beam_3_2_10,22842,0.0495,0.1598,0.03032,2,2,377,3,10,6,Beam_3_2_6,3206
6761,Beam_3_2_10,22798,0.0495,0.1598,0.02931,2,2,377,3,10,6,Beam_3_2_6,3206
6762,Beam_3_2_10,22831,0.045697,0.15981,0.03032,2,2,377,3,10,6,Beam_3_2_6,3206
6763,Beam_3_2_10,22807,0.045697,0.15981,0.02931,2,2,377,3,10,6,Beam_3_2_6,3206
6764,Beam_3_2_10,22850,0.053315,0.15981,0.030319,2,2,377,3,10,6,Beam_3_2_6,3206
6765,Beam_3_2_10,22791,0.053315,0.15981,0.029309,2,2,377,3,10,6,Beam_3_2_6,3206
6766,Beam_3_2_10,22834,0.047595,0.1603,0.030248,2,2,377,3,10,6,Beam_3_2_6,3206
6767,Beam_3_2_10,22806,0.047595,0.1603,0.029237,2,2,377,3,10,6,Beam_3_2_6,3206
6768,Beam_3_2_10,22783,0.051422,0.16031,0.029236,2,2,377,3,10,6,Beam_3_2_6,3206
6769,Beam_3_2_10,22851,0.051422,0.16031,0.030247,2,2,377,3,10,6,Beam_3_2_6,3206
6770,Beam_3_2_10,22805,0.045695,0.1608,0.029159,2,2,377,3,10,6,Beam_3_2_6,3206
6771,Beam_3_2_10,22837,0.045695,0.1608,0.030172,2,2,377,3,10,6,Beam_3_2_6,3206
6772,Beam_3_2_10,22811,0.049514,0.16081,0.029159,2,2,377,3,10,6,Beam_3_2_6,3206
6773,Beam_3_2_10,22826,0.049514,0.16081,0.030171,2,2,377,3,10,6,Beam_3_2_6,3206
6774,Beam_3_2_10,22852,0.053318,0.16081,0.030171,2,2,377,3,10,6,Beam_3_2_6,3206
6775,Beam_3_2_10,22784,0.053318,0.16081,0.029159,2,2,377,3,10,6,Beam_3_2_6,3206
6776,Beam_3_2_10,22804,0.043797,0.1613,0.029079,2,2,377,3,10,6,Beam_3_2_6,3206
6777,Beam_3_2_10,22836,0.043797,0.1613,0.030092,2,2,377,3,10,6,Beam_3_2_6,3206
6778,Beam_3_2_10,22785,0.055211,0.1613,0.029078,2,2,377,3,10,6,Beam_3_2_6,3206
6779,Beam_3_2_10,22853,0.055211,0.1613,0.030092,2,2,377,3,10,6,Beam_3_2_6,3206
6780,Beam_3_2_10,22812,0.047133,0.16143,0.029057,2,2,377,3,10,6,Beam_3_2_6,3206
6781,Beam_3_2_10,22827,0.047133,0.16143,0.030071,2,2,377,3,10,6,Beam_3_2_6,3206
6782,Beam_3_2_10,22818,0.051888,0.16143,0.029057,2,2,377,3,10,6,Beam_3_2_6,3206
6783,Beam_3_2_10,22825,0.051888,0.16143,0.030071,2,2,377,3,10,6,Beam_3_2_6,3206
6784,Beam_3_2_10,22803,0.041897,0.1618,0.028994,2,2,377,3,10,6,Beam_3_2_6,3206
6785,Beam_3_2_10,22835,0.041897,0.1618,0.030009,2,2,377,3,10,6,Beam_3_2_6,3206
6786,Beam_3_2_10,22854,0.057107,0.1618,0.030009,2,2,377,3,10,6,Beam_3_2_6,3206
6787,Beam_3_2_10,22786,0.057107,0.1618,0.028994,2,2,377,3,10,6,Beam_3_2_6,3206
6788,Beam_3_2_10,22813,0.044757,0.16205,0.02895,2,2,377,3,10,6,Beam_3_2_6,3206
6789,Beam_3_2_10,22828,0.044757,0.16205,0.029965,2,2,377,3,10,6,Beam_3_2_6,3206
6790,Beam_3_2_10,22817,0.054258,0.16205,0.02895,2,2,377,3,10,6,Beam_3_2_6,3206
6791,Beam_3_2_10,22824,0.054258,0.16205,0.029965,2,2,377,3,10,6,Beam_3_2_6,3206
6792,Beam_3_2_10,22829,0.042376,0.16267,0.029853,2,2,377,3,10,6,Beam_3_2_6,3206
6793,Beam_3_2_10,22814,0.042376,0.16267,0.028836,2,2,377,3,10,6,Beam_3_2_6,3206
6794,Beam_3_2_10,22816,0.056631,0.16267,0.028836,2,2,377,3,10,6,Beam_3_2_6,3206
6795,Beam_3_2_10,22823,0.056631,0.16267,0.029853,2,2,377,3,10,6,Beam_3_2_6,3206
6796,Beam_3_2_10,25016,0.04,0.1638,0.029125,2,2,377,3,10,6,Beam_3_2_6,3206
6797,Beam_3_2_10,25019,0.04475,0.1638,0.029125,2,2,377,3,10,6,Beam_3_2_6,3206
6798,Beam_3_2_10,25018,0.0495,0.1638,0.029125,2,2,377,3,10,6,Beam_3_2_6,3206
6799,Beam_3_2_10,25017,0.05425,0.1638,0.029125,2,2,377,3,10,6,Beam_3_2_6,3206
6800,Beam_3_2_10,25015,0.059,0.1638,0.029125,2,2,377,3,10,6,Beam_3_2_6,3206
6801,Beam_3_2_11,21521,0.042378,0.16493,0.028375,2,2,323,3,11,5,Beam_3_2_5,3205
6802,Beam_3_2_11,21533,0.042378,0.16493,0.029399,2,2,323,3,11,5,Beam_3_2_5,3205
6803,Beam_3_2_11,21535,0.056622,0.16493,0.029399,2,2,323,3,11,5,Beam_3_2_5,3205
6804,Beam_3_2_11,21515,0.056622,0.16493,0.028375,2,2,323,3,11,5,Beam_3_2_5,3205
6805,Beam_3_2_11,21520,0.044751,0.16556,0.028234,2,2,323,3,11,5,Beam_3_2_5,3205
6806,Beam_3_2_11,21532,0.044751,0.16556,0.02926,2,2,323,3,11,5,Beam_3_2_5,3205
6807,Beam_3_2_11,21516,0.054249,0.16556,0.028234,2,2,323,3,11,5,Beam_3_2_5,3205
6808,Beam_3_2_11,21536,0.054249,0.16556,0.02926,2,2,323,3,11,5,Beam_3_2_5,3205
6809,Beam_3_2_11,21503,0.041901,0.16581,0.028175,2,2,323,3,11,5,Beam_3_2_5,3205
6810,Beam_3_2_11,21547,0.041901,0.16581,0.029202,2,2,323,3,11,5,Beam_3_2_5,3205
6811,Beam_3_2_11,21511,0.057104,0.16582,0.028172,2,2,323,3,11,5,Beam_3_2_5,3205
6812,Beam_3_2_11,21538,0.057104,0.16582,0.029199,2,2,323,3,11,5,Beam_3_2_5,3205
6813,Beam_3_2_11,21519,0.047128,0.16618,0.028086,2,2,323,3,11,5,Beam_3_2_5,3205
6814,Beam_3_2_11,21531,0.047128,0.16618,0.029114,2,2,323,3,11,5,Beam_3_2_5,3205
6815,Beam_3_2_11,21537,0.051872,0.16618,0.029114,2,2,323,3,11,5,Beam_3_2_5,3205
6816,Beam_3_2_11,21517,0.051872,0.16618,0.028086,2,2,323,3,11,5,Beam_3_2_5,3205
6817,Beam_3_2_11,21502,0.043798,0.16631,0.028056,2,2,323,3,11,5,Beam_3_2_5,3205
6818,Beam_3_2_11,21546,0.043798,0.16631,0.029084,2,2,323,3,11,5,Beam_3_2_5,3205
6819,Beam_3_2_11,21512,0.055211,0.16632,0.028053,2,2,323,3,11,5,Beam_3_2_5,3205
6820,Beam_3_2_11,21539,0.055211,0.16632,0.029082,2,2,323,3,11,5,Beam_3_2_5,3205
6821,Beam_3_2_11,21518,0.0495,0.1668,0.027933,2,2,323,3,11,5,Beam_3_2_5,3205
6822,Beam_3_2_11,21534,0.0495,0.1668,0.028964,2,2,323,3,11,5,Beam_3_2_5,3205
6823,Beam_3_2_11,21501,0.045698,0.16681,0.027932,2,2,323,3,11,5,Beam_3_2_5,3205
6824,Beam_3_2_11,21545,0.045698,0.16681,0.028963,2,2,323,3,11,5,Beam_3_2_5,3205
6825,Beam_3_2_11,21513,0.053315,0.16681,0.027931,2,2,323,3,11,5,Beam_3_2_5,3205
6826,Beam_3_2_11,21540,0.053315,0.16681,0.028961,2,2,323,3,11,5,Beam_3_2_5,3205
6827,Beam_3_2_11,21548,0.047595,0.1673,0.028838,2,2,323,3,11,5,Beam_3_2_5,3205
6828,Beam_3_2_11,21500,0.047595,0.1673,0.027805,2,2,323,3,11,5,Beam_3_2_5,3205
6829,Beam_3_2_11,21541,0.051422,0.16731,0.028837,2,2,323,3,11,5,Beam_3_2_5,3205
6830,Beam_3_2_11,21505,0.051422,0.16731,0.027804,2,2,323,3,11,5,Beam_3_2_5,3205
6831,Beam_3_2_11,21551,0.045694,0.1678,0.028709,2,2,323,3,11,5,Beam_3_2_5,3205
6832,Beam_3_2_11,21499,0.045694,0.1678,0.027674,2,2,323,3,11,5,Beam_3_2_5,3205
6833,Beam_3_2_11,21555,0.049514,0.16781,0.028707,2,2,323,3,11,5,Beam_3_2_5,3205
6834,Beam_3_2_11,21491,0.049514,0.16781,0.027673,2,2,323,3,11,5,Beam_3_2_5,3205
6835,Beam_3_2_11,21506,0.053319,0.16781,0.027673,2,2,323,3,11,5,Beam_3_2_5,3205
6836,Beam_3_2_11,21542,0.053319,0.16781,0.028708,2,2,323,3,11,5,Beam_3_2_5,3205
6837,Beam_3_2_11,21550,0.043797,0.1683,0.028576,2,2,323,3,11,5,Beam_3_2_5,3205
6838,Beam_3_2_11,21498,0.043797,0.1683,0.027539,2,2,323,3,11,5,Beam_3_2_5,3205
6839,Beam_3_2_11,21507,0.055212,0.1683,0.027539,2,2,323,3,11,5,Beam_3_2_5,3205
6840,Beam_3_2_11,21543,0.055212,0.1683,0.028575,2,2,323,3,11,5,Beam_3_2_5,3205
6841,Beam_3_2_11,21552,0.047132,0.16843,0.02854,2,2,323,3,11,5,Beam_3_2_5,3205
6842,Beam_3_2_11,21492,0.047132,0.16843,0.027503,2,2,323,3,11,5,Beam_3_2_5,3205
6843,Beam_3_2_11,21490,0.051889,0.16843,0.027503,2,2,323,3,11,5,Beam_3_2_5,3205
6844,Beam_3_2_11,21558,0.051889,0.16843,0.02854,2,2,323,3,11,5,Beam_3_2_5,3205
6845,Beam_3_2_11,21497,0.041896,0.1688,0.0274,2,2,323,3,11,5,Beam_3_2_5,3205
6846,Beam_3_2_11,21549,0.041896,0.1688,0.028439,2,2,323,3,11,5,Beam_3_2_5,3205
6847,Beam_3_2_11,21544,0.057108,0.1688,0.028438,2,2,323,3,11,5,Beam_3_2_5,3205
6848,Beam_3_2_11,21508,0.057108,0.1688,0.0274,2,2,323,3,11,5,Beam_3_2_5,3205
6849,Beam_3_2_11,21493,0.044756,0.16905,0.027328,2,2,323,3,11,5,Beam_3_2_5,3205
6850,Beam_3_2_11,21553,0.044756,0.16905,0.028368,2,2,323,3,11,5,Beam_3_2_5,3205
6851,Beam_3_2_11,21489,0.054258,0.16905,0.027328,2,2,323,3,11,5,Beam_3_2_5,3205
6852,Beam_3_2_11,21557,0.054258,0.16905,0.028368,2,2,323,3,11,5,Beam_3_2_5,3205
6853,Beam_3_2_11,21494,0.042375,0.16967,0.027146,2,2,323,3,11,5,Beam_3_2_5,3205
6854,Beam_3_2_11,21554,0.042375,0.16967,0.028188,2,2,323,3,11,5,Beam_3_2_5,3205
6855,Beam_3_2_11,21556,0.056632,0.16967,0.028188,2,2,323,3,11,5,Beam_3_2_5,3205
6856,Beam_3_2_11,21488,0.056632,0.16967,0.027146,2,2,323,3,11,5,Beam_3_2_5,3205
6857,Beam_3_2_11,25061,0.04,0.1708,0.027323,2,2,323,3,11,5,Beam_3_2_5,3205
6858,Beam_3_2_11,25064,0.04475,0.1708,0.027323,2,2,323,3,11,5,Beam_3_2_5,3205
6859,Beam_3_2_11,25063,0.0495,0.1708,0.027323,2,2,323,3,11,5,Beam_3_2_5,3205
6860,Beam_3_2_11,25062,0.05425,0.1708,0.027323,2,2,323,3,11,5,Beam_3_2_5,3205
6861,Beam_3_2_11,25060,0.059,0.1708,0.027323,2,2,323,3,11,5,Beam_3_2_5,3205
6862,Beam_3_2_12,20237,0.042379,0.17193,0.027485,2,2,269,3,12,4,Beam_3_2_4,3204
6863,Beam_3_2_12,20225,0.042379,0.17193,0.026431,2,2,269,3,12,4,Beam_3_2_4,3204
6864,Beam_3_2_12,20239,0.056621,0.17193,0.027485,2,2,269,3,12,4,Beam_3_2_4,3204
6865,Beam_3_2_12,20219,0.056621,0.17193,0.026431,2,2,269,3,12,4,Beam_3_2_4,3204
6866,Beam_3_2_12,20236,0.044751,0.17256,0.027276,2,2,269,3,12,4,Beam_3_2_4,3204
6867,Beam_3_2_12,20224,0.044751,0.17256,0.026219,2,2,269,3,12,4,Beam_3_2_4,3204
6868,Beam_3_2_12,20240,0.054249,0.17256,0.027276,2,2,269,3,12,4,Beam_3_2_4,3204
6869,Beam_3_2_12,20220,0.054249,0.17256,0.026219,2,2,269,3,12,4,Beam_3_2_4,3204
6870,Beam_3_2_12,20207,0.041902,0.17281,0.026131,2,2,269,3,12,4,Beam_3_2_4,3204
6871,Beam_3_2_12,20251,0.041902,0.17281,0.02719,2,2,269,3,12,4,Beam_3_2_4,3204
6872,Beam_3_2_12,20242,0.057103,0.17282,0.027186,2,2,269,3,12,4,Beam_3_2_4,3204
6873,Beam_3_2_12,20215,0.057103,0.17282,0.026127,2,2,269,3,12,4,Beam_3_2_4,3204
6874,Beam_3_2_12,20223,0.04713,0.17318,0.026,2,2,269,3,12,4,Beam_3_2_4,3204
6875,Beam_3_2_12,20235,0.04713,0.17318,0.027061,2,2,269,3,12,4,Beam_3_2_4,3204
6876,Beam_3_2_12,20221,0.05187,0.17318,0.026,2,2,269,3,12,4,Beam_3_2_4,3204
6877,Beam_3_2_12,20241,0.05187,0.17318,0.027061,2,2,269,3,12,4,Beam_3_2_4,3204
6878,Beam_3_2_12,20206,0.043798,0.17331,0.025955,2,2,269,3,12,4,Beam_3_2_4,3204
6879,Beam_3_2_12,20250,0.043798,0.17331,0.027016,2,2,269,3,12,4,Beam_3_2_4,3204
6880,Beam_3_2_12,20243,0.05521,0.17332,0.027013,2,2,269,3,12,4,Beam_3_2_4,3204
6881,Beam_3_2_12,20216,0.05521,0.17332,0.025951,2,2,269,3,12,4,Beam_3_2_4,3204
6882,Beam_3_2_12,20238,0.0495,0.1738,0.026839,2,2,269,3,12,4,Beam_3_2_4,3204
6883,Beam_3_2_12,20222,0.0495,0.1738,0.025774,2,2,269,3,12,4,Beam_3_2_4,3204
6884,Beam_3_2_12,20205,0.045699,0.17381,0.025774,2,2,269,3,12,4,Beam_3_2_4,3204
6885,Beam_3_2_12,20249,0.045699,0.17381,0.026838,2,2,269,3,12,4,Beam_3_2_4,3204
6886,Beam_3_2_12,20217,0.053313,0.17381,0.025771,2,2,269,3,12,4,Beam_3_2_4,3204
6887,Beam_3_2_12,20244,0.053313,0.17381,0.026835,2,2,269,3,12,4,Beam_3_2_4,3204
6888,Beam_3_2_12,20204,0.047595,0.1743,0.025589,2,2,269,3,12,4,Beam_3_2_4,3204
6889,Beam_3_2_12,20252,0.047595,0.1743,0.026656,2,2,269,3,12,4,Beam_3_2_4,3204
6890,Beam_3_2_12,20209,0.051422,0.17431,0.025587,2,2,269,3,12,4,Beam_3_2_4,3204
6891,Beam_3_2_12,20245,0.051422,0.17431,0.026654,2,2,269,3,12,4,Beam_3_2_4,3204
6892,Beam_3_2_12,20255,0.045693,0.1748,0.026469,2,2,269,3,12,4,Beam_3_2_4,3204
6893,Beam_3_2_12,20203,0.045693,0.1748,0.025398,2,2,269,3,12,4,Beam_3_2_4,3204
6894,Beam_3_2_12,20259,0.049514,0.17481,0.026467,2,2,269,3,12,4,Beam_3_2_4,3204
6895,Beam_3_2_12,20195,0.049514,0.17481,0.025397,2,2,269,3,12,4,Beam_3_2_4,3204
6896,Beam_3_2_12,20210,0.05332,0.17481,0.025397,2,2,269,3,12,4,Beam_3_2_4,3204
6897,Beam_3_2_12,20246,0.05332,0.17481,0.026468,2,2,269,3,12,4,Beam_3_2_4,3204
6898,Beam_3_2_12,20254,0.043797,0.1753,0.026278,2,2,269,3,12,4,Beam_3_2_4,3204
6899,Beam_3_2_12,20202,0.043797,0.1753,0.025205,2,2,269,3,12,4,Beam_3_2_4,3204
6900,Beam_3_2_12,20247,0.055212,0.1753,0.026277,2,2,269,3,12,4,Beam_3_2_4,3204
6901,Beam_3_2_12,20211,0.055212,0.1753,0.025204,2,2,269,3,12,4,Beam_3_2_4,3204
6902,Beam_3_2_12,20256,0.04713,0.17543,0.026227,2,2,269,3,12,4,Beam_3_2_4,3204
6903,Beam_3_2_12,20196,0.04713,0.17543,0.025153,2,2,269,3,12,4,Beam_3_2_4,3204
6904,Beam_3_2_12,20194,0.051891,0.17543,0.025153,2,2,269,3,12,4,Beam_3_2_4,3204
6905,Beam_3_2_12,20262,0.051891,0.17543,0.026227,2,2,269,3,12,4,Beam_3_2_4,3204
6906,Beam_3_2_12,20201,0.041895,0.1758,0.025006,2,2,269,3,12,4,Beam_3_2_4,3204
6907,Beam_3_2_12,20253,0.041895,0.1758,0.026083,2,2,269,3,12,4,Beam_3_2_4,3204
6908,Beam_3_2_12,20248,0.057109,0.1758,0.026082,2,2,269,3,12,4,Beam_3_2_4,3204
6909,Beam_3_2_12,20212,0.057109,0.1758,0.025005,2,2,269,3,12,4,Beam_3_2_4,3204
6910,Beam_3_2_12,20257,0.044756,0.17605,0.025982,2,2,269,3,12,4,Beam_3_2_4,3204
6911,Beam_3_2_12,20197,0.044756,0.17605,0.024903,2,2,269,3,12,4,Beam_3_2_4,3204
6912,Beam_3_2_12,20193,0.054258,0.17605,0.024903,2,2,269,3,12,4,Beam_3_2_4,3204
6913,Beam_3_2_12,20261,0.054258,0.17605,0.025982,2,2,269,3,12,4,Beam_3_2_4,3204
6914,Beam_3_2_12,20198,0.042373,0.17668,0.024645,2,2,269,3,12,4,Beam_3_2_4,3204
6915,Beam_3_2_12,20258,0.042373,0.17668,0.025728,2,2,269,3,12,4,Beam_3_2_4,3204
6916,Beam_3_2_12,20260,0.056634,0.17668,0.025728,2,2,269,3,12,4,Beam_3_2_4,3204
6917,Beam_3_2_12,20192,0.056634,0.17668,0.024645,2,2,269,3,12,4,Beam_3_2_4,3204
6918,Beam_3_2_12,25070,0.04,0.1778,0.024705,2,2,269,3,12,4,Beam_3_2_4,3204
6919,Beam_3_2_12,25073,0.04475,0.1778,0.024705,2,2,269,3,12,4,Beam_3_2_4,3204
6920,Beam_3_2_12,25072,0.0495,0.1778,0.024705,2,2,269,3,12,4,Beam_3_2_4,3204
6921,Beam_3_2_12,25071,0.05425,0.1778,0.024705,2,2,269,3,12,4,Beam_3_2_4,3204
6922,Beam_3_2_12,25069,0.059,0.1778,0.024705,2,2,269,3,12,4,Beam_3_2_4,3204
6923,Beam_3_2_13,18941,0.042381,0.17893,0.02475,2,2,215,3,13,3,Beam_3_2_3,3203
6924,Beam_3_2_13,18929,0.042381,0.17893,0.02365,2,2,215,3,13,3,Beam_3_2_3,3203
6925,Beam_3_2_13,18923,0.056619,0.17893,0.02365,2,2,215,3,13,3,Beam_3_2_3,3203
6926,Beam_3_2_13,18943,0.056619,0.17893,0.02475,2,2,215,3,13,3,Beam_3_2_3,3203
6927,Beam_3_2_13,18928,0.044752,0.17956,0.023359,2,2,215,3,13,3,Beam_3_2_3,3203
6928,Beam_3_2_13,18940,0.044752,0.17956,0.024464,2,2,215,3,13,3,Beam_3_2_3,3203
6929,Beam_3_2_13,18944,0.054248,0.17956,0.024464,2,2,215,3,13,3,Beam_3_2_3,3203
6930,Beam_3_2_13,18924,0.054248,0.17956,0.023359,2,2,215,3,13,3,Beam_3_2_3,3203
6931,Beam_3_2_13,18955,0.041903,0.17981,0.024346,2,2,215,3,13,3,Beam_3_2_3,3203
6932,Beam_3_2_13,18911,0.041903,0.17981,0.023239,2,2,215,3,13,3,Beam_3_2_3,3203
6933,Beam_3_2_13,18919,0.057101,0.17982,0.023233,2,2,215,3,13,3,Beam_3_2_3,3203
6934,Beam_3_2_13,18946,0.057101,0.17982,0.02434,2,2,215,3,13,3,Beam_3_2_3,3203
6935,Beam_3_2_13,18939,0.047132,0.18018,0.024169,2,2,215,3,13,3,Beam_3_2_3,3203
6936,Beam_3_2_13,18927,0.047132,0.18018,0.023059,2,2,215,3,13,3,Beam_3_2_3,3203
6937,Beam_3_2_13,18925,0.051868,0.18018,0.023059,2,2,215,3,13,3,Beam_3_2_3,3203
6938,Beam_3_2_13,18945,0.051868,0.18018,0.024169,2,2,215,3,13,3,Beam_3_2_3,3203
6939,Beam_3_2_13,18954,0.043799,0.18031,0.024109,2,2,215,3,13,3,Beam_3_2_3,3203
6940,Beam_3_2_13,18910,0.043799,0.18031,0.022998,2,2,215,3,13,3,Beam_3_2_3,3203
6941,Beam_3_2_13,18920,0.05521,0.18032,0.022993,2,2,215,3,13,3,Beam_3_2_3,3203
6942,Beam_3_2_13,18947,0.05521,0.18032,0.024105,2,2,215,3,13,3,Beam_3_2_3,3203
6943,Beam_3_2_13,18942,0.0495,0.1808,0.023869,2,2,215,3,13,3,Beam_3_2_3,3203
6944,Beam_3_2_13,18926,0.0495,0.1808,0.022753,2,2,215,3,13,3,Beam_3_2_3,3203
6945,Beam_3_2_13,18953,0.045701,0.18081,0.023867,2,2,215,3,13,3,Beam_3_2_3,3203
6946,Beam_3_2_13,18909,0.045701,0.18081,0.022752,2,2,215,3,13,3,Beam_3_2_3,3203
6947,Beam_3_2_13,18921,0.053312,0.18081,0.022748,2,2,215,3,13,3,Beam_3_2_3,3203
6948,Beam_3_2_13,18948,0.053312,0.18081,0.023864,2,2,215,3,13,3,Beam_3_2_3,3203
6949,Beam_3_2_13,18956,0.047595,0.1813,0.023621,2,2,215,3,13,3,Beam_3_2_3,3203
6950,Beam_3_2_13,18908,0.047595,0.1813,0.022501,2,2,215,3,13,3,Beam_3_2_3,3203
6951,Beam_3_2_13,18949,0.051422,0.18131,0.023619,2,2,215,3,13,3,Beam_3_2_3,3203
6952,Beam_3_2_13,18913,0.051422,0.18131,0.022499,2,2,215,3,13,3,Beam_3_2_3,3203
6953,Beam_3_2_13,18907,0.045691,0.1818,0.022244,2,2,215,3,13,3,Beam_3_2_3,3203
6954,Beam_3_2_13,18959,0.045692,0.1818,0.023369,2,2,215,3,13,3,Beam_3_2_3,3203
6955,Beam_3_2_13,18963,0.049514,0.18181,0.023367,2,2,215,3,13,3,Beam_3_2_3,3203
6956,Beam_3_2_13,18899,0.049514,0.18181,0.022242,2,2,215,3,13,3,Beam_3_2_3,3203
6957,Beam_3_2_13,18950,0.053321,0.18181,0.023367,2,2,215,3,13,3,Beam_3_2_3,3203
6958,Beam_3_2_13,18914,0.053321,0.18181,0.022242,2,2,215,3,13,3,Beam_3_2_3,3203
6959,Beam_3_2_13,18958,0.043796,0.1823,0.023113,2,2,215,3,13,3,Beam_3_2_3,3203
6960,Beam_3_2_13,18906,0.043796,0.1823,0.021983,2,2,215,3,13,3,Beam_3_2_3,3203
6961,Beam_3_2_13,18915,0.055212,0.1823,0.021982,2,2,215,3,13,3,Beam_3_2_3,3203
6962,Beam_3_2_13,18951,0.055212,0.1823,0.023111,2,2,215,3,13,3,Beam_3_2_3,3203
6963,Beam_3_2_13,18900,0.047128,0.18243,0.021914,2,2,215,3,13,3,Beam_3_2_3,3203
6964,Beam_3_2_13,18960,0.047128,0.18243,0.023044,2,2,215,3,13,3,Beam_3_2_3,3203
6965,Beam_3_2_13,18898,0.051893,0.18243,0.021914,2,2,215,3,13,3,Beam_3_2_3,3203
6966,Beam_3_2_13,18966,0.051893,0.18243,0.023044,2,2,215,3,13,3,Beam_3_2_3,3203
6967,Beam_3_2_13,18905,0.041894,0.1828,0.021716,2,2,215,3,13,3,Beam_3_2_3,3203
6968,Beam_3_2_13,18957,0.041894,0.1828,0.02285,2,2,215,3,13,3,Beam_3_2_3,3203
6969,Beam_3_2_13,18916,0.05711,0.1828,0.021715,2,2,215,3,13,3,Beam_3_2_3,3203
6970,Beam_3_2_13,18952,0.05711,0.1828,0.02285,2,2,215,3,13,3,Beam_3_2_3,3203
6971,Beam_3_2_13,18901,0.044755,0.18305,0.021579,2,2,215,3,13,3,Beam_3_2_3,3203
6972,Beam_3_2_13,18961,0.044755,0.18305,0.022716,2,2,215,3,13,3,Beam_3_2_3,3203
6973,Beam_3_2_13,18965,0.054259,0.18305,0.022716,2,2,215,3,13,3,Beam_3_2_3,3203
6974,Beam_3_2_13,18897,0.054259,0.18305,0.021579,2,2,215,3,13,3,Beam_3_2_3,3203
6975,Beam_3_2_13,18902,0.042371,0.18368,0.021234,2,2,215,3,13,3,Beam_3_2_3,3203
6976,Beam_3_2_13,18962,0.042371,0.18368,0.022377,2,2,215,3,13,3,Beam_3_2_3,3203
6977,Beam_3_2_13,18896,0.056636,0.18368,0.021234,2,2,215,3,13,3,Beam_3_2_3,3203
6978,Beam_3_2_13,18964,0.056636,0.18368,0.022377,2,2,215,3,13,3,Beam_3_2_3,3203
6979,Beam_3_2_13,25196,0.04,0.1848,0.021166,2,2,215,3,13,3,Beam_3_2_3,3203
6980,Beam_3_2_13,25199,0.04475,0.1848,0.021166,2,2,215,3,13,3,Beam_3_2_3,3203
6981,Beam_3_2_13,25198,0.0495,0.1848,0.021166,2,2,215,3,13,3,Beam_3_2_3,3203
6982,Beam_3_2_13,25197,0.05425,0.1848,0.021166,2,2,215,3,13,3,Beam_3_2_3,3203
6983,Beam_3_2_13,25195,0.059,0.1848,0.021166,2,2,215,3,13,3,Beam_3_2_3,3203
6984,Beam_3_2_14,17652,0.042384,0.18594,0.021082,2,2,161,3,14,1,Beam_3_2_1,3201
6985,Beam_3_2_14,17624,0.042384,0.18594,0.019914,2,2,161,3,14,1,Beam_3_2_1,3201
6986,Beam_3_2_14,17654,0.056616,0.18594,0.021082,2,2,161,3,14,1,Beam_3_2_1,3201
6987,Beam_3_2_14,17618,0.056616,0.18594,0.019914,2,2,161,3,14,1,Beam_3_2_1,3201
6988,Beam_3_2_14,17651,0.044753,0.18656,0.020706,2,2,161,3,14,1,Beam_3_2_1,3201
6989,Beam_3_2_14,17623,0.044753,0.18656,0.01953,2,2,161,3,14,1,Beam_3_2_1,3201
6990,Beam_3_2_14,17619,0.054247,0.18656,0.01953,2,2,161,3,14,1,Beam_3_2_1,3201
6991,Beam_3_2_14,17655,0.054247,0.18656,0.020706,2,2,161,3,14,1,Beam_3_2_1,3201
6992,Beam_3_2_14,17606,0.041905,0.18681,0.019372,2,2,161,3,14,1,Beam_3_2_1,3201
6993,Beam_3_2_14,17666,0.041905,0.18681,0.020551,2,2,161,3,14,1,Beam_3_2_1,3201
6994,Beam_3_2_14,17632,0.0571,0.18682,0.019364,2,2,161,3,14,1,Beam_3_2_1,3201
6995,Beam_3_2_14,17643,0.0571,0.18682,0.020543,2,2,161,3,14,1,Beam_3_2_1,3201
6996,Beam_3_2_14,17650,0.047134,0.18718,0.020319,2,2,161,3,14,1,Beam_3_2_1,3201
6997,Beam_3_2_14,17622,0.047135,0.18718,0.019135,2,2,161,3,14,1,Beam_3_2_1,3201
6998,Beam_3_2_14,17620,0.051865,0.18718,0.019135,2,2,161,3,14,1,Beam_3_2_1,3201
6999,Beam_3_2_14,17656,0.051866,0.18718,0.020319,2,2,161,3,14,1,Beam_3_2_1,3201
7000,Beam_3_2_14,17605,0.043799,0.18731,0.019055,2,2,161,3,14,1,Beam_3_2_1,3201
7001,Beam_3_2_14,17665,0.043799,0.18731,0.02024,2,2,161,3,14,1,Beam_3_2_1,3201
7002,Beam_3_2_14,17633,0.055209,0.18732,0.019049,2,2,161,3,14,1,Beam_3_2_1,3201
7003,Beam_3_2_14,17644,0.055209,0.18732,0.020234,2,2,161,3,14,1,Beam_3_2_1,3201
7004,Beam_3_2_14,17653,0.0495,0.1878,0.019925,2,2,161,3,14,1,Beam_3_2_1,3201
7005,Beam_3_2_14,17621,0.0495,0.1878,0.018733,2,2,161,3,14,1,Beam_3_2_1,3201
7006,Beam_3_2_14,17604,0.045702,0.18781,0.018731,2,2,161,3,14,1,Beam_3_2_1,3201
7007,Beam_3_2_14,17664,0.045702,0.18781,0.019923,2,2,161,3,14,1,Beam_3_2_1,3201
7008,Beam_3_2_14,17645,0.05331,0.18781,0.019918,2,2,161,3,14,1,Beam_3_2_1,3201
7009,Beam_3_2_14,17634,0.05331,0.18781,0.018726,2,2,161,3,14,1,Beam_3_2_1,3201
7010,Beam_3_2_14,17667,0.047595,0.1883,0.019601,2,2,161,3,14,1,Beam_3_2_1,3201
7011,Beam_3_2_14,17603,0.047595,0.1883,0.018402,2,2,161,3,14,1,Beam_3_2_1,3201
7012,Beam_3_2_14,17626,0.051422,0.18831,0.0184,2,2,161,3,14,1,Beam_3_2_1,3201
7013,Beam_3_2_14,17646,0.051422,0.18831,0.019598,2,2,161,3,14,1,Beam_3_2_1,3201
7014,Beam_3_2_14,17602,0.045689,0.1888,0.018066,2,2,161,3,14,1,Beam_3_2_1,3201
7015,Beam_3_2_14,17670,0.04569,0.1888,0.019271,2,2,161,3,14,1,Beam_3_2_1,3201
7016,Beam_3_2_14,17612,0.049514,0.18881,0.018063,2,2,161,3,14,1,Beam_3_2_1,3201
7017,Beam_3_2_14,17660,0.049514,0.18881,0.019269,2,2,161,3,14,1,Beam_3_2_1,3201
7018,Beam_3_2_14,17647,0.053323,0.18881,0.019269,2,2,161,3,14,1,Beam_3_2_1,3201
7019,Beam_3_2_14,17627,0.053323,0.18881,0.018063,2,2,161,3,14,1,Beam_3_2_1,3201
7020,Beam_3_2_14,17601,0.043795,0.1893,0.017724,2,2,161,3,14,1,Beam_3_2_1,3201
7021,Beam_3_2_14,17669,0.043795,0.1893,0.018937,2,2,161,3,14,1,Beam_3_2_1,3201
7022,Beam_3_2_14,17648,0.055213,0.1893,0.018935,2,2,161,3,14,1,Beam_3_2_1,3201
7023,Beam_3_2_14,17628,0.055213,0.1893,0.017723,2,2,161,3,14,1,Beam_3_2_1,3201
7024,Beam_3_2_14,17613,0.047125,0.18943,0.017633,2,2,161,3,14,1,Beam_3_2_1,3201
7025,Beam_3_2_14,17657,0.047125,0.18943,0.018847,2,2,161,3,14,1,Beam_3_2_1,3201
7026,Beam_3_2_14,17663,0.051896,0.18943,0.018847,2,2,161,3,14,1,Beam_3_2_1,3201
7027,Beam_3_2_14,17611,0.051896,0.18943,0.017633,2,2,161,3,14,1,Beam_3_2_1,3201
7028,Beam_3_2_14,17668,0.041892,0.1898,0.018595,2,2,161,3,14,1,Beam_3_2_1,3201
7029,Beam_3_2_14,17600,0.041892,0.1898,0.017375,2,2,161,3,14,1,Beam_3_2_1,3201
7030,Beam_3_2_14,17649,0.057112,0.1898,0.018594,2,2,161,3,14,1,Beam_3_2_1,3201
7031,Beam_3_2_14,17629,0.057112,0.1898,0.017374,2,2,161,3,14,1,Beam_3_2_1,3201
7032,Beam_3_2_14,17614,0.044754,0.19005,0.017196,2,2,161,3,14,1,Beam_3_2_1,3201
7033,Beam_3_2_14,17658,0.044754,0.19005,0.018419,2,2,161,3,14,1,Beam_3_2_1,3201
7034,Beam_3_2_14,17662,0.05426,0.19005,0.018419,2,2,161,3,14,1,Beam_3_2_1,3201
7035,Beam_3_2_14,17610,0.054261,0.19005,0.017196,2,2,161,3,14,1,Beam_3_2_1,3201
7036,Beam_3_2_14,17659,0.042367,0.19068,0.017978,2,2,161,3,14,1,Beam_3_2_1,3201
7037,Beam_3_2_14,17615,0.042367,0.19068,0.016745,2,2,161,3,14,1,Beam_3_2_1,3201
7038,Beam_3_2_14,17661,0.05664,0.19068,0.017978,2,2,161,3,14,1,Beam_3_2_1,3201
7039,Beam_3_2_14,17609,0.05664,0.19068,0.016745,2,2,161,3,14,1,Beam_3_2_1,3201
7040,Beam_3_2_14,25187,0.04,0.1918,0.016529,2,2,161,3,14,1,Beam_3_2_1,3201
7041,Beam_3_2_14,25190,0.04475,0.1918,0.016529,2,2,161,3,14,1,Beam_3_2_1,3201
7042,Beam_3_2_14,25189,0.0495,0.1918,0.016529,2,2,161,3,14,1,Beam_3_2_1,3201
7043,Beam_3_2_14,25188,0.05425,0.1918,0.016529,2,2,161,3,14,1,Beam_3_2_1,3201
7044,Beam_3_2_14,25186,0.059,0.1918,0.016529,2,2,161,3,14,1,Beam_3_2_1,3201
7045,Beam_3_2_15,16295,0.04159,0.19273,0.016457,2,2,107,3,15,2,Beam_3_2_2,3202
7046,Beam_3_2_15,16281,0.04159,0.19273,0.015189,2,2,107,3,15,2,Beam_3_2_2,3202
7047,Beam_3_2_15,16271,0.05741,0.19273,0.015189,2,2,107,3,15,2,Beam_3_2_2,3202
7048,Beam_3_2_15,16297,0.05741,0.19273,0.016457,2,2,107,3,15,2,Beam_3_2_2,3202
7049,Beam_3_2_15,16294,0.04317,0.19314,0.016135,2,2,107,3,15,2,Beam_3_2_2,3202
7050,Beam_3_2_15,16280,0.043171,0.19314,0.01486,2,2,107,3,15,2,Beam_3_2_2,3202
7051,Beam_3_2_15,16272,0.055829,0.19314,0.01486,2,2,107,3,15,2,Beam_3_2_2,3202
7052,Beam_3_2_15,16298,0.05583,0.19314,0.016135,2,2,107,3,15,2,Beam_3_2_2,3202
7053,Beam_3_2_15,16293,0.044759,0.19356,0.015807,2,2,107,3,15,2,Beam_3_2_2,3202
7054,Beam_3_2_15,16279,0.044759,0.19356,0.014523,2,2,107,3,15,2,Beam_3_2_2,3202
7055,Beam_3_2_15,16273,0.054241,0.19356,0.014523,2,2,107,3,15,2,Beam_3_2_2,3202
7056,Beam_3_2_15,16299,0.054241,0.19356,0.015807,2,2,107,3,15,2,Beam_3_2_2,3202
7057,Beam_3_2_15,16322,0.041907,0.19381,0.015606,2,2,107,3,15,2,Beam_3_2_2,3202
7058,Beam_3_2_15,16246,0.041908,0.19381,0.014317,2,2,107,3,15,2,Beam_3_2_2,3202
7059,Beam_3_2_15,16264,0.057097,0.19382,0.014307,2,2,107,3,15,2,Beam_3_2_2,3202
7060,Beam_3_2_15,16308,0.057097,0.19382,0.015596,2,2,107,3,15,2,Beam_3_2_2,3202
7061,Beam_3_2_15,16278,0.046337,0.19397,0.014183,2,2,107,3,15,2,Beam_3_2_2,3202
7062,Beam_3_2_15,16292,0.046337,0.19397,0.015475,2,2,107,3,15,2,Beam_3_2_2,3202
7063,Beam_3_2_15,16274,0.052663,0.19397,0.014183,2,2,107,3,15,2,Beam_3_2_2,3202
7064,Beam_3_2_15,16300,0.052663,0.19397,0.015475,2,2,107,3,15,2,Beam_3_2_2,3202
7065,Beam_3_2_15,16321,0.0438,0.19431,0.015203,2,2,107,3,15,2,Beam_3_2_2,3202
7066,Beam_3_2_15,16245,0.043801,0.19431,0.013905,2,2,107,3,15,2,Beam_3_2_2,3202
7067,Beam_3_2_15,16263,0.055208,0.19432,0.013897,2,2,107,3,15,2,Beam_3_2_2,3202
7068,Beam_3_2_15,16307,0.055208,0.19432,0.015195,2,2,107,3,15,2,Beam_3_2_2,3202
7069,Beam_3_2_15,16291,0.047924,0.19439,0.015136,2,2,107,3,15,2,Beam_3_2_2,3202
7070,Beam_3_2_15,16277,0.047924,0.19439,0.013836,2,2,107,3,15,2,Beam_3_2_2,3202
7071,Beam_3_2_15,16275,0.051076,0.19439,0.013836,2,2,107,3,15,2,Beam_3_2_2,3202
7072,Beam_3_2_15,16301,0.051076,0.19439,0.015136,2,2,107,3,15,2,Beam_3_2_2,3202
7073,Beam_3_2_15,16296,0.0495,0.1948,0.014794,2,2,107,3,15,2,Beam_3_2_2,3202
7074,Beam_3_2_15,16276,0.0495,0.1948,0.013486,2,2,107,3,15,2,Beam_3_2_2,3202
7075,Beam_3_2_15,16244,0.045705,0.19481,0.013482,2,2,107,3,15,2,Beam_3_2_2,3202
7076,Beam_3_2_15,16320,0.045705,0.19481,0.01479,2,2,107,3,15,2,Beam_3_2_2,3202
7077,Beam_3_2_15,16262,0.053307,0.19481,0.013476,2,2,107,3,15,2,Beam_3_2_2,3202
7078,Beam_3_2_15,16306,0.053307,0.19481,0.014785,2,2,107,3,15,2,Beam_3_2_2,3202
7079,Beam_3_2_15,16243,0.047595,0.1953,0.013055,2,2,107,3,15,2,Beam_3_2_2,3202
7080,Beam_3_2_15,16323,0.047595,0.1953,0.014373,2,2,107,3,15,2,Beam_3_2_2,3202
7081,Beam_3_2_15,16261,0.051422,0.19531,0.013051,2,2,107,3,15,2,Beam_3_2_2,3202
7082,Beam_3_2_15,16305,0.051422,0.19531,0.01437,2,2,107,3,15,2,Beam_3_2_2,3202
7083,Beam_3_2_15,16242,0.045686,0.1958,0.012614,2,2,107,3,15,2,Beam_3_2_2,3202
7084,Beam_3_2_15,16326,0.045686,0.1958,0.013944,2,2,107,3,15,2,Beam_3_2_2,3202
7085,Beam_3_2_15,16314,0.049514,0.19581,0.013942,2,2,107,3,15,2,Beam_3_2_2,3202
7086,Beam_3_2_15,16254,0.049514,0.19581,0.012612,2,2,107,3,15,2,Beam_3_2_2,3202
7087,Beam_3_2_15,16304,0.053326,0.19581,0.013941,2,2,107,3,15,2,Beam_3_2_2,3202
7088,Beam_3_2_15,16269,0.053326,0.19581,0.012611,2,2,107,3,15,2,Beam_3_2_2,3202
7089,Beam_3_2_15,16309,0.04792,0.19622,0.013578,2,2,107,3,15,2,Beam_3_2_2,3202
7090,Beam_3_2_15,16255,0.04792,0.19622,0.012239,2,2,107,3,15,2,Beam_3_2_2,3202
7091,Beam_3_2_15,16319,0.051103,0.19622,0.013578,2,2,107,3,15,2,Beam_3_2_2,3202
7092,Beam_3_2_15,16253,0.051104,0.19622,0.012239,2,2,107,3,15,2,Beam_3_2_2,3202
7093,Beam_3_2_15,16325,0.043794,0.1963,0.01351,2,2,107,3,15,2,Beam_3_2_2,3202
7094,Beam_3_2_15,16241,0.043794,0.1963,0.012169,2,2,107,3,15,2,Beam_3_2_2,3202
7095,Beam_3_2_15,16303,0.055214,0.1963,0.013508,2,2,107,3,15,2,Beam_3_2_2,3202
7096,Beam_3_2_15,16268,0.055215,0.1963,0.012167,2,2,107,3,15,2,Beam_3_2_2,3202
7097,Beam_3_2_15,16256,0.046337,0.19664,0.011862,2,2,107,3,15,2,Beam_3_2_2,3202
7098,Beam_3_2_15,16310,0.046338,0.19664,0.013211,2,2,107,3,15,2,Beam_3_2_2,3202
7099,Beam_3_2_15,16318,0.052681,0.19664,0.013211,2,2,107,3,15,2,Beam_3_2_2,3202
7100,Beam_3_2_15,16252,0.052682,0.19664,0.011862,2,2,107,3,15,2,Beam_3_2_2,3202
7101,Beam_3_2_15,16324,0.041888,0.1968,0.013065,2,2,107,3,15,2,Beam_3_2_2,3202
7102,Beam_3_2_15,16240,0.041888,0.1968,0.011712,2,2,107,3,15,2,Beam_3_2_2,3202
7103,Beam_3_2_15,16302,0.057116,0.1968,0.013064,2,2,107,3,15,2,Beam_3_2_2,3202
7104,Beam_3_2_15,16267,0.057116,0.1968,0.011711,2,2,107,3,15,2,Beam_3_2_2,3202
7105,Beam_3_2_15,16257,0.044745,0.19705,0.011477,2,2,107,3,15,2,Beam_3_2_2,3202
7106,Beam_3_2_15,16311,0.044746,0.19705,0.012836,2,2,107,3,15,2,Beam_3_2_2,3202
7107,Beam_3_2_15,16317,0.054268,0.19705,0.012836,2,2,107,3,15,2,Beam_3_2_2,3202
7108,Beam_3_2_15,16251,0.054269,0.19705,0.011477,2,2,107,3,15,2,Beam_3_2_2,3202
7109,Beam_3_2_15,16258,0.043166,0.19747,0.011088,2,2,107,3,15,2,Beam_3_2_2,3202
7110,Beam_3_2_15,16312,0.043166,0.19747,0.012457,2,2,107,3,15,2,Beam_3_2_2,3202
7111,Beam_3_2_15,16316,0.055843,0.19747,0.012457,2,2,107,3,15,2,Beam_3_2_2,3202
7112,Beam_3_2_15,16250,0.055844,0.19747,0.011088,2,2,107,3,15,2,Beam_3_2_2,3202
7113,Beam_3_2_15,16313,0.041577,0.19788,0.01207,2,2,107,3,15,2,Beam_3_2_2,3202
7114,Beam_3_2_15,16259,0.041577,0.19788,0.010691,2,2,107,3,15,2,Beam_3_2_2,3202
7115,Beam_3_2_15,16315,0.057428,0.19788,0.01207,2,2,107,3,15,2,Beam_3_2_2,3202
7116,Beam_3_2_15,16249,0.057428,0.19788,0.010691,2,2,107,3,15,2,Beam_3_2_2,3202
7117,Beam_3_2_15,25097,0.04,0.19899,0.010367,2,2,107,3,15,2,Beam_3_2_2,3202
7118,Beam_3_2_15,25100,0.04475,0.19899,0.010367,2,2,107,3,15,2,Beam_3_2_2,3202
7119,Beam_3_2_15,25099,0.0495,0.19899,0.010367,2,2,107,3,15,2,Beam_3_2_2,3202
7120,Beam_3_2_15,25098,0.05425,0.19899,0.010367,2,2,107,3,15,2,Beam_3_2_2,3202
7121,Beam_3_2_15,25096,0.059,0.19899,0.010367,2,2,107,3,15,2,Beam_3_2_2,3202
7122,Beam_3_3_2,25106,0.04,0.20081,0.010193,3,3,15,3,2,15,Beam_3_3_15,3315
7123,Beam_3_3_2,25109,0.04475,0.20081,0.010193,3,3,15,3,2,15,Beam_3_3_15,3315
7124,Beam_3_3_2,25108,0.0495,0.20081,0.010193,3,3,15,3,2,15,Beam_3_3_15,3315
7125,Beam_3_3_2,25107,0.05425,0.20081,0.010193,3,3,15,3,2,15,Beam_3_3_15,3315
7126,Beam_3_3_2,25105,0.059,0.20081,0.010193,3,3,15,3,2,15,Beam_3_3_15,3315
7127,Beam_3_3_1,15788,0.041574,0.20172,0.011699,3,3,89,3,1,14,Beam_3_3_14,3314
7128,Beam_3_3_1,15731,0.041574,0.20172,0.010308,3,3,89,3,1,14,Beam_3_3_14,3314
7129,Beam_3_3_1,15777,0.057426,0.20172,0.011699,3,3,89,3,1,14,Beam_3_3_14,3314
7130,Beam_3_3_1,15732,0.057426,0.20172,0.010308,3,3,89,3,1,14,Beam_3_3_14,3314
7131,Beam_3_3_1,15787,0.043161,0.20214,0.012092,3,3,89,3,1,14,Beam_3_3_14,3314
7132,Beam_3_3_1,15730,0.043161,0.20214,0.010713,3,3,89,3,1,14,Beam_3_3_14,3314
7133,Beam_3_3_1,15733,0.055839,0.20214,0.010713,3,3,89,3,1,14,Beam_3_3_14,3314
7134,Beam_3_3_1,15778,0.055839,0.20214,0.012092,3,3,89,3,1,14,Beam_3_3_14,3314
7135,Beam_3_3_1,15729,0.044738,0.20255,0.011108,3,3,89,3,1,14,Beam_3_3_14,3314
7136,Beam_3_3_1,15786,0.044738,0.20255,0.012477,3,3,89,3,1,14,Beam_3_3_14,3314
7137,Beam_3_3_1,15734,0.054262,0.20255,0.011108,3,3,89,3,1,14,Beam_3_3_14,3314
7138,Beam_3_3_1,15779,0.054262,0.20255,0.012477,3,3,89,3,1,14,Beam_3_3_14,3314
7139,Beam_3_3_1,15762,0.041888,0.20281,0.012708,3,3,89,3,1,14,Beam_3_3_14,3314
7140,Beam_3_3_1,15751,0.041888,0.20281,0.011346,3,3,89,3,1,14,Beam_3_3_14,3314
7141,Beam_3_3_1,15719,0.057116,0.20282,0.011357,3,3,89,3,1,14,Beam_3_3_14,3314
7142,Beam_3_3_1,15795,0.057116,0.20282,0.012719,3,3,89,3,1,14,Beam_3_3_14,3314
7143,Beam_3_3_1,15785,0.046328,0.20297,0.012858,3,3,89,3,1,14,Beam_3_3_14,3314
7144,Beam_3_3_1,15728,0.046328,0.20297,0.0115,3,3,89,3,1,14,Beam_3_3_14,3314
7145,Beam_3_3_1,15780,0.052672,0.20297,0.012858,3,3,89,3,1,14,Beam_3_3_14,3314
7146,Beam_3_3_1,15735,0.052672,0.20297,0.0115,3,3,89,3,1,14,Beam_3_3_14,3314
7147,Beam_3_3_1,15761,0.043794,0.20331,0.01316,3,3,89,3,1,14,Beam_3_3_14,3314
7148,Beam_3_3_1,15750,0.043794,0.20331,0.01181,3,3,89,3,1,14,Beam_3_3_14,3314
7149,Beam_3_3_1,15720,0.055215,0.20332,0.011819,3,3,89,3,1,14,Beam_3_3_14,3314
7150,Beam_3_3_1,15796,0.055215,0.20332,0.013169,3,3,89,3,1,14,Beam_3_3_14,3314
7151,Beam_3_3_1,15784,0.047908,0.20339,0.013232,3,3,89,3,1,14,Beam_3_3_14,3314
7152,Beam_3_3_1,15727,0.047908,0.20339,0.011883,3,3,89,3,1,14,Beam_3_3_14,3314
7153,Beam_3_3_1,15781,0.051092,0.20339,0.013232,3,3,89,3,1,14,Beam_3_3_14,3314
7154,Beam_3_3_1,15736,0.051092,0.20339,0.011883,3,3,89,3,1,14,Beam_3_3_14,3314
7155,Beam_3_3_1,15749,0.045686,0.2038,0.012262,3,3,89,3,1,14,Beam_3_3_14,3314
7156,Beam_3_3_1,15760,0.045686,0.2038,0.013601,3,3,89,3,1,14,Beam_3_3_14,3314
7157,Beam_3_3_1,15783,0.0495,0.2038,0.013602,3,3,89,3,1,14,Beam_3_3_14,3314
7158,Beam_3_3_1,15726,0.0495,0.2038,0.012263,3,3,89,3,1,14,Beam_3_3_14,3314
7159,Beam_3_3_1,15797,0.053326,0.20381,0.013607,3,3,89,3,1,14,Beam_3_3_14,3314
7160,Beam_3_3_1,15721,0.053327,0.20381,0.012268,3,3,89,3,1,14,Beam_3_3_14,3314
7161,Beam_3_3_1,15748,0.047595,0.2043,0.012709,3,3,89,3,1,14,Beam_3_3_14,3314
7162,Beam_3_3_1,15759,0.047595,0.2043,0.014037,3,3,89,3,1,14,Beam_3_3_14,3314
7163,Beam_3_3_1,15794,0.051422,0.20431,0.01404,3,3,89,3,1,14,Beam_3_3_14,3314
7164,Beam_3_3_1,15722,0.051422,0.20431,0.012713,3,3,89,3,1,14,Beam_3_3_14,3314
7165,Beam_3_3_1,15757,0.045705,0.2048,0.01446,3,3,89,3,1,14,Beam_3_3_14,3314
7166,Beam_3_3_1,15754,0.045706,0.2048,0.013143,3,3,89,3,1,14,Beam_3_3_14,3314
7167,Beam_3_3_1,15723,0.053307,0.2048,0.013146,3,3,89,3,1,14,Beam_3_3_14,3314
7168,Beam_3_3_1,15790,0.053307,0.2048,0.014463,3,3,89,3,1,14,Beam_3_3_14,3314
7169,Beam_3_3_1,15770,0.049514,0.20481,0.014466,3,3,89,3,1,14,Beam_3_3_14,3314
7170,Beam_3_3_1,15737,0.049514,0.20481,0.01315,3,3,89,3,1,14,Beam_3_3_14,3314
7171,Beam_3_3_1,15738,0.047936,0.20522,0.013505,3,3,89,3,1,14,Beam_3_3_14,3314
7172,Beam_3_3_1,15771,0.047936,0.20522,0.014813,3,3,89,3,1,14,Beam_3_3_14,3314
7173,Beam_3_3_1,15768,0.051088,0.20522,0.014813,3,3,89,3,1,14,Beam_3_3_14,3314
7174,Beam_3_3_1,15747,0.051088,0.20522,0.013505,3,3,89,3,1,14,Beam_3_3_14,3314
7175,Beam_3_3_1,15756,0.0438,0.2053,0.014879,3,3,89,3,1,14,Beam_3_3_14,3314
7176,Beam_3_3_1,15753,0.043801,0.2053,0.013573,3,3,89,3,1,14,Beam_3_3_14,3314
7177,Beam_3_3_1,15724,0.055208,0.2053,0.013575,3,3,89,3,1,14,Beam_3_3_14,3314
7178,Beam_3_3_1,15791,0.055208,0.2053,0.014881,3,3,89,3,1,14,Beam_3_3_14,3314
7179,Beam_3_3_1,15772,0.046347,0.20564,0.015156,3,3,89,3,1,14,Beam_3_3_14,3314
7180,Beam_3_3_1,15739,0.046347,0.20564,0.013857,3,3,89,3,1,14,Beam_3_3_14,3314
7181,Beam_3_3_1,15746,0.052672,0.20564,0.013857,3,3,89,3,1,14,Beam_3_3_14,3314
7182,Beam_3_3_1,15767,0.052672,0.20564,0.015156,3,3,89,3,1,14,Beam_3_3_14,3314
7183,Beam_3_3_1,15755,0.041908,0.2058,0.015287,3,3,89,3,1,14,Beam_3_3_14,3314
7184,Beam_3_3_1,15752,0.041908,0.2058,0.013991,3,3,89,3,1,14,Beam_3_3_14,3314
7185,Beam_3_3_1,15725,0.057096,0.2058,0.013992,3,3,89,3,1,14,Beam_3_3_14,3314
7186,Beam_3_3_1,15792,0.057097,0.2058,0.015288,3,3,89,3,1,14,Beam_3_3_14,3314
7187,Beam_3_3_1,15740,0.044766,0.20605,0.014202,3,3,89,3,1,14,Beam_3_3_14,3314
7188,Beam_3_3_1,15773,0.044766,0.20605,0.015493,3,3,89,3,1,14,Beam_3_3_14,3314
7189,Beam_3_3_1,15766,0.054248,0.20605,0.015493,3,3,89,3,1,14,Beam_3_3_14,3314
7190,Beam_3_3_1,15745,0.054248,0.20605,0.014202,3,3,89,3,1,14,Beam_3_3_14,3314
7191,Beam_3_3_1,15774,0.043175,0.20647,0.015826,3,3,89,3,1,14,Beam_3_3_14,3314
7192,Beam_3_3_1,15741,0.043176,0.20647,0.014543,3,3,89,3,1,14,Beam_3_3_14,3314
7193,Beam_3_3_1,15765,0.055834,0.20647,0.015826,3,3,89,3,1,14,Beam_3_3_14,3314
7194,Beam_3_3_1,15744,0.055834,0.20647,0.014543,3,3,89,3,1,14,Beam_3_3_14,3314
7195,Beam_3_3_1,15775,0.041593,0.20688,0.016152,3,3,89,3,1,14,Beam_3_3_14,3314
7196,Beam_3_3_1,15742,0.041593,0.20688,0.014877,3,3,89,3,1,14,Beam_3_3_14,3314
7197,Beam_3_3_1,15764,0.057412,0.20688,0.016152,3,3,89,3,1,14,Beam_3_3_14,3314
7198,Beam_3_3_1,15743,0.057412,0.20688,0.014877,3,3,89,3,1,14,Beam_3_3_14,3314
7199,Beam_3_3_1,25205,0.04,0.2078,0.016231,3,3,89,3,1,14,Beam_3_3_14,3314
7200,Beam_3_3_1,25208,0.04475,0.2078,0.016231,3,3,89,3,1,14,Beam_3_3_14,3314
7201,Beam_3_3_1,25207,0.0495,0.2078,0.016231,3,3,89,3,1,14,Beam_3_3_14,3314
7202,Beam_3_3_1,25206,0.05425,0.2078,0.016231,3,3,89,3,1,14,Beam_3_3_14,3314
7203,Beam_3_3_1,25204,0.059,0.2078,0.016231,3,3,89,3,1,14,Beam_3_3_14,3314
7204,Beam_3_3_3,17212,0.042363,0.20893,0.017696,3,3,143,3,3,13,Beam_3_3_13,3313
7205,Beam_3_3_3,17199,0.042363,0.20893,0.016456,3,3,143,3,3,13,Beam_3_3_13,3313
7206,Beam_3_3_3,17200,0.056637,0.20893,0.016456,3,3,143,3,3,13,Beam_3_3_13,3313
7207,Beam_3_3_3,17205,0.056637,0.20893,0.017696,3,3,143,3,3,13,Beam_3_3_13,3313
7208,Beam_3_3_3,17198,0.044746,0.20956,0.016914,3,3,143,3,3,13,Beam_3_3_13,3313
7209,Beam_3_3_3,17211,0.044747,0.20956,0.018144,3,3,143,3,3,13,Beam_3_3_13,3313
7210,Beam_3_3_3,17206,0.054253,0.20956,0.018144,3,3,143,3,3,13,Beam_3_3_13,3313
7211,Beam_3_3_3,17201,0.054254,0.20956,0.016914,3,3,143,3,3,13,Beam_3_3_13,3313
7212,Beam_3_3_3,17192,0.041892,0.20981,0.017095,3,3,143,3,3,13,Beam_3_3_13,3313
7213,Beam_3_3_3,17221,0.041892,0.20981,0.01832,3,3,143,3,3,13,Beam_3_3_13,3313
7214,Beam_3_3_3,17235,0.057112,0.20982,0.018329,3,3,143,3,3,13,Beam_3_3_13,3313
7215,Beam_3_3_3,17173,0.057113,0.20982,0.017103,3,3,143,3,3,13,Beam_3_3_13,3313
7216,Beam_3_3_3,17210,0.047114,0.21018,0.018579,3,3,143,3,3,13,Beam_3_3_13,3313
7217,Beam_3_3_3,17197,0.047114,0.21018,0.017358,3,3,143,3,3,13,Beam_3_3_13,3313
7218,Beam_3_3_3,17207,0.051886,0.21018,0.018579,3,3,143,3,3,13,Beam_3_3_13,3313
7219,Beam_3_3_3,17202,0.051886,0.21018,0.017358,3,3,143,3,3,13,Beam_3_3_13,3313
7220,Beam_3_3_3,17191,0.043795,0.21031,0.017449,3,3,143,3,3,13,Beam_3_3_13,3313
7221,Beam_3_3_3,17220,0.043795,0.21031,0.018668,3,3,143,3,3,13,Beam_3_3_13,3313
7222,Beam_3_3_3,17174,0.055213,0.21032,0.017456,3,3,143,3,3,13,Beam_3_3_13,3313
7223,Beam_3_3_3,17236,0.055213,0.21032,0.018674,3,3,143,3,3,13,Beam_3_3_13,3313
7224,Beam_3_3_3,17219,0.045689,0.2108,0.019007,3,3,143,3,3,13,Beam_3_3_13,3313
7225,Beam_3_3_3,17190,0.045689,0.2108,0.017796,3,3,143,3,3,13,Beam_3_3_13,3313
7226,Beam_3_3_3,17209,0.0495,0.2108,0.019007,3,3,143,3,3,13,Beam_3_3_13,3313
7227,Beam_3_3_3,17196,0.0495,0.2108,0.017796,3,3,143,3,3,13,Beam_3_3_13,3313
7228,Beam_3_3_3,17175,0.053323,0.21081,0.017801,3,3,143,3,3,13,Beam_3_3_13,3313
7229,Beam_3_3_3,17237,0.053323,0.21081,0.019011,3,3,143,3,3,13,Beam_3_3_13,3313
7230,Beam_3_3_3,17218,0.047595,0.2113,0.019342,3,3,143,3,3,13,Beam_3_3_13,3313
7231,Beam_3_3_3,17189,0.047595,0.2113,0.018138,3,3,143,3,3,13,Beam_3_3_13,3313
7232,Beam_3_3_3,17176,0.051422,0.21131,0.018141,3,3,143,3,3,13,Beam_3_3_13,3313
7233,Beam_3_3_3,17234,0.051422,0.21131,0.019345,3,3,143,3,3,13,Beam_3_3_13,3313
7234,Beam_3_3_3,17216,0.045703,0.2118,0.019668,3,3,143,3,3,13,Beam_3_3_13,3313
7235,Beam_3_3_3,17195,0.045703,0.2118,0.018471,3,3,143,3,3,13,Beam_3_3_13,3313
7236,Beam_3_3_3,17177,0.05331,0.2118,0.018473,3,3,143,3,3,13,Beam_3_3_13,3313
7237,Beam_3_3_3,17231,0.05331,0.2118,0.01967,3,3,143,3,3,13,Beam_3_3_13,3313
7238,Beam_3_3_3,17181,0.049514,0.21181,0.018476,3,3,143,3,3,13,Beam_3_3_13,3313
7239,Beam_3_3_3,17226,0.049514,0.21181,0.019673,3,3,143,3,3,13,Beam_3_3_13,3313
7240,Beam_3_3_3,17194,0.043799,0.2123,0.0188,3,3,143,3,3,13,Beam_3_3_13,3313
7241,Beam_3_3_3,17215,0.043799,0.2123,0.01999,3,3,143,3,3,13,Beam_3_3_13,3313
7242,Beam_3_3_3,17232,0.055209,0.2123,0.019992,3,3,143,3,3,13,Beam_3_3_13,3313
7243,Beam_3_3_3,17178,0.055209,0.2123,0.018801,3,3,143,3,3,13,Beam_3_3_13,3313
7244,Beam_3_3_3,17227,0.047145,0.21243,0.020072,3,3,143,3,3,13,Beam_3_3_13,3313
7245,Beam_3_3_3,17182,0.047145,0.21243,0.018883,3,3,143,3,3,13,Beam_3_3_13,3313
7246,Beam_3_3_3,17225,0.051876,0.21243,0.020072,3,3,143,3,3,13,Beam_3_3_13,3313
7247,Beam_3_3_3,17188,0.051876,0.21243,0.018883,3,3,143,3,3,13,Beam_3_3_13,3313
7248,Beam_3_3_3,17193,0.041905,0.2128,0.019121,3,3,143,3,3,13,Beam_3_3_13,3313
7249,Beam_3_3_3,17214,0.041905,0.2128,0.020305,3,3,143,3,3,13,Beam_3_3_13,3313
7250,Beam_3_3_3,17233,0.057099,0.2128,0.020306,3,3,143,3,3,13,Beam_3_3_13,3313
7251,Beam_3_3_3,17179,0.057099,0.2128,0.019122,3,3,143,3,3,13,Beam_3_3_13,3313
7252,Beam_3_3_3,17183,0.04476,0.21305,0.019283,3,3,143,3,3,13,Beam_3_3_13,3313
7253,Beam_3_3_3,17228,0.04476,0.21305,0.020464,3,3,143,3,3,13,Beam_3_3_13,3313
7254,Beam_3_3_3,17224,0.054254,0.21305,0.020464,3,3,143,3,3,13,Beam_3_3_13,3313
7255,Beam_3_3_3,17187,0.054254,0.21305,0.019283,3,3,143,3,3,13,Beam_3_3_13,3313
7256,Beam_3_3_3,17229,0.042388,0.21367,0.020845,3,3,143,3,3,13,Beam_3_3_13,3313
7257,Beam_3_3_3,17184,0.042388,0.21367,0.019672,3,3,143,3,3,13,Beam_3_3_13,3313
7258,Beam_3_3_3,17186,0.056619,0.21367,0.019672,3,3,143,3,3,13,Beam_3_3_13,3313
7259,Beam_3_3_3,17223,0.056619,0.21367,0.020845,3,3,143,3,3,13,Beam_3_3_13,3313
7260,Beam_3_3_3,25376,0.04,0.2148,0.020937,3,3,143,3,3,13,Beam_3_3_13,3313
7261,Beam_3_3_3,25379,0.04475,0.2148,0.020937,3,3,143,3,3,13,Beam_3_3_13,3313
7262,Beam_3_3_3,25378,0.0495,0.2148,0.020937,3,3,143,3,3,13,Beam_3_3_13,3313
7263,Beam_3_3_3,25377,0.05425,0.2148,0.020937,3,3,143,3,3,13,Beam_3_3_13,3313
7264,Beam_3_3_3,25375,0.059,0.2148,0.020937,3,3,143,3,3,13,Beam_3_3_13,3313
7265,Beam_3_3_4,18506,0.042367,0.21593,0.02216,3,3,197,3,4,12,Beam_3_3_12,3312
7266,Beam_3_3_4,18495,0.042367,0.21593,0.021013,3,3,197,3,4,12,Beam_3_3_12,3312
7267,Beam_3_3_4,18499,0.056633,0.21593,0.02216,3,3,197,3,4,12,Beam_3_3_12,3312
7268,Beam_3_3_4,18496,0.056633,0.21593,0.021013,3,3,197,3,4,12,Beam_3_3_12,3312
7269,Beam_3_3_4,18494,0.044748,0.21656,0.021363,3,3,197,3,4,12,Beam_3_3_12,3312
7270,Beam_3_3_4,18505,0.044748,0.21656,0.022504,3,3,197,3,4,12,Beam_3_3_12,3312
7271,Beam_3_3_4,18500,0.054252,0.21656,0.022504,3,3,197,3,4,12,Beam_3_3_12,3312
7272,Beam_3_3_4,18497,0.054252,0.21656,0.021363,3,3,197,3,4,12,Beam_3_3_12,3312
7273,Beam_3_3_4,18515,0.041894,0.21681,0.02264,3,3,197,3,4,12,Beam_3_3_12,3312
7274,Beam_3_3_4,18488,0.041894,0.21681,0.021502,3,3,197,3,4,12,Beam_3_3_12,3312
7275,Beam_3_3_4,18471,0.05711,0.21682,0.021508,3,3,197,3,4,12,Beam_3_3_12,3312
7276,Beam_3_3_4,18531,0.05711,0.21682,0.022646,3,3,197,3,4,12,Beam_3_3_12,3312
7277,Beam_3_3_4,18493,0.047117,0.21718,0.021704,3,3,197,3,4,12,Beam_3_3_12,3312
7278,Beam_3_3_4,18504,0.047117,0.21718,0.022838,3,3,197,3,4,12,Beam_3_3_12,3312
7279,Beam_3_3_4,18501,0.051883,0.21718,0.022838,3,3,197,3,4,12,Beam_3_3_12,3312
7280,Beam_3_3_4,18498,0.051883,0.21718,0.021704,3,3,197,3,4,12,Beam_3_3_12,3312
7281,Beam_3_3_4,18487,0.043796,0.21731,0.021773,3,3,197,3,4,12,Beam_3_3_12,3312
7282,Beam_3_3_4,18514,0.043796,0.21731,0.022906,3,3,197,3,4,12,Beam_3_3_12,3312
7283,Beam_3_3_4,18472,0.055212,0.21732,0.021778,3,3,197,3,4,12,Beam_3_3_12,3312
7284,Beam_3_3_4,18532,0.055212,0.21732,0.022911,3,3,197,3,4,12,Beam_3_3_12,3312
7285,Beam_3_3_4,18513,0.045691,0.2178,0.023166,3,3,197,3,4,12,Beam_3_3_12,3312
7286,Beam_3_3_4,18486,0.045691,0.2178,0.022038,3,3,197,3,4,12,Beam_3_3_12,3312
7287,Beam_3_3_4,18492,0.0495,0.2178,0.022038,3,3,197,3,4,12,Beam_3_3_12,3312
7288,Beam_3_3_4,18503,0.0495,0.2178,0.023166,3,3,197,3,4,12,Beam_3_3_12,3312
7289,Beam_3_3_4,18533,0.053321,0.21781,0.02317,3,3,197,3,4,12,Beam_3_3_12,3312
7290,Beam_3_3_4,18473,0.053321,0.21781,0.022042,3,3,197,3,4,12,Beam_3_3_12,3312
7291,Beam_3_3_4,18512,0.047595,0.2183,0.023423,3,3,197,3,4,12,Beam_3_3_12,3312
7292,Beam_3_3_4,18485,0.047595,0.2183,0.022299,3,3,197,3,4,12,Beam_3_3_12,3312
7293,Beam_3_3_4,18474,0.051422,0.21831,0.022301,3,3,197,3,4,12,Beam_3_3_12,3312
7294,Beam_3_3_4,18530,0.051422,0.21831,0.023425,3,3,197,3,4,12,Beam_3_3_12,3312
7295,Beam_3_3_4,18491,0.045701,0.2188,0.022553,3,3,197,3,4,12,Beam_3_3_12,3312
7296,Beam_3_3_4,18510,0.045701,0.2188,0.023673,3,3,197,3,4,12,Beam_3_3_12,3312
7297,Beam_3_3_4,18526,0.053312,0.2188,0.023674,3,3,197,3,4,12,Beam_3_3_12,3312
7298,Beam_3_3_4,18475,0.053312,0.2188,0.022555,3,3,197,3,4,12,Beam_3_3_12,3312
7299,Beam_3_3_4,18521,0.049514,0.21881,0.023676,3,3,197,3,4,12,Beam_3_3_12,3312
7300,Beam_3_3_4,18478,0.049514,0.21881,0.022557,3,3,197,3,4,12,Beam_3_3_12,3312
7301,Beam_3_3_4,18509,0.043799,0.2193,0.023919,3,3,197,3,4,12,Beam_3_3_12,3312
7302,Beam_3_3_4,18490,0.043799,0.2193,0.022804,3,3,197,3,4,12,Beam_3_3_12,3312
7303,Beam_3_3_4,18476,0.05521,0.2193,0.022805,3,3,197,3,4,12,Beam_3_3_12,3312
7304,Beam_3_3_4,18527,0.05521,0.2193,0.02392,3,3,197,3,4,12,Beam_3_3_12,3312
7305,Beam_3_3_4,18522,0.047142,0.21943,0.023981,3,3,197,3,4,12,Beam_3_3_12,3312
7306,Beam_3_3_4,18479,0.047142,0.21943,0.022867,3,3,197,3,4,12,Beam_3_3_12,3312
7307,Beam_3_3_4,18519,0.051879,0.21943,0.023981,3,3,197,3,4,12,Beam_3_3_12,3312
7308,Beam_3_3_4,18484,0.051879,0.21943,0.022867,3,3,197,3,4,12,Beam_3_3_12,3312
7309,Beam_3_3_4,18508,0.041903,0.2198,0.024159,3,3,197,3,4,12,Beam_3_3_12,3312
7310,Beam_3_3_4,18489,0.041903,0.2198,0.023049,3,3,197,3,4,12,Beam_3_3_12,3312
7311,Beam_3_3_4,18528,0.057101,0.2198,0.02416,3,3,197,3,4,12,Beam_3_3_12,3312
7312,Beam_3_3_4,18477,0.057101,0.2198,0.023049,3,3,197,3,4,12,Beam_3_3_12,3312
7313,Beam_3_3_4,18523,0.044759,0.22005,0.02428,3,3,197,3,4,12,Beam_3_3_12,3312
7314,Beam_3_3_4,18480,0.044759,0.22005,0.023172,3,3,197,3,4,12,Beam_3_3_12,3312
7315,Beam_3_3_4,18483,0.054255,0.22005,0.023172,3,3,197,3,4,12,Beam_3_3_12,3312
7316,Beam_3_3_4,18518,0.054255,0.22005,0.02428,3,3,197,3,4,12,Beam_3_3_12,3312
7317,Beam_3_3_4,18524,0.042385,0.22067,0.02457,3,3,197,3,4,12,Beam_3_3_12,3312
7318,Beam_3_3_4,18481,0.042385,0.22067,0.023467,3,3,197,3,4,12,Beam_3_3_12,3312
7319,Beam_3_3_4,18482,0.056622,0.22067,0.023467,3,3,197,3,4,12,Beam_3_3_12,3312
7320,Beam_3_3_4,18517,0.056622,0.22067,0.02457,3,3,197,3,4,12,Beam_3_3_12,3312
7321,Beam_3_3_4,25385,0.04,0.2218,0.024532,3,3,197,3,4,12,Beam_3_3_12,3312
7322,Beam_3_3_4,25388,0.04475,0.2218,0.024532,3,3,197,3,4,12,Beam_3_3_12,3312
7323,Beam_3_3_4,25387,0.0495,0.2218,0.024532,3,3,197,3,4,12,Beam_3_3_12,3312
7324,Beam_3_3_4,25386,0.05425,0.2218,0.024532,3,3,197,3,4,12,Beam_3_3_12,3312
7325,Beam_3_3_4,25384,0.059,0.2218,0.024532,3,3,197,3,4,12,Beam_3_3_12,3312
7326,Beam_3_3_5,19789,0.042369,0.22293,0.024479,3,3,251,3,5,11,Beam_3_3_11,3311
7327,Beam_3_3_5,19809,0.042369,0.22293,0.025565,3,3,251,3,5,11,Beam_3_3_11,3311
7328,Beam_3_3_5,19803,0.056631,0.22293,0.025565,3,3,251,3,5,11,Beam_3_3_11,3311
7329,Beam_3_3_5,19792,0.056631,0.22293,0.024479,3,3,251,3,5,11,Beam_3_3_11,3311
7330,Beam_3_3_5,19788,0.044749,0.22356,0.024742,3,3,251,3,5,11,Beam_3_3_11,3311
7331,Beam_3_3_5,19808,0.044749,0.22356,0.025823,3,3,251,3,5,11,Beam_3_3_11,3311
7332,Beam_3_3_5,19793,0.054251,0.22356,0.024742,3,3,251,3,5,11,Beam_3_3_11,3311
7333,Beam_3_3_5,19804,0.054251,0.22356,0.025823,3,3,251,3,5,11,Beam_3_3_11,3311
7334,Beam_3_3_5,19780,0.041895,0.22381,0.024845,3,3,251,3,5,11,Beam_3_3_11,3311
7335,Beam_3_3_5,19816,0.041895,0.22381,0.025925,3,3,251,3,5,11,Beam_3_3_11,3311
7336,Beam_3_3_5,19760,0.057109,0.22382,0.02485,3,3,251,3,5,11,Beam_3_3_11,3311
7337,Beam_3_3_5,19828,0.057109,0.22382,0.02593,3,3,251,3,5,11,Beam_3_3_11,3311
7338,Beam_3_3_5,19807,0.04712,0.22418,0.026074,3,3,251,3,5,11,Beam_3_3_11,3311
7339,Beam_3_3_5,19787,0.04712,0.22418,0.024996,3,3,251,3,5,11,Beam_3_3_11,3311
7340,Beam_3_3_5,19794,0.05188,0.22418,0.024996,3,3,251,3,5,11,Beam_3_3_11,3311
7341,Beam_3_3_5,19805,0.05188,0.22418,0.026074,3,3,251,3,5,11,Beam_3_3_11,3311
7342,Beam_3_3_5,19815,0.043797,0.22431,0.026124,3,3,251,3,5,11,Beam_3_3_11,3311
7343,Beam_3_3_5,19779,0.043797,0.22431,0.025048,3,3,251,3,5,11,Beam_3_3_11,3311
7344,Beam_3_3_5,19829,0.055212,0.22432,0.026128,3,3,251,3,5,11,Beam_3_3_11,3311
7345,Beam_3_3_5,19761,0.055212,0.22432,0.025052,3,3,251,3,5,11,Beam_3_3_11,3311
7346,Beam_3_3_5,19778,0.045693,0.2248,0.025245,3,3,251,3,5,11,Beam_3_3_11,3311
7347,Beam_3_3_5,19814,0.045693,0.2248,0.026318,3,3,251,3,5,11,Beam_3_3_11,3311
7348,Beam_3_3_5,19786,0.0495,0.2248,0.025245,3,3,251,3,5,11,Beam_3_3_11,3311
7349,Beam_3_3_5,19806,0.0495,0.2248,0.026318,3,3,251,3,5,11,Beam_3_3_11,3311
7350,Beam_3_3_5,19830,0.05332,0.22481,0.026321,3,3,251,3,5,11,Beam_3_3_11,3311
7351,Beam_3_3_5,19762,0.05332,0.22481,0.025248,3,3,251,3,5,11,Beam_3_3_11,3311
7352,Beam_3_3_5,19777,0.047595,0.2253,0.025439,3,3,251,3,5,11,Beam_3_3_11,3311
7353,Beam_3_3_5,19813,0.047595,0.2253,0.026509,3,3,251,3,5,11,Beam_3_3_11,3311
7354,Beam_3_3_5,19827,0.051422,0.22531,0.02651,3,3,251,3,5,11,Beam_3_3_11,3311
7355,Beam_3_3_5,19763,0.051422,0.22531,0.025441,3,3,251,3,5,11,Beam_3_3_11,3311
7356,Beam_3_3_5,19812,0.045699,0.2258,0.026694,3,3,251,3,5,11,Beam_3_3_11,3311
7357,Beam_3_3_5,19785,0.045699,0.2258,0.025627,3,3,251,3,5,11,Beam_3_3_11,3311
7358,Beam_3_3_5,19764,0.053313,0.2258,0.025629,3,3,251,3,5,11,Beam_3_3_11,3311
7359,Beam_3_3_5,19824,0.053313,0.2258,0.026695,3,3,251,3,5,11,Beam_3_3_11,3311
7360,Beam_3_3_5,19820,0.049514,0.22581,0.026696,3,3,251,3,5,11,Beam_3_3_11,3311
7361,Beam_3_3_5,19768,0.049514,0.22581,0.02563,3,3,251,3,5,11,Beam_3_3_11,3311
7362,Beam_3_3_5,19784,0.043798,0.2263,0.025812,3,3,251,3,5,11,Beam_3_3_11,3311
7363,Beam_3_3_5,19811,0.043798,0.2263,0.026876,3,3,251,3,5,11,Beam_3_3_11,3311
7364,Beam_3_3_5,19825,0.05521,0.2263,0.026877,3,3,251,3,5,11,Beam_3_3_11,3311
7365,Beam_3_3_5,19765,0.05521,0.2263,0.025813,3,3,251,3,5,11,Beam_3_3_11,3311
7366,Beam_3_3_5,19769,0.04714,0.22643,0.025859,3,3,251,3,5,11,Beam_3_3_11,3311
7367,Beam_3_3_5,19821,0.04714,0.22643,0.026922,3,3,251,3,5,11,Beam_3_3_11,3311
7368,Beam_3_3_5,19819,0.051881,0.22643,0.026922,3,3,251,3,5,11,Beam_3_3_11,3311
7369,Beam_3_3_5,19776,0.051881,0.22643,0.025859,3,3,251,3,5,11,Beam_3_3_11,3311
7370,Beam_3_3_5,19810,0.041902,0.2268,0.027053,3,3,251,3,5,11,Beam_3_3_11,3311
7371,Beam_3_3_5,19783,0.041902,0.2268,0.025992,3,3,251,3,5,11,Beam_3_3_11,3311
7372,Beam_3_3_5,19826,0.057103,0.2268,0.027053,3,3,251,3,5,11,Beam_3_3_11,3311
7373,Beam_3_3_5,19766,0.057103,0.2268,0.025992,3,3,251,3,5,11,Beam_3_3_11,3311
7374,Beam_3_3_5,19770,0.044758,0.22705,0.026082,3,3,251,3,5,11,Beam_3_3_11,3311
7375,Beam_3_3_5,19822,0.044758,0.22705,0.027142,3,3,251,3,5,11,Beam_3_3_11,3311
7376,Beam_3_3_5,19818,0.054256,0.22705,0.027142,3,3,251,3,5,11,Beam_3_3_11,3311
7377,Beam_3_3_5,19775,0.054256,0.22705,0.026082,3,3,251,3,5,11,Beam_3_3_11,3311
7378,Beam_3_3_5,19771,0.042383,0.22767,0.026298,3,3,251,3,5,11,Beam_3_3_11,3311
7379,Beam_3_3_5,19823,0.042383,0.22767,0.027354,3,3,251,3,5,11,Beam_3_3_11,3311
7380,Beam_3_3_5,19774,0.056624,0.22767,0.026298,3,3,251,3,5,11,Beam_3_3_11,3311
7381,Beam_3_3_5,19817,0.056624,0.22767,0.027354,3,3,251,3,5,11,Beam_3_3_11,3311
7382,Beam_3_3_5,25394,0.04,0.2288,0.027198,3,3,251,3,5,11,Beam_3_3_11,3311
7383,Beam_3_3_5,25397,0.04475,0.2288,0.027198,3,3,251,3,5,11,Beam_3_3_11,3311
7384,Beam_3_3_5,25396,0.0495,0.2288,0.027198,3,3,251,3,5,11,Beam_3_3_11,3311
7385,Beam_3_3_5,25395,0.05425,0.2288,0.027198,3,3,251,3,5,11,Beam_3_3_11,3311
7386,Beam_3_3_5,25393,0.059,0.2288,0.027198,3,3,251,3,5,11,Beam_3_3_11,3311
7387,Beam_3_3_6,21101,0.042371,0.22993,0.028072,3,3,305,3,6,10,Beam_3_3_10,3310
7388,Beam_3_3_6,21089,0.042371,0.22993,0.027027,3,3,305,3,6,10,Beam_3_3_10,3310
7389,Beam_3_3_6,21083,0.056629,0.22993,0.027027,3,3,305,3,6,10,Beam_3_3_10,3310
7390,Beam_3_3_6,21103,0.056629,0.22993,0.028072,3,3,305,3,6,10,Beam_3_3_10,3310
7391,Beam_3_3_6,21088,0.044749,0.23056,0.027214,3,3,305,3,6,10,Beam_3_3_10,3310
7392,Beam_3_3_6,21100,0.044749,0.23056,0.028256,3,3,305,3,6,10,Beam_3_3_10,3310
7393,Beam_3_3_6,21084,0.054251,0.23056,0.027214,3,3,305,3,6,10,Beam_3_3_10,3310
7394,Beam_3_3_6,21104,0.054251,0.23056,0.028256,3,3,305,3,6,10,Beam_3_3_10,3310
7395,Beam_3_3_6,21115,0.041896,0.23081,0.028328,3,3,305,3,6,10,Beam_3_3_10,3310
7396,Beam_3_3_6,21071,0.041896,0.23081,0.027287,3,3,305,3,6,10,Beam_3_3_10,3310
7397,Beam_3_3_6,21079,0.057108,0.23082,0.027291,3,3,305,3,6,10,Beam_3_3_10,3310
7398,Beam_3_3_6,21106,0.057108,0.23082,0.028331,3,3,305,3,6,10,Beam_3_3_10,3310
7399,Beam_3_3_6,21087,0.047121,0.23118,0.027394,3,3,305,3,6,10,Beam_3_3_10,3310
7400,Beam_3_3_6,21099,0.047121,0.23118,0.028432,3,3,305,3,6,10,Beam_3_3_10,3310
7401,Beam_3_3_6,21105,0.051879,0.23118,0.028432,3,3,305,3,6,10,Beam_3_3_10,3310
7402,Beam_3_3_6,21085,0.051879,0.23118,0.027394,3,3,305,3,6,10,Beam_3_3_10,3310
7403,Beam_3_3_6,21114,0.043797,0.23131,0.028468,3,3,305,3,6,10,Beam_3_3_10,3310
7404,Beam_3_3_6,21070,0.043797,0.23131,0.02743,3,3,305,3,6,10,Beam_3_3_10,3310
7405,Beam_3_3_6,21107,0.055212,0.23132,0.028471,3,3,305,3,6,10,Beam_3_3_10,3310
7406,Beam_3_3_6,21080,0.055212,0.23132,0.027432,3,3,305,3,6,10,Beam_3_3_10,3310
7407,Beam_3_3_6,21113,0.045694,0.2318,0.028604,3,3,305,3,6,10,Beam_3_3_10,3310
7408,Beam_3_3_6,21069,0.045694,0.2318,0.027568,3,3,305,3,6,10,Beam_3_3_10,3310
7409,Beam_3_3_6,21102,0.0495,0.2318,0.028604,3,3,305,3,6,10,Beam_3_3_10,3310
7410,Beam_3_3_6,21086,0.0495,0.2318,0.027567,3,3,305,3,6,10,Beam_3_3_10,3310
7411,Beam_3_3_6,21108,0.053319,0.23181,0.028606,3,3,305,3,6,10,Beam_3_3_10,3310
7412,Beam_3_3_6,21081,0.053319,0.23181,0.02757,3,3,305,3,6,10,Beam_3_3_10,3310
7413,Beam_3_3_6,21068,0.047595,0.2323,0.027702,3,3,305,3,6,10,Beam_3_3_10,3310
7414,Beam_3_3_6,21116,0.047595,0.2323,0.028736,3,3,305,3,6,10,Beam_3_3_10,3310
7415,Beam_3_3_6,21073,0.051422,0.23231,0.027703,3,3,305,3,6,10,Beam_3_3_10,3310
7416,Beam_3_3_6,21109,0.051422,0.23231,0.028737,3,3,305,3,6,10,Beam_3_3_10,3310
7417,Beam_3_3_6,21067,0.045698,0.2328,0.027832,3,3,305,3,6,10,Beam_3_3_10,3310
7418,Beam_3_3_6,21119,0.045698,0.2328,0.028864,3,3,305,3,6,10,Beam_3_3_10,3310
7419,Beam_3_3_6,21074,0.053314,0.2328,0.027833,3,3,305,3,6,10,Beam_3_3_10,3310
7420,Beam_3_3_6,21110,0.053314,0.2328,0.028865,3,3,305,3,6,10,Beam_3_3_10,3310
7421,Beam_3_3_6,21123,0.049514,0.23281,0.028866,3,3,305,3,6,10,Beam_3_3_10,3310
7422,Beam_3_3_6,21059,0.049514,0.23281,0.027834,3,3,305,3,6,10,Beam_3_3_10,3310
7423,Beam_3_3_6,21066,0.043798,0.2333,0.027959,3,3,305,3,6,10,Beam_3_3_10,3310
7424,Beam_3_3_6,21118,0.043798,0.2333,0.028989,3,3,305,3,6,10,Beam_3_3_10,3310
7425,Beam_3_3_6,21111,0.055211,0.2333,0.028989,3,3,305,3,6,10,Beam_3_3_10,3310
7426,Beam_3_3_6,21075,0.055211,0.2333,0.027959,3,3,305,3,6,10,Beam_3_3_10,3310
7427,Beam_3_3_6,21120,0.047139,0.23343,0.02902,3,3,305,3,6,10,Beam_3_3_10,3310
7428,Beam_3_3_6,21060,0.047139,0.23343,0.027991,3,3,305,3,6,10,Beam_3_3_10,3310
7429,Beam_3_3_6,21126,0.051882,0.23343,0.02902,3,3,305,3,6,10,Beam_3_3_10,3310
7430,Beam_3_3_6,21058,0.051882,0.23343,0.027991,3,3,305,3,6,10,Beam_3_3_10,3310
7431,Beam_3_3_6,21065,0.041901,0.2338,0.028081,3,3,305,3,6,10,Beam_3_3_10,3310
7432,Beam_3_3_6,21117,0.041901,0.2338,0.029109,3,3,305,3,6,10,Beam_3_3_10,3310
7433,Beam_3_3_6,21112,0.057104,0.2338,0.02911,3,3,305,3,6,10,Beam_3_3_10,3310
7434,Beam_3_3_6,21076,0.057104,0.2338,0.028081,3,3,305,3,6,10,Beam_3_3_10,3310
7435,Beam_3_3_6,21121,0.044758,0.23405,0.029169,3,3,305,3,6,10,Beam_3_3_10,3310
7436,Beam_3_3_6,21061,0.044758,0.23405,0.028142,3,3,305,3,6,10,Beam_3_3_10,3310
7437,Beam_3_3_6,21125,0.054256,0.23405,0.029169,3,3,305,3,6,10,Beam_3_3_10,3310
7438,Beam_3_3_6,21057,0.054256,0.23405,0.028142,3,3,305,3,6,10,Beam_3_3_10,3310
7439,Beam_3_3_6,21122,0.042381,0.23467,0.029312,3,3,305,3,6,10,Beam_3_3_10,3310
7440,Beam_3_3_6,21062,0.042381,0.23467,0.028286,3,3,305,3,6,10,Beam_3_3_10,3310
7441,Beam_3_3_6,21124,0.056626,0.23467,0.029312,3,3,305,3,6,10,Beam_3_3_10,3310
7442,Beam_3_3_6,21056,0.056626,0.23467,0.028286,3,3,305,3,6,10,Beam_3_3_10,3310
7443,Beam_3_3_6,25403,0.04,0.2358,0.029044,3,3,305,3,6,10,Beam_3_3_10,3310
7444,Beam_3_3_6,25406,0.04475,0.2358,0.029044,3,3,305,3,6,10,Beam_3_3_10,3310
7445,Beam_3_3_6,25405,0.0495,0.2358,0.029044,3,3,305,3,6,10,Beam_3_3_10,3310
7446,Beam_3_3_6,25404,0.05425,0.2358,0.029044,3,3,305,3,6,10,Beam_3_3_10,3310
7447,Beam_3_3_6,25402,0.059,0.2358,0.029044,3,3,305,3,6,10,Beam_3_3_10,3310
7448,Beam_3_3_7,22385,0.042373,0.23693,0.028762,3,3,359,3,7,9,Beam_3_3_9,3309
7449,Beam_3_3_7,22397,0.042373,0.23693,0.02978,3,3,359,3,7,9,Beam_3_3_9,3309
7450,Beam_3_3_7,22379,0.056627,0.23693,0.028762,3,3,359,3,7,9,Beam_3_3_9,3309
7451,Beam_3_3_7,22399,0.056627,0.23693,0.02978,3,3,359,3,7,9,Beam_3_3_9,3309
7452,Beam_3_3_7,22384,0.044749,0.23756,0.028879,3,3,359,3,7,9,Beam_3_3_9,3309
7453,Beam_3_3_7,22396,0.044749,0.23756,0.029895,3,3,359,3,7,9,Beam_3_3_9,3309
7454,Beam_3_3_7,22400,0.054251,0.23756,0.029895,3,3,359,3,7,9,Beam_3_3_9,3309
7455,Beam_3_3_7,22380,0.054251,0.23756,0.028879,3,3,359,3,7,9,Beam_3_3_9,3309
7456,Beam_3_3_7,22367,0.041897,0.23781,0.028924,3,3,359,3,7,9,Beam_3_3_9,3309
7457,Beam_3_3_7,22411,0.041897,0.23781,0.02994,3,3,359,3,7,9,Beam_3_3_9,3309
7458,Beam_3_3_7,22375,0.057107,0.23782,0.028927,3,3,359,3,7,9,Beam_3_3_9,3309
7459,Beam_3_3_7,22402,0.057107,0.23782,0.029942,3,3,359,3,7,9,Beam_3_3_9,3309
7460,Beam_3_3_7,22383,0.047123,0.23818,0.02899,3,3,359,3,7,9,Beam_3_3_9,3309
7461,Beam_3_3_7,22395,0.047123,0.23818,0.030005,3,3,359,3,7,9,Beam_3_3_9,3309
7462,Beam_3_3_7,22401,0.051877,0.23818,0.030005,3,3,359,3,7,9,Beam_3_3_9,3309
7463,Beam_3_3_7,22381,0.051877,0.23818,0.02899,3,3,359,3,7,9,Beam_3_3_9,3309
7464,Beam_3_3_7,22410,0.043797,0.23831,0.030027,3,3,359,3,7,9,Beam_3_3_9,3309
7465,Beam_3_3_7,22366,0.043797,0.23831,0.029012,3,3,359,3,7,9,Beam_3_3_9,3309
7466,Beam_3_3_7,22403,0.055211,0.23832,0.030028,3,3,359,3,7,9,Beam_3_3_9,3309
7467,Beam_3_3_7,22376,0.055211,0.23832,0.029014,3,3,359,3,7,9,Beam_3_3_9,3309
7468,Beam_3_3_7,22365,0.045695,0.2388,0.029096,3,3,359,3,7,9,Beam_3_3_9,3309
7469,Beam_3_3_7,22409,0.045695,0.2388,0.030109,3,3,359,3,7,9,Beam_3_3_9,3309
7470,Beam_3_3_7,22382,0.0495,0.2388,0.029096,3,3,359,3,7,9,Beam_3_3_9,3309
7471,Beam_3_3_7,22398,0.0495,0.2388,0.030109,3,3,359,3,7,9,Beam_3_3_9,3309
7472,Beam_3_3_7,22377,0.053318,0.23881,0.029097,3,3,359,3,7,9,Beam_3_3_9,3309
7473,Beam_3_3_7,22404,0.053318,0.23881,0.03011,3,3,359,3,7,9,Beam_3_3_9,3309
7474,Beam_3_3_7,22412,0.047595,0.2393,0.030188,3,3,359,3,7,9,Beam_3_3_9,3309
7475,Beam_3_3_7,22364,0.047595,0.2393,0.029176,3,3,359,3,7,9,Beam_3_3_9,3309
7476,Beam_3_3_7,22405,0.051422,0.23931,0.030189,3,3,359,3,7,9,Beam_3_3_9,3309
7477,Beam_3_3_7,22369,0.051422,0.23931,0.029177,3,3,359,3,7,9,Beam_3_3_9,3309
7478,Beam_3_3_7,22363,0.045697,0.2398,0.029252,3,3,359,3,7,9,Beam_3_3_9,3309
7479,Beam_3_3_7,22415,0.045697,0.2398,0.030263,3,3,359,3,7,9,Beam_3_3_9,3309
7480,Beam_3_3_7,22406,0.053315,0.2398,0.030264,3,3,359,3,7,9,Beam_3_3_9,3309
7481,Beam_3_3_7,22370,0.053315,0.2398,0.029253,3,3,359,3,7,9,Beam_3_3_9,3309
7482,Beam_3_3_7,22419,0.049514,0.23981,0.030264,3,3,359,3,7,9,Beam_3_3_9,3309
7483,Beam_3_3_7,22355,0.049514,0.23981,0.029253,3,3,359,3,7,9,Beam_3_3_9,3309
7484,Beam_3_3_7,22414,0.043798,0.2403,0.030335,3,3,359,3,7,9,Beam_3_3_9,3309
7485,Beam_3_3_7,22362,0.043798,0.2403,0.029325,3,3,359,3,7,9,Beam_3_3_9,3309
7486,Beam_3_3_7,22371,0.055211,0.2403,0.029325,3,3,359,3,7,9,Beam_3_3_9,3309
7487,Beam_3_3_7,22407,0.055211,0.2403,0.030335,3,3,359,3,7,9,Beam_3_3_9,3309
7488,Beam_3_3_7,22416,0.047137,0.24043,0.030353,3,3,359,3,7,9,Beam_3_3_9,3309
7489,Beam_3_3_7,22356,0.047137,0.24043,0.029343,3,3,359,3,7,9,Beam_3_3_9,3309
7490,Beam_3_3_7,22422,0.051884,0.24043,0.030353,3,3,359,3,7,9,Beam_3_3_9,3309
7491,Beam_3_3_7,22354,0.051884,0.24043,0.029343,3,3,359,3,7,9,Beam_3_3_9,3309
7492,Beam_3_3_7,22361,0.0419,0.2408,0.029394,3,3,359,3,7,9,Beam_3_3_9,3309
7493,Beam_3_3_7,22413,0.0419,0.2408,0.030403,3,3,359,3,7,9,Beam_3_3_9,3309
7494,Beam_3_3_7,22408,0.057104,0.2408,0.030403,3,3,359,3,7,9,Beam_3_3_9,3309
7495,Beam_3_3_7,22372,0.057104,0.2408,0.029394,3,3,359,3,7,9,Beam_3_3_9,3309
7496,Beam_3_3_7,22357,0.044757,0.24105,0.029427,3,3,359,3,7,9,Beam_3_3_9,3309
7497,Beam_3_3_7,22417,0.044757,0.24105,0.030436,3,3,359,3,7,9,Beam_3_3_9,3309
7498,Beam_3_3_7,22421,0.054257,0.24105,0.030436,3,3,359,3,7,9,Beam_3_3_9,3309
7499,Beam_3_3_7,22353,0.054257,0.24105,0.029427,3,3,359,3,7,9,Beam_3_3_9,3309
7500,Beam_3_3_7,22418,0.04238,0.24167,0.030513,3,3,359,3,7,9,Beam_3_3_9,3309
7501,Beam_3_3_7,22358,0.04238,0.24167,0.029506,3,3,359,3,7,9,Beam_3_3_9,3309
7502,Beam_3_3_7,22420,0.056627,0.24167,0.030513,3,3,359,3,7,9,Beam_3_3_9,3309
7503,Beam_3_3_7,22352,0.056627,0.24167,0.029506,3,3,359,3,7,9,Beam_3_3_9,3309
7504,Beam_3_3_7,25412,0.04,0.2428,0.030136,3,3,359,3,7,9,Beam_3_3_9,3309
7505,Beam_3_3_7,25415,0.04475,0.2428,0.030136,3,3,359,3,7,9,Beam_3_3_9,3309
7506,Beam_3_3_7,25414,0.0495,0.2428,0.030136,3,3,359,3,7,9,Beam_3_3_9,3309
7507,Beam_3_3_7,25413,0.05425,0.2428,0.030136,3,3,359,3,7,9,Beam_3_3_9,3309
7508,Beam_3_3_7,25411,0.059,0.2428,0.030136,3,3,359,3,7,9,Beam_3_3_9,3309
7509,Beam_3_3_8,23693,0.042374,0.24393,0.030747,3,3,413,3,8,8,Beam_3_3_8,3308
7510,Beam_3_3_8,23681,0.042374,0.24393,0.029743,3,3,413,3,8,8,Beam_3_3_8,3308
7511,Beam_3_3_8,23695,0.056626,0.24393,0.030747,3,3,413,3,8,8,Beam_3_3_8,3308
7512,Beam_3_3_8,23675,0.056626,0.24393,0.029743,3,3,413,3,8,8,Beam_3_3_8,3308
7513,Beam_3_3_8,23680,0.04475,0.24456,0.029795,3,3,413,3,8,8,Beam_3_3_8,3308
7514,Beam_3_3_8,23692,0.04475,0.24456,0.030798,3,3,413,3,8,8,Beam_3_3_8,3308
7515,Beam_3_3_8,23696,0.05425,0.24456,0.030798,3,3,413,3,8,8,Beam_3_3_8,3308
7516,Beam_3_3_8,23676,0.05425,0.24456,0.029795,3,3,413,3,8,8,Beam_3_3_8,3308
7517,Beam_3_3_8,23663,0.041898,0.24481,0.029815,3,3,413,3,8,8,Beam_3_3_8,3308
7518,Beam_3_3_8,23707,0.041898,0.24481,0.030817,3,3,413,3,8,8,Beam_3_3_8,3308
7519,Beam_3_3_8,23671,0.057106,0.24482,0.029816,3,3,413,3,8,8,Beam_3_3_8,3308
7520,Beam_3_3_8,23698,0.057106,0.24482,0.030818,3,3,413,3,8,8,Beam_3_3_8,3308
7521,Beam_3_3_8,23679,0.047124,0.24518,0.029842,3,3,413,3,8,8,Beam_3_3_8,3308
7522,Beam_3_3_8,23691,0.047124,0.24518,0.030844,3,3,413,3,8,8,Beam_3_3_8,3308
7523,Beam_3_3_8,23677,0.051876,0.24518,0.029842,3,3,413,3,8,8,Beam_3_3_8,3308
7524,Beam_3_3_8,23697,0.051876,0.24518,0.030844,3,3,413,3,8,8,Beam_3_3_8,3308
7525,Beam_3_3_8,23662,0.043797,0.24531,0.02985,3,3,413,3,8,8,Beam_3_3_8,3308
7526,Beam_3_3_8,23706,0.043797,0.24531,0.030853,3,3,413,3,8,8,Beam_3_3_8,3308
7527,Beam_3_3_8,23672,0.055211,0.24532,0.029851,3,3,413,3,8,8,Beam_3_3_8,3308
7528,Beam_3_3_8,23699,0.055211,0.24532,0.030853,3,3,413,3,8,8,Beam_3_3_8,3308
7529,Beam_3_3_8,23705,0.045696,0.2458,0.030884,3,3,413,3,8,8,Beam_3_3_8,3308
7530,Beam_3_3_8,23661,0.045696,0.2458,0.029883,3,3,413,3,8,8,Beam_3_3_8,3308
7531,Beam_3_3_8,23678,0.0495,0.2458,0.029882,3,3,413,3,8,8,Beam_3_3_8,3308
7532,Beam_3_3_8,23694,0.0495,0.2458,0.030884,3,3,413,3,8,8,Beam_3_3_8,3308
7533,Beam_3_3_8,23673,0.053317,0.24581,0.029883,3,3,413,3,8,8,Beam_3_3_8,3308
7534,Beam_3_3_8,23700,0.053317,0.24581,0.030885,3,3,413,3,8,8,Beam_3_3_8,3308
7535,Beam_3_3_8,23660,0.047595,0.2463,0.029911,3,3,413,3,8,8,Beam_3_3_8,3308
7536,Beam_3_3_8,23708,0.047595,0.2463,0.030913,3,3,413,3,8,8,Beam_3_3_8,3308
7537,Beam_3_3_8,23701,0.051422,0.24631,0.030913,3,3,413,3,8,8,Beam_3_3_8,3308
7538,Beam_3_3_8,23665,0.051422,0.24631,0.029911,3,3,413,3,8,8,Beam_3_3_8,3308
7539,Beam_3_3_8,23711,0.045697,0.2468,0.030937,3,3,413,3,8,8,Beam_3_3_8,3308
7540,Beam_3_3_8,23659,0.045697,0.2468,0.029936,3,3,413,3,8,8,Beam_3_3_8,3308
7541,Beam_3_3_8,23702,0.053316,0.2468,0.030937,3,3,413,3,8,8,Beam_3_3_8,3308
7542,Beam_3_3_8,23666,0.053316,0.2468,0.029936,3,3,413,3,8,8,Beam_3_3_8,3308
7543,Beam_3_3_8,23651,0.049514,0.24681,0.029936,3,3,413,3,8,8,Beam_3_3_8,3308
7544,Beam_3_3_8,23715,0.049514,0.24681,0.030937,3,3,413,3,8,8,Beam_3_3_8,3308
7545,Beam_3_3_8,23710,0.043798,0.2473,0.030958,3,3,413,3,8,8,Beam_3_3_8,3308
7546,Beam_3_3_8,23658,0.043798,0.2473,0.029957,3,3,413,3,8,8,Beam_3_3_8,3308
7547,Beam_3_3_8,23703,0.055211,0.2473,0.030958,3,3,413,3,8,8,Beam_3_3_8,3308
7548,Beam_3_3_8,23667,0.055211,0.2473,0.029957,3,3,413,3,8,8,Beam_3_3_8,3308
7549,Beam_3_3_8,23712,0.047136,0.24743,0.030963,3,3,413,3,8,8,Beam_3_3_8,3308
7550,Beam_3_3_8,23652,0.047136,0.24743,0.029962,3,3,413,3,8,8,Beam_3_3_8,3308
7551,Beam_3_3_8,23650,0.051885,0.24743,0.029962,3,3,413,3,8,8,Beam_3_3_8,3308
7552,Beam_3_3_8,23718,0.051885,0.24743,0.030963,3,3,413,3,8,8,Beam_3_3_8,3308
7553,Beam_3_3_8,23709,0.041899,0.2478,0.030976,3,3,413,3,8,8,Beam_3_3_8,3308
7554,Beam_3_3_8,23657,0.041899,0.2478,0.029975,3,3,413,3,8,8,Beam_3_3_8,3308
7555,Beam_3_3_8,23668,0.057105,0.2478,0.029975,3,3,413,3,8,8,Beam_3_3_8,3308
7556,Beam_3_3_8,23704,0.057105,0.2478,0.030976,3,3,413,3,8,8,Beam_3_3_8,3308
7557,Beam_3_3_8,23653,0.044757,0.24805,0.029983,3,3,413,3,8,8,Beam_3_3_8,3308
7558,Beam_3_3_8,23713,0.044757,0.24805,0.030983,3,3,413,3,8,8,Beam_3_3_8,3308
7559,Beam_3_3_8,23649,0.054257,0.24805,0.029983,3,3,413,3,8,8,Beam_3_3_8,3308
7560,Beam_3_3_8,23717,0.054257,0.24805,0.030983,3,3,413,3,8,8,Beam_3_3_8,3308
7561,Beam_3_3_8,23654,0.042379,0.24867,0.029997,3,3,413,3,8,8,Beam_3_3_8,3308
7562,Beam_3_3_8,23714,0.042379,0.24867,0.030998,3,3,413,3,8,8,Beam_3_3_8,3308
7563,Beam_3_3_8,23716,0.056628,0.24867,0.030998,3,3,413,3,8,8,Beam_3_3_8,3308
7564,Beam_3_3_8,23648,0.056628,0.24867,0.029997,3,3,413,3,8,8,Beam_3_3_8,3308
7565,Beam_3_3_8,25421,0.04,0.2498,0.030509,3,3,413,3,8,8,Beam_3_3_8,3308
7566,Beam_3_3_8,25424,0.04475,0.2498,0.030509,3,3,413,3,8,8,Beam_3_3_8,3308
7567,Beam_3_3_8,25423,0.0495,0.2498,0.030509,3,3,413,3,8,8,Beam_3_3_8,3308
7568,Beam_3_3_8,25422,0.05425,0.2498,0.030509,3,3,413,3,8,8,Beam_3_3_8,3308
7569,Beam_3_3_8,25420,0.059,0.2498,0.030509,3,3,413,3,8,8,Beam_3_3_8,3308
7570,Beam_3_3_9,24302,0.042375,0.25093,0.030004,3,3,440,3,9,7,Beam_3_3_7,3307
7571,Beam_3_3_9,24362,0.042375,0.25093,0.031004,3,3,440,3,9,7,Beam_3_3_7,3307
7572,Beam_3_3_9,24364,0.056625,0.25093,0.031004,3,3,440,3,9,7,Beam_3_3_7,3307
7573,Beam_3_3_9,24296,0.056625,0.25093,0.030004,3,3,440,3,9,7,Beam_3_3_7,3307
7574,Beam_3_3_9,24361,0.04475,0.25156,0.030993,3,3,440,3,9,7,Beam_3_3_7,3307
7575,Beam_3_3_9,24301,0.04475,0.25156,0.029993,3,3,440,3,9,7,Beam_3_3_7,3307
7576,Beam_3_3_9,24365,0.05425,0.25156,0.030993,3,3,440,3,9,7,Beam_3_3_7,3307
7577,Beam_3_3_9,24297,0.05425,0.25156,0.029993,3,3,440,3,9,7,Beam_3_3_7,3307
7578,Beam_3_3_9,24320,0.0419,0.25181,0.029987,3,3,440,3,9,7,Beam_3_3_7,3307
7579,Beam_3_3_9,24348,0.0419,0.25181,0.030987,3,3,440,3,9,7,Beam_3_3_7,3307
7580,Beam_3_3_9,24353,0.057105,0.25182,0.030987,3,3,440,3,9,7,Beam_3_3_7,3307
7581,Beam_3_3_9,24310,0.057105,0.25182,0.029986,3,3,440,3,9,7,Beam_3_3_7,3307
7582,Beam_3_3_9,24360,0.047126,0.25218,0.030976,3,3,440,3,9,7,Beam_3_3_7,3307
7583,Beam_3_3_9,24300,0.047126,0.25218,0.029976,3,3,440,3,9,7,Beam_3_3_7,3307
7584,Beam_3_3_9,24366,0.051874,0.25218,0.030976,3,3,440,3,9,7,Beam_3_3_7,3307
7585,Beam_3_3_9,24298,0.051874,0.25218,0.029976,3,3,440,3,9,7,Beam_3_3_7,3307
7586,Beam_3_3_9,24319,0.043798,0.25231,0.029972,3,3,440,3,9,7,Beam_3_3_7,3307
7587,Beam_3_3_9,24347,0.043798,0.25231,0.030972,3,3,440,3,9,7,Beam_3_3_7,3307
7588,Beam_3_3_9,24311,0.055211,0.25232,0.029971,3,3,440,3,9,7,Beam_3_3_7,3307
7589,Beam_3_3_9,24354,0.055211,0.25232,0.030972,3,3,440,3,9,7,Beam_3_3_7,3307
7590,Beam_3_3_9,24363,0.0495,0.2528,0.030954,3,3,440,3,9,7,Beam_3_3_7,3307
7591,Beam_3_3_9,24299,0.0495,0.2528,0.029953,3,3,440,3,9,7,Beam_3_3_7,3307
7592,Beam_3_3_9,24346,0.045697,0.25281,0.030954,3,3,440,3,9,7,Beam_3_3_7,3307
7593,Beam_3_3_9,24318,0.045697,0.25281,0.029953,3,3,440,3,9,7,Beam_3_3_7,3307
7594,Beam_3_3_9,24312,0.053316,0.25281,0.029953,3,3,440,3,9,7,Beam_3_3_7,3307
7595,Beam_3_3_9,24355,0.053316,0.25281,0.030954,3,3,440,3,9,7,Beam_3_3_7,3307
7596,Beam_3_3_9,24317,0.047595,0.2533,0.029931,3,3,440,3,9,7,Beam_3_3_7,3307
7597,Beam_3_3_9,24349,0.047595,0.2533,0.030932,3,3,440,3,9,7,Beam_3_3_7,3307
7598,Beam_3_3_9,24304,0.051422,0.25331,0.029931,3,3,440,3,9,7,Beam_3_3_7,3307
7599,Beam_3_3_9,24356,0.051422,0.25331,0.030932,3,3,440,3,9,7,Beam_3_3_7,3307
7600,Beam_3_3_9,24352,0.045696,0.2538,0.030907,3,3,440,3,9,7,Beam_3_3_7,3307
7601,Beam_3_3_9,24316,0.045696,0.2538,0.029905,3,3,440,3,9,7,Beam_3_3_7,3307
7602,Beam_3_3_9,24357,0.053317,0.2538,0.030907,3,3,440,3,9,7,Beam_3_3_7,3307
7603,Beam_3_3_9,24305,0.053317,0.2538,0.029905,3,3,440,3,9,7,Beam_3_3_7,3307
7604,Beam_3_3_9,24342,0.049514,0.25381,0.030907,3,3,440,3,9,7,Beam_3_3_7,3307
7605,Beam_3_3_9,24326,0.049514,0.25381,0.029905,3,3,440,3,9,7,Beam_3_3_7,3307
7606,Beam_3_3_9,24351,0.043797,0.2543,0.030878,3,3,440,3,9,7,Beam_3_3_7,3307
7607,Beam_3_3_9,24315,0.043797,0.2543,0.029876,3,3,440,3,9,7,Beam_3_3_7,3307
7608,Beam_3_3_9,24358,0.055211,0.2543,0.030878,3,3,440,3,9,7,Beam_3_3_7,3307
7609,Beam_3_3_9,24306,0.055211,0.2543,0.029876,3,3,440,3,9,7,Beam_3_3_7,3307
7610,Beam_3_3_9,24339,0.047134,0.25443,0.03087,3,3,440,3,9,7,Beam_3_3_7,3307
7611,Beam_3_3_9,24327,0.047134,0.25443,0.029868,3,3,440,3,9,7,Beam_3_3_7,3307
7612,Beam_3_3_9,24325,0.051887,0.25443,0.029868,3,3,440,3,9,7,Beam_3_3_7,3307
7613,Beam_3_3_9,24345,0.051887,0.25443,0.03087,3,3,440,3,9,7,Beam_3_3_7,3307
7614,Beam_3_3_9,24350,0.041898,0.2548,0.030846,3,3,440,3,9,7,Beam_3_3_7,3307
7615,Beam_3_3_9,24314,0.041898,0.2548,0.029843,3,3,440,3,9,7,Beam_3_3_7,3307
7616,Beam_3_3_9,24307,0.057106,0.2548,0.029843,3,3,440,3,9,7,Beam_3_3_7,3307
7617,Beam_3_3_9,24359,0.057106,0.2548,0.030845,3,3,440,3,9,7,Beam_3_3_7,3307
7618,Beam_3_3_9,24328,0.044757,0.25505,0.029825,3,3,440,3,9,7,Beam_3_3_7,3307
7619,Beam_3_3_9,24340,0.044757,0.25505,0.030828,3,3,440,3,9,7,Beam_3_3_7,3307
7620,Beam_3_3_9,24324,0.054257,0.25505,0.029825,3,3,440,3,9,7,Beam_3_3_7,3307
7621,Beam_3_3_9,24344,0.054257,0.25505,0.030828,3,3,440,3,9,7,Beam_3_3_7,3307
7622,Beam_3_3_9,24329,0.042378,0.25567,0.029776,3,3,440,3,9,7,Beam_3_3_7,3307
7623,Beam_3_3_9,24341,0.042378,0.25567,0.03078,3,3,440,3,9,7,Beam_3_3_7,3307
7624,Beam_3_3_9,24323,0.05663,0.25567,0.029776,3,3,440,3,9,7,Beam_3_3_7,3307
7625,Beam_3_3_9,24343,0.05663,0.25567,0.03078,3,3,440,3,9,7,Beam_3_3_7,3307
7626,Beam_3_3_9,25430,0.04,0.2568,0.030176,3,3,440,3,9,7,Beam_3_3_7,3307
7627,Beam_3_3_9,25433,0.04475,0.2568,0.030176,3,3,440,3,9,7,Beam_3_3_7,3307
7628,Beam_3_3_9,25432,0.0495,0.2568,0.030176,3,3,440,3,9,7,Beam_3_3_7,3307
7629,Beam_3_3_9,25431,0.05425,0.2568,0.030176,3,3,440,3,9,7,Beam_3_3_7,3307
7630,Beam_3_3_9,25429,0.059,0.2568,0.030176,3,3,440,3,9,7,Beam_3_3_7,3307
7631,Beam_3_3_10,23045,0.042376,0.25793,0.030559,3,3,386,3,10,6,Beam_3_3_6,3306
7632,Beam_3_3_10,23033,0.042376,0.25793,0.029553,3,3,386,3,10,6,Beam_3_3_6,3306
7633,Beam_3_3_10,23047,0.056624,0.25793,0.030559,3,3,386,3,10,6,Beam_3_3_6,3306
7634,Beam_3_3_10,23027,0.056624,0.25793,0.029553,3,3,386,3,10,6,Beam_3_3_6,3306
7635,Beam_3_3_10,23032,0.04475,0.25856,0.029478,3,3,386,3,10,6,Beam_3_3_6,3306
7636,Beam_3_3_10,23044,0.04475,0.25856,0.030485,3,3,386,3,10,6,Beam_3_3_6,3306
7637,Beam_3_3_10,23028,0.05425,0.25856,0.029478,3,3,386,3,10,6,Beam_3_3_6,3306
7638,Beam_3_3_10,23048,0.05425,0.25856,0.030485,3,3,386,3,10,6,Beam_3_3_6,3306
7639,Beam_3_3_10,23059,0.0419,0.25881,0.030454,3,3,386,3,10,6,Beam_3_3_6,3306
7640,Beam_3_3_10,23015,0.0419,0.25881,0.029446,3,3,386,3,10,6,Beam_3_3_6,3306
7641,Beam_3_3_10,23023,0.057104,0.25882,0.029444,3,3,386,3,10,6,Beam_3_3_6,3306
7642,Beam_3_3_10,23050,0.057105,0.25882,0.030452,3,3,386,3,10,6,Beam_3_3_6,3306
7643,Beam_3_3_10,23031,0.047127,0.25918,0.029397,3,3,386,3,10,6,Beam_3_3_6,3306
7644,Beam_3_3_10,23043,0.047127,0.25918,0.030406,3,3,386,3,10,6,Beam_3_3_6,3306
7645,Beam_3_3_10,23049,0.051873,0.25918,0.030406,3,3,386,3,10,6,Beam_3_3_6,3306
7646,Beam_3_3_10,23029,0.051873,0.25918,0.029397,3,3,386,3,10,6,Beam_3_3_6,3306
7647,Beam_3_3_10,23014,0.043798,0.25931,0.02938,3,3,386,3,10,6,Beam_3_3_6,3306
7648,Beam_3_3_10,23058,0.043798,0.25931,0.030389,3,3,386,3,10,6,Beam_3_3_6,3306
7649,Beam_3_3_10,23024,0.055211,0.25932,0.029378,3,3,386,3,10,6,Beam_3_3_6,3306
7650,Beam_3_3_10,23051,0.055211,0.25932,0.030388,3,3,386,3,10,6,Beam_3_3_6,3306
7651,Beam_3_3_10,23030,0.0495,0.2598,0.02931,3,3,386,3,10,6,Beam_3_3_6,3306
7652,Beam_3_3_10,23046,0.0495,0.2598,0.03032,3,3,386,3,10,6,Beam_3_3_6,3306
7653,Beam_3_3_10,23057,0.045697,0.25981,0.03032,3,3,386,3,10,6,Beam_3_3_6,3306
7654,Beam_3_3_10,23013,0.045697,0.25981,0.02931,3,3,386,3,10,6,Beam_3_3_6,3306
7655,Beam_3_3_10,23052,0.053315,0.25981,0.030319,3,3,386,3,10,6,Beam_3_3_6,3306
7656,Beam_3_3_10,23025,0.053315,0.25981,0.029309,3,3,386,3,10,6,Beam_3_3_6,3306
7657,Beam_3_3_10,23012,0.047595,0.2603,0.029237,3,3,386,3,10,6,Beam_3_3_6,3306
7658,Beam_3_3_10,23060,0.047595,0.2603,0.030248,3,3,386,3,10,6,Beam_3_3_6,3306
7659,Beam_3_3_10,23053,0.051422,0.26031,0.030247,3,3,386,3,10,6,Beam_3_3_6,3306
7660,Beam_3_3_10,23017,0.051422,0.26031,0.029236,3,3,386,3,10,6,Beam_3_3_6,3306
7661,Beam_3_3_10,23063,0.045695,0.2608,0.030172,3,3,386,3,10,6,Beam_3_3_6,3306
7662,Beam_3_3_10,23011,0.045695,0.2608,0.029159,3,3,386,3,10,6,Beam_3_3_6,3306
7663,Beam_3_3_10,23003,0.049514,0.26081,0.029159,3,3,386,3,10,6,Beam_3_3_6,3306
7664,Beam_3_3_10,23067,0.049514,0.26081,0.030171,3,3,386,3,10,6,Beam_3_3_6,3306
7665,Beam_3_3_10,23018,0.053318,0.26081,0.029159,3,3,386,3,10,6,Beam_3_3_6,3306
7666,Beam_3_3_10,23054,0.053318,0.26081,0.030171,3,3,386,3,10,6,Beam_3_3_6,3306
7667,Beam_3_3_10,23010,0.043797,0.2613,0.029079,3,3,386,3,10,6,Beam_3_3_6,3306
7668,Beam_3_3_10,23062,0.043797,0.2613,0.030092,3,3,386,3,10,6,Beam_3_3_6,3306
7669,Beam_3_3_10,23019,0.055211,0.2613,0.029078,3,3,386,3,10,6,Beam_3_3_6,3306
7670,Beam_3_3_10,23055,0.055211,0.2613,0.030092,3,3,386,3,10,6,Beam_3_3_6,3306
7671,Beam_3_3_10,23004,0.047133,0.26143,0.029057,3,3,386,3,10,6,Beam_3_3_6,3306
7672,Beam_3_3_10,23064,0.047133,0.26143,0.030071,3,3,386,3,10,6,Beam_3_3_6,3306
7673,Beam_3_3_10,23070,0.051888,0.26143,0.030071,3,3,386,3,10,6,Beam_3_3_6,3306
7674,Beam_3_3_10,23002,0.051888,0.26143,0.029057,3,3,386,3,10,6,Beam_3_3_6,3306
7675,Beam_3_3_10,23009,0.041897,0.2618,0.028994,3,3,386,3,10,6,Beam_3_3_6,3306
7676,Beam_3_3_10,23061,0.041897,0.2618,0.030009,3,3,386,3,10,6,Beam_3_3_6,3306
7677,Beam_3_3_10,23020,0.057107,0.2618,0.028994,3,3,386,3,10,6,Beam_3_3_6,3306
7678,Beam_3_3_10,23056,0.057107,0.2618,0.030009,3,3,386,3,10,6,Beam_3_3_6,3306
7679,Beam_3_3_10,23005,0.044757,0.26205,0.02895,3,3,386,3,10,6,Beam_3_3_6,3306
7680,Beam_3_3_10,23065,0.044757,0.26205,0.029965,3,3,386,3,10,6,Beam_3_3_6,3306
7681,Beam_3_3_10,23001,0.054258,0.26205,0.02895,3,3,386,3,10,6,Beam_3_3_6,3306
7682,Beam_3_3_10,23069,0.054258,0.26205,0.029965,3,3,386,3,10,6,Beam_3_3_6,3306
7683,Beam_3_3_10,23006,0.042376,0.26267,0.028836,3,3,386,3,10,6,Beam_3_3_6,3306
7684,Beam_3_3_10,23066,0.042376,0.26267,0.029853,3,3,386,3,10,6,Beam_3_3_6,3306
7685,Beam_3_3_10,23000,0.056631,0.26267,0.028836,3,3,386,3,10,6,Beam_3_3_6,3306
7686,Beam_3_3_10,23068,0.056631,0.26267,0.029853,3,3,386,3,10,6,Beam_3_3_6,3306
7687,Beam_3_3_10,25439,0.04,0.2638,0.029125,3,3,386,3,10,6,Beam_3_3_6,3306
7688,Beam_3_3_10,25442,0.04475,0.2638,0.029125,3,3,386,3,10,6,Beam_3_3_6,3306
7689,Beam_3_3_10,25441,0.0495,0.2638,0.029125,3,3,386,3,10,6,Beam_3_3_6,3306
7690,Beam_3_3_10,25440,0.05425,0.2638,0.029125,3,3,386,3,10,6,Beam_3_3_6,3306
7691,Beam_3_3_10,25438,0.059,0.2638,0.029125,3,3,386,3,10,6,Beam_3_3_6,3306
7692,Beam_3_3_11,21749,0.042378,0.26493,0.029399,3,3,332,3,11,5,Beam_3_3_5,3305
7693,Beam_3_3_11,21737,0.042378,0.26493,0.028375,3,3,332,3,11,5,Beam_3_3_5,3305
7694,Beam_3_3_11,21731,0.056622,0.26493,0.028375,3,3,332,3,11,5,Beam_3_3_5,3305
7695,Beam_3_3_11,21751,0.056622,0.26493,0.029399,3,3,332,3,11,5,Beam_3_3_5,3305
7696,Beam_3_3_11,21748,0.044751,0.26556,0.02926,3,3,332,3,11,5,Beam_3_3_5,3305
7697,Beam_3_3_11,21736,0.044751,0.26556,0.028234,3,3,332,3,11,5,Beam_3_3_5,3305
7698,Beam_3_3_11,21752,0.054249,0.26556,0.02926,3,3,332,3,11,5,Beam_3_3_5,3305
7699,Beam_3_3_11,21732,0.054249,0.26556,0.028234,3,3,332,3,11,5,Beam_3_3_5,3305
7700,Beam_3_3_11,21719,0.041901,0.26581,0.028175,3,3,332,3,11,5,Beam_3_3_5,3305
7701,Beam_3_3_11,21763,0.041901,0.26581,0.029202,3,3,332,3,11,5,Beam_3_3_5,3305
7702,Beam_3_3_11,21754,0.057104,0.26582,0.029199,3,3,332,3,11,5,Beam_3_3_5,3305
7703,Beam_3_3_11,21727,0.057104,0.26582,0.028172,3,3,332,3,11,5,Beam_3_3_5,3305
7704,Beam_3_3_11,21735,0.047128,0.26618,0.028086,3,3,332,3,11,5,Beam_3_3_5,3305
7705,Beam_3_3_11,21747,0.047128,0.26618,0.029114,3,3,332,3,11,5,Beam_3_3_5,3305
7706,Beam_3_3_11,21733,0.051872,0.26618,0.028086,3,3,332,3,11,5,Beam_3_3_5,3305
7707,Beam_3_3_11,21753,0.051872,0.26618,0.029114,3,3,332,3,11,5,Beam_3_3_5,3305
7708,Beam_3_3_11,21718,0.043798,0.26631,0.028056,3,3,332,3,11,5,Beam_3_3_5,3305
7709,Beam_3_3_11,21762,0.043798,0.26631,0.029084,3,3,332,3,11,5,Beam_3_3_5,3305
7710,Beam_3_3_11,21755,0.055211,0.26632,0.029082,3,3,332,3,11,5,Beam_3_3_5,3305
7711,Beam_3_3_11,21728,0.055211,0.26632,0.028053,3,3,332,3,11,5,Beam_3_3_5,3305
7712,Beam_3_3_11,21734,0.0495,0.2668,0.027933,3,3,332,3,11,5,Beam_3_3_5,3305
7713,Beam_3_3_11,21750,0.0495,0.2668,0.028964,3,3,332,3,11,5,Beam_3_3_5,3305
7714,Beam_3_3_11,21717,0.045698,0.26681,0.027932,3,3,332,3,11,5,Beam_3_3_5,3305
7715,Beam_3_3_11,21761,0.045698,0.26681,0.028963,3,3,332,3,11,5,Beam_3_3_5,3305
7716,Beam_3_3_11,21729,0.053315,0.26681,0.027931,3,3,332,3,11,5,Beam_3_3_5,3305
7717,Beam_3_3_11,21756,0.053315,0.26681,0.028961,3,3,332,3,11,5,Beam_3_3_5,3305
7718,Beam_3_3_11,21764,0.047595,0.2673,0.028838,3,3,332,3,11,5,Beam_3_3_5,3305
7719,Beam_3_3_11,21716,0.047595,0.2673,0.027805,3,3,332,3,11,5,Beam_3_3_5,3305
7720,Beam_3_3_11,21757,0.051422,0.26731,0.028837,3,3,332,3,11,5,Beam_3_3_5,3305
7721,Beam_3_3_11,21721,0.051422,0.26731,0.027804,3,3,332,3,11,5,Beam_3_3_5,3305
7722,Beam_3_3_11,21715,0.045694,0.2678,0.027674,3,3,332,3,11,5,Beam_3_3_5,3305
7723,Beam_3_3_11,21767,0.045694,0.2678,0.028709,3,3,332,3,11,5,Beam_3_3_5,3305
7724,Beam_3_3_11,21771,0.049514,0.26781,0.028707,3,3,332,3,11,5,Beam_3_3_5,3305
7725,Beam_3_3_11,21707,0.049514,0.26781,0.027673,3,3,332,3,11,5,Beam_3_3_5,3305
7726,Beam_3_3_11,21758,0.053319,0.26781,0.028708,3,3,332,3,11,5,Beam_3_3_5,3305
7727,Beam_3_3_11,21722,0.053319,0.26781,0.027673,3,3,332,3,11,5,Beam_3_3_5,3305
7728,Beam_3_3_11,21714,0.043797,0.2683,0.027539,3,3,332,3,11,5,Beam_3_3_5,3305
7729,Beam_3_3_11,21766,0.043797,0.2683,0.028576,3,3,332,3,11,5,Beam_3_3_5,3305
7730,Beam_3_3_11,21759,0.055212,0.2683,0.028575,3,3,332,3,11,5,Beam_3_3_5,3305
7731,Beam_3_3_11,21723,0.055212,0.2683,0.027539,3,3,332,3,11,5,Beam_3_3_5,3305
7732,Beam_3_3_11,21768,0.047132,0.26843,0.02854,3,3,332,3,11,5,Beam_3_3_5,3305
7733,Beam_3_3_11,21708,0.047132,0.26843,0.027503,3,3,332,3,11,5,Beam_3_3_5,3305
7734,Beam_3_3_11,21706,0.051889,0.26843,0.027503,3,3,332,3,11,5,Beam_3_3_5,3305
7735,Beam_3_3_11,21774,0.051889,0.26843,0.02854,3,3,332,3,11,5,Beam_3_3_5,3305
7736,Beam_3_3_11,21713,0.041896,0.2688,0.0274,3,3,332,3,11,5,Beam_3_3_5,3305
7737,Beam_3_3_11,21765,0.041896,0.2688,0.028439,3,3,332,3,11,5,Beam_3_3_5,3305
7738,Beam_3_3_11,21724,0.057108,0.2688,0.0274,3,3,332,3,11,5,Beam_3_3_5,3305
7739,Beam_3_3_11,21760,0.057108,0.2688,0.028438,3,3,332,3,11,5,Beam_3_3_5,3305
7740,Beam_3_3_11,21769,0.044756,0.26905,0.028368,3,3,332,3,11,5,Beam_3_3_5,3305
7741,Beam_3_3_11,21709,0.044756,0.26905,0.027328,3,3,332,3,11,5,Beam_3_3_5,3305
7742,Beam_3_3_11,21705,0.054258,0.26905,0.027328,3,3,332,3,11,5,Beam_3_3_5,3305
7743,Beam_3_3_11,21773,0.054258,0.26905,0.028368,3,3,332,3,11,5,Beam_3_3_5,3305
7744,Beam_3_3_11,21710,0.042375,0.26967,0.027146,3,3,332,3,11,5,Beam_3_3_5,3305
7745,Beam_3_3_11,21770,0.042375,0.26967,0.028188,3,3,332,3,11,5,Beam_3_3_5,3305
7746,Beam_3_3_11,21772,0.056632,0.26967,0.028188,3,3,332,3,11,5,Beam_3_3_5,3305
7747,Beam_3_3_11,21704,0.056632,0.26967,0.027146,3,3,332,3,11,5,Beam_3_3_5,3305
7748,Beam_3_3_11,25448,0.04,0.2708,0.027323,3,3,332,3,11,5,Beam_3_3_5,3305
7749,Beam_3_3_11,25451,0.04475,0.2708,0.027323,3,3,332,3,11,5,Beam_3_3_5,3305
7750,Beam_3_3_11,25450,0.0495,0.2708,0.027323,3,3,332,3,11,5,Beam_3_3_5,3305
7751,Beam_3_3_11,25449,0.05425,0.2708,0.027323,3,3,332,3,11,5,Beam_3_3_5,3305
7752,Beam_3_3_11,25447,0.059,0.2708,0.027323,3,3,332,3,11,5,Beam_3_3_5,3305
7753,Beam_3_3_12,20453,0.042379,0.27193,0.027485,3,3,278,3,12,4,Beam_3_3_4,3304
7754,Beam_3_3_12,20441,0.042379,0.27193,0.026431,3,3,278,3,12,4,Beam_3_3_4,3304
7755,Beam_3_3_12,20435,0.056621,0.27193,0.026431,3,3,278,3,12,4,Beam_3_3_4,3304
7756,Beam_3_3_12,20455,0.056621,0.27193,0.027485,3,3,278,3,12,4,Beam_3_3_4,3304
7757,Beam_3_3_12,20452,0.044751,0.27256,0.027276,3,3,278,3,12,4,Beam_3_3_4,3304
7758,Beam_3_3_12,20440,0.044751,0.27256,0.026219,3,3,278,3,12,4,Beam_3_3_4,3304
7759,Beam_3_3_12,20436,0.054249,0.27256,0.026219,3,3,278,3,12,4,Beam_3_3_4,3304
7760,Beam_3_3_12,20456,0.054249,0.27256,0.027276,3,3,278,3,12,4,Beam_3_3_4,3304
7761,Beam_3_3_12,20467,0.041902,0.27281,0.02719,3,3,278,3,12,4,Beam_3_3_4,3304
7762,Beam_3_3_12,20423,0.041902,0.27281,0.026131,3,3,278,3,12,4,Beam_3_3_4,3304
7763,Beam_3_3_12,20458,0.057103,0.27282,0.027186,3,3,278,3,12,4,Beam_3_3_4,3304
7764,Beam_3_3_12,20431,0.057103,0.27282,0.026127,3,3,278,3,12,4,Beam_3_3_4,3304
7765,Beam_3_3_12,20451,0.04713,0.27318,0.027061,3,3,278,3,12,4,Beam_3_3_4,3304
7766,Beam_3_3_12,20439,0.04713,0.27318,0.026,3,3,278,3,12,4,Beam_3_3_4,3304
7767,Beam_3_3_12,20437,0.05187,0.27318,0.026,3,3,278,3,12,4,Beam_3_3_4,3304
7768,Beam_3_3_12,20457,0.05187,0.27318,0.027061,3,3,278,3,12,4,Beam_3_3_4,3304
7769,Beam_3_3_12,20422,0.043798,0.27331,0.025955,3,3,278,3,12,4,Beam_3_3_4,3304
7770,Beam_3_3_12,20466,0.043798,0.27331,0.027016,3,3,278,3,12,4,Beam_3_3_4,3304
7771,Beam_3_3_12,20432,0.05521,0.27332,0.025951,3,3,278,3,12,4,Beam_3_3_4,3304
7772,Beam_3_3_12,20459,0.05521,0.27332,0.027013,3,3,278,3,12,4,Beam_3_3_4,3304
7773,Beam_3_3_12,20454,0.0495,0.2738,0.026839,3,3,278,3,12,4,Beam_3_3_4,3304
7774,Beam_3_3_12,20438,0.0495,0.2738,0.025774,3,3,278,3,12,4,Beam_3_3_4,3304
7775,Beam_3_3_12,20465,0.045699,0.27381,0.026838,3,3,278,3,12,4,Beam_3_3_4,3304
7776,Beam_3_3_12,20421,0.045699,0.27381,0.025774,3,3,278,3,12,4,Beam_3_3_4,3304
7777,Beam_3_3_12,20460,0.053313,0.27381,0.026835,3,3,278,3,12,4,Beam_3_3_4,3304
7778,Beam_3_3_12,20433,0.053313,0.27381,0.025771,3,3,278,3,12,4,Beam_3_3_4,3304
7779,Beam_3_3_12,20468,0.047595,0.2743,0.026656,3,3,278,3,12,4,Beam_3_3_4,3304
7780,Beam_3_3_12,20420,0.047595,0.2743,0.025589,3,3,278,3,12,4,Beam_3_3_4,3304
7781,Beam_3_3_12,20425,0.051422,0.27431,0.025587,3,3,278,3,12,4,Beam_3_3_4,3304
7782,Beam_3_3_12,20461,0.051422,0.27431,0.026654,3,3,278,3,12,4,Beam_3_3_4,3304
7783,Beam_3_3_12,20419,0.045693,0.2748,0.025398,3,3,278,3,12,4,Beam_3_3_4,3304
7784,Beam_3_3_12,20471,0.045693,0.2748,0.026469,3,3,278,3,12,4,Beam_3_3_4,3304
7785,Beam_3_3_12,20475,0.049514,0.27481,0.026467,3,3,278,3,12,4,Beam_3_3_4,3304
7786,Beam_3_3_12,20411,0.049514,0.27481,0.025397,3,3,278,3,12,4,Beam_3_3_4,3304
7787,Beam_3_3_12,20462,0.05332,0.27481,0.026468,3,3,278,3,12,4,Beam_3_3_4,3304
7788,Beam_3_3_12,20426,0.05332,0.27481,0.025397,3,3,278,3,12,4,Beam_3_3_4,3304
7789,Beam_3_3_12,20418,0.043797,0.2753,0.025205,3,3,278,3,12,4,Beam_3_3_4,3304
7790,Beam_3_3_12,20470,0.043797,0.2753,0.026278,3,3,278,3,12,4,Beam_3_3_4,3304
7791,Beam_3_3_12,20427,0.055212,0.2753,0.025204,3,3,278,3,12,4,Beam_3_3_4,3304
7792,Beam_3_3_12,20463,0.055212,0.2753,0.026277,3,3,278,3,12,4,Beam_3_3_4,3304
7793,Beam_3_3_12,20472,0.04713,0.27543,0.026227,3,3,278,3,12,4,Beam_3_3_4,3304
7794,Beam_3_3_12,20412,0.04713,0.27543,0.025153,3,3,278,3,12,4,Beam_3_3_4,3304
7795,Beam_3_3_12,20478,0.051891,0.27543,0.026227,3,3,278,3,12,4,Beam_3_3_4,3304
7796,Beam_3_3_12,20410,0.051891,0.27543,0.025153,3,3,278,3,12,4,Beam_3_3_4,3304
7797,Beam_3_3_12,20417,0.041895,0.2758,0.025006,3,3,278,3,12,4,Beam_3_3_4,3304
7798,Beam_3_3_12,20469,0.041895,0.2758,0.026083,3,3,278,3,12,4,Beam_3_3_4,3304
7799,Beam_3_3_12,20428,0.057109,0.2758,0.025005,3,3,278,3,12,4,Beam_3_3_4,3304
7800,Beam_3_3_12,20464,0.057109,0.2758,0.026082,3,3,278,3,12,4,Beam_3_3_4,3304
7801,Beam_3_3_12,20413,0.044756,0.27605,0.024903,3,3,278,3,12,4,Beam_3_3_4,3304
7802,Beam_3_3_12,20473,0.044756,0.27605,0.025982,3,3,278,3,12,4,Beam_3_3_4,3304
7803,Beam_3_3_12,20477,0.054258,0.27605,0.025982,3,3,278,3,12,4,Beam_3_3_4,3304
7804,Beam_3_3_12,20409,0.054258,0.27605,0.024903,3,3,278,3,12,4,Beam_3_3_4,3304
7805,Beam_3_3_12,20474,0.042373,0.27668,0.025728,3,3,278,3,12,4,Beam_3_3_4,3304
7806,Beam_3_3_12,20414,0.042373,0.27668,0.024645,3,3,278,3,12,4,Beam_3_3_4,3304
7807,Beam_3_3_12,20408,0.056634,0.27668,0.024645,3,3,278,3,12,4,Beam_3_3_4,3304
7808,Beam_3_3_12,20476,0.056634,0.27668,0.025728,3,3,278,3,12,4,Beam_3_3_4,3304
7809,Beam_3_3_12,25475,0.04,0.2778,0.024705,3,3,278,3,12,4,Beam_3_3_4,3304
7810,Beam_3_3_12,25478,0.04475,0.2778,0.024705,3,3,278,3,12,4,Beam_3_3_4,3304
7811,Beam_3_3_12,25477,0.0495,0.2778,0.024705,3,3,278,3,12,4,Beam_3_3_4,3304
7812,Beam_3_3_12,25476,0.05425,0.2778,0.024705,3,3,278,3,12,4,Beam_3_3_4,3304
7813,Beam_3_3_12,25474,0.059,0.2778,0.024705,3,3,278,3,12,4,Beam_3_3_4,3304
7814,Beam_3_3_13,19145,0.042381,0.27893,0.02365,3,3,224,3,13,3,Beam_3_3_3,3303
7815,Beam_3_3_13,19157,0.042381,0.27893,0.02475,3,3,224,3,13,3,Beam_3_3_3,3303
7816,Beam_3_3_13,19139,0.056619,0.27893,0.02365,3,3,224,3,13,3,Beam_3_3_3,3303
7817,Beam_3_3_13,19159,0.056619,0.27893,0.02475,3,3,224,3,13,3,Beam_3_3_3,3303
7818,Beam_3_3_13,19156,0.044752,0.27956,0.024464,3,3,224,3,13,3,Beam_3_3_3,3303
7819,Beam_3_3_13,19144,0.044752,0.27956,0.023359,3,3,224,3,13,3,Beam_3_3_3,3303
7820,Beam_3_3_13,19140,0.054248,0.27956,0.023359,3,3,224,3,13,3,Beam_3_3_3,3303
7821,Beam_3_3_13,19160,0.054248,0.27956,0.024464,3,3,224,3,13,3,Beam_3_3_3,3303
7822,Beam_3_3_13,19171,0.041903,0.27981,0.024346,3,3,224,3,13,3,Beam_3_3_3,3303
7823,Beam_3_3_13,19127,0.041903,0.27981,0.023239,3,3,224,3,13,3,Beam_3_3_3,3303
7824,Beam_3_3_13,19162,0.057101,0.27982,0.02434,3,3,224,3,13,3,Beam_3_3_3,3303
7825,Beam_3_3_13,19135,0.057101,0.27982,0.023233,3,3,224,3,13,3,Beam_3_3_3,3303
7826,Beam_3_3_13,19155,0.047132,0.28018,0.024169,3,3,224,3,13,3,Beam_3_3_3,3303
7827,Beam_3_3_13,19143,0.047132,0.28018,0.023059,3,3,224,3,13,3,Beam_3_3_3,3303
7828,Beam_3_3_13,19161,0.051868,0.28018,0.024169,3,3,224,3,13,3,Beam_3_3_3,3303
7829,Beam_3_3_13,19141,0.051868,0.28018,0.023059,3,3,224,3,13,3,Beam_3_3_3,3303
7830,Beam_3_3_13,19170,0.043799,0.28031,0.024109,3,3,224,3,13,3,Beam_3_3_3,3303
7831,Beam_3_3_13,19126,0.043799,0.28031,0.022998,3,3,224,3,13,3,Beam_3_3_3,3303
7832,Beam_3_3_13,19163,0.05521,0.28032,0.024105,3,3,224,3,13,3,Beam_3_3_3,3303
7833,Beam_3_3_13,19136,0.05521,0.28032,0.022993,3,3,224,3,13,3,Beam_3_3_3,3303
7834,Beam_3_3_13,19158,0.0495,0.2808,0.023869,3,3,224,3,13,3,Beam_3_3_3,3303
7835,Beam_3_3_13,19142,0.0495,0.2808,0.022753,3,3,224,3,13,3,Beam_3_3_3,3303
7836,Beam_3_3_13,19169,0.045701,0.28081,0.023867,3,3,224,3,13,3,Beam_3_3_3,3303
7837,Beam_3_3_13,19125,0.045701,0.28081,0.022752,3,3,224,3,13,3,Beam_3_3_3,3303
7838,Beam_3_3_13,19137,0.053312,0.28081,0.022748,3,3,224,3,13,3,Beam_3_3_3,3303
7839,Beam_3_3_13,19164,0.053312,0.28081,0.023864,3,3,224,3,13,3,Beam_3_3_3,3303
7840,Beam_3_3_13,19124,0.047595,0.2813,0.022501,3,3,224,3,13,3,Beam_3_3_3,3303
7841,Beam_3_3_13,19172,0.047595,0.2813,0.023621,3,3,224,3,13,3,Beam_3_3_3,3303
7842,Beam_3_3_13,19129,0.051422,0.28131,0.022499,3,3,224,3,13,3,Beam_3_3_3,3303
7843,Beam_3_3_13,19165,0.051422,0.28131,0.023619,3,3,224,3,13,3,Beam_3_3_3,3303
7844,Beam_3_3_13,19123,0.045691,0.2818,0.022244,3,3,224,3,13,3,Beam_3_3_3,3303
7845,Beam_3_3_13,19175,0.045692,0.2818,0.023369,3,3,224,3,13,3,Beam_3_3_3,3303
7846,Beam_3_3_13,19179,0.049514,0.28181,0.023367,3,3,224,3,13,3,Beam_3_3_3,3303
7847,Beam_3_3_13,19115,0.049514,0.28181,0.022242,3,3,224,3,13,3,Beam_3_3_3,3303
7848,Beam_3_3_13,19166,0.053321,0.28181,0.023367,3,3,224,3,13,3,Beam_3_3_3,3303
7849,Beam_3_3_13,19130,0.053321,0.28181,0.022242,3,3,224,3,13,3,Beam_3_3_3,3303
7850,Beam_3_3_13,19122,0.043796,0.2823,0.021983,3,3,224,3,13,3,Beam_3_3_3,3303
7851,Beam_3_3_13,19174,0.043796,0.2823,0.023113,3,3,224,3,13,3,Beam_3_3_3,3303
7852,Beam_3_3_13,19131,0.055212,0.2823,0.021982,3,3,224,3,13,3,Beam_3_3_3,3303
7853,Beam_3_3_13,19167,0.055212,0.2823,0.023111,3,3,224,3,13,3,Beam_3_3_3,3303
7854,Beam_3_3_13,19176,0.047128,0.28243,0.023044,3,3,224,3,13,3,Beam_3_3_3,3303
7855,Beam_3_3_13,19116,0.047128,0.28243,0.021914,3,3,224,3,13,3,Beam_3_3_3,3303
7856,Beam_3_3_13,19114,0.051893,0.28243,0.021914,3,3,224,3,13,3,Beam_3_3_3,3303
7857,Beam_3_3_13,19182,0.051893,0.28243,0.023044,3,3,224,3,13,3,Beam_3_3_3,3303
7858,Beam_3_3_13,19173,0.041894,0.2828,0.02285,3,3,224,3,13,3,Beam_3_3_3,3303
7859,Beam_3_3_13,19121,0.041894,0.2828,0.021716,3,3,224,3,13,3,Beam_3_3_3,3303
7860,Beam_3_3_13,19132,0.05711,0.2828,0.021715,3,3,224,3,13,3,Beam_3_3_3,3303
7861,Beam_3_3_13,19168,0.05711,0.2828,0.02285,3,3,224,3,13,3,Beam_3_3_3,3303
7862,Beam_3_3_13,19117,0.044755,0.28305,0.021579,3,3,224,3,13,3,Beam_3_3_3,3303
7863,Beam_3_3_13,19177,0.044755,0.28305,0.022716,3,3,224,3,13,3,Beam_3_3_3,3303
7864,Beam_3_3_13,19181,0.054259,0.28305,0.022716,3,3,224,3,13,3,Beam_3_3_3,3303
7865,Beam_3_3_13,19113,0.054259,0.28305,0.021579,3,3,224,3,13,3,Beam_3_3_3,3303
7866,Beam_3_3_13,19178,0.042371,0.28368,0.022377,3,3,224,3,13,3,Beam_3_3_3,3303
7867,Beam_3_3_13,19118,0.042371,0.28368,0.021234,3,3,224,3,13,3,Beam_3_3_3,3303
7868,Beam_3_3_13,19180,0.056636,0.28368,0.022377,3,3,224,3,13,3,Beam_3_3_3,3303
7869,Beam_3_3_13,19112,0.056636,0.28368,0.021234,3,3,224,3,13,3,Beam_3_3_3,3303
7870,Beam_3_3_13,25538,0.04,0.2848,0.021166,3,3,224,3,13,3,Beam_3_3_3,3303
7871,Beam_3_3_13,25541,0.04475,0.2848,0.021166,3,3,224,3,13,3,Beam_3_3_3,3303
7872,Beam_3_3_13,25540,0.0495,0.2848,0.021166,3,3,224,3,13,3,Beam_3_3_3,3303
7873,Beam_3_3_13,25539,0.05425,0.2848,0.021166,3,3,224,3,13,3,Beam_3_3_3,3303
7874,Beam_3_3_13,25537,0.059,0.2848,0.021166,3,3,224,3,13,3,Beam_3_3_3,3303
7875,Beam_3_3_14,17868,0.042384,0.28594,0.021082,3,3,170,3,14,1,Beam_3_3_1,3301
7876,Beam_3_3_14,17840,0.042384,0.28594,0.019914,3,3,170,3,14,1,Beam_3_3_1,3301
7877,Beam_3_3_14,17870,0.056616,0.28594,0.021082,3,3,170,3,14,1,Beam_3_3_1,3301
7878,Beam_3_3_14,17834,0.056616,0.28594,0.019914,3,3,170,3,14,1,Beam_3_3_1,3301
7879,Beam_3_3_14,17839,0.044753,0.28656,0.01953,3,3,170,3,14,1,Beam_3_3_1,3301
7880,Beam_3_3_14,17867,0.044753,0.28656,0.020706,3,3,170,3,14,1,Beam_3_3_1,3301
7881,Beam_3_3_14,17871,0.054247,0.28656,0.020706,3,3,170,3,14,1,Beam_3_3_1,3301
7882,Beam_3_3_14,17835,0.054247,0.28656,0.01953,3,3,170,3,14,1,Beam_3_3_1,3301
7883,Beam_3_3_14,17882,0.041905,0.28681,0.020551,3,3,170,3,14,1,Beam_3_3_1,3301
7884,Beam_3_3_14,17822,0.041905,0.28681,0.019372,3,3,170,3,14,1,Beam_3_3_1,3301
7885,Beam_3_3_14,17859,0.0571,0.28682,0.020543,3,3,170,3,14,1,Beam_3_3_1,3301
7886,Beam_3_3_14,17848,0.0571,0.28682,0.019364,3,3,170,3,14,1,Beam_3_3_1,3301
7887,Beam_3_3_14,17866,0.047134,0.28718,0.020319,3,3,170,3,14,1,Beam_3_3_1,3301
7888,Beam_3_3_14,17838,0.047135,0.28718,0.019135,3,3,170,3,14,1,Beam_3_3_1,3301
7889,Beam_3_3_14,17836,0.051865,0.28718,0.019135,3,3,170,3,14,1,Beam_3_3_1,3301
7890,Beam_3_3_14,17872,0.051866,0.28718,0.020319,3,3,170,3,14,1,Beam_3_3_1,3301
7891,Beam_3_3_14,17881,0.043799,0.28731,0.02024,3,3,170,3,14,1,Beam_3_3_1,3301
7892,Beam_3_3_14,17821,0.043799,0.28731,0.019055,3,3,170,3,14,1,Beam_3_3_1,3301
7893,Beam_3_3_14,17849,0.055209,0.28732,0.019049,3,3,170,3,14,1,Beam_3_3_1,3301
7894,Beam_3_3_14,17860,0.055209,0.28732,0.020234,3,3,170,3,14,1,Beam_3_3_1,3301
7895,Beam_3_3_14,17869,0.0495,0.2878,0.019925,3,3,170,3,14,1,Beam_3_3_1,3301
7896,Beam_3_3_14,17837,0.0495,0.2878,0.018733,3,3,170,3,14,1,Beam_3_3_1,3301
7897,Beam_3_3_14,17880,0.045702,0.28781,0.019923,3,3,170,3,14,1,Beam_3_3_1,3301
7898,Beam_3_3_14,17820,0.045702,0.28781,0.018731,3,3,170,3,14,1,Beam_3_3_1,3301
7899,Beam_3_3_14,17850,0.05331,0.28781,0.018726,3,3,170,3,14,1,Beam_3_3_1,3301
7900,Beam_3_3_14,17861,0.05331,0.28781,0.019918,3,3,170,3,14,1,Beam_3_3_1,3301
7901,Beam_3_3_14,17883,0.047595,0.2883,0.019601,3,3,170,3,14,1,Beam_3_3_1,3301
7902,Beam_3_3_14,17819,0.047595,0.2883,0.018402,3,3,170,3,14,1,Beam_3_3_1,3301
7903,Beam_3_3_14,17842,0.051422,0.28831,0.0184,3,3,170,3,14,1,Beam_3_3_1,3301
7904,Beam_3_3_14,17862,0.051422,0.28831,0.019598,3,3,170,3,14,1,Beam_3_3_1,3301
7905,Beam_3_3_14,17818,0.045689,0.2888,0.018066,3,3,170,3,14,1,Beam_3_3_1,3301
7906,Beam_3_3_14,17886,0.04569,0.2888,0.019271,3,3,170,3,14,1,Beam_3_3_1,3301
7907,Beam_3_3_14,17876,0.049514,0.28881,0.019269,3,3,170,3,14,1,Beam_3_3_1,3301
7908,Beam_3_3_14,17828,0.049514,0.28881,0.018063,3,3,170,3,14,1,Beam_3_3_1,3301
7909,Beam_3_3_14,17863,0.053323,0.28881,0.019269,3,3,170,3,14,1,Beam_3_3_1,3301
7910,Beam_3_3_14,17843,0.053323,0.28881,0.018063,3,3,170,3,14,1,Beam_3_3_1,3301
7911,Beam_3_3_14,17817,0.043795,0.2893,0.017724,3,3,170,3,14,1,Beam_3_3_1,3301
7912,Beam_3_3_14,17885,0.043795,0.2893,0.018937,3,3,170,3,14,1,Beam_3_3_1,3301
7913,Beam_3_3_14,17844,0.055213,0.2893,0.017723,3,3,170,3,14,1,Beam_3_3_1,3301
7914,Beam_3_3_14,17864,0.055213,0.2893,0.018935,3,3,170,3,14,1,Beam_3_3_1,3301
7915,Beam_3_3_14,17873,0.047125,0.28943,0.018847,3,3,170,3,14,1,Beam_3_3_1,3301
7916,Beam_3_3_14,17829,0.047125,0.28943,0.017633,3,3,170,3,14,1,Beam_3_3_1,3301
7917,Beam_3_3_14,17879,0.051896,0.28943,0.018847,3,3,170,3,14,1,Beam_3_3_1,3301
7918,Beam_3_3_14,17827,0.051896,0.28943,0.017633,3,3,170,3,14,1,Beam_3_3_1,3301
7919,Beam_3_3_14,17816,0.041892,0.2898,0.017375,3,3,170,3,14,1,Beam_3_3_1,3301
7920,Beam_3_3_14,17884,0.041892,0.2898,0.018595,3,3,170,3,14,1,Beam_3_3_1,3301
7921,Beam_3_3_14,17865,0.057112,0.2898,0.018594,3,3,170,3,14,1,Beam_3_3_1,3301
7922,Beam_3_3_14,17845,0.057112,0.2898,0.017374,3,3,170,3,14,1,Beam_3_3_1,3301
7923,Beam_3_3_14,17830,0.044754,0.29005,0.017196,3,3,170,3,14,1,Beam_3_3_1,3301
7924,Beam_3_3_14,17874,0.044754,0.29005,0.018419,3,3,170,3,14,1,Beam_3_3_1,3301
7925,Beam_3_3_14,17878,0.05426,0.29005,0.018419,3,3,170,3,14,1,Beam_3_3_1,3301
7926,Beam_3_3_14,17826,0.054261,0.29005,0.017196,3,3,170,3,14,1,Beam_3_3_1,3301
7927,Beam_3_3_14,17875,0.042367,0.29068,0.017978,3,3,170,3,14,1,Beam_3_3_1,3301
7928,Beam_3_3_14,17831,0.042367,0.29068,0.016745,3,3,170,3,14,1,Beam_3_3_1,3301
7929,Beam_3_3_14,17877,0.05664,0.29068,0.017978,3,3,170,3,14,1,Beam_3_3_1,3301
7930,Beam_3_3_14,17825,0.05664,0.29068,0.016745,3,3,170,3,14,1,Beam_3_3_1,3301
7931,Beam_3_3_14,25547,0.04,0.2918,0.016529,3,3,170,3,14,1,Beam_3_3_1,3301
7932,Beam_3_3_14,25550,0.04475,0.2918,0.016529,3,3,170,3,14,1,Beam_3_3_1,3301
7933,Beam_3_3_14,25549,0.0495,0.2918,0.016529,3,3,170,3,14,1,Beam_3_3_1,3301
7934,Beam_3_3_14,25548,0.05425,0.2918,0.016529,3,3,170,3,14,1,Beam_3_3_1,3301
7935,Beam_3_3_14,25546,0.059,0.2918,0.016529,3,3,170,3,14,1,Beam_3_3_1,3301
7936,Beam_3_3_15,16545,0.04159,0.29273,0.015189,3,3,116,3,15,2,Beam_3_3_2,3302
7937,Beam_3_3_15,16559,0.04159,0.29273,0.016457,3,3,116,3,15,2,Beam_3_3_2,3302
7938,Beam_3_3_15,16561,0.05741,0.29273,0.016457,3,3,116,3,15,2,Beam_3_3_2,3302
7939,Beam_3_3_15,16535,0.05741,0.29273,0.015189,3,3,116,3,15,2,Beam_3_3_2,3302
7940,Beam_3_3_15,16558,0.04317,0.29314,0.016135,3,3,116,3,15,2,Beam_3_3_2,3302
7941,Beam_3_3_15,16544,0.043171,0.29314,0.01486,3,3,116,3,15,2,Beam_3_3_2,3302
7942,Beam_3_3_15,16536,0.055829,0.29314,0.01486,3,3,116,3,15,2,Beam_3_3_2,3302
7943,Beam_3_3_15,16562,0.05583,0.29314,0.016135,3,3,116,3,15,2,Beam_3_3_2,3302
7944,Beam_3_3_15,16557,0.044759,0.29356,0.015807,3,3,116,3,15,2,Beam_3_3_2,3302
7945,Beam_3_3_15,16543,0.044759,0.29356,0.014523,3,3,116,3,15,2,Beam_3_3_2,3302
7946,Beam_3_3_15,16537,0.054241,0.29356,0.014523,3,3,116,3,15,2,Beam_3_3_2,3302
7947,Beam_3_3_15,16563,0.054241,0.29356,0.015807,3,3,116,3,15,2,Beam_3_3_2,3302
7948,Beam_3_3_15,16586,0.041907,0.29381,0.015606,3,3,116,3,15,2,Beam_3_3_2,3302
7949,Beam_3_3_15,16510,0.041908,0.29381,0.014317,3,3,116,3,15,2,Beam_3_3_2,3302
7950,Beam_3_3_15,16572,0.057097,0.29382,0.015596,3,3,116,3,15,2,Beam_3_3_2,3302
7951,Beam_3_3_15,16528,0.057097,0.29382,0.014307,3,3,116,3,15,2,Beam_3_3_2,3302
7952,Beam_3_3_15,16542,0.046337,0.29397,0.014183,3,3,116,3,15,2,Beam_3_3_2,3302
7953,Beam_3_3_15,16556,0.046337,0.29397,0.015475,3,3,116,3,15,2,Beam_3_3_2,3302
7954,Beam_3_3_15,16564,0.052663,0.29397,0.015475,3,3,116,3,15,2,Beam_3_3_2,3302
7955,Beam_3_3_15,16538,0.052663,0.29397,0.014183,3,3,116,3,15,2,Beam_3_3_2,3302
7956,Beam_3_3_15,16585,0.0438,0.29431,0.015203,3,3,116,3,15,2,Beam_3_3_2,3302
7957,Beam_3_3_15,16509,0.043801,0.29431,0.013905,3,3,116,3,15,2,Beam_3_3_2,3302
7958,Beam_3_3_15,16527,0.055208,0.29432,0.013897,3,3,116,3,15,2,Beam_3_3_2,3302
7959,Beam_3_3_15,16571,0.055208,0.29432,0.015195,3,3,116,3,15,2,Beam_3_3_2,3302
7960,Beam_3_3_15,16541,0.047924,0.29439,0.013836,3,3,116,3,15,2,Beam_3_3_2,3302
7961,Beam_3_3_15,16555,0.047924,0.29439,0.015136,3,3,116,3,15,2,Beam_3_3_2,3302
7962,Beam_3_3_15,16565,0.051076,0.29439,0.015136,3,3,116,3,15,2,Beam_3_3_2,3302
7963,Beam_3_3_15,16539,0.051076,0.29439,0.013836,3,3,116,3,15,2,Beam_3_3_2,3302
7964,Beam_3_3_15,16540,0.0495,0.2948,0.013486,3,3,116,3,15,2,Beam_3_3_2,3302
7965,Beam_3_3_15,16560,0.0495,0.2948,0.014794,3,3,116,3,15,2,Beam_3_3_2,3302
7966,Beam_3_3_15,16508,0.045705,0.29481,0.013482,3,3,116,3,15,2,Beam_3_3_2,3302
7967,Beam_3_3_15,16584,0.045705,0.29481,0.01479,3,3,116,3,15,2,Beam_3_3_2,3302
7968,Beam_3_3_15,16570,0.053307,0.29481,0.014785,3,3,116,3,15,2,Beam_3_3_2,3302
7969,Beam_3_3_15,16526,0.053307,0.29481,0.013476,3,3,116,3,15,2,Beam_3_3_2,3302
7970,Beam_3_3_15,16507,0.047595,0.2953,0.013055,3,3,116,3,15,2,Beam_3_3_2,3302
7971,Beam_3_3_15,16587,0.047595,0.2953,0.014373,3,3,116,3,15,2,Beam_3_3_2,3302
7972,Beam_3_3_15,16525,0.051422,0.29531,0.013051,3,3,116,3,15,2,Beam_3_3_2,3302
7973,Beam_3_3_15,16569,0.051422,0.29531,0.01437,3,3,116,3,15,2,Beam_3_3_2,3302
7974,Beam_3_3_15,16506,0.045686,0.2958,0.012614,3,3,116,3,15,2,Beam_3_3_2,3302
7975,Beam_3_3_15,16590,0.045686,0.2958,0.013944,3,3,116,3,15,2,Beam_3_3_2,3302
7976,Beam_3_3_15,16518,0.049514,0.29581,0.012612,3,3,116,3,15,2,Beam_3_3_2,3302
7977,Beam_3_3_15,16578,0.049514,0.29581,0.013942,3,3,116,3,15,2,Beam_3_3_2,3302
7978,Beam_3_3_15,16568,0.053326,0.29581,0.013941,3,3,116,3,15,2,Beam_3_3_2,3302
7979,Beam_3_3_15,16533,0.053326,0.29581,0.012611,3,3,116,3,15,2,Beam_3_3_2,3302
7980,Beam_3_3_15,16519,0.04792,0.29622,0.012239,3,3,116,3,15,2,Beam_3_3_2,3302
7981,Beam_3_3_15,16573,0.04792,0.29622,0.013578,3,3,116,3,15,2,Beam_3_3_2,3302
7982,Beam_3_3_15,16583,0.051103,0.29622,0.013578,3,3,116,3,15,2,Beam_3_3_2,3302
7983,Beam_3_3_15,16517,0.051104,0.29622,0.012239,3,3,116,3,15,2,Beam_3_3_2,3302
7984,Beam_3_3_15,16589,0.043794,0.2963,0.01351,3,3,116,3,15,2,Beam_3_3_2,3302
7985,Beam_3_3_15,16505,0.043794,0.2963,0.012169,3,3,116,3,15,2,Beam_3_3_2,3302
7986,Beam_3_3_15,16567,0.055214,0.2963,0.013508,3,3,116,3,15,2,Beam_3_3_2,3302
7987,Beam_3_3_15,16532,0.055215,0.2963,0.012167,3,3,116,3,15,2,Beam_3_3_2,3302
7988,Beam_3_3_15,16520,0.046337,0.29664,0.011862,3,3,116,3,15,2,Beam_3_3_2,3302
7989,Beam_3_3_15,16574,0.046338,0.29664,0.013211,3,3,116,3,15,2,Beam_3_3_2,3302
7990,Beam_3_3_15,16582,0.052681,0.29664,0.013211,3,3,116,3,15,2,Beam_3_3_2,3302
7991,Beam_3_3_15,16516,0.052682,0.29664,0.011862,3,3,116,3,15,2,Beam_3_3_2,3302
7992,Beam_3_3_15,16504,0.041888,0.2968,0.011712,3,3,116,3,15,2,Beam_3_3_2,3302
7993,Beam_3_3_15,16588,0.041888,0.2968,0.013065,3,3,116,3,15,2,Beam_3_3_2,3302
7994,Beam_3_3_15,16566,0.057116,0.2968,0.013064,3,3,116,3,15,2,Beam_3_3_2,3302
7995,Beam_3_3_15,16531,0.057116,0.2968,0.011711,3,3,116,3,15,2,Beam_3_3_2,3302
7996,Beam_3_3_15,16521,0.044745,0.29705,0.011477,3,3,116,3,15,2,Beam_3_3_2,3302
7997,Beam_3_3_15,16575,0.044746,0.29705,0.012836,3,3,116,3,15,2,Beam_3_3_2,3302
7998,Beam_3_3_15,16581,0.054268,0.29705,0.012836,3,3,116,3,15,2,Beam_3_3_2,3302
7999,Beam_3_3_15,16515,0.054269,0.29705,0.011477,3,3,116,3,15,2,Beam_3_3_2,3302
8000,Beam_3_3_15,16522,0.043166,0.29747,0.011088,3,3,116,3,15,2,Beam_3_3_2,3302
8001,Beam_3_3_15,16576,0.043166,0.29747,0.012457,3,3,116,3,15,2,Beam_3_3_2,3302
8002,Beam_3_3_15,16580,0.055843,0.29747,0.012457,3,3,116,3,15,2,Beam_3_3_2,3302
8003,Beam_3_3_15,16514,0.055844,0.29747,0.011088,3,3,116,3,15,2,Beam_3_3_2,3302
8004,Beam_3_3_15,16523,0.041577,0.29788,0.010691,3,3,116,3,15,2,Beam_3_3_2,3302
8005,Beam_3_3_15,16577,0.041577,0.29788,0.01207,3,3,116,3,15,2,Beam_3_3_2,3302
8006,Beam_3_3_15,16513,0.057428,0.29788,0.010691,3,3,116,3,15,2,Beam_3_3_2,3302
8007,Beam_3_3_15,16579,0.057428,0.29788,0.01207,3,3,116,3,15,2,Beam_3_3_2,3302
8008,Beam_3_3_15,25556,0.04,0.29899,0.010367,3,3,116,3,15,2,Beam_3_3_2,3302
8009,Beam_3_3_15,25559,0.04475,0.29899,0.010367,3,3,116,3,15,2,Beam_3_3_2,3302
8010,Beam_3_3_15,25558,0.0495,0.29899,0.010367,3,3,116,3,15,2,Beam_3_3_2,3302
8011,Beam_3_3_15,25557,0.05425,0.29899,0.010367,3,3,116,3,15,2,Beam_3_3_2,3302
8012,Beam_3_3_15,25555,0.059,0.29899,0.010367,3,3,116,3,15,2,Beam_3_3_2,3302
