Beam	Node	X	Y	Z	track	arch	original
Beam_1_1_2	24746	0.0	0.00080961	0.010193	1	1	1
Beam_1_1_2	24749	0.00475	0.00080961	0.010193	1	1	1
Beam_1_1_2	24748	0.0095	0.00080961	0.010193	1	1	1
Beam_1_1_2	24747	0.01425	0.00080961	0.010193	1	1	1
Beam_1_1_2	24745	0.019	0.00080961	0.010193	1	1	1
Beam_1_1_1	15043	0.0015739	0.0017229	0.010308	1	1	65
Beam_1_1_1	15069	0.0015742	0.0017229	0.011699	1	1	65
Beam_1_1_1	15046	0.017426	0.0017229	0.010308	1	1	65
Beam_1_1_1	15059	0.017426	0.0017229	0.011699	1	1	65
Beam_1_1_1	15042	0.0031608	0.0021394	0.010713	1	1	65
Beam_1_1_1	15047	0.015839	0.0021394	0.010713	1	1	65
Beam_1_1_1	15068	0.0031613	0.0021395	0.012092	1	1	65
Beam_1_1_1	15060	0.015839	0.0021395	0.012092	1	1	65
Beam_1_1_1	15041	0.004738	0.0025533	0.011108	1	1	65
Beam_1_1_1	15048	0.014262	0.0025533	0.011108	1	1	65
Beam_1_1_1	15067	0.0047385	0.0025534	0.012477	1	1	65
Beam_1_1_1	15061	0.014262	0.0025534	0.012477	1	1	65
Beam_1_1_1	15032	0.001888	0.0028053	0.011346	1	1	65
Beam_1_1_1	15076	0.0018882	0.0028054	0.012708	1	1	65
Beam_1_1_1	15008	0.017116	0.0028175	0.011357	1	1	65
Beam_1_1_1	15092	0.017116	0.0028176	0.012719	1	1	65
Beam_1_1_1	15040	0.0063276	0.0029705	0.0115	1	1	65
Beam_1_1_1	15049	0.012672	0.0029705	0.0115	1	1	65
Beam_1_1_1	15066	0.0063281	0.0029706	0.012858	1	1	65
Beam_1_1_1	15062	0.012672	0.0029706	0.012858	1	1	65
Beam_1_1_1	15031	0.0037936	0.0033054	0.01181	1	1	65
Beam_1_1_1	15075	0.0037939	0.0033055	0.01316	1	1	65
Beam_1_1_1	15009	0.015215	0.003315	0.011819	1	1	65
Beam_1_1_1	15093	0.015215	0.0033151	0.013169	1	1	65
Beam_1_1_1	15039	0.0079079	0.0033852	0.011883	1	1	65
Beam_1_1_1	15050	0.011092	0.0033852	0.011883	1	1	65
Beam_1_1_1	15065	0.0079081	0.0033853	0.013232	1	1	65
Beam_1_1_1	15063	0.011092	0.0033853	0.013232	1	1	65
Beam_1_1_1	15030	0.0056859	0.0038021	0.012262	1	1	65
Beam_1_1_1	15074	0.0056861	0.0038021	0.013601	1	1	65
Beam_1_1_1	15064	0.0095	0.0038031	0.013602	1	1	65
Beam_1_1_1	15038	0.0095	0.0038031	0.012263	1	1	65
Beam_1_1_1	15010	0.013327	0.0038091	0.012268	1	1	65
Beam_1_1_1	15094	0.013326	0.0038092	0.013607	1	1	65
Beam_1_1_1	15073	0.0075949	0.0043031	0.014037	1	1	65
Beam_1_1_1	15029	0.0075949	0.0043031	0.012709	1	1	65
Beam_1_1_1	15091	0.011422	0.0043075	0.01404	1	1	65
Beam_1_1_1	15011	0.011422	0.0043075	0.012713	1	1	65
Beam_1_1_1	15037	0.0057057	0.0047989	0.013143	1	1	65
Beam_1_1_1	15072	0.0057055	0.004799	0.01446	1	1	65
Beam_1_1_1	15088	0.013307	0.0048023	0.014463	1	1	65
Beam_1_1_1	15012	0.013307	0.0048023	0.013146	1	1	65
Beam_1_1_1	15082	0.0095141	0.0048068	0.014466	1	1	65
Beam_1_1_1	15016	0.0095141	0.0048068	0.01315	1	1	65
Beam_1_1_1	15083	0.0079357	0.0052198	0.014813	1	1	65
Beam_1_1_1	15017	0.0079359	0.0052198	0.013505	1	1	65
Beam_1_1_1	15081	0.011088	0.0052198	0.014813	1	1	65
Beam_1_1_1	15028	0.011088	0.0052198	0.013505	1	1	65
Beam_1_1_1	15071	0.0038005	0.0052989	0.014879	1	1	65
Beam_1_1_1	15036	0.0038007	0.0052989	0.013573	1	1	65
Beam_1_1_1	15013	0.015208	0.0053011	0.013575	1	1	65
Beam_1_1_1	15089	0.015208	0.0053012	0.014881	1	1	65
Beam_1_1_1	15018	0.006347	0.0056355	0.013857	1	1	65
Beam_1_1_1	15027	0.012672	0.0056355	0.013857	1	1	65
Beam_1_1_1	15084	0.0063467	0.0056356	0.015156	1	1	65
Beam_1_1_1	15080	0.012672	0.0056356	0.015156	1	1	65
Beam_1_1_1	15070	0.0019077	0.0057957	0.015287	1	1	65
Beam_1_1_1	15035	0.0019078	0.0057957	0.013991	1	1	65
Beam_1_1_1	15014	0.017096	0.0057968	0.013992	1	1	65
Beam_1_1_1	15090	0.017097	0.0057968	0.015288	1	1	65
Beam_1_1_1	15019	0.0047664	0.0060491	0.014202	1	1	65
Beam_1_1_1	15026	0.014248	0.0060491	0.014202	1	1	65
Beam_1_1_1	15085	0.0047661	0.0060492	0.015493	1	1	65
Beam_1_1_1	15079	0.014248	0.0060492	0.015493	1	1	65
Beam_1_1_1	15020	0.0031755	0.0064654	0.014543	1	1	65
Beam_1_1_1	15025	0.015834	0.0064654	0.014543	1	1	65
Beam_1_1_1	15086	0.0031753	0.0064655	0.015826	1	1	65
Beam_1_1_1	15078	0.015834	0.0064655	0.015826	1	1	65
Beam_1_1_1	15021	0.0015927	0.0068796	0.014877	1	1	65
Beam_1_1_1	15024	0.017412	0.0068796	0.014877	1	1	65
Beam_1_1_1	15087	0.0015925	0.0068797	0.016152	1	1	65
Beam_1_1_1	15077	0.017412	0.0068797	0.016152	1	1	65
Beam_1_1_1	24737	0.0	0.0078019	0.016231	1	1	65
Beam_1_1_1	24740	0.00475	0.0078019	0.016231	1	1	65
Beam_1_1_1	24739	0.0095	0.0078019	0.016231	1	1	65
Beam_1_1_1	24738	0.01425	0.0078019	0.016231	1	1	65
Beam_1_1_1	24736	0.019	0.0078019	0.016231	1	1	65
Beam_1_1_3	16621	0.0023633	0.00893	0.016456	1	1	119
Beam_1_1_3	16624	0.016637	0.00893	0.016456	1	1	119
Beam_1_1_3	16641	0.0023635	0.0089301	0.017696	1	1	119
Beam_1_1_3	16635	0.016637	0.0089301	0.017696	1	1	119
Beam_1_1_3	16620	0.0047461	0.0095554	0.016914	1	1	119
Beam_1_1_3	16625	0.014254	0.0095554	0.016914	1	1	119
Beam_1_1_3	16640	0.0047463	0.0095555	0.018144	1	1	119
Beam_1_1_3	16636	0.014254	0.0095555	0.018144	1	1	119
Beam_1_1_3	16592	0.017113	0.0098184	0.017103	1	1	119
Beam_1_1_3	16660	0.017112	0.0098185	0.018329	1	1	119
Beam_1_1_3	16619	0.0071139	0.010177	0.017358	1	1	119
Beam_1_1_3	16639	0.007114	0.010177	0.018579	1	1	119
Beam_1_1_3	16626	0.011886	0.010177	0.017358	1	1	119
Beam_1_1_3	16637	0.011886	0.010177	0.018579	1	1	119
Beam_1_1_3	16611	0.0037951	0.010306	0.017449	1	1	119
Beam_1_1_3	16647	0.0037953	0.010306	0.018668	1	1	119
Beam_1_1_3	16661	0.015213	0.010315	0.018674	1	1	119
Beam_1_1_3	16593	0.015213	0.010315	0.017456	1	1	119
Beam_1_1_3	16610	0.0056893	0.010803	0.017796	1	1	119
Beam_1_1_3	16646	0.0056894	0.010803	0.019007	1	1	119
Beam_1_1_3	16638	0.0095	0.010803	0.019007	1	1	119
Beam_1_1_3	16618	0.0095	0.010803	0.017796	1	1	119
Beam_1_1_3	16594	0.013323	0.01081	0.017801	1	1	119
Beam_1_1_3	16662	0.013323	0.01081	0.019011	1	1	119
Beam_1_1_3	16609	0.0075949	0.011303	0.018138	1	1	119
Beam_1_1_3	16645	0.0075949	0.011303	0.019342	1	1	119
Beam_1_1_3	16595	0.011422	0.011308	0.018141	1	1	119
Beam_1_1_3	16659	0.011422	0.011308	0.019345	1	1	119
Beam_1_1_3	16644	0.0057025	0.0118	0.019668	1	1	119
Beam_1_1_3	16617	0.0057026	0.0118	0.018471	1	1	119
Beam_1_1_3	16656	0.01331	0.011803	0.01967	1	1	119
Beam_1_1_3	16596	0.01331	0.011803	0.018473	1	1	119
Beam_1_1_3	16600	0.0095141	0.011807	0.018476	1	1	119
Beam_1_1_3	16652	0.0095141	0.011807	0.019673	1	1	119
Beam_1_1_3	16643	0.0037994	0.012299	0.01999	1	1	119
Beam_1_1_3	16616	0.0037995	0.012299	0.0188	1	1	119
Beam_1_1_3	16597	0.015209	0.012301	0.018801	1	1	119
Beam_1_1_3	16657	0.015209	0.012301	0.019992	1	1	119
Beam_1_1_3	16653	0.0071452	0.012427	0.020072	1	1	119
Beam_1_1_3	16601	0.0071453	0.012427	0.018883	1	1	119
Beam_1_1_3	16608	0.011876	0.012427	0.018883	1	1	119
Beam_1_1_3	16651	0.011876	0.012427	0.020072	1	1	119
Beam_1_1_3	16642	0.0019048	0.012796	0.020305	1	1	119
Beam_1_1_3	16615	0.0019049	0.012796	0.019121	1	1	119
Beam_1_1_3	16598	0.017099	0.012798	0.019122	1	1	119
Beam_1_1_3	16658	0.017099	0.012798	0.020306	1	1	119
Beam_1_1_3	16654	0.0047599	0.013051	0.020464	1	1	119
Beam_1_1_3	16602	0.00476	0.013051	0.019283	1	1	119
Beam_1_1_3	16607	0.014254	0.013051	0.019283	1	1	119
Beam_1_1_3	16650	0.014254	0.013051	0.020464	1	1	119
Beam_1_1_3	16655	0.0023877	0.013672	0.020845	1	1	119
Beam_1_1_3	16603	0.0023878	0.013672	0.019672	1	1	119
Beam_1_1_3	16649	0.016619	0.013672	0.020845	1	1	119
Beam_1_1_3	16606	0.016619	0.013672	0.019672	1	1	119
Beam_1_1_3	24701	0.0	0.014802	0.020937	1	1	119
Beam_1_1_3	24704	0.00475	0.014802	0.020937	1	1	119
Beam_1_1_3	24703	0.0095	0.014802	0.020937	1	1	119
Beam_1_1_3	24702	0.01425	0.014802	0.020937	1	1	119
Beam_1_1_3	24700	0.019	0.014802	0.020937	1	1	119
Beam_1_1_4	17917	0.0023669	0.015931	0.021013	1	1	173
Beam_1_1_4	17937	0.002367	0.015931	0.02216	1	1	173
Beam_1_1_4	17931	0.016633	0.015931	0.02216	1	1	173
Beam_1_1_4	17920	0.016633	0.015931	0.021013	1	1	173
Beam_1_1_4	17916	0.0047478	0.016556	0.021363	1	1	173
Beam_1_1_4	17936	0.0047479	0.016556	0.022504	1	1	173
Beam_1_1_4	17921	0.014252	0.016556	0.021363	1	1	173
Beam_1_1_4	17932	0.014252	0.016556	0.022504	1	1	173
Beam_1_1_4	17944	0.0018938	0.016807	0.02264	1	1	173
Beam_1_1_4	17908	0.0018938	0.016807	0.021502	1	1	173
Beam_1_1_4	17956	0.01711	0.016819	0.022646	1	1	173
Beam_1_1_4	17888	0.01711	0.016819	0.021508	1	1	173
Beam_1_1_4	17935	0.0071173	0.017178	0.022838	1	1	173
Beam_1_1_4	17915	0.0071173	0.017178	0.021704	1	1	173
Beam_1_1_4	17933	0.011883	0.017178	0.022838	1	1	173
Beam_1_1_4	17922	0.011883	0.017178	0.021704	1	1	173
Beam_1_1_4	17907	0.0037961	0.017306	0.021773	1	1	173
Beam_1_1_4	17943	0.0037961	0.017306	0.022906	1	1	173
Beam_1_1_4	17889	0.015212	0.017316	0.021778	1	1	173
Beam_1_1_4	17957	0.015212	0.017316	0.022911	1	1	173
Beam_1_1_4	17934	0.0095	0.017803	0.023166	1	1	173
Beam_1_1_4	17914	0.0095	0.017803	0.022038	1	1	173
Beam_1_1_4	17942	0.0056914	0.017804	0.023166	1	1	173
Beam_1_1_4	17906	0.0056914	0.017804	0.022038	1	1	173
Beam_1_1_4	17958	0.013321	0.017811	0.02317	1	1	173
Beam_1_1_4	17890	0.013321	0.017811	0.022042	1	1	173
Beam_1_1_4	17905	0.0075949	0.018303	0.022299	1	1	173
Beam_1_1_4	17941	0.0075949	0.018303	0.023423	1	1	173
Beam_1_1_4	17955	0.011422	0.018308	0.023425	1	1	173
Beam_1_1_4	17891	0.011422	0.018308	0.022301	1	1	173
Beam_1_1_4	17940	0.0057006	0.0188	0.023673	1	1	173
Beam_1_1_4	17913	0.0057007	0.0188	0.022553	1	1	173
Beam_1_1_4	17892	0.013312	0.018804	0.022555	1	1	173
Beam_1_1_4	17952	0.013312	0.018804	0.023674	1	1	173
Beam_1_1_4	17948	0.0095141	0.018807	0.023676	1	1	173
Beam_1_1_4	17896	0.0095141	0.018807	0.022557	1	1	173
Beam_1_1_4	17939	0.0037986	0.019299	0.023919	1	1	173
Beam_1_1_4	17912	0.0037987	0.019299	0.022804	1	1	173
Beam_1_1_4	17953	0.01521	0.019302	0.02392	1	1	173
Beam_1_1_4	17893	0.01521	0.019302	0.022805	1	1	173
Beam_1_1_4	17949	0.0071423	0.019427	0.023981	1	1	173
Beam_1_1_4	17897	0.0071424	0.019427	0.022867	1	1	173
Beam_1_1_4	17904	0.011879	0.019427	0.022867	1	1	173
Beam_1_1_4	17947	0.011879	0.019427	0.023981	1	1	173
Beam_1_1_4	17911	0.001903	0.019797	0.023049	1	1	173
Beam_1_1_4	17938	0.001903	0.019797	0.024159	1	1	173
Beam_1_1_4	17894	0.017101	0.019798	0.023049	1	1	173
Beam_1_1_4	17954	0.017101	0.019798	0.02416	1	1	173
Beam_1_1_4	17898	0.0047588	0.020051	0.023172	1	1	173
Beam_1_1_4	17950	0.0047588	0.020051	0.02428	1	1	173
Beam_1_1_4	17946	0.014255	0.020051	0.02428	1	1	173
Beam_1_1_4	17903	0.014255	0.020051	0.023172	1	1	173
Beam_1_1_4	17951	0.0023849	0.020672	0.02457	1	1	173
Beam_1_1_4	17899	0.002385	0.020672	0.023467	1	1	173
Beam_1_1_4	17945	0.016622	0.020672	0.02457	1	1	173
Beam_1_1_4	17902	0.016622	0.020672	0.023467	1	1	173
Beam_1_1_4	24665	0.0	0.021802	0.024532	1	1	173
Beam_1_1_4	24668	0.00475	0.021802	0.024532	1	1	173
Beam_1_1_4	24667	0.0095	0.021802	0.024532	1	1	173
Beam_1_1_4	24666	0.01425	0.021802	0.024532	1	1	173
Beam_1_1_4	24664	0.019	0.021802	0.024532	1	1	173
Beam_1_1_5	19233	0.0023693	0.022932	0.025565	1	1	227
Beam_1_1_5	19213	0.0023693	0.022932	0.024479	1	1	227
Beam_1_1_5	19216	0.016631	0.022932	0.024479	1	1	227
Beam_1_1_5	19227	0.016631	0.022932	0.025565	1	1	227
Beam_1_1_5	19212	0.0047486	0.023556	0.024742	1	1	227
Beam_1_1_5	19232	0.0047486	0.023556	0.025823	1	1	227
Beam_1_1_5	19228	0.014251	0.023556	0.025823	1	1	227
Beam_1_1_5	19217	0.014251	0.023556	0.024742	1	1	227
Beam_1_1_5	19204	0.0018952	0.023807	0.024845	1	1	227
Beam_1_1_5	19240	0.0018953	0.023807	0.025925	1	1	227
Beam_1_1_5	19184	0.017109	0.023819	0.02485	1	1	227
Beam_1_1_5	19252	0.017109	0.023819	0.02593	1	1	227
Beam_1_1_5	19211	0.0071196	0.024178	0.024996	1	1	227
Beam_1_1_5	19231	0.0071196	0.024178	0.026074	1	1	227
Beam_1_1_5	19229	0.01188	0.024178	0.026074	1	1	227
Beam_1_1_5	19218	0.01188	0.024178	0.024996	1	1	227
Beam_1_1_5	19203	0.0037966	0.024306	0.025048	1	1	227
Beam_1_1_5	19239	0.0037966	0.024306	0.026124	1	1	227
Beam_1_1_5	19185	0.015212	0.024316	0.025052	1	1	227
Beam_1_1_5	19253	0.015212	0.024316	0.026128	1	1	227
Beam_1_1_5	19230	0.0095	0.024803	0.026318	1	1	227
Beam_1_1_5	19210	0.0095	0.024803	0.025245	1	1	227
Beam_1_1_5	19202	0.0056928	0.024804	0.025245	1	1	227
Beam_1_1_5	19238	0.0056929	0.024804	0.026318	1	1	227
Beam_1_1_5	19186	0.01332	0.024811	0.025248	1	1	227
Beam_1_1_5	19254	0.01332	0.024811	0.026321	1	1	227
Beam_1_1_5	19237	0.0075949	0.025303	0.026509	1	1	227
Beam_1_1_5	19201	0.0075949	0.025303	0.025439	1	1	227
Beam_1_1_5	19251	0.011422	0.025308	0.02651	1	1	227
Beam_1_1_5	19187	0.011422	0.025308	0.025441	1	1	227
Beam_1_1_5	19209	0.0056993	0.025801	0.025627	1	1	227
Beam_1_1_5	19236	0.0056993	0.025801	0.026694	1	1	227
Beam_1_1_5	19188	0.013313	0.025804	0.025629	1	1	227
Beam_1_1_5	19248	0.013313	0.025804	0.026695	1	1	227
Beam_1_1_5	19192	0.0095141	0.025807	0.02563	1	1	227
Beam_1_1_5	19244	0.0095141	0.025807	0.026696	1	1	227
Beam_1_1_5	19208	0.0037982	0.0263	0.025812	1	1	227
Beam_1_1_5	19235	0.0037982	0.0263	0.026876	1	1	227
Beam_1_1_5	19189	0.01521	0.026302	0.025813	1	1	227
Beam_1_1_5	19249	0.01521	0.026302	0.026877	1	1	227
Beam_1_1_5	19245	0.0071403	0.026428	0.026922	1	1	227
Beam_1_1_5	19193	0.0071403	0.026428	0.025859	1	1	227
Beam_1_1_5	19243	0.011881	0.026428	0.026922	1	1	227
Beam_1_1_5	19200	0.011881	0.026428	0.025859	1	1	227
Beam_1_1_5	19234	0.0019017	0.026797	0.027053	1	1	227
Beam_1_1_5	19207	0.0019017	0.026797	0.025992	1	1	227
Beam_1_1_5	19250	0.017103	0.026798	0.027053	1	1	227
Beam_1_1_5	19190	0.017103	0.026798	0.025992	1	1	227
Beam_1_1_5	19246	0.0047581	0.027051	0.027142	1	1	227
Beam_1_1_5	19194	0.0047582	0.027051	0.026082	1	1	227
Beam_1_1_5	19199	0.014256	0.027051	0.026082	1	1	227
Beam_1_1_5	19242	0.014256	0.027051	0.027142	1	1	227
Beam_1_1_5	19247	0.0023829	0.027673	0.027354	1	1	227
Beam_1_1_5	19195	0.002383	0.027673	0.026298	1	1	227
Beam_1_1_5	19241	0.016624	0.027673	0.027354	1	1	227
Beam_1_1_5	19198	0.016624	0.027673	0.026298	1	1	227
Beam_1_1_5	24656	0.0	0.028803	0.027198	1	1	227
Beam_1_1_5	24659	0.00475	0.028803	0.027198	1	1	227
Beam_1_1_5	24658	0.0095	0.028803	0.027198	1	1	227
Beam_1_1_5	24657	0.01425	0.028803	0.027198	1	1	227
Beam_1_1_5	24655	0.019	0.028803	0.027198	1	1	227
Beam_1_1_6	20509	0.0023711	0.029932	0.027027	1	1	281
Beam_1_1_6	20529	0.0023712	0.029932	0.028072	1	1	281
Beam_1_1_6	20523	0.016629	0.029932	0.028072	1	1	281
Beam_1_1_6	20512	0.016629	0.029932	0.027027	1	1	281
Beam_1_1_6	20508	0.0047491	0.030556	0.027214	1	1	281
Beam_1_1_6	20528	0.0047491	0.030556	0.028256	1	1	281
Beam_1_1_6	20524	0.014251	0.030556	0.028256	1	1	281
Beam_1_1_6	20513	0.014251	0.030556	0.027214	1	1	281
Beam_1_1_6	20536	0.0018964	0.030808	0.028328	1	1	281
Beam_1_1_6	20500	0.0018964	0.030808	0.027287	1	1	281
Beam_1_1_6	20548	0.017108	0.03082	0.028331	1	1	281
Beam_1_1_6	20480	0.017108	0.03082	0.027291	1	1	281
Beam_1_1_6	20507	0.0071214	0.031179	0.027394	1	1	281
Beam_1_1_6	20527	0.0071214	0.031179	0.028432	1	1	281
Beam_1_1_6	20514	0.011879	0.031179	0.027394	1	1	281
Beam_1_1_6	20525	0.011879	0.031179	0.028432	1	1	281
Beam_1_1_6	20499	0.0037969	0.031306	0.02743	1	1	281
Beam_1_1_6	20535	0.0037969	0.031306	0.028468	1	1	281
Beam_1_1_6	20549	0.015212	0.031316	0.028471	1	1	281
Beam_1_1_6	20481	0.015212	0.031316	0.027432	1	1	281
Beam_1_1_6	20526	0.0095	0.031803	0.028604	1	1	281
Beam_1_1_6	20506	0.0095	0.031803	0.027567	1	1	281
Beam_1_1_6	20498	0.0056939	0.031804	0.027568	1	1	281
Beam_1_1_6	20534	0.005694	0.031804	0.028604	1	1	281
Beam_1_1_6	20482	0.013319	0.031811	0.02757	1	1	281
Beam_1_1_6	20550	0.013319	0.031811	0.028606	1	1	281
Beam_1_1_6	20533	0.0075949	0.032303	0.028736	1	1	281
Beam_1_1_6	20497	0.0075949	0.032303	0.027702	1	1	281
Beam_1_1_6	20547	0.011422	0.032308	0.028737	1	1	281
Beam_1_1_6	20483	0.011422	0.032308	0.027703	1	1	281
Beam_1_1_6	20505	0.0056982	0.032801	0.027832	1	1	281
Beam_1_1_6	20532	0.0056982	0.032801	0.028864	1	1	281
Beam_1_1_6	20484	0.013314	0.032804	0.027833	1	1	281
Beam_1_1_6	20544	0.013314	0.032804	0.028865	1	1	281
Beam_1_1_6	20488	0.0095141	0.032807	0.027834	1	1	281
Beam_1_1_6	20540	0.0095141	0.032807	0.028866	1	1	281
Beam_1_1_6	20531	0.0037979	0.0333	0.028989	1	1	281
Beam_1_1_6	20504	0.0037979	0.0333	0.027959	1	1	281
Beam_1_1_6	20545	0.015211	0.033302	0.028989	1	1	281
Beam_1_1_6	20485	0.015211	0.033302	0.027959	1	1	281
Beam_1_1_6	20541	0.0071386	0.033428	0.02902	1	1	281
Beam_1_1_6	20489	0.0071386	0.033428	0.027991	1	1	281
Beam_1_1_6	20496	0.011882	0.033428	0.027991	1	1	281
Beam_1_1_6	20539	0.011882	0.033428	0.02902	1	1	281
Beam_1_1_6	20503	0.0019007	0.033798	0.028081	1	1	281
Beam_1_1_6	20530	0.0019007	0.033798	0.029109	1	1	281
Beam_1_1_6	20486	0.017104	0.033799	0.028081	1	1	281
Beam_1_1_6	20546	0.017104	0.033799	0.02911	1	1	281
Beam_1_1_6	20542	0.0047577	0.034051	0.029169	1	1	281
Beam_1_1_6	20490	0.0047578	0.034051	0.028142	1	1	281
Beam_1_1_6	20538	0.014256	0.034051	0.029169	1	1	281
Beam_1_1_6	20495	0.014256	0.034051	0.028142	1	1	281
Beam_1_1_6	20491	0.0023814	0.034673	0.028286	1	1	281
Beam_1_1_6	20543	0.0023814	0.034673	0.029312	1	1	281
Beam_1_1_6	20494	0.016626	0.034673	0.028286	1	1	281
Beam_1_1_6	20537	0.016626	0.034673	0.029312	1	1	281
Beam_1_1_6	24620	0.0	0.035803	0.029044	1	1	281
Beam_1_1_6	24623	0.00475	0.035803	0.029044	1	1	281
Beam_1_1_6	24622	0.0095	0.035803	0.029044	1	1	281
Beam_1_1_6	24621	0.01425	0.035803	0.029044	1	1	281
Beam_1_1_6	24619	0.019	0.035803	0.029044	1	1	281
Beam_1_1_7	21805	0.0023726	0.036932	0.028762	1	1	335
Beam_1_1_7	21825	0.0023726	0.036932	0.02978	1	1	335
Beam_1_1_7	21819	0.016627	0.036932	0.02978	1	1	335
Beam_1_1_7	21808	0.016627	0.036932	0.028762	1	1	335
Beam_1_1_7	21824	0.0047495	0.037556	0.029895	1	1	335
Beam_1_1_7	21804	0.0047495	0.037556	0.028879	1	1	335
Beam_1_1_7	21809	0.014251	0.037556	0.028879	1	1	335
Beam_1_1_7	21820	0.014251	0.037556	0.029895	1	1	335
Beam_1_1_7	21832	0.0018973	0.037808	0.02994	1	1	335
Beam_1_1_7	21796	0.0018973	0.037808	0.028924	1	1	335
Beam_1_1_7	21776	0.017107	0.03782	0.028927	1	1	335
Beam_1_1_7	21844	0.017107	0.03782	0.029942	1	1	335
Beam_1_1_7	21803	0.0071228	0.038179	0.02899	1	1	335
Beam_1_1_7	21823	0.0071229	0.038179	0.030005	1	1	335
Beam_1_1_7	21810	0.011877	0.038179	0.02899	1	1	335
Beam_1_1_7	21821	0.011877	0.038179	0.030005	1	1	335
Beam_1_1_7	21831	0.0037971	0.038306	0.030027	1	1	335
Beam_1_1_7	21795	0.0037971	0.038306	0.029012	1	1	335
Beam_1_1_7	21845	0.015211	0.038316	0.030028	1	1	335
Beam_1_1_7	21777	0.015211	0.038316	0.029014	1	1	335
Beam_1_1_7	21822	0.0095	0.038803	0.030109	1	1	335
Beam_1_1_7	21802	0.0095	0.038803	0.029096	1	1	335
Beam_1_1_7	21830	0.0056949	0.038804	0.030109	1	1	335
Beam_1_1_7	21794	0.0056949	0.038804	0.029096	1	1	335
Beam_1_1_7	21846	0.013318	0.038811	0.03011	1	1	335
Beam_1_1_7	21778	0.013318	0.038811	0.029097	1	1	335
Beam_1_1_7	21829	0.0075949	0.039303	0.030188	1	1	335
Beam_1_1_7	21793	0.0075949	0.039303	0.029176	1	1	335
Beam_1_1_7	21779	0.011422	0.039308	0.029177	1	1	335
Beam_1_1_7	21843	0.011422	0.039308	0.030189	1	1	335
Beam_1_1_7	21801	0.0056973	0.039801	0.029252	1	1	335
Beam_1_1_7	21828	0.0056973	0.039801	0.030263	1	1	335
Beam_1_1_7	21780	0.013315	0.039804	0.029253	1	1	335
Beam_1_1_7	21840	0.013315	0.039804	0.030264	1	1	335
Beam_1_1_7	21784	0.0095141	0.039807	0.029253	1	1	335
Beam_1_1_7	21836	0.0095141	0.039807	0.030264	1	1	335
Beam_1_1_7	21827	0.0037977	0.0403	0.030335	1	1	335
Beam_1_1_7	21800	0.0037977	0.0403	0.029325	1	1	335
Beam_1_1_7	21781	0.015211	0.040302	0.029325	1	1	335
Beam_1_1_7	21841	0.015211	0.040302	0.030335	1	1	335
Beam_1_1_7	21785	0.0071373	0.040429	0.029343	1	1	335
Beam_1_1_7	21837	0.0071373	0.040429	0.030353	1	1	335
Beam_1_1_7	21792	0.011884	0.040429	0.029343	1	1	335
Beam_1_1_7	21835	0.011884	0.040429	0.030353	1	1	335
Beam_1_1_7	21826	0.0018998	0.040798	0.030403	1	1	335
Beam_1_1_7	21799	0.0018998	0.040798	0.029394	1	1	335
Beam_1_1_7	21842	0.017104	0.040799	0.030403	1	1	335
Beam_1_1_7	21782	0.017104	0.040799	0.029394	1	1	335
Beam_1_1_7	21786	0.0047574	0.041051	0.029427	1	1	335
Beam_1_1_7	21838	0.0047574	0.041051	0.030436	1	1	335
Beam_1_1_7	21834	0.014257	0.041051	0.030436	1	1	335
Beam_1_1_7	21791	0.014257	0.041051	0.029427	1	1	335
Beam_1_1_7	21839	0.00238	0.041674	0.030513	1	1	335
Beam_1_1_7	21787	0.00238	0.041674	0.029506	1	1	335
Beam_1_1_7	21790	0.016627	0.041674	0.029506	1	1	335
Beam_1_1_7	21833	0.016627	0.041674	0.030513	1	1	335
Beam_1_1_7	24602	0.0	0.042803	0.030136	1	1	335
Beam_1_1_7	24605	0.00475	0.042803	0.030136	1	1	335
Beam_1_1_7	24604	0.0095	0.042803	0.030136	1	1	335
Beam_1_1_7	24603	0.01425	0.042803	0.030136	1	1	335
Beam_1_1_7	24601	0.019	0.042803	0.030136	1	1	335
Beam_1_1_8	23101	0.0023731	0.043933	0.029743	1	1	389
Beam_1_1_8	23121	0.0023731	0.043933	0.030747	1	1	389
Beam_1_1_8	23104	0.016627	0.043933	0.029743	1	1	389
Beam_1_1_8	23115	0.016627	0.043933	0.030747	1	1	389
Beam_1_1_8	23100	0.0047498	0.044556	0.029795	1	1	389
Beam_1_1_8	23120	0.0047498	0.044556	0.030798	1	1	389
Beam_1_1_8	23105	0.01425	0.044556	0.029795	1	1	389
Beam_1_1_8	23116	0.01425	0.044556	0.030798	1	1	389
Beam_1_1_8	23092	0.0018981	0.044808	0.029815	1	1	389
Beam_1_1_8	23128	0.0018981	0.044808	0.030817	1	1	389
Beam_1_1_8	23072	0.017106	0.04482	0.029816	1	1	389
Beam_1_1_8	23140	0.017106	0.04482	0.030818	1	1	389
Beam_1_1_8	23099	0.0071234	0.045179	0.029842	1	1	389
Beam_1_1_8	23119	0.0071235	0.045179	0.030844	1	1	389
Beam_1_1_8	23106	0.011877	0.045179	0.029842	1	1	389
Beam_1_1_8	23117	0.011877	0.045179	0.030844	1	1	389
Beam_1_1_8	23091	0.0037973	0.045306	0.02985	1	1	389
Beam_1_1_8	23127	0.0037973	0.045306	0.030853	1	1	389
Beam_1_1_8	23073	0.015211	0.045316	0.029851	1	1	389
Beam_1_1_8	23141	0.015211	0.045316	0.030853	1	1	389
Beam_1_1_8	23098	0.0095	0.045803	0.029882	1	1	389
Beam_1_1_8	23118	0.0095	0.045803	0.030884	1	1	389
Beam_1_1_8	23090	0.0056957	0.045805	0.029883	1	1	389
Beam_1_1_8	23126	0.0056957	0.045805	0.030884	1	1	389
Beam_1_1_8	23142	0.013317	0.045812	0.030885	1	1	389
Beam_1_1_8	23074	0.013317	0.045812	0.029883	1	1	389
Beam_1_1_8	23125	0.0075949	0.046303	0.030913	1	1	389
Beam_1_1_8	23089	0.0075949	0.046303	0.029911	1	1	389
Beam_1_1_8	23139	0.011422	0.046308	0.030913	1	1	389
Beam_1_1_8	23075	0.011422	0.046308	0.029911	1	1	389
Beam_1_1_8	23097	0.0056973	0.046801	0.029936	1	1	389
Beam_1_1_8	23124	0.0056973	0.046801	0.030937	1	1	389
Beam_1_1_8	23136	0.013315	0.046804	0.030937	1	1	389
Beam_1_1_8	23076	0.013315	0.046804	0.029936	1	1	389
Beam_1_1_8	23132	0.0095141	0.046807	0.030937	1	1	389
Beam_1_1_8	23080	0.0095141	0.046807	0.029936	1	1	389
Beam_1_1_8	23096	0.0037975	0.0473	0.029957	1	1	389
Beam_1_1_8	23123	0.0037975	0.0473	0.030958	1	1	389
Beam_1_1_8	23077	0.015211	0.047302	0.029957	1	1	389
Beam_1_1_8	23137	0.015211	0.047302	0.030958	1	1	389
Beam_1_1_8	23081	0.0071364	0.047429	0.029962	1	1	389
Beam_1_1_8	23133	0.0071364	0.047429	0.030963	1	1	389
Beam_1_1_8	23088	0.011885	0.047429	0.029962	1	1	389
Beam_1_1_8	23131	0.011885	0.047429	0.030963	1	1	389
Beam_1_1_8	23095	0.0018997	0.047798	0.029975	1	1	389
Beam_1_1_8	23122	0.0018997	0.047798	0.030976	1	1	389
Beam_1_1_8	23078	0.017105	0.047799	0.029975	1	1	389
Beam_1_1_8	23138	0.017105	0.047799	0.030976	1	1	389
Beam_1_1_8	23082	0.0047571	0.048052	0.029983	1	1	389
Beam_1_1_8	23134	0.0047571	0.048052	0.030983	1	1	389
Beam_1_1_8	23130	0.014257	0.048052	0.030983	1	1	389
Beam_1_1_8	23087	0.014257	0.048052	0.029983	1	1	389
Beam_1_1_8	23135	0.002379	0.048674	0.030998	1	1	389
Beam_1_1_8	23083	0.002379	0.048674	0.029997	1	1	389
Beam_1_1_8	23129	0.016628	0.048674	0.030998	1	1	389
Beam_1_1_8	23086	0.016628	0.048674	0.029997	1	1	389
Beam_1_1_8	24557	0.0	0.049803	0.030509	1	1	389
Beam_1_1_8	24560	0.00475	0.049803	0.030509	1	1	389
Beam_1_1_8	24559	0.0095	0.049803	0.030509	1	1	389
Beam_1_1_8	24558	0.01425	0.049803	0.030509	1	1	389
Beam_1_1_8	24556	0.019	0.049803	0.030509	1	1	389
Beam_1_1_9	23726	0.0023752	0.050933	0.030004	1	1	416
Beam_1_1_9	23786	0.0023752	0.050933	0.031004	1	1	416
Beam_1_1_9	23720	0.016625	0.050933	0.030004	1	1	416
Beam_1_1_9	23788	0.016625	0.050933	0.031004	1	1	416
Beam_1_1_9	23725	0.0047501	0.051556	0.029993	1	1	416
Beam_1_1_9	23785	0.0047501	0.051556	0.030993	1	1	416
Beam_1_1_9	23789	0.01425	0.051556	0.030993	1	1	416
Beam_1_1_9	23721	0.01425	0.051556	0.029993	1	1	416
Beam_1_1_9	23735	0.0018989	0.051808	0.029987	1	1	416
Beam_1_1_9	23779	0.0018989	0.051808	0.030987	1	1	416
Beam_1_1_9	23763	0.017105	0.05182	0.030987	1	1	416
Beam_1_1_9	23752	0.017105	0.05182	0.029986	1	1	416
Beam_1_1_9	23724	0.0071254	0.05218	0.029976	1	1	416
Beam_1_1_9	23784	0.0071254	0.05218	0.030976	1	1	416
Beam_1_1_9	23722	0.011875	0.05218	0.029976	1	1	416
Beam_1_1_9	23790	0.011875	0.05218	0.030976	1	1	416
Beam_1_1_9	23734	0.0037975	0.052306	0.029972	1	1	416
Beam_1_1_9	23778	0.0037975	0.052306	0.030972	1	1	416
Beam_1_1_9	23764	0.015211	0.052316	0.030972	1	1	416
Beam_1_1_9	23753	0.015211	0.052316	0.029971	1	1	416
Beam_1_1_9	23723	0.0095	0.052803	0.029953	1	1	416
Beam_1_1_9	23787	0.0095	0.052803	0.030954	1	1	416
Beam_1_1_9	23733	0.0056965	0.052805	0.029953	1	1	416
Beam_1_1_9	23777	0.0056965	0.052805	0.030954	1	1	416
Beam_1_1_9	23765	0.013316	0.052812	0.030954	1	1	416
Beam_1_1_9	23754	0.013316	0.052812	0.029953	1	1	416
Beam_1_1_9	23732	0.0075949	0.053303	0.029931	1	1	416
Beam_1_1_9	23780	0.0075949	0.053303	0.030932	1	1	416
Beam_1_1_9	23746	0.011422	0.053308	0.029931	1	1	416
Beam_1_1_9	23766	0.011422	0.053308	0.030932	1	1	416
Beam_1_1_9	23731	0.0056957	0.053802	0.029905	1	1	416
Beam_1_1_9	23783	0.0056957	0.053802	0.030907	1	1	416
Beam_1_1_9	23767	0.013317	0.053805	0.030907	1	1	416
Beam_1_1_9	23747	0.013317	0.053805	0.029905	1	1	416
Beam_1_1_9	23773	0.0095141	0.053807	0.030907	1	1	416
Beam_1_1_9	23741	0.0095141	0.053807	0.029905	1	1	416
Beam_1_1_9	23730	0.0037973	0.0543	0.029876	1	1	416
Beam_1_1_9	23782	0.0037973	0.0543	0.030878	1	1	416
Beam_1_1_9	23768	0.015211	0.054302	0.030878	1	1	416
Beam_1_1_9	23748	0.015211	0.054302	0.029876	1	1	416
Beam_1_1_9	23742	0.0071348	0.054429	0.029868	1	1	416
Beam_1_1_9	23770	0.0071348	0.054429	0.03087	1	1	416
Beam_1_1_9	23776	0.011886	0.054429	0.03087	1	1	416
Beam_1_1_9	23740	0.011886	0.054429	0.029868	1	1	416
Beam_1_1_9	23729	0.0018982	0.054798	0.029843	1	1	416
Beam_1_1_9	23781	0.0018982	0.054798	0.030846	1	1	416
Beam_1_1_9	23749	0.017106	0.054799	0.029843	1	1	416
Beam_1_1_9	23769	0.017106	0.054799	0.030845	1	1	416
Beam_1_1_9	23743	0.0047568	0.055052	0.029825	1	1	416
Beam_1_1_9	23771	0.0047568	0.055052	0.030828	1	1	416
Beam_1_1_9	23775	0.014257	0.055052	0.030828	1	1	416
Beam_1_1_9	23739	0.014257	0.055052	0.029825	1	1	416
Beam_1_1_9	23744	0.0023775	0.055674	0.029776	1	1	416
Beam_1_1_9	23772	0.0023775	0.055674	0.03078	1	1	416
Beam_1_1_9	23774	0.01663	0.055674	0.03078	1	1	416
Beam_1_1_9	23738	0.01663	0.055674	0.029776	1	1	416
Beam_1_1_9	24548	0.0	0.056803	0.030176	1	1	416
Beam_1_1_9	24551	0.00475	0.056803	0.030176	1	1	416
Beam_1_1_9	24550	0.0095	0.056803	0.030176	1	1	416
Beam_1_1_9	24549	0.01425	0.056803	0.030176	1	1	416
Beam_1_1_9	24547	0.019	0.056803	0.030176	1	1	416
Beam_1_1_10	22453	0.0023764	0.057933	0.029553	1	1	362
Beam_1_1_10	22473	0.0023764	0.057933	0.030559	1	1	362
Beam_1_1_10	22456	0.016624	0.057933	0.029553	1	1	362
Beam_1_1_10	22467	0.016624	0.057933	0.030559	1	1	362
Beam_1_1_10	22472	0.0047503	0.058557	0.030485	1	1	362
Beam_1_1_10	22452	0.0047504	0.058557	0.029478	1	1	362
Beam_1_1_10	22457	0.01425	0.058557	0.029478	1	1	362
Beam_1_1_10	22468	0.01425	0.058557	0.030485	1	1	362
Beam_1_1_10	22444	0.0018997	0.058808	0.029446	1	1	362
Beam_1_1_10	22480	0.0018997	0.058808	0.030454	1	1	362
Beam_1_1_10	22424	0.017104	0.058821	0.029444	1	1	362
Beam_1_1_10	22492	0.017105	0.058821	0.030452	1	1	362
Beam_1_1_10	22451	0.0071266	0.05918	0.029397	1	1	362
Beam_1_1_10	22471	0.0071266	0.05918	0.030406	1	1	362
Beam_1_1_10	22469	0.011873	0.05918	0.030406	1	1	362
Beam_1_1_10	22458	0.011873	0.05918	0.029397	1	1	362
Beam_1_1_10	22443	0.0037977	0.059307	0.02938	1	1	362
Beam_1_1_10	22479	0.0037977	0.059307	0.030389	1	1	362
Beam_1_1_10	22493	0.015211	0.059316	0.030388	1	1	362
Beam_1_1_10	22425	0.015211	0.059316	0.029378	1	1	362
Beam_1_1_10	22450	0.0095	0.059803	0.02931	1	1	362
Beam_1_1_10	22470	0.0095	0.059803	0.03032	1	1	362
Beam_1_1_10	22442	0.0056973	0.059805	0.02931	1	1	362
Beam_1_1_10	22478	0.0056973	0.059805	0.03032	1	1	362
Beam_1_1_10	22494	0.013315	0.059812	0.030319	1	1	362
Beam_1_1_10	22426	0.013315	0.059812	0.029309	1	1	362
Beam_1_1_10	22477	0.0075949	0.060303	0.030248	1	1	362
Beam_1_1_10	22441	0.0075949	0.060303	0.029237	1	1	362
Beam_1_1_10	22427	0.011422	0.060308	0.029236	1	1	362
Beam_1_1_10	22491	0.011422	0.060308	0.030247	1	1	362
Beam_1_1_10	22476	0.0056949	0.060802	0.030172	1	1	362
Beam_1_1_10	22449	0.0056949	0.060802	0.029159	1	1	362
Beam_1_1_10	22428	0.013318	0.060805	0.029159	1	1	362
Beam_1_1_10	22488	0.013318	0.060805	0.030171	1	1	362
Beam_1_1_10	22432	0.0095141	0.060807	0.029159	1	1	362
Beam_1_1_10	22484	0.0095141	0.060807	0.030171	1	1	362
Beam_1_1_10	22448	0.0037971	0.0613	0.029079	1	1	362
Beam_1_1_10	22475	0.0037972	0.0613	0.030092	1	1	362
Beam_1_1_10	22429	0.015211	0.061302	0.029078	1	1	362
Beam_1_1_10	22489	0.015211	0.061302	0.030092	1	1	362
Beam_1_1_10	22485	0.0071335	0.06143	0.030071	1	1	362
Beam_1_1_10	22433	0.0071335	0.06143	0.029057	1	1	362
Beam_1_1_10	22483	0.011888	0.06143	0.030071	1	1	362
Beam_1_1_10	22440	0.011888	0.06143	0.029057	1	1	362
Beam_1_1_10	22474	0.0018974	0.061798	0.030009	1	1	362
Beam_1_1_10	22447	0.0018974	0.061798	0.028994	1	1	362
Beam_1_1_10	22430	0.017107	0.0618	0.028994	1	1	362
Beam_1_1_10	22490	0.017107	0.0618	0.030009	1	1	362
Beam_1_1_10	22486	0.0047565	0.062052	0.029965	1	1	362
Beam_1_1_10	22434	0.0047565	0.062052	0.02895	1	1	362
Beam_1_1_10	22482	0.014258	0.062052	0.029965	1	1	362
Beam_1_1_10	22439	0.014258	0.062052	0.02895	1	1	362
Beam_1_1_10	22435	0.0023762	0.062675	0.028836	1	1	362
Beam_1_1_10	22487	0.0023762	0.062675	0.029853	1	1	362
Beam_1_1_10	22481	0.016631	0.062675	0.029853	1	1	362
Beam_1_1_10	22438	0.016631	0.062675	0.028836	1	1	362
Beam_1_1_10	24512	0.0	0.063803	0.029125	1	1	362
Beam_1_1_10	24515	0.00475	0.063803	0.029125	1	1	362
Beam_1_1_10	24514	0.0095	0.063803	0.029125	1	1	362
Beam_1_1_10	24513	0.01425	0.063803	0.029125	1	1	362
Beam_1_1_10	24511	0.019	0.063803	0.029125	1	1	362
Beam_1_1_11	21157	0.0023778	0.064934	0.028375	1	1	308
Beam_1_1_11	21177	0.0023778	0.064934	0.029399	1	1	308
Beam_1_1_11	21171	0.016622	0.064934	0.029399	1	1	308
Beam_1_1_11	21160	0.016622	0.064934	0.028375	1	1	308
Beam_1_1_11	21156	0.0047507	0.065557	0.028234	1	1	308
Beam_1_1_11	21176	0.0047507	0.065557	0.02926	1	1	308
Beam_1_1_11	21161	0.014249	0.065557	0.028234	1	1	308
Beam_1_1_11	21172	0.014249	0.065557	0.02926	1	1	308
Beam_1_1_11	21184	0.0019006	0.065809	0.029202	1	1	308
Beam_1_1_11	21148	0.0019006	0.065809	0.028175	1	1	308
Beam_1_1_11	21196	0.017104	0.065821	0.029199	1	1	308
Beam_1_1_11	21128	0.017104	0.065821	0.028172	1	1	308
Beam_1_1_11	21155	0.007128	0.066181	0.028086	1	1	308
Beam_1_1_11	21175	0.007128	0.066181	0.029114	1	1	308
Beam_1_1_11	21173	0.011872	0.066181	0.029114	1	1	308
Beam_1_1_11	21162	0.011872	0.066181	0.028086	1	1	308
Beam_1_1_11	21147	0.0037979	0.066307	0.028056	1	1	308
Beam_1_1_11	21183	0.0037979	0.066307	0.029084	1	1	308
Beam_1_1_11	21197	0.015211	0.066316	0.029082	1	1	308
Beam_1_1_11	21129	0.015211	0.066316	0.028053	1	1	308
Beam_1_1_11	21174	0.0095	0.066803	0.028964	1	1	308
Beam_1_1_11	21154	0.0095	0.066803	0.027933	1	1	308
Beam_1_1_11	21182	0.0056982	0.066805	0.028963	1	1	308
Beam_1_1_11	21146	0.0056982	0.066805	0.027932	1	1	308
Beam_1_1_11	21130	0.013315	0.066812	0.027931	1	1	308
Beam_1_1_11	21198	0.013315	0.066812	0.028961	1	1	308
Beam_1_1_11	21145	0.0075949	0.067303	0.027805	1	1	308
Beam_1_1_11	21181	0.0075949	0.067303	0.028838	1	1	308
Beam_1_1_11	21131	0.011422	0.067308	0.027804	1	1	308
Beam_1_1_11	21195	0.011422	0.067308	0.028837	1	1	308
Beam_1_1_11	21180	0.005694	0.067802	0.028709	1	1	308
Beam_1_1_11	21153	0.005694	0.067802	0.027674	1	1	308
Beam_1_1_11	21192	0.013319	0.067805	0.028708	1	1	308
Beam_1_1_11	21132	0.013319	0.067805	0.027673	1	1	308
Beam_1_1_11	21136	0.0095141	0.067807	0.027673	1	1	308
Beam_1_1_11	21188	0.0095141	0.067807	0.028707	1	1	308
Beam_1_1_11	21152	0.0037969	0.0683	0.027539	1	1	308
Beam_1_1_11	21179	0.0037969	0.0683	0.028576	1	1	308
Beam_1_1_11	21193	0.015212	0.068302	0.028575	1	1	308
Beam_1_1_11	21133	0.015212	0.068302	0.027539	1	1	308
Beam_1_1_11	21137	0.007132	0.06843	0.027503	1	1	308
Beam_1_1_11	21189	0.0071321	0.06843	0.02854	1	1	308
Beam_1_1_11	21187	0.011889	0.06843	0.02854	1	1	308
Beam_1_1_11	21144	0.011889	0.06843	0.027503	1	1	308
Beam_1_1_11	21151	0.0018964	0.068799	0.0274	1	1	308
Beam_1_1_11	21178	0.0018964	0.068799	0.028439	1	1	308
Beam_1_1_11	21194	0.017108	0.0688	0.028438	1	1	308
Beam_1_1_11	21134	0.017108	0.0688	0.0274	1	1	308
Beam_1_1_11	21138	0.0047562	0.069052	0.027328	1	1	308
Beam_1_1_11	21190	0.0047562	0.069052	0.028368	1	1	308
Beam_1_1_11	21186	0.014258	0.069052	0.028368	1	1	308
Beam_1_1_11	21143	0.014258	0.069052	0.027328	1	1	308
Beam_1_1_11	21139	0.0023747	0.069675	0.027146	1	1	308
Beam_1_1_11	21191	0.0023748	0.069675	0.028188	1	1	308
Beam_1_1_11	21185	0.016632	0.069675	0.028188	1	1	308
Beam_1_1_11	21142	0.016632	0.069675	0.027146	1	1	308
Beam_1_1_11	24521	0.0	0.070803	0.027323	1	1	308
Beam_1_1_11	24524	0.00475	0.070803	0.027323	1	1	308
Beam_1_1_11	24523	0.0095	0.070803	0.027323	1	1	308
Beam_1_1_11	24522	0.01425	0.070803	0.027323	1	1	308
Beam_1_1_11	24520	0.019	0.070803	0.027323	1	1	308
Beam_1_1_12	19881	0.0023793	0.071934	0.027485	1	1	254
Beam_1_1_12	19861	0.0023794	0.071934	0.026431	1	1	254
Beam_1_1_12	19875	0.016621	0.071934	0.027485	1	1	254
Beam_1_1_12	19864	0.016621	0.071934	0.026431	1	1	254
Beam_1_1_12	19880	0.0047511	0.072557	0.027276	1	1	254
Beam_1_1_12	19860	0.0047511	0.072557	0.026219	1	1	254
Beam_1_1_12	19865	0.014249	0.072557	0.026219	1	1	254
Beam_1_1_12	19876	0.014249	0.072557	0.027276	1	1	254
Beam_1_1_12	19852	0.0019016	0.072809	0.026131	1	1	254
Beam_1_1_12	19888	0.0019016	0.072809	0.02719	1	1	254
Beam_1_1_12	19900	0.017103	0.072821	0.027186	1	1	254
Beam_1_1_12	19832	0.017103	0.072821	0.026127	1	1	254
Beam_1_1_12	19879	0.0071296	0.073181	0.027061	1	1	254
Beam_1_1_12	19859	0.0071296	0.073181	0.026	1	1	254
Beam_1_1_12	19866	0.01187	0.073181	0.026	1	1	254
Beam_1_1_12	19877	0.01187	0.073181	0.027061	1	1	254
Beam_1_1_12	19887	0.0037982	0.073307	0.027016	1	1	254
Beam_1_1_12	19851	0.0037982	0.073307	0.025955	1	1	254
Beam_1_1_12	19833	0.01521	0.073316	0.025951	1	1	254
Beam_1_1_12	19901	0.01521	0.073316	0.027013	1	1	254
Beam_1_1_12	19878	0.0095	0.073803	0.026839	1	1	254
Beam_1_1_12	19858	0.0095	0.073803	0.025774	1	1	254
Beam_1_1_12	19850	0.0056992	0.073806	0.025774	1	1	254
Beam_1_1_12	19886	0.0056992	0.073806	0.026838	1	1	254
Beam_1_1_12	19834	0.013313	0.073813	0.025771	1	1	254
Beam_1_1_12	19902	0.013313	0.073813	0.026835	1	1	254
Beam_1_1_12	19849	0.0075949	0.074303	0.025589	1	1	254
Beam_1_1_12	19885	0.0075949	0.074303	0.026656	1	1	254
Beam_1_1_12	19899	0.011422	0.074308	0.026654	1	1	254
Beam_1_1_12	19835	0.011422	0.074308	0.025587	1	1	254
Beam_1_1_12	19884	0.0056929	0.074802	0.026469	1	1	254
Beam_1_1_12	19857	0.0056929	0.074802	0.025398	1	1	254
Beam_1_1_12	19836	0.01332	0.074806	0.025397	1	1	254
Beam_1_1_12	19896	0.01332	0.074806	0.026468	1	1	254
Beam_1_1_12	19840	0.0095141	0.074807	0.025397	1	1	254
Beam_1_1_12	19892	0.0095141	0.074807	0.026467	1	1	254
Beam_1_1_12	19856	0.0037966	0.0753	0.025205	1	1	254
Beam_1_1_12	19883	0.0037966	0.0753	0.026278	1	1	254
Beam_1_1_12	19897	0.015212	0.075302	0.026277	1	1	254
Beam_1_1_12	19837	0.015212	0.075302	0.025204	1	1	254
Beam_1_1_12	19841	0.0071303	0.075431	0.025153	1	1	254
Beam_1_1_12	19893	0.0071303	0.075431	0.026227	1	1	254
Beam_1_1_12	19848	0.011891	0.075431	0.025153	1	1	254
Beam_1_1_12	19891	0.011891	0.075431	0.026227	1	1	254
Beam_1_1_12	19855	0.0018953	0.075799	0.025006	1	1	254
Beam_1_1_12	19882	0.0018953	0.075799	0.026083	1	1	254
Beam_1_1_12	19898	0.017109	0.0758	0.026082	1	1	254
Beam_1_1_12	19838	0.017109	0.0758	0.025005	1	1	254
Beam_1_1_12	19842	0.0047556	0.076052	0.024903	1	1	254
Beam_1_1_12	19894	0.0047557	0.076052	0.025982	1	1	254
Beam_1_1_12	19890	0.014258	0.076052	0.025982	1	1	254
Beam_1_1_12	19847	0.014258	0.076052	0.024903	1	1	254
Beam_1_1_12	19843	0.0023729	0.076675	0.024645	1	1	254
Beam_1_1_12	19895	0.002373	0.076675	0.025728	1	1	254
Beam_1_1_12	19889	0.016634	0.076675	0.025728	1	1	254
Beam_1_1_12	19846	0.016634	0.076675	0.024645	1	1	254
Beam_1_1_12	24467	0.0	0.077804	0.024705	1	1	254
Beam_1_1_12	24470	0.00475	0.077804	0.024705	1	1	254
Beam_1_1_12	24469	0.0095	0.077804	0.024705	1	1	254
Beam_1_1_12	24468	0.01425	0.077804	0.024705	1	1	254
Beam_1_1_12	24466	0.019	0.077804	0.024705	1	1	254
Beam_1_1_13	18585	0.0023813	0.078935	0.02475	1	1	200
Beam_1_1_13	18565	0.0023813	0.078935	0.02365	1	1	200
Beam_1_1_13	18568	0.016619	0.078935	0.02365	1	1	200
Beam_1_1_13	18579	0.016619	0.078935	0.02475	1	1	200
Beam_1_1_13	18564	0.0047518	0.079557	0.023359	1	1	200
Beam_1_1_13	18584	0.0047518	0.079557	0.024464	1	1	200
Beam_1_1_13	18569	0.014248	0.079557	0.023359	1	1	200
Beam_1_1_13	18580	0.014248	0.079557	0.024464	1	1	200
Beam_1_1_13	18592	0.0019029	0.079809	0.024346	1	1	200
Beam_1_1_13	18556	0.001903	0.079809	0.023239	1	1	200
Beam_1_1_13	18604	0.017101	0.079821	0.02434	1	1	200
Beam_1_1_13	18536	0.017101	0.079821	0.023233	1	1	200
Beam_1_1_13	18583	0.0071316	0.080182	0.024169	1	1	200
Beam_1_1_13	18563	0.0071317	0.080182	0.023059	1	1	200
Beam_1_1_13	18570	0.011868	0.080182	0.023059	1	1	200
Beam_1_1_13	18581	0.011868	0.080182	0.024169	1	1	200
Beam_1_1_13	18591	0.0037986	0.080307	0.024109	1	1	200
Beam_1_1_13	18555	0.0037987	0.080307	0.022998	1	1	200
Beam_1_1_13	18605	0.01521	0.080316	0.024105	1	1	200
Beam_1_1_13	18537	0.01521	0.080316	0.022993	1	1	200
Beam_1_1_13	18562	0.0095	0.080803	0.022753	1	1	200
Beam_1_1_13	18582	0.0095	0.080803	0.023869	1	1	200
Beam_1_1_13	18590	0.0057005	0.080806	0.023867	1	1	200
Beam_1_1_13	18554	0.0057006	0.080806	0.022752	1	1	200
Beam_1_1_13	18606	0.013312	0.080813	0.023864	1	1	200
Beam_1_1_13	18538	0.013312	0.080813	0.022748	1	1	200
Beam_1_1_13	18589	0.0075949	0.081303	0.023621	1	1	200
Beam_1_1_13	18553	0.0075949	0.081303	0.022501	1	1	200
Beam_1_1_13	18539	0.011422	0.081308	0.022499	1	1	200
Beam_1_1_13	18603	0.011422	0.081308	0.023619	1	1	200
Beam_1_1_13	18561	0.0056915	0.081803	0.022244	1	1	200
Beam_1_1_13	18588	0.0056915	0.081803	0.023369	1	1	200
Beam_1_1_13	18540	0.013321	0.081806	0.022242	1	1	200
Beam_1_1_13	18600	0.013321	0.081806	0.023367	1	1	200
Beam_1_1_13	18544	0.0095141	0.081807	0.022242	1	1	200
Beam_1_1_13	18596	0.0095141	0.081807	0.023367	1	1	200
Beam_1_1_13	18587	0.0037961	0.0823	0.023113	1	1	200
Beam_1_1_13	18560	0.0037961	0.0823	0.021983	1	1	200
Beam_1_1_13	18541	0.015212	0.082302	0.021982	1	1	200
Beam_1_1_13	18601	0.015212	0.082302	0.023111	1	1	200
Beam_1_1_13	18545	0.007128	0.082431	0.021914	1	1	200
Beam_1_1_13	18597	0.0071281	0.082431	0.023044	1	1	200
Beam_1_1_13	18552	0.011893	0.082431	0.021914	1	1	200
Beam_1_1_13	18595	0.011893	0.082431	0.023044	1	1	200
Beam_1_1_13	18559	0.0018938	0.082799	0.021716	1	1	200
Beam_1_1_13	18586	0.0018939	0.082799	0.02285	1	1	200
Beam_1_1_13	18542	0.01711	0.0828	0.021715	1	1	200
Beam_1_1_13	18602	0.01711	0.0828	0.02285	1	1	200
Beam_1_1_13	18546	0.0047547	0.083052	0.021579	1	1	200
Beam_1_1_13	18598	0.0047548	0.083052	0.022716	1	1	200
Beam_1_1_13	18594	0.014259	0.083052	0.022716	1	1	200
Beam_1_1_13	18551	0.014259	0.083052	0.021579	1	1	200
Beam_1_1_13	18599	0.0023706	0.083676	0.022377	1	1	200
Beam_1_1_13	18547	0.0023706	0.083676	0.021234	1	1	200
Beam_1_1_13	18593	0.016636	0.083676	0.022377	1	1	200
Beam_1_1_13	18550	0.016636	0.083676	0.021234	1	1	200
Beam_1_1_13	24458	0.0	0.084804	0.021166	1	1	200
Beam_1_1_13	24461	0.00475	0.084804	0.021166	1	1	200
Beam_1_1_13	24460	0.0095	0.084804	0.021166	1	1	200
Beam_1_1_13	24459	0.01425	0.084804	0.021166	1	1	200
Beam_1_1_13	24457	0.019	0.084804	0.021166	1	1	200
Beam_1_1_14	17289	0.002384	0.085935	0.021082	1	1	146
Beam_1_1_14	17269	0.0023841	0.085935	0.019914	1	1	146
Beam_1_1_14	17272	0.016616	0.085935	0.019914	1	1	146
Beam_1_1_14	17283	0.016616	0.085935	0.021082	1	1	146
Beam_1_1_14	17288	0.0047526	0.086557	0.020706	1	1	146
Beam_1_1_14	17268	0.0047528	0.086557	0.01953	1	1	146
Beam_1_1_14	17273	0.014247	0.086557	0.01953	1	1	146
Beam_1_1_14	17284	0.014247	0.086557	0.020706	1	1	146
Beam_1_1_14	17296	0.0019047	0.08681	0.020551	1	1	146
Beam_1_1_14	17260	0.0019048	0.08681	0.019372	1	1	146
Beam_1_1_14	17240	0.0171	0.086822	0.019364	1	1	146
Beam_1_1_14	17308	0.0171	0.086822	0.020543	1	1	146
Beam_1_1_14	17287	0.0071344	0.087182	0.020319	1	1	146
Beam_1_1_14	17267	0.0071345	0.087182	0.019135	1	1	146
Beam_1_1_14	17274	0.011865	0.087182	0.019135	1	1	146
Beam_1_1_14	17285	0.011866	0.087182	0.020319	1	1	146
Beam_1_1_14	17295	0.0037992	0.087307	0.02024	1	1	146
Beam_1_1_14	17259	0.0037993	0.087307	0.019055	1	1	146
Beam_1_1_14	17309	0.015209	0.087316	0.020234	1	1	146
Beam_1_1_14	17241	0.015209	0.087317	0.019049	1	1	146
Beam_1_1_14	17266	0.0095	0.087803	0.018733	1	1	146
Beam_1_1_14	17286	0.0095	0.087803	0.019925	1	1	146
Beam_1_1_14	17294	0.0057024	0.087806	0.019923	1	1	146
Beam_1_1_14	17258	0.0057025	0.087806	0.018731	1	1	146
Beam_1_1_14	17242	0.01331	0.087813	0.018726	1	1	146
Beam_1_1_14	17310	0.01331	0.087813	0.019918	1	1	146
Beam_1_1_14	17293	0.0075949	0.088303	0.019601	1	1	146
Beam_1_1_14	17257	0.0075949	0.088303	0.018402	1	1	146
Beam_1_1_14	17307	0.011422	0.088308	0.019598	1	1	146
Beam_1_1_14	17243	0.011422	0.088308	0.0184	1	1	146
Beam_1_1_14	17292	0.0056895	0.088803	0.019271	1	1	146
Beam_1_1_14	17265	0.0056895	0.088803	0.018066	1	1	146
Beam_1_1_14	17304	0.013323	0.088806	0.019269	1	1	146
Beam_1_1_14	17244	0.013323	0.088806	0.018063	1	1	146
Beam_1_1_14	17300	0.0095141	0.088807	0.019269	1	1	146
Beam_1_1_14	17248	0.0095141	0.088807	0.018063	1	1	146
Beam_1_1_14	17264	0.0037953	0.0893	0.017724	1	1	146
Beam_1_1_14	17291	0.0037954	0.0893	0.018937	1	1	146
Beam_1_1_14	17305	0.015213	0.089302	0.018935	1	1	146
Beam_1_1_14	17245	0.015213	0.089303	0.017723	1	1	146
Beam_1_1_14	17249	0.0071247	0.089432	0.017633	1	1	146
Beam_1_1_14	17301	0.0071248	0.089432	0.018847	1	1	146
Beam_1_1_14	17256	0.011896	0.089432	0.017633	1	1	146
Beam_1_1_14	17299	0.011896	0.089432	0.018847	1	1	146
Beam_1_1_14	17263	0.0018917	0.0898	0.017375	1	1	146
Beam_1_1_14	17290	0.0018918	0.0898	0.018595	1	1	146
Beam_1_1_14	17306	0.017112	0.089801	0.018594	1	1	146
Beam_1_1_14	17246	0.017112	0.089801	0.017374	1	1	146
Beam_1_1_14	17302	0.0047537	0.090052	0.018419	1	1	146
Beam_1_1_14	17298	0.01426	0.090052	0.018419	1	1	146
Beam_1_1_14	17250	0.0047535	0.090053	0.017196	1	1	146
Beam_1_1_14	17255	0.014261	0.090053	0.017196	1	1	146
Beam_1_1_14	17251	0.0023671	0.090677	0.016745	1	1	146
Beam_1_1_14	17303	0.0023672	0.090677	0.017978	1	1	146
Beam_1_1_14	17254	0.01664	0.090677	0.016745	1	1	146
Beam_1_1_14	17297	0.01664	0.090677	0.017978	1	1	146
Beam_1_1_14	24449	0.0	0.091804	0.016529	1	1	146
Beam_1_1_14	24452	0.00475	0.091804	0.016529	1	1	146
Beam_1_1_14	24451	0.0095	0.091804	0.016529	1	1	146
Beam_1_1_14	24450	0.01425	0.091804	0.016529	1	1	146
Beam_1_1_14	24448	0.019	0.091804	0.016529	1	1	146
Beam_1_1_15	15868	0.00159	0.092727	0.016457	1	1	92
Beam_1_1_15	15826	0.0015902	0.092727	0.015189	1	1	92
Beam_1_1_15	15858	0.01741	0.092727	0.016457	1	1	92
Beam_1_1_15	15829	0.01741	0.092727	0.015189	1	1	92
Beam_1_1_15	15867	0.0031705	0.093142	0.016135	1	1	92
Beam_1_1_15	15825	0.0031707	0.093142	0.01486	1	1	92
Beam_1_1_15	15830	0.015829	0.093142	0.01486	1	1	92
Beam_1_1_15	15859	0.01583	0.093142	0.016135	1	1	92
Beam_1_1_15	15866	0.0047588	0.093559	0.015807	1	1	92
Beam_1_1_15	15824	0.0047591	0.093559	0.014523	1	1	92
Beam_1_1_15	15860	0.014241	0.093559	0.015807	1	1	92
Beam_1_1_15	15831	0.014241	0.093559	0.014523	1	1	92
Beam_1_1_15	15875	0.0019075	0.09381	0.015606	1	1	92
Beam_1_1_15	15815	0.0019076	0.09381	0.014317	1	1	92
Beam_1_1_15	15841	0.017097	0.093823	0.014307	1	1	92
Beam_1_1_15	15853	0.017097	0.093823	0.015596	1	1	92
Beam_1_1_15	15865	0.0063372	0.093973	0.015475	1	1	92
Beam_1_1_15	15823	0.0063375	0.093973	0.014183	1	1	92
Beam_1_1_15	15861	0.012663	0.093973	0.015475	1	1	92
Beam_1_1_15	15832	0.012663	0.093973	0.014183	1	1	92
Beam_1_1_15	15874	0.0038004	0.094307	0.015203	1	1	92
Beam_1_1_15	15814	0.0038006	0.094307	0.013905	1	1	92
Beam_1_1_15	15852	0.015208	0.094317	0.015195	1	1	92
Beam_1_1_15	15840	0.015208	0.094317	0.013897	1	1	92
Beam_1_1_15	15864	0.0079238	0.094389	0.015136	1	1	92
Beam_1_1_15	15822	0.007924	0.094389	0.013836	1	1	92
Beam_1_1_15	15862	0.011076	0.094389	0.015136	1	1	92
Beam_1_1_15	15833	0.011076	0.094389	0.013836	1	1	92
Beam_1_1_15	15863	0.0095	0.094803	0.014794	1	1	92
Beam_1_1_15	15821	0.0095	0.094803	0.013486	1	1	92
Beam_1_1_15	15873	0.0057053	0.094807	0.01479	1	1	92
Beam_1_1_15	15813	0.0057054	0.094807	0.013482	1	1	92
Beam_1_1_15	15839	0.013307	0.094814	0.013476	1	1	92
Beam_1_1_15	15851	0.013307	0.094814	0.014785	1	1	92
Beam_1_1_15	15812	0.0075949	0.095303	0.013055	1	1	92
Beam_1_1_15	15872	0.0075949	0.095303	0.014373	1	1	92
Beam_1_1_15	15838	0.011422	0.095308	0.013051	1	1	92
Beam_1_1_15	15854	0.011422	0.095308	0.01437	1	1	92
Beam_1_1_15	15820	0.0056862	0.095804	0.012614	1	1	92
Beam_1_1_15	15871	0.0056863	0.095804	0.013944	1	1	92
Beam_1_1_15	15799	0.0095141	0.095807	0.012612	1	1	92
Beam_1_1_15	15881	0.0095141	0.095807	0.013942	1	1	92
Beam_1_1_15	15857	0.013326	0.095807	0.013941	1	1	92
Beam_1_1_15	15837	0.013326	0.095807	0.012611	1	1	92
Beam_1_1_15	15800	0.0079199	0.096224	0.012239	1	1	92
Beam_1_1_15	15882	0.0079201	0.096224	0.013578	1	1	92
Beam_1_1_15	15880	0.011103	0.096224	0.013578	1	1	92
Beam_1_1_15	15811	0.011104	0.096224	0.012239	1	1	92
Beam_1_1_15	15819	0.0037937	0.096301	0.012169	1	1	92
Beam_1_1_15	15870	0.003794	0.096301	0.01351	1	1	92
Beam_1_1_15	15856	0.015214	0.096303	0.013508	1	1	92
Beam_1_1_15	15836	0.015215	0.096303	0.012167	1	1	92
Beam_1_1_15	15801	0.0063373	0.096638	0.011862	1	1	92
Beam_1_1_15	15883	0.0063377	0.096638	0.013211	1	1	92
Beam_1_1_15	15879	0.012681	0.096638	0.013211	1	1	92
Beam_1_1_15	15810	0.012682	0.096638	0.011862	1	1	92
Beam_1_1_15	15818	0.0018883	0.096801	0.011712	1	1	92
Beam_1_1_15	15869	0.0018885	0.096801	0.013065	1	1	92
Beam_1_1_15	15835	0.017116	0.096802	0.011711	1	1	92
Beam_1_1_15	15855	0.017116	0.096802	0.013064	1	1	92
Beam_1_1_15	15802	0.0047454	0.097055	0.011477	1	1	92
Beam_1_1_15	15884	0.0047459	0.097055	0.012836	1	1	92
Beam_1_1_15	15878	0.014268	0.097055	0.012836	1	1	92
Beam_1_1_15	15809	0.014269	0.097055	0.011477	1	1	92
Beam_1_1_15	15803	0.0031658	0.097468	0.011088	1	1	92
Beam_1_1_15	15885	0.0031662	0.097468	0.012457	1	1	92
Beam_1_1_15	15877	0.015843	0.097468	0.012457	1	1	92
Beam_1_1_15	15808	0.015844	0.097468	0.011088	1	1	92
Beam_1_1_15	15804	0.0015765	0.097884	0.010691	1	1	92
Beam_1_1_15	15886	0.0015768	0.097884	0.01207	1	1	92
Beam_1_1_15	15876	0.017428	0.097884	0.01207	1	1	92
Beam_1_1_15	15807	0.017428	0.097884	0.010691	1	1	92
Beam_1_1_15	24440	0.0	0.098988	0.010367	1	1	92
Beam_1_1_15	24443	0.00475	0.098988	0.010367	1	1	92
Beam_1_1_15	24442	0.0095	0.098988	0.010367	1	1	92
Beam_1_1_15	24441	0.01425	0.098988	0.010367	1	1	92
Beam_1_1_15	24439	0.019	0.098988	0.010367	1	1	92
Beam_1_2_2	24791	0.0	0.10081	0.010193	1	1	5
Beam_1_2_2	24794	0.00475	0.10081	0.010193	1	2	5
Beam_1_2_2	24793	0.0095	0.10081	0.010193	1	2	5
Beam_1_2_2	24792	0.01425	0.10081	0.010193	1	2	5
Beam_1_2_2	24790	0.019	0.10081	0.010193	1	2	5
Beam_1_2_1	15291	0.0015739	0.10172	0.010308	1	2	74
Beam_1_2_1	15345	0.0015742	0.10172	0.011699	1	2	74
Beam_1_2_1	15281	0.017426	0.10172	0.010308	1	2	74
Beam_1_2_1	15347	0.017426	0.10172	0.011699	1	2	74
Beam_1_2_1	15290	0.0031608	0.10214	0.010713	1	2	74
Beam_1_2_1	15344	0.0031613	0.10214	0.012092	1	2	74
Beam_1_2_1	15282	0.015839	0.10214	0.010713	1	2	74
Beam_1_2_1	15348	0.015839	0.10214	0.012092	1	2	74
Beam_1_2_1	15289	0.004738	0.10255	0.011108	1	2	74
Beam_1_2_1	15343	0.0047385	0.10255	0.012477	1	2	74
Beam_1_2_1	15349	0.014262	0.10255	0.012477	1	2	74
Beam_1_2_1	15283	0.014262	0.10255	0.011108	1	2	74
Beam_1_2_1	15313	0.001888	0.10281	0.011346	1	2	74
Beam_1_2_1	15325	0.0018882	0.10281	0.012708	1	2	74
Beam_1_2_1	15352	0.017116	0.10282	0.012719	1	2	74
Beam_1_2_1	15277	0.017116	0.10282	0.011357	1	2	74
Beam_1_2_1	15288	0.0063276	0.10297	0.0115	1	2	74
Beam_1_2_1	15342	0.0063281	0.10297	0.012858	1	2	74
Beam_1_2_1	15350	0.012672	0.10297	0.012858	1	2	74
Beam_1_2_1	15284	0.012672	0.10297	0.0115	1	2	74
Beam_1_2_1	15312	0.0037936	0.10331	0.01181	1	2	74
Beam_1_2_1	15324	0.0037939	0.10331	0.01316	1	2	74
Beam_1_2_1	15353	0.015215	0.10332	0.013169	1	2	74
Beam_1_2_1	15278	0.015215	0.10332	0.011819	1	2	74
Beam_1_2_1	15287	0.0079079	0.10339	0.011883	1	2	74
Beam_1_2_1	15341	0.0079081	0.10339	0.013232	1	2	74
Beam_1_2_1	15351	0.011092	0.10339	0.013232	1	2	74
Beam_1_2_1	15285	0.011092	0.10339	0.011883	1	2	74
Beam_1_2_1	15311	0.0056859	0.1038	0.012262	1	2	74
Beam_1_2_1	15323	0.0056861	0.1038	0.013601	1	2	74
Beam_1_2_1	15286	0.0095	0.1038	0.012263	1	2	74
Beam_1_2_1	15346	0.0095	0.1038	0.013602	1	2	74
Beam_1_2_1	15354	0.013326	0.10381	0.013607	1	2	74
Beam_1_2_1	15279	0.013327	0.10381	0.012268	1	2	74
Beam_1_2_1	15326	0.0075949	0.1043	0.014037	1	2	74
Beam_1_2_1	15310	0.0075949	0.1043	0.012709	1	2	74
Beam_1_2_1	15271	0.011422	0.10431	0.012713	1	2	74
Beam_1_2_1	15355	0.011422	0.10431	0.01404	1	2	74
Beam_1_2_1	15329	0.0057055	0.1048	0.01446	1	2	74
Beam_1_2_1	15309	0.0057057	0.1048	0.013143	1	2	74
Beam_1_2_1	15272	0.013307	0.1048	0.013146	1	2	74
Beam_1_2_1	15356	0.013307	0.1048	0.014463	1	2	74
Beam_1_2_1	15299	0.0095141	0.10481	0.01315	1	2	74
Beam_1_2_1	15335	0.0095141	0.10481	0.014466	1	2	74
Beam_1_2_1	15330	0.0079357	0.10522	0.014813	1	2	74
Beam_1_2_1	15300	0.0079359	0.10522	0.013505	1	2	74
Beam_1_2_1	15340	0.011088	0.10522	0.014813	1	2	74
Beam_1_2_1	15298	0.011088	0.10522	0.013505	1	2	74
Beam_1_2_1	15328	0.0038005	0.1053	0.014879	1	2	74
Beam_1_2_1	15308	0.0038007	0.1053	0.013573	1	2	74
Beam_1_2_1	15357	0.015208	0.1053	0.014881	1	2	74
Beam_1_2_1	15273	0.015208	0.1053	0.013575	1	2	74
Beam_1_2_1	15331	0.0063467	0.10564	0.015156	1	2	74
Beam_1_2_1	15301	0.006347	0.10564	0.013857	1	2	74
Beam_1_2_1	15297	0.012672	0.10564	0.013857	1	2	74
Beam_1_2_1	15339	0.012672	0.10564	0.015156	1	2	74
Beam_1_2_1	15327	0.0019077	0.1058	0.015287	1	2	74
Beam_1_2_1	15307	0.0019078	0.1058	0.013991	1	2	74
Beam_1_2_1	15274	0.017096	0.1058	0.013992	1	2	74
Beam_1_2_1	15358	0.017097	0.1058	0.015288	1	2	74
Beam_1_2_1	15332	0.0047661	0.10605	0.015493	1	2	74
Beam_1_2_1	15302	0.0047664	0.10605	0.014202	1	2	74
Beam_1_2_1	15296	0.014248	0.10605	0.014202	1	2	74
Beam_1_2_1	15338	0.014248	0.10605	0.015493	1	2	74
Beam_1_2_1	15333	0.0031753	0.10647	0.015826	1	2	74
Beam_1_2_1	15303	0.0031755	0.10647	0.014543	1	2	74
Beam_1_2_1	15295	0.015834	0.10647	0.014543	1	2	74
Beam_1_2_1	15337	0.015834	0.10647	0.015826	1	2	74
Beam_1_2_1	15334	0.0015925	0.10688	0.016152	1	2	74
Beam_1_2_1	15304	0.0015927	0.10688	0.014877	1	2	74
Beam_1_2_1	15336	0.017412	0.10688	0.016152	1	2	74
Beam_1_2_1	15294	0.017412	0.10688	0.014877	1	2	74
Beam_1_2_1	24800	0.0	0.1078	0.016231	1	2	74
Beam_1_2_1	24803	0.00475	0.1078	0.016231	1	2	74
Beam_1_2_1	24802	0.0095	0.1078	0.016231	1	2	74
Beam_1_2_1	24801	0.01425	0.1078	0.016231	1	2	74
Beam_1_2_1	24799	0.019	0.1078	0.016231	1	2	74
Beam_1_2_3	16823	0.0023633	0.10893	0.016456	1	2	128
Beam_1_2_3	16867	0.0023635	0.10893	0.017696	1	2	128
Beam_1_2_3	16817	0.016637	0.10893	0.016456	1	2	128
Beam_1_2_3	16869	0.016637	0.10893	0.017696	1	2	128
Beam_1_2_3	16822	0.0047464	0.10956	0.016914	1	2	128
Beam_1_2_3	16866	0.0047466	0.10956	0.018144	1	2	128
Beam_1_2_3	16870	0.014253	0.10956	0.018144	1	2	128
Beam_1_2_3	16818	0.014254	0.10956	0.016914	1	2	128
Beam_1_2_3	16872	0.017112	0.10982	0.018329	1	2	128
Beam_1_2_3	16813	0.017113	0.10982	0.017103	1	2	128
Beam_1_2_3	16821	0.0071139	0.11018	0.017358	1	2	128
Beam_1_2_3	16865	0.007114	0.11018	0.018579	1	2	128
Beam_1_2_3	16819	0.011886	0.11018	0.017358	1	2	128
Beam_1_2_3	16871	0.011886	0.11018	0.018579	1	2	128
Beam_1_2_3	16840	0.0037952	0.11031	0.017449	1	2	128
Beam_1_2_3	16852	0.0037954	0.11031	0.018668	1	2	128
Beam_1_2_3	16873	0.015213	0.11032	0.018674	1	2	128
Beam_1_2_3	16814	0.015213	0.11032	0.017456	1	2	128
Beam_1_2_3	16839	0.0056893	0.1108	0.017796	1	2	128
Beam_1_2_3	16851	0.0056894	0.1108	0.019007	1	2	128
Beam_1_2_3	16868	0.0095	0.1108	0.019007	1	2	128
Beam_1_2_3	16820	0.0095	0.1108	0.017796	1	2	128
Beam_1_2_3	16874	0.013323	0.11081	0.019011	1	2	128
Beam_1_2_3	16815	0.013323	0.11081	0.017801	1	2	128
Beam_1_2_3	16838	0.0075949	0.1113	0.018138	1	2	128
Beam_1_2_3	16854	0.0075949	0.1113	0.019342	1	2	128
Beam_1_2_3	16875	0.011422	0.11131	0.019345	1	2	128
Beam_1_2_3	16807	0.011422	0.11131	0.018141	1	2	128
Beam_1_2_3	16857	0.0057025	0.1118	0.019668	1	2	128
Beam_1_2_3	16837	0.0057026	0.1118	0.018471	1	2	128
Beam_1_2_3	16808	0.01331	0.1118	0.018473	1	2	128
Beam_1_2_3	16876	0.01331	0.1118	0.01967	1	2	128
Beam_1_2_3	16829	0.0095141	0.11181	0.018476	1	2	128
Beam_1_2_3	16861	0.0095141	0.11181	0.019673	1	2	128
Beam_1_2_3	16856	0.0037993	0.1123	0.01999	1	2	128
Beam_1_2_3	16836	0.0037994	0.1123	0.0188	1	2	128
Beam_1_2_3	16877	0.015209	0.1123	0.019992	1	2	128
Beam_1_2_3	16809	0.015209	0.1123	0.018801	1	2	128
Beam_1_2_3	16858	0.0071452	0.11243	0.020072	1	2	128
Beam_1_2_3	16830	0.0071453	0.11243	0.018883	1	2	128
Beam_1_2_3	16828	0.011876	0.11243	0.018883	1	2	128
Beam_1_2_3	16864	0.011876	0.11243	0.020072	1	2	128
Beam_1_2_3	16855	0.0019048	0.1128	0.020305	1	2	128
Beam_1_2_3	16835	0.0019049	0.1128	0.019121	1	2	128
Beam_1_2_3	16810	0.017099	0.1128	0.019122	1	2	128
Beam_1_2_3	16878	0.017099	0.1128	0.020306	1	2	128
Beam_1_2_3	16859	0.0047597	0.11305	0.020464	1	2	128
Beam_1_2_3	16831	0.0047599	0.11305	0.019283	1	2	128
Beam_1_2_3	16863	0.014254	0.11305	0.020464	1	2	128
Beam_1_2_3	16827	0.014254	0.11305	0.019283	1	2	128
Beam_1_2_3	16860	0.0023877	0.11367	0.020845	1	2	128
Beam_1_2_3	16832	0.0023878	0.11367	0.019672	1	2	128
Beam_1_2_3	16862	0.016619	0.11367	0.020845	1	2	128
Beam_1_2_3	16826	0.016619	0.11367	0.019672	1	2	128
Beam_1_2_3	24809	0.0	0.1148	0.020937	1	2	128
Beam_1_2_3	24812	0.00475	0.1148	0.020937	1	2	128
Beam_1_2_3	24811	0.0095	0.1148	0.020937	1	2	128
Beam_1_2_3	24810	0.01425	0.1148	0.020937	1	2	128
Beam_1_2_3	24808	0.019	0.1148	0.020937	1	2	128
Beam_1_2_4	18119	0.0023669	0.11593	0.021013	1	2	182
Beam_1_2_4	18163	0.002367	0.11593	0.02216	1	2	182
Beam_1_2_4	18113	0.016633	0.11593	0.021013	1	2	182
Beam_1_2_4	18165	0.016633	0.11593	0.02216	1	2	182
Beam_1_2_4	18118	0.0047478	0.11656	0.021363	1	2	182
Beam_1_2_4	18162	0.0047479	0.11656	0.022504	1	2	182
Beam_1_2_4	18114	0.014252	0.11656	0.021363	1	2	182
Beam_1_2_4	18166	0.014252	0.11656	0.022504	1	2	182
Beam_1_2_4	18137	0.0018938	0.11681	0.021502	1	2	182
Beam_1_2_4	18149	0.0018938	0.11681	0.02264	1	2	182
Beam_1_2_4	18168	0.01711	0.11682	0.022646	1	2	182
Beam_1_2_4	18109	0.01711	0.11682	0.021508	1	2	182
Beam_1_2_4	18117	0.0071173	0.11718	0.021704	1	2	182
Beam_1_2_4	18161	0.0071173	0.11718	0.022838	1	2	182
Beam_1_2_4	18115	0.011883	0.11718	0.021704	1	2	182
Beam_1_2_4	18167	0.011883	0.11718	0.022838	1	2	182
Beam_1_2_4	18136	0.0037961	0.11731	0.021773	1	2	182
Beam_1_2_4	18148	0.0037961	0.11731	0.022906	1	2	182
Beam_1_2_4	18110	0.015212	0.11732	0.021778	1	2	182
Beam_1_2_4	18169	0.015212	0.11732	0.022911	1	2	182
Beam_1_2_4	18147	0.0056914	0.1178	0.023166	1	2	182
Beam_1_2_4	18135	0.0056914	0.1178	0.022038	1	2	182
Beam_1_2_4	18164	0.0095	0.1178	0.023166	1	2	182
Beam_1_2_4	18116	0.0095	0.1178	0.022038	1	2	182
Beam_1_2_4	18111	0.013321	0.11781	0.022042	1	2	182
Beam_1_2_4	18170	0.013321	0.11781	0.02317	1	2	182
Beam_1_2_4	18150	0.0075949	0.1183	0.023423	1	2	182
Beam_1_2_4	18134	0.0075949	0.1183	0.022299	1	2	182
Beam_1_2_4	18171	0.011422	0.11831	0.023425	1	2	182
Beam_1_2_4	18103	0.011422	0.11831	0.022301	1	2	182
Beam_1_2_4	18153	0.0057006	0.1188	0.023673	1	2	182
Beam_1_2_4	18133	0.0057007	0.1188	0.022553	1	2	182
Beam_1_2_4	18172	0.013312	0.1188	0.023674	1	2	182
Beam_1_2_4	18104	0.013312	0.1188	0.022555	1	2	182
Beam_1_2_4	18125	0.0095141	0.11881	0.022557	1	2	182
Beam_1_2_4	18157	0.0095141	0.11881	0.023676	1	2	182
Beam_1_2_4	18152	0.0037986	0.1193	0.023919	1	2	182
Beam_1_2_4	18132	0.0037987	0.1193	0.022804	1	2	182
Beam_1_2_4	18105	0.01521	0.1193	0.022805	1	2	182
Beam_1_2_4	18173	0.01521	0.1193	0.02392	1	2	182
Beam_1_2_4	18154	0.0071423	0.11943	0.023981	1	2	182
Beam_1_2_4	18126	0.0071424	0.11943	0.022867	1	2	182
Beam_1_2_4	18124	0.011879	0.11943	0.022867	1	2	182
Beam_1_2_4	18160	0.011879	0.11943	0.023981	1	2	182
Beam_1_2_4	18131	0.001903	0.1198	0.023049	1	2	182
Beam_1_2_4	18151	0.001903	0.1198	0.024159	1	2	182
Beam_1_2_4	18106	0.017101	0.1198	0.023049	1	2	182
Beam_1_2_4	18174	0.017101	0.1198	0.02416	1	2	182
Beam_1_2_4	18155	0.0047588	0.12005	0.02428	1	2	182
Beam_1_2_4	18127	0.0047588	0.12005	0.023172	1	2	182
Beam_1_2_4	18159	0.014255	0.12005	0.02428	1	2	182
Beam_1_2_4	18123	0.014255	0.12005	0.023172	1	2	182
Beam_1_2_4	18156	0.0023849	0.12067	0.02457	1	2	182
Beam_1_2_4	18128	0.002385	0.12067	0.023467	1	2	182
Beam_1_2_4	18122	0.016622	0.12067	0.023467	1	2	182
Beam_1_2_4	18158	0.016622	0.12067	0.02457	1	2	182
Beam_1_2_4	24818	0.0	0.1218	0.024532	1	2	182
Beam_1_2_4	24821	0.00475	0.1218	0.024532	1	2	182
Beam_1_2_4	24820	0.0095	0.1218	0.024532	1	2	182
Beam_1_2_4	24819	0.01425	0.1218	0.024532	1	2	182
Beam_1_2_4	24817	0.019	0.1218	0.024532	1	2	182
Beam_1_2_5	19415	0.0023693	0.12293	0.024479	1	2	236
Beam_1_2_5	19459	0.0023693	0.12293	0.025565	1	2	236
Beam_1_2_5	19409	0.016631	0.12293	0.024479	1	2	236
Beam_1_2_5	19461	0.016631	0.12293	0.025565	1	2	236
Beam_1_2_5	19414	0.0047485	0.12356	0.024742	1	2	236
Beam_1_2_5	19458	0.0047486	0.12356	0.025823	1	2	236
Beam_1_2_5	19462	0.014251	0.12356	0.025823	1	2	236
Beam_1_2_5	19410	0.014252	0.12356	0.024742	1	2	236
Beam_1_2_5	19433	0.0018952	0.12381	0.024845	1	2	236
Beam_1_2_5	19445	0.0018953	0.12381	0.025925	1	2	236
Beam_1_2_5	19464	0.017109	0.12382	0.02593	1	2	236
Beam_1_2_5	19405	0.017109	0.12382	0.02485	1	2	236
Beam_1_2_5	19413	0.0071196	0.12418	0.024996	1	2	236
Beam_1_2_5	19457	0.0071196	0.12418	0.026074	1	2	236
Beam_1_2_5	19463	0.01188	0.12418	0.026074	1	2	236
Beam_1_2_5	19411	0.01188	0.12418	0.024996	1	2	236
Beam_1_2_5	19432	0.0037965	0.12431	0.025048	1	2	236
Beam_1_2_5	19444	0.0037966	0.12431	0.026124	1	2	236
Beam_1_2_5	19465	0.015212	0.12432	0.026128	1	2	236
Beam_1_2_5	19406	0.015212	0.12432	0.025052	1	2	236
Beam_1_2_5	19431	0.0056928	0.1248	0.025245	1	2	236
Beam_1_2_5	19443	0.0056929	0.1248	0.026318	1	2	236
Beam_1_2_5	19412	0.0095	0.1248	0.025245	1	2	236
Beam_1_2_5	19460	0.0095	0.1248	0.026318	1	2	236
Beam_1_2_5	19407	0.01332	0.12481	0.025248	1	2	236
Beam_1_2_5	19466	0.01332	0.12481	0.026321	1	2	236
Beam_1_2_5	19430	0.0075949	0.1253	0.025439	1	2	236
Beam_1_2_5	19446	0.0075949	0.1253	0.026509	1	2	236
Beam_1_2_5	19467	0.011422	0.12531	0.02651	1	2	236
Beam_1_2_5	19399	0.011422	0.12531	0.025441	1	2	236
Beam_1_2_5	19449	0.0056993	0.1258	0.026694	1	2	236
Beam_1_2_5	19429	0.0056993	0.1258	0.025627	1	2	236
Beam_1_2_5	19400	0.013313	0.1258	0.025629	1	2	236
Beam_1_2_5	19468	0.013313	0.1258	0.026695	1	2	236
Beam_1_2_5	19453	0.0095141	0.12581	0.026696	1	2	236
Beam_1_2_5	19421	0.0095141	0.12581	0.02563	1	2	236
Beam_1_2_5	19448	0.0037982	0.1263	0.026876	1	2	236
Beam_1_2_5	19428	0.0037982	0.1263	0.025812	1	2	236
Beam_1_2_5	19401	0.01521	0.1263	0.025813	1	2	236
Beam_1_2_5	19469	0.01521	0.1263	0.026877	1	2	236
Beam_1_2_5	19422	0.0071403	0.12643	0.025859	1	2	236
Beam_1_2_5	19450	0.0071403	0.12643	0.026922	1	2	236
Beam_1_2_5	19420	0.011881	0.12643	0.025859	1	2	236
Beam_1_2_5	19456	0.011881	0.12643	0.026922	1	2	236
Beam_1_2_5	19427	0.0019017	0.1268	0.025992	1	2	236
Beam_1_2_5	19447	0.0019017	0.1268	0.027053	1	2	236
Beam_1_2_5	19402	0.017103	0.1268	0.025992	1	2	236
Beam_1_2_5	19470	0.017103	0.1268	0.027053	1	2	236
Beam_1_2_5	19423	0.0047582	0.12705	0.026082	1	2	236
Beam_1_2_5	19451	0.0047582	0.12705	0.027142	1	2	236
Beam_1_2_5	19455	0.014256	0.12705	0.027142	1	2	236
Beam_1_2_5	19419	0.014256	0.12705	0.026082	1	2	236
Beam_1_2_5	19452	0.0023829	0.12767	0.027354	1	2	236
Beam_1_2_5	19424	0.002383	0.12767	0.026298	1	2	236
Beam_1_2_5	19454	0.016624	0.12767	0.027354	1	2	236
Beam_1_2_5	19418	0.016624	0.12767	0.026298	1	2	236
Beam_1_2_5	24827	0.0	0.1288	0.027198	1	2	236
Beam_1_2_5	24830	0.00475	0.1288	0.027198	1	2	236
Beam_1_2_5	24829	0.0095	0.1288	0.027198	1	2	236
Beam_1_2_5	24828	0.01425	0.1288	0.027198	1	2	236
Beam_1_2_5	24826	0.019	0.1288	0.027198	1	2	236
Beam_1_2_6	20729	0.0023711	0.12993	0.027027	1	2	290
Beam_1_2_6	20741	0.0023712	0.12993	0.028072	1	2	290
Beam_1_2_6	20723	0.016629	0.12993	0.027027	1	2	290
Beam_1_2_6	20743	0.016629	0.12993	0.028072	1	2	290
Beam_1_2_6	20740	0.0047491	0.13056	0.028256	1	2	290
Beam_1_2_6	20728	0.0047491	0.13056	0.027214	1	2	290
Beam_1_2_6	20744	0.014251	0.13056	0.028256	1	2	290
Beam_1_2_6	20724	0.014251	0.13056	0.027214	1	2	290
Beam_1_2_6	20711	0.0018964	0.13081	0.027287	1	2	290
Beam_1_2_6	20755	0.0018964	0.13081	0.028328	1	2	290
Beam_1_2_6	20746	0.017108	0.13082	0.028331	1	2	290
Beam_1_2_6	20719	0.017108	0.13082	0.027291	1	2	290
Beam_1_2_6	20739	0.0071214	0.13118	0.028432	1	2	290
Beam_1_2_6	20727	0.0071214	0.13118	0.027394	1	2	290
Beam_1_2_6	20725	0.011879	0.13118	0.027394	1	2	290
Beam_1_2_6	20745	0.011879	0.13118	0.028432	1	2	290
Beam_1_2_6	20710	0.0037969	0.13131	0.02743	1	2	290
Beam_1_2_6	20754	0.0037969	0.13131	0.028468	1	2	290
Beam_1_2_6	20720	0.015212	0.13132	0.027432	1	2	290
Beam_1_2_6	20747	0.015212	0.13132	0.028471	1	2	290
Beam_1_2_6	20709	0.0056939	0.1318	0.027568	1	2	290
Beam_1_2_6	20753	0.005694	0.1318	0.028604	1	2	290
Beam_1_2_6	20742	0.0095	0.1318	0.028604	1	2	290
Beam_1_2_6	20726	0.0095	0.1318	0.027567	1	2	290
Beam_1_2_6	20721	0.013319	0.13181	0.02757	1	2	290
Beam_1_2_6	20748	0.013319	0.13181	0.028606	1	2	290
Beam_1_2_6	20708	0.0075949	0.1323	0.027702	1	2	290
Beam_1_2_6	20756	0.0075949	0.1323	0.028736	1	2	290
Beam_1_2_6	20749	0.011422	0.13231	0.028737	1	2	290
Beam_1_2_6	20713	0.011422	0.13231	0.027703	1	2	290
Beam_1_2_6	20759	0.0056982	0.1328	0.028864	1	2	290
Beam_1_2_6	20707	0.0056982	0.1328	0.027832	1	2	290
Beam_1_2_6	20714	0.013314	0.1328	0.027833	1	2	290
Beam_1_2_6	20750	0.013314	0.1328	0.028865	1	2	290
Beam_1_2_6	20763	0.0095141	0.13281	0.028866	1	2	290
Beam_1_2_6	20699	0.0095141	0.13281	0.027834	1	2	290
Beam_1_2_6	20706	0.0037979	0.1333	0.027959	1	2	290
Beam_1_2_6	20758	0.0037979	0.1333	0.028989	1	2	290
Beam_1_2_6	20715	0.015211	0.1333	0.027959	1	2	290
Beam_1_2_6	20751	0.015211	0.1333	0.028989	1	2	290
Beam_1_2_6	20760	0.0071386	0.13343	0.02902	1	2	290
Beam_1_2_6	20700	0.0071386	0.13343	0.027991	1	2	290
Beam_1_2_6	20766	0.011882	0.13343	0.02902	1	2	290
Beam_1_2_6	20698	0.011882	0.13343	0.027991	1	2	290
Beam_1_2_6	20705	0.0019007	0.1338	0.028081	1	2	290
Beam_1_2_6	20757	0.0019007	0.1338	0.029109	1	2	290
Beam_1_2_6	20716	0.017104	0.1338	0.028081	1	2	290
Beam_1_2_6	20752	0.017104	0.1338	0.02911	1	2	290
Beam_1_2_6	20761	0.0047577	0.13405	0.029169	1	2	290
Beam_1_2_6	20701	0.0047577	0.13405	0.028142	1	2	290
Beam_1_2_6	20765	0.014256	0.13405	0.029169	1	2	290
Beam_1_2_6	20697	0.014256	0.13405	0.028142	1	2	290
Beam_1_2_6	20762	0.0023814	0.13467	0.029312	1	2	290
Beam_1_2_6	20702	0.0023814	0.13467	0.028286	1	2	290
Beam_1_2_6	20764	0.016626	0.13467	0.029312	1	2	290
Beam_1_2_6	20696	0.016626	0.13467	0.028286	1	2	290
Beam_1_2_6	24836	0.0	0.1358	0.029044	1	2	290
Beam_1_2_6	24839	0.00475	0.1358	0.029044	1	2	290
Beam_1_2_6	24838	0.0095	0.1358	0.029044	1	2	290
Beam_1_2_6	24837	0.01425	0.1358	0.029044	1	2	290
Beam_1_2_6	24835	0.019	0.1358	0.029044	1	2	290
Beam_1_2_7	22025	0.0023726	0.13693	0.028762	1	2	344
Beam_1_2_7	22037	0.0023726	0.13693	0.02978	1	2	344
Beam_1_2_7	22019	0.016627	0.13693	0.028762	1	2	344
Beam_1_2_7	22039	0.016627	0.13693	0.02978	1	2	344
Beam_1_2_7	22024	0.0047495	0.13756	0.028879	1	2	344
Beam_1_2_7	22036	0.0047495	0.13756	0.029895	1	2	344
Beam_1_2_7	22040	0.014251	0.13756	0.029895	1	2	344
Beam_1_2_7	22020	0.014251	0.13756	0.028879	1	2	344
Beam_1_2_7	22007	0.0018973	0.13781	0.028924	1	2	344
Beam_1_2_7	22051	0.0018973	0.13781	0.02994	1	2	344
Beam_1_2_7	22015	0.017107	0.13782	0.028927	1	2	344
Beam_1_2_7	22042	0.017107	0.13782	0.029942	1	2	344
Beam_1_2_7	22023	0.0071228	0.13818	0.02899	1	2	344
Beam_1_2_7	22035	0.0071229	0.13818	0.030005	1	2	344
Beam_1_2_7	22021	0.011877	0.13818	0.02899	1	2	344
Beam_1_2_7	22041	0.011877	0.13818	0.030005	1	2	344
Beam_1_2_7	22050	0.0037971	0.13831	0.030027	1	2	344
Beam_1_2_7	22006	0.0037971	0.13831	0.029012	1	2	344
Beam_1_2_7	22016	0.015211	0.13832	0.029014	1	2	344
Beam_1_2_7	22043	0.015211	0.13832	0.030028	1	2	344
Beam_1_2_7	22005	0.0056949	0.1388	0.029096	1	2	344
Beam_1_2_7	22049	0.0056949	0.1388	0.030109	1	2	344
Beam_1_2_7	22022	0.0095	0.1388	0.029096	1	2	344
Beam_1_2_7	22038	0.0095	0.1388	0.030109	1	2	344
Beam_1_2_7	22017	0.013318	0.13881	0.029097	1	2	344
Beam_1_2_7	22044	0.013318	0.13881	0.03011	1	2	344
Beam_1_2_7	22052	0.0075949	0.1393	0.030188	1	2	344
Beam_1_2_7	22004	0.0075949	0.1393	0.029176	1	2	344
Beam_1_2_7	22045	0.011422	0.13931	0.030189	1	2	344
Beam_1_2_7	22009	0.011422	0.13931	0.029177	1	2	344
Beam_1_2_7	22003	0.0056973	0.1398	0.029252	1	2	344
Beam_1_2_7	22055	0.0056983	0.1398	0.030263	1	2	344
Beam_1_2_7	22046	0.013314	0.1398	0.030264	1	2	344
Beam_1_2_7	22010	0.013315	0.1398	0.029253	1	2	344
Beam_1_2_7	21995	0.0095141	0.13981	0.029253	1	2	344
Beam_1_2_7	22059	0.0095141	0.13981	0.030264	1	2	344
Beam_1_2_7	22054	0.0037977	0.1403	0.030335	1	2	344
Beam_1_2_7	22002	0.0037977	0.1403	0.029325	1	2	344
Beam_1_2_7	22047	0.015211	0.1403	0.030335	1	2	344
Beam_1_2_7	22011	0.015211	0.1403	0.029325	1	2	344
Beam_1_2_7	21996	0.0071373	0.14043	0.029343	1	2	344
Beam_1_2_7	22056	0.0071373	0.14043	0.030353	1	2	344
Beam_1_2_7	22062	0.011884	0.14043	0.030353	1	2	344
Beam_1_2_7	21994	0.011884	0.14043	0.029343	1	2	344
Beam_1_2_7	22053	0.0019006	0.1408	0.030403	1	2	344
Beam_1_2_7	22001	0.0019007	0.1408	0.029394	1	2	344
Beam_1_2_7	22048	0.017104	0.1408	0.030403	1	2	344
Beam_1_2_7	22012	0.017104	0.1408	0.029394	1	2	344
Beam_1_2_7	21997	0.0047574	0.14105	0.029427	1	2	344
Beam_1_2_7	22057	0.0047574	0.14105	0.030436	1	2	344
Beam_1_2_7	22061	0.014257	0.14105	0.030436	1	2	344
Beam_1_2_7	21993	0.014257	0.14105	0.029427	1	2	344
Beam_1_2_7	22058	0.00238	0.14167	0.030513	1	2	344
Beam_1_2_7	21998	0.00238	0.14167	0.029506	1	2	344
Beam_1_2_7	22060	0.016627	0.14167	0.030513	1	2	344
Beam_1_2_7	21992	0.016627	0.14167	0.029506	1	2	344
Beam_1_2_7	24845	0.0	0.1428	0.030136	1	2	344
Beam_1_2_7	24848	0.00475	0.1428	0.030136	1	2	344
Beam_1_2_7	24847	0.0095	0.1428	0.030136	1	2	344
Beam_1_2_7	24846	0.01425	0.1428	0.030136	1	2	344
Beam_1_2_7	24844	0.019	0.1428	0.030136	1	2	344
Beam_1_2_8	23333	0.0023739	0.14393	0.030747	1	2	398
Beam_1_2_8	23321	0.0023739	0.14393	0.029743	1	2	398
Beam_1_2_8	23335	0.016626	0.14393	0.030747	1	2	398
Beam_1_2_8	23315	0.016626	0.14393	0.029743	1	2	398
Beam_1_2_8	23332	0.0047498	0.14456	0.030798	1	2	398
Beam_1_2_8	23320	0.0047498	0.14456	0.029795	1	2	398
Beam_1_2_8	23336	0.01425	0.14456	0.030798	1	2	398
Beam_1_2_8	23316	0.01425	0.14456	0.029795	1	2	398
Beam_1_2_8	23347	0.0018981	0.14481	0.030817	1	2	398
Beam_1_2_8	23303	0.0018981	0.14481	0.029815	1	2	398
Beam_1_2_8	23338	0.017106	0.14482	0.030818	1	2	398
Beam_1_2_8	23311	0.017106	0.14482	0.029816	1	2	398
Beam_1_2_8	23319	0.0071241	0.14518	0.029842	1	2	398
Beam_1_2_8	23331	0.0071241	0.14518	0.030844	1	2	398
Beam_1_2_8	23317	0.011876	0.14518	0.029842	1	2	398
Beam_1_2_8	23337	0.011876	0.14518	0.030844	1	2	398
Beam_1_2_8	23302	0.0037973	0.14531	0.02985	1	2	398
Beam_1_2_8	23346	0.0037973	0.14531	0.030853	1	2	398
Beam_1_2_8	23339	0.015211	0.14532	0.030853	1	2	398
Beam_1_2_8	23312	0.015211	0.14532	0.029851	1	2	398
Beam_1_2_8	23301	0.0056957	0.1458	0.029883	1	2	398
Beam_1_2_8	23345	0.0056957	0.1458	0.030884	1	2	398
Beam_1_2_8	23334	0.0095	0.1458	0.030884	1	2	398
Beam_1_2_8	23318	0.0095	0.1458	0.029882	1	2	398
Beam_1_2_8	23340	0.013317	0.14581	0.030885	1	2	398
Beam_1_2_8	23313	0.013317	0.14581	0.029883	1	2	398
Beam_1_2_8	23348	0.0075949	0.1463	0.030913	1	2	398
Beam_1_2_8	23300	0.0075949	0.1463	0.029911	1	2	398
Beam_1_2_8	23341	0.011422	0.14631	0.030913	1	2	398
Beam_1_2_8	23305	0.011422	0.14631	0.029911	1	2	398
Beam_1_2_8	23351	0.0056965	0.1468	0.030937	1	2	398
Beam_1_2_8	23299	0.0056965	0.1468	0.029936	1	2	398
Beam_1_2_8	23342	0.013316	0.1468	0.030937	1	2	398
Beam_1_2_8	23306	0.013316	0.1468	0.029936	1	2	398
Beam_1_2_8	23355	0.0095141	0.14681	0.030937	1	2	398
Beam_1_2_8	23291	0.0095141	0.14681	0.029936	1	2	398
Beam_1_2_8	23350	0.0037975	0.1473	0.030958	1	2	398
Beam_1_2_8	23298	0.0037975	0.1473	0.029957	1	2	398
Beam_1_2_8	23307	0.015211	0.1473	0.029957	1	2	398
Beam_1_2_8	23343	0.015211	0.1473	0.030958	1	2	398
Beam_1_2_8	23292	0.007136	0.14743	0.029962	1	2	398
Beam_1_2_8	23352	0.007136	0.14743	0.030963	1	2	398
Beam_1_2_8	23358	0.011885	0.14743	0.030963	1	2	398
Beam_1_2_8	23290	0.011885	0.14743	0.029962	1	2	398
Beam_1_2_8	23297	0.001899	0.1478	0.029975	1	2	398
Beam_1_2_8	23349	0.001899	0.1478	0.030976	1	2	398
Beam_1_2_8	23344	0.017105	0.1478	0.030976	1	2	398
Beam_1_2_8	23308	0.017105	0.1478	0.029975	1	2	398
Beam_1_2_8	23353	0.0047571	0.14805	0.030983	1	2	398
Beam_1_2_8	23293	0.0047571	0.14805	0.029983	1	2	398
Beam_1_2_8	23357	0.014257	0.14805	0.030983	1	2	398
Beam_1_2_8	23289	0.014257	0.14805	0.029983	1	2	398
Beam_1_2_8	23294	0.0023788	0.14867	0.029997	1	2	398
Beam_1_2_8	23354	0.0023788	0.14867	0.030998	1	2	398
Beam_1_2_8	23288	0.016628	0.14867	0.029997	1	2	398
Beam_1_2_8	23356	0.016628	0.14867	0.030998	1	2	398
Beam_1_2_8	24980	0.0	0.1498	0.030509	1	2	398
Beam_1_2_8	24983	0.00475	0.1498	0.030509	1	2	398
Beam_1_2_8	24982	0.0095	0.1498	0.030509	1	2	398
Beam_1_2_8	24981	0.01425	0.1498	0.030509	1	2	398
Beam_1_2_8	24979	0.019	0.1498	0.030509	1	2	398
Beam_1_2_9	23995	0.0023752	0.15093	0.031004	1	2	425
Beam_1_2_9	23951	0.0023752	0.15093	0.030004	1	2	425
Beam_1_2_9	23945	0.016625	0.15093	0.030004	1	2	425
Beam_1_2_9	23997	0.016625	0.15093	0.031004	1	2	425
Beam_1_2_9	23994	0.0047501	0.15156	0.030993	1	2	425
Beam_1_2_9	23950	0.0047501	0.15156	0.029993	1	2	425
Beam_1_2_9	23946	0.01425	0.15156	0.029993	1	2	425
Beam_1_2_9	23998	0.01425	0.15156	0.030993	1	2	425
Beam_1_2_9	23969	0.0018989	0.15181	0.029987	1	2	425
Beam_1_2_9	23981	0.0018989	0.15181	0.030987	1	2	425
Beam_1_2_9	23959	0.017105	0.15182	0.029986	1	2	425
Beam_1_2_9	23986	0.017105	0.15182	0.030987	1	2	425
Beam_1_2_9	23993	0.0071254	0.15218	0.030976	1	2	425
Beam_1_2_9	23949	0.0071254	0.15218	0.029976	1	2	425
Beam_1_2_9	23999	0.011875	0.15218	0.030976	1	2	425
Beam_1_2_9	23947	0.011875	0.15218	0.029976	1	2	425
Beam_1_2_9	23968	0.0037975	0.15231	0.029972	1	2	425
Beam_1_2_9	23980	0.0037975	0.15231	0.030972	1	2	425
Beam_1_2_9	23987	0.015211	0.15232	0.030972	1	2	425
Beam_1_2_9	23960	0.015211	0.15232	0.029971	1	2	425
Beam_1_2_9	23967	0.0056965	0.1528	0.029953	1	2	425
Beam_1_2_9	23979	0.0056965	0.1528	0.030954	1	2	425
Beam_1_2_9	23996	0.0095	0.1528	0.030954	1	2	425
Beam_1_2_9	23948	0.0095	0.1528	0.029953	1	2	425
Beam_1_2_9	23961	0.013316	0.15281	0.029953	1	2	425
Beam_1_2_9	23988	0.013316	0.15281	0.030954	1	2	425
Beam_1_2_9	23966	0.0075949	0.1533	0.029931	1	2	425
Beam_1_2_9	23982	0.0075949	0.1533	0.030932	1	2	425
Beam_1_2_9	23989	0.011422	0.15331	0.030932	1	2	425
Beam_1_2_9	23953	0.011422	0.15331	0.029931	1	2	425
Beam_1_2_9	23985	0.0056957	0.1538	0.030907	1	2	425
Beam_1_2_9	23965	0.0056957	0.1538	0.029905	1	2	425
Beam_1_2_9	23990	0.013317	0.1538	0.030907	1	2	425
Beam_1_2_9	23954	0.013317	0.1538	0.029905	1	2	425
Beam_1_2_9	24003	0.0095141	0.15381	0.030907	1	2	425
Beam_1_2_9	23939	0.0095141	0.15381	0.029905	1	2	425
Beam_1_2_9	23964	0.0037973	0.1543	0.029876	1	2	425
Beam_1_2_9	23984	0.0037973	0.1543	0.030878	1	2	425
Beam_1_2_9	23955	0.015211	0.1543	0.029876	1	2	425
Beam_1_2_9	23991	0.015211	0.1543	0.030878	1	2	425
Beam_1_2_9	24000	0.0071348	0.15443	0.03087	1	2	425
Beam_1_2_9	23940	0.0071348	0.15443	0.029868	1	2	425
Beam_1_2_9	23938	0.011886	0.15443	0.029868	1	2	425
Beam_1_2_9	24006	0.011886	0.15443	0.03087	1	2	425
Beam_1_2_9	23983	0.0018982	0.1548	0.030846	1	2	425
Beam_1_2_9	23963	0.0018982	0.1548	0.029843	1	2	425
Beam_1_2_9	23956	0.017106	0.1548	0.029843	1	2	425
Beam_1_2_9	23992	0.017106	0.1548	0.030845	1	2	425
Beam_1_2_9	23941	0.0047568	0.15505	0.029825	1	2	425
Beam_1_2_9	24001	0.0047568	0.15505	0.030828	1	2	425
Beam_1_2_9	24005	0.014257	0.15505	0.030828	1	2	425
Beam_1_2_9	23937	0.014257	0.15505	0.029825	1	2	425
Beam_1_2_9	24002	0.0023775	0.15567	0.03078	1	2	425
Beam_1_2_9	23942	0.0023775	0.15567	0.029776	1	2	425
Beam_1_2_9	23936	0.01663	0.15567	0.029776	1	2	425
Beam_1_2_9	24004	0.01663	0.15567	0.03078	1	2	425
Beam_1_2_9	24989	0.0	0.1568	0.030176	1	2	425
Beam_1_2_9	24992	0.00475	0.1568	0.030176	1	2	425
Beam_1_2_9	24991	0.0095	0.1568	0.030176	1	2	425
Beam_1_2_9	24990	0.01425	0.1568	0.030176	1	2	425
Beam_1_2_9	24988	0.019	0.1568	0.030176	1	2	425
Beam_1_2_10	22657	0.0023764	0.15793	0.029553	1	2	371
Beam_1_2_10	22697	0.0023764	0.15793	0.030559	1	2	371
Beam_1_2_10	22651	0.016624	0.15793	0.029553	1	2	371
Beam_1_2_10	22699	0.016624	0.15793	0.030559	1	2	371
Beam_1_2_10	22696	0.0047503	0.15856	0.030485	1	2	371
Beam_1_2_10	22656	0.0047504	0.15856	0.029478	1	2	371
Beam_1_2_10	22700	0.01425	0.15856	0.030485	1	2	371
Beam_1_2_10	22652	0.01425	0.15856	0.029478	1	2	371
Beam_1_2_10	22689	0.0018997	0.15881	0.030454	1	2	371
Beam_1_2_10	22665	0.0018997	0.15881	0.029446	1	2	371
Beam_1_2_10	22645	0.017104	0.15882	0.029444	1	2	371
Beam_1_2_10	22704	0.017105	0.15882	0.030452	1	2	371
Beam_1_2_10	22655	0.0071266	0.15918	0.029397	1	2	371
Beam_1_2_10	22695	0.0071266	0.15918	0.030406	1	2	371
Beam_1_2_10	22653	0.011873	0.15918	0.029397	1	2	371
Beam_1_2_10	22701	0.011873	0.15918	0.030406	1	2	371
Beam_1_2_10	22664	0.0037977	0.15931	0.02938	1	2	371
Beam_1_2_10	22688	0.0037977	0.15931	0.030389	1	2	371
Beam_1_2_10	22705	0.015211	0.15932	0.030388	1	2	371
Beam_1_2_10	22646	0.015211	0.15932	0.029378	1	2	371
Beam_1_2_10	22654	0.0095	0.1598	0.02931	1	2	371
Beam_1_2_10	22698	0.0095	0.1598	0.03032	1	2	371
Beam_1_2_10	22687	0.0056973	0.15981	0.03032	1	2	371
Beam_1_2_10	22663	0.0056973	0.15981	0.02931	1	2	371
Beam_1_2_10	22647	0.013315	0.15981	0.029309	1	2	371
Beam_1_2_10	22706	0.013315	0.15981	0.030319	1	2	371
Beam_1_2_10	22690	0.0075949	0.1603	0.030248	1	2	371
Beam_1_2_10	22662	0.0075949	0.1603	0.029237	1	2	371
Beam_1_2_10	22639	0.011422	0.16031	0.029236	1	2	371
Beam_1_2_10	22707	0.011422	0.16031	0.030247	1	2	371
Beam_1_2_10	22693	0.0056949	0.1608	0.030172	1	2	371
Beam_1_2_10	22661	0.0056949	0.1608	0.029159	1	2	371
Beam_1_2_10	22667	0.0095141	0.16081	0.029159	1	2	371
Beam_1_2_10	22682	0.0095141	0.16081	0.030171	1	2	371
Beam_1_2_10	22708	0.013318	0.16081	0.030171	1	2	371
Beam_1_2_10	22640	0.013318	0.16081	0.029159	1	2	371
Beam_1_2_10	22660	0.0037971	0.1613	0.029079	1	2	371
Beam_1_2_10	22692	0.0037972	0.1613	0.030092	1	2	371
Beam_1_2_10	22641	0.015211	0.1613	0.029078	1	2	371
Beam_1_2_10	22709	0.015211	0.1613	0.030092	1	2	371
Beam_1_2_10	22668	0.0071335	0.16143	0.029057	1	2	371
Beam_1_2_10	22683	0.0071335	0.16143	0.030071	1	2	371
Beam_1_2_10	22681	0.011888	0.16143	0.030071	1	2	371
Beam_1_2_10	22674	0.011888	0.16143	0.029057	1	2	371
Beam_1_2_10	22659	0.0018974	0.1618	0.028994	1	2	371
Beam_1_2_10	22691	0.0018974	0.1618	0.030009	1	2	371
Beam_1_2_10	22710	0.017107	0.1618	0.030009	1	2	371
Beam_1_2_10	22642	0.017107	0.1618	0.028994	1	2	371
Beam_1_2_10	22669	0.0047565	0.16205	0.02895	1	2	371
Beam_1_2_10	22684	0.0047565	0.16205	0.029965	1	2	371
Beam_1_2_10	22673	0.014258	0.16205	0.02895	1	2	371
Beam_1_2_10	22680	0.014258	0.16205	0.029965	1	2	371
Beam_1_2_10	22685	0.0023762	0.16267	0.029853	1	2	371
Beam_1_2_10	22670	0.0023762	0.16267	0.028836	1	2	371
Beam_1_2_10	22672	0.016631	0.16267	0.028836	1	2	371
Beam_1_2_10	22679	0.016631	0.16267	0.029853	1	2	371
Beam_1_2_10	25034	0.0	0.1638	0.029125	1	2	371
Beam_1_2_10	25037	0.00475	0.1638	0.029125	1	2	371
Beam_1_2_10	25036	0.0095	0.1638	0.029125	1	2	371
Beam_1_2_10	25035	0.01425	0.1638	0.029125	1	2	371
Beam_1_2_10	25033	0.019	0.1638	0.029125	1	2	371
Beam_1_2_11	21389	0.0023778	0.16493	0.029399	1	2	317
Beam_1_2_11	21377	0.0023778	0.16493	0.028375	1	2	317
Beam_1_2_11	21391	0.016622	0.16493	0.029399	1	2	317
Beam_1_2_11	21371	0.016622	0.16493	0.028375	1	2	317
Beam_1_2_11	21376	0.0047507	0.16556	0.028234	1	2	317
Beam_1_2_11	21388	0.0047507	0.16556	0.02926	1	2	317
Beam_1_2_11	21372	0.014249	0.16556	0.028234	1	2	317
Beam_1_2_11	21392	0.014249	0.16556	0.02926	1	2	317
Beam_1_2_11	21403	0.0019006	0.16581	0.029202	1	2	317
Beam_1_2_11	21359	0.0019006	0.16581	0.028175	1	2	317
Beam_1_2_11	21367	0.017104	0.16582	0.028172	1	2	317
Beam_1_2_11	21394	0.017104	0.16582	0.029199	1	2	317
Beam_1_2_11	21375	0.007128	0.16618	0.028086	1	2	317
Beam_1_2_11	21387	0.007128	0.16618	0.029114	1	2	317
Beam_1_2_11	21393	0.011872	0.16618	0.029114	1	2	317
Beam_1_2_11	21373	0.011872	0.16618	0.028086	1	2	317
Beam_1_2_11	21358	0.0037979	0.16631	0.028056	1	2	317
Beam_1_2_11	21402	0.0037979	0.16631	0.029084	1	2	317
Beam_1_2_11	21395	0.015211	0.16632	0.029082	1	2	317
Beam_1_2_11	21368	0.015211	0.16632	0.028053	1	2	317
Beam_1_2_11	21374	0.0095	0.1668	0.027933	1	2	317
Beam_1_2_11	21390	0.0095	0.1668	0.028964	1	2	317
Beam_1_2_11	21401	0.0056982	0.16681	0.028963	1	2	317
Beam_1_2_11	21357	0.0056982	0.16681	0.027932	1	2	317
Beam_1_2_11	21369	0.013315	0.16681	0.027931	1	2	317
Beam_1_2_11	21396	0.013315	0.16681	0.028961	1	2	317
Beam_1_2_11	21404	0.0075949	0.1673	0.028838	1	2	317
Beam_1_2_11	21356	0.0075949	0.1673	0.027805	1	2	317
Beam_1_2_11	21361	0.011422	0.16731	0.027804	1	2	317
Beam_1_2_11	21397	0.011422	0.16731	0.028837	1	2	317
Beam_1_2_11	21407	0.005694	0.1678	0.028709	1	2	317
Beam_1_2_11	21355	0.005694	0.1678	0.027674	1	2	317
Beam_1_2_11	21411	0.0095141	0.16781	0.028707	1	2	317
Beam_1_2_11	21347	0.0095141	0.16781	0.027673	1	2	317
Beam_1_2_11	21362	0.013319	0.16781	0.027673	1	2	317
Beam_1_2_11	21398	0.013319	0.16781	0.028708	1	2	317
Beam_1_2_11	21354	0.0037969	0.1683	0.027539	1	2	317
Beam_1_2_11	21406	0.0037969	0.1683	0.028576	1	2	317
Beam_1_2_11	21399	0.015212	0.1683	0.028575	1	2	317
Beam_1_2_11	21363	0.015212	0.1683	0.027539	1	2	317
Beam_1_2_11	21348	0.007132	0.16843	0.027503	1	2	317
Beam_1_2_11	21408	0.0071321	0.16843	0.02854	1	2	317
Beam_1_2_11	21346	0.011889	0.16843	0.027503	1	2	317
Beam_1_2_11	21414	0.011889	0.16843	0.02854	1	2	317
Beam_1_2_11	21353	0.0018964	0.1688	0.0274	1	2	317
Beam_1_2_11	21405	0.0018964	0.1688	0.028439	1	2	317
Beam_1_2_11	21400	0.017108	0.1688	0.028438	1	2	317
Beam_1_2_11	21364	0.017108	0.1688	0.0274	1	2	317
Beam_1_2_11	21349	0.0047562	0.16905	0.027328	1	2	317
Beam_1_2_11	21409	0.0047562	0.16905	0.028368	1	2	317
Beam_1_2_11	21345	0.014258	0.16905	0.027328	1	2	317
Beam_1_2_11	21413	0.014258	0.16905	0.028368	1	2	317
Beam_1_2_11	21350	0.0023747	0.16967	0.027146	1	2	317
Beam_1_2_11	21410	0.0023748	0.16967	0.028188	1	2	317
Beam_1_2_11	21344	0.016632	0.16967	0.027146	1	2	317
Beam_1_2_11	21412	0.016632	0.16967	0.028188	1	2	317
Beam_1_2_11	25043	0.0	0.1708	0.027323	1	2	317
Beam_1_2_11	25046	0.00475	0.1708	0.027323	1	2	317
Beam_1_2_11	25045	0.0095	0.1708	0.027323	1	2	317
Beam_1_2_11	25044	0.01425	0.1708	0.027323	1	2	317
Beam_1_2_11	25042	0.019	0.1708	0.027323	1	2	317
Beam_1_2_12	20093	0.0023793	0.17193	0.027485	1	2	263
Beam_1_2_12	20081	0.0023794	0.17193	0.026431	1	2	263
Beam_1_2_12	20075	0.016621	0.17193	0.026431	1	2	263
Beam_1_2_12	20095	0.016621	0.17193	0.027485	1	2	263
Beam_1_2_12	20092	0.0047511	0.17256	0.027276	1	2	263
Beam_1_2_12	20080	0.0047511	0.17256	0.026219	1	2	263
Beam_1_2_12	20096	0.014249	0.17256	0.027276	1	2	263
Beam_1_2_12	20076	0.014249	0.17256	0.026219	1	2	263
Beam_1_2_12	20063	0.0019016	0.17281	0.026131	1	2	263
Beam_1_2_12	20107	0.0019016	0.17281	0.02719	1	2	263
Beam_1_2_12	20098	0.017103	0.17282	0.027186	1	2	263
Beam_1_2_12	20071	0.017103	0.17282	0.026127	1	2	263
Beam_1_2_12	20079	0.0071296	0.17318	0.026	1	2	263
Beam_1_2_12	20091	0.0071296	0.17318	0.027061	1	2	263
Beam_1_2_12	20077	0.01187	0.17318	0.026	1	2	263
Beam_1_2_12	20097	0.01187	0.17318	0.027061	1	2	263
Beam_1_2_12	20106	0.0037982	0.17331	0.027016	1	2	263
Beam_1_2_12	20062	0.0037982	0.17331	0.025955	1	2	263
Beam_1_2_12	20099	0.01521	0.17332	0.027013	1	2	263
Beam_1_2_12	20072	0.01521	0.17332	0.025951	1	2	263
Beam_1_2_12	20094	0.0095	0.1738	0.026839	1	2	263
Beam_1_2_12	20078	0.0095	0.1738	0.025774	1	2	263
Beam_1_2_12	20105	0.0056992	0.17381	0.026838	1	2	263
Beam_1_2_12	20061	0.0056992	0.17381	0.025774	1	2	263
Beam_1_2_12	20073	0.013313	0.17381	0.025771	1	2	263
Beam_1_2_12	20100	0.013313	0.17381	0.026835	1	2	263
Beam_1_2_12	20060	0.0075949	0.1743	0.025589	1	2	263
Beam_1_2_12	20108	0.0075949	0.1743	0.026656	1	2	263
Beam_1_2_12	20065	0.011422	0.17431	0.025587	1	2	263
Beam_1_2_12	20101	0.011422	0.17431	0.026654	1	2	263
Beam_1_2_12	20111	0.0056929	0.1748	0.026469	1	2	263
Beam_1_2_12	20059	0.0056929	0.1748	0.025398	1	2	263
Beam_1_2_12	20051	0.0095141	0.17481	0.025397	1	2	263
Beam_1_2_12	20115	0.0095141	0.17481	0.026467	1	2	263
Beam_1_2_12	20102	0.01332	0.17481	0.026468	1	2	263
Beam_1_2_12	20066	0.01332	0.17481	0.025397	1	2	263
Beam_1_2_12	20058	0.0037966	0.1753	0.025205	1	2	263
Beam_1_2_12	20110	0.0037966	0.1753	0.026278	1	2	263
Beam_1_2_12	20067	0.015212	0.1753	0.025204	1	2	263
Beam_1_2_12	20103	0.015212	0.1753	0.026277	1	2	263
Beam_1_2_12	20052	0.0071303	0.17543	0.025153	1	2	263
Beam_1_2_12	20112	0.0071303	0.17543	0.026227	1	2	263
Beam_1_2_12	20118	0.011891	0.17543	0.026227	1	2	263
Beam_1_2_12	20050	0.011891	0.17543	0.025153	1	2	263
Beam_1_2_12	20109	0.0018953	0.1758	0.026083	1	2	263
Beam_1_2_12	20057	0.0018953	0.1758	0.025006	1	2	263
Beam_1_2_12	20068	0.017109	0.1758	0.025005	1	2	263
Beam_1_2_12	20104	0.017109	0.1758	0.026082	1	2	263
Beam_1_2_12	20053	0.0047556	0.17605	0.024903	1	2	263
Beam_1_2_12	20113	0.0047557	0.17605	0.025982	1	2	263
Beam_1_2_12	20049	0.014258	0.17605	0.024903	1	2	263
Beam_1_2_12	20117	0.014258	0.17605	0.025982	1	2	263
Beam_1_2_12	20054	0.0023729	0.17668	0.024645	1	2	263
Beam_1_2_12	20114	0.002373	0.17668	0.025728	1	2	263
Beam_1_2_12	20116	0.016634	0.17668	0.025728	1	2	263
Beam_1_2_12	20048	0.016634	0.17668	0.024645	1	2	263
Beam_1_2_12	25088	0.0	0.1778	0.024705	1	2	263
Beam_1_2_12	25091	0.00475	0.1778	0.024705	1	2	263
Beam_1_2_12	25090	0.0095	0.1778	0.024705	1	2	263
Beam_1_2_12	25089	0.01425	0.1778	0.024705	1	2	263
Beam_1_2_12	25087	0.019	0.1778	0.024705	1	2	263
Beam_1_2_13	18785	0.0023813	0.17893	0.02365	1	2	209
Beam_1_2_13	18797	0.0023813	0.17893	0.02475	1	2	209
Beam_1_2_13	18779	0.016619	0.17893	0.02365	1	2	209
Beam_1_2_13	18799	0.016619	0.17893	0.02475	1	2	209
Beam_1_2_13	18796	0.0047517	0.17956	0.024464	1	2	209
Beam_1_2_13	18784	0.0047518	0.17956	0.023359	1	2	209
Beam_1_2_13	18800	0.014248	0.17956	0.024464	1	2	209
Beam_1_2_13	18780	0.014248	0.17956	0.023359	1	2	209
Beam_1_2_13	18811	0.0019029	0.17981	0.024346	1	2	209
Beam_1_2_13	18767	0.001903	0.17981	0.023239	1	2	209
Beam_1_2_13	18775	0.017101	0.17982	0.023233	1	2	209
Beam_1_2_13	18802	0.017101	0.17982	0.02434	1	2	209
Beam_1_2_13	18795	0.0071316	0.18018	0.024169	1	2	209
Beam_1_2_13	18783	0.0071317	0.18018	0.023059	1	2	209
Beam_1_2_13	18781	0.011868	0.18018	0.023059	1	2	209
Beam_1_2_13	18801	0.011868	0.18018	0.024169	1	2	209
Beam_1_2_13	18766	0.0037986	0.18031	0.022998	1	2	209
Beam_1_2_13	18810	0.0037986	0.18031	0.024109	1	2	209
Beam_1_2_13	18776	0.01521	0.18032	0.022993	1	2	209
Beam_1_2_13	18803	0.01521	0.18032	0.024105	1	2	209
Beam_1_2_13	18798	0.0095	0.1808	0.023869	1	2	209
Beam_1_2_13	18782	0.0095	0.1808	0.022753	1	2	209
Beam_1_2_13	18809	0.0057005	0.18081	0.023867	1	2	209
Beam_1_2_13	18765	0.0057006	0.18081	0.022752	1	2	209
Beam_1_2_13	18804	0.013312	0.18081	0.023864	1	2	209
Beam_1_2_13	18777	0.013312	0.18081	0.022748	1	2	209
Beam_1_2_13	18764	0.0075949	0.1813	0.022501	1	2	209
Beam_1_2_13	18812	0.0075949	0.1813	0.023621	1	2	209
Beam_1_2_13	18805	0.011422	0.18131	0.023619	1	2	209
Beam_1_2_13	18769	0.011422	0.18131	0.022499	1	2	209
Beam_1_2_13	18815	0.0056915	0.1818	0.023369	1	2	209
Beam_1_2_13	18763	0.0056915	0.1818	0.022244	1	2	209
Beam_1_2_13	18755	0.0095141	0.18181	0.022242	1	2	209
Beam_1_2_13	18819	0.0095141	0.18181	0.023367	1	2	209
Beam_1_2_13	18806	0.013321	0.18181	0.023367	1	2	209
Beam_1_2_13	18770	0.013321	0.18181	0.022242	1	2	209
Beam_1_2_13	18762	0.0037961	0.1823	0.021983	1	2	209
Beam_1_2_13	18814	0.0037962	0.1823	0.023113	1	2	209
Beam_1_2_13	18771	0.015212	0.1823	0.021982	1	2	209
Beam_1_2_13	18807	0.015212	0.1823	0.023111	1	2	209
Beam_1_2_13	18756	0.007128	0.18243	0.021914	1	2	209
Beam_1_2_13	18816	0.0071281	0.18243	0.023044	1	2	209
Beam_1_2_13	18754	0.011893	0.18243	0.021914	1	2	209
Beam_1_2_13	18822	0.011893	0.18243	0.023044	1	2	209
Beam_1_2_13	18761	0.0018938	0.1828	0.021716	1	2	209
Beam_1_2_13	18813	0.0018939	0.1828	0.02285	1	2	209
Beam_1_2_13	18808	0.01711	0.1828	0.02285	1	2	209
Beam_1_2_13	18772	0.01711	0.1828	0.021715	1	2	209
Beam_1_2_13	18757	0.0047549	0.18305	0.021579	1	2	209
Beam_1_2_13	18817	0.004755	0.18305	0.022716	1	2	209
Beam_1_2_13	18753	0.014259	0.18305	0.021579	1	2	209
Beam_1_2_13	18821	0.014259	0.18305	0.022716	1	2	209
Beam_1_2_13	18818	0.0023706	0.18368	0.022377	1	2	209
Beam_1_2_13	18758	0.0023706	0.18368	0.021234	1	2	209
Beam_1_2_13	18820	0.016636	0.18368	0.022377	1	2	209
Beam_1_2_13	18752	0.016636	0.18368	0.021234	1	2	209
Beam_1_2_13	25160	0.0	0.1848	0.021166	1	2	209
Beam_1_2_13	25163	0.00475	0.1848	0.021166	1	2	209
Beam_1_2_13	25162	0.0095	0.1848	0.021166	1	2	209
Beam_1_2_13	25161	0.01425	0.1848	0.021166	1	2	209
Beam_1_2_13	25159	0.019	0.1848	0.021166	1	2	209
Beam_1_2_14	17508	0.002384	0.18594	0.021082	1	2	155
Beam_1_2_14	17480	0.0023841	0.18594	0.019914	1	2	155
Beam_1_2_14	17474	0.016616	0.18594	0.019914	1	2	155
Beam_1_2_14	17510	0.016616	0.18594	0.021082	1	2	155
Beam_1_2_14	17507	0.0047526	0.18656	0.020706	1	2	155
Beam_1_2_14	17479	0.0047528	0.18656	0.01953	1	2	155
Beam_1_2_14	17475	0.014247	0.18656	0.01953	1	2	155
Beam_1_2_14	17511	0.014247	0.18656	0.020706	1	2	155
Beam_1_2_14	17522	0.0019047	0.18681	0.020551	1	2	155
Beam_1_2_14	17462	0.0019048	0.18681	0.019372	1	2	155
Beam_1_2_14	17488	0.0171	0.18682	0.019364	1	2	155
Beam_1_2_14	17499	0.0171	0.18682	0.020543	1	2	155
Beam_1_2_14	17506	0.0071344	0.18718	0.020319	1	2	155
Beam_1_2_14	17478	0.0071345	0.18718	0.019135	1	2	155
Beam_1_2_14	17476	0.011865	0.18718	0.019135	1	2	155
Beam_1_2_14	17512	0.011866	0.18718	0.020319	1	2	155
Beam_1_2_14	17521	0.0037992	0.18731	0.02024	1	2	155
Beam_1_2_14	17461	0.0037993	0.18731	0.019055	1	2	155
Beam_1_2_14	17489	0.015209	0.18732	0.019049	1	2	155
Beam_1_2_14	17500	0.015209	0.18732	0.020234	1	2	155
Beam_1_2_14	17509	0.0095	0.1878	0.019925	1	2	155
Beam_1_2_14	17477	0.0095	0.1878	0.018733	1	2	155
Beam_1_2_14	17520	0.0057024	0.18781	0.019923	1	2	155
Beam_1_2_14	17460	0.0057025	0.18781	0.018731	1	2	155
Beam_1_2_14	17490	0.01331	0.18781	0.018726	1	2	155
Beam_1_2_14	17501	0.01331	0.18781	0.019918	1	2	155
Beam_1_2_14	17459	0.0075949	0.1883	0.018402	1	2	155
Beam_1_2_14	17523	0.0075949	0.1883	0.019601	1	2	155
Beam_1_2_14	17502	0.011422	0.18831	0.019598	1	2	155
Beam_1_2_14	17482	0.011422	0.18831	0.0184	1	2	155
Beam_1_2_14	17526	0.0056895	0.1888	0.019271	1	2	155
Beam_1_2_14	17458	0.0056895	0.1888	0.018066	1	2	155
Beam_1_2_14	17516	0.0095141	0.18881	0.019269	1	2	155
Beam_1_2_14	17468	0.0095141	0.18881	0.018063	1	2	155
Beam_1_2_14	17483	0.013323	0.18881	0.018063	1	2	155
Beam_1_2_14	17503	0.013323	0.18881	0.019269	1	2	155
Beam_1_2_14	17457	0.0037953	0.1893	0.017724	1	2	155
Beam_1_2_14	17525	0.0037954	0.1893	0.018937	1	2	155
Beam_1_2_14	17504	0.015213	0.1893	0.018935	1	2	155
Beam_1_2_14	17484	0.015213	0.1893	0.017723	1	2	155
Beam_1_2_14	17469	0.0071247	0.18943	0.017633	1	2	155
Beam_1_2_14	17513	0.0071248	0.18943	0.018847	1	2	155
Beam_1_2_14	17467	0.011896	0.18943	0.017633	1	2	155
Beam_1_2_14	17519	0.011896	0.18943	0.018847	1	2	155
Beam_1_2_14	17456	0.0018917	0.1898	0.017375	1	2	155
Beam_1_2_14	17524	0.0018918	0.1898	0.018595	1	2	155
Beam_1_2_14	17485	0.017112	0.1898	0.017374	1	2	155
Beam_1_2_14	17505	0.017112	0.1898	0.018594	1	2	155
Beam_1_2_14	17470	0.0047535	0.19005	0.017196	1	2	155
Beam_1_2_14	17514	0.0047537	0.19005	0.018419	1	2	155
Beam_1_2_14	17518	0.01426	0.19005	0.018419	1	2	155
Beam_1_2_14	17466	0.014261	0.19005	0.017196	1	2	155
Beam_1_2_14	17471	0.0023671	0.19068	0.016745	1	2	155
Beam_1_2_14	17515	0.0023672	0.19068	0.017978	1	2	155
Beam_1_2_14	17517	0.01664	0.19068	0.017978	1	2	155
Beam_1_2_14	17465	0.01664	0.19068	0.016745	1	2	155
Beam_1_2_14	25151	0.0	0.1918	0.016529	1	2	155
Beam_1_2_14	25154	0.00475	0.1918	0.016529	1	2	155
Beam_1_2_14	25153	0.0095	0.1918	0.016529	1	2	155
Beam_1_2_14	25152	0.01425	0.1918	0.016529	1	2	155
Beam_1_2_14	25150	0.019	0.1918	0.016529	1	2	155
Beam_1_2_15	16119	0.00159	0.19273	0.016457	1	2	101
Beam_1_2_15	16105	0.0015902	0.19273	0.015189	1	2	101
Beam_1_2_15	16121	0.01741	0.19273	0.016457	1	2	101
Beam_1_2_15	16095	0.01741	0.19273	0.015189	1	2	101
Beam_1_2_15	16118	0.0031705	0.19314	0.016135	1	2	101
Beam_1_2_15	16104	0.0031707	0.19314	0.01486	1	2	101
Beam_1_2_15	16096	0.015829	0.19314	0.01486	1	2	101
Beam_1_2_15	16122	0.01583	0.19314	0.016135	1	2	101
Beam_1_2_15	16117	0.0047588	0.19356	0.015807	1	2	101
Beam_1_2_15	16103	0.0047591	0.19356	0.014523	1	2	101
Beam_1_2_15	16123	0.014241	0.19356	0.015807	1	2	101
Beam_1_2_15	16097	0.014241	0.19356	0.014523	1	2	101
Beam_1_2_15	16146	0.0019075	0.19381	0.015606	1	2	101
Beam_1_2_15	16070	0.0019076	0.19381	0.014317	1	2	101
Beam_1_2_15	16132	0.017097	0.19382	0.015596	1	2	101
Beam_1_2_15	16088	0.017097	0.19382	0.014307	1	2	101
Beam_1_2_15	16116	0.0063372	0.19397	0.015475	1	2	101
Beam_1_2_15	16102	0.0063375	0.19397	0.014183	1	2	101
Beam_1_2_15	16098	0.012663	0.19397	0.014183	1	2	101
Beam_1_2_15	16124	0.012663	0.19397	0.015475	1	2	101
Beam_1_2_15	16145	0.0038004	0.19431	0.015203	1	2	101
Beam_1_2_15	16069	0.0038006	0.19431	0.013905	1	2	101
Beam_1_2_15	16131	0.015208	0.19432	0.015195	1	2	101
Beam_1_2_15	16087	0.015208	0.19432	0.013897	1	2	101
Beam_1_2_15	16115	0.0079238	0.19439	0.015136	1	2	101
Beam_1_2_15	16101	0.007924	0.19439	0.013836	1	2	101
Beam_1_2_15	16125	0.011076	0.19439	0.015136	1	2	101
Beam_1_2_15	16099	0.011076	0.19439	0.013836	1	2	101
Beam_1_2_15	16100	0.0095	0.1948	0.013486	1	2	101
Beam_1_2_15	16120	0.0095	0.1948	0.014794	1	2	101
Beam_1_2_15	16144	0.0057053	0.19481	0.01479	1	2	101
Beam_1_2_15	16068	0.0057054	0.19481	0.013482	1	2	101
Beam_1_2_15	16130	0.013307	0.19481	0.014785	1	2	101
Beam_1_2_15	16086	0.013307	0.19481	0.013476	1	2	101
Beam_1_2_15	16067	0.0075949	0.1953	0.013055	1	2	101
Beam_1_2_15	16147	0.0075949	0.1953	0.014373	1	2	101
Beam_1_2_15	16129	0.011422	0.19531	0.01437	1	2	101
Beam_1_2_15	16085	0.011422	0.19531	0.013051	1	2	101
Beam_1_2_15	16066	0.0056862	0.1958	0.012614	1	2	101
Beam_1_2_15	16150	0.0056863	0.1958	0.013944	1	2	101
Beam_1_2_15	16138	0.0095141	0.19581	0.013942	1	2	101
Beam_1_2_15	16078	0.0095141	0.19581	0.012612	1	2	101
Beam_1_2_15	16128	0.013326	0.19581	0.013941	1	2	101
Beam_1_2_15	16093	0.013326	0.19581	0.012611	1	2	101
Beam_1_2_15	16079	0.0079199	0.19622	0.012239	1	2	101
Beam_1_2_15	16133	0.0079201	0.19622	0.013578	1	2	101
Beam_1_2_15	16143	0.011103	0.19622	0.013578	1	2	101
Beam_1_2_15	16077	0.011104	0.19622	0.012239	1	2	101
Beam_1_2_15	16065	0.0037937	0.1963	0.012169	1	2	101
Beam_1_2_15	16149	0.003794	0.1963	0.01351	1	2	101
Beam_1_2_15	16127	0.015214	0.1963	0.013508	1	2	101
Beam_1_2_15	16092	0.015215	0.1963	0.012167	1	2	101
Beam_1_2_15	16080	0.0063373	0.19664	0.011862	1	2	101
Beam_1_2_15	16134	0.0063377	0.19664	0.013211	1	2	101
Beam_1_2_15	16142	0.012681	0.19664	0.013211	1	2	101
Beam_1_2_15	16076	0.012682	0.19664	0.011862	1	2	101
Beam_1_2_15	16064	0.0018883	0.1968	0.011712	1	2	101
Beam_1_2_15	16148	0.0018885	0.1968	0.013065	1	2	101
Beam_1_2_15	16091	0.017116	0.1968	0.011711	1	2	101
Beam_1_2_15	16126	0.017116	0.1968	0.013064	1	2	101
Beam_1_2_15	16081	0.0047454	0.19705	0.011477	1	2	101
Beam_1_2_15	16135	0.0047459	0.19705	0.012836	1	2	101
Beam_1_2_15	16141	0.014268	0.19705	0.012836	1	2	101
Beam_1_2_15	16075	0.014269	0.19705	0.011477	1	2	101
Beam_1_2_15	16082	0.0031658	0.19747	0.011088	1	2	101
Beam_1_2_15	16136	0.0031662	0.19747	0.012457	1	2	101
Beam_1_2_15	16140	0.015843	0.19747	0.012457	1	2	101
Beam_1_2_15	16074	0.015844	0.19747	0.011088	1	2	101
Beam_1_2_15	16083	0.0015765	0.19788	0.010691	1	2	101
Beam_1_2_15	16137	0.0015768	0.19788	0.01207	1	2	101
Beam_1_2_15	16139	0.017428	0.19788	0.01207	1	2	101
Beam_1_2_15	16073	0.017428	0.19788	0.010691	1	2	101
Beam_1_2_15	25142	0.0	0.19899	0.010367	1	2	101
Beam_1_2_15	25145	0.00475	0.19899	0.010367	1	2	101
Beam_1_2_15	25144	0.0095	0.19899	0.010367	1	2	101
Beam_1_2_15	25143	0.01425	0.19899	0.010367	1	2	101
Beam_1_2_15	25141	0.019	0.19899	0.010367	1	2	101
Beam_1_3_2	25133	0.0	0.20081	0.010193	1	3	11
Beam_1_3_2	25136	0.00475	0.20081	0.010193	1	3	11
Beam_1_3_2	25135	0.0095	0.20081	0.010193	1	3	11
Beam_1_3_2	25134	0.01425	0.20081	0.010193	1	3	11
Beam_1_3_2	25132	0.019	0.20081	0.010193	1	3	11
Beam_1_3_1	15555	0.0015739	0.20172	0.010308	1	3	83
Beam_1_3_1	15612	0.0015742	0.20172	0.011699	1	3	83
Beam_1_3_1	15601	0.017426	0.20172	0.011699	1	3	83
Beam_1_3_1	15556	0.017426	0.20172	0.010308	1	3	83
Beam_1_3_1	15554	0.0031608	0.20214	0.010713	1	3	83
Beam_1_3_1	15611	0.0031613	0.20214	0.012092	1	3	83
Beam_1_3_1	15557	0.015839	0.20214	0.010713	1	3	83
Beam_1_3_1	15602	0.015839	0.20214	0.012092	1	3	83
Beam_1_3_1	15553	0.0047376	0.20255	0.011108	1	3	83
Beam_1_3_1	15610	0.0047381	0.20255	0.012477	1	3	83
Beam_1_3_1	15603	0.014262	0.20255	0.012477	1	3	83
Beam_1_3_1	15558	0.014262	0.20255	0.011108	1	3	83
Beam_1_3_1	15575	0.001888	0.20281	0.011346	1	3	83
Beam_1_3_1	15586	0.0018882	0.20281	0.012708	1	3	83
Beam_1_3_1	15543	0.017116	0.20282	0.011357	1	3	83
Beam_1_3_1	15619	0.017116	0.20282	0.012719	1	3	83
Beam_1_3_1	15552	0.0063276	0.20297	0.0115	1	3	83
Beam_1_3_1	15609	0.0063281	0.20297	0.012858	1	3	83
Beam_1_3_1	15559	0.012672	0.20297	0.0115	1	3	83
Beam_1_3_1	15604	0.012672	0.20297	0.012858	1	3	83
Beam_1_3_1	15574	0.0037933	0.20331	0.01181	1	3	83
Beam_1_3_1	15585	0.0037936	0.20331	0.01316	1	3	83
Beam_1_3_1	15544	0.015215	0.20331	0.011819	1	3	83
Beam_1_3_1	15620	0.015215	0.20332	0.013169	1	3	83
Beam_1_3_1	15551	0.0079079	0.20339	0.011883	1	3	83
Beam_1_3_1	15608	0.0079081	0.20339	0.013232	1	3	83
Beam_1_3_1	15605	0.011092	0.20339	0.013232	1	3	83
Beam_1_3_1	15560	0.011092	0.20339	0.011883	1	3	83
Beam_1_3_1	15573	0.0056859	0.2038	0.012262	1	3	83
Beam_1_3_1	15584	0.0056861	0.2038	0.013601	1	3	83
Beam_1_3_1	15550	0.0095	0.2038	0.012263	1	3	83
Beam_1_3_1	15607	0.0095	0.2038	0.013602	1	3	83
Beam_1_3_1	15621	0.013326	0.20381	0.013607	1	3	83
Beam_1_3_1	15545	0.013327	0.20381	0.012268	1	3	83
Beam_1_3_1	15572	0.0075949	0.2043	0.012709	1	3	83
Beam_1_3_1	15583	0.0075949	0.2043	0.014037	1	3	83
Beam_1_3_1	15618	0.011422	0.20431	0.01404	1	3	83
Beam_1_3_1	15546	0.011422	0.20431	0.012713	1	3	83
Beam_1_3_1	15581	0.0057055	0.2048	0.01446	1	3	83
Beam_1_3_1	15578	0.0057057	0.2048	0.013143	1	3	83
Beam_1_3_1	15547	0.013307	0.2048	0.013146	1	3	83
Beam_1_3_1	15614	0.013307	0.2048	0.014463	1	3	83
Beam_1_3_1	15594	0.0095141	0.20481	0.014466	1	3	83
Beam_1_3_1	15561	0.0095141	0.20481	0.01315	1	3	83
Beam_1_3_1	15595	0.0079357	0.20522	0.014813	1	3	83
Beam_1_3_1	15562	0.0079359	0.20522	0.013505	1	3	83
Beam_1_3_1	15592	0.011088	0.20522	0.014813	1	3	83
Beam_1_3_1	15571	0.011088	0.20522	0.013505	1	3	83
Beam_1_3_1	15580	0.0038007	0.2053	0.014879	1	3	83
Beam_1_3_1	15577	0.0038009	0.2053	0.013573	1	3	83
Beam_1_3_1	15615	0.015208	0.2053	0.014881	1	3	83
Beam_1_3_1	15548	0.015208	0.2053	0.013574	1	3	83
Beam_1_3_1	15596	0.0063467	0.20564	0.015156	1	3	83
Beam_1_3_1	15563	0.006347	0.20564	0.013857	1	3	83
Beam_1_3_1	15570	0.012672	0.20564	0.013857	1	3	83
Beam_1_3_1	15591	0.012672	0.20564	0.015156	1	3	83
Beam_1_3_1	15579	0.0019077	0.2058	0.015287	1	3	83
Beam_1_3_1	15576	0.0019078	0.2058	0.013991	1	3	83
Beam_1_3_1	15549	0.017096	0.2058	0.013992	1	3	83
Beam_1_3_1	15616	0.017097	0.2058	0.015288	1	3	83
Beam_1_3_1	15597	0.0047664	0.20605	0.015493	1	3	83
Beam_1_3_1	15564	0.0047667	0.20605	0.014202	1	3	83
Beam_1_3_1	15569	0.014247	0.20605	0.014202	1	3	83
Beam_1_3_1	15590	0.014248	0.20605	0.015493	1	3	83
Beam_1_3_1	15598	0.0031753	0.20647	0.015826	1	3	83
Beam_1_3_1	15565	0.0031755	0.20647	0.014543	1	3	83
Beam_1_3_1	15568	0.015834	0.20647	0.014543	1	3	83
Beam_1_3_1	15589	0.015834	0.20647	0.015826	1	3	83
Beam_1_3_1	15599	0.0015925	0.20688	0.016152	1	3	83
Beam_1_3_1	15566	0.0015927	0.20688	0.014877	1	3	83
Beam_1_3_1	15588	0.017412	0.20688	0.016152	1	3	83
Beam_1_3_1	15567	0.017412	0.20688	0.014877	1	3	83
Beam_1_3_1	25223	0.0	0.2078	0.016231	1	3	83
Beam_1_3_1	25226	0.00475	0.2078	0.016231	1	3	83
Beam_1_3_1	25225	0.0095	0.2078	0.016231	1	3	83
Beam_1_3_1	25224	0.01425	0.2078	0.016231	1	3	83
Beam_1_3_1	25222	0.019	0.2078	0.016231	1	3	83
Beam_1_3_3	17035	0.0023633	0.20893	0.016456	1	3	137
Beam_1_3_3	17087	0.0023635	0.20893	0.017696	1	3	137
Beam_1_3_3	17038	0.016637	0.20893	0.016456	1	3	137
Beam_1_3_3	17081	0.016637	0.20893	0.017696	1	3	137
Beam_1_3_3	17034	0.0047461	0.20956	0.016914	1	3	137
Beam_1_3_3	17086	0.0047463	0.20956	0.018144	1	3	137
Beam_1_3_3	17039	0.014254	0.20956	0.016914	1	3	137
Beam_1_3_3	17082	0.014254	0.20956	0.018144	1	3	137
Beam_1_3_3	17092	0.017112	0.20982	0.018329	1	3	137
Beam_1_3_3	17024	0.017113	0.20982	0.017103	1	3	137
Beam_1_3_3	17033	0.0071139	0.21018	0.017358	1	3	137
Beam_1_3_3	17085	0.007114	0.21018	0.018579	1	3	137
Beam_1_3_3	17083	0.011886	0.21018	0.018579	1	3	137
Beam_1_3_3	17040	0.011886	0.21018	0.017358	1	3	137
Beam_1_3_3	17052	0.0037951	0.21031	0.017449	1	3	137
Beam_1_3_3	17072	0.0037953	0.21031	0.018668	1	3	137
Beam_1_3_3	17025	0.015213	0.21032	0.017456	1	3	137
Beam_1_3_3	17093	0.015213	0.21032	0.018674	1	3	137
Beam_1_3_3	17051	0.0056893	0.2108	0.017796	1	3	137
Beam_1_3_3	17071	0.0056894	0.2108	0.019007	1	3	137
Beam_1_3_3	17084	0.0095	0.2108	0.019007	1	3	137
Beam_1_3_3	17032	0.0095	0.2108	0.017796	1	3	137
Beam_1_3_3	17026	0.013323	0.21081	0.017801	1	3	137
Beam_1_3_3	17094	0.013323	0.21081	0.019011	1	3	137
Beam_1_3_3	17050	0.0075949	0.2113	0.018138	1	3	137
Beam_1_3_3	17070	0.0075949	0.2113	0.019342	1	3	137
Beam_1_3_3	17027	0.011422	0.21131	0.018141	1	3	137
Beam_1_3_3	17091	0.011422	0.21131	0.019345	1	3	137
Beam_1_3_3	17069	0.0057025	0.2118	0.019668	1	3	137
Beam_1_3_3	17058	0.0057026	0.2118	0.018471	1	3	137
Beam_1_3_3	17028	0.01331	0.2118	0.018473	1	3	137
Beam_1_3_3	17088	0.01331	0.2118	0.01967	1	3	137
Beam_1_3_3	17041	0.0095141	0.21181	0.018476	1	3	137
Beam_1_3_3	17077	0.0095141	0.21181	0.019673	1	3	137
Beam_1_3_3	17068	0.0037994	0.2123	0.01999	1	3	137
Beam_1_3_3	17057	0.0037995	0.2123	0.0188	1	3	137
Beam_1_3_3	17029	0.015209	0.2123	0.018801	1	3	137
Beam_1_3_3	17089	0.015209	0.2123	0.019992	1	3	137
Beam_1_3_3	17078	0.0071452	0.21243	0.020072	1	3	137
Beam_1_3_3	17042	0.0071453	0.21243	0.018883	1	3	137
Beam_1_3_3	17076	0.011876	0.21243	0.020072	1	3	137
Beam_1_3_3	17049	0.011876	0.21243	0.018883	1	3	137
Beam_1_3_3	17067	0.0019048	0.2128	0.020305	1	3	137
Beam_1_3_3	17056	0.0019049	0.2128	0.019121	1	3	137
Beam_1_3_3	17090	0.017099	0.2128	0.020306	1	3	137
Beam_1_3_3	17030	0.017099	0.2128	0.019122	1	3	137
Beam_1_3_3	17079	0.0047599	0.21305	0.020464	1	3	137
Beam_1_3_3	17043	0.00476	0.21305	0.019283	1	3	137
Beam_1_3_3	17048	0.014254	0.21305	0.019283	1	3	137
Beam_1_3_3	17075	0.014254	0.21305	0.020464	1	3	137
Beam_1_3_3	17080	0.0023877	0.21367	0.020845	1	3	137
Beam_1_3_3	17044	0.0023878	0.21367	0.019672	1	3	137
Beam_1_3_3	17047	0.016619	0.21367	0.019672	1	3	137
Beam_1_3_3	17074	0.016619	0.21367	0.020845	1	3	137
Beam_1_3_3	25232	0.0	0.2148	0.020937	1	3	137
Beam_1_3_3	25235	0.00475	0.2148	0.020937	1	3	137
Beam_1_3_3	25234	0.0095	0.2148	0.020937	1	3	137
Beam_1_3_3	25233	0.01425	0.2148	0.020937	1	3	137
Beam_1_3_3	25231	0.019	0.2148	0.020937	1	3	137
Beam_1_3_4	18326	0.0023669	0.21593	0.021013	1	3	191
Beam_1_3_4	18386	0.002367	0.21593	0.02216	1	3	191
Beam_1_3_4	18388	0.016633	0.21593	0.02216	1	3	191
Beam_1_3_4	18320	0.016633	0.21593	0.021013	1	3	191
Beam_1_3_4	18325	0.0047478	0.21656	0.021363	1	3	191
Beam_1_3_4	18385	0.0047479	0.21656	0.022504	1	3	191
Beam_1_3_4	18389	0.014252	0.21656	0.022504	1	3	191
Beam_1_3_4	18321	0.014252	0.21656	0.021363	1	3	191
Beam_1_3_4	18335	0.0018938	0.21681	0.021502	1	3	191
Beam_1_3_4	18379	0.0018938	0.21681	0.02264	1	3	191
Beam_1_3_4	18363	0.01711	0.21682	0.022646	1	3	191
Beam_1_3_4	18352	0.01711	0.21682	0.021508	1	3	191
Beam_1_3_4	18324	0.0071173	0.21718	0.021704	1	3	191
Beam_1_3_4	18384	0.0071173	0.21718	0.022838	1	3	191
Beam_1_3_4	18322	0.011883	0.21718	0.021704	1	3	191
Beam_1_3_4	18390	0.011883	0.21718	0.022838	1	3	191
Beam_1_3_4	18334	0.0037961	0.21731	0.021773	1	3	191
Beam_1_3_4	18378	0.0037961	0.21731	0.022906	1	3	191
Beam_1_3_4	18353	0.015212	0.21732	0.021778	1	3	191
Beam_1_3_4	18364	0.015212	0.21732	0.022911	1	3	191
Beam_1_3_4	18377	0.0056914	0.2178	0.023166	1	3	191
Beam_1_3_4	18333	0.0056914	0.2178	0.022038	1	3	191
Beam_1_3_4	18387	0.0095	0.2178	0.023166	1	3	191
Beam_1_3_4	18323	0.0095	0.2178	0.022038	1	3	191
Beam_1_3_4	18354	0.013321	0.21781	0.022042	1	3	191
Beam_1_3_4	18365	0.013321	0.21781	0.02317	1	3	191
Beam_1_3_4	18332	0.0075949	0.2183	0.022299	1	3	191
Beam_1_3_4	18380	0.0075949	0.2183	0.023423	1	3	191
Beam_1_3_4	18366	0.011422	0.21831	0.023425	1	3	191
Beam_1_3_4	18346	0.011422	0.21831	0.022301	1	3	191
Beam_1_3_4	18383	0.0057006	0.2188	0.023673	1	3	191
Beam_1_3_4	18331	0.0057007	0.2188	0.022553	1	3	191
Beam_1_3_4	18347	0.013312	0.2188	0.022555	1	3	191
Beam_1_3_4	18367	0.013312	0.2188	0.023674	1	3	191
Beam_1_3_4	18373	0.0095141	0.21881	0.023676	1	3	191
Beam_1_3_4	18341	0.0095141	0.21881	0.022557	1	3	191
Beam_1_3_4	18382	0.0037986	0.2193	0.023919	1	3	191
Beam_1_3_4	18330	0.0037987	0.2193	0.022804	1	3	191
Beam_1_3_4	18368	0.01521	0.2193	0.02392	1	3	191
Beam_1_3_4	18348	0.01521	0.2193	0.022805	1	3	191
Beam_1_3_4	18370	0.0071423	0.21943	0.023981	1	3	191
Beam_1_3_4	18342	0.0071424	0.21943	0.022867	1	3	191
Beam_1_3_4	18340	0.011879	0.21943	0.022867	1	3	191
Beam_1_3_4	18376	0.011879	0.21943	0.023981	1	3	191
Beam_1_3_4	18329	0.001903	0.2198	0.023049	1	3	191
Beam_1_3_4	18381	0.001903	0.2198	0.024159	1	3	191
Beam_1_3_4	18369	0.017101	0.2198	0.02416	1	3	191
Beam_1_3_4	18349	0.017101	0.2198	0.023049	1	3	191
Beam_1_3_4	18371	0.0047588	0.22005	0.02428	1	3	191
Beam_1_3_4	18343	0.0047588	0.22005	0.023172	1	3	191
Beam_1_3_4	18339	0.014255	0.22005	0.023172	1	3	191
Beam_1_3_4	18375	0.014255	0.22005	0.02428	1	3	191
Beam_1_3_4	18372	0.0023849	0.22067	0.02457	1	3	191
Beam_1_3_4	18344	0.002385	0.22067	0.023467	1	3	191
Beam_1_3_4	18338	0.016622	0.22067	0.023467	1	3	191
Beam_1_3_4	18374	0.016622	0.22067	0.02457	1	3	191
Beam_1_3_4	25241	0.0	0.2218	0.024532	1	3	191
Beam_1_3_4	25244	0.00475	0.2218	0.024532	1	3	191
Beam_1_3_4	25243	0.0095	0.2218	0.024532	1	3	191
Beam_1_3_4	25242	0.01425	0.2218	0.024532	1	3	191
Beam_1_3_4	25240	0.019	0.2218	0.024532	1	3	191
Beam_1_3_5	19682	0.0023693	0.22293	0.025565	1	3	245
Beam_1_3_5	19622	0.0023693	0.22293	0.024479	1	3	245
Beam_1_3_5	19684	0.016631	0.22293	0.025565	1	3	245
Beam_1_3_5	19616	0.016631	0.22293	0.024479	1	3	245
Beam_1_3_5	19621	0.0047486	0.22356	0.024742	1	3	245
Beam_1_3_5	19681	0.0047486	0.22356	0.025823	1	3	245
Beam_1_3_5	19617	0.014251	0.22356	0.024742	1	3	245
Beam_1_3_5	19685	0.014251	0.22356	0.025823	1	3	245
Beam_1_3_5	19631	0.0018952	0.22381	0.024845	1	3	245
Beam_1_3_5	19675	0.0018953	0.22381	0.025925	1	3	245
Beam_1_3_5	19659	0.017109	0.22382	0.02593	1	3	245
Beam_1_3_5	19648	0.017109	0.22382	0.02485	1	3	245
Beam_1_3_5	19680	0.0071196	0.22418	0.026074	1	3	245
Beam_1_3_5	19620	0.0071196	0.22418	0.024996	1	3	245
Beam_1_3_5	19618	0.01188	0.22418	0.024996	1	3	245
Beam_1_3_5	19686	0.01188	0.22418	0.026074	1	3	245
Beam_1_3_5	19674	0.0037966	0.22431	0.026124	1	3	245
Beam_1_3_5	19630	0.0037966	0.22431	0.025048	1	3	245
Beam_1_3_5	19649	0.015212	0.22432	0.025052	1	3	245
Beam_1_3_5	19660	0.015212	0.22432	0.026128	1	3	245
Beam_1_3_5	19629	0.0056928	0.2248	0.025245	1	3	245
Beam_1_3_5	19673	0.0056929	0.2248	0.026318	1	3	245
Beam_1_3_5	19683	0.0095	0.2248	0.026318	1	3	245
Beam_1_3_5	19619	0.0095	0.2248	0.025245	1	3	245
Beam_1_3_5	19661	0.01332	0.22481	0.026321	1	3	245
Beam_1_3_5	19650	0.01332	0.22481	0.025248	1	3	245
Beam_1_3_5	19628	0.0075949	0.2253	0.025439	1	3	245
Beam_1_3_5	19676	0.0075949	0.2253	0.026509	1	3	245
Beam_1_3_5	19642	0.011422	0.22531	0.025441	1	3	245
Beam_1_3_5	19662	0.011422	0.22531	0.02651	1	3	245
Beam_1_3_5	19679	0.0056993	0.2258	0.026694	1	3	245
Beam_1_3_5	19627	0.0056993	0.2258	0.025627	1	3	245
Beam_1_3_5	19663	0.013313	0.2258	0.026695	1	3	245
Beam_1_3_5	19643	0.013313	0.2258	0.025629	1	3	245
Beam_1_3_5	19637	0.0095141	0.22581	0.02563	1	3	245
Beam_1_3_5	19669	0.0095141	0.22581	0.026696	1	3	245
Beam_1_3_5	19678	0.0037982	0.2263	0.026876	1	3	245
Beam_1_3_5	19626	0.0037982	0.2263	0.025812	1	3	245
Beam_1_3_5	19644	0.01521	0.2263	0.025813	1	3	245
Beam_1_3_5	19664	0.01521	0.2263	0.026877	1	3	245
Beam_1_3_5	19638	0.0071403	0.22643	0.025859	1	3	245
Beam_1_3_5	19666	0.0071403	0.22643	0.026922	1	3	245
Beam_1_3_5	19636	0.011881	0.22643	0.025859	1	3	245
Beam_1_3_5	19672	0.011881	0.22643	0.026922	1	3	245
Beam_1_3_5	19677	0.0019017	0.2268	0.027053	1	3	245
Beam_1_3_5	19625	0.0019017	0.2268	0.025992	1	3	245
Beam_1_3_5	19665	0.017103	0.2268	0.027053	1	3	245
Beam_1_3_5	19645	0.017103	0.2268	0.025992	1	3	245
Beam_1_3_5	19667	0.0047581	0.22705	0.027142	1	3	245
Beam_1_3_5	19639	0.0047582	0.22705	0.026082	1	3	245
Beam_1_3_5	19671	0.014256	0.22705	0.027142	1	3	245
Beam_1_3_5	19635	0.014256	0.22705	0.026082	1	3	245
Beam_1_3_5	19668	0.0023829	0.22767	0.027354	1	3	245
Beam_1_3_5	19640	0.002383	0.22767	0.026298	1	3	245
Beam_1_3_5	19634	0.016624	0.22767	0.026298	1	3	245
Beam_1_3_5	19670	0.016624	0.22767	0.027354	1	3	245
Beam_1_3_5	25250	0.0	0.2288	0.027198	1	3	245
Beam_1_3_5	25253	0.00475	0.2288	0.027198	1	3	245
Beam_1_3_5	25252	0.0095	0.2288	0.027198	1	3	245
Beam_1_3_5	25251	0.01425	0.2288	0.027198	1	3	245
Beam_1_3_5	25249	0.019	0.2288	0.027198	1	3	245
Beam_1_3_6	20946	0.0023711	0.22993	0.027027	1	3	299
Beam_1_3_6	20953	0.0023712	0.22993	0.028072	1	3	299
Beam_1_3_6	20912	0.016629	0.22993	0.027027	1	3	299
Beam_1_3_6	20980	0.016629	0.22993	0.028072	1	3	299
Beam_1_3_6	20945	0.0047491	0.23056	0.027214	1	3	299
Beam_1_3_6	20952	0.0047491	0.23056	0.028256	1	3	299
Beam_1_3_6	20913	0.014251	0.23056	0.027214	1	3	299
Beam_1_3_6	20981	0.014251	0.23056	0.028256	1	3	299
Beam_1_3_6	20923	0.0018964	0.23081	0.027287	1	3	299
Beam_1_3_6	20975	0.0018964	0.23081	0.028328	1	3	299
Beam_1_3_6	20959	0.017108	0.23082	0.028331	1	3	299
Beam_1_3_6	20940	0.017108	0.23082	0.027291	1	3	299
Beam_1_3_6	20944	0.0071214	0.23118	0.027394	1	3	299
Beam_1_3_6	20951	0.0071214	0.23118	0.028432	1	3	299
Beam_1_3_6	20914	0.011879	0.23118	0.027394	1	3	299
Beam_1_3_6	20982	0.011879	0.23118	0.028432	1	3	299
Beam_1_3_6	20974	0.0037969	0.23131	0.028468	1	3	299
Beam_1_3_6	20922	0.0037969	0.23131	0.02743	1	3	299
Beam_1_3_6	20960	0.015212	0.23132	0.028471	1	3	299
Beam_1_3_6	20941	0.015212	0.23132	0.027432	1	3	299
Beam_1_3_6	20921	0.0056939	0.2318	0.027568	1	3	299
Beam_1_3_6	20973	0.005694	0.2318	0.028604	1	3	299
Beam_1_3_6	20954	0.0095	0.2318	0.028604	1	3	299
Beam_1_3_6	20915	0.0095	0.2318	0.027567	1	3	299
Beam_1_3_6	20961	0.013319	0.23181	0.028606	1	3	299
Beam_1_3_6	20942	0.013319	0.23181	0.02757	1	3	299
Beam_1_3_6	20920	0.0075949	0.2323	0.027702	1	3	299
Beam_1_3_6	20976	0.0075949	0.2323	0.028736	1	3	299
Beam_1_3_6	20934	0.011422	0.23231	0.027703	1	3	299
Beam_1_3_6	20962	0.011422	0.23231	0.028737	1	3	299
Beam_1_3_6	20979	0.0056982	0.2328	0.028864	1	3	299
Beam_1_3_6	20919	0.0056982	0.2328	0.027832	1	3	299
Beam_1_3_6	20935	0.013314	0.2328	0.027833	1	3	299
Beam_1_3_6	20963	0.013314	0.2328	0.028865	1	3	299
Beam_1_3_6	20969	0.0095141	0.23281	0.028866	1	3	299
Beam_1_3_6	20929	0.0095141	0.23281	0.027834	1	3	299
Beam_1_3_6	20918	0.0037979	0.2333	0.027959	1	3	299
Beam_1_3_6	20978	0.0037979	0.2333	0.028989	1	3	299
Beam_1_3_6	20936	0.015211	0.2333	0.027959	1	3	299
Beam_1_3_6	20964	0.015211	0.2333	0.028989	1	3	299
Beam_1_3_6	20930	0.0071386	0.23343	0.027991	1	3	299
Beam_1_3_6	20966	0.0071386	0.23343	0.02902	1	3	299
Beam_1_3_6	20928	0.011882	0.23343	0.027991	1	3	299
Beam_1_3_6	20972	0.011882	0.23343	0.02902	1	3	299
Beam_1_3_6	20977	0.0019007	0.2338	0.029109	1	3	299
Beam_1_3_6	20917	0.0019007	0.2338	0.028081	1	3	299
Beam_1_3_6	20965	0.017104	0.2338	0.02911	1	3	299
Beam_1_3_6	20937	0.017104	0.2338	0.028081	1	3	299
Beam_1_3_6	20967	0.0047577	0.23405	0.029169	1	3	299
Beam_1_3_6	20931	0.0047577	0.23405	0.028142	1	3	299
Beam_1_3_6	20971	0.014256	0.23405	0.029169	1	3	299
Beam_1_3_6	20927	0.014256	0.23405	0.028142	1	3	299
Beam_1_3_6	20968	0.0023814	0.23467	0.029312	1	3	299
Beam_1_3_6	20932	0.0023814	0.23467	0.028286	1	3	299
Beam_1_3_6	20926	0.016626	0.23467	0.028286	1	3	299
Beam_1_3_6	20970	0.016626	0.23467	0.029312	1	3	299
Beam_1_3_6	25259	0.0	0.2358	0.029044	1	3	299
Beam_1_3_6	25262	0.00475	0.2358	0.029044	1	3	299
Beam_1_3_6	25261	0.0095	0.2358	0.029044	1	3	299
Beam_1_3_6	25260	0.01425	0.2358	0.029044	1	3	299
Beam_1_3_6	25258	0.019	0.2358	0.029044	1	3	299
Beam_1_3_7	22214	0.0023726	0.23693	0.028762	1	3	353
Beam_1_3_7	22274	0.0023726	0.23693	0.02978	1	3	353
Beam_1_3_7	22276	0.016627	0.23693	0.02978	1	3	353
Beam_1_3_7	22208	0.016627	0.23693	0.028762	1	3	353
Beam_1_3_7	22213	0.0047495	0.23756	0.028879	1	3	353
Beam_1_3_7	22273	0.0047495	0.23756	0.029895	1	3	353
Beam_1_3_7	22277	0.014251	0.23756	0.029895	1	3	353
Beam_1_3_7	22209	0.014251	0.23756	0.028879	1	3	353
Beam_1_3_7	22267	0.0018973	0.23781	0.02994	1	3	353
Beam_1_3_7	22223	0.0018973	0.23781	0.028924	1	3	353
Beam_1_3_7	22251	0.017107	0.23782	0.029942	1	3	353
Beam_1_3_7	22240	0.017107	0.23782	0.028927	1	3	353
Beam_1_3_7	22212	0.0071228	0.23818	0.02899	1	3	353
Beam_1_3_7	22272	0.0071229	0.23818	0.030005	1	3	353
Beam_1_3_7	22210	0.011877	0.23818	0.02899	1	3	353
Beam_1_3_7	22278	0.011877	0.23818	0.030005	1	3	353
Beam_1_3_7	22222	0.0037971	0.23831	0.029012	1	3	353
Beam_1_3_7	22266	0.0037971	0.23831	0.030027	1	3	353
Beam_1_3_7	22252	0.015211	0.23832	0.030028	1	3	353
Beam_1_3_7	22241	0.015211	0.23832	0.029014	1	3	353
Beam_1_3_7	22221	0.0056949	0.2388	0.029096	1	3	353
Beam_1_3_7	22265	0.0056949	0.2388	0.030109	1	3	353
Beam_1_3_7	22211	0.0095	0.2388	0.029096	1	3	353
Beam_1_3_7	22275	0.0095	0.2388	0.030109	1	3	353
Beam_1_3_7	22253	0.013318	0.23881	0.03011	1	3	353
Beam_1_3_7	22242	0.013318	0.23881	0.029097	1	3	353
Beam_1_3_7	22268	0.0075949	0.2393	0.030188	1	3	353
Beam_1_3_7	22220	0.0075949	0.2393	0.029176	1	3	353
Beam_1_3_7	22234	0.011422	0.23931	0.029177	1	3	353
Beam_1_3_7	22254	0.011422	0.23931	0.030189	1	3	353
Beam_1_3_7	22219	0.0056973	0.2398	0.029252	1	3	353
Beam_1_3_7	22271	0.0056973	0.2398	0.030263	1	3	353
Beam_1_3_7	22235	0.013315	0.2398	0.029253	1	3	353
Beam_1_3_7	22255	0.013315	0.2398	0.030264	1	3	353
Beam_1_3_7	22229	0.0095141	0.23981	0.029253	1	3	353
Beam_1_3_7	22261	0.0095141	0.23981	0.030264	1	3	353
Beam_1_3_7	22270	0.0037977	0.2403	0.030335	1	3	353
Beam_1_3_7	22218	0.0037977	0.2403	0.029325	1	3	353
Beam_1_3_7	22256	0.015211	0.2403	0.030335	1	3	353
Beam_1_3_7	22236	0.015211	0.2403	0.029325	1	3	353
Beam_1_3_7	22230	0.0071373	0.24043	0.029343	1	3	353
Beam_1_3_7	22258	0.0071373	0.24043	0.030353	1	3	353
Beam_1_3_7	22228	0.011884	0.24043	0.029343	1	3	353
Beam_1_3_7	22264	0.011884	0.24043	0.030353	1	3	353
Beam_1_3_7	22269	0.0018998	0.2408	0.030403	1	3	353
Beam_1_3_7	22217	0.0018998	0.2408	0.029394	1	3	353
Beam_1_3_7	22257	0.017104	0.2408	0.030403	1	3	353
Beam_1_3_7	22237	0.017104	0.2408	0.029394	1	3	353
Beam_1_3_7	22231	0.0047574	0.24105	0.029427	1	3	353
Beam_1_3_7	22259	0.0047574	0.24105	0.030436	1	3	353
Beam_1_3_7	22227	0.014257	0.24105	0.029427	1	3	353
Beam_1_3_7	22263	0.014257	0.24105	0.030436	1	3	353
Beam_1_3_7	22232	0.00238	0.24167	0.029506	1	3	353
Beam_1_3_7	22260	0.00238	0.24167	0.030513	1	3	353
Beam_1_3_7	22226	0.016627	0.24167	0.029506	1	3	353
Beam_1_3_7	22262	0.016627	0.24167	0.030513	1	3	353
Beam_1_3_7	25268	0.0	0.2428	0.030136	1	3	353
Beam_1_3_7	25271	0.00475	0.2428	0.030136	1	3	353
Beam_1_3_7	25270	0.0095	0.2428	0.030136	1	3	353
Beam_1_3_7	25269	0.01425	0.2428	0.030136	1	3	353
Beam_1_3_7	25267	0.019	0.2428	0.030136	1	3	353
Beam_1_3_8	23570	0.0023739	0.24393	0.030747	1	3	407
Beam_1_3_8	23510	0.0023739	0.24393	0.029743	1	3	407
Beam_1_3_8	23572	0.016626	0.24393	0.030747	1	3	407
Beam_1_3_8	23504	0.016626	0.24393	0.029743	1	3	407
Beam_1_3_8	23509	0.0047498	0.24456	0.029795	1	3	407
Beam_1_3_8	23569	0.0047498	0.24456	0.030798	1	3	407
Beam_1_3_8	23573	0.01425	0.24456	0.030798	1	3	407
Beam_1_3_8	23505	0.01425	0.24456	0.029795	1	3	407
Beam_1_3_8	23563	0.0018981	0.24481	0.030817	1	3	407
Beam_1_3_8	23519	0.0018981	0.24481	0.029815	1	3	407
Beam_1_3_8	23547	0.017106	0.24482	0.030818	1	3	407
Beam_1_3_8	23536	0.017106	0.24482	0.029816	1	3	407
Beam_1_3_8	23508	0.0071241	0.24518	0.029842	1	3	407
Beam_1_3_8	23568	0.0071241	0.24518	0.030844	1	3	407
Beam_1_3_8	23506	0.011876	0.24518	0.029842	1	3	407
Beam_1_3_8	23574	0.011876	0.24518	0.030844	1	3	407
Beam_1_3_8	23518	0.0037973	0.24531	0.02985	1	3	407
Beam_1_3_8	23562	0.0037973	0.24531	0.030853	1	3	407
Beam_1_3_8	23537	0.015211	0.24532	0.029851	1	3	407
Beam_1_3_8	23548	0.015211	0.24532	0.030853	1	3	407
Beam_1_3_8	23517	0.0056957	0.2458	0.029883	1	3	407
Beam_1_3_8	23561	0.0056957	0.2458	0.030884	1	3	407
Beam_1_3_8	23507	0.0095	0.2458	0.029882	1	3	407
Beam_1_3_8	23571	0.0095	0.2458	0.030884	1	3	407
Beam_1_3_8	23538	0.013317	0.24581	0.029883	1	3	407
Beam_1_3_8	23549	0.013317	0.24581	0.030885	1	3	407
Beam_1_3_8	23516	0.0075949	0.2463	0.029911	1	3	407
Beam_1_3_8	23564	0.0075949	0.2463	0.030913	1	3	407
Beam_1_3_8	23550	0.011422	0.24631	0.030913	1	3	407
Beam_1_3_8	23530	0.011422	0.24631	0.029911	1	3	407
Beam_1_3_8	23515	0.0056965	0.2468	0.029936	1	3	407
Beam_1_3_8	23567	0.0056965	0.2468	0.030937	1	3	407
Beam_1_3_8	23531	0.013316	0.2468	0.029936	1	3	407
Beam_1_3_8	23551	0.013316	0.2468	0.030937	1	3	407
Beam_1_3_8	23557	0.0095141	0.24681	0.030937	1	3	407
Beam_1_3_8	23525	0.0095141	0.24681	0.029936	1	3	407
Beam_1_3_8	23566	0.0037975	0.2473	0.030958	1	3	407
Beam_1_3_8	23514	0.0037975	0.2473	0.029957	1	3	407
Beam_1_3_8	23552	0.015211	0.2473	0.030958	1	3	407
Beam_1_3_8	23532	0.015211	0.2473	0.029957	1	3	407
Beam_1_3_8	23526	0.007136	0.24743	0.029962	1	3	407
Beam_1_3_8	23554	0.007136	0.24743	0.030963	1	3	407
Beam_1_3_8	23560	0.011885	0.24743	0.030963	1	3	407
Beam_1_3_8	23524	0.011885	0.24743	0.029962	1	3	407
Beam_1_3_8	23565	0.001899	0.2478	0.030976	1	3	407
Beam_1_3_8	23513	0.001899	0.2478	0.029975	1	3	407
Beam_1_3_8	23533	0.017105	0.2478	0.029975	1	3	407
Beam_1_3_8	23553	0.017105	0.2478	0.030976	1	3	407
Beam_1_3_8	23527	0.0047571	0.24805	0.029983	1	3	407
Beam_1_3_8	23555	0.0047571	0.24805	0.030983	1	3	407
Beam_1_3_8	23559	0.014257	0.24805	0.030983	1	3	407
Beam_1_3_8	23523	0.014257	0.24805	0.029983	1	3	407
Beam_1_3_8	23556	0.0023788	0.24867	0.030998	1	3	407
Beam_1_3_8	23528	0.0023788	0.24867	0.029997	1	3	407
Beam_1_3_8	23522	0.016628	0.24867	0.029997	1	3	407
Beam_1_3_8	23558	0.016628	0.24867	0.030998	1	3	407
Beam_1_3_8	25277	0.0	0.2498	0.030509	1	3	407
Beam_1_3_8	25280	0.00475	0.2498	0.030509	1	3	407
Beam_1_3_8	25279	0.0095	0.2498	0.030509	1	3	407
Beam_1_3_8	25278	0.01425	0.2498	0.030509	1	3	407
Beam_1_3_8	25276	0.019	0.2498	0.030509	1	3	407
Beam_1_3_9	24201	0.0023752	0.25093	0.031004	1	3	434
Beam_1_3_9	24181	0.0023752	0.25093	0.030004	1	3	434
Beam_1_3_9	24184	0.016625	0.25093	0.030004	1	3	434
Beam_1_3_9	24195	0.016625	0.25093	0.031004	1	3	434
Beam_1_3_9	24180	0.0047501	0.25156	0.029993	1	3	434
Beam_1_3_9	24200	0.0047501	0.25156	0.030993	1	3	434
Beam_1_3_9	24185	0.01425	0.25156	0.029993	1	3	434
Beam_1_3_9	24196	0.01425	0.25156	0.030993	1	3	434
Beam_1_3_9	24215	0.0018989	0.25181	0.030987	1	3	434
Beam_1_3_9	24163	0.0018989	0.25181	0.029987	1	3	434
Beam_1_3_9	24170	0.017105	0.25182	0.029986	1	3	434
Beam_1_3_9	24206	0.017105	0.25182	0.030987	1	3	434
Beam_1_3_9	24179	0.0071254	0.25218	0.029976	1	3	434
Beam_1_3_9	24199	0.0071254	0.25218	0.030976	1	3	434
Beam_1_3_9	24186	0.011875	0.25218	0.029976	1	3	434
Beam_1_3_9	24197	0.011875	0.25218	0.030976	1	3	434
Beam_1_3_9	24214	0.0037975	0.25231	0.030972	1	3	434
Beam_1_3_9	24162	0.0037975	0.25231	0.029972	1	3	434
Beam_1_3_9	24207	0.015211	0.25232	0.030972	1	3	434
Beam_1_3_9	24171	0.015211	0.25232	0.029971	1	3	434
Beam_1_3_9	24161	0.0056965	0.2528	0.029953	1	3	434
Beam_1_3_9	24213	0.0056965	0.2528	0.030954	1	3	434
Beam_1_3_9	24178	0.0095	0.2528	0.029953	1	3	434
Beam_1_3_9	24198	0.0095	0.2528	0.030954	1	3	434
Beam_1_3_9	24172	0.013316	0.25281	0.029953	1	3	434
Beam_1_3_9	24208	0.013316	0.25281	0.030954	1	3	434
Beam_1_3_9	24212	0.0075949	0.2533	0.030932	1	3	434
Beam_1_3_9	24160	0.0075949	0.2533	0.029931	1	3	434
Beam_1_3_9	24173	0.011422	0.25331	0.029931	1	3	434
Beam_1_3_9	24205	0.011422	0.25331	0.030932	1	3	434
Beam_1_3_9	24211	0.0056957	0.2538	0.030907	1	3	434
Beam_1_3_9	24168	0.0056957	0.2538	0.029905	1	3	434
Beam_1_3_9	24202	0.013317	0.2538	0.030907	1	3	434
Beam_1_3_9	24174	0.013317	0.2538	0.029905	1	3	434
Beam_1_3_9	24151	0.0095141	0.25381	0.029905	1	3	434
Beam_1_3_9	24219	0.0095141	0.25381	0.030907	1	3	434
Beam_1_3_9	24167	0.0037973	0.2543	0.029876	1	3	434
Beam_1_3_9	24210	0.0037973	0.2543	0.030878	1	3	434
Beam_1_3_9	24175	0.015211	0.2543	0.029876	1	3	434
Beam_1_3_9	24203	0.015211	0.2543	0.030878	1	3	434
Beam_1_3_9	24220	0.0071348	0.25443	0.03087	1	3	434
Beam_1_3_9	24152	0.0071348	0.25443	0.029868	1	3	434
Beam_1_3_9	24218	0.011886	0.25443	0.03087	1	3	434
Beam_1_3_9	24159	0.011886	0.25443	0.029868	1	3	434
Beam_1_3_9	24209	0.0018982	0.2548	0.030846	1	3	434
Beam_1_3_9	24166	0.0018982	0.2548	0.029843	1	3	434
Beam_1_3_9	24176	0.017106	0.2548	0.029843	1	3	434
Beam_1_3_9	24204	0.017106	0.2548	0.030845	1	3	434
Beam_1_3_9	24153	0.0047568	0.25505	0.029825	1	3	434
Beam_1_3_9	24221	0.0047568	0.25505	0.030828	1	3	434
Beam_1_3_9	24158	0.014257	0.25505	0.029825	1	3	434
Beam_1_3_9	24217	0.014257	0.25505	0.030828	1	3	434
Beam_1_3_9	24222	0.0023775	0.25567	0.03078	1	3	434
Beam_1_3_9	24154	0.0023775	0.25567	0.029776	1	3	434
Beam_1_3_9	24216	0.01663	0.25567	0.03078	1	3	434
Beam_1_3_9	24157	0.01663	0.25567	0.029776	1	3	434
Beam_1_3_9	25286	0.0	0.2568	0.030176	1	3	434
Beam_1_3_9	25289	0.00475	0.2568	0.030176	1	3	434
Beam_1_3_9	25288	0.0095	0.2568	0.030176	1	3	434
Beam_1_3_9	25287	0.01425	0.2568	0.030176	1	3	434
Beam_1_3_9	25285	0.019	0.2568	0.030176	1	3	434
Beam_1_3_10	22858	0.0023764	0.25793	0.029553	1	3	380
Beam_1_3_10	22926	0.0023764	0.25793	0.030559	1	3	380
Beam_1_3_10	22861	0.016624	0.25793	0.029553	1	3	380
Beam_1_3_10	22920	0.016624	0.25793	0.030559	1	3	380
Beam_1_3_10	22925	0.0047503	0.25856	0.030485	1	3	380
Beam_1_3_10	22857	0.0047504	0.25856	0.029478	1	3	380
Beam_1_3_10	22862	0.01425	0.25856	0.029478	1	3	380
Beam_1_3_10	22921	0.01425	0.25856	0.030485	1	3	380
Beam_1_3_10	22912	0.0018997	0.25881	0.030454	1	3	380
Beam_1_3_10	22876	0.0018997	0.25881	0.029446	1	3	380
Beam_1_3_10	22865	0.017104	0.25882	0.029444	1	3	380
Beam_1_3_10	22917	0.017105	0.25882	0.030452	1	3	380
Beam_1_3_10	22924	0.0071266	0.25918	0.030406	1	3	380
Beam_1_3_10	22856	0.0071266	0.25918	0.029397	1	3	380
Beam_1_3_10	22922	0.011873	0.25918	0.030406	1	3	380
Beam_1_3_10	22863	0.011873	0.25918	0.029397	1	3	380
Beam_1_3_10	22911	0.0037977	0.25931	0.030389	1	3	380
Beam_1_3_10	22875	0.0037977	0.25931	0.02938	1	3	380
Beam_1_3_10	22866	0.015211	0.25932	0.029378	1	3	380
Beam_1_3_10	22918	0.015211	0.25932	0.030388	1	3	380
Beam_1_3_10	22923	0.0095	0.2598	0.03032	1	3	380
Beam_1_3_10	22855	0.0095	0.2598	0.02931	1	3	380
Beam_1_3_10	22910	0.0056973	0.25981	0.03032	1	3	380
Beam_1_3_10	22874	0.0056973	0.25981	0.02931	1	3	380
Beam_1_3_10	22919	0.013315	0.25981	0.030319	1	3	380
Beam_1_3_10	22867	0.013315	0.25981	0.029309	1	3	380
Beam_1_3_10	22909	0.0075949	0.2603	0.030248	1	3	380
Beam_1_3_10	22873	0.0075949	0.2603	0.029237	1	3	380
Beam_1_3_10	22916	0.011422	0.26031	0.030247	1	3	380
Beam_1_3_10	22868	0.011422	0.26031	0.029236	1	3	380
Beam_1_3_10	22881	0.0056949	0.2608	0.029159	1	3	380
Beam_1_3_10	22908	0.0056949	0.2608	0.030172	1	3	380
Beam_1_3_10	22902	0.0095141	0.26081	0.030171	1	3	380
Beam_1_3_10	22882	0.0095141	0.26081	0.029159	1	3	380
Beam_1_3_10	22913	0.013318	0.26081	0.030171	1	3	380
Beam_1_3_10	22869	0.013318	0.26081	0.029159	1	3	380
Beam_1_3_10	22880	0.0037971	0.2613	0.029079	1	3	380
Beam_1_3_10	22907	0.0037972	0.2613	0.030092	1	3	380
Beam_1_3_10	22870	0.015211	0.2613	0.029078	1	3	380
Beam_1_3_10	22914	0.015211	0.2613	0.030092	1	3	380
Beam_1_3_10	22903	0.0071335	0.26143	0.030071	1	3	380
Beam_1_3_10	22883	0.0071335	0.26143	0.029057	1	3	380
Beam_1_3_10	22901	0.011888	0.26143	0.030071	1	3	380
Beam_1_3_10	22890	0.011888	0.26143	0.029057	1	3	380
Beam_1_3_10	22879	0.0018974	0.2618	0.028994	1	3	380
Beam_1_3_10	22906	0.0018974	0.2618	0.030009	1	3	380
Beam_1_3_10	22871	0.017107	0.2618	0.028994	1	3	380
Beam_1_3_10	22915	0.017107	0.2618	0.030009	1	3	380
Beam_1_3_10	22904	0.0047565	0.26205	0.029965	1	3	380
Beam_1_3_10	22884	0.0047565	0.26205	0.02895	1	3	380
Beam_1_3_10	22900	0.014258	0.26205	0.029965	1	3	380
Beam_1_3_10	22889	0.014258	0.26205	0.02895	1	3	380
Beam_1_3_10	22905	0.0023762	0.26267	0.029853	1	3	380
Beam_1_3_10	22885	0.0023762	0.26267	0.028836	1	3	380
Beam_1_3_10	22899	0.016631	0.26267	0.029853	1	3	380
Beam_1_3_10	22888	0.016631	0.26267	0.028836	1	3	380
Beam_1_3_10	25295	0.0	0.2638	0.029125	1	3	380
Beam_1_3_10	25298	0.00475	0.2638	0.029125	1	3	380
Beam_1_3_10	25297	0.0095	0.2638	0.029125	1	3	380
Beam_1_3_10	25296	0.01425	0.2638	0.029125	1	3	380
Beam_1_3_10	25294	0.019	0.2638	0.029125	1	3	380
Beam_1_3_11	21626	0.0023778	0.26493	0.029399	1	3	326
Beam_1_3_11	21568	0.0023778	0.26493	0.028375	1	3	326
Beam_1_3_11	21628	0.016622	0.26493	0.029399	1	3	326
Beam_1_3_11	21562	0.016622	0.26493	0.028375	1	3	326
Beam_1_3_11	21567	0.0047507	0.26556	0.028234	1	3	326
Beam_1_3_11	21625	0.0047507	0.26556	0.02926	1	3	326
Beam_1_3_11	21563	0.014249	0.26556	0.028234	1	3	326
Beam_1_3_11	21629	0.014249	0.26556	0.02926	1	3	326
Beam_1_3_11	21618	0.0019006	0.26581	0.029202	1	3	326
Beam_1_3_11	21576	0.0019006	0.26581	0.028175	1	3	326
Beam_1_3_11	21592	0.017104	0.26582	0.028172	1	3	326
Beam_1_3_11	21601	0.017104	0.26582	0.029199	1	3	326
Beam_1_3_11	21566	0.007128	0.26618	0.028086	1	3	326
Beam_1_3_11	21624	0.007128	0.26618	0.029114	1	3	326
Beam_1_3_11	21564	0.011872	0.26618	0.028086	1	3	326
Beam_1_3_11	21630	0.011872	0.26618	0.029114	1	3	326
Beam_1_3_11	21617	0.0037979	0.26631	0.029084	1	3	326
Beam_1_3_11	21575	0.0037979	0.26631	0.028056	1	3	326
Beam_1_3_11	21602	0.015211	0.26632	0.029082	1	3	326
Beam_1_3_11	21593	0.015211	0.26632	0.028053	1	3	326
Beam_1_3_11	21627	0.0095	0.2668	0.028964	1	3	326
Beam_1_3_11	21565	0.0095	0.2668	0.027933	1	3	326
Beam_1_3_11	21574	0.0056982	0.26681	0.027932	1	3	326
Beam_1_3_11	21616	0.0056982	0.26681	0.028963	1	3	326
Beam_1_3_11	21603	0.013315	0.26681	0.028961	1	3	326
Beam_1_3_11	21594	0.013315	0.26681	0.027931	1	3	326
Beam_1_3_11	21619	0.0075949	0.2673	0.028838	1	3	326
Beam_1_3_11	21573	0.0075949	0.2673	0.027805	1	3	326
Beam_1_3_11	21586	0.011422	0.26731	0.027804	1	3	326
Beam_1_3_11	21604	0.011422	0.26731	0.028837	1	3	326
Beam_1_3_11	21622	0.005694	0.2678	0.028709	1	3	326
Beam_1_3_11	21572	0.005694	0.2678	0.027674	1	3	326
Beam_1_3_11	21582	0.0095141	0.26781	0.027673	1	3	326
Beam_1_3_11	21612	0.0095141	0.26781	0.028707	1	3	326
Beam_1_3_11	21605	0.013319	0.26781	0.028708	1	3	326
Beam_1_3_11	21587	0.013319	0.26781	0.027673	1	3	326
Beam_1_3_11	21621	0.0037969	0.2683	0.028576	1	3	326
Beam_1_3_11	21571	0.0037969	0.2683	0.027539	1	3	326
Beam_1_3_11	21606	0.015212	0.2683	0.028575	1	3	326
Beam_1_3_11	21588	0.015212	0.2683	0.027539	1	3	326
Beam_1_3_11	21583	0.007132	0.26843	0.027503	1	3	326
Beam_1_3_11	21608	0.0071321	0.26843	0.02854	1	3	326
Beam_1_3_11	21615	0.011889	0.26843	0.02854	1	3	326
Beam_1_3_11	21581	0.011889	0.26843	0.027503	1	3	326
Beam_1_3_11	21570	0.0018964	0.2688	0.0274	1	3	326
Beam_1_3_11	21620	0.0018964	0.2688	0.028439	1	3	326
Beam_1_3_11	21589	0.017108	0.2688	0.0274	1	3	326
Beam_1_3_11	21607	0.017108	0.2688	0.028438	1	3	326
Beam_1_3_11	21609	0.0047562	0.26905	0.028368	1	3	326
Beam_1_3_11	21584	0.0047562	0.26905	0.027328	1	3	326
Beam_1_3_11	21614	0.014258	0.26905	0.028368	1	3	326
Beam_1_3_11	21580	0.014258	0.26905	0.027328	1	3	326
Beam_1_3_11	21585	0.0023747	0.26967	0.027146	1	3	326
Beam_1_3_11	21610	0.0023748	0.26967	0.028188	1	3	326
Beam_1_3_11	21613	0.016632	0.26967	0.028188	1	3	326
Beam_1_3_11	21579	0.016632	0.26967	0.027146	1	3	326
Beam_1_3_11	25466	0.0	0.2708	0.027323	1	3	326
Beam_1_3_11	25469	0.00475	0.2708	0.027323	1	3	326
Beam_1_3_11	25468	0.0095	0.2708	0.027323	1	3	326
Beam_1_3_11	25467	0.01425	0.2708	0.027323	1	3	326
Beam_1_3_11	25465	0.019	0.2708	0.027323	1	3	326
Beam_1_3_12	20329	0.0023793	0.27193	0.027485	1	3	272
Beam_1_3_12	20273	0.0023794	0.27193	0.026431	1	3	272
Beam_1_3_12	20331	0.016621	0.27193	0.027485	1	3	272
Beam_1_3_12	20267	0.016621	0.27193	0.026431	1	3	272
Beam_1_3_12	20272	0.0047511	0.27256	0.026219	1	3	272
Beam_1_3_12	20328	0.0047511	0.27256	0.027276	1	3	272
Beam_1_3_12	20268	0.014249	0.27256	0.026219	1	3	272
Beam_1_3_12	20332	0.014249	0.27256	0.027276	1	3	272
Beam_1_3_12	20281	0.0019016	0.27281	0.026131	1	3	272
Beam_1_3_12	20321	0.0019016	0.27281	0.02719	1	3	272
Beam_1_3_12	20303	0.017103	0.27282	0.027186	1	3	272
Beam_1_3_12	20296	0.017103	0.27282	0.026127	1	3	272
Beam_1_3_12	20271	0.0071296	0.27318	0.026	1	3	272
Beam_1_3_12	20327	0.0071296	0.27318	0.027061	1	3	272
Beam_1_3_12	20333	0.01187	0.27318	0.027061	1	3	272
Beam_1_3_12	20269	0.01187	0.27318	0.026	1	3	272
Beam_1_3_12	20320	0.0037982	0.27331	0.027016	1	3	272
Beam_1_3_12	20280	0.0037982	0.27331	0.025955	1	3	272
Beam_1_3_12	20304	0.01521	0.27332	0.027013	1	3	272
Beam_1_3_12	20297	0.01521	0.27332	0.025951	1	3	272
Beam_1_3_12	20270	0.0095	0.2738	0.025774	1	3	272
Beam_1_3_12	20330	0.0095	0.2738	0.026839	1	3	272
Beam_1_3_12	20279	0.0056992	0.27381	0.025774	1	3	272
Beam_1_3_12	20319	0.0056992	0.27381	0.026838	1	3	272
Beam_1_3_12	20298	0.013313	0.27381	0.025771	1	3	272
Beam_1_3_12	20305	0.013313	0.27381	0.026835	1	3	272
Beam_1_3_12	20278	0.0075949	0.2743	0.025589	1	3	272
Beam_1_3_12	20322	0.0075949	0.2743	0.026656	1	3	272
Beam_1_3_12	20291	0.011422	0.27431	0.025587	1	3	272
Beam_1_3_12	20307	0.011422	0.27431	0.026654	1	3	272
Beam_1_3_12	20277	0.0056929	0.2748	0.025398	1	3	272
Beam_1_3_12	20325	0.0056929	0.2748	0.026469	1	3	272
Beam_1_3_12	20315	0.0095141	0.27481	0.026467	1	3	272
Beam_1_3_12	20287	0.0095141	0.27481	0.025397	1	3	272
Beam_1_3_12	20308	0.01332	0.27481	0.026468	1	3	272
Beam_1_3_12	20292	0.01332	0.27481	0.025397	1	3	272
Beam_1_3_12	20324	0.0037966	0.2753	0.026278	1	3	272
Beam_1_3_12	20276	0.0037966	0.2753	0.025205	1	3	272
Beam_1_3_12	20293	0.015212	0.2753	0.025204	1	3	272
Beam_1_3_12	20309	0.015212	0.2753	0.026277	1	3	272
Beam_1_3_12	20288	0.0071303	0.27543	0.025153	1	3	272
Beam_1_3_12	20311	0.0071303	0.27543	0.026227	1	3	272
Beam_1_3_12	20286	0.011891	0.27543	0.025153	1	3	272
Beam_1_3_12	20318	0.011891	0.27543	0.026227	1	3	272
Beam_1_3_12	20275	0.0018953	0.2758	0.025006	1	3	272
Beam_1_3_12	20323	0.0018953	0.2758	0.026083	1	3	272
Beam_1_3_12	20294	0.017109	0.2758	0.025005	1	3	272
Beam_1_3_12	20310	0.017109	0.2758	0.026082	1	3	272
Beam_1_3_12	20289	0.0047556	0.27605	0.024903	1	3	272
Beam_1_3_12	20312	0.0047557	0.27605	0.025982	1	3	272
Beam_1_3_12	20317	0.014258	0.27605	0.025982	1	3	272
Beam_1_3_12	20285	0.014258	0.27605	0.024903	1	3	272
Beam_1_3_12	20290	0.0023729	0.27668	0.024645	1	3	272
Beam_1_3_12	20313	0.002373	0.27668	0.025728	1	3	272
Beam_1_3_12	20284	0.016634	0.27668	0.024645	1	3	272
Beam_1_3_12	20316	0.016634	0.27668	0.025728	1	3	272
Beam_1_3_12	25493	0.0	0.2778	0.024705	1	3	272
Beam_1_3_12	25496	0.00475	0.2778	0.024705	1	3	272
Beam_1_3_12	25495	0.0095	0.2778	0.024705	1	3	272
Beam_1_3_12	25494	0.01425	0.2778	0.024705	1	3	272
Beam_1_3_12	25492	0.019	0.2778	0.024705	1	3	272
Beam_1_3_13	19033	0.0023813	0.27893	0.02475	1	3	218
Beam_1_3_13	18980	0.0023813	0.27893	0.02365	1	3	218
Beam_1_3_13	19036	0.016619	0.27893	0.02475	1	3	218
Beam_1_3_13	18974	0.016619	0.27893	0.02365	1	3	218
Beam_1_3_13	19032	0.0047517	0.27956	0.024464	1	3	218
Beam_1_3_13	18979	0.0047518	0.27956	0.023359	1	3	218
Beam_1_3_13	19037	0.014248	0.27956	0.024464	1	3	218
Beam_1_3_13	18975	0.014248	0.27956	0.023359	1	3	218
Beam_1_3_13	19024	0.0019029	0.27981	0.024346	1	3	218
Beam_1_3_13	18987	0.001903	0.27981	0.023239	1	3	218
Beam_1_3_13	19000	0.017101	0.27982	0.023233	1	3	218
Beam_1_3_13	19005	0.017101	0.27982	0.02434	1	3	218
Beam_1_3_13	19031	0.0071316	0.28018	0.024169	1	3	218
Beam_1_3_13	18978	0.0071317	0.28018	0.023059	1	3	218
Beam_1_3_13	18976	0.011868	0.28018	0.023059	1	3	218
Beam_1_3_13	19038	0.011868	0.28018	0.024169	1	3	218
Beam_1_3_13	18986	0.0037986	0.28031	0.022998	1	3	218
Beam_1_3_13	19023	0.0037986	0.28031	0.024109	1	3	218
Beam_1_3_13	19001	0.01521	0.28032	0.022993	1	3	218
Beam_1_3_13	19006	0.01521	0.28032	0.024105	1	3	218
Beam_1_3_13	18977	0.0095	0.2808	0.022753	1	3	218
Beam_1_3_13	19035	0.0095	0.2808	0.023869	1	3	218
Beam_1_3_13	19022	0.0057005	0.28081	0.023867	1	3	218
Beam_1_3_13	18985	0.0057006	0.28081	0.022752	1	3	218
Beam_1_3_13	19007	0.013312	0.28081	0.023864	1	3	218
Beam_1_3_13	19002	0.013312	0.28081	0.022748	1	3	218
Beam_1_3_13	19026	0.0075949	0.2813	0.023621	1	3	218
Beam_1_3_13	18984	0.0075949	0.2813	0.022501	1	3	218
Beam_1_3_13	18995	0.011422	0.28131	0.022499	1	3	218
Beam_1_3_13	19008	0.011422	0.28131	0.023619	1	3	218
Beam_1_3_13	19029	0.0056915	0.2818	0.023369	1	3	218
Beam_1_3_13	18983	0.0056915	0.2818	0.022244	1	3	218
Beam_1_3_13	19017	0.0095141	0.28181	0.023367	1	3	218
Beam_1_3_13	18991	0.0095141	0.28181	0.022242	1	3	218
Beam_1_3_13	19009	0.013321	0.28181	0.023367	1	3	218
Beam_1_3_13	18996	0.013321	0.28181	0.022242	1	3	218
Beam_1_3_13	18982	0.0037961	0.2823	0.021983	1	3	218
Beam_1_3_13	19028	0.0037962	0.2823	0.023113	1	3	218
Beam_1_3_13	18997	0.015212	0.2823	0.021982	1	3	218
Beam_1_3_13	19010	0.015212	0.2823	0.023111	1	3	218
Beam_1_3_13	18992	0.007128	0.28243	0.021914	1	3	218
Beam_1_3_13	19013	0.0071281	0.28243	0.023044	1	3	218
Beam_1_3_13	19020	0.011893	0.28243	0.023044	1	3	218
Beam_1_3_13	18990	0.011893	0.28243	0.021914	1	3	218
Beam_1_3_13	18981	0.0018938	0.2828	0.021716	1	3	218
Beam_1_3_13	19027	0.0018939	0.2828	0.02285	1	3	218
Beam_1_3_13	18998	0.01711	0.2828	0.021715	1	3	218
Beam_1_3_13	19011	0.01711	0.2828	0.02285	1	3	218
Beam_1_3_13	18993	0.0047549	0.28305	0.021579	1	3	218
Beam_1_3_13	19014	0.004755	0.28305	0.022716	1	3	218
Beam_1_3_13	19019	0.014259	0.28305	0.022716	1	3	218
Beam_1_3_13	18989	0.014259	0.28305	0.021579	1	3	218
Beam_1_3_13	18994	0.0023706	0.28368	0.021234	1	3	218
Beam_1_3_13	19015	0.0023706	0.28368	0.022377	1	3	218
Beam_1_3_13	19018	0.016636	0.28368	0.022377	1	3	218
Beam_1_3_13	18988	0.016636	0.28368	0.021234	1	3	218
Beam_1_3_13	25502	0.0	0.2848	0.021166	1	3	218
Beam_1_3_13	25505	0.00475	0.2848	0.021166	1	3	218
Beam_1_3_13	25504	0.0095	0.2848	0.021166	1	3	218
Beam_1_3_13	25503	0.01425	0.2848	0.021166	1	3	218
Beam_1_3_13	25501	0.019	0.2848	0.021166	1	3	218
Beam_1_3_14	17736	0.002384	0.28594	0.021082	1	3	164
Beam_1_3_14	17685	0.0023841	0.28594	0.019914	1	3	164
Beam_1_3_14	17739	0.016616	0.28594	0.021082	1	3	164
Beam_1_3_14	17679	0.016616	0.28594	0.019914	1	3	164
Beam_1_3_14	17735	0.0047526	0.28656	0.020706	1	3	164
Beam_1_3_14	17684	0.0047528	0.28656	0.01953	1	3	164
Beam_1_3_14	17740	0.014247	0.28656	0.020706	1	3	164
Beam_1_3_14	17680	0.014247	0.28656	0.01953	1	3	164
Beam_1_3_14	17727	0.0019047	0.28681	0.020551	1	3	164
Beam_1_3_14	17692	0.0019048	0.28681	0.019372	1	3	164
Beam_1_3_14	17707	0.0171	0.28682	0.020543	1	3	164
Beam_1_3_14	17704	0.0171	0.28682	0.019364	1	3	164
Beam_1_3_14	17734	0.0071344	0.28718	0.020319	1	3	164
Beam_1_3_14	17683	0.0071345	0.28718	0.019135	1	3	164
Beam_1_3_14	17681	0.011865	0.28718	0.019135	1	3	164
Beam_1_3_14	17741	0.011866	0.28718	0.020319	1	3	164
Beam_1_3_14	17726	0.0037992	0.28731	0.02024	1	3	164
Beam_1_3_14	17691	0.0037993	0.28731	0.019055	1	3	164
Beam_1_3_14	17708	0.015209	0.28732	0.020234	1	3	164
Beam_1_3_14	17705	0.015209	0.28732	0.019049	1	3	164
Beam_1_3_14	17738	0.0095	0.2878	0.019925	1	3	164
Beam_1_3_14	17682	0.0095	0.2878	0.018733	1	3	164
Beam_1_3_14	17725	0.0057024	0.28781	0.019923	1	3	164
Beam_1_3_14	17690	0.0057025	0.28781	0.018731	1	3	164
Beam_1_3_14	17706	0.01331	0.28781	0.018726	1	3	164
Beam_1_3_14	17709	0.01331	0.28781	0.019918	1	3	164
Beam_1_3_14	17689	0.0075949	0.2883	0.018402	1	3	164
Beam_1_3_14	17729	0.0075949	0.2883	0.019601	1	3	164
Beam_1_3_14	17700	0.011422	0.28831	0.0184	1	3	164
Beam_1_3_14	17711	0.011422	0.28831	0.019598	1	3	164
Beam_1_3_14	17732	0.0056895	0.2888	0.019271	1	3	164
Beam_1_3_14	17688	0.0056895	0.2888	0.018066	1	3	164
Beam_1_3_14	17720	0.0095141	0.28881	0.019269	1	3	164
Beam_1_3_14	17696	0.0095141	0.28881	0.018063	1	3	164
Beam_1_3_14	17712	0.013323	0.28881	0.019269	1	3	164
Beam_1_3_14	17701	0.013323	0.28881	0.018063	1	3	164
Beam_1_3_14	17687	0.0037953	0.2893	0.017724	1	3	164
Beam_1_3_14	17731	0.0037954	0.2893	0.018937	1	3	164
Beam_1_3_14	17702	0.015213	0.2893	0.017723	1	3	164
Beam_1_3_14	17713	0.015213	0.2893	0.018935	1	3	164
Beam_1_3_14	17697	0.0071247	0.28943	0.017633	1	3	164
Beam_1_3_14	17716	0.0071248	0.28943	0.018847	1	3	164
Beam_1_3_14	17723	0.011896	0.28943	0.018847	1	3	164
Beam_1_3_14	17695	0.011896	0.28943	0.017633	1	3	164
Beam_1_3_14	17686	0.0018917	0.2898	0.017375	1	3	164
Beam_1_3_14	17730	0.0018918	0.2898	0.018595	1	3	164
Beam_1_3_14	17714	0.017112	0.2898	0.018594	1	3	164
Beam_1_3_14	17703	0.017112	0.2898	0.017374	1	3	164
Beam_1_3_14	17698	0.0047535	0.29005	0.017196	1	3	164
Beam_1_3_14	17717	0.0047537	0.29005	0.018419	1	3	164
Beam_1_3_14	17722	0.01426	0.29005	0.018419	1	3	164
Beam_1_3_14	17694	0.014261	0.29005	0.017196	1	3	164
Beam_1_3_14	17699	0.0023671	0.29068	0.016745	1	3	164
Beam_1_3_14	17718	0.0023672	0.29068	0.017978	1	3	164
Beam_1_3_14	17693	0.01664	0.29068	0.016745	1	3	164
Beam_1_3_14	17721	0.01664	0.29068	0.017978	1	3	164
Beam_1_3_14	25511	0.0	0.2918	0.016529	1	3	164
Beam_1_3_14	25514	0.00475	0.2918	0.016529	1	3	164
Beam_1_3_14	25513	0.0095	0.2918	0.016529	1	3	164
Beam_1_3_14	25512	0.01425	0.2918	0.016529	1	3	164
Beam_1_3_14	25510	0.019	0.2918	0.016529	1	3	164
Beam_1_3_15	16383	0.00159	0.29273	0.016457	1	3	110
Beam_1_3_15	16369	0.0015902	0.29273	0.015189	1	3	110
Beam_1_3_15	16359	0.01741	0.29273	0.015189	1	3	110
Beam_1_3_15	16385	0.01741	0.29273	0.016457	1	3	110
Beam_1_3_15	16382	0.0031705	0.29314	0.016135	1	3	110
Beam_1_3_15	16368	0.0031707	0.29314	0.01486	1	3	110
Beam_1_3_15	16360	0.015829	0.29314	0.01486	1	3	110
Beam_1_3_15	16386	0.01583	0.29314	0.016135	1	3	110
Beam_1_3_15	16381	0.0047588	0.29356	0.015807	1	3	110
Beam_1_3_15	16367	0.0047591	0.29356	0.014523	1	3	110
Beam_1_3_15	16361	0.014241	0.29356	0.014523	1	3	110
Beam_1_3_15	16387	0.014241	0.29356	0.015807	1	3	110
Beam_1_3_15	16410	0.0019075	0.29381	0.015606	1	3	110
Beam_1_3_15	16334	0.0019076	0.29381	0.014317	1	3	110
Beam_1_3_15	16396	0.017097	0.29382	0.015596	1	3	110
Beam_1_3_15	16352	0.017097	0.29382	0.014307	1	3	110
Beam_1_3_15	16380	0.0063372	0.29397	0.015475	1	3	110
Beam_1_3_15	16366	0.0063375	0.29397	0.014183	1	3	110
Beam_1_3_15	16388	0.012663	0.29397	0.015475	1	3	110
Beam_1_3_15	16362	0.012663	0.29397	0.014183	1	3	110
Beam_1_3_15	16409	0.0038004	0.29431	0.015203	1	3	110
Beam_1_3_15	16333	0.0038006	0.29431	0.013905	1	3	110
Beam_1_3_15	16395	0.015208	0.29432	0.015195	1	3	110
Beam_1_3_15	16351	0.015208	0.29432	0.013897	1	3	110
Beam_1_3_15	16379	0.0079238	0.29439	0.015136	1	3	110
Beam_1_3_15	16365	0.007924	0.29439	0.013836	1	3	110
Beam_1_3_15	16389	0.011076	0.29439	0.015136	1	3	110
Beam_1_3_15	16363	0.011076	0.29439	0.013836	1	3	110
Beam_1_3_15	16364	0.0095	0.2948	0.013486	1	3	110
Beam_1_3_15	16384	0.0095	0.2948	0.014794	1	3	110
Beam_1_3_15	16408	0.0057053	0.29481	0.01479	1	3	110
Beam_1_3_15	16332	0.0057054	0.29481	0.013482	1	3	110
Beam_1_3_15	16394	0.013307	0.29481	0.014785	1	3	110
Beam_1_3_15	16350	0.013307	0.29481	0.013476	1	3	110
Beam_1_3_15	16411	0.0075949	0.2953	0.014373	1	3	110
Beam_1_3_15	16331	0.0075949	0.2953	0.013055	1	3	110
Beam_1_3_15	16349	0.011422	0.29531	0.013051	1	3	110
Beam_1_3_15	16393	0.011422	0.29531	0.01437	1	3	110
Beam_1_3_15	16330	0.0056862	0.2958	0.012614	1	3	110
Beam_1_3_15	16414	0.0056863	0.2958	0.013944	1	3	110
Beam_1_3_15	16402	0.0095141	0.29581	0.013942	1	3	110
Beam_1_3_15	16342	0.0095141	0.29581	0.012612	1	3	110
Beam_1_3_15	16392	0.013326	0.29581	0.013941	1	3	110
Beam_1_3_15	16357	0.013326	0.29581	0.012611	1	3	110
Beam_1_3_15	16343	0.0079199	0.29622	0.012239	1	3	110
Beam_1_3_15	16397	0.0079201	0.29622	0.013578	1	3	110
Beam_1_3_15	16407	0.011103	0.29622	0.013578	1	3	110
Beam_1_3_15	16341	0.011104	0.29622	0.012239	1	3	110
Beam_1_3_15	16329	0.0037937	0.2963	0.012169	1	3	110
Beam_1_3_15	16413	0.003794	0.2963	0.01351	1	3	110
Beam_1_3_15	16391	0.015214	0.2963	0.013508	1	3	110
Beam_1_3_15	16356	0.015215	0.2963	0.012167	1	3	110
Beam_1_3_15	16344	0.0063373	0.29664	0.011862	1	3	110
Beam_1_3_15	16398	0.0063377	0.29664	0.013211	1	3	110
Beam_1_3_15	16406	0.012681	0.29664	0.013211	1	3	110
Beam_1_3_15	16340	0.012682	0.29664	0.011862	1	3	110
Beam_1_3_15	16328	0.0018883	0.2968	0.011712	1	3	110
Beam_1_3_15	16412	0.0018885	0.2968	0.013065	1	3	110
Beam_1_3_15	16355	0.017116	0.2968	0.011711	1	3	110
Beam_1_3_15	16390	0.017116	0.2968	0.013064	1	3	110
Beam_1_3_15	16345	0.0047454	0.29705	0.011477	1	3	110
Beam_1_3_15	16399	0.0047459	0.29705	0.012836	1	3	110
Beam_1_3_15	16405	0.014268	0.29705	0.012836	1	3	110
Beam_1_3_15	16339	0.014269	0.29705	0.011477	1	3	110
Beam_1_3_15	16346	0.0031658	0.29747	0.011088	1	3	110
Beam_1_3_15	16400	0.0031662	0.29747	0.012457	1	3	110
Beam_1_3_15	16404	0.015843	0.29747	0.012457	1	3	110
Beam_1_3_15	16338	0.015844	0.29747	0.011088	1	3	110
Beam_1_3_15	16347	0.0015765	0.29788	0.010691	1	3	110
Beam_1_3_15	16401	0.0015768	0.29788	0.01207	1	3	110
Beam_1_3_15	16403	0.017428	0.29788	0.01207	1	3	110
Beam_1_3_15	16337	0.017428	0.29788	0.010691	1	3	110
Beam_1_3_15	25574	0.0	0.29899	0.010367	1	3	110
Beam_1_3_15	25577	0.00475	0.29899	0.010367	1	3	110
Beam_1_3_15	25576	0.0095	0.29899	0.010367	1	3	110
Beam_1_3_15	25575	0.01425	0.29899	0.010367	1	3	110
Beam_1_3_15	25573	0.019	0.29899	0.010367	1	3	110
Beam_2_1_2	24755	0.02	0.00080961	0.010193	2	1	2
Beam_2_1_2	24758	0.02475	0.00080961	0.010193	2	1	2
Beam_2_1_2	24757	0.0295	0.00080961	0.010193	2	1	2
Beam_2_1_2	24756	0.03425	0.00080961	0.010193	2	1	2
Beam_2_1_2	24754	0.039	0.00080961	0.010193	2	1	2
Beam_2_1_1	15137	0.021574	0.0017229	0.010308	2	1	68
Beam_2_1_1	15151	0.021574	0.0017229	0.011699	2	1	68
Beam_2_1_1	15108	0.037426	0.0017229	0.010308	2	1	68
Beam_2_1_1	15170	0.037426	0.0017229	0.011699	2	1	68
Beam_2_1_1	15136	0.023161	0.0021394	0.010713	2	1	68
Beam_2_1_1	15109	0.035839	0.0021394	0.010713	2	1	68
Beam_2_1_1	15150	0.023161	0.0021395	0.012092	2	1	68
Beam_2_1_1	15171	0.035839	0.0021395	0.012092	2	1	68
Beam_2_1_1	15135	0.024738	0.0025533	0.011108	2	1	68
Beam_2_1_1	15110	0.034262	0.0025533	0.011108	2	1	68
Beam_2_1_1	15149	0.024738	0.0025534	0.012477	2	1	68
Beam_2_1_1	15172	0.034262	0.0025534	0.012477	2	1	68
Beam_2_1_1	15116	0.021888	0.0028053	0.011346	2	1	68
Beam_2_1_1	15168	0.021888	0.0028054	0.012708	2	1	68
Beam_2_1_1	15119	0.037116	0.0028175	0.011357	2	1	68
Beam_2_1_1	15163	0.037116	0.0028176	0.012719	2	1	68
Beam_2_1_1	15134	0.026328	0.0029705	0.0115	2	1	68
Beam_2_1_1	15111	0.032672	0.0029705	0.0115	2	1	68
Beam_2_1_1	15148	0.026328	0.0029706	0.012858	2	1	68
Beam_2_1_1	15173	0.032672	0.0029706	0.012858	2	1	68
Beam_2_1_1	15115	0.023794	0.0033054	0.01181	2	1	68
Beam_2_1_1	15167	0.023794	0.0033055	0.01316	2	1	68
Beam_2_1_1	15120	0.035215	0.003315	0.011819	2	1	68
Beam_2_1_1	15164	0.035215	0.0033151	0.013169	2	1	68
Beam_2_1_1	15133	0.027908	0.0033852	0.011883	2	1	68
Beam_2_1_1	15112	0.031092	0.0033852	0.011883	2	1	68
Beam_2_1_1	15147	0.027908	0.0033853	0.013232	2	1	68
Beam_2_1_1	15174	0.031092	0.0033853	0.013232	2	1	68
Beam_2_1_1	15114	0.025686	0.0038021	0.012262	2	1	68
Beam_2_1_1	15166	0.025686	0.0038021	0.013601	2	1	68
Beam_2_1_1	15152	0.0295	0.0038031	0.013602	2	1	68
Beam_2_1_1	15113	0.0295	0.0038031	0.012263	2	1	68
Beam_2_1_1	15121	0.033327	0.0038091	0.012268	2	1	68
Beam_2_1_1	15165	0.033326	0.0038092	0.013607	2	1	68
Beam_2_1_1	15099	0.027595	0.0043031	0.012709	2	1	68
Beam_2_1_1	15169	0.027595	0.0043031	0.014037	2	1	68
Beam_2_1_1	15122	0.031422	0.0043075	0.012713	2	1	68
Beam_2_1_1	15156	0.031422	0.0043075	0.01404	2	1	68
Beam_2_1_1	15098	0.025706	0.0047989	0.013143	2	1	68
Beam_2_1_1	15182	0.025705	0.004799	0.01446	2	1	68
Beam_2_1_1	15129	0.033307	0.0048023	0.013146	2	1	68
Beam_2_1_1	15153	0.033307	0.0048023	0.014463	2	1	68
Beam_2_1_1	15106	0.029514	0.0048068	0.01315	2	1	68
Beam_2_1_1	15162	0.029514	0.0048068	0.014466	2	1	68
Beam_2_1_1	15157	0.027936	0.0052198	0.014813	2	1	68
Beam_2_1_1	15123	0.027936	0.0052198	0.013505	2	1	68
Beam_2_1_1	15179	0.031088	0.0052198	0.014813	2	1	68
Beam_2_1_1	15105	0.031088	0.0052198	0.013505	2	1	68
Beam_2_1_1	15181	0.0238	0.0052989	0.014879	2	1	68
Beam_2_1_1	15097	0.023801	0.0052989	0.013573	2	1	68
Beam_2_1_1	15130	0.035208	0.0053011	0.013575	2	1	68
Beam_2_1_1	15154	0.035208	0.0053012	0.014881	2	1	68
Beam_2_1_1	15124	0.026347	0.0056355	0.013857	2	1	68
Beam_2_1_1	15104	0.032672	0.0056355	0.013857	2	1	68
Beam_2_1_1	15158	0.026347	0.0056356	0.015156	2	1	68
Beam_2_1_1	15178	0.032672	0.0056356	0.015156	2	1	68
Beam_2_1_1	15180	0.021908	0.0057957	0.015287	2	1	68
Beam_2_1_1	15096	0.021908	0.0057957	0.013991	2	1	68
Beam_2_1_1	15131	0.037096	0.0057968	0.013992	2	1	68
Beam_2_1_1	15155	0.037097	0.0057968	0.015288	2	1	68
Beam_2_1_1	15125	0.024766	0.0060491	0.014202	2	1	68
Beam_2_1_1	15103	0.034248	0.0060491	0.014202	2	1	68
Beam_2_1_1	15159	0.024766	0.0060492	0.015493	2	1	68
Beam_2_1_1	15177	0.034248	0.0060492	0.015493	2	1	68
Beam_2_1_1	15126	0.023176	0.0064654	0.014543	2	1	68
Beam_2_1_1	15102	0.035834	0.0064654	0.014543	2	1	68
Beam_2_1_1	15160	0.023175	0.0064655	0.015826	2	1	68
Beam_2_1_1	15176	0.035834	0.0064655	0.015826	2	1	68
Beam_2_1_1	15127	0.021593	0.0068796	0.014877	2	1	68
Beam_2_1_1	15101	0.037412	0.0068796	0.014877	2	1	68
Beam_2_1_1	15161	0.021593	0.0068797	0.016152	2	1	68
Beam_2_1_1	15175	0.037412	0.0068797	0.016152	2	1	68
Beam_2_1_1	24728	0.02	0.0078019	0.016231	2	1	68
Beam_2_1_1	24731	0.02475	0.0078019	0.016231	2	1	68
Beam_2_1_1	24730	0.0295	0.0078019	0.016231	2	1	68
Beam_2_1_1	24729	0.03425	0.0078019	0.016231	2	1	68
Beam_2_1_1	24727	0.039	0.0078019	0.016231	2	1	68
Beam_2_1_3	16679	0.022363	0.00893	0.016456	2	1	122
Beam_2_1_3	16673	0.036637	0.00893	0.016456	2	1	122
Beam_2_1_3	16723	0.022363	0.0089301	0.017696	2	1	122
Beam_2_1_3	16725	0.036637	0.0089301	0.017696	2	1	122
Beam_2_1_3	16678	0.024746	0.0095555	0.016914	2	1	122
Beam_2_1_3	16722	0.024747	0.0095555	0.018144	2	1	122
Beam_2_1_3	16726	0.034253	0.0095555	0.018144	2	1	122
Beam_2_1_3	16674	0.034254	0.0095555	0.016914	2	1	122
Beam_2_1_3	16697	0.021892	0.0098062	0.017095	2	1	122
Beam_2_1_3	16709	0.021892	0.0098063	0.01832	2	1	122
Beam_2_1_3	16669	0.037113	0.0098184	0.017103	2	1	122
Beam_2_1_3	16728	0.037112	0.0098185	0.018329	2	1	122
Beam_2_1_3	16677	0.027114	0.010177	0.017358	2	1	122
Beam_2_1_3	16721	0.027114	0.010177	0.018579	2	1	122
Beam_2_1_3	16727	0.031886	0.010177	0.018579	2	1	122
Beam_2_1_3	16675	0.031886	0.010177	0.017358	2	1	122
Beam_2_1_3	16708	0.023795	0.010306	0.018668	2	1	122
Beam_2_1_3	16696	0.023795	0.010306	0.017449	2	1	122
Beam_2_1_3	16670	0.035213	0.010315	0.017456	2	1	122
Beam_2_1_3	16729	0.035213	0.010316	0.018674	2	1	122
Beam_2_1_3	16707	0.025689	0.010803	0.019007	2	1	122
Beam_2_1_3	16695	0.025689	0.010803	0.017796	2	1	122
Beam_2_1_3	16724	0.0295	0.010803	0.019007	2	1	122
Beam_2_1_3	16676	0.0295	0.010803	0.017796	2	1	122
Beam_2_1_3	16730	0.033323	0.01081	0.019011	2	1	122
Beam_2_1_3	16671	0.033323	0.01081	0.017801	2	1	122
Beam_2_1_3	16694	0.027595	0.011303	0.018138	2	1	122
Beam_2_1_3	16710	0.027595	0.011303	0.019342	2	1	122
Beam_2_1_3	16731	0.031422	0.011308	0.019345	2	1	122
Beam_2_1_3	16663	0.031422	0.011308	0.018141	2	1	122
Beam_2_1_3	16693	0.025703	0.0118	0.018471	2	1	122
Beam_2_1_3	16713	0.025703	0.0118	0.019668	2	1	122
Beam_2_1_3	16732	0.03331	0.011803	0.01967	2	1	122
Beam_2_1_3	16664	0.03331	0.011803	0.018473	2	1	122
Beam_2_1_3	16685	0.029514	0.011807	0.018476	2	1	122
Beam_2_1_3	16717	0.029514	0.011807	0.019673	2	1	122
Beam_2_1_3	16712	0.023799	0.012299	0.01999	2	1	122
Beam_2_1_3	16692	0.023799	0.012299	0.0188	2	1	122
Beam_2_1_3	16733	0.035209	0.012301	0.019992	2	1	122
Beam_2_1_3	16665	0.035209	0.012301	0.018801	2	1	122
Beam_2_1_3	16714	0.027145	0.012427	0.020072	2	1	122
Beam_2_1_3	16686	0.027145	0.012427	0.018883	2	1	122
Beam_2_1_3	16720	0.031876	0.012427	0.020072	2	1	122
Beam_2_1_3	16684	0.031876	0.012427	0.018883	2	1	122
Beam_2_1_3	16711	0.021905	0.012796	0.020305	2	1	122
Beam_2_1_3	16691	0.021905	0.012796	0.019121	2	1	122
Beam_2_1_3	16734	0.037099	0.012798	0.020306	2	1	122
Beam_2_1_3	16666	0.037099	0.012798	0.019122	2	1	122
Beam_2_1_3	16687	0.02476	0.013051	0.019283	2	1	122
Beam_2_1_3	16715	0.02476	0.013051	0.020464	2	1	122
Beam_2_1_3	16719	0.034254	0.013051	0.020464	2	1	122
Beam_2_1_3	16683	0.034254	0.013051	0.019283	2	1	122
Beam_2_1_3	16716	0.022388	0.013672	0.020845	2	1	122
Beam_2_1_3	16688	0.022388	0.013672	0.019672	2	1	122
Beam_2_1_3	16682	0.036619	0.013672	0.019672	2	1	122
Beam_2_1_3	16718	0.036619	0.013672	0.020845	2	1	122
Beam_2_1_3	24692	0.02	0.014802	0.020937	2	1	122
Beam_2_1_3	24695	0.02475	0.014802	0.020937	2	1	122
Beam_2_1_3	24694	0.0295	0.014802	0.020937	2	1	122
Beam_2_1_3	24693	0.03425	0.014802	0.020937	2	1	122
Beam_2_1_3	24691	0.039	0.014802	0.020937	2	1	122
Beam_2_1_4	18019	0.022367	0.015931	0.02216	2	1	176
Beam_2_1_4	17975	0.022367	0.015931	0.021013	2	1	176
Beam_2_1_4	18021	0.036633	0.015931	0.02216	2	1	176
Beam_2_1_4	17969	0.036633	0.015931	0.021013	2	1	176
Beam_2_1_4	17974	0.024748	0.016556	0.021363	2	1	176
Beam_2_1_4	18018	0.024748	0.016556	0.022504	2	1	176
Beam_2_1_4	18022	0.034252	0.016556	0.022504	2	1	176
Beam_2_1_4	17970	0.034252	0.016556	0.021363	2	1	176
Beam_2_1_4	18005	0.021894	0.016807	0.02264	2	1	176
Beam_2_1_4	17993	0.021894	0.016807	0.021502	2	1	176
Beam_2_1_4	18024	0.03711	0.016819	0.022646	2	1	176
Beam_2_1_4	17965	0.03711	0.016819	0.021508	2	1	176
Beam_2_1_4	17973	0.027117	0.017178	0.021704	2	1	176
Beam_2_1_4	18017	0.027117	0.017178	0.022838	2	1	176
Beam_2_1_4	18023	0.031883	0.017178	0.022838	2	1	176
Beam_2_1_4	17971	0.031883	0.017178	0.021704	2	1	176
Beam_2_1_4	17992	0.023796	0.017306	0.021773	2	1	176
Beam_2_1_4	18004	0.023796	0.017306	0.022906	2	1	176
Beam_2_1_4	17966	0.035212	0.017316	0.021778	2	1	176
Beam_2_1_4	18025	0.035212	0.017316	0.022911	2	1	176
Beam_2_1_4	17972	0.0295	0.017803	0.022038	2	1	176
Beam_2_1_4	18020	0.0295	0.017803	0.023166	2	1	176
Beam_2_1_4	17991	0.025691	0.017804	0.022038	2	1	176
Beam_2_1_4	18003	0.025691	0.017804	0.023166	2	1	176
Beam_2_1_4	18026	0.033321	0.017811	0.02317	2	1	176
Beam_2_1_4	17967	0.033321	0.017811	0.022042	2	1	176
Beam_2_1_4	17990	0.027595	0.018303	0.022299	2	1	176
Beam_2_1_4	18006	0.027595	0.018303	0.023423	2	1	176
Beam_2_1_4	18027	0.031422	0.018308	0.023425	2	1	176
Beam_2_1_4	17959	0.031422	0.018308	0.022301	2	1	176
Beam_2_1_4	17989	0.025701	0.0188	0.022553	2	1	176
Beam_2_1_4	18009	0.025701	0.0188	0.023673	2	1	176
Beam_2_1_4	17960	0.033312	0.018804	0.022555	2	1	176
Beam_2_1_4	18028	0.033312	0.018804	0.023674	2	1	176
Beam_2_1_4	18013	0.029514	0.018807	0.023676	2	1	176
Beam_2_1_4	17981	0.029514	0.018807	0.022557	2	1	176
Beam_2_1_4	17988	0.023799	0.019299	0.022804	2	1	176
Beam_2_1_4	18008	0.023799	0.019299	0.023919	2	1	176
Beam_2_1_4	17961	0.03521	0.019302	0.022805	2	1	176
Beam_2_1_4	18029	0.03521	0.019302	0.02392	2	1	176
Beam_2_1_4	18010	0.027142	0.019427	0.023981	2	1	176
Beam_2_1_4	17982	0.027142	0.019427	0.022867	2	1	176
Beam_2_1_4	17980	0.031879	0.019427	0.022867	2	1	176
Beam_2_1_4	18016	0.031879	0.019427	0.023981	2	1	176
Beam_2_1_4	18007	0.021903	0.019797	0.024159	2	1	176
Beam_2_1_4	17987	0.021903	0.019797	0.023049	2	1	176
Beam_2_1_4	18030	0.037101	0.019798	0.02416	2	1	176
Beam_2_1_4	17962	0.037101	0.019798	0.023049	2	1	176
Beam_2_1_4	17983	0.024759	0.020051	0.023172	2	1	176
Beam_2_1_4	18011	0.024759	0.020051	0.02428	2	1	176
Beam_2_1_4	18015	0.034255	0.020051	0.02428	2	1	176
Beam_2_1_4	17979	0.034255	0.020051	0.023172	2	1	176
Beam_2_1_4	18012	0.022385	0.020672	0.02457	2	1	176
Beam_2_1_4	17984	0.022385	0.020672	0.023467	2	1	176
Beam_2_1_4	18014	0.036622	0.020672	0.02457	2	1	176
Beam_2_1_4	17978	0.036622	0.020672	0.023467	2	1	176
Beam_2_1_4	24674	0.02	0.021802	0.024532	2	1	176
Beam_2_1_4	24677	0.02475	0.021802	0.024532	2	1	176
Beam_2_1_4	24676	0.0295	0.021802	0.024532	2	1	176
Beam_2_1_4	24675	0.03425	0.021802	0.024532	2	1	176
Beam_2_1_4	24673	0.039	0.021802	0.024532	2	1	176
Beam_2_1_5	19271	0.022369	0.022932	0.024479	2	1	230
Beam_2_1_5	19315	0.022369	0.022932	0.025565	2	1	230
Beam_2_1_5	19265	0.036631	0.022932	0.024479	2	1	230
Beam_2_1_5	19317	0.036631	0.022932	0.025565	2	1	230
Beam_2_1_5	19314	0.024749	0.023556	0.025823	2	1	230
Beam_2_1_5	19270	0.024749	0.023556	0.024742	2	1	230
Beam_2_1_5	19318	0.034251	0.023556	0.025823	2	1	230
Beam_2_1_5	19266	0.034251	0.023556	0.024742	2	1	230
Beam_2_1_5	19301	0.021895	0.023807	0.025925	2	1	230
Beam_2_1_5	19289	0.021895	0.023807	0.024845	2	1	230
Beam_2_1_5	19261	0.037109	0.023819	0.02485	2	1	230
Beam_2_1_5	19320	0.037109	0.023819	0.02593	2	1	230
Beam_2_1_5	19269	0.02712	0.024178	0.024996	2	1	230
Beam_2_1_5	19313	0.02712	0.024178	0.026074	2	1	230
Beam_2_1_5	19267	0.03188	0.024178	0.024996	2	1	230
Beam_2_1_5	19319	0.03188	0.024178	0.026074	2	1	230
Beam_2_1_5	19288	0.023797	0.024306	0.025048	2	1	230
Beam_2_1_5	19300	0.023797	0.024306	0.026124	2	1	230
Beam_2_1_5	19321	0.035212	0.024316	0.026128	2	1	230
Beam_2_1_5	19262	0.035212	0.024316	0.025052	2	1	230
Beam_2_1_5	19316	0.0295	0.024803	0.026318	2	1	230
Beam_2_1_5	19268	0.0295	0.024803	0.025245	2	1	230
Beam_2_1_5	19299	0.025693	0.024804	0.026318	2	1	230
Beam_2_1_5	19287	0.025693	0.024804	0.025245	2	1	230
Beam_2_1_5	19263	0.03332	0.024811	0.025248	2	1	230
Beam_2_1_5	19322	0.03332	0.024811	0.026321	2	1	230
Beam_2_1_5	19286	0.027595	0.025303	0.025439	2	1	230
Beam_2_1_5	19302	0.027595	0.025303	0.026509	2	1	230
Beam_2_1_5	19323	0.031422	0.025308	0.02651	2	1	230
Beam_2_1_5	19255	0.031422	0.025308	0.025441	2	1	230
Beam_2_1_5	19305	0.025699	0.025801	0.026694	2	1	230
Beam_2_1_5	19285	0.025699	0.025801	0.025627	2	1	230
Beam_2_1_5	19324	0.033313	0.025804	0.026695	2	1	230
Beam_2_1_5	19256	0.033313	0.025804	0.025629	2	1	230
Beam_2_1_5	19309	0.029514	0.025807	0.026696	2	1	230
Beam_2_1_5	19277	0.029514	0.025807	0.02563	2	1	230
Beam_2_1_5	19284	0.023798	0.0263	0.025812	2	1	230
Beam_2_1_5	19304	0.023798	0.0263	0.026876	2	1	230
Beam_2_1_5	19257	0.03521	0.026302	0.025813	2	1	230
Beam_2_1_5	19325	0.03521	0.026302	0.026877	2	1	230
Beam_2_1_5	19278	0.02714	0.026428	0.025859	2	1	230
Beam_2_1_5	19306	0.02714	0.026428	0.026922	2	1	230
Beam_2_1_5	19312	0.031881	0.026428	0.026922	2	1	230
Beam_2_1_5	19276	0.031881	0.026428	0.025859	2	1	230
Beam_2_1_5	19303	0.021902	0.026797	0.027053	2	1	230
Beam_2_1_5	19283	0.021902	0.026797	0.025992	2	1	230
Beam_2_1_5	19326	0.037103	0.026798	0.027053	2	1	230
Beam_2_1_5	19258	0.037103	0.026798	0.025992	2	1	230
Beam_2_1_5	19307	0.024758	0.027051	0.027142	2	1	230
Beam_2_1_5	19279	0.024758	0.027051	0.026082	2	1	230
Beam_2_1_5	19311	0.034256	0.027051	0.027142	2	1	230
Beam_2_1_5	19275	0.034256	0.027051	0.026082	2	1	230
Beam_2_1_5	19280	0.022383	0.027673	0.026298	2	1	230
Beam_2_1_5	19308	0.022383	0.027673	0.027354	2	1	230
Beam_2_1_5	19274	0.036624	0.027673	0.026298	2	1	230
Beam_2_1_5	19310	0.036624	0.027673	0.027354	2	1	230
Beam_2_1_5	24647	0.02	0.028803	0.027198	2	1	230
Beam_2_1_5	24650	0.02475	0.028803	0.027198	2	1	230
Beam_2_1_5	24649	0.0295	0.028803	0.027198	2	1	230
Beam_2_1_5	24648	0.03425	0.028803	0.027198	2	1	230
Beam_2_1_5	24646	0.039	0.028803	0.027198	2	1	230
Beam_2_1_6	20597	0.022371	0.029932	0.028072	2	1	284
Beam_2_1_6	20585	0.022371	0.029932	0.027027	2	1	284
Beam_2_1_6	20599	0.036629	0.029932	0.028072	2	1	284
Beam_2_1_6	20579	0.036629	0.029932	0.027027	2	1	284
Beam_2_1_6	20584	0.024749	0.030556	0.027214	2	1	284
Beam_2_1_6	20596	0.024749	0.030556	0.028256	2	1	284
Beam_2_1_6	20600	0.034251	0.030556	0.028256	2	1	284
Beam_2_1_6	20580	0.034251	0.030556	0.027214	2	1	284
Beam_2_1_6	20611	0.021896	0.030808	0.028328	2	1	284
Beam_2_1_6	20567	0.021896	0.030808	0.027287	2	1	284
Beam_2_1_6	20575	0.037108	0.03082	0.027291	2	1	284
Beam_2_1_6	20602	0.037108	0.03082	0.028331	2	1	284
Beam_2_1_6	20583	0.027121	0.031179	0.027394	2	1	284
Beam_2_1_6	20595	0.027121	0.031179	0.028432	2	1	284
Beam_2_1_6	20601	0.031879	0.031179	0.028432	2	1	284
Beam_2_1_6	20581	0.031879	0.031179	0.027394	2	1	284
Beam_2_1_6	20566	0.023797	0.031306	0.02743	2	1	284
Beam_2_1_6	20610	0.023797	0.031306	0.028468	2	1	284
Beam_2_1_6	20603	0.035212	0.031316	0.028471	2	1	284
Beam_2_1_6	20576	0.035212	0.031316	0.027432	2	1	284
Beam_2_1_6	20598	0.0295	0.031803	0.028604	2	1	284
Beam_2_1_6	20582	0.0295	0.031803	0.027567	2	1	284
Beam_2_1_6	20609	0.025694	0.031804	0.028604	2	1	284
Beam_2_1_6	20565	0.025694	0.031804	0.027568	2	1	284
Beam_2_1_6	20577	0.033319	0.031811	0.02757	2	1	284
Beam_2_1_6	20604	0.033319	0.031811	0.028606	2	1	284
Beam_2_1_6	20612	0.027595	0.032303	0.028736	2	1	284
Beam_2_1_6	20564	0.027595	0.032303	0.027702	2	1	284
Beam_2_1_6	20605	0.031422	0.032308	0.028737	2	1	284
Beam_2_1_6	20569	0.031422	0.032308	0.027703	2	1	284
Beam_2_1_6	20615	0.025698	0.032801	0.028864	2	1	284
Beam_2_1_6	20563	0.025698	0.032801	0.027832	2	1	284
Beam_2_1_6	20606	0.033314	0.032804	0.028865	2	1	284
Beam_2_1_6	20570	0.033314	0.032804	0.027833	2	1	284
Beam_2_1_6	20619	0.029514	0.032807	0.028866	2	1	284
Beam_2_1_6	20555	0.029514	0.032807	0.027834	2	1	284
Beam_2_1_6	20562	0.023798	0.0333	0.027959	2	1	284
Beam_2_1_6	20614	0.023798	0.0333	0.028989	2	1	284
Beam_2_1_6	20607	0.035211	0.033302	0.028989	2	1	284
Beam_2_1_6	20571	0.035211	0.033302	0.027959	2	1	284
Beam_2_1_6	20556	0.027139	0.033428	0.027991	2	1	284
Beam_2_1_6	20616	0.027139	0.033428	0.02902	2	1	284
Beam_2_1_6	20622	0.031882	0.033428	0.02902	2	1	284
Beam_2_1_6	20554	0.031882	0.033428	0.027991	2	1	284
Beam_2_1_6	20613	0.021901	0.033798	0.029109	2	1	284
Beam_2_1_6	20561	0.021901	0.033798	0.028081	2	1	284
Beam_2_1_6	20572	0.037104	0.033799	0.028081	2	1	284
Beam_2_1_6	20608	0.037104	0.033799	0.02911	2	1	284
Beam_2_1_6	20557	0.024758	0.034051	0.028142	2	1	284
Beam_2_1_6	20617	0.024758	0.034051	0.029169	2	1	284
Beam_2_1_6	20553	0.034256	0.034051	0.028142	2	1	284
Beam_2_1_6	20621	0.034256	0.034051	0.029169	2	1	284
Beam_2_1_6	20618	0.022381	0.034673	0.029312	2	1	284
Beam_2_1_6	20558	0.022381	0.034673	0.028286	2	1	284
Beam_2_1_6	20620	0.036626	0.034673	0.029312	2	1	284
Beam_2_1_6	20552	0.036626	0.034673	0.028286	2	1	284
Beam_2_1_6	24611	0.02	0.035803	0.029044	2	1	284
Beam_2_1_6	24614	0.02475	0.035803	0.029044	2	1	284
Beam_2_1_6	24613	0.0295	0.035803	0.029044	2	1	284
Beam_2_1_6	24612	0.03425	0.035803	0.029044	2	1	284
Beam_2_1_6	24610	0.039	0.035803	0.029044	2	1	284
Beam_2_1_7	21881	0.022373	0.036932	0.028762	2	1	338
Beam_2_1_7	21893	0.022373	0.036932	0.02978	2	1	338
Beam_2_1_7	21875	0.036627	0.036932	0.028762	2	1	338
Beam_2_1_7	21895	0.036627	0.036932	0.02978	2	1	338
Beam_2_1_7	21880	0.024749	0.037556	0.028879	2	1	338
Beam_2_1_7	21892	0.024749	0.037556	0.029895	2	1	338
Beam_2_1_7	21896	0.034251	0.037556	0.029895	2	1	338
Beam_2_1_7	21876	0.034251	0.037556	0.028879	2	1	338
Beam_2_1_7	21863	0.021897	0.037808	0.028924	2	1	338
Beam_2_1_7	21907	0.021897	0.037808	0.02994	2	1	338
Beam_2_1_7	21871	0.037107	0.03782	0.028927	2	1	338
Beam_2_1_7	21898	0.037107	0.03782	0.029942	2	1	338
Beam_2_1_7	21879	0.027123	0.038179	0.02899	2	1	338
Beam_2_1_7	21891	0.027123	0.038179	0.030005	2	1	338
Beam_2_1_7	21897	0.031877	0.038179	0.030005	2	1	338
Beam_2_1_7	21877	0.031877	0.038179	0.02899	2	1	338
Beam_2_1_7	21862	0.023797	0.038306	0.029012	2	1	338
Beam_2_1_7	21906	0.023797	0.038306	0.030027	2	1	338
Beam_2_1_7	21899	0.035211	0.038316	0.030028	2	1	338
Beam_2_1_7	21872	0.035211	0.038316	0.029014	2	1	338
Beam_2_1_7	21878	0.0295	0.038803	0.029096	2	1	338
Beam_2_1_7	21894	0.0295	0.038803	0.030109	2	1	338
Beam_2_1_7	21861	0.025695	0.038804	0.029096	2	1	338
Beam_2_1_7	21905	0.025695	0.038804	0.030109	2	1	338
Beam_2_1_7	21873	0.033318	0.038811	0.029097	2	1	338
Beam_2_1_7	21900	0.033318	0.038811	0.03011	2	1	338
Beam_2_1_7	21860	0.027595	0.039303	0.029176	2	1	338
Beam_2_1_7	21908	0.027595	0.039303	0.030188	2	1	338
Beam_2_1_7	21865	0.031422	0.039308	0.029177	2	1	338
Beam_2_1_7	21901	0.031422	0.039308	0.030189	2	1	338
Beam_2_1_7	21859	0.025697	0.039801	0.029252	2	1	338
Beam_2_1_7	21911	0.025697	0.039801	0.030263	2	1	338
Beam_2_1_7	21866	0.033315	0.039804	0.029253	2	1	338
Beam_2_1_7	21902	0.033315	0.039804	0.030264	2	1	338
Beam_2_1_7	21851	0.029514	0.039807	0.029253	2	1	338
Beam_2_1_7	21915	0.029514	0.039807	0.030264	2	1	338
Beam_2_1_7	21858	0.023798	0.0403	0.029325	2	1	338
Beam_2_1_7	21910	0.023798	0.0403	0.030335	2	1	338
Beam_2_1_7	21903	0.035211	0.040302	0.030335	2	1	338
Beam_2_1_7	21867	0.035211	0.040302	0.029325	2	1	338
Beam_2_1_7	21852	0.027137	0.040429	0.029343	2	1	338
Beam_2_1_7	21912	0.027137	0.040429	0.030353	2	1	338
Beam_2_1_7	21850	0.031884	0.040429	0.029343	2	1	338
Beam_2_1_7	21918	0.031884	0.040429	0.030353	2	1	338
Beam_2_1_7	21857	0.0219	0.040798	0.029394	2	1	338
Beam_2_1_7	21909	0.0219	0.040798	0.030403	2	1	338
Beam_2_1_7	21868	0.037104	0.040799	0.029394	2	1	338
Beam_2_1_7	21904	0.037104	0.040799	0.030403	2	1	338
Beam_2_1_7	21913	0.024757	0.041051	0.030436	2	1	338
Beam_2_1_7	21853	0.024757	0.041051	0.029427	2	1	338
Beam_2_1_7	21849	0.034257	0.041051	0.029427	2	1	338
Beam_2_1_7	21917	0.034257	0.041051	0.030436	2	1	338
Beam_2_1_7	21914	0.02238	0.041674	0.030513	2	1	338
Beam_2_1_7	21854	0.02238	0.041674	0.029506	2	1	338
Beam_2_1_7	21916	0.036627	0.041674	0.030513	2	1	338
Beam_2_1_7	21848	0.036627	0.041674	0.029506	2	1	338
Beam_2_1_7	24593	0.02	0.042803	0.030136	2	1	338
Beam_2_1_7	24596	0.02475	0.042803	0.030136	2	1	338
Beam_2_1_7	24595	0.0295	0.042803	0.030136	2	1	338
Beam_2_1_7	24594	0.03425	0.042803	0.030136	2	1	338
Beam_2_1_7	24592	0.039	0.042803	0.030136	2	1	338
Beam_2_1_8	23183	0.022374	0.043933	0.030747	2	1	392
Beam_2_1_8	23178	0.022374	0.043933	0.029743	2	1	392
Beam_2_1_8	23171	0.036626	0.043933	0.029743	2	1	392
Beam_2_1_8	23191	0.036626	0.043933	0.030747	2	1	392
Beam_2_1_8	23177	0.02475	0.044556	0.029795	2	1	392
Beam_2_1_8	23182	0.02475	0.044556	0.030798	2	1	392
Beam_2_1_8	23192	0.03425	0.044556	0.030798	2	1	392
Beam_2_1_8	23172	0.03425	0.044556	0.029795	2	1	392
Beam_2_1_8	23159	0.021898	0.044808	0.029815	2	1	392
Beam_2_1_8	23203	0.021898	0.044808	0.030817	2	1	392
Beam_2_1_8	23167	0.037106	0.04482	0.029816	2	1	392
Beam_2_1_8	23194	0.037106	0.04482	0.030818	2	1	392
Beam_2_1_8	23176	0.027124	0.04518	0.029842	2	1	392
Beam_2_1_8	23181	0.027124	0.04518	0.030844	2	1	392
Beam_2_1_8	23193	0.031876	0.04518	0.030844	2	1	392
Beam_2_1_8	23173	0.031876	0.04518	0.029842	2	1	392
Beam_2_1_8	23158	0.023797	0.045306	0.02985	2	1	392
Beam_2_1_8	23202	0.023797	0.045306	0.030853	2	1	392
Beam_2_1_8	23168	0.035211	0.045316	0.029851	2	1	392
Beam_2_1_8	23195	0.035211	0.045316	0.030853	2	1	392
Beam_2_1_8	23174	0.0295	0.045803	0.029882	2	1	392
Beam_2_1_8	23184	0.0295	0.045803	0.030884	2	1	392
Beam_2_1_8	23201	0.025696	0.045805	0.030884	2	1	392
Beam_2_1_8	23157	0.025696	0.045805	0.029883	2	1	392
Beam_2_1_8	23196	0.033317	0.045812	0.030885	2	1	392
Beam_2_1_8	23169	0.033317	0.045812	0.029883	2	1	392
Beam_2_1_8	23204	0.027595	0.046303	0.030913	2	1	392
Beam_2_1_8	23156	0.027595	0.046303	0.029911	2	1	392
Beam_2_1_8	23161	0.031422	0.046308	0.029911	2	1	392
Beam_2_1_8	23197	0.031422	0.046308	0.030913	2	1	392
Beam_2_1_8	23207	0.025697	0.046801	0.030937	2	1	392
Beam_2_1_8	23155	0.025697	0.046801	0.029936	2	1	392
Beam_2_1_8	23198	0.033316	0.046805	0.030937	2	1	392
Beam_2_1_8	23162	0.033316	0.046805	0.029936	2	1	392
Beam_2_1_8	23147	0.029514	0.046807	0.029936	2	1	392
Beam_2_1_8	23211	0.029514	0.046807	0.030937	2	1	392
Beam_2_1_8	23206	0.023798	0.0473	0.030958	2	1	392
Beam_2_1_8	23154	0.023798	0.0473	0.029957	2	1	392
Beam_2_1_8	23163	0.035211	0.047302	0.029957	2	1	392
Beam_2_1_8	23199	0.035211	0.047302	0.030958	2	1	392
Beam_2_1_8	23208	0.027136	0.047429	0.030963	2	1	392
Beam_2_1_8	23148	0.027136	0.047429	0.029962	2	1	392
Beam_2_1_8	23146	0.031885	0.047429	0.029962	2	1	392
Beam_2_1_8	23214	0.031885	0.047429	0.030963	2	1	392
Beam_2_1_8	23205	0.021899	0.047798	0.030976	2	1	392
Beam_2_1_8	23153	0.021899	0.047798	0.029975	2	1	392
Beam_2_1_8	23164	0.037105	0.047799	0.029975	2	1	392
Beam_2_1_8	23200	0.037105	0.047799	0.030976	2	1	392
Beam_2_1_8	23209	0.024757	0.048052	0.030983	2	1	392
Beam_2_1_8	23149	0.024757	0.048052	0.029983	2	1	392
Beam_2_1_8	23213	0.034257	0.048052	0.030983	2	1	392
Beam_2_1_8	23145	0.034257	0.048052	0.029983	2	1	392
Beam_2_1_8	23150	0.022379	0.048674	0.029997	2	1	392
Beam_2_1_8	23210	0.022379	0.048674	0.030998	2	1	392
Beam_2_1_8	23144	0.036628	0.048674	0.029997	2	1	392
Beam_2_1_8	23212	0.036628	0.048674	0.030998	2	1	392
Beam_2_1_8	24566	0.02	0.049803	0.030509	2	1	392
Beam_2_1_8	24569	0.02475	0.049803	0.030509	2	1	392
Beam_2_1_8	24568	0.0295	0.049803	0.030509	2	1	392
Beam_2_1_8	24567	0.03425	0.049803	0.030509	2	1	392
Beam_2_1_8	24565	0.039	0.049803	0.030509	2	1	392
Beam_2_1_9	23858	0.022375	0.050933	0.031004	2	1	419
Beam_2_1_9	23798	0.022375	0.050933	0.030004	2	1	419
Beam_2_1_9	23860	0.036625	0.050933	0.031004	2	1	419
Beam_2_1_9	23792	0.036625	0.050933	0.030004	2	1	419
Beam_2_1_9	23797	0.02475	0.051556	0.029993	2	1	419
Beam_2_1_9	23857	0.02475	0.051556	0.030993	2	1	419
Beam_2_1_9	23793	0.03425	0.051556	0.029993	2	1	419
Beam_2_1_9	23861	0.03425	0.051556	0.030993	2	1	419
Beam_2_1_9	23816	0.021899	0.051808	0.029987	2	1	419
Beam_2_1_9	23844	0.021899	0.051808	0.030987	2	1	419
Beam_2_1_9	23806	0.037105	0.05182	0.029986	2	1	419
Beam_2_1_9	23849	0.037105	0.05182	0.030987	2	1	419
Beam_2_1_9	23856	0.027125	0.05218	0.030976	2	1	419
Beam_2_1_9	23796	0.027125	0.05218	0.029976	2	1	419
Beam_2_1_9	23794	0.031875	0.05218	0.029976	2	1	419
Beam_2_1_9	23862	0.031875	0.05218	0.030976	2	1	419
Beam_2_1_9	23843	0.023798	0.052306	0.030972	2	1	419
Beam_2_1_9	23815	0.023798	0.052306	0.029972	2	1	419
Beam_2_1_9	23807	0.035211	0.052316	0.029971	2	1	419
Beam_2_1_9	23850	0.035211	0.052316	0.030972	2	1	419
Beam_2_1_9	23859	0.0295	0.052803	0.030954	2	1	419
Beam_2_1_9	23795	0.0295	0.052803	0.029953	2	1	419
Beam_2_1_9	23842	0.025696	0.052805	0.030954	2	1	419
Beam_2_1_9	23814	0.025696	0.052805	0.029953	2	1	419
Beam_2_1_9	23808	0.033316	0.052812	0.029953	2	1	419
Beam_2_1_9	23851	0.033316	0.052812	0.030954	2	1	419
Beam_2_1_9	23845	0.027595	0.053303	0.030932	2	1	419
Beam_2_1_9	23813	0.027595	0.053303	0.029931	2	1	419
Beam_2_1_9	23852	0.031422	0.053308	0.030932	2	1	419
Beam_2_1_9	23800	0.031422	0.053308	0.029931	2	1	419
Beam_2_1_9	23848	0.025696	0.053802	0.030907	2	1	419
Beam_2_1_9	23812	0.025696	0.053802	0.029905	2	1	419
Beam_2_1_9	23801	0.033317	0.053805	0.029905	2	1	419
Beam_2_1_9	23853	0.033317	0.053805	0.030907	2	1	419
Beam_2_1_9	23838	0.029514	0.053807	0.030907	2	1	419
Beam_2_1_9	23822	0.029514	0.053807	0.029905	2	1	419
Beam_2_1_9	23847	0.023797	0.0543	0.030878	2	1	419
Beam_2_1_9	23811	0.023797	0.0543	0.029876	2	1	419
Beam_2_1_9	23802	0.035211	0.054302	0.029876	2	1	419
Beam_2_1_9	23854	0.035211	0.054302	0.030878	2	1	419
Beam_2_1_9	23823	0.027135	0.054429	0.029868	2	1	419
Beam_2_1_9	23835	0.027135	0.054429	0.03087	2	1	419
Beam_2_1_9	23841	0.031886	0.054429	0.03087	2	1	419
Beam_2_1_9	23821	0.031886	0.054429	0.029868	2	1	419
Beam_2_1_9	23846	0.021898	0.054798	0.030846	2	1	419
Beam_2_1_9	23810	0.021898	0.054798	0.029843	2	1	419
Beam_2_1_9	23855	0.037106	0.054799	0.030845	2	1	419
Beam_2_1_9	23803	0.037106	0.054799	0.029843	2	1	419
Beam_2_1_9	23836	0.024757	0.055052	0.030828	2	1	419
Beam_2_1_9	23824	0.024757	0.055052	0.029825	2	1	419
Beam_2_1_9	23840	0.034257	0.055052	0.030828	2	1	419
Beam_2_1_9	23820	0.034257	0.055052	0.029825	2	1	419
Beam_2_1_9	23825	0.022378	0.055674	0.029776	2	1	419
Beam_2_1_9	23837	0.022378	0.055674	0.03078	2	1	419
Beam_2_1_9	23839	0.03663	0.055674	0.03078	2	1	419
Beam_2_1_9	23819	0.03663	0.055674	0.029776	2	1	419
Beam_2_1_9	24539	0.02	0.056803	0.030176	2	1	419
Beam_2_1_9	24542	0.02475	0.056803	0.030176	2	1	419
Beam_2_1_9	24541	0.0295	0.056803	0.030176	2	1	419
Beam_2_1_9	24540	0.03425	0.056803	0.030176	2	1	419
Beam_2_1_9	24538	0.039	0.056803	0.030176	2	1	419
Beam_2_1_10	22541	0.022376	0.057933	0.030559	2	1	365
Beam_2_1_10	22529	0.022376	0.057933	0.029553	2	1	365
Beam_2_1_10	22543	0.036624	0.057933	0.030559	2	1	365
Beam_2_1_10	22523	0.036624	0.057933	0.029553	2	1	365
Beam_2_1_10	22540	0.02475	0.058557	0.030485	2	1	365
Beam_2_1_10	22528	0.02475	0.058557	0.029478	2	1	365
Beam_2_1_10	22544	0.03425	0.058557	0.030485	2	1	365
Beam_2_1_10	22524	0.03425	0.058557	0.029478	2	1	365
Beam_2_1_10	22555	0.0219	0.058808	0.030454	2	1	365
Beam_2_1_10	22511	0.0219	0.058808	0.029446	2	1	365
Beam_2_1_10	22519	0.037104	0.058821	0.029444	2	1	365
Beam_2_1_10	22546	0.037105	0.058821	0.030452	2	1	365
Beam_2_1_10	22527	0.027127	0.05918	0.029397	2	1	365
Beam_2_1_10	22539	0.027127	0.05918	0.030406	2	1	365
Beam_2_1_10	22525	0.031873	0.05918	0.029397	2	1	365
Beam_2_1_10	22545	0.031873	0.05918	0.030406	2	1	365
Beam_2_1_10	22510	0.023798	0.059307	0.02938	2	1	365
Beam_2_1_10	22554	0.023798	0.059307	0.030389	2	1	365
Beam_2_1_10	22520	0.035211	0.059316	0.029378	2	1	365
Beam_2_1_10	22547	0.035211	0.059316	0.030388	2	1	365
Beam_2_1_10	22542	0.0295	0.059803	0.03032	2	1	365
Beam_2_1_10	22526	0.0295	0.059803	0.02931	2	1	365
Beam_2_1_10	22553	0.025697	0.059805	0.03032	2	1	365
Beam_2_1_10	22509	0.025697	0.059805	0.02931	2	1	365
Beam_2_1_10	22548	0.033315	0.059812	0.030319	2	1	365
Beam_2_1_10	22521	0.033315	0.059812	0.029309	2	1	365
Beam_2_1_10	22556	0.027595	0.060303	0.030248	2	1	365
Beam_2_1_10	22508	0.027595	0.060303	0.029237	2	1	365
Beam_2_1_10	22513	0.031422	0.060308	0.029236	2	1	365
Beam_2_1_10	22549	0.031422	0.060308	0.030247	2	1	365
Beam_2_1_10	22507	0.025695	0.060802	0.029159	2	1	365
Beam_2_1_10	22559	0.025695	0.060802	0.030172	2	1	365
Beam_2_1_10	22550	0.033318	0.060805	0.030171	2	1	365
Beam_2_1_10	22514	0.033318	0.060805	0.029159	2	1	365
Beam_2_1_10	22563	0.029514	0.060807	0.030171	2	1	365
Beam_2_1_10	22499	0.029514	0.060807	0.029159	2	1	365
Beam_2_1_10	22558	0.023797	0.0613	0.030092	2	1	365
Beam_2_1_10	22506	0.023797	0.0613	0.029079	2	1	365
Beam_2_1_10	22551	0.035211	0.061302	0.030092	2	1	365
Beam_2_1_10	22515	0.035211	0.061302	0.029078	2	1	365
Beam_2_1_10	22560	0.027133	0.06143	0.030071	2	1	365
Beam_2_1_10	22500	0.027133	0.06143	0.029057	2	1	365
Beam_2_1_10	22566	0.031888	0.06143	0.030071	2	1	365
Beam_2_1_10	22498	0.031888	0.06143	0.029057	2	1	365
Beam_2_1_10	22557	0.021897	0.061798	0.030009	2	1	365
Beam_2_1_10	22505	0.021897	0.061798	0.028994	2	1	365
Beam_2_1_10	22516	0.037107	0.0618	0.028994	2	1	365
Beam_2_1_10	22552	0.037107	0.0618	0.030009	2	1	365
Beam_2_1_10	22501	0.024757	0.062052	0.02895	2	1	365
Beam_2_1_10	22561	0.024757	0.062052	0.029965	2	1	365
Beam_2_1_10	22565	0.034258	0.062052	0.029965	2	1	365
Beam_2_1_10	22497	0.034258	0.062052	0.02895	2	1	365
Beam_2_1_10	22502	0.022376	0.062675	0.028836	2	1	365
Beam_2_1_10	22562	0.022376	0.062675	0.029853	2	1	365
Beam_2_1_10	22564	0.036631	0.062675	0.029853	2	1	365
Beam_2_1_10	22496	0.036631	0.062675	0.028836	2	1	365
Beam_2_1_10	24503	0.02	0.063803	0.029125	2	1	365
Beam_2_1_10	24506	0.02475	0.063803	0.029125	2	1	365
Beam_2_1_10	24505	0.0295	0.063803	0.029125	2	1	365
Beam_2_1_10	24504	0.03425	0.063803	0.029125	2	1	365
Beam_2_1_10	24502	0.039	0.063803	0.029125	2	1	365
Beam_2_1_11	21233	0.022378	0.064934	0.028375	2	1	311
Beam_2_1_11	21245	0.022378	0.064934	0.029399	2	1	311
Beam_2_1_11	21247	0.036622	0.064934	0.029399	2	1	311
Beam_2_1_11	21227	0.036622	0.064934	0.028375	2	1	311
Beam_2_1_11	21244	0.024751	0.065557	0.02926	2	1	311
Beam_2_1_11	21232	0.024751	0.065557	0.028234	2	1	311
Beam_2_1_11	21228	0.034249	0.065557	0.028234	2	1	311
Beam_2_1_11	21248	0.034249	0.065557	0.02926	2	1	311
Beam_2_1_11	21259	0.021901	0.065809	0.029202	2	1	311
Beam_2_1_11	21215	0.021901	0.065809	0.028175	2	1	311
Beam_2_1_11	21250	0.037104	0.065821	0.029199	2	1	311
Beam_2_1_11	21223	0.037104	0.065821	0.028172	2	1	311
Beam_2_1_11	21231	0.027128	0.066181	0.028086	2	1	311
Beam_2_1_11	21243	0.027128	0.066181	0.029114	2	1	311
Beam_2_1_11	21229	0.031872	0.066181	0.028086	2	1	311
Beam_2_1_11	21249	0.031872	0.066181	0.029114	2	1	311
Beam_2_1_11	21214	0.023798	0.066307	0.028056	2	1	311
Beam_2_1_11	21258	0.023798	0.066307	0.029084	2	1	311
Beam_2_1_11	21251	0.035211	0.066316	0.029082	2	1	311
Beam_2_1_11	21224	0.035211	0.066316	0.028053	2	1	311
Beam_2_1_11	21246	0.0295	0.066803	0.028964	2	1	311
Beam_2_1_11	21230	0.0295	0.066803	0.027933	2	1	311
Beam_2_1_11	21213	0.025698	0.066805	0.027932	2	1	311
Beam_2_1_11	21257	0.025698	0.066805	0.028963	2	1	311
Beam_2_1_11	21252	0.033315	0.066812	0.028961	2	1	311
Beam_2_1_11	21225	0.033315	0.066812	0.027931	2	1	311
Beam_2_1_11	21212	0.027595	0.067303	0.027805	2	1	311
Beam_2_1_11	21260	0.027595	0.067303	0.028838	2	1	311
Beam_2_1_11	21217	0.031422	0.067308	0.027804	2	1	311
Beam_2_1_11	21253	0.031422	0.067308	0.028837	2	1	311
Beam_2_1_11	21263	0.025694	0.067802	0.028709	2	1	311
Beam_2_1_11	21211	0.025694	0.067802	0.027674	2	1	311
Beam_2_1_11	21218	0.033319	0.067805	0.027673	2	1	311
Beam_2_1_11	21254	0.033319	0.067805	0.028708	2	1	311
Beam_2_1_11	21203	0.029514	0.067807	0.027673	2	1	311
Beam_2_1_11	21267	0.029514	0.067807	0.028707	2	1	311
Beam_2_1_11	21262	0.023797	0.0683	0.028576	2	1	311
Beam_2_1_11	21210	0.023797	0.0683	0.027539	2	1	311
Beam_2_1_11	21255	0.035212	0.068302	0.028575	2	1	311
Beam_2_1_11	21219	0.035212	0.068302	0.027539	2	1	311
Beam_2_1_11	21204	0.027132	0.06843	0.027503	2	1	311
Beam_2_1_11	21264	0.027132	0.06843	0.02854	2	1	311
Beam_2_1_11	21270	0.031889	0.06843	0.02854	2	1	311
Beam_2_1_11	21202	0.031889	0.06843	0.027503	2	1	311
Beam_2_1_11	21261	0.021896	0.068799	0.028439	2	1	311
Beam_2_1_11	21209	0.021896	0.068799	0.0274	2	1	311
Beam_2_1_11	21256	0.037108	0.0688	0.028438	2	1	311
Beam_2_1_11	21220	0.037108	0.0688	0.0274	2	1	311
Beam_2_1_11	21265	0.024756	0.069052	0.028368	2	1	311
Beam_2_1_11	21205	0.024756	0.069052	0.027328	2	1	311
Beam_2_1_11	21201	0.034258	0.069052	0.027328	2	1	311
Beam_2_1_11	21269	0.034258	0.069052	0.028368	2	1	311
Beam_2_1_11	21266	0.022375	0.069675	0.028188	2	1	311
Beam_2_1_11	21206	0.022375	0.069675	0.027146	2	1	311
Beam_2_1_11	21268	0.036632	0.069675	0.028188	2	1	311
Beam_2_1_11	21200	0.036632	0.069675	0.027146	2	1	311
Beam_2_1_11	24476	0.02	0.070803	0.027323	2	1	311
Beam_2_1_11	24479	0.02475	0.070803	0.027323	2	1	311
Beam_2_1_11	24478	0.0295	0.070803	0.027323	2	1	311
Beam_2_1_11	24477	0.03425	0.070803	0.027323	2	1	311
Beam_2_1_11	24475	0.039	0.070803	0.027323	2	1	311
Beam_2_1_12	19937	0.022379	0.071934	0.026431	2	1	257
Beam_2_1_12	19949	0.022379	0.071934	0.027485	2	1	257
Beam_2_1_12	19951	0.036621	0.071934	0.027485	2	1	257
Beam_2_1_12	19931	0.036621	0.071934	0.026431	2	1	257
Beam_2_1_12	19948	0.024751	0.072557	0.027276	2	1	257
Beam_2_1_12	19936	0.024751	0.072557	0.026219	2	1	257
Beam_2_1_12	19952	0.034249	0.072557	0.027276	2	1	257
Beam_2_1_12	19932	0.034249	0.072557	0.026219	2	1	257
Beam_2_1_12	19963	0.021902	0.072809	0.02719	2	1	257
Beam_2_1_12	19919	0.021902	0.072809	0.026131	2	1	257
Beam_2_1_12	19927	0.037103	0.072821	0.026127	2	1	257
Beam_2_1_12	19954	0.037103	0.072821	0.027186	2	1	257
Beam_2_1_12	19935	0.02713	0.073181	0.026	2	1	257
Beam_2_1_12	19947	0.02713	0.073181	0.027061	2	1	257
Beam_2_1_12	19953	0.03187	0.073181	0.027061	2	1	257
Beam_2_1_12	19933	0.03187	0.073181	0.026	2	1	257
Beam_2_1_12	19962	0.023798	0.073307	0.027016	2	1	257
Beam_2_1_12	19918	0.023798	0.073307	0.025955	2	1	257
Beam_2_1_12	19928	0.03521	0.073316	0.025951	2	1	257
Beam_2_1_12	19955	0.03521	0.073316	0.027013	2	1	257
Beam_2_1_12	19950	0.0295	0.073803	0.026839	2	1	257
Beam_2_1_12	19934	0.0295	0.073803	0.025774	2	1	257
Beam_2_1_12	19961	0.025699	0.073806	0.026838	2	1	257
Beam_2_1_12	19917	0.025699	0.073806	0.025774	2	1	257
Beam_2_1_12	19929	0.033313	0.073813	0.025771	2	1	257
Beam_2_1_12	19956	0.033313	0.073813	0.026835	2	1	257
Beam_2_1_12	19916	0.027595	0.074303	0.025589	2	1	257
Beam_2_1_12	19964	0.027595	0.074303	0.026656	2	1	257
Beam_2_1_12	19957	0.031422	0.074308	0.026654	2	1	257
Beam_2_1_12	19921	0.031422	0.074308	0.025587	2	1	257
Beam_2_1_12	19967	0.025693	0.074802	0.026469	2	1	257
Beam_2_1_12	19915	0.025693	0.074802	0.025398	2	1	257
Beam_2_1_12	19958	0.03332	0.074806	0.026468	2	1	257
Beam_2_1_12	19922	0.03332	0.074806	0.025397	2	1	257
Beam_2_1_12	19907	0.029514	0.074807	0.025397	2	1	257
Beam_2_1_12	19971	0.029514	0.074807	0.026467	2	1	257
Beam_2_1_12	19914	0.023797	0.0753	0.025205	2	1	257
Beam_2_1_12	19966	0.023797	0.0753	0.026278	2	1	257
Beam_2_1_12	19923	0.035212	0.075302	0.025204	2	1	257
Beam_2_1_12	19959	0.035212	0.075302	0.026277	2	1	257
Beam_2_1_12	19968	0.02713	0.075431	0.026227	2	1	257
Beam_2_1_12	19908	0.02713	0.075431	0.025153	2	1	257
Beam_2_1_12	19974	0.031891	0.075431	0.026227	2	1	257
Beam_2_1_12	19906	0.031891	0.075431	0.025153	2	1	257
Beam_2_1_12	19913	0.021895	0.075799	0.025006	2	1	257
Beam_2_1_12	19965	0.021895	0.075799	0.026083	2	1	257
Beam_2_1_12	19960	0.037109	0.0758	0.026082	2	1	257
Beam_2_1_12	19924	0.037109	0.0758	0.025005	2	1	257
Beam_2_1_12	19969	0.024756	0.076052	0.025982	2	1	257
Beam_2_1_12	19909	0.024756	0.076052	0.024903	2	1	257
Beam_2_1_12	19905	0.034258	0.076052	0.024903	2	1	257
Beam_2_1_12	19973	0.034258	0.076052	0.025982	2	1	257
Beam_2_1_12	19910	0.022373	0.076675	0.024645	2	1	257
Beam_2_1_12	19970	0.022373	0.076675	0.025728	2	1	257
Beam_2_1_12	19972	0.036634	0.076675	0.025728	2	1	257
Beam_2_1_12	19904	0.036634	0.076675	0.024645	2	1	257
Beam_2_1_12	24404	0.02	0.077804	0.024705	2	1	257
Beam_2_1_12	24407	0.02475	0.077804	0.024705	2	1	257
Beam_2_1_12	24406	0.0295	0.077804	0.024705	2	1	257
Beam_2_1_12	24405	0.03425	0.077804	0.024705	2	1	257
Beam_2_1_12	24403	0.039	0.077804	0.024705	2	1	257
Beam_2_1_13	18653	0.022381	0.078935	0.02475	2	1	203
Beam_2_1_13	18641	0.022381	0.078935	0.02365	2	1	203
Beam_2_1_13	18655	0.036619	0.078935	0.02475	2	1	203
Beam_2_1_13	18635	0.036619	0.078935	0.02365	2	1	203
Beam_2_1_13	18640	0.024752	0.079557	0.023359	2	1	203
Beam_2_1_13	18652	0.024752	0.079557	0.024464	2	1	203
Beam_2_1_13	18636	0.034248	0.079557	0.023359	2	1	203
Beam_2_1_13	18656	0.034248	0.079557	0.024464	2	1	203
Beam_2_1_13	18623	0.021903	0.079809	0.023239	2	1	203
Beam_2_1_13	18667	0.021903	0.079809	0.024346	2	1	203
Beam_2_1_13	18658	0.037101	0.079821	0.02434	2	1	203
Beam_2_1_13	18631	0.037101	0.079821	0.023233	2	1	203
Beam_2_1_13	18639	0.027132	0.080182	0.023059	2	1	203
Beam_2_1_13	18651	0.027132	0.080182	0.024169	2	1	203
Beam_2_1_13	18637	0.031868	0.080182	0.023059	2	1	203
Beam_2_1_13	18657	0.031868	0.080182	0.024169	2	1	203
Beam_2_1_13	18666	0.023799	0.080307	0.024109	2	1	203
Beam_2_1_13	18622	0.023799	0.080307	0.022998	2	1	203
Beam_2_1_13	18659	0.03521	0.080316	0.024105	2	1	203
Beam_2_1_13	18632	0.03521	0.080316	0.022993	2	1	203
Beam_2_1_13	18638	0.0295	0.080803	0.022753	2	1	203
Beam_2_1_13	18654	0.0295	0.080803	0.023869	2	1	203
Beam_2_1_13	18665	0.025701	0.080806	0.023867	2	1	203
Beam_2_1_13	18621	0.025701	0.080806	0.022752	2	1	203
Beam_2_1_13	18633	0.033312	0.080813	0.022748	2	1	203
Beam_2_1_13	18660	0.033312	0.080813	0.023864	2	1	203
Beam_2_1_13	18620	0.027595	0.081303	0.022501	2	1	203
Beam_2_1_13	18668	0.027595	0.081303	0.023621	2	1	203
Beam_2_1_13	18661	0.031422	0.081308	0.023619	2	1	203
Beam_2_1_13	18625	0.031422	0.081308	0.022499	2	1	203
Beam_2_1_13	18619	0.025691	0.081803	0.022244	2	1	203
Beam_2_1_13	18671	0.025692	0.081803	0.023369	2	1	203
Beam_2_1_13	18662	0.033321	0.081806	0.023367	2	1	203
Beam_2_1_13	18626	0.033321	0.081806	0.022242	2	1	203
Beam_2_1_13	18675	0.029514	0.081807	0.023367	2	1	203
Beam_2_1_13	18611	0.029514	0.081807	0.022242	2	1	203
Beam_2_1_13	18670	0.023796	0.0823	0.023113	2	1	203
Beam_2_1_13	18618	0.023796	0.0823	0.021983	2	1	203
Beam_2_1_13	18627	0.035212	0.082302	0.021982	2	1	203
Beam_2_1_13	18663	0.035212	0.082302	0.023111	2	1	203
Beam_2_1_13	18612	0.027128	0.082431	0.021914	2	1	203
Beam_2_1_13	18672	0.027128	0.082431	0.023044	2	1	203
Beam_2_1_13	18678	0.031893	0.082431	0.023044	2	1	203
Beam_2_1_13	18610	0.031893	0.082431	0.021914	2	1	203
Beam_2_1_13	18617	0.021894	0.082799	0.021716	2	1	203
Beam_2_1_13	18669	0.021894	0.082799	0.02285	2	1	203
Beam_2_1_13	18628	0.03711	0.0828	0.021715	2	1	203
Beam_2_1_13	18664	0.03711	0.0828	0.02285	2	1	203
Beam_2_1_13	18613	0.024755	0.083052	0.021579	2	1	203
Beam_2_1_13	18673	0.024755	0.083052	0.022716	2	1	203
Beam_2_1_13	18609	0.034259	0.083052	0.021579	2	1	203
Beam_2_1_13	18677	0.034259	0.083052	0.022716	2	1	203
Beam_2_1_13	18674	0.022371	0.083676	0.022377	2	1	203
Beam_2_1_13	18614	0.022371	0.083676	0.021234	2	1	203
Beam_2_1_13	18608	0.036636	0.083676	0.021234	2	1	203
Beam_2_1_13	18676	0.036636	0.083676	0.022377	2	1	203
Beam_2_1_13	24413	0.02	0.084804	0.021166	2	1	203
Beam_2_1_13	24416	0.02475	0.084804	0.021166	2	1	203
Beam_2_1_13	24415	0.0295	0.084804	0.021166	2	1	203
Beam_2_1_13	24414	0.03425	0.084804	0.021166	2	1	203
Beam_2_1_13	24412	0.039	0.084804	0.021166	2	1	203
Beam_2_1_14	17364	0.022384	0.085935	0.021082	2	1	149
Beam_2_1_14	17336	0.022384	0.085935	0.019914	2	1	149
Beam_2_1_14	17366	0.036616	0.085935	0.021082	2	1	149
Beam_2_1_14	17330	0.036616	0.085935	0.019914	2	1	149
Beam_2_1_14	17335	0.024753	0.086557	0.01953	2	1	149
Beam_2_1_14	17363	0.024753	0.086557	0.020706	2	1	149
Beam_2_1_14	17367	0.034247	0.086557	0.020706	2	1	149
Beam_2_1_14	17331	0.034247	0.086557	0.01953	2	1	149
Beam_2_1_14	17378	0.021905	0.08681	0.020551	2	1	149
Beam_2_1_14	17318	0.021905	0.08681	0.019372	2	1	149
Beam_2_1_14	17355	0.0371	0.086822	0.020543	2	1	149
Beam_2_1_14	17344	0.0371	0.086822	0.019364	2	1	149
Beam_2_1_14	17362	0.027134	0.087182	0.020319	2	1	149
Beam_2_1_14	17334	0.027135	0.087182	0.019135	2	1	149
Beam_2_1_14	17332	0.031865	0.087182	0.019135	2	1	149
Beam_2_1_14	17368	0.031866	0.087182	0.020319	2	1	149
Beam_2_1_14	17317	0.023799	0.087307	0.019055	2	1	149
Beam_2_1_14	17377	0.023799	0.087307	0.02024	2	1	149
Beam_2_1_14	17356	0.035209	0.087316	0.020234	2	1	149
Beam_2_1_14	17345	0.035209	0.087317	0.019049	2	1	149
Beam_2_1_14	17365	0.0295	0.087803	0.019925	2	1	149
Beam_2_1_14	17333	0.0295	0.087803	0.018733	2	1	149
Beam_2_1_14	17316	0.025702	0.087806	0.018731	2	1	149
Beam_2_1_14	17376	0.025702	0.087806	0.019923	2	1	149
Beam_2_1_14	17357	0.03331	0.087813	0.019918	2	1	149
Beam_2_1_14	17346	0.03331	0.087813	0.018726	2	1	149
Beam_2_1_14	17315	0.027595	0.088303	0.018402	2	1	149
Beam_2_1_14	17379	0.027595	0.088303	0.019601	2	1	149
Beam_2_1_14	17358	0.031422	0.088308	0.019598	2	1	149
Beam_2_1_14	17338	0.031422	0.088308	0.0184	2	1	149
Beam_2_1_14	17314	0.025689	0.088803	0.018066	2	1	149
Beam_2_1_14	17382	0.02569	0.088803	0.019271	2	1	149
Beam_2_1_14	17339	0.033323	0.088806	0.018063	2	1	149
Beam_2_1_14	17359	0.033323	0.088806	0.019269	2	1	149
Beam_2_1_14	17372	0.029514	0.088807	0.019269	2	1	149
Beam_2_1_14	17324	0.029514	0.088807	0.018063	2	1	149
Beam_2_1_14	17313	0.023795	0.0893	0.017724	2	1	149
Beam_2_1_14	17381	0.023795	0.0893	0.018937	2	1	149
Beam_2_1_14	17360	0.035213	0.089302	0.018935	2	1	149
Beam_2_1_14	17340	0.035213	0.089303	0.017723	2	1	149
Beam_2_1_14	17369	0.027125	0.089432	0.018847	2	1	149
Beam_2_1_14	17325	0.027125	0.089432	0.017633	2	1	149
Beam_2_1_14	17375	0.031896	0.089432	0.018847	2	1	149
Beam_2_1_14	17323	0.031896	0.089432	0.017633	2	1	149
Beam_2_1_14	17380	0.021892	0.0898	0.018595	2	1	149
Beam_2_1_14	17312	0.021892	0.0898	0.017375	2	1	149
Beam_2_1_14	17361	0.037112	0.089801	0.018594	2	1	149
Beam_2_1_14	17341	0.037112	0.089801	0.017374	2	1	149
Beam_2_1_14	17370	0.024754	0.090052	0.018419	2	1	149
Beam_2_1_14	17374	0.03426	0.090052	0.018419	2	1	149
Beam_2_1_14	17326	0.024754	0.090053	0.017196	2	1	149
Beam_2_1_14	17322	0.034261	0.090053	0.017196	2	1	149
Beam_2_1_14	17371	0.022367	0.090677	0.017978	2	1	149
Beam_2_1_14	17327	0.022367	0.090677	0.016745	2	1	149
Beam_2_1_14	17321	0.03664	0.090677	0.016745	2	1	149
Beam_2_1_14	17373	0.03664	0.090677	0.017978	2	1	149
Beam_2_1_14	24422	0.02	0.091804	0.016529	2	1	149
Beam_2_1_14	24425	0.02475	0.091804	0.016529	2	1	149
Beam_2_1_14	24424	0.0295	0.091804	0.016529	2	1	149
Beam_2_1_14	24423	0.03425	0.091804	0.016529	2	1	149
Beam_2_1_14	24421	0.039	0.091804	0.016529	2	1	149
Beam_2_1_15	15943	0.02159	0.092727	0.016457	2	1	95
Beam_2_1_15	15929	0.02159	0.092727	0.015189	2	1	95
Beam_2_1_15	15945	0.03741	0.092727	0.016457	2	1	95
Beam_2_1_15	15919	0.03741	0.092727	0.015189	2	1	95
Beam_2_1_15	15942	0.02317	0.093142	0.016135	2	1	95
Beam_2_1_15	15928	0.023171	0.093142	0.01486	2	1	95
Beam_2_1_15	15920	0.035829	0.093142	0.01486	2	1	95
Beam_2_1_15	15946	0.03583	0.093142	0.016135	2	1	95
Beam_2_1_15	15941	0.024759	0.093559	0.015807	2	1	95
Beam_2_1_15	15927	0.024759	0.093559	0.014523	2	1	95
Beam_2_1_15	15947	0.034241	0.093559	0.015807	2	1	95
Beam_2_1_15	15921	0.034241	0.093559	0.014523	2	1	95
Beam_2_1_15	15970	0.021907	0.09381	0.015606	2	1	95
Beam_2_1_15	15894	0.021908	0.09381	0.014317	2	1	95
Beam_2_1_15	15956	0.037097	0.093823	0.015596	2	1	95
Beam_2_1_15	15912	0.037097	0.093823	0.014307	2	1	95
Beam_2_1_15	15926	0.026337	0.093973	0.014183	2	1	95
Beam_2_1_15	15940	0.026337	0.093973	0.015475	2	1	95
Beam_2_1_15	15922	0.032663	0.093973	0.014183	2	1	95
Beam_2_1_15	15948	0.032663	0.093973	0.015475	2	1	95
Beam_2_1_15	15969	0.0238	0.094307	0.015203	2	1	95
Beam_2_1_15	15893	0.023801	0.094307	0.013905	2	1	95
Beam_2_1_15	15955	0.035208	0.094317	0.015195	2	1	95
Beam_2_1_15	15911	0.035208	0.094317	0.013897	2	1	95
Beam_2_1_15	15925	0.027924	0.094389	0.013836	2	1	95
Beam_2_1_15	15939	0.027924	0.094389	0.015136	2	1	95
Beam_2_1_15	15923	0.031076	0.094389	0.013836	2	1	95
Beam_2_1_15	15949	0.031076	0.094389	0.015136	2	1	95
Beam_2_1_15	15944	0.0295	0.094803	0.014794	2	1	95
Beam_2_1_15	15924	0.0295	0.094803	0.013486	2	1	95
Beam_2_1_15	15892	0.025705	0.094807	0.013482	2	1	95
Beam_2_1_15	15968	0.025705	0.094807	0.01479	2	1	95
Beam_2_1_15	15910	0.033307	0.094814	0.013476	2	1	95
Beam_2_1_15	15954	0.033307	0.094814	0.014785	2	1	95
Beam_2_1_15	15891	0.027595	0.095303	0.013055	2	1	95
Beam_2_1_15	15971	0.027595	0.095303	0.014373	2	1	95
Beam_2_1_15	15909	0.031422	0.095308	0.013051	2	1	95
Beam_2_1_15	15953	0.031422	0.095308	0.01437	2	1	95
Beam_2_1_15	15890	0.025686	0.095804	0.012614	2	1	95
Beam_2_1_15	15974	0.025686	0.095804	0.013944	2	1	95
Beam_2_1_15	15902	0.029514	0.095807	0.012612	2	1	95
Beam_2_1_15	15962	0.029514	0.095807	0.013942	2	1	95
Beam_2_1_15	15917	0.033326	0.095807	0.012611	2	1	95
Beam_2_1_15	15952	0.033326	0.095807	0.013941	2	1	95
Beam_2_1_15	15903	0.02792	0.096224	0.012239	2	1	95
Beam_2_1_15	15957	0.02792	0.096224	0.013578	2	1	95
Beam_2_1_15	15967	0.031103	0.096224	0.013578	2	1	95
Beam_2_1_15	15901	0.031104	0.096224	0.012239	2	1	95
Beam_2_1_15	15973	0.023794	0.096301	0.01351	2	1	95
Beam_2_1_15	15889	0.023794	0.096301	0.012169	2	1	95
Beam_2_1_15	15951	0.035214	0.096303	0.013508	2	1	95
Beam_2_1_15	15916	0.035215	0.096303	0.012167	2	1	95
Beam_2_1_15	15904	0.026337	0.096638	0.011862	2	1	95
Beam_2_1_15	15958	0.026338	0.096638	0.013211	2	1	95
Beam_2_1_15	15966	0.032681	0.096638	0.013211	2	1	95
Beam_2_1_15	15900	0.032682	0.096638	0.011862	2	1	95
Beam_2_1_15	15972	0.021888	0.096801	0.013065	2	1	95
Beam_2_1_15	15888	0.021888	0.096801	0.011712	2	1	95
Beam_2_1_15	15950	0.037116	0.096802	0.013064	2	1	95
Beam_2_1_15	15915	0.037116	0.096802	0.011711	2	1	95
Beam_2_1_15	15905	0.024745	0.097055	0.011477	2	1	95
Beam_2_1_15	15959	0.024746	0.097055	0.012836	2	1	95
Beam_2_1_15	15965	0.034268	0.097055	0.012836	2	1	95
Beam_2_1_15	15899	0.034269	0.097055	0.011477	2	1	95
Beam_2_1_15	15960	0.023166	0.097468	0.012457	2	1	95
Beam_2_1_15	15906	0.023166	0.097468	0.011088	2	1	95
Beam_2_1_15	15964	0.035843	0.097468	0.012457	2	1	95
Beam_2_1_15	15898	0.035844	0.097468	0.011088	2	1	95
Beam_2_1_15	15907	0.021577	0.097884	0.010691	2	1	95
Beam_2_1_15	15961	0.021577	0.097884	0.01207	2	1	95
Beam_2_1_15	15897	0.037428	0.097884	0.010691	2	1	95
Beam_2_1_15	15963	0.037428	0.097884	0.01207	2	1	95
Beam_2_1_15	24431	0.02	0.098988	0.010367	2	1	95
Beam_2_1_15	24434	0.02475	0.098988	0.010367	2	1	95
Beam_2_1_15	24433	0.0295	0.098988	0.010367	2	1	95
Beam_2_1_15	24432	0.03425	0.098988	0.010367	2	1	95
Beam_2_1_15	24430	0.039	0.098988	0.010367	2	1	95
Beam_2_2_2	24782	0.02	0.10081	0.010193	2	2	7
Beam_2_2_2	24785	0.02475	0.10081	0.010193	2	2	7
Beam_2_2_2	24784	0.0295	0.10081	0.010193	2	2	7
Beam_2_2_2	24783	0.03425	0.10081	0.010193	2	2	7
Beam_2_2_2	24781	0.039	0.10081	0.010193	2	2	7
Beam_2_2_1	15430	0.021574	0.10172	0.011699	2	2	77
Beam_2_2_1	15384	0.021574	0.10172	0.010308	2	2	77
Beam_2_2_1	15432	0.037426	0.10172	0.011699	2	2	77
Beam_2_2_1	15374	0.037426	0.10172	0.010308	2	2	77
Beam_2_2_1	15383	0.023161	0.10214	0.010713	2	2	77
Beam_2_2_1	15429	0.023161	0.10214	0.012092	2	2	77
Beam_2_2_1	15375	0.035839	0.10214	0.010713	2	2	77
Beam_2_2_1	15433	0.035839	0.10214	0.012092	2	2	77
Beam_2_2_1	15382	0.024738	0.10255	0.011108	2	2	77
Beam_2_2_1	15428	0.024738	0.10255	0.012477	2	2	77
Beam_2_2_1	15376	0.034262	0.10255	0.011108	2	2	77
Beam_2_2_1	15434	0.034262	0.10255	0.012477	2	2	77
Beam_2_2_1	15371	0.021888	0.10281	0.011346	2	2	77
Beam_2_2_1	15439	0.021888	0.10281	0.012708	2	2	77
Beam_2_2_1	15441	0.037116	0.10282	0.012719	2	2	77
Beam_2_2_1	15365	0.037116	0.10282	0.011357	2	2	77
Beam_2_2_1	15381	0.026328	0.10297	0.0115	2	2	77
Beam_2_2_1	15427	0.026328	0.10297	0.012858	2	2	77
Beam_2_2_1	15377	0.032672	0.10297	0.0115	2	2	77
Beam_2_2_1	15435	0.032672	0.10297	0.012858	2	2	77
Beam_2_2_1	15370	0.023793	0.10331	0.01181	2	2	77
Beam_2_2_1	15438	0.023794	0.10331	0.01316	2	2	77
Beam_2_2_1	15366	0.035215	0.10331	0.011819	2	2	77
Beam_2_2_1	15442	0.035215	0.10332	0.013169	2	2	77
Beam_2_2_1	15426	0.027908	0.10339	0.013232	2	2	77
Beam_2_2_1	15380	0.027908	0.10339	0.011883	2	2	77
Beam_2_2_1	15436	0.031092	0.10339	0.013232	2	2	77
Beam_2_2_1	15378	0.031092	0.10339	0.011883	2	2	77
Beam_2_2_1	15369	0.025686	0.1038	0.012262	2	2	77
Beam_2_2_1	15437	0.025686	0.1038	0.013601	2	2	77
Beam_2_2_1	15379	0.0295	0.1038	0.012263	2	2	77
Beam_2_2_1	15431	0.0295	0.1038	0.013602	2	2	77
Beam_2_2_1	15443	0.033326	0.10381	0.013607	2	2	77
Beam_2_2_1	15367	0.033327	0.10381	0.012268	2	2	77
Beam_2_2_1	15440	0.027595	0.1043	0.014037	2	2	77
Beam_2_2_1	15363	0.027595	0.1043	0.012709	2	2	77
Beam_2_2_1	15368	0.031422	0.10431	0.012713	2	2	77
Beam_2_2_1	15420	0.031422	0.10431	0.01404	2	2	77
Beam_2_2_1	15446	0.025705	0.1048	0.01446	2	2	77
Beam_2_2_1	15362	0.025706	0.1048	0.013143	2	2	77
Beam_2_2_1	15417	0.033307	0.1048	0.014463	2	2	77
Beam_2_2_1	15393	0.033307	0.1048	0.013146	2	2	77
Beam_2_2_1	15392	0.029514	0.10481	0.01315	2	2	77
Beam_2_2_1	15416	0.029514	0.10481	0.014466	2	2	77
Beam_2_2_1	15411	0.027936	0.10522	0.014813	2	2	77
Beam_2_2_1	15397	0.027936	0.10522	0.013505	2	2	77
Beam_2_2_1	15425	0.031088	0.10522	0.014813	2	2	77
Beam_2_2_1	15391	0.031088	0.10522	0.013505	2	2	77
Beam_2_2_1	15361	0.023801	0.1053	0.013573	2	2	77
Beam_2_2_1	15445	0.023801	0.1053	0.014879	2	2	77
Beam_2_2_1	15418	0.035208	0.1053	0.014881	2	2	77
Beam_2_2_1	15394	0.035208	0.1053	0.013574	2	2	77
Beam_2_2_1	15398	0.026347	0.10564	0.013857	2	2	77
Beam_2_2_1	15412	0.026347	0.10564	0.015156	2	2	77
Beam_2_2_1	15390	0.032672	0.10564	0.013857	2	2	77
Beam_2_2_1	15424	0.032672	0.10564	0.015156	2	2	77
Beam_2_2_1	15360	0.021908	0.1058	0.013991	2	2	77
Beam_2_2_1	15444	0.021908	0.1058	0.015287	2	2	77
Beam_2_2_1	15395	0.037096	0.1058	0.013992	2	2	77
Beam_2_2_1	15419	0.037097	0.1058	0.015288	2	2	77
Beam_2_2_1	15413	0.024766	0.10605	0.015493	2	2	77
Beam_2_2_1	15399	0.024767	0.10605	0.014202	2	2	77
Beam_2_2_1	15389	0.034247	0.10605	0.014202	2	2	77
Beam_2_2_1	15423	0.034248	0.10605	0.015493	2	2	77
Beam_2_2_1	15414	0.023175	0.10647	0.015826	2	2	77
Beam_2_2_1	15400	0.023176	0.10647	0.014543	2	2	77
Beam_2_2_1	15422	0.035834	0.10647	0.015826	2	2	77
Beam_2_2_1	15388	0.035834	0.10647	0.014543	2	2	77
Beam_2_2_1	15401	0.021593	0.10688	0.014877	2	2	77
Beam_2_2_1	15415	0.021593	0.10688	0.016152	2	2	77
Beam_2_2_1	15387	0.037412	0.10688	0.014877	2	2	77
Beam_2_2_1	15421	0.037412	0.10688	0.016152	2	2	77
Beam_2_2_1	24899	0.02	0.1078	0.016231	2	2	77
Beam_2_2_1	24902	0.02475	0.1078	0.016231	2	2	77
Beam_2_2_1	24901	0.0295	0.1078	0.016231	2	2	77
Beam_2_2_1	24900	0.03425	0.1078	0.016231	2	2	77
Beam_2_2_1	24898	0.039	0.1078	0.016231	2	2	77
Beam_2_2_3	16895	0.022363	0.10893	0.016456	2	2	131
Beam_2_2_3	16939	0.022363	0.10893	0.017696	2	2	131
Beam_2_2_3	16941	0.036637	0.10893	0.017696	2	2	131
Beam_2_2_3	16889	0.036637	0.10893	0.016456	2	2	131
Beam_2_2_3	16894	0.024746	0.10956	0.016914	2	2	131
Beam_2_2_3	16938	0.024747	0.10956	0.018144	2	2	131
Beam_2_2_3	16942	0.034253	0.10956	0.018144	2	2	131
Beam_2_2_3	16890	0.034254	0.10956	0.016914	2	2	131
Beam_2_2_3	16913	0.021892	0.10981	0.017095	2	2	131
Beam_2_2_3	16925	0.021892	0.10981	0.01832	2	2	131
Beam_2_2_3	16944	0.037112	0.10982	0.018329	2	2	131
Beam_2_2_3	16885	0.037113	0.10982	0.017103	2	2	131
Beam_2_2_3	16937	0.027114	0.11018	0.018579	2	2	131
Beam_2_2_3	16893	0.027114	0.11018	0.017358	2	2	131
Beam_2_2_3	16891	0.031886	0.11018	0.017358	2	2	131
Beam_2_2_3	16943	0.031886	0.11018	0.018579	2	2	131
Beam_2_2_3	16912	0.023795	0.11031	0.017449	2	2	131
Beam_2_2_3	16924	0.023795	0.11031	0.018668	2	2	131
Beam_2_2_3	16886	0.035213	0.11032	0.017456	2	2	131
Beam_2_2_3	16945	0.035213	0.11032	0.018674	2	2	131
Beam_2_2_3	16923	0.025689	0.1108	0.019007	2	2	131
Beam_2_2_3	16911	0.025689	0.1108	0.017796	2	2	131
Beam_2_2_3	16892	0.0295	0.1108	0.017796	2	2	131
Beam_2_2_3	16940	0.0295	0.1108	0.019007	2	2	131
Beam_2_2_3	16887	0.033323	0.11081	0.017801	2	2	131
Beam_2_2_3	16946	0.033323	0.11081	0.019011	2	2	131
Beam_2_2_3	16910	0.027595	0.1113	0.018138	2	2	131
Beam_2_2_3	16926	0.027595	0.1113	0.019342	2	2	131
Beam_2_2_3	16879	0.031422	0.11131	0.018141	2	2	131
Beam_2_2_3	16947	0.031422	0.11131	0.019345	2	2	131
Beam_2_2_3	16909	0.025703	0.1118	0.018471	2	2	131
Beam_2_2_3	16929	0.025703	0.1118	0.019668	2	2	131
Beam_2_2_3	16880	0.03331	0.1118	0.018473	2	2	131
Beam_2_2_3	16948	0.03331	0.1118	0.01967	2	2	131
Beam_2_2_3	16933	0.029514	0.11181	0.019673	2	2	131
Beam_2_2_3	16901	0.029514	0.11181	0.018476	2	2	131
Beam_2_2_3	16908	0.023799	0.1123	0.0188	2	2	131
Beam_2_2_3	16928	0.023799	0.1123	0.01999	2	2	131
Beam_2_2_3	16949	0.035209	0.1123	0.019992	2	2	131
Beam_2_2_3	16881	0.035209	0.1123	0.018801	2	2	131
Beam_2_2_3	16902	0.027145	0.11243	0.018883	2	2	131
Beam_2_2_3	16930	0.027145	0.11243	0.020072	2	2	131
Beam_2_2_3	16900	0.031876	0.11243	0.018883	2	2	131
Beam_2_2_3	16936	0.031876	0.11243	0.020072	2	2	131
Beam_2_2_3	16907	0.021905	0.1128	0.019121	2	2	131
Beam_2_2_3	16927	0.021905	0.1128	0.020305	2	2	131
Beam_2_2_3	16950	0.037099	0.1128	0.020306	2	2	131
Beam_2_2_3	16882	0.037099	0.1128	0.019122	2	2	131
Beam_2_2_3	16903	0.02476	0.11305	0.019283	2	2	131
Beam_2_2_3	16931	0.02476	0.11305	0.020464	2	2	131
Beam_2_2_3	16935	0.034254	0.11305	0.020464	2	2	131
Beam_2_2_3	16899	0.034254	0.11305	0.019283	2	2	131
Beam_2_2_3	16904	0.022388	0.11367	0.019672	2	2	131
Beam_2_2_3	16932	0.022388	0.11367	0.020845	2	2	131
Beam_2_2_3	16934	0.036619	0.11367	0.020845	2	2	131
Beam_2_2_3	16898	0.036619	0.11367	0.019672	2	2	131
Beam_2_2_3	24890	0.02	0.1148	0.020937	2	2	131
Beam_2_2_3	24893	0.02475	0.1148	0.020937	2	2	131
Beam_2_2_3	24892	0.0295	0.1148	0.020937	2	2	131
Beam_2_2_3	24891	0.03425	0.1148	0.020937	2	2	131
Beam_2_2_3	24889	0.039	0.1148	0.020937	2	2	131
Beam_2_2_4	18191	0.022367	0.11593	0.021013	2	2	185
Beam_2_2_4	18235	0.022367	0.11593	0.02216	2	2	185
Beam_2_2_4	18237	0.036633	0.11593	0.02216	2	2	185
Beam_2_2_4	18185	0.036633	0.11593	0.021013	2	2	185
Beam_2_2_4	18190	0.024748	0.11656	0.021363	2	2	185
Beam_2_2_4	18234	0.024748	0.11656	0.022504	2	2	185
Beam_2_2_4	18186	0.034252	0.11656	0.021363	2	2	185
Beam_2_2_4	18238	0.034252	0.11656	0.022504	2	2	185
Beam_2_2_4	18209	0.021894	0.11681	0.021502	2	2	185
Beam_2_2_4	18221	0.021894	0.11681	0.02264	2	2	185
Beam_2_2_4	18181	0.03711	0.11682	0.021508	2	2	185
Beam_2_2_4	18240	0.03711	0.11682	0.022646	2	2	185
Beam_2_2_4	18189	0.027117	0.11718	0.021704	2	2	185
Beam_2_2_4	18233	0.027117	0.11718	0.022838	2	2	185
Beam_2_2_4	18187	0.031883	0.11718	0.021704	2	2	185
Beam_2_2_4	18239	0.031883	0.11718	0.022838	2	2	185
Beam_2_2_4	18220	0.023796	0.11731	0.022906	2	2	185
Beam_2_2_4	18208	0.023796	0.11731	0.021773	2	2	185
Beam_2_2_4	18182	0.035212	0.11732	0.021778	2	2	185
Beam_2_2_4	18241	0.035212	0.11732	0.022911	2	2	185
Beam_2_2_4	18219	0.025691	0.1178	0.023166	2	2	185
Beam_2_2_4	18207	0.025691	0.1178	0.022038	2	2	185
Beam_2_2_4	18188	0.0295	0.1178	0.022038	2	2	185
Beam_2_2_4	18236	0.0295	0.1178	0.023166	2	2	185
Beam_2_2_4	18183	0.033321	0.11781	0.022042	2	2	185
Beam_2_2_4	18242	0.033321	0.11781	0.02317	2	2	185
Beam_2_2_4	18222	0.027595	0.1183	0.023423	2	2	185
Beam_2_2_4	18206	0.027595	0.1183	0.022299	2	2	185
Beam_2_2_4	18243	0.031422	0.11831	0.023425	2	2	185
Beam_2_2_4	18175	0.031422	0.11831	0.022301	2	2	185
Beam_2_2_4	18225	0.025701	0.1188	0.023673	2	2	185
Beam_2_2_4	18205	0.025701	0.1188	0.022553	2	2	185
Beam_2_2_4	18244	0.033312	0.1188	0.023674	2	2	185
Beam_2_2_4	18176	0.033312	0.1188	0.022555	2	2	185
Beam_2_2_4	18229	0.029514	0.11881	0.023676	2	2	185
Beam_2_2_4	18197	0.029514	0.11881	0.022557	2	2	185
Beam_2_2_4	18204	0.023799	0.1193	0.022804	2	2	185
Beam_2_2_4	18224	0.023799	0.1193	0.023919	2	2	185
Beam_2_2_4	18245	0.03521	0.1193	0.02392	2	2	185
Beam_2_2_4	18177	0.03521	0.1193	0.022805	2	2	185
Beam_2_2_4	18198	0.027142	0.11943	0.022867	2	2	185
Beam_2_2_4	18226	0.027142	0.11943	0.023981	2	2	185
Beam_2_2_4	18196	0.031879	0.11943	0.022867	2	2	185
Beam_2_2_4	18232	0.031879	0.11943	0.023981	2	2	185
Beam_2_2_4	18203	0.021903	0.1198	0.023049	2	2	185
Beam_2_2_4	18223	0.021903	0.1198	0.024159	2	2	185
Beam_2_2_4	18178	0.037101	0.1198	0.023049	2	2	185
Beam_2_2_4	18246	0.037101	0.1198	0.02416	2	2	185
Beam_2_2_4	18227	0.024759	0.12005	0.02428	2	2	185
Beam_2_2_4	18199	0.024759	0.12005	0.023172	2	2	185
Beam_2_2_4	18231	0.034255	0.12005	0.02428	2	2	185
Beam_2_2_4	18195	0.034255	0.12005	0.023172	2	2	185
Beam_2_2_4	18228	0.022385	0.12067	0.02457	2	2	185
Beam_2_2_4	18200	0.022385	0.12067	0.023467	2	2	185
Beam_2_2_4	18194	0.036622	0.12067	0.023467	2	2	185
Beam_2_2_4	18230	0.036622	0.12067	0.02457	2	2	185
Beam_2_2_4	24881	0.02	0.1218	0.024532	2	2	185
Beam_2_2_4	24884	0.02475	0.1218	0.024532	2	2	185
Beam_2_2_4	24883	0.0295	0.1218	0.024532	2	2	185
Beam_2_2_4	24882	0.03425	0.1218	0.024532	2	2	185
Beam_2_2_4	24880	0.039	0.1218	0.024532	2	2	185
Beam_2_2_5	19531	0.022369	0.12293	0.025565	2	2	239
Beam_2_2_5	19487	0.022369	0.12293	0.024479	2	2	239
Beam_2_2_5	19481	0.036631	0.12293	0.024479	2	2	239
Beam_2_2_5	19533	0.036631	0.12293	0.025565	2	2	239
Beam_2_2_5	19486	0.024749	0.12356	0.024742	2	2	239
Beam_2_2_5	19530	0.024749	0.12356	0.025823	2	2	239
Beam_2_2_5	19534	0.034251	0.12356	0.025823	2	2	239
Beam_2_2_5	19482	0.034251	0.12356	0.024742	2	2	239
Beam_2_2_5	19505	0.021895	0.12381	0.024845	2	2	239
Beam_2_2_5	19517	0.021895	0.12381	0.025925	2	2	239
Beam_2_2_5	19477	0.037109	0.12382	0.02485	2	2	239
Beam_2_2_5	19536	0.037109	0.12382	0.02593	2	2	239
Beam_2_2_5	19529	0.02712	0.12418	0.026074	2	2	239
Beam_2_2_5	19485	0.02712	0.12418	0.024996	2	2	239
Beam_2_2_5	19483	0.03188	0.12418	0.024996	2	2	239
Beam_2_2_5	19535	0.03188	0.12418	0.026074	2	2	239
Beam_2_2_5	19516	0.023797	0.12431	0.026124	2	2	239
Beam_2_2_5	19504	0.023797	0.12431	0.025048	2	2	239
Beam_2_2_5	19537	0.035212	0.12432	0.026128	2	2	239
Beam_2_2_5	19478	0.035212	0.12432	0.025052	2	2	239
Beam_2_2_5	19515	0.025693	0.1248	0.026318	2	2	239
Beam_2_2_5	19503	0.025693	0.1248	0.025245	2	2	239
Beam_2_2_5	19532	0.0295	0.1248	0.026318	2	2	239
Beam_2_2_5	19484	0.0295	0.1248	0.025245	2	2	239
Beam_2_2_5	19538	0.03332	0.12481	0.026321	2	2	239
Beam_2_2_5	19479	0.03332	0.12481	0.025248	2	2	239
Beam_2_2_5	19518	0.027595	0.1253	0.026509	2	2	239
Beam_2_2_5	19502	0.027595	0.1253	0.025439	2	2	239
Beam_2_2_5	19471	0.031422	0.12531	0.025441	2	2	239
Beam_2_2_5	19539	0.031422	0.12531	0.02651	2	2	239
Beam_2_2_5	19501	0.025699	0.1258	0.025627	2	2	239
Beam_2_2_5	19521	0.025699	0.1258	0.026694	2	2	239
Beam_2_2_5	19472	0.033313	0.1258	0.025629	2	2	239
Beam_2_2_5	19540	0.033313	0.1258	0.026695	2	2	239
Beam_2_2_5	19493	0.029514	0.12581	0.02563	2	2	239
Beam_2_2_5	19525	0.029514	0.12581	0.026696	2	2	239
Beam_2_2_5	19520	0.023798	0.1263	0.026876	2	2	239
Beam_2_2_5	19500	0.023798	0.1263	0.025812	2	2	239
Beam_2_2_5	19473	0.03521	0.1263	0.025813	2	2	239
Beam_2_2_5	19541	0.03521	0.1263	0.026877	2	2	239
Beam_2_2_5	19494	0.02714	0.12643	0.025859	2	2	239
Beam_2_2_5	19522	0.02714	0.12643	0.026922	2	2	239
Beam_2_2_5	19528	0.031881	0.12643	0.026922	2	2	239
Beam_2_2_5	19492	0.031881	0.12643	0.025859	2	2	239
Beam_2_2_5	19519	0.021902	0.1268	0.027053	2	2	239
Beam_2_2_5	19499	0.021902	0.1268	0.025992	2	2	239
Beam_2_2_5	19474	0.037103	0.1268	0.025992	2	2	239
Beam_2_2_5	19542	0.037103	0.1268	0.027053	2	2	239
Beam_2_2_5	19523	0.024758	0.12705	0.027142	2	2	239
Beam_2_2_5	19495	0.024758	0.12705	0.026082	2	2	239
Beam_2_2_5	19491	0.034256	0.12705	0.026082	2	2	239
Beam_2_2_5	19527	0.034256	0.12705	0.027142	2	2	239
Beam_2_2_5	19496	0.022383	0.12767	0.026298	2	2	239
Beam_2_2_5	19524	0.022383	0.12767	0.027354	2	2	239
Beam_2_2_5	19490	0.036624	0.12767	0.026298	2	2	239
Beam_2_2_5	19526	0.036624	0.12767	0.027354	2	2	239
Beam_2_2_5	24872	0.02	0.1288	0.027198	2	2	239
Beam_2_2_5	24875	0.02475	0.1288	0.027198	2	2	239
Beam_2_2_5	24874	0.0295	0.1288	0.027198	2	2	239
Beam_2_2_5	24873	0.03425	0.1288	0.027198	2	2	239
Beam_2_2_5	24871	0.039	0.1288	0.027198	2	2	239
Beam_2_2_6	20801	0.022371	0.12993	0.027027	2	2	293
Beam_2_2_6	20813	0.022371	0.12993	0.028072	2	2	293
Beam_2_2_6	20815	0.036629	0.12993	0.028072	2	2	293
Beam_2_2_6	20795	0.036629	0.12993	0.027027	2	2	293
Beam_2_2_6	20812	0.024749	0.13056	0.028256	2	2	293
Beam_2_2_6	20800	0.024749	0.13056	0.027214	2	2	293
Beam_2_2_6	20796	0.034251	0.13056	0.027214	2	2	293
Beam_2_2_6	20816	0.034251	0.13056	0.028256	2	2	293
Beam_2_2_6	20783	0.021896	0.13081	0.027287	2	2	293
Beam_2_2_6	20827	0.021896	0.13081	0.028328	2	2	293
Beam_2_2_6	20818	0.037108	0.13082	0.028331	2	2	293
Beam_2_2_6	20791	0.037108	0.13082	0.027291	2	2	293
Beam_2_2_6	20811	0.027121	0.13118	0.028432	2	2	293
Beam_2_2_6	20799	0.027121	0.13118	0.027394	2	2	293
Beam_2_2_6	20797	0.031879	0.13118	0.027394	2	2	293
Beam_2_2_6	20817	0.031879	0.13118	0.028432	2	2	293
Beam_2_2_6	20782	0.023797	0.13131	0.02743	2	2	293
Beam_2_2_6	20826	0.023797	0.13131	0.028468	2	2	293
Beam_2_2_6	20819	0.035212	0.13132	0.028471	2	2	293
Beam_2_2_6	20792	0.035212	0.13132	0.027432	2	2	293
Beam_2_2_6	20825	0.025694	0.1318	0.028604	2	2	293
Beam_2_2_6	20781	0.025694	0.1318	0.027568	2	2	293
Beam_2_2_6	20814	0.0295	0.1318	0.028604	2	2	293
Beam_2_2_6	20798	0.0295	0.1318	0.027567	2	2	293
Beam_2_2_6	20820	0.033319	0.13181	0.028606	2	2	293
Beam_2_2_6	20793	0.033319	0.13181	0.02757	2	2	293
Beam_2_2_6	20780	0.027595	0.1323	0.027702	2	2	293
Beam_2_2_6	20828	0.027595	0.1323	0.028736	2	2	293
Beam_2_2_6	20785	0.031422	0.13231	0.027703	2	2	293
Beam_2_2_6	20821	0.031422	0.13231	0.028737	2	2	293
Beam_2_2_6	20779	0.025698	0.1328	0.027832	2	2	293
Beam_2_2_6	20831	0.025698	0.1328	0.028864	2	2	293
Beam_2_2_6	20822	0.033314	0.1328	0.028865	2	2	293
Beam_2_2_6	20786	0.033314	0.1328	0.027833	2	2	293
Beam_2_2_6	20771	0.029514	0.13281	0.027834	2	2	293
Beam_2_2_6	20835	0.029514	0.13281	0.028866	2	2	293
Beam_2_2_6	20830	0.023798	0.1333	0.028989	2	2	293
Beam_2_2_6	20778	0.023798	0.1333	0.027959	2	2	293
Beam_2_2_6	20787	0.035211	0.1333	0.027959	2	2	293
Beam_2_2_6	20823	0.035211	0.1333	0.028989	2	2	293
Beam_2_2_6	20772	0.027139	0.13343	0.027991	2	2	293
Beam_2_2_6	20832	0.027139	0.13343	0.02902	2	2	293
Beam_2_2_6	20770	0.031882	0.13343	0.027991	2	2	293
Beam_2_2_6	20838	0.031882	0.13343	0.02902	2	2	293
Beam_2_2_6	20829	0.021901	0.1338	0.029109	2	2	293
Beam_2_2_6	20777	0.021901	0.1338	0.028081	2	2	293
Beam_2_2_6	20824	0.037104	0.1338	0.02911	2	2	293
Beam_2_2_6	20788	0.037104	0.1338	0.028081	2	2	293
Beam_2_2_6	20833	0.024758	0.13405	0.029169	2	2	293
Beam_2_2_6	20773	0.024758	0.13405	0.028142	2	2	293
Beam_2_2_6	20769	0.034256	0.13405	0.028142	2	2	293
Beam_2_2_6	20837	0.034256	0.13405	0.029169	2	2	293
Beam_2_2_6	20774	0.022381	0.13467	0.028286	2	2	293
Beam_2_2_6	20834	0.022381	0.13467	0.029312	2	2	293
Beam_2_2_6	20768	0.036626	0.13467	0.028286	2	2	293
Beam_2_2_6	20836	0.036626	0.13467	0.029312	2	2	293
Beam_2_2_6	24863	0.02	0.1358	0.029044	2	2	293
Beam_2_2_6	24866	0.02475	0.1358	0.029044	2	2	293
Beam_2_2_6	24865	0.0295	0.1358	0.029044	2	2	293
Beam_2_2_6	24864	0.03425	0.1358	0.029044	2	2	293
Beam_2_2_6	24862	0.039	0.1358	0.029044	2	2	293
Beam_2_2_7	22097	0.022373	0.13693	0.028762	2	2	347
Beam_2_2_7	22109	0.022373	0.13693	0.02978	2	2	347
Beam_2_2_7	22111	0.036627	0.13693	0.02978	2	2	347
Beam_2_2_7	22091	0.036627	0.13693	0.028762	2	2	347
Beam_2_2_7	22108	0.024749	0.13756	0.029895	2	2	347
Beam_2_2_7	22096	0.024749	0.13756	0.028879	2	2	347
Beam_2_2_7	22092	0.034251	0.13756	0.028879	2	2	347
Beam_2_2_7	22112	0.034251	0.13756	0.029895	2	2	347
Beam_2_2_7	22123	0.021897	0.13781	0.02994	2	2	347
Beam_2_2_7	22079	0.021897	0.13781	0.028924	2	2	347
Beam_2_2_7	22114	0.037107	0.13782	0.029942	2	2	347
Beam_2_2_7	22087	0.037107	0.13782	0.028927	2	2	347
Beam_2_2_7	22107	0.027123	0.13818	0.030005	2	2	347
Beam_2_2_7	22095	0.027123	0.13818	0.02899	2	2	347
Beam_2_2_7	22093	0.031877	0.13818	0.02899	2	2	347
Beam_2_2_7	22113	0.031877	0.13818	0.030005	2	2	347
Beam_2_2_7	22122	0.023797	0.13831	0.030027	2	2	347
Beam_2_2_7	22078	0.023797	0.13831	0.029012	2	2	347
Beam_2_2_7	22115	0.035211	0.13832	0.030028	2	2	347
Beam_2_2_7	22088	0.035211	0.13832	0.029014	2	2	347
Beam_2_2_7	22077	0.025695	0.1388	0.029096	2	2	347
Beam_2_2_7	22121	0.025695	0.1388	0.030109	2	2	347
Beam_2_2_7	22094	0.0295	0.1388	0.029096	2	2	347
Beam_2_2_7	22110	0.0295	0.1388	0.030109	2	2	347
Beam_2_2_7	22089	0.033318	0.13881	0.029097	2	2	347
Beam_2_2_7	22116	0.033318	0.13881	0.03011	2	2	347
Beam_2_2_7	22124	0.027595	0.1393	0.030188	2	2	347
Beam_2_2_7	22076	0.027595	0.1393	0.029176	2	2	347
Beam_2_2_7	22081	0.031422	0.13931	0.029177	2	2	347
Beam_2_2_7	22117	0.031422	0.13931	0.030189	2	2	347
Beam_2_2_7	22075	0.025697	0.1398	0.029252	2	2	347
Beam_2_2_7	22127	0.025697	0.1398	0.030263	2	2	347
Beam_2_2_7	22118	0.033315	0.1398	0.030264	2	2	347
Beam_2_2_7	22082	0.033315	0.1398	0.029253	2	2	347
Beam_2_2_7	22067	0.029514	0.13981	0.029253	2	2	347
Beam_2_2_7	22131	0.029514	0.13981	0.030264	2	2	347
Beam_2_2_7	22126	0.023798	0.1403	0.030335	2	2	347
Beam_2_2_7	22074	0.023798	0.1403	0.029325	2	2	347
Beam_2_2_7	22119	0.035211	0.1403	0.030335	2	2	347
Beam_2_2_7	22083	0.035211	0.1403	0.029325	2	2	347
Beam_2_2_7	22068	0.027137	0.14043	0.029343	2	2	347
Beam_2_2_7	22128	0.027137	0.14043	0.030353	2	2	347
Beam_2_2_7	22134	0.031884	0.14043	0.030353	2	2	347
Beam_2_2_7	22066	0.031884	0.14043	0.029343	2	2	347
Beam_2_2_7	22125	0.0219	0.1408	0.030403	2	2	347
Beam_2_2_7	22073	0.0219	0.1408	0.029394	2	2	347
Beam_2_2_7	22120	0.037104	0.1408	0.030403	2	2	347
Beam_2_2_7	22084	0.037104	0.1408	0.029394	2	2	347
Beam_2_2_7	22069	0.024757	0.14105	0.029427	2	2	347
Beam_2_2_7	22129	0.024757	0.14105	0.030436	2	2	347
Beam_2_2_7	22133	0.034257	0.14105	0.030436	2	2	347
Beam_2_2_7	22065	0.034257	0.14105	0.029427	2	2	347
Beam_2_2_7	22130	0.02238	0.14167	0.030513	2	2	347
Beam_2_2_7	22070	0.02238	0.14167	0.029506	2	2	347
Beam_2_2_7	22132	0.036627	0.14167	0.030513	2	2	347
Beam_2_2_7	22064	0.036627	0.14167	0.029506	2	2	347
Beam_2_2_7	24854	0.02	0.1428	0.030136	2	2	347
Beam_2_2_7	24857	0.02475	0.1428	0.030136	2	2	347
Beam_2_2_7	24856	0.0295	0.1428	0.030136	2	2	347
Beam_2_2_7	24855	0.03425	0.1428	0.030136	2	2	347
Beam_2_2_7	24853	0.039	0.1428	0.030136	2	2	347
Beam_2_2_8	23393	0.022374	0.14393	0.029743	2	2	401
Beam_2_2_8	23405	0.022374	0.14393	0.030747	2	2	401
Beam_2_2_8	23407	0.036626	0.14393	0.030747	2	2	401
Beam_2_2_8	23387	0.036626	0.14393	0.029743	2	2	401
Beam_2_2_8	23404	0.02475	0.14456	0.030798	2	2	401
Beam_2_2_8	23392	0.02475	0.14456	0.029795	2	2	401
Beam_2_2_8	23388	0.03425	0.14456	0.029795	2	2	401
Beam_2_2_8	23408	0.03425	0.14456	0.030798	2	2	401
Beam_2_2_8	23419	0.021898	0.14481	0.030817	2	2	401
Beam_2_2_8	23375	0.021898	0.14481	0.029815	2	2	401
Beam_2_2_8	23383	0.037106	0.14482	0.029816	2	2	401
Beam_2_2_8	23410	0.037106	0.14482	0.030818	2	2	401
Beam_2_2_8	23391	0.027124	0.14518	0.029842	2	2	401
Beam_2_2_8	23403	0.027124	0.14518	0.030844	2	2	401
Beam_2_2_8	23389	0.031876	0.14518	0.029842	2	2	401
Beam_2_2_8	23409	0.031876	0.14518	0.030844	2	2	401
Beam_2_2_8	23374	0.023797	0.14531	0.02985	2	2	401
Beam_2_2_8	23418	0.023797	0.14531	0.030853	2	2	401
Beam_2_2_8	23411	0.035211	0.14532	0.030853	2	2	401
Beam_2_2_8	23384	0.035211	0.14532	0.029851	2	2	401
Beam_2_2_8	23417	0.025696	0.1458	0.030884	2	2	401
Beam_2_2_8	23373	0.025696	0.1458	0.029883	2	2	401
Beam_2_2_8	23406	0.0295	0.1458	0.030884	2	2	401
Beam_2_2_8	23390	0.0295	0.1458	0.029882	2	2	401
Beam_2_2_8	23412	0.033317	0.14581	0.030885	2	2	401
Beam_2_2_8	23385	0.033317	0.14581	0.029883	2	2	401
Beam_2_2_8	23420	0.027595	0.1463	0.030913	2	2	401
Beam_2_2_8	23372	0.027595	0.1463	0.029911	2	2	401
Beam_2_2_8	23413	0.031422	0.14631	0.030913	2	2	401
Beam_2_2_8	23377	0.031422	0.14631	0.029911	2	2	401
Beam_2_2_8	23371	0.025697	0.1468	0.029936	2	2	401
Beam_2_2_8	23423	0.025697	0.1468	0.030937	2	2	401
Beam_2_2_8	23378	0.033316	0.1468	0.029936	2	2	401
Beam_2_2_8	23414	0.033316	0.1468	0.030937	2	2	401
Beam_2_2_8	23427	0.029514	0.14681	0.030937	2	2	401
Beam_2_2_8	23363	0.029514	0.14681	0.029936	2	2	401
Beam_2_2_8	23422	0.023798	0.1473	0.030958	2	2	401
Beam_2_2_8	23370	0.023798	0.1473	0.029957	2	2	401
Beam_2_2_8	23415	0.035211	0.1473	0.030958	2	2	401
Beam_2_2_8	23379	0.035211	0.1473	0.029957	2	2	401
Beam_2_2_8	23424	0.027136	0.14743	0.030963	2	2	401
Beam_2_2_8	23364	0.027136	0.14743	0.029962	2	2	401
Beam_2_2_8	23430	0.031885	0.14743	0.030963	2	2	401
Beam_2_2_8	23362	0.031885	0.14743	0.029962	2	2	401
Beam_2_2_8	23369	0.021899	0.1478	0.029975	2	2	401
Beam_2_2_8	23421	0.021899	0.1478	0.030976	2	2	401
Beam_2_2_8	23416	0.037105	0.1478	0.030976	2	2	401
Beam_2_2_8	23380	0.037105	0.1478	0.029975	2	2	401
Beam_2_2_8	23365	0.024757	0.14805	0.029983	2	2	401
Beam_2_2_8	23425	0.024757	0.14805	0.030983	2	2	401
Beam_2_2_8	23361	0.034257	0.14805	0.029983	2	2	401
Beam_2_2_8	23429	0.034257	0.14805	0.030983	2	2	401
Beam_2_2_8	23366	0.022379	0.14867	0.029997	2	2	401
Beam_2_2_8	23426	0.022379	0.14867	0.030998	2	2	401
Beam_2_2_8	23360	0.036628	0.14867	0.029997	2	2	401
Beam_2_2_8	23428	0.036628	0.14867	0.030998	2	2	401
Beam_2_2_8	24971	0.02	0.1498	0.030509	2	2	401
Beam_2_2_8	24974	0.02475	0.1498	0.030509	2	2	401
Beam_2_2_8	24973	0.0295	0.1498	0.030509	2	2	401
Beam_2_2_8	24972	0.03425	0.1498	0.030509	2	2	401
Beam_2_2_8	24970	0.039	0.1498	0.030509	2	2	401
Beam_2_2_9	24074	0.022375	0.15093	0.031004	2	2	428
Beam_2_2_9	24014	0.022375	0.15093	0.030004	2	2	428
Beam_2_2_9	24076	0.036625	0.15093	0.031004	2	2	428
Beam_2_2_9	24008	0.036625	0.15093	0.030004	2	2	428
Beam_2_2_9	24073	0.02475	0.15156	0.030993	2	2	428
Beam_2_2_9	24013	0.02475	0.15156	0.029993	2	2	428
Beam_2_2_9	24009	0.03425	0.15156	0.029993	2	2	428
Beam_2_2_9	24077	0.03425	0.15156	0.030993	2	2	428
Beam_2_2_9	24032	0.021899	0.15181	0.029987	2	2	428
Beam_2_2_9	24060	0.021899	0.15181	0.030987	2	2	428
Beam_2_2_9	24065	0.037105	0.15182	0.030987	2	2	428
Beam_2_2_9	24022	0.037105	0.15182	0.029986	2	2	428
Beam_2_2_9	24072	0.027125	0.15218	0.030976	2	2	428
Beam_2_2_9	24012	0.027125	0.15218	0.029976	2	2	428
Beam_2_2_9	24010	0.031875	0.15218	0.029976	2	2	428
Beam_2_2_9	24078	0.031875	0.15218	0.030976	2	2	428
Beam_2_2_9	24031	0.023798	0.15231	0.029972	2	2	428
Beam_2_2_9	24059	0.023798	0.15231	0.030972	2	2	428
Beam_2_2_9	24023	0.035211	0.15232	0.029971	2	2	428
Beam_2_2_9	24066	0.035211	0.15232	0.030972	2	2	428
Beam_2_2_9	24030	0.025696	0.1528	0.029953	2	2	428
Beam_2_2_9	24058	0.025696	0.1528	0.030954	2	2	428
Beam_2_2_9	24075	0.0295	0.1528	0.030954	2	2	428
Beam_2_2_9	24011	0.0295	0.1528	0.029953	2	2	428
Beam_2_2_9	24067	0.033316	0.15281	0.030954	2	2	428
Beam_2_2_9	24024	0.033316	0.15281	0.029953	2	2	428
Beam_2_2_9	24029	0.027595	0.1533	0.029931	2	2	428
Beam_2_2_9	24061	0.027595	0.1533	0.030932	2	2	428
Beam_2_2_9	24068	0.031422	0.15331	0.030932	2	2	428
Beam_2_2_9	24016	0.031422	0.15331	0.029931	2	2	428
Beam_2_2_9	24028	0.025696	0.1538	0.029905	2	2	428
Beam_2_2_9	24064	0.025696	0.1538	0.030907	2	2	428
Beam_2_2_9	24069	0.033317	0.1538	0.030907	2	2	428
Beam_2_2_9	24017	0.033317	0.1538	0.029905	2	2	428
Beam_2_2_9	24038	0.029514	0.15381	0.029905	2	2	428
Beam_2_2_9	24054	0.029514	0.15381	0.030907	2	2	428
Beam_2_2_9	24027	0.023797	0.1543	0.029876	2	2	428
Beam_2_2_9	24063	0.023797	0.1543	0.030878	2	2	428
Beam_2_2_9	24018	0.035211	0.1543	0.029876	2	2	428
Beam_2_2_9	24070	0.035211	0.1543	0.030878	2	2	428
Beam_2_2_9	24051	0.027135	0.15443	0.03087	2	2	428
Beam_2_2_9	24039	0.027135	0.15443	0.029868	2	2	428
Beam_2_2_9	24037	0.031886	0.15443	0.029868	2	2	428
Beam_2_2_9	24057	0.031886	0.15443	0.03087	2	2	428
Beam_2_2_9	24026	0.021898	0.1548	0.029843	2	2	428
Beam_2_2_9	24062	0.021898	0.1548	0.030846	2	2	428
Beam_2_2_9	24071	0.037106	0.1548	0.030845	2	2	428
Beam_2_2_9	24019	0.037106	0.1548	0.029843	2	2	428
Beam_2_2_9	24052	0.024757	0.15505	0.030828	2	2	428
Beam_2_2_9	24040	0.024757	0.15505	0.029825	2	2	428
Beam_2_2_9	24036	0.034257	0.15505	0.029825	2	2	428
Beam_2_2_9	24056	0.034257	0.15505	0.030828	2	2	428
Beam_2_2_9	24041	0.022378	0.15567	0.029776	2	2	428
Beam_2_2_9	24053	0.022378	0.15567	0.03078	2	2	428
Beam_2_2_9	24055	0.03663	0.15567	0.03078	2	2	428
Beam_2_2_9	24035	0.03663	0.15567	0.029776	2	2	428
Beam_2_2_9	24998	0.02	0.1568	0.030176	2	2	428
Beam_2_2_9	25001	0.02475	0.1568	0.030176	2	2	428
Beam_2_2_9	25000	0.0295	0.1568	0.030176	2	2	428
Beam_2_2_9	24999	0.03425	0.1568	0.030176	2	2	428
Beam_2_2_9	24997	0.039	0.1568	0.030176	2	2	428
Beam_2_2_10	22745	0.022376	0.15793	0.029553	2	2	374
Beam_2_2_10	22757	0.022376	0.15793	0.030559	2	2	374
Beam_2_2_10	22759	0.036624	0.15793	0.030559	2	2	374
Beam_2_2_10	22739	0.036624	0.15793	0.029553	2	2	374
Beam_2_2_10	22744	0.02475	0.15856	0.029478	2	2	374
Beam_2_2_10	22756	0.02475	0.15856	0.030485	2	2	374
Beam_2_2_10	22760	0.03425	0.15856	0.030485	2	2	374
Beam_2_2_10	22740	0.03425	0.15856	0.029478	2	2	374
Beam_2_2_10	22727	0.0219	0.15881	0.029446	2	2	374
Beam_2_2_10	22771	0.0219	0.15881	0.030454	2	2	374
Beam_2_2_10	22735	0.037104	0.15882	0.029444	2	2	374
Beam_2_2_10	22762	0.037105	0.15882	0.030452	2	2	374
Beam_2_2_10	22743	0.027127	0.15918	0.029397	2	2	374
Beam_2_2_10	22755	0.027127	0.15918	0.030406	2	2	374
Beam_2_2_10	22761	0.031873	0.15918	0.030406	2	2	374
Beam_2_2_10	22741	0.031873	0.15918	0.029397	2	2	374
Beam_2_2_10	22770	0.023798	0.15931	0.030389	2	2	374
Beam_2_2_10	22726	0.023798	0.15931	0.02938	2	2	374
Beam_2_2_10	22736	0.035211	0.15932	0.029378	2	2	374
Beam_2_2_10	22763	0.035211	0.15932	0.030388	2	2	374
Beam_2_2_10	22758	0.0295	0.1598	0.03032	2	2	374
Beam_2_2_10	22742	0.0295	0.1598	0.02931	2	2	374
Beam_2_2_10	22769	0.025697	0.15981	0.03032	2	2	374
Beam_2_2_10	22725	0.025697	0.15981	0.02931	2	2	374
Beam_2_2_10	22737	0.033315	0.15981	0.029309	2	2	374
Beam_2_2_10	22764	0.033315	0.15981	0.030319	2	2	374
Beam_2_2_10	22772	0.027595	0.1603	0.030248	2	2	374
Beam_2_2_10	22724	0.027595	0.1603	0.029237	2	2	374
Beam_2_2_10	22765	0.031422	0.16031	0.030247	2	2	374
Beam_2_2_10	22729	0.031422	0.16031	0.029236	2	2	374
Beam_2_2_10	22775	0.025695	0.1608	0.030172	2	2	374
Beam_2_2_10	22723	0.025695	0.1608	0.029159	2	2	374
Beam_2_2_10	22779	0.029514	0.16081	0.030171	2	2	374
Beam_2_2_10	22715	0.029514	0.16081	0.029159	2	2	374
Beam_2_2_10	22730	0.033318	0.16081	0.029159	2	2	374
Beam_2_2_10	22766	0.033318	0.16081	0.030171	2	2	374
Beam_2_2_10	22774	0.023797	0.1613	0.030092	2	2	374
Beam_2_2_10	22722	0.023797	0.1613	0.029079	2	2	374
Beam_2_2_10	22767	0.035211	0.1613	0.030092	2	2	374
Beam_2_2_10	22731	0.035211	0.1613	0.029078	2	2	374
Beam_2_2_10	22776	0.027133	0.16143	0.030071	2	2	374
Beam_2_2_10	22716	0.027133	0.16143	0.029057	2	2	374
Beam_2_2_10	22714	0.031888	0.16143	0.029057	2	2	374
Beam_2_2_10	22782	0.031888	0.16143	0.030071	2	2	374
Beam_2_2_10	22721	0.021897	0.1618	0.028994	2	2	374
Beam_2_2_10	22773	0.021897	0.1618	0.030009	2	2	374
Beam_2_2_10	22732	0.037107	0.1618	0.028994	2	2	374
Beam_2_2_10	22768	0.037107	0.1618	0.030009	2	2	374
Beam_2_2_10	22777	0.024757	0.16205	0.029965	2	2	374
Beam_2_2_10	22717	0.024757	0.16205	0.02895	2	2	374
Beam_2_2_10	22713	0.034258	0.16205	0.02895	2	2	374
Beam_2_2_10	22781	0.034258	0.16205	0.029965	2	2	374
Beam_2_2_10	22718	0.022376	0.16267	0.028836	2	2	374
Beam_2_2_10	22778	0.022376	0.16267	0.029853	2	2	374
Beam_2_2_10	22780	0.036631	0.16267	0.029853	2	2	374
Beam_2_2_10	22712	0.036631	0.16267	0.028836	2	2	374
Beam_2_2_10	25025	0.02	0.1638	0.029125	2	2	374
Beam_2_2_10	25028	0.02475	0.1638	0.029125	2	2	374
Beam_2_2_10	25027	0.0295	0.1638	0.029125	2	2	374
Beam_2_2_10	25026	0.03425	0.1638	0.029125	2	2	374
Beam_2_2_10	25024	0.039	0.1638	0.029125	2	2	374
Beam_2_2_11	21449	0.022378	0.16493	0.028375	2	2	320
Beam_2_2_11	21461	0.022378	0.16493	0.029399	2	2	320
Beam_2_2_11	21443	0.036622	0.16493	0.028375	2	2	320
Beam_2_2_11	21463	0.036622	0.16493	0.029399	2	2	320
Beam_2_2_11	21460	0.024751	0.16556	0.02926	2	2	320
Beam_2_2_11	21448	0.024751	0.16556	0.028234	2	2	320
Beam_2_2_11	21464	0.034249	0.16556	0.02926	2	2	320
Beam_2_2_11	21444	0.034249	0.16556	0.028234	2	2	320
Beam_2_2_11	21475	0.021901	0.16581	0.029202	2	2	320
Beam_2_2_11	21431	0.021901	0.16581	0.028175	2	2	320
Beam_2_2_11	21439	0.037104	0.16582	0.028172	2	2	320
Beam_2_2_11	21466	0.037104	0.16582	0.029199	2	2	320
Beam_2_2_11	21459	0.027128	0.16618	0.029114	2	2	320
Beam_2_2_11	21447	0.027128	0.16618	0.028086	2	2	320
Beam_2_2_11	21465	0.031872	0.16618	0.029114	2	2	320
Beam_2_2_11	21445	0.031872	0.16618	0.028086	2	2	320
Beam_2_2_11	21474	0.023798	0.16631	0.029084	2	2	320
Beam_2_2_11	21430	0.023798	0.16631	0.028056	2	2	320
Beam_2_2_11	21440	0.035211	0.16632	0.028053	2	2	320
Beam_2_2_11	21467	0.035211	0.16632	0.029082	2	2	320
Beam_2_2_11	21462	0.0295	0.1668	0.028964	2	2	320
Beam_2_2_11	21446	0.0295	0.1668	0.027933	2	2	320
Beam_2_2_11	21473	0.025698	0.16681	0.028963	2	2	320
Beam_2_2_11	21429	0.025698	0.16681	0.027932	2	2	320
Beam_2_2_11	21441	0.033315	0.16681	0.027931	2	2	320
Beam_2_2_11	21468	0.033315	0.16681	0.028961	2	2	320
Beam_2_2_11	21476	0.027595	0.1673	0.028838	2	2	320
Beam_2_2_11	21428	0.027595	0.1673	0.027805	2	2	320
Beam_2_2_11	21469	0.031422	0.16731	0.028837	2	2	320
Beam_2_2_11	21433	0.031422	0.16731	0.027804	2	2	320
Beam_2_2_11	21427	0.025694	0.1678	0.027674	2	2	320
Beam_2_2_11	21479	0.025694	0.1678	0.028709	2	2	320
Beam_2_2_11	21483	0.029514	0.16781	0.028707	2	2	320
Beam_2_2_11	21419	0.029514	0.16781	0.027673	2	2	320
Beam_2_2_11	21434	0.033319	0.16781	0.027673	2	2	320
Beam_2_2_11	21470	0.033319	0.16781	0.028708	2	2	320
Beam_2_2_11	21426	0.023797	0.1683	0.027539	2	2	320
Beam_2_2_11	21478	0.023797	0.1683	0.028576	2	2	320
Beam_2_2_11	21435	0.035212	0.1683	0.027539	2	2	320
Beam_2_2_11	21471	0.035212	0.1683	0.028575	2	2	320
Beam_2_2_11	21480	0.027132	0.16843	0.02854	2	2	320
Beam_2_2_11	21420	0.027132	0.16843	0.027503	2	2	320
Beam_2_2_11	21486	0.031889	0.16843	0.02854	2	2	320
Beam_2_2_11	21418	0.031889	0.16843	0.027503	2	2	320
Beam_2_2_11	21425	0.021896	0.1688	0.0274	2	2	320
Beam_2_2_11	21477	0.021896	0.1688	0.028439	2	2	320
Beam_2_2_11	21436	0.037108	0.1688	0.0274	2	2	320
Beam_2_2_11	21472	0.037108	0.1688	0.028438	2	2	320
Beam_2_2_11	21421	0.024756	0.16905	0.027328	2	2	320
Beam_2_2_11	21481	0.024756	0.16905	0.028368	2	2	320
Beam_2_2_11	21485	0.034258	0.16905	0.028368	2	2	320
Beam_2_2_11	21417	0.034258	0.16905	0.027328	2	2	320
Beam_2_2_11	21422	0.022375	0.16967	0.027146	2	2	320
Beam_2_2_11	21482	0.022375	0.16967	0.028188	2	2	320
Beam_2_2_11	21484	0.036632	0.16967	0.028188	2	2	320
Beam_2_2_11	21416	0.036632	0.16967	0.027146	2	2	320
Beam_2_2_11	25052	0.02	0.1708	0.027323	2	2	320
Beam_2_2_11	25055	0.02475	0.1708	0.027323	2	2	320
Beam_2_2_11	25054	0.0295	0.1708	0.027323	2	2	320
Beam_2_2_11	25053	0.03425	0.1708	0.027323	2	2	320
Beam_2_2_11	25051	0.039	0.1708	0.027323	2	2	320
Beam_2_2_12	20165	0.022379	0.17193	0.027485	2	2	266
Beam_2_2_12	20153	0.022379	0.17193	0.026431	2	2	266
Beam_2_2_12	20147	0.036621	0.17193	0.026431	2	2	266
Beam_2_2_12	20167	0.036621	0.17193	0.027485	2	2	266
Beam_2_2_12	20164	0.024751	0.17256	0.027276	2	2	266
Beam_2_2_12	20152	0.024751	0.17256	0.026219	2	2	266
Beam_2_2_12	20148	0.034249	0.17256	0.026219	2	2	266
Beam_2_2_12	20168	0.034249	0.17256	0.027276	2	2	266
Beam_2_2_12	20179	0.021902	0.17281	0.02719	2	2	266
Beam_2_2_12	20135	0.021902	0.17281	0.026131	2	2	266
Beam_2_2_12	20143	0.037103	0.17282	0.026127	2	2	266
Beam_2_2_12	20170	0.037103	0.17282	0.027186	2	2	266
Beam_2_2_12	20151	0.02713	0.17318	0.026	2	2	266
Beam_2_2_12	20163	0.02713	0.17318	0.027061	2	2	266
Beam_2_2_12	20149	0.03187	0.17318	0.026	2	2	266
Beam_2_2_12	20169	0.03187	0.17318	0.027061	2	2	266
Beam_2_2_12	20178	0.023798	0.17331	0.027016	2	2	266
Beam_2_2_12	20134	0.023798	0.17331	0.025955	2	2	266
Beam_2_2_12	20171	0.03521	0.17332	0.027013	2	2	266
Beam_2_2_12	20144	0.03521	0.17332	0.025951	2	2	266
Beam_2_2_12	20150	0.0295	0.1738	0.025774	2	2	266
Beam_2_2_12	20166	0.0295	0.1738	0.026839	2	2	266
Beam_2_2_12	20133	0.025699	0.17381	0.025774	2	2	266
Beam_2_2_12	20177	0.025699	0.17381	0.026838	2	2	266
Beam_2_2_12	20172	0.033313	0.17381	0.026835	2	2	266
Beam_2_2_12	20145	0.033313	0.17381	0.025771	2	2	266
Beam_2_2_12	20132	0.027595	0.1743	0.025589	2	2	266
Beam_2_2_12	20180	0.027595	0.1743	0.026656	2	2	266
Beam_2_2_12	20137	0.031422	0.17431	0.025587	2	2	266
Beam_2_2_12	20173	0.031422	0.17431	0.026654	2	2	266
Beam_2_2_12	20183	0.025693	0.1748	0.026469	2	2	266
Beam_2_2_12	20131	0.025693	0.1748	0.025398	2	2	266
Beam_2_2_12	20187	0.029514	0.17481	0.026467	2	2	266
Beam_2_2_12	20123	0.029514	0.17481	0.025397	2	2	266
Beam_2_2_12	20138	0.03332	0.17481	0.025397	2	2	266
Beam_2_2_12	20174	0.03332	0.17481	0.026468	2	2	266
Beam_2_2_12	20182	0.023797	0.1753	0.026278	2	2	266
Beam_2_2_12	20130	0.023797	0.1753	0.025205	2	2	266
Beam_2_2_12	20175	0.035212	0.1753	0.026277	2	2	266
Beam_2_2_12	20139	0.035212	0.1753	0.025204	2	2	266
Beam_2_2_12	20124	0.02713	0.17543	0.025153	2	2	266
Beam_2_2_12	20184	0.02713	0.17543	0.026227	2	2	266
Beam_2_2_12	20122	0.031891	0.17543	0.025153	2	2	266
Beam_2_2_12	20190	0.031891	0.17543	0.026227	2	2	266
Beam_2_2_12	20181	0.021895	0.1758	0.026083	2	2	266
Beam_2_2_12	20129	0.021895	0.1758	0.025006	2	2	266
Beam_2_2_12	20140	0.037109	0.1758	0.025005	2	2	266
Beam_2_2_12	20176	0.037109	0.1758	0.026082	2	2	266
Beam_2_2_12	20125	0.024756	0.17605	0.024903	2	2	266
Beam_2_2_12	20185	0.024756	0.17605	0.025982	2	2	266
Beam_2_2_12	20121	0.034258	0.17605	0.024903	2	2	266
Beam_2_2_12	20189	0.034258	0.17605	0.025982	2	2	266
Beam_2_2_12	20186	0.022373	0.17668	0.025728	2	2	266
Beam_2_2_12	20126	0.022373	0.17668	0.024645	2	2	266
Beam_2_2_12	20120	0.036634	0.17668	0.024645	2	2	266
Beam_2_2_12	20188	0.036634	0.17668	0.025728	2	2	266
Beam_2_2_12	25079	0.02	0.1778	0.024705	2	2	266
Beam_2_2_12	25082	0.02475	0.1778	0.024705	2	2	266
Beam_2_2_12	25081	0.0295	0.1778	0.024705	2	2	266
Beam_2_2_12	25080	0.03425	0.1778	0.024705	2	2	266
Beam_2_2_12	25078	0.039	0.1778	0.024705	2	2	266
Beam_2_2_13	18857	0.022381	0.17893	0.02365	2	2	212
Beam_2_2_13	18869	0.022381	0.17893	0.02475	2	2	212
Beam_2_2_13	18871	0.036619	0.17893	0.02475	2	2	212
Beam_2_2_13	18851	0.036619	0.17893	0.02365	2	2	212
Beam_2_2_13	18868	0.024752	0.17956	0.024464	2	2	212
Beam_2_2_13	18856	0.024752	0.17956	0.023359	2	2	212
Beam_2_2_13	18872	0.034248	0.17956	0.024464	2	2	212
Beam_2_2_13	18852	0.034248	0.17956	0.023359	2	2	212
Beam_2_2_13	18883	0.021903	0.17981	0.024346	2	2	212
Beam_2_2_13	18839	0.021903	0.17981	0.023239	2	2	212
Beam_2_2_13	18847	0.037101	0.17982	0.023233	2	2	212
Beam_2_2_13	18874	0.037101	0.17982	0.02434	2	2	212
Beam_2_2_13	18855	0.027132	0.18018	0.023059	2	2	212
Beam_2_2_13	18867	0.027132	0.18018	0.024169	2	2	212
Beam_2_2_13	18873	0.031868	0.18018	0.024169	2	2	212
Beam_2_2_13	18853	0.031868	0.18018	0.023059	2	2	212
Beam_2_2_13	18838	0.023799	0.18031	0.022998	2	2	212
Beam_2_2_13	18882	0.023799	0.18031	0.024109	2	2	212
Beam_2_2_13	18848	0.03521	0.18032	0.022993	2	2	212
Beam_2_2_13	18875	0.03521	0.18032	0.024105	2	2	212
Beam_2_2_13	18854	0.0295	0.1808	0.022753	2	2	212
Beam_2_2_13	18870	0.0295	0.1808	0.023869	2	2	212
Beam_2_2_13	18837	0.025701	0.18081	0.022752	2	2	212
Beam_2_2_13	18881	0.025701	0.18081	0.023867	2	2	212
Beam_2_2_13	18849	0.033312	0.18081	0.022748	2	2	212
Beam_2_2_13	18876	0.033312	0.18081	0.023864	2	2	212
Beam_2_2_13	18836	0.027595	0.1813	0.022501	2	2	212
Beam_2_2_13	18884	0.027595	0.1813	0.023621	2	2	212
Beam_2_2_13	18877	0.031422	0.18131	0.023619	2	2	212
Beam_2_2_13	18841	0.031422	0.18131	0.022499	2	2	212
Beam_2_2_13	18835	0.025691	0.1818	0.022244	2	2	212
Beam_2_2_13	18887	0.025692	0.1818	0.023369	2	2	212
Beam_2_2_13	18827	0.029514	0.18181	0.022242	2	2	212
Beam_2_2_13	18891	0.029514	0.18181	0.023367	2	2	212
Beam_2_2_13	18842	0.033321	0.18181	0.022242	2	2	212
Beam_2_2_13	18878	0.033321	0.18181	0.023367	2	2	212
Beam_2_2_13	18834	0.023796	0.1823	0.021983	2	2	212
Beam_2_2_13	18886	0.023796	0.1823	0.023113	2	2	212
Beam_2_2_13	18879	0.035212	0.1823	0.023111	2	2	212
Beam_2_2_13	18843	0.035212	0.1823	0.021982	2	2	212
Beam_2_2_13	18828	0.027128	0.18243	0.021914	2	2	212
Beam_2_2_13	18888	0.027128	0.18243	0.023044	2	2	212
Beam_2_2_13	18894	0.031893	0.18243	0.023044	2	2	212
Beam_2_2_13	18826	0.031893	0.18243	0.021914	2	2	212
Beam_2_2_13	18885	0.021894	0.1828	0.02285	2	2	212
Beam_2_2_13	18833	0.021894	0.1828	0.021716	2	2	212
Beam_2_2_13	18844	0.03711	0.1828	0.021715	2	2	212
Beam_2_2_13	18880	0.03711	0.1828	0.02285	2	2	212
Beam_2_2_13	18829	0.024755	0.18305	0.021579	2	2	212
Beam_2_2_13	18889	0.024755	0.18305	0.022716	2	2	212
Beam_2_2_13	18893	0.034259	0.18305	0.022716	2	2	212
Beam_2_2_13	18825	0.034259	0.18305	0.021579	2	2	212
Beam_2_2_13	18890	0.022371	0.18368	0.022377	2	2	212
Beam_2_2_13	18830	0.022371	0.18368	0.021234	2	2	212
Beam_2_2_13	18892	0.036636	0.18368	0.022377	2	2	212
Beam_2_2_13	18824	0.036636	0.18368	0.021234	2	2	212
Beam_2_2_13	25169	0.02	0.1848	0.021166	2	2	212
Beam_2_2_13	25172	0.02475	0.1848	0.021166	2	2	212
Beam_2_2_13	25171	0.0295	0.1848	0.021166	2	2	212
Beam_2_2_13	25170	0.03425	0.1848	0.021166	2	2	212
Beam_2_2_13	25168	0.039	0.1848	0.021166	2	2	212
Beam_2_2_14	17552	0.022384	0.18594	0.019914	2	2	158
Beam_2_2_14	17580	0.022384	0.18594	0.021082	2	2	158
Beam_2_2_14	17582	0.036616	0.18594	0.021082	2	2	158
Beam_2_2_14	17546	0.036616	0.18594	0.019914	2	2	158
Beam_2_2_14	17579	0.024753	0.18656	0.020706	2	2	158
Beam_2_2_14	17551	0.024753	0.18656	0.01953	2	2	158
Beam_2_2_14	17547	0.034247	0.18656	0.01953	2	2	158
Beam_2_2_14	17583	0.034247	0.18656	0.020706	2	2	158
Beam_2_2_14	17534	0.021905	0.18681	0.019372	2	2	158
Beam_2_2_14	17594	0.021905	0.18681	0.020551	2	2	158
Beam_2_2_14	17571	0.0371	0.18682	0.020543	2	2	158
Beam_2_2_14	17560	0.0371	0.18682	0.019364	2	2	158
Beam_2_2_14	17578	0.027134	0.18718	0.020319	2	2	158
Beam_2_2_14	17550	0.027135	0.18718	0.019135	2	2	158
Beam_2_2_14	17548	0.031865	0.18718	0.019135	2	2	158
Beam_2_2_14	17584	0.031866	0.18718	0.020319	2	2	158
Beam_2_2_14	17593	0.023799	0.18731	0.02024	2	2	158
Beam_2_2_14	17533	0.023799	0.18731	0.019055	2	2	158
Beam_2_2_14	17572	0.035209	0.18732	0.020234	2	2	158
Beam_2_2_14	17561	0.035209	0.18732	0.019049	2	2	158
Beam_2_2_14	17549	0.0295	0.1878	0.018733	2	2	158
Beam_2_2_14	17581	0.0295	0.1878	0.019925	2	2	158
Beam_2_2_14	17592	0.025702	0.18781	0.019923	2	2	158
Beam_2_2_14	17532	0.025702	0.18781	0.018731	2	2	158
Beam_2_2_14	17573	0.03331	0.18781	0.019918	2	2	158
Beam_2_2_14	17562	0.03331	0.18781	0.018726	2	2	158
Beam_2_2_14	17595	0.027595	0.1883	0.019601	2	2	158
Beam_2_2_14	17531	0.027595	0.1883	0.018402	2	2	158
Beam_2_2_14	17554	0.031422	0.18831	0.0184	2	2	158
Beam_2_2_14	17574	0.031422	0.18831	0.019598	2	2	158
Beam_2_2_14	17530	0.025689	0.1888	0.018066	2	2	158
Beam_2_2_14	17598	0.02569	0.1888	0.019271	2	2	158
Beam_2_2_14	17540	0.029514	0.18881	0.018063	2	2	158
Beam_2_2_14	17588	0.029514	0.18881	0.019269	2	2	158
Beam_2_2_14	17575	0.033323	0.18881	0.019269	2	2	158
Beam_2_2_14	17555	0.033323	0.18881	0.018063	2	2	158
Beam_2_2_14	17597	0.023795	0.1893	0.018937	2	2	158
Beam_2_2_14	17529	0.023795	0.1893	0.017724	2	2	158
Beam_2_2_14	17576	0.035213	0.1893	0.018935	2	2	158
Beam_2_2_14	17556	0.035213	0.1893	0.017723	2	2	158
Beam_2_2_14	17585	0.027125	0.18943	0.018847	2	2	158
Beam_2_2_14	17541	0.027125	0.18943	0.017633	2	2	158
Beam_2_2_14	17539	0.031896	0.18943	0.017633	2	2	158
Beam_2_2_14	17591	0.031896	0.18943	0.018847	2	2	158
Beam_2_2_14	17528	0.021892	0.1898	0.017375	2	2	158
Beam_2_2_14	17596	0.021892	0.1898	0.018595	2	2	158
Beam_2_2_14	17557	0.037112	0.1898	0.017374	2	2	158
Beam_2_2_14	17577	0.037112	0.1898	0.018594	2	2	158
Beam_2_2_14	17542	0.024754	0.19005	0.017196	2	2	158
Beam_2_2_14	17586	0.024754	0.19005	0.018419	2	2	158
Beam_2_2_14	17590	0.03426	0.19005	0.018419	2	2	158
Beam_2_2_14	17538	0.034261	0.19005	0.017196	2	2	158
Beam_2_2_14	17587	0.022367	0.19068	0.017978	2	2	158
Beam_2_2_14	17543	0.022367	0.19068	0.016745	2	2	158
Beam_2_2_14	17537	0.03664	0.19068	0.016745	2	2	158
Beam_2_2_14	17589	0.03664	0.19068	0.017978	2	2	158
Beam_2_2_14	25178	0.02	0.1918	0.016529	2	2	158
Beam_2_2_14	25181	0.02475	0.1918	0.016529	2	2	158
Beam_2_2_14	25180	0.0295	0.1918	0.016529	2	2	158
Beam_2_2_14	25179	0.03425	0.1918	0.016529	2	2	158
Beam_2_2_14	25177	0.039	0.1918	0.016529	2	2	158
Beam_2_2_15	16193	0.02159	0.19273	0.015189	2	2	104
Beam_2_2_15	16207	0.02159	0.19273	0.016457	2	2	104
Beam_2_2_15	16183	0.03741	0.19273	0.015189	2	2	104
Beam_2_2_15	16209	0.03741	0.19273	0.016457	2	2	104
Beam_2_2_15	16206	0.02317	0.19314	0.016135	2	2	104
Beam_2_2_15	16192	0.023171	0.19314	0.01486	2	2	104
Beam_2_2_15	16184	0.035829	0.19314	0.01486	2	2	104
Beam_2_2_15	16210	0.03583	0.19314	0.016135	2	2	104
Beam_2_2_15	16191	0.024759	0.19356	0.014523	2	2	104
Beam_2_2_15	16205	0.024759	0.19356	0.015807	2	2	104
Beam_2_2_15	16211	0.034241	0.19356	0.015807	2	2	104
Beam_2_2_15	16185	0.034241	0.19356	0.014523	2	2	104
Beam_2_2_15	16234	0.021907	0.19381	0.015606	2	2	104
Beam_2_2_15	16158	0.021908	0.19381	0.014317	2	2	104
Beam_2_2_15	16220	0.037097	0.19382	0.015596	2	2	104
Beam_2_2_15	16176	0.037097	0.19382	0.014307	2	2	104
Beam_2_2_15	16190	0.026337	0.19397	0.014183	2	2	104
Beam_2_2_15	16204	0.026337	0.19397	0.015475	2	2	104
Beam_2_2_15	16186	0.032663	0.19397	0.014183	2	2	104
Beam_2_2_15	16212	0.032663	0.19397	0.015475	2	2	104
Beam_2_2_15	16233	0.0238	0.19431	0.015203	2	2	104
Beam_2_2_15	16157	0.023801	0.19431	0.013905	2	2	104
Beam_2_2_15	16219	0.035208	0.19432	0.015195	2	2	104
Beam_2_2_15	16175	0.035208	0.19432	0.013897	2	2	104
Beam_2_2_15	16203	0.027924	0.19439	0.015136	2	2	104
Beam_2_2_15	16189	0.027924	0.19439	0.013836	2	2	104
Beam_2_2_15	16187	0.031076	0.19439	0.013836	2	2	104
Beam_2_2_15	16213	0.031076	0.19439	0.015136	2	2	104
Beam_2_2_15	16188	0.0295	0.1948	0.013486	2	2	104
Beam_2_2_15	16208	0.0295	0.1948	0.014794	2	2	104
Beam_2_2_15	16156	0.025705	0.19481	0.013482	2	2	104
Beam_2_2_15	16232	0.025705	0.19481	0.01479	2	2	104
Beam_2_2_15	16218	0.033307	0.19481	0.014785	2	2	104
Beam_2_2_15	16174	0.033307	0.19481	0.013476	2	2	104
Beam_2_2_15	16235	0.027595	0.1953	0.014373	2	2	104
Beam_2_2_15	16155	0.027595	0.1953	0.013055	2	2	104
Beam_2_2_15	16173	0.031422	0.19531	0.013051	2	2	104
Beam_2_2_15	16217	0.031422	0.19531	0.01437	2	2	104
Beam_2_2_15	16154	0.025686	0.1958	0.012614	2	2	104
Beam_2_2_15	16238	0.025686	0.1958	0.013944	2	2	104
Beam_2_2_15	16226	0.029514	0.19581	0.013942	2	2	104
Beam_2_2_15	16166	0.029514	0.19581	0.012612	2	2	104
Beam_2_2_15	16216	0.033326	0.19581	0.013941	2	2	104
Beam_2_2_15	16181	0.033326	0.19581	0.012611	2	2	104
Beam_2_2_15	16167	0.02792	0.19622	0.012239	2	2	104
Beam_2_2_15	16221	0.02792	0.19622	0.013578	2	2	104
Beam_2_2_15	16231	0.031103	0.19622	0.013578	2	2	104
Beam_2_2_15	16165	0.031104	0.19622	0.012239	2	2	104
Beam_2_2_15	16237	0.023794	0.1963	0.01351	2	2	104
Beam_2_2_15	16153	0.023794	0.1963	0.012169	2	2	104
Beam_2_2_15	16215	0.035214	0.1963	0.013508	2	2	104
Beam_2_2_15	16180	0.035215	0.1963	0.012167	2	2	104
Beam_2_2_15	16168	0.026337	0.19664	0.011862	2	2	104
Beam_2_2_15	16222	0.026338	0.19664	0.013211	2	2	104
Beam_2_2_15	16230	0.032681	0.19664	0.013211	2	2	104
Beam_2_2_15	16164	0.032682	0.19664	0.011862	2	2	104
Beam_2_2_15	16236	0.021888	0.1968	0.013065	2	2	104
Beam_2_2_15	16152	0.021888	0.1968	0.011712	2	2	104
Beam_2_2_15	16179	0.037116	0.1968	0.011711	2	2	104
Beam_2_2_15	16214	0.037116	0.1968	0.013064	2	2	104
Beam_2_2_15	16169	0.024745	0.19705	0.011477	2	2	104
Beam_2_2_15	16223	0.024746	0.19705	0.012836	2	2	104
Beam_2_2_15	16229	0.034268	0.19705	0.012836	2	2	104
Beam_2_2_15	16163	0.034269	0.19705	0.011477	2	2	104
Beam_2_2_15	16224	0.023166	0.19747	0.012457	2	2	104
Beam_2_2_15	16170	0.023166	0.19747	0.011088	2	2	104
Beam_2_2_15	16228	0.035843	0.19747	0.012457	2	2	104
Beam_2_2_15	16162	0.035844	0.19747	0.011088	2	2	104
Beam_2_2_15	16171	0.021577	0.19788	0.010691	2	2	104
Beam_2_2_15	16225	0.021577	0.19788	0.01207	2	2	104
Beam_2_2_15	16161	0.037428	0.19788	0.010691	2	2	104
Beam_2_2_15	16227	0.037428	0.19788	0.01207	2	2	104
Beam_2_2_15	25124	0.02	0.19899	0.010367	2	2	104
Beam_2_2_15	25127	0.02475	0.19899	0.010367	2	2	104
Beam_2_2_15	25126	0.0295	0.19899	0.010367	2	2	104
Beam_2_2_15	25125	0.03425	0.19899	0.010367	2	2	104
Beam_2_2_15	25123	0.039	0.19899	0.010367	2	2	104
Beam_2_3_2	25115	0.02	0.20081	0.010193	2	3	13
Beam_2_3_2	25118	0.02475	0.20081	0.010193	2	3	13
Beam_2_3_2	25117	0.0295	0.20081	0.010193	2	3	13
Beam_2_3_2	25116	0.03425	0.20081	0.010193	2	3	13
Beam_2_3_2	25114	0.039	0.20081	0.010193	2	3	13
Beam_2_3_1	15658	0.021574	0.20172	0.010308	2	3	86
Beam_2_3_1	15683	0.021574	0.20172	0.011699	2	3	86
Beam_2_3_1	15667	0.037426	0.20172	0.011699	2	3	86
Beam_2_3_1	15662	0.037426	0.20172	0.010308	2	3	86
Beam_2_3_1	15657	0.023161	0.20214	0.010713	2	3	86
Beam_2_3_1	15682	0.023161	0.20214	0.012092	2	3	86
Beam_2_3_1	15663	0.035839	0.20214	0.010713	2	3	86
Beam_2_3_1	15668	0.035839	0.20214	0.012092	2	3	86
Beam_2_3_1	15681	0.024738	0.20255	0.012477	2	3	86
Beam_2_3_1	15656	0.024738	0.20255	0.011108	2	3	86
Beam_2_3_1	15669	0.034262	0.20255	0.012477	2	3	86
Beam_2_3_1	15664	0.034262	0.20255	0.011108	2	3	86
Beam_2_3_1	15648	0.021888	0.20281	0.011346	2	3	86
Beam_2_3_1	15692	0.021888	0.20281	0.012708	2	3	86
Beam_2_3_1	15674	0.037116	0.20282	0.012719	2	3	86
Beam_2_3_1	15659	0.037116	0.20282	0.011357	2	3	86
Beam_2_3_1	15655	0.026328	0.20297	0.0115	2	3	86
Beam_2_3_1	15680	0.026328	0.20297	0.012858	2	3	86
Beam_2_3_1	15665	0.032672	0.20297	0.0115	2	3	86
Beam_2_3_1	15670	0.032672	0.20297	0.012858	2	3	86
Beam_2_3_1	15691	0.023794	0.20331	0.01316	2	3	86
Beam_2_3_1	15647	0.023794	0.20331	0.01181	2	3	86
Beam_2_3_1	15675	0.035215	0.20332	0.013169	2	3	86
Beam_2_3_1	15660	0.035215	0.20332	0.011819	2	3	86
Beam_2_3_1	15679	0.027908	0.20339	0.013232	2	3	86
Beam_2_3_1	15654	0.027908	0.20339	0.011883	2	3	86
Beam_2_3_1	15671	0.031092	0.20339	0.013232	2	3	86
Beam_2_3_1	15666	0.031092	0.20339	0.011883	2	3	86
Beam_2_3_1	15646	0.025686	0.2038	0.012262	2	3	86
Beam_2_3_1	15690	0.025686	0.2038	0.013601	2	3	86
Beam_2_3_1	15653	0.0295	0.2038	0.012263	2	3	86
Beam_2_3_1	15673	0.0295	0.2038	0.013602	2	3	86
Beam_2_3_1	15676	0.033326	0.20381	0.013607	2	3	86
Beam_2_3_1	15661	0.033327	0.20381	0.012268	2	3	86
Beam_2_3_1	15645	0.027595	0.2043	0.012709	2	3	86
Beam_2_3_1	15693	0.027595	0.2043	0.014037	2	3	86
Beam_2_3_1	15677	0.031422	0.20431	0.01404	2	3	86
Beam_2_3_1	15623	0.031422	0.20431	0.012713	2	3	86
Beam_2_3_1	15696	0.025705	0.2048	0.01446	2	3	86
Beam_2_3_1	15644	0.025706	0.2048	0.013143	2	3	86
Beam_2_3_1	15624	0.033307	0.2048	0.013146	2	3	86
Beam_2_3_1	15708	0.033307	0.2048	0.014463	2	3	86
Beam_2_3_1	15702	0.029514	0.20481	0.014466	2	3	86
Beam_2_3_1	15628	0.029514	0.20481	0.01315	2	3	86
Beam_2_3_1	15629	0.027936	0.20522	0.013505	2	3	86
Beam_2_3_1	15703	0.027936	0.20522	0.014813	2	3	86
Beam_2_3_1	15640	0.031088	0.20522	0.013505	2	3	86
Beam_2_3_1	15701	0.031088	0.20522	0.014813	2	3	86
Beam_2_3_1	15695	0.0238	0.2053	0.014879	2	3	86
Beam_2_3_1	15643	0.023801	0.2053	0.013573	2	3	86
Beam_2_3_1	15709	0.035208	0.2053	0.014881	2	3	86
Beam_2_3_1	15625	0.035208	0.2053	0.013575	2	3	86
Beam_2_3_1	15630	0.026347	0.20564	0.013857	2	3	86
Beam_2_3_1	15704	0.026347	0.20564	0.015156	2	3	86
Beam_2_3_1	15700	0.032672	0.20564	0.015156	2	3	86
Beam_2_3_1	15639	0.032672	0.20564	0.013857	2	3	86
Beam_2_3_1	15642	0.021908	0.2058	0.013991	2	3	86
Beam_2_3_1	15694	0.021908	0.2058	0.015287	2	3	86
Beam_2_3_1	15626	0.037096	0.2058	0.013992	2	3	86
Beam_2_3_1	15710	0.037097	0.2058	0.015288	2	3	86
Beam_2_3_1	15631	0.024766	0.20605	0.014202	2	3	86
Beam_2_3_1	15705	0.024766	0.20605	0.015493	2	3	86
Beam_2_3_1	15638	0.034248	0.20605	0.014202	2	3	86
Beam_2_3_1	15699	0.034248	0.20605	0.015493	2	3	86
Beam_2_3_1	15706	0.023175	0.20647	0.015826	2	3	86
Beam_2_3_1	15632	0.023176	0.20647	0.014543	2	3	86
Beam_2_3_1	15637	0.035834	0.20647	0.014543	2	3	86
Beam_2_3_1	15698	0.035834	0.20647	0.015826	2	3	86
Beam_2_3_1	15633	0.021593	0.20688	0.014877	2	3	86
Beam_2_3_1	15707	0.021593	0.20688	0.016152	2	3	86
Beam_2_3_1	15697	0.037412	0.20688	0.016152	2	3	86
Beam_2_3_1	15636	0.037412	0.20688	0.014877	2	3	86
Beam_2_3_1	25214	0.02	0.2078	0.016231	2	3	86
Beam_2_3_1	25217	0.02475	0.2078	0.016231	2	3	86
Beam_2_3_1	25216	0.0295	0.2078	0.016231	2	3	86
Beam_2_3_1	25215	0.03425	0.2078	0.016231	2	3	86
Beam_2_3_1	25213	0.039	0.2078	0.016231	2	3	86
Beam_2_3_3	17111	0.022363	0.20893	0.016456	2	3	140
Beam_2_3_3	17155	0.022363	0.20893	0.017696	2	3	140
Beam_2_3_3	17105	0.036637	0.20893	0.016456	2	3	140
Beam_2_3_3	17157	0.036637	0.20893	0.017696	2	3	140
Beam_2_3_3	17110	0.024746	0.20956	0.016914	2	3	140
Beam_2_3_3	17154	0.024747	0.20956	0.018144	2	3	140
Beam_2_3_3	17158	0.034253	0.20956	0.018144	2	3	140
Beam_2_3_3	17106	0.034254	0.20956	0.016914	2	3	140
Beam_2_3_3	17141	0.021892	0.20981	0.01832	2	3	140
Beam_2_3_3	17129	0.021892	0.20981	0.017095	2	3	140
Beam_2_3_3	17160	0.037112	0.20982	0.018329	2	3	140
Beam_2_3_3	17101	0.037113	0.20982	0.017103	2	3	140
Beam_2_3_3	17109	0.027114	0.21018	0.017358	2	3	140
Beam_2_3_3	17153	0.027114	0.21018	0.018579	2	3	140
Beam_2_3_3	17159	0.031886	0.21018	0.018579	2	3	140
Beam_2_3_3	17107	0.031886	0.21018	0.017358	2	3	140
Beam_2_3_3	17140	0.023795	0.21031	0.018668	2	3	140
Beam_2_3_3	17128	0.023795	0.21031	0.017449	2	3	140
Beam_2_3_3	17102	0.035213	0.21032	0.017456	2	3	140
Beam_2_3_3	17161	0.035213	0.21032	0.018674	2	3	140
Beam_2_3_3	17127	0.025689	0.2108	0.017796	2	3	140
Beam_2_3_3	17139	0.025689	0.2108	0.019007	2	3	140
Beam_2_3_3	17108	0.0295	0.2108	0.017796	2	3	140
Beam_2_3_3	17156	0.0295	0.2108	0.019007	2	3	140
Beam_2_3_3	17162	0.033323	0.21081	0.019011	2	3	140
Beam_2_3_3	17103	0.033323	0.21081	0.017801	2	3	140
Beam_2_3_3	17126	0.027595	0.2113	0.018138	2	3	140
Beam_2_3_3	17142	0.027595	0.2113	0.019342	2	3	140
Beam_2_3_3	17095	0.031422	0.21131	0.018141	2	3	140
Beam_2_3_3	17163	0.031422	0.21131	0.019345	2	3	140
Beam_2_3_3	17125	0.025703	0.2118	0.018471	2	3	140
Beam_2_3_3	17145	0.025703	0.2118	0.019668	2	3	140
Beam_2_3_3	17164	0.03331	0.2118	0.01967	2	3	140
Beam_2_3_3	17096	0.03331	0.2118	0.018473	2	3	140
Beam_2_3_3	17117	0.029514	0.21181	0.018476	2	3	140
Beam_2_3_3	17149	0.029514	0.21181	0.019673	2	3	140
Beam_2_3_3	17144	0.023799	0.2123	0.01999	2	3	140
Beam_2_3_3	17124	0.023799	0.2123	0.0188	2	3	140
Beam_2_3_3	17097	0.035209	0.2123	0.018801	2	3	140
Beam_2_3_3	17165	0.035209	0.2123	0.019992	2	3	140
Beam_2_3_3	17146	0.027145	0.21243	0.020072	2	3	140
Beam_2_3_3	17118	0.027145	0.21243	0.018883	2	3	140
Beam_2_3_3	17116	0.031876	0.21243	0.018883	2	3	140
Beam_2_3_3	17152	0.031876	0.21243	0.020072	2	3	140
Beam_2_3_3	17143	0.021905	0.2128	0.020305	2	3	140
Beam_2_3_3	17123	0.021905	0.2128	0.019121	2	3	140
Beam_2_3_3	17098	0.037099	0.2128	0.019122	2	3	140
Beam_2_3_3	17166	0.037099	0.2128	0.020306	2	3	140
Beam_2_3_3	17147	0.02476	0.21305	0.020464	2	3	140
Beam_2_3_3	17119	0.02476	0.21305	0.019283	2	3	140
Beam_2_3_3	17151	0.034254	0.21305	0.020464	2	3	140
Beam_2_3_3	17115	0.034254	0.21305	0.019283	2	3	140
Beam_2_3_3	17120	0.022388	0.21367	0.019672	2	3	140
Beam_2_3_3	17148	0.022388	0.21367	0.020845	2	3	140
Beam_2_3_3	17114	0.036619	0.21367	0.019672	2	3	140
Beam_2_3_3	17150	0.036619	0.21367	0.020845	2	3	140
Beam_2_3_3	25367	0.02	0.2148	0.020937	2	3	140
Beam_2_3_3	25370	0.02475	0.2148	0.020937	2	3	140
Beam_2_3_3	25369	0.0295	0.2148	0.020937	2	3	140
Beam_2_3_3	25368	0.03425	0.2148	0.020937	2	3	140
Beam_2_3_3	25366	0.039	0.2148	0.020937	2	3	140
Beam_2_3_4	18407	0.022367	0.21593	0.021013	2	3	194
Beam_2_3_4	18451	0.022367	0.21593	0.02216	2	3	194
Beam_2_3_4	18453	0.036633	0.21593	0.02216	2	3	194
Beam_2_3_4	18401	0.036633	0.21593	0.021013	2	3	194
Beam_2_3_4	18406	0.024748	0.21656	0.021363	2	3	194
Beam_2_3_4	18450	0.024748	0.21656	0.022504	2	3	194
Beam_2_3_4	18402	0.034252	0.21656	0.021363	2	3	194
Beam_2_3_4	18454	0.034252	0.21656	0.022504	2	3	194
Beam_2_3_4	18425	0.021894	0.21681	0.021502	2	3	194
Beam_2_3_4	18437	0.021894	0.21681	0.02264	2	3	194
Beam_2_3_4	18456	0.03711	0.21682	0.022646	2	3	194
Beam_2_3_4	18397	0.03711	0.21682	0.021508	2	3	194
Beam_2_3_4	18449	0.027117	0.21718	0.022838	2	3	194
Beam_2_3_4	18405	0.027117	0.21718	0.021704	2	3	194
Beam_2_3_4	18403	0.031883	0.21718	0.021704	2	3	194
Beam_2_3_4	18455	0.031883	0.21718	0.022838	2	3	194
Beam_2_3_4	18424	0.023796	0.21731	0.021773	2	3	194
Beam_2_3_4	18436	0.023796	0.21731	0.022906	2	3	194
Beam_2_3_4	18457	0.035212	0.21732	0.022911	2	3	194
Beam_2_3_4	18398	0.035212	0.21732	0.021778	2	3	194
Beam_2_3_4	18423	0.025691	0.2178	0.022038	2	3	194
Beam_2_3_4	18435	0.025691	0.2178	0.023166	2	3	194
Beam_2_3_4	18452	0.0295	0.2178	0.023166	2	3	194
Beam_2_3_4	18404	0.0295	0.2178	0.022038	2	3	194
Beam_2_3_4	18458	0.033321	0.21781	0.02317	2	3	194
Beam_2_3_4	18399	0.033321	0.21781	0.022042	2	3	194
Beam_2_3_4	18438	0.027595	0.2183	0.023423	2	3	194
Beam_2_3_4	18422	0.027595	0.2183	0.022299	2	3	194
Beam_2_3_4	18459	0.031422	0.21831	0.023425	2	3	194
Beam_2_3_4	18391	0.031422	0.21831	0.022301	2	3	194
Beam_2_3_4	18441	0.025701	0.2188	0.023673	2	3	194
Beam_2_3_4	18421	0.025701	0.2188	0.022553	2	3	194
Beam_2_3_4	18460	0.033312	0.2188	0.023674	2	3	194
Beam_2_3_4	18392	0.033312	0.2188	0.022555	2	3	194
Beam_2_3_4	18445	0.029514	0.21881	0.023676	2	3	194
Beam_2_3_4	18413	0.029514	0.21881	0.022557	2	3	194
Beam_2_3_4	18420	0.023799	0.2193	0.022804	2	3	194
Beam_2_3_4	18440	0.023799	0.2193	0.023919	2	3	194
Beam_2_3_4	18461	0.03521	0.2193	0.02392	2	3	194
Beam_2_3_4	18393	0.03521	0.2193	0.022805	2	3	194
Beam_2_3_4	18442	0.027142	0.21943	0.023981	2	3	194
Beam_2_3_4	18414	0.027142	0.21943	0.022867	2	3	194
Beam_2_3_4	18412	0.031879	0.21943	0.022867	2	3	194
Beam_2_3_4	18448	0.031879	0.21943	0.023981	2	3	194
Beam_2_3_4	18439	0.021903	0.2198	0.024159	2	3	194
Beam_2_3_4	18419	0.021903	0.2198	0.023049	2	3	194
Beam_2_3_4	18462	0.037101	0.2198	0.02416	2	3	194
Beam_2_3_4	18394	0.037101	0.2198	0.023049	2	3	194
Beam_2_3_4	18443	0.024759	0.22005	0.02428	2	3	194
Beam_2_3_4	18415	0.024759	0.22005	0.023172	2	3	194
Beam_2_3_4	18411	0.034255	0.22005	0.023172	2	3	194
Beam_2_3_4	18447	0.034255	0.22005	0.02428	2	3	194
Beam_2_3_4	18416	0.022385	0.22067	0.023467	2	3	194
Beam_2_3_4	18444	0.022385	0.22067	0.02457	2	3	194
Beam_2_3_4	18410	0.036622	0.22067	0.023467	2	3	194
Beam_2_3_4	18446	0.036622	0.22067	0.02457	2	3	194
Beam_2_3_4	25358	0.02	0.2218	0.024532	2	3	194
Beam_2_3_4	25361	0.02475	0.2218	0.024532	2	3	194
Beam_2_3_4	25360	0.0295	0.2218	0.024532	2	3	194
Beam_2_3_4	25359	0.03425	0.2218	0.024532	2	3	194
Beam_2_3_4	25357	0.039	0.2218	0.024532	2	3	194
Beam_2_3_5	19747	0.022369	0.22293	0.025565	2	3	248
Beam_2_3_5	19703	0.022369	0.22293	0.024479	2	3	248
Beam_2_3_5	19697	0.036631	0.22293	0.024479	2	3	248
Beam_2_3_5	19749	0.036631	0.22293	0.025565	2	3	248
Beam_2_3_5	19702	0.024749	0.22356	0.024742	2	3	248
Beam_2_3_5	19746	0.024749	0.22356	0.025823	2	3	248
Beam_2_3_5	19698	0.034251	0.22356	0.024742	2	3	248
Beam_2_3_5	19750	0.034251	0.22356	0.025823	2	3	248
Beam_2_3_5	19721	0.021895	0.22381	0.024845	2	3	248
Beam_2_3_5	19733	0.021895	0.22381	0.025925	2	3	248
Beam_2_3_5	19693	0.037109	0.22382	0.02485	2	3	248
Beam_2_3_5	19752	0.037109	0.22382	0.02593	2	3	248
Beam_2_3_5	19745	0.02712	0.22418	0.026074	2	3	248
Beam_2_3_5	19701	0.02712	0.22418	0.024996	2	3	248
Beam_2_3_5	19699	0.03188	0.22418	0.024996	2	3	248
Beam_2_3_5	19751	0.03188	0.22418	0.026074	2	3	248
Beam_2_3_5	19720	0.023797	0.22431	0.025048	2	3	248
Beam_2_3_5	19732	0.023797	0.22431	0.026124	2	3	248
Beam_2_3_5	19753	0.035212	0.22432	0.026128	2	3	248
Beam_2_3_5	19694	0.035212	0.22432	0.025052	2	3	248
Beam_2_3_5	19731	0.025693	0.2248	0.026318	2	3	248
Beam_2_3_5	19719	0.025693	0.2248	0.025245	2	3	248
Beam_2_3_5	19748	0.0295	0.2248	0.026318	2	3	248
Beam_2_3_5	19700	0.0295	0.2248	0.025245	2	3	248
Beam_2_3_5	19754	0.03332	0.22481	0.026321	2	3	248
Beam_2_3_5	19695	0.03332	0.22481	0.025248	2	3	248
Beam_2_3_5	19718	0.027595	0.2253	0.025439	2	3	248
Beam_2_3_5	19734	0.027595	0.2253	0.026509	2	3	248
Beam_2_3_5	19755	0.031422	0.22531	0.02651	2	3	248
Beam_2_3_5	19687	0.031422	0.22531	0.025441	2	3	248
Beam_2_3_5	19737	0.025699	0.2258	0.026694	2	3	248
Beam_2_3_5	19717	0.025699	0.2258	0.025627	2	3	248
Beam_2_3_5	19688	0.033313	0.2258	0.025629	2	3	248
Beam_2_3_5	19756	0.033313	0.2258	0.026695	2	3	248
Beam_2_3_5	19741	0.029514	0.22581	0.026696	2	3	248
Beam_2_3_5	19709	0.029514	0.22581	0.02563	2	3	248
Beam_2_3_5	19716	0.023798	0.2263	0.025812	2	3	248
Beam_2_3_5	19736	0.023798	0.2263	0.026876	2	3	248
Beam_2_3_5	19689	0.03521	0.2263	0.025813	2	3	248
Beam_2_3_5	19757	0.03521	0.2263	0.026877	2	3	248
Beam_2_3_5	19738	0.02714	0.22643	0.026922	2	3	248
Beam_2_3_5	19710	0.02714	0.22643	0.025859	2	3	248
Beam_2_3_5	19744	0.031881	0.22643	0.026922	2	3	248
Beam_2_3_5	19708	0.031881	0.22643	0.025859	2	3	248
Beam_2_3_5	19735	0.021902	0.2268	0.027053	2	3	248
Beam_2_3_5	19715	0.021902	0.2268	0.025992	2	3	248
Beam_2_3_5	19690	0.037103	0.2268	0.025992	2	3	248
Beam_2_3_5	19758	0.037103	0.2268	0.027053	2	3	248
Beam_2_3_5	19711	0.024758	0.22705	0.026082	2	3	248
Beam_2_3_5	19739	0.024758	0.22705	0.027142	2	3	248
Beam_2_3_5	19743	0.034256	0.22705	0.027142	2	3	248
Beam_2_3_5	19707	0.034256	0.22705	0.026082	2	3	248
Beam_2_3_5	19740	0.022383	0.22767	0.027354	2	3	248
Beam_2_3_5	19712	0.022383	0.22767	0.026298	2	3	248
Beam_2_3_5	19706	0.036624	0.22767	0.026298	2	3	248
Beam_2_3_5	19742	0.036624	0.22767	0.027354	2	3	248
Beam_2_3_5	25349	0.02	0.2288	0.027198	2	3	248
Beam_2_3_5	25352	0.02475	0.2288	0.027198	2	3	248
Beam_2_3_5	25351	0.0295	0.2288	0.027198	2	3	248
Beam_2_3_5	25350	0.03425	0.2288	0.027198	2	3	248
Beam_2_3_5	25348	0.039	0.2288	0.027198	2	3	248
Beam_2_3_6	21017	0.022371	0.22993	0.027027	2	3	302
Beam_2_3_6	21029	0.022371	0.22993	0.028072	2	3	302
Beam_2_3_6	21031	0.036629	0.22993	0.028072	2	3	302
Beam_2_3_6	21011	0.036629	0.22993	0.027027	2	3	302
Beam_2_3_6	21028	0.024749	0.23056	0.028256	2	3	302
Beam_2_3_6	21016	0.024749	0.23056	0.027214	2	3	302
Beam_2_3_6	21032	0.034251	0.23056	0.028256	2	3	302
Beam_2_3_6	21012	0.034251	0.23056	0.027214	2	3	302
Beam_2_3_6	21043	0.021896	0.23081	0.028328	2	3	302
Beam_2_3_6	20999	0.021896	0.23081	0.027287	2	3	302
Beam_2_3_6	21034	0.037108	0.23082	0.028331	2	3	302
Beam_2_3_6	21007	0.037108	0.23082	0.027291	2	3	302
Beam_2_3_6	21015	0.027121	0.23118	0.027394	2	3	302
Beam_2_3_6	21027	0.027121	0.23118	0.028432	2	3	302
Beam_2_3_6	21033	0.031879	0.23118	0.028432	2	3	302
Beam_2_3_6	21013	0.031879	0.23118	0.027394	2	3	302
Beam_2_3_6	21042	0.023797	0.23131	0.028468	2	3	302
Beam_2_3_6	20998	0.023797	0.23131	0.02743	2	3	302
Beam_2_3_6	21035	0.035212	0.23132	0.028471	2	3	302
Beam_2_3_6	21008	0.035212	0.23132	0.027432	2	3	302
Beam_2_3_6	20997	0.025694	0.2318	0.027568	2	3	302
Beam_2_3_6	21041	0.025694	0.2318	0.028604	2	3	302
Beam_2_3_6	21014	0.0295	0.2318	0.027567	2	3	302
Beam_2_3_6	21030	0.0295	0.2318	0.028604	2	3	302
Beam_2_3_6	21009	0.033319	0.23181	0.02757	2	3	302
Beam_2_3_6	21036	0.033319	0.23181	0.028606	2	3	302
Beam_2_3_6	21044	0.027595	0.2323	0.028736	2	3	302
Beam_2_3_6	20996	0.027595	0.2323	0.027702	2	3	302
Beam_2_3_6	21001	0.031422	0.23231	0.027703	2	3	302
Beam_2_3_6	21037	0.031422	0.23231	0.028737	2	3	302
Beam_2_3_6	20995	0.025698	0.2328	0.027832	2	3	302
Beam_2_3_6	21047	0.025698	0.2328	0.028864	2	3	302
Beam_2_3_6	21002	0.033314	0.2328	0.027833	2	3	302
Beam_2_3_6	21038	0.033314	0.2328	0.028865	2	3	302
Beam_2_3_6	21051	0.029514	0.23281	0.028866	2	3	302
Beam_2_3_6	20987	0.029514	0.23281	0.027834	2	3	302
Beam_2_3_6	21046	0.023798	0.2333	0.028989	2	3	302
Beam_2_3_6	20994	0.023798	0.2333	0.027959	2	3	302
Beam_2_3_6	21039	0.035211	0.2333	0.028989	2	3	302
Beam_2_3_6	21003	0.035211	0.2333	0.027959	2	3	302
Beam_2_3_6	20988	0.027139	0.23343	0.027991	2	3	302
Beam_2_3_6	21048	0.027139	0.23343	0.02902	2	3	302
Beam_2_3_6	21054	0.031882	0.23343	0.02902	2	3	302
Beam_2_3_6	20986	0.031882	0.23343	0.027991	2	3	302
Beam_2_3_6	21045	0.021901	0.2338	0.029109	2	3	302
Beam_2_3_6	20993	0.021901	0.2338	0.028081	2	3	302
Beam_2_3_6	21040	0.037104	0.2338	0.02911	2	3	302
Beam_2_3_6	21004	0.037104	0.2338	0.028081	2	3	302
Beam_2_3_6	21049	0.024758	0.23405	0.029169	2	3	302
Beam_2_3_6	20989	0.024758	0.23405	0.028142	2	3	302
Beam_2_3_6	21053	0.034256	0.23405	0.029169	2	3	302
Beam_2_3_6	20985	0.034256	0.23405	0.028142	2	3	302
Beam_2_3_6	21050	0.022381	0.23467	0.029312	2	3	302
Beam_2_3_6	20990	0.022381	0.23467	0.028286	2	3	302
Beam_2_3_6	21052	0.036626	0.23467	0.029312	2	3	302
Beam_2_3_6	20984	0.036626	0.23467	0.028286	2	3	302
Beam_2_3_6	25340	0.02	0.2358	0.029044	2	3	302
Beam_2_3_6	25343	0.02475	0.2358	0.029044	2	3	302
Beam_2_3_6	25342	0.0295	0.2358	0.029044	2	3	302
Beam_2_3_6	25341	0.03425	0.2358	0.029044	2	3	302
Beam_2_3_6	25339	0.039	0.2358	0.029044	2	3	302
Beam_2_3_7	22313	0.022373	0.23693	0.028762	2	3	356
Beam_2_3_7	22325	0.022373	0.23693	0.02978	2	3	356
Beam_2_3_7	22327	0.036627	0.23693	0.02978	2	3	356
Beam_2_3_7	22307	0.036627	0.23693	0.028762	2	3	356
Beam_2_3_7	22312	0.024749	0.23756	0.028879	2	3	356
Beam_2_3_7	22324	0.024749	0.23756	0.029895	2	3	356
Beam_2_3_7	22308	0.034251	0.23756	0.028879	2	3	356
Beam_2_3_7	22328	0.034251	0.23756	0.029895	2	3	356
Beam_2_3_7	22295	0.021897	0.23781	0.028924	2	3	356
Beam_2_3_7	22339	0.021897	0.23781	0.02994	2	3	356
Beam_2_3_7	22330	0.037107	0.23782	0.029942	2	3	356
Beam_2_3_7	22303	0.037107	0.23782	0.028927	2	3	356
Beam_2_3_7	22323	0.027123	0.23818	0.030005	2	3	356
Beam_2_3_7	22311	0.027123	0.23818	0.02899	2	3	356
Beam_2_3_7	22309	0.031877	0.23818	0.02899	2	3	356
Beam_2_3_7	22329	0.031877	0.23818	0.030005	2	3	356
Beam_2_3_7	22338	0.023797	0.23831	0.030027	2	3	356
Beam_2_3_7	22294	0.023797	0.23831	0.029012	2	3	356
Beam_2_3_7	22331	0.035211	0.23832	0.030028	2	3	356
Beam_2_3_7	22304	0.035211	0.23832	0.029014	2	3	356
Beam_2_3_7	22293	0.025695	0.2388	0.029096	2	3	356
Beam_2_3_7	22337	0.025695	0.2388	0.030109	2	3	356
Beam_2_3_7	22310	0.0295	0.2388	0.029096	2	3	356
Beam_2_3_7	22326	0.0295	0.2388	0.030109	2	3	356
Beam_2_3_7	22305	0.033318	0.23881	0.029097	2	3	356
Beam_2_3_7	22332	0.033318	0.23881	0.03011	2	3	356
Beam_2_3_7	22340	0.027595	0.2393	0.030188	2	3	356
Beam_2_3_7	22292	0.027595	0.2393	0.029176	2	3	356
Beam_2_3_7	22333	0.031422	0.23931	0.030189	2	3	356
Beam_2_3_7	22297	0.031422	0.23931	0.029177	2	3	356
Beam_2_3_7	22291	0.025697	0.2398	0.029252	2	3	356
Beam_2_3_7	22343	0.025697	0.2398	0.030263	2	3	356
Beam_2_3_7	22334	0.033315	0.2398	0.030264	2	3	356
Beam_2_3_7	22298	0.033315	0.2398	0.029253	2	3	356
Beam_2_3_7	22283	0.029514	0.23981	0.029253	2	3	356
Beam_2_3_7	22347	0.029514	0.23981	0.030264	2	3	356
Beam_2_3_7	22342	0.023798	0.2403	0.030335	2	3	356
Beam_2_3_7	22290	0.023798	0.2403	0.029325	2	3	356
Beam_2_3_7	22299	0.035211	0.2403	0.029325	2	3	356
Beam_2_3_7	22335	0.035211	0.2403	0.030335	2	3	356
Beam_2_3_7	22284	0.027137	0.24043	0.029343	2	3	356
Beam_2_3_7	22344	0.027137	0.24043	0.030353	2	3	356
Beam_2_3_7	22282	0.031884	0.24043	0.029343	2	3	356
Beam_2_3_7	22350	0.031884	0.24043	0.030353	2	3	356
Beam_2_3_7	22289	0.0219	0.2408	0.029394	2	3	356
Beam_2_3_7	22341	0.0219	0.2408	0.030403	2	3	356
Beam_2_3_7	22336	0.037104	0.2408	0.030403	2	3	356
Beam_2_3_7	22300	0.037104	0.2408	0.029394	2	3	356
Beam_2_3_7	22345	0.024757	0.24105	0.030436	2	3	356
Beam_2_3_7	22285	0.024757	0.24105	0.029427	2	3	356
Beam_2_3_7	22349	0.034257	0.24105	0.030436	2	3	356
Beam_2_3_7	22281	0.034257	0.24105	0.029427	2	3	356
Beam_2_3_7	22286	0.02238	0.24167	0.029506	2	3	356
Beam_2_3_7	22346	0.02238	0.24167	0.030513	2	3	356
Beam_2_3_7	22280	0.036627	0.24167	0.029506	2	3	356
Beam_2_3_7	22348	0.036627	0.24167	0.030513	2	3	356
Beam_2_3_7	25331	0.02	0.2428	0.030136	2	3	356
Beam_2_3_7	25334	0.02475	0.2428	0.030136	2	3	356
Beam_2_3_7	25333	0.0295	0.2428	0.030136	2	3	356
Beam_2_3_7	25332	0.03425	0.2428	0.030136	2	3	356
Beam_2_3_7	25330	0.039	0.2428	0.030136	2	3	356
Beam_2_3_8	23621	0.022374	0.24393	0.030747	2	3	410
Beam_2_3_8	23609	0.022374	0.24393	0.029743	2	3	410
Beam_2_3_8	23623	0.036626	0.24393	0.030747	2	3	410
Beam_2_3_8	23603	0.036626	0.24393	0.029743	2	3	410
Beam_2_3_8	23620	0.02475	0.24456	0.030798	2	3	410
Beam_2_3_8	23608	0.02475	0.24456	0.029795	2	3	410
Beam_2_3_8	23624	0.03425	0.24456	0.030798	2	3	410
Beam_2_3_8	23604	0.03425	0.24456	0.029795	2	3	410
Beam_2_3_8	23635	0.021898	0.24481	0.030817	2	3	410
Beam_2_3_8	23591	0.021898	0.24481	0.029815	2	3	410
Beam_2_3_8	23626	0.037106	0.24482	0.030818	2	3	410
Beam_2_3_8	23599	0.037106	0.24482	0.029816	2	3	410
Beam_2_3_8	23607	0.027124	0.24518	0.029842	2	3	410
Beam_2_3_8	23619	0.027124	0.24518	0.030844	2	3	410
Beam_2_3_8	23625	0.031876	0.24518	0.030844	2	3	410
Beam_2_3_8	23605	0.031876	0.24518	0.029842	2	3	410
Beam_2_3_8	23590	0.023797	0.24531	0.02985	2	3	410
Beam_2_3_8	23634	0.023797	0.24531	0.030853	2	3	410
Beam_2_3_8	23627	0.035211	0.24532	0.030853	2	3	410
Beam_2_3_8	23600	0.035211	0.24532	0.029851	2	3	410
Beam_2_3_8	23589	0.025696	0.2458	0.029883	2	3	410
Beam_2_3_8	23633	0.025696	0.2458	0.030884	2	3	410
Beam_2_3_8	23622	0.0295	0.2458	0.030884	2	3	410
Beam_2_3_8	23606	0.0295	0.2458	0.029882	2	3	410
Beam_2_3_8	23601	0.033317	0.24581	0.029883	2	3	410
Beam_2_3_8	23628	0.033317	0.24581	0.030885	2	3	410
Beam_2_3_8	23636	0.027595	0.2463	0.030913	2	3	410
Beam_2_3_8	23588	0.027595	0.2463	0.029911	2	3	410
Beam_2_3_8	23629	0.031422	0.24631	0.030913	2	3	410
Beam_2_3_8	23593	0.031422	0.24631	0.029911	2	3	410
Beam_2_3_8	23639	0.025697	0.2468	0.030937	2	3	410
Beam_2_3_8	23587	0.025697	0.2468	0.029936	2	3	410
Beam_2_3_8	23594	0.033316	0.2468	0.029936	2	3	410
Beam_2_3_8	23630	0.033316	0.2468	0.030937	2	3	410
Beam_2_3_8	23643	0.029514	0.24681	0.030937	2	3	410
Beam_2_3_8	23579	0.029514	0.24681	0.029936	2	3	410
Beam_2_3_8	23638	0.023798	0.2473	0.030958	2	3	410
Beam_2_3_8	23586	0.023798	0.2473	0.029957	2	3	410
Beam_2_3_8	23631	0.035211	0.2473	0.030958	2	3	410
Beam_2_3_8	23595	0.035211	0.2473	0.029957	2	3	410
Beam_2_3_8	23580	0.027136	0.24743	0.029962	2	3	410
Beam_2_3_8	23640	0.027136	0.24743	0.030963	2	3	410
Beam_2_3_8	23578	0.031885	0.24743	0.029962	2	3	410
Beam_2_3_8	23646	0.031885	0.24743	0.030963	2	3	410
Beam_2_3_8	23637	0.021899	0.2478	0.030976	2	3	410
Beam_2_3_8	23585	0.021899	0.2478	0.029975	2	3	410
Beam_2_3_8	23596	0.037105	0.2478	0.029975	2	3	410
Beam_2_3_8	23632	0.037105	0.2478	0.030976	2	3	410
Beam_2_3_8	23641	0.024757	0.24805	0.030983	2	3	410
Beam_2_3_8	23581	0.024757	0.24805	0.029983	2	3	410
Beam_2_3_8	23645	0.034257	0.24805	0.030983	2	3	410
Beam_2_3_8	23577	0.034257	0.24805	0.029983	2	3	410
Beam_2_3_8	23642	0.022379	0.24867	0.030998	2	3	410
Beam_2_3_8	23582	0.022379	0.24867	0.029997	2	3	410
Beam_2_3_8	23576	0.036628	0.24867	0.029997	2	3	410
Beam_2_3_8	23644	0.036628	0.24867	0.030998	2	3	410
Beam_2_3_8	25322	0.02	0.2498	0.030509	2	3	410
Beam_2_3_8	25325	0.02475	0.2498	0.030509	2	3	410
Beam_2_3_8	25324	0.0295	0.2498	0.030509	2	3	410
Beam_2_3_8	25323	0.03425	0.2498	0.030509	2	3	410
Beam_2_3_8	25321	0.039	0.2498	0.030509	2	3	410
Beam_2_3_9	24230	0.022375	0.25093	0.030004	2	3	437
Beam_2_3_9	24290	0.022375	0.25093	0.031004	2	3	437
Beam_2_3_9	24292	0.036625	0.25093	0.031004	2	3	437
Beam_2_3_9	24224	0.036625	0.25093	0.030004	2	3	437
Beam_2_3_9	24289	0.02475	0.25156	0.030993	2	3	437
Beam_2_3_9	24229	0.02475	0.25156	0.029993	2	3	437
Beam_2_3_9	24225	0.03425	0.25156	0.029993	2	3	437
Beam_2_3_9	24293	0.03425	0.25156	0.030993	2	3	437
Beam_2_3_9	24276	0.021899	0.25181	0.030987	2	3	437
Beam_2_3_9	24248	0.021899	0.25181	0.029987	2	3	437
Beam_2_3_9	24281	0.037105	0.25182	0.030987	2	3	437
Beam_2_3_9	24238	0.037105	0.25182	0.029986	2	3	437
Beam_2_3_9	24288	0.027125	0.25218	0.030976	2	3	437
Beam_2_3_9	24228	0.027125	0.25218	0.029976	2	3	437
Beam_2_3_9	24294	0.031875	0.25218	0.030976	2	3	437
Beam_2_3_9	24226	0.031875	0.25218	0.029976	2	3	437
Beam_2_3_9	24247	0.023798	0.25231	0.029972	2	3	437
Beam_2_3_9	24275	0.023798	0.25231	0.030972	2	3	437
Beam_2_3_9	24282	0.035211	0.25232	0.030972	2	3	437
Beam_2_3_9	24239	0.035211	0.25232	0.029971	2	3	437
Beam_2_3_9	24274	0.025696	0.2528	0.030954	2	3	437
Beam_2_3_9	24246	0.025696	0.2528	0.029953	2	3	437
Beam_2_3_9	24227	0.0295	0.2528	0.029953	2	3	437
Beam_2_3_9	24291	0.0295	0.2528	0.030954	2	3	437
Beam_2_3_9	24283	0.033316	0.25281	0.030954	2	3	437
Beam_2_3_9	24240	0.033316	0.25281	0.029953	2	3	437
Beam_2_3_9	24245	0.027595	0.2533	0.029931	2	3	437
Beam_2_3_9	24277	0.027595	0.2533	0.030932	2	3	437
Beam_2_3_9	24232	0.031422	0.25331	0.029931	2	3	437
Beam_2_3_9	24284	0.031422	0.25331	0.030932	2	3	437
Beam_2_3_9	24244	0.025696	0.2538	0.029905	2	3	437
Beam_2_3_9	24280	0.025696	0.2538	0.030907	2	3	437
Beam_2_3_9	24285	0.033317	0.2538	0.030907	2	3	437
Beam_2_3_9	24233	0.033317	0.2538	0.029905	2	3	437
Beam_2_3_9	24254	0.029514	0.25381	0.029905	2	3	437
Beam_2_3_9	24270	0.029514	0.25381	0.030907	2	3	437
Beam_2_3_9	24243	0.023797	0.2543	0.029876	2	3	437
Beam_2_3_9	24279	0.023797	0.2543	0.030878	2	3	437
Beam_2_3_9	24286	0.035211	0.2543	0.030878	2	3	437
Beam_2_3_9	24234	0.035211	0.2543	0.029876	2	3	437
Beam_2_3_9	24267	0.027135	0.25443	0.03087	2	3	437
Beam_2_3_9	24255	0.027135	0.25443	0.029868	2	3	437
Beam_2_3_9	24273	0.031886	0.25443	0.03087	2	3	437
Beam_2_3_9	24253	0.031886	0.25443	0.029868	2	3	437
Beam_2_3_9	24242	0.021898	0.2548	0.029843	2	3	437
Beam_2_3_9	24278	0.021898	0.2548	0.030846	2	3	437
Beam_2_3_9	24287	0.037106	0.2548	0.030845	2	3	437
Beam_2_3_9	24235	0.037106	0.2548	0.029843	2	3	437
Beam_2_3_9	24256	0.024757	0.25505	0.029825	2	3	437
Beam_2_3_9	24268	0.024757	0.25505	0.030828	2	3	437
Beam_2_3_9	24272	0.034257	0.25505	0.030828	2	3	437
Beam_2_3_9	24252	0.034257	0.25505	0.029825	2	3	437
Beam_2_3_9	24269	0.022378	0.25567	0.03078	2	3	437
Beam_2_3_9	24257	0.022378	0.25567	0.029776	2	3	437
Beam_2_3_9	24251	0.03663	0.25567	0.029776	2	3	437
Beam_2_3_9	24271	0.03663	0.25567	0.03078	2	3	437
Beam_2_3_9	25313	0.02	0.2568	0.030176	2	3	437
Beam_2_3_9	25316	0.02475	0.2568	0.030176	2	3	437
Beam_2_3_9	25315	0.0295	0.2568	0.030176	2	3	437
Beam_2_3_9	25314	0.03425	0.2568	0.030176	2	3	437
Beam_2_3_9	25312	0.039	0.2568	0.030176	2	3	437
Beam_2_3_10	22973	0.022376	0.25793	0.030559	2	3	383
Beam_2_3_10	22961	0.022376	0.25793	0.029553	2	3	383
Beam_2_3_10	22975	0.036624	0.25793	0.030559	2	3	383
Beam_2_3_10	22955	0.036624	0.25793	0.029553	2	3	383
Beam_2_3_10	22972	0.02475	0.25856	0.030485	2	3	383
Beam_2_3_10	22960	0.02475	0.25856	0.029478	2	3	383
Beam_2_3_10	22976	0.03425	0.25856	0.030485	2	3	383
Beam_2_3_10	22956	0.03425	0.25856	0.029478	2	3	383
Beam_2_3_10	22987	0.0219	0.25881	0.030454	2	3	383
Beam_2_3_10	22943	0.0219	0.25881	0.029446	2	3	383
Beam_2_3_10	22951	0.037104	0.25882	0.029444	2	3	383
Beam_2_3_10	22978	0.037105	0.25882	0.030452	2	3	383
Beam_2_3_10	22959	0.027127	0.25918	0.029397	2	3	383
Beam_2_3_10	22971	0.027127	0.25918	0.030406	2	3	383
Beam_2_3_10	22957	0.031873	0.25918	0.029397	2	3	383
Beam_2_3_10	22977	0.031873	0.25918	0.030406	2	3	383
Beam_2_3_10	22942	0.023798	0.25931	0.02938	2	3	383
Beam_2_3_10	22986	0.023798	0.25931	0.030389	2	3	383
Beam_2_3_10	22952	0.035211	0.25932	0.029378	2	3	383
Beam_2_3_10	22979	0.035211	0.25932	0.030388	2	3	383
Beam_2_3_10	22974	0.0295	0.2598	0.03032	2	3	383
Beam_2_3_10	22958	0.0295	0.2598	0.02931	2	3	383
Beam_2_3_10	22985	0.025697	0.25981	0.03032	2	3	383
Beam_2_3_10	22941	0.025697	0.25981	0.02931	2	3	383
Beam_2_3_10	22980	0.033315	0.25981	0.030319	2	3	383
Beam_2_3_10	22953	0.033315	0.25981	0.029309	2	3	383
Beam_2_3_10	22988	0.027595	0.2603	0.030248	2	3	383
Beam_2_3_10	22940	0.027595	0.2603	0.029237	2	3	383
Beam_2_3_10	22981	0.031422	0.26031	0.030247	2	3	383
Beam_2_3_10	22945	0.031422	0.26031	0.029236	2	3	383
Beam_2_3_10	22939	0.025695	0.2608	0.029159	2	3	383
Beam_2_3_10	22991	0.025695	0.2608	0.030172	2	3	383
Beam_2_3_10	22931	0.029514	0.26081	0.029159	2	3	383
Beam_2_3_10	22995	0.029514	0.26081	0.030171	2	3	383
Beam_2_3_10	22946	0.033318	0.26081	0.029159	2	3	383
Beam_2_3_10	22982	0.033318	0.26081	0.030171	2	3	383
Beam_2_3_10	22938	0.023797	0.2613	0.029079	2	3	383
Beam_2_3_10	22990	0.023797	0.2613	0.030092	2	3	383
Beam_2_3_10	22983	0.035211	0.2613	0.030092	2	3	383
Beam_2_3_10	22947	0.035211	0.2613	0.029078	2	3	383
Beam_2_3_10	22932	0.027133	0.26143	0.029057	2	3	383
Beam_2_3_10	22992	0.027133	0.26143	0.030071	2	3	383
Beam_2_3_10	22930	0.031888	0.26143	0.029057	2	3	383
Beam_2_3_10	22998	0.031888	0.26143	0.030071	2	3	383
Beam_2_3_10	22937	0.021897	0.2618	0.028994	2	3	383
Beam_2_3_10	22989	0.021897	0.2618	0.030009	2	3	383
Beam_2_3_10	22984	0.037107	0.2618	0.030009	2	3	383
Beam_2_3_10	22948	0.037107	0.2618	0.028994	2	3	383
Beam_2_3_10	22993	0.024757	0.26205	0.029965	2	3	383
Beam_2_3_10	22933	0.024757	0.26205	0.02895	2	3	383
Beam_2_3_10	22929	0.034258	0.26205	0.02895	2	3	383
Beam_2_3_10	22997	0.034258	0.26205	0.029965	2	3	383
Beam_2_3_10	22934	0.022376	0.26267	0.028836	2	3	383
Beam_2_3_10	22994	0.022376	0.26267	0.029853	2	3	383
Beam_2_3_10	22928	0.036631	0.26267	0.028836	2	3	383
Beam_2_3_10	22996	0.036631	0.26267	0.029853	2	3	383
Beam_2_3_10	25304	0.02	0.2638	0.029125	2	3	383
Beam_2_3_10	25307	0.02475	0.2638	0.029125	2	3	383
Beam_2_3_10	25306	0.0295	0.2638	0.029125	2	3	383
Beam_2_3_10	25305	0.03425	0.2638	0.029125	2	3	383
Beam_2_3_10	25303	0.039	0.2638	0.029125	2	3	383
Beam_2_3_11	21677	0.022378	0.26493	0.029399	2	3	329
Beam_2_3_11	21665	0.022378	0.26493	0.028375	2	3	329
Beam_2_3_11	21679	0.036622	0.26493	0.029399	2	3	329
Beam_2_3_11	21659	0.036622	0.26493	0.028375	2	3	329
Beam_2_3_11	21664	0.024751	0.26556	0.028234	2	3	329
Beam_2_3_11	21676	0.024751	0.26556	0.02926	2	3	329
Beam_2_3_11	21680	0.034249	0.26556	0.02926	2	3	329
Beam_2_3_11	21660	0.034249	0.26556	0.028234	2	3	329
Beam_2_3_11	21691	0.021901	0.26581	0.029202	2	3	329
Beam_2_3_11	21647	0.021901	0.26581	0.028175	2	3	329
Beam_2_3_11	21655	0.037104	0.26582	0.028172	2	3	329
Beam_2_3_11	21682	0.037104	0.26582	0.029199	2	3	329
Beam_2_3_11	21663	0.027128	0.26618	0.028086	2	3	329
Beam_2_3_11	21675	0.027128	0.26618	0.029114	2	3	329
Beam_2_3_11	21681	0.031872	0.26618	0.029114	2	3	329
Beam_2_3_11	21661	0.031872	0.26618	0.028086	2	3	329
Beam_2_3_11	21690	0.023798	0.26631	0.029084	2	3	329
Beam_2_3_11	21646	0.023798	0.26631	0.028056	2	3	329
Beam_2_3_11	21683	0.035211	0.26632	0.029082	2	3	329
Beam_2_3_11	21656	0.035211	0.26632	0.028053	2	3	329
Beam_2_3_11	21662	0.0295	0.2668	0.027933	2	3	329
Beam_2_3_11	21678	0.0295	0.2668	0.028964	2	3	329
Beam_2_3_11	21645	0.025698	0.26681	0.027932	2	3	329
Beam_2_3_11	21689	0.025698	0.26681	0.028963	2	3	329
Beam_2_3_11	21657	0.033315	0.26681	0.027931	2	3	329
Beam_2_3_11	21684	0.033315	0.26681	0.028961	2	3	329
Beam_2_3_11	21644	0.027595	0.2673	0.027805	2	3	329
Beam_2_3_11	21692	0.027595	0.2673	0.028838	2	3	329
Beam_2_3_11	21685	0.031422	0.26731	0.028837	2	3	329
Beam_2_3_11	21649	0.031422	0.26731	0.027804	2	3	329
Beam_2_3_11	21643	0.025694	0.2678	0.027674	2	3	329
Beam_2_3_11	21695	0.025694	0.2678	0.028709	2	3	329
Beam_2_3_11	21635	0.029514	0.26781	0.027673	2	3	329
Beam_2_3_11	21699	0.029514	0.26781	0.028707	2	3	329
Beam_2_3_11	21686	0.033319	0.26781	0.028708	2	3	329
Beam_2_3_11	21650	0.033319	0.26781	0.027673	2	3	329
Beam_2_3_11	21694	0.023797	0.2683	0.028576	2	3	329
Beam_2_3_11	21642	0.023797	0.2683	0.027539	2	3	329
Beam_2_3_11	21687	0.035212	0.2683	0.028575	2	3	329
Beam_2_3_11	21651	0.035212	0.2683	0.027539	2	3	329
Beam_2_3_11	21696	0.027132	0.26843	0.02854	2	3	329
Beam_2_3_11	21636	0.027132	0.26843	0.027503	2	3	329
Beam_2_3_11	21702	0.031889	0.26843	0.02854	2	3	329
Beam_2_3_11	21634	0.031889	0.26843	0.027503	2	3	329
Beam_2_3_11	21641	0.021896	0.2688	0.0274	2	3	329
Beam_2_3_11	21693	0.021896	0.2688	0.028439	2	3	329
Beam_2_3_11	21652	0.037108	0.2688	0.0274	2	3	329
Beam_2_3_11	21688	0.037108	0.2688	0.028438	2	3	329
Beam_2_3_11	21637	0.024756	0.26905	0.027328	2	3	329
Beam_2_3_11	21697	0.024756	0.26905	0.028368	2	3	329
Beam_2_3_11	21701	0.034258	0.26905	0.028368	2	3	329
Beam_2_3_11	21633	0.034258	0.26905	0.027328	2	3	329
Beam_2_3_11	21698	0.022375	0.26967	0.028188	2	3	329
Beam_2_3_11	21638	0.022375	0.26967	0.027146	2	3	329
Beam_2_3_11	21632	0.036632	0.26967	0.027146	2	3	329
Beam_2_3_11	21700	0.036632	0.26967	0.028188	2	3	329
Beam_2_3_11	25457	0.02	0.2708	0.027323	2	3	329
Beam_2_3_11	25460	0.02475	0.2708	0.027323	2	3	329
Beam_2_3_11	25459	0.0295	0.2708	0.027323	2	3	329
Beam_2_3_11	25458	0.03425	0.2708	0.027323	2	3	329
Beam_2_3_11	25456	0.039	0.2708	0.027323	2	3	329
Beam_2_3_12	20381	0.022379	0.27193	0.027485	2	3	275
Beam_2_3_12	20369	0.022379	0.27193	0.026431	2	3	275
Beam_2_3_12	20383	0.036621	0.27193	0.027485	2	3	275
Beam_2_3_12	20363	0.036621	0.27193	0.026431	2	3	275
Beam_2_3_12	20368	0.024751	0.27256	0.026219	2	3	275
Beam_2_3_12	20380	0.024751	0.27256	0.027276	2	3	275
Beam_2_3_12	20384	0.034249	0.27256	0.027276	2	3	275
Beam_2_3_12	20364	0.034249	0.27256	0.026219	2	3	275
Beam_2_3_12	20351	0.021902	0.27281	0.026131	2	3	275
Beam_2_3_12	20395	0.021902	0.27281	0.02719	2	3	275
Beam_2_3_12	20386	0.037103	0.27282	0.027186	2	3	275
Beam_2_3_12	20359	0.037103	0.27282	0.026127	2	3	275
Beam_2_3_12	20379	0.02713	0.27318	0.027061	2	3	275
Beam_2_3_12	20367	0.02713	0.27318	0.026	2	3	275
Beam_2_3_12	20385	0.03187	0.27318	0.027061	2	3	275
Beam_2_3_12	20365	0.03187	0.27318	0.026	2	3	275
Beam_2_3_12	20350	0.023798	0.27331	0.025955	2	3	275
Beam_2_3_12	20394	0.023798	0.27331	0.027016	2	3	275
Beam_2_3_12	20387	0.03521	0.27332	0.027013	2	3	275
Beam_2_3_12	20360	0.03521	0.27332	0.025951	2	3	275
Beam_2_3_12	20366	0.0295	0.2738	0.025774	2	3	275
Beam_2_3_12	20382	0.0295	0.2738	0.026839	2	3	275
Beam_2_3_12	20393	0.025699	0.27381	0.026838	2	3	275
Beam_2_3_12	20349	0.025699	0.27381	0.025774	2	3	275
Beam_2_3_12	20361	0.033313	0.27381	0.025771	2	3	275
Beam_2_3_12	20388	0.033313	0.27381	0.026835	2	3	275
Beam_2_3_12	20396	0.027595	0.2743	0.026656	2	3	275
Beam_2_3_12	20348	0.027595	0.2743	0.025589	2	3	275
Beam_2_3_12	20389	0.031422	0.27431	0.026654	2	3	275
Beam_2_3_12	20353	0.031422	0.27431	0.025587	2	3	275
Beam_2_3_12	20399	0.025693	0.2748	0.026469	2	3	275
Beam_2_3_12	20347	0.025693	0.2748	0.025398	2	3	275
Beam_2_3_12	20403	0.029514	0.27481	0.026467	2	3	275
Beam_2_3_12	20339	0.029514	0.27481	0.025397	2	3	275
Beam_2_3_12	20390	0.03332	0.27481	0.026468	2	3	275
Beam_2_3_12	20354	0.03332	0.27481	0.025397	2	3	275
Beam_2_3_12	20398	0.023797	0.2753	0.026278	2	3	275
Beam_2_3_12	20346	0.023797	0.2753	0.025205	2	3	275
Beam_2_3_12	20391	0.035212	0.2753	0.026277	2	3	275
Beam_2_3_12	20355	0.035212	0.2753	0.025204	2	3	275
Beam_2_3_12	20340	0.02713	0.27543	0.025153	2	3	275
Beam_2_3_12	20400	0.02713	0.27543	0.026227	2	3	275
Beam_2_3_12	20338	0.031891	0.27543	0.025153	2	3	275
Beam_2_3_12	20406	0.031891	0.27543	0.026227	2	3	275
Beam_2_3_12	20345	0.021895	0.2758	0.025006	2	3	275
Beam_2_3_12	20397	0.021895	0.2758	0.026083	2	3	275
Beam_2_3_12	20392	0.037109	0.2758	0.026082	2	3	275
Beam_2_3_12	20356	0.037109	0.2758	0.025005	2	3	275
Beam_2_3_12	20341	0.024756	0.27605	0.024903	2	3	275
Beam_2_3_12	20401	0.024756	0.27605	0.025982	2	3	275
Beam_2_3_12	20405	0.034258	0.27605	0.025982	2	3	275
Beam_2_3_12	20337	0.034258	0.27605	0.024903	2	3	275
Beam_2_3_12	20342	0.022373	0.27668	0.024645	2	3	275
Beam_2_3_12	20402	0.022373	0.27668	0.025728	2	3	275
Beam_2_3_12	20404	0.036634	0.27668	0.025728	2	3	275
Beam_2_3_12	20336	0.036634	0.27668	0.024645	2	3	275
Beam_2_3_12	25484	0.02	0.2778	0.024705	2	3	275
Beam_2_3_12	25487	0.02475	0.2778	0.024705	2	3	275
Beam_2_3_12	25486	0.0295	0.2778	0.024705	2	3	275
Beam_2_3_12	25485	0.03425	0.2778	0.024705	2	3	275
Beam_2_3_12	25483	0.039	0.2778	0.024705	2	3	275
Beam_2_3_13	19073	0.022381	0.27893	0.02365	2	3	221
Beam_2_3_13	19085	0.022381	0.27893	0.02475	2	3	221
Beam_2_3_13	19067	0.036619	0.27893	0.02365	2	3	221
Beam_2_3_13	19087	0.036619	0.27893	0.02475	2	3	221
Beam_2_3_13	19072	0.024752	0.27956	0.023359	2	3	221
Beam_2_3_13	19084	0.024752	0.27956	0.024464	2	3	221
Beam_2_3_13	19088	0.034248	0.27956	0.024464	2	3	221
Beam_2_3_13	19068	0.034248	0.27956	0.023359	2	3	221
Beam_2_3_13	19055	0.021903	0.27981	0.023239	2	3	221
Beam_2_3_13	19099	0.021903	0.27981	0.024346	2	3	221
Beam_2_3_13	19090	0.037101	0.27982	0.02434	2	3	221
Beam_2_3_13	19063	0.037101	0.27982	0.023233	2	3	221
Beam_2_3_13	19083	0.027132	0.28018	0.024169	2	3	221
Beam_2_3_13	19071	0.027132	0.28018	0.023059	2	3	221
Beam_2_3_13	19069	0.031868	0.28018	0.023059	2	3	221
Beam_2_3_13	19089	0.031868	0.28018	0.024169	2	3	221
Beam_2_3_13	19098	0.023799	0.28031	0.024109	2	3	221
Beam_2_3_13	19054	0.023799	0.28031	0.022998	2	3	221
Beam_2_3_13	19091	0.03521	0.28032	0.024105	2	3	221
Beam_2_3_13	19064	0.03521	0.28032	0.022993	2	3	221
Beam_2_3_13	19070	0.0295	0.2808	0.022753	2	3	221
Beam_2_3_13	19086	0.0295	0.2808	0.023869	2	3	221
Beam_2_3_13	19053	0.025701	0.28081	0.022752	2	3	221
Beam_2_3_13	19097	0.025701	0.28081	0.023867	2	3	221
Beam_2_3_13	19065	0.033312	0.28081	0.022748	2	3	221
Beam_2_3_13	19092	0.033312	0.28081	0.023864	2	3	221
Beam_2_3_13	19100	0.027595	0.2813	0.023621	2	3	221
Beam_2_3_13	19052	0.027595	0.2813	0.022501	2	3	221
Beam_2_3_13	19057	0.031422	0.28131	0.022499	2	3	221
Beam_2_3_13	19093	0.031422	0.28131	0.023619	2	3	221
Beam_2_3_13	19051	0.025691	0.2818	0.022244	2	3	221
Beam_2_3_13	19103	0.025692	0.2818	0.023369	2	3	221
Beam_2_3_13	19107	0.029514	0.28181	0.023367	2	3	221
Beam_2_3_13	19043	0.029514	0.28181	0.022242	2	3	221
Beam_2_3_13	19058	0.033321	0.28181	0.022242	2	3	221
Beam_2_3_13	19094	0.033321	0.28181	0.023367	2	3	221
Beam_2_3_13	19102	0.023796	0.2823	0.023113	2	3	221
Beam_2_3_13	19050	0.023796	0.2823	0.021983	2	3	221
Beam_2_3_13	19095	0.035212	0.2823	0.023111	2	3	221
Beam_2_3_13	19059	0.035212	0.2823	0.021982	2	3	221
Beam_2_3_13	19104	0.027128	0.28243	0.023044	2	3	221
Beam_2_3_13	19044	0.027128	0.28243	0.021914	2	3	221
Beam_2_3_13	19042	0.031893	0.28243	0.021914	2	3	221
Beam_2_3_13	19110	0.031893	0.28243	0.023044	2	3	221
Beam_2_3_13	19101	0.021894	0.2828	0.02285	2	3	221
Beam_2_3_13	19049	0.021894	0.2828	0.021716	2	3	221
Beam_2_3_13	19096	0.03711	0.2828	0.02285	2	3	221
Beam_2_3_13	19060	0.03711	0.2828	0.021715	2	3	221
Beam_2_3_13	19045	0.024755	0.28305	0.021579	2	3	221
Beam_2_3_13	19105	0.024755	0.28305	0.022716	2	3	221
Beam_2_3_13	19041	0.034259	0.28305	0.021579	2	3	221
Beam_2_3_13	19109	0.034259	0.28305	0.022716	2	3	221
Beam_2_3_13	19046	0.022371	0.28368	0.021234	2	3	221
Beam_2_3_13	19106	0.022371	0.28368	0.022377	2	3	221
Beam_2_3_13	19040	0.036636	0.28368	0.021234	2	3	221
Beam_2_3_13	19108	0.036636	0.28368	0.022377	2	3	221
Beam_2_3_13	25529	0.02	0.2848	0.021166	2	3	221
Beam_2_3_13	25532	0.02475	0.2848	0.021166	2	3	221
Beam_2_3_13	25531	0.0295	0.2848	0.021166	2	3	221
Beam_2_3_13	25530	0.03425	0.2848	0.021166	2	3	221
Beam_2_3_13	25528	0.039	0.2848	0.021166	2	3	221
Beam_2_3_14	17768	0.022384	0.28594	0.019914	2	3	167
Beam_2_3_14	17796	0.022384	0.28594	0.021082	2	3	167
Beam_2_3_14	17798	0.036616	0.28594	0.021082	2	3	167
Beam_2_3_14	17762	0.036616	0.28594	0.019914	2	3	167
Beam_2_3_14	17795	0.024753	0.28656	0.020706	2	3	167
Beam_2_3_14	17767	0.024753	0.28656	0.01953	2	3	167
Beam_2_3_14	17799	0.034247	0.28656	0.020706	2	3	167
Beam_2_3_14	17763	0.034247	0.28656	0.01953	2	3	167
Beam_2_3_14	17750	0.021905	0.28681	0.019372	2	3	167
Beam_2_3_14	17810	0.021905	0.28681	0.020551	2	3	167
Beam_2_3_14	17787	0.0371	0.28682	0.020543	2	3	167
Beam_2_3_14	17776	0.0371	0.28682	0.019364	2	3	167
Beam_2_3_14	17794	0.027134	0.28718	0.020319	2	3	167
Beam_2_3_14	17766	0.027135	0.28718	0.019135	2	3	167
Beam_2_3_14	17764	0.031865	0.28718	0.019135	2	3	167
Beam_2_3_14	17800	0.031866	0.28718	0.020319	2	3	167
Beam_2_3_14	17809	0.023799	0.28731	0.02024	2	3	167
Beam_2_3_14	17749	0.023799	0.28731	0.019055	2	3	167
Beam_2_3_14	17777	0.035209	0.28732	0.019049	2	3	167
Beam_2_3_14	17788	0.035209	0.28732	0.020234	2	3	167
Beam_2_3_14	17797	0.0295	0.2878	0.019925	2	3	167
Beam_2_3_14	17765	0.0295	0.2878	0.018733	2	3	167
Beam_2_3_14	17808	0.025702	0.28781	0.019923	2	3	167
Beam_2_3_14	17748	0.025702	0.28781	0.018731	2	3	167
Beam_2_3_14	17789	0.03331	0.28781	0.019918	2	3	167
Beam_2_3_14	17778	0.03331	0.28781	0.018726	2	3	167
Beam_2_3_14	17747	0.027595	0.2883	0.018402	2	3	167
Beam_2_3_14	17811	0.027595	0.2883	0.019601	2	3	167
Beam_2_3_14	17770	0.031422	0.28831	0.0184	2	3	167
Beam_2_3_14	17790	0.031422	0.28831	0.019598	2	3	167
Beam_2_3_14	17746	0.025689	0.2888	0.018066	2	3	167
Beam_2_3_14	17814	0.02569	0.2888	0.019271	2	3	167
Beam_2_3_14	17804	0.029514	0.28881	0.019269	2	3	167
Beam_2_3_14	17756	0.029514	0.28881	0.018063	2	3	167
Beam_2_3_14	17791	0.033323	0.28881	0.019269	2	3	167
Beam_2_3_14	17771	0.033323	0.28881	0.018063	2	3	167
Beam_2_3_14	17745	0.023795	0.2893	0.017724	2	3	167
Beam_2_3_14	17813	0.023795	0.2893	0.018937	2	3	167
Beam_2_3_14	17772	0.035213	0.2893	0.017723	2	3	167
Beam_2_3_14	17792	0.035213	0.2893	0.018935	2	3	167
Beam_2_3_14	17757	0.027125	0.28943	0.017633	2	3	167
Beam_2_3_14	17801	0.027125	0.28943	0.018847	2	3	167
Beam_2_3_14	17755	0.031896	0.28943	0.017633	2	3	167
Beam_2_3_14	17807	0.031896	0.28943	0.018847	2	3	167
Beam_2_3_14	17812	0.021892	0.2898	0.018595	2	3	167
Beam_2_3_14	17744	0.021892	0.2898	0.017375	2	3	167
Beam_2_3_14	17793	0.037112	0.2898	0.018594	2	3	167
Beam_2_3_14	17773	0.037112	0.2898	0.017374	2	3	167
Beam_2_3_14	17758	0.024754	0.29005	0.017196	2	3	167
Beam_2_3_14	17802	0.024754	0.29005	0.018419	2	3	167
Beam_2_3_14	17806	0.03426	0.29005	0.018419	2	3	167
Beam_2_3_14	17754	0.034261	0.29005	0.017196	2	3	167
Beam_2_3_14	17803	0.022367	0.29068	0.017978	2	3	167
Beam_2_3_14	17759	0.022367	0.29068	0.016745	2	3	167
Beam_2_3_14	17805	0.03664	0.29068	0.017978	2	3	167
Beam_2_3_14	17753	0.03664	0.29068	0.016745	2	3	167
Beam_2_3_14	25520	0.02	0.2918	0.016529	2	3	167
Beam_2_3_14	25523	0.02475	0.2918	0.016529	2	3	167
Beam_2_3_14	25522	0.0295	0.2918	0.016529	2	3	167
Beam_2_3_14	25521	0.03425	0.2918	0.016529	2	3	167
Beam_2_3_14	25519	0.039	0.2918	0.016529	2	3	167
Beam_2_3_15	16471	0.02159	0.29273	0.016457	2	3	113
Beam_2_3_15	16457	0.02159	0.29273	0.015189	2	3	113
Beam_2_3_15	16447	0.03741	0.29273	0.015189	2	3	113
Beam_2_3_15	16473	0.03741	0.29273	0.016457	2	3	113
Beam_2_3_15	16470	0.02317	0.29314	0.016135	2	3	113
Beam_2_3_15	16456	0.023171	0.29314	0.01486	2	3	113
Beam_2_3_15	16448	0.035829	0.29314	0.01486	2	3	113
Beam_2_3_15	16474	0.03583	0.29314	0.016135	2	3	113
Beam_2_3_15	16455	0.024759	0.29356	0.014523	2	3	113
Beam_2_3_15	16469	0.024759	0.29356	0.015807	2	3	113
Beam_2_3_15	16475	0.034241	0.29356	0.015807	2	3	113
Beam_2_3_15	16449	0.034241	0.29356	0.014523	2	3	113
Beam_2_3_15	16498	0.021907	0.29381	0.015606	2	3	113
Beam_2_3_15	16422	0.021908	0.29381	0.014317	2	3	113
Beam_2_3_15	16484	0.037097	0.29382	0.015596	2	3	113
Beam_2_3_15	16440	0.037097	0.29382	0.014307	2	3	113
Beam_2_3_15	16468	0.026337	0.29397	0.015475	2	3	113
Beam_2_3_15	16454	0.026337	0.29397	0.014183	2	3	113
Beam_2_3_15	16476	0.032663	0.29397	0.015475	2	3	113
Beam_2_3_15	16450	0.032663	0.29397	0.014183	2	3	113
Beam_2_3_15	16497	0.0238	0.29431	0.015203	2	3	113
Beam_2_3_15	16421	0.023801	0.29431	0.013905	2	3	113
Beam_2_3_15	16483	0.035208	0.29432	0.015195	2	3	113
Beam_2_3_15	16439	0.035208	0.29432	0.013897	2	3	113
Beam_2_3_15	16453	0.027924	0.29439	0.013836	2	3	113
Beam_2_3_15	16467	0.027924	0.29439	0.015136	2	3	113
Beam_2_3_15	16451	0.031076	0.29439	0.013836	2	3	113
Beam_2_3_15	16477	0.031076	0.29439	0.015136	2	3	113
Beam_2_3_15	16452	0.0295	0.2948	0.013486	2	3	113
Beam_2_3_15	16472	0.0295	0.2948	0.014794	2	3	113
Beam_2_3_15	16496	0.025705	0.29481	0.01479	2	3	113
Beam_2_3_15	16420	0.025705	0.29481	0.013482	2	3	113
Beam_2_3_15	16482	0.033307	0.29481	0.014785	2	3	113
Beam_2_3_15	16438	0.033307	0.29481	0.013476	2	3	113
Beam_2_3_15	16499	0.027595	0.2953	0.014373	2	3	113
Beam_2_3_15	16419	0.027595	0.2953	0.013055	2	3	113
Beam_2_3_15	16481	0.031422	0.29531	0.01437	2	3	113
Beam_2_3_15	16437	0.031422	0.29531	0.013051	2	3	113
Beam_2_3_15	16418	0.025686	0.2958	0.012614	2	3	113
Beam_2_3_15	16502	0.025686	0.2958	0.013944	2	3	113
Beam_2_3_15	16430	0.029514	0.29581	0.012612	2	3	113
Beam_2_3_15	16490	0.029514	0.29581	0.013942	2	3	113
Beam_2_3_15	16480	0.033326	0.29581	0.013941	2	3	113
Beam_2_3_15	16445	0.033326	0.29581	0.012611	2	3	113
Beam_2_3_15	16431	0.02792	0.29622	0.012239	2	3	113
Beam_2_3_15	16485	0.02792	0.29622	0.013578	2	3	113
Beam_2_3_15	16495	0.031103	0.29622	0.013578	2	3	113
Beam_2_3_15	16429	0.031104	0.29622	0.012239	2	3	113
Beam_2_3_15	16417	0.023794	0.2963	0.012169	2	3	113
Beam_2_3_15	16501	0.023794	0.2963	0.01351	2	3	113
Beam_2_3_15	16479	0.035214	0.2963	0.013508	2	3	113
Beam_2_3_15	16444	0.035215	0.2963	0.012167	2	3	113
Beam_2_3_15	16432	0.026337	0.29664	0.011862	2	3	113
Beam_2_3_15	16486	0.026338	0.29664	0.013211	2	3	113
Beam_2_3_15	16494	0.032681	0.29664	0.013211	2	3	113
Beam_2_3_15	16428	0.032682	0.29664	0.011862	2	3	113
Beam_2_3_15	16416	0.021888	0.2968	0.011712	2	3	113
Beam_2_3_15	16500	0.021888	0.2968	0.013065	2	3	113
Beam_2_3_15	16478	0.037116	0.2968	0.013064	2	3	113
Beam_2_3_15	16443	0.037116	0.2968	0.011711	2	3	113
Beam_2_3_15	16433	0.024745	0.29705	0.011477	2	3	113
Beam_2_3_15	16487	0.024746	0.29705	0.012836	2	3	113
Beam_2_3_15	16493	0.034268	0.29705	0.012836	2	3	113
Beam_2_3_15	16427	0.034269	0.29705	0.011477	2	3	113
Beam_2_3_15	16434	0.023166	0.29747	0.011088	2	3	113
Beam_2_3_15	16488	0.023166	0.29747	0.012457	2	3	113
Beam_2_3_15	16492	0.035843	0.29747	0.012457	2	3	113
Beam_2_3_15	16426	0.035844	0.29747	0.011088	2	3	113
Beam_2_3_15	16435	0.021577	0.29788	0.010691	2	3	113
Beam_2_3_15	16489	0.021577	0.29788	0.01207	2	3	113
Beam_2_3_15	16425	0.037428	0.29788	0.010691	2	3	113
Beam_2_3_15	16491	0.037428	0.29788	0.01207	2	3	113
Beam_2_3_15	25565	0.02	0.29899	0.010367	2	3	113
Beam_2_3_15	25568	0.02475	0.29899	0.010367	2	3	113
Beam_2_3_15	25567	0.0295	0.29899	0.010367	2	3	113
Beam_2_3_15	25566	0.03425	0.29899	0.010367	2	3	113
Beam_2_3_15	25564	0.039	0.29899	0.010367	2	3	113
Beam_3_1_2	24764	0.04	0.00080961	0.010193	3	1	3
Beam_3_1_2	24767	0.04475	0.00080961	0.010193	3	1	3
Beam_3_1_2	24766	0.0495	0.00080961	0.010193	3	1	3
Beam_3_1_2	24765	0.05425	0.00080961	0.010193	3	1	3
Beam_3_1_2	24763	0.059	0.00080961	0.010193	3	1	3
Beam_3_1_1	15239	0.041574	0.0017229	0.011699	3	1	71
Beam_3_1_1	15225	0.041574	0.0017229	0.010308	3	1	71
Beam_3_1_1	15184	0.057426	0.0017229	0.010308	3	1	71
Beam_3_1_1	15266	0.057426	0.0017229	0.011699	3	1	71
Beam_3_1_1	15224	0.043161	0.0021394	0.010713	3	1	71
Beam_3_1_1	15185	0.055839	0.0021394	0.010713	3	1	71
Beam_3_1_1	15238	0.043161	0.0021395	0.012092	3	1	71
Beam_3_1_1	15267	0.055839	0.0021395	0.012092	3	1	71
Beam_3_1_1	15223	0.044738	0.0025533	0.011108	3	1	71
Beam_3_1_1	15186	0.054262	0.0025533	0.011108	3	1	71
Beam_3_1_1	15237	0.044738	0.0025534	0.012477	3	1	71
Beam_3_1_1	15268	0.054262	0.0025534	0.012477	3	1	71
Beam_3_1_1	15209	0.041888	0.0028053	0.011346	3	1	71
Beam_3_1_1	15253	0.041888	0.0028054	0.012708	3	1	71
Beam_3_1_1	15218	0.057116	0.0028175	0.011357	3	1	71
Beam_3_1_1	15241	0.057116	0.0028176	0.012719	3	1	71
Beam_3_1_1	15222	0.046328	0.0029705	0.0115	3	1	71
Beam_3_1_1	15187	0.052672	0.0029705	0.0115	3	1	71
Beam_3_1_1	15236	0.046328	0.0029706	0.012858	3	1	71
Beam_3_1_1	15269	0.052672	0.0029706	0.012858	3	1	71
Beam_3_1_1	15208	0.043794	0.0033054	0.01181	3	1	71
Beam_3_1_1	15252	0.043794	0.0033055	0.01316	3	1	71
Beam_3_1_1	15219	0.055215	0.003315	0.011819	3	1	71
Beam_3_1_1	15242	0.055215	0.0033151	0.013169	3	1	71
Beam_3_1_1	15221	0.047908	0.0033852	0.011883	3	1	71
Beam_3_1_1	15188	0.051092	0.0033852	0.011883	3	1	71
Beam_3_1_1	15235	0.047908	0.0033853	0.013232	3	1	71
Beam_3_1_1	15270	0.051092	0.0033853	0.013232	3	1	71
Beam_3_1_1	15251	0.045686	0.0038021	0.013601	3	1	71
Beam_3_1_1	15207	0.045686	0.0038021	0.012262	3	1	71
Beam_3_1_1	15189	0.0495	0.0038031	0.012263	3	1	71
Beam_3_1_1	15240	0.0495	0.0038031	0.013602	3	1	71
Beam_3_1_1	15220	0.053327	0.0038091	0.012268	3	1	71
Beam_3_1_1	15243	0.053326	0.0038092	0.013607	3	1	71
Beam_3_1_1	15199	0.047595	0.0043031	0.012709	3	1	71
Beam_3_1_1	15254	0.047595	0.0043031	0.014037	3	1	71
Beam_3_1_1	15190	0.051422	0.0043075	0.012713	3	1	71
Beam_3_1_1	15244	0.051422	0.0043075	0.01404	3	1	71
Beam_3_1_1	15198	0.045706	0.0047989	0.013143	3	1	71
Beam_3_1_1	15262	0.045705	0.004799	0.01446	3	1	71
Beam_3_1_1	15191	0.053307	0.0048023	0.013146	3	1	71
Beam_3_1_1	15263	0.053307	0.0048023	0.014463	3	1	71
Beam_3_1_1	15250	0.049514	0.0048068	0.014466	3	1	71
Beam_3_1_1	15206	0.049514	0.0048068	0.01315	3	1	71
Beam_3_1_1	15211	0.047936	0.0052198	0.013505	3	1	71
Beam_3_1_1	15245	0.047936	0.0052198	0.014813	3	1	71
Beam_3_1_1	15259	0.051088	0.0052198	0.014813	3	1	71
Beam_3_1_1	15205	0.051088	0.0052198	0.013505	3	1	71
Beam_3_1_1	15261	0.0438	0.0052989	0.014879	3	1	71
Beam_3_1_1	15197	0.043801	0.0052989	0.013573	3	1	71
Beam_3_1_1	15192	0.055208	0.0053011	0.013575	3	1	71
Beam_3_1_1	15264	0.055208	0.0053012	0.014881	3	1	71
Beam_3_1_1	15212	0.046347	0.0056355	0.013857	3	1	71
Beam_3_1_1	15204	0.052672	0.0056355	0.013857	3	1	71
Beam_3_1_1	15246	0.046347	0.0056356	0.015156	3	1	71
Beam_3_1_1	15258	0.052672	0.0056356	0.015156	3	1	71
Beam_3_1_1	15196	0.041908	0.0057957	0.013991	3	1	71
Beam_3_1_1	15260	0.041908	0.0057957	0.015287	3	1	71
Beam_3_1_1	15193	0.057096	0.0057968	0.013992	3	1	71
Beam_3_1_1	15265	0.057097	0.0057968	0.015288	3	1	71
Beam_3_1_1	15213	0.044766	0.0060491	0.014202	3	1	71
Beam_3_1_1	15203	0.054248	0.0060491	0.014202	3	1	71
Beam_3_1_1	15247	0.044766	0.0060492	0.015493	3	1	71
Beam_3_1_1	15257	0.054248	0.0060492	0.015493	3	1	71
Beam_3_1_1	15214	0.043176	0.0064654	0.014543	3	1	71
Beam_3_1_1	15202	0.055834	0.0064654	0.014543	3	1	71
Beam_3_1_1	15248	0.043175	0.0064655	0.015826	3	1	71
Beam_3_1_1	15256	0.055834	0.0064655	0.015826	3	1	71
Beam_3_1_1	15215	0.041593	0.0068796	0.014877	3	1	71
Beam_3_1_1	15201	0.057412	0.0068796	0.014877	3	1	71
Beam_3_1_1	15249	0.041593	0.0068797	0.016152	3	1	71
Beam_3_1_1	15255	0.057412	0.0068797	0.016152	3	1	71
Beam_3_1_1	24719	0.04	0.0078019	0.016231	3	1	71
Beam_3_1_1	24722	0.04475	0.0078019	0.016231	3	1	71
Beam_3_1_1	24721	0.0495	0.0078019	0.016231	3	1	71
Beam_3_1_1	24720	0.05425	0.0078019	0.016231	3	1	71
Beam_3_1_1	24718	0.059	0.0078019	0.016231	3	1	71
Beam_3_1_3	16751	0.042363	0.00893	0.016456	3	1	125
Beam_3_1_3	16745	0.056637	0.00893	0.016456	3	1	125
Beam_3_1_3	16795	0.042363	0.0089301	0.017696	3	1	125
Beam_3_1_3	16797	0.056637	0.0089301	0.017696	3	1	125
Beam_3_1_3	16750	0.044746	0.0095555	0.016914	3	1	125
Beam_3_1_3	16794	0.044747	0.0095555	0.018144	3	1	125
Beam_3_1_3	16798	0.054253	0.0095555	0.018144	3	1	125
Beam_3_1_3	16746	0.054254	0.0095555	0.016914	3	1	125
Beam_3_1_3	16769	0.041892	0.0098062	0.017095	3	1	125
Beam_3_1_3	16781	0.041892	0.0098063	0.01832	3	1	125
Beam_3_1_3	16741	0.057113	0.0098184	0.017103	3	1	125
Beam_3_1_3	16800	0.057112	0.0098185	0.018329	3	1	125
Beam_3_1_3	16793	0.047114	0.010177	0.018579	3	1	125
Beam_3_1_3	16749	0.047114	0.010177	0.017358	3	1	125
Beam_3_1_3	16799	0.051886	0.010177	0.018579	3	1	125
Beam_3_1_3	16747	0.051886	0.010177	0.017358	3	1	125
Beam_3_1_3	16780	0.043795	0.010306	0.018668	3	1	125
Beam_3_1_3	16768	0.043795	0.010306	0.017449	3	1	125
Beam_3_1_3	16742	0.055213	0.010315	0.017456	3	1	125
Beam_3_1_3	16801	0.055213	0.010316	0.018674	3	1	125
Beam_3_1_3	16767	0.045689	0.010803	0.017796	3	1	125
Beam_3_1_3	16779	0.045689	0.010803	0.019007	3	1	125
Beam_3_1_3	16748	0.0495	0.010803	0.017796	3	1	125
Beam_3_1_3	16796	0.0495	0.010803	0.019007	3	1	125
Beam_3_1_3	16802	0.053323	0.01081	0.019011	3	1	125
Beam_3_1_3	16743	0.053323	0.01081	0.017801	3	1	125
Beam_3_1_3	16766	0.047595	0.011303	0.018138	3	1	125
Beam_3_1_3	16782	0.047595	0.011303	0.019342	3	1	125
Beam_3_1_3	16735	0.051422	0.011308	0.018141	3	1	125
Beam_3_1_3	16803	0.051422	0.011308	0.019345	3	1	125
Beam_3_1_3	16765	0.045703	0.0118	0.018471	3	1	125
Beam_3_1_3	16785	0.045703	0.0118	0.019668	3	1	125
Beam_3_1_3	16804	0.05331	0.011803	0.01967	3	1	125
Beam_3_1_3	16736	0.05331	0.011803	0.018473	3	1	125
Beam_3_1_3	16757	0.049514	0.011807	0.018476	3	1	125
Beam_3_1_3	16789	0.049514	0.011807	0.019673	3	1	125
Beam_3_1_3	16784	0.043799	0.012299	0.01999	3	1	125
Beam_3_1_3	16764	0.043799	0.012299	0.0188	3	1	125
Beam_3_1_3	16805	0.055209	0.012301	0.019992	3	1	125
Beam_3_1_3	16737	0.055209	0.012301	0.018801	3	1	125
Beam_3_1_3	16758	0.047145	0.012427	0.018883	3	1	125
Beam_3_1_3	16786	0.047145	0.012427	0.020072	3	1	125
Beam_3_1_3	16792	0.051876	0.012427	0.020072	3	1	125
Beam_3_1_3	16756	0.051876	0.012427	0.018883	3	1	125
Beam_3_1_3	16783	0.041905	0.012796	0.020305	3	1	125
Beam_3_1_3	16763	0.041905	0.012796	0.019121	3	1	125
Beam_3_1_3	16738	0.057099	0.012798	0.019122	3	1	125
Beam_3_1_3	16806	0.057099	0.012798	0.020306	3	1	125
Beam_3_1_3	16759	0.04476	0.013051	0.019283	3	1	125
Beam_3_1_3	16787	0.04476	0.013051	0.020464	3	1	125
Beam_3_1_3	16755	0.054254	0.013051	0.019283	3	1	125
Beam_3_1_3	16791	0.054254	0.013051	0.020464	3	1	125
Beam_3_1_3	16760	0.042388	0.013672	0.019672	3	1	125
Beam_3_1_3	16788	0.042388	0.013672	0.020845	3	1	125
Beam_3_1_3	16790	0.056619	0.013672	0.020845	3	1	125
Beam_3_1_3	16754	0.056619	0.013672	0.019672	3	1	125
Beam_3_1_3	24710	0.04	0.014802	0.020937	3	1	125
Beam_3_1_3	24713	0.04475	0.014802	0.020937	3	1	125
Beam_3_1_3	24712	0.0495	0.014802	0.020937	3	1	125
Beam_3_1_3	24711	0.05425	0.014802	0.020937	3	1	125
Beam_3_1_3	24709	0.059	0.014802	0.020937	3	1	125
Beam_3_1_4	18091	0.042367	0.015931	0.02216	3	1	179
Beam_3_1_4	18047	0.042367	0.015931	0.021013	3	1	179
Beam_3_1_4	18041	0.056633	0.015931	0.021013	3	1	179
Beam_3_1_4	18093	0.056633	0.015931	0.02216	3	1	179
Beam_3_1_4	18090	0.044748	0.016556	0.022504	3	1	179
Beam_3_1_4	18046	0.044748	0.016556	0.021363	3	1	179
Beam_3_1_4	18042	0.054252	0.016556	0.021363	3	1	179
Beam_3_1_4	18094	0.054252	0.016556	0.022504	3	1	179
Beam_3_1_4	18077	0.041894	0.016807	0.02264	3	1	179
Beam_3_1_4	18065	0.041894	0.016807	0.021502	3	1	179
Beam_3_1_4	18096	0.05711	0.016819	0.022646	3	1	179
Beam_3_1_4	18037	0.05711	0.016819	0.021508	3	1	179
Beam_3_1_4	18089	0.047117	0.017178	0.022838	3	1	179
Beam_3_1_4	18045	0.047117	0.017178	0.021704	3	1	179
Beam_3_1_4	18095	0.051883	0.017178	0.022838	3	1	179
Beam_3_1_4	18043	0.051883	0.017178	0.021704	3	1	179
Beam_3_1_4	18076	0.043796	0.017306	0.022906	3	1	179
Beam_3_1_4	18064	0.043796	0.017306	0.021773	3	1	179
Beam_3_1_4	18097	0.055212	0.017316	0.022911	3	1	179
Beam_3_1_4	18038	0.055212	0.017316	0.021778	3	1	179
Beam_3_1_4	18044	0.0495	0.017803	0.022038	3	1	179
Beam_3_1_4	18092	0.0495	0.017803	0.023166	3	1	179
Beam_3_1_4	18075	0.045691	0.017804	0.023166	3	1	179
Beam_3_1_4	18063	0.045691	0.017804	0.022038	3	1	179
Beam_3_1_4	18098	0.053321	0.017811	0.02317	3	1	179
Beam_3_1_4	18039	0.053321	0.017811	0.022042	3	1	179
Beam_3_1_4	18062	0.047595	0.018303	0.022299	3	1	179
Beam_3_1_4	18078	0.047595	0.018303	0.023423	3	1	179
Beam_3_1_4	18031	0.051422	0.018308	0.022301	3	1	179
Beam_3_1_4	18099	0.051422	0.018308	0.023425	3	1	179
Beam_3_1_4	18061	0.045701	0.0188	0.022553	3	1	179
Beam_3_1_4	18081	0.045701	0.0188	0.023673	3	1	179
Beam_3_1_4	18032	0.053312	0.018804	0.022555	3	1	179
Beam_3_1_4	18100	0.053312	0.018804	0.023674	3	1	179
Beam_3_1_4	18085	0.049514	0.018807	0.023676	3	1	179
Beam_3_1_4	18053	0.049514	0.018807	0.022557	3	1	179
Beam_3_1_4	18060	0.043799	0.019299	0.022804	3	1	179
Beam_3_1_4	18080	0.043799	0.019299	0.023919	3	1	179
Beam_3_1_4	18033	0.05521	0.019302	0.022805	3	1	179
Beam_3_1_4	18101	0.05521	0.019302	0.02392	3	1	179
Beam_3_1_4	18054	0.047142	0.019427	0.022867	3	1	179
Beam_3_1_4	18082	0.047142	0.019427	0.023981	3	1	179
Beam_3_1_4	18088	0.051879	0.019427	0.023981	3	1	179
Beam_3_1_4	18052	0.051879	0.019427	0.022867	3	1	179
Beam_3_1_4	18059	0.041903	0.019797	0.023049	3	1	179
Beam_3_1_4	18079	0.041903	0.019797	0.024159	3	1	179
Beam_3_1_4	18102	0.057101	0.019798	0.02416	3	1	179
Beam_3_1_4	18034	0.057101	0.019798	0.023049	3	1	179
Beam_3_1_4	18083	0.044759	0.020051	0.02428	3	1	179
Beam_3_1_4	18055	0.044759	0.020051	0.023172	3	1	179
Beam_3_1_4	18087	0.054255	0.020051	0.02428	3	1	179
Beam_3_1_4	18051	0.054255	0.020051	0.023172	3	1	179
Beam_3_1_4	18056	0.042385	0.020672	0.023467	3	1	179
Beam_3_1_4	18084	0.042385	0.020672	0.02457	3	1	179
Beam_3_1_4	18050	0.056622	0.020672	0.023467	3	1	179
Beam_3_1_4	18086	0.056622	0.020672	0.02457	3	1	179
Beam_3_1_4	24683	0.04	0.021802	0.024532	3	1	179
Beam_3_1_4	24686	0.04475	0.021802	0.024532	3	1	179
Beam_3_1_4	24685	0.0495	0.021802	0.024532	3	1	179
Beam_3_1_4	24684	0.05425	0.021802	0.024532	3	1	179
Beam_3_1_4	24682	0.059	0.021802	0.024532	3	1	179
Beam_3_1_5	19343	0.042369	0.022932	0.024479	3	1	233
Beam_3_1_5	19387	0.042369	0.022932	0.025565	3	1	233
Beam_3_1_5	19337	0.056631	0.022932	0.024479	3	1	233
Beam_3_1_5	19389	0.056631	0.022932	0.025565	3	1	233
Beam_3_1_5	19386	0.044749	0.023556	0.025823	3	1	233
Beam_3_1_5	19342	0.044749	0.023556	0.024742	3	1	233
Beam_3_1_5	19338	0.054251	0.023556	0.024742	3	1	233
Beam_3_1_5	19390	0.054251	0.023556	0.025823	3	1	233
Beam_3_1_5	19361	0.041895	0.023807	0.024845	3	1	233
Beam_3_1_5	19373	0.041895	0.023807	0.025925	3	1	233
Beam_3_1_5	19333	0.057109	0.023819	0.02485	3	1	233
Beam_3_1_5	19392	0.057109	0.023819	0.02593	3	1	233
Beam_3_1_5	19385	0.04712	0.024178	0.026074	3	1	233
Beam_3_1_5	19341	0.04712	0.024178	0.024996	3	1	233
Beam_3_1_5	19339	0.05188	0.024178	0.024996	3	1	233
Beam_3_1_5	19391	0.05188	0.024178	0.026074	3	1	233
Beam_3_1_5	19372	0.043797	0.024306	0.026124	3	1	233
Beam_3_1_5	19360	0.043797	0.024306	0.025048	3	1	233
Beam_3_1_5	19334	0.055212	0.024316	0.025052	3	1	233
Beam_3_1_5	19393	0.055212	0.024316	0.026128	3	1	233
Beam_3_1_5	19388	0.0495	0.024803	0.026318	3	1	233
Beam_3_1_5	19340	0.0495	0.024803	0.025245	3	1	233
Beam_3_1_5	19371	0.045693	0.024804	0.026318	3	1	233
Beam_3_1_5	19359	0.045693	0.024804	0.025245	3	1	233
Beam_3_1_5	19394	0.05332	0.024811	0.026321	3	1	233
Beam_3_1_5	19335	0.05332	0.024811	0.025248	3	1	233
Beam_3_1_5	19374	0.047595	0.025303	0.026509	3	1	233
Beam_3_1_5	19358	0.047595	0.025303	0.025439	3	1	233
Beam_3_1_5	19395	0.051422	0.025308	0.02651	3	1	233
Beam_3_1_5	19327	0.051422	0.025308	0.025441	3	1	233
Beam_3_1_5	19357	0.045699	0.025801	0.025627	3	1	233
Beam_3_1_5	19377	0.045699	0.025801	0.026694	3	1	233
Beam_3_1_5	19396	0.053313	0.025804	0.026695	3	1	233
Beam_3_1_5	19328	0.053313	0.025804	0.025629	3	1	233
Beam_3_1_5	19349	0.049514	0.025807	0.02563	3	1	233
Beam_3_1_5	19381	0.049514	0.025807	0.026696	3	1	233
Beam_3_1_5	19376	0.043798	0.0263	0.026876	3	1	233
Beam_3_1_5	19356	0.043798	0.0263	0.025812	3	1	233
Beam_3_1_5	19329	0.05521	0.026302	0.025813	3	1	233
Beam_3_1_5	19397	0.05521	0.026302	0.026877	3	1	233
Beam_3_1_5	19350	0.04714	0.026428	0.025859	3	1	233
Beam_3_1_5	19378	0.04714	0.026428	0.026922	3	1	233
Beam_3_1_5	19384	0.051881	0.026428	0.026922	3	1	233
Beam_3_1_5	19348	0.051881	0.026428	0.025859	3	1	233
Beam_3_1_5	19355	0.041902	0.026797	0.025992	3	1	233
Beam_3_1_5	19375	0.041902	0.026797	0.027053	3	1	233
Beam_3_1_5	19398	0.057103	0.026798	0.027053	3	1	233
Beam_3_1_5	19330	0.057103	0.026798	0.025992	3	1	233
Beam_3_1_5	19351	0.044758	0.027051	0.026082	3	1	233
Beam_3_1_5	19379	0.044758	0.027051	0.027142	3	1	233
Beam_3_1_5	19383	0.054256	0.027051	0.027142	3	1	233
Beam_3_1_5	19347	0.054256	0.027051	0.026082	3	1	233
Beam_3_1_5	19380	0.042383	0.027673	0.027354	3	1	233
Beam_3_1_5	19352	0.042383	0.027673	0.026298	3	1	233
Beam_3_1_5	19382	0.056624	0.027673	0.027354	3	1	233
Beam_3_1_5	19346	0.056624	0.027673	0.026298	3	1	233
Beam_3_1_5	24638	0.04	0.028803	0.027198	3	1	233
Beam_3_1_5	24641	0.04475	0.028803	0.027198	3	1	233
Beam_3_1_5	24640	0.0495	0.028803	0.027198	3	1	233
Beam_3_1_5	24639	0.05425	0.028803	0.027198	3	1	233
Beam_3_1_5	24637	0.059	0.028803	0.027198	3	1	233
Beam_3_1_6	20657	0.042371	0.029932	0.027027	3	1	287
Beam_3_1_6	20669	0.042371	0.029932	0.028072	3	1	287
Beam_3_1_6	20671	0.056629	0.029932	0.028072	3	1	287
Beam_3_1_6	20651	0.056629	0.029932	0.027027	3	1	287
Beam_3_1_6	20656	0.044749	0.030556	0.027214	3	1	287
Beam_3_1_6	20668	0.044749	0.030556	0.028256	3	1	287
Beam_3_1_6	20672	0.054251	0.030556	0.028256	3	1	287
Beam_3_1_6	20652	0.054251	0.030556	0.027214	3	1	287
Beam_3_1_6	20639	0.041896	0.030808	0.027287	3	1	287
Beam_3_1_6	20683	0.041896	0.030808	0.028328	3	1	287
Beam_3_1_6	20647	0.057108	0.03082	0.027291	3	1	287
Beam_3_1_6	20674	0.057108	0.03082	0.028331	3	1	287
Beam_3_1_6	20655	0.047121	0.031179	0.027394	3	1	287
Beam_3_1_6	20667	0.047121	0.031179	0.028432	3	1	287
Beam_3_1_6	20653	0.051879	0.031179	0.027394	3	1	287
Beam_3_1_6	20673	0.051879	0.031179	0.028432	3	1	287
Beam_3_1_6	20682	0.043797	0.031306	0.028468	3	1	287
Beam_3_1_6	20638	0.043797	0.031306	0.02743	3	1	287
Beam_3_1_6	20675	0.055212	0.031316	0.028471	3	1	287
Beam_3_1_6	20648	0.055212	0.031316	0.027432	3	1	287
Beam_3_1_6	20654	0.0495	0.031803	0.027567	3	1	287
Beam_3_1_6	20670	0.0495	0.031803	0.028604	3	1	287
Beam_3_1_6	20681	0.045694	0.031804	0.028604	3	1	287
Beam_3_1_6	20637	0.045694	0.031804	0.027568	3	1	287
Beam_3_1_6	20649	0.053319	0.031811	0.02757	3	1	287
Beam_3_1_6	20676	0.053319	0.031811	0.028606	3	1	287
Beam_3_1_6	20684	0.047595	0.032303	0.028736	3	1	287
Beam_3_1_6	20636	0.047595	0.032303	0.027702	3	1	287
Beam_3_1_6	20641	0.051422	0.032308	0.027703	3	1	287
Beam_3_1_6	20677	0.051422	0.032308	0.028737	3	1	287
Beam_3_1_6	20687	0.045698	0.032801	0.028864	3	1	287
Beam_3_1_6	20635	0.045698	0.032801	0.027832	3	1	287
Beam_3_1_6	20678	0.053314	0.032804	0.028865	3	1	287
Beam_3_1_6	20642	0.053314	0.032804	0.027833	3	1	287
Beam_3_1_6	20691	0.049514	0.032807	0.028866	3	1	287
Beam_3_1_6	20627	0.049514	0.032807	0.027834	3	1	287
Beam_3_1_6	20686	0.043798	0.0333	0.028989	3	1	287
Beam_3_1_6	20634	0.043798	0.0333	0.027959	3	1	287
Beam_3_1_6	20643	0.055211	0.033302	0.027959	3	1	287
Beam_3_1_6	20679	0.055211	0.033302	0.028989	3	1	287
Beam_3_1_6	20628	0.047139	0.033428	0.027991	3	1	287
Beam_3_1_6	20688	0.047139	0.033428	0.02902	3	1	287
Beam_3_1_6	20626	0.051882	0.033428	0.027991	3	1	287
Beam_3_1_6	20694	0.051882	0.033428	0.02902	3	1	287
Beam_3_1_6	20685	0.041901	0.033798	0.029109	3	1	287
Beam_3_1_6	20633	0.041901	0.033798	0.028081	3	1	287
Beam_3_1_6	20644	0.057104	0.033799	0.028081	3	1	287
Beam_3_1_6	20680	0.057104	0.033799	0.02911	3	1	287
Beam_3_1_6	20629	0.044758	0.034051	0.028142	3	1	287
Beam_3_1_6	20689	0.044758	0.034051	0.029169	3	1	287
Beam_3_1_6	20693	0.054256	0.034051	0.029169	3	1	287
Beam_3_1_6	20625	0.054256	0.034051	0.028142	3	1	287
Beam_3_1_6	20690	0.042381	0.034673	0.029312	3	1	287
Beam_3_1_6	20630	0.042381	0.034673	0.028286	3	1	287
Beam_3_1_6	20692	0.056626	0.034673	0.029312	3	1	287
Beam_3_1_6	20624	0.056626	0.034673	0.028286	3	1	287
Beam_3_1_6	24629	0.04	0.035803	0.029044	3	1	287
Beam_3_1_6	24632	0.04475	0.035803	0.029044	3	1	287
Beam_3_1_6	24631	0.0495	0.035803	0.029044	3	1	287
Beam_3_1_6	24630	0.05425	0.035803	0.029044	3	1	287
Beam_3_1_6	24628	0.059	0.035803	0.029044	3	1	287
Beam_3_1_7	21965	0.042373	0.036932	0.02978	3	1	341
Beam_3_1_7	21953	0.042373	0.036932	0.028762	3	1	341
Beam_3_1_7	21967	0.056627	0.036932	0.02978	3	1	341
Beam_3_1_7	21947	0.056627	0.036932	0.028762	3	1	341
Beam_3_1_7	21952	0.044749	0.037556	0.028879	3	1	341
Beam_3_1_7	21964	0.044749	0.037556	0.029895	3	1	341
Beam_3_1_7	21948	0.054251	0.037556	0.028879	3	1	341
Beam_3_1_7	21968	0.054251	0.037556	0.029895	3	1	341
Beam_3_1_7	21935	0.041897	0.037808	0.028924	3	1	341
Beam_3_1_7	21979	0.041897	0.037808	0.02994	3	1	341
Beam_3_1_7	21970	0.057107	0.03782	0.029942	3	1	341
Beam_3_1_7	21943	0.057107	0.03782	0.028927	3	1	341
Beam_3_1_7	21951	0.047123	0.038179	0.02899	3	1	341
Beam_3_1_7	21963	0.047123	0.038179	0.030005	3	1	341
Beam_3_1_7	21969	0.051877	0.038179	0.030005	3	1	341
Beam_3_1_7	21949	0.051877	0.038179	0.02899	3	1	341
Beam_3_1_7	21978	0.043797	0.038306	0.030027	3	1	341
Beam_3_1_7	21934	0.043797	0.038306	0.029012	3	1	341
Beam_3_1_7	21944	0.055211	0.038316	0.029014	3	1	341
Beam_3_1_7	21971	0.055211	0.038316	0.030028	3	1	341
Beam_3_1_7	21950	0.0495	0.038803	0.029096	3	1	341
Beam_3_1_7	21966	0.0495	0.038803	0.030109	3	1	341
Beam_3_1_7	21977	0.045695	0.038804	0.030109	3	1	341
Beam_3_1_7	21933	0.045695	0.038804	0.029096	3	1	341
Beam_3_1_7	21945	0.053318	0.038811	0.029097	3	1	341
Beam_3_1_7	21972	0.053318	0.038811	0.03011	3	1	341
Beam_3_1_7	21932	0.047595	0.039303	0.029176	3	1	341
Beam_3_1_7	21980	0.047595	0.039303	0.030188	3	1	341
Beam_3_1_7	21973	0.051422	0.039308	0.030189	3	1	341
Beam_3_1_7	21937	0.051422	0.039308	0.029177	3	1	341
Beam_3_1_7	21983	0.045697	0.039801	0.030263	3	1	341
Beam_3_1_7	21931	0.045697	0.039801	0.029252	3	1	341
Beam_3_1_7	21938	0.053315	0.039804	0.029253	3	1	341
Beam_3_1_7	21974	0.053315	0.039804	0.030264	3	1	341
Beam_3_1_7	21987	0.049514	0.039807	0.030264	3	1	341
Beam_3_1_7	21923	0.049514	0.039807	0.029253	3	1	341
Beam_3_1_7	21982	0.043798	0.0403	0.030335	3	1	341
Beam_3_1_7	21930	0.043798	0.0403	0.029325	3	1	341
Beam_3_1_7	21939	0.055211	0.040302	0.029325	3	1	341
Beam_3_1_7	21975	0.055211	0.040302	0.030335	3	1	341
Beam_3_1_7	21924	0.047137	0.040429	0.029343	3	1	341
Beam_3_1_7	21984	0.047137	0.040429	0.030353	3	1	341
Beam_3_1_7	21990	0.051884	0.040429	0.030353	3	1	341
Beam_3_1_7	21922	0.051884	0.040429	0.029343	3	1	341
Beam_3_1_7	21981	0.0419	0.040798	0.030403	3	1	341
Beam_3_1_7	21929	0.0419	0.040798	0.029394	3	1	341
Beam_3_1_7	21940	0.057104	0.040799	0.029394	3	1	341
Beam_3_1_7	21976	0.057104	0.040799	0.030403	3	1	341
Beam_3_1_7	21925	0.044757	0.041051	0.029427	3	1	341
Beam_3_1_7	21985	0.044757	0.041051	0.030436	3	1	341
Beam_3_1_7	21989	0.054257	0.041051	0.030436	3	1	341
Beam_3_1_7	21921	0.054257	0.041051	0.029427	3	1	341
Beam_3_1_7	21926	0.04238	0.041674	0.029506	3	1	341
Beam_3_1_7	21986	0.04238	0.041674	0.030513	3	1	341
Beam_3_1_7	21920	0.056627	0.041674	0.029506	3	1	341
Beam_3_1_7	21988	0.056627	0.041674	0.030513	3	1	341
Beam_3_1_7	24584	0.04	0.042803	0.030136	3	1	341
Beam_3_1_7	24587	0.04475	0.042803	0.030136	3	1	341
Beam_3_1_7	24586	0.0495	0.042803	0.030136	3	1	341
Beam_3_1_7	24585	0.05425	0.042803	0.030136	3	1	341
Beam_3_1_7	24583	0.059	0.042803	0.030136	3	1	341
Beam_3_1_8	23250	0.042374	0.043933	0.029743	3	1	395
Beam_3_1_8	23255	0.042374	0.043933	0.030747	3	1	395
Beam_3_1_8	23243	0.056626	0.043933	0.029743	3	1	395
Beam_3_1_8	23263	0.056626	0.043933	0.030747	3	1	395
Beam_3_1_8	23249	0.04475	0.044556	0.029795	3	1	395
Beam_3_1_8	23254	0.04475	0.044556	0.030798	3	1	395
Beam_3_1_8	23264	0.05425	0.044556	0.030798	3	1	395
Beam_3_1_8	23244	0.05425	0.044556	0.029795	3	1	395
Beam_3_1_8	23231	0.041898	0.044808	0.029815	3	1	395
Beam_3_1_8	23275	0.041898	0.044808	0.030817	3	1	395
Beam_3_1_8	23239	0.057106	0.04482	0.029816	3	1	395
Beam_3_1_8	23266	0.057106	0.04482	0.030818	3	1	395
Beam_3_1_8	23253	0.047124	0.04518	0.030844	3	1	395
Beam_3_1_8	23248	0.047124	0.04518	0.029842	3	1	395
Beam_3_1_8	23245	0.051876	0.04518	0.029842	3	1	395
Beam_3_1_8	23265	0.051876	0.04518	0.030844	3	1	395
Beam_3_1_8	23230	0.043797	0.045306	0.02985	3	1	395
Beam_3_1_8	23274	0.043797	0.045306	0.030853	3	1	395
Beam_3_1_8	23240	0.055211	0.045316	0.029851	3	1	395
Beam_3_1_8	23267	0.055211	0.045316	0.030853	3	1	395
Beam_3_1_8	23246	0.0495	0.045803	0.029882	3	1	395
Beam_3_1_8	23256	0.0495	0.045803	0.030884	3	1	395
Beam_3_1_8	23229	0.045696	0.045805	0.029883	3	1	395
Beam_3_1_8	23273	0.045696	0.045805	0.030884	3	1	395
Beam_3_1_8	23268	0.053317	0.045812	0.030885	3	1	395
Beam_3_1_8	23241	0.053317	0.045812	0.029883	3	1	395
Beam_3_1_8	23228	0.047595	0.046303	0.029911	3	1	395
Beam_3_1_8	23276	0.047595	0.046303	0.030913	3	1	395
Beam_3_1_8	23269	0.051422	0.046308	0.030913	3	1	395
Beam_3_1_8	23233	0.051422	0.046308	0.029911	3	1	395
Beam_3_1_8	23279	0.045697	0.046801	0.030937	3	1	395
Beam_3_1_8	23227	0.045697	0.046801	0.029936	3	1	395
Beam_3_1_8	23234	0.053316	0.046805	0.029936	3	1	395
Beam_3_1_8	23270	0.053316	0.046805	0.030937	3	1	395
Beam_3_1_8	23283	0.049514	0.046807	0.030937	3	1	395
Beam_3_1_8	23219	0.049514	0.046807	0.029936	3	1	395
Beam_3_1_8	23278	0.043798	0.0473	0.030958	3	1	395
Beam_3_1_8	23226	0.043798	0.0473	0.029957	3	1	395
Beam_3_1_8	23271	0.055211	0.047302	0.030958	3	1	395
Beam_3_1_8	23235	0.055211	0.047302	0.029957	3	1	395
Beam_3_1_8	23280	0.047136	0.047429	0.030963	3	1	395
Beam_3_1_8	23220	0.047136	0.047429	0.029962	3	1	395
Beam_3_1_8	23218	0.051885	0.047429	0.029962	3	1	395
Beam_3_1_8	23286	0.051885	0.047429	0.030963	3	1	395
Beam_3_1_8	23277	0.041899	0.047798	0.030976	3	1	395
Beam_3_1_8	23225	0.041899	0.047798	0.029975	3	1	395
Beam_3_1_8	23236	0.057105	0.047799	0.029975	3	1	395
Beam_3_1_8	23272	0.057105	0.047799	0.030976	3	1	395
Beam_3_1_8	23221	0.044757	0.048052	0.029983	3	1	395
Beam_3_1_8	23281	0.044757	0.048052	0.030983	3	1	395
Beam_3_1_8	23285	0.054257	0.048052	0.030983	3	1	395
Beam_3_1_8	23217	0.054257	0.048052	0.029983	3	1	395
Beam_3_1_8	23282	0.042379	0.048674	0.030998	3	1	395
Beam_3_1_8	23222	0.042379	0.048674	0.029997	3	1	395
Beam_3_1_8	23284	0.056628	0.048674	0.030998	3	1	395
Beam_3_1_8	23216	0.056628	0.048674	0.029997	3	1	395
Beam_3_1_8	24575	0.04	0.049803	0.030509	3	1	395
Beam_3_1_8	24578	0.04475	0.049803	0.030509	3	1	395
Beam_3_1_8	24577	0.0495	0.049803	0.030509	3	1	395
Beam_3_1_8	24576	0.05425	0.049803	0.030509	3	1	395
Beam_3_1_8	24574	0.059	0.049803	0.030509	3	1	395
Beam_3_1_9	23870	0.042375	0.050933	0.030004	3	1	422
Beam_3_1_9	23930	0.042375	0.050933	0.031004	3	1	422
Beam_3_1_9	23932	0.056625	0.050933	0.031004	3	1	422
Beam_3_1_9	23864	0.056625	0.050933	0.030004	3	1	422
Beam_3_1_9	23929	0.04475	0.051556	0.030993	3	1	422
Beam_3_1_9	23869	0.04475	0.051556	0.029993	3	1	422
Beam_3_1_9	23933	0.05425	0.051556	0.030993	3	1	422
Beam_3_1_9	23865	0.05425	0.051556	0.029993	3	1	422
Beam_3_1_9	23888	0.041899	0.051808	0.029987	3	1	422
Beam_3_1_9	23916	0.041899	0.051808	0.030987	3	1	422
Beam_3_1_9	23921	0.057105	0.05182	0.030987	3	1	422
Beam_3_1_9	23878	0.057105	0.05182	0.029986	3	1	422
Beam_3_1_9	23868	0.047125	0.05218	0.029976	3	1	422
Beam_3_1_9	23928	0.047125	0.05218	0.030976	3	1	422
Beam_3_1_9	23866	0.051875	0.05218	0.029976	3	1	422
Beam_3_1_9	23934	0.051875	0.05218	0.030976	3	1	422
Beam_3_1_9	23887	0.043798	0.052306	0.029972	3	1	422
Beam_3_1_9	23915	0.043798	0.052306	0.030972	3	1	422
Beam_3_1_9	23879	0.055211	0.052316	0.029971	3	1	422
Beam_3_1_9	23922	0.055211	0.052316	0.030972	3	1	422
Beam_3_1_9	23867	0.0495	0.052803	0.029953	3	1	422
Beam_3_1_9	23931	0.0495	0.052803	0.030954	3	1	422
Beam_3_1_9	23886	0.045696	0.052805	0.029953	3	1	422
Beam_3_1_9	23914	0.045696	0.052805	0.030954	3	1	422
Beam_3_1_9	23923	0.053316	0.052812	0.030954	3	1	422
Beam_3_1_9	23880	0.053316	0.052812	0.029953	3	1	422
Beam_3_1_9	23885	0.047595	0.053303	0.029931	3	1	422
Beam_3_1_9	23917	0.047595	0.053303	0.030932	3	1	422
Beam_3_1_9	23872	0.051422	0.053308	0.029931	3	1	422
Beam_3_1_9	23924	0.051422	0.053308	0.030932	3	1	422
Beam_3_1_9	23920	0.045696	0.053802	0.030907	3	1	422
Beam_3_1_9	23884	0.045696	0.053802	0.029905	3	1	422
Beam_3_1_9	23925	0.053317	0.053805	0.030907	3	1	422
Beam_3_1_9	23873	0.053317	0.053805	0.029905	3	1	422
Beam_3_1_9	23894	0.049514	0.053807	0.029905	3	1	422
Beam_3_1_9	23910	0.049514	0.053807	0.030907	3	1	422
Beam_3_1_9	23919	0.043797	0.0543	0.030878	3	1	422
Beam_3_1_9	23883	0.043797	0.0543	0.029876	3	1	422
Beam_3_1_9	23874	0.055211	0.054302	0.029876	3	1	422
Beam_3_1_9	23926	0.055211	0.054302	0.030878	3	1	422
Beam_3_1_9	23895	0.047135	0.054429	0.029868	3	1	422
Beam_3_1_9	23907	0.047135	0.054429	0.03087	3	1	422
Beam_3_1_9	23913	0.051886	0.054429	0.03087	3	1	422
Beam_3_1_9	23893	0.051886	0.054429	0.029868	3	1	422
Beam_3_1_9	23882	0.041898	0.054798	0.029843	3	1	422
Beam_3_1_9	23918	0.041898	0.054798	0.030846	3	1	422
Beam_3_1_9	23875	0.057106	0.054799	0.029843	3	1	422
Beam_3_1_9	23927	0.057106	0.054799	0.030845	3	1	422
Beam_3_1_9	23908	0.044757	0.055052	0.030828	3	1	422
Beam_3_1_9	23896	0.044757	0.055052	0.029825	3	1	422
Beam_3_1_9	23892	0.054257	0.055052	0.029825	3	1	422
Beam_3_1_9	23912	0.054257	0.055052	0.030828	3	1	422
Beam_3_1_9	23909	0.042378	0.055674	0.03078	3	1	422
Beam_3_1_9	23897	0.042378	0.055674	0.029776	3	1	422
Beam_3_1_9	23891	0.05663	0.055674	0.029776	3	1	422
Beam_3_1_9	23911	0.05663	0.055674	0.03078	3	1	422
Beam_3_1_9	24530	0.04	0.056803	0.030176	3	1	422
Beam_3_1_9	24533	0.04475	0.056803	0.030176	3	1	422
Beam_3_1_9	24532	0.0495	0.056803	0.030176	3	1	422
Beam_3_1_9	24531	0.05425	0.056803	0.030176	3	1	422
Beam_3_1_9	24529	0.059	0.056803	0.030176	3	1	422
Beam_3_1_10	22601	0.042376	0.057933	0.029553	3	1	368
Beam_3_1_10	22613	0.042376	0.057933	0.030559	3	1	368
Beam_3_1_10	22595	0.056624	0.057933	0.029553	3	1	368
Beam_3_1_10	22615	0.056624	0.057933	0.030559	3	1	368
Beam_3_1_10	22600	0.04475	0.058557	0.029478	3	1	368
Beam_3_1_10	22612	0.04475	0.058557	0.030485	3	1	368
Beam_3_1_10	22596	0.05425	0.058557	0.029478	3	1	368
Beam_3_1_10	22616	0.05425	0.058557	0.030485	3	1	368
Beam_3_1_10	22627	0.0419	0.058808	0.030454	3	1	368
Beam_3_1_10	22583	0.0419	0.058808	0.029446	3	1	368
Beam_3_1_10	22591	0.057104	0.058821	0.029444	3	1	368
Beam_3_1_10	22618	0.057105	0.058821	0.030452	3	1	368
Beam_3_1_10	22599	0.047127	0.05918	0.029397	3	1	368
Beam_3_1_10	22611	0.047127	0.05918	0.030406	3	1	368
Beam_3_1_10	22597	0.051873	0.05918	0.029397	3	1	368
Beam_3_1_10	22617	0.051873	0.05918	0.030406	3	1	368
Beam_3_1_10	22582	0.043798	0.059307	0.02938	3	1	368
Beam_3_1_10	22626	0.043798	0.059307	0.030389	3	1	368
Beam_3_1_10	22592	0.055211	0.059316	0.029378	3	1	368
Beam_3_1_10	22619	0.055211	0.059316	0.030388	3	1	368
Beam_3_1_10	22614	0.0495	0.059803	0.03032	3	1	368
Beam_3_1_10	22598	0.0495	0.059803	0.02931	3	1	368
Beam_3_1_10	22625	0.045697	0.059805	0.03032	3	1	368
Beam_3_1_10	22581	0.045697	0.059805	0.02931	3	1	368
Beam_3_1_10	22620	0.053315	0.059812	0.030319	3	1	368
Beam_3_1_10	22593	0.053315	0.059812	0.029309	3	1	368
Beam_3_1_10	22628	0.047595	0.060303	0.030248	3	1	368
Beam_3_1_10	22580	0.047595	0.060303	0.029237	3	1	368
Beam_3_1_10	22621	0.051422	0.060308	0.030247	3	1	368
Beam_3_1_10	22585	0.051422	0.060308	0.029236	3	1	368
Beam_3_1_10	22631	0.045695	0.060802	0.030172	3	1	368
Beam_3_1_10	22579	0.045695	0.060802	0.029159	3	1	368
Beam_3_1_10	22622	0.053318	0.060805	0.030171	3	1	368
Beam_3_1_10	22586	0.053318	0.060805	0.029159	3	1	368
Beam_3_1_10	22571	0.049514	0.060807	0.029159	3	1	368
Beam_3_1_10	22635	0.049514	0.060807	0.030171	3	1	368
Beam_3_1_10	22578	0.043797	0.0613	0.029079	3	1	368
Beam_3_1_10	22630	0.043797	0.0613	0.030092	3	1	368
Beam_3_1_10	22587	0.055211	0.061302	0.029078	3	1	368
Beam_3_1_10	22623	0.055211	0.061302	0.030092	3	1	368
Beam_3_1_10	22572	0.047133	0.06143	0.029057	3	1	368
Beam_3_1_10	22632	0.047133	0.06143	0.030071	3	1	368
Beam_3_1_10	22570	0.051888	0.06143	0.029057	3	1	368
Beam_3_1_10	22638	0.051888	0.06143	0.030071	3	1	368
Beam_3_1_10	22629	0.041897	0.061798	0.030009	3	1	368
Beam_3_1_10	22577	0.041897	0.061798	0.028994	3	1	368
Beam_3_1_10	22588	0.057107	0.0618	0.028994	3	1	368
Beam_3_1_10	22624	0.057107	0.0618	0.030009	3	1	368
Beam_3_1_10	22633	0.044757	0.062052	0.029965	3	1	368
Beam_3_1_10	22573	0.044757	0.062052	0.02895	3	1	368
Beam_3_1_10	22637	0.054258	0.062052	0.029965	3	1	368
Beam_3_1_10	22569	0.054258	0.062052	0.02895	3	1	368
Beam_3_1_10	22634	0.042376	0.062675	0.029853	3	1	368
Beam_3_1_10	22574	0.042376	0.062675	0.028836	3	1	368
Beam_3_1_10	22568	0.056631	0.062675	0.028836	3	1	368
Beam_3_1_10	22636	0.056631	0.062675	0.029853	3	1	368
Beam_3_1_10	24494	0.04	0.063803	0.029125	3	1	368
Beam_3_1_10	24497	0.04475	0.063803	0.029125	3	1	368
Beam_3_1_10	24496	0.0495	0.063803	0.029125	3	1	368
Beam_3_1_10	24495	0.05425	0.063803	0.029125	3	1	368
Beam_3_1_10	24493	0.059	0.063803	0.029125	3	1	368
Beam_3_1_11	21317	0.042378	0.064934	0.029399	3	1	314
Beam_3_1_11	21305	0.042378	0.064934	0.028375	3	1	314
Beam_3_1_11	21319	0.056622	0.064934	0.029399	3	1	314
Beam_3_1_11	21299	0.056622	0.064934	0.028375	3	1	314
Beam_3_1_11	21304	0.044751	0.065557	0.028234	3	1	314
Beam_3_1_11	21316	0.044751	0.065557	0.02926	3	1	314
Beam_3_1_11	21320	0.054249	0.065557	0.02926	3	1	314
Beam_3_1_11	21300	0.054249	0.065557	0.028234	3	1	314
Beam_3_1_11	21287	0.041901	0.065809	0.028175	3	1	314
Beam_3_1_11	21331	0.041901	0.065809	0.029202	3	1	314
Beam_3_1_11	21322	0.057104	0.065821	0.029199	3	1	314
Beam_3_1_11	21295	0.057104	0.065821	0.028172	3	1	314
Beam_3_1_11	21315	0.047128	0.066181	0.029114	3	1	314
Beam_3_1_11	21303	0.047128	0.066181	0.028086	3	1	314
Beam_3_1_11	21301	0.051872	0.066181	0.028086	3	1	314
Beam_3_1_11	21321	0.051872	0.066181	0.029114	3	1	314
Beam_3_1_11	21330	0.043798	0.066307	0.029084	3	1	314
Beam_3_1_11	21286	0.043798	0.066307	0.028056	3	1	314
Beam_3_1_11	21323	0.055211	0.066316	0.029082	3	1	314
Beam_3_1_11	21296	0.055211	0.066316	0.028053	3	1	314
Beam_3_1_11	21318	0.0495	0.066803	0.028964	3	1	314
Beam_3_1_11	21302	0.0495	0.066803	0.027933	3	1	314
Beam_3_1_11	21329	0.045698	0.066805	0.028963	3	1	314
Beam_3_1_11	21285	0.045698	0.066805	0.027932	3	1	314
Beam_3_1_11	21324	0.053315	0.066812	0.028961	3	1	314
Beam_3_1_11	21297	0.053315	0.066812	0.027931	3	1	314
Beam_3_1_11	21284	0.047595	0.067303	0.027805	3	1	314
Beam_3_1_11	21332	0.047595	0.067303	0.028838	3	1	314
Beam_3_1_11	21289	0.051422	0.067308	0.027804	3	1	314
Beam_3_1_11	21325	0.051422	0.067308	0.028837	3	1	314
Beam_3_1_11	21283	0.045694	0.067802	0.027674	3	1	314
Beam_3_1_11	21335	0.045694	0.067802	0.028709	3	1	314
Beam_3_1_11	21290	0.053319	0.067805	0.027673	3	1	314
Beam_3_1_11	21326	0.053319	0.067805	0.028708	3	1	314
Beam_3_1_11	21275	0.049514	0.067807	0.027673	3	1	314
Beam_3_1_11	21339	0.049514	0.067807	0.028707	3	1	314
Beam_3_1_11	21334	0.043797	0.0683	0.028576	3	1	314
Beam_3_1_11	21282	0.043797	0.0683	0.027539	3	1	314
Beam_3_1_11	21291	0.055212	0.068302	0.027539	3	1	314
Beam_3_1_11	21327	0.055212	0.068302	0.028575	3	1	314
Beam_3_1_11	21336	0.047132	0.06843	0.02854	3	1	314
Beam_3_1_11	21276	0.047132	0.06843	0.027503	3	1	314
Beam_3_1_11	21342	0.051889	0.06843	0.02854	3	1	314
Beam_3_1_11	21274	0.051889	0.06843	0.027503	3	1	314
Beam_3_1_11	21333	0.041896	0.068799	0.028439	3	1	314
Beam_3_1_11	21281	0.041896	0.068799	0.0274	3	1	314
Beam_3_1_11	21292	0.057108	0.0688	0.0274	3	1	314
Beam_3_1_11	21328	0.057108	0.0688	0.028438	3	1	314
Beam_3_1_11	21337	0.044756	0.069052	0.028368	3	1	314
Beam_3_1_11	21277	0.044756	0.069052	0.027328	3	1	314
Beam_3_1_11	21273	0.054258	0.069052	0.027328	3	1	314
Beam_3_1_11	21341	0.054258	0.069052	0.028368	3	1	314
Beam_3_1_11	21338	0.042375	0.069675	0.028188	3	1	314
Beam_3_1_11	21278	0.042375	0.069675	0.027146	3	1	314
Beam_3_1_11	21272	0.056632	0.069675	0.027146	3	1	314
Beam_3_1_11	21340	0.056632	0.069675	0.028188	3	1	314
Beam_3_1_11	24485	0.04	0.070803	0.027323	3	1	314
Beam_3_1_11	24488	0.04475	0.070803	0.027323	3	1	314
Beam_3_1_11	24487	0.0495	0.070803	0.027323	3	1	314
Beam_3_1_11	24486	0.05425	0.070803	0.027323	3	1	314
Beam_3_1_11	24484	0.059	0.070803	0.027323	3	1	314
Beam_3_1_12	20021	0.042379	0.071934	0.027485	3	1	260
Beam_3_1_12	20009	0.042379	0.071934	0.026431	3	1	260
Beam_3_1_12	20023	0.056621	0.071934	0.027485	3	1	260
Beam_3_1_12	20003	0.056621	0.071934	0.026431	3	1	260
Beam_3_1_12	20020	0.044751	0.072557	0.027276	3	1	260
Beam_3_1_12	20008	0.044751	0.072557	0.026219	3	1	260
Beam_3_1_12	20024	0.054249	0.072557	0.027276	3	1	260
Beam_3_1_12	20004	0.054249	0.072557	0.026219	3	1	260
Beam_3_1_12	20035	0.041902	0.072809	0.02719	3	1	260
Beam_3_1_12	19991	0.041902	0.072809	0.026131	3	1	260
Beam_3_1_12	19999	0.057103	0.072821	0.026127	3	1	260
Beam_3_1_12	20026	0.057103	0.072821	0.027186	3	1	260
Beam_3_1_12	20007	0.04713	0.073181	0.026	3	1	260
Beam_3_1_12	20019	0.04713	0.073181	0.027061	3	1	260
Beam_3_1_12	20005	0.05187	0.073181	0.026	3	1	260
Beam_3_1_12	20025	0.05187	0.073181	0.027061	3	1	260
Beam_3_1_12	19990	0.043798	0.073307	0.025955	3	1	260
Beam_3_1_12	20034	0.043798	0.073307	0.027016	3	1	260
Beam_3_1_12	20000	0.05521	0.073316	0.025951	3	1	260
Beam_3_1_12	20027	0.05521	0.073316	0.027013	3	1	260
Beam_3_1_12	20006	0.0495	0.073803	0.025774	3	1	260
Beam_3_1_12	20022	0.0495	0.073803	0.026839	3	1	260
Beam_3_1_12	19989	0.045699	0.073806	0.025774	3	1	260
Beam_3_1_12	20033	0.045699	0.073806	0.026838	3	1	260
Beam_3_1_12	20001	0.053313	0.073813	0.025771	3	1	260
Beam_3_1_12	20028	0.053313	0.073813	0.026835	3	1	260
Beam_3_1_12	19988	0.047595	0.074303	0.025589	3	1	260
Beam_3_1_12	20036	0.047595	0.074303	0.026656	3	1	260
Beam_3_1_12	20029	0.051422	0.074308	0.026654	3	1	260
Beam_3_1_12	19993	0.051422	0.074308	0.025587	3	1	260
Beam_3_1_12	19987	0.045693	0.074802	0.025398	3	1	260
Beam_3_1_12	20039	0.045693	0.074802	0.026469	3	1	260
Beam_3_1_12	20030	0.05332	0.074806	0.026468	3	1	260
Beam_3_1_12	19994	0.05332	0.074806	0.025397	3	1	260
Beam_3_1_12	19979	0.049514	0.074807	0.025397	3	1	260
Beam_3_1_12	20043	0.049514	0.074807	0.026467	3	1	260
Beam_3_1_12	20038	0.043797	0.0753	0.026278	3	1	260
Beam_3_1_12	19986	0.043797	0.0753	0.025205	3	1	260
Beam_3_1_12	20031	0.055212	0.075302	0.026277	3	1	260
Beam_3_1_12	19995	0.055212	0.075302	0.025204	3	1	260
Beam_3_1_12	19980	0.04713	0.075431	0.025153	3	1	260
Beam_3_1_12	20040	0.04713	0.075431	0.026227	3	1	260
Beam_3_1_12	20046	0.051891	0.075431	0.026227	3	1	260
Beam_3_1_12	19978	0.051891	0.075431	0.025153	3	1	260
Beam_3_1_12	20037	0.041895	0.075799	0.026083	3	1	260
Beam_3_1_12	19985	0.041895	0.075799	0.025006	3	1	260
Beam_3_1_12	19996	0.057109	0.0758	0.025005	3	1	260
Beam_3_1_12	20032	0.057109	0.0758	0.026082	3	1	260
Beam_3_1_12	19981	0.044756	0.076052	0.024903	3	1	260
Beam_3_1_12	20041	0.044756	0.076052	0.025982	3	1	260
Beam_3_1_12	20045	0.054258	0.076052	0.025982	3	1	260
Beam_3_1_12	19977	0.054258	0.076052	0.024903	3	1	260
Beam_3_1_12	20042	0.042373	0.076675	0.025728	3	1	260
Beam_3_1_12	19982	0.042373	0.076675	0.024645	3	1	260
Beam_3_1_12	19976	0.056634	0.076675	0.024645	3	1	260
Beam_3_1_12	20044	0.056634	0.076675	0.025728	3	1	260
Beam_3_1_12	24395	0.04	0.077804	0.024705	3	1	260
Beam_3_1_12	24398	0.04475	0.077804	0.024705	3	1	260
Beam_3_1_12	24397	0.0495	0.077804	0.024705	3	1	260
Beam_3_1_12	24396	0.05425	0.077804	0.024705	3	1	260
Beam_3_1_12	24394	0.059	0.077804	0.024705	3	1	260
Beam_3_1_13	18725	0.042381	0.078935	0.02475	3	1	206
Beam_3_1_13	18713	0.042381	0.078935	0.02365	3	1	206
Beam_3_1_13	18727	0.056619	0.078935	0.02475	3	1	206
Beam_3_1_13	18707	0.056619	0.078935	0.02365	3	1	206
Beam_3_1_13	18724	0.044752	0.079557	0.024464	3	1	206
Beam_3_1_13	18712	0.044752	0.079557	0.023359	3	1	206
Beam_3_1_13	18708	0.054248	0.079557	0.023359	3	1	206
Beam_3_1_13	18728	0.054248	0.079557	0.024464	3	1	206
Beam_3_1_13	18739	0.041903	0.079809	0.024346	3	1	206
Beam_3_1_13	18695	0.041903	0.079809	0.023239	3	1	206
Beam_3_1_13	18703	0.057101	0.079821	0.023233	3	1	206
Beam_3_1_13	18730	0.057101	0.079821	0.02434	3	1	206
Beam_3_1_13	18723	0.047132	0.080182	0.024169	3	1	206
Beam_3_1_13	18711	0.047132	0.080182	0.023059	3	1	206
Beam_3_1_13	18729	0.051868	0.080182	0.024169	3	1	206
Beam_3_1_13	18709	0.051868	0.080182	0.023059	3	1	206
Beam_3_1_13	18694	0.043799	0.080307	0.022998	3	1	206
Beam_3_1_13	18738	0.043799	0.080307	0.024109	3	1	206
Beam_3_1_13	18704	0.05521	0.080316	0.022993	3	1	206
Beam_3_1_13	18731	0.05521	0.080316	0.024105	3	1	206
Beam_3_1_13	18710	0.0495	0.080803	0.022753	3	1	206
Beam_3_1_13	18726	0.0495	0.080803	0.023869	3	1	206
Beam_3_1_13	18737	0.045701	0.080806	0.023867	3	1	206
Beam_3_1_13	18693	0.045701	0.080806	0.022752	3	1	206
Beam_3_1_13	18705	0.053312	0.080813	0.022748	3	1	206
Beam_3_1_13	18732	0.053312	0.080813	0.023864	3	1	206
Beam_3_1_13	18692	0.047595	0.081303	0.022501	3	1	206
Beam_3_1_13	18740	0.047595	0.081303	0.023621	3	1	206
Beam_3_1_13	18697	0.051422	0.081308	0.022499	3	1	206
Beam_3_1_13	18733	0.051422	0.081308	0.023619	3	1	206
Beam_3_1_13	18691	0.045691	0.081803	0.022244	3	1	206
Beam_3_1_13	18743	0.045692	0.081803	0.023369	3	1	206
Beam_3_1_13	18734	0.053321	0.081806	0.023367	3	1	206
Beam_3_1_13	18698	0.053321	0.081806	0.022242	3	1	206
Beam_3_1_13	18683	0.049514	0.081807	0.022242	3	1	206
Beam_3_1_13	18747	0.049514	0.081807	0.023367	3	1	206
Beam_3_1_13	18690	0.043796	0.0823	0.021983	3	1	206
Beam_3_1_13	18742	0.043796	0.0823	0.023113	3	1	206
Beam_3_1_13	18699	0.055212	0.082302	0.021982	3	1	206
Beam_3_1_13	18735	0.055212	0.082302	0.023111	3	1	206
Beam_3_1_13	18744	0.047128	0.082431	0.023044	3	1	206
Beam_3_1_13	18684	0.047128	0.082431	0.021914	3	1	206
Beam_3_1_13	18750	0.051893	0.082431	0.023044	3	1	206
Beam_3_1_13	18682	0.051893	0.082431	0.021914	3	1	206
Beam_3_1_13	18689	0.041894	0.082799	0.021716	3	1	206
Beam_3_1_13	18741	0.041894	0.082799	0.02285	3	1	206
Beam_3_1_13	18736	0.05711	0.0828	0.02285	3	1	206
Beam_3_1_13	18700	0.05711	0.0828	0.021715	3	1	206
Beam_3_1_13	18685	0.044755	0.083052	0.021579	3	1	206
Beam_3_1_13	18745	0.044755	0.083052	0.022716	3	1	206
Beam_3_1_13	18749	0.054259	0.083052	0.022716	3	1	206
Beam_3_1_13	18681	0.054259	0.083052	0.021579	3	1	206
Beam_3_1_13	18746	0.042371	0.083676	0.022377	3	1	206
Beam_3_1_13	18686	0.042371	0.083676	0.021234	3	1	206
Beam_3_1_13	18748	0.056636	0.083676	0.022377	3	1	206
Beam_3_1_13	18680	0.056636	0.083676	0.021234	3	1	206
Beam_3_1_13	24386	0.04	0.084804	0.021166	3	1	206
Beam_3_1_13	24389	0.04475	0.084804	0.021166	3	1	206
Beam_3_1_13	24388	0.0495	0.084804	0.021166	3	1	206
Beam_3_1_13	24387	0.05425	0.084804	0.021166	3	1	206
Beam_3_1_13	24385	0.059	0.084804	0.021166	3	1	206
Beam_3_1_14	17408	0.042384	0.085935	0.019914	3	1	152
Beam_3_1_14	17436	0.042384	0.085935	0.021082	3	1	152
Beam_3_1_14	17402	0.056616	0.085935	0.019914	3	1	152
Beam_3_1_14	17438	0.056616	0.085935	0.021082	3	1	152
Beam_3_1_14	17407	0.044753	0.086557	0.01953	3	1	152
Beam_3_1_14	17435	0.044753	0.086557	0.020706	3	1	152
Beam_3_1_14	17439	0.054247	0.086557	0.020706	3	1	152
Beam_3_1_14	17403	0.054247	0.086557	0.01953	3	1	152
Beam_3_1_14	17450	0.041905	0.08681	0.020551	3	1	152
Beam_3_1_14	17390	0.041905	0.08681	0.019372	3	1	152
Beam_3_1_14	17416	0.0571	0.086822	0.019364	3	1	152
Beam_3_1_14	17427	0.0571	0.086822	0.020543	3	1	152
Beam_3_1_14	17434	0.047134	0.087182	0.020319	3	1	152
Beam_3_1_14	17406	0.047135	0.087182	0.019135	3	1	152
Beam_3_1_14	17404	0.051865	0.087182	0.019135	3	1	152
Beam_3_1_14	17440	0.051866	0.087182	0.020319	3	1	152
Beam_3_1_14	17389	0.043799	0.087307	0.019055	3	1	152
Beam_3_1_14	17449	0.043799	0.087307	0.02024	3	1	152
Beam_3_1_14	17428	0.055209	0.087316	0.020234	3	1	152
Beam_3_1_14	17417	0.055209	0.087317	0.019049	3	1	152
Beam_3_1_14	17405	0.0495	0.087803	0.018733	3	1	152
Beam_3_1_14	17437	0.0495	0.087803	0.019925	3	1	152
Beam_3_1_14	17388	0.045702	0.087806	0.018731	3	1	152
Beam_3_1_14	17448	0.045702	0.087806	0.019923	3	1	152
Beam_3_1_14	17429	0.05331	0.087813	0.019918	3	1	152
Beam_3_1_14	17418	0.05331	0.087813	0.018726	3	1	152
Beam_3_1_14	17387	0.047595	0.088303	0.018402	3	1	152
Beam_3_1_14	17451	0.047595	0.088303	0.019601	3	1	152
Beam_3_1_14	17430	0.051422	0.088308	0.019598	3	1	152
Beam_3_1_14	17410	0.051422	0.088308	0.0184	3	1	152
Beam_3_1_14	17386	0.045689	0.088803	0.018066	3	1	152
Beam_3_1_14	17454	0.04569	0.088803	0.019271	3	1	152
Beam_3_1_14	17431	0.053323	0.088806	0.019269	3	1	152
Beam_3_1_14	17411	0.053323	0.088806	0.018063	3	1	152
Beam_3_1_14	17396	0.049514	0.088807	0.018063	3	1	152
Beam_3_1_14	17444	0.049514	0.088807	0.019269	3	1	152
Beam_3_1_14	17385	0.043795	0.0893	0.017724	3	1	152
Beam_3_1_14	17453	0.043795	0.0893	0.018937	3	1	152
Beam_3_1_14	17432	0.055213	0.089302	0.018935	3	1	152
Beam_3_1_14	17412	0.055213	0.089303	0.017723	3	1	152
Beam_3_1_14	17397	0.047125	0.089432	0.017633	3	1	152
Beam_3_1_14	17441	0.047125	0.089432	0.018847	3	1	152
Beam_3_1_14	17447	0.051896	0.089432	0.018847	3	1	152
Beam_3_1_14	17395	0.051896	0.089432	0.017633	3	1	152
Beam_3_1_14	17384	0.041892	0.0898	0.017375	3	1	152
Beam_3_1_14	17452	0.041892	0.0898	0.018595	3	1	152
Beam_3_1_14	17413	0.057112	0.089801	0.017374	3	1	152
Beam_3_1_14	17433	0.057112	0.089801	0.018594	3	1	152
Beam_3_1_14	17442	0.044754	0.090052	0.018419	3	1	152
Beam_3_1_14	17446	0.05426	0.090052	0.018419	3	1	152
Beam_3_1_14	17398	0.044754	0.090053	0.017196	3	1	152
Beam_3_1_14	17394	0.054261	0.090053	0.017196	3	1	152
Beam_3_1_14	17399	0.042367	0.090677	0.016745	3	1	152
Beam_3_1_14	17443	0.042367	0.090677	0.017978	3	1	152
Beam_3_1_14	17393	0.05664	0.090677	0.016745	3	1	152
Beam_3_1_14	17445	0.05664	0.090677	0.017978	3	1	152
Beam_3_1_14	24368	0.04	0.091804	0.016529	3	1	152
Beam_3_1_14	24371	0.04475	0.091804	0.016529	3	1	152
Beam_3_1_14	24370	0.0495	0.091804	0.016529	3	1	152
Beam_3_1_14	24369	0.05425	0.091804	0.016529	3	1	152
Beam_3_1_14	24367	0.059	0.091804	0.016529	3	1	152
Beam_3_1_15	16017	0.04159	0.092727	0.015189	3	1	98
Beam_3_1_15	16031	0.04159	0.092727	0.016457	3	1	98
Beam_3_1_15	16007	0.05741	0.092727	0.015189	3	1	98
Beam_3_1_15	16033	0.05741	0.092727	0.016457	3	1	98
Beam_3_1_15	16030	0.04317	0.093142	0.016135	3	1	98
Beam_3_1_15	16016	0.043171	0.093142	0.01486	3	1	98
Beam_3_1_15	16008	0.055829	0.093142	0.01486	3	1	98
Beam_3_1_15	16034	0.05583	0.093142	0.016135	3	1	98
Beam_3_1_15	16029	0.044759	0.093559	0.015807	3	1	98
Beam_3_1_15	16015	0.044759	0.093559	0.014523	3	1	98
Beam_3_1_15	16009	0.054241	0.093559	0.014523	3	1	98
Beam_3_1_15	16035	0.054241	0.093559	0.015807	3	1	98
Beam_3_1_15	16058	0.041907	0.09381	0.015606	3	1	98
Beam_3_1_15	15982	0.041908	0.09381	0.014317	3	1	98
Beam_3_1_15	16000	0.057097	0.093823	0.014307	3	1	98
Beam_3_1_15	16044	0.057097	0.093823	0.015596	3	1	98
Beam_3_1_15	16014	0.046337	0.093973	0.014183	3	1	98
Beam_3_1_15	16028	0.046337	0.093973	0.015475	3	1	98
Beam_3_1_15	16036	0.052663	0.093973	0.015475	3	1	98
Beam_3_1_15	16010	0.052663	0.093973	0.014183	3	1	98
Beam_3_1_15	16057	0.0438	0.094307	0.015203	3	1	98
Beam_3_1_15	15981	0.043801	0.094307	0.013905	3	1	98
Beam_3_1_15	15999	0.055208	0.094317	0.013897	3	1	98
Beam_3_1_15	16043	0.055208	0.094317	0.015195	3	1	98
Beam_3_1_15	16027	0.047924	0.094389	0.015136	3	1	98
Beam_3_1_15	16013	0.047924	0.094389	0.013836	3	1	98
Beam_3_1_15	16011	0.051076	0.094389	0.013836	3	1	98
Beam_3_1_15	16037	0.051076	0.094389	0.015136	3	1	98
Beam_3_1_15	16032	0.0495	0.094803	0.014794	3	1	98
Beam_3_1_15	16012	0.0495	0.094803	0.013486	3	1	98
Beam_3_1_15	16056	0.045705	0.094807	0.01479	3	1	98
Beam_3_1_15	15980	0.045705	0.094807	0.013482	3	1	98
Beam_3_1_15	15998	0.053307	0.094814	0.013476	3	1	98
Beam_3_1_15	16042	0.053307	0.094814	0.014785	3	1	98
Beam_3_1_15	16059	0.047595	0.095303	0.014373	3	1	98
Beam_3_1_15	15979	0.047595	0.095303	0.013055	3	1	98
Beam_3_1_15	16041	0.051422	0.095308	0.01437	3	1	98
Beam_3_1_15	15997	0.051422	0.095308	0.013051	3	1	98
Beam_3_1_15	15978	0.045686	0.095804	0.012614	3	1	98
Beam_3_1_15	16062	0.045686	0.095804	0.013944	3	1	98
Beam_3_1_15	16050	0.049514	0.095807	0.013942	3	1	98
Beam_3_1_15	15990	0.049514	0.095807	0.012612	3	1	98
Beam_3_1_15	16005	0.053326	0.095807	0.012611	3	1	98
Beam_3_1_15	16040	0.053326	0.095807	0.013941	3	1	98
Beam_3_1_15	16045	0.04792	0.096224	0.013578	3	1	98
Beam_3_1_15	15991	0.04792	0.096224	0.012239	3	1	98
Beam_3_1_15	16055	0.051103	0.096224	0.013578	3	1	98
Beam_3_1_15	15989	0.051104	0.096224	0.012239	3	1	98
Beam_3_1_15	16061	0.043794	0.096301	0.01351	3	1	98
Beam_3_1_15	15977	0.043794	0.096301	0.012169	3	1	98
Beam_3_1_15	16039	0.055214	0.096303	0.013508	3	1	98
Beam_3_1_15	16004	0.055215	0.096303	0.012167	3	1	98
Beam_3_1_15	15992	0.046337	0.096638	0.011862	3	1	98
Beam_3_1_15	16046	0.046338	0.096638	0.013211	3	1	98
Beam_3_1_15	16054	0.052681	0.096638	0.013211	3	1	98
Beam_3_1_15	15988	0.052682	0.096638	0.011862	3	1	98
Beam_3_1_15	15976	0.041888	0.096801	0.011712	3	1	98
Beam_3_1_15	16060	0.041888	0.096801	0.013065	3	1	98
Beam_3_1_15	16003	0.057116	0.096802	0.011711	3	1	98
Beam_3_1_15	16038	0.057116	0.096802	0.013064	3	1	98
Beam_3_1_15	15993	0.044745	0.097055	0.011477	3	1	98
Beam_3_1_15	16047	0.044746	0.097055	0.012836	3	1	98
Beam_3_1_15	16053	0.054268	0.097055	0.012836	3	1	98
Beam_3_1_15	15987	0.054269	0.097055	0.011477	3	1	98
Beam_3_1_15	16048	0.043166	0.097468	0.012457	3	1	98
Beam_3_1_15	15994	0.043166	0.097468	0.011088	3	1	98
Beam_3_1_15	16052	0.055843	0.097468	0.012457	3	1	98
Beam_3_1_15	15986	0.055844	0.097468	0.011088	3	1	98
Beam_3_1_15	15995	0.041577	0.097884	0.010691	3	1	98
Beam_3_1_15	16049	0.041577	0.097884	0.01207	3	1	98
Beam_3_1_15	16051	0.057428	0.097884	0.01207	3	1	98
Beam_3_1_15	15985	0.057428	0.097884	0.010691	3	1	98
Beam_3_1_15	24377	0.04	0.098988	0.010367	3	1	98
Beam_3_1_15	24380	0.04475	0.098988	0.010367	3	1	98
Beam_3_1_15	24379	0.0495	0.098988	0.010367	3	1	98
Beam_3_1_15	24378	0.05425	0.098988	0.010367	3	1	98
Beam_3_1_15	24376	0.059	0.098988	0.010367	3	1	98
Beam_3_2_2	24773	0.04	0.10081	0.010193	3	2	9
Beam_3_2_2	24776	0.04475	0.10081	0.010193	3	2	9
Beam_3_2_2	24775	0.0495	0.10081	0.010193	3	2	9
Beam_3_2_2	24774	0.05425	0.10081	0.010193	3	2	9
Beam_3_2_2	24772	0.059	0.10081	0.010193	3	2	9
Beam_3_2_1	15465	0.041574	0.10172	0.010308	3	2	80
Beam_3_2_1	15523	0.041574	0.10172	0.011699	3	2	80
Beam_3_2_1	15448	0.057426	0.10172	0.010308	3	2	80
Beam_3_2_1	15530	0.057426	0.10172	0.011699	3	2	80
Beam_3_2_1	15464	0.043161	0.10214	0.010713	3	2	80
Beam_3_2_1	15522	0.043161	0.10214	0.012092	3	2	80
Beam_3_2_1	15449	0.055839	0.10214	0.010713	3	2	80
Beam_3_2_1	15531	0.055839	0.10214	0.012092	3	2	80
Beam_3_2_1	15463	0.044738	0.10255	0.011108	3	2	80
Beam_3_2_1	15521	0.044738	0.10255	0.012477	3	2	80
Beam_3_2_1	15450	0.054262	0.10255	0.011108	3	2	80
Beam_3_2_1	15532	0.054262	0.10255	0.012477	3	2	80
Beam_3_2_1	15518	0.041888	0.10281	0.012708	3	2	80
Beam_3_2_1	15470	0.041888	0.10281	0.011346	3	2	80
Beam_3_2_1	15488	0.057116	0.10282	0.011357	3	2	80
Beam_3_2_1	15499	0.057116	0.10282	0.012719	3	2	80
Beam_3_2_1	15462	0.046328	0.10297	0.0115	3	2	80
Beam_3_2_1	15520	0.046328	0.10297	0.012858	3	2	80
Beam_3_2_1	15533	0.052672	0.10297	0.012858	3	2	80
Beam_3_2_1	15451	0.052672	0.10297	0.0115	3	2	80
Beam_3_2_1	15517	0.043794	0.10331	0.01316	3	2	80
Beam_3_2_1	15469	0.043794	0.10331	0.01181	3	2	80
Beam_3_2_1	15500	0.055215	0.10332	0.013169	3	2	80
Beam_3_2_1	15489	0.055215	0.10332	0.011819	3	2	80
Beam_3_2_1	15461	0.047908	0.10339	0.011883	3	2	80
Beam_3_2_1	15519	0.047908	0.10339	0.013232	3	2	80
Beam_3_2_1	15534	0.051092	0.10339	0.013232	3	2	80
Beam_3_2_1	15452	0.051092	0.10339	0.011883	3	2	80
Beam_3_2_1	15468	0.045686	0.1038	0.012262	3	2	80
Beam_3_2_1	15516	0.045686	0.1038	0.013601	3	2	80
Beam_3_2_1	15524	0.0495	0.1038	0.013602	3	2	80
Beam_3_2_1	15453	0.0495	0.1038	0.012263	3	2	80
Beam_3_2_1	15501	0.053326	0.10381	0.013607	3	2	80
Beam_3_2_1	15490	0.053327	0.10381	0.012268	3	2	80
Beam_3_2_1	15515	0.047595	0.1043	0.014037	3	2	80
Beam_3_2_1	15467	0.047595	0.1043	0.012709	3	2	80
Beam_3_2_1	15482	0.051422	0.10431	0.012713	3	2	80
Beam_3_2_1	15502	0.051422	0.10431	0.01404	3	2	80
Beam_3_2_1	15514	0.045705	0.1048	0.01446	3	2	80
Beam_3_2_1	15475	0.045706	0.1048	0.013143	3	2	80
Beam_3_2_1	15483	0.053307	0.1048	0.013146	3	2	80
Beam_3_2_1	15503	0.053307	0.1048	0.014463	3	2	80
Beam_3_2_1	15454	0.049514	0.10481	0.01315	3	2	80
Beam_3_2_1	15511	0.049514	0.10481	0.014466	3	2	80
Beam_3_2_1	15455	0.047936	0.10522	0.013505	3	2	80
Beam_3_2_1	15525	0.047936	0.10522	0.014813	3	2	80
Beam_3_2_1	15510	0.051088	0.10522	0.014813	3	2	80
Beam_3_2_1	15481	0.051088	0.10522	0.013505	3	2	80
Beam_3_2_1	15513	0.0438	0.1053	0.014879	3	2	80
Beam_3_2_1	15474	0.043801	0.1053	0.013573	3	2	80
Beam_3_2_1	15504	0.055208	0.1053	0.014881	3	2	80
Beam_3_2_1	15484	0.055208	0.1053	0.013575	3	2	80
Beam_3_2_1	15456	0.046347	0.10564	0.013857	3	2	80
Beam_3_2_1	15526	0.046347	0.10564	0.015156	3	2	80
Beam_3_2_1	15509	0.052672	0.10564	0.015156	3	2	80
Beam_3_2_1	15480	0.052672	0.10564	0.013857	3	2	80
Beam_3_2_1	15473	0.041908	0.1058	0.013991	3	2	80
Beam_3_2_1	15512	0.041908	0.1058	0.015287	3	2	80
Beam_3_2_1	15485	0.057096	0.1058	0.013992	3	2	80
Beam_3_2_1	15505	0.057097	0.1058	0.015288	3	2	80
Beam_3_2_1	15457	0.044766	0.10605	0.014202	3	2	80
Beam_3_2_1	15527	0.044766	0.10605	0.015493	3	2	80
Beam_3_2_1	15479	0.054248	0.10605	0.014202	3	2	80
Beam_3_2_1	15508	0.054248	0.10605	0.015493	3	2	80
Beam_3_2_1	15528	0.043175	0.10647	0.015826	3	2	80
Beam_3_2_1	15458	0.043176	0.10647	0.014543	3	2	80
Beam_3_2_1	15478	0.055834	0.10647	0.014543	3	2	80
Beam_3_2_1	15507	0.055834	0.10647	0.015826	3	2	80
Beam_3_2_1	15529	0.041593	0.10688	0.016152	3	2	80
Beam_3_2_1	15459	0.041593	0.10688	0.014877	3	2	80
Beam_3_2_1	15506	0.057412	0.10688	0.016152	3	2	80
Beam_3_2_1	15477	0.057412	0.10688	0.014877	3	2	80
Beam_3_2_1	24908	0.04	0.1078	0.016231	3	2	80
Beam_3_2_1	24911	0.04475	0.1078	0.016231	3	2	80
Beam_3_2_1	24910	0.0495	0.1078	0.016231	3	2	80
Beam_3_2_1	24909	0.05425	0.1078	0.016231	3	2	80
Beam_3_2_1	24907	0.059	0.1078	0.016231	3	2	80
Beam_3_2_3	17011	0.042363	0.10893	0.017696	3	2	134
Beam_3_2_3	16967	0.042363	0.10893	0.016456	3	2	134
Beam_3_2_3	16961	0.056637	0.10893	0.016456	3	2	134
Beam_3_2_3	17013	0.056637	0.10893	0.017696	3	2	134
Beam_3_2_3	16966	0.044746	0.10956	0.016914	3	2	134
Beam_3_2_3	17010	0.044746	0.10956	0.018144	3	2	134
Beam_3_2_3	16962	0.054254	0.10956	0.016914	3	2	134
Beam_3_2_3	17014	0.054254	0.10956	0.018144	3	2	134
Beam_3_2_3	16997	0.041892	0.10981	0.01832	3	2	134
Beam_3_2_3	16985	0.041892	0.10981	0.017095	3	2	134
Beam_3_2_3	17016	0.057112	0.10982	0.018329	3	2	134
Beam_3_2_3	16957	0.057113	0.10982	0.017103	3	2	134
Beam_3_2_3	17009	0.047114	0.11018	0.018579	3	2	134
Beam_3_2_3	16965	0.047114	0.11018	0.017358	3	2	134
Beam_3_2_3	17015	0.051886	0.11018	0.018579	3	2	134
Beam_3_2_3	16963	0.051886	0.11018	0.017358	3	2	134
Beam_3_2_3	16996	0.043795	0.11031	0.018668	3	2	134
Beam_3_2_3	16984	0.043795	0.11031	0.017449	3	2	134
Beam_3_2_3	17017	0.055213	0.11032	0.018674	3	2	134
Beam_3_2_3	16958	0.055213	0.11032	0.017456	3	2	134
Beam_3_2_3	16983	0.045689	0.1108	0.017796	3	2	134
Beam_3_2_3	16995	0.045689	0.1108	0.019007	3	2	134
Beam_3_2_3	16964	0.0495	0.1108	0.017796	3	2	134
Beam_3_2_3	17012	0.0495	0.1108	0.019007	3	2	134
Beam_3_2_3	16959	0.053323	0.11081	0.017801	3	2	134
Beam_3_2_3	17018	0.053323	0.11081	0.019011	3	2	134
Beam_3_2_3	16982	0.047595	0.1113	0.018138	3	2	134
Beam_3_2_3	16998	0.047595	0.1113	0.019342	3	2	134
Beam_3_2_3	17019	0.051422	0.11131	0.019345	3	2	134
Beam_3_2_3	16951	0.051422	0.11131	0.018141	3	2	134
Beam_3_2_3	17001	0.045703	0.1118	0.019668	3	2	134
Beam_3_2_3	16981	0.045703	0.1118	0.018471	3	2	134
Beam_3_2_3	16952	0.05331	0.1118	0.018473	3	2	134
Beam_3_2_3	17020	0.05331	0.1118	0.01967	3	2	134
Beam_3_2_3	17005	0.049514	0.11181	0.019673	3	2	134
Beam_3_2_3	16973	0.049514	0.11181	0.018476	3	2	134
Beam_3_2_3	17000	0.043799	0.1123	0.01999	3	2	134
Beam_3_2_3	16980	0.043799	0.1123	0.0188	3	2	134
Beam_3_2_3	16953	0.055209	0.1123	0.018801	3	2	134
Beam_3_2_3	17021	0.055209	0.1123	0.019992	3	2	134
Beam_3_2_3	16974	0.047145	0.11243	0.018883	3	2	134
Beam_3_2_3	17002	0.047145	0.11243	0.020072	3	2	134
Beam_3_2_3	16972	0.051876	0.11243	0.018883	3	2	134
Beam_3_2_3	17008	0.051876	0.11243	0.020072	3	2	134
Beam_3_2_3	16979	0.041905	0.1128	0.019121	3	2	134
Beam_3_2_3	16999	0.041905	0.1128	0.020305	3	2	134
Beam_3_2_3	17022	0.057099	0.1128	0.020306	3	2	134
Beam_3_2_3	16954	0.057099	0.1128	0.019122	3	2	134
Beam_3_2_3	16975	0.04476	0.11305	0.019283	3	2	134
Beam_3_2_3	17003	0.04476	0.11305	0.020464	3	2	134
Beam_3_2_3	17007	0.054254	0.11305	0.020464	3	2	134
Beam_3_2_3	16971	0.054254	0.11305	0.019283	3	2	134
Beam_3_2_3	16976	0.042388	0.11367	0.019672	3	2	134
Beam_3_2_3	17004	0.042388	0.11367	0.020845	3	2	134
Beam_3_2_3	16970	0.056619	0.11367	0.019672	3	2	134
Beam_3_2_3	17006	0.056619	0.11367	0.020845	3	2	134
Beam_3_2_3	24917	0.04	0.1148	0.020937	3	2	134
Beam_3_2_3	24920	0.04475	0.1148	0.020937	3	2	134
Beam_3_2_3	24919	0.0495	0.1148	0.020937	3	2	134
Beam_3_2_3	24918	0.05425	0.1148	0.020937	3	2	134
Beam_3_2_3	24916	0.059	0.1148	0.020937	3	2	134
Beam_3_2_4	18307	0.042367	0.11593	0.02216	3	2	188
Beam_3_2_4	18263	0.042367	0.11593	0.021013	3	2	188
Beam_3_2_4	18257	0.056633	0.11593	0.021013	3	2	188
Beam_3_2_4	18309	0.056633	0.11593	0.02216	3	2	188
Beam_3_2_4	18262	0.044748	0.11656	0.021363	3	2	188
Beam_3_2_4	18306	0.044748	0.11656	0.022504	3	2	188
Beam_3_2_4	18310	0.054252	0.11656	0.022504	3	2	188
Beam_3_2_4	18258	0.054252	0.11656	0.021363	3	2	188
Beam_3_2_4	18281	0.041894	0.11681	0.021502	3	2	188
Beam_3_2_4	18293	0.041894	0.11681	0.02264	3	2	188
Beam_3_2_4	18253	0.05711	0.11682	0.021508	3	2	188
Beam_3_2_4	18312	0.05711	0.11682	0.022646	3	2	188
Beam_3_2_4	18261	0.047117	0.11718	0.021704	3	2	188
Beam_3_2_4	18305	0.047117	0.11718	0.022838	3	2	188
Beam_3_2_4	18311	0.051883	0.11718	0.022838	3	2	188
Beam_3_2_4	18259	0.051883	0.11718	0.021704	3	2	188
Beam_3_2_4	18292	0.043796	0.11731	0.022906	3	2	188
Beam_3_2_4	18280	0.043796	0.11731	0.021773	3	2	188
Beam_3_2_4	18254	0.055212	0.11732	0.021778	3	2	188
Beam_3_2_4	18313	0.055212	0.11732	0.022911	3	2	188
Beam_3_2_4	18279	0.045691	0.1178	0.022038	3	2	188
Beam_3_2_4	18291	0.045691	0.1178	0.023166	3	2	188
Beam_3_2_4	18260	0.0495	0.1178	0.022038	3	2	188
Beam_3_2_4	18308	0.0495	0.1178	0.023166	3	2	188
Beam_3_2_4	18255	0.053321	0.11781	0.022042	3	2	188
Beam_3_2_4	18314	0.053321	0.11781	0.02317	3	2	188
Beam_3_2_4	18294	0.047595	0.1183	0.023423	3	2	188
Beam_3_2_4	18278	0.047595	0.1183	0.022299	3	2	188
Beam_3_2_4	18315	0.051422	0.11831	0.023425	3	2	188
Beam_3_2_4	18247	0.051422	0.11831	0.022301	3	2	188
Beam_3_2_4	18277	0.045701	0.1188	0.022553	3	2	188
Beam_3_2_4	18297	0.045701	0.1188	0.023673	3	2	188
Beam_3_2_4	18316	0.053312	0.1188	0.023674	3	2	188
Beam_3_2_4	18248	0.053312	0.1188	0.022555	3	2	188
Beam_3_2_4	18269	0.049514	0.11881	0.022557	3	2	188
Beam_3_2_4	18301	0.049514	0.11881	0.023676	3	2	188
Beam_3_2_4	18276	0.043799	0.1193	0.022804	3	2	188
Beam_3_2_4	18296	0.043799	0.1193	0.023919	3	2	188
Beam_3_2_4	18249	0.05521	0.1193	0.022805	3	2	188
Beam_3_2_4	18317	0.05521	0.1193	0.02392	3	2	188
Beam_3_2_4	18270	0.047142	0.11943	0.022867	3	2	188
Beam_3_2_4	18298	0.047142	0.11943	0.023981	3	2	188
Beam_3_2_4	18268	0.051879	0.11943	0.022867	3	2	188
Beam_3_2_4	18304	0.051879	0.11943	0.023981	3	2	188
Beam_3_2_4	18295	0.041903	0.1198	0.024159	3	2	188
Beam_3_2_4	18275	0.041903	0.1198	0.023049	3	2	188
Beam_3_2_4	18318	0.057101	0.1198	0.02416	3	2	188
Beam_3_2_4	18250	0.057101	0.1198	0.023049	3	2	188
Beam_3_2_4	18299	0.044759	0.12005	0.02428	3	2	188
Beam_3_2_4	18271	0.044759	0.12005	0.023172	3	2	188
Beam_3_2_4	18303	0.054255	0.12005	0.02428	3	2	188
Beam_3_2_4	18267	0.054255	0.12005	0.023172	3	2	188
Beam_3_2_4	18272	0.042385	0.12067	0.023467	3	2	188
Beam_3_2_4	18300	0.042385	0.12067	0.02457	3	2	188
Beam_3_2_4	18266	0.056622	0.12067	0.023467	3	2	188
Beam_3_2_4	18302	0.056622	0.12067	0.02457	3	2	188
Beam_3_2_4	24926	0.04	0.1218	0.024532	3	2	188
Beam_3_2_4	24929	0.04475	0.1218	0.024532	3	2	188
Beam_3_2_4	24928	0.0495	0.1218	0.024532	3	2	188
Beam_3_2_4	24927	0.05425	0.1218	0.024532	3	2	188
Beam_3_2_4	24925	0.059	0.1218	0.024532	3	2	188
Beam_3_2_5	19559	0.042369	0.12293	0.024479	3	2	242
Beam_3_2_5	19603	0.042369	0.12293	0.025565	3	2	242
Beam_3_2_5	19553	0.056631	0.12293	0.024479	3	2	242
Beam_3_2_5	19605	0.056631	0.12293	0.025565	3	2	242
Beam_3_2_5	19558	0.044748	0.12356	0.024742	3	2	242
Beam_3_2_5	19602	0.044749	0.12356	0.025823	3	2	242
Beam_3_2_5	19606	0.054251	0.12356	0.025823	3	2	242
Beam_3_2_5	19554	0.054252	0.12356	0.024742	3	2	242
Beam_3_2_5	19589	0.041895	0.12381	0.025925	3	2	242
Beam_3_2_5	19577	0.041895	0.12381	0.024845	3	2	242
Beam_3_2_5	19608	0.057109	0.12382	0.02593	3	2	242
Beam_3_2_5	19549	0.057109	0.12382	0.02485	3	2	242
Beam_3_2_5	19601	0.04712	0.12418	0.026074	3	2	242
Beam_3_2_5	19557	0.04712	0.12418	0.024996	3	2	242
Beam_3_2_5	19555	0.05188	0.12418	0.024996	3	2	242
Beam_3_2_5	19607	0.05188	0.12418	0.026074	3	2	242
Beam_3_2_5	19576	0.043797	0.12431	0.025048	3	2	242
Beam_3_2_5	19588	0.043797	0.12431	0.026124	3	2	242
Beam_3_2_5	19609	0.055212	0.12432	0.026128	3	2	242
Beam_3_2_5	19550	0.055212	0.12432	0.025052	3	2	242
Beam_3_2_5	19587	0.045693	0.1248	0.026318	3	2	242
Beam_3_2_5	19575	0.045693	0.1248	0.025245	3	2	242
Beam_3_2_5	19556	0.0495	0.1248	0.025245	3	2	242
Beam_3_2_5	19604	0.0495	0.1248	0.026318	3	2	242
Beam_3_2_5	19551	0.05332	0.12481	0.025248	3	2	242
Beam_3_2_5	19610	0.05332	0.12481	0.026321	3	2	242
Beam_3_2_5	19574	0.047595	0.1253	0.025439	3	2	242
Beam_3_2_5	19590	0.047595	0.1253	0.026509	3	2	242
Beam_3_2_5	19543	0.051422	0.12531	0.025441	3	2	242
Beam_3_2_5	19611	0.051422	0.12531	0.02651	3	2	242
Beam_3_2_5	19573	0.045699	0.1258	0.025627	3	2	242
Beam_3_2_5	19593	0.045699	0.1258	0.026694	3	2	242
Beam_3_2_5	19544	0.053313	0.1258	0.025629	3	2	242
Beam_3_2_5	19612	0.053313	0.1258	0.026695	3	2	242
Beam_3_2_5	19597	0.049514	0.12581	0.026696	3	2	242
Beam_3_2_5	19565	0.049514	0.12581	0.02563	3	2	242
Beam_3_2_5	19572	0.043798	0.1263	0.025812	3	2	242
Beam_3_2_5	19592	0.043798	0.1263	0.026876	3	2	242
Beam_3_2_5	19545	0.05521	0.1263	0.025813	3	2	242
Beam_3_2_5	19613	0.05521	0.1263	0.026877	3	2	242
Beam_3_2_5	19566	0.04714	0.12643	0.025859	3	2	242
Beam_3_2_5	19594	0.04714	0.12643	0.026922	3	2	242
Beam_3_2_5	19600	0.051881	0.12643	0.026922	3	2	242
Beam_3_2_5	19564	0.051881	0.12643	0.025859	3	2	242
Beam_3_2_5	19571	0.041902	0.1268	0.025992	3	2	242
Beam_3_2_5	19591	0.041902	0.1268	0.027053	3	2	242
Beam_3_2_5	19614	0.057103	0.1268	0.027053	3	2	242
Beam_3_2_5	19546	0.057103	0.1268	0.025992	3	2	242
Beam_3_2_5	19595	0.044758	0.12705	0.027142	3	2	242
Beam_3_2_5	19567	0.044758	0.12705	0.026082	3	2	242
Beam_3_2_5	19599	0.054256	0.12705	0.027142	3	2	242
Beam_3_2_5	19563	0.054256	0.12705	0.026082	3	2	242
Beam_3_2_5	19596	0.042383	0.12767	0.027354	3	2	242
Beam_3_2_5	19568	0.042383	0.12767	0.026298	3	2	242
Beam_3_2_5	19598	0.056624	0.12767	0.027354	3	2	242
Beam_3_2_5	19562	0.056624	0.12767	0.026298	3	2	242
Beam_3_2_5	24935	0.04	0.1288	0.027198	3	2	242
Beam_3_2_5	24938	0.04475	0.1288	0.027198	3	2	242
Beam_3_2_5	24937	0.0495	0.1288	0.027198	3	2	242
Beam_3_2_5	24936	0.05425	0.1288	0.027198	3	2	242
Beam_3_2_5	24934	0.059	0.1288	0.027198	3	2	242
Beam_3_2_6	20885	0.042371	0.12993	0.028072	3	2	296
Beam_3_2_6	20873	0.042371	0.12993	0.027027	3	2	296
Beam_3_2_6	20887	0.056629	0.12993	0.028072	3	2	296
Beam_3_2_6	20867	0.056629	0.12993	0.027027	3	2	296
Beam_3_2_6	20872	0.044749	0.13056	0.027214	3	2	296
Beam_3_2_6	20884	0.044749	0.13056	0.028256	3	2	296
Beam_3_2_6	20888	0.054251	0.13056	0.028256	3	2	296
Beam_3_2_6	20868	0.054251	0.13056	0.027214	3	2	296
Beam_3_2_6	20899	0.041896	0.13081	0.028328	3	2	296
Beam_3_2_6	20855	0.041896	0.13081	0.027287	3	2	296
Beam_3_2_6	20890	0.057108	0.13082	0.028331	3	2	296
Beam_3_2_6	20863	0.057108	0.13082	0.027291	3	2	296
Beam_3_2_6	20883	0.047121	0.13118	0.028432	3	2	296
Beam_3_2_6	20871	0.047121	0.13118	0.027394	3	2	296
Beam_3_2_6	20889	0.051879	0.13118	0.028432	3	2	296
Beam_3_2_6	20869	0.051879	0.13118	0.027394	3	2	296
Beam_3_2_6	20898	0.043797	0.13131	0.028468	3	2	296
Beam_3_2_6	20854	0.043797	0.13131	0.02743	3	2	296
Beam_3_2_6	20864	0.055212	0.13132	0.027432	3	2	296
Beam_3_2_6	20891	0.055212	0.13132	0.028471	3	2	296
Beam_3_2_6	20853	0.045694	0.1318	0.027568	3	2	296
Beam_3_2_6	20897	0.045694	0.1318	0.028604	3	2	296
Beam_3_2_6	20870	0.0495	0.1318	0.027567	3	2	296
Beam_3_2_6	20886	0.0495	0.1318	0.028604	3	2	296
Beam_3_2_6	20865	0.053319	0.13181	0.02757	3	2	296
Beam_3_2_6	20892	0.053319	0.13181	0.028606	3	2	296
Beam_3_2_6	20900	0.047595	0.1323	0.028736	3	2	296
Beam_3_2_6	20852	0.047595	0.1323	0.027702	3	2	296
Beam_3_2_6	20857	0.051422	0.13231	0.027703	3	2	296
Beam_3_2_6	20893	0.051422	0.13231	0.028737	3	2	296
Beam_3_2_6	20903	0.045698	0.1328	0.028864	3	2	296
Beam_3_2_6	20851	0.045698	0.1328	0.027832	3	2	296
Beam_3_2_6	20858	0.053314	0.1328	0.027833	3	2	296
Beam_3_2_6	20894	0.053314	0.1328	0.028865	3	2	296
Beam_3_2_6	20907	0.049514	0.13281	0.028866	3	2	296
Beam_3_2_6	20843	0.049514	0.13281	0.027834	3	2	296
Beam_3_2_6	20850	0.043798	0.1333	0.027959	3	2	296
Beam_3_2_6	20902	0.043798	0.1333	0.028989	3	2	296
Beam_3_2_6	20895	0.055211	0.1333	0.028989	3	2	296
Beam_3_2_6	20859	0.055211	0.1333	0.027959	3	2	296
Beam_3_2_6	20844	0.047139	0.13343	0.027991	3	2	296
Beam_3_2_6	20904	0.047139	0.13343	0.02902	3	2	296
Beam_3_2_6	20910	0.051882	0.13343	0.02902	3	2	296
Beam_3_2_6	20842	0.051882	0.13343	0.027991	3	2	296
Beam_3_2_6	20849	0.041901	0.1338	0.028081	3	2	296
Beam_3_2_6	20901	0.041901	0.1338	0.029109	3	2	296
Beam_3_2_6	20860	0.057104	0.1338	0.028081	3	2	296
Beam_3_2_6	20896	0.057104	0.1338	0.02911	3	2	296
Beam_3_2_6	20845	0.044758	0.13405	0.028142	3	2	296
Beam_3_2_6	20905	0.044758	0.13405	0.029169	3	2	296
Beam_3_2_6	20841	0.054256	0.13405	0.028142	3	2	296
Beam_3_2_6	20909	0.054256	0.13405	0.029169	3	2	296
Beam_3_2_6	20906	0.042381	0.13467	0.029312	3	2	296
Beam_3_2_6	20846	0.042381	0.13467	0.028286	3	2	296
Beam_3_2_6	20840	0.056626	0.13467	0.028286	3	2	296
Beam_3_2_6	20908	0.056626	0.13467	0.029312	3	2	296
Beam_3_2_6	24944	0.04	0.1358	0.029044	3	2	296
Beam_3_2_6	24947	0.04475	0.1358	0.029044	3	2	296
Beam_3_2_6	24946	0.0495	0.1358	0.029044	3	2	296
Beam_3_2_6	24945	0.05425	0.1358	0.029044	3	2	296
Beam_3_2_6	24943	0.059	0.1358	0.029044	3	2	296
Beam_3_2_7	22169	0.042373	0.13693	0.028762	3	2	350
Beam_3_2_7	22181	0.042373	0.13693	0.02978	3	2	350
Beam_3_2_7	22163	0.056627	0.13693	0.028762	3	2	350
Beam_3_2_7	22183	0.056627	0.13693	0.02978	3	2	350
Beam_3_2_7	22180	0.044749	0.13756	0.029895	3	2	350
Beam_3_2_7	22168	0.044749	0.13756	0.028879	3	2	350
Beam_3_2_7	22184	0.054251	0.13756	0.029895	3	2	350
Beam_3_2_7	22164	0.054251	0.13756	0.028879	3	2	350
Beam_3_2_7	22195	0.041897	0.13781	0.02994	3	2	350
Beam_3_2_7	22151	0.041897	0.13781	0.028924	3	2	350
Beam_3_2_7	22186	0.057107	0.13782	0.029942	3	2	350
Beam_3_2_7	22159	0.057107	0.13782	0.028927	3	2	350
Beam_3_2_7	22179	0.047123	0.13818	0.030005	3	2	350
Beam_3_2_7	22167	0.047123	0.13818	0.02899	3	2	350
Beam_3_2_7	22185	0.051877	0.13818	0.030005	3	2	350
Beam_3_2_7	22165	0.051877	0.13818	0.02899	3	2	350
Beam_3_2_7	22150	0.043797	0.13831	0.029012	3	2	350
Beam_3_2_7	22194	0.043797	0.13831	0.030027	3	2	350
Beam_3_2_7	22187	0.055211	0.13832	0.030028	3	2	350
Beam_3_2_7	22160	0.055211	0.13832	0.029014	3	2	350
Beam_3_2_7	22193	0.045695	0.1388	0.030109	3	2	350
Beam_3_2_7	22149	0.045695	0.1388	0.029096	3	2	350
Beam_3_2_7	22182	0.0495	0.1388	0.030109	3	2	350
Beam_3_2_7	22166	0.0495	0.1388	0.029096	3	2	350
Beam_3_2_7	22188	0.053318	0.13881	0.03011	3	2	350
Beam_3_2_7	22161	0.053318	0.13881	0.029097	3	2	350
Beam_3_2_7	22148	0.047595	0.1393	0.029176	3	2	350
Beam_3_2_7	22196	0.047595	0.1393	0.030188	3	2	350
Beam_3_2_7	22189	0.051422	0.13931	0.030189	3	2	350
Beam_3_2_7	22153	0.051422	0.13931	0.029177	3	2	350
Beam_3_2_7	22199	0.045697	0.1398	0.030263	3	2	350
Beam_3_2_7	22147	0.045697	0.1398	0.029252	3	2	350
Beam_3_2_7	22154	0.053315	0.1398	0.029253	3	2	350
Beam_3_2_7	22190	0.053315	0.1398	0.030264	3	2	350
Beam_3_2_7	22203	0.049514	0.13981	0.030264	3	2	350
Beam_3_2_7	22139	0.049514	0.13981	0.029253	3	2	350
Beam_3_2_7	22198	0.043798	0.1403	0.030335	3	2	350
Beam_3_2_7	22146	0.043798	0.1403	0.029325	3	2	350
Beam_3_2_7	22155	0.055211	0.1403	0.029325	3	2	350
Beam_3_2_7	22191	0.055211	0.1403	0.030335	3	2	350
Beam_3_2_7	22200	0.047137	0.14043	0.030353	3	2	350
Beam_3_2_7	22140	0.047137	0.14043	0.029343	3	2	350
Beam_3_2_7	22206	0.051884	0.14043	0.030353	3	2	350
Beam_3_2_7	22138	0.051884	0.14043	0.029343	3	2	350
Beam_3_2_7	22197	0.0419	0.1408	0.030403	3	2	350
Beam_3_2_7	22145	0.0419	0.1408	0.029394	3	2	350
Beam_3_2_7	22156	0.057104	0.1408	0.029394	3	2	350
Beam_3_2_7	22192	0.057104	0.1408	0.030403	3	2	350
Beam_3_2_7	22201	0.044757	0.14105	0.030436	3	2	350
Beam_3_2_7	22141	0.044757	0.14105	0.029427	3	2	350
Beam_3_2_7	22137	0.054257	0.14105	0.029427	3	2	350
Beam_3_2_7	22205	0.054257	0.14105	0.030436	3	2	350
Beam_3_2_7	22202	0.04238	0.14167	0.030513	3	2	350
Beam_3_2_7	22142	0.04238	0.14167	0.029506	3	2	350
Beam_3_2_7	22204	0.056627	0.14167	0.030513	3	2	350
Beam_3_2_7	22136	0.056627	0.14167	0.029506	3	2	350
Beam_3_2_7	24953	0.04	0.1428	0.030136	3	2	350
Beam_3_2_7	24956	0.04475	0.1428	0.030136	3	2	350
Beam_3_2_7	24955	0.0495	0.1428	0.030136	3	2	350
Beam_3_2_7	24954	0.05425	0.1428	0.030136	3	2	350
Beam_3_2_7	24952	0.059	0.1428	0.030136	3	2	350
Beam_3_2_8	23477	0.042374	0.14393	0.030747	3	2	404
Beam_3_2_8	23465	0.042374	0.14393	0.029743	3	2	404
Beam_3_2_8	23479	0.056626	0.14393	0.030747	3	2	404
Beam_3_2_8	23459	0.056626	0.14393	0.029743	3	2	404
Beam_3_2_8	23476	0.04475	0.14456	0.030798	3	2	404
Beam_3_2_8	23464	0.04475	0.14456	0.029795	3	2	404
Beam_3_2_8	23460	0.05425	0.14456	0.029795	3	2	404
Beam_3_2_8	23480	0.05425	0.14456	0.030798	3	2	404
Beam_3_2_8	23491	0.041898	0.14481	0.030817	3	2	404
Beam_3_2_8	23447	0.041898	0.14481	0.029815	3	2	404
Beam_3_2_8	23482	0.057106	0.14482	0.030818	3	2	404
Beam_3_2_8	23455	0.057106	0.14482	0.029816	3	2	404
Beam_3_2_8	23463	0.047124	0.14518	0.029842	3	2	404
Beam_3_2_8	23475	0.047124	0.14518	0.030844	3	2	404
Beam_3_2_8	23481	0.051876	0.14518	0.030844	3	2	404
Beam_3_2_8	23461	0.051876	0.14518	0.029842	3	2	404
Beam_3_2_8	23446	0.043797	0.14531	0.02985	3	2	404
Beam_3_2_8	23490	0.043797	0.14531	0.030853	3	2	404
Beam_3_2_8	23483	0.055211	0.14532	0.030853	3	2	404
Beam_3_2_8	23456	0.055211	0.14532	0.029851	3	2	404
Beam_3_2_8	23445	0.045696	0.1458	0.029883	3	2	404
Beam_3_2_8	23489	0.045696	0.1458	0.030884	3	2	404
Beam_3_2_8	23462	0.0495	0.1458	0.029882	3	2	404
Beam_3_2_8	23478	0.0495	0.1458	0.030884	3	2	404
Beam_3_2_8	23484	0.053317	0.14581	0.030885	3	2	404
Beam_3_2_8	23457	0.053317	0.14581	0.029883	3	2	404
Beam_3_2_8	23492	0.047595	0.1463	0.030913	3	2	404
Beam_3_2_8	23444	0.047595	0.1463	0.029911	3	2	404
Beam_3_2_8	23485	0.051422	0.14631	0.030913	3	2	404
Beam_3_2_8	23449	0.051422	0.14631	0.029911	3	2	404
Beam_3_2_8	23495	0.045697	0.1468	0.030937	3	2	404
Beam_3_2_8	23443	0.045697	0.1468	0.029936	3	2	404
Beam_3_2_8	23486	0.053316	0.1468	0.030937	3	2	404
Beam_3_2_8	23450	0.053316	0.1468	0.029936	3	2	404
Beam_3_2_8	23435	0.049514	0.14681	0.029936	3	2	404
Beam_3_2_8	23499	0.049514	0.14681	0.030937	3	2	404
Beam_3_2_8	23494	0.043798	0.1473	0.030958	3	2	404
Beam_3_2_8	23442	0.043798	0.1473	0.029957	3	2	404
Beam_3_2_8	23451	0.055211	0.1473	0.029957	3	2	404
Beam_3_2_8	23487	0.055211	0.1473	0.030958	3	2	404
Beam_3_2_8	23436	0.047136	0.14743	0.029962	3	2	404
Beam_3_2_8	23496	0.047136	0.14743	0.030963	3	2	404
Beam_3_2_8	23502	0.051885	0.14743	0.030963	3	2	404
Beam_3_2_8	23434	0.051885	0.14743	0.029962	3	2	404
Beam_3_2_8	23441	0.041899	0.1478	0.029975	3	2	404
Beam_3_2_8	23493	0.041899	0.1478	0.030976	3	2	404
Beam_3_2_8	23488	0.057105	0.1478	0.030976	3	2	404
Beam_3_2_8	23452	0.057105	0.1478	0.029975	3	2	404
Beam_3_2_8	23437	0.044757	0.14805	0.029983	3	2	404
Beam_3_2_8	23497	0.044757	0.14805	0.030983	3	2	404
Beam_3_2_8	23433	0.054257	0.14805	0.029983	3	2	404
Beam_3_2_8	23501	0.054257	0.14805	0.030983	3	2	404
Beam_3_2_8	23438	0.042379	0.14867	0.029997	3	2	404
Beam_3_2_8	23498	0.042379	0.14867	0.030998	3	2	404
Beam_3_2_8	23500	0.056628	0.14867	0.030998	3	2	404
Beam_3_2_8	23432	0.056628	0.14867	0.029997	3	2	404
Beam_3_2_8	24962	0.04	0.1498	0.030509	3	2	404
Beam_3_2_8	24965	0.04475	0.1498	0.030509	3	2	404
Beam_3_2_8	24964	0.0495	0.1498	0.030509	3	2	404
Beam_3_2_8	24963	0.05425	0.1498	0.030509	3	2	404
Beam_3_2_8	24961	0.059	0.1498	0.030509	3	2	404
Beam_3_2_9	24086	0.042375	0.15093	0.030004	3	2	431
Beam_3_2_9	24146	0.042375	0.15093	0.031004	3	2	431
Beam_3_2_9	24080	0.056625	0.15093	0.030004	3	2	431
Beam_3_2_9	24148	0.056625	0.15093	0.031004	3	2	431
Beam_3_2_9	24085	0.04475	0.15156	0.029993	3	2	431
Beam_3_2_9	24145	0.04475	0.15156	0.030993	3	2	431
Beam_3_2_9	24081	0.05425	0.15156	0.029993	3	2	431
Beam_3_2_9	24149	0.05425	0.15156	0.030993	3	2	431
Beam_3_2_9	24104	0.041899	0.15181	0.029987	3	2	431
Beam_3_2_9	24132	0.041899	0.15181	0.030987	3	2	431
Beam_3_2_9	24094	0.057105	0.15182	0.029986	3	2	431
Beam_3_2_9	24137	0.057105	0.15182	0.030987	3	2	431
Beam_3_2_9	24084	0.047125	0.15218	0.029976	3	2	431
Beam_3_2_9	24144	0.047125	0.15218	0.030976	3	2	431
Beam_3_2_9	24150	0.051875	0.15218	0.030976	3	2	431
Beam_3_2_9	24082	0.051875	0.15218	0.029976	3	2	431
Beam_3_2_9	24103	0.043798	0.15231	0.029972	3	2	431
Beam_3_2_9	24131	0.043798	0.15231	0.030972	3	2	431
Beam_3_2_9	24095	0.055211	0.15232	0.029971	3	2	431
Beam_3_2_9	24138	0.055211	0.15232	0.030972	3	2	431
Beam_3_2_9	24130	0.045696	0.1528	0.030954	3	2	431
Beam_3_2_9	24102	0.045696	0.1528	0.029953	3	2	431
Beam_3_2_9	24147	0.0495	0.1528	0.030954	3	2	431
Beam_3_2_9	24083	0.0495	0.1528	0.029953	3	2	431
Beam_3_2_9	24139	0.053316	0.15281	0.030954	3	2	431
Beam_3_2_9	24096	0.053316	0.15281	0.029953	3	2	431
Beam_3_2_9	24133	0.047595	0.1533	0.030932	3	2	431
Beam_3_2_9	24101	0.047595	0.1533	0.029931	3	2	431
Beam_3_2_9	24140	0.051422	0.15331	0.030932	3	2	431
Beam_3_2_9	24088	0.051422	0.15331	0.029931	3	2	431
Beam_3_2_9	24100	0.045696	0.1538	0.029905	3	2	431
Beam_3_2_9	24136	0.045696	0.1538	0.030907	3	2	431
Beam_3_2_9	24089	0.053317	0.1538	0.029905	3	2	431
Beam_3_2_9	24141	0.053317	0.1538	0.030907	3	2	431
Beam_3_2_9	24110	0.049514	0.15381	0.029905	3	2	431
Beam_3_2_9	24126	0.049514	0.15381	0.030907	3	2	431
Beam_3_2_9	24099	0.043797	0.1543	0.029876	3	2	431
Beam_3_2_9	24135	0.043797	0.1543	0.030878	3	2	431
Beam_3_2_9	24090	0.055211	0.1543	0.029876	3	2	431
Beam_3_2_9	24142	0.055211	0.1543	0.030878	3	2	431
Beam_3_2_9	24123	0.047135	0.15443	0.03087	3	2	431
Beam_3_2_9	24111	0.047135	0.15443	0.029868	3	2	431
Beam_3_2_9	24109	0.051886	0.15443	0.029868	3	2	431
Beam_3_2_9	24129	0.051886	0.15443	0.03087	3	2	431
Beam_3_2_9	24134	0.041898	0.1548	0.030846	3	2	431
Beam_3_2_9	24098	0.041898	0.1548	0.029843	3	2	431
Beam_3_2_9	24143	0.057106	0.1548	0.030845	3	2	431
Beam_3_2_9	24091	0.057106	0.1548	0.029843	3	2	431
Beam_3_2_9	24112	0.044757	0.15505	0.029825	3	2	431
Beam_3_2_9	24124	0.044757	0.15505	0.030828	3	2	431
Beam_3_2_9	24108	0.054257	0.15505	0.029825	3	2	431
Beam_3_2_9	24128	0.054257	0.15505	0.030828	3	2	431
Beam_3_2_9	24113	0.042378	0.15567	0.029776	3	2	431
Beam_3_2_9	24125	0.042378	0.15567	0.03078	3	2	431
Beam_3_2_9	24107	0.05663	0.15567	0.029776	3	2	431
Beam_3_2_9	24127	0.05663	0.15567	0.03078	3	2	431
Beam_3_2_9	25007	0.04	0.1568	0.030176	3	2	431
Beam_3_2_9	25010	0.04475	0.1568	0.030176	3	2	431
Beam_3_2_9	25009	0.0495	0.1568	0.030176	3	2	431
Beam_3_2_9	25008	0.05425	0.1568	0.030176	3	2	431
Beam_3_2_9	25006	0.059	0.1568	0.030176	3	2	431
Beam_3_2_10	22841	0.042376	0.15793	0.030559	3	2	377
Beam_3_2_10	22801	0.042376	0.15793	0.029553	3	2	377
Beam_3_2_10	22843	0.056624	0.15793	0.030559	3	2	377
Beam_3_2_10	22795	0.056624	0.15793	0.029553	3	2	377
Beam_3_2_10	22800	0.04475	0.15856	0.029478	3	2	377
Beam_3_2_10	22840	0.04475	0.15856	0.030485	3	2	377
Beam_3_2_10	22796	0.05425	0.15856	0.029478	3	2	377
Beam_3_2_10	22844	0.05425	0.15856	0.030485	3	2	377
Beam_3_2_10	22809	0.0419	0.15881	0.029446	3	2	377
Beam_3_2_10	22833	0.0419	0.15881	0.030454	3	2	377
Beam_3_2_10	22789	0.057104	0.15882	0.029444	3	2	377
Beam_3_2_10	22848	0.057105	0.15882	0.030452	3	2	377
Beam_3_2_10	22839	0.047127	0.15918	0.030406	3	2	377
Beam_3_2_10	22799	0.047127	0.15918	0.029397	3	2	377
Beam_3_2_10	22845	0.051873	0.15918	0.030406	3	2	377
Beam_3_2_10	22797	0.051873	0.15918	0.029397	3	2	377
Beam_3_2_10	22808	0.043798	0.15931	0.02938	3	2	377
Beam_3_2_10	22832	0.043798	0.15931	0.030389	3	2	377
Beam_3_2_10	22849	0.055211	0.15932	0.030388	3	2	377
Beam_3_2_10	22790	0.055211	0.15932	0.029378	3	2	377
Beam_3_2_10	22842	0.0495	0.1598	0.03032	3	2	377
Beam_3_2_10	22798	0.0495	0.1598	0.02931	3	2	377
Beam_3_2_10	22831	0.045697	0.15981	0.03032	3	2	377
Beam_3_2_10	22807	0.045697	0.15981	0.02931	3	2	377
Beam_3_2_10	22850	0.053315	0.15981	0.030319	3	2	377
Beam_3_2_10	22791	0.053315	0.15981	0.029309	3	2	377
Beam_3_2_10	22834	0.047595	0.1603	0.030248	3	2	377
Beam_3_2_10	22806	0.047595	0.1603	0.029237	3	2	377
Beam_3_2_10	22783	0.051422	0.16031	0.029236	3	2	377
Beam_3_2_10	22851	0.051422	0.16031	0.030247	3	2	377
Beam_3_2_10	22805	0.045695	0.1608	0.029159	3	2	377
Beam_3_2_10	22837	0.045695	0.1608	0.030172	3	2	377
Beam_3_2_10	22811	0.049514	0.16081	0.029159	3	2	377
Beam_3_2_10	22826	0.049514	0.16081	0.030171	3	2	377
Beam_3_2_10	22852	0.053318	0.16081	0.030171	3	2	377
Beam_3_2_10	22784	0.053318	0.16081	0.029159	3	2	377
Beam_3_2_10	22804	0.043797	0.1613	0.029079	3	2	377
Beam_3_2_10	22836	0.043797	0.1613	0.030092	3	2	377
Beam_3_2_10	22785	0.055211	0.1613	0.029078	3	2	377
Beam_3_2_10	22853	0.055211	0.1613	0.030092	3	2	377
Beam_3_2_10	22812	0.047133	0.16143	0.029057	3	2	377
Beam_3_2_10	22827	0.047133	0.16143	0.030071	3	2	377
Beam_3_2_10	22818	0.051888	0.16143	0.029057	3	2	377
Beam_3_2_10	22825	0.051888	0.16143	0.030071	3	2	377
Beam_3_2_10	22803	0.041897	0.1618	0.028994	3	2	377
Beam_3_2_10	22835	0.041897	0.1618	0.030009	3	2	377
Beam_3_2_10	22854	0.057107	0.1618	0.030009	3	2	377
Beam_3_2_10	22786	0.057107	0.1618	0.028994	3	2	377
Beam_3_2_10	22813	0.044757	0.16205	0.02895	3	2	377
Beam_3_2_10	22828	0.044757	0.16205	0.029965	3	2	377
Beam_3_2_10	22817	0.054258	0.16205	0.02895	3	2	377
Beam_3_2_10	22824	0.054258	0.16205	0.029965	3	2	377
Beam_3_2_10	22829	0.042376	0.16267	0.029853	3	2	377
Beam_3_2_10	22814	0.042376	0.16267	0.028836	3	2	377
Beam_3_2_10	22816	0.056631	0.16267	0.028836	3	2	377
Beam_3_2_10	22823	0.056631	0.16267	0.029853	3	2	377
Beam_3_2_10	25016	0.04	0.1638	0.029125	3	2	377
Beam_3_2_10	25019	0.04475	0.1638	0.029125	3	2	377
Beam_3_2_10	25018	0.0495	0.1638	0.029125	3	2	377
Beam_3_2_10	25017	0.05425	0.1638	0.029125	3	2	377
Beam_3_2_10	25015	0.059	0.1638	0.029125	3	2	377
Beam_3_2_11	21521	0.042378	0.16493	0.028375	3	2	323
Beam_3_2_11	21533	0.042378	0.16493	0.029399	3	2	323
Beam_3_2_11	21535	0.056622	0.16493	0.029399	3	2	323
Beam_3_2_11	21515	0.056622	0.16493	0.028375	3	2	323
Beam_3_2_11	21520	0.044751	0.16556	0.028234	3	2	323
Beam_3_2_11	21532	0.044751	0.16556	0.02926	3	2	323
Beam_3_2_11	21516	0.054249	0.16556	0.028234	3	2	323
Beam_3_2_11	21536	0.054249	0.16556	0.02926	3	2	323
Beam_3_2_11	21503	0.041901	0.16581	0.028175	3	2	323
Beam_3_2_11	21547	0.041901	0.16581	0.029202	3	2	323
Beam_3_2_11	21511	0.057104	0.16582	0.028172	3	2	323
Beam_3_2_11	21538	0.057104	0.16582	0.029199	3	2	323
Beam_3_2_11	21519	0.047128	0.16618	0.028086	3	2	323
Beam_3_2_11	21531	0.047128	0.16618	0.029114	3	2	323
Beam_3_2_11	21537	0.051872	0.16618	0.029114	3	2	323
Beam_3_2_11	21517	0.051872	0.16618	0.028086	3	2	323
Beam_3_2_11	21502	0.043798	0.16631	0.028056	3	2	323
Beam_3_2_11	21546	0.043798	0.16631	0.029084	3	2	323
Beam_3_2_11	21512	0.055211	0.16632	0.028053	3	2	323
Beam_3_2_11	21539	0.055211	0.16632	0.029082	3	2	323
Beam_3_2_11	21518	0.0495	0.1668	0.027933	3	2	323
Beam_3_2_11	21534	0.0495	0.1668	0.028964	3	2	323
Beam_3_2_11	21501	0.045698	0.16681	0.027932	3	2	323
Beam_3_2_11	21545	0.045698	0.16681	0.028963	3	2	323
Beam_3_2_11	21513	0.053315	0.16681	0.027931	3	2	323
Beam_3_2_11	21540	0.053315	0.16681	0.028961	3	2	323
Beam_3_2_11	21548	0.047595	0.1673	0.028838	3	2	323
Beam_3_2_11	21500	0.047595	0.1673	0.027805	3	2	323
Beam_3_2_11	21541	0.051422	0.16731	0.028837	3	2	323
Beam_3_2_11	21505	0.051422	0.16731	0.027804	3	2	323
Beam_3_2_11	21551	0.045694	0.1678	0.028709	3	2	323
Beam_3_2_11	21499	0.045694	0.1678	0.027674	3	2	323
Beam_3_2_11	21555	0.049514	0.16781	0.028707	3	2	323
Beam_3_2_11	21491	0.049514	0.16781	0.027673	3	2	323
Beam_3_2_11	21506	0.053319	0.16781	0.027673	3	2	323
Beam_3_2_11	21542	0.053319	0.16781	0.028708	3	2	323
Beam_3_2_11	21550	0.043797	0.1683	0.028576	3	2	323
Beam_3_2_11	21498	0.043797	0.1683	0.027539	3	2	323
Beam_3_2_11	21507	0.055212	0.1683	0.027539	3	2	323
Beam_3_2_11	21543	0.055212	0.1683	0.028575	3	2	323
Beam_3_2_11	21552	0.047132	0.16843	0.02854	3	2	323
Beam_3_2_11	21492	0.047132	0.16843	0.027503	3	2	323
Beam_3_2_11	21490	0.051889	0.16843	0.027503	3	2	323
Beam_3_2_11	21558	0.051889	0.16843	0.02854	3	2	323
Beam_3_2_11	21497	0.041896	0.1688	0.0274	3	2	323
Beam_3_2_11	21549	0.041896	0.1688	0.028439	3	2	323
Beam_3_2_11	21544	0.057108	0.1688	0.028438	3	2	323
Beam_3_2_11	21508	0.057108	0.1688	0.0274	3	2	323
Beam_3_2_11	21493	0.044756	0.16905	0.027328	3	2	323
Beam_3_2_11	21553	0.044756	0.16905	0.028368	3	2	323
Beam_3_2_11	21489	0.054258	0.16905	0.027328	3	2	323
Beam_3_2_11	21557	0.054258	0.16905	0.028368	3	2	323
Beam_3_2_11	21494	0.042375	0.16967	0.027146	3	2	323
Beam_3_2_11	21554	0.042375	0.16967	0.028188	3	2	323
Beam_3_2_11	21556	0.056632	0.16967	0.028188	3	2	323
Beam_3_2_11	21488	0.056632	0.16967	0.027146	3	2	323
Beam_3_2_11	25061	0.04	0.1708	0.027323	3	2	323
Beam_3_2_11	25064	0.04475	0.1708	0.027323	3	2	323
Beam_3_2_11	25063	0.0495	0.1708	0.027323	3	2	323
Beam_3_2_11	25062	0.05425	0.1708	0.027323	3	2	323
Beam_3_2_11	25060	0.059	0.1708	0.027323	3	2	323
Beam_3_2_12	20237	0.042379	0.17193	0.027485	3	2	269
Beam_3_2_12	20225	0.042379	0.17193	0.026431	3	2	269
Beam_3_2_12	20239	0.056621	0.17193	0.027485	3	2	269
Beam_3_2_12	20219	0.056621	0.17193	0.026431	3	2	269
Beam_3_2_12	20236	0.044751	0.17256	0.027276	3	2	269
Beam_3_2_12	20224	0.044751	0.17256	0.026219	3	2	269
Beam_3_2_12	20240	0.054249	0.17256	0.027276	3	2	269
Beam_3_2_12	20220	0.054249	0.17256	0.026219	3	2	269
Beam_3_2_12	20207	0.041902	0.17281	0.026131	3	2	269
Beam_3_2_12	20251	0.041902	0.17281	0.02719	3	2	269
Beam_3_2_12	20242	0.057103	0.17282	0.027186	3	2	269
Beam_3_2_12	20215	0.057103	0.17282	0.026127	3	2	269
Beam_3_2_12	20223	0.04713	0.17318	0.026	3	2	269
Beam_3_2_12	20235	0.04713	0.17318	0.027061	3	2	269
Beam_3_2_12	20221	0.05187	0.17318	0.026	3	2	269
Beam_3_2_12	20241	0.05187	0.17318	0.027061	3	2	269
Beam_3_2_12	20206	0.043798	0.17331	0.025955	3	2	269
Beam_3_2_12	20250	0.043798	0.17331	0.027016	3	2	269
Beam_3_2_12	20243	0.05521	0.17332	0.027013	3	2	269
Beam_3_2_12	20216	0.05521	0.17332	0.025951	3	2	269
Beam_3_2_12	20238	0.0495	0.1738	0.026839	3	2	269
Beam_3_2_12	20222	0.0495	0.1738	0.025774	3	2	269
Beam_3_2_12	20205	0.045699	0.17381	0.025774	3	2	269
Beam_3_2_12	20249	0.045699	0.17381	0.026838	3	2	269
Beam_3_2_12	20217	0.053313	0.17381	0.025771	3	2	269
Beam_3_2_12	20244	0.053313	0.17381	0.026835	3	2	269
Beam_3_2_12	20204	0.047595	0.1743	0.025589	3	2	269
Beam_3_2_12	20252	0.047595	0.1743	0.026656	3	2	269
Beam_3_2_12	20209	0.051422	0.17431	0.025587	3	2	269
Beam_3_2_12	20245	0.051422	0.17431	0.026654	3	2	269
Beam_3_2_12	20255	0.045693	0.1748	0.026469	3	2	269
Beam_3_2_12	20203	0.045693	0.1748	0.025398	3	2	269
Beam_3_2_12	20259	0.049514	0.17481	0.026467	3	2	269
Beam_3_2_12	20195	0.049514	0.17481	0.025397	3	2	269
Beam_3_2_12	20210	0.05332	0.17481	0.025397	3	2	269
Beam_3_2_12	20246	0.05332	0.17481	0.026468	3	2	269
Beam_3_2_12	20254	0.043797	0.1753	0.026278	3	2	269
Beam_3_2_12	20202	0.043797	0.1753	0.025205	3	2	269
Beam_3_2_12	20247	0.055212	0.1753	0.026277	3	2	269
Beam_3_2_12	20211	0.055212	0.1753	0.025204	3	2	269
Beam_3_2_12	20256	0.04713	0.17543	0.026227	3	2	269
Beam_3_2_12	20196	0.04713	0.17543	0.025153	3	2	269
Beam_3_2_12	20194	0.051891	0.17543	0.025153	3	2	269
Beam_3_2_12	20262	0.051891	0.17543	0.026227	3	2	269
Beam_3_2_12	20201	0.041895	0.1758	0.025006	3	2	269
Beam_3_2_12	20253	0.041895	0.1758	0.026083	3	2	269
Beam_3_2_12	20248	0.057109	0.1758	0.026082	3	2	269
Beam_3_2_12	20212	0.057109	0.1758	0.025005	3	2	269
Beam_3_2_12	20257	0.044756	0.17605	0.025982	3	2	269
Beam_3_2_12	20197	0.044756	0.17605	0.024903	3	2	269
Beam_3_2_12	20193	0.054258	0.17605	0.024903	3	2	269
Beam_3_2_12	20261	0.054258	0.17605	0.025982	3	2	269
Beam_3_2_12	20198	0.042373	0.17668	0.024645	3	2	269
Beam_3_2_12	20258	0.042373	0.17668	0.025728	3	2	269
Beam_3_2_12	20260	0.056634	0.17668	0.025728	3	2	269
Beam_3_2_12	20192	0.056634	0.17668	0.024645	3	2	269
Beam_3_2_12	25070	0.04	0.1778	0.024705	3	2	269
Beam_3_2_12	25073	0.04475	0.1778	0.024705	3	2	269
Beam_3_2_12	25072	0.0495	0.1778	0.024705	3	2	269
Beam_3_2_12	25071	0.05425	0.1778	0.024705	3	2	269
Beam_3_2_12	25069	0.059	0.1778	0.024705	3	2	269
Beam_3_2_13	18941	0.042381	0.17893	0.02475	3	2	215
Beam_3_2_13	18929	0.042381	0.17893	0.02365	3	2	215
Beam_3_2_13	18923	0.056619	0.17893	0.02365	3	2	215
Beam_3_2_13	18943	0.056619	0.17893	0.02475	3	2	215
Beam_3_2_13	18928	0.044752	0.17956	0.023359	3	2	215
Beam_3_2_13	18940	0.044752	0.17956	0.024464	3	2	215
Beam_3_2_13	18944	0.054248	0.17956	0.024464	3	2	215
Beam_3_2_13	18924	0.054248	0.17956	0.023359	3	2	215
Beam_3_2_13	18955	0.041903	0.17981	0.024346	3	2	215
Beam_3_2_13	18911	0.041903	0.17981	0.023239	3	2	215
Beam_3_2_13	18919	0.057101	0.17982	0.023233	3	2	215
Beam_3_2_13	18946	0.057101	0.17982	0.02434	3	2	215
Beam_3_2_13	18939	0.047132	0.18018	0.024169	3	2	215
Beam_3_2_13	18927	0.047132	0.18018	0.023059	3	2	215
Beam_3_2_13	18925	0.051868	0.18018	0.023059	3	2	215
Beam_3_2_13	18945	0.051868	0.18018	0.024169	3	2	215
Beam_3_2_13	18954	0.043799	0.18031	0.024109	3	2	215
Beam_3_2_13	18910	0.043799	0.18031	0.022998	3	2	215
Beam_3_2_13	18920	0.05521	0.18032	0.022993	3	2	215
Beam_3_2_13	18947	0.05521	0.18032	0.024105	3	2	215
Beam_3_2_13	18942	0.0495	0.1808	0.023869	3	2	215
Beam_3_2_13	18926	0.0495	0.1808	0.022753	3	2	215
Beam_3_2_13	18953	0.045701	0.18081	0.023867	3	2	215
Beam_3_2_13	18909	0.045701	0.18081	0.022752	3	2	215
Beam_3_2_13	18921	0.053312	0.18081	0.022748	3	2	215
Beam_3_2_13	18948	0.053312	0.18081	0.023864	3	2	215
Beam_3_2_13	18956	0.047595	0.1813	0.023621	3	2	215
Beam_3_2_13	18908	0.047595	0.1813	0.022501	3	2	215
Beam_3_2_13	18949	0.051422	0.18131	0.023619	3	2	215
Beam_3_2_13	18913	0.051422	0.18131	0.022499	3	2	215
Beam_3_2_13	18907	0.045691	0.1818	0.022244	3	2	215
Beam_3_2_13	18959	0.045692	0.1818	0.023369	3	2	215
Beam_3_2_13	18963	0.049514	0.18181	0.023367	3	2	215
Beam_3_2_13	18899	0.049514	0.18181	0.022242	3	2	215
Beam_3_2_13	18950	0.053321	0.18181	0.023367	3	2	215
Beam_3_2_13	18914	0.053321	0.18181	0.022242	3	2	215
Beam_3_2_13	18958	0.043796	0.1823	0.023113	3	2	215
Beam_3_2_13	18906	0.043796	0.1823	0.021983	3	2	215
Beam_3_2_13	18915	0.055212	0.1823	0.021982	3	2	215
Beam_3_2_13	18951	0.055212	0.1823	0.023111	3	2	215
Beam_3_2_13	18900	0.047128	0.18243	0.021914	3	2	215
Beam_3_2_13	18960	0.047128	0.18243	0.023044	3	2	215
Beam_3_2_13	18898	0.051893	0.18243	0.021914	3	2	215
Beam_3_2_13	18966	0.051893	0.18243	0.023044	3	2	215
Beam_3_2_13	18905	0.041894	0.1828	0.021716	3	2	215
Beam_3_2_13	18957	0.041894	0.1828	0.02285	3	2	215
Beam_3_2_13	18916	0.05711	0.1828	0.021715	3	2	215
Beam_3_2_13	18952	0.05711	0.1828	0.02285	3	2	215
Beam_3_2_13	18901	0.044755	0.18305	0.021579	3	2	215
Beam_3_2_13	18961	0.044755	0.18305	0.022716	3	2	215
Beam_3_2_13	18965	0.054259	0.18305	0.022716	3	2	215
Beam_3_2_13	18897	0.054259	0.18305	0.021579	3	2	215
Beam_3_2_13	18902	0.042371	0.18368	0.021234	3	2	215
Beam_3_2_13	18962	0.042371	0.18368	0.022377	3	2	215
Beam_3_2_13	18896	0.056636	0.18368	0.021234	3	2	215
Beam_3_2_13	18964	0.056636	0.18368	0.022377	3	2	215
Beam_3_2_13	25196	0.04	0.1848	0.021166	3	2	215
Beam_3_2_13	25199	0.04475	0.1848	0.021166	3	2	215
Beam_3_2_13	25198	0.0495	0.1848	0.021166	3	2	215
Beam_3_2_13	25197	0.05425	0.1848	0.021166	3	2	215
Beam_3_2_13	25195	0.059	0.1848	0.021166	3	2	215
Beam_3_2_14	17652	0.042384	0.18594	0.021082	3	2	161
Beam_3_2_14	17624	0.042384	0.18594	0.019914	3	2	161
Beam_3_2_14	17654	0.056616	0.18594	0.021082	3	2	161
Beam_3_2_14	17618	0.056616	0.18594	0.019914	3	2	161
Beam_3_2_14	17651	0.044753	0.18656	0.020706	3	2	161
Beam_3_2_14	17623	0.044753	0.18656	0.01953	3	2	161
Beam_3_2_14	17619	0.054247	0.18656	0.01953	3	2	161
Beam_3_2_14	17655	0.054247	0.18656	0.020706	3	2	161
Beam_3_2_14	17606	0.041905	0.18681	0.019372	3	2	161
Beam_3_2_14	17666	0.041905	0.18681	0.020551	3	2	161
Beam_3_2_14	17632	0.0571	0.18682	0.019364	3	2	161
Beam_3_2_14	17643	0.0571	0.18682	0.020543	3	2	161
Beam_3_2_14	17650	0.047134	0.18718	0.020319	3	2	161
Beam_3_2_14	17622	0.047135	0.18718	0.019135	3	2	161
Beam_3_2_14	17620	0.051865	0.18718	0.019135	3	2	161
Beam_3_2_14	17656	0.051866	0.18718	0.020319	3	2	161
Beam_3_2_14	17605	0.043799	0.18731	0.019055	3	2	161
Beam_3_2_14	17665	0.043799	0.18731	0.02024	3	2	161
Beam_3_2_14	17633	0.055209	0.18732	0.019049	3	2	161
Beam_3_2_14	17644	0.055209	0.18732	0.020234	3	2	161
Beam_3_2_14	17653	0.0495	0.1878	0.019925	3	2	161
Beam_3_2_14	17621	0.0495	0.1878	0.018733	3	2	161
Beam_3_2_14	17604	0.045702	0.18781	0.018731	3	2	161
Beam_3_2_14	17664	0.045702	0.18781	0.019923	3	2	161
Beam_3_2_14	17645	0.05331	0.18781	0.019918	3	2	161
Beam_3_2_14	17634	0.05331	0.18781	0.018726	3	2	161
Beam_3_2_14	17667	0.047595	0.1883	0.019601	3	2	161
Beam_3_2_14	17603	0.047595	0.1883	0.018402	3	2	161
Beam_3_2_14	17626	0.051422	0.18831	0.0184	3	2	161
Beam_3_2_14	17646	0.051422	0.18831	0.019598	3	2	161
Beam_3_2_14	17602	0.045689	0.1888	0.018066	3	2	161
Beam_3_2_14	17670	0.04569	0.1888	0.019271	3	2	161
Beam_3_2_14	17612	0.049514	0.18881	0.018063	3	2	161
Beam_3_2_14	17660	0.049514	0.18881	0.019269	3	2	161
Beam_3_2_14	17647	0.053323	0.18881	0.019269	3	2	161
Beam_3_2_14	17627	0.053323	0.18881	0.018063	3	2	161
Beam_3_2_14	17601	0.043795	0.1893	0.017724	3	2	161
Beam_3_2_14	17669	0.043795	0.1893	0.018937	3	2	161
Beam_3_2_14	17648	0.055213	0.1893	0.018935	3	2	161
Beam_3_2_14	17628	0.055213	0.1893	0.017723	3	2	161
Beam_3_2_14	17613	0.047125	0.18943	0.017633	3	2	161
Beam_3_2_14	17657	0.047125	0.18943	0.018847	3	2	161
Beam_3_2_14	17663	0.051896	0.18943	0.018847	3	2	161
Beam_3_2_14	17611	0.051896	0.18943	0.017633	3	2	161
Beam_3_2_14	17668	0.041892	0.1898	0.018595	3	2	161
Beam_3_2_14	17600	0.041892	0.1898	0.017375	3	2	161
Beam_3_2_14	17649	0.057112	0.1898	0.018594	3	2	161
Beam_3_2_14	17629	0.057112	0.1898	0.017374	3	2	161
Beam_3_2_14	17614	0.044754	0.19005	0.017196	3	2	161
Beam_3_2_14	17658	0.044754	0.19005	0.018419	3	2	161
Beam_3_2_14	17662	0.05426	0.19005	0.018419	3	2	161
Beam_3_2_14	17610	0.054261	0.19005	0.017196	3	2	161
Beam_3_2_14	17659	0.042367	0.19068	0.017978	3	2	161
Beam_3_2_14	17615	0.042367	0.19068	0.016745	3	2	161
Beam_3_2_14	17661	0.05664	0.19068	0.017978	3	2	161
Beam_3_2_14	17609	0.05664	0.19068	0.016745	3	2	161
Beam_3_2_14	25187	0.04	0.1918	0.016529	3	2	161
Beam_3_2_14	25190	0.04475	0.1918	0.016529	3	2	161
Beam_3_2_14	25189	0.0495	0.1918	0.016529	3	2	161
Beam_3_2_14	25188	0.05425	0.1918	0.016529	3	2	161
Beam_3_2_14	25186	0.059	0.1918	0.016529	3	2	161
Beam_3_2_15	16295	0.04159	0.19273	0.016457	3	2	107
Beam_3_2_15	16281	0.04159	0.19273	0.015189	3	2	107
Beam_3_2_15	16271	0.05741	0.19273	0.015189	3	2	107
Beam_3_2_15	16297	0.05741	0.19273	0.016457	3	2	107
Beam_3_2_15	16294	0.04317	0.19314	0.016135	3	2	107
Beam_3_2_15	16280	0.043171	0.19314	0.01486	3	2	107
Beam_3_2_15	16272	0.055829	0.19314	0.01486	3	2	107
Beam_3_2_15	16298	0.05583	0.19314	0.016135	3	2	107
Beam_3_2_15	16293	0.044759	0.19356	0.015807	3	2	107
Beam_3_2_15	16279	0.044759	0.19356	0.014523	3	2	107
Beam_3_2_15	16273	0.054241	0.19356	0.014523	3	2	107
Beam_3_2_15	16299	0.054241	0.19356	0.015807	3	2	107
Beam_3_2_15	16322	0.041907	0.19381	0.015606	3	2	107
Beam_3_2_15	16246	0.041908	0.19381	0.014317	3	2	107
Beam_3_2_15	16264	0.057097	0.19382	0.014307	3	2	107
Beam_3_2_15	16308	0.057097	0.19382	0.015596	3	2	107
Beam_3_2_15	16278	0.046337	0.19397	0.014183	3	2	107
Beam_3_2_15	16292	0.046337	0.19397	0.015475	3	2	107
Beam_3_2_15	16274	0.052663	0.19397	0.014183	3	2	107
Beam_3_2_15	16300	0.052663	0.19397	0.015475	3	2	107
Beam_3_2_15	16321	0.0438	0.19431	0.015203	3	2	107
Beam_3_2_15	16245	0.043801	0.19431	0.013905	3	2	107
Beam_3_2_15	16263	0.055208	0.19432	0.013897	3	2	107
Beam_3_2_15	16307	0.055208	0.19432	0.015195	3	2	107
Beam_3_2_15	16291	0.047924	0.19439	0.015136	3	2	107
Beam_3_2_15	16277	0.047924	0.19439	0.013836	3	2	107
Beam_3_2_15	16275	0.051076	0.19439	0.013836	3	2	107
Beam_3_2_15	16301	0.051076	0.19439	0.015136	3	2	107
Beam_3_2_15	16296	0.0495	0.1948	0.014794	3	2	107
Beam_3_2_15	16276	0.0495	0.1948	0.013486	3	2	107
Beam_3_2_15	16244	0.045705	0.19481	0.013482	3	2	107
Beam_3_2_15	16320	0.045705	0.19481	0.01479	3	2	107
Beam_3_2_15	16262	0.053307	0.19481	0.013476	3	2	107
Beam_3_2_15	16306	0.053307	0.19481	0.014785	3	2	107
Beam_3_2_15	16243	0.047595	0.1953	0.013055	3	2	107
Beam_3_2_15	16323	0.047595	0.1953	0.014373	3	2	107
Beam_3_2_15	16261	0.051422	0.19531	0.013051	3	2	107
Beam_3_2_15	16305	0.051422	0.19531	0.01437	3	2	107
Beam_3_2_15	16242	0.045686	0.1958	0.012614	3	2	107
Beam_3_2_15	16326	0.045686	0.1958	0.013944	3	2	107
Beam_3_2_15	16314	0.049514	0.19581	0.013942	3	2	107
Beam_3_2_15	16254	0.049514	0.19581	0.012612	3	2	107
Beam_3_2_15	16304	0.053326	0.19581	0.013941	3	2	107
Beam_3_2_15	16269	0.053326	0.19581	0.012611	3	2	107
Beam_3_2_15	16309	0.04792	0.19622	0.013578	3	2	107
Beam_3_2_15	16255	0.04792	0.19622	0.012239	3	2	107
Beam_3_2_15	16319	0.051103	0.19622	0.013578	3	2	107
Beam_3_2_15	16253	0.051104	0.19622	0.012239	3	2	107
Beam_3_2_15	16325	0.043794	0.1963	0.01351	3	2	107
Beam_3_2_15	16241	0.043794	0.1963	0.012169	3	2	107
Beam_3_2_15	16303	0.055214	0.1963	0.013508	3	2	107
Beam_3_2_15	16268	0.055215	0.1963	0.012167	3	2	107
Beam_3_2_15	16256	0.046337	0.19664	0.011862	3	2	107
Beam_3_2_15	16310	0.046338	0.19664	0.013211	3	2	107
Beam_3_2_15	16318	0.052681	0.19664	0.013211	3	2	107
Beam_3_2_15	16252	0.052682	0.19664	0.011862	3	2	107
Beam_3_2_15	16324	0.041888	0.1968	0.013065	3	2	107
Beam_3_2_15	16240	0.041888	0.1968	0.011712	3	2	107
Beam_3_2_15	16302	0.057116	0.1968	0.013064	3	2	107
Beam_3_2_15	16267	0.057116	0.1968	0.011711	3	2	107
Beam_3_2_15	16257	0.044745	0.19705	0.011477	3	2	107
Beam_3_2_15	16311	0.044746	0.19705	0.012836	3	2	107
Beam_3_2_15	16317	0.054268	0.19705	0.012836	3	2	107
Beam_3_2_15	16251	0.054269	0.19705	0.011477	3	2	107
Beam_3_2_15	16258	0.043166	0.19747	0.011088	3	2	107
Beam_3_2_15	16312	0.043166	0.19747	0.012457	3	2	107
Beam_3_2_15	16316	0.055843	0.19747	0.012457	3	2	107
Beam_3_2_15	16250	0.055844	0.19747	0.011088	3	2	107
Beam_3_2_15	16313	0.041577	0.19788	0.01207	3	2	107
Beam_3_2_15	16259	0.041577	0.19788	0.010691	3	2	107
Beam_3_2_15	16315	0.057428	0.19788	0.01207	3	2	107
Beam_3_2_15	16249	0.057428	0.19788	0.010691	3	2	107
Beam_3_2_15	25097	0.04	0.19899	0.010367	3	2	107
Beam_3_2_15	25100	0.04475	0.19899	0.010367	3	2	107
Beam_3_2_15	25099	0.0495	0.19899	0.010367	3	2	107
Beam_3_2_15	25098	0.05425	0.19899	0.010367	3	2	107
Beam_3_2_15	25096	0.059	0.19899	0.010367	3	2	107
Beam_3_3_2	25106	0.04	0.20081	0.010193	3	3	15
Beam_3_3_2	25109	0.04475	0.20081	0.010193	3	3	15
Beam_3_3_2	25108	0.0495	0.20081	0.010193	3	3	15
Beam_3_3_2	25107	0.05425	0.20081	0.010193	3	3	15
Beam_3_3_2	25105	0.059	0.20081	0.010193	3	3	15
Beam_3_3_1	15788	0.041574	0.20172	0.011699	3	3	89
Beam_3_3_1	15731	0.041574	0.20172	0.010308	3	3	89
Beam_3_3_1	15777	0.057426	0.20172	0.011699	3	3	89
Beam_3_3_1	15732	0.057426	0.20172	0.010308	3	3	89
Beam_3_3_1	15787	0.043161	0.20214	0.012092	3	3	89
Beam_3_3_1	15730	0.043161	0.20214	0.010713	3	3	89
Beam_3_3_1	15733	0.055839	0.20214	0.010713	3	3	89
Beam_3_3_1	15778	0.055839	0.20214	0.012092	3	3	89
Beam_3_3_1	15729	0.044738	0.20255	0.011108	3	3	89
Beam_3_3_1	15786	0.044738	0.20255	0.012477	3	3	89
Beam_3_3_1	15734	0.054262	0.20255	0.011108	3	3	89
Beam_3_3_1	15779	0.054262	0.20255	0.012477	3	3	89
Beam_3_3_1	15762	0.041888	0.20281	0.012708	3	3	89
Beam_3_3_1	15751	0.041888	0.20281	0.011346	3	3	89
Beam_3_3_1	15719	0.057116	0.20282	0.011357	3	3	89
Beam_3_3_1	15795	0.057116	0.20282	0.012719	3	3	89
Beam_3_3_1	15785	0.046328	0.20297	0.012858	3	3	89
Beam_3_3_1	15728	0.046328	0.20297	0.0115	3	3	89
Beam_3_3_1	15780	0.052672	0.20297	0.012858	3	3	89
Beam_3_3_1	15735	0.052672	0.20297	0.0115	3	3	89
Beam_3_3_1	15761	0.043794	0.20331	0.01316	3	3	89
Beam_3_3_1	15750	0.043794	0.20331	0.01181	3	3	89
Beam_3_3_1	15720	0.055215	0.20332	0.011819	3	3	89
Beam_3_3_1	15796	0.055215	0.20332	0.013169	3	3	89
Beam_3_3_1	15784	0.047908	0.20339	0.013232	3	3	89
Beam_3_3_1	15727	0.047908	0.20339	0.011883	3	3	89
Beam_3_3_1	15781	0.051092	0.20339	0.013232	3	3	89
Beam_3_3_1	15736	0.051092	0.20339	0.011883	3	3	89
Beam_3_3_1	15749	0.045686	0.2038	0.012262	3	3	89
Beam_3_3_1	15760	0.045686	0.2038	0.013601	3	3	89
Beam_3_3_1	15783	0.0495	0.2038	0.013602	3	3	89
Beam_3_3_1	15726	0.0495	0.2038	0.012263	3	3	89
Beam_3_3_1	15797	0.053326	0.20381	0.013607	3	3	89
Beam_3_3_1	15721	0.053327	0.20381	0.012268	3	3	89
Beam_3_3_1	15748	0.047595	0.2043	0.012709	3	3	89
Beam_3_3_1	15759	0.047595	0.2043	0.014037	3	3	89
Beam_3_3_1	15794	0.051422	0.20431	0.01404	3	3	89
Beam_3_3_1	15722	0.051422	0.20431	0.012713	3	3	89
Beam_3_3_1	15757	0.045705	0.2048	0.01446	3	3	89
Beam_3_3_1	15754	0.045706	0.2048	0.013143	3	3	89
Beam_3_3_1	15723	0.053307	0.2048	0.013146	3	3	89
Beam_3_3_1	15790	0.053307	0.2048	0.014463	3	3	89
Beam_3_3_1	15770	0.049514	0.20481	0.014466	3	3	89
Beam_3_3_1	15737	0.049514	0.20481	0.01315	3	3	89
Beam_3_3_1	15738	0.047936	0.20522	0.013505	3	3	89
Beam_3_3_1	15771	0.047936	0.20522	0.014813	3	3	89
Beam_3_3_1	15768	0.051088	0.20522	0.014813	3	3	89
Beam_3_3_1	15747	0.051088	0.20522	0.013505	3	3	89
Beam_3_3_1	15756	0.0438	0.2053	0.014879	3	3	89
Beam_3_3_1	15753	0.043801	0.2053	0.013573	3	3	89
Beam_3_3_1	15724	0.055208	0.2053	0.013575	3	3	89
Beam_3_3_1	15791	0.055208	0.2053	0.014881	3	3	89
Beam_3_3_1	15772	0.046347	0.20564	0.015156	3	3	89
Beam_3_3_1	15739	0.046347	0.20564	0.013857	3	3	89
Beam_3_3_1	15746	0.052672	0.20564	0.013857	3	3	89
Beam_3_3_1	15767	0.052672	0.20564	0.015156	3	3	89
Beam_3_3_1	15755	0.041908	0.2058	0.015287	3	3	89
Beam_3_3_1	15752	0.041908	0.2058	0.013991	3	3	89
Beam_3_3_1	15725	0.057096	0.2058	0.013992	3	3	89
Beam_3_3_1	15792	0.057097	0.2058	0.015288	3	3	89
Beam_3_3_1	15740	0.044766	0.20605	0.014202	3	3	89
Beam_3_3_1	15773	0.044766	0.20605	0.015493	3	3	89
Beam_3_3_1	15766	0.054248	0.20605	0.015493	3	3	89
Beam_3_3_1	15745	0.054248	0.20605	0.014202	3	3	89
Beam_3_3_1	15774	0.043175	0.20647	0.015826	3	3	89
Beam_3_3_1	15741	0.043176	0.20647	0.014543	3	3	89
Beam_3_3_1	15765	0.055834	0.20647	0.015826	3	3	89
Beam_3_3_1	15744	0.055834	0.20647	0.014543	3	3	89
Beam_3_3_1	15775	0.041593	0.20688	0.016152	3	3	89
Beam_3_3_1	15742	0.041593	0.20688	0.014877	3	3	89
Beam_3_3_1	15764	0.057412	0.20688	0.016152	3	3	89
Beam_3_3_1	15743	0.057412	0.20688	0.014877	3	3	89
Beam_3_3_1	25205	0.04	0.2078	0.016231	3	3	89
Beam_3_3_1	25208	0.04475	0.2078	0.016231	3	3	89
Beam_3_3_1	25207	0.0495	0.2078	0.016231	3	3	89
Beam_3_3_1	25206	0.05425	0.2078	0.016231	3	3	89
Beam_3_3_1	25204	0.059	0.2078	0.016231	3	3	89
Beam_3_3_3	17212	0.042363	0.20893	0.017696	3	3	143
Beam_3_3_3	17199	0.042363	0.20893	0.016456	3	3	143
Beam_3_3_3	17200	0.056637	0.20893	0.016456	3	3	143
Beam_3_3_3	17205	0.056637	0.20893	0.017696	3	3	143
Beam_3_3_3	17198	0.044746	0.20956	0.016914	3	3	143
Beam_3_3_3	17211	0.044747	0.20956	0.018144	3	3	143
Beam_3_3_3	17206	0.054253	0.20956	0.018144	3	3	143
Beam_3_3_3	17201	0.054254	0.20956	0.016914	3	3	143
Beam_3_3_3	17192	0.041892	0.20981	0.017095	3	3	143
Beam_3_3_3	17221	0.041892	0.20981	0.01832	3	3	143
Beam_3_3_3	17235	0.057112	0.20982	0.018329	3	3	143
Beam_3_3_3	17173	0.057113	0.20982	0.017103	3	3	143
Beam_3_3_3	17210	0.047114	0.21018	0.018579	3	3	143
Beam_3_3_3	17197	0.047114	0.21018	0.017358	3	3	143
Beam_3_3_3	17207	0.051886	0.21018	0.018579	3	3	143
Beam_3_3_3	17202	0.051886	0.21018	0.017358	3	3	143
Beam_3_3_3	17191	0.043795	0.21031	0.017449	3	3	143
Beam_3_3_3	17220	0.043795	0.21031	0.018668	3	3	143
Beam_3_3_3	17174	0.055213	0.21032	0.017456	3	3	143
Beam_3_3_3	17236	0.055213	0.21032	0.018674	3	3	143
Beam_3_3_3	17219	0.045689	0.2108	0.019007	3	3	143
Beam_3_3_3	17190	0.045689	0.2108	0.017796	3	3	143
Beam_3_3_3	17209	0.0495	0.2108	0.019007	3	3	143
Beam_3_3_3	17196	0.0495	0.2108	0.017796	3	3	143
Beam_3_3_3	17175	0.053323	0.21081	0.017801	3	3	143
Beam_3_3_3	17237	0.053323	0.21081	0.019011	3	3	143
Beam_3_3_3	17218	0.047595	0.2113	0.019342	3	3	143
Beam_3_3_3	17189	0.047595	0.2113	0.018138	3	3	143
Beam_3_3_3	17176	0.051422	0.21131	0.018141	3	3	143
Beam_3_3_3	17234	0.051422	0.21131	0.019345	3	3	143
Beam_3_3_3	17216	0.045703	0.2118	0.019668	3	3	143
Beam_3_3_3	17195	0.045703	0.2118	0.018471	3	3	143
Beam_3_3_3	17177	0.05331	0.2118	0.018473	3	3	143
Beam_3_3_3	17231	0.05331	0.2118	0.01967	3	3	143
Beam_3_3_3	17181	0.049514	0.21181	0.018476	3	3	143
Beam_3_3_3	17226	0.049514	0.21181	0.019673	3	3	143
Beam_3_3_3	17194	0.043799	0.2123	0.0188	3	3	143
Beam_3_3_3	17215	0.043799	0.2123	0.01999	3	3	143
Beam_3_3_3	17232	0.055209	0.2123	0.019992	3	3	143
Beam_3_3_3	17178	0.055209	0.2123	0.018801	3	3	143
Beam_3_3_3	17227	0.047145	0.21243	0.020072	3	3	143
Beam_3_3_3	17182	0.047145	0.21243	0.018883	3	3	143
Beam_3_3_3	17225	0.051876	0.21243	0.020072	3	3	143
Beam_3_3_3	17188	0.051876	0.21243	0.018883	3	3	143
Beam_3_3_3	17193	0.041905	0.2128	0.019121	3	3	143
Beam_3_3_3	17214	0.041905	0.2128	0.020305	3	3	143
Beam_3_3_3	17233	0.057099	0.2128	0.020306	3	3	143
Beam_3_3_3	17179	0.057099	0.2128	0.019122	3	3	143
Beam_3_3_3	17183	0.04476	0.21305	0.019283	3	3	143
Beam_3_3_3	17228	0.04476	0.21305	0.020464	3	3	143
Beam_3_3_3	17224	0.054254	0.21305	0.020464	3	3	143
Beam_3_3_3	17187	0.054254	0.21305	0.019283	3	3	143
Beam_3_3_3	17229	0.042388	0.21367	0.020845	3	3	143
Beam_3_3_3	17184	0.042388	0.21367	0.019672	3	3	143
Beam_3_3_3	17186	0.056619	0.21367	0.019672	3	3	143
Beam_3_3_3	17223	0.056619	0.21367	0.020845	3	3	143
Beam_3_3_3	25376	0.04	0.2148	0.020937	3	3	143
Beam_3_3_3	25379	0.04475	0.2148	0.020937	3	3	143
Beam_3_3_3	25378	0.0495	0.2148	0.020937	3	3	143
Beam_3_3_3	25377	0.05425	0.2148	0.020937	3	3	143
Beam_3_3_3	25375	0.059	0.2148	0.020937	3	3	143
Beam_3_3_4	18506	0.042367	0.21593	0.02216	3	3	197
Beam_3_3_4	18495	0.042367	0.21593	0.021013	3	3	197
Beam_3_3_4	18499	0.056633	0.21593	0.02216	3	3	197
Beam_3_3_4	18496	0.056633	0.21593	0.021013	3	3	197
Beam_3_3_4	18494	0.044748	0.21656	0.021363	3	3	197
Beam_3_3_4	18505	0.044748	0.21656	0.022504	3	3	197
Beam_3_3_4	18500	0.054252	0.21656	0.022504	3	3	197
Beam_3_3_4	18497	0.054252	0.21656	0.021363	3	3	197
Beam_3_3_4	18515	0.041894	0.21681	0.02264	3	3	197
Beam_3_3_4	18488	0.041894	0.21681	0.021502	3	3	197
Beam_3_3_4	18471	0.05711	0.21682	0.021508	3	3	197
Beam_3_3_4	18531	0.05711	0.21682	0.022646	3	3	197
Beam_3_3_4	18493	0.047117	0.21718	0.021704	3	3	197
Beam_3_3_4	18504	0.047117	0.21718	0.022838	3	3	197
Beam_3_3_4	18501	0.051883	0.21718	0.022838	3	3	197
Beam_3_3_4	18498	0.051883	0.21718	0.021704	3	3	197
Beam_3_3_4	18487	0.043796	0.21731	0.021773	3	3	197
Beam_3_3_4	18514	0.043796	0.21731	0.022906	3	3	197
Beam_3_3_4	18472	0.055212	0.21732	0.021778	3	3	197
Beam_3_3_4	18532	0.055212	0.21732	0.022911	3	3	197
Beam_3_3_4	18513	0.045691	0.2178	0.023166	3	3	197
Beam_3_3_4	18486	0.045691	0.2178	0.022038	3	3	197
Beam_3_3_4	18492	0.0495	0.2178	0.022038	3	3	197
Beam_3_3_4	18503	0.0495	0.2178	0.023166	3	3	197
Beam_3_3_4	18533	0.053321	0.21781	0.02317	3	3	197
Beam_3_3_4	18473	0.053321	0.21781	0.022042	3	3	197
Beam_3_3_4	18512	0.047595	0.2183	0.023423	3	3	197
Beam_3_3_4	18485	0.047595	0.2183	0.022299	3	3	197
Beam_3_3_4	18474	0.051422	0.21831	0.022301	3	3	197
Beam_3_3_4	18530	0.051422	0.21831	0.023425	3	3	197
Beam_3_3_4	18491	0.045701	0.2188	0.022553	3	3	197
Beam_3_3_4	18510	0.045701	0.2188	0.023673	3	3	197
Beam_3_3_4	18526	0.053312	0.2188	0.023674	3	3	197
Beam_3_3_4	18475	0.053312	0.2188	0.022555	3	3	197
Beam_3_3_4	18521	0.049514	0.21881	0.023676	3	3	197
Beam_3_3_4	18478	0.049514	0.21881	0.022557	3	3	197
Beam_3_3_4	18509	0.043799	0.2193	0.023919	3	3	197
Beam_3_3_4	18490	0.043799	0.2193	0.022804	3	3	197
Beam_3_3_4	18476	0.05521	0.2193	0.022805	3	3	197
Beam_3_3_4	18527	0.05521	0.2193	0.02392	3	3	197
Beam_3_3_4	18522	0.047142	0.21943	0.023981	3	3	197
Beam_3_3_4	18479	0.047142	0.21943	0.022867	3	3	197
Beam_3_3_4	18519	0.051879	0.21943	0.023981	3	3	197
Beam_3_3_4	18484	0.051879	0.21943	0.022867	3	3	197
Beam_3_3_4	18508	0.041903	0.2198	0.024159	3	3	197
Beam_3_3_4	18489	0.041903	0.2198	0.023049	3	3	197
Beam_3_3_4	18528	0.057101	0.2198	0.02416	3	3	197
Beam_3_3_4	18477	0.057101	0.2198	0.023049	3	3	197
Beam_3_3_4	18523	0.044759	0.22005	0.02428	3	3	197
Beam_3_3_4	18480	0.044759	0.22005	0.023172	3	3	197
Beam_3_3_4	18483	0.054255	0.22005	0.023172	3	3	197
Beam_3_3_4	18518	0.054255	0.22005	0.02428	3	3	197
Beam_3_3_4	18524	0.042385	0.22067	0.02457	3	3	197
Beam_3_3_4	18481	0.042385	0.22067	0.023467	3	3	197
Beam_3_3_4	18482	0.056622	0.22067	0.023467	3	3	197
Beam_3_3_4	18517	0.056622	0.22067	0.02457	3	3	197
Beam_3_3_4	25385	0.04	0.2218	0.024532	3	3	197
Beam_3_3_4	25388	0.04475	0.2218	0.024532	3	3	197
Beam_3_3_4	25387	0.0495	0.2218	0.024532	3	3	197
Beam_3_3_4	25386	0.05425	0.2218	0.024532	3	3	197
Beam_3_3_4	25384	0.059	0.2218	0.024532	3	3	197
Beam_3_3_5	19789	0.042369	0.22293	0.024479	3	3	251
Beam_3_3_5	19809	0.042369	0.22293	0.025565	3	3	251
Beam_3_3_5	19803	0.056631	0.22293	0.025565	3	3	251
Beam_3_3_5	19792	0.056631	0.22293	0.024479	3	3	251
Beam_3_3_5	19788	0.044749	0.22356	0.024742	3	3	251
Beam_3_3_5	19808	0.044749	0.22356	0.025823	3	3	251
Beam_3_3_5	19793	0.054251	0.22356	0.024742	3	3	251
Beam_3_3_5	19804	0.054251	0.22356	0.025823	3	3	251
Beam_3_3_5	19780	0.041895	0.22381	0.024845	3	3	251
Beam_3_3_5	19816	0.041895	0.22381	0.025925	3	3	251
Beam_3_3_5	19760	0.057109	0.22382	0.02485	3	3	251
Beam_3_3_5	19828	0.057109	0.22382	0.02593	3	3	251
Beam_3_3_5	19807	0.04712	0.22418	0.026074	3	3	251
Beam_3_3_5	19787	0.04712	0.22418	0.024996	3	3	251
Beam_3_3_5	19794	0.05188	0.22418	0.024996	3	3	251
Beam_3_3_5	19805	0.05188	0.22418	0.026074	3	3	251
Beam_3_3_5	19815	0.043797	0.22431	0.026124	3	3	251
Beam_3_3_5	19779	0.043797	0.22431	0.025048	3	3	251
Beam_3_3_5	19829	0.055212	0.22432	0.026128	3	3	251
Beam_3_3_5	19761	0.055212	0.22432	0.025052	3	3	251
Beam_3_3_5	19778	0.045693	0.2248	0.025245	3	3	251
Beam_3_3_5	19814	0.045693	0.2248	0.026318	3	3	251
Beam_3_3_5	19786	0.0495	0.2248	0.025245	3	3	251
Beam_3_3_5	19806	0.0495	0.2248	0.026318	3	3	251
Beam_3_3_5	19830	0.05332	0.22481	0.026321	3	3	251
Beam_3_3_5	19762	0.05332	0.22481	0.025248	3	3	251
Beam_3_3_5	19777	0.047595	0.2253	0.025439	3	3	251
Beam_3_3_5	19813	0.047595	0.2253	0.026509	3	3	251
Beam_3_3_5	19827	0.051422	0.22531	0.02651	3	3	251
Beam_3_3_5	19763	0.051422	0.22531	0.025441	3	3	251
Beam_3_3_5	19812	0.045699	0.2258	0.026694	3	3	251
Beam_3_3_5	19785	0.045699	0.2258	0.025627	3	3	251
Beam_3_3_5	19764	0.053313	0.2258	0.025629	3	3	251
Beam_3_3_5	19824	0.053313	0.2258	0.026695	3	3	251
Beam_3_3_5	19820	0.049514	0.22581	0.026696	3	3	251
Beam_3_3_5	19768	0.049514	0.22581	0.02563	3	3	251
Beam_3_3_5	19784	0.043798	0.2263	0.025812	3	3	251
Beam_3_3_5	19811	0.043798	0.2263	0.026876	3	3	251
Beam_3_3_5	19825	0.05521	0.2263	0.026877	3	3	251
Beam_3_3_5	19765	0.05521	0.2263	0.025813	3	3	251
Beam_3_3_5	19769	0.04714	0.22643	0.025859	3	3	251
Beam_3_3_5	19821	0.04714	0.22643	0.026922	3	3	251
Beam_3_3_5	19819	0.051881	0.22643	0.026922	3	3	251
Beam_3_3_5	19776	0.051881	0.22643	0.025859	3	3	251
Beam_3_3_5	19810	0.041902	0.2268	0.027053	3	3	251
Beam_3_3_5	19783	0.041902	0.2268	0.025992	3	3	251
Beam_3_3_5	19826	0.057103	0.2268	0.027053	3	3	251
Beam_3_3_5	19766	0.057103	0.2268	0.025992	3	3	251
Beam_3_3_5	19770	0.044758	0.22705	0.026082	3	3	251
Beam_3_3_5	19822	0.044758	0.22705	0.027142	3	3	251
Beam_3_3_5	19818	0.054256	0.22705	0.027142	3	3	251
Beam_3_3_5	19775	0.054256	0.22705	0.026082	3	3	251
Beam_3_3_5	19771	0.042383	0.22767	0.026298	3	3	251
Beam_3_3_5	19823	0.042383	0.22767	0.027354	3	3	251
Beam_3_3_5	19774	0.056624	0.22767	0.026298	3	3	251
Beam_3_3_5	19817	0.056624	0.22767	0.027354	3	3	251
Beam_3_3_5	25394	0.04	0.2288	0.027198	3	3	251
Beam_3_3_5	25397	0.04475	0.2288	0.027198	3	3	251
Beam_3_3_5	25396	0.0495	0.2288	0.027198	3	3	251
Beam_3_3_5	25395	0.05425	0.2288	0.027198	3	3	251
Beam_3_3_5	25393	0.059	0.2288	0.027198	3	3	251
Beam_3_3_6	21101	0.042371	0.22993	0.028072	3	3	305
Beam_3_3_6	21089	0.042371	0.22993	0.027027	3	3	305
Beam_3_3_6	21083	0.056629	0.22993	0.027027	3	3	305
Beam_3_3_6	21103	0.056629	0.22993	0.028072	3	3	305
Beam_3_3_6	21088	0.044749	0.23056	0.027214	3	3	305
Beam_3_3_6	21100	0.044749	0.23056	0.028256	3	3	305
Beam_3_3_6	21084	0.054251	0.23056	0.027214	3	3	305
Beam_3_3_6	21104	0.054251	0.23056	0.028256	3	3	305
Beam_3_3_6	21115	0.041896	0.23081	0.028328	3	3	305
Beam_3_3_6	21071	0.041896	0.23081	0.027287	3	3	305
Beam_3_3_6	21079	0.057108	0.23082	0.027291	3	3	305
Beam_3_3_6	21106	0.057108	0.23082	0.028331	3	3	305
Beam_3_3_6	21087	0.047121	0.23118	0.027394	3	3	305
Beam_3_3_6	21099	0.047121	0.23118	0.028432	3	3	305
Beam_3_3_6	21105	0.051879	0.23118	0.028432	3	3	305
Beam_3_3_6	21085	0.051879	0.23118	0.027394	3	3	305
Beam_3_3_6	21114	0.043797	0.23131	0.028468	3	3	305
Beam_3_3_6	21070	0.043797	0.23131	0.02743	3	3	305
Beam_3_3_6	21107	0.055212	0.23132	0.028471	3	3	305
Beam_3_3_6	21080	0.055212	0.23132	0.027432	3	3	305
Beam_3_3_6	21113	0.045694	0.2318	0.028604	3	3	305
Beam_3_3_6	21069	0.045694	0.2318	0.027568	3	3	305
Beam_3_3_6	21102	0.0495	0.2318	0.028604	3	3	305
Beam_3_3_6	21086	0.0495	0.2318	0.027567	3	3	305
Beam_3_3_6	21108	0.053319	0.23181	0.028606	3	3	305
Beam_3_3_6	21081	0.053319	0.23181	0.02757	3	3	305
Beam_3_3_6	21068	0.047595	0.2323	0.027702	3	3	305
Beam_3_3_6	21116	0.047595	0.2323	0.028736	3	3	305
Beam_3_3_6	21073	0.051422	0.23231	0.027703	3	3	305
Beam_3_3_6	21109	0.051422	0.23231	0.028737	3	3	305
Beam_3_3_6	21067	0.045698	0.2328	0.027832	3	3	305
Beam_3_3_6	21119	0.045698	0.2328	0.028864	3	3	305
Beam_3_3_6	21074	0.053314	0.2328	0.027833	3	3	305
Beam_3_3_6	21110	0.053314	0.2328	0.028865	3	3	305
Beam_3_3_6	21123	0.049514	0.23281	0.028866	3	3	305
Beam_3_3_6	21059	0.049514	0.23281	0.027834	3	3	305
Beam_3_3_6	21066	0.043798	0.2333	0.027959	3	3	305
Beam_3_3_6	21118	0.043798	0.2333	0.028989	3	3	305
Beam_3_3_6	21111	0.055211	0.2333	0.028989	3	3	305
Beam_3_3_6	21075	0.055211	0.2333	0.027959	3	3	305
Beam_3_3_6	21120	0.047139	0.23343	0.02902	3	3	305
Beam_3_3_6	21060	0.047139	0.23343	0.027991	3	3	305
Beam_3_3_6	21126	0.051882	0.23343	0.02902	3	3	305
Beam_3_3_6	21058	0.051882	0.23343	0.027991	3	3	305
Beam_3_3_6	21065	0.041901	0.2338	0.028081	3	3	305
Beam_3_3_6	21117	0.041901	0.2338	0.029109	3	3	305
Beam_3_3_6	21112	0.057104	0.2338	0.02911	3	3	305
Beam_3_3_6	21076	0.057104	0.2338	0.028081	3	3	305
Beam_3_3_6	21121	0.044758	0.23405	0.029169	3	3	305
Beam_3_3_6	21061	0.044758	0.23405	0.028142	3	3	305
Beam_3_3_6	21125	0.054256	0.23405	0.029169	3	3	305
Beam_3_3_6	21057	0.054256	0.23405	0.028142	3	3	305
Beam_3_3_6	21122	0.042381	0.23467	0.029312	3	3	305
Beam_3_3_6	21062	0.042381	0.23467	0.028286	3	3	305
Beam_3_3_6	21124	0.056626	0.23467	0.029312	3	3	305
Beam_3_3_6	21056	0.056626	0.23467	0.028286	3	3	305
Beam_3_3_6	25403	0.04	0.2358	0.029044	3	3	305
Beam_3_3_6	25406	0.04475	0.2358	0.029044	3	3	305
Beam_3_3_6	25405	0.0495	0.2358	0.029044	3	3	305
Beam_3_3_6	25404	0.05425	0.2358	0.029044	3	3	305
Beam_3_3_6	25402	0.059	0.2358	0.029044	3	3	305
Beam_3_3_7	22385	0.042373	0.23693	0.028762	3	3	359
Beam_3_3_7	22397	0.042373	0.23693	0.02978	3	3	359
Beam_3_3_7	22379	0.056627	0.23693	0.028762	3	3	359
Beam_3_3_7	22399	0.056627	0.23693	0.02978	3	3	359
Beam_3_3_7	22384	0.044749	0.23756	0.028879	3	3	359
Beam_3_3_7	22396	0.044749	0.23756	0.029895	3	3	359
Beam_3_3_7	22400	0.054251	0.23756	0.029895	3	3	359
Beam_3_3_7	22380	0.054251	0.23756	0.028879	3	3	359
Beam_3_3_7	22367	0.041897	0.23781	0.028924	3	3	359
Beam_3_3_7	22411	0.041897	0.23781	0.02994	3	3	359
Beam_3_3_7	22375	0.057107	0.23782	0.028927	3	3	359
Beam_3_3_7	22402	0.057107	0.23782	0.029942	3	3	359
Beam_3_3_7	22383	0.047123	0.23818	0.02899	3	3	359
Beam_3_3_7	22395	0.047123	0.23818	0.030005	3	3	359
Beam_3_3_7	22401	0.051877	0.23818	0.030005	3	3	359
Beam_3_3_7	22381	0.051877	0.23818	0.02899	3	3	359
Beam_3_3_7	22410	0.043797	0.23831	0.030027	3	3	359
Beam_3_3_7	22366	0.043797	0.23831	0.029012	3	3	359
Beam_3_3_7	22403	0.055211	0.23832	0.030028	3	3	359
Beam_3_3_7	22376	0.055211	0.23832	0.029014	3	3	359
Beam_3_3_7	22365	0.045695	0.2388	0.029096	3	3	359
Beam_3_3_7	22409	0.045695	0.2388	0.030109	3	3	359
Beam_3_3_7	22382	0.0495	0.2388	0.029096	3	3	359
Beam_3_3_7	22398	0.0495	0.2388	0.030109	3	3	359
Beam_3_3_7	22377	0.053318	0.23881	0.029097	3	3	359
Beam_3_3_7	22404	0.053318	0.23881	0.03011	3	3	359
Beam_3_3_7	22412	0.047595	0.2393	0.030188	3	3	359
Beam_3_3_7	22364	0.047595	0.2393	0.029176	3	3	359
Beam_3_3_7	22405	0.051422	0.23931	0.030189	3	3	359
Beam_3_3_7	22369	0.051422	0.23931	0.029177	3	3	359
Beam_3_3_7	22363	0.045697	0.2398	0.029252	3	3	359
Beam_3_3_7	22415	0.045697	0.2398	0.030263	3	3	359
Beam_3_3_7	22406	0.053315	0.2398	0.030264	3	3	359
Beam_3_3_7	22370	0.053315	0.2398	0.029253	3	3	359
Beam_3_3_7	22419	0.049514	0.23981	0.030264	3	3	359
Beam_3_3_7	22355	0.049514	0.23981	0.029253	3	3	359
Beam_3_3_7	22414	0.043798	0.2403	0.030335	3	3	359
Beam_3_3_7	22362	0.043798	0.2403	0.029325	3	3	359
Beam_3_3_7	22371	0.055211	0.2403	0.029325	3	3	359
Beam_3_3_7	22407	0.055211	0.2403	0.030335	3	3	359
Beam_3_3_7	22416	0.047137	0.24043	0.030353	3	3	359
Beam_3_3_7	22356	0.047137	0.24043	0.029343	3	3	359
Beam_3_3_7	22422	0.051884	0.24043	0.030353	3	3	359
Beam_3_3_7	22354	0.051884	0.24043	0.029343	3	3	359
Beam_3_3_7	22361	0.0419	0.2408	0.029394	3	3	359
Beam_3_3_7	22413	0.0419	0.2408	0.030403	3	3	359
Beam_3_3_7	22408	0.057104	0.2408	0.030403	3	3	359
Beam_3_3_7	22372	0.057104	0.2408	0.029394	3	3	359
Beam_3_3_7	22357	0.044757	0.24105	0.029427	3	3	359
Beam_3_3_7	22417	0.044757	0.24105	0.030436	3	3	359
Beam_3_3_7	22421	0.054257	0.24105	0.030436	3	3	359
Beam_3_3_7	22353	0.054257	0.24105	0.029427	3	3	359
Beam_3_3_7	22418	0.04238	0.24167	0.030513	3	3	359
Beam_3_3_7	22358	0.04238	0.24167	0.029506	3	3	359
Beam_3_3_7	22420	0.056627	0.24167	0.030513	3	3	359
Beam_3_3_7	22352	0.056627	0.24167	0.029506	3	3	359
Beam_3_3_7	25412	0.04	0.2428	0.030136	3	3	359
Beam_3_3_7	25415	0.04475	0.2428	0.030136	3	3	359
Beam_3_3_7	25414	0.0495	0.2428	0.030136	3	3	359
Beam_3_3_7	25413	0.05425	0.2428	0.030136	3	3	359
Beam_3_3_7	25411	0.059	0.2428	0.030136	3	3	359
Beam_3_3_8	23693	0.042374	0.24393	0.030747	3	3	413
Beam_3_3_8	23681	0.042374	0.24393	0.029743	3	3	413
Beam_3_3_8	23695	0.056626	0.24393	0.030747	3	3	413
Beam_3_3_8	23675	0.056626	0.24393	0.029743	3	3	413
Beam_3_3_8	23680	0.04475	0.24456	0.029795	3	3	413
Beam_3_3_8	23692	0.04475	0.24456	0.030798	3	3	413
Beam_3_3_8	23696	0.05425	0.24456	0.030798	3	3	413
Beam_3_3_8	23676	0.05425	0.24456	0.029795	3	3	413
Beam_3_3_8	23663	0.041898	0.24481	0.029815	3	3	413
Beam_3_3_8	23707	0.041898	0.24481	0.030817	3	3	413
Beam_3_3_8	23671	0.057106	0.24482	0.029816	3	3	413
Beam_3_3_8	23698	0.057106	0.24482	0.030818	3	3	413
Beam_3_3_8	23679	0.047124	0.24518	0.029842	3	3	413
Beam_3_3_8	23691	0.047124	0.24518	0.030844	3	3	413
Beam_3_3_8	23677	0.051876	0.24518	0.029842	3	3	413
Beam_3_3_8	23697	0.051876	0.24518	0.030844	3	3	413
Beam_3_3_8	23662	0.043797	0.24531	0.02985	3	3	413
Beam_3_3_8	23706	0.043797	0.24531	0.030853	3	3	413
Beam_3_3_8	23672	0.055211	0.24532	0.029851	3	3	413
Beam_3_3_8	23699	0.055211	0.24532	0.030853	3	3	413
Beam_3_3_8	23705	0.045696	0.2458	0.030884	3	3	413
Beam_3_3_8	23661	0.045696	0.2458	0.029883	3	3	413
Beam_3_3_8	23678	0.0495	0.2458	0.029882	3	3	413
Beam_3_3_8	23694	0.0495	0.2458	0.030884	3	3	413
Beam_3_3_8	23673	0.053317	0.24581	0.029883	3	3	413
Beam_3_3_8	23700	0.053317	0.24581	0.030885	3	3	413
Beam_3_3_8	23660	0.047595	0.2463	0.029911	3	3	413
Beam_3_3_8	23708	0.047595	0.2463	0.030913	3	3	413
Beam_3_3_8	23701	0.051422	0.24631	0.030913	3	3	413
Beam_3_3_8	23665	0.051422	0.24631	0.029911	3	3	413
Beam_3_3_8	23711	0.045697	0.2468	0.030937	3	3	413
Beam_3_3_8	23659	0.045697	0.2468	0.029936	3	3	413
Beam_3_3_8	23702	0.053316	0.2468	0.030937	3	3	413
Beam_3_3_8	23666	0.053316	0.2468	0.029936	3	3	413
Beam_3_3_8	23651	0.049514	0.24681	0.029936	3	3	413
Beam_3_3_8	23715	0.049514	0.24681	0.030937	3	3	413
Beam_3_3_8	23710	0.043798	0.2473	0.030958	3	3	413
Beam_3_3_8	23658	0.043798	0.2473	0.029957	3	3	413
Beam_3_3_8	23703	0.055211	0.2473	0.030958	3	3	413
Beam_3_3_8	23667	0.055211	0.2473	0.029957	3	3	413
Beam_3_3_8	23712	0.047136	0.24743	0.030963	3	3	413
Beam_3_3_8	23652	0.047136	0.24743	0.029962	3	3	413
Beam_3_3_8	23650	0.051885	0.24743	0.029962	3	3	413
Beam_3_3_8	23718	0.051885	0.24743	0.030963	3	3	413
Beam_3_3_8	23709	0.041899	0.2478	0.030976	3	3	413
Beam_3_3_8	23657	0.041899	0.2478	0.029975	3	3	413
Beam_3_3_8	23668	0.057105	0.2478	0.029975	3	3	413
Beam_3_3_8	23704	0.057105	0.2478	0.030976	3	3	413
Beam_3_3_8	23653	0.044757	0.24805	0.029983	3	3	413
Beam_3_3_8	23713	0.044757	0.24805	0.030983	3	3	413
Beam_3_3_8	23649	0.054257	0.24805	0.029983	3	3	413
Beam_3_3_8	23717	0.054257	0.24805	0.030983	3	3	413
Beam_3_3_8	23654	0.042379	0.24867	0.029997	3	3	413
Beam_3_3_8	23714	0.042379	0.24867	0.030998	3	3	413
Beam_3_3_8	23716	0.056628	0.24867	0.030998	3	3	413
Beam_3_3_8	23648	0.056628	0.24867	0.029997	3	3	413
Beam_3_3_8	25421	0.04	0.2498	0.030509	3	3	413
Beam_3_3_8	25424	0.04475	0.2498	0.030509	3	3	413
Beam_3_3_8	25423	0.0495	0.2498	0.030509	3	3	413
Beam_3_3_8	25422	0.05425	0.2498	0.030509	3	3	413
Beam_3_3_8	25420	0.059	0.2498	0.030509	3	3	413
Beam_3_3_9	24302	0.042375	0.25093	0.030004	3	3	440
Beam_3_3_9	24362	0.042375	0.25093	0.031004	3	3	440
Beam_3_3_9	24364	0.056625	0.25093	0.031004	3	3	440
Beam_3_3_9	24296	0.056625	0.25093	0.030004	3	3	440
Beam_3_3_9	24361	0.04475	0.25156	0.030993	3	3	440
Beam_3_3_9	24301	0.04475	0.25156	0.029993	3	3	440
Beam_3_3_9	24365	0.05425	0.25156	0.030993	3	3	440
Beam_3_3_9	24297	0.05425	0.25156	0.029993	3	3	440
Beam_3_3_9	24320	0.0419	0.25181	0.029987	3	3	440
Beam_3_3_9	24348	0.0419	0.25181	0.030987	3	3	440
Beam_3_3_9	24353	0.057105	0.25182	0.030987	3	3	440
Beam_3_3_9	24310	0.057105	0.25182	0.029986	3	3	440
Beam_3_3_9	24360	0.047126	0.25218	0.030976	3	3	440
Beam_3_3_9	24300	0.047126	0.25218	0.029976	3	3	440
Beam_3_3_9	24366	0.051874	0.25218	0.030976	3	3	440
Beam_3_3_9	24298	0.051874	0.25218	0.029976	3	3	440
Beam_3_3_9	24319	0.043798	0.25231	0.029972	3	3	440
Beam_3_3_9	24347	0.043798	0.25231	0.030972	3	3	440
Beam_3_3_9	24311	0.055211	0.25232	0.029971	3	3	440
Beam_3_3_9	24354	0.055211	0.25232	0.030972	3	3	440
Beam_3_3_9	24363	0.0495	0.2528	0.030954	3	3	440
Beam_3_3_9	24299	0.0495	0.2528	0.029953	3	3	440
Beam_3_3_9	24346	0.045697	0.25281	0.030954	3	3	440
Beam_3_3_9	24318	0.045697	0.25281	0.029953	3	3	440
Beam_3_3_9	24312	0.053316	0.25281	0.029953	3	3	440
Beam_3_3_9	24355	0.053316	0.25281	0.030954	3	3	440
Beam_3_3_9	24317	0.047595	0.2533	0.029931	3	3	440
Beam_3_3_9	24349	0.047595	0.2533	0.030932	3	3	440
Beam_3_3_9	24304	0.051422	0.25331	0.029931	3	3	440
Beam_3_3_9	24356	0.051422	0.25331	0.030932	3	3	440
Beam_3_3_9	24352	0.045696	0.2538	0.030907	3	3	440
Beam_3_3_9	24316	0.045696	0.2538	0.029905	3	3	440
Beam_3_3_9	24357	0.053317	0.2538	0.030907	3	3	440
Beam_3_3_9	24305	0.053317	0.2538	0.029905	3	3	440
Beam_3_3_9	24342	0.049514	0.25381	0.030907	3	3	440
Beam_3_3_9	24326	0.049514	0.25381	0.029905	3	3	440
Beam_3_3_9	24351	0.043797	0.2543	0.030878	3	3	440
Beam_3_3_9	24315	0.043797	0.2543	0.029876	3	3	440
Beam_3_3_9	24358	0.055211	0.2543	0.030878	3	3	440
Beam_3_3_9	24306	0.055211	0.2543	0.029876	3	3	440
Beam_3_3_9	24339	0.047134	0.25443	0.03087	3	3	440
Beam_3_3_9	24327	0.047134	0.25443	0.029868	3	3	440
Beam_3_3_9	24325	0.051887	0.25443	0.029868	3	3	440
Beam_3_3_9	24345	0.051887	0.25443	0.03087	3	3	440
Beam_3_3_9	24350	0.041898	0.2548	0.030846	3	3	440
Beam_3_3_9	24314	0.041898	0.2548	0.029843	3	3	440
Beam_3_3_9	24307	0.057106	0.2548	0.029843	3	3	440
Beam_3_3_9	24359	0.057106	0.2548	0.030845	3	3	440
Beam_3_3_9	24328	0.044757	0.25505	0.029825	3	3	440
Beam_3_3_9	24340	0.044757	0.25505	0.030828	3	3	440
Beam_3_3_9	24324	0.054257	0.25505	0.029825	3	3	440
Beam_3_3_9	24344	0.054257	0.25505	0.030828	3	3	440
Beam_3_3_9	24329	0.042378	0.25567	0.029776	3	3	440
Beam_3_3_9	24341	0.042378	0.25567	0.03078	3	3	440
Beam_3_3_9	24323	0.05663	0.25567	0.029776	3	3	440
Beam_3_3_9	24343	0.05663	0.25567	0.03078	3	3	440
Beam_3_3_9	25430	0.04	0.2568	0.030176	3	3	440
Beam_3_3_9	25433	0.04475	0.2568	0.030176	3	3	440
Beam_3_3_9	25432	0.0495	0.2568	0.030176	3	3	440
Beam_3_3_9	25431	0.05425	0.2568	0.030176	3	3	440
Beam_3_3_9	25429	0.059	0.2568	0.030176	3	3	440
Beam_3_3_10	23045	0.042376	0.25793	0.030559	3	3	386
Beam_3_3_10	23033	0.042376	0.25793	0.029553	3	3	386
Beam_3_3_10	23047	0.056624	0.25793	0.030559	3	3	386
Beam_3_3_10	23027	0.056624	0.25793	0.029553	3	3	386
Beam_3_3_10	23032	0.04475	0.25856	0.029478	3	3	386
Beam_3_3_10	23044	0.04475	0.25856	0.030485	3	3	386
Beam_3_3_10	23028	0.05425	0.25856	0.029478	3	3	386
Beam_3_3_10	23048	0.05425	0.25856	0.030485	3	3	386
Beam_3_3_10	23059	0.0419	0.25881	0.030454	3	3	386
Beam_3_3_10	23015	0.0419	0.25881	0.029446	3	3	386
Beam_3_3_10	23023	0.057104	0.25882	0.029444	3	3	386
Beam_3_3_10	23050	0.057105	0.25882	0.030452	3	3	386
Beam_3_3_10	23031	0.047127	0.25918	0.029397	3	3	386
Beam_3_3_10	23043	0.047127	0.25918	0.030406	3	3	386
Beam_3_3_10	23049	0.051873	0.25918	0.030406	3	3	386
Beam_3_3_10	23029	0.051873	0.25918	0.029397	3	3	386
Beam_3_3_10	23014	0.043798	0.25931	0.02938	3	3	386
Beam_3_3_10	23058	0.043798	0.25931	0.030389	3	3	386
Beam_3_3_10	23024	0.055211	0.25932	0.029378	3	3	386
Beam_3_3_10	23051	0.055211	0.25932	0.030388	3	3	386
Beam_3_3_10	23030	0.0495	0.2598	0.02931	3	3	386
Beam_3_3_10	23046	0.0495	0.2598	0.03032	3	3	386
Beam_3_3_10	23057	0.045697	0.25981	0.03032	3	3	386
Beam_3_3_10	23013	0.045697	0.25981	0.02931	3	3	386
Beam_3_3_10	23052	0.053315	0.25981	0.030319	3	3	386
Beam_3_3_10	23025	0.053315	0.25981	0.029309	3	3	386
Beam_3_3_10	23012	0.047595	0.2603	0.029237	3	3	386
Beam_3_3_10	23060	0.047595	0.2603	0.030248	3	3	386
Beam_3_3_10	23053	0.051422	0.26031	0.030247	3	3	386
Beam_3_3_10	23017	0.051422	0.26031	0.029236	3	3	386
Beam_3_3_10	23063	0.045695	0.2608	0.030172	3	3	386
Beam_3_3_10	23011	0.045695	0.2608	0.029159	3	3	386
Beam_3_3_10	23003	0.049514	0.26081	0.029159	3	3	386
Beam_3_3_10	23067	0.049514	0.26081	0.030171	3	3	386
Beam_3_3_10	23018	0.053318	0.26081	0.029159	3	3	386
Beam_3_3_10	23054	0.053318	0.26081	0.030171	3	3	386
Beam_3_3_10	23010	0.043797	0.2613	0.029079	3	3	386
Beam_3_3_10	23062	0.043797	0.2613	0.030092	3	3	386
Beam_3_3_10	23019	0.055211	0.2613	0.029078	3	3	386
Beam_3_3_10	23055	0.055211	0.2613	0.030092	3	3	386
Beam_3_3_10	23004	0.047133	0.26143	0.029057	3	3	386
Beam_3_3_10	23064	0.047133	0.26143	0.030071	3	3	386
Beam_3_3_10	23070	0.051888	0.26143	0.030071	3	3	386
Beam_3_3_10	23002	0.051888	0.26143	0.029057	3	3	386
Beam_3_3_10	23009	0.041897	0.2618	0.028994	3	3	386
Beam_3_3_10	23061	0.041897	0.2618	0.030009	3	3	386
Beam_3_3_10	23020	0.057107	0.2618	0.028994	3	3	386
Beam_3_3_10	23056	0.057107	0.2618	0.030009	3	3	386
Beam_3_3_10	23005	0.044757	0.26205	0.02895	3	3	386
Beam_3_3_10	23065	0.044757	0.26205	0.029965	3	3	386
Beam_3_3_10	23001	0.054258	0.26205	0.02895	3	3	386
Beam_3_3_10	23069	0.054258	0.26205	0.029965	3	3	386
Beam_3_3_10	23006	0.042376	0.26267	0.028836	3	3	386
Beam_3_3_10	23066	0.042376	0.26267	0.029853	3	3	386
Beam_3_3_10	23000	0.056631	0.26267	0.028836	3	3	386
Beam_3_3_10	23068	0.056631	0.26267	0.029853	3	3	386
Beam_3_3_10	25439	0.04	0.2638	0.029125	3	3	386
Beam_3_3_10	25442	0.04475	0.2638	0.029125	3	3	386
Beam_3_3_10	25441	0.0495	0.2638	0.029125	3	3	386
Beam_3_3_10	25440	0.05425	0.2638	0.029125	3	3	386
Beam_3_3_10	25438	0.059	0.2638	0.029125	3	3	386
Beam_3_3_11	21749	0.042378	0.26493	0.029399	3	3	332
Beam_3_3_11	21737	0.042378	0.26493	0.028375	3	3	332
Beam_3_3_11	21731	0.056622	0.26493	0.028375	3	3	332
Beam_3_3_11	21751	0.056622	0.26493	0.029399	3	3	332
Beam_3_3_11	21748	0.044751	0.26556	0.02926	3	3	332
Beam_3_3_11	21736	0.044751	0.26556	0.028234	3	3	332
Beam_3_3_11	21752	0.054249	0.26556	0.02926	3	3	332
Beam_3_3_11	21732	0.054249	0.26556	0.028234	3	3	332
Beam_3_3_11	21719	0.041901	0.26581	0.028175	3	3	332
Beam_3_3_11	21763	0.041901	0.26581	0.029202	3	3	332
Beam_3_3_11	21754	0.057104	0.26582	0.029199	3	3	332
Beam_3_3_11	21727	0.057104	0.26582	0.028172	3	3	332
Beam_3_3_11	21735	0.047128	0.26618	0.028086	3	3	332
Beam_3_3_11	21747	0.047128	0.26618	0.029114	3	3	332
Beam_3_3_11	21733	0.051872	0.26618	0.028086	3	3	332
Beam_3_3_11	21753	0.051872	0.26618	0.029114	3	3	332
Beam_3_3_11	21718	0.043798	0.26631	0.028056	3	3	332
Beam_3_3_11	21762	0.043798	0.26631	0.029084	3	3	332
Beam_3_3_11	21755	0.055211	0.26632	0.029082	3	3	332
Beam_3_3_11	21728	0.055211	0.26632	0.028053	3	3	332
Beam_3_3_11	21734	0.0495	0.2668	0.027933	3	3	332
Beam_3_3_11	21750	0.0495	0.2668	0.028964	3	3	332
Beam_3_3_11	21717	0.045698	0.26681	0.027932	3	3	332
Beam_3_3_11	21761	0.045698	0.26681	0.028963	3	3	332
Beam_3_3_11	21729	0.053315	0.26681	0.027931	3	3	332
Beam_3_3_11	21756	0.053315	0.26681	0.028961	3	3	332
Beam_3_3_11	21764	0.047595	0.2673	0.028838	3	3	332
Beam_3_3_11	21716	0.047595	0.2673	0.027805	3	3	332
Beam_3_3_11	21757	0.051422	0.26731	0.028837	3	3	332
Beam_3_3_11	21721	0.051422	0.26731	0.027804	3	3	332
Beam_3_3_11	21715	0.045694	0.2678	0.027674	3	3	332
Beam_3_3_11	21767	0.045694	0.2678	0.028709	3	3	332
Beam_3_3_11	21771	0.049514	0.26781	0.028707	3	3	332
Beam_3_3_11	21707	0.049514	0.26781	0.027673	3	3	332
Beam_3_3_11	21758	0.053319	0.26781	0.028708	3	3	332
Beam_3_3_11	21722	0.053319	0.26781	0.027673	3	3	332
Beam_3_3_11	21714	0.043797	0.2683	0.027539	3	3	332
Beam_3_3_11	21766	0.043797	0.2683	0.028576	3	3	332
Beam_3_3_11	21759	0.055212	0.2683	0.028575	3	3	332
Beam_3_3_11	21723	0.055212	0.2683	0.027539	3	3	332
Beam_3_3_11	21768	0.047132	0.26843	0.02854	3	3	332
Beam_3_3_11	21708	0.047132	0.26843	0.027503	3	3	332
Beam_3_3_11	21706	0.051889	0.26843	0.027503	3	3	332
Beam_3_3_11	21774	0.051889	0.26843	0.02854	3	3	332
Beam_3_3_11	21713	0.041896	0.2688	0.0274	3	3	332
Beam_3_3_11	21765	0.041896	0.2688	0.028439	3	3	332
Beam_3_3_11	21724	0.057108	0.2688	0.0274	3	3	332
Beam_3_3_11	21760	0.057108	0.2688	0.028438	3	3	332
Beam_3_3_11	21769	0.044756	0.26905	0.028368	3	3	332
Beam_3_3_11	21709	0.044756	0.26905	0.027328	3	3	332
Beam_3_3_11	21705	0.054258	0.26905	0.027328	3	3	332
Beam_3_3_11	21773	0.054258	0.26905	0.028368	3	3	332
Beam_3_3_11	21710	0.042375	0.26967	0.027146	3	3	332
Beam_3_3_11	21770	0.042375	0.26967	0.028188	3	3	332
Beam_3_3_11	21772	0.056632	0.26967	0.028188	3	3	332
Beam_3_3_11	21704	0.056632	0.26967	0.027146	3	3	332
Beam_3_3_11	25448	0.04	0.2708	0.027323	3	3	332
Beam_3_3_11	25451	0.04475	0.2708	0.027323	3	3	332
Beam_3_3_11	25450	0.0495	0.2708	0.027323	3	3	332
Beam_3_3_11	25449	0.05425	0.2708	0.027323	3	3	332
Beam_3_3_11	25447	0.059	0.2708	0.027323	3	3	332
Beam_3_3_12	20453	0.042379	0.27193	0.027485	3	3	278
Beam_3_3_12	20441	0.042379	0.27193	0.026431	3	3	278
Beam_3_3_12	20435	0.056621	0.27193	0.026431	3	3	278
Beam_3_3_12	20455	0.056621	0.27193	0.027485	3	3	278
Beam_3_3_12	20452	0.044751	0.27256	0.027276	3	3	278
Beam_3_3_12	20440	0.044751	0.27256	0.026219	3	3	278
Beam_3_3_12	20436	0.054249	0.27256	0.026219	3	3	278
Beam_3_3_12	20456	0.054249	0.27256	0.027276	3	3	278
Beam_3_3_12	20467	0.041902	0.27281	0.02719	3	3	278
Beam_3_3_12	20423	0.041902	0.27281	0.026131	3	3	278
Beam_3_3_12	20458	0.057103	0.27282	0.027186	3	3	278
Beam_3_3_12	20431	0.057103	0.27282	0.026127	3	3	278
Beam_3_3_12	20451	0.04713	0.27318	0.027061	3	3	278
Beam_3_3_12	20439	0.04713	0.27318	0.026	3	3	278
Beam_3_3_12	20437	0.05187	0.27318	0.026	3	3	278
Beam_3_3_12	20457	0.05187	0.27318	0.027061	3	3	278
Beam_3_3_12	20422	0.043798	0.27331	0.025955	3	3	278
Beam_3_3_12	20466	0.043798	0.27331	0.027016	3	3	278
Beam_3_3_12	20432	0.05521	0.27332	0.025951	3	3	278
Beam_3_3_12	20459	0.05521	0.27332	0.027013	3	3	278
Beam_3_3_12	20454	0.0495	0.2738	0.026839	3	3	278
Beam_3_3_12	20438	0.0495	0.2738	0.025774	3	3	278
Beam_3_3_12	20465	0.045699	0.27381	0.026838	3	3	278
Beam_3_3_12	20421	0.045699	0.27381	0.025774	3	3	278
Beam_3_3_12	20460	0.053313	0.27381	0.026835	3	3	278
Beam_3_3_12	20433	0.053313	0.27381	0.025771	3	3	278
Beam_3_3_12	20468	0.047595	0.2743	0.026656	3	3	278
Beam_3_3_12	20420	0.047595	0.2743	0.025589	3	3	278
Beam_3_3_12	20425	0.051422	0.27431	0.025587	3	3	278
Beam_3_3_12	20461	0.051422	0.27431	0.026654	3	3	278
Beam_3_3_12	20419	0.045693	0.2748	0.025398	3	3	278
Beam_3_3_12	20471	0.045693	0.2748	0.026469	3	3	278
Beam_3_3_12	20475	0.049514	0.27481	0.026467	3	3	278
Beam_3_3_12	20411	0.049514	0.27481	0.025397	3	3	278
Beam_3_3_12	20462	0.05332	0.27481	0.026468	3	3	278
Beam_3_3_12	20426	0.05332	0.27481	0.025397	3	3	278
Beam_3_3_12	20418	0.043797	0.2753	0.025205	3	3	278
Beam_3_3_12	20470	0.043797	0.2753	0.026278	3	3	278
Beam_3_3_12	20427	0.055212	0.2753	0.025204	3	3	278
Beam_3_3_12	20463	0.055212	0.2753	0.026277	3	3	278
Beam_3_3_12	20472	0.04713	0.27543	0.026227	3	3	278
Beam_3_3_12	20412	0.04713	0.27543	0.025153	3	3	278
Beam_3_3_12	20478	0.051891	0.27543	0.026227	3	3	278
Beam_3_3_12	20410	0.051891	0.27543	0.025153	3	3	278
Beam_3_3_12	20417	0.041895	0.2758	0.025006	3	3	278
Beam_3_3_12	20469	0.041895	0.2758	0.026083	3	3	278
Beam_3_3_12	20428	0.057109	0.2758	0.025005	3	3	278
Beam_3_3_12	20464	0.057109	0.2758	0.026082	3	3	278
Beam_3_3_12	20413	0.044756	0.27605	0.024903	3	3	278
Beam_3_3_12	20473	0.044756	0.27605	0.025982	3	3	278
Beam_3_3_12	20477	0.054258	0.27605	0.025982	3	3	278
Beam_3_3_12	20409	0.054258	0.27605	0.024903	3	3	278
Beam_3_3_12	20474	0.042373	0.27668	0.025728	3	3	278
Beam_3_3_12	20414	0.042373	0.27668	0.024645	3	3	278
Beam_3_3_12	20408	0.056634	0.27668	0.024645	3	3	278
Beam_3_3_12	20476	0.056634	0.27668	0.025728	3	3	278
Beam_3_3_12	25475	0.04	0.2778	0.024705	3	3	278
Beam_3_3_12	25478	0.04475	0.2778	0.024705	3	3	278
Beam_3_3_12	25477	0.0495	0.2778	0.024705	3	3	278
Beam_3_3_12	25476	0.05425	0.2778	0.024705	3	3	278
Beam_3_3_12	25474	0.059	0.2778	0.024705	3	3	278
Beam_3_3_13	19145	0.042381	0.27893	0.02365	3	3	224
Beam_3_3_13	19157	0.042381	0.27893	0.02475	3	3	224
Beam_3_3_13	19139	0.056619	0.27893	0.02365	3	3	224
Beam_3_3_13	19159	0.056619	0.27893	0.02475	3	3	224
Beam_3_3_13	19156	0.044752	0.27956	0.024464	3	3	224
Beam_3_3_13	19144	0.044752	0.27956	0.023359	3	3	224
Beam_3_3_13	19140	0.054248	0.27956	0.023359	3	3	224
Beam_3_3_13	19160	0.054248	0.27956	0.024464	3	3	224
Beam_3_3_13	19171	0.041903	0.27981	0.024346	3	3	224
Beam_3_3_13	19127	0.041903	0.27981	0.023239	3	3	224
Beam_3_3_13	19162	0.057101	0.27982	0.02434	3	3	224
Beam_3_3_13	19135	0.057101	0.27982	0.023233	3	3	224
Beam_3_3_13	19155	0.047132	0.28018	0.024169	3	3	224
Beam_3_3_13	19143	0.047132	0.28018	0.023059	3	3	224
Beam_3_3_13	19161	0.051868	0.28018	0.024169	3	3	224
Beam_3_3_13	19141	0.051868	0.28018	0.023059	3	3	224
Beam_3_3_13	19170	0.043799	0.28031	0.024109	3	3	224
Beam_3_3_13	19126	0.043799	0.28031	0.022998	3	3	224
Beam_3_3_13	19163	0.05521	0.28032	0.024105	3	3	224
Beam_3_3_13	19136	0.05521	0.28032	0.022993	3	3	224
Beam_3_3_13	19158	0.0495	0.2808	0.023869	3	3	224
Beam_3_3_13	19142	0.0495	0.2808	0.022753	3	3	224
Beam_3_3_13	19169	0.045701	0.28081	0.023867	3	3	224
Beam_3_3_13	19125	0.045701	0.28081	0.022752	3	3	224
Beam_3_3_13	19137	0.053312	0.28081	0.022748	3	3	224
Beam_3_3_13	19164	0.053312	0.28081	0.023864	3	3	224
Beam_3_3_13	19124	0.047595	0.2813	0.022501	3	3	224
Beam_3_3_13	19172	0.047595	0.2813	0.023621	3	3	224
Beam_3_3_13	19129	0.051422	0.28131	0.022499	3	3	224
Beam_3_3_13	19165	0.051422	0.28131	0.023619	3	3	224
Beam_3_3_13	19123	0.045691	0.2818	0.022244	3	3	224
Beam_3_3_13	19175	0.045692	0.2818	0.023369	3	3	224
Beam_3_3_13	19179	0.049514	0.28181	0.023367	3	3	224
Beam_3_3_13	19115	0.049514	0.28181	0.022242	3	3	224
Beam_3_3_13	19166	0.053321	0.28181	0.023367	3	3	224
Beam_3_3_13	19130	0.053321	0.28181	0.022242	3	3	224
Beam_3_3_13	19122	0.043796	0.2823	0.021983	3	3	224
Beam_3_3_13	19174	0.043796	0.2823	0.023113	3	3	224
Beam_3_3_13	19131	0.055212	0.2823	0.021982	3	3	224
Beam_3_3_13	19167	0.055212	0.2823	0.023111	3	3	224
Beam_3_3_13	19176	0.047128	0.28243	0.023044	3	3	224
Beam_3_3_13	19116	0.047128	0.28243	0.021914	3	3	224
Beam_3_3_13	19114	0.051893	0.28243	0.021914	3	3	224
Beam_3_3_13	19182	0.051893	0.28243	0.023044	3	3	224
Beam_3_3_13	19173	0.041894	0.2828	0.02285	3	3	224
Beam_3_3_13	19121	0.041894	0.2828	0.021716	3	3	224
Beam_3_3_13	19132	0.05711	0.2828	0.021715	3	3	224
Beam_3_3_13	19168	0.05711	0.2828	0.02285	3	3	224
Beam_3_3_13	19117	0.044755	0.28305	0.021579	3	3	224
Beam_3_3_13	19177	0.044755	0.28305	0.022716	3	3	224
Beam_3_3_13	19181	0.054259	0.28305	0.022716	3	3	224
Beam_3_3_13	19113	0.054259	0.28305	0.021579	3	3	224
Beam_3_3_13	19178	0.042371	0.28368	0.022377	3	3	224
Beam_3_3_13	19118	0.042371	0.28368	0.021234	3	3	224
Beam_3_3_13	19180	0.056636	0.28368	0.022377	3	3	224
Beam_3_3_13	19112	0.056636	0.28368	0.021234	3	3	224
Beam_3_3_13	25538	0.04	0.2848	0.021166	3	3	224
Beam_3_3_13	25541	0.04475	0.2848	0.021166	3	3	224
Beam_3_3_13	25540	0.0495	0.2848	0.021166	3	3	224
Beam_3_3_13	25539	0.05425	0.2848	0.021166	3	3	224
Beam_3_3_13	25537	0.059	0.2848	0.021166	3	3	224
Beam_3_3_14	17868	0.042384	0.28594	0.021082	3	3	170
Beam_3_3_14	17840	0.042384	0.28594	0.019914	3	3	170
Beam_3_3_14	17870	0.056616	0.28594	0.021082	3	3	170
Beam_3_3_14	17834	0.056616	0.28594	0.019914	3	3	170
Beam_3_3_14	17839	0.044753	0.28656	0.01953	3	3	170
Beam_3_3_14	17867	0.044753	0.28656	0.020706	3	3	170
Beam_3_3_14	17871	0.054247	0.28656	0.020706	3	3	170
Beam_3_3_14	17835	0.054247	0.28656	0.01953	3	3	170
Beam_3_3_14	17882	0.041905	0.28681	0.020551	3	3	170
Beam_3_3_14	17822	0.041905	0.28681	0.019372	3	3	170
Beam_3_3_14	17859	0.0571	0.28682	0.020543	3	3	170
Beam_3_3_14	17848	0.0571	0.28682	0.019364	3	3	170
Beam_3_3_14	17866	0.047134	0.28718	0.020319	3	3	170
Beam_3_3_14	17838	0.047135	0.28718	0.019135	3	3	170
Beam_3_3_14	17836	0.051865	0.28718	0.019135	3	3	170
Beam_3_3_14	17872	0.051866	0.28718	0.020319	3	3	170
Beam_3_3_14	17881	0.043799	0.28731	0.02024	3	3	170
Beam_3_3_14	17821	0.043799	0.28731	0.019055	3	3	170
Beam_3_3_14	17849	0.055209	0.28732	0.019049	3	3	170
Beam_3_3_14	17860	0.055209	0.28732	0.020234	3	3	170
Beam_3_3_14	17869	0.0495	0.2878	0.019925	3	3	170
Beam_3_3_14	17837	0.0495	0.2878	0.018733	3	3	170
Beam_3_3_14	17880	0.045702	0.28781	0.019923	3	3	170
Beam_3_3_14	17820	0.045702	0.28781	0.018731	3	3	170
Beam_3_3_14	17850	0.05331	0.28781	0.018726	3	3	170
Beam_3_3_14	17861	0.05331	0.28781	0.019918	3	3	170
Beam_3_3_14	17883	0.047595	0.2883	0.019601	3	3	170
Beam_3_3_14	17819	0.047595	0.2883	0.018402	3	3	170
Beam_3_3_14	17842	0.051422	0.28831	0.0184	3	3	170
Beam_3_3_14	17862	0.051422	0.28831	0.019598	3	3	170
Beam_3_3_14	17818	0.045689	0.2888	0.018066	3	3	170
Beam_3_3_14	17886	0.04569	0.2888	0.019271	3	3	170
Beam_3_3_14	17876	0.049514	0.28881	0.019269	3	3	170
Beam_3_3_14	17828	0.049514	0.28881	0.018063	3	3	170
Beam_3_3_14	17863	0.053323	0.28881	0.019269	3	3	170
Beam_3_3_14	17843	0.053323	0.28881	0.018063	3	3	170
Beam_3_3_14	17817	0.043795	0.2893	0.017724	3	3	170
Beam_3_3_14	17885	0.043795	0.2893	0.018937	3	3	170
Beam_3_3_14	17844	0.055213	0.2893	0.017723	3	3	170
Beam_3_3_14	17864	0.055213	0.2893	0.018935	3	3	170
Beam_3_3_14	17873	0.047125	0.28943	0.018847	3	3	170
Beam_3_3_14	17829	0.047125	0.28943	0.017633	3	3	170
Beam_3_3_14	17879	0.051896	0.28943	0.018847	3	3	170
Beam_3_3_14	17827	0.051896	0.28943	0.017633	3	3	170
Beam_3_3_14	17816	0.041892	0.2898	0.017375	3	3	170
Beam_3_3_14	17884	0.041892	0.2898	0.018595	3	3	170
Beam_3_3_14	17865	0.057112	0.2898	0.018594	3	3	170
Beam_3_3_14	17845	0.057112	0.2898	0.017374	3	3	170
Beam_3_3_14	17830	0.044754	0.29005	0.017196	3	3	170
Beam_3_3_14	17874	0.044754	0.29005	0.018419	3	3	170
Beam_3_3_14	17878	0.05426	0.29005	0.018419	3	3	170
Beam_3_3_14	17826	0.054261	0.29005	0.017196	3	3	170
Beam_3_3_14	17875	0.042367	0.29068	0.017978	3	3	170
Beam_3_3_14	17831	0.042367	0.29068	0.016745	3	3	170
Beam_3_3_14	17877	0.05664	0.29068	0.017978	3	3	170
Beam_3_3_14	17825	0.05664	0.29068	0.016745	3	3	170
Beam_3_3_14	25547	0.04	0.2918	0.016529	3	3	170
Beam_3_3_14	25550	0.04475	0.2918	0.016529	3	3	170
Beam_3_3_14	25549	0.0495	0.2918	0.016529	3	3	170
Beam_3_3_14	25548	0.05425	0.2918	0.016529	3	3	170
Beam_3_3_14	25546	0.059	0.2918	0.016529	3	3	170
Beam_3_3_15	16545	0.04159	0.29273	0.015189	3	3	116
Beam_3_3_15	16559	0.04159	0.29273	0.016457	3	3	116
Beam_3_3_15	16561	0.05741	0.29273	0.016457	3	3	116
Beam_3_3_15	16535	0.05741	0.29273	0.015189	3	3	116
Beam_3_3_15	16558	0.04317	0.29314	0.016135	3	3	116
Beam_3_3_15	16544	0.043171	0.29314	0.01486	3	3	116
Beam_3_3_15	16536	0.055829	0.29314	0.01486	3	3	116
Beam_3_3_15	16562	0.05583	0.29314	0.016135	3	3	116
Beam_3_3_15	16557	0.044759	0.29356	0.015807	3	3	116
Beam_3_3_15	16543	0.044759	0.29356	0.014523	3	3	116
Beam_3_3_15	16537	0.054241	0.29356	0.014523	3	3	116
Beam_3_3_15	16563	0.054241	0.29356	0.015807	3	3	116
Beam_3_3_15	16586	0.041907	0.29381	0.015606	3	3	116
Beam_3_3_15	16510	0.041908	0.29381	0.014317	3	3	116
Beam_3_3_15	16572	0.057097	0.29382	0.015596	3	3	116
Beam_3_3_15	16528	0.057097	0.29382	0.014307	3	3	116
Beam_3_3_15	16542	0.046337	0.29397	0.014183	3	3	116
Beam_3_3_15	16556	0.046337	0.29397	0.015475	3	3	116
Beam_3_3_15	16564	0.052663	0.29397	0.015475	3	3	116
Beam_3_3_15	16538	0.052663	0.29397	0.014183	3	3	116
Beam_3_3_15	16585	0.0438	0.29431	0.015203	3	3	116
Beam_3_3_15	16509	0.043801	0.29431	0.013905	3	3	116
Beam_3_3_15	16527	0.055208	0.29432	0.013897	3	3	116
Beam_3_3_15	16571	0.055208	0.29432	0.015195	3	3	116
Beam_3_3_15	16541	0.047924	0.29439	0.013836	3	3	116
Beam_3_3_15	16555	0.047924	0.29439	0.015136	3	3	116
Beam_3_3_15	16565	0.051076	0.29439	0.015136	3	3	116
Beam_3_3_15	16539	0.051076	0.29439	0.013836	3	3	116
Beam_3_3_15	16540	0.0495	0.2948	0.013486	3	3	116
Beam_3_3_15	16560	0.0495	0.2948	0.014794	3	3	116
Beam_3_3_15	16508	0.045705	0.29481	0.013482	3	3	116
Beam_3_3_15	16584	0.045705	0.29481	0.01479	3	3	116
Beam_3_3_15	16570	0.053307	0.29481	0.014785	3	3	116
Beam_3_3_15	16526	0.053307	0.29481	0.013476	3	3	116
Beam_3_3_15	16507	0.047595	0.2953	0.013055	3	3	116
Beam_3_3_15	16587	0.047595	0.2953	0.014373	3	3	116
Beam_3_3_15	16525	0.051422	0.29531	0.013051	3	3	116
Beam_3_3_15	16569	0.051422	0.29531	0.01437	3	3	116
Beam_3_3_15	16506	0.045686	0.2958	0.012614	3	3	116
Beam_3_3_15	16590	0.045686	0.2958	0.013944	3	3	116
Beam_3_3_15	16518	0.049514	0.29581	0.012612	3	3	116
Beam_3_3_15	16578	0.049514	0.29581	0.013942	3	3	116
Beam_3_3_15	16568	0.053326	0.29581	0.013941	3	3	116
Beam_3_3_15	16533	0.053326	0.29581	0.012611	3	3	116
Beam_3_3_15	16519	0.04792	0.29622	0.012239	3	3	116
Beam_3_3_15	16573	0.04792	0.29622	0.013578	3	3	116
Beam_3_3_15	16583	0.051103	0.29622	0.013578	3	3	116
Beam_3_3_15	16517	0.051104	0.29622	0.012239	3	3	116
Beam_3_3_15	16589	0.043794	0.2963	0.01351	3	3	116
Beam_3_3_15	16505	0.043794	0.2963	0.012169	3	3	116
Beam_3_3_15	16567	0.055214	0.2963	0.013508	3	3	116
Beam_3_3_15	16532	0.055215	0.2963	0.012167	3	3	116
Beam_3_3_15	16520	0.046337	0.29664	0.011862	3	3	116
Beam_3_3_15	16574	0.046338	0.29664	0.013211	3	3	116
Beam_3_3_15	16582	0.052681	0.29664	0.013211	3	3	116
Beam_3_3_15	16516	0.052682	0.29664	0.011862	3	3	116
Beam_3_3_15	16504	0.041888	0.2968	0.011712	3	3	116
Beam_3_3_15	16588	0.041888	0.2968	0.013065	3	3	116
Beam_3_3_15	16566	0.057116	0.2968	0.013064	3	3	116
Beam_3_3_15	16531	0.057116	0.2968	0.011711	3	3	116
Beam_3_3_15	16521	0.044745	0.29705	0.011477	3	3	116
Beam_3_3_15	16575	0.044746	0.29705	0.012836	3	3	116
Beam_3_3_15	16581	0.054268	0.29705	0.012836	3	3	116
Beam_3_3_15	16515	0.054269	0.29705	0.011477	3	3	116
Beam_3_3_15	16522	0.043166	0.29747	0.011088	3	3	116
Beam_3_3_15	16576	0.043166	0.29747	0.012457	3	3	116
Beam_3_3_15	16580	0.055843	0.29747	0.012457	3	3	116
Beam_3_3_15	16514	0.055844	0.29747	0.011088	3	3	116
Beam_3_3_15	16523	0.041577	0.29788	0.010691	3	3	116
Beam_3_3_15	16577	0.041577	0.29788	0.01207	3	3	116
Beam_3_3_15	16513	0.057428	0.29788	0.010691	3	3	116
Beam_3_3_15	16579	0.057428	0.29788	0.01207	3	3	116
Beam_3_3_15	25556	0.04	0.29899	0.010367	3	3	116
Beam_3_3_15	25559	0.04475	0.29899	0.010367	3	3	116
Beam_3_3_15	25558	0.0495	0.29899	0.010367	3	3	116
Beam_3_3_15	25557	0.05425	0.29899	0.010367	3	3	116
Beam_3_3_15	25555	0.059	0.29899	0.010367	3	3	116
