Node Number	X Location (m)	Y Location (m)	Z Location (m)	
1	6.5e-002	0.3055	-3.5723e-028	
2	6.e-002	0.3055	-3.5723e-028	
3	5.5e-002	0.3055	-3.5723e-028	
4	5.e-002	0.3055	-3.5723e-028	
5	4.5e-002	0.3055	-3.5723e-028	
6	4.e-002	0.3055	-3.5723e-028	
7	3.5e-002	0.3055	-3.5723e-028	
8	3.e-002	0.3055	-3.5723e-028	
9	2.5e-002	0.3055	-3.5723e-028	
10	2.e-002	0.3055	-3.5723e-028	
11	1.5e-002	0.3055	-3.5723e-028	
12	1.e-002	0.3055	-3.5723e-028	
13	5.e-003	0.3055	-3.5723e-028	
14	-3.5128e-017	0.3055	-3.5723e-028	
15	-5.e-003	0.3055	-3.5723e-028	
16	6.5e-002	0.3005	-3.4895e-028	
17	6.e-002	0.3005	-3.4895e-028	
18	5.5e-002	0.3005	-3.4895e-028	
19	5.e-002	0.3005	-3.4895e-028	
20	4.5e-002	0.3005	-3.4895e-028	
21	4.e-002	0.3005	-3.4895e-028	
22	3.5e-002	0.3005	-3.4895e-028	
23	3.e-002	0.3005	-3.4895e-028	
24	2.5e-002	0.3005	-3.4895e-028	
25	2.e-002	0.3005	-3.4895e-028	
26	1.5e-002	0.3005	-3.4895e-028	
27	1.e-002	0.3005	-3.4895e-028	
28	5.e-003	0.3005	-3.4895e-028	
29	7.8063e-018	0.3005	-3.4895e-028	
30	-5.e-003	0.3005	-3.4895e-028	
31	6.5e-002	0.2955	-3.4066e-028	
32	6.e-002	0.2955	-3.4066e-028	
33	5.5e-002	0.2955	-3.4066e-028	
34	5.e-002	0.2955	-3.4066e-028	
35	4.5e-002	0.2955	-3.4066e-028	
36	4.e-002	0.2955	-3.4066e-028	
37	3.5e-002	0.2955	-3.4066e-028	
38	3.e-002	0.2955	-3.4066e-028	
39	2.5e-002	0.2955	-3.4066e-028	
40	2.e-002	0.2955	-3.4066e-028	
41	1.5e-002	0.2955	-3.4066e-028	
42	1.e-002	0.2955	-3.4066e-028	
43	5.e-003	0.2955	-3.4066e-028	
44	3.4694e-018	0.2955	-3.4066e-028	
45	-5.e-003	0.2955	-3.4066e-028	
46	6.5e-002	0.2905	-3.3238e-028	
47	6.e-002	0.2905	-3.3238e-028	
48	5.5e-002	0.2905	-3.3238e-028	
49	5.e-002	0.2905	-3.3238e-028	
50	4.5e-002	0.2905	-3.3238e-028	
51	4.e-002	0.2905	-3.3238e-028	
52	3.5e-002	0.2905	-3.3238e-028	
53	3.e-002	0.2905	-3.3238e-028	
54	2.5e-002	0.2905	-3.3238e-028	
55	2.e-002	0.2905	-3.3238e-028	
56	1.5e-002	0.2905	-3.3238e-028	
57	1.e-002	0.2905	-3.3238e-028	
58	5.e-003	0.2905	-3.3238e-028	
59	-5.6379e-017	0.2905	-3.3238e-028	
60	-5.e-003	0.2905	-3.3238e-028	
61	6.5e-002	0.2855	-3.241e-028	
62	6.e-002	0.2855	-3.241e-028	
63	5.5e-002	0.2855	-3.241e-028	
64	5.e-002	0.2855	-3.241e-028	
65	4.5e-002	0.2855	-3.241e-028	
66	4.e-002	0.2855	-3.241e-028	
67	3.5e-002	0.2855	-3.241e-028	
68	3.e-002	0.2855	-3.241e-028	
69	2.5e-002	0.2855	-3.241e-028	
70	2.e-002	0.2855	-3.241e-028	
71	1.5e-002	0.2855	-3.241e-028	
72	1.e-002	0.2855	-3.241e-028	
73	5.e-003	0.2855	-3.241e-028	
74	1.5984e-017	0.2855	-3.241e-028	
75	-5.e-003	0.2855	-3.241e-028	
76	6.5e-002	0.2805	-3.1582e-028	
77	6.e-002	0.2805	-3.1582e-028	
78	5.5e-002	0.2805	-3.1582e-028	
79	5.e-002	0.2805	-3.1582e-028	
80	4.5e-002	0.2805	-3.1582e-028	
81	4.e-002	0.2805	-3.1582e-028	
82	3.5e-002	0.2805	-3.1582e-028	
83	3.e-002	0.2805	-3.1582e-028	
84	2.5e-002	0.2805	-3.1582e-028	
85	2.e-002	0.2805	-3.1582e-028	
86	1.5e-002	0.2805	-3.1582e-028	
87	1.e-002	0.2805	-3.1582e-028	
88	5.e-003	0.2805	-3.1582e-028	
89	-1.8215e-016	0.2805	-3.1582e-028	
90	-5.e-003	0.2805	-3.1582e-028	
91	6.5e-002	0.2755	-3.0753e-028	
92	6.e-002	0.2755	-3.0753e-028	
93	5.5e-002	0.2755	-3.0753e-028	
94	5.e-002	0.2755	-3.0753e-028	
95	4.5e-002	0.2755	-3.0753e-028	
96	4.e-002	0.2755	-3.0753e-028	
97	3.5e-002	0.2755	-3.0753e-028	
98	3.e-002	0.2755	-3.0753e-028	
99	2.5e-002	0.2755	-3.0753e-028	
100	2.e-002	0.2755	-3.0753e-028	
101	1.5e-002	0.2755	-3.0753e-028	
102	1.e-002	0.2755	-3.0753e-028	
103	5.e-003	0.2755	-3.0753e-028	
104	-8.6736e-018	0.2755	-3.0753e-028	
105	-5.e-003	0.2755	-3.0753e-028	
106	6.5e-002	0.2705	-2.9925e-028	
107	6.e-002	0.2705	-2.9925e-028	
108	5.5e-002	0.2705	-2.9925e-028	
109	5.e-002	0.2705	-2.9925e-028	
110	4.5e-002	0.2705	-2.9925e-028	
111	4.e-002	0.2705	-2.9925e-028	
112	3.5e-002	0.2705	-2.9925e-028	
113	3.e-002	0.2705	-2.9925e-028	
114	2.5e-002	0.2705	-2.9925e-028	
115	2.e-002	0.2705	-2.9925e-028	
116	1.5e-002	0.2705	-2.9925e-028	
117	1.e-002	0.2705	-2.9925e-028	
118	5.e-003	0.2705	-2.9925e-028	
119	3.4694e-017	0.2705	-2.9925e-028	
120	-5.e-003	0.2705	-2.9925e-028	
121	6.5e-002	0.2655	-2.9097e-028	
122	6.e-002	0.2655	-2.9097e-028	
123	5.5e-002	0.2655	-2.9097e-028	
124	5.e-002	0.2655	-2.9097e-028	
125	4.5e-002	0.2655	-2.9097e-028	
126	4.e-002	0.2655	-2.9097e-028	
127	3.5e-002	0.2655	-2.9097e-028	
128	3.e-002	0.2655	-2.9097e-028	
129	2.5e-002	0.2655	-2.9097e-028	
130	2.e-002	0.2655	-2.9097e-028	
131	1.5e-002	0.2655	-2.9097e-028	
132	1.e-002	0.2655	-2.9097e-028	
133	5.e-003	0.2655	-2.9097e-028	
134	3.3393e-017	0.2655	-2.9097e-028	
135	-5.e-003	0.2655	-2.9097e-028	
136	6.5e-002	0.2605	-2.8268e-028	
137	6.e-002	0.2605	-2.8268e-028	
138	5.5e-002	0.2605	-2.8268e-028	
139	5.e-002	0.2605	-2.8268e-028	
140	4.5e-002	0.2605	-2.8268e-028	
141	4.e-002	0.2605	-2.8268e-028	
142	3.5e-002	0.2605	-2.8268e-028	
143	3.e-002	0.2605	-2.8268e-028	
144	2.5e-002	0.2605	-2.8268e-028	
145	2.e-002	0.2605	-2.8268e-028	
146	1.5e-002	0.2605	-2.8268e-028	
147	1.e-002	0.2605	-2.8268e-028	
148	5.e-003	0.2605	-2.8268e-028	
149	3.3827e-017	0.2605	-2.8268e-028	
150	-5.e-003	0.2605	-2.8268e-028	
151	6.5e-002	0.2555	-2.744e-028	
152	6.e-002	0.2555	-2.744e-028	
153	5.5e-002	0.2555	-2.744e-028	
154	5.e-002	0.2555	-2.744e-028	
155	4.5e-002	0.2555	-2.744e-028	
156	4.e-002	0.2555	-2.744e-028	
157	3.5e-002	0.2555	-2.744e-028	
158	3.e-002	0.2555	-2.744e-028	
159	2.5e-002	0.2555	-2.744e-028	
160	2.e-002	0.2555	-2.744e-028	
161	1.5e-002	0.2555	-2.744e-028	
162	1.e-002	0.2555	-2.744e-028	
163	5.e-003	0.2555	-2.744e-028	
164	-1.3054e-016	0.2555	-2.744e-028	
165	-5.e-003	0.2555	-2.744e-028	
166	6.5e-002	0.2505	-2.6612e-028	
167	6.e-002	0.2505	-2.6612e-028	
168	5.5e-002	0.2505	-2.6612e-028	
169	5.e-002	0.2505	-2.6612e-028	
170	4.5e-002	0.2505	-2.6612e-028	
171	4.e-002	0.2505	-2.6612e-028	
172	3.5e-002	0.2505	-2.6612e-028	
173	3.e-002	0.2505	-2.6612e-028	
174	2.5e-002	0.2505	-2.6612e-028	
175	2.e-002	0.2505	-2.6612e-028	
176	1.5e-002	0.2505	-2.6612e-028	
177	1.e-002	0.2505	-2.6612e-028	
178	5.e-003	0.2505	-2.6612e-028	
179	3.3827e-017	0.2505	-2.6612e-028	
180	-5.e-003	0.2505	-2.6612e-028	
181	6.5e-002	0.2455	-2.5783e-028	
182	6.e-002	0.2455	-2.5783e-028	
183	5.5e-002	0.2455	-2.5783e-028	
184	5.e-002	0.2455	-2.5783e-028	
185	4.5e-002	0.2455	-2.5783e-028	
186	4.e-002	0.2455	-2.5783e-028	
187	3.5e-002	0.2455	-2.5783e-028	
188	3.e-002	0.2455	-2.5783e-028	
189	2.5e-002	0.2455	-2.5783e-028	
190	2.e-002	0.2455	-2.5783e-028	
191	1.5e-002	0.2455	-2.5783e-028	
192	1.e-002	0.2455	-2.5783e-028	
193	5.e-003	0.2455	-2.5783e-028	
194	3.4694e-017	0.2455	-2.5783e-028	
195	-5.e-003	0.2455	-2.5783e-028	
196	6.5e-002	0.2405	-2.4955e-028	
197	6.e-002	0.2405	-2.4955e-028	
198	5.5e-002	0.2405	-2.4955e-028	
199	5.e-002	0.2405	-2.4955e-028	
200	4.5e-002	0.2405	-2.4955e-028	
201	4.e-002	0.2405	-2.4955e-028	
202	3.5e-002	0.2405	-2.4955e-028	
203	3.e-002	0.2405	-2.4955e-028	
204	2.5e-002	0.2405	-2.4955e-028	
205	2.e-002	0.2405	-2.4955e-028	
206	1.5e-002	0.2405	-2.4955e-028	
207	1.e-002	0.2405	-2.4955e-028	
208	5.e-003	0.2405	-2.4955e-028	
209	3.3393e-017	0.2405	-2.4955e-028	
210	-5.e-003	0.2405	-2.4955e-028	
211	6.5e-002	0.2355	-2.4127e-028	
212	6.e-002	0.2355	-2.4127e-028	
213	5.5e-002	0.2355	-2.4127e-028	
214	5.e-002	0.2355	-2.4127e-028	
215	4.5e-002	0.2355	-2.4127e-028	
216	4.e-002	0.2355	-2.4127e-028	
217	3.5e-002	0.2355	-2.4127e-028	
218	3.e-002	0.2355	-2.4127e-028	
219	2.5e-002	0.2355	-2.4127e-028	
220	2.e-002	0.2355	-2.4127e-028	
221	1.5e-002	0.2355	-2.4127e-028	
222	1.e-002	0.2355	-2.4127e-028	
223	5.e-003	0.2355	-2.4127e-028	
224	3.3827e-017	0.2355	-2.4127e-028	
225	-5.e-003	0.2355	-2.4127e-028	
226	6.5e-002	0.2305	-2.3299e-028	
227	6.e-002	0.2305	-2.3299e-028	
228	5.5e-002	0.2305	-2.3299e-028	
229	5.e-002	0.2305	-2.3299e-028	
230	4.5e-002	0.2305	-2.3299e-028	
231	4.e-002	0.2305	-2.3299e-028	
232	3.5e-002	0.2305	-2.3299e-028	
233	3.e-002	0.2305	-2.3299e-028	
234	2.5e-002	0.2305	-2.3299e-028	
235	2.e-002	0.2305	-2.3299e-028	
236	1.5e-002	0.2305	-2.3299e-028	
237	1.e-002	0.2305	-2.3299e-028	
238	5.e-003	0.2305	-2.3299e-028	
239	-1.3054e-016	0.2305	-2.3299e-028	
240	-5.e-003	0.2305	-2.3299e-028	
241	6.5e-002	0.2255	-2.247e-028	
242	6.e-002	0.2255	-2.247e-028	
243	5.5e-002	0.2255	-2.247e-028	
244	5.e-002	0.2255	-2.247e-028	
245	4.5e-002	0.2255	-2.247e-028	
246	4.e-002	0.2255	-2.247e-028	
247	3.5e-002	0.2255	-2.247e-028	
248	3.e-002	0.2255	-2.247e-028	
249	2.5e-002	0.2255	-2.247e-028	
250	2.e-002	0.2255	-2.247e-028	
251	1.5e-002	0.2255	-2.247e-028	
252	1.e-002	0.2255	-2.247e-028	
253	5.e-003	0.2255	-2.247e-028	
254	7.5894e-017	0.2255	-2.247e-028	
255	-5.e-003	0.2255	-2.247e-028	
256	6.5e-002	0.2205	-2.1642e-028	
257	6.e-002	0.2205	-2.1642e-028	
258	5.5e-002	0.2205	-2.1642e-028	
259	5.e-002	0.2205	-2.1642e-028	
260	4.5e-002	0.2205	-2.1642e-028	
261	4.e-002	0.2205	-2.1642e-028	
262	3.5e-002	0.2205	-2.1642e-028	
263	3.e-002	0.2205	-2.1642e-028	
264	2.5e-002	0.2205	-2.1642e-028	
265	2.e-002	0.2205	-2.1642e-028	
266	1.5e-002	0.2205	-2.1642e-028	
267	1.e-002	0.2205	-2.1642e-028	
268	5.e-003	0.2205	-2.1642e-028	
269	-4.3368e-017	0.2205	-2.1642e-028	
270	-5.e-003	0.2205	-2.1642e-028	
271	6.5e-002	0.2155	-2.0814e-028	
272	6.e-002	0.2155	-2.0814e-028	
273	5.5e-002	0.2155	-2.0814e-028	
274	5.e-002	0.2155	-2.0814e-028	
275	4.5e-002	0.2155	-2.0814e-028	
276	4.e-002	0.2155	-2.0814e-028	
277	3.5e-002	0.2155	-2.0814e-028	
278	3.e-002	0.2155	-2.0814e-028	
279	2.5e-002	0.2155	-2.0814e-028	
280	2.e-002	0.2155	-2.0814e-028	
281	1.5e-002	0.2155	-2.0814e-028	
282	1.e-002	0.2155	-2.0814e-028	
283	5.e-003	0.2155	-2.0814e-028	
284	3.4694e-017	0.2155	-2.0814e-028	
285	-5.e-003	0.2155	-2.0814e-028	
286	6.5e-002	0.2105	-1.9985e-028	
287	6.e-002	0.2105	-1.9985e-028	
288	5.5e-002	0.2105	-1.9985e-028	
289	5.e-002	0.2105	-1.9985e-028	
290	4.5e-002	0.2105	-1.9985e-028	
291	4.e-002	0.2105	-1.9985e-028	
292	3.5e-002	0.2105	-1.9985e-028	
293	3.e-002	0.2105	-1.9985e-028	
294	2.5e-002	0.2105	-1.9985e-028	
295	2.e-002	0.2105	-1.9985e-028	
296	1.5e-002	0.2105	-1.9985e-028	
297	1.e-002	0.2105	-1.9985e-028	
298	5.e-003	0.2105	-1.9985e-028	
299	-4.2934e-017	0.2105	-1.9985e-028	
300	-5.e-003	0.2105	-1.9985e-028	
301	6.5e-002	0.2055	-1.9157e-028	
302	6.e-002	0.2055	-1.9157e-028	
303	5.5e-002	0.2055	-1.9157e-028	
304	5.e-002	0.2055	-1.9157e-028	
305	4.5e-002	0.2055	-1.9157e-028	
306	4.e-002	0.2055	-1.9157e-028	
307	3.5e-002	0.2055	-1.9157e-028	
308	3.e-002	0.2055	-1.9157e-028	
309	2.5e-002	0.2055	-1.9157e-028	
310	2.e-002	0.2055	-1.9157e-028	
311	1.5e-002	0.2055	-1.9157e-028	
312	1.e-002	0.2055	-1.9157e-028	
313	5.e-003	0.2055	-1.9157e-028	
314	3.3827e-017	0.2055	-1.9157e-028	
315	-5.e-003	0.2055	-1.9157e-028	
316	6.5e-002	0.2005	-1.8329e-028	
317	6.e-002	0.2005	-1.8329e-028	
318	5.5e-002	0.2005	-1.8329e-028	
319	5.e-002	0.2005	-1.8329e-028	
320	4.5e-002	0.2005	-1.8329e-028	
321	4.e-002	0.2005	-1.8329e-028	
322	3.5e-002	0.2005	-1.8329e-028	
323	3.e-002	0.2005	-1.8329e-028	
324	2.5e-002	0.2005	-1.8329e-028	
325	2.e-002	0.2005	-1.8329e-028	
326	1.5e-002	0.2005	-1.8329e-028	
327	1.e-002	0.2005	-1.8329e-028	
328	5.e-003	0.2005	-1.8329e-028	
329	-1.0842e-017	0.2005	-1.8329e-028	
330	-5.e-003	0.2005	-1.8329e-028	
331	6.5e-002	0.1955	-1.75e-028	
332	6.e-002	0.1955	-1.75e-028	
333	5.5e-002	0.1955	-1.75e-028	
334	5.e-002	0.1955	-1.75e-028	
335	4.5e-002	0.1955	-1.75e-028	
336	4.e-002	0.1955	-1.75e-028	
337	3.5e-002	0.1955	-1.75e-028	
338	3.e-002	0.1955	-1.75e-028	
339	2.5e-002	0.1955	-1.75e-028	
340	2.e-002	0.1955	-1.75e-028	
341	1.5e-002	0.1955	-1.75e-028	
342	1.e-002	0.1955	-1.75e-028	
343	5.e-003	0.1955	-1.75e-028	
344	-5.6379e-018	0.1955	-1.75e-028	
345	-5.e-003	0.1955	-1.75e-028	
346	6.5e-002	0.1905	-1.6672e-028	
347	6.e-002	0.1905	-1.6672e-028	
348	5.5e-002	0.1905	-1.6672e-028	
349	5.e-002	0.1905	-1.6672e-028	
350	4.5e-002	0.1905	-1.6672e-028	
351	4.e-002	0.1905	-1.6672e-028	
352	3.5e-002	0.1905	-1.6672e-028	
353	3.e-002	0.1905	-1.6672e-028	
354	2.5e-002	0.1905	-1.6672e-028	
355	2.e-002	0.1905	-1.6672e-028	
356	1.5e-002	0.1905	-1.6672e-028	
357	1.e-002	0.1905	-1.6672e-028	
358	5.e-003	0.1905	-1.6672e-028	
359	3.4478e-017	0.1905	-1.6672e-028	
360	-5.e-003	0.1905	-1.6672e-028	
361	6.5e-002	0.1855	-1.5844e-028	
362	6.e-002	0.1855	-1.5844e-028	
363	5.5e-002	0.1855	-1.5844e-028	
364	5.e-002	0.1855	-1.5844e-028	
365	4.5e-002	0.1855	-1.5844e-028	
366	4.e-002	0.1855	-1.5844e-028	
367	3.5e-002	0.1855	-1.5844e-028	
368	3.e-002	0.1855	-1.5844e-028	
369	2.5e-002	0.1855	-1.5844e-028	
370	2.e-002	0.1855	-1.5844e-028	
371	1.5e-002	0.1855	-1.5844e-028	
372	1.e-002	0.1855	-1.5844e-028	
373	5.e-003	0.1855	-1.5844e-028	
374	-1.5396e-017	0.1855	-1.5844e-028	
375	-5.e-003	0.1855	-1.5844e-028	
376	6.5e-002	0.1805	-1.5015e-028	
377	6.e-002	0.1805	-1.5015e-028	
378	5.5e-002	0.1805	-1.5015e-028	
379	5.e-002	0.1805	-1.5015e-028	
380	4.5e-002	0.1805	-1.5015e-028	
381	4.e-002	0.1805	-1.5015e-028	
382	3.5e-002	0.1805	-1.5015e-028	
383	3.e-002	0.1805	-1.5015e-028	
384	2.5e-002	0.1805	-1.5015e-028	
385	2.e-002	0.1805	-1.5015e-028	
386	1.5e-002	0.1805	-1.5015e-028	
387	1.e-002	0.1805	-1.5015e-028	
388	5.e-003	0.1805	-1.5015e-028	
389	6.5052e-019	0.1805	-1.5015e-028	
390	-5.e-003	0.1805	-1.5015e-028	
391	6.5e-002	0.1755	-1.4187e-028	
392	6.e-002	0.1755	-1.4187e-028	
393	5.5e-002	0.1755	-1.4187e-028	
394	5.e-002	0.1755	-1.4187e-028	
395	4.5e-002	0.1755	-1.4187e-028	
396	4.e-002	0.1755	-1.4187e-028	
397	3.5e-002	0.1755	-1.4187e-028	
398	3.e-002	0.1755	-1.4187e-028	
399	2.5e-002	0.1755	-1.4187e-028	
400	2.e-002	0.1755	-1.4187e-028	
401	1.5e-002	0.1755	-1.4187e-028	
402	1.e-002	0.1755	-1.4187e-028	
403	5.e-003	0.1755	-1.4187e-028	
404	-1.1276e-017	0.1755	-1.4187e-028	
405	-5.e-003	0.1755	-1.4187e-028	
406	6.5e-002	0.1705	-1.3359e-028	
407	6.e-002	0.1705	-1.3359e-028	
408	5.5e-002	0.1705	-1.3359e-028	
409	5.e-002	0.1705	-1.3359e-028	
410	4.5e-002	0.1705	-1.3359e-028	
411	4.e-002	0.1705	-1.3359e-028	
412	3.5e-002	0.1705	-1.3359e-028	
413	3.e-002	0.1705	-1.3359e-028	
414	2.5e-002	0.1705	-1.3359e-028	
415	2.e-002	0.1705	-1.3359e-028	
416	1.5e-002	0.1705	-1.3359e-028	
417	1.e-002	0.1705	-1.3359e-028	
418	5.e-003	0.1705	-1.3359e-028	
419	1.301e-018	0.1705	-1.3359e-028	
420	-5.e-003	0.1705	-1.3359e-028	
421	6.5e-002	0.1655	-1.2531e-028	
422	6.e-002	0.1655	-1.2531e-028	
423	5.5e-002	0.1655	-1.2531e-028	
424	5.e-002	0.1655	-1.2531e-028	
425	4.5e-002	0.1655	-1.2531e-028	
426	4.e-002	0.1655	-1.2531e-028	
427	3.5e-002	0.1655	-1.2531e-028	
428	3.e-002	0.1655	-1.2531e-028	
429	2.5e-002	0.1655	-1.2531e-028	
430	2.e-002	0.1655	-1.2531e-028	
431	1.5e-002	0.1655	-1.2531e-028	
432	1.e-002	0.1655	-1.2531e-028	
433	5.e-003	0.1655	-1.2531e-028	
434	3.4261e-017	0.1655	-1.2531e-028	
435	-5.e-003	0.1655	-1.2531e-028	
436	6.5e-002	0.1605	-1.1702e-028	
437	6.e-002	0.1605	-1.1702e-028	
438	5.5e-002	0.1605	-1.1702e-028	
439	5.e-002	0.1605	-1.1702e-028	
440	4.5e-002	0.1605	-1.1702e-028	
441	4.e-002	0.1605	-1.1702e-028	
442	3.5e-002	0.1605	-1.1702e-028	
443	3.e-002	0.1605	-1.1702e-028	
444	2.5e-002	0.1605	-1.1702e-028	
445	2.e-002	0.1605	-1.1702e-028	
446	1.5e-002	0.1605	-1.1702e-028	
447	1.e-002	0.1605	-1.1702e-028	
448	5.e-003	0.1605	-1.1702e-028	
449	-4.8572e-017	0.1605	-1.1702e-028	
450	-5.e-003	0.1605	-1.1702e-028	
451	6.5e-002	0.1555	-1.0874e-028	
452	6.e-002	0.1555	-1.0874e-028	
453	5.5e-002	0.1555	-1.0874e-028	
454	5.e-002	0.1555	-1.0874e-028	
455	4.5e-002	0.1555	-1.0874e-028	
456	4.e-002	0.1555	-1.0874e-028	
457	3.5e-002	0.1555	-1.0874e-028	
458	3.e-002	0.1555	-1.0874e-028	
459	2.5e-002	0.1555	-1.0874e-028	
460	2.e-002	0.1555	-1.0874e-028	
461	1.5e-002	0.1555	-1.0874e-028	
462	1.e-002	0.1555	-1.0874e-028	
463	5.e-003	0.1555	-1.0874e-028	
464	3.4911e-017	0.1555	-1.0874e-028	
465	-5.e-003	0.1555	-1.0874e-028	
466	6.5e-002	0.1505	-1.0046e-028	
467	6.e-002	0.1505	-1.0046e-028	
468	5.5e-002	0.1505	-1.0046e-028	
469	5.e-002	0.1505	-1.0046e-028	
470	4.5e-002	0.1505	-1.0046e-028	
471	4.e-002	0.1505	-1.0046e-028	
472	3.5e-002	0.1505	-1.0046e-028	
473	3.e-002	0.1505	-1.0046e-028	
474	2.5e-002	0.1505	-1.0046e-028	
475	2.e-002	0.1505	-1.0046e-028	
476	1.5e-002	0.1505	-1.0046e-028	
477	1.e-002	0.1505	-1.0046e-028	
478	5.e-003	0.1505	-1.0046e-028	
479	-1.1493e-017	0.1505	-1.0046e-028	
480	-5.e-003	0.1505	-1.0046e-028	
481	6.5e-002	0.1455	-9.2174e-029	
482	6.e-002	0.1455	-9.2174e-029	
483	5.5e-002	0.1455	-9.2174e-029	
484	5.e-002	0.1455	-9.2174e-029	
485	4.5e-002	0.1455	-9.2174e-029	
486	4.e-002	0.1455	-9.2174e-029	
487	3.5e-002	0.1455	-9.2174e-029	
488	3.e-002	0.1455	-9.2174e-029	
489	2.5e-002	0.1455	-9.2174e-029	
490	2.e-002	0.1455	-9.2174e-029	
491	1.5e-002	0.1455	-9.2174e-029	
492	1.e-002	0.1455	-9.2174e-029	
493	5.e-003	0.1455	-9.2174e-029	
494	-5.8547e-018	0.1455	-9.2174e-029	
495	-5.e-003	0.1455	-9.2174e-029	
496	6.5e-002	0.1405	-8.3891e-029	
497	6.e-002	0.1405	-8.3891e-029	
498	5.5e-002	0.1405	-8.3891e-029	
499	5.e-002	0.1405	-8.3891e-029	
500	4.5e-002	0.1405	-8.3891e-029	
501	4.e-002	0.1405	-8.3891e-029	
502	3.5e-002	0.1405	-8.3891e-029	
503	3.e-002	0.1405	-8.3891e-029	
504	2.5e-002	0.1405	-8.3891e-029	
505	2.e-002	0.1405	-8.3891e-029	
506	1.5e-002	0.1405	-8.3891e-029	
507	1.e-002	0.1405	-8.3891e-029	
508	5.e-003	0.1405	-8.3891e-029	
509	3.4261e-017	0.1405	-8.3891e-029	
510	-5.e-003	0.1405	-8.3891e-029	
511	6.5e-002	0.1355	-7.5608e-029	
512	6.e-002	0.1355	-7.5608e-029	
513	5.5e-002	0.1355	-7.5608e-029	
514	5.e-002	0.1355	-7.5608e-029	
515	4.5e-002	0.1355	-7.5608e-029	
516	4.e-002	0.1355	-7.5608e-029	
517	3.5e-002	0.1355	-7.5608e-029	
518	3.e-002	0.1355	-7.5608e-029	
519	2.5e-002	0.1355	-7.5608e-029	
520	2.e-002	0.1355	-7.5608e-029	
521	1.5e-002	0.1355	-7.5608e-029	
522	1.e-002	0.1355	-7.5608e-029	
523	5.e-003	0.1355	-7.5608e-029	
524	-4.3368e-017	0.1355	-7.5608e-029	
525	-5.e-003	0.1355	-7.5608e-029	
526	6.5e-002	0.1305	-6.7325e-029	
527	6.e-002	0.1305	-6.7325e-029	
528	5.5e-002	0.1305	-6.7325e-029	
529	5.e-002	0.1305	-6.7325e-029	
530	4.5e-002	0.1305	-6.7325e-029	
531	4.e-002	0.1305	-6.7325e-029	
532	3.5e-002	0.1305	-6.7325e-029	
533	3.e-002	0.1305	-6.7325e-029	
534	2.5e-002	0.1305	-6.7325e-029	
535	2.e-002	0.1305	-6.7325e-029	
536	1.5e-002	0.1305	-6.7325e-029	
537	1.e-002	0.1305	-6.7325e-029	
538	5.e-003	0.1305	-6.7325e-029	
539	3.4694e-017	0.1305	-6.7325e-029	
540	-5.e-003	0.1305	-6.7325e-029	
541	6.5e-002	0.1255	-5.9042e-029	
542	6.e-002	0.1255	-5.9042e-029	
543	5.5e-002	0.1255	-5.9042e-029	
544	5.e-002	0.1255	-5.9042e-029	
545	4.5e-002	0.1255	-5.9042e-029	
546	4.e-002	0.1255	-5.9042e-029	
547	3.5e-002	0.1255	-5.9042e-029	
548	3.e-002	0.1255	-5.9042e-029	
549	2.5e-002	0.1255	-5.9042e-029	
550	2.e-002	0.1255	-5.9042e-029	
551	1.5e-002	0.1255	-5.9042e-029	
552	1.e-002	0.1255	-5.9042e-029	
553	5.e-003	0.1255	-5.9042e-029	
554	-4.8139e-017	0.1255	-5.9042e-029	
555	-5.e-003	0.1255	-5.9042e-029	
556	6.5e-002	0.1205	-5.0758e-029	
557	6.e-002	0.1205	-5.0758e-029	
558	5.5e-002	0.1205	-5.0758e-029	
559	5.e-002	0.1205	-5.0758e-029	
560	4.5e-002	0.1205	-5.0758e-029	
561	4.e-002	0.1205	-5.0758e-029	
562	3.5e-002	0.1205	-5.0758e-029	
563	3.e-002	0.1205	-5.0758e-029	
564	2.5e-002	0.1205	-5.0758e-029	
565	2.e-002	0.1205	-5.0758e-029	
566	1.5e-002	0.1205	-5.0758e-029	
567	1.e-002	0.1205	-5.0758e-029	
568	5.e-003	0.1205	-5.0758e-029	
569	3.5128e-017	0.1205	-5.0758e-029	
570	-5.e-003	0.1205	-5.0758e-029	
571	6.5e-002	0.1155	-4.2475e-029	
572	6.e-002	0.1155	-4.2475e-029	
573	5.5e-002	0.1155	-4.2475e-029	
574	5.e-002	0.1155	-4.2475e-029	
575	4.5e-002	0.1155	-4.2475e-029	
576	4.e-002	0.1155	-4.2475e-029	
577	3.5e-002	0.1155	-4.2475e-029	
578	3.e-002	0.1155	-4.2475e-029	
579	2.5e-002	0.1155	-4.2475e-029	
580	2.e-002	0.1155	-4.2475e-029	
581	1.5e-002	0.1155	-4.2475e-029	
582	1.e-002	0.1155	-4.2475e-029	
583	5.e-003	0.1155	-4.2475e-029	
584	1.3227e-017	0.1155	-4.2475e-029	
585	-5.e-003	0.1155	-4.2475e-029	
586	6.5e-002	0.1105	-3.4192e-029	
587	6.e-002	0.1105	-3.4192e-029	
588	5.5e-002	0.1105	-3.4192e-029	
589	5.e-002	0.1105	-3.4192e-029	
590	4.5e-002	0.1105	-3.4192e-029	
591	4.e-002	0.1105	-3.4192e-029	
592	3.5e-002	0.1105	-3.4192e-029	
593	3.e-002	0.1105	-3.4192e-029	
594	2.5e-002	0.1105	-3.4192e-029	
595	2.e-002	0.1105	-3.4192e-029	
596	1.5e-002	0.1105	-3.4192e-029	
597	1.e-002	0.1105	-3.4192e-029	
598	5.e-003	0.1105	-3.4192e-029	
599	-2.537e-017	0.1105	-3.4192e-029	
600	-5.e-003	0.1105	-3.4192e-029	
601	6.5e-002	0.1055	-2.5909e-029	
602	6.e-002	0.1055	-2.5909e-029	
603	5.5e-002	0.1055	-2.5909e-029	
604	5.e-002	0.1055	-2.5909e-029	
605	4.5e-002	0.1055	-2.5909e-029	
606	4.e-002	0.1055	-2.5909e-029	
607	3.5e-002	0.1055	-2.5909e-029	
608	3.e-002	0.1055	-2.5909e-029	
609	2.5e-002	0.1055	-2.5909e-029	
610	2.e-002	0.1055	-2.5909e-029	
611	1.5e-002	0.1055	-2.5909e-029	
612	1.e-002	0.1055	-2.5909e-029	
613	5.e-003	0.1055	-2.5909e-029	
614	5.2042e-018	0.1055	-2.5909e-029	
615	-5.e-003	0.1055	-2.5909e-029	
616	6.5e-002	0.1005	-1.7626e-029	
617	6.e-002	0.1005	-1.7626e-029	
618	5.5e-002	0.1005	-1.7626e-029	
619	5.e-002	0.1005	-1.7626e-029	
620	4.5e-002	0.1005	-1.7626e-029	
621	4.e-002	0.1005	-1.7626e-029	
622	3.5e-002	0.1005	-1.7626e-029	
623	3.e-002	0.1005	-1.7626e-029	
624	2.5e-002	0.1005	-1.7626e-029	
625	2.e-002	0.1005	-1.7626e-029	
626	1.5e-002	0.1005	-1.7626e-029	
627	1.e-002	0.1005	-1.7626e-029	
628	5.e-003	0.1005	-1.7626e-029	
629	5.421e-018	0.1005	-1.7626e-029	
630	-5.e-003	0.1005	-1.7626e-029	
631	6.5e-002	9.55e-002	-9.3433e-030	
632	6.e-002	9.55e-002	-9.3433e-030	
633	5.5e-002	9.55e-002	-9.3433e-030	
634	5.e-002	9.55e-002	-9.3433e-030	
635	4.5e-002	9.55e-002	-9.3433e-030	
636	4.e-002	9.55e-002	-9.3433e-030	
637	3.5e-002	9.55e-002	-9.3433e-030	
638	3.e-002	9.55e-002	-9.3433e-030	
639	2.5e-002	9.55e-002	-9.3433e-030	
640	2.e-002	9.55e-002	-9.3433e-030	
641	1.5e-002	9.55e-002	-9.3433e-030	
642	1.e-002	9.55e-002	-9.3433e-030	
643	5.e-003	9.55e-002	-9.3433e-030	
644	1.2902e-017	9.55e-002	-9.3433e-030	
645	-5.e-003	9.55e-002	-9.3433e-030	
646	6.5e-002	9.05e-002	-1.0602e-030	
647	6.e-002	9.05e-002	-1.0602e-030	
648	5.5e-002	9.05e-002	-1.0602e-030	
649	5.e-002	9.05e-002	-1.0602e-030	
650	4.5e-002	9.05e-002	-1.0602e-030	
651	4.e-002	9.05e-002	-1.0602e-030	
652	3.5e-002	9.05e-002	-1.0602e-030	
653	3.e-002	9.05e-002	-1.0602e-030	
654	2.5e-002	9.05e-002	-1.0602e-030	
655	2.e-002	9.05e-002	-1.0602e-030	
656	1.5e-002	9.05e-002	-1.0602e-030	
657	1.e-002	9.05e-002	-1.0602e-030	
658	5.e-003	9.05e-002	-1.0602e-030	
659	-6.0715e-018	9.05e-002	-1.0602e-030	
660	-5.e-003	9.05e-002	-1.0602e-030	
661	6.5e-002	8.55e-002	7.2228e-030	
662	6.e-002	8.55e-002	7.2228e-030	
663	5.5e-002	8.55e-002	7.2228e-030	
664	5.e-002	8.55e-002	7.2228e-030	
665	4.5e-002	8.55e-002	7.2228e-030	
666	4.e-002	8.55e-002	7.2228e-030	
667	3.5e-002	8.55e-002	7.2228e-030	
668	3.e-002	8.55e-002	7.2228e-030	
669	2.5e-002	8.55e-002	7.2228e-030	
670	2.e-002	8.55e-002	7.2228e-030	
671	1.5e-002	8.55e-002	7.2228e-030	
672	1.e-002	8.55e-002	7.2228e-030	
673	5.e-003	8.55e-002	7.2228e-030	
674	-8.3484e-018	8.55e-002	7.2228e-030	
675	-5.e-003	8.55e-002	7.2228e-030	
676	6.5e-002	8.05e-002	1.5506e-029	
677	6.e-002	8.05e-002	1.5506e-029	
678	5.5e-002	8.05e-002	1.5506e-029	
679	5.e-002	8.05e-002	1.5506e-029	
680	4.5e-002	8.05e-002	1.5506e-029	
681	4.e-002	8.05e-002	1.5506e-029	
682	3.5e-002	8.05e-002	1.5506e-029	
683	3.e-002	8.05e-002	1.5506e-029	
684	2.5e-002	8.05e-002	1.5506e-029	
685	2.e-002	8.05e-002	1.5506e-029	
686	1.5e-002	8.05e-002	1.5506e-029	
687	1.e-002	8.05e-002	1.5506e-029	
688	5.e-003	8.05e-002	1.5506e-029	
689	-7.1557e-018	8.05e-002	1.5506e-029	
690	-5.e-003	8.05e-002	1.5506e-029	
691	6.5e-002	7.55e-002	2.3789e-029	
692	6.e-002	7.55e-002	2.3789e-029	
693	5.5e-002	7.55e-002	2.3789e-029	
694	5.e-002	7.55e-002	2.3789e-029	
695	4.5e-002	7.55e-002	2.3789e-029	
696	4.e-002	7.55e-002	2.3789e-029	
697	3.5e-002	7.55e-002	2.3789e-029	
698	3.e-002	7.55e-002	2.3789e-029	
699	2.5e-002	7.55e-002	2.3789e-029	
700	2.e-002	7.55e-002	2.3789e-029	
701	1.5e-002	7.55e-002	2.3789e-029	
702	1.e-002	7.55e-002	2.3789e-029	
703	5.e-003	7.55e-002	2.3789e-029	
704	4.3368e-018	7.55e-002	2.3789e-029	
705	-5.e-003	7.55e-002	2.3789e-029	
706	6.5e-002	7.05e-002	3.2072e-029	
707	6.e-002	7.05e-002	3.2072e-029	
708	5.5e-002	7.05e-002	3.2072e-029	
709	5.e-002	7.05e-002	3.2072e-029	
710	4.5e-002	7.05e-002	3.2072e-029	
711	4.e-002	7.05e-002	3.2072e-029	
712	3.5e-002	7.05e-002	3.2072e-029	
713	3.e-002	7.05e-002	3.2072e-029	
714	2.5e-002	7.05e-002	3.2072e-029	
715	2.e-002	7.05e-002	3.2072e-029	
716	1.5e-002	7.05e-002	3.2072e-029	
717	1.e-002	7.05e-002	3.2072e-029	
718	5.e-003	7.05e-002	3.2072e-029	
719	-7.481e-018	7.05e-002	3.2072e-029	
720	-5.e-003	7.05e-002	3.2072e-029	
721	6.5e-002	6.55e-002	4.0355e-029	
722	6.e-002	6.55e-002	4.0355e-029	
723	5.5e-002	6.55e-002	4.0355e-029	
724	5.e-002	6.55e-002	4.0355e-029	
725	4.5e-002	6.55e-002	4.0355e-029	
726	4.e-002	6.55e-002	4.0355e-029	
727	3.5e-002	6.55e-002	4.0355e-029	
728	3.e-002	6.55e-002	4.0355e-029	
729	2.5e-002	6.55e-002	4.0355e-029	
730	2.e-002	6.55e-002	4.0355e-029	
731	1.5e-002	6.55e-002	4.0355e-029	
732	1.e-002	6.55e-002	4.0355e-029	
733	5.e-003	6.55e-002	4.0355e-029	
734	4.12e-018	6.55e-002	4.0355e-029	
735	-5.e-003	6.55e-002	4.0355e-029	
736	6.5e-002	6.05e-002	4.8638e-029	
737	6.e-002	6.05e-002	4.8638e-029	
738	5.5e-002	6.05e-002	4.8638e-029	
739	5.e-002	6.05e-002	4.8638e-029	
740	4.5e-002	6.05e-002	4.8638e-029	
741	4.e-002	6.05e-002	4.8638e-029	
742	3.5e-002	6.05e-002	4.8638e-029	
743	3.e-002	6.05e-002	4.8638e-029	
744	2.5e-002	6.05e-002	4.8638e-029	
745	2.e-002	6.05e-002	4.8638e-029	
746	1.5e-002	6.05e-002	4.8638e-029	
747	1.e-002	6.05e-002	4.8638e-029	
748	5.e-003	6.05e-002	4.8638e-029	
749	1.7347e-018	6.05e-002	4.8638e-029	
750	-5.e-003	6.05e-002	4.8638e-029	
751	6.5e-002	5.55e-002	5.6921e-029	
752	6.e-002	5.55e-002	5.6921e-029	
753	5.5e-002	5.55e-002	5.6921e-029	
754	5.e-002	5.55e-002	5.6921e-029	
755	4.5e-002	5.55e-002	5.6921e-029	
756	4.e-002	5.55e-002	5.6921e-029	
757	3.5e-002	5.55e-002	5.6921e-029	
758	3.e-002	5.55e-002	5.6921e-029	
759	2.5e-002	5.55e-002	5.6921e-029	
760	2.e-002	5.55e-002	5.6921e-029	
761	1.5e-002	5.55e-002	5.6921e-029	
762	1.e-002	5.55e-002	5.6921e-029	
763	5.e-003	5.55e-002	5.6921e-029	
764	8.4568e-018	5.55e-002	5.6921e-029	
765	-5.e-003	5.55e-002	5.6921e-029	
766	6.5e-002	5.05e-002	6.5204e-029	
767	6.e-002	5.05e-002	6.5204e-029	
768	5.5e-002	5.05e-002	6.5204e-029	
769	5.e-002	5.05e-002	6.5204e-029	
770	4.5e-002	5.05e-002	6.5204e-029	
771	4.e-002	5.05e-002	6.5204e-029	
772	3.5e-002	5.05e-002	6.5204e-029	
773	3.e-002	5.05e-002	6.5204e-029	
774	2.5e-002	5.05e-002	6.5204e-029	
775	2.e-002	5.05e-002	6.5204e-029	
776	1.5e-002	5.05e-002	6.5204e-029	
777	1.e-002	5.05e-002	6.5204e-029	
778	5.e-003	5.05e-002	6.5204e-029	
779	-5.3126e-018	5.05e-002	6.5204e-029	
780	-5.e-003	5.05e-002	6.5204e-029	
781	6.5e-002	4.55e-002	7.3487e-029	
782	6.e-002	4.55e-002	7.3487e-029	
783	5.5e-002	4.55e-002	7.3487e-029	
784	5.e-002	4.55e-002	7.3487e-029	
785	4.5e-002	4.55e-002	7.3487e-029	
786	4.e-002	4.55e-002	7.3487e-029	
787	3.5e-002	4.55e-002	7.3487e-029	
788	3.e-002	4.55e-002	7.3487e-029	
789	2.5e-002	4.55e-002	7.3487e-029	
790	2.e-002	4.55e-002	7.3487e-029	
791	1.5e-002	4.55e-002	7.3487e-029	
792	1.e-002	4.55e-002	7.3487e-029	
793	5.e-003	4.55e-002	7.3487e-029	
794	3.1442e-018	4.55e-002	7.3487e-029	
795	-5.e-003	4.55e-002	7.3487e-029	
796	6.5e-002	4.05e-002	8.177e-029	
797	6.e-002	4.05e-002	8.177e-029	
798	5.5e-002	4.05e-002	8.177e-029	
799	5.e-002	4.05e-002	8.177e-029	
800	4.5e-002	4.05e-002	8.177e-029	
801	4.e-002	4.05e-002	8.177e-029	
802	3.5e-002	4.05e-002	8.177e-029	
803	3.e-002	4.05e-002	8.177e-029	
804	2.5e-002	4.05e-002	8.177e-029	
805	2.e-002	4.05e-002	8.177e-029	
806	1.5e-002	4.05e-002	8.177e-029	
807	1.e-002	4.05e-002	8.177e-029	
808	5.e-003	4.05e-002	8.177e-029	
809	3.0358e-018	4.05e-002	8.177e-029	
810	-5.e-003	4.05e-002	8.177e-029	
811	6.5e-002	3.55e-002	9.0053e-029	
812	6.e-002	3.55e-002	9.0053e-029	
813	5.5e-002	3.55e-002	9.0053e-029	
814	5.e-002	3.55e-002	9.0053e-029	
815	4.5e-002	3.55e-002	9.0053e-029	
816	4.e-002	3.55e-002	9.0053e-029	
817	3.5e-002	3.55e-002	9.0053e-029	
818	3.e-002	3.55e-002	9.0053e-029	
819	2.5e-002	3.55e-002	9.0053e-029	
820	2.e-002	3.55e-002	9.0053e-029	
821	1.5e-002	3.55e-002	9.0053e-029	
822	1.e-002	3.55e-002	9.0053e-029	
823	5.e-003	3.55e-002	9.0053e-029	
824	-8.3484e-018	3.55e-002	9.0053e-029	
825	-5.e-003	3.55e-002	9.0053e-029	
826	6.5e-002	3.05e-002	9.8336e-029	
827	6.e-002	3.05e-002	9.8336e-029	
828	5.5e-002	3.05e-002	9.8336e-029	
829	5.e-002	3.05e-002	9.8336e-029	
830	4.5e-002	3.05e-002	9.8336e-029	
831	4.e-002	3.05e-002	9.8336e-029	
832	3.5e-002	3.05e-002	9.8336e-029	
833	3.e-002	3.05e-002	9.8336e-029	
834	2.5e-002	3.05e-002	9.8336e-029	
835	2.e-002	3.05e-002	9.8336e-029	
836	1.5e-002	3.05e-002	9.8336e-029	
837	1.e-002	3.05e-002	9.8336e-029	
838	5.e-003	3.05e-002	9.8336e-029	
839	2.5411e-018	3.05e-002	9.8336e-029	
840	-5.e-003	3.05e-002	9.8336e-029	
841	6.5e-002	2.55e-002	1.0662e-028	
842	6.e-002	2.55e-002	1.0662e-028	
843	5.5e-002	2.55e-002	1.0662e-028	
844	5.e-002	2.55e-002	1.0662e-028	
845	4.5e-002	2.55e-002	1.0662e-028	
846	4.e-002	2.55e-002	1.0662e-028	
847	3.5e-002	2.55e-002	1.0662e-028	
848	3.e-002	2.55e-002	1.0662e-028	
849	2.5e-002	2.55e-002	1.0662e-028	
850	2.e-002	2.55e-002	1.0662e-028	
851	1.5e-002	2.55e-002	1.0662e-028	
852	1.e-002	2.55e-002	1.0662e-028	
853	5.e-003	2.55e-002	1.0662e-028	
854	8.6736e-019	2.55e-002	1.0662e-028	
855	-5.e-003	2.55e-002	1.0662e-028	
856	6.5e-002	2.05e-002	1.149e-028	
857	6.e-002	2.05e-002	1.149e-028	
858	5.5e-002	2.05e-002	1.149e-028	
859	5.e-002	2.05e-002	1.149e-028	
860	4.5e-002	2.05e-002	1.149e-028	
861	4.e-002	2.05e-002	1.149e-028	
862	3.5e-002	2.05e-002	1.149e-028	
863	3.e-002	2.05e-002	1.149e-028	
864	2.5e-002	2.05e-002	1.149e-028	
865	2.e-002	2.05e-002	1.149e-028	
866	1.5e-002	2.05e-002	1.149e-028	
867	1.e-002	2.05e-002	1.149e-028	
868	5.e-003	2.05e-002	1.149e-028	
869	0.	2.05e-002	1.149e-028	
870	-5.e-003	2.05e-002	1.149e-028	
871	6.5e-002	1.55e-002	1.2319e-028	
872	6.e-002	1.55e-002	1.2319e-028	
873	5.5e-002	1.55e-002	1.2319e-028	
874	5.e-002	1.55e-002	1.2319e-028	
875	4.5e-002	1.55e-002	1.2319e-028	
876	4.e-002	1.55e-002	1.2319e-028	
877	3.5e-002	1.55e-002	1.2319e-028	
878	3.e-002	1.55e-002	1.2319e-028	
879	2.5e-002	1.55e-002	1.2319e-028	
880	2.e-002	1.55e-002	1.2319e-028	
881	1.5e-002	1.55e-002	1.2319e-028	
882	1.e-002	1.55e-002	1.2319e-028	
883	5.e-003	1.55e-002	1.2319e-028	
884	3.2216e-018	1.55e-002	1.2319e-028	
885	-5.e-003	1.55e-002	1.2319e-028	
886	6.5e-002	1.05e-002	1.3147e-028	
887	6.e-002	1.05e-002	1.3147e-028	
888	5.5e-002	1.05e-002	1.3147e-028	
889	5.e-002	1.05e-002	1.3147e-028	
890	4.5e-002	1.05e-002	1.3147e-028	
891	4.e-002	1.05e-002	1.3147e-028	
892	3.5e-002	1.05e-002	1.3147e-028	
893	3.e-002	1.05e-002	1.3147e-028	
894	2.5e-002	1.05e-002	1.3147e-028	
895	2.e-002	1.05e-002	1.3147e-028	
896	1.5e-002	1.05e-002	1.3147e-028	
897	1.e-002	1.05e-002	1.3147e-028	
898	5.e-003	1.05e-002	1.3147e-028	
899	-4.6982e-018	1.05e-002	1.3147e-028	
900	-5.e-003	1.05e-002	1.3147e-028	
901	6.5e-002	5.5e-003	1.3975e-028	
902	6.e-002	5.5e-003	1.3975e-028	
903	5.5e-002	5.5e-003	1.3975e-028	
904	5.e-002	5.5e-003	1.3975e-028	
905	4.5e-002	5.5e-003	1.3975e-028	
906	4.e-002	5.5e-003	1.3975e-028	
907	3.5e-002	5.5e-003	1.3975e-028	
908	3.e-002	5.5e-003	1.3975e-028	
909	2.5e-002	5.5e-003	1.3975e-028	
910	2.e-002	5.5e-003	1.3975e-028	
911	1.5e-002	5.5e-003	1.3975e-028	
912	1.e-002	5.5e-003	1.3975e-028	
913	5.e-003	5.5e-003	1.3975e-028	
914	-4.3368e-018	5.5e-003	1.3975e-028	
915	-5.e-003	5.5e-003	1.3975e-028	
916	6.5e-002	5.e-004	1.4803e-028	
917	6.e-002	5.e-004	1.4803e-028	
918	5.5e-002	5.e-004	1.4803e-028	
919	5.e-002	5.e-004	1.4803e-028	
920	4.5e-002	5.e-004	1.4803e-028	
921	4.e-002	5.e-004	1.4803e-028	
922	3.5e-002	5.e-004	1.4803e-028	
923	3.e-002	5.e-004	1.4803e-028	
924	2.5e-002	5.e-004	1.4803e-028	
925	2.e-002	5.e-004	1.4803e-028	
926	1.5e-002	5.e-004	1.4803e-028	
927	1.e-002	5.e-004	1.4803e-028	
928	5.e-003	5.e-004	1.4803e-028	
929	-2.06e-018	5.e-004	1.4803e-028	
930	-5.e-003	5.e-004	1.4803e-028	
931	6.5e-002	-4.5e-003	1.5632e-028	
932	6.e-002	-4.5e-003	1.5632e-028	
933	5.5e-002	-4.5e-003	1.5632e-028	
934	5.e-002	-4.5e-003	1.5632e-028	
935	4.5e-002	-4.5e-003	1.5632e-028	
936	4.e-002	-4.5e-003	1.5632e-028	
937	3.5e-002	-4.5e-003	1.5632e-028	
938	3.e-002	-4.5e-003	1.5632e-028	
939	2.5e-002	-4.5e-003	1.5632e-028	
940	2.e-002	-4.5e-003	1.5632e-028	
941	1.5e-002	-4.5e-003	1.5632e-028	
942	1.e-002	-4.5e-003	1.5632e-028	
943	5.e-003	-4.5e-003	1.5632e-028	
944	3.614e-020	-4.5e-003	1.5632e-028	
945	-5.e-003	-4.5e-003	1.5632e-028	
946	-5.e-003	-4.5e-003	-2.e-003	
947	0.	-4.5e-003	-2.e-003	
948	5.e-003	-4.5e-003	-2.e-003	
949	1.e-002	-4.5e-003	-2.e-003	
950	1.5e-002	-4.5e-003	-2.e-003	
951	2.e-002	-4.5e-003	-2.e-003	
952	2.5e-002	-4.5e-003	-2.e-003	
953	3.e-002	-4.5e-003	-2.e-003	
954	3.5e-002	-4.5e-003	-2.e-003	
955	4.e-002	-4.5e-003	-2.e-003	
956	4.5e-002	-4.5e-003	-2.e-003	
957	5.e-002	-4.5e-003	-2.e-003	
958	5.5e-002	-4.5e-003	-2.e-003	
959	6.e-002	-4.5e-003	-2.e-003	
960	6.5e-002	-4.5e-003	-2.e-003	
961	-5.e-003	5.e-004	-2.e-003	
962	0.	5.e-004	-2.e-003	
963	5.e-003	5.e-004	-2.e-003	
964	1.e-002	5.e-004	-2.e-003	
965	1.5e-002	5.e-004	-2.e-003	
966	2.e-002	5.e-004	-2.e-003	
967	2.5e-002	5.e-004	-2.e-003	
968	3.e-002	5.e-004	-2.e-003	
969	3.5e-002	5.e-004	-2.e-003	
970	4.e-002	5.e-004	-2.e-003	
971	4.5e-002	5.e-004	-2.e-003	
972	5.e-002	5.e-004	-2.e-003	
973	5.5e-002	5.e-004	-2.e-003	
974	6.e-002	5.e-004	-2.e-003	
975	6.5e-002	5.e-004	-2.e-003	
976	-5.e-003	5.5e-003	-2.e-003	
977	0.	5.5e-003	-2.e-003	
978	5.e-003	5.5e-003	-2.e-003	
979	1.e-002	5.5e-003	-2.e-003	
980	1.5e-002	5.5e-003	-2.e-003	
981	2.e-002	5.5e-003	-2.e-003	
982	2.5e-002	5.5e-003	-2.e-003	
983	3.e-002	5.5e-003	-2.e-003	
984	3.5e-002	5.5e-003	-2.e-003	
985	4.e-002	5.5e-003	-2.e-003	
986	4.5e-002	5.5e-003	-2.e-003	
987	5.e-002	5.5e-003	-2.e-003	
988	5.5e-002	5.5e-003	-2.e-003	
989	6.e-002	5.5e-003	-2.e-003	
990	6.5e-002	5.5e-003	-2.e-003	
991	-5.e-003	1.05e-002	-2.e-003	
992	0.	1.05e-002	-2.e-003	
993	5.e-003	1.05e-002	-2.e-003	
994	1.e-002	1.05e-002	-2.e-003	
995	1.5e-002	1.05e-002	-2.e-003	
996	2.e-002	1.05e-002	-2.e-003	
997	2.5e-002	1.05e-002	-2.e-003	
998	3.e-002	1.05e-002	-2.e-003	
999	3.5e-002	1.05e-002	-2.e-003	
1000	4.e-002	1.05e-002	-2.e-003	
1001	4.5e-002	1.05e-002	-2.e-003	
1002	5.e-002	1.05e-002	-2.e-003	
1003	5.5e-002	1.05e-002	-2.e-003	
1004	6.e-002	1.05e-002	-2.e-003	
1005	6.5e-002	1.05e-002	-2.e-003	
1006	-5.e-003	1.55e-002	-2.e-003	
1007	0.	1.55e-002	-2.e-003	
1008	5.e-003	1.55e-002	-2.e-003	
1009	1.e-002	1.55e-002	-2.e-003	
1010	1.5e-002	1.55e-002	-2.e-003	
1011	2.e-002	1.55e-002	-2.e-003	
1012	2.5e-002	1.55e-002	-2.e-003	
1013	3.e-002	1.55e-002	-2.e-003	
1014	3.5e-002	1.55e-002	-2.e-003	
1015	4.e-002	1.55e-002	-2.e-003	
1016	4.5e-002	1.55e-002	-2.e-003	
1017	5.e-002	1.55e-002	-2.e-003	
1018	5.5e-002	1.55e-002	-2.e-003	
1019	6.e-002	1.55e-002	-2.e-003	
1020	6.5e-002	1.55e-002	-2.e-003	
1021	-5.e-003	2.05e-002	-2.e-003	
1022	0.	2.05e-002	-2.e-003	
1023	5.e-003	2.05e-002	-2.e-003	
1024	1.e-002	2.05e-002	-2.e-003	
1025	1.5e-002	2.05e-002	-2.e-003	
1026	2.e-002	2.05e-002	-2.e-003	
1027	2.5e-002	2.05e-002	-2.e-003	
1028	3.e-002	2.05e-002	-2.e-003	
1029	3.5e-002	2.05e-002	-2.e-003	
1030	4.e-002	2.05e-002	-2.e-003	
1031	4.5e-002	2.05e-002	-2.e-003	
1032	5.e-002	2.05e-002	-2.e-003	
1033	5.5e-002	2.05e-002	-2.e-003	
1034	6.e-002	2.05e-002	-2.e-003	
1035	6.5e-002	2.05e-002	-2.e-003	
1036	-5.e-003	2.55e-002	-2.e-003	
1037	0.	2.55e-002	-2.e-003	
1038	5.e-003	2.55e-002	-2.e-003	
1039	1.e-002	2.55e-002	-2.e-003	
1040	1.5e-002	2.55e-002	-2.e-003	
1041	2.e-002	2.55e-002	-2.e-003	
1042	2.5e-002	2.55e-002	-2.e-003	
1043	3.e-002	2.55e-002	-2.e-003	
1044	3.5e-002	2.55e-002	-2.e-003	
1045	4.e-002	2.55e-002	-2.e-003	
1046	4.5e-002	2.55e-002	-2.e-003	
1047	5.e-002	2.55e-002	-2.e-003	
1048	5.5e-002	2.55e-002	-2.e-003	
1049	6.e-002	2.55e-002	-2.e-003	
1050	6.5e-002	2.55e-002	-2.e-003	
1051	-5.e-003	3.05e-002	-2.e-003	
1052	0.	3.05e-002	-2.e-003	
1053	5.e-003	3.05e-002	-2.e-003	
1054	1.e-002	3.05e-002	-2.e-003	
1055	1.5e-002	3.05e-002	-2.e-003	
1056	2.e-002	3.05e-002	-2.e-003	
1057	2.5e-002	3.05e-002	-2.e-003	
1058	3.e-002	3.05e-002	-2.e-003	
1059	3.5e-002	3.05e-002	-2.e-003	
1060	4.e-002	3.05e-002	-2.e-003	
1061	4.5e-002	3.05e-002	-2.e-003	
1062	5.e-002	3.05e-002	-2.e-003	
1063	5.5e-002	3.05e-002	-2.e-003	
1064	6.e-002	3.05e-002	-2.e-003	
1065	6.5e-002	3.05e-002	-2.e-003	
1066	-5.e-003	3.55e-002	-2.e-003	
1067	0.	3.55e-002	-2.e-003	
1068	5.e-003	3.55e-002	-2.e-003	
1069	1.e-002	3.55e-002	-2.e-003	
1070	1.5e-002	3.55e-002	-2.e-003	
1071	2.e-002	3.55e-002	-2.e-003	
1072	2.5e-002	3.55e-002	-2.e-003	
1073	3.e-002	3.55e-002	-2.e-003	
1074	3.5e-002	3.55e-002	-2.e-003	
1075	4.e-002	3.55e-002	-2.e-003	
1076	4.5e-002	3.55e-002	-2.e-003	
1077	5.e-002	3.55e-002	-2.e-003	
1078	5.5e-002	3.55e-002	-2.e-003	
1079	6.e-002	3.55e-002	-2.e-003	
1080	6.5e-002	3.55e-002	-2.e-003	
1081	-5.e-003	4.05e-002	-2.e-003	
1082	0.	4.05e-002	-2.e-003	
1083	5.e-003	4.05e-002	-2.e-003	
1084	1.e-002	4.05e-002	-2.e-003	
1085	1.5e-002	4.05e-002	-2.e-003	
1086	2.e-002	4.05e-002	-2.e-003	
1087	2.5e-002	4.05e-002	-2.e-003	
1088	3.e-002	4.05e-002	-2.e-003	
1089	3.5e-002	4.05e-002	-2.e-003	
1090	4.e-002	4.05e-002	-2.e-003	
1091	4.5e-002	4.05e-002	-2.e-003	
1092	5.e-002	4.05e-002	-2.e-003	
1093	5.5e-002	4.05e-002	-2.e-003	
1094	6.e-002	4.05e-002	-2.e-003	
1095	6.5e-002	4.05e-002	-2.e-003	
1096	-5.e-003	4.55e-002	-2.e-003	
1097	0.	4.55e-002	-2.e-003	
1098	5.e-003	4.55e-002	-2.e-003	
1099	1.e-002	4.55e-002	-2.e-003	
1100	1.5e-002	4.55e-002	-2.e-003	
1101	2.e-002	4.55e-002	-2.e-003	
1102	2.5e-002	4.55e-002	-2.e-003	
1103	3.e-002	4.55e-002	-2.e-003	
1104	3.5e-002	4.55e-002	-2.e-003	
1105	4.e-002	4.55e-002	-2.e-003	
1106	4.5e-002	4.55e-002	-2.e-003	
1107	5.e-002	4.55e-002	-2.e-003	
1108	5.5e-002	4.55e-002	-2.e-003	
1109	6.e-002	4.55e-002	-2.e-003	
1110	6.5e-002	4.55e-002	-2.e-003	
1111	-5.e-003	5.05e-002	-2.e-003	
1112	0.	5.05e-002	-2.e-003	
1113	5.e-003	5.05e-002	-2.e-003	
1114	1.e-002	5.05e-002	-2.e-003	
1115	1.5e-002	5.05e-002	-2.e-003	
1116	2.e-002	5.05e-002	-2.e-003	
1117	2.5e-002	5.05e-002	-2.e-003	
1118	3.e-002	5.05e-002	-2.e-003	
1119	3.5e-002	5.05e-002	-2.e-003	
1120	4.e-002	5.05e-002	-2.e-003	
1121	4.5e-002	5.05e-002	-2.e-003	
1122	5.e-002	5.05e-002	-2.e-003	
1123	5.5e-002	5.05e-002	-2.e-003	
1124	6.e-002	5.05e-002	-2.e-003	
1125	6.5e-002	5.05e-002	-2.e-003	
1126	-5.e-003	5.55e-002	-2.e-003	
1127	0.	5.55e-002	-2.e-003	
1128	5.e-003	5.55e-002	-2.e-003	
1129	1.e-002	5.55e-002	-2.e-003	
1130	1.5e-002	5.55e-002	-2.e-003	
1131	2.e-002	5.55e-002	-2.e-003	
1132	2.5e-002	5.55e-002	-2.e-003	
1133	3.e-002	5.55e-002	-2.e-003	
1134	3.5e-002	5.55e-002	-2.e-003	
1135	4.e-002	5.55e-002	-2.e-003	
1136	4.5e-002	5.55e-002	-2.e-003	
1137	5.e-002	5.55e-002	-2.e-003	
1138	5.5e-002	5.55e-002	-2.e-003	
1139	6.e-002	5.55e-002	-2.e-003	
1140	6.5e-002	5.55e-002	-2.e-003	
1141	-5.e-003	6.05e-002	-2.e-003	
1142	0.	6.05e-002	-2.e-003	
1143	5.e-003	6.05e-002	-2.e-003	
1144	1.e-002	6.05e-002	-2.e-003	
1145	1.5e-002	6.05e-002	-2.e-003	
1146	2.e-002	6.05e-002	-2.e-003	
1147	2.5e-002	6.05e-002	-2.e-003	
1148	3.e-002	6.05e-002	-2.e-003	
1149	3.5e-002	6.05e-002	-2.e-003	
1150	4.e-002	6.05e-002	-2.e-003	
1151	4.5e-002	6.05e-002	-2.e-003	
1152	5.e-002	6.05e-002	-2.e-003	
1153	5.5e-002	6.05e-002	-2.e-003	
1154	6.e-002	6.05e-002	-2.e-003	
1155	6.5e-002	6.05e-002	-2.e-003	
1156	-5.e-003	6.55e-002	-2.e-003	
1157	0.	6.55e-002	-2.e-003	
1158	5.e-003	6.55e-002	-2.e-003	
1159	1.e-002	6.55e-002	-2.e-003	
1160	1.5e-002	6.55e-002	-2.e-003	
1161	2.e-002	6.55e-002	-2.e-003	
1162	2.5e-002	6.55e-002	-2.e-003	
1163	3.e-002	6.55e-002	-2.e-003	
1164	3.5e-002	6.55e-002	-2.e-003	
1165	4.e-002	6.55e-002	-2.e-003	
1166	4.5e-002	6.55e-002	-2.e-003	
1167	5.e-002	6.55e-002	-2.e-003	
1168	5.5e-002	6.55e-002	-2.e-003	
1169	6.e-002	6.55e-002	-2.e-003	
1170	6.5e-002	6.55e-002	-2.e-003	
1171	-5.e-003	7.05e-002	-2.e-003	
1172	0.	7.05e-002	-2.e-003	
1173	5.e-003	7.05e-002	-2.e-003	
1174	1.e-002	7.05e-002	-2.e-003	
1175	1.5e-002	7.05e-002	-2.e-003	
1176	2.e-002	7.05e-002	-2.e-003	
1177	2.5e-002	7.05e-002	-2.e-003	
1178	3.e-002	7.05e-002	-2.e-003	
1179	3.5e-002	7.05e-002	-2.e-003	
1180	4.e-002	7.05e-002	-2.e-003	
1181	4.5e-002	7.05e-002	-2.e-003	
1182	5.e-002	7.05e-002	-2.e-003	
1183	5.5e-002	7.05e-002	-2.e-003	
1184	6.e-002	7.05e-002	-2.e-003	
1185	6.5e-002	7.05e-002	-2.e-003	
1186	-5.e-003	7.55e-002	-2.e-003	
1187	0.	7.55e-002	-2.e-003	
1188	5.e-003	7.55e-002	-2.e-003	
1189	1.e-002	7.55e-002	-2.e-003	
1190	1.5e-002	7.55e-002	-2.e-003	
1191	2.e-002	7.55e-002	-2.e-003	
1192	2.5e-002	7.55e-002	-2.e-003	
1193	3.e-002	7.55e-002	-2.e-003	
1194	3.5e-002	7.55e-002	-2.e-003	
1195	4.e-002	7.55e-002	-2.e-003	
1196	4.5e-002	7.55e-002	-2.e-003	
1197	5.e-002	7.55e-002	-2.e-003	
1198	5.5e-002	7.55e-002	-2.e-003	
1199	6.e-002	7.55e-002	-2.e-003	
1200	6.5e-002	7.55e-002	-2.e-003	
1201	-5.e-003	8.05e-002	-2.e-003	
1202	0.	8.05e-002	-2.e-003	
1203	5.e-003	8.05e-002	-2.e-003	
1204	1.e-002	8.05e-002	-2.e-003	
1205	1.5e-002	8.05e-002	-2.e-003	
1206	2.e-002	8.05e-002	-2.e-003	
1207	2.5e-002	8.05e-002	-2.e-003	
1208	3.e-002	8.05e-002	-2.e-003	
1209	3.5e-002	8.05e-002	-2.e-003	
1210	4.e-002	8.05e-002	-2.e-003	
1211	4.5e-002	8.05e-002	-2.e-003	
1212	5.e-002	8.05e-002	-2.e-003	
1213	5.5e-002	8.05e-002	-2.e-003	
1214	6.e-002	8.05e-002	-2.e-003	
1215	6.5e-002	8.05e-002	-2.e-003	
1216	-5.e-003	8.55e-002	-2.e-003	
1217	0.	8.55e-002	-2.e-003	
1218	5.e-003	8.55e-002	-2.e-003	
1219	1.e-002	8.55e-002	-2.e-003	
1220	1.5e-002	8.55e-002	-2.e-003	
1221	2.e-002	8.55e-002	-2.e-003	
1222	2.5e-002	8.55e-002	-2.e-003	
1223	3.e-002	8.55e-002	-2.e-003	
1224	3.5e-002	8.55e-002	-2.e-003	
1225	4.e-002	8.55e-002	-2.e-003	
1226	4.5e-002	8.55e-002	-2.e-003	
1227	5.e-002	8.55e-002	-2.e-003	
1228	5.5e-002	8.55e-002	-2.e-003	
1229	6.e-002	8.55e-002	-2.e-003	
1230	6.5e-002	8.55e-002	-2.e-003	
1231	-5.e-003	9.05e-002	-2.e-003	
1232	0.	9.05e-002	-2.e-003	
1233	5.e-003	9.05e-002	-2.e-003	
1234	1.e-002	9.05e-002	-2.e-003	
1235	1.5e-002	9.05e-002	-2.e-003	
1236	2.e-002	9.05e-002	-2.e-003	
1237	2.5e-002	9.05e-002	-2.e-003	
1238	3.e-002	9.05e-002	-2.e-003	
1239	3.5e-002	9.05e-002	-2.e-003	
1240	4.e-002	9.05e-002	-2.e-003	
1241	4.5e-002	9.05e-002	-2.e-003	
1242	5.e-002	9.05e-002	-2.e-003	
1243	5.5e-002	9.05e-002	-2.e-003	
1244	6.e-002	9.05e-002	-2.e-003	
1245	6.5e-002	9.05e-002	-2.e-003	
1246	-5.e-003	9.55e-002	-2.e-003	
1247	0.	9.55e-002	-2.e-003	
1248	5.e-003	9.55e-002	-2.e-003	
1249	1.e-002	9.55e-002	-2.e-003	
1250	1.5e-002	9.55e-002	-2.e-003	
1251	2.e-002	9.55e-002	-2.e-003	
1252	2.5e-002	9.55e-002	-2.e-003	
1253	3.e-002	9.55e-002	-2.e-003	
1254	3.5e-002	9.55e-002	-2.e-003	
1255	4.e-002	9.55e-002	-2.e-003	
1256	4.5e-002	9.55e-002	-2.e-003	
1257	5.e-002	9.55e-002	-2.e-003	
1258	5.5e-002	9.55e-002	-2.e-003	
1259	6.e-002	9.55e-002	-2.e-003	
1260	6.5e-002	9.55e-002	-2.e-003	
1261	-5.e-003	0.1005	-2.e-003	
1262	0.	0.1005	-2.e-003	
1263	5.e-003	0.1005	-2.e-003	
1264	1.e-002	0.1005	-2.e-003	
1265	1.5e-002	0.1005	-2.e-003	
1266	2.e-002	0.1005	-2.e-003	
1267	2.5e-002	0.1005	-2.e-003	
1268	3.e-002	0.1005	-2.e-003	
1269	3.5e-002	0.1005	-2.e-003	
1270	4.e-002	0.1005	-2.e-003	
1271	4.5e-002	0.1005	-2.e-003	
1272	5.e-002	0.1005	-2.e-003	
1273	5.5e-002	0.1005	-2.e-003	
1274	6.e-002	0.1005	-2.e-003	
1275	6.5e-002	0.1005	-2.e-003	
1276	-5.e-003	0.1055	-2.e-003	
1277	0.	0.1055	-2.e-003	
1278	5.e-003	0.1055	-2.e-003	
1279	1.e-002	0.1055	-2.e-003	
1280	1.5e-002	0.1055	-2.e-003	
1281	2.e-002	0.1055	-2.e-003	
1282	2.5e-002	0.1055	-2.e-003	
1283	3.e-002	0.1055	-2.e-003	
1284	3.5e-002	0.1055	-2.e-003	
1285	4.e-002	0.1055	-2.e-003	
1286	4.5e-002	0.1055	-2.e-003	
1287	5.e-002	0.1055	-2.e-003	
1288	5.5e-002	0.1055	-2.e-003	
1289	6.e-002	0.1055	-2.e-003	
1290	6.5e-002	0.1055	-2.e-003	
1291	-5.e-003	0.1105	-2.e-003	
1292	0.	0.1105	-2.e-003	
1293	5.e-003	0.1105	-2.e-003	
1294	1.e-002	0.1105	-2.e-003	
1295	1.5e-002	0.1105	-2.e-003	
1296	2.e-002	0.1105	-2.e-003	
1297	2.5e-002	0.1105	-2.e-003	
1298	3.e-002	0.1105	-2.e-003	
1299	3.5e-002	0.1105	-2.e-003	
1300	4.e-002	0.1105	-2.e-003	
1301	4.5e-002	0.1105	-2.e-003	
1302	5.e-002	0.1105	-2.e-003	
1303	5.5e-002	0.1105	-2.e-003	
1304	6.e-002	0.1105	-2.e-003	
1305	6.5e-002	0.1105	-2.e-003	
1306	-5.e-003	0.1155	-2.e-003	
1307	0.	0.1155	-2.e-003	
1308	5.e-003	0.1155	-2.e-003	
1309	1.e-002	0.1155	-2.e-003	
1310	1.5e-002	0.1155	-2.e-003	
1311	2.e-002	0.1155	-2.e-003	
1312	2.5e-002	0.1155	-2.e-003	
1313	3.e-002	0.1155	-2.e-003	
1314	3.5e-002	0.1155	-2.e-003	
1315	4.e-002	0.1155	-2.e-003	
1316	4.5e-002	0.1155	-2.e-003	
1317	5.e-002	0.1155	-2.e-003	
1318	5.5e-002	0.1155	-2.e-003	
1319	6.e-002	0.1155	-2.e-003	
1320	6.5e-002	0.1155	-2.e-003	
1321	-5.e-003	0.1205	-2.e-003	
1322	0.	0.1205	-2.e-003	
1323	5.e-003	0.1205	-2.e-003	
1324	1.e-002	0.1205	-2.e-003	
1325	1.5e-002	0.1205	-2.e-003	
1326	2.e-002	0.1205	-2.e-003	
1327	2.5e-002	0.1205	-2.e-003	
1328	3.e-002	0.1205	-2.e-003	
1329	3.5e-002	0.1205	-2.e-003	
1330	4.e-002	0.1205	-2.e-003	
1331	4.5e-002	0.1205	-2.e-003	
1332	5.e-002	0.1205	-2.e-003	
1333	5.5e-002	0.1205	-2.e-003	
1334	6.e-002	0.1205	-2.e-003	
1335	6.5e-002	0.1205	-2.e-003	
1336	-5.e-003	0.1255	-2.e-003	
1337	0.	0.1255	-2.e-003	
1338	5.e-003	0.1255	-2.e-003	
1339	1.e-002	0.1255	-2.e-003	
1340	1.5e-002	0.1255	-2.e-003	
1341	2.e-002	0.1255	-2.e-003	
1342	2.5e-002	0.1255	-2.e-003	
1343	3.e-002	0.1255	-2.e-003	
1344	3.5e-002	0.1255	-2.e-003	
1345	4.e-002	0.1255	-2.e-003	
1346	4.5e-002	0.1255	-2.e-003	
1347	5.e-002	0.1255	-2.e-003	
1348	5.5e-002	0.1255	-2.e-003	
1349	6.e-002	0.1255	-2.e-003	
1350	6.5e-002	0.1255	-2.e-003	
1351	-5.e-003	0.1305	-2.e-003	
1352	0.	0.1305	-2.e-003	
1353	5.e-003	0.1305	-2.e-003	
1354	1.e-002	0.1305	-2.e-003	
1355	1.5e-002	0.1305	-2.e-003	
1356	2.e-002	0.1305	-2.e-003	
1357	2.5e-002	0.1305	-2.e-003	
1358	3.e-002	0.1305	-2.e-003	
1359	3.5e-002	0.1305	-2.e-003	
1360	4.e-002	0.1305	-2.e-003	
1361	4.5e-002	0.1305	-2.e-003	
1362	5.e-002	0.1305	-2.e-003	
1363	5.5e-002	0.1305	-2.e-003	
1364	6.e-002	0.1305	-2.e-003	
1365	6.5e-002	0.1305	-2.e-003	
1366	-5.e-003	0.1355	-2.e-003	
1367	0.	0.1355	-2.e-003	
1368	5.e-003	0.1355	-2.e-003	
1369	1.e-002	0.1355	-2.e-003	
1370	1.5e-002	0.1355	-2.e-003	
1371	2.e-002	0.1355	-2.e-003	
1372	2.5e-002	0.1355	-2.e-003	
1373	3.e-002	0.1355	-2.e-003	
1374	3.5e-002	0.1355	-2.e-003	
1375	4.e-002	0.1355	-2.e-003	
1376	4.5e-002	0.1355	-2.e-003	
1377	5.e-002	0.1355	-2.e-003	
1378	5.5e-002	0.1355	-2.e-003	
1379	6.e-002	0.1355	-2.e-003	
1380	6.5e-002	0.1355	-2.e-003	
1381	-5.e-003	0.1405	-2.e-003	
1382	0.	0.1405	-2.e-003	
1383	5.e-003	0.1405	-2.e-003	
1384	1.e-002	0.1405	-2.e-003	
1385	1.5e-002	0.1405	-2.e-003	
1386	2.e-002	0.1405	-2.e-003	
1387	2.5e-002	0.1405	-2.e-003	
1388	3.e-002	0.1405	-2.e-003	
1389	3.5e-002	0.1405	-2.e-003	
1390	4.e-002	0.1405	-2.e-003	
1391	4.5e-002	0.1405	-2.e-003	
1392	5.e-002	0.1405	-2.e-003	
1393	5.5e-002	0.1405	-2.e-003	
1394	6.e-002	0.1405	-2.e-003	
1395	6.5e-002	0.1405	-2.e-003	
1396	-5.e-003	0.1455	-2.e-003	
1397	0.	0.1455	-2.e-003	
1398	5.e-003	0.1455	-2.e-003	
1399	1.e-002	0.1455	-2.e-003	
1400	1.5e-002	0.1455	-2.e-003	
1401	2.e-002	0.1455	-2.e-003	
1402	2.5e-002	0.1455	-2.e-003	
1403	3.e-002	0.1455	-2.e-003	
1404	3.5e-002	0.1455	-2.e-003	
1405	4.e-002	0.1455	-2.e-003	
1406	4.5e-002	0.1455	-2.e-003	
1407	5.e-002	0.1455	-2.e-003	
1408	5.5e-002	0.1455	-2.e-003	
1409	6.e-002	0.1455	-2.e-003	
1410	6.5e-002	0.1455	-2.e-003	
1411	-5.e-003	0.1505	-2.e-003	
1412	0.	0.1505	-2.e-003	
1413	5.e-003	0.1505	-2.e-003	
1414	1.e-002	0.1505	-2.e-003	
1415	1.5e-002	0.1505	-2.e-003	
1416	2.e-002	0.1505	-2.e-003	
1417	2.5e-002	0.1505	-2.e-003	
1418	3.e-002	0.1505	-2.e-003	
1419	3.5e-002	0.1505	-2.e-003	
1420	4.e-002	0.1505	-2.e-003	
1421	4.5e-002	0.1505	-2.e-003	
1422	5.e-002	0.1505	-2.e-003	
1423	5.5e-002	0.1505	-2.e-003	
1424	6.e-002	0.1505	-2.e-003	
1425	6.5e-002	0.1505	-2.e-003	
1426	-5.e-003	0.1555	-2.e-003	
1427	0.	0.1555	-2.e-003	
1428	5.e-003	0.1555	-2.e-003	
1429	1.e-002	0.1555	-2.e-003	
1430	1.5e-002	0.1555	-2.e-003	
1431	2.e-002	0.1555	-2.e-003	
1432	2.5e-002	0.1555	-2.e-003	
1433	3.e-002	0.1555	-2.e-003	
1434	3.5e-002	0.1555	-2.e-003	
1435	4.e-002	0.1555	-2.e-003	
1436	4.5e-002	0.1555	-2.e-003	
1437	5.e-002	0.1555	-2.e-003	
1438	5.5e-002	0.1555	-2.e-003	
1439	6.e-002	0.1555	-2.e-003	
1440	6.5e-002	0.1555	-2.e-003	
1441	-5.e-003	0.1605	-2.e-003	
1442	0.	0.1605	-2.e-003	
1443	5.e-003	0.1605	-2.e-003	
1444	1.e-002	0.1605	-2.e-003	
1445	1.5e-002	0.1605	-2.e-003	
1446	2.e-002	0.1605	-2.e-003	
1447	2.5e-002	0.1605	-2.e-003	
1448	3.e-002	0.1605	-2.e-003	
1449	3.5e-002	0.1605	-2.e-003	
1450	4.e-002	0.1605	-2.e-003	
1451	4.5e-002	0.1605	-2.e-003	
1452	5.e-002	0.1605	-2.e-003	
1453	5.5e-002	0.1605	-2.e-003	
1454	6.e-002	0.1605	-2.e-003	
1455	6.5e-002	0.1605	-2.e-003	
1456	-5.e-003	0.1655	-2.e-003	
1457	0.	0.1655	-2.e-003	
1458	5.e-003	0.1655	-2.e-003	
1459	1.e-002	0.1655	-2.e-003	
1460	1.5e-002	0.1655	-2.e-003	
1461	2.e-002	0.1655	-2.e-003	
1462	2.5e-002	0.1655	-2.e-003	
1463	3.e-002	0.1655	-2.e-003	
1464	3.5e-002	0.1655	-2.e-003	
1465	4.e-002	0.1655	-2.e-003	
1466	4.5e-002	0.1655	-2.e-003	
1467	5.e-002	0.1655	-2.e-003	
1468	5.5e-002	0.1655	-2.e-003	
1469	6.e-002	0.1655	-2.e-003	
1470	6.5e-002	0.1655	-2.e-003	
1471	-5.e-003	0.1705	-2.e-003	
1472	0.	0.1705	-2.e-003	
1473	5.e-003	0.1705	-2.e-003	
1474	1.e-002	0.1705	-2.e-003	
1475	1.5e-002	0.1705	-2.e-003	
1476	2.e-002	0.1705	-2.e-003	
1477	2.5e-002	0.1705	-2.e-003	
1478	3.e-002	0.1705	-2.e-003	
1479	3.5e-002	0.1705	-2.e-003	
1480	4.e-002	0.1705	-2.e-003	
1481	4.5e-002	0.1705	-2.e-003	
1482	5.e-002	0.1705	-2.e-003	
1483	5.5e-002	0.1705	-2.e-003	
1484	6.e-002	0.1705	-2.e-003	
1485	6.5e-002	0.1705	-2.e-003	
1486	-5.e-003	0.1755	-2.e-003	
1487	0.	0.1755	-2.e-003	
1488	5.e-003	0.1755	-2.e-003	
1489	1.e-002	0.1755	-2.e-003	
1490	1.5e-002	0.1755	-2.e-003	
1491	2.e-002	0.1755	-2.e-003	
1492	2.5e-002	0.1755	-2.e-003	
1493	3.e-002	0.1755	-2.e-003	
1494	3.5e-002	0.1755	-2.e-003	
1495	4.e-002	0.1755	-2.e-003	
1496	4.5e-002	0.1755	-2.e-003	
1497	5.e-002	0.1755	-2.e-003	
1498	5.5e-002	0.1755	-2.e-003	
1499	6.e-002	0.1755	-2.e-003	
1500	6.5e-002	0.1755	-2.e-003	
1501	-5.e-003	0.1805	-2.e-003	
1502	0.	0.1805	-2.e-003	
1503	5.e-003	0.1805	-2.e-003	
1504	1.e-002	0.1805	-2.e-003	
1505	1.5e-002	0.1805	-2.e-003	
1506	2.e-002	0.1805	-2.e-003	
1507	2.5e-002	0.1805	-2.e-003	
1508	3.e-002	0.1805	-2.e-003	
1509	3.5e-002	0.1805	-2.e-003	
1510	4.e-002	0.1805	-2.e-003	
1511	4.5e-002	0.1805	-2.e-003	
1512	5.e-002	0.1805	-2.e-003	
1513	5.5e-002	0.1805	-2.e-003	
1514	6.e-002	0.1805	-2.e-003	
1515	6.5e-002	0.1805	-2.e-003	
1516	-5.e-003	0.1855	-2.e-003	
1517	0.	0.1855	-2.e-003	
1518	5.e-003	0.1855	-2.e-003	
1519	1.e-002	0.1855	-2.e-003	
1520	1.5e-002	0.1855	-2.e-003	
1521	2.e-002	0.1855	-2.e-003	
1522	2.5e-002	0.1855	-2.e-003	
1523	3.e-002	0.1855	-2.e-003	
1524	3.5e-002	0.1855	-2.e-003	
1525	4.e-002	0.1855	-2.e-003	
1526	4.5e-002	0.1855	-2.e-003	
1527	5.e-002	0.1855	-2.e-003	
1528	5.5e-002	0.1855	-2.e-003	
1529	6.e-002	0.1855	-2.e-003	
1530	6.5e-002	0.1855	-2.e-003	
1531	-5.e-003	0.1905	-2.e-003	
1532	0.	0.1905	-2.e-003	
1533	5.e-003	0.1905	-2.e-003	
1534	1.e-002	0.1905	-2.e-003	
1535	1.5e-002	0.1905	-2.e-003	
1536	2.e-002	0.1905	-2.e-003	
1537	2.5e-002	0.1905	-2.e-003	
1538	3.e-002	0.1905	-2.e-003	
1539	3.5e-002	0.1905	-2.e-003	
1540	4.e-002	0.1905	-2.e-003	
1541	4.5e-002	0.1905	-2.e-003	
1542	5.e-002	0.1905	-2.e-003	
1543	5.5e-002	0.1905	-2.e-003	
1544	6.e-002	0.1905	-2.e-003	
1545	6.5e-002	0.1905	-2.e-003	
1546	-5.e-003	0.1955	-2.e-003	
1547	0.	0.1955	-2.e-003	
1548	5.e-003	0.1955	-2.e-003	
1549	1.e-002	0.1955	-2.e-003	
1550	1.5e-002	0.1955	-2.e-003	
1551	2.e-002	0.1955	-2.e-003	
1552	2.5e-002	0.1955	-2.e-003	
1553	3.e-002	0.1955	-2.e-003	
1554	3.5e-002	0.1955	-2.e-003	
1555	4.e-002	0.1955	-2.e-003	
1556	4.5e-002	0.1955	-2.e-003	
1557	5.e-002	0.1955	-2.e-003	
1558	5.5e-002	0.1955	-2.e-003	
1559	6.e-002	0.1955	-2.e-003	
1560	6.5e-002	0.1955	-2.e-003	
1561	-5.e-003	0.2005	-2.e-003	
1562	0.	0.2005	-2.e-003	
1563	5.e-003	0.2005	-2.e-003	
1564	1.e-002	0.2005	-2.e-003	
1565	1.5e-002	0.2005	-2.e-003	
1566	2.e-002	0.2005	-2.e-003	
1567	2.5e-002	0.2005	-2.e-003	
1568	3.e-002	0.2005	-2.e-003	
1569	3.5e-002	0.2005	-2.e-003	
1570	4.e-002	0.2005	-2.e-003	
1571	4.5e-002	0.2005	-2.e-003	
1572	5.e-002	0.2005	-2.e-003	
1573	5.5e-002	0.2005	-2.e-003	
1574	6.e-002	0.2005	-2.e-003	
1575	6.5e-002	0.2005	-2.e-003	
1576	-5.e-003	0.2055	-2.e-003	
1577	0.	0.2055	-2.e-003	
1578	5.e-003	0.2055	-2.e-003	
1579	1.e-002	0.2055	-2.e-003	
1580	1.5e-002	0.2055	-2.e-003	
1581	2.e-002	0.2055	-2.e-003	
1582	2.5e-002	0.2055	-2.e-003	
1583	3.e-002	0.2055	-2.e-003	
1584	3.5e-002	0.2055	-2.e-003	
1585	4.e-002	0.2055	-2.e-003	
1586	4.5e-002	0.2055	-2.e-003	
1587	5.e-002	0.2055	-2.e-003	
1588	5.5e-002	0.2055	-2.e-003	
1589	6.e-002	0.2055	-2.e-003	
1590	6.5e-002	0.2055	-2.e-003	
1591	-5.e-003	0.2105	-2.e-003	
1592	0.	0.2105	-2.e-003	
1593	5.e-003	0.2105	-2.e-003	
1594	1.e-002	0.2105	-2.e-003	
1595	1.5e-002	0.2105	-2.e-003	
1596	2.e-002	0.2105	-2.e-003	
1597	2.5e-002	0.2105	-2.e-003	
1598	3.e-002	0.2105	-2.e-003	
1599	3.5e-002	0.2105	-2.e-003	
1600	4.e-002	0.2105	-2.e-003	
1601	4.5e-002	0.2105	-2.e-003	
1602	5.e-002	0.2105	-2.e-003	
1603	5.5e-002	0.2105	-2.e-003	
1604	6.e-002	0.2105	-2.e-003	
1605	6.5e-002	0.2105	-2.e-003	
1606	-5.e-003	0.2155	-2.e-003	
1607	0.	0.2155	-2.e-003	
1608	5.e-003	0.2155	-2.e-003	
1609	1.e-002	0.2155	-2.e-003	
1610	1.5e-002	0.2155	-2.e-003	
1611	2.e-002	0.2155	-2.e-003	
1612	2.5e-002	0.2155	-2.e-003	
1613	3.e-002	0.2155	-2.e-003	
1614	3.5e-002	0.2155	-2.e-003	
1615	4.e-002	0.2155	-2.e-003	
1616	4.5e-002	0.2155	-2.e-003	
1617	5.e-002	0.2155	-2.e-003	
1618	5.5e-002	0.2155	-2.e-003	
1619	6.e-002	0.2155	-2.e-003	
1620	6.5e-002	0.2155	-2.e-003	
1621	-5.e-003	0.2205	-2.e-003	
1622	0.	0.2205	-2.e-003	
1623	5.e-003	0.2205	-2.e-003	
1624	1.e-002	0.2205	-2.e-003	
1625	1.5e-002	0.2205	-2.e-003	
1626	2.e-002	0.2205	-2.e-003	
1627	2.5e-002	0.2205	-2.e-003	
1628	3.e-002	0.2205	-2.e-003	
1629	3.5e-002	0.2205	-2.e-003	
1630	4.e-002	0.2205	-2.e-003	
1631	4.5e-002	0.2205	-2.e-003	
1632	5.e-002	0.2205	-2.e-003	
1633	5.5e-002	0.2205	-2.e-003	
1634	6.e-002	0.2205	-2.e-003	
1635	6.5e-002	0.2205	-2.e-003	
1636	-5.e-003	0.2255	-2.e-003	
1637	0.	0.2255	-2.e-003	
1638	5.e-003	0.2255	-2.e-003	
1639	1.e-002	0.2255	-2.e-003	
1640	1.5e-002	0.2255	-2.e-003	
1641	2.e-002	0.2255	-2.e-003	
1642	2.5e-002	0.2255	-2.e-003	
1643	3.e-002	0.2255	-2.e-003	
1644	3.5e-002	0.2255	-2.e-003	
1645	4.e-002	0.2255	-2.e-003	
1646	4.5e-002	0.2255	-2.e-003	
1647	5.e-002	0.2255	-2.e-003	
1648	5.5e-002	0.2255	-2.e-003	
1649	6.e-002	0.2255	-2.e-003	
1650	6.5e-002	0.2255	-2.e-003	
1651	-5.e-003	0.2305	-2.e-003	
1652	0.	0.2305	-2.e-003	
1653	5.e-003	0.2305	-2.e-003	
1654	1.e-002	0.2305	-2.e-003	
1655	1.5e-002	0.2305	-2.e-003	
1656	2.e-002	0.2305	-2.e-003	
1657	2.5e-002	0.2305	-2.e-003	
1658	3.e-002	0.2305	-2.e-003	
1659	3.5e-002	0.2305	-2.e-003	
1660	4.e-002	0.2305	-2.e-003	
1661	4.5e-002	0.2305	-2.e-003	
1662	5.e-002	0.2305	-2.e-003	
1663	5.5e-002	0.2305	-2.e-003	
1664	6.e-002	0.2305	-2.e-003	
1665	6.5e-002	0.2305	-2.e-003	
1666	-5.e-003	0.2355	-2.e-003	
1667	0.	0.2355	-2.e-003	
1668	5.e-003	0.2355	-2.e-003	
1669	1.e-002	0.2355	-2.e-003	
1670	1.5e-002	0.2355	-2.e-003	
1671	2.e-002	0.2355	-2.e-003	
1672	2.5e-002	0.2355	-2.e-003	
1673	3.e-002	0.2355	-2.e-003	
1674	3.5e-002	0.2355	-2.e-003	
1675	4.e-002	0.2355	-2.e-003	
1676	4.5e-002	0.2355	-2.e-003	
1677	5.e-002	0.2355	-2.e-003	
1678	5.5e-002	0.2355	-2.e-003	
1679	6.e-002	0.2355	-2.e-003	
1680	6.5e-002	0.2355	-2.e-003	
1681	-5.e-003	0.2405	-2.e-003	
1682	0.	0.2405	-2.e-003	
1683	5.e-003	0.2405	-2.e-003	
1684	1.e-002	0.2405	-2.e-003	
1685	1.5e-002	0.2405	-2.e-003	
1686	2.e-002	0.2405	-2.e-003	
1687	2.5e-002	0.2405	-2.e-003	
1688	3.e-002	0.2405	-2.e-003	
1689	3.5e-002	0.2405	-2.e-003	
1690	4.e-002	0.2405	-2.e-003	
1691	4.5e-002	0.2405	-2.e-003	
1692	5.e-002	0.2405	-2.e-003	
1693	5.5e-002	0.2405	-2.e-003	
1694	6.e-002	0.2405	-2.e-003	
1695	6.5e-002	0.2405	-2.e-003	
1696	-5.e-003	0.2455	-2.e-003	
1697	0.	0.2455	-2.e-003	
1698	5.e-003	0.2455	-2.e-003	
1699	1.e-002	0.2455	-2.e-003	
1700	1.5e-002	0.2455	-2.e-003	
1701	2.e-002	0.2455	-2.e-003	
1702	2.5e-002	0.2455	-2.e-003	
1703	3.e-002	0.2455	-2.e-003	
1704	3.5e-002	0.2455	-2.e-003	
1705	4.e-002	0.2455	-2.e-003	
1706	4.5e-002	0.2455	-2.e-003	
1707	5.e-002	0.2455	-2.e-003	
1708	5.5e-002	0.2455	-2.e-003	
1709	6.e-002	0.2455	-2.e-003	
1710	6.5e-002	0.2455	-2.e-003	
1711	-5.e-003	0.2505	-2.e-003	
1712	0.	0.2505	-2.e-003	
1713	5.e-003	0.2505	-2.e-003	
1714	1.e-002	0.2505	-2.e-003	
1715	1.5e-002	0.2505	-2.e-003	
1716	2.e-002	0.2505	-2.e-003	
1717	2.5e-002	0.2505	-2.e-003	
1718	3.e-002	0.2505	-2.e-003	
1719	3.5e-002	0.2505	-2.e-003	
1720	4.e-002	0.2505	-2.e-003	
1721	4.5e-002	0.2505	-2.e-003	
1722	5.e-002	0.2505	-2.e-003	
1723	5.5e-002	0.2505	-2.e-003	
1724	6.e-002	0.2505	-2.e-003	
1725	6.5e-002	0.2505	-2.e-003	
1726	-5.e-003	0.2555	-2.e-003	
1727	0.	0.2555	-2.e-003	
1728	5.e-003	0.2555	-2.e-003	
1729	1.e-002	0.2555	-2.e-003	
1730	1.5e-002	0.2555	-2.e-003	
1731	2.e-002	0.2555	-2.e-003	
1732	2.5e-002	0.2555	-2.e-003	
1733	3.e-002	0.2555	-2.e-003	
1734	3.5e-002	0.2555	-2.e-003	
1735	4.e-002	0.2555	-2.e-003	
1736	4.5e-002	0.2555	-2.e-003	
1737	5.e-002	0.2555	-2.e-003	
1738	5.5e-002	0.2555	-2.e-003	
1739	6.e-002	0.2555	-2.e-003	
1740	6.5e-002	0.2555	-2.e-003	
1741	-5.e-003	0.2605	-2.e-003	
1742	0.	0.2605	-2.e-003	
1743	5.e-003	0.2605	-2.e-003	
1744	1.e-002	0.2605	-2.e-003	
1745	1.5e-002	0.2605	-2.e-003	
1746	2.e-002	0.2605	-2.e-003	
1747	2.5e-002	0.2605	-2.e-003	
1748	3.e-002	0.2605	-2.e-003	
1749	3.5e-002	0.2605	-2.e-003	
1750	4.e-002	0.2605	-2.e-003	
1751	4.5e-002	0.2605	-2.e-003	
1752	5.e-002	0.2605	-2.e-003	
1753	5.5e-002	0.2605	-2.e-003	
1754	6.e-002	0.2605	-2.e-003	
1755	6.5e-002	0.2605	-2.e-003	
1756	-5.e-003	0.2655	-2.e-003	
1757	0.	0.2655	-2.e-003	
1758	5.e-003	0.2655	-2.e-003	
1759	1.e-002	0.2655	-2.e-003	
1760	1.5e-002	0.2655	-2.e-003	
1761	2.e-002	0.2655	-2.e-003	
1762	2.5e-002	0.2655	-2.e-003	
1763	3.e-002	0.2655	-2.e-003	
1764	3.5e-002	0.2655	-2.e-003	
1765	4.e-002	0.2655	-2.e-003	
1766	4.5e-002	0.2655	-2.e-003	
1767	5.e-002	0.2655	-2.e-003	
1768	5.5e-002	0.2655	-2.e-003	
1769	6.e-002	0.2655	-2.e-003	
1770	6.5e-002	0.2655	-2.e-003	
1771	-5.e-003	0.2705	-2.e-003	
1772	0.	0.2705	-2.e-003	
1773	5.e-003	0.2705	-2.e-003	
1774	1.e-002	0.2705	-2.e-003	
1775	1.5e-002	0.2705	-2.e-003	
1776	2.e-002	0.2705	-2.e-003	
1777	2.5e-002	0.2705	-2.e-003	
1778	3.e-002	0.2705	-2.e-003	
1779	3.5e-002	0.2705	-2.e-003	
1780	4.e-002	0.2705	-2.e-003	
1781	4.5e-002	0.2705	-2.e-003	
1782	5.e-002	0.2705	-2.e-003	
1783	5.5e-002	0.2705	-2.e-003	
1784	6.e-002	0.2705	-2.e-003	
1785	6.5e-002	0.2705	-2.e-003	
1786	-5.e-003	0.2755	-2.e-003	
1787	0.	0.2755	-2.e-003	
1788	5.e-003	0.2755	-2.e-003	
1789	1.e-002	0.2755	-2.e-003	
1790	1.5e-002	0.2755	-2.e-003	
1791	2.e-002	0.2755	-2.e-003	
1792	2.5e-002	0.2755	-2.e-003	
1793	3.e-002	0.2755	-2.e-003	
1794	3.5e-002	0.2755	-2.e-003	
1795	4.e-002	0.2755	-2.e-003	
1796	4.5e-002	0.2755	-2.e-003	
1797	5.e-002	0.2755	-2.e-003	
1798	5.5e-002	0.2755	-2.e-003	
1799	6.e-002	0.2755	-2.e-003	
1800	6.5e-002	0.2755	-2.e-003	
1801	-5.e-003	0.2805	-2.e-003	
1802	0.	0.2805	-2.e-003	
1803	5.e-003	0.2805	-2.e-003	
1804	1.e-002	0.2805	-2.e-003	
1805	1.5e-002	0.2805	-2.e-003	
1806	2.e-002	0.2805	-2.e-003	
1807	2.5e-002	0.2805	-2.e-003	
1808	3.e-002	0.2805	-2.e-003	
1809	3.5e-002	0.2805	-2.e-003	
1810	4.e-002	0.2805	-2.e-003	
1811	4.5e-002	0.2805	-2.e-003	
1812	5.e-002	0.2805	-2.e-003	
1813	5.5e-002	0.2805	-2.e-003	
1814	6.e-002	0.2805	-2.e-003	
1815	6.5e-002	0.2805	-2.e-003	
1816	-5.e-003	0.2855	-2.e-003	
1817	0.	0.2855	-2.e-003	
1818	5.e-003	0.2855	-2.e-003	
1819	1.e-002	0.2855	-2.e-003	
1820	1.5e-002	0.2855	-2.e-003	
1821	2.e-002	0.2855	-2.e-003	
1822	2.5e-002	0.2855	-2.e-003	
1823	3.e-002	0.2855	-2.e-003	
1824	3.5e-002	0.2855	-2.e-003	
1825	4.e-002	0.2855	-2.e-003	
1826	4.5e-002	0.2855	-2.e-003	
1827	5.e-002	0.2855	-2.e-003	
1828	5.5e-002	0.2855	-2.e-003	
1829	6.e-002	0.2855	-2.e-003	
1830	6.5e-002	0.2855	-2.e-003	
1831	-5.e-003	0.2905	-2.e-003	
1832	0.	0.2905	-2.e-003	
1833	5.e-003	0.2905	-2.e-003	
1834	1.e-002	0.2905	-2.e-003	
1835	1.5e-002	0.2905	-2.e-003	
1836	2.e-002	0.2905	-2.e-003	
1837	2.5e-002	0.2905	-2.e-003	
1838	3.e-002	0.2905	-2.e-003	
1839	3.5e-002	0.2905	-2.e-003	
1840	4.e-002	0.2905	-2.e-003	
1841	4.5e-002	0.2905	-2.e-003	
1842	5.e-002	0.2905	-2.e-003	
1843	5.5e-002	0.2905	-2.e-003	
1844	6.e-002	0.2905	-2.e-003	
1845	6.5e-002	0.2905	-2.e-003	
1846	-5.e-003	0.2955	-2.e-003	
1847	0.	0.2955	-2.e-003	
1848	5.e-003	0.2955	-2.e-003	
1849	1.e-002	0.2955	-2.e-003	
1850	1.5e-002	0.2955	-2.e-003	
1851	2.e-002	0.2955	-2.e-003	
1852	2.5e-002	0.2955	-2.e-003	
1853	3.e-002	0.2955	-2.e-003	
1854	3.5e-002	0.2955	-2.e-003	
1855	4.e-002	0.2955	-2.e-003	
1856	4.5e-002	0.2955	-2.e-003	
1857	5.e-002	0.2955	-2.e-003	
1858	5.5e-002	0.2955	-2.e-003	
1859	6.e-002	0.2955	-2.e-003	
1860	6.5e-002	0.2955	-2.e-003	
1861	-5.e-003	0.3005	-2.e-003	
1862	0.	0.3005	-2.e-003	
1863	5.e-003	0.3005	-2.e-003	
1864	1.e-002	0.3005	-2.e-003	
1865	1.5e-002	0.3005	-2.e-003	
1866	2.e-002	0.3005	-2.e-003	
1867	2.5e-002	0.3005	-2.e-003	
1868	3.e-002	0.3005	-2.e-003	
1869	3.5e-002	0.3005	-2.e-003	
1870	4.e-002	0.3005	-2.e-003	
1871	4.5e-002	0.3005	-2.e-003	
1872	5.e-002	0.3005	-2.e-003	
1873	5.5e-002	0.3005	-2.e-003	
1874	6.e-002	0.3005	-2.e-003	
1875	6.5e-002	0.3005	-2.e-003	
1876	-5.e-003	0.3055	-2.e-003	
1877	0.	0.3055	-2.e-003	
1878	5.e-003	0.3055	-2.e-003	
1879	1.e-002	0.3055	-2.e-003	
1880	1.5e-002	0.3055	-2.e-003	
1881	2.e-002	0.3055	-2.e-003	
1882	2.5e-002	0.3055	-2.e-003	
1883	3.e-002	0.3055	-2.e-003	
1884	3.5e-002	0.3055	-2.e-003	
1885	4.e-002	0.3055	-2.e-003	
1886	4.5e-002	0.3055	-2.e-003	
1887	5.e-002	0.3055	-2.e-003	
1888	5.5e-002	0.3055	-2.e-003	
1889	6.e-002	0.3055	-2.e-003	
1890	6.5e-002	0.3055	-2.e-003	
1891	-1.e-002	-4.5e-003	-2.e-003	
1892	-1.e-002	5.e-004	-2.e-003	
1893	-1.e-002	5.5e-003	-2.e-003	
1894	-1.e-002	1.05e-002	-2.e-003	
1895	-1.e-002	1.55e-002	-2.e-003	
1896	-1.e-002	2.05e-002	-2.e-003	
1897	-1.e-002	2.55e-002	-2.e-003	
1898	-1.e-002	3.05e-002	-2.e-003	
1899	-1.e-002	3.55e-002	-2.e-003	
1900	-1.e-002	4.05e-002	-2.e-003	
1901	-1.e-002	4.55e-002	-2.e-003	
1902	-1.e-002	5.05e-002	-2.e-003	
1903	-1.e-002	5.55e-002	-2.e-003	
1904	-1.e-002	6.05e-002	-2.e-003	
1905	-1.e-002	6.55e-002	-2.e-003	
1906	-1.e-002	7.05e-002	-2.e-003	
1907	-1.e-002	7.55e-002	-2.e-003	
1908	-1.e-002	8.05e-002	-2.e-003	
1909	-1.e-002	8.55e-002	-2.e-003	
1910	-1.e-002	9.05e-002	-2.e-003	
1911	-1.e-002	9.55e-002	-2.e-003	
1912	-1.e-002	0.1005	-2.e-003	
1913	-1.e-002	0.1055	-2.e-003	
1914	-1.e-002	0.1105	-2.e-003	
1915	-1.e-002	0.1155	-2.e-003	
1916	-1.e-002	0.1205	-2.e-003	
1917	-1.e-002	0.1255	-2.e-003	
1918	-1.e-002	0.1305	-2.e-003	
1919	-1.e-002	0.1355	-2.e-003	
1920	-1.e-002	0.1405	-2.e-003	
1921	-1.e-002	0.1455	-2.e-003	
1922	-1.e-002	0.1505	-2.e-003	
1923	-1.e-002	0.1555	-2.e-003	
1924	-1.e-002	0.1605	-2.e-003	
1925	-1.e-002	0.1655	-2.e-003	
1926	-1.e-002	0.1705	-2.e-003	
1927	-1.e-002	0.1755	-2.e-003	
1928	-1.e-002	0.1805	-2.e-003	
1929	-1.e-002	0.1855	-2.e-003	
1930	-1.e-002	0.1905	-2.e-003	
1931	-1.e-002	0.1955	-2.e-003	
1932	-1.e-002	0.2005	-2.e-003	
1933	-1.e-002	0.2055	-2.e-003	
1934	-1.e-002	0.2105	-2.e-003	
1935	-1.e-002	0.2155	-2.e-003	
1936	-1.e-002	0.2205	-2.e-003	
1937	-1.e-002	0.2255	-2.e-003	
1938	-1.e-002	0.2305	-2.e-003	
1939	-1.e-002	0.2355	-2.e-003	
1940	-1.e-002	0.2405	-2.e-003	
1941	-1.e-002	0.2455	-2.e-003	
1942	-1.e-002	0.2505	-2.e-003	
1943	-1.e-002	0.2555	-2.e-003	
1944	-1.e-002	0.2605	-2.e-003	
1945	-1.e-002	0.2655	-2.e-003	
1946	-1.e-002	0.2705	-2.e-003	
1947	-1.e-002	0.2755	-2.e-003	
1948	-1.e-002	0.2805	-2.e-003	
1949	-1.e-002	0.2855	-2.e-003	
1950	-1.e-002	0.2905	-2.e-003	
1951	-1.e-002	0.2955	-2.e-003	
1952	-1.e-002	0.3005	-2.e-003	
1953	-1.e-002	0.3055	-2.e-003	
1954	6.5e-002	-9.5e-003	-2.e-003	
1955	6.e-002	-9.5e-003	-2.e-003	
1956	5.5e-002	-9.5e-003	-2.e-003	
1957	5.e-002	-9.5e-003	-2.e-003	
1958	4.5e-002	-9.5e-003	-2.e-003	
1959	4.e-002	-9.5e-003	-2.e-003	
1960	3.5e-002	-9.5e-003	-2.e-003	
1961	3.e-002	-9.5e-003	-2.e-003	
1962	2.5e-002	-9.5e-003	-2.e-003	
1963	2.e-002	-9.5e-003	-2.e-003	
1964	1.5e-002	-9.5e-003	-2.e-003	
1965	1.e-002	-9.5e-003	-2.e-003	
1966	5.e-003	-9.5e-003	-2.e-003	
1967	0.	-9.5e-003	-2.e-003	
1968	-5.e-003	-9.5e-003	-2.e-003	
1969	-1.e-002	-9.5e-003	-2.e-003	
1970	-1.e-002	0.3105	-2.e-003	
1971	-5.e-003	0.3105	-2.e-003	
1972	0.	0.3105	-2.e-003	
1973	5.e-003	0.3105	-2.e-003	
1974	1.e-002	0.3105	-2.e-003	
1975	1.5e-002	0.3105	-2.e-003	
1976	2.e-002	0.3105	-2.e-003	
1977	2.5e-002	0.3105	-2.e-003	
1978	3.e-002	0.3105	-2.e-003	
1979	3.5e-002	0.3105	-2.e-003	
1980	4.e-002	0.3105	-2.e-003	
1981	4.5e-002	0.3105	-2.e-003	
1982	5.e-002	0.3105	-2.e-003	
1983	5.5e-002	0.3105	-2.e-003	
1984	6.e-002	0.3105	-2.e-003	
1985	6.5e-002	0.3105	-2.e-003	
1986	7.e-002	0.3105	-2.e-003	
1987	7.e-002	0.3055	-2.e-003	
1988	7.e-002	0.3005	-2.e-003	
1989	7.e-002	0.2955	-2.e-003	
1990	7.e-002	0.2905	-2.e-003	
1991	7.e-002	0.2855	-2.e-003	
1992	7.e-002	0.2805	-2.e-003	
1993	7.e-002	0.2755	-2.e-003	
1994	7.e-002	0.2705	-2.e-003	
1995	7.e-002	0.2655	-2.e-003	
1996	7.e-002	0.2605	-2.e-003	
1997	7.e-002	0.2555	-2.e-003	
1998	7.e-002	0.2505	-2.e-003	
1999	7.e-002	0.2455	-2.e-003	
2000	7.e-002	0.2405	-2.e-003	
2001	7.e-002	0.2355	-2.e-003	
2002	7.e-002	0.2305	-2.e-003	
2003	7.e-002	0.2255	-2.e-003	
2004	7.e-002	0.2205	-2.e-003	
2005	7.e-002	0.2155	-2.e-003	
2006	7.e-002	0.2105	-2.e-003	
2007	7.e-002	0.2055	-2.e-003	
2008	7.e-002	0.2005	-2.e-003	
2009	7.e-002	0.1955	-2.e-003	
2010	7.e-002	0.1905	-2.e-003	
2011	7.e-002	0.1855	-2.e-003	
2012	7.e-002	0.1805	-2.e-003	
2013	7.e-002	0.1755	-2.e-003	
2014	7.e-002	0.1705	-2.e-003	
2015	7.e-002	0.1655	-2.e-003	
2016	7.e-002	0.1605	-2.e-003	
2017	7.e-002	0.1555	-2.e-003	
2018	7.e-002	0.1505	-2.e-003	
2019	7.e-002	0.1455	-2.e-003	
2020	7.e-002	0.1405	-2.e-003	
2021	7.e-002	0.1355	-2.e-003	
2022	7.e-002	0.1305	-2.e-003	
2023	7.e-002	0.1255	-2.e-003	
2024	7.e-002	0.1205	-2.e-003	
2025	7.e-002	0.1155	-2.e-003	
2026	7.e-002	0.1105	-2.e-003	
2027	7.e-002	0.1055	-2.e-003	
2028	7.e-002	0.1005	-2.e-003	
2029	7.e-002	9.55e-002	-2.e-003	
2030	7.e-002	9.05e-002	-2.e-003	
2031	7.e-002	8.55e-002	-2.e-003	
2032	7.e-002	8.05e-002	-2.e-003	
2033	7.e-002	7.55e-002	-2.e-003	
2034	7.e-002	7.05e-002	-2.e-003	
2035	7.e-002	6.55e-002	-2.e-003	
2036	7.e-002	6.05e-002	-2.e-003	
2037	7.e-002	5.55e-002	-2.e-003	
2038	7.e-002	5.05e-002	-2.e-003	
2039	7.e-002	4.55e-002	-2.e-003	
2040	7.e-002	4.05e-002	-2.e-003	
2041	7.e-002	3.55e-002	-2.e-003	
2042	7.e-002	3.05e-002	-2.e-003	
2043	7.e-002	2.55e-002	-2.e-003	
2044	7.e-002	2.05e-002	-2.e-003	
2045	7.e-002	1.55e-002	-2.e-003	
2046	7.e-002	1.05e-002	-2.e-003	
2047	7.e-002	5.5e-003	-2.e-003	
2048	7.e-002	5.e-004	-2.e-003	
2049	7.e-002	-4.5e-003	-2.e-003	
2050	7.e-002	-9.5e-003	-2.e-003	
2051	7.e-002	-4.5e-003	1.5632e-028	
2052	7.e-002	5.e-004	1.4803e-028	
2053	7.e-002	5.5e-003	1.3975e-028	
2054	7.e-002	1.05e-002	1.3147e-028	
2055	7.e-002	1.55e-002	1.2319e-028	
2056	7.e-002	2.05e-002	1.149e-028	
2057	7.e-002	2.55e-002	1.0662e-028	
2058	7.e-002	3.05e-002	9.8336e-029	
2059	7.e-002	3.55e-002	9.0053e-029	
2060	7.e-002	4.05e-002	8.177e-029	
2061	7.e-002	4.55e-002	7.3487e-029	
2062	7.e-002	5.05e-002	6.5204e-029	
2063	7.e-002	5.55e-002	5.6921e-029	
2064	7.e-002	6.05e-002	4.8638e-029	
2065	7.e-002	6.55e-002	4.0355e-029	
2066	7.e-002	7.05e-002	3.2072e-029	
2067	7.e-002	7.55e-002	2.3789e-029	
2068	7.e-002	8.05e-002	1.5506e-029	
2069	7.e-002	8.55e-002	7.2228e-030	
2070	7.e-002	9.05e-002	-1.0602e-030	
2071	7.e-002	9.55e-002	-9.3433e-030	
2072	7.e-002	0.1005	-1.7626e-029	
2073	7.e-002	0.1055	-2.5909e-029	
2074	7.e-002	0.1105	-3.4192e-029	
2075	7.e-002	0.1155	-4.2475e-029	
2076	7.e-002	0.1205	-5.0758e-029	
2077	7.e-002	0.1255	-5.9042e-029	
2078	7.e-002	0.1305	-6.7325e-029	
2079	7.e-002	0.1355	-7.5608e-029	
2080	7.e-002	0.1405	-8.3891e-029	
2081	7.e-002	0.1455	-9.2174e-029	
2082	7.e-002	0.1505	-1.0046e-028	
2083	7.e-002	0.1555	-1.0874e-028	
2084	7.e-002	0.1605	-1.1702e-028	
2085	7.e-002	0.1655	-1.2531e-028	
2086	7.e-002	0.1705	-1.3359e-028	
2087	7.e-002	0.1755	-1.4187e-028	
2088	7.e-002	0.1805	-1.5015e-028	
2089	7.e-002	0.1855	-1.5844e-028	
2090	7.e-002	0.1905	-1.6672e-028	
2091	7.e-002	0.1955	-1.75e-028	
2092	7.e-002	0.2005	-1.8329e-028	
2093	7.e-002	0.2055	-1.9157e-028	
2094	7.e-002	0.2105	-1.9985e-028	
2095	7.e-002	0.2155	-2.0814e-028	
2096	7.e-002	0.2205	-2.1642e-028	
2097	7.e-002	0.2255	-2.247e-028	
2098	7.e-002	0.2305	-2.3299e-028	
2099	7.e-002	0.2355	-2.4127e-028	
2100	7.e-002	0.2405	-2.4955e-028	
2101	7.e-002	0.2455	-2.5783e-028	
2102	7.e-002	0.2505	-2.6612e-028	
2103	7.e-002	0.2555	-2.744e-028	
2104	7.e-002	0.2605	-2.8268e-028	
2105	7.e-002	0.2655	-2.9097e-028	
2106	7.e-002	0.2705	-2.9925e-028	
2107	7.e-002	0.2755	-3.0753e-028	
2108	7.e-002	0.2805	-3.1582e-028	
2109	7.e-002	0.2855	-3.241e-028	
2110	7.e-002	0.2905	-3.3238e-028	
2111	7.e-002	0.2955	-3.4066e-028	
2112	7.e-002	0.3005	-3.4895e-028	
2113	7.e-002	0.3055	-3.5723e-028	
2114	7.e-002	-9.5e-003	1.646e-028	
2115	7.e-002	0.3105	-3.6551e-028	
2116	6.5e-002	0.3105	-3.6551e-028	
2117	6.e-002	0.3105	-3.6551e-028	
2118	5.5e-002	0.3105	-3.6551e-028	
2119	5.e-002	0.3105	-3.6551e-028	
2120	4.5e-002	0.3105	-3.6551e-028	
2121	4.e-002	0.3105	-3.6551e-028	
2122	3.5e-002	0.3105	-3.6551e-028	
2123	3.e-002	0.3105	-3.6551e-028	
2124	2.5e-002	0.3105	-3.6551e-028	
2125	2.e-002	0.3105	-3.6551e-028	
2126	1.5e-002	0.3105	-3.6551e-028	
2127	1.e-002	0.3105	-3.6551e-028	
2128	5.e-003	0.3105	-3.6551e-028	
2129	0.	0.3105	-3.6551e-028	
2130	-5.e-003	0.3105	-3.6551e-028	
2131	-1.e-002	0.3105	-3.6551e-028	
2132	-5.e-003	-9.5e-003	1.646e-028	
2133	0.	-9.5e-003	1.646e-028	
2134	5.e-003	-9.5e-003	1.646e-028	
2135	1.e-002	-9.5e-003	1.646e-028	
2136	1.5e-002	-9.5e-003	1.646e-028	
2137	2.e-002	-9.5e-003	1.646e-028	
2138	2.5e-002	-9.5e-003	1.646e-028	
2139	3.e-002	-9.5e-003	1.646e-028	
2140	3.5e-002	-9.5e-003	1.646e-028	
2141	4.e-002	-9.5e-003	1.646e-028	
2142	4.5e-002	-9.5e-003	1.646e-028	
2143	5.e-002	-9.5e-003	1.646e-028	
2144	5.5e-002	-9.5e-003	1.646e-028	
2145	6.e-002	-9.5e-003	1.646e-028	
2146	6.5e-002	-9.5e-003	1.646e-028	
2147	-1.e-002	-9.5e-003	1.646e-028	
2148	-1.e-002	0.3055	-3.5723e-028	
2149	-1.e-002	0.3005	-3.4895e-028	
2150	-1.e-002	0.2955	-3.4066e-028	
2151	-1.e-002	0.2905	-3.3238e-028	
2152	-1.e-002	0.2855	-3.241e-028	
2153	-1.e-002	0.2805	-3.1582e-028	
2154	-1.e-002	0.2755	-3.0753e-028	
2155	-1.e-002	0.2705	-2.9925e-028	
2156	-1.e-002	0.2655	-2.9097e-028	
2157	-1.e-002	0.2605	-2.8268e-028	
2158	-1.e-002	0.2555	-2.744e-028	
2159	-1.e-002	0.2505	-2.6612e-028	
2160	-1.e-002	0.2455	-2.5783e-028	
2161	-1.e-002	0.2405	-2.4955e-028	
2162	-1.e-002	0.2355	-2.4127e-028	
2163	-1.e-002	0.2305	-2.3299e-028	
2164	-1.e-002	0.2255	-2.247e-028	
2165	-1.e-002	0.2205	-2.1642e-028	
2166	-1.e-002	0.2155	-2.0814e-028	
2167	-1.e-002	0.2105	-1.9985e-028	
2168	-1.e-002	0.2055	-1.9157e-028	
2169	-1.e-002	0.2005	-1.8329e-028	
2170	-1.e-002	0.1955	-1.75e-028	
2171	-1.e-002	0.1905	-1.6672e-028	
2172	-1.e-002	0.1855	-1.5844e-028	
2173	-1.e-002	0.1805	-1.5015e-028	
2174	-1.e-002	0.1755	-1.4187e-028	
2175	-1.e-002	0.1705	-1.3359e-028	
2176	-1.e-002	0.1655	-1.2531e-028	
2177	-1.e-002	0.1605	-1.1702e-028	
2178	-1.e-002	0.1555	-1.0874e-028	
2179	-1.e-002	0.1505	-1.0046e-028	
2180	-1.e-002	0.1455	-9.2174e-029	
2181	-1.e-002	0.1405	-8.3891e-029	
2182	-1.e-002	0.1355	-7.5608e-029	
2183	-1.e-002	0.1305	-6.7325e-029	
2184	-1.e-002	0.1255	-5.9042e-029	
2185	-1.e-002	0.1205	-5.0758e-029	
2186	-1.e-002	0.1155	-4.2475e-029	
2187	-1.e-002	0.1105	-3.4192e-029	
2188	-1.e-002	0.1055	-2.5909e-029	
2189	-1.e-002	0.1005	-1.7626e-029	
2190	-1.e-002	9.55e-002	-9.3433e-030	
2191	-1.e-002	9.05e-002	-1.0602e-030	
2192	-1.e-002	8.55e-002	7.2228e-030	
2193	-1.e-002	8.05e-002	1.5506e-029	
2194	-1.e-002	7.55e-002	2.3789e-029	
2195	-1.e-002	7.05e-002	3.2072e-029	
2196	-1.e-002	6.55e-002	4.0355e-029	
2197	-1.e-002	6.05e-002	4.8638e-029	
2198	-1.e-002	5.55e-002	5.6921e-029	
2199	-1.e-002	5.05e-002	6.5204e-029	
2200	-1.e-002	4.55e-002	7.3487e-029	
2201	-1.e-002	4.05e-002	8.177e-029	
2202	-1.e-002	3.55e-002	9.0053e-029	
2203	-1.e-002	3.05e-002	9.8336e-029	
2204	-1.e-002	2.55e-002	1.0662e-028	
2205	-1.e-002	2.05e-002	1.149e-028	
2206	-1.e-002	1.55e-002	1.2319e-028	
2207	-1.e-002	1.05e-002	1.3147e-028	
2208	-1.e-002	5.5e-003	1.3975e-028	
2209	-1.e-002	5.e-004	1.4803e-028	
2210	-1.e-002	-4.5e-003	1.5632e-028	
2211	0.	6.9738e-002	1.8916e-002	
2212	0.	3.0829e-002	1.8847e-002	
2213	-1.e-003	3.0829e-002	1.8847e-002	
2214	-1.e-003	6.9738e-002	1.8916e-002	
2215	-1.e-003	4.2566e-002	2.8312e-002	
2216	-1.e-003	4.3953e-002	2.7181e-002	
2217	-1.e-003	4.534e-002	2.6049e-002	
2218	-1.e-003	4.6726e-002	2.4917e-002	
2219	-1.e-003	4.8113e-002	2.3786e-002	
2220	-1.e-003	9.05e-002	1.5112e-002	
2221	-1.e-003	9.05e-002	1.335e-002	
2222	-1.e-003	9.05e-002	1.1588e-002	
2223	-1.e-003	5.7305e-002	2.2786e-002	
2224	-1.e-003	5.5944e-002	2.4092e-002	
2225	-1.e-003	5.4583e-002	2.5398e-002	
2226	-1.e-003	5.3222e-002	2.6705e-002	
2227	-1.e-003	5.1861e-002	2.8011e-002	
2228	-1.e-003	5.8666e-002	2.1479e-002	
2229	-1.e-003	5.6631e-002	2.17e-002	
2230	-1.e-003	5.4591e-002	2.1862e-002	
2231	-1.e-003	5.2546e-002	2.1965e-002	
2232	-1.e-003	5.05e-002	2.9317e-002	
2233	-1.e-003	5.05e-002	2.749e-002	
2234	-1.e-003	5.05e-002	2.5663e-002	
2235	-1.e-003	5.05e-002	2.3836e-002	
2236	-1.e-003	5.05e-002	2.2008e-002	
2237	-1.e-003	5.3307e-002	2.9931e-002	
2238	-1.e-003	5.5376e-002	2.98e-002	
2239	-1.e-003	5.7442e-002	2.9608e-002	
2240	-1.e-003	5.95e-002	2.3887e-002	
2241	-1.e-003	5.95e-002	2.5709e-002	
2242	-1.e-003	5.95e-002	2.7531e-002	
2243	-1.e-003	5.95e-002	2.9353e-002	
2244	-1.e-003	5.1234e-002	2.9999e-002	
2245	-1.e-003	5.2611e-002	2.8677e-002	
2246	-1.e-003	5.3989e-002	2.7354e-002	
2247	-1.e-003	5.5367e-002	2.6032e-002	
2248	-1.e-003	5.6745e-002	2.471e-002	
2249	-1.e-003	5.8122e-002	2.3387e-002	
2250	-1.e-003	5.95e-002	2.2065e-002	
2251	-1.e-003	6.2613e-002	2.8848e-002	
2252	-1.e-003	6.4713e-002	2.8423e-002	
2253	-1.e-003	6.68e-002	2.7934e-002	
2254	-1.e-003	6.1895e-002	2.2754e-002	
2255	-1.e-003	6.329e-002	2.368e-002	
2256	-1.e-003	6.4685e-002	2.4605e-002	
2257	-1.e-003	6.608e-002	2.553e-002	
2258	-1.e-003	6.7475e-002	2.6455e-002	
2259	-1.e-003	6.887e-002	2.738e-002	
2260	-1.e-003	6.05e-002	2.9207e-002	
2261	-1.e-003	6.05e-002	2.7362e-002	
2262	-1.e-003	6.05e-002	2.5518e-002	
2263	-1.e-003	6.05e-002	2.3674e-002	
2264	-1.e-003	6.05e-002	2.1829e-002	
2265	-1.e-003	7.2643e-002	2.6189e-002	
2266	-1.e-003	7.4762e-002	2.5414e-002	
2267	-1.e-003	7.6854e-002	2.457e-002	
2268	-1.e-003	7.2604e-002	2.0572e-002	
2269	-1.e-003	7.4709e-002	2.16e-002	
2270	-1.e-003	7.6813e-002	2.2629e-002	
2271	-1.e-003	7.8918e-002	2.3658e-002	
2272	-1.e-003	7.05e-002	2.6895e-002	
2273	-1.e-003	7.05e-002	2.5057e-002	
2274	-1.e-003	7.05e-002	2.3219e-002	
2275	-1.e-003	7.05e-002	2.1381e-002	
2276	-1.e-003	7.05e-002	1.9543e-002	
2277	-1.e-003	8.268e-002	2.178e-002	
2278	-1.e-003	8.4819e-002	2.0581e-002	
2279	-1.e-003	8.6914e-002	1.9305e-002	
2280	-1.e-003	8.2616e-002	1.6222e-002	
2281	-1.e-003	8.4731e-002	1.68e-002	
2282	-1.e-003	8.6847e-002	1.7379e-002	
2283	-1.e-003	8.8963e-002	1.7957e-002	
2284	-1.e-003	8.05e-002	2.2903e-002	
2285	-1.e-003	8.05e-002	2.1088e-002	
2286	-1.e-003	8.05e-002	1.9273e-002	
2287	-1.e-003	8.05e-002	1.7459e-002	
2288	-1.e-003	8.05e-002	1.5644e-002	
2289	-1.e-003	9.05e-002	9.8264e-003	
2290	-1.e-003	9.2504e-002	9.8886e-003	
2291	-1.e-003	9.4507e-002	9.9508e-003	
2292	-1.e-003	9.6511e-002	1.0013e-002	
2293	-1.e-003	9.05e-002	1.6874e-002	
2294	-1.e-003	9.1906e-002	1.5827e-002	
2295	-1.e-003	9.3285e-002	1.4744e-002	
2296	-1.e-003	9.4637e-002	1.3627e-002	
2297	-1.e-003	9.5959e-002	1.2476e-002	
2298	-1.e-003	9.8514e-002	1.0075e-002	
2299	-1.e-003	9.7252e-002	1.1292e-002	
2300	-1.e-003	9.8313e-002	1.1664e-002	
2301	-1.e-003	9.6571e-002	1.3271e-002	
2302	-1.e-003	9.4775e-002	1.4817e-002	
2303	-1.e-003	9.2928e-002	1.6302e-002	
2304	-1.e-003	9.1032e-002	1.7723e-002	
2305	-1.e-003	8.9089e-002	1.908e-002	
2306	-1.e-003	8.7101e-002	2.037e-002	
2307	-1.e-003	8.507e-002	2.1591e-002	
2308	-1.e-003	8.3e-002	2.2744e-002	
2309	-1.e-003	8.0891e-002	2.3825e-002	
2310	-1.e-003	7.8747e-002	2.4835e-002	
2311	-1.e-003	7.657e-002	2.5771e-002	
2312	-1.e-003	7.4363e-002	2.6634e-002	
2313	-1.e-003	7.2128e-002	2.7421e-002	
2314	-1.e-003	6.9867e-002	2.8132e-002	
2315	-1.e-003	6.7584e-002	2.8766e-002	
2316	-1.e-003	6.528e-002	2.9322e-002	
2317	-1.e-003	6.2959e-002	2.98e-002	
2318	-1.e-003	6.0623e-002	3.0199e-002	
2319	-1.e-003	5.8275e-002	3.0519e-002	
2320	-1.e-003	5.5918e-002	3.076e-002	
2321	-1.e-003	5.3553e-002	3.092e-002	
2322	-1.e-003	5.1185e-002	3.1e-002	
2323	-1.e-003	4.8815e-002	3.1e-002	
2324	-1.e-003	4.6447e-002	3.092e-002	
2325	-1.e-003	4.4082e-002	3.076e-002	
2326	-1.e-003	4.1725e-002	3.0519e-002	
2327	-1.e-003	3.9377e-002	3.0199e-002	
2328	-1.e-003	3.7041e-002	2.98e-002	
2329	-1.e-003	3.472e-002	2.9322e-002	
2330	-1.e-003	3.2416e-002	2.8766e-002	
2331	-1.e-003	3.0133e-002	2.8132e-002	
2332	-1.e-003	2.7872e-002	2.7421e-002	
2333	-1.e-003	2.5637e-002	2.6634e-002	
2334	-1.e-003	2.343e-002	2.5771e-002	
2335	-1.e-003	2.1253e-002	2.4835e-002	
2336	-1.e-003	1.9109e-002	2.3825e-002	
2337	-1.e-003	1.7e-002	2.2744e-002	
2338	-1.e-003	1.493e-002	2.1591e-002	
2339	-1.e-003	1.2899e-002	2.037e-002	
2340	-1.e-003	1.0911e-002	1.908e-002	
2341	-1.e-003	8.968e-003	1.7723e-002	
2342	-1.e-003	7.0718e-003	1.6302e-002	
2343	-1.e-003	5.2248e-003	1.4817e-002	
2344	-1.e-003	3.4292e-003	1.3271e-002	
2345	-1.e-003	1.6869e-003	1.1664e-002	
2346	-1.e-003	0.	2.5e-003	
2347	-1.e-003	0.	5.e-003	
2348	-1.e-003	0.	7.5e-003	
2349	-1.e-003	-2.0817e-017	1.e-002	
2350	-1.e-003	0.	0.	
2351	-1.e-003	1.4804e-003	1.4666e-003	
2352	-1.e-003	3.0038e-003	2.8885e-003	
2353	-1.e-003	4.5689e-003	4.2645e-003	
2354	-1.e-003	6.1743e-003	5.5932e-003	
2355	-1.e-003	7.8184e-003	6.8736e-003	
2356	-1.e-003	9.5e-003	2.0261e-003	
2357	-1.e-003	9.5e-003	4.0522e-003	
2358	-1.e-003	9.5e-003	6.0783e-003	
2359	-1.e-003	9.5e-003	8.1044e-003	
2360	-1.e-003	9.5e-003	0.	
2361	-1.e-003	1.05e-002	6.6006e-003	
2362	-1.e-003	1.05e-002	4.4004e-003	
2363	-1.e-003	1.05e-002	2.2002e-003	
2364	-1.e-003	1.05e-002	0.	
2365	-1.e-003	1.05e-002	8.8008e-003	
2366	-1.e-003	1.1945e-002	9.7621e-003	
2367	-1.e-003	1.3413e-002	1.0687e-002	
2368	-1.e-003	1.4903e-002	1.1576e-002	
2369	-1.e-003	1.6415e-002	1.2427e-002	
2370	-1.e-003	1.7948e-002	1.3241e-002	
2371	-1.e-003	1.95e-002	2.336e-003	
2372	-1.e-003	1.95e-002	4.6721e-003	
2373	-1.e-003	1.95e-002	7.0081e-003	
2374	-1.e-003	1.95e-002	9.3441e-003	
2375	-1.e-003	1.95e-002	1.168e-002	
2376	-1.e-003	1.95e-002	1.4016e-002	
2377	-1.e-003	1.95e-002	0.	
2378	-1.e-003	2.05e-002	1.2075e-002	
2379	-1.e-003	2.05e-002	9.6603e-003	
2380	-1.e-003	2.05e-002	7.2453e-003	
2381	-1.e-003	2.05e-002	4.8302e-003	
2382	-1.e-003	2.05e-002	2.4151e-003	
2383	-1.e-003	2.05e-002	0.	
2384	-1.e-003	2.05e-002	1.4491e-002	
2385	-1.e-003	2.2704e-002	1.5469e-002	
2386	-1.e-003	2.4941e-002	1.6371e-002	
2387	-1.e-003	2.7207e-002	1.7195e-002	
2388	-1.e-003	2.95e-002	2.2426e-003	
2389	-1.e-003	2.95e-002	4.4853e-003	
2390	-1.e-003	2.95e-002	6.7279e-003	
2391	-1.e-003	2.95e-002	8.9706e-003	
2392	-1.e-003	2.95e-002	1.1213e-002	
2393	-1.e-003	2.95e-002	1.3456e-002	
2394	-1.e-003	2.95e-002	1.5698e-002	
2395	-1.e-003	2.95e-002	1.7941e-002	
2396	-1.e-003	2.95e-002	0.	
2397	-1.e-003	3.05e-002	1.5959e-002	
2398	-1.e-003	3.05e-002	1.3679e-002	
2399	-1.e-003	3.05e-002	1.14e-002	
2400	-1.e-003	3.05e-002	9.1196e-003	
2401	-1.e-003	3.05e-002	6.8397e-003	
2402	-1.e-003	3.05e-002	4.5598e-003	
2403	-1.e-003	3.05e-002	2.2799e-003	
2404	-1.e-003	3.05e-002	-2.7768e-031	
2405	-1.e-003	3.05e-002	1.8239e-002	
2406	-1.e-003	3.2724e-002	1.8845e-002	
2407	-1.e-003	3.4967e-002	1.9377e-002	
2408	-1.e-003	3.7227e-002	1.9835e-002	
2409	-1.e-003	3.95e-002	2.0218e-003	
2410	-1.e-003	3.95e-002	4.0436e-003	
2411	-1.e-003	3.95e-002	6.0655e-003	
2412	-1.e-003	3.95e-002	8.0873e-003	
2413	-1.e-003	3.95e-002	1.0109e-002	
2414	-1.e-003	3.95e-002	1.2131e-002	
2415	-1.e-003	3.95e-002	1.4153e-002	
2416	-1.e-003	3.95e-002	1.6175e-002	
2417	-1.e-003	3.95e-002	1.8196e-002	
2418	-1.e-003	3.95e-002	2.0218e-002	
2419	-1.e-003	3.95e-002	3.4694e-018	
2420	-1.e-003	4.05e-002	1.8326e-002	
2421	-1.e-003	4.05e-002	1.629e-002	
2422	-1.e-003	4.05e-002	1.4254e-002	
2423	-1.e-003	4.05e-002	1.2218e-002	
2424	-1.e-003	4.05e-002	1.0181e-002	
2425	-1.e-003	4.05e-002	8.145e-003	
2426	-1.e-003	4.05e-002	6.1088e-003	
2427	-1.e-003	4.05e-002	4.0725e-003	
2428	-1.e-003	4.05e-002	2.0363e-003	
2429	-1.e-003	4.05e-002	2.7515e-030	
2430	-1.e-003	4.05e-002	2.0363e-002	
2431	-1.e-003	4.2741e-002	2.0633e-002	
2432	-1.e-003	4.499e-002	2.0831e-002	
2433	-1.e-003	4.7243e-002	2.0956e-002	
2434	-1.e-003	4.95e-002	2.1008e-003	
2435	-1.e-003	4.95e-002	4.2017e-003	
2436	-1.e-003	4.95e-002	6.3025e-003	
2437	-1.e-003	4.95e-002	8.4034e-003	
2438	-1.e-003	4.95e-002	1.0504e-002	
2439	-1.e-003	4.95e-002	1.2605e-002	
2440	-1.e-003	4.95e-002	1.4706e-002	
2441	-1.e-003	4.95e-002	1.6807e-002	
2442	-1.e-003	4.95e-002	1.8908e-002	
2443	-1.e-003	4.95e-002	2.1008e-002	
2444	-1.e-003	4.95e-002	0.	
2445	-1.e-003	5.05e-002	1.8908e-002	
2446	-1.e-003	5.05e-002	1.6807e-002	
2447	-1.e-003	5.05e-002	1.4706e-002	
2448	-1.e-003	5.05e-002	1.2605e-002	
2449	-1.e-003	5.05e-002	1.0504e-002	
2450	-1.e-003	5.05e-002	8.4034e-003	
2451	-1.e-003	5.05e-002	6.3025e-003	
2452	-1.e-003	5.05e-002	4.2017e-003	
2453	-1.e-003	5.05e-002	2.1008e-003	
2454	-1.e-003	5.05e-002	5.3011e-031	
2455	-1.e-003	5.05e-002	2.1008e-002	
2456	-1.e-003	5.2757e-002	2.0956e-002	
2457	-1.e-003	5.501e-002	2.0831e-002	
2458	-1.e-003	5.7259e-002	2.0633e-002	
2459	-1.e-003	5.95e-002	2.0363e-003	
2460	-1.e-003	5.95e-002	4.0725e-003	
2461	-1.e-003	5.95e-002	6.1088e-003	
2462	-1.e-003	5.95e-002	8.145e-003	
2463	-1.e-003	5.95e-002	1.0181e-002	
2464	-1.e-003	5.95e-002	1.2218e-002	
2465	-1.e-003	5.95e-002	1.4254e-002	
2466	-1.e-003	5.95e-002	1.629e-002	
2467	-1.e-003	5.95e-002	1.8326e-002	
2468	-1.e-003	5.95e-002	2.0363e-002	
2469	-1.e-003	5.95e-002	0.	
2470	-1.e-003	6.05e-002	1.8196e-002	
2471	-1.e-003	6.05e-002	1.6175e-002	
2472	-1.e-003	6.05e-002	1.4153e-002	
2473	-1.e-003	6.05e-002	1.2131e-002	
2474	-1.e-003	6.05e-002	1.0109e-002	
2475	-1.e-003	6.05e-002	8.0873e-003	
2476	-1.e-003	6.05e-002	6.0655e-003	
2477	-1.e-003	6.05e-002	4.0436e-003	
2478	-1.e-003	6.05e-002	2.0218e-003	
2479	-1.e-003	6.05e-002	2.1205e-030	
2480	-1.e-003	6.05e-002	2.0218e-002	
2481	-1.e-003	6.2773e-002	1.9835e-002	
2482	-1.e-003	6.5033e-002	1.9377e-002	
2483	-1.e-003	6.7276e-002	1.8845e-002	
2484	-1.e-003	6.95e-002	2.2799e-003	
2485	-1.e-003	6.95e-002	4.5598e-003	
2486	-1.e-003	6.95e-002	6.8397e-003	
2487	-1.e-003	6.95e-002	9.1196e-003	
2488	-1.e-003	6.95e-002	1.14e-002	
2489	-1.e-003	6.95e-002	1.3679e-002	
2490	-1.e-003	6.95e-002	1.5959e-002	
2491	-1.e-003	6.95e-002	1.8239e-002	
2492	-1.e-003	6.95e-002	0.	
2493	-1.e-003	7.05e-002	1.5698e-002	
2494	-1.e-003	7.05e-002	1.3456e-002	
2495	-1.e-003	7.05e-002	1.1213e-002	
2496	-1.e-003	7.05e-002	8.9706e-003	
2497	-1.e-003	7.05e-002	6.7279e-003	
2498	-1.e-003	7.05e-002	4.4853e-003	
2499	-1.e-003	7.05e-002	2.2426e-003	
2500	-1.e-003	7.05e-002	-6.0585e-031	
2501	-1.e-003	7.05e-002	1.7941e-002	
2502	-1.e-003	7.2793e-002	1.7195e-002	
2503	-1.e-003	7.5059e-002	1.6371e-002	
2504	-1.e-003	7.7296e-002	1.5469e-002	
2505	-1.e-003	7.95e-002	2.4151e-003	
2506	-1.e-003	7.95e-002	4.8302e-003	
2507	-1.e-003	7.95e-002	7.2453e-003	
2508	-1.e-003	7.95e-002	9.6603e-003	
2509	-1.e-003	7.95e-002	1.2075e-002	
2510	-1.e-003	7.95e-002	1.4491e-002	
2511	-1.e-003	7.95e-002	0.	
2512	-1.e-003	8.05e-002	1.168e-002	
2513	-1.e-003	8.05e-002	9.3441e-003	
2514	-1.e-003	8.05e-002	7.0081e-003	
2515	-1.e-003	8.05e-002	4.6721e-003	
2516	-1.e-003	8.05e-002	2.336e-003	
2517	-1.e-003	8.05e-002	2.0195e-031	
2518	-1.e-003	8.05e-002	1.4016e-002	
2519	-1.e-003	8.2052e-002	1.3241e-002	
2520	-1.e-003	8.3585e-002	1.2427e-002	
2521	-1.e-003	8.5097e-002	1.1576e-002	
2522	-1.e-003	8.6587e-002	1.0687e-002	
2523	-1.e-003	8.8055e-002	9.7621e-003	
2524	-1.e-003	8.95e-002	2.2002e-003	
2525	-1.e-003	8.95e-002	4.4004e-003	
2526	-1.e-003	8.95e-002	6.6006e-003	
2527	-1.e-003	8.95e-002	8.8008e-003	
2528	-1.e-003	8.95e-002	0.	
2529	-1.e-003	9.05e-002	6.0783e-003	
2530	-1.e-003	9.05e-002	4.0522e-003	
2531	-1.e-003	9.05e-002	2.0261e-003	
2532	-1.e-003	9.05e-002	-1.0602e-030	
2533	-1.e-003	9.05e-002	8.1044e-003	
2534	-1.e-003	9.2182e-002	6.8736e-003	
2535	-1.e-003	9.3826e-002	5.5932e-003	
2536	-1.e-003	9.5431e-002	4.2645e-003	
2537	-1.e-003	9.6996e-002	2.8885e-003	
2538	-1.e-003	9.852e-002	1.4666e-003	
2539	-1.e-003	0.1	1.e-002	
2540	-1.e-003	0.1	7.5e-003	
2541	-1.e-003	0.1	5.e-003	
2542	-1.e-003	0.1	2.5e-003	
2543	-1.e-003	0.1	1.3878e-017	
2544	-1.e-003	9.9e-002	7.4151e-003	
2545	-1.e-003	9.9e-002	5.7405e-003	
2546	-1.e-003	9.9e-002	4.0658e-003	
2547	-1.e-003	9.2547e-002	7.8497e-003	
2548	-1.e-003	9.3889e-002	6.8201e-003	
2549	-1.e-003	9.5206e-002	5.7589e-003	
2550	-1.e-003	9.6497e-002	4.6665e-003	
2551	-1.e-003	9.9e-002	2.3911e-003	
2552	-1.e-003	9.7762e-002	3.5437e-003	
2553	-1.e-003	9.1181e-002	8.8471e-003	
2554	-1.e-003	9.3136e-002	8.9077e-003	
2555	-1.e-003	9.5091e-002	8.9684e-003	
2556	-1.e-003	9.7045e-002	9.0291e-003	
2557	-1.e-003	9.9e-002	9.0898e-003	
2558	-1.e-003	8.95e-002	1.5302e-002	
2559	-1.e-003	8.95e-002	1.3538e-002	
2560	-1.e-003	8.95e-002	1.1773e-002	
2561	-1.e-003	8.3324e-002	1.3704e-002	
2562	-1.e-003	8.5424e-002	1.2542e-002	
2563	-1.e-003	8.95e-002	1.0008e-002	
2564	-1.e-003	8.7483e-002	1.1309e-002	
2565	-1.e-003	8.1186e-002	1.4794e-002	
2566	-1.e-003	8.3264e-002	1.5363e-002	
2567	-1.e-003	8.5343e-002	1.5931e-002	
2568	-1.e-003	8.7421e-002	1.6499e-002	
2569	-1.e-003	8.95e-002	1.7067e-002	
2570	-1.e-003	7.95e-002	2.102e-002	
2571	-1.e-003	7.95e-002	1.9211e-002	
2572	-1.e-003	7.95e-002	1.7401e-002	
2573	-1.e-003	7.3311e-002	1.8074e-002	
2574	-1.e-003	7.5399e-002	1.7312e-002	
2575	-1.e-003	7.95e-002	1.5592e-002	
2576	-1.e-003	7.7463e-002	1.6484e-002	
2577	-1.e-003	7.1199e-002	1.8772e-002	
2578	-1.e-003	7.3274e-002	1.9786e-002	
2579	-1.e-003	7.535e-002	2.0801e-002	
2580	-1.e-003	7.7425e-002	2.1815e-002	
2581	-1.e-003	7.95e-002	2.283e-002	
2582	-1.e-003	6.95e-002	2.4768e-002	
2583	-1.e-003	6.95e-002	2.2939e-002	
2584	-1.e-003	6.95e-002	2.1109e-002	
2585	-1.e-003	6.332e-002	2.075e-002	
2586	-1.e-003	6.5394e-002	2.0321e-002	
2587	-1.e-003	6.95e-002	1.928e-002	
2588	-1.e-003	6.7455e-002	1.9831e-002	
2589	-1.e-003	6.1233e-002	2.1116e-002	
2590	-1.e-003	6.33e-002	2.2486e-002	
2591	-1.e-003	6.5367e-002	2.3857e-002	
2592	-1.e-003	6.7433e-002	2.5227e-002	
2593	-1.e-003	6.95e-002	2.6598e-002	
2594	-1.e-003	2.2537e-002	1.6484e-002	
2595	-1.e-003	2.4601e-002	1.7312e-002	
2596	-1.e-003	2.6689e-002	1.8074e-002	
2597	-1.e-003	2.05e-002	1.5592e-002	
2598	-1.e-003	2.05e-002	1.7401e-002	
2599	-1.e-003	2.05e-002	1.9211e-002	
2600	-1.e-003	2.05e-002	2.102e-002	
2601	-1.e-003	2.05e-002	2.283e-002	
2602	-1.e-003	2.2575e-002	2.1815e-002	
2603	-1.e-003	2.465e-002	2.0801e-002	
2604	-1.e-003	2.6726e-002	1.9786e-002	
2605	-1.e-003	2.8801e-002	1.8772e-002	
2606	-1.e-003	2.2378e-003	3.5437e-003	
2607	-1.e-003	3.5027e-003	4.6665e-003	
2608	-1.e-003	4.794e-003	5.7589e-003	
2609	-1.e-003	6.1109e-003	6.8201e-003	
2610	-1.e-003	7.4527e-003	7.8497e-003	
2611	-1.e-003	1.e-003	2.3911e-003	
2612	-1.e-003	1.e-003	4.0658e-003	
2613	-1.e-003	1.e-003	5.7405e-003	
2614	-1.e-003	1.e-003	7.4151e-003	
2615	-1.e-003	1.e-003	9.0898e-003	
2616	-1.e-003	2.9547e-003	9.0291e-003	
2617	-1.e-003	4.9094e-003	8.9684e-003	
2618	-1.e-003	6.864e-003	8.9077e-003	
2619	-1.e-003	8.8187e-003	8.8471e-003	
2620	-1.e-003	2.7481e-003	1.1292e-002	
2621	-1.e-003	4.0408e-003	1.2476e-002	
2622	-1.e-003	5.3633e-003	1.3627e-002	
2623	-1.e-003	6.7145e-003	1.4744e-002	
2624	-1.e-003	8.0937e-003	1.5827e-002	
2625	-1.e-003	9.5e-003	1.1588e-002	
2626	-1.e-003	9.5e-003	1.335e-002	
2627	-1.e-003	9.5e-003	1.5112e-002	
2628	-1.e-003	9.5e-003	1.6874e-002	
2629	-1.e-003	1.4858e-003	1.0075e-002	
2630	-1.e-003	3.4894e-003	1.0013e-002	
2631	-1.e-003	5.4929e-003	9.9508e-003	
2632	-1.e-003	7.4965e-003	9.8886e-003	
2633	-1.e-003	9.5e-003	9.8264e-003	
2634	-1.e-003	1.6736e-002	1.5363e-002	
2635	-1.e-003	1.4657e-002	1.5931e-002	
2636	-1.e-003	1.2579e-002	1.6499e-002	
2637	-1.e-003	1.8814e-002	1.4794e-002	
2638	-1.e-003	1.6676e-002	1.3704e-002	
2639	-1.e-003	1.4576e-002	1.2542e-002	
2640	-1.e-003	1.2517e-002	1.1309e-002	
2641	-1.e-003	1.05e-002	1.7067e-002	
2642	-1.e-003	1.05e-002	1.5302e-002	
2643	-1.e-003	1.05e-002	1.3538e-002	
2644	-1.e-003	1.05e-002	1.1773e-002	
2645	-1.e-003	1.05e-002	1.0008e-002	
2646	-1.e-003	1.3086e-002	1.9305e-002	
2647	-1.e-003	1.5181e-002	2.0581e-002	
2648	-1.e-003	1.732e-002	2.178e-002	
2649	-1.e-003	1.95e-002	1.7459e-002	
2650	-1.e-003	1.95e-002	1.9273e-002	
2651	-1.e-003	1.95e-002	2.1088e-002	
2652	-1.e-003	1.95e-002	2.2903e-002	
2653	-1.e-003	1.1037e-002	1.7957e-002	
2654	-1.e-003	1.3153e-002	1.7379e-002	
2655	-1.e-003	1.5269e-002	1.68e-002	
2656	-1.e-003	1.7384e-002	1.6222e-002	
2657	-1.e-003	1.95e-002	1.5644e-002	
2658	-1.e-003	2.3146e-002	2.457e-002	
2659	-1.e-003	2.5238e-002	2.5414e-002	
2660	-1.e-003	2.7357e-002	2.6189e-002	
2661	-1.e-003	2.95e-002	2.1381e-002	
2662	-1.e-003	2.95e-002	2.3219e-002	
2663	-1.e-003	2.95e-002	2.5057e-002	
2664	-1.e-003	2.95e-002	2.6895e-002	
2665	-1.e-003	2.1082e-002	2.3658e-002	
2666	-1.e-003	2.3187e-002	2.2629e-002	
2667	-1.e-003	2.5291e-002	2.16e-002	
2668	-1.e-003	2.7396e-002	2.0572e-002	
2669	-1.e-003	2.95e-002	1.9543e-002	
2670	-1.e-003	3.67e-002	2.2486e-002	
2671	-1.e-003	3.4633e-002	2.3857e-002	
2672	-1.e-003	3.2567e-002	2.5227e-002	
2673	-1.e-003	3.8767e-002	2.1116e-002	
2674	-1.e-003	3.668e-002	2.075e-002	
2675	-1.e-003	3.4606e-002	2.0321e-002	
2676	-1.e-003	3.2545e-002	1.9831e-002	
2677	-1.e-003	3.05e-002	2.6598e-002	
2678	-1.e-003	3.05e-002	2.4768e-002	
2679	-1.e-003	3.05e-002	2.2939e-002	
2680	-1.e-003	3.05e-002	2.1109e-002	
2681	-1.e-003	3.05e-002	1.928e-002	
2682	-1.e-003	3.32e-002	2.7934e-002	
2683	-1.e-003	3.5287e-002	2.8423e-002	
2684	-1.e-003	3.7387e-002	2.8848e-002	
2685	-1.e-003	3.95e-002	2.3674e-002	
2686	-1.e-003	3.95e-002	2.5518e-002	
2687	-1.e-003	3.95e-002	2.7362e-002	
2688	-1.e-003	3.95e-002	2.9207e-002	
2689	-1.e-003	3.113e-002	2.738e-002	
2690	-1.e-003	3.2525e-002	2.6455e-002	
2691	-1.e-003	3.392e-002	2.553e-002	
2692	-1.e-003	3.5315e-002	2.4605e-002	
2693	-1.e-003	3.671e-002	2.368e-002	
2694	-1.e-003	3.8105e-002	2.2754e-002	
2695	-1.e-003	3.95e-002	2.1829e-002	
2696	-1.e-003	4.7351e-002	2.3117e-002	
2697	-1.e-003	4.5981e-002	2.4235e-002	
2698	-1.e-003	4.4611e-002	2.5353e-002	
2699	-1.e-003	4.324e-002	2.6471e-002	
2700	-1.e-003	4.187e-002	2.759e-002	
2701	-1.e-003	4.8721e-002	2.1999e-002	
2702	-1.e-003	4.666e-002	2.1932e-002	
2703	-1.e-003	4.4601e-002	2.1805e-002	
2704	-1.e-003	4.2548e-002	2.1618e-002	
2705	-1.e-003	4.05e-002	2.8708e-002	
2706	-1.e-003	4.05e-002	2.6874e-002	
2707	-1.e-003	4.05e-002	2.504e-002	
2708	-1.e-003	4.05e-002	2.3206e-002	
2709	-1.e-003	4.05e-002	2.1372e-002	
2710	-1.e-003	4.1179e-002	2.9444e-002	
2711	-1.e-003	4.3252e-002	2.9679e-002	
2712	-1.e-003	4.5331e-002	2.9852e-002	
2713	-1.e-003	4.7414e-002	2.9962e-002	
2714	-1.e-003	4.95e-002	2.2654e-002	
2715	-1.e-003	4.95e-002	2.4493e-002	
2716	-1.e-003	4.95e-002	2.6332e-002	
2717	-1.e-003	4.95e-002	2.817e-002	
2718	-1.e-003	4.95e-002	3.0009e-002	
2719	0.	4.95e-002	2.817e-002	
2720	0.	4.95e-002	2.6332e-002	
2721	0.	4.95e-002	2.4493e-002	
2722	0.	4.95e-002	2.2654e-002	
2723	0.	4.95e-002	3.0009e-002	
2724	0.	4.3252e-002	2.9679e-002	
2725	0.	4.1179e-002	2.9444e-002	
2726	0.	4.5331e-002	2.9852e-002	
2727	0.	4.7414e-002	2.9962e-002	
2728	0.	4.05e-002	2.3206e-002	
2729	0.	4.05e-002	2.504e-002	
2730	0.	4.05e-002	2.6874e-002	
2731	0.	4.05e-002	2.8708e-002	
2732	0.	4.05e-002	2.1372e-002	
2733	0.	4.666e-002	2.1932e-002	
2734	0.	4.8721e-002	2.1999e-002	
2735	0.	4.4601e-002	2.1805e-002	
2736	0.	4.2548e-002	2.1618e-002	
2737	0.	4.187e-002	2.759e-002	
2738	0.	4.324e-002	2.6471e-002	
2739	0.	4.4611e-002	2.5353e-002	
2740	0.	4.5981e-002	2.4235e-002	
2741	0.	4.7351e-002	2.3117e-002	
2742	0.	3.8105e-002	2.2754e-002	
2743	0.	3.671e-002	2.368e-002	
2744	0.	3.5315e-002	2.4605e-002	
2745	0.	3.392e-002	2.553e-002	
2746	0.	3.2525e-002	2.6455e-002	
2747	0.	3.113e-002	2.738e-002	
2748	0.	3.95e-002	2.1829e-002	
2749	0.	3.95e-002	2.7362e-002	
2750	0.	3.95e-002	2.5518e-002	
2751	0.	3.95e-002	2.3674e-002	
2752	0.	3.95e-002	2.9207e-002	
2753	0.	3.32e-002	2.7934e-002	
2754	0.	3.5287e-002	2.8423e-002	
2755	0.	3.7387e-002	2.8848e-002	
2756	0.	3.05e-002	2.1109e-002	
2757	0.	3.05e-002	2.2939e-002	
2758	0.	3.05e-002	2.4768e-002	
2759	0.	3.05e-002	2.6598e-002	
2760	0.	3.05e-002	1.928e-002	
2761	0.	3.668e-002	2.075e-002	
2762	0.	3.8767e-002	2.1116e-002	
2763	0.	3.4606e-002	2.0321e-002	
2764	0.	3.2545e-002	1.9831e-002	
2765	0.	3.2567e-002	2.5227e-002	
2766	0.	3.4633e-002	2.3857e-002	
2767	0.	3.67e-002	2.2486e-002	
2768	0.	2.7396e-002	2.0572e-002	
2769	0.	2.5291e-002	2.16e-002	
2770	0.	2.3187e-002	2.2629e-002	
2771	0.	2.1082e-002	2.3658e-002	
2772	0.	2.95e-002	1.9543e-002	
2773	0.	2.95e-002	2.5057e-002	
2774	0.	2.95e-002	2.3219e-002	
2775	0.	2.95e-002	2.1381e-002	
2776	0.	2.95e-002	2.6895e-002	
2777	0.	2.3146e-002	2.457e-002	
2778	0.	2.5238e-002	2.5414e-002	
2779	0.	2.7357e-002	2.6189e-002	
2780	0.	1.7384e-002	1.6222e-002	
2781	0.	1.5269e-002	1.68e-002	
2782	0.	1.3153e-002	1.7379e-002	
2783	0.	1.1037e-002	1.7957e-002	
2784	0.	1.95e-002	1.5644e-002	
2785	0.	1.95e-002	2.1088e-002	
2786	0.	1.95e-002	1.9273e-002	
2787	0.	1.95e-002	1.7459e-002	
2788	0.	1.95e-002	2.2903e-002	
2789	0.	1.3086e-002	1.9305e-002	
2790	0.	1.5181e-002	2.0581e-002	
2791	0.	1.732e-002	2.178e-002	
2792	0.	1.05e-002	1.1773e-002	
2793	0.	1.05e-002	1.3538e-002	
2794	0.	1.05e-002	1.5302e-002	
2795	0.	1.05e-002	1.7067e-002	
2796	0.	1.05e-002	1.0008e-002	
2797	0.	1.6676e-002	1.3704e-002	
2798	0.	1.8814e-002	1.4794e-002	
2799	0.	1.4576e-002	1.2542e-002	
2800	0.	1.2517e-002	1.1309e-002	
2801	0.	1.2579e-002	1.6499e-002	
2802	0.	1.4657e-002	1.5931e-002	
2803	0.	1.6736e-002	1.5363e-002	
2804	0.	7.4965e-003	9.8886e-003	
2805	0.	5.4929e-003	9.9508e-003	
2806	0.	3.4894e-003	1.0013e-002	
2807	0.	1.4858e-003	1.0075e-002	
2808	0.	9.5e-003	9.8264e-003	
2809	0.	9.5e-003	1.5112e-002	
2810	0.	9.5e-003	1.335e-002	
2811	0.	9.5e-003	1.1588e-002	
2812	0.	9.5e-003	1.6874e-002	
2813	0.	2.7481e-003	1.1292e-002	
2814	0.	4.0408e-003	1.2476e-002	
2815	0.	5.3633e-003	1.3627e-002	
2816	0.	6.7145e-003	1.4744e-002	
2817	0.	8.0937e-003	1.5827e-002	
2818	0.	6.864e-003	8.9077e-003	
2819	0.	4.9094e-003	8.9684e-003	
2820	0.	2.9547e-003	9.0291e-003	
2821	0.	8.8187e-003	8.8471e-003	
2822	0.	1.e-003	9.0898e-003	
2823	0.	1.e-003	7.4151e-003	
2824	0.	1.e-003	5.7405e-003	
2825	0.	1.e-003	4.0658e-003	
2826	0.	1.e-003	2.3911e-003	
2827	0.	2.2378e-003	3.5437e-003	
2828	0.	3.5027e-003	4.6665e-003	
2829	0.	4.794e-003	5.7589e-003	
2830	0.	6.1109e-003	6.8201e-003	
2831	0.	7.4527e-003	7.8497e-003	
2832	0.	2.6726e-002	1.9786e-002	
2833	0.	2.465e-002	2.0801e-002	
2834	0.	2.2575e-002	2.1815e-002	
2835	0.	2.8801e-002	1.8772e-002	
2836	0.	2.05e-002	2.283e-002	
2837	0.	2.05e-002	2.102e-002	
2838	0.	2.05e-002	1.9211e-002	
2839	0.	2.05e-002	1.7401e-002	
2840	0.	2.05e-002	1.5592e-002	
2841	0.	2.2537e-002	1.6484e-002	
2842	0.	2.4601e-002	1.7312e-002	
2843	0.	2.6689e-002	1.8074e-002	
2844	0.	6.7433e-002	2.5227e-002	
2845	0.	6.5367e-002	2.3857e-002	
2846	0.	6.33e-002	2.2486e-002	
2847	0.	6.95e-002	2.6598e-002	
2848	0.	6.1233e-002	2.1116e-002	
2849	0.	6.332e-002	2.075e-002	
2850	0.	6.5394e-002	2.0321e-002	
2851	0.	6.7455e-002	1.9831e-002	
2852	0.	6.95e-002	1.928e-002	
2853	0.	6.95e-002	2.1109e-002	
2854	0.	6.95e-002	2.2939e-002	
2855	0.	6.95e-002	2.4768e-002	
2856	0.	7.7425e-002	2.1815e-002	
2857	0.	7.535e-002	2.0801e-002	
2858	0.	7.3274e-002	1.9786e-002	
2859	0.	7.95e-002	2.283e-002	
2860	0.	7.1199e-002	1.8772e-002	
2861	0.	7.3311e-002	1.8074e-002	
2862	0.	7.5399e-002	1.7312e-002	
2863	0.	7.7463e-002	1.6484e-002	
2864	0.	7.95e-002	1.5592e-002	
2865	0.	7.95e-002	1.7401e-002	
2866	0.	7.95e-002	1.9211e-002	
2867	0.	7.95e-002	2.102e-002	
2868	0.	8.7421e-002	1.6499e-002	
2869	0.	8.5343e-002	1.5931e-002	
2870	0.	8.3264e-002	1.5363e-002	
2871	0.	8.95e-002	1.7067e-002	
2872	0.	8.1186e-002	1.4794e-002	
2873	0.	8.3324e-002	1.3704e-002	
2874	0.	8.5424e-002	1.2542e-002	
2875	0.	8.7483e-002	1.1309e-002	
2876	0.	8.95e-002	1.0008e-002	
2877	0.	8.95e-002	1.1773e-002	
2878	0.	8.95e-002	1.3538e-002	
2879	0.	8.95e-002	1.5302e-002	
2880	0.	9.7045e-002	9.0291e-003	
2881	0.	9.5091e-002	8.9684e-003	
2882	0.	9.3136e-002	8.9077e-003	
2883	0.	9.9e-002	9.0898e-003	
2884	0.	9.1181e-002	8.8471e-003	
2885	0.	9.2547e-002	7.8497e-003	
2886	0.	9.3889e-002	6.8201e-003	
2887	0.	9.5206e-002	5.7589e-003	
2888	0.	9.6497e-002	4.6665e-003	
2889	0.	9.7762e-002	3.5437e-003	
2890	0.	9.9e-002	2.3911e-003	
2891	0.	9.9e-002	4.0658e-003	
2892	0.	9.9e-002	5.7405e-003	
2893	0.	9.9e-002	7.4151e-003	
2894	0.	0.1	2.5e-003	
2895	0.	0.1	5.e-003	
2896	0.	0.1	7.5e-003	
2897	0.	0.1	1.e-002	
2898	0.	0.1	1.3878e-017	
2899	0.	9.2182e-002	6.8736e-003	
2900	0.	9.05e-002	8.1044e-003	
2901	0.	9.3826e-002	5.5932e-003	
2902	0.	9.5431e-002	4.2645e-003	
2903	0.	9.6996e-002	2.8885e-003	
2904	0.	9.852e-002	1.4666e-003	
2905	0.	9.05e-002	2.0261e-003	
2906	0.	9.05e-002	4.0522e-003	
2907	0.	9.05e-002	6.0783e-003	
2908	0.	9.05e-002	-1.0602e-030	
2909	0.	8.95e-002	0.	
2910	0.	8.95e-002	6.6006e-003	
2911	0.	8.95e-002	4.4004e-003	
2912	0.	8.95e-002	2.2002e-003	
2913	0.	8.95e-002	8.8008e-003	
2914	0.	8.2052e-002	1.3241e-002	
2915	0.	8.05e-002	1.4016e-002	
2916	0.	8.3585e-002	1.2427e-002	
2917	0.	8.5097e-002	1.1576e-002	
2918	0.	8.6587e-002	1.0687e-002	
2919	0.	8.8055e-002	9.7621e-003	
2920	0.	8.05e-002	2.336e-003	
2921	0.	8.05e-002	4.6721e-003	
2922	0.	8.05e-002	7.0081e-003	
2923	0.	8.05e-002	9.3441e-003	
2924	0.	8.05e-002	1.168e-002	
2925	0.	8.05e-002	2.0195e-031	
2926	0.	7.95e-002	0.	
2927	0.	7.95e-002	1.2075e-002	
2928	0.	7.95e-002	9.6603e-003	
2929	0.	7.95e-002	7.2453e-003	
2930	0.	7.95e-002	4.8302e-003	
2931	0.	7.95e-002	2.4151e-003	
2932	0.	7.95e-002	1.4491e-002	
2933	0.	7.2793e-002	1.7195e-002	
2934	0.	7.05e-002	1.7941e-002	
2935	0.	7.5059e-002	1.6371e-002	
2936	0.	7.7296e-002	1.5469e-002	
2937	0.	7.05e-002	2.2426e-003	
2938	0.	7.05e-002	4.4853e-003	
2939	0.	7.05e-002	6.7279e-003	
2940	0.	7.05e-002	8.9706e-003	
2941	0.	7.05e-002	1.1213e-002	
2942	0.	7.05e-002	1.3456e-002	
2943	0.	7.05e-002	1.5698e-002	
2944	0.	7.05e-002	-6.0585e-031	
2945	0.	6.95e-002	0.	
2946	0.	6.95e-002	1.5959e-002	
2947	0.	6.95e-002	1.3679e-002	
2948	0.	6.95e-002	1.14e-002	
2949	0.	6.95e-002	9.1196e-003	
2950	0.	6.95e-002	6.8397e-003	
2951	0.	6.95e-002	4.5598e-003	
2952	0.	6.95e-002	2.2799e-003	
2953	0.	6.95e-002	1.8239e-002	
2954	0.	6.2773e-002	1.9835e-002	
2955	0.	6.05e-002	2.0218e-002	
2956	0.	6.5033e-002	1.9377e-002	
2957	0.	6.7276e-002	1.8845e-002	
2958	0.	6.05e-002	2.0218e-003	
2959	0.	6.05e-002	4.0436e-003	
2960	0.	6.05e-002	6.0655e-003	
2961	0.	6.05e-002	8.0873e-003	
2962	0.	6.05e-002	1.0109e-002	
2963	0.	6.05e-002	1.2131e-002	
2964	0.	6.05e-002	1.4153e-002	
2965	0.	6.05e-002	1.6175e-002	
2966	0.	6.05e-002	1.8196e-002	
2967	0.	6.05e-002	2.1205e-030	
2968	0.	5.95e-002	0.	
2969	0.	5.95e-002	1.8326e-002	
2970	0.	5.95e-002	1.629e-002	
2971	0.	5.95e-002	1.4254e-002	
2972	0.	5.95e-002	1.2218e-002	
2973	0.	5.95e-002	1.0181e-002	
2974	0.	5.95e-002	8.145e-003	
2975	0.	5.95e-002	6.1088e-003	
2976	0.	5.95e-002	4.0725e-003	
2977	0.	5.95e-002	2.0363e-003	
2978	0.	5.95e-002	2.0363e-002	
2979	0.	5.2757e-002	2.0956e-002	
2980	0.	5.05e-002	2.1008e-002	
2981	0.	5.501e-002	2.0831e-002	
2982	0.	5.7259e-002	2.0633e-002	
2983	0.	5.05e-002	2.1008e-003	
2984	0.	5.05e-002	4.2017e-003	
2985	0.	5.05e-002	6.3025e-003	
2986	0.	5.05e-002	8.4034e-003	
2987	0.	5.05e-002	1.0504e-002	
2988	0.	5.05e-002	1.2605e-002	
2989	0.	5.05e-002	1.4706e-002	
2990	0.	5.05e-002	1.6807e-002	
2991	0.	5.05e-002	1.8908e-002	
2992	0.	5.05e-002	5.3011e-031	
2993	0.	4.95e-002	0.	
2994	0.	4.95e-002	1.8908e-002	
2995	0.	4.95e-002	1.6807e-002	
2996	0.	4.95e-002	1.4706e-002	
2997	0.	4.95e-002	1.2605e-002	
2998	0.	4.95e-002	1.0504e-002	
2999	0.	4.95e-002	8.4034e-003	
3000	0.	4.95e-002	6.3025e-003	
3001	0.	4.95e-002	4.2017e-003	
3002	0.	4.95e-002	2.1008e-003	
3003	0.	4.95e-002	2.1008e-002	
3004	0.	4.2741e-002	2.0633e-002	
3005	0.	4.05e-002	2.0363e-002	
3006	0.	4.499e-002	2.0831e-002	
3007	0.	4.7243e-002	2.0956e-002	
3008	0.	4.05e-002	2.0363e-003	
3009	0.	4.05e-002	4.0725e-003	
3010	0.	4.05e-002	6.1088e-003	
3011	0.	4.05e-002	8.145e-003	
3012	0.	4.05e-002	1.0181e-002	
3013	0.	4.05e-002	1.2218e-002	
3014	0.	4.05e-002	1.4254e-002	
3015	0.	4.05e-002	1.629e-002	
3016	0.	4.05e-002	1.8326e-002	
3017	0.	4.05e-002	2.7515e-030	
3018	0.	3.95e-002	3.4694e-018	
3019	0.	3.95e-002	1.8196e-002	
3020	0.	3.95e-002	1.6175e-002	
3021	0.	3.95e-002	1.4153e-002	
3022	0.	3.95e-002	1.2131e-002	
3023	0.	3.95e-002	1.0109e-002	
3024	0.	3.95e-002	8.0873e-003	
3025	0.	3.95e-002	6.0655e-003	
3026	0.	3.95e-002	4.0436e-003	
3027	0.	3.95e-002	2.0218e-003	
3028	0.	3.95e-002	2.0218e-002	
3029	0.	3.2724e-002	1.8845e-002	
3030	0.	3.05e-002	1.8239e-002	
3031	0.	3.4967e-002	1.9377e-002	
3032	0.	3.7227e-002	1.9835e-002	
3033	0.	3.05e-002	2.2799e-003	
3034	0.	3.05e-002	4.5598e-003	
3035	0.	3.05e-002	6.8397e-003	
3036	0.	3.05e-002	9.1196e-003	
3037	0.	3.05e-002	1.14e-002	
3038	0.	3.05e-002	1.3679e-002	
3039	0.	3.05e-002	1.5959e-002	
3040	0.	3.05e-002	-2.7768e-031	
3041	0.	2.95e-002	0.	
3042	0.	2.95e-002	1.5698e-002	
3043	0.	2.95e-002	1.3456e-002	
3044	0.	2.95e-002	1.1213e-002	
3045	0.	2.95e-002	8.9706e-003	
3046	0.	2.95e-002	6.7279e-003	
3047	0.	2.95e-002	4.4853e-003	
3048	0.	2.95e-002	2.2426e-003	
3049	0.	2.95e-002	1.7941e-002	
3050	0.	2.2704e-002	1.5469e-002	
3051	0.	2.05e-002	1.4491e-002	
3052	0.	2.4941e-002	1.6371e-002	
3053	0.	2.7207e-002	1.7195e-002	
3054	0.	2.05e-002	2.4151e-003	
3055	0.	2.05e-002	4.8302e-003	
3056	0.	2.05e-002	7.2453e-003	
3057	0.	2.05e-002	9.6603e-003	
3058	0.	2.05e-002	1.2075e-002	
3059	0.	2.05e-002	0.	
3060	0.	1.95e-002	0.	
3061	0.	1.95e-002	1.168e-002	
3062	0.	1.95e-002	9.3441e-003	
3063	0.	1.95e-002	7.0081e-003	
3064	0.	1.95e-002	4.6721e-003	
3065	0.	1.95e-002	2.336e-003	
3066	0.	1.95e-002	1.4016e-002	
3067	0.	1.1945e-002	9.7621e-003	
3068	0.	1.05e-002	8.8008e-003	
3069	0.	1.3413e-002	1.0687e-002	
3070	0.	1.4903e-002	1.1576e-002	
3071	0.	1.6415e-002	1.2427e-002	
3072	0.	1.7948e-002	1.3241e-002	
3073	0.	1.05e-002	2.2002e-003	
3074	0.	1.05e-002	4.4004e-003	
3075	0.	1.05e-002	6.6006e-003	
3076	0.	1.05e-002	0.	
3077	0.	9.5e-003	0.	
3078	0.	9.5e-003	6.0783e-003	
3079	0.	9.5e-003	4.0522e-003	
3080	0.	9.5e-003	2.0261e-003	
3081	0.	9.5e-003	8.1044e-003	
3082	0.	1.4804e-003	1.4666e-003	
3083	0.	0.	0.	
3084	0.	3.0038e-003	2.8885e-003	
3085	0.	4.5689e-003	4.2645e-003	
3086	0.	6.1743e-003	5.5932e-003	
3087	0.	7.8184e-003	6.8736e-003	
3088	0.	0.	7.5e-003	
3089	0.	0.	5.e-003	
3090	0.	0.	2.5e-003	
3091	0.	-2.0817e-017	1.e-002	
3092	0.	9.8313e-002	1.1664e-002	
3093	0.	9.6571e-002	1.3271e-002	
3094	0.	9.4775e-002	1.4817e-002	
3095	0.	9.2928e-002	1.6302e-002	
3096	0.	9.1032e-002	1.7723e-002	
3097	0.	8.9089e-002	1.908e-002	
3098	0.	8.7101e-002	2.037e-002	
3099	0.	8.507e-002	2.1591e-002	
3100	0.	8.3e-002	2.2744e-002	
3101	0.	8.0891e-002	2.3825e-002	
3102	0.	7.8747e-002	2.4835e-002	
3103	0.	7.657e-002	2.5771e-002	
3104	0.	7.4363e-002	2.6634e-002	
3105	0.	7.2128e-002	2.7421e-002	
3106	0.	6.9867e-002	2.8132e-002	
3107	0.	6.7584e-002	2.8766e-002	
3108	0.	6.528e-002	2.9322e-002	
3109	0.	6.2959e-002	2.98e-002	
3110	0.	6.0623e-002	3.0199e-002	
3111	0.	5.8275e-002	3.0519e-002	
3112	0.	5.5918e-002	3.076e-002	
3113	0.	5.3553e-002	3.092e-002	
3114	0.	5.1185e-002	3.1e-002	
3115	0.	4.8815e-002	3.1e-002	
3116	0.	4.6447e-002	3.092e-002	
3117	0.	4.4082e-002	3.076e-002	
3118	0.	4.1725e-002	3.0519e-002	
3119	0.	3.9377e-002	3.0199e-002	
3120	0.	3.7041e-002	2.98e-002	
3121	0.	3.472e-002	2.9322e-002	
3122	0.	3.2416e-002	2.8766e-002	
3123	0.	3.0133e-002	2.8132e-002	
3124	0.	2.7872e-002	2.7421e-002	
3125	0.	2.5637e-002	2.6634e-002	
3126	0.	2.343e-002	2.5771e-002	
3127	0.	2.1253e-002	2.4835e-002	
3128	0.	1.9109e-002	2.3825e-002	
3129	0.	1.7e-002	2.2744e-002	
3130	0.	1.493e-002	2.1591e-002	
3131	0.	1.2899e-002	2.037e-002	
3132	0.	1.0911e-002	1.908e-002	
3133	0.	8.968e-003	1.7723e-002	
3134	0.	7.0718e-003	1.6302e-002	
3135	0.	5.2248e-003	1.4817e-002	
3136	0.	3.4292e-003	1.3271e-002	
3137	0.	1.6869e-003	1.1664e-002	
3138	0.	9.1906e-002	1.5827e-002	
3139	0.	9.05e-002	1.6874e-002	
3140	0.	9.3285e-002	1.4744e-002	
3141	0.	9.4637e-002	1.3627e-002	
3142	0.	9.5959e-002	1.2476e-002	
3143	0.	9.7252e-002	1.1292e-002	
3144	0.	9.8514e-002	1.0075e-002	
3145	0.	9.6511e-002	1.0013e-002	
3146	0.	9.4507e-002	9.9508e-003	
3147	0.	9.2504e-002	9.8886e-003	
3148	0.	9.05e-002	9.8264e-003	
3149	0.	8.05e-002	1.7459e-002	
3150	0.	8.05e-002	1.9273e-002	
3151	0.	8.05e-002	2.1088e-002	
3152	0.	8.05e-002	2.2903e-002	
3153	0.	8.05e-002	1.5644e-002	
3154	0.	8.6847e-002	1.7379e-002	
3155	0.	8.4731e-002	1.68e-002	
3156	0.	8.2616e-002	1.6222e-002	
3157	0.	8.8963e-002	1.7957e-002	
3158	0.	8.268e-002	2.178e-002	
3159	0.	8.4819e-002	2.0581e-002	
3160	0.	8.6914e-002	1.9305e-002	
3161	0.	7.05e-002	2.1381e-002	
3162	0.	7.05e-002	2.3219e-002	
3163	0.	7.05e-002	2.5057e-002	
3164	0.	7.05e-002	2.6895e-002	
3165	0.	7.05e-002	1.9543e-002	
3166	0.	7.6813e-002	2.2629e-002	
3167	0.	7.4709e-002	2.16e-002	
3168	0.	7.2604e-002	2.0572e-002	
3169	0.	7.8918e-002	2.3658e-002	
3170	0.	7.2643e-002	2.6189e-002	
3171	0.	7.4762e-002	2.5414e-002	
3172	0.	7.6854e-002	2.457e-002	
3173	0.	6.05e-002	2.3674e-002	
3174	0.	6.05e-002	2.5518e-002	
3175	0.	6.05e-002	2.7362e-002	
3176	0.	6.05e-002	2.9207e-002	
3177	0.	6.05e-002	2.1829e-002	
3178	0.	6.7475e-002	2.6455e-002	
3179	0.	6.608e-002	2.553e-002	
3180	0.	6.4685e-002	2.4605e-002	
3181	0.	6.329e-002	2.368e-002	
3182	0.	6.1895e-002	2.2754e-002	
3183	0.	6.887e-002	2.738e-002	
3184	0.	6.2613e-002	2.8848e-002	
3185	0.	6.4713e-002	2.8423e-002	
3186	0.	6.68e-002	2.7934e-002	
3187	0.	5.8122e-002	2.3387e-002	
3188	0.	5.6745e-002	2.471e-002	
3189	0.	5.5367e-002	2.6032e-002	
3190	0.	5.3989e-002	2.7354e-002	
3191	0.	5.2611e-002	2.8677e-002	
3192	0.	5.1234e-002	2.9999e-002	
3193	0.	5.95e-002	2.2065e-002	
3194	0.	5.95e-002	2.7531e-002	
3195	0.	5.95e-002	2.5709e-002	
3196	0.	5.95e-002	2.3887e-002	
3197	0.	5.95e-002	2.9353e-002	
3198	0.	5.3307e-002	2.9931e-002	
3199	0.	5.5376e-002	2.98e-002	
3200	0.	5.7442e-002	2.9608e-002	
3201	0.	5.05e-002	2.3836e-002	
3202	0.	5.05e-002	2.5663e-002	
3203	0.	5.05e-002	2.749e-002	
3204	0.	5.05e-002	2.9317e-002	
3205	0.	5.05e-002	2.2008e-002	
3206	0.	5.6631e-002	2.17e-002	
3207	0.	5.8666e-002	2.1479e-002	
3208	0.	5.4591e-002	2.1862e-002	
3209	0.	5.2546e-002	2.1965e-002	
3210	0.	5.1861e-002	2.8011e-002	
3211	0.	5.3222e-002	2.6705e-002	
3212	0.	5.4583e-002	2.5398e-002	
3213	0.	5.5944e-002	2.4092e-002	
3214	0.	5.7305e-002	2.2786e-002	
3215	0.	9.05e-002	1.1588e-002	
3216	0.	9.05e-002	1.335e-002	
3217	0.	9.05e-002	1.5112e-002	
3218	0.	4.8113e-002	2.3786e-002	
3219	0.	4.6726e-002	2.4917e-002	
3220	0.	4.534e-002	2.6049e-002	
3221	0.	4.3953e-002	2.7181e-002	
3222	0.	4.2566e-002	2.8312e-002	
3223	2.e-002	6.9738e-002	1.8916e-002	
3224	2.e-002	3.0829e-002	1.8847e-002	
3225	1.9e-002	3.0829e-002	1.8847e-002	
3226	1.9e-002	6.9738e-002	1.8916e-002	
3227	1.9e-002	4.2566e-002	2.8312e-002	
3228	1.9e-002	4.3953e-002	2.7181e-002	
3229	1.9e-002	4.534e-002	2.6049e-002	
3230	1.9e-002	4.6726e-002	2.4917e-002	
3231	1.9e-002	4.8113e-002	2.3786e-002	
3232	1.9e-002	9.05e-002	1.5112e-002	
3233	1.9e-002	9.05e-002	1.335e-002	
3234	1.9e-002	9.05e-002	1.1588e-002	
3235	1.9e-002	5.7305e-002	2.2786e-002	
3236	1.9e-002	5.5944e-002	2.4092e-002	
3237	1.9e-002	5.4583e-002	2.5398e-002	
3238	1.9e-002	5.3222e-002	2.6705e-002	
3239	1.9e-002	5.1861e-002	2.8011e-002	
3240	1.9e-002	5.8666e-002	2.1479e-002	
3241	1.9e-002	5.6631e-002	2.17e-002	
3242	1.9e-002	5.4591e-002	2.1862e-002	
3243	1.9e-002	5.2546e-002	2.1965e-002	
3244	1.9e-002	5.05e-002	2.9317e-002	
3245	1.9e-002	5.05e-002	2.749e-002	
3246	1.9e-002	5.05e-002	2.5663e-002	
3247	1.9e-002	5.05e-002	2.3836e-002	
3248	1.9e-002	5.05e-002	2.2008e-002	
3249	1.9e-002	5.3307e-002	2.9931e-002	
3250	1.9e-002	5.5376e-002	2.98e-002	
3251	1.9e-002	5.7442e-002	2.9608e-002	
3252	1.9e-002	5.95e-002	2.3887e-002	
3253	1.9e-002	5.95e-002	2.5709e-002	
3254	1.9e-002	5.95e-002	2.7531e-002	
3255	1.9e-002	5.95e-002	2.9353e-002	
3256	1.9e-002	5.1234e-002	2.9999e-002	
3257	1.9e-002	5.2611e-002	2.8677e-002	
3258	1.9e-002	5.3989e-002	2.7354e-002	
3259	1.9e-002	5.5367e-002	2.6032e-002	
3260	1.9e-002	5.6745e-002	2.471e-002	
3261	1.9e-002	5.8122e-002	2.3387e-002	
3262	1.9e-002	5.95e-002	2.2065e-002	
3263	1.9e-002	6.2613e-002	2.8848e-002	
3264	1.9e-002	6.4713e-002	2.8423e-002	
3265	1.9e-002	6.68e-002	2.7934e-002	
3266	1.9e-002	6.1895e-002	2.2754e-002	
3267	1.9e-002	6.329e-002	2.368e-002	
3268	1.9e-002	6.4685e-002	2.4605e-002	
3269	1.9e-002	6.608e-002	2.553e-002	
3270	1.9e-002	6.7475e-002	2.6455e-002	
3271	1.9e-002	6.887e-002	2.738e-002	
3272	1.9e-002	6.05e-002	2.9207e-002	
3273	1.9e-002	6.05e-002	2.7362e-002	
3274	1.9e-002	6.05e-002	2.5518e-002	
3275	1.9e-002	6.05e-002	2.3674e-002	
3276	1.9e-002	6.05e-002	2.1829e-002	
3277	1.9e-002	7.2643e-002	2.6189e-002	
3278	1.9e-002	7.4762e-002	2.5414e-002	
3279	1.9e-002	7.6854e-002	2.457e-002	
3280	1.9e-002	7.2604e-002	2.0572e-002	
3281	1.9e-002	7.4709e-002	2.16e-002	
3282	1.9e-002	7.6813e-002	2.2629e-002	
3283	1.9e-002	7.8918e-002	2.3658e-002	
3284	1.9e-002	7.05e-002	2.6895e-002	
3285	1.9e-002	7.05e-002	2.5057e-002	
3286	1.9e-002	7.05e-002	2.3219e-002	
3287	1.9e-002	7.05e-002	2.1381e-002	
3288	1.9e-002	7.05e-002	1.9543e-002	
3289	1.9e-002	8.268e-002	2.178e-002	
3290	1.9e-002	8.4819e-002	2.0581e-002	
3291	1.9e-002	8.6914e-002	1.9305e-002	
3292	1.9e-002	8.2616e-002	1.6222e-002	
3293	1.9e-002	8.4731e-002	1.68e-002	
3294	1.9e-002	8.6847e-002	1.7379e-002	
3295	1.9e-002	8.8963e-002	1.7957e-002	
3296	1.9e-002	8.05e-002	2.2903e-002	
3297	1.9e-002	8.05e-002	2.1088e-002	
3298	1.9e-002	8.05e-002	1.9273e-002	
3299	1.9e-002	8.05e-002	1.7459e-002	
3300	1.9e-002	8.05e-002	1.5644e-002	
3301	1.9e-002	9.05e-002	9.8264e-003	
3302	1.9e-002	9.2504e-002	9.8886e-003	
3303	1.9e-002	9.4507e-002	9.9508e-003	
3304	1.9e-002	9.6511e-002	1.0013e-002	
3305	1.9e-002	9.05e-002	1.6874e-002	
3306	1.9e-002	9.1906e-002	1.5827e-002	
3307	1.9e-002	9.3285e-002	1.4744e-002	
3308	1.9e-002	9.4637e-002	1.3627e-002	
3309	1.9e-002	9.5959e-002	1.2476e-002	
3310	1.9e-002	9.8514e-002	1.0075e-002	
3311	1.9e-002	9.7252e-002	1.1292e-002	
3312	1.9e-002	9.8313e-002	1.1664e-002	
3313	1.9e-002	9.6571e-002	1.3271e-002	
3314	1.9e-002	9.4775e-002	1.4817e-002	
3315	1.9e-002	9.2928e-002	1.6302e-002	
3316	1.9e-002	9.1032e-002	1.7723e-002	
3317	1.9e-002	8.9089e-002	1.908e-002	
3318	1.9e-002	8.7101e-002	2.037e-002	
3319	1.9e-002	8.507e-002	2.1591e-002	
3320	1.9e-002	8.3e-002	2.2744e-002	
3321	1.9e-002	8.0891e-002	2.3825e-002	
3322	1.9e-002	7.8747e-002	2.4835e-002	
3323	1.9e-002	7.657e-002	2.5771e-002	
3324	1.9e-002	7.4363e-002	2.6634e-002	
3325	1.9e-002	7.2128e-002	2.7421e-002	
3326	1.9e-002	6.9867e-002	2.8132e-002	
3327	1.9e-002	6.7584e-002	2.8766e-002	
3328	1.9e-002	6.528e-002	2.9322e-002	
3329	1.9e-002	6.2959e-002	2.98e-002	
3330	1.9e-002	6.0623e-002	3.0199e-002	
3331	1.9e-002	5.8275e-002	3.0519e-002	
3332	1.9e-002	5.5918e-002	3.076e-002	
3333	1.9e-002	5.3553e-002	3.092e-002	
3334	1.9e-002	5.1185e-002	3.1e-002	
3335	1.9e-002	4.8815e-002	3.1e-002	
3336	1.9e-002	4.6447e-002	3.092e-002	
3337	1.9e-002	4.4082e-002	3.076e-002	
3338	1.9e-002	4.1725e-002	3.0519e-002	
3339	1.9e-002	3.9377e-002	3.0199e-002	
3340	1.9e-002	3.7041e-002	2.98e-002	
3341	1.9e-002	3.472e-002	2.9322e-002	
3342	1.9e-002	3.2416e-002	2.8766e-002	
3343	1.9e-002	3.0133e-002	2.8132e-002	
3344	1.9e-002	2.7872e-002	2.7421e-002	
3345	1.9e-002	2.5637e-002	2.6634e-002	
3346	1.9e-002	2.343e-002	2.5771e-002	
3347	1.9e-002	2.1253e-002	2.4835e-002	
3348	1.9e-002	1.9109e-002	2.3825e-002	
3349	1.9e-002	1.7e-002	2.2744e-002	
3350	1.9e-002	1.493e-002	2.1591e-002	
3351	1.9e-002	1.2899e-002	2.037e-002	
3352	1.9e-002	1.0911e-002	1.908e-002	
3353	1.9e-002	8.968e-003	1.7723e-002	
3354	1.9e-002	7.0718e-003	1.6302e-002	
3355	1.9e-002	5.2248e-003	1.4817e-002	
3356	1.9e-002	3.4292e-003	1.3271e-002	
3357	1.9e-002	1.6869e-003	1.1664e-002	
3358	1.9e-002	0.	2.5e-003	
3359	1.9e-002	0.	5.e-003	
3360	1.9e-002	0.	7.5e-003	
3361	1.9e-002	-2.0817e-017	1.e-002	
3362	1.9e-002	0.	0.	
3363	1.9e-002	1.4804e-003	1.4666e-003	
3364	1.9e-002	3.0038e-003	2.8885e-003	
3365	1.9e-002	4.5689e-003	4.2645e-003	
3366	1.9e-002	6.1743e-003	5.5932e-003	
3367	1.9e-002	7.8184e-003	6.8736e-003	
3368	1.9e-002	9.5e-003	2.0261e-003	
3369	1.9e-002	9.5e-003	4.0522e-003	
3370	1.9e-002	9.5e-003	6.0783e-003	
3371	1.9e-002	9.5e-003	8.1044e-003	
3372	1.9e-002	9.5e-003	0.	
3373	1.9e-002	1.05e-002	6.6006e-003	
3374	1.9e-002	1.05e-002	4.4004e-003	
3375	1.9e-002	1.05e-002	2.2002e-003	
3376	1.9e-002	1.05e-002	0.	
3377	1.9e-002	1.05e-002	8.8008e-003	
3378	1.9e-002	1.1945e-002	9.7621e-003	
3379	1.9e-002	1.3413e-002	1.0687e-002	
3380	1.9e-002	1.4903e-002	1.1576e-002	
3381	1.9e-002	1.6415e-002	1.2427e-002	
3382	1.9e-002	1.7948e-002	1.3241e-002	
3383	1.9e-002	1.95e-002	2.336e-003	
3384	1.9e-002	1.95e-002	4.6721e-003	
3385	1.9e-002	1.95e-002	7.0081e-003	
3386	1.9e-002	1.95e-002	9.3441e-003	
3387	1.9e-002	1.95e-002	1.168e-002	
3388	1.9e-002	1.95e-002	1.4016e-002	
3389	1.9e-002	1.95e-002	0.	
3390	1.9e-002	2.05e-002	1.2075e-002	
3391	1.9e-002	2.05e-002	9.6603e-003	
3392	1.9e-002	2.05e-002	7.2453e-003	
3393	1.9e-002	2.05e-002	4.8302e-003	
3394	1.9e-002	2.05e-002	2.4151e-003	
3395	1.9e-002	2.05e-002	0.	
3396	1.9e-002	2.05e-002	1.4491e-002	
3397	1.9e-002	2.2704e-002	1.5469e-002	
3398	1.9e-002	2.4941e-002	1.6371e-002	
3399	1.9e-002	2.7207e-002	1.7195e-002	
3400	1.9e-002	2.95e-002	2.2426e-003	
3401	1.9e-002	2.95e-002	4.4853e-003	
3402	1.9e-002	2.95e-002	6.7279e-003	
3403	1.9e-002	2.95e-002	8.9706e-003	
3404	1.9e-002	2.95e-002	1.1213e-002	
3405	1.9e-002	2.95e-002	1.3456e-002	
3406	1.9e-002	2.95e-002	1.5698e-002	
3407	1.9e-002	2.95e-002	1.7941e-002	
3408	1.9e-002	2.95e-002	0.	
3409	1.9e-002	3.05e-002	1.5959e-002	
3410	1.9e-002	3.05e-002	1.3679e-002	
3411	1.9e-002	3.05e-002	1.14e-002	
3412	1.9e-002	3.05e-002	9.1196e-003	
3413	1.9e-002	3.05e-002	6.8397e-003	
3414	1.9e-002	3.05e-002	4.5598e-003	
3415	1.9e-002	3.05e-002	2.2799e-003	
3416	1.9e-002	3.05e-002	-2.7768e-031	
3417	1.9e-002	3.05e-002	1.8239e-002	
3418	1.9e-002	3.2724e-002	1.8845e-002	
3419	1.9e-002	3.4967e-002	1.9377e-002	
3420	1.9e-002	3.7227e-002	1.9835e-002	
3421	1.9e-002	3.95e-002	2.0218e-003	
3422	1.9e-002	3.95e-002	4.0436e-003	
3423	1.9e-002	3.95e-002	6.0655e-003	
3424	1.9e-002	3.95e-002	8.0873e-003	
3425	1.9e-002	3.95e-002	1.0109e-002	
3426	1.9e-002	3.95e-002	1.2131e-002	
3427	1.9e-002	3.95e-002	1.4153e-002	
3428	1.9e-002	3.95e-002	1.6175e-002	
3429	1.9e-002	3.95e-002	1.8196e-002	
3430	1.9e-002	3.95e-002	2.0218e-002	
3431	1.9e-002	3.95e-002	3.4694e-018	
3432	1.9e-002	4.05e-002	1.8326e-002	
3433	1.9e-002	4.05e-002	1.629e-002	
3434	1.9e-002	4.05e-002	1.4254e-002	
3435	1.9e-002	4.05e-002	1.2218e-002	
3436	1.9e-002	4.05e-002	1.0181e-002	
3437	1.9e-002	4.05e-002	8.145e-003	
3438	1.9e-002	4.05e-002	6.1088e-003	
3439	1.9e-002	4.05e-002	4.0725e-003	
3440	1.9e-002	4.05e-002	2.0363e-003	
3441	1.9e-002	4.05e-002	2.7515e-030	
3442	1.9e-002	4.05e-002	2.0363e-002	
3443	1.9e-002	4.2741e-002	2.0633e-002	
3444	1.9e-002	4.499e-002	2.0831e-002	
3445	1.9e-002	4.7243e-002	2.0956e-002	
3446	1.9e-002	4.95e-002	2.1008e-003	
3447	1.9e-002	4.95e-002	4.2017e-003	
3448	1.9e-002	4.95e-002	6.3025e-003	
3449	1.9e-002	4.95e-002	8.4034e-003	
3450	1.9e-002	4.95e-002	1.0504e-002	
3451	1.9e-002	4.95e-002	1.2605e-002	
3452	1.9e-002	4.95e-002	1.4706e-002	
3453	1.9e-002	4.95e-002	1.6807e-002	
3454	1.9e-002	4.95e-002	1.8908e-002	
3455	1.9e-002	4.95e-002	2.1008e-002	
3456	1.9e-002	4.95e-002	0.	
3457	1.9e-002	5.05e-002	1.8908e-002	
3458	1.9e-002	5.05e-002	1.6807e-002	
3459	1.9e-002	5.05e-002	1.4706e-002	
3460	1.9e-002	5.05e-002	1.2605e-002	
3461	1.9e-002	5.05e-002	1.0504e-002	
3462	1.9e-002	5.05e-002	8.4034e-003	
3463	1.9e-002	5.05e-002	6.3025e-003	
3464	1.9e-002	5.05e-002	4.2017e-003	
3465	1.9e-002	5.05e-002	2.1008e-003	
3466	1.9e-002	5.05e-002	5.3011e-031	
3467	1.9e-002	5.05e-002	2.1008e-002	
3468	1.9e-002	5.2757e-002	2.0956e-002	
3469	1.9e-002	5.501e-002	2.0831e-002	
3470	1.9e-002	5.7259e-002	2.0633e-002	
3471	1.9e-002	5.95e-002	2.0363e-003	
3472	1.9e-002	5.95e-002	4.0725e-003	
3473	1.9e-002	5.95e-002	6.1088e-003	
3474	1.9e-002	5.95e-002	8.145e-003	
3475	1.9e-002	5.95e-002	1.0181e-002	
3476	1.9e-002	5.95e-002	1.2218e-002	
3477	1.9e-002	5.95e-002	1.4254e-002	
3478	1.9e-002	5.95e-002	1.629e-002	
3479	1.9e-002	5.95e-002	1.8326e-002	
3480	1.9e-002	5.95e-002	2.0363e-002	
3481	1.9e-002	5.95e-002	0.	
3482	1.9e-002	6.05e-002	1.8196e-002	
3483	1.9e-002	6.05e-002	1.6175e-002	
3484	1.9e-002	6.05e-002	1.4153e-002	
3485	1.9e-002	6.05e-002	1.2131e-002	
3486	1.9e-002	6.05e-002	1.0109e-002	
3487	1.9e-002	6.05e-002	8.0873e-003	
3488	1.9e-002	6.05e-002	6.0655e-003	
3489	1.9e-002	6.05e-002	4.0436e-003	
3490	1.9e-002	6.05e-002	2.0218e-003	
3491	1.9e-002	6.05e-002	2.1205e-030	
3492	1.9e-002	6.05e-002	2.0218e-002	
3493	1.9e-002	6.2773e-002	1.9835e-002	
3494	1.9e-002	6.5033e-002	1.9377e-002	
3495	1.9e-002	6.7276e-002	1.8845e-002	
3496	1.9e-002	6.95e-002	2.2799e-003	
3497	1.9e-002	6.95e-002	4.5598e-003	
3498	1.9e-002	6.95e-002	6.8397e-003	
3499	1.9e-002	6.95e-002	9.1196e-003	
3500	1.9e-002	6.95e-002	1.14e-002	
3501	1.9e-002	6.95e-002	1.3679e-002	
3502	1.9e-002	6.95e-002	1.5959e-002	
3503	1.9e-002	6.95e-002	1.8239e-002	
3504	1.9e-002	6.95e-002	0.	
3505	1.9e-002	7.05e-002	1.5698e-002	
3506	1.9e-002	7.05e-002	1.3456e-002	
3507	1.9e-002	7.05e-002	1.1213e-002	
3508	1.9e-002	7.05e-002	8.9706e-003	
3509	1.9e-002	7.05e-002	6.7279e-003	
3510	1.9e-002	7.05e-002	4.4853e-003	
3511	1.9e-002	7.05e-002	2.2426e-003	
3512	1.9e-002	7.05e-002	-6.0585e-031	
3513	1.9e-002	7.05e-002	1.7941e-002	
3514	1.9e-002	7.2793e-002	1.7195e-002	
3515	1.9e-002	7.5059e-002	1.6371e-002	
3516	1.9e-002	7.7296e-002	1.5469e-002	
3517	1.9e-002	7.95e-002	2.4151e-003	
3518	1.9e-002	7.95e-002	4.8302e-003	
3519	1.9e-002	7.95e-002	7.2453e-003	
3520	1.9e-002	7.95e-002	9.6603e-003	
3521	1.9e-002	7.95e-002	1.2075e-002	
3522	1.9e-002	7.95e-002	1.4491e-002	
3523	1.9e-002	7.95e-002	0.	
3524	1.9e-002	8.05e-002	1.168e-002	
3525	1.9e-002	8.05e-002	9.3441e-003	
3526	1.9e-002	8.05e-002	7.0081e-003	
3527	1.9e-002	8.05e-002	4.6721e-003	
3528	1.9e-002	8.05e-002	2.336e-003	
3529	1.9e-002	8.05e-002	2.0195e-031	
3530	1.9e-002	8.05e-002	1.4016e-002	
3531	1.9e-002	8.2052e-002	1.3241e-002	
3532	1.9e-002	8.3585e-002	1.2427e-002	
3533	1.9e-002	8.5097e-002	1.1576e-002	
3534	1.9e-002	8.6587e-002	1.0687e-002	
3535	1.9e-002	8.8055e-002	9.7621e-003	
3536	1.9e-002	8.95e-002	2.2002e-003	
3537	1.9e-002	8.95e-002	4.4004e-003	
3538	1.9e-002	8.95e-002	6.6006e-003	
3539	1.9e-002	8.95e-002	8.8008e-003	
3540	1.9e-002	8.95e-002	0.	
3541	1.9e-002	9.05e-002	6.0783e-003	
3542	1.9e-002	9.05e-002	4.0522e-003	
3543	1.9e-002	9.05e-002	2.0261e-003	
3544	1.9e-002	9.05e-002	-1.0602e-030	
3545	1.9e-002	9.05e-002	8.1044e-003	
3546	1.9e-002	9.2182e-002	6.8736e-003	
3547	1.9e-002	9.3826e-002	5.5932e-003	
3548	1.9e-002	9.5431e-002	4.2645e-003	
3549	1.9e-002	9.6996e-002	2.8885e-003	
3550	1.9e-002	9.852e-002	1.4666e-003	
3551	1.9e-002	0.1	1.e-002	
3552	1.9e-002	0.1	7.5e-003	
3553	1.9e-002	0.1	5.e-003	
3554	1.9e-002	0.1	2.5e-003	
3555	1.9e-002	0.1	1.3878e-017	
3556	1.9e-002	9.9e-002	7.4151e-003	
3557	1.9e-002	9.9e-002	5.7405e-003	
3558	1.9e-002	9.9e-002	4.0658e-003	
3559	1.9e-002	9.2547e-002	7.8497e-003	
3560	1.9e-002	9.3889e-002	6.8201e-003	
3561	1.9e-002	9.5206e-002	5.7589e-003	
3562	1.9e-002	9.6497e-002	4.6665e-003	
3563	1.9e-002	9.9e-002	2.3911e-003	
3564	1.9e-002	9.7762e-002	3.5437e-003	
3565	1.9e-002	9.1181e-002	8.8471e-003	
3566	1.9e-002	9.3136e-002	8.9077e-003	
3567	1.9e-002	9.5091e-002	8.9684e-003	
3568	1.9e-002	9.7045e-002	9.0291e-003	
3569	1.9e-002	9.9e-002	9.0898e-003	
3570	1.9e-002	8.95e-002	1.5302e-002	
3571	1.9e-002	8.95e-002	1.3538e-002	
3572	1.9e-002	8.95e-002	1.1773e-002	
3573	1.9e-002	8.3324e-002	1.3704e-002	
3574	1.9e-002	8.5424e-002	1.2542e-002	
3575	1.9e-002	8.95e-002	1.0008e-002	
3576	1.9e-002	8.7483e-002	1.1309e-002	
3577	1.9e-002	8.1186e-002	1.4794e-002	
3578	1.9e-002	8.3264e-002	1.5363e-002	
3579	1.9e-002	8.5343e-002	1.5931e-002	
3580	1.9e-002	8.7421e-002	1.6499e-002	
3581	1.9e-002	8.95e-002	1.7067e-002	
3582	1.9e-002	7.95e-002	2.102e-002	
3583	1.9e-002	7.95e-002	1.9211e-002	
3584	1.9e-002	7.95e-002	1.7401e-002	
3585	1.9e-002	7.3311e-002	1.8074e-002	
3586	1.9e-002	7.5399e-002	1.7312e-002	
3587	1.9e-002	7.95e-002	1.5592e-002	
3588	1.9e-002	7.7463e-002	1.6484e-002	
3589	1.9e-002	7.1199e-002	1.8772e-002	
3590	1.9e-002	7.3274e-002	1.9786e-002	
3591	1.9e-002	7.535e-002	2.0801e-002	
3592	1.9e-002	7.7425e-002	2.1815e-002	
3593	1.9e-002	7.95e-002	2.283e-002	
3594	1.9e-002	6.95e-002	2.4768e-002	
3595	1.9e-002	6.95e-002	2.2939e-002	
3596	1.9e-002	6.95e-002	2.1109e-002	
3597	1.9e-002	6.332e-002	2.075e-002	
3598	1.9e-002	6.5394e-002	2.0321e-002	
3599	1.9e-002	6.95e-002	1.928e-002	
3600	1.9e-002	6.7455e-002	1.9831e-002	
3601	1.9e-002	6.1233e-002	2.1116e-002	
3602	1.9e-002	6.33e-002	2.2486e-002	
3603	1.9e-002	6.5367e-002	2.3857e-002	
3604	1.9e-002	6.7433e-002	2.5227e-002	
3605	1.9e-002	6.95e-002	2.6598e-002	
3606	1.9e-002	2.2537e-002	1.6484e-002	
3607	1.9e-002	2.4601e-002	1.7312e-002	
3608	1.9e-002	2.6689e-002	1.8074e-002	
3609	1.9e-002	2.05e-002	1.5592e-002	
3610	1.9e-002	2.05e-002	1.7401e-002	
3611	1.9e-002	2.05e-002	1.9211e-002	
3612	1.9e-002	2.05e-002	2.102e-002	
3613	1.9e-002	2.05e-002	2.283e-002	
3614	1.9e-002	2.2575e-002	2.1815e-002	
3615	1.9e-002	2.465e-002	2.0801e-002	
3616	1.9e-002	2.6726e-002	1.9786e-002	
3617	1.9e-002	2.8801e-002	1.8772e-002	
3618	1.9e-002	2.2378e-003	3.5437e-003	
3619	1.9e-002	3.5027e-003	4.6665e-003	
3620	1.9e-002	4.794e-003	5.7589e-003	
3621	1.9e-002	6.1109e-003	6.8201e-003	
3622	1.9e-002	7.4527e-003	7.8497e-003	
3623	1.9e-002	1.e-003	2.3911e-003	
3624	1.9e-002	1.e-003	4.0658e-003	
3625	1.9e-002	1.e-003	5.7405e-003	
3626	1.9e-002	1.e-003	7.4151e-003	
3627	1.9e-002	1.e-003	9.0898e-003	
3628	1.9e-002	2.9547e-003	9.0291e-003	
3629	1.9e-002	4.9094e-003	8.9684e-003	
3630	1.9e-002	6.864e-003	8.9077e-003	
3631	1.9e-002	8.8187e-003	8.8471e-003	
3632	1.9e-002	2.7481e-003	1.1292e-002	
3633	1.9e-002	4.0408e-003	1.2476e-002	
3634	1.9e-002	5.3633e-003	1.3627e-002	
3635	1.9e-002	6.7145e-003	1.4744e-002	
3636	1.9e-002	8.0937e-003	1.5827e-002	
3637	1.9e-002	9.5e-003	1.1588e-002	
3638	1.9e-002	9.5e-003	1.335e-002	
3639	1.9e-002	9.5e-003	1.5112e-002	
3640	1.9e-002	9.5e-003	1.6874e-002	
3641	1.9e-002	1.4858e-003	1.0075e-002	
3642	1.9e-002	3.4894e-003	1.0013e-002	
3643	1.9e-002	5.4929e-003	9.9508e-003	
3644	1.9e-002	7.4965e-003	9.8886e-003	
3645	1.9e-002	9.5e-003	9.8264e-003	
3646	1.9e-002	1.6736e-002	1.5363e-002	
3647	1.9e-002	1.4657e-002	1.5931e-002	
3648	1.9e-002	1.2579e-002	1.6499e-002	
3649	1.9e-002	1.8814e-002	1.4794e-002	
3650	1.9e-002	1.6676e-002	1.3704e-002	
3651	1.9e-002	1.4576e-002	1.2542e-002	
3652	1.9e-002	1.2517e-002	1.1309e-002	
3653	1.9e-002	1.05e-002	1.7067e-002	
3654	1.9e-002	1.05e-002	1.5302e-002	
3655	1.9e-002	1.05e-002	1.3538e-002	
3656	1.9e-002	1.05e-002	1.1773e-002	
3657	1.9e-002	1.05e-002	1.0008e-002	
3658	1.9e-002	1.3086e-002	1.9305e-002	
3659	1.9e-002	1.5181e-002	2.0581e-002	
3660	1.9e-002	1.732e-002	2.178e-002	
3661	1.9e-002	1.95e-002	1.7459e-002	
3662	1.9e-002	1.95e-002	1.9273e-002	
3663	1.9e-002	1.95e-002	2.1088e-002	
3664	1.9e-002	1.95e-002	2.2903e-002	
3665	1.9e-002	1.1037e-002	1.7957e-002	
3666	1.9e-002	1.3153e-002	1.7379e-002	
3667	1.9e-002	1.5269e-002	1.68e-002	
3668	1.9e-002	1.7384e-002	1.6222e-002	
3669	1.9e-002	1.95e-002	1.5644e-002	
3670	1.9e-002	2.3146e-002	2.457e-002	
3671	1.9e-002	2.5238e-002	2.5414e-002	
3672	1.9e-002	2.7357e-002	2.6189e-002	
3673	1.9e-002	2.95e-002	2.1381e-002	
3674	1.9e-002	2.95e-002	2.3219e-002	
3675	1.9e-002	2.95e-002	2.5057e-002	
3676	1.9e-002	2.95e-002	2.6895e-002	
3677	1.9e-002	2.1082e-002	2.3658e-002	
3678	1.9e-002	2.3187e-002	2.2629e-002	
3679	1.9e-002	2.5291e-002	2.16e-002	
3680	1.9e-002	2.7396e-002	2.0572e-002	
3681	1.9e-002	2.95e-002	1.9543e-002	
3682	1.9e-002	3.67e-002	2.2486e-002	
3683	1.9e-002	3.4633e-002	2.3857e-002	
3684	1.9e-002	3.2567e-002	2.5227e-002	
3685	1.9e-002	3.8767e-002	2.1116e-002	
3686	1.9e-002	3.668e-002	2.075e-002	
3687	1.9e-002	3.4606e-002	2.0321e-002	
3688	1.9e-002	3.2545e-002	1.9831e-002	
3689	1.9e-002	3.05e-002	2.6598e-002	
3690	1.9e-002	3.05e-002	2.4768e-002	
3691	1.9e-002	3.05e-002	2.2939e-002	
3692	1.9e-002	3.05e-002	2.1109e-002	
3693	1.9e-002	3.05e-002	1.928e-002	
3694	1.9e-002	3.32e-002	2.7934e-002	
3695	1.9e-002	3.5287e-002	2.8423e-002	
3696	1.9e-002	3.7387e-002	2.8848e-002	
3697	1.9e-002	3.95e-002	2.3674e-002	
3698	1.9e-002	3.95e-002	2.5518e-002	
3699	1.9e-002	3.95e-002	2.7362e-002	
3700	1.9e-002	3.95e-002	2.9207e-002	
3701	1.9e-002	3.113e-002	2.738e-002	
3702	1.9e-002	3.2525e-002	2.6455e-002	
3703	1.9e-002	3.392e-002	2.553e-002	
3704	1.9e-002	3.5315e-002	2.4605e-002	
3705	1.9e-002	3.671e-002	2.368e-002	
3706	1.9e-002	3.8105e-002	2.2754e-002	
3707	1.9e-002	3.95e-002	2.1829e-002	
3708	1.9e-002	4.7351e-002	2.3117e-002	
3709	1.9e-002	4.5981e-002	2.4235e-002	
3710	1.9e-002	4.4611e-002	2.5353e-002	
3711	1.9e-002	4.324e-002	2.6471e-002	
3712	1.9e-002	4.187e-002	2.759e-002	
3713	1.9e-002	4.8721e-002	2.1999e-002	
3714	1.9e-002	4.666e-002	2.1932e-002	
3715	1.9e-002	4.4601e-002	2.1805e-002	
3716	1.9e-002	4.2548e-002	2.1618e-002	
3717	1.9e-002	4.05e-002	2.8708e-002	
3718	1.9e-002	4.05e-002	2.6874e-002	
3719	1.9e-002	4.05e-002	2.504e-002	
3720	1.9e-002	4.05e-002	2.3206e-002	
3721	1.9e-002	4.05e-002	2.1372e-002	
3722	1.9e-002	4.1179e-002	2.9444e-002	
3723	1.9e-002	4.3252e-002	2.9679e-002	
3724	1.9e-002	4.5331e-002	2.9852e-002	
3725	1.9e-002	4.7414e-002	2.9962e-002	
3726	1.9e-002	4.95e-002	2.2654e-002	
3727	1.9e-002	4.95e-002	2.4493e-002	
3728	1.9e-002	4.95e-002	2.6332e-002	
3729	1.9e-002	4.95e-002	2.817e-002	
3730	1.9e-002	4.95e-002	3.0009e-002	
3731	2.e-002	4.95e-002	2.817e-002	
3732	2.e-002	4.95e-002	2.6332e-002	
3733	2.e-002	4.95e-002	2.4493e-002	
3734	2.e-002	4.95e-002	2.2654e-002	
3735	2.e-002	4.95e-002	3.0009e-002	
3736	2.e-002	4.3252e-002	2.9679e-002	
3737	2.e-002	4.1179e-002	2.9444e-002	
3738	2.e-002	4.5331e-002	2.9852e-002	
3739	2.e-002	4.7414e-002	2.9962e-002	
3740	2.e-002	4.05e-002	2.3206e-002	
3741	2.e-002	4.05e-002	2.504e-002	
3742	2.e-002	4.05e-002	2.6874e-002	
3743	2.e-002	4.05e-002	2.8708e-002	
3744	2.e-002	4.05e-002	2.1372e-002	
3745	2.e-002	4.666e-002	2.1932e-002	
3746	2.e-002	4.8721e-002	2.1999e-002	
3747	2.e-002	4.4601e-002	2.1805e-002	
3748	2.e-002	4.2548e-002	2.1618e-002	
3749	2.e-002	4.187e-002	2.759e-002	
3750	2.e-002	4.324e-002	2.6471e-002	
3751	2.e-002	4.4611e-002	2.5353e-002	
3752	2.e-002	4.5981e-002	2.4235e-002	
3753	2.e-002	4.7351e-002	2.3117e-002	
3754	2.e-002	3.8105e-002	2.2754e-002	
3755	2.e-002	3.671e-002	2.368e-002	
3756	2.e-002	3.5315e-002	2.4605e-002	
3757	2.e-002	3.392e-002	2.553e-002	
3758	2.e-002	3.2525e-002	2.6455e-002	
3759	2.e-002	3.113e-002	2.738e-002	
3760	2.e-002	3.95e-002	2.1829e-002	
3761	2.e-002	3.95e-002	2.7362e-002	
3762	2.e-002	3.95e-002	2.5518e-002	
3763	2.e-002	3.95e-002	2.3674e-002	
3764	2.e-002	3.95e-002	2.9207e-002	
3765	2.e-002	3.32e-002	2.7934e-002	
3766	2.e-002	3.5287e-002	2.8423e-002	
3767	2.e-002	3.7387e-002	2.8848e-002	
3768	2.e-002	3.05e-002	2.1109e-002	
3769	2.e-002	3.05e-002	2.2939e-002	
3770	2.e-002	3.05e-002	2.4768e-002	
3771	2.e-002	3.05e-002	2.6598e-002	
3772	2.e-002	3.05e-002	1.928e-002	
3773	2.e-002	3.668e-002	2.075e-002	
3774	2.e-002	3.8767e-002	2.1116e-002	
3775	2.e-002	3.4606e-002	2.0321e-002	
3776	2.e-002	3.2545e-002	1.9831e-002	
3777	2.e-002	3.2567e-002	2.5227e-002	
3778	2.e-002	3.4633e-002	2.3857e-002	
3779	2.e-002	3.67e-002	2.2486e-002	
3780	2.e-002	2.7396e-002	2.0572e-002	
3781	2.e-002	2.5291e-002	2.16e-002	
3782	2.e-002	2.3187e-002	2.2629e-002	
3783	2.e-002	2.1082e-002	2.3658e-002	
3784	2.e-002	2.95e-002	1.9543e-002	
3785	2.e-002	2.95e-002	2.5057e-002	
3786	2.e-002	2.95e-002	2.3219e-002	
3787	2.e-002	2.95e-002	2.1381e-002	
3788	2.e-002	2.95e-002	2.6895e-002	
3789	2.e-002	2.3146e-002	2.457e-002	
3790	2.e-002	2.5238e-002	2.5414e-002	
3791	2.e-002	2.7357e-002	2.6189e-002	
3792	2.e-002	1.7384e-002	1.6222e-002	
3793	2.e-002	1.5269e-002	1.68e-002	
3794	2.e-002	1.3153e-002	1.7379e-002	
3795	2.e-002	1.1037e-002	1.7957e-002	
3796	2.e-002	1.95e-002	1.5644e-002	
3797	2.e-002	1.95e-002	2.1088e-002	
3798	2.e-002	1.95e-002	1.9273e-002	
3799	2.e-002	1.95e-002	1.7459e-002	
3800	2.e-002	1.95e-002	2.2903e-002	
3801	2.e-002	1.3086e-002	1.9305e-002	
3802	2.e-002	1.5181e-002	2.0581e-002	
3803	2.e-002	1.732e-002	2.178e-002	
3804	2.e-002	1.05e-002	1.1773e-002	
3805	2.e-002	1.05e-002	1.3538e-002	
3806	2.e-002	1.05e-002	1.5302e-002	
3807	2.e-002	1.05e-002	1.7067e-002	
3808	2.e-002	1.05e-002	1.0008e-002	
3809	2.e-002	1.6676e-002	1.3704e-002	
3810	2.e-002	1.8814e-002	1.4794e-002	
3811	2.e-002	1.4576e-002	1.2542e-002	
3812	2.e-002	1.2517e-002	1.1309e-002	
3813	2.e-002	1.2579e-002	1.6499e-002	
3814	2.e-002	1.4657e-002	1.5931e-002	
3815	2.e-002	1.6736e-002	1.5363e-002	
3816	2.e-002	7.4965e-003	9.8886e-003	
3817	2.e-002	5.4929e-003	9.9508e-003	
3818	2.e-002	3.4894e-003	1.0013e-002	
3819	2.e-002	1.4858e-003	1.0075e-002	
3820	2.e-002	9.5e-003	9.8264e-003	
3821	2.e-002	9.5e-003	1.5112e-002	
3822	2.e-002	9.5e-003	1.335e-002	
3823	2.e-002	9.5e-003	1.1588e-002	
3824	2.e-002	9.5e-003	1.6874e-002	
3825	2.e-002	2.7481e-003	1.1292e-002	
3826	2.e-002	4.0408e-003	1.2476e-002	
3827	2.e-002	5.3633e-003	1.3627e-002	
3828	2.e-002	6.7145e-003	1.4744e-002	
3829	2.e-002	8.0937e-003	1.5827e-002	
3830	2.e-002	6.864e-003	8.9077e-003	
3831	2.e-002	4.9094e-003	8.9684e-003	
3832	2.e-002	2.9547e-003	9.0291e-003	
3833	2.e-002	8.8187e-003	8.8471e-003	
3834	2.e-002	1.e-003	9.0898e-003	
3835	2.e-002	1.e-003	7.4151e-003	
3836	2.e-002	1.e-003	5.7405e-003	
3837	2.e-002	1.e-003	4.0658e-003	
3838	2.e-002	1.e-003	2.3911e-003	
3839	2.e-002	2.2378e-003	3.5437e-003	
3840	2.e-002	3.5027e-003	4.6665e-003	
3841	2.e-002	4.794e-003	5.7589e-003	
3842	2.e-002	6.1109e-003	6.8201e-003	
3843	2.e-002	7.4527e-003	7.8497e-003	
3844	2.e-002	2.6726e-002	1.9786e-002	
3845	2.e-002	2.465e-002	2.0801e-002	
3846	2.e-002	2.2575e-002	2.1815e-002	
3847	2.e-002	2.8801e-002	1.8772e-002	
3848	2.e-002	2.05e-002	2.283e-002	
3849	2.e-002	2.05e-002	2.102e-002	
3850	2.e-002	2.05e-002	1.9211e-002	
3851	2.e-002	2.05e-002	1.7401e-002	
3852	2.e-002	2.05e-002	1.5592e-002	
3853	2.e-002	2.2537e-002	1.6484e-002	
3854	2.e-002	2.4601e-002	1.7312e-002	
3855	2.e-002	2.6689e-002	1.8074e-002	
3856	2.e-002	6.7433e-002	2.5227e-002	
3857	2.e-002	6.5367e-002	2.3857e-002	
3858	2.e-002	6.33e-002	2.2486e-002	
3859	2.e-002	6.95e-002	2.6598e-002	
3860	2.e-002	6.1233e-002	2.1116e-002	
3861	2.e-002	6.332e-002	2.075e-002	
3862	2.e-002	6.5394e-002	2.0321e-002	
3863	2.e-002	6.7455e-002	1.9831e-002	
3864	2.e-002	6.95e-002	1.928e-002	
3865	2.e-002	6.95e-002	2.1109e-002	
3866	2.e-002	6.95e-002	2.2939e-002	
3867	2.e-002	6.95e-002	2.4768e-002	
3868	2.e-002	7.7425e-002	2.1815e-002	
3869	2.e-002	7.535e-002	2.0801e-002	
3870	2.e-002	7.3274e-002	1.9786e-002	
3871	2.e-002	7.95e-002	2.283e-002	
3872	2.e-002	7.1199e-002	1.8772e-002	
3873	2.e-002	7.3311e-002	1.8074e-002	
3874	2.e-002	7.5399e-002	1.7312e-002	
3875	2.e-002	7.7463e-002	1.6484e-002	
3876	2.e-002	7.95e-002	1.5592e-002	
3877	2.e-002	7.95e-002	1.7401e-002	
3878	2.e-002	7.95e-002	1.9211e-002	
3879	2.e-002	7.95e-002	2.102e-002	
3880	2.e-002	8.7421e-002	1.6499e-002	
3881	2.e-002	8.5343e-002	1.5931e-002	
3882	2.e-002	8.3264e-002	1.5363e-002	
3883	2.e-002	8.95e-002	1.7067e-002	
3884	2.e-002	8.1186e-002	1.4794e-002	
3885	2.e-002	8.3324e-002	1.3704e-002	
3886	2.e-002	8.5424e-002	1.2542e-002	
3887	2.e-002	8.7483e-002	1.1309e-002	
3888	2.e-002	8.95e-002	1.0008e-002	
3889	2.e-002	8.95e-002	1.1773e-002	
3890	2.e-002	8.95e-002	1.3538e-002	
3891	2.e-002	8.95e-002	1.5302e-002	
3892	2.e-002	9.7045e-002	9.0291e-003	
3893	2.e-002	9.5091e-002	8.9684e-003	
3894	2.e-002	9.3136e-002	8.9077e-003	
3895	2.e-002	9.9e-002	9.0898e-003	
3896	2.e-002	9.1181e-002	8.8471e-003	
3897	2.e-002	9.2547e-002	7.8497e-003	
3898	2.e-002	9.3889e-002	6.8201e-003	
3899	2.e-002	9.5206e-002	5.7589e-003	
3900	2.e-002	9.6497e-002	4.6665e-003	
3901	2.e-002	9.7762e-002	3.5437e-003	
3902	2.e-002	9.9e-002	2.3911e-003	
3903	2.e-002	9.9e-002	4.0658e-003	
3904	2.e-002	9.9e-002	5.7405e-003	
3905	2.e-002	9.9e-002	7.4151e-003	
3906	2.e-002	0.1	2.5e-003	
3907	2.e-002	0.1	5.e-003	
3908	2.e-002	0.1	7.5e-003	
3909	2.e-002	0.1	1.e-002	
3910	2.e-002	0.1	1.3878e-017	
3911	2.e-002	9.2182e-002	6.8736e-003	
3912	2.e-002	9.05e-002	8.1044e-003	
3913	2.e-002	9.3826e-002	5.5932e-003	
3914	2.e-002	9.5431e-002	4.2645e-003	
3915	2.e-002	9.6996e-002	2.8885e-003	
3916	2.e-002	9.852e-002	1.4666e-003	
3917	2.e-002	9.05e-002	2.0261e-003	
3918	2.e-002	9.05e-002	4.0522e-003	
3919	2.e-002	9.05e-002	6.0783e-003	
3920	2.e-002	9.05e-002	-1.0602e-030	
3921	2.e-002	8.95e-002	0.	
3922	2.e-002	8.95e-002	6.6006e-003	
3923	2.e-002	8.95e-002	4.4004e-003	
3924	2.e-002	8.95e-002	2.2002e-003	
3925	2.e-002	8.95e-002	8.8008e-003	
3926	2.e-002	8.2052e-002	1.3241e-002	
3927	2.e-002	8.05e-002	1.4016e-002	
3928	2.e-002	8.3585e-002	1.2427e-002	
3929	2.e-002	8.5097e-002	1.1576e-002	
3930	2.e-002	8.6587e-002	1.0687e-002	
3931	2.e-002	8.8055e-002	9.7621e-003	
3932	2.e-002	8.05e-002	2.336e-003	
3933	2.e-002	8.05e-002	4.6721e-003	
3934	2.e-002	8.05e-002	7.0081e-003	
3935	2.e-002	8.05e-002	9.3441e-003	
3936	2.e-002	8.05e-002	1.168e-002	
3937	2.e-002	8.05e-002	2.0195e-031	
3938	2.e-002	7.95e-002	0.	
3939	2.e-002	7.95e-002	1.2075e-002	
3940	2.e-002	7.95e-002	9.6603e-003	
3941	2.e-002	7.95e-002	7.2453e-003	
3942	2.e-002	7.95e-002	4.8302e-003	
3943	2.e-002	7.95e-002	2.4151e-003	
3944	2.e-002	7.95e-002	1.4491e-002	
3945	2.e-002	7.2793e-002	1.7195e-002	
3946	2.e-002	7.05e-002	1.7941e-002	
3947	2.e-002	7.5059e-002	1.6371e-002	
3948	2.e-002	7.7296e-002	1.5469e-002	
3949	2.e-002	7.05e-002	2.2426e-003	
3950	2.e-002	7.05e-002	4.4853e-003	
3951	2.e-002	7.05e-002	6.7279e-003	
3952	2.e-002	7.05e-002	8.9706e-003	
3953	2.e-002	7.05e-002	1.1213e-002	
3954	2.e-002	7.05e-002	1.3456e-002	
3955	2.e-002	7.05e-002	1.5698e-002	
3956	2.e-002	7.05e-002	-6.0585e-031	
3957	2.e-002	6.95e-002	0.	
3958	2.e-002	6.95e-002	1.5959e-002	
3959	2.e-002	6.95e-002	1.3679e-002	
3960	2.e-002	6.95e-002	1.14e-002	
3961	2.e-002	6.95e-002	9.1196e-003	
3962	2.e-002	6.95e-002	6.8397e-003	
3963	2.e-002	6.95e-002	4.5598e-003	
3964	2.e-002	6.95e-002	2.2799e-003	
3965	2.e-002	6.95e-002	1.8239e-002	
3966	2.e-002	6.2773e-002	1.9835e-002	
3967	2.e-002	6.05e-002	2.0218e-002	
3968	2.e-002	6.5033e-002	1.9377e-002	
3969	2.e-002	6.7276e-002	1.8845e-002	
3970	2.e-002	6.05e-002	2.0218e-003	
3971	2.e-002	6.05e-002	4.0436e-003	
3972	2.e-002	6.05e-002	6.0655e-003	
3973	2.e-002	6.05e-002	8.0873e-003	
3974	2.e-002	6.05e-002	1.0109e-002	
3975	2.e-002	6.05e-002	1.2131e-002	
3976	2.e-002	6.05e-002	1.4153e-002	
3977	2.e-002	6.05e-002	1.6175e-002	
3978	2.e-002	6.05e-002	1.8196e-002	
3979	2.e-002	6.05e-002	2.1205e-030	
3980	2.e-002	5.95e-002	0.	
3981	2.e-002	5.95e-002	1.8326e-002	
3982	2.e-002	5.95e-002	1.629e-002	
3983	2.e-002	5.95e-002	1.4254e-002	
3984	2.e-002	5.95e-002	1.2218e-002	
3985	2.e-002	5.95e-002	1.0181e-002	
3986	2.e-002	5.95e-002	8.145e-003	
3987	2.e-002	5.95e-002	6.1088e-003	
3988	2.e-002	5.95e-002	4.0725e-003	
3989	2.e-002	5.95e-002	2.0363e-003	
3990	2.e-002	5.95e-002	2.0363e-002	
3991	2.e-002	5.2757e-002	2.0956e-002	
3992	2.e-002	5.05e-002	2.1008e-002	
3993	2.e-002	5.501e-002	2.0831e-002	
3994	2.e-002	5.7259e-002	2.0633e-002	
3995	2.e-002	5.05e-002	2.1008e-003	
3996	2.e-002	5.05e-002	4.2017e-003	
3997	2.e-002	5.05e-002	6.3025e-003	
3998	2.e-002	5.05e-002	8.4034e-003	
3999	2.e-002	5.05e-002	1.0504e-002	
4000	2.e-002	5.05e-002	1.2605e-002	
4001	2.e-002	5.05e-002	1.4706e-002	
4002	2.e-002	5.05e-002	1.6807e-002	
4003	2.e-002	5.05e-002	1.8908e-002	
4004	2.e-002	5.05e-002	5.3011e-031	
4005	2.e-002	4.95e-002	0.	
4006	2.e-002	4.95e-002	1.8908e-002	
4007	2.e-002	4.95e-002	1.6807e-002	
4008	2.e-002	4.95e-002	1.4706e-002	
4009	2.e-002	4.95e-002	1.2605e-002	
4010	2.e-002	4.95e-002	1.0504e-002	
4011	2.e-002	4.95e-002	8.4034e-003	
4012	2.e-002	4.95e-002	6.3025e-003	
4013	2.e-002	4.95e-002	4.2017e-003	
4014	2.e-002	4.95e-002	2.1008e-003	
4015	2.e-002	4.95e-002	2.1008e-002	
4016	2.e-002	4.2741e-002	2.0633e-002	
4017	2.e-002	4.05e-002	2.0363e-002	
4018	2.e-002	4.499e-002	2.0831e-002	
4019	2.e-002	4.7243e-002	2.0956e-002	
4020	2.e-002	4.05e-002	2.0363e-003	
4021	2.e-002	4.05e-002	4.0725e-003	
4022	2.e-002	4.05e-002	6.1088e-003	
4023	2.e-002	4.05e-002	8.145e-003	
4024	2.e-002	4.05e-002	1.0181e-002	
4025	2.e-002	4.05e-002	1.2218e-002	
4026	2.e-002	4.05e-002	1.4254e-002	
4027	2.e-002	4.05e-002	1.629e-002	
4028	2.e-002	4.05e-002	1.8326e-002	
4029	2.e-002	4.05e-002	2.7515e-030	
4030	2.e-002	3.95e-002	3.4694e-018	
4031	2.e-002	3.95e-002	1.8196e-002	
4032	2.e-002	3.95e-002	1.6175e-002	
4033	2.e-002	3.95e-002	1.4153e-002	
4034	2.e-002	3.95e-002	1.2131e-002	
4035	2.e-002	3.95e-002	1.0109e-002	
4036	2.e-002	3.95e-002	8.0873e-003	
4037	2.e-002	3.95e-002	6.0655e-003	
4038	2.e-002	3.95e-002	4.0436e-003	
4039	2.e-002	3.95e-002	2.0218e-003	
4040	2.e-002	3.95e-002	2.0218e-002	
4041	2.e-002	3.2724e-002	1.8845e-002	
4042	2.e-002	3.05e-002	1.8239e-002	
4043	2.e-002	3.4967e-002	1.9377e-002	
4044	2.e-002	3.7227e-002	1.9835e-002	
4045	2.e-002	3.05e-002	2.2799e-003	
4046	2.e-002	3.05e-002	4.5598e-003	
4047	2.e-002	3.05e-002	6.8397e-003	
4048	2.e-002	3.05e-002	9.1196e-003	
4049	2.e-002	3.05e-002	1.14e-002	
4050	2.e-002	3.05e-002	1.3679e-002	
4051	2.e-002	3.05e-002	1.5959e-002	
4052	2.e-002	3.05e-002	-2.7768e-031	
4053	2.e-002	2.95e-002	0.	
4054	2.e-002	2.95e-002	1.5698e-002	
4055	2.e-002	2.95e-002	1.3456e-002	
4056	2.e-002	2.95e-002	1.1213e-002	
4057	2.e-002	2.95e-002	8.9706e-003	
4058	2.e-002	2.95e-002	6.7279e-003	
4059	2.e-002	2.95e-002	4.4853e-003	
4060	2.e-002	2.95e-002	2.2426e-003	
4061	2.e-002	2.95e-002	1.7941e-002	
4062	2.e-002	2.2704e-002	1.5469e-002	
4063	2.e-002	2.05e-002	1.4491e-002	
4064	2.e-002	2.4941e-002	1.6371e-002	
4065	2.e-002	2.7207e-002	1.7195e-002	
4066	2.e-002	2.05e-002	2.4151e-003	
4067	2.e-002	2.05e-002	4.8302e-003	
4068	2.e-002	2.05e-002	7.2453e-003	
4069	2.e-002	2.05e-002	9.6603e-003	
4070	2.e-002	2.05e-002	1.2075e-002	
4071	2.e-002	2.05e-002	0.	
4072	2.e-002	1.95e-002	0.	
4073	2.e-002	1.95e-002	1.168e-002	
4074	2.e-002	1.95e-002	9.3441e-003	
4075	2.e-002	1.95e-002	7.0081e-003	
4076	2.e-002	1.95e-002	4.6721e-003	
4077	2.e-002	1.95e-002	2.336e-003	
4078	2.e-002	1.95e-002	1.4016e-002	
4079	2.e-002	1.1945e-002	9.7621e-003	
4080	2.e-002	1.05e-002	8.8008e-003	
4081	2.e-002	1.3413e-002	1.0687e-002	
4082	2.e-002	1.4903e-002	1.1576e-002	
4083	2.e-002	1.6415e-002	1.2427e-002	
4084	2.e-002	1.7948e-002	1.3241e-002	
4085	2.e-002	1.05e-002	2.2002e-003	
4086	2.e-002	1.05e-002	4.4004e-003	
4087	2.e-002	1.05e-002	6.6006e-003	
4088	2.e-002	1.05e-002	0.	
4089	2.e-002	9.5e-003	0.	
4090	2.e-002	9.5e-003	6.0783e-003	
4091	2.e-002	9.5e-003	4.0522e-003	
4092	2.e-002	9.5e-003	2.0261e-003	
4093	2.e-002	9.5e-003	8.1044e-003	
4094	2.e-002	1.4804e-003	1.4666e-003	
4095	2.e-002	0.	0.	
4096	2.e-002	3.0038e-003	2.8885e-003	
4097	2.e-002	4.5689e-003	4.2645e-003	
4098	2.e-002	6.1743e-003	5.5932e-003	
4099	2.e-002	7.8184e-003	6.8736e-003	
4100	2.e-002	0.	7.5e-003	
4101	2.e-002	0.	5.e-003	
4102	2.e-002	0.	2.5e-003	
4103	2.e-002	-2.0817e-017	1.e-002	
4104	2.e-002	9.8313e-002	1.1664e-002	
4105	2.e-002	9.6571e-002	1.3271e-002	
4106	2.e-002	9.4775e-002	1.4817e-002	
4107	2.e-002	9.2928e-002	1.6302e-002	
4108	2.e-002	9.1032e-002	1.7723e-002	
4109	2.e-002	8.9089e-002	1.908e-002	
4110	2.e-002	8.7101e-002	2.037e-002	
4111	2.e-002	8.507e-002	2.1591e-002	
4112	2.e-002	8.3e-002	2.2744e-002	
4113	2.e-002	8.0891e-002	2.3825e-002	
4114	2.e-002	7.8747e-002	2.4835e-002	
4115	2.e-002	7.657e-002	2.5771e-002	
4116	2.e-002	7.4363e-002	2.6634e-002	
4117	2.e-002	7.2128e-002	2.7421e-002	
4118	2.e-002	6.9867e-002	2.8132e-002	
4119	2.e-002	6.7584e-002	2.8766e-002	
4120	2.e-002	6.528e-002	2.9322e-002	
4121	2.e-002	6.2959e-002	2.98e-002	
4122	2.e-002	6.0623e-002	3.0199e-002	
4123	2.e-002	5.8275e-002	3.0519e-002	
4124	2.e-002	5.5918e-002	3.076e-002	
4125	2.e-002	5.3553e-002	3.092e-002	
4126	2.e-002	5.1185e-002	3.1e-002	
4127	2.e-002	4.8815e-002	3.1e-002	
4128	2.e-002	4.6447e-002	3.092e-002	
4129	2.e-002	4.4082e-002	3.076e-002	
4130	2.e-002	4.1725e-002	3.0519e-002	
4131	2.e-002	3.9377e-002	3.0199e-002	
4132	2.e-002	3.7041e-002	2.98e-002	
4133	2.e-002	3.472e-002	2.9322e-002	
4134	2.e-002	3.2416e-002	2.8766e-002	
4135	2.e-002	3.0133e-002	2.8132e-002	
4136	2.e-002	2.7872e-002	2.7421e-002	
4137	2.e-002	2.5637e-002	2.6634e-002	
4138	2.e-002	2.343e-002	2.5771e-002	
4139	2.e-002	2.1253e-002	2.4835e-002	
4140	2.e-002	1.9109e-002	2.3825e-002	
4141	2.e-002	1.7e-002	2.2744e-002	
4142	2.e-002	1.493e-002	2.1591e-002	
4143	2.e-002	1.2899e-002	2.037e-002	
4144	2.e-002	1.0911e-002	1.908e-002	
4145	2.e-002	8.968e-003	1.7723e-002	
4146	2.e-002	7.0718e-003	1.6302e-002	
4147	2.e-002	5.2248e-003	1.4817e-002	
4148	2.e-002	3.4292e-003	1.3271e-002	
4149	2.e-002	1.6869e-003	1.1664e-002	
4150	2.e-002	9.1906e-002	1.5827e-002	
4151	2.e-002	9.05e-002	1.6874e-002	
4152	2.e-002	9.3285e-002	1.4744e-002	
4153	2.e-002	9.4637e-002	1.3627e-002	
4154	2.e-002	9.5959e-002	1.2476e-002	
4155	2.e-002	9.7252e-002	1.1292e-002	
4156	2.e-002	9.8514e-002	1.0075e-002	
4157	2.e-002	9.6511e-002	1.0013e-002	
4158	2.e-002	9.4507e-002	9.9508e-003	
4159	2.e-002	9.2504e-002	9.8886e-003	
4160	2.e-002	9.05e-002	9.8264e-003	
4161	2.e-002	8.05e-002	1.7459e-002	
4162	2.e-002	8.05e-002	1.9273e-002	
4163	2.e-002	8.05e-002	2.1088e-002	
4164	2.e-002	8.05e-002	2.2903e-002	
4165	2.e-002	8.05e-002	1.5644e-002	
4166	2.e-002	8.6847e-002	1.7379e-002	
4167	2.e-002	8.4731e-002	1.68e-002	
4168	2.e-002	8.2616e-002	1.6222e-002	
4169	2.e-002	8.8963e-002	1.7957e-002	
4170	2.e-002	8.268e-002	2.178e-002	
4171	2.e-002	8.4819e-002	2.0581e-002	
4172	2.e-002	8.6914e-002	1.9305e-002	
4173	2.e-002	7.05e-002	2.1381e-002	
4174	2.e-002	7.05e-002	2.3219e-002	
4175	2.e-002	7.05e-002	2.5057e-002	
4176	2.e-002	7.05e-002	2.6895e-002	
4177	2.e-002	7.05e-002	1.9543e-002	
4178	2.e-002	7.6813e-002	2.2629e-002	
4179	2.e-002	7.4709e-002	2.16e-002	
4180	2.e-002	7.2604e-002	2.0572e-002	
4181	2.e-002	7.8918e-002	2.3658e-002	
4182	2.e-002	7.2643e-002	2.6189e-002	
4183	2.e-002	7.4762e-002	2.5414e-002	
4184	2.e-002	7.6854e-002	2.457e-002	
4185	2.e-002	6.05e-002	2.3674e-002	
4186	2.e-002	6.05e-002	2.5518e-002	
4187	2.e-002	6.05e-002	2.7362e-002	
4188	2.e-002	6.05e-002	2.9207e-002	
4189	2.e-002	6.05e-002	2.1829e-002	
4190	2.e-002	6.7475e-002	2.6455e-002	
4191	2.e-002	6.608e-002	2.553e-002	
4192	2.e-002	6.4685e-002	2.4605e-002	
4193	2.e-002	6.329e-002	2.368e-002	
4194	2.e-002	6.1895e-002	2.2754e-002	
4195	2.e-002	6.887e-002	2.738e-002	
4196	2.e-002	6.2613e-002	2.8848e-002	
4197	2.e-002	6.4713e-002	2.8423e-002	
4198	2.e-002	6.68e-002	2.7934e-002	
4199	2.e-002	5.8122e-002	2.3387e-002	
4200	2.e-002	5.6745e-002	2.471e-002	
4201	2.e-002	5.5367e-002	2.6032e-002	
4202	2.e-002	5.3989e-002	2.7354e-002	
4203	2.e-002	5.2611e-002	2.8677e-002	
4204	2.e-002	5.1234e-002	2.9999e-002	
4205	2.e-002	5.95e-002	2.2065e-002	
4206	2.e-002	5.95e-002	2.7531e-002	
4207	2.e-002	5.95e-002	2.5709e-002	
4208	2.e-002	5.95e-002	2.3887e-002	
4209	2.e-002	5.95e-002	2.9353e-002	
4210	2.e-002	5.3307e-002	2.9931e-002	
4211	2.e-002	5.5376e-002	2.98e-002	
4212	2.e-002	5.7442e-002	2.9608e-002	
4213	2.e-002	5.05e-002	2.3836e-002	
4214	2.e-002	5.05e-002	2.5663e-002	
4215	2.e-002	5.05e-002	2.749e-002	
4216	2.e-002	5.05e-002	2.9317e-002	
4217	2.e-002	5.05e-002	2.2008e-002	
4218	2.e-002	5.6631e-002	2.17e-002	
4219	2.e-002	5.8666e-002	2.1479e-002	
4220	2.e-002	5.4591e-002	2.1862e-002	
4221	2.e-002	5.2546e-002	2.1965e-002	
4222	2.e-002	5.1861e-002	2.8011e-002	
4223	2.e-002	5.3222e-002	2.6705e-002	
4224	2.e-002	5.4583e-002	2.5398e-002	
4225	2.e-002	5.5944e-002	2.4092e-002	
4226	2.e-002	5.7305e-002	2.2786e-002	
4227	2.e-002	9.05e-002	1.1588e-002	
4228	2.e-002	9.05e-002	1.335e-002	
4229	2.e-002	9.05e-002	1.5112e-002	
4230	2.e-002	4.8113e-002	2.3786e-002	
4231	2.e-002	4.6726e-002	2.4917e-002	
4232	2.e-002	4.534e-002	2.6049e-002	
4233	2.e-002	4.3953e-002	2.7181e-002	
4234	2.e-002	4.2566e-002	2.8312e-002	
4235	4.e-002	6.9738e-002	1.8916e-002	
4236	4.e-002	3.0829e-002	1.8847e-002	
4237	3.9e-002	3.0829e-002	1.8847e-002	
4238	3.9e-002	6.9738e-002	1.8916e-002	
4239	3.9e-002	4.2566e-002	2.8312e-002	
4240	3.9e-002	4.3953e-002	2.7181e-002	
4241	3.9e-002	4.534e-002	2.6049e-002	
4242	3.9e-002	4.6726e-002	2.4917e-002	
4243	3.9e-002	4.8113e-002	2.3786e-002	
4244	3.9e-002	9.05e-002	1.5112e-002	
4245	3.9e-002	9.05e-002	1.335e-002	
4246	3.9e-002	9.05e-002	1.1588e-002	
4247	3.9e-002	5.7305e-002	2.2786e-002	
4248	3.9e-002	5.5944e-002	2.4092e-002	
4249	3.9e-002	5.4583e-002	2.5398e-002	
4250	3.9e-002	5.3222e-002	2.6705e-002	
4251	3.9e-002	5.1861e-002	2.8011e-002	
4252	3.9e-002	5.8666e-002	2.1479e-002	
4253	3.9e-002	5.6631e-002	2.17e-002	
4254	3.9e-002	5.4591e-002	2.1862e-002	
4255	3.9e-002	5.2546e-002	2.1965e-002	
4256	3.9e-002	5.05e-002	2.9317e-002	
4257	3.9e-002	5.05e-002	2.749e-002	
4258	3.9e-002	5.05e-002	2.5663e-002	
4259	3.9e-002	5.05e-002	2.3836e-002	
4260	3.9e-002	5.05e-002	2.2008e-002	
4261	3.9e-002	5.3307e-002	2.9931e-002	
4262	3.9e-002	5.5376e-002	2.98e-002	
4263	3.9e-002	5.7442e-002	2.9608e-002	
4264	3.9e-002	5.95e-002	2.3887e-002	
4265	3.9e-002	5.95e-002	2.5709e-002	
4266	3.9e-002	5.95e-002	2.7531e-002	
4267	3.9e-002	5.95e-002	2.9353e-002	
4268	3.9e-002	5.1234e-002	2.9999e-002	
4269	3.9e-002	5.2611e-002	2.8677e-002	
4270	3.9e-002	5.3989e-002	2.7354e-002	
4271	3.9e-002	5.5367e-002	2.6032e-002	
4272	3.9e-002	5.6745e-002	2.471e-002	
4273	3.9e-002	5.8122e-002	2.3387e-002	
4274	3.9e-002	5.95e-002	2.2065e-002	
4275	3.9e-002	6.2613e-002	2.8848e-002	
4276	3.9e-002	6.4713e-002	2.8423e-002	
4277	3.9e-002	6.68e-002	2.7934e-002	
4278	3.9e-002	6.1895e-002	2.2754e-002	
4279	3.9e-002	6.329e-002	2.368e-002	
4280	3.9e-002	6.4685e-002	2.4605e-002	
4281	3.9e-002	6.608e-002	2.553e-002	
4282	3.9e-002	6.7475e-002	2.6455e-002	
4283	3.9e-002	6.887e-002	2.738e-002	
4284	3.9e-002	6.05e-002	2.9207e-002	
4285	3.9e-002	6.05e-002	2.7362e-002	
4286	3.9e-002	6.05e-002	2.5518e-002	
4287	3.9e-002	6.05e-002	2.3674e-002	
4288	3.9e-002	6.05e-002	2.1829e-002	
4289	3.9e-002	7.2643e-002	2.6189e-002	
4290	3.9e-002	7.4762e-002	2.5414e-002	
4291	3.9e-002	7.6854e-002	2.457e-002	
4292	3.9e-002	7.2604e-002	2.0572e-002	
4293	3.9e-002	7.4709e-002	2.16e-002	
4294	3.9e-002	7.6813e-002	2.2629e-002	
4295	3.9e-002	7.8918e-002	2.3658e-002	
4296	3.9e-002	7.05e-002	2.6895e-002	
4297	3.9e-002	7.05e-002	2.5057e-002	
4298	3.9e-002	7.05e-002	2.3219e-002	
4299	3.9e-002	7.05e-002	2.1381e-002	
4300	3.9e-002	7.05e-002	1.9543e-002	
4301	3.9e-002	8.268e-002	2.178e-002	
4302	3.9e-002	8.4819e-002	2.0581e-002	
4303	3.9e-002	8.6914e-002	1.9305e-002	
4304	3.9e-002	8.2616e-002	1.6222e-002	
4305	3.9e-002	8.4731e-002	1.68e-002	
4306	3.9e-002	8.6847e-002	1.7379e-002	
4307	3.9e-002	8.8963e-002	1.7957e-002	
4308	3.9e-002	8.05e-002	2.2903e-002	
4309	3.9e-002	8.05e-002	2.1088e-002	
4310	3.9e-002	8.05e-002	1.9273e-002	
4311	3.9e-002	8.05e-002	1.7459e-002	
4312	3.9e-002	8.05e-002	1.5644e-002	
4313	3.9e-002	9.05e-002	9.8264e-003	
4314	3.9e-002	9.2504e-002	9.8886e-003	
4315	3.9e-002	9.4507e-002	9.9508e-003	
4316	3.9e-002	9.6511e-002	1.0013e-002	
4317	3.9e-002	9.05e-002	1.6874e-002	
4318	3.9e-002	9.1906e-002	1.5827e-002	
4319	3.9e-002	9.3285e-002	1.4744e-002	
4320	3.9e-002	9.4637e-002	1.3627e-002	
4321	3.9e-002	9.5959e-002	1.2476e-002	
4322	3.9e-002	9.8514e-002	1.0075e-002	
4323	3.9e-002	9.7252e-002	1.1292e-002	
4324	3.9e-002	9.8313e-002	1.1664e-002	
4325	3.9e-002	9.6571e-002	1.3271e-002	
4326	3.9e-002	9.4775e-002	1.4817e-002	
4327	3.9e-002	9.2928e-002	1.6302e-002	
4328	3.9e-002	9.1032e-002	1.7723e-002	
4329	3.9e-002	8.9089e-002	1.908e-002	
4330	3.9e-002	8.7101e-002	2.037e-002	
4331	3.9e-002	8.507e-002	2.1591e-002	
4332	3.9e-002	8.3e-002	2.2744e-002	
4333	3.9e-002	8.0891e-002	2.3825e-002	
4334	3.9e-002	7.8747e-002	2.4835e-002	
4335	3.9e-002	7.657e-002	2.5771e-002	
4336	3.9e-002	7.4363e-002	2.6634e-002	
4337	3.9e-002	7.2128e-002	2.7421e-002	
4338	3.9e-002	6.9867e-002	2.8132e-002	
4339	3.9e-002	6.7584e-002	2.8766e-002	
4340	3.9e-002	6.528e-002	2.9322e-002	
4341	3.9e-002	6.2959e-002	2.98e-002	
4342	3.9e-002	6.0623e-002	3.0199e-002	
4343	3.9e-002	5.8275e-002	3.0519e-002	
4344	3.9e-002	5.5918e-002	3.076e-002	
4345	3.9e-002	5.3553e-002	3.092e-002	
4346	3.9e-002	5.1185e-002	3.1e-002	
4347	3.9e-002	4.8815e-002	3.1e-002	
4348	3.9e-002	4.6447e-002	3.092e-002	
4349	3.9e-002	4.4082e-002	3.076e-002	
4350	3.9e-002	4.1725e-002	3.0519e-002	
4351	3.9e-002	3.9377e-002	3.0199e-002	
4352	3.9e-002	3.7041e-002	2.98e-002	
4353	3.9e-002	3.472e-002	2.9322e-002	
4354	3.9e-002	3.2416e-002	2.8766e-002	
4355	3.9e-002	3.0133e-002	2.8132e-002	
4356	3.9e-002	2.7872e-002	2.7421e-002	
4357	3.9e-002	2.5637e-002	2.6634e-002	
4358	3.9e-002	2.343e-002	2.5771e-002	
4359	3.9e-002	2.1253e-002	2.4835e-002	
4360	3.9e-002	1.9109e-002	2.3825e-002	
4361	3.9e-002	1.7e-002	2.2744e-002	
4362	3.9e-002	1.493e-002	2.1591e-002	
4363	3.9e-002	1.2899e-002	2.037e-002	
4364	3.9e-002	1.0911e-002	1.908e-002	
4365	3.9e-002	8.968e-003	1.7723e-002	
4366	3.9e-002	7.0718e-003	1.6302e-002	
4367	3.9e-002	5.2248e-003	1.4817e-002	
4368	3.9e-002	3.4292e-003	1.3271e-002	
4369	3.9e-002	1.6869e-003	1.1664e-002	
4370	3.9e-002	0.	2.5e-003	
4371	3.9e-002	0.	5.e-003	
4372	3.9e-002	0.	7.5e-003	
4373	3.9e-002	-2.0817e-017	1.e-002	
4374	3.9e-002	0.	0.	
4375	3.9e-002	1.4804e-003	1.4666e-003	
4376	3.9e-002	3.0038e-003	2.8885e-003	
4377	3.9e-002	4.5689e-003	4.2645e-003	
4378	3.9e-002	6.1743e-003	5.5932e-003	
4379	3.9e-002	7.8184e-003	6.8736e-003	
4380	3.9e-002	9.5e-003	2.0261e-003	
4381	3.9e-002	9.5e-003	4.0522e-003	
4382	3.9e-002	9.5e-003	6.0783e-003	
4383	3.9e-002	9.5e-003	8.1044e-003	
4384	3.9e-002	9.5e-003	0.	
4385	3.9e-002	1.05e-002	6.6006e-003	
4386	3.9e-002	1.05e-002	4.4004e-003	
4387	3.9e-002	1.05e-002	2.2002e-003	
4388	3.9e-002	1.05e-002	0.	
4389	3.9e-002	1.05e-002	8.8008e-003	
4390	3.9e-002	1.1945e-002	9.7621e-003	
4391	3.9e-002	1.3413e-002	1.0687e-002	
4392	3.9e-002	1.4903e-002	1.1576e-002	
4393	3.9e-002	1.6415e-002	1.2427e-002	
4394	3.9e-002	1.7948e-002	1.3241e-002	
4395	3.9e-002	1.95e-002	2.336e-003	
4396	3.9e-002	1.95e-002	4.6721e-003	
4397	3.9e-002	1.95e-002	7.0081e-003	
4398	3.9e-002	1.95e-002	9.3441e-003	
4399	3.9e-002	1.95e-002	1.168e-002	
4400	3.9e-002	1.95e-002	1.4016e-002	
4401	3.9e-002	1.95e-002	0.	
4402	3.9e-002	2.05e-002	1.2075e-002	
4403	3.9e-002	2.05e-002	9.6603e-003	
4404	3.9e-002	2.05e-002	7.2453e-003	
4405	3.9e-002	2.05e-002	4.8302e-003	
4406	3.9e-002	2.05e-002	2.4151e-003	
4407	3.9e-002	2.05e-002	0.	
4408	3.9e-002	2.05e-002	1.4491e-002	
4409	3.9e-002	2.2704e-002	1.5469e-002	
4410	3.9e-002	2.4941e-002	1.6371e-002	
4411	3.9e-002	2.7207e-002	1.7195e-002	
4412	3.9e-002	2.95e-002	2.2426e-003	
4413	3.9e-002	2.95e-002	4.4853e-003	
4414	3.9e-002	2.95e-002	6.7279e-003	
4415	3.9e-002	2.95e-002	8.9706e-003	
4416	3.9e-002	2.95e-002	1.1213e-002	
4417	3.9e-002	2.95e-002	1.3456e-002	
4418	3.9e-002	2.95e-002	1.5698e-002	
4419	3.9e-002	2.95e-002	1.7941e-002	
4420	3.9e-002	2.95e-002	0.	
4421	3.9e-002	3.05e-002	1.5959e-002	
4422	3.9e-002	3.05e-002	1.3679e-002	
4423	3.9e-002	3.05e-002	1.14e-002	
4424	3.9e-002	3.05e-002	9.1196e-003	
4425	3.9e-002	3.05e-002	6.8397e-003	
4426	3.9e-002	3.05e-002	4.5598e-003	
4427	3.9e-002	3.05e-002	2.2799e-003	
4428	3.9e-002	3.05e-002	-2.7768e-031	
4429	3.9e-002	3.05e-002	1.8239e-002	
4430	3.9e-002	3.2724e-002	1.8845e-002	
4431	3.9e-002	3.4967e-002	1.9377e-002	
4432	3.9e-002	3.7227e-002	1.9835e-002	
4433	3.9e-002	3.95e-002	2.0218e-003	
4434	3.9e-002	3.95e-002	4.0436e-003	
4435	3.9e-002	3.95e-002	6.0655e-003	
4436	3.9e-002	3.95e-002	8.0873e-003	
4437	3.9e-002	3.95e-002	1.0109e-002	
4438	3.9e-002	3.95e-002	1.2131e-002	
4439	3.9e-002	3.95e-002	1.4153e-002	
4440	3.9e-002	3.95e-002	1.6175e-002	
4441	3.9e-002	3.95e-002	1.8196e-002	
4442	3.9e-002	3.95e-002	2.0218e-002	
4443	3.9e-002	3.95e-002	3.4694e-018	
4444	3.9e-002	4.05e-002	1.8326e-002	
4445	3.9e-002	4.05e-002	1.629e-002	
4446	3.9e-002	4.05e-002	1.4254e-002	
4447	3.9e-002	4.05e-002	1.2218e-002	
4448	3.9e-002	4.05e-002	1.0181e-002	
4449	3.9e-002	4.05e-002	8.145e-003	
4450	3.9e-002	4.05e-002	6.1088e-003	
4451	3.9e-002	4.05e-002	4.0725e-003	
4452	3.9e-002	4.05e-002	2.0363e-003	
4453	3.9e-002	4.05e-002	2.7515e-030	
4454	3.9e-002	4.05e-002	2.0363e-002	
4455	3.9e-002	4.2741e-002	2.0633e-002	
4456	3.9e-002	4.499e-002	2.0831e-002	
4457	3.9e-002	4.7243e-002	2.0956e-002	
4458	3.9e-002	4.95e-002	2.1008e-003	
4459	3.9e-002	4.95e-002	4.2017e-003	
4460	3.9e-002	4.95e-002	6.3025e-003	
4461	3.9e-002	4.95e-002	8.4034e-003	
4462	3.9e-002	4.95e-002	1.0504e-002	
4463	3.9e-002	4.95e-002	1.2605e-002	
4464	3.9e-002	4.95e-002	1.4706e-002	
4465	3.9e-002	4.95e-002	1.6807e-002	
4466	3.9e-002	4.95e-002	1.8908e-002	
4467	3.9e-002	4.95e-002	2.1008e-002	
4468	3.9e-002	4.95e-002	0.	
4469	3.9e-002	5.05e-002	1.8908e-002	
4470	3.9e-002	5.05e-002	1.6807e-002	
4471	3.9e-002	5.05e-002	1.4706e-002	
4472	3.9e-002	5.05e-002	1.2605e-002	
4473	3.9e-002	5.05e-002	1.0504e-002	
4474	3.9e-002	5.05e-002	8.4034e-003	
4475	3.9e-002	5.05e-002	6.3025e-003	
4476	3.9e-002	5.05e-002	4.2017e-003	
4477	3.9e-002	5.05e-002	2.1008e-003	
4478	3.9e-002	5.05e-002	5.3011e-031	
4479	3.9e-002	5.05e-002	2.1008e-002	
4480	3.9e-002	5.2757e-002	2.0956e-002	
4481	3.9e-002	5.501e-002	2.0831e-002	
4482	3.9e-002	5.7259e-002	2.0633e-002	
4483	3.9e-002	5.95e-002	2.0363e-003	
4484	3.9e-002	5.95e-002	4.0725e-003	
4485	3.9e-002	5.95e-002	6.1088e-003	
4486	3.9e-002	5.95e-002	8.145e-003	
4487	3.9e-002	5.95e-002	1.0181e-002	
4488	3.9e-002	5.95e-002	1.2218e-002	
4489	3.9e-002	5.95e-002	1.4254e-002	
4490	3.9e-002	5.95e-002	1.629e-002	
4491	3.9e-002	5.95e-002	1.8326e-002	
4492	3.9e-002	5.95e-002	2.0363e-002	
4493	3.9e-002	5.95e-002	0.	
4494	3.9e-002	6.05e-002	1.8196e-002	
4495	3.9e-002	6.05e-002	1.6175e-002	
4496	3.9e-002	6.05e-002	1.4153e-002	
4497	3.9e-002	6.05e-002	1.2131e-002	
4498	3.9e-002	6.05e-002	1.0109e-002	
4499	3.9e-002	6.05e-002	8.0873e-003	
4500	3.9e-002	6.05e-002	6.0655e-003	
4501	3.9e-002	6.05e-002	4.0436e-003	
4502	3.9e-002	6.05e-002	2.0218e-003	
4503	3.9e-002	6.05e-002	2.1205e-030	
4504	3.9e-002	6.05e-002	2.0218e-002	
4505	3.9e-002	6.2773e-002	1.9835e-002	
4506	3.9e-002	6.5033e-002	1.9377e-002	
4507	3.9e-002	6.7276e-002	1.8845e-002	
4508	3.9e-002	6.95e-002	2.2799e-003	
4509	3.9e-002	6.95e-002	4.5598e-003	
4510	3.9e-002	6.95e-002	6.8397e-003	
4511	3.9e-002	6.95e-002	9.1196e-003	
4512	3.9e-002	6.95e-002	1.14e-002	
4513	3.9e-002	6.95e-002	1.3679e-002	
4514	3.9e-002	6.95e-002	1.5959e-002	
4515	3.9e-002	6.95e-002	1.8239e-002	
4516	3.9e-002	6.95e-002	0.	
4517	3.9e-002	7.05e-002	1.5698e-002	
4518	3.9e-002	7.05e-002	1.3456e-002	
4519	3.9e-002	7.05e-002	1.1213e-002	
4520	3.9e-002	7.05e-002	8.9706e-003	
4521	3.9e-002	7.05e-002	6.7279e-003	
4522	3.9e-002	7.05e-002	4.4853e-003	
4523	3.9e-002	7.05e-002	2.2426e-003	
4524	3.9e-002	7.05e-002	-6.0585e-031	
4525	3.9e-002	7.05e-002	1.7941e-002	
4526	3.9e-002	7.2793e-002	1.7195e-002	
4527	3.9e-002	7.5059e-002	1.6371e-002	
4528	3.9e-002	7.7296e-002	1.5469e-002	
4529	3.9e-002	7.95e-002	2.4151e-003	
4530	3.9e-002	7.95e-002	4.8302e-003	
4531	3.9e-002	7.95e-002	7.2453e-003	
4532	3.9e-002	7.95e-002	9.6603e-003	
4533	3.9e-002	7.95e-002	1.2075e-002	
4534	3.9e-002	7.95e-002	1.4491e-002	
4535	3.9e-002	7.95e-002	0.	
4536	3.9e-002	8.05e-002	1.168e-002	
4537	3.9e-002	8.05e-002	9.3441e-003	
4538	3.9e-002	8.05e-002	7.0081e-003	
4539	3.9e-002	8.05e-002	4.6721e-003	
4540	3.9e-002	8.05e-002	2.336e-003	
4541	3.9e-002	8.05e-002	2.0195e-031	
4542	3.9e-002	8.05e-002	1.4016e-002	
4543	3.9e-002	8.2052e-002	1.3241e-002	
4544	3.9e-002	8.3585e-002	1.2427e-002	
4545	3.9e-002	8.5097e-002	1.1576e-002	
4546	3.9e-002	8.6587e-002	1.0687e-002	
4547	3.9e-002	8.8055e-002	9.7621e-003	
4548	3.9e-002	8.95e-002	2.2002e-003	
4549	3.9e-002	8.95e-002	4.4004e-003	
4550	3.9e-002	8.95e-002	6.6006e-003	
4551	3.9e-002	8.95e-002	8.8008e-003	
4552	3.9e-002	8.95e-002	0.	
4553	3.9e-002	9.05e-002	6.0783e-003	
4554	3.9e-002	9.05e-002	4.0522e-003	
4555	3.9e-002	9.05e-002	2.0261e-003	
4556	3.9e-002	9.05e-002	-1.0602e-030	
4557	3.9e-002	9.05e-002	8.1044e-003	
4558	3.9e-002	9.2182e-002	6.8736e-003	
4559	3.9e-002	9.3826e-002	5.5932e-003	
4560	3.9e-002	9.5431e-002	4.2645e-003	
4561	3.9e-002	9.6996e-002	2.8885e-003	
4562	3.9e-002	9.852e-002	1.4666e-003	
4563	3.9e-002	0.1	1.e-002	
4564	3.9e-002	0.1	7.5e-003	
4565	3.9e-002	0.1	5.e-003	
4566	3.9e-002	0.1	2.5e-003	
4567	3.9e-002	0.1	1.3878e-017	
4568	3.9e-002	9.9e-002	7.4151e-003	
4569	3.9e-002	9.9e-002	5.7405e-003	
4570	3.9e-002	9.9e-002	4.0658e-003	
4571	3.9e-002	9.2547e-002	7.8497e-003	
4572	3.9e-002	9.3889e-002	6.8201e-003	
4573	3.9e-002	9.5206e-002	5.7589e-003	
4574	3.9e-002	9.6497e-002	4.6665e-003	
4575	3.9e-002	9.9e-002	2.3911e-003	
4576	3.9e-002	9.7762e-002	3.5437e-003	
4577	3.9e-002	9.1181e-002	8.8471e-003	
4578	3.9e-002	9.3136e-002	8.9077e-003	
4579	3.9e-002	9.5091e-002	8.9684e-003	
4580	3.9e-002	9.7045e-002	9.0291e-003	
4581	3.9e-002	9.9e-002	9.0898e-003	
4582	3.9e-002	8.95e-002	1.5302e-002	
4583	3.9e-002	8.95e-002	1.3538e-002	
4584	3.9e-002	8.95e-002	1.1773e-002	
4585	3.9e-002	8.3324e-002	1.3704e-002	
4586	3.9e-002	8.5424e-002	1.2542e-002	
4587	3.9e-002	8.95e-002	1.0008e-002	
4588	3.9e-002	8.7483e-002	1.1309e-002	
4589	3.9e-002	8.1186e-002	1.4794e-002	
4590	3.9e-002	8.3264e-002	1.5363e-002	
4591	3.9e-002	8.5343e-002	1.5931e-002	
4592	3.9e-002	8.7421e-002	1.6499e-002	
4593	3.9e-002	8.95e-002	1.7067e-002	
4594	3.9e-002	7.95e-002	2.102e-002	
4595	3.9e-002	7.95e-002	1.9211e-002	
4596	3.9e-002	7.95e-002	1.7401e-002	
4597	3.9e-002	7.3311e-002	1.8074e-002	
4598	3.9e-002	7.5399e-002	1.7312e-002	
4599	3.9e-002	7.95e-002	1.5592e-002	
4600	3.9e-002	7.7463e-002	1.6484e-002	
4601	3.9e-002	7.1199e-002	1.8772e-002	
4602	3.9e-002	7.3274e-002	1.9786e-002	
4603	3.9e-002	7.535e-002	2.0801e-002	
4604	3.9e-002	7.7425e-002	2.1815e-002	
4605	3.9e-002	7.95e-002	2.283e-002	
4606	3.9e-002	6.95e-002	2.4768e-002	
4607	3.9e-002	6.95e-002	2.2939e-002	
4608	3.9e-002	6.95e-002	2.1109e-002	
4609	3.9e-002	6.332e-002	2.075e-002	
4610	3.9e-002	6.5394e-002	2.0321e-002	
4611	3.9e-002	6.95e-002	1.928e-002	
4612	3.9e-002	6.7455e-002	1.9831e-002	
4613	3.9e-002	6.1233e-002	2.1116e-002	
4614	3.9e-002	6.33e-002	2.2486e-002	
4615	3.9e-002	6.5367e-002	2.3857e-002	
4616	3.9e-002	6.7433e-002	2.5227e-002	
4617	3.9e-002	6.95e-002	2.6598e-002	
4618	3.9e-002	2.2537e-002	1.6484e-002	
4619	3.9e-002	2.4601e-002	1.7312e-002	
4620	3.9e-002	2.6689e-002	1.8074e-002	
4621	3.9e-002	2.05e-002	1.5592e-002	
4622	3.9e-002	2.05e-002	1.7401e-002	
4623	3.9e-002	2.05e-002	1.9211e-002	
4624	3.9e-002	2.05e-002	2.102e-002	
4625	3.9e-002	2.05e-002	2.283e-002	
4626	3.9e-002	2.2575e-002	2.1815e-002	
4627	3.9e-002	2.465e-002	2.0801e-002	
4628	3.9e-002	2.6726e-002	1.9786e-002	
4629	3.9e-002	2.8801e-002	1.8772e-002	
4630	3.9e-002	2.2378e-003	3.5437e-003	
4631	3.9e-002	3.5027e-003	4.6665e-003	
4632	3.9e-002	4.794e-003	5.7589e-003	
4633	3.9e-002	6.1109e-003	6.8201e-003	
4634	3.9e-002	7.4527e-003	7.8497e-003	
4635	3.9e-002	1.e-003	2.3911e-003	
4636	3.9e-002	1.e-003	4.0658e-003	
4637	3.9e-002	1.e-003	5.7405e-003	
4638	3.9e-002	1.e-003	7.4151e-003	
4639	3.9e-002	1.e-003	9.0898e-003	
4640	3.9e-002	2.9547e-003	9.0291e-003	
4641	3.9e-002	4.9094e-003	8.9684e-003	
4642	3.9e-002	6.864e-003	8.9077e-003	
4643	3.9e-002	8.8187e-003	8.8471e-003	
4644	3.9e-002	2.7481e-003	1.1292e-002	
4645	3.9e-002	4.0408e-003	1.2476e-002	
4646	3.9e-002	5.3633e-003	1.3627e-002	
4647	3.9e-002	6.7145e-003	1.4744e-002	
4648	3.9e-002	8.0937e-003	1.5827e-002	
4649	3.9e-002	9.5e-003	1.1588e-002	
4650	3.9e-002	9.5e-003	1.335e-002	
4651	3.9e-002	9.5e-003	1.5112e-002	
4652	3.9e-002	9.5e-003	1.6874e-002	
4653	3.9e-002	1.4858e-003	1.0075e-002	
4654	3.9e-002	3.4894e-003	1.0013e-002	
4655	3.9e-002	5.4929e-003	9.9508e-003	
4656	3.9e-002	7.4965e-003	9.8886e-003	
4657	3.9e-002	9.5e-003	9.8264e-003	
4658	3.9e-002	1.6736e-002	1.5363e-002	
4659	3.9e-002	1.4657e-002	1.5931e-002	
4660	3.9e-002	1.2579e-002	1.6499e-002	
4661	3.9e-002	1.8814e-002	1.4794e-002	
4662	3.9e-002	1.6676e-002	1.3704e-002	
4663	3.9e-002	1.4576e-002	1.2542e-002	
4664	3.9e-002	1.2517e-002	1.1309e-002	
4665	3.9e-002	1.05e-002	1.7067e-002	
4666	3.9e-002	1.05e-002	1.5302e-002	
4667	3.9e-002	1.05e-002	1.3538e-002	
4668	3.9e-002	1.05e-002	1.1773e-002	
4669	3.9e-002	1.05e-002	1.0008e-002	
4670	3.9e-002	1.3086e-002	1.9305e-002	
4671	3.9e-002	1.5181e-002	2.0581e-002	
4672	3.9e-002	1.732e-002	2.178e-002	
4673	3.9e-002	1.95e-002	1.7459e-002	
4674	3.9e-002	1.95e-002	1.9273e-002	
4675	3.9e-002	1.95e-002	2.1088e-002	
4676	3.9e-002	1.95e-002	2.2903e-002	
4677	3.9e-002	1.1037e-002	1.7957e-002	
4678	3.9e-002	1.3153e-002	1.7379e-002	
4679	3.9e-002	1.5269e-002	1.68e-002	
4680	3.9e-002	1.7384e-002	1.6222e-002	
4681	3.9e-002	1.95e-002	1.5644e-002	
4682	3.9e-002	2.3146e-002	2.457e-002	
4683	3.9e-002	2.5238e-002	2.5414e-002	
4684	3.9e-002	2.7357e-002	2.6189e-002	
4685	3.9e-002	2.95e-002	2.1381e-002	
4686	3.9e-002	2.95e-002	2.3219e-002	
4687	3.9e-002	2.95e-002	2.5057e-002	
4688	3.9e-002	2.95e-002	2.6895e-002	
4689	3.9e-002	2.1082e-002	2.3658e-002	
4690	3.9e-002	2.3187e-002	2.2629e-002	
4691	3.9e-002	2.5291e-002	2.16e-002	
4692	3.9e-002	2.7396e-002	2.0572e-002	
4693	3.9e-002	2.95e-002	1.9543e-002	
4694	3.9e-002	3.67e-002	2.2486e-002	
4695	3.9e-002	3.4633e-002	2.3857e-002	
4696	3.9e-002	3.2567e-002	2.5227e-002	
4697	3.9e-002	3.8767e-002	2.1116e-002	
4698	3.9e-002	3.668e-002	2.075e-002	
4699	3.9e-002	3.4606e-002	2.0321e-002	
4700	3.9e-002	3.2545e-002	1.9831e-002	
4701	3.9e-002	3.05e-002	2.6598e-002	
4702	3.9e-002	3.05e-002	2.4768e-002	
4703	3.9e-002	3.05e-002	2.2939e-002	
4704	3.9e-002	3.05e-002	2.1109e-002	
4705	3.9e-002	3.05e-002	1.928e-002	
4706	3.9e-002	3.32e-002	2.7934e-002	
4707	3.9e-002	3.5287e-002	2.8423e-002	
4708	3.9e-002	3.7387e-002	2.8848e-002	
4709	3.9e-002	3.95e-002	2.3674e-002	
4710	3.9e-002	3.95e-002	2.5518e-002	
4711	3.9e-002	3.95e-002	2.7362e-002	
4712	3.9e-002	3.95e-002	2.9207e-002	
4713	3.9e-002	3.113e-002	2.738e-002	
4714	3.9e-002	3.2525e-002	2.6455e-002	
4715	3.9e-002	3.392e-002	2.553e-002	
4716	3.9e-002	3.5315e-002	2.4605e-002	
4717	3.9e-002	3.671e-002	2.368e-002	
4718	3.9e-002	3.8105e-002	2.2754e-002	
4719	3.9e-002	3.95e-002	2.1829e-002	
4720	3.9e-002	4.7351e-002	2.3117e-002	
4721	3.9e-002	4.5981e-002	2.4235e-002	
4722	3.9e-002	4.4611e-002	2.5353e-002	
4723	3.9e-002	4.324e-002	2.6471e-002	
4724	3.9e-002	4.187e-002	2.759e-002	
4725	3.9e-002	4.8721e-002	2.1999e-002	
4726	3.9e-002	4.666e-002	2.1932e-002	
4727	3.9e-002	4.4601e-002	2.1805e-002	
4728	3.9e-002	4.2548e-002	2.1618e-002	
4729	3.9e-002	4.05e-002	2.8708e-002	
4730	3.9e-002	4.05e-002	2.6874e-002	
4731	3.9e-002	4.05e-002	2.504e-002	
4732	3.9e-002	4.05e-002	2.3206e-002	
4733	3.9e-002	4.05e-002	2.1372e-002	
4734	3.9e-002	4.1179e-002	2.9444e-002	
4735	3.9e-002	4.3252e-002	2.9679e-002	
4736	3.9e-002	4.5331e-002	2.9852e-002	
4737	3.9e-002	4.7414e-002	2.9962e-002	
4738	3.9e-002	4.95e-002	2.2654e-002	
4739	3.9e-002	4.95e-002	2.4493e-002	
4740	3.9e-002	4.95e-002	2.6332e-002	
4741	3.9e-002	4.95e-002	2.817e-002	
4742	3.9e-002	4.95e-002	3.0009e-002	
4743	4.e-002	4.95e-002	2.817e-002	
4744	4.e-002	4.95e-002	2.6332e-002	
4745	4.e-002	4.95e-002	2.4493e-002	
4746	4.e-002	4.95e-002	2.2654e-002	
4747	4.e-002	4.95e-002	3.0009e-002	
4748	4.e-002	4.3252e-002	2.9679e-002	
4749	4.e-002	4.1179e-002	2.9444e-002	
4750	4.e-002	4.5331e-002	2.9852e-002	
4751	4.e-002	4.7414e-002	2.9962e-002	
4752	4.e-002	4.05e-002	2.3206e-002	
4753	4.e-002	4.05e-002	2.504e-002	
4754	4.e-002	4.05e-002	2.6874e-002	
4755	4.e-002	4.05e-002	2.8708e-002	
4756	4.e-002	4.05e-002	2.1372e-002	
4757	4.e-002	4.666e-002	2.1932e-002	
4758	4.e-002	4.8721e-002	2.1999e-002	
4759	4.e-002	4.4601e-002	2.1805e-002	
4760	4.e-002	4.2548e-002	2.1618e-002	
4761	4.e-002	4.187e-002	2.759e-002	
4762	4.e-002	4.324e-002	2.6471e-002	
4763	4.e-002	4.4611e-002	2.5353e-002	
4764	4.e-002	4.5981e-002	2.4235e-002	
4765	4.e-002	4.7351e-002	2.3117e-002	
4766	4.e-002	3.8105e-002	2.2754e-002	
4767	4.e-002	3.671e-002	2.368e-002	
4768	4.e-002	3.5315e-002	2.4605e-002	
4769	4.e-002	3.392e-002	2.553e-002	
4770	4.e-002	3.2525e-002	2.6455e-002	
4771	4.e-002	3.113e-002	2.738e-002	
4772	4.e-002	3.95e-002	2.1829e-002	
4773	4.e-002	3.95e-002	2.7362e-002	
4774	4.e-002	3.95e-002	2.5518e-002	
4775	4.e-002	3.95e-002	2.3674e-002	
4776	4.e-002	3.95e-002	2.9207e-002	
4777	4.e-002	3.32e-002	2.7934e-002	
4778	4.e-002	3.5287e-002	2.8423e-002	
4779	4.e-002	3.7387e-002	2.8848e-002	
4780	4.e-002	3.05e-002	2.1109e-002	
4781	4.e-002	3.05e-002	2.2939e-002	
4782	4.e-002	3.05e-002	2.4768e-002	
4783	4.e-002	3.05e-002	2.6598e-002	
4784	4.e-002	3.05e-002	1.928e-002	
4785	4.e-002	3.668e-002	2.075e-002	
4786	4.e-002	3.8767e-002	2.1116e-002	
4787	4.e-002	3.4606e-002	2.0321e-002	
4788	4.e-002	3.2545e-002	1.9831e-002	
4789	4.e-002	3.2567e-002	2.5227e-002	
4790	4.e-002	3.4633e-002	2.3857e-002	
4791	4.e-002	3.67e-002	2.2486e-002	
4792	4.e-002	2.7396e-002	2.0572e-002	
4793	4.e-002	2.5291e-002	2.16e-002	
4794	4.e-002	2.3187e-002	2.2629e-002	
4795	4.e-002	2.1082e-002	2.3658e-002	
4796	4.e-002	2.95e-002	1.9543e-002	
4797	4.e-002	2.95e-002	2.5057e-002	
4798	4.e-002	2.95e-002	2.3219e-002	
4799	4.e-002	2.95e-002	2.1381e-002	
4800	4.e-002	2.95e-002	2.6895e-002	
4801	4.e-002	2.3146e-002	2.457e-002	
4802	4.e-002	2.5238e-002	2.5414e-002	
4803	4.e-002	2.7357e-002	2.6189e-002	
4804	4.e-002	1.7384e-002	1.6222e-002	
4805	4.e-002	1.5269e-002	1.68e-002	
4806	4.e-002	1.3153e-002	1.7379e-002	
4807	4.e-002	1.1037e-002	1.7957e-002	
4808	4.e-002	1.95e-002	1.5644e-002	
4809	4.e-002	1.95e-002	2.1088e-002	
4810	4.e-002	1.95e-002	1.9273e-002	
4811	4.e-002	1.95e-002	1.7459e-002	
4812	4.e-002	1.95e-002	2.2903e-002	
4813	4.e-002	1.3086e-002	1.9305e-002	
4814	4.e-002	1.5181e-002	2.0581e-002	
4815	4.e-002	1.732e-002	2.178e-002	
4816	4.e-002	1.05e-002	1.1773e-002	
4817	4.e-002	1.05e-002	1.3538e-002	
4818	4.e-002	1.05e-002	1.5302e-002	
4819	4.e-002	1.05e-002	1.7067e-002	
4820	4.e-002	1.05e-002	1.0008e-002	
4821	4.e-002	1.6676e-002	1.3704e-002	
4822	4.e-002	1.8814e-002	1.4794e-002	
4823	4.e-002	1.4576e-002	1.2542e-002	
4824	4.e-002	1.2517e-002	1.1309e-002	
4825	4.e-002	1.2579e-002	1.6499e-002	
4826	4.e-002	1.4657e-002	1.5931e-002	
4827	4.e-002	1.6736e-002	1.5363e-002	
4828	4.e-002	7.4965e-003	9.8886e-003	
4829	4.e-002	5.4929e-003	9.9508e-003	
4830	4.e-002	3.4894e-003	1.0013e-002	
4831	4.e-002	1.4858e-003	1.0075e-002	
4832	4.e-002	9.5e-003	9.8264e-003	
4833	4.e-002	9.5e-003	1.5112e-002	
4834	4.e-002	9.5e-003	1.335e-002	
4835	4.e-002	9.5e-003	1.1588e-002	
4836	4.e-002	9.5e-003	1.6874e-002	
4837	4.e-002	2.7481e-003	1.1292e-002	
4838	4.e-002	4.0408e-003	1.2476e-002	
4839	4.e-002	5.3633e-003	1.3627e-002	
4840	4.e-002	6.7145e-003	1.4744e-002	
4841	4.e-002	8.0937e-003	1.5827e-002	
4842	4.e-002	6.864e-003	8.9077e-003	
4843	4.e-002	4.9094e-003	8.9684e-003	
4844	4.e-002	2.9547e-003	9.0291e-003	
4845	4.e-002	8.8187e-003	8.8471e-003	
4846	4.e-002	1.e-003	9.0898e-003	
4847	4.e-002	1.e-003	7.4151e-003	
4848	4.e-002	1.e-003	5.7405e-003	
4849	4.e-002	1.e-003	4.0658e-003	
4850	4.e-002	1.e-003	2.3911e-003	
4851	4.e-002	2.2378e-003	3.5437e-003	
4852	4.e-002	3.5027e-003	4.6665e-003	
4853	4.e-002	4.794e-003	5.7589e-003	
4854	4.e-002	6.1109e-003	6.8201e-003	
4855	4.e-002	7.4527e-003	7.8497e-003	
4856	4.e-002	2.6726e-002	1.9786e-002	
4857	4.e-002	2.465e-002	2.0801e-002	
4858	4.e-002	2.2575e-002	2.1815e-002	
4859	4.e-002	2.8801e-002	1.8772e-002	
4860	4.e-002	2.05e-002	2.283e-002	
4861	4.e-002	2.05e-002	2.102e-002	
4862	4.e-002	2.05e-002	1.9211e-002	
4863	4.e-002	2.05e-002	1.7401e-002	
4864	4.e-002	2.05e-002	1.5592e-002	
4865	4.e-002	2.2537e-002	1.6484e-002	
4866	4.e-002	2.4601e-002	1.7312e-002	
4867	4.e-002	2.6689e-002	1.8074e-002	
4868	4.e-002	6.7433e-002	2.5227e-002	
4869	4.e-002	6.5367e-002	2.3857e-002	
4870	4.e-002	6.33e-002	2.2486e-002	
4871	4.e-002	6.95e-002	2.6598e-002	
4872	4.e-002	6.1233e-002	2.1116e-002	
4873	4.e-002	6.332e-002	2.075e-002	
4874	4.e-002	6.5394e-002	2.0321e-002	
4875	4.e-002	6.7455e-002	1.9831e-002	
4876	4.e-002	6.95e-002	1.928e-002	
4877	4.e-002	6.95e-002	2.1109e-002	
4878	4.e-002	6.95e-002	2.2939e-002	
4879	4.e-002	6.95e-002	2.4768e-002	
4880	4.e-002	7.7425e-002	2.1815e-002	
4881	4.e-002	7.535e-002	2.0801e-002	
4882	4.e-002	7.3274e-002	1.9786e-002	
4883	4.e-002	7.95e-002	2.283e-002	
4884	4.e-002	7.1199e-002	1.8772e-002	
4885	4.e-002	7.3311e-002	1.8074e-002	
4886	4.e-002	7.5399e-002	1.7312e-002	
4887	4.e-002	7.7463e-002	1.6484e-002	
4888	4.e-002	7.95e-002	1.5592e-002	
4889	4.e-002	7.95e-002	1.7401e-002	
4890	4.e-002	7.95e-002	1.9211e-002	
4891	4.e-002	7.95e-002	2.102e-002	
4892	4.e-002	8.7421e-002	1.6499e-002	
4893	4.e-002	8.5343e-002	1.5931e-002	
4894	4.e-002	8.3264e-002	1.5363e-002	
4895	4.e-002	8.95e-002	1.7067e-002	
4896	4.e-002	8.1186e-002	1.4794e-002	
4897	4.e-002	8.3324e-002	1.3704e-002	
4898	4.e-002	8.5424e-002	1.2542e-002	
4899	4.e-002	8.7483e-002	1.1309e-002	
4900	4.e-002	8.95e-002	1.0008e-002	
4901	4.e-002	8.95e-002	1.1773e-002	
4902	4.e-002	8.95e-002	1.3538e-002	
4903	4.e-002	8.95e-002	1.5302e-002	
4904	4.e-002	9.7045e-002	9.0291e-003	
4905	4.e-002	9.5091e-002	8.9684e-003	
4906	4.e-002	9.3136e-002	8.9077e-003	
4907	4.e-002	9.9e-002	9.0898e-003	
4908	4.e-002	9.1181e-002	8.8471e-003	
4909	4.e-002	9.2547e-002	7.8497e-003	
4910	4.e-002	9.3889e-002	6.8201e-003	
4911	4.e-002	9.5206e-002	5.7589e-003	
4912	4.e-002	9.6497e-002	4.6665e-003	
4913	4.e-002	9.7762e-002	3.5437e-003	
4914	4.e-002	9.9e-002	2.3911e-003	
4915	4.e-002	9.9e-002	4.0658e-003	
4916	4.e-002	9.9e-002	5.7405e-003	
4917	4.e-002	9.9e-002	7.4151e-003	
4918	4.e-002	0.1	2.5e-003	
4919	4.e-002	0.1	5.e-003	
4920	4.e-002	0.1	7.5e-003	
4921	4.e-002	0.1	1.e-002	
4922	4.e-002	0.1	1.3878e-017	
4923	4.e-002	9.2182e-002	6.8736e-003	
4924	4.e-002	9.05e-002	8.1044e-003	
4925	4.e-002	9.3826e-002	5.5932e-003	
4926	4.e-002	9.5431e-002	4.2645e-003	
4927	4.e-002	9.6996e-002	2.8885e-003	
4928	4.e-002	9.852e-002	1.4666e-003	
4929	4.e-002	9.05e-002	2.0261e-003	
4930	4.e-002	9.05e-002	4.0522e-003	
4931	4.e-002	9.05e-002	6.0783e-003	
4932	4.e-002	9.05e-002	-1.0602e-030	
4933	4.e-002	8.95e-002	0.	
4934	4.e-002	8.95e-002	6.6006e-003	
4935	4.e-002	8.95e-002	4.4004e-003	
4936	4.e-002	8.95e-002	2.2002e-003	
4937	4.e-002	8.95e-002	8.8008e-003	
4938	4.e-002	8.2052e-002	1.3241e-002	
4939	4.e-002	8.05e-002	1.4016e-002	
4940	4.e-002	8.3585e-002	1.2427e-002	
4941	4.e-002	8.5097e-002	1.1576e-002	
4942	4.e-002	8.6587e-002	1.0687e-002	
4943	4.e-002	8.8055e-002	9.7621e-003	
4944	4.e-002	8.05e-002	2.336e-003	
4945	4.e-002	8.05e-002	4.6721e-003	
4946	4.e-002	8.05e-002	7.0081e-003	
4947	4.e-002	8.05e-002	9.3441e-003	
4948	4.e-002	8.05e-002	1.168e-002	
4949	4.e-002	8.05e-002	2.0195e-031	
4950	4.e-002	7.95e-002	0.	
4951	4.e-002	7.95e-002	1.2075e-002	
4952	4.e-002	7.95e-002	9.6603e-003	
4953	4.e-002	7.95e-002	7.2453e-003	
4954	4.e-002	7.95e-002	4.8302e-003	
4955	4.e-002	7.95e-002	2.4151e-003	
4956	4.e-002	7.95e-002	1.4491e-002	
4957	4.e-002	7.2793e-002	1.7195e-002	
4958	4.e-002	7.05e-002	1.7941e-002	
4959	4.e-002	7.5059e-002	1.6371e-002	
4960	4.e-002	7.7296e-002	1.5469e-002	
4961	4.e-002	7.05e-002	2.2426e-003	
4962	4.e-002	7.05e-002	4.4853e-003	
4963	4.e-002	7.05e-002	6.7279e-003	
4964	4.e-002	7.05e-002	8.9706e-003	
4965	4.e-002	7.05e-002	1.1213e-002	
4966	4.e-002	7.05e-002	1.3456e-002	
4967	4.e-002	7.05e-002	1.5698e-002	
4968	4.e-002	7.05e-002	-6.0585e-031	
4969	4.e-002	6.95e-002	0.	
4970	4.e-002	6.95e-002	1.5959e-002	
4971	4.e-002	6.95e-002	1.3679e-002	
4972	4.e-002	6.95e-002	1.14e-002	
4973	4.e-002	6.95e-002	9.1196e-003	
4974	4.e-002	6.95e-002	6.8397e-003	
4975	4.e-002	6.95e-002	4.5598e-003	
4976	4.e-002	6.95e-002	2.2799e-003	
4977	4.e-002	6.95e-002	1.8239e-002	
4978	4.e-002	6.2773e-002	1.9835e-002	
4979	4.e-002	6.05e-002	2.0218e-002	
4980	4.e-002	6.5033e-002	1.9377e-002	
4981	4.e-002	6.7276e-002	1.8845e-002	
4982	4.e-002	6.05e-002	2.0218e-003	
4983	4.e-002	6.05e-002	4.0436e-003	
4984	4.e-002	6.05e-002	6.0655e-003	
4985	4.e-002	6.05e-002	8.0873e-003	
4986	4.e-002	6.05e-002	1.0109e-002	
4987	4.e-002	6.05e-002	1.2131e-002	
4988	4.e-002	6.05e-002	1.4153e-002	
4989	4.e-002	6.05e-002	1.6175e-002	
4990	4.e-002	6.05e-002	1.8196e-002	
4991	4.e-002	6.05e-002	2.1205e-030	
4992	4.e-002	5.95e-002	0.	
4993	4.e-002	5.95e-002	1.8326e-002	
4994	4.e-002	5.95e-002	1.629e-002	
4995	4.e-002	5.95e-002	1.4254e-002	
4996	4.e-002	5.95e-002	1.2218e-002	
4997	4.e-002	5.95e-002	1.0181e-002	
4998	4.e-002	5.95e-002	8.145e-003	
4999	4.e-002	5.95e-002	6.1088e-003	
5000	4.e-002	5.95e-002	4.0725e-003	
5001	4.e-002	5.95e-002	2.0363e-003	
5002	4.e-002	5.95e-002	2.0363e-002	
5003	4.e-002	5.2757e-002	2.0956e-002	
5004	4.e-002	5.05e-002	2.1008e-002	
5005	4.e-002	5.501e-002	2.0831e-002	
5006	4.e-002	5.7259e-002	2.0633e-002	
5007	4.e-002	5.05e-002	2.1008e-003	
5008	4.e-002	5.05e-002	4.2017e-003	
5009	4.e-002	5.05e-002	6.3025e-003	
5010	4.e-002	5.05e-002	8.4034e-003	
5011	4.e-002	5.05e-002	1.0504e-002	
5012	4.e-002	5.05e-002	1.2605e-002	
5013	4.e-002	5.05e-002	1.4706e-002	
5014	4.e-002	5.05e-002	1.6807e-002	
5015	4.e-002	5.05e-002	1.8908e-002	
5016	4.e-002	5.05e-002	5.3011e-031	
5017	4.e-002	4.95e-002	0.	
5018	4.e-002	4.95e-002	1.8908e-002	
5019	4.e-002	4.95e-002	1.6807e-002	
5020	4.e-002	4.95e-002	1.4706e-002	
5021	4.e-002	4.95e-002	1.2605e-002	
5022	4.e-002	4.95e-002	1.0504e-002	
5023	4.e-002	4.95e-002	8.4034e-003	
5024	4.e-002	4.95e-002	6.3025e-003	
5025	4.e-002	4.95e-002	4.2017e-003	
5026	4.e-002	4.95e-002	2.1008e-003	
5027	4.e-002	4.95e-002	2.1008e-002	
5028	4.e-002	4.2741e-002	2.0633e-002	
5029	4.e-002	4.05e-002	2.0363e-002	
5030	4.e-002	4.499e-002	2.0831e-002	
5031	4.e-002	4.7243e-002	2.0956e-002	
5032	4.e-002	4.05e-002	2.0363e-003	
5033	4.e-002	4.05e-002	4.0725e-003	
5034	4.e-002	4.05e-002	6.1088e-003	
5035	4.e-002	4.05e-002	8.145e-003	
5036	4.e-002	4.05e-002	1.0181e-002	
5037	4.e-002	4.05e-002	1.2218e-002	
5038	4.e-002	4.05e-002	1.4254e-002	
5039	4.e-002	4.05e-002	1.629e-002	
5040	4.e-002	4.05e-002	1.8326e-002	
5041	4.e-002	4.05e-002	2.7515e-030	
5042	4.e-002	3.95e-002	3.4694e-018	
5043	4.e-002	3.95e-002	1.8196e-002	
5044	4.e-002	3.95e-002	1.6175e-002	
5045	4.e-002	3.95e-002	1.4153e-002	
5046	4.e-002	3.95e-002	1.2131e-002	
5047	4.e-002	3.95e-002	1.0109e-002	
5048	4.e-002	3.95e-002	8.0873e-003	
5049	4.e-002	3.95e-002	6.0655e-003	
5050	4.e-002	3.95e-002	4.0436e-003	
5051	4.e-002	3.95e-002	2.0218e-003	
5052	4.e-002	3.95e-002	2.0218e-002	
5053	4.e-002	3.2724e-002	1.8845e-002	
5054	4.e-002	3.05e-002	1.8239e-002	
5055	4.e-002	3.4967e-002	1.9377e-002	
5056	4.e-002	3.7227e-002	1.9835e-002	
5057	4.e-002	3.05e-002	2.2799e-003	
5058	4.e-002	3.05e-002	4.5598e-003	
5059	4.e-002	3.05e-002	6.8397e-003	
5060	4.e-002	3.05e-002	9.1196e-003	
5061	4.e-002	3.05e-002	1.14e-002	
5062	4.e-002	3.05e-002	1.3679e-002	
5063	4.e-002	3.05e-002	1.5959e-002	
5064	4.e-002	3.05e-002	-2.7768e-031	
5065	4.e-002	2.95e-002	0.	
5066	4.e-002	2.95e-002	1.5698e-002	
5067	4.e-002	2.95e-002	1.3456e-002	
5068	4.e-002	2.95e-002	1.1213e-002	
5069	4.e-002	2.95e-002	8.9706e-003	
5070	4.e-002	2.95e-002	6.7279e-003	
5071	4.e-002	2.95e-002	4.4853e-003	
5072	4.e-002	2.95e-002	2.2426e-003	
5073	4.e-002	2.95e-002	1.7941e-002	
5074	4.e-002	2.2704e-002	1.5469e-002	
5075	4.e-002	2.05e-002	1.4491e-002	
5076	4.e-002	2.4941e-002	1.6371e-002	
5077	4.e-002	2.7207e-002	1.7195e-002	
5078	4.e-002	2.05e-002	2.4151e-003	
5079	4.e-002	2.05e-002	4.8302e-003	
5080	4.e-002	2.05e-002	7.2453e-003	
5081	4.e-002	2.05e-002	9.6603e-003	
5082	4.e-002	2.05e-002	1.2075e-002	
5083	4.e-002	2.05e-002	0.	
5084	4.e-002	1.95e-002	0.	
5085	4.e-002	1.95e-002	1.168e-002	
5086	4.e-002	1.95e-002	9.3441e-003	
5087	4.e-002	1.95e-002	7.0081e-003	
5088	4.e-002	1.95e-002	4.6721e-003	
5089	4.e-002	1.95e-002	2.336e-003	
5090	4.e-002	1.95e-002	1.4016e-002	
5091	4.e-002	1.1945e-002	9.7621e-003	
5092	4.e-002	1.05e-002	8.8008e-003	
5093	4.e-002	1.3413e-002	1.0687e-002	
5094	4.e-002	1.4903e-002	1.1576e-002	
5095	4.e-002	1.6415e-002	1.2427e-002	
5096	4.e-002	1.7948e-002	1.3241e-002	
5097	4.e-002	1.05e-002	2.2002e-003	
5098	4.e-002	1.05e-002	4.4004e-003	
5099	4.e-002	1.05e-002	6.6006e-003	
5100	4.e-002	1.05e-002	0.	
5101	4.e-002	9.5e-003	0.	
5102	4.e-002	9.5e-003	6.0783e-003	
5103	4.e-002	9.5e-003	4.0522e-003	
5104	4.e-002	9.5e-003	2.0261e-003	
5105	4.e-002	9.5e-003	8.1044e-003	
5106	4.e-002	1.4804e-003	1.4666e-003	
5107	4.e-002	0.	0.	
5108	4.e-002	3.0038e-003	2.8885e-003	
5109	4.e-002	4.5689e-003	4.2645e-003	
5110	4.e-002	6.1743e-003	5.5932e-003	
5111	4.e-002	7.8184e-003	6.8736e-003	
5112	4.e-002	0.	7.5e-003	
5113	4.e-002	0.	5.e-003	
5114	4.e-002	0.	2.5e-003	
5115	4.e-002	-2.0817e-017	1.e-002	
5116	4.e-002	9.8313e-002	1.1664e-002	
5117	4.e-002	9.6571e-002	1.3271e-002	
5118	4.e-002	9.4775e-002	1.4817e-002	
5119	4.e-002	9.2928e-002	1.6302e-002	
5120	4.e-002	9.1032e-002	1.7723e-002	
5121	4.e-002	8.9089e-002	1.908e-002	
5122	4.e-002	8.7101e-002	2.037e-002	
5123	4.e-002	8.507e-002	2.1591e-002	
5124	4.e-002	8.3e-002	2.2744e-002	
5125	4.e-002	8.0891e-002	2.3825e-002	
5126	4.e-002	7.8747e-002	2.4835e-002	
5127	4.e-002	7.657e-002	2.5771e-002	
5128	4.e-002	7.4363e-002	2.6634e-002	
5129	4.e-002	7.2128e-002	2.7421e-002	
5130	4.e-002	6.9867e-002	2.8132e-002	
5131	4.e-002	6.7584e-002	2.8766e-002	
5132	4.e-002	6.528e-002	2.9322e-002	
5133	4.e-002	6.2959e-002	2.98e-002	
5134	4.e-002	6.0623e-002	3.0199e-002	
5135	4.e-002	5.8275e-002	3.0519e-002	
5136	4.e-002	5.5918e-002	3.076e-002	
5137	4.e-002	5.3553e-002	3.092e-002	
5138	4.e-002	5.1185e-002	3.1e-002	
5139	4.e-002	4.8815e-002	3.1e-002	
5140	4.e-002	4.6447e-002	3.092e-002	
5141	4.e-002	4.4082e-002	3.076e-002	
5142	4.e-002	4.1725e-002	3.0519e-002	
5143	4.e-002	3.9377e-002	3.0199e-002	
5144	4.e-002	3.7041e-002	2.98e-002	
5145	4.e-002	3.472e-002	2.9322e-002	
5146	4.e-002	3.2416e-002	2.8766e-002	
5147	4.e-002	3.0133e-002	2.8132e-002	
5148	4.e-002	2.7872e-002	2.7421e-002	
5149	4.e-002	2.5637e-002	2.6634e-002	
5150	4.e-002	2.343e-002	2.5771e-002	
5151	4.e-002	2.1253e-002	2.4835e-002	
5152	4.e-002	1.9109e-002	2.3825e-002	
5153	4.e-002	1.7e-002	2.2744e-002	
5154	4.e-002	1.493e-002	2.1591e-002	
5155	4.e-002	1.2899e-002	2.037e-002	
5156	4.e-002	1.0911e-002	1.908e-002	
5157	4.e-002	8.968e-003	1.7723e-002	
5158	4.e-002	7.0718e-003	1.6302e-002	
5159	4.e-002	5.2248e-003	1.4817e-002	
5160	4.e-002	3.4292e-003	1.3271e-002	
5161	4.e-002	1.6869e-003	1.1664e-002	
5162	4.e-002	9.1906e-002	1.5827e-002	
5163	4.e-002	9.05e-002	1.6874e-002	
5164	4.e-002	9.3285e-002	1.4744e-002	
5165	4.e-002	9.4637e-002	1.3627e-002	
5166	4.e-002	9.5959e-002	1.2476e-002	
5167	4.e-002	9.7252e-002	1.1292e-002	
5168	4.e-002	9.8514e-002	1.0075e-002	
5169	4.e-002	9.6511e-002	1.0013e-002	
5170	4.e-002	9.4507e-002	9.9508e-003	
5171	4.e-002	9.2504e-002	9.8886e-003	
5172	4.e-002	9.05e-002	9.8264e-003	
5173	4.e-002	8.05e-002	1.7459e-002	
5174	4.e-002	8.05e-002	1.9273e-002	
5175	4.e-002	8.05e-002	2.1088e-002	
5176	4.e-002	8.05e-002	2.2903e-002	
5177	4.e-002	8.05e-002	1.5644e-002	
5178	4.e-002	8.6847e-002	1.7379e-002	
5179	4.e-002	8.4731e-002	1.68e-002	
5180	4.e-002	8.2616e-002	1.6222e-002	
5181	4.e-002	8.8963e-002	1.7957e-002	
5182	4.e-002	8.268e-002	2.178e-002	
5183	4.e-002	8.4819e-002	2.0581e-002	
5184	4.e-002	8.6914e-002	1.9305e-002	
5185	4.e-002	7.05e-002	2.1381e-002	
5186	4.e-002	7.05e-002	2.3219e-002	
5187	4.e-002	7.05e-002	2.5057e-002	
5188	4.e-002	7.05e-002	2.6895e-002	
5189	4.e-002	7.05e-002	1.9543e-002	
5190	4.e-002	7.6813e-002	2.2629e-002	
5191	4.e-002	7.4709e-002	2.16e-002	
5192	4.e-002	7.2604e-002	2.0572e-002	
5193	4.e-002	7.8918e-002	2.3658e-002	
5194	4.e-002	7.2643e-002	2.6189e-002	
5195	4.e-002	7.4762e-002	2.5414e-002	
5196	4.e-002	7.6854e-002	2.457e-002	
5197	4.e-002	6.05e-002	2.3674e-002	
5198	4.e-002	6.05e-002	2.5518e-002	
5199	4.e-002	6.05e-002	2.7362e-002	
5200	4.e-002	6.05e-002	2.9207e-002	
5201	4.e-002	6.05e-002	2.1829e-002	
5202	4.e-002	6.7475e-002	2.6455e-002	
5203	4.e-002	6.608e-002	2.553e-002	
5204	4.e-002	6.4685e-002	2.4605e-002	
5205	4.e-002	6.329e-002	2.368e-002	
5206	4.e-002	6.1895e-002	2.2754e-002	
5207	4.e-002	6.887e-002	2.738e-002	
5208	4.e-002	6.2613e-002	2.8848e-002	
5209	4.e-002	6.4713e-002	2.8423e-002	
5210	4.e-002	6.68e-002	2.7934e-002	
5211	4.e-002	5.8122e-002	2.3387e-002	
5212	4.e-002	5.6745e-002	2.471e-002	
5213	4.e-002	5.5367e-002	2.6032e-002	
5214	4.e-002	5.3989e-002	2.7354e-002	
5215	4.e-002	5.2611e-002	2.8677e-002	
5216	4.e-002	5.1234e-002	2.9999e-002	
5217	4.e-002	5.95e-002	2.2065e-002	
5218	4.e-002	5.95e-002	2.7531e-002	
5219	4.e-002	5.95e-002	2.5709e-002	
5220	4.e-002	5.95e-002	2.3887e-002	
5221	4.e-002	5.95e-002	2.9353e-002	
5222	4.e-002	5.3307e-002	2.9931e-002	
5223	4.e-002	5.5376e-002	2.98e-002	
5224	4.e-002	5.7442e-002	2.9608e-002	
5225	4.e-002	5.05e-002	2.3836e-002	
5226	4.e-002	5.05e-002	2.5663e-002	
5227	4.e-002	5.05e-002	2.749e-002	
5228	4.e-002	5.05e-002	2.9317e-002	
5229	4.e-002	5.05e-002	2.2008e-002	
5230	4.e-002	5.6631e-002	2.17e-002	
5231	4.e-002	5.8666e-002	2.1479e-002	
5232	4.e-002	5.4591e-002	2.1862e-002	
5233	4.e-002	5.2546e-002	2.1965e-002	
5234	4.e-002	5.1861e-002	2.8011e-002	
5235	4.e-002	5.3222e-002	2.6705e-002	
5236	4.e-002	5.4583e-002	2.5398e-002	
5237	4.e-002	5.5944e-002	2.4092e-002	
5238	4.e-002	5.7305e-002	2.2786e-002	
5239	4.e-002	9.05e-002	1.1588e-002	
5240	4.e-002	9.05e-002	1.335e-002	
5241	4.e-002	9.05e-002	1.5112e-002	
5242	4.e-002	4.8113e-002	2.3786e-002	
5243	4.e-002	4.6726e-002	2.4917e-002	
5244	4.e-002	4.534e-002	2.6049e-002	
5245	4.e-002	4.3953e-002	2.7181e-002	
5246	4.e-002	4.2566e-002	2.8312e-002	
5247	6.e-002	6.9738e-002	1.8916e-002	
5248	6.e-002	3.0829e-002	1.8847e-002	
5249	5.9e-002	3.0829e-002	1.8847e-002	
5250	5.9e-002	6.9738e-002	1.8916e-002	
5251	5.9e-002	4.2566e-002	2.8312e-002	
5252	5.9e-002	4.3953e-002	2.7181e-002	
5253	5.9e-002	4.534e-002	2.6049e-002	
5254	5.9e-002	4.6726e-002	2.4917e-002	
5255	5.9e-002	4.8113e-002	2.3786e-002	
5256	5.9e-002	9.05e-002	1.5112e-002	
5257	5.9e-002	9.05e-002	1.335e-002	
5258	5.9e-002	9.05e-002	1.1588e-002	
5259	5.9e-002	5.7305e-002	2.2786e-002	
5260	5.9e-002	5.5944e-002	2.4092e-002	
5261	5.9e-002	5.4583e-002	2.5398e-002	
5262	5.9e-002	5.3222e-002	2.6705e-002	
5263	5.9e-002	5.1861e-002	2.8011e-002	
5264	5.9e-002	5.8666e-002	2.1479e-002	
5265	5.9e-002	5.6631e-002	2.17e-002	
5266	5.9e-002	5.4591e-002	2.1862e-002	
5267	5.9e-002	5.2546e-002	2.1965e-002	
5268	5.9e-002	5.05e-002	2.9317e-002	
5269	5.9e-002	5.05e-002	2.749e-002	
5270	5.9e-002	5.05e-002	2.5663e-002	
5271	5.9e-002	5.05e-002	2.3836e-002	
5272	5.9e-002	5.05e-002	2.2008e-002	
5273	5.9e-002	5.3307e-002	2.9931e-002	
5274	5.9e-002	5.5376e-002	2.98e-002	
5275	5.9e-002	5.7442e-002	2.9608e-002	
5276	5.9e-002	5.95e-002	2.3887e-002	
5277	5.9e-002	5.95e-002	2.5709e-002	
5278	5.9e-002	5.95e-002	2.7531e-002	
5279	5.9e-002	5.95e-002	2.9353e-002	
5280	5.9e-002	5.1234e-002	2.9999e-002	
5281	5.9e-002	5.2611e-002	2.8677e-002	
5282	5.9e-002	5.3989e-002	2.7354e-002	
5283	5.9e-002	5.5367e-002	2.6032e-002	
5284	5.9e-002	5.6745e-002	2.471e-002	
5285	5.9e-002	5.8122e-002	2.3387e-002	
5286	5.9e-002	5.95e-002	2.2065e-002	
5287	5.9e-002	6.2613e-002	2.8848e-002	
5288	5.9e-002	6.4713e-002	2.8423e-002	
5289	5.9e-002	6.68e-002	2.7934e-002	
5290	5.9e-002	6.1895e-002	2.2754e-002	
5291	5.9e-002	6.329e-002	2.368e-002	
5292	5.9e-002	6.4685e-002	2.4605e-002	
5293	5.9e-002	6.608e-002	2.553e-002	
5294	5.9e-002	6.7475e-002	2.6455e-002	
5295	5.9e-002	6.887e-002	2.738e-002	
5296	5.9e-002	6.05e-002	2.9207e-002	
5297	5.9e-002	6.05e-002	2.7362e-002	
5298	5.9e-002	6.05e-002	2.5518e-002	
5299	5.9e-002	6.05e-002	2.3674e-002	
5300	5.9e-002	6.05e-002	2.1829e-002	
5301	5.9e-002	7.2643e-002	2.6189e-002	
5302	5.9e-002	7.4762e-002	2.5414e-002	
5303	5.9e-002	7.6854e-002	2.457e-002	
5304	5.9e-002	7.2604e-002	2.0572e-002	
5305	5.9e-002	7.4709e-002	2.16e-002	
5306	5.9e-002	7.6813e-002	2.2629e-002	
5307	5.9e-002	7.8918e-002	2.3658e-002	
5308	5.9e-002	7.05e-002	2.6895e-002	
5309	5.9e-002	7.05e-002	2.5057e-002	
5310	5.9e-002	7.05e-002	2.3219e-002	
5311	5.9e-002	7.05e-002	2.1381e-002	
5312	5.9e-002	7.05e-002	1.9543e-002	
5313	5.9e-002	8.268e-002	2.178e-002	
5314	5.9e-002	8.4819e-002	2.0581e-002	
5315	5.9e-002	8.6914e-002	1.9305e-002	
5316	5.9e-002	8.2616e-002	1.6222e-002	
5317	5.9e-002	8.4731e-002	1.68e-002	
5318	5.9e-002	8.6847e-002	1.7379e-002	
5319	5.9e-002	8.8963e-002	1.7957e-002	
5320	5.9e-002	8.05e-002	2.2903e-002	
5321	5.9e-002	8.05e-002	2.1088e-002	
5322	5.9e-002	8.05e-002	1.9273e-002	
5323	5.9e-002	8.05e-002	1.7459e-002	
5324	5.9e-002	8.05e-002	1.5644e-002	
5325	5.9e-002	9.05e-002	9.8264e-003	
5326	5.9e-002	9.2504e-002	9.8886e-003	
5327	5.9e-002	9.4507e-002	9.9508e-003	
5328	5.9e-002	9.6511e-002	1.0013e-002	
5329	5.9e-002	9.05e-002	1.6874e-002	
5330	5.9e-002	9.1906e-002	1.5827e-002	
5331	5.9e-002	9.3285e-002	1.4744e-002	
5332	5.9e-002	9.4637e-002	1.3627e-002	
5333	5.9e-002	9.5959e-002	1.2476e-002	
5334	5.9e-002	9.8514e-002	1.0075e-002	
5335	5.9e-002	9.7252e-002	1.1292e-002	
5336	5.9e-002	9.8313e-002	1.1664e-002	
5337	5.9e-002	9.6571e-002	1.3271e-002	
5338	5.9e-002	9.4775e-002	1.4817e-002	
5339	5.9e-002	9.2928e-002	1.6302e-002	
5340	5.9e-002	9.1032e-002	1.7723e-002	
5341	5.9e-002	8.9089e-002	1.908e-002	
5342	5.9e-002	8.7101e-002	2.037e-002	
5343	5.9e-002	8.507e-002	2.1591e-002	
5344	5.9e-002	8.3e-002	2.2744e-002	
5345	5.9e-002	8.0891e-002	2.3825e-002	
5346	5.9e-002	7.8747e-002	2.4835e-002	
5347	5.9e-002	7.657e-002	2.5771e-002	
5348	5.9e-002	7.4363e-002	2.6634e-002	
5349	5.9e-002	7.2128e-002	2.7421e-002	
5350	5.9e-002	6.9867e-002	2.8132e-002	
5351	5.9e-002	6.7584e-002	2.8766e-002	
5352	5.9e-002	6.528e-002	2.9322e-002	
5353	5.9e-002	6.2959e-002	2.98e-002	
5354	5.9e-002	6.0623e-002	3.0199e-002	
5355	5.9e-002	5.8275e-002	3.0519e-002	
5356	5.9e-002	5.5918e-002	3.076e-002	
5357	5.9e-002	5.3553e-002	3.092e-002	
5358	5.9e-002	5.1185e-002	3.1e-002	
5359	5.9e-002	4.8815e-002	3.1e-002	
5360	5.9e-002	4.6447e-002	3.092e-002	
5361	5.9e-002	4.4082e-002	3.076e-002	
5362	5.9e-002	4.1725e-002	3.0519e-002	
5363	5.9e-002	3.9377e-002	3.0199e-002	
5364	5.9e-002	3.7041e-002	2.98e-002	
5365	5.9e-002	3.472e-002	2.9322e-002	
5366	5.9e-002	3.2416e-002	2.8766e-002	
5367	5.9e-002	3.0133e-002	2.8132e-002	
5368	5.9e-002	2.7872e-002	2.7421e-002	
5369	5.9e-002	2.5637e-002	2.6634e-002	
5370	5.9e-002	2.343e-002	2.5771e-002	
5371	5.9e-002	2.1253e-002	2.4835e-002	
5372	5.9e-002	1.9109e-002	2.3825e-002	
5373	5.9e-002	1.7e-002	2.2744e-002	
5374	5.9e-002	1.493e-002	2.1591e-002	
5375	5.9e-002	1.2899e-002	2.037e-002	
5376	5.9e-002	1.0911e-002	1.908e-002	
5377	5.9e-002	8.968e-003	1.7723e-002	
5378	5.9e-002	7.0718e-003	1.6302e-002	
5379	5.9e-002	5.2248e-003	1.4817e-002	
5380	5.9e-002	3.4292e-003	1.3271e-002	
5381	5.9e-002	1.6869e-003	1.1664e-002	
5382	5.9e-002	0.	2.5e-003	
5383	5.9e-002	0.	5.e-003	
5384	5.9e-002	0.	7.5e-003	
5385	5.9e-002	-2.0817e-017	1.e-002	
5386	5.9e-002	0.	0.	
5387	5.9e-002	1.4804e-003	1.4666e-003	
5388	5.9e-002	3.0038e-003	2.8885e-003	
5389	5.9e-002	4.5689e-003	4.2645e-003	
5390	5.9e-002	6.1743e-003	5.5932e-003	
5391	5.9e-002	7.8184e-003	6.8736e-003	
5392	5.9e-002	9.5e-003	2.0261e-003	
5393	5.9e-002	9.5e-003	4.0522e-003	
5394	5.9e-002	9.5e-003	6.0783e-003	
5395	5.9e-002	9.5e-003	8.1044e-003	
5396	5.9e-002	9.5e-003	0.	
5397	5.9e-002	1.05e-002	6.6006e-003	
5398	5.9e-002	1.05e-002	4.4004e-003	
5399	5.9e-002	1.05e-002	2.2002e-003	
5400	5.9e-002	1.05e-002	0.	
5401	5.9e-002	1.05e-002	8.8008e-003	
5402	5.9e-002	1.1945e-002	9.7621e-003	
5403	5.9e-002	1.3413e-002	1.0687e-002	
5404	5.9e-002	1.4903e-002	1.1576e-002	
5405	5.9e-002	1.6415e-002	1.2427e-002	
5406	5.9e-002	1.7948e-002	1.3241e-002	
5407	5.9e-002	1.95e-002	2.336e-003	
5408	5.9e-002	1.95e-002	4.6721e-003	
5409	5.9e-002	1.95e-002	7.0081e-003	
5410	5.9e-002	1.95e-002	9.3441e-003	
5411	5.9e-002	1.95e-002	1.168e-002	
5412	5.9e-002	1.95e-002	1.4016e-002	
5413	5.9e-002	1.95e-002	0.	
5414	5.9e-002	2.05e-002	1.2075e-002	
5415	5.9e-002	2.05e-002	9.6603e-003	
5416	5.9e-002	2.05e-002	7.2453e-003	
5417	5.9e-002	2.05e-002	4.8302e-003	
5418	5.9e-002	2.05e-002	2.4151e-003	
5419	5.9e-002	2.05e-002	0.	
5420	5.9e-002	2.05e-002	1.4491e-002	
5421	5.9e-002	2.2704e-002	1.5469e-002	
5422	5.9e-002	2.4941e-002	1.6371e-002	
5423	5.9e-002	2.7207e-002	1.7195e-002	
5424	5.9e-002	2.95e-002	2.2426e-003	
5425	5.9e-002	2.95e-002	4.4853e-003	
5426	5.9e-002	2.95e-002	6.7279e-003	
5427	5.9e-002	2.95e-002	8.9706e-003	
5428	5.9e-002	2.95e-002	1.1213e-002	
5429	5.9e-002	2.95e-002	1.3456e-002	
5430	5.9e-002	2.95e-002	1.5698e-002	
5431	5.9e-002	2.95e-002	1.7941e-002	
5432	5.9e-002	2.95e-002	0.	
5433	5.9e-002	3.05e-002	1.5959e-002	
5434	5.9e-002	3.05e-002	1.3679e-002	
5435	5.9e-002	3.05e-002	1.14e-002	
5436	5.9e-002	3.05e-002	9.1196e-003	
5437	5.9e-002	3.05e-002	6.8397e-003	
5438	5.9e-002	3.05e-002	4.5598e-003	
5439	5.9e-002	3.05e-002	2.2799e-003	
5440	5.9e-002	3.05e-002	-2.7768e-031	
5441	5.9e-002	3.05e-002	1.8239e-002	
5442	5.9e-002	3.2724e-002	1.8845e-002	
5443	5.9e-002	3.4967e-002	1.9377e-002	
5444	5.9e-002	3.7227e-002	1.9835e-002	
5445	5.9e-002	3.95e-002	2.0218e-003	
5446	5.9e-002	3.95e-002	4.0436e-003	
5447	5.9e-002	3.95e-002	6.0655e-003	
5448	5.9e-002	3.95e-002	8.0873e-003	
5449	5.9e-002	3.95e-002	1.0109e-002	
5450	5.9e-002	3.95e-002	1.2131e-002	
5451	5.9e-002	3.95e-002	1.4153e-002	
5452	5.9e-002	3.95e-002	1.6175e-002	
5453	5.9e-002	3.95e-002	1.8196e-002	
5454	5.9e-002	3.95e-002	2.0218e-002	
5455	5.9e-002	3.95e-002	3.4694e-018	
5456	5.9e-002	4.05e-002	1.8326e-002	
5457	5.9e-002	4.05e-002	1.629e-002	
5458	5.9e-002	4.05e-002	1.4254e-002	
5459	5.9e-002	4.05e-002	1.2218e-002	
5460	5.9e-002	4.05e-002	1.0181e-002	
5461	5.9e-002	4.05e-002	8.145e-003	
5462	5.9e-002	4.05e-002	6.1088e-003	
5463	5.9e-002	4.05e-002	4.0725e-003	
5464	5.9e-002	4.05e-002	2.0363e-003	
5465	5.9e-002	4.05e-002	2.7515e-030	
5466	5.9e-002	4.05e-002	2.0363e-002	
5467	5.9e-002	4.2741e-002	2.0633e-002	
5468	5.9e-002	4.499e-002	2.0831e-002	
5469	5.9e-002	4.7243e-002	2.0956e-002	
5470	5.9e-002	4.95e-002	2.1008e-003	
5471	5.9e-002	4.95e-002	4.2017e-003	
5472	5.9e-002	4.95e-002	6.3025e-003	
5473	5.9e-002	4.95e-002	8.4034e-003	
5474	5.9e-002	4.95e-002	1.0504e-002	
5475	5.9e-002	4.95e-002	1.2605e-002	
5476	5.9e-002	4.95e-002	1.4706e-002	
5477	5.9e-002	4.95e-002	1.6807e-002	
5478	5.9e-002	4.95e-002	1.8908e-002	
5479	5.9e-002	4.95e-002	2.1008e-002	
5480	5.9e-002	4.95e-002	0.	
5481	5.9e-002	5.05e-002	1.8908e-002	
5482	5.9e-002	5.05e-002	1.6807e-002	
5483	5.9e-002	5.05e-002	1.4706e-002	
5484	5.9e-002	5.05e-002	1.2605e-002	
5485	5.9e-002	5.05e-002	1.0504e-002	
5486	5.9e-002	5.05e-002	8.4034e-003	
5487	5.9e-002	5.05e-002	6.3025e-003	
5488	5.9e-002	5.05e-002	4.2017e-003	
5489	5.9e-002	5.05e-002	2.1008e-003	
5490	5.9e-002	5.05e-002	5.3011e-031	
5491	5.9e-002	5.05e-002	2.1008e-002	
5492	5.9e-002	5.2757e-002	2.0956e-002	
5493	5.9e-002	5.501e-002	2.0831e-002	
5494	5.9e-002	5.7259e-002	2.0633e-002	
5495	5.9e-002	5.95e-002	2.0363e-003	
5496	5.9e-002	5.95e-002	4.0725e-003	
5497	5.9e-002	5.95e-002	6.1088e-003	
5498	5.9e-002	5.95e-002	8.145e-003	
5499	5.9e-002	5.95e-002	1.0181e-002	
5500	5.9e-002	5.95e-002	1.2218e-002	
5501	5.9e-002	5.95e-002	1.4254e-002	
5502	5.9e-002	5.95e-002	1.629e-002	
5503	5.9e-002	5.95e-002	1.8326e-002	
5504	5.9e-002	5.95e-002	2.0363e-002	
5505	5.9e-002	5.95e-002	0.	
5506	5.9e-002	6.05e-002	1.8196e-002	
5507	5.9e-002	6.05e-002	1.6175e-002	
5508	5.9e-002	6.05e-002	1.4153e-002	
5509	5.9e-002	6.05e-002	1.2131e-002	
5510	5.9e-002	6.05e-002	1.0109e-002	
5511	5.9e-002	6.05e-002	8.0873e-003	
5512	5.9e-002	6.05e-002	6.0655e-003	
5513	5.9e-002	6.05e-002	4.0436e-003	
5514	5.9e-002	6.05e-002	2.0218e-003	
5515	5.9e-002	6.05e-002	2.1205e-030	
5516	5.9e-002	6.05e-002	2.0218e-002	
5517	5.9e-002	6.2773e-002	1.9835e-002	
5518	5.9e-002	6.5033e-002	1.9377e-002	
5519	5.9e-002	6.7276e-002	1.8845e-002	
5520	5.9e-002	6.95e-002	2.2799e-003	
5521	5.9e-002	6.95e-002	4.5598e-003	
5522	5.9e-002	6.95e-002	6.8397e-003	
5523	5.9e-002	6.95e-002	9.1196e-003	
5524	5.9e-002	6.95e-002	1.14e-002	
5525	5.9e-002	6.95e-002	1.3679e-002	
5526	5.9e-002	6.95e-002	1.5959e-002	
5527	5.9e-002	6.95e-002	1.8239e-002	
5528	5.9e-002	6.95e-002	0.	
5529	5.9e-002	7.05e-002	1.5698e-002	
5530	5.9e-002	7.05e-002	1.3456e-002	
5531	5.9e-002	7.05e-002	1.1213e-002	
5532	5.9e-002	7.05e-002	8.9706e-003	
5533	5.9e-002	7.05e-002	6.7279e-003	
5534	5.9e-002	7.05e-002	4.4853e-003	
5535	5.9e-002	7.05e-002	2.2426e-003	
5536	5.9e-002	7.05e-002	-6.0585e-031	
5537	5.9e-002	7.05e-002	1.7941e-002	
5538	5.9e-002	7.2793e-002	1.7195e-002	
5539	5.9e-002	7.5059e-002	1.6371e-002	
5540	5.9e-002	7.7296e-002	1.5469e-002	
5541	5.9e-002	7.95e-002	2.4151e-003	
5542	5.9e-002	7.95e-002	4.8302e-003	
5543	5.9e-002	7.95e-002	7.2453e-003	
5544	5.9e-002	7.95e-002	9.6603e-003	
5545	5.9e-002	7.95e-002	1.2075e-002	
5546	5.9e-002	7.95e-002	1.4491e-002	
5547	5.9e-002	7.95e-002	0.	
5548	5.9e-002	8.05e-002	1.168e-002	
5549	5.9e-002	8.05e-002	9.3441e-003	
5550	5.9e-002	8.05e-002	7.0081e-003	
5551	5.9e-002	8.05e-002	4.6721e-003	
5552	5.9e-002	8.05e-002	2.336e-003	
5553	5.9e-002	8.05e-002	2.0195e-031	
5554	5.9e-002	8.05e-002	1.4016e-002	
5555	5.9e-002	8.2052e-002	1.3241e-002	
5556	5.9e-002	8.3585e-002	1.2427e-002	
5557	5.9e-002	8.5097e-002	1.1576e-002	
5558	5.9e-002	8.6587e-002	1.0687e-002	
5559	5.9e-002	8.8055e-002	9.7621e-003	
5560	5.9e-002	8.95e-002	2.2002e-003	
5561	5.9e-002	8.95e-002	4.4004e-003	
5562	5.9e-002	8.95e-002	6.6006e-003	
5563	5.9e-002	8.95e-002	8.8008e-003	
5564	5.9e-002	8.95e-002	0.	
5565	5.9e-002	9.05e-002	6.0783e-003	
5566	5.9e-002	9.05e-002	4.0522e-003	
5567	5.9e-002	9.05e-002	2.0261e-003	
5568	5.9e-002	9.05e-002	-1.0602e-030	
5569	5.9e-002	9.05e-002	8.1044e-003	
5570	5.9e-002	9.2182e-002	6.8736e-003	
5571	5.9e-002	9.3826e-002	5.5932e-003	
5572	5.9e-002	9.5431e-002	4.2645e-003	
5573	5.9e-002	9.6996e-002	2.8885e-003	
5574	5.9e-002	9.852e-002	1.4666e-003	
5575	5.9e-002	0.1	1.e-002	
5576	5.9e-002	0.1	7.5e-003	
5577	5.9e-002	0.1	5.e-003	
5578	5.9e-002	0.1	2.5e-003	
5579	5.9e-002	0.1	1.3878e-017	
5580	5.9e-002	9.9e-002	7.4151e-003	
5581	5.9e-002	9.9e-002	5.7405e-003	
5582	5.9e-002	9.9e-002	4.0658e-003	
5583	5.9e-002	9.2547e-002	7.8497e-003	
5584	5.9e-002	9.3889e-002	6.8201e-003	
5585	5.9e-002	9.5206e-002	5.7589e-003	
5586	5.9e-002	9.6497e-002	4.6665e-003	
5587	5.9e-002	9.9e-002	2.3911e-003	
5588	5.9e-002	9.7762e-002	3.5437e-003	
5589	5.9e-002	9.1181e-002	8.8471e-003	
5590	5.9e-002	9.3136e-002	8.9077e-003	
5591	5.9e-002	9.5091e-002	8.9684e-003	
5592	5.9e-002	9.7045e-002	9.0291e-003	
5593	5.9e-002	9.9e-002	9.0898e-003	
5594	5.9e-002	8.95e-002	1.5302e-002	
5595	5.9e-002	8.95e-002	1.3538e-002	
5596	5.9e-002	8.95e-002	1.1773e-002	
5597	5.9e-002	8.3324e-002	1.3704e-002	
5598	5.9e-002	8.5424e-002	1.2542e-002	
5599	5.9e-002	8.95e-002	1.0008e-002	
5600	5.9e-002	8.7483e-002	1.1309e-002	
5601	5.9e-002	8.1186e-002	1.4794e-002	
5602	5.9e-002	8.3264e-002	1.5363e-002	
5603	5.9e-002	8.5343e-002	1.5931e-002	
5604	5.9e-002	8.7421e-002	1.6499e-002	
5605	5.9e-002	8.95e-002	1.7067e-002	
5606	5.9e-002	7.95e-002	2.102e-002	
5607	5.9e-002	7.95e-002	1.9211e-002	
5608	5.9e-002	7.95e-002	1.7401e-002	
5609	5.9e-002	7.3311e-002	1.8074e-002	
5610	5.9e-002	7.5399e-002	1.7312e-002	
5611	5.9e-002	7.95e-002	1.5592e-002	
5612	5.9e-002	7.7463e-002	1.6484e-002	
5613	5.9e-002	7.1199e-002	1.8772e-002	
5614	5.9e-002	7.3274e-002	1.9786e-002	
5615	5.9e-002	7.535e-002	2.0801e-002	
5616	5.9e-002	7.7425e-002	2.1815e-002	
5617	5.9e-002	7.95e-002	2.283e-002	
5618	5.9e-002	6.95e-002	2.4768e-002	
5619	5.9e-002	6.95e-002	2.2939e-002	
5620	5.9e-002	6.95e-002	2.1109e-002	
5621	5.9e-002	6.332e-002	2.075e-002	
5622	5.9e-002	6.5394e-002	2.0321e-002	
5623	5.9e-002	6.95e-002	1.928e-002	
5624	5.9e-002	6.7455e-002	1.9831e-002	
5625	5.9e-002	6.1233e-002	2.1116e-002	
5626	5.9e-002	6.33e-002	2.2486e-002	
5627	5.9e-002	6.5367e-002	2.3857e-002	
5628	5.9e-002	6.7433e-002	2.5227e-002	
5629	5.9e-002	6.95e-002	2.6598e-002	
5630	5.9e-002	2.2537e-002	1.6484e-002	
5631	5.9e-002	2.4601e-002	1.7312e-002	
5632	5.9e-002	2.6689e-002	1.8074e-002	
5633	5.9e-002	2.05e-002	1.5592e-002	
5634	5.9e-002	2.05e-002	1.7401e-002	
5635	5.9e-002	2.05e-002	1.9211e-002	
5636	5.9e-002	2.05e-002	2.102e-002	
5637	5.9e-002	2.05e-002	2.283e-002	
5638	5.9e-002	2.2575e-002	2.1815e-002	
5639	5.9e-002	2.465e-002	2.0801e-002	
5640	5.9e-002	2.6726e-002	1.9786e-002	
5641	5.9e-002	2.8801e-002	1.8772e-002	
5642	5.9e-002	2.2378e-003	3.5437e-003	
5643	5.9e-002	3.5027e-003	4.6665e-003	
5644	5.9e-002	4.794e-003	5.7589e-003	
5645	5.9e-002	6.1109e-003	6.8201e-003	
5646	5.9e-002	7.4527e-003	7.8497e-003	
5647	5.9e-002	1.e-003	2.3911e-003	
5648	5.9e-002	1.e-003	4.0658e-003	
5649	5.9e-002	1.e-003	5.7405e-003	
5650	5.9e-002	1.e-003	7.4151e-003	
5651	5.9e-002	1.e-003	9.0898e-003	
5652	5.9e-002	2.9547e-003	9.0291e-003	
5653	5.9e-002	4.9094e-003	8.9684e-003	
5654	5.9e-002	6.864e-003	8.9077e-003	
5655	5.9e-002	8.8187e-003	8.8471e-003	
5656	5.9e-002	2.7481e-003	1.1292e-002	
5657	5.9e-002	4.0408e-003	1.2476e-002	
5658	5.9e-002	5.3633e-003	1.3627e-002	
5659	5.9e-002	6.7145e-003	1.4744e-002	
5660	5.9e-002	8.0937e-003	1.5827e-002	
5661	5.9e-002	9.5e-003	1.1588e-002	
5662	5.9e-002	9.5e-003	1.335e-002	
5663	5.9e-002	9.5e-003	1.5112e-002	
5664	5.9e-002	9.5e-003	1.6874e-002	
5665	5.9e-002	1.4858e-003	1.0075e-002	
5666	5.9e-002	3.4894e-003	1.0013e-002	
5667	5.9e-002	5.4929e-003	9.9508e-003	
5668	5.9e-002	7.4965e-003	9.8886e-003	
5669	5.9e-002	9.5e-003	9.8264e-003	
5670	5.9e-002	1.6736e-002	1.5363e-002	
5671	5.9e-002	1.4657e-002	1.5931e-002	
5672	5.9e-002	1.2579e-002	1.6499e-002	
5673	5.9e-002	1.8814e-002	1.4794e-002	
5674	5.9e-002	1.6676e-002	1.3704e-002	
5675	5.9e-002	1.4576e-002	1.2542e-002	
5676	5.9e-002	1.2517e-002	1.1309e-002	
5677	5.9e-002	1.05e-002	1.7067e-002	
5678	5.9e-002	1.05e-002	1.5302e-002	
5679	5.9e-002	1.05e-002	1.3538e-002	
5680	5.9e-002	1.05e-002	1.1773e-002	
5681	5.9e-002	1.05e-002	1.0008e-002	
5682	5.9e-002	1.3086e-002	1.9305e-002	
5683	5.9e-002	1.5181e-002	2.0581e-002	
5684	5.9e-002	1.732e-002	2.178e-002	
5685	5.9e-002	1.95e-002	1.7459e-002	
5686	5.9e-002	1.95e-002	1.9273e-002	
5687	5.9e-002	1.95e-002	2.1088e-002	
5688	5.9e-002	1.95e-002	2.2903e-002	
5689	5.9e-002	1.1037e-002	1.7957e-002	
5690	5.9e-002	1.3153e-002	1.7379e-002	
5691	5.9e-002	1.5269e-002	1.68e-002	
5692	5.9e-002	1.7384e-002	1.6222e-002	
5693	5.9e-002	1.95e-002	1.5644e-002	
5694	5.9e-002	2.3146e-002	2.457e-002	
5695	5.9e-002	2.5238e-002	2.5414e-002	
5696	5.9e-002	2.7357e-002	2.6189e-002	
5697	5.9e-002	2.95e-002	2.1381e-002	
5698	5.9e-002	2.95e-002	2.3219e-002	
5699	5.9e-002	2.95e-002	2.5057e-002	
5700	5.9e-002	2.95e-002	2.6895e-002	
5701	5.9e-002	2.1082e-002	2.3658e-002	
5702	5.9e-002	2.3187e-002	2.2629e-002	
5703	5.9e-002	2.5291e-002	2.16e-002	
5704	5.9e-002	2.7396e-002	2.0572e-002	
5705	5.9e-002	2.95e-002	1.9543e-002	
5706	5.9e-002	3.67e-002	2.2486e-002	
5707	5.9e-002	3.4633e-002	2.3857e-002	
5708	5.9e-002	3.2567e-002	2.5227e-002	
5709	5.9e-002	3.8767e-002	2.1116e-002	
5710	5.9e-002	3.668e-002	2.075e-002	
5711	5.9e-002	3.4606e-002	2.0321e-002	
5712	5.9e-002	3.2545e-002	1.9831e-002	
5713	5.9e-002	3.05e-002	2.6598e-002	
5714	5.9e-002	3.05e-002	2.4768e-002	
5715	5.9e-002	3.05e-002	2.2939e-002	
5716	5.9e-002	3.05e-002	2.1109e-002	
5717	5.9e-002	3.05e-002	1.928e-002	
5718	5.9e-002	3.32e-002	2.7934e-002	
5719	5.9e-002	3.5287e-002	2.8423e-002	
5720	5.9e-002	3.7387e-002	2.8848e-002	
5721	5.9e-002	3.95e-002	2.3674e-002	
5722	5.9e-002	3.95e-002	2.5518e-002	
5723	5.9e-002	3.95e-002	2.7362e-002	
5724	5.9e-002	3.95e-002	2.9207e-002	
5725	5.9e-002	3.113e-002	2.738e-002	
5726	5.9e-002	3.2525e-002	2.6455e-002	
5727	5.9e-002	3.392e-002	2.553e-002	
5728	5.9e-002	3.5315e-002	2.4605e-002	
5729	5.9e-002	3.671e-002	2.368e-002	
5730	5.9e-002	3.8105e-002	2.2754e-002	
5731	5.9e-002	3.95e-002	2.1829e-002	
5732	5.9e-002	4.7351e-002	2.3117e-002	
5733	5.9e-002	4.5981e-002	2.4235e-002	
5734	5.9e-002	4.4611e-002	2.5353e-002	
5735	5.9e-002	4.324e-002	2.6471e-002	
5736	5.9e-002	4.187e-002	2.759e-002	
5737	5.9e-002	4.8721e-002	2.1999e-002	
5738	5.9e-002	4.666e-002	2.1932e-002	
5739	5.9e-002	4.4601e-002	2.1805e-002	
5740	5.9e-002	4.2548e-002	2.1618e-002	
5741	5.9e-002	4.05e-002	2.8708e-002	
5742	5.9e-002	4.05e-002	2.6874e-002	
5743	5.9e-002	4.05e-002	2.504e-002	
5744	5.9e-002	4.05e-002	2.3206e-002	
5745	5.9e-002	4.05e-002	2.1372e-002	
5746	5.9e-002	4.1179e-002	2.9444e-002	
5747	5.9e-002	4.3252e-002	2.9679e-002	
5748	5.9e-002	4.5331e-002	2.9852e-002	
5749	5.9e-002	4.7414e-002	2.9962e-002	
5750	5.9e-002	4.95e-002	2.2654e-002	
5751	5.9e-002	4.95e-002	2.4493e-002	
5752	5.9e-002	4.95e-002	2.6332e-002	
5753	5.9e-002	4.95e-002	2.817e-002	
5754	5.9e-002	4.95e-002	3.0009e-002	
5755	6.e-002	4.95e-002	2.817e-002	
5756	6.e-002	4.95e-002	2.6332e-002	
5757	6.e-002	4.95e-002	2.4493e-002	
5758	6.e-002	4.95e-002	2.2654e-002	
5759	6.e-002	4.95e-002	3.0009e-002	
5760	6.e-002	4.3252e-002	2.9679e-002	
5761	6.e-002	4.1179e-002	2.9444e-002	
5762	6.e-002	4.5331e-002	2.9852e-002	
5763	6.e-002	4.7414e-002	2.9962e-002	
5764	6.e-002	4.05e-002	2.3206e-002	
5765	6.e-002	4.05e-002	2.504e-002	
5766	6.e-002	4.05e-002	2.6874e-002	
5767	6.e-002	4.05e-002	2.8708e-002	
5768	6.e-002	4.05e-002	2.1372e-002	
5769	6.e-002	4.666e-002	2.1932e-002	
5770	6.e-002	4.8721e-002	2.1999e-002	
5771	6.e-002	4.4601e-002	2.1805e-002	
5772	6.e-002	4.2548e-002	2.1618e-002	
5773	6.e-002	4.187e-002	2.759e-002	
5774	6.e-002	4.324e-002	2.6471e-002	
5775	6.e-002	4.4611e-002	2.5353e-002	
5776	6.e-002	4.5981e-002	2.4235e-002	
5777	6.e-002	4.7351e-002	2.3117e-002	
5778	6.e-002	3.8105e-002	2.2754e-002	
5779	6.e-002	3.671e-002	2.368e-002	
5780	6.e-002	3.5315e-002	2.4605e-002	
5781	6.e-002	3.392e-002	2.553e-002	
5782	6.e-002	3.2525e-002	2.6455e-002	
5783	6.e-002	3.113e-002	2.738e-002	
5784	6.e-002	3.95e-002	2.1829e-002	
5785	6.e-002	3.95e-002	2.7362e-002	
5786	6.e-002	3.95e-002	2.5518e-002	
5787	6.e-002	3.95e-002	2.3674e-002	
5788	6.e-002	3.95e-002	2.9207e-002	
5789	6.e-002	3.32e-002	2.7934e-002	
5790	6.e-002	3.5287e-002	2.8423e-002	
5791	6.e-002	3.7387e-002	2.8848e-002	
5792	6.e-002	3.05e-002	2.1109e-002	
5793	6.e-002	3.05e-002	2.2939e-002	
5794	6.e-002	3.05e-002	2.4768e-002	
5795	6.e-002	3.05e-002	2.6598e-002	
5796	6.e-002	3.05e-002	1.928e-002	
5797	6.e-002	3.668e-002	2.075e-002	
5798	6.e-002	3.8767e-002	2.1116e-002	
5799	6.e-002	3.4606e-002	2.0321e-002	
5800	6.e-002	3.2545e-002	1.9831e-002	
5801	6.e-002	3.2567e-002	2.5227e-002	
5802	6.e-002	3.4633e-002	2.3857e-002	
5803	6.e-002	3.67e-002	2.2486e-002	
5804	6.e-002	2.7396e-002	2.0572e-002	
5805	6.e-002	2.5291e-002	2.16e-002	
5806	6.e-002	2.3187e-002	2.2629e-002	
5807	6.e-002	2.1082e-002	2.3658e-002	
5808	6.e-002	2.95e-002	1.9543e-002	
5809	6.e-002	2.95e-002	2.5057e-002	
5810	6.e-002	2.95e-002	2.3219e-002	
5811	6.e-002	2.95e-002	2.1381e-002	
5812	6.e-002	2.95e-002	2.6895e-002	
5813	6.e-002	2.3146e-002	2.457e-002	
5814	6.e-002	2.5238e-002	2.5414e-002	
5815	6.e-002	2.7357e-002	2.6189e-002	
5816	6.e-002	1.7384e-002	1.6222e-002	
5817	6.e-002	1.5269e-002	1.68e-002	
5818	6.e-002	1.3153e-002	1.7379e-002	
5819	6.e-002	1.1037e-002	1.7957e-002	
5820	6.e-002	1.95e-002	1.5644e-002	
5821	6.e-002	1.95e-002	2.1088e-002	
5822	6.e-002	1.95e-002	1.9273e-002	
5823	6.e-002	1.95e-002	1.7459e-002	
5824	6.e-002	1.95e-002	2.2903e-002	
5825	6.e-002	1.3086e-002	1.9305e-002	
5826	6.e-002	1.5181e-002	2.0581e-002	
5827	6.e-002	1.732e-002	2.178e-002	
5828	6.e-002	1.05e-002	1.1773e-002	
5829	6.e-002	1.05e-002	1.3538e-002	
5830	6.e-002	1.05e-002	1.5302e-002	
5831	6.e-002	1.05e-002	1.7067e-002	
5832	6.e-002	1.05e-002	1.0008e-002	
5833	6.e-002	1.6676e-002	1.3704e-002	
5834	6.e-002	1.8814e-002	1.4794e-002	
5835	6.e-002	1.4576e-002	1.2542e-002	
5836	6.e-002	1.2517e-002	1.1309e-002	
5837	6.e-002	1.2579e-002	1.6499e-002	
5838	6.e-002	1.4657e-002	1.5931e-002	
5839	6.e-002	1.6736e-002	1.5363e-002	
5840	6.e-002	7.4965e-003	9.8886e-003	
5841	6.e-002	5.4929e-003	9.9508e-003	
5842	6.e-002	3.4894e-003	1.0013e-002	
5843	6.e-002	1.4858e-003	1.0075e-002	
5844	6.e-002	9.5e-003	9.8264e-003	
5845	6.e-002	9.5e-003	1.5112e-002	
5846	6.e-002	9.5e-003	1.335e-002	
5847	6.e-002	9.5e-003	1.1588e-002	
5848	6.e-002	9.5e-003	1.6874e-002	
5849	6.e-002	2.7481e-003	1.1292e-002	
5850	6.e-002	4.0408e-003	1.2476e-002	
5851	6.e-002	5.3633e-003	1.3627e-002	
5852	6.e-002	6.7145e-003	1.4744e-002	
5853	6.e-002	8.0937e-003	1.5827e-002	
5854	6.e-002	6.864e-003	8.9077e-003	
5855	6.e-002	4.9094e-003	8.9684e-003	
5856	6.e-002	2.9547e-003	9.0291e-003	
5857	6.e-002	8.8187e-003	8.8471e-003	
5858	6.e-002	1.e-003	9.0898e-003	
5859	6.e-002	1.e-003	7.4151e-003	
5860	6.e-002	1.e-003	5.7405e-003	
5861	6.e-002	1.e-003	4.0658e-003	
5862	6.e-002	1.e-003	2.3911e-003	
5863	6.e-002	2.2378e-003	3.5437e-003	
5864	6.e-002	3.5027e-003	4.6665e-003	
5865	6.e-002	4.794e-003	5.7589e-003	
5866	6.e-002	6.1109e-003	6.8201e-003	
5867	6.e-002	7.4527e-003	7.8497e-003	
5868	6.e-002	2.6726e-002	1.9786e-002	
5869	6.e-002	2.465e-002	2.0801e-002	
5870	6.e-002	2.2575e-002	2.1815e-002	
5871	6.e-002	2.8801e-002	1.8772e-002	
5872	6.e-002	2.05e-002	2.283e-002	
5873	6.e-002	2.05e-002	2.102e-002	
5874	6.e-002	2.05e-002	1.9211e-002	
5875	6.e-002	2.05e-002	1.7401e-002	
5876	6.e-002	2.05e-002	1.5592e-002	
5877	6.e-002	2.2537e-002	1.6484e-002	
5878	6.e-002	2.4601e-002	1.7312e-002	
5879	6.e-002	2.6689e-002	1.8074e-002	
5880	6.e-002	6.7433e-002	2.5227e-002	
5881	6.e-002	6.5367e-002	2.3857e-002	
5882	6.e-002	6.33e-002	2.2486e-002	
5883	6.e-002	6.95e-002	2.6598e-002	
5884	6.e-002	6.1233e-002	2.1116e-002	
5885	6.e-002	6.332e-002	2.075e-002	
5886	6.e-002	6.5394e-002	2.0321e-002	
5887	6.e-002	6.7455e-002	1.9831e-002	
5888	6.e-002	6.95e-002	1.928e-002	
5889	6.e-002	6.95e-002	2.1109e-002	
5890	6.e-002	6.95e-002	2.2939e-002	
5891	6.e-002	6.95e-002	2.4768e-002	
5892	6.e-002	7.7425e-002	2.1815e-002	
5893	6.e-002	7.535e-002	2.0801e-002	
5894	6.e-002	7.3274e-002	1.9786e-002	
5895	6.e-002	7.95e-002	2.283e-002	
5896	6.e-002	7.1199e-002	1.8772e-002	
5897	6.e-002	7.3311e-002	1.8074e-002	
5898	6.e-002	7.5399e-002	1.7312e-002	
5899	6.e-002	7.7463e-002	1.6484e-002	
5900	6.e-002	7.95e-002	1.5592e-002	
5901	6.e-002	7.95e-002	1.7401e-002	
5902	6.e-002	7.95e-002	1.9211e-002	
5903	6.e-002	7.95e-002	2.102e-002	
5904	6.e-002	8.7421e-002	1.6499e-002	
5905	6.e-002	8.5343e-002	1.5931e-002	
5906	6.e-002	8.3264e-002	1.5363e-002	
5907	6.e-002	8.95e-002	1.7067e-002	
5908	6.e-002	8.1186e-002	1.4794e-002	
5909	6.e-002	8.3324e-002	1.3704e-002	
5910	6.e-002	8.5424e-002	1.2542e-002	
5911	6.e-002	8.7483e-002	1.1309e-002	
5912	6.e-002	8.95e-002	1.0008e-002	
5913	6.e-002	8.95e-002	1.1773e-002	
5914	6.e-002	8.95e-002	1.3538e-002	
5915	6.e-002	8.95e-002	1.5302e-002	
5916	6.e-002	9.7045e-002	9.0291e-003	
5917	6.e-002	9.5091e-002	8.9684e-003	
5918	6.e-002	9.3136e-002	8.9077e-003	
5919	6.e-002	9.9e-002	9.0898e-003	
5920	6.e-002	9.1181e-002	8.8471e-003	
5921	6.e-002	9.2547e-002	7.8497e-003	
5922	6.e-002	9.3889e-002	6.8201e-003	
5923	6.e-002	9.5206e-002	5.7589e-003	
5924	6.e-002	9.6497e-002	4.6665e-003	
5925	6.e-002	9.7762e-002	3.5437e-003	
5926	6.e-002	9.9e-002	2.3911e-003	
5927	6.e-002	9.9e-002	4.0658e-003	
5928	6.e-002	9.9e-002	5.7405e-003	
5929	6.e-002	9.9e-002	7.4151e-003	
5930	6.e-002	0.1	2.5e-003	
5931	6.e-002	0.1	5.e-003	
5932	6.e-002	0.1	7.5e-003	
5933	6.e-002	0.1	1.e-002	
5934	6.e-002	0.1	1.3878e-017	
5935	6.e-002	9.2182e-002	6.8736e-003	
5936	6.e-002	9.05e-002	8.1044e-003	
5937	6.e-002	9.3826e-002	5.5932e-003	
5938	6.e-002	9.5431e-002	4.2645e-003	
5939	6.e-002	9.6996e-002	2.8885e-003	
5940	6.e-002	9.852e-002	1.4666e-003	
5941	6.e-002	9.05e-002	2.0261e-003	
5942	6.e-002	9.05e-002	4.0522e-003	
5943	6.e-002	9.05e-002	6.0783e-003	
5944	6.e-002	9.05e-002	-1.0602e-030	
5945	6.e-002	8.95e-002	0.	
5946	6.e-002	8.95e-002	6.6006e-003	
5947	6.e-002	8.95e-002	4.4004e-003	
5948	6.e-002	8.95e-002	2.2002e-003	
5949	6.e-002	8.95e-002	8.8008e-003	
5950	6.e-002	8.2052e-002	1.3241e-002	
5951	6.e-002	8.05e-002	1.4016e-002	
5952	6.e-002	8.3585e-002	1.2427e-002	
5953	6.e-002	8.5097e-002	1.1576e-002	
5954	6.e-002	8.6587e-002	1.0687e-002	
5955	6.e-002	8.8055e-002	9.7621e-003	
5956	6.e-002	8.05e-002	2.336e-003	
5957	6.e-002	8.05e-002	4.6721e-003	
5958	6.e-002	8.05e-002	7.0081e-003	
5959	6.e-002	8.05e-002	9.3441e-003	
5960	6.e-002	8.05e-002	1.168e-002	
5961	6.e-002	8.05e-002	2.0195e-031	
5962	6.e-002	7.95e-002	0.	
5963	6.e-002	7.95e-002	1.2075e-002	
5964	6.e-002	7.95e-002	9.6603e-003	
5965	6.e-002	7.95e-002	7.2453e-003	
5966	6.e-002	7.95e-002	4.8302e-003	
5967	6.e-002	7.95e-002	2.4151e-003	
5968	6.e-002	7.95e-002	1.4491e-002	
5969	6.e-002	7.2793e-002	1.7195e-002	
5970	6.e-002	7.05e-002	1.7941e-002	
5971	6.e-002	7.5059e-002	1.6371e-002	
5972	6.e-002	7.7296e-002	1.5469e-002	
5973	6.e-002	7.05e-002	2.2426e-003	
5974	6.e-002	7.05e-002	4.4853e-003	
5975	6.e-002	7.05e-002	6.7279e-003	
5976	6.e-002	7.05e-002	8.9706e-003	
5977	6.e-002	7.05e-002	1.1213e-002	
5978	6.e-002	7.05e-002	1.3456e-002	
5979	6.e-002	7.05e-002	1.5698e-002	
5980	6.e-002	7.05e-002	-6.0585e-031	
5981	6.e-002	6.95e-002	0.	
5982	6.e-002	6.95e-002	1.5959e-002	
5983	6.e-002	6.95e-002	1.3679e-002	
5984	6.e-002	6.95e-002	1.14e-002	
5985	6.e-002	6.95e-002	9.1196e-003	
5986	6.e-002	6.95e-002	6.8397e-003	
5987	6.e-002	6.95e-002	4.5598e-003	
5988	6.e-002	6.95e-002	2.2799e-003	
5989	6.e-002	6.95e-002	1.8239e-002	
5990	6.e-002	6.2773e-002	1.9835e-002	
5991	6.e-002	6.05e-002	2.0218e-002	
5992	6.e-002	6.5033e-002	1.9377e-002	
5993	6.e-002	6.7276e-002	1.8845e-002	
5994	6.e-002	6.05e-002	2.0218e-003	
5995	6.e-002	6.05e-002	4.0436e-003	
5996	6.e-002	6.05e-002	6.0655e-003	
5997	6.e-002	6.05e-002	8.0873e-003	
5998	6.e-002	6.05e-002	1.0109e-002	
5999	6.e-002	6.05e-002	1.2131e-002	
6000	6.e-002	6.05e-002	1.4153e-002	
6001	6.e-002	6.05e-002	1.6175e-002	
6002	6.e-002	6.05e-002	1.8196e-002	
6003	6.e-002	6.05e-002	2.1205e-030	
6004	6.e-002	5.95e-002	0.	
6005	6.e-002	5.95e-002	1.8326e-002	
6006	6.e-002	5.95e-002	1.629e-002	
6007	6.e-002	5.95e-002	1.4254e-002	
6008	6.e-002	5.95e-002	1.2218e-002	
6009	6.e-002	5.95e-002	1.0181e-002	
6010	6.e-002	5.95e-002	8.145e-003	
6011	6.e-002	5.95e-002	6.1088e-003	
6012	6.e-002	5.95e-002	4.0725e-003	
6013	6.e-002	5.95e-002	2.0363e-003	
6014	6.e-002	5.95e-002	2.0363e-002	
6015	6.e-002	5.2757e-002	2.0956e-002	
6016	6.e-002	5.05e-002	2.1008e-002	
6017	6.e-002	5.501e-002	2.0831e-002	
6018	6.e-002	5.7259e-002	2.0633e-002	
6019	6.e-002	5.05e-002	2.1008e-003	
6020	6.e-002	5.05e-002	4.2017e-003	
6021	6.e-002	5.05e-002	6.3025e-003	
6022	6.e-002	5.05e-002	8.4034e-003	
6023	6.e-002	5.05e-002	1.0504e-002	
6024	6.e-002	5.05e-002	1.2605e-002	
6025	6.e-002	5.05e-002	1.4706e-002	
6026	6.e-002	5.05e-002	1.6807e-002	
6027	6.e-002	5.05e-002	1.8908e-002	
6028	6.e-002	5.05e-002	5.3011e-031	
6029	6.e-002	4.95e-002	0.	
6030	6.e-002	4.95e-002	1.8908e-002	
6031	6.e-002	4.95e-002	1.6807e-002	
6032	6.e-002	4.95e-002	1.4706e-002	
6033	6.e-002	4.95e-002	1.2605e-002	
6034	6.e-002	4.95e-002	1.0504e-002	
6035	6.e-002	4.95e-002	8.4034e-003	
6036	6.e-002	4.95e-002	6.3025e-003	
6037	6.e-002	4.95e-002	4.2017e-003	
6038	6.e-002	4.95e-002	2.1008e-003	
6039	6.e-002	4.95e-002	2.1008e-002	
6040	6.e-002	4.2741e-002	2.0633e-002	
6041	6.e-002	4.05e-002	2.0363e-002	
6042	6.e-002	4.499e-002	2.0831e-002	
6043	6.e-002	4.7243e-002	2.0956e-002	
6044	6.e-002	4.05e-002	2.0363e-003	
6045	6.e-002	4.05e-002	4.0725e-003	
6046	6.e-002	4.05e-002	6.1088e-003	
6047	6.e-002	4.05e-002	8.145e-003	
6048	6.e-002	4.05e-002	1.0181e-002	
6049	6.e-002	4.05e-002	1.2218e-002	
6050	6.e-002	4.05e-002	1.4254e-002	
6051	6.e-002	4.05e-002	1.629e-002	
6052	6.e-002	4.05e-002	1.8326e-002	
6053	6.e-002	4.05e-002	2.7515e-030	
6054	6.e-002	3.95e-002	3.4694e-018	
6055	6.e-002	3.95e-002	1.8196e-002	
6056	6.e-002	3.95e-002	1.6175e-002	
6057	6.e-002	3.95e-002	1.4153e-002	
6058	6.e-002	3.95e-002	1.2131e-002	
6059	6.e-002	3.95e-002	1.0109e-002	
6060	6.e-002	3.95e-002	8.0873e-003	
6061	6.e-002	3.95e-002	6.0655e-003	
6062	6.e-002	3.95e-002	4.0436e-003	
6063	6.e-002	3.95e-002	2.0218e-003	
6064	6.e-002	3.95e-002	2.0218e-002	
6065	6.e-002	3.2724e-002	1.8845e-002	
6066	6.e-002	3.05e-002	1.8239e-002	
6067	6.e-002	3.4967e-002	1.9377e-002	
6068	6.e-002	3.7227e-002	1.9835e-002	
6069	6.e-002	3.05e-002	2.2799e-003	
6070	6.e-002	3.05e-002	4.5598e-003	
6071	6.e-002	3.05e-002	6.8397e-003	
6072	6.e-002	3.05e-002	9.1196e-003	
6073	6.e-002	3.05e-002	1.14e-002	
6074	6.e-002	3.05e-002	1.3679e-002	
6075	6.e-002	3.05e-002	1.5959e-002	
6076	6.e-002	3.05e-002	-2.7768e-031	
6077	6.e-002	2.95e-002	0.	
6078	6.e-002	2.95e-002	1.5698e-002	
6079	6.e-002	2.95e-002	1.3456e-002	
6080	6.e-002	2.95e-002	1.1213e-002	
6081	6.e-002	2.95e-002	8.9706e-003	
6082	6.e-002	2.95e-002	6.7279e-003	
6083	6.e-002	2.95e-002	4.4853e-003	
6084	6.e-002	2.95e-002	2.2426e-003	
6085	6.e-002	2.95e-002	1.7941e-002	
6086	6.e-002	2.2704e-002	1.5469e-002	
6087	6.e-002	2.05e-002	1.4491e-002	
6088	6.e-002	2.4941e-002	1.6371e-002	
6089	6.e-002	2.7207e-002	1.7195e-002	
6090	6.e-002	2.05e-002	2.4151e-003	
6091	6.e-002	2.05e-002	4.8302e-003	
6092	6.e-002	2.05e-002	7.2453e-003	
6093	6.e-002	2.05e-002	9.6603e-003	
6094	6.e-002	2.05e-002	1.2075e-002	
6095	6.e-002	2.05e-002	0.	
6096	6.e-002	1.95e-002	0.	
6097	6.e-002	1.95e-002	1.168e-002	
6098	6.e-002	1.95e-002	9.3441e-003	
6099	6.e-002	1.95e-002	7.0081e-003	
6100	6.e-002	1.95e-002	4.6721e-003	
6101	6.e-002	1.95e-002	2.336e-003	
6102	6.e-002	1.95e-002	1.4016e-002	
6103	6.e-002	1.1945e-002	9.7621e-003	
6104	6.e-002	1.05e-002	8.8008e-003	
6105	6.e-002	1.3413e-002	1.0687e-002	
6106	6.e-002	1.4903e-002	1.1576e-002	
6107	6.e-002	1.6415e-002	1.2427e-002	
6108	6.e-002	1.7948e-002	1.3241e-002	
6109	6.e-002	1.05e-002	2.2002e-003	
6110	6.e-002	1.05e-002	4.4004e-003	
6111	6.e-002	1.05e-002	6.6006e-003	
6112	6.e-002	1.05e-002	0.	
6113	6.e-002	9.5e-003	0.	
6114	6.e-002	9.5e-003	6.0783e-003	
6115	6.e-002	9.5e-003	4.0522e-003	
6116	6.e-002	9.5e-003	2.0261e-003	
6117	6.e-002	9.5e-003	8.1044e-003	
6118	6.e-002	1.4804e-003	1.4666e-003	
6119	6.e-002	0.	0.	
6120	6.e-002	3.0038e-003	2.8885e-003	
6121	6.e-002	4.5689e-003	4.2645e-003	
6122	6.e-002	6.1743e-003	5.5932e-003	
6123	6.e-002	7.8184e-003	6.8736e-003	
6124	6.e-002	0.	7.5e-003	
6125	6.e-002	0.	5.e-003	
6126	6.e-002	0.	2.5e-003	
6127	6.e-002	-2.0817e-017	1.e-002	
6128	6.e-002	9.8313e-002	1.1664e-002	
6129	6.e-002	9.6571e-002	1.3271e-002	
6130	6.e-002	9.4775e-002	1.4817e-002	
6131	6.e-002	9.2928e-002	1.6302e-002	
6132	6.e-002	9.1032e-002	1.7723e-002	
6133	6.e-002	8.9089e-002	1.908e-002	
6134	6.e-002	8.7101e-002	2.037e-002	
6135	6.e-002	8.507e-002	2.1591e-002	
6136	6.e-002	8.3e-002	2.2744e-002	
6137	6.e-002	8.0891e-002	2.3825e-002	
6138	6.e-002	7.8747e-002	2.4835e-002	
6139	6.e-002	7.657e-002	2.5771e-002	
6140	6.e-002	7.4363e-002	2.6634e-002	
6141	6.e-002	7.2128e-002	2.7421e-002	
6142	6.e-002	6.9867e-002	2.8132e-002	
6143	6.e-002	6.7584e-002	2.8766e-002	
6144	6.e-002	6.528e-002	2.9322e-002	
6145	6.e-002	6.2959e-002	2.98e-002	
6146	6.e-002	6.0623e-002	3.0199e-002	
6147	6.e-002	5.8275e-002	3.0519e-002	
6148	6.e-002	5.5918e-002	3.076e-002	
6149	6.e-002	5.3553e-002	3.092e-002	
6150	6.e-002	5.1185e-002	3.1e-002	
6151	6.e-002	4.8815e-002	3.1e-002	
6152	6.e-002	4.6447e-002	3.092e-002	
6153	6.e-002	4.4082e-002	3.076e-002	
6154	6.e-002	4.1725e-002	3.0519e-002	
6155	6.e-002	3.9377e-002	3.0199e-002	
6156	6.e-002	3.7041e-002	2.98e-002	
6157	6.e-002	3.472e-002	2.9322e-002	
6158	6.e-002	3.2416e-002	2.8766e-002	
6159	6.e-002	3.0133e-002	2.8132e-002	
6160	6.e-002	2.7872e-002	2.7421e-002	
6161	6.e-002	2.5637e-002	2.6634e-002	
6162	6.e-002	2.343e-002	2.5771e-002	
6163	6.e-002	2.1253e-002	2.4835e-002	
6164	6.e-002	1.9109e-002	2.3825e-002	
6165	6.e-002	1.7e-002	2.2744e-002	
6166	6.e-002	1.493e-002	2.1591e-002	
6167	6.e-002	1.2899e-002	2.037e-002	
6168	6.e-002	1.0911e-002	1.908e-002	
6169	6.e-002	8.968e-003	1.7723e-002	
6170	6.e-002	7.0718e-003	1.6302e-002	
6171	6.e-002	5.2248e-003	1.4817e-002	
6172	6.e-002	3.4292e-003	1.3271e-002	
6173	6.e-002	1.6869e-003	1.1664e-002	
6174	6.e-002	9.1906e-002	1.5827e-002	
6175	6.e-002	9.05e-002	1.6874e-002	
6176	6.e-002	9.3285e-002	1.4744e-002	
6177	6.e-002	9.4637e-002	1.3627e-002	
6178	6.e-002	9.5959e-002	1.2476e-002	
6179	6.e-002	9.7252e-002	1.1292e-002	
6180	6.e-002	9.8514e-002	1.0075e-002	
6181	6.e-002	9.6511e-002	1.0013e-002	
6182	6.e-002	9.4507e-002	9.9508e-003	
6183	6.e-002	9.2504e-002	9.8886e-003	
6184	6.e-002	9.05e-002	9.8264e-003	
6185	6.e-002	8.05e-002	1.7459e-002	
6186	6.e-002	8.05e-002	1.9273e-002	
6187	6.e-002	8.05e-002	2.1088e-002	
6188	6.e-002	8.05e-002	2.2903e-002	
6189	6.e-002	8.05e-002	1.5644e-002	
6190	6.e-002	8.6847e-002	1.7379e-002	
6191	6.e-002	8.4731e-002	1.68e-002	
6192	6.e-002	8.2616e-002	1.6222e-002	
6193	6.e-002	8.8963e-002	1.7957e-002	
6194	6.e-002	8.268e-002	2.178e-002	
6195	6.e-002	8.4819e-002	2.0581e-002	
6196	6.e-002	8.6914e-002	1.9305e-002	
6197	6.e-002	7.05e-002	2.1381e-002	
6198	6.e-002	7.05e-002	2.3219e-002	
6199	6.e-002	7.05e-002	2.5057e-002	
6200	6.e-002	7.05e-002	2.6895e-002	
6201	6.e-002	7.05e-002	1.9543e-002	
6202	6.e-002	7.6813e-002	2.2629e-002	
6203	6.e-002	7.4709e-002	2.16e-002	
6204	6.e-002	7.2604e-002	2.0572e-002	
6205	6.e-002	7.8918e-002	2.3658e-002	
6206	6.e-002	7.2643e-002	2.6189e-002	
6207	6.e-002	7.4762e-002	2.5414e-002	
6208	6.e-002	7.6854e-002	2.457e-002	
6209	6.e-002	6.05e-002	2.3674e-002	
6210	6.e-002	6.05e-002	2.5518e-002	
6211	6.e-002	6.05e-002	2.7362e-002	
6212	6.e-002	6.05e-002	2.9207e-002	
6213	6.e-002	6.05e-002	2.1829e-002	
6214	6.e-002	6.7475e-002	2.6455e-002	
6215	6.e-002	6.608e-002	2.553e-002	
6216	6.e-002	6.4685e-002	2.4605e-002	
6217	6.e-002	6.329e-002	2.368e-002	
6218	6.e-002	6.1895e-002	2.2754e-002	
6219	6.e-002	6.887e-002	2.738e-002	
6220	6.e-002	6.2613e-002	2.8848e-002	
6221	6.e-002	6.4713e-002	2.8423e-002	
6222	6.e-002	6.68e-002	2.7934e-002	
6223	6.e-002	5.8122e-002	2.3387e-002	
6224	6.e-002	5.6745e-002	2.471e-002	
6225	6.e-002	5.5367e-002	2.6032e-002	
6226	6.e-002	5.3989e-002	2.7354e-002	
6227	6.e-002	5.2611e-002	2.8677e-002	
6228	6.e-002	5.1234e-002	2.9999e-002	
6229	6.e-002	5.95e-002	2.2065e-002	
6230	6.e-002	5.95e-002	2.7531e-002	
6231	6.e-002	5.95e-002	2.5709e-002	
6232	6.e-002	5.95e-002	2.3887e-002	
6233	6.e-002	5.95e-002	2.9353e-002	
6234	6.e-002	5.3307e-002	2.9931e-002	
6235	6.e-002	5.5376e-002	2.98e-002	
6236	6.e-002	5.7442e-002	2.9608e-002	
6237	6.e-002	5.05e-002	2.3836e-002	
6238	6.e-002	5.05e-002	2.5663e-002	
6239	6.e-002	5.05e-002	2.749e-002	
6240	6.e-002	5.05e-002	2.9317e-002	
6241	6.e-002	5.05e-002	2.2008e-002	
6242	6.e-002	5.6631e-002	2.17e-002	
6243	6.e-002	5.8666e-002	2.1479e-002	
6244	6.e-002	5.4591e-002	2.1862e-002	
6245	6.e-002	5.2546e-002	2.1965e-002	
6246	6.e-002	5.1861e-002	2.8011e-002	
6247	6.e-002	5.3222e-002	2.6705e-002	
6248	6.e-002	5.4583e-002	2.5398e-002	
6249	6.e-002	5.5944e-002	2.4092e-002	
6250	6.e-002	5.7305e-002	2.2786e-002	
6251	6.e-002	9.05e-002	1.1588e-002	
6252	6.e-002	9.05e-002	1.335e-002	
6253	6.e-002	9.05e-002	1.5112e-002	
6254	6.e-002	4.8113e-002	2.3786e-002	
6255	6.e-002	4.6726e-002	2.4917e-002	
6256	6.e-002	4.534e-002	2.6049e-002	
6257	6.e-002	4.3953e-002	2.7181e-002	
6258	6.e-002	4.2566e-002	2.8312e-002	
6259	-1.e-003	0.13005	2.7157e-002	
6260	-1.e-003	0.15229	2.1485e-002	
6261	-1.e-003	0.15082	2.1508e-002	
6262	0.	0.15082	2.1508e-002	
6263	0.	0.15229	2.1485e-002	
6264	0.	0.13005	2.7157e-002	
6265	0.	0.14257	2.8312e-002	
6266	0.	0.14395	2.7181e-002	
6267	0.	0.14534	2.6049e-002	
6268	0.	0.14673	2.4917e-002	
6269	0.	0.14811	2.3786e-002	
6270	0.	0.1905	1.5112e-002	
6271	0.	0.1905	1.335e-002	
6272	0.	0.1905	1.1588e-002	
6273	0.	0.1573	2.2786e-002	
6274	0.	0.15594	2.4092e-002	
6275	0.	0.15458	2.5398e-002	
6276	0.	0.15322	2.6705e-002	
6277	0.	0.15186	2.8011e-002	
6278	0.	0.15867	2.1479e-002	
6279	0.	0.15663	2.17e-002	
6280	0.	0.15459	2.1862e-002	
6281	0.	0.15255	2.1965e-002	
6282	0.	0.1505	2.9317e-002	
6283	0.	0.1505	2.749e-002	
6284	0.	0.1505	2.5663e-002	
6285	0.	0.1505	2.3836e-002	
6286	0.	0.1505	2.2008e-002	
6287	0.	0.15331	2.9931e-002	
6288	0.	0.15538	2.98e-002	
6289	0.	0.15744	2.9608e-002	
6290	0.	0.1595	2.3887e-002	
6291	0.	0.1595	2.5709e-002	
6292	0.	0.1595	2.7531e-002	
6293	0.	0.1595	2.9353e-002	
6294	0.	0.15123	2.9999e-002	
6295	0.	0.15261	2.8677e-002	
6296	0.	0.15399	2.7354e-002	
6297	0.	0.15537	2.6032e-002	
6298	0.	0.15674	2.471e-002	
6299	0.	0.15812	2.3387e-002	
6300	0.	0.1595	2.2065e-002	
6301	0.	0.16261	2.8848e-002	
6302	0.	0.16471	2.8423e-002	
6303	0.	0.1668	2.7934e-002	
6304	0.	0.1619	2.2754e-002	
6305	0.	0.16329	2.368e-002	
6306	0.	0.16469	2.4605e-002	
6307	0.	0.16608	2.553e-002	
6308	0.	0.16748	2.6455e-002	
6309	0.	0.16887	2.738e-002	
6310	0.	0.1605	2.9207e-002	
6311	0.	0.1605	2.7362e-002	
6312	0.	0.1605	2.5518e-002	
6313	0.	0.1605	2.3674e-002	
6314	0.	0.1605	2.1829e-002	
6315	0.	0.17264	2.6189e-002	
6316	0.	0.17476	2.5414e-002	
6317	0.	0.17685	2.457e-002	
6318	0.	0.1726	2.0572e-002	
6319	0.	0.17471	2.16e-002	
6320	0.	0.17681	2.2629e-002	
6321	0.	0.17892	2.3658e-002	
6322	0.	0.1705	2.6895e-002	
6323	0.	0.1705	2.5057e-002	
6324	0.	0.1705	2.3219e-002	
6325	0.	0.1705	2.1381e-002	
6326	0.	0.1705	1.9543e-002	
6327	0.	0.18268	2.178e-002	
6328	0.	0.18482	2.0581e-002	
6329	0.	0.18691	1.9305e-002	
6330	0.	0.18262	1.6222e-002	
6331	0.	0.18473	1.68e-002	
6332	0.	0.18685	1.7379e-002	
6333	0.	0.18896	1.7957e-002	
6334	0.	0.1805	2.2903e-002	
6335	0.	0.1805	2.1088e-002	
6336	0.	0.1805	1.9273e-002	
6337	0.	0.1805	1.7459e-002	
6338	0.	0.1805	1.5644e-002	
6339	0.	0.1905	9.8264e-003	
6340	0.	0.1925	9.8886e-003	
6341	0.	0.19451	9.9508e-003	
6342	0.	0.19651	1.0013e-002	
6343	0.	0.1905	1.6874e-002	
6344	0.	0.19191	1.5827e-002	
6345	0.	0.19329	1.4744e-002	
6346	0.	0.19464	1.3627e-002	
6347	0.	0.19596	1.2476e-002	
6348	0.	0.19851	1.0075e-002	
6349	0.	0.19725	1.1292e-002	
6350	0.	0.19831	1.1664e-002	
6351	0.	0.19657	1.3271e-002	
6352	0.	0.19478	1.4817e-002	
6353	0.	0.19293	1.6302e-002	
6354	0.	0.19103	1.7723e-002	
6355	0.	0.18909	1.908e-002	
6356	0.	0.1871	2.037e-002	
6357	0.	0.18507	2.1591e-002	
6358	0.	0.183	2.2744e-002	
6359	0.	0.18089	2.3825e-002	
6360	0.	0.17875	2.4835e-002	
6361	0.	0.17657	2.5771e-002	
6362	0.	0.17436	2.6634e-002	
6363	0.	0.17213	2.7421e-002	
6364	0.	0.16987	2.8132e-002	
6365	0.	0.16758	2.8766e-002	
6366	0.	0.16528	2.9322e-002	
6367	0.	0.16296	2.98e-002	
6368	0.	0.16062	3.0199e-002	
6369	0.	0.15828	3.0519e-002	
6370	0.	0.15592	3.076e-002	
6371	0.	0.15355	3.092e-002	
6372	0.	0.15118	3.1e-002	
6373	0.	0.14882	3.1e-002	
6374	0.	0.14645	3.092e-002	
6375	0.	0.14408	3.076e-002	
6376	0.	0.14172	3.0519e-002	
6377	0.	0.13938	3.0199e-002	
6378	0.	0.13704	2.98e-002	
6379	0.	0.13472	2.9322e-002	
6380	0.	0.13242	2.8766e-002	
6381	0.	0.13013	2.8132e-002	
6382	0.	0.12787	2.7421e-002	
6383	0.	0.12564	2.6634e-002	
6384	0.	0.12343	2.5771e-002	
6385	0.	0.12125	2.4835e-002	
6386	0.	0.11911	2.3825e-002	
6387	0.	0.117	2.2744e-002	
6388	0.	0.11493	2.1591e-002	
6389	0.	0.1129	2.037e-002	
6390	0.	0.11091	1.908e-002	
6391	0.	0.10897	1.7723e-002	
6392	0.	0.10707	1.6302e-002	
6393	0.	0.10522	1.4817e-002	
6394	0.	0.10343	1.3271e-002	
6395	0.	0.10169	1.1664e-002	
6396	0.	1.e-001	2.5e-003	
6397	0.	1.e-001	5.e-003	
6398	0.	1.e-001	7.5e-003	
6399	0.	1.e-001	1.e-002	
6400	0.	1.e-001	0.	
6401	0.	0.10148	1.4666e-003	
6402	0.	0.103	2.8885e-003	
6403	0.	0.10457	4.2645e-003	
6404	0.	0.10617	5.5932e-003	
6405	0.	0.10782	6.8736e-003	
6406	0.	0.1095	2.0261e-003	
6407	0.	0.1095	4.0522e-003	
6408	0.	0.1095	6.0783e-003	
6409	0.	0.1095	8.1044e-003	
6410	0.	0.1095	0.	
6411	0.	0.1105	6.6006e-003	
6412	0.	0.1105	4.4004e-003	
6413	0.	0.1105	2.2002e-003	
6414	0.	0.1105	0.	
6415	0.	0.1105	8.8008e-003	
6416	0.	0.11194	9.7621e-003	
6417	0.	0.11341	1.0687e-002	
6418	0.	0.1149	1.1576e-002	
6419	0.	0.11642	1.2427e-002	
6420	0.	0.11795	1.3241e-002	
6421	0.	0.1195	2.336e-003	
6422	0.	0.1195	4.6721e-003	
6423	0.	0.1195	7.0081e-003	
6424	0.	0.1195	9.3441e-003	
6425	0.	0.1195	1.168e-002	
6426	0.	0.1195	1.4016e-002	
6427	0.	0.1195	0.	
6428	0.	0.1205	1.2075e-002	
6429	0.	0.1205	9.6603e-003	
6430	0.	0.1205	7.2453e-003	
6431	0.	0.1205	4.8302e-003	
6432	0.	0.1205	2.4151e-003	
6433	0.	0.1205	0.	
6434	0.	0.1205	1.4491e-002	
6435	0.	0.1227	1.5469e-002	
6436	0.	0.12494	1.6371e-002	
6437	0.	0.12721	1.7195e-002	
6438	0.	0.1295	2.2426e-003	
6439	0.	0.1295	4.4853e-003	
6440	0.	0.1295	6.7279e-003	
6441	0.	0.1295	8.9706e-003	
6442	0.	0.1295	1.1213e-002	
6443	0.	0.1295	1.3456e-002	
6444	0.	0.1295	1.5698e-002	
6445	0.	0.1295	1.7941e-002	
6446	0.	0.1295	0.	
6447	0.	0.1305	1.5959e-002	
6448	0.	0.1305	1.3679e-002	
6449	0.	0.1305	1.14e-002	
6450	0.	0.1305	9.1196e-003	
6451	0.	0.1305	6.8397e-003	
6452	0.	0.1305	4.5598e-003	
6453	0.	0.1305	2.2799e-003	
6454	0.	0.1305	-2.7768e-031	
6455	0.	0.1305	1.8239e-002	
6456	0.	0.13272	1.8845e-002	
6457	0.	0.13497	1.9377e-002	
6458	0.	0.13723	1.9835e-002	
6459	0.	0.1395	2.0218e-003	
6460	0.	0.1395	4.0436e-003	
6461	0.	0.1395	6.0655e-003	
6462	0.	0.1395	8.0873e-003	
6463	0.	0.1395	1.0109e-002	
6464	0.	0.1395	1.2131e-002	
6465	0.	0.1395	1.4153e-002	
6466	0.	0.1395	1.6175e-002	
6467	0.	0.1395	1.8196e-002	
6468	0.	0.1395	2.0218e-002	
6469	0.	0.1395	3.4694e-018	
6470	0.	0.1405	1.8326e-002	
6471	0.	0.1405	1.629e-002	
6472	0.	0.1405	1.4254e-002	
6473	0.	0.1405	1.2218e-002	
6474	0.	0.1405	1.0181e-002	
6475	0.	0.1405	8.145e-003	
6476	0.	0.1405	6.1088e-003	
6477	0.	0.1405	4.0725e-003	
6478	0.	0.1405	2.0363e-003	
6479	0.	0.1405	2.7515e-030	
6480	0.	0.1405	2.0363e-002	
6481	0.	0.14274	2.0633e-002	
6482	0.	0.14499	2.0831e-002	
6483	0.	0.14724	2.0956e-002	
6484	0.	0.1495	2.1008e-003	
6485	0.	0.1495	4.2017e-003	
6486	0.	0.1495	6.3025e-003	
6487	0.	0.1495	8.4034e-003	
6488	0.	0.1495	1.0504e-002	
6489	0.	0.1495	1.2605e-002	
6490	0.	0.1495	1.4706e-002	
6491	0.	0.1495	1.6807e-002	
6492	0.	0.1495	1.8908e-002	
6493	0.	0.1495	2.1008e-002	
6494	0.	0.1495	0.	
6495	0.	0.1505	1.8908e-002	
6496	0.	0.1505	1.6807e-002	
6497	0.	0.1505	1.4706e-002	
6498	0.	0.1505	1.2605e-002	
6499	0.	0.1505	1.0504e-002	
6500	0.	0.1505	8.4034e-003	
6501	0.	0.1505	6.3025e-003	
6502	0.	0.1505	4.2017e-003	
6503	0.	0.1505	2.1008e-003	
6504	0.	0.1505	5.3011e-031	
6505	0.	0.1505	2.1008e-002	
6506	0.	0.15276	2.0956e-002	
6507	0.	0.15501	2.0831e-002	
6508	0.	0.15726	2.0633e-002	
6509	0.	0.1595	2.0363e-003	
6510	0.	0.1595	4.0725e-003	
6511	0.	0.1595	6.1088e-003	
6512	0.	0.1595	8.145e-003	
6513	0.	0.1595	1.0181e-002	
6514	0.	0.1595	1.2218e-002	
6515	0.	0.1595	1.4254e-002	
6516	0.	0.1595	1.629e-002	
6517	0.	0.1595	1.8326e-002	
6518	0.	0.1595	2.0363e-002	
6519	0.	0.1595	0.	
6520	0.	0.1605	1.8196e-002	
6521	0.	0.1605	1.6175e-002	
6522	0.	0.1605	1.4153e-002	
6523	0.	0.1605	1.2131e-002	
6524	0.	0.1605	1.0109e-002	
6525	0.	0.1605	8.0873e-003	
6526	0.	0.1605	6.0655e-003	
6527	0.	0.1605	4.0436e-003	
6528	0.	0.1605	2.0218e-003	
6529	0.	0.1605	2.1205e-030	
6530	0.	0.1605	2.0218e-002	
6531	0.	0.16277	1.9835e-002	
6532	0.	0.16503	1.9377e-002	
6533	0.	0.16728	1.8845e-002	
6534	0.	0.1695	2.2799e-003	
6535	0.	0.1695	4.5598e-003	
6536	0.	0.1695	6.8397e-003	
6537	0.	0.1695	9.1196e-003	
6538	0.	0.1695	1.14e-002	
6539	0.	0.1695	1.3679e-002	
6540	0.	0.1695	1.5959e-002	
6541	0.	0.1695	1.8239e-002	
6542	0.	0.1695	0.	
6543	0.	0.1705	1.5698e-002	
6544	0.	0.1705	1.3456e-002	
6545	0.	0.1705	1.1213e-002	
6546	0.	0.1705	8.9706e-003	
6547	0.	0.1705	6.7279e-003	
6548	0.	0.1705	4.4853e-003	
6549	0.	0.1705	2.2426e-003	
6550	0.	0.1705	-6.0585e-031	
6551	0.	0.1705	1.7941e-002	
6552	0.	0.17279	1.7195e-002	
6553	0.	0.17506	1.6371e-002	
6554	0.	0.1773	1.5469e-002	
6555	0.	0.1795	2.4151e-003	
6556	0.	0.1795	4.8302e-003	
6557	0.	0.1795	7.2453e-003	
6558	0.	0.1795	9.6603e-003	
6559	0.	0.1795	1.2075e-002	
6560	0.	0.1795	1.4491e-002	
6561	0.	0.1795	0.	
6562	0.	0.1805	1.168e-002	
6563	0.	0.1805	9.3441e-003	
6564	0.	0.1805	7.0081e-003	
6565	0.	0.1805	4.6721e-003	
6566	0.	0.1805	2.336e-003	
6567	0.	0.1805	2.0195e-031	
6568	0.	0.1805	1.4016e-002	
6569	0.	0.18205	1.3241e-002	
6570	0.	0.18358	1.2427e-002	
6571	0.	0.1851	1.1576e-002	
6572	0.	0.18659	1.0687e-002	
6573	0.	0.18806	9.7621e-003	
6574	0.	0.1895	2.2002e-003	
6575	0.	0.1895	4.4004e-003	
6576	0.	0.1895	6.6006e-003	
6577	0.	0.1895	8.8008e-003	
6578	0.	0.1895	0.	
6579	0.	0.1905	6.0783e-003	
6580	0.	0.1905	4.0522e-003	
6581	0.	0.1905	2.0261e-003	
6582	0.	0.1905	-1.0602e-030	
6583	0.	0.1905	8.1044e-003	
6584	0.	0.19218	6.8736e-003	
6585	0.	0.19383	5.5932e-003	
6586	0.	0.19543	4.2645e-003	
6587	0.	0.197	2.8885e-003	
6588	0.	0.19852	1.4666e-003	
6589	0.	0.2	1.e-002	
6590	0.	0.2	7.5e-003	
6591	0.	0.2	5.e-003	
6592	0.	0.2	2.5e-003	
6593	0.	0.2	1.3878e-017	
6594	0.	0.199	7.4151e-003	
6595	0.	0.199	5.7405e-003	
6596	0.	0.199	4.0658e-003	
6597	0.	0.19255	7.8497e-003	
6598	0.	0.19389	6.8201e-003	
6599	0.	0.19521	5.7589e-003	
6600	0.	0.1965	4.6665e-003	
6601	0.	0.199	2.3911e-003	
6602	0.	0.19776	3.5437e-003	
6603	0.	0.19118	8.8471e-003	
6604	0.	0.19314	8.9077e-003	
6605	0.	0.19509	8.9684e-003	
6606	0.	0.19705	9.0291e-003	
6607	0.	0.199	9.0898e-003	
6608	0.	0.1895	1.5302e-002	
6609	0.	0.1895	1.3538e-002	
6610	0.	0.1895	1.1773e-002	
6611	0.	0.18332	1.3704e-002	
6612	0.	0.18542	1.2542e-002	
6613	0.	0.1895	1.0008e-002	
6614	0.	0.18748	1.1309e-002	
6615	0.	0.18119	1.4794e-002	
6616	0.	0.18326	1.5363e-002	
6617	0.	0.18534	1.5931e-002	
6618	0.	0.18742	1.6499e-002	
6619	0.	0.1895	1.7067e-002	
6620	0.	0.1795	2.102e-002	
6621	0.	0.1795	1.9211e-002	
6622	0.	0.1795	1.7401e-002	
6623	0.	0.17331	1.8074e-002	
6624	0.	0.1754	1.7312e-002	
6625	0.	0.1795	1.5592e-002	
6626	0.	0.17746	1.6484e-002	
6627	0.	0.1712	1.8772e-002	
6628	0.	0.17327	1.9786e-002	
6629	0.	0.17535	2.0801e-002	
6630	0.	0.17742	2.1815e-002	
6631	0.	0.1795	2.283e-002	
6632	0.	0.1695	2.4768e-002	
6633	0.	0.1695	2.2939e-002	
6634	0.	0.1695	2.1109e-002	
6635	0.	0.16332	2.075e-002	
6636	0.	0.16539	2.0321e-002	
6637	0.	0.1695	1.928e-002	
6638	0.	0.16745	1.9831e-002	
6639	0.	0.16123	2.1116e-002	
6640	0.	0.1633	2.2486e-002	
6641	0.	0.16537	2.3857e-002	
6642	0.	0.16743	2.5227e-002	
6643	0.	0.1695	2.6598e-002	
6644	0.	0.12254	1.6484e-002	
6645	0.	0.1246	1.7312e-002	
6646	0.	0.12669	1.8074e-002	
6647	0.	0.1205	1.5592e-002	
6648	0.	0.1205	1.7401e-002	
6649	0.	0.1205	1.9211e-002	
6650	0.	0.1205	2.102e-002	
6651	0.	0.1205	2.283e-002	
6652	0.	0.12258	2.1815e-002	
6653	0.	0.12465	2.0801e-002	
6654	0.	0.12673	1.9786e-002	
6655	0.	0.1288	1.8772e-002	
6656	0.	0.10224	3.5437e-003	
6657	0.	0.1035	4.6665e-003	
6658	0.	0.10479	5.7589e-003	
6659	0.	0.10611	6.8201e-003	
6660	0.	0.10745	7.8497e-003	
6661	0.	0.101	2.3911e-003	
6662	0.	0.101	4.0658e-003	
6663	0.	0.101	5.7405e-003	
6664	0.	0.101	7.4151e-003	
6665	0.	0.101	9.0898e-003	
6666	0.	0.10295	9.0291e-003	
6667	0.	0.10491	8.9684e-003	
6668	0.	0.10686	8.9077e-003	
6669	0.	0.10882	8.8471e-003	
6670	0.	0.10275	1.1292e-002	
6671	0.	0.10404	1.2476e-002	
6672	0.	0.10536	1.3627e-002	
6673	0.	0.10671	1.4744e-002	
6674	0.	0.10809	1.5827e-002	
6675	0.	0.1095	1.1588e-002	
6676	0.	0.1095	1.335e-002	
6677	0.	0.1095	1.5112e-002	
6678	0.	0.1095	1.6874e-002	
6679	0.	0.10149	1.0075e-002	
6680	0.	0.10349	1.0013e-002	
6681	0.	0.10549	9.9508e-003	
6682	0.	0.1075	9.8886e-003	
6683	0.	0.1095	9.8264e-003	
6684	0.	0.11674	1.5363e-002	
6685	0.	0.11466	1.5931e-002	
6686	0.	0.11258	1.6499e-002	
6687	0.	0.11881	1.4794e-002	
6688	0.	0.11668	1.3704e-002	
6689	0.	0.11458	1.2542e-002	
6690	0.	0.11252	1.1309e-002	
6691	0.	0.1105	1.7067e-002	
6692	0.	0.1105	1.5302e-002	
6693	0.	0.1105	1.3538e-002	
6694	0.	0.1105	1.1773e-002	
6695	0.	0.1105	1.0008e-002	
6696	0.	0.11309	1.9305e-002	
6697	0.	0.11518	2.0581e-002	
6698	0.	0.11732	2.178e-002	
6699	0.	0.1195	1.7459e-002	
6700	0.	0.1195	1.9273e-002	
6701	0.	0.1195	2.1088e-002	
6702	0.	0.1195	2.2903e-002	
6703	0.	0.11104	1.7957e-002	
6704	0.	0.11315	1.7379e-002	
6705	0.	0.11527	1.68e-002	
6706	0.	0.11738	1.6222e-002	
6707	0.	0.1195	1.5644e-002	
6708	0.	0.12315	2.457e-002	
6709	0.	0.12524	2.5414e-002	
6710	0.	0.12736	2.6189e-002	
6711	0.	0.1295	2.1381e-002	
6712	0.	0.1295	2.3219e-002	
6713	0.	0.1295	2.5057e-002	
6714	0.	0.1295	2.6895e-002	
6715	0.	0.12108	2.3658e-002	
6716	0.	0.12319	2.2629e-002	
6717	0.	0.12529	2.16e-002	
6718	0.	0.1274	2.0572e-002	
6719	0.	0.1295	1.9543e-002	
6720	0.	0.1367	2.2486e-002	
6721	0.	0.13463	2.3857e-002	
6722	0.	0.13257	2.5227e-002	
6723	0.	0.13877	2.1116e-002	
6724	0.	0.13668	2.075e-002	
6725	0.	0.13461	2.0321e-002	
6726	0.	0.13255	1.9831e-002	
6727	0.	0.1305	2.6598e-002	
6728	0.	0.1305	2.4768e-002	
6729	0.	0.1305	2.2939e-002	
6730	0.	0.1305	2.1109e-002	
6731	0.	0.1305	1.928e-002	
6732	0.	0.1332	2.7934e-002	
6733	0.	0.13529	2.8423e-002	
6734	0.	0.13739	2.8848e-002	
6735	0.	0.1395	2.3674e-002	
6736	0.	0.1395	2.5518e-002	
6737	0.	0.1395	2.7362e-002	
6738	0.	0.1395	2.9207e-002	
6739	0.	0.13113	2.738e-002	
6740	0.	0.13252	2.6455e-002	
6741	0.	0.13392	2.553e-002	
6742	0.	0.13531	2.4605e-002	
6743	0.	0.13671	2.368e-002	
6744	0.	0.1381	2.2754e-002	
6745	0.	0.1395	2.1829e-002	
6746	0.	0.14735	2.3117e-002	
6747	0.	0.14598	2.4235e-002	
6748	0.	0.14461	2.5353e-002	
6749	0.	0.14324	2.6471e-002	
6750	0.	0.14187	2.759e-002	
6751	0.	0.14872	2.1999e-002	
6752	0.	0.14666	2.1932e-002	
6753	0.	0.1446	2.1805e-002	
6754	0.	0.14255	2.1618e-002	
6755	0.	0.1405	2.8708e-002	
6756	0.	0.1405	2.6874e-002	
6757	0.	0.1405	2.504e-002	
6758	0.	0.1405	2.3206e-002	
6759	0.	0.1405	2.1372e-002	
6760	0.	0.14118	2.9444e-002	
6761	0.	0.14325	2.9679e-002	
6762	0.	0.14533	2.9852e-002	
6763	0.	0.14741	2.9962e-002	
6764	0.	0.1495	2.2654e-002	
6765	0.	0.1495	2.4493e-002	
6766	0.	0.1495	2.6332e-002	
6767	0.	0.1495	2.817e-002	
6768	0.	0.1495	3.0009e-002	
6769	-1.e-003	0.1495	2.817e-002	
6770	-1.e-003	0.1495	2.6332e-002	
6771	-1.e-003	0.1495	2.4493e-002	
6772	-1.e-003	0.1495	2.2654e-002	
6773	-1.e-003	0.1495	3.0009e-002	
6774	-1.e-003	0.14325	2.9679e-002	
6775	-1.e-003	0.14118	2.9444e-002	
6776	-1.e-003	0.14533	2.9852e-002	
6777	-1.e-003	0.14741	2.9962e-002	
6778	-1.e-003	0.1405	2.3206e-002	
6779	-1.e-003	0.1405	2.504e-002	
6780	-1.e-003	0.1405	2.6874e-002	
6781	-1.e-003	0.1405	2.8708e-002	
6782	-1.e-003	0.1405	2.1372e-002	
6783	-1.e-003	0.14666	2.1932e-002	
6784	-1.e-003	0.14872	2.1999e-002	
6785	-1.e-003	0.1446	2.1805e-002	
6786	-1.e-003	0.14255	2.1618e-002	
6787	-1.e-003	0.14187	2.759e-002	
6788	-1.e-003	0.14324	2.6471e-002	
6789	-1.e-003	0.14461	2.5353e-002	
6790	-1.e-003	0.14598	2.4235e-002	
6791	-1.e-003	0.14735	2.3117e-002	
6792	-1.e-003	0.1381	2.2754e-002	
6793	-1.e-003	0.13671	2.368e-002	
6794	-1.e-003	0.13531	2.4605e-002	
6795	-1.e-003	0.13392	2.553e-002	
6796	-1.e-003	0.13252	2.6455e-002	
6797	-1.e-003	0.13113	2.738e-002	
6798	-1.e-003	0.1395	2.1829e-002	
6799	-1.e-003	0.1395	2.7362e-002	
6800	-1.e-003	0.1395	2.5518e-002	
6801	-1.e-003	0.1395	2.3674e-002	
6802	-1.e-003	0.1395	2.9207e-002	
6803	-1.e-003	0.1332	2.7934e-002	
6804	-1.e-003	0.13529	2.8423e-002	
6805	-1.e-003	0.13739	2.8848e-002	
6806	-1.e-003	0.1305	2.1109e-002	
6807	-1.e-003	0.1305	2.2939e-002	
6808	-1.e-003	0.1305	2.4768e-002	
6809	-1.e-003	0.1305	2.6598e-002	
6810	-1.e-003	0.1305	1.928e-002	
6811	-1.e-003	0.13668	2.075e-002	
6812	-1.e-003	0.13877	2.1116e-002	
6813	-1.e-003	0.13461	2.0321e-002	
6814	-1.e-003	0.13255	1.9831e-002	
6815	-1.e-003	0.13257	2.5227e-002	
6816	-1.e-003	0.13463	2.3857e-002	
6817	-1.e-003	0.1367	2.2486e-002	
6818	-1.e-003	0.1274	2.0572e-002	
6819	-1.e-003	0.12529	2.16e-002	
6820	-1.e-003	0.12319	2.2629e-002	
6821	-1.e-003	0.12108	2.3658e-002	
6822	-1.e-003	0.1295	1.9543e-002	
6823	-1.e-003	0.1295	2.5057e-002	
6824	-1.e-003	0.1295	2.3219e-002	
6825	-1.e-003	0.1295	2.1381e-002	
6826	-1.e-003	0.1295	2.6895e-002	
6827	-1.e-003	0.12315	2.457e-002	
6828	-1.e-003	0.12524	2.5414e-002	
6829	-1.e-003	0.12736	2.6189e-002	
6830	-1.e-003	0.11738	1.6222e-002	
6831	-1.e-003	0.11527	1.68e-002	
6832	-1.e-003	0.11315	1.7379e-002	
6833	-1.e-003	0.11104	1.7957e-002	
6834	-1.e-003	0.1195	1.5644e-002	
6835	-1.e-003	0.1195	2.1088e-002	
6836	-1.e-003	0.1195	1.9273e-002	
6837	-1.e-003	0.1195	1.7459e-002	
6838	-1.e-003	0.1195	2.2903e-002	
6839	-1.e-003	0.11309	1.9305e-002	
6840	-1.e-003	0.11518	2.0581e-002	
6841	-1.e-003	0.11732	2.178e-002	
6842	-1.e-003	0.1105	1.1773e-002	
6843	-1.e-003	0.1105	1.3538e-002	
6844	-1.e-003	0.1105	1.5302e-002	
6845	-1.e-003	0.1105	1.7067e-002	
6846	-1.e-003	0.1105	1.0008e-002	
6847	-1.e-003	0.11668	1.3704e-002	
6848	-1.e-003	0.11881	1.4794e-002	
6849	-1.e-003	0.11458	1.2542e-002	
6850	-1.e-003	0.11252	1.1309e-002	
6851	-1.e-003	0.11258	1.6499e-002	
6852	-1.e-003	0.11466	1.5931e-002	
6853	-1.e-003	0.11674	1.5363e-002	
6854	-1.e-003	0.1075	9.8886e-003	
6855	-1.e-003	0.10549	9.9508e-003	
6856	-1.e-003	0.10349	1.0013e-002	
6857	-1.e-003	0.10149	1.0075e-002	
6858	-1.e-003	0.1095	9.8264e-003	
6859	-1.e-003	0.1095	1.5112e-002	
6860	-1.e-003	0.1095	1.335e-002	
6861	-1.e-003	0.1095	1.1588e-002	
6862	-1.e-003	0.1095	1.6874e-002	
6863	-1.e-003	0.10275	1.1292e-002	
6864	-1.e-003	0.10404	1.2476e-002	
6865	-1.e-003	0.10536	1.3627e-002	
6866	-1.e-003	0.10671	1.4744e-002	
6867	-1.e-003	0.10809	1.5827e-002	
6868	-1.e-003	0.10686	8.9077e-003	
6869	-1.e-003	0.10491	8.9684e-003	
6870	-1.e-003	0.10295	9.0291e-003	
6871	-1.e-003	0.10882	8.8471e-003	
6872	-1.e-003	0.101	9.0898e-003	
6873	-1.e-003	0.101	7.4151e-003	
6874	-1.e-003	0.101	5.7405e-003	
6875	-1.e-003	0.101	4.0658e-003	
6876	-1.e-003	0.101	2.3911e-003	
6877	-1.e-003	0.10224	3.5437e-003	
6878	-1.e-003	0.1035	4.6665e-003	
6879	-1.e-003	0.10479	5.7589e-003	
6880	-1.e-003	0.10611	6.8201e-003	
6881	-1.e-003	0.10745	7.8497e-003	
6882	-1.e-003	0.12673	1.9786e-002	
6883	-1.e-003	0.12465	2.0801e-002	
6884	-1.e-003	0.12258	2.1815e-002	
6885	-1.e-003	0.1288	1.8772e-002	
6886	-1.e-003	0.1205	2.283e-002	
6887	-1.e-003	0.1205	2.102e-002	
6888	-1.e-003	0.1205	1.9211e-002	
6889	-1.e-003	0.1205	1.7401e-002	
6890	-1.e-003	0.1205	1.5592e-002	
6891	-1.e-003	0.12254	1.6484e-002	
6892	-1.e-003	0.1246	1.7312e-002	
6893	-1.e-003	0.12669	1.8074e-002	
6894	-1.e-003	0.16743	2.5227e-002	
6895	-1.e-003	0.16537	2.3857e-002	
6896	-1.e-003	0.1633	2.2486e-002	
6897	-1.e-003	0.1695	2.6598e-002	
6898	-1.e-003	0.16123	2.1116e-002	
6899	-1.e-003	0.16332	2.075e-002	
6900	-1.e-003	0.16539	2.0321e-002	
6901	-1.e-003	0.16745	1.9831e-002	
6902	-1.e-003	0.1695	1.928e-002	
6903	-1.e-003	0.1695	2.1109e-002	
6904	-1.e-003	0.1695	2.2939e-002	
6905	-1.e-003	0.1695	2.4768e-002	
6906	-1.e-003	0.17742	2.1815e-002	
6907	-1.e-003	0.17535	2.0801e-002	
6908	-1.e-003	0.17327	1.9786e-002	
6909	-1.e-003	0.1795	2.283e-002	
6910	-1.e-003	0.1712	1.8772e-002	
6911	-1.e-003	0.17331	1.8074e-002	
6912	-1.e-003	0.1754	1.7312e-002	
6913	-1.e-003	0.17746	1.6484e-002	
6914	-1.e-003	0.1795	1.5592e-002	
6915	-1.e-003	0.1795	1.7401e-002	
6916	-1.e-003	0.1795	1.9211e-002	
6917	-1.e-003	0.1795	2.102e-002	
6918	-1.e-003	0.18742	1.6499e-002	
6919	-1.e-003	0.18534	1.5931e-002	
6920	-1.e-003	0.18326	1.5363e-002	
6921	-1.e-003	0.1895	1.7067e-002	
6922	-1.e-003	0.18119	1.4794e-002	
6923	-1.e-003	0.18332	1.3704e-002	
6924	-1.e-003	0.18542	1.2542e-002	
6925	-1.e-003	0.18748	1.1309e-002	
6926	-1.e-003	0.1895	1.0008e-002	
6927	-1.e-003	0.1895	1.1773e-002	
6928	-1.e-003	0.1895	1.3538e-002	
6929	-1.e-003	0.1895	1.5302e-002	
6930	-1.e-003	0.19705	9.0291e-003	
6931	-1.e-003	0.19509	8.9684e-003	
6932	-1.e-003	0.19314	8.9077e-003	
6933	-1.e-003	0.199	9.0898e-003	
6934	-1.e-003	0.19118	8.8471e-003	
6935	-1.e-003	0.19255	7.8497e-003	
6936	-1.e-003	0.19389	6.8201e-003	
6937	-1.e-003	0.19521	5.7589e-003	
6938	-1.e-003	0.1965	4.6665e-003	
6939	-1.e-003	0.19776	3.5437e-003	
6940	-1.e-003	0.199	2.3911e-003	
6941	-1.e-003	0.199	4.0658e-003	
6942	-1.e-003	0.199	5.7405e-003	
6943	-1.e-003	0.199	7.4151e-003	
6944	-1.e-003	0.2	2.5e-003	
6945	-1.e-003	0.2	5.e-003	
6946	-1.e-003	0.2	7.5e-003	
6947	-1.e-003	0.2	1.e-002	
6948	-1.e-003	0.2	1.3878e-017	
6949	-1.e-003	0.19218	6.8736e-003	
6950	-1.e-003	0.1905	8.1044e-003	
6951	-1.e-003	0.19383	5.5932e-003	
6952	-1.e-003	0.19543	4.2645e-003	
6953	-1.e-003	0.197	2.8885e-003	
6954	-1.e-003	0.19852	1.4666e-003	
6955	-1.e-003	0.1905	2.0261e-003	
6956	-1.e-003	0.1905	4.0522e-003	
6957	-1.e-003	0.1905	6.0783e-003	
6958	-1.e-003	0.1905	-1.0602e-030	
6959	-1.e-003	0.1895	0.	
6960	-1.e-003	0.1895	6.6006e-003	
6961	-1.e-003	0.1895	4.4004e-003	
6962	-1.e-003	0.1895	2.2002e-003	
6963	-1.e-003	0.1895	8.8008e-003	
6964	-1.e-003	0.18205	1.3241e-002	
6965	-1.e-003	0.1805	1.4016e-002	
6966	-1.e-003	0.18358	1.2427e-002	
6967	-1.e-003	0.1851	1.1576e-002	
6968	-1.e-003	0.18659	1.0687e-002	
6969	-1.e-003	0.18806	9.7621e-003	
6970	-1.e-003	0.1805	2.336e-003	
6971	-1.e-003	0.1805	4.6721e-003	
6972	-1.e-003	0.1805	7.0081e-003	
6973	-1.e-003	0.1805	9.3441e-003	
6974	-1.e-003	0.1805	1.168e-002	
6975	-1.e-003	0.1805	2.0195e-031	
6976	-1.e-003	0.1795	0.	
6977	-1.e-003	0.1795	1.2075e-002	
6978	-1.e-003	0.1795	9.6603e-003	
6979	-1.e-003	0.1795	7.2453e-003	
6980	-1.e-003	0.1795	4.8302e-003	
6981	-1.e-003	0.1795	2.4151e-003	
6982	-1.e-003	0.1795	1.4491e-002	
6983	-1.e-003	0.17279	1.7195e-002	
6984	-1.e-003	0.1705	1.7941e-002	
6985	-1.e-003	0.17506	1.6371e-002	
6986	-1.e-003	0.1773	1.5469e-002	
6987	-1.e-003	0.1705	2.2426e-003	
6988	-1.e-003	0.1705	4.4853e-003	
6989	-1.e-003	0.1705	6.7279e-003	
6990	-1.e-003	0.1705	8.9706e-003	
6991	-1.e-003	0.1705	1.1213e-002	
6992	-1.e-003	0.1705	1.3456e-002	
6993	-1.e-003	0.1705	1.5698e-002	
6994	-1.e-003	0.1705	-6.0585e-031	
6995	-1.e-003	0.1695	0.	
6996	-1.e-003	0.1695	1.5959e-002	
6997	-1.e-003	0.1695	1.3679e-002	
6998	-1.e-003	0.1695	1.14e-002	
6999	-1.e-003	0.1695	9.1196e-003	
7000	-1.e-003	0.1695	6.8397e-003	
7001	-1.e-003	0.1695	4.5598e-003	
7002	-1.e-003	0.1695	2.2799e-003	
7003	-1.e-003	0.1695	1.8239e-002	
7004	-1.e-003	0.16277	1.9835e-002	
7005	-1.e-003	0.1605	2.0218e-002	
7006	-1.e-003	0.16503	1.9377e-002	
7007	-1.e-003	0.16728	1.8845e-002	
7008	-1.e-003	0.1605	2.0218e-003	
7009	-1.e-003	0.1605	4.0436e-003	
7010	-1.e-003	0.1605	6.0655e-003	
7011	-1.e-003	0.1605	8.0873e-003	
7012	-1.e-003	0.1605	1.0109e-002	
7013	-1.e-003	0.1605	1.2131e-002	
7014	-1.e-003	0.1605	1.4153e-002	
7015	-1.e-003	0.1605	1.6175e-002	
7016	-1.e-003	0.1605	1.8196e-002	
7017	-1.e-003	0.1605	2.1205e-030	
7018	-1.e-003	0.1595	0.	
7019	-1.e-003	0.1595	1.8326e-002	
7020	-1.e-003	0.1595	1.629e-002	
7021	-1.e-003	0.1595	1.4254e-002	
7022	-1.e-003	0.1595	1.2218e-002	
7023	-1.e-003	0.1595	1.0181e-002	
7024	-1.e-003	0.1595	8.145e-003	
7025	-1.e-003	0.1595	6.1088e-003	
7026	-1.e-003	0.1595	4.0725e-003	
7027	-1.e-003	0.1595	2.0363e-003	
7028	-1.e-003	0.1595	2.0363e-002	
7029	-1.e-003	0.15276	2.0956e-002	
7030	-1.e-003	0.1505	2.1008e-002	
7031	-1.e-003	0.15501	2.0831e-002	
7032	-1.e-003	0.15726	2.0633e-002	
7033	-1.e-003	0.1505	2.1008e-003	
7034	-1.e-003	0.1505	4.2017e-003	
7035	-1.e-003	0.1505	6.3025e-003	
7036	-1.e-003	0.1505	8.4034e-003	
7037	-1.e-003	0.1505	1.0504e-002	
7038	-1.e-003	0.1505	1.2605e-002	
7039	-1.e-003	0.1505	1.4706e-002	
7040	-1.e-003	0.1505	1.6807e-002	
7041	-1.e-003	0.1505	1.8908e-002	
7042	-1.e-003	0.1505	5.3011e-031	
7043	-1.e-003	0.1495	0.	
7044	-1.e-003	0.1495	1.8908e-002	
7045	-1.e-003	0.1495	1.6807e-002	
7046	-1.e-003	0.1495	1.4706e-002	
7047	-1.e-003	0.1495	1.2605e-002	
7048	-1.e-003	0.1495	1.0504e-002	
7049	-1.e-003	0.1495	8.4034e-003	
7050	-1.e-003	0.1495	6.3025e-003	
7051	-1.e-003	0.1495	4.2017e-003	
7052	-1.e-003	0.1495	2.1008e-003	
7053	-1.e-003	0.1495	2.1008e-002	
7054	-1.e-003	0.14274	2.0633e-002	
7055	-1.e-003	0.1405	2.0363e-002	
7056	-1.e-003	0.14499	2.0831e-002	
7057	-1.e-003	0.14724	2.0956e-002	
7058	-1.e-003	0.1405	2.0363e-003	
7059	-1.e-003	0.1405	4.0725e-003	
7060	-1.e-003	0.1405	6.1088e-003	
7061	-1.e-003	0.1405	8.145e-003	
7062	-1.e-003	0.1405	1.0181e-002	
7063	-1.e-003	0.1405	1.2218e-002	
7064	-1.e-003	0.1405	1.4254e-002	
7065	-1.e-003	0.1405	1.629e-002	
7066	-1.e-003	0.1405	1.8326e-002	
7067	-1.e-003	0.1405	2.7515e-030	
7068	-1.e-003	0.1395	3.4694e-018	
7069	-1.e-003	0.1395	1.8196e-002	
7070	-1.e-003	0.1395	1.6175e-002	
7071	-1.e-003	0.1395	1.4153e-002	
7072	-1.e-003	0.1395	1.2131e-002	
7073	-1.e-003	0.1395	1.0109e-002	
7074	-1.e-003	0.1395	8.0873e-003	
7075	-1.e-003	0.1395	6.0655e-003	
7076	-1.e-003	0.1395	4.0436e-003	
7077	-1.e-003	0.1395	2.0218e-003	
7078	-1.e-003	0.1395	2.0218e-002	
7079	-1.e-003	0.13272	1.8845e-002	
7080	-1.e-003	0.1305	1.8239e-002	
7081	-1.e-003	0.13497	1.9377e-002	
7082	-1.e-003	0.13723	1.9835e-002	
7083	-1.e-003	0.1305	2.2799e-003	
7084	-1.e-003	0.1305	4.5598e-003	
7085	-1.e-003	0.1305	6.8397e-003	
7086	-1.e-003	0.1305	9.1196e-003	
7087	-1.e-003	0.1305	1.14e-002	
7088	-1.e-003	0.1305	1.3679e-002	
7089	-1.e-003	0.1305	1.5959e-002	
7090	-1.e-003	0.1305	-2.7768e-031	
7091	-1.e-003	0.1295	0.	
7092	-1.e-003	0.1295	1.5698e-002	
7093	-1.e-003	0.1295	1.3456e-002	
7094	-1.e-003	0.1295	1.1213e-002	
7095	-1.e-003	0.1295	8.9706e-003	
7096	-1.e-003	0.1295	6.7279e-003	
7097	-1.e-003	0.1295	4.4853e-003	
7098	-1.e-003	0.1295	2.2426e-003	
7099	-1.e-003	0.1295	1.7941e-002	
7100	-1.e-003	0.1227	1.5469e-002	
7101	-1.e-003	0.1205	1.4491e-002	
7102	-1.e-003	0.12494	1.6371e-002	
7103	-1.e-003	0.12721	1.7195e-002	
7104	-1.e-003	0.1205	2.4151e-003	
7105	-1.e-003	0.1205	4.8302e-003	
7106	-1.e-003	0.1205	7.2453e-003	
7107	-1.e-003	0.1205	9.6603e-003	
7108	-1.e-003	0.1205	1.2075e-002	
7109	-1.e-003	0.1205	0.	
7110	-1.e-003	0.1195	0.	
7111	-1.e-003	0.1195	1.168e-002	
7112	-1.e-003	0.1195	9.3441e-003	
7113	-1.e-003	0.1195	7.0081e-003	
7114	-1.e-003	0.1195	4.6721e-003	
7115	-1.e-003	0.1195	2.336e-003	
7116	-1.e-003	0.1195	1.4016e-002	
7117	-1.e-003	0.11194	9.7621e-003	
7118	-1.e-003	0.1105	8.8008e-003	
7119	-1.e-003	0.11341	1.0687e-002	
7120	-1.e-003	0.1149	1.1576e-002	
7121	-1.e-003	0.11642	1.2427e-002	
7122	-1.e-003	0.11795	1.3241e-002	
7123	-1.e-003	0.1105	2.2002e-003	
7124	-1.e-003	0.1105	4.4004e-003	
7125	-1.e-003	0.1105	6.6006e-003	
7126	-1.e-003	0.1105	0.	
7127	-1.e-003	0.1095	0.	
7128	-1.e-003	0.1095	6.0783e-003	
7129	-1.e-003	0.1095	4.0522e-003	
7130	-1.e-003	0.1095	2.0261e-003	
7131	-1.e-003	0.1095	8.1044e-003	
7132	-1.e-003	0.10148	1.4666e-003	
7133	-1.e-003	1.e-001	0.	
7134	-1.e-003	0.103	2.8885e-003	
7135	-1.e-003	0.10457	4.2645e-003	
7136	-1.e-003	0.10617	5.5932e-003	
7137	-1.e-003	0.10782	6.8736e-003	
7138	-1.e-003	1.e-001	7.5e-003	
7139	-1.e-003	1.e-001	5.e-003	
7140	-1.e-003	1.e-001	2.5e-003	
7141	-1.e-003	1.e-001	1.e-002	
7142	-1.e-003	0.19831	1.1664e-002	
7143	-1.e-003	0.19657	1.3271e-002	
7144	-1.e-003	0.19478	1.4817e-002	
7145	-1.e-003	0.19293	1.6302e-002	
7146	-1.e-003	0.19103	1.7723e-002	
7147	-1.e-003	0.18909	1.908e-002	
7148	-1.e-003	0.1871	2.037e-002	
7149	-1.e-003	0.18507	2.1591e-002	
7150	-1.e-003	0.183	2.2744e-002	
7151	-1.e-003	0.18089	2.3825e-002	
7152	-1.e-003	0.17875	2.4835e-002	
7153	-1.e-003	0.17657	2.5771e-002	
7154	-1.e-003	0.17436	2.6634e-002	
7155	-1.e-003	0.17213	2.7421e-002	
7156	-1.e-003	0.16987	2.8132e-002	
7157	-1.e-003	0.16758	2.8766e-002	
7158	-1.e-003	0.16528	2.9322e-002	
7159	-1.e-003	0.16296	2.98e-002	
7160	-1.e-003	0.16062	3.0199e-002	
7161	-1.e-003	0.15828	3.0519e-002	
7162	-1.e-003	0.15592	3.076e-002	
7163	-1.e-003	0.15355	3.092e-002	
7164	-1.e-003	0.15118	3.1e-002	
7165	-1.e-003	0.14882	3.1e-002	
7166	-1.e-003	0.14645	3.092e-002	
7167	-1.e-003	0.14408	3.076e-002	
7168	-1.e-003	0.14172	3.0519e-002	
7169	-1.e-003	0.13938	3.0199e-002	
7170	-1.e-003	0.13704	2.98e-002	
7171	-1.e-003	0.13472	2.9322e-002	
7172	-1.e-003	0.13242	2.8766e-002	
7173	-1.e-003	0.13013	2.8132e-002	
7174	-1.e-003	0.12787	2.7421e-002	
7175	-1.e-003	0.12564	2.6634e-002	
7176	-1.e-003	0.12343	2.5771e-002	
7177	-1.e-003	0.12125	2.4835e-002	
7178	-1.e-003	0.11911	2.3825e-002	
7179	-1.e-003	0.117	2.2744e-002	
7180	-1.e-003	0.11493	2.1591e-002	
7181	-1.e-003	0.1129	2.037e-002	
7182	-1.e-003	0.11091	1.908e-002	
7183	-1.e-003	0.10897	1.7723e-002	
7184	-1.e-003	0.10707	1.6302e-002	
7185	-1.e-003	0.10522	1.4817e-002	
7186	-1.e-003	0.10343	1.3271e-002	
7187	-1.e-003	0.10169	1.1664e-002	
7188	-1.e-003	0.19191	1.5827e-002	
7189	-1.e-003	0.1905	1.6874e-002	
7190	-1.e-003	0.19329	1.4744e-002	
7191	-1.e-003	0.19464	1.3627e-002	
7192	-1.e-003	0.19596	1.2476e-002	
7193	-1.e-003	0.19725	1.1292e-002	
7194	-1.e-003	0.19851	1.0075e-002	
7195	-1.e-003	0.19651	1.0013e-002	
7196	-1.e-003	0.19451	9.9508e-003	
7197	-1.e-003	0.1925	9.8886e-003	
7198	-1.e-003	0.1905	9.8264e-003	
7199	-1.e-003	0.1805	1.7459e-002	
7200	-1.e-003	0.1805	1.9273e-002	
7201	-1.e-003	0.1805	2.1088e-002	
7202	-1.e-003	0.1805	2.2903e-002	
7203	-1.e-003	0.1805	1.5644e-002	
7204	-1.e-003	0.18685	1.7379e-002	
7205	-1.e-003	0.18473	1.68e-002	
7206	-1.e-003	0.18262	1.6222e-002	
7207	-1.e-003	0.18896	1.7957e-002	
7208	-1.e-003	0.18268	2.178e-002	
7209	-1.e-003	0.18482	2.0581e-002	
7210	-1.e-003	0.18691	1.9305e-002	
7211	-1.e-003	0.1705	2.1381e-002	
7212	-1.e-003	0.1705	2.3219e-002	
7213	-1.e-003	0.1705	2.5057e-002	
7214	-1.e-003	0.1705	2.6895e-002	
7215	-1.e-003	0.1705	1.9543e-002	
7216	-1.e-003	0.17681	2.2629e-002	
7217	-1.e-003	0.17471	2.16e-002	
7218	-1.e-003	0.1726	2.0572e-002	
7219	-1.e-003	0.17892	2.3658e-002	
7220	-1.e-003	0.17264	2.6189e-002	
7221	-1.e-003	0.17476	2.5414e-002	
7222	-1.e-003	0.17685	2.457e-002	
7223	-1.e-003	0.1605	2.3674e-002	
7224	-1.e-003	0.1605	2.5518e-002	
7225	-1.e-003	0.1605	2.7362e-002	
7226	-1.e-003	0.1605	2.9207e-002	
7227	-1.e-003	0.1605	2.1829e-002	
7228	-1.e-003	0.16748	2.6455e-002	
7229	-1.e-003	0.16608	2.553e-002	
7230	-1.e-003	0.16469	2.4605e-002	
7231	-1.e-003	0.16329	2.368e-002	
7232	-1.e-003	0.1619	2.2754e-002	
7233	-1.e-003	0.16887	2.738e-002	
7234	-1.e-003	0.16261	2.8848e-002	
7235	-1.e-003	0.16471	2.8423e-002	
7236	-1.e-003	0.1668	2.7934e-002	
7237	-1.e-003	0.15812	2.3387e-002	
7238	-1.e-003	0.15674	2.471e-002	
7239	-1.e-003	0.15537	2.6032e-002	
7240	-1.e-003	0.15399	2.7354e-002	
7241	-1.e-003	0.15261	2.8677e-002	
7242	-1.e-003	0.15123	2.9999e-002	
7243	-1.e-003	0.1595	2.2065e-002	
7244	-1.e-003	0.1595	2.7531e-002	
7245	-1.e-003	0.1595	2.5709e-002	
7246	-1.e-003	0.1595	2.3887e-002	
7247	-1.e-003	0.1595	2.9353e-002	
7248	-1.e-003	0.15331	2.9931e-002	
7249	-1.e-003	0.15538	2.98e-002	
7250	-1.e-003	0.15744	2.9608e-002	
7251	-1.e-003	0.1505	2.3836e-002	
7252	-1.e-003	0.1505	2.5663e-002	
7253	-1.e-003	0.1505	2.749e-002	
7254	-1.e-003	0.1505	2.9317e-002	
7255	-1.e-003	0.1505	2.2008e-002	
7256	-1.e-003	0.15663	2.17e-002	
7257	-1.e-003	0.15867	2.1479e-002	
7258	-1.e-003	0.15459	2.1862e-002	
7259	-1.e-003	0.15255	2.1965e-002	
7260	-1.e-003	0.15186	2.8011e-002	
7261	-1.e-003	0.15322	2.6705e-002	
7262	-1.e-003	0.15458	2.5398e-002	
7263	-1.e-003	0.15594	2.4092e-002	
7264	-1.e-003	0.1573	2.2786e-002	
7265	-1.e-003	0.1905	1.1588e-002	
7266	-1.e-003	0.1905	1.335e-002	
7267	-1.e-003	0.1905	1.5112e-002	
7268	-1.e-003	0.14811	2.3786e-002	
7269	-1.e-003	0.14673	2.4917e-002	
7270	-1.e-003	0.14534	2.6049e-002	
7271	-1.e-003	0.14395	2.7181e-002	
7272	-1.e-003	0.14257	2.8312e-002	
7273	1.9e-002	0.13005	2.7157e-002	
7274	1.9e-002	0.15229	2.1485e-002	
7275	1.9e-002	0.15082	2.1508e-002	
7276	2.e-002	0.15082	2.1508e-002	
7277	2.e-002	0.15229	2.1485e-002	
7278	2.e-002	0.13005	2.7157e-002	
7279	2.e-002	0.14257	2.8312e-002	
7280	2.e-002	0.14395	2.7181e-002	
7281	2.e-002	0.14534	2.6049e-002	
7282	2.e-002	0.14673	2.4917e-002	
7283	2.e-002	0.14811	2.3786e-002	
7284	2.e-002	0.1905	1.5112e-002	
7285	2.e-002	0.1905	1.335e-002	
7286	2.e-002	0.1905	1.1588e-002	
7287	2.e-002	0.1573	2.2786e-002	
7288	2.e-002	0.15594	2.4092e-002	
7289	2.e-002	0.15458	2.5398e-002	
7290	2.e-002	0.15322	2.6705e-002	
7291	2.e-002	0.15186	2.8011e-002	
7292	2.e-002	0.15867	2.1479e-002	
7293	2.e-002	0.15663	2.17e-002	
7294	2.e-002	0.15459	2.1862e-002	
7295	2.e-002	0.15255	2.1965e-002	
7296	2.e-002	0.1505	2.9317e-002	
7297	2.e-002	0.1505	2.749e-002	
7298	2.e-002	0.1505	2.5663e-002	
7299	2.e-002	0.1505	2.3836e-002	
7300	2.e-002	0.1505	2.2008e-002	
7301	2.e-002	0.15331	2.9931e-002	
7302	2.e-002	0.15538	2.98e-002	
7303	2.e-002	0.15744	2.9608e-002	
7304	2.e-002	0.1595	2.3887e-002	
7305	2.e-002	0.1595	2.5709e-002	
7306	2.e-002	0.1595	2.7531e-002	
7307	2.e-002	0.1595	2.9353e-002	
7308	2.e-002	0.15123	2.9999e-002	
7309	2.e-002	0.15261	2.8677e-002	
7310	2.e-002	0.15399	2.7354e-002	
7311	2.e-002	0.15537	2.6032e-002	
7312	2.e-002	0.15674	2.471e-002	
7313	2.e-002	0.15812	2.3387e-002	
7314	2.e-002	0.1595	2.2065e-002	
7315	2.e-002	0.16261	2.8848e-002	
7316	2.e-002	0.16471	2.8423e-002	
7317	2.e-002	0.1668	2.7934e-002	
7318	2.e-002	0.1619	2.2754e-002	
7319	2.e-002	0.16329	2.368e-002	
7320	2.e-002	0.16469	2.4605e-002	
7321	2.e-002	0.16608	2.553e-002	
7322	2.e-002	0.16748	2.6455e-002	
7323	2.e-002	0.16887	2.738e-002	
7324	2.e-002	0.1605	2.9207e-002	
7325	2.e-002	0.1605	2.7362e-002	
7326	2.e-002	0.1605	2.5518e-002	
7327	2.e-002	0.1605	2.3674e-002	
7328	2.e-002	0.1605	2.1829e-002	
7329	2.e-002	0.17264	2.6189e-002	
7330	2.e-002	0.17476	2.5414e-002	
7331	2.e-002	0.17685	2.457e-002	
7332	2.e-002	0.1726	2.0572e-002	
7333	2.e-002	0.17471	2.16e-002	
7334	2.e-002	0.17681	2.2629e-002	
7335	2.e-002	0.17892	2.3658e-002	
7336	2.e-002	0.1705	2.6895e-002	
7337	2.e-002	0.1705	2.5057e-002	
7338	2.e-002	0.1705	2.3219e-002	
7339	2.e-002	0.1705	2.1381e-002	
7340	2.e-002	0.1705	1.9543e-002	
7341	2.e-002	0.18268	2.178e-002	
7342	2.e-002	0.18482	2.0581e-002	
7343	2.e-002	0.18691	1.9305e-002	
7344	2.e-002	0.18262	1.6222e-002	
7345	2.e-002	0.18473	1.68e-002	
7346	2.e-002	0.18685	1.7379e-002	
7347	2.e-002	0.18896	1.7957e-002	
7348	2.e-002	0.1805	2.2903e-002	
7349	2.e-002	0.1805	2.1088e-002	
7350	2.e-002	0.1805	1.9273e-002	
7351	2.e-002	0.1805	1.7459e-002	
7352	2.e-002	0.1805	1.5644e-002	
7353	2.e-002	0.1905	9.8264e-003	
7354	2.e-002	0.1925	9.8886e-003	
7355	2.e-002	0.19451	9.9508e-003	
7356	2.e-002	0.19651	1.0013e-002	
7357	2.e-002	0.1905	1.6874e-002	
7358	2.e-002	0.19191	1.5827e-002	
7359	2.e-002	0.19329	1.4744e-002	
7360	2.e-002	0.19464	1.3627e-002	
7361	2.e-002	0.19596	1.2476e-002	
7362	2.e-002	0.19851	1.0075e-002	
7363	2.e-002	0.19725	1.1292e-002	
7364	2.e-002	0.19831	1.1664e-002	
7365	2.e-002	0.19657	1.3271e-002	
7366	2.e-002	0.19478	1.4817e-002	
7367	2.e-002	0.19293	1.6302e-002	
7368	2.e-002	0.19103	1.7723e-002	
7369	2.e-002	0.18909	1.908e-002	
7370	2.e-002	0.1871	2.037e-002	
7371	2.e-002	0.18507	2.1591e-002	
7372	2.e-002	0.183	2.2744e-002	
7373	2.e-002	0.18089	2.3825e-002	
7374	2.e-002	0.17875	2.4835e-002	
7375	2.e-002	0.17657	2.5771e-002	
7376	2.e-002	0.17436	2.6634e-002	
7377	2.e-002	0.17213	2.7421e-002	
7378	2.e-002	0.16987	2.8132e-002	
7379	2.e-002	0.16758	2.8766e-002	
7380	2.e-002	0.16528	2.9322e-002	
7381	2.e-002	0.16296	2.98e-002	
7382	2.e-002	0.16062	3.0199e-002	
7383	2.e-002	0.15828	3.0519e-002	
7384	2.e-002	0.15592	3.076e-002	
7385	2.e-002	0.15355	3.092e-002	
7386	2.e-002	0.15118	3.1e-002	
7387	2.e-002	0.14882	3.1e-002	
7388	2.e-002	0.14645	3.092e-002	
7389	2.e-002	0.14408	3.076e-002	
7390	2.e-002	0.14172	3.0519e-002	
7391	2.e-002	0.13938	3.0199e-002	
7392	2.e-002	0.13704	2.98e-002	
7393	2.e-002	0.13472	2.9322e-002	
7394	2.e-002	0.13242	2.8766e-002	
7395	2.e-002	0.13013	2.8132e-002	
7396	2.e-002	0.12787	2.7421e-002	
7397	2.e-002	0.12564	2.6634e-002	
7398	2.e-002	0.12343	2.5771e-002	
7399	2.e-002	0.12125	2.4835e-002	
7400	2.e-002	0.11911	2.3825e-002	
7401	2.e-002	0.117	2.2744e-002	
7402	2.e-002	0.11493	2.1591e-002	
7403	2.e-002	0.1129	2.037e-002	
7404	2.e-002	0.11091	1.908e-002	
7405	2.e-002	0.10897	1.7723e-002	
7406	2.e-002	0.10707	1.6302e-002	
7407	2.e-002	0.10522	1.4817e-002	
7408	2.e-002	0.10343	1.3271e-002	
7409	2.e-002	0.10169	1.1664e-002	
7410	2.e-002	1.e-001	2.5e-003	
7411	2.e-002	1.e-001	5.e-003	
7412	2.e-002	1.e-001	7.5e-003	
7413	2.e-002	1.e-001	1.e-002	
7414	2.e-002	1.e-001	0.	
7415	2.e-002	0.10148	1.4666e-003	
7416	2.e-002	0.103	2.8885e-003	
7417	2.e-002	0.10457	4.2645e-003	
7418	2.e-002	0.10617	5.5932e-003	
7419	2.e-002	0.10782	6.8736e-003	
7420	2.e-002	0.1095	2.0261e-003	
7421	2.e-002	0.1095	4.0522e-003	
7422	2.e-002	0.1095	6.0783e-003	
7423	2.e-002	0.1095	8.1044e-003	
7424	2.e-002	0.1095	0.	
7425	2.e-002	0.1105	6.6006e-003	
7426	2.e-002	0.1105	4.4004e-003	
7427	2.e-002	0.1105	2.2002e-003	
7428	2.e-002	0.1105	0.	
7429	2.e-002	0.1105	8.8008e-003	
7430	2.e-002	0.11194	9.7621e-003	
7431	2.e-002	0.11341	1.0687e-002	
7432	2.e-002	0.1149	1.1576e-002	
7433	2.e-002	0.11642	1.2427e-002	
7434	2.e-002	0.11795	1.3241e-002	
7435	2.e-002	0.1195	2.336e-003	
7436	2.e-002	0.1195	4.6721e-003	
7437	2.e-002	0.1195	7.0081e-003	
7438	2.e-002	0.1195	9.3441e-003	
7439	2.e-002	0.1195	1.168e-002	
7440	2.e-002	0.1195	1.4016e-002	
7441	2.e-002	0.1195	0.	
7442	2.e-002	0.1205	1.2075e-002	
7443	2.e-002	0.1205	9.6603e-003	
7444	2.e-002	0.1205	7.2453e-003	
7445	2.e-002	0.1205	4.8302e-003	
7446	2.e-002	0.1205	2.4151e-003	
7447	2.e-002	0.1205	0.	
7448	2.e-002	0.1205	1.4491e-002	
7449	2.e-002	0.1227	1.5469e-002	
7450	2.e-002	0.12494	1.6371e-002	
7451	2.e-002	0.12721	1.7195e-002	
7452	2.e-002	0.1295	2.2426e-003	
7453	2.e-002	0.1295	4.4853e-003	
7454	2.e-002	0.1295	6.7279e-003	
7455	2.e-002	0.1295	8.9706e-003	
7456	2.e-002	0.1295	1.1213e-002	
7457	2.e-002	0.1295	1.3456e-002	
7458	2.e-002	0.1295	1.5698e-002	
7459	2.e-002	0.1295	1.7941e-002	
7460	2.e-002	0.1295	0.	
7461	2.e-002	0.1305	1.5959e-002	
7462	2.e-002	0.1305	1.3679e-002	
7463	2.e-002	0.1305	1.14e-002	
7464	2.e-002	0.1305	9.1196e-003	
7465	2.e-002	0.1305	6.8397e-003	
7466	2.e-002	0.1305	4.5598e-003	
7467	2.e-002	0.1305	2.2799e-003	
7468	2.e-002	0.1305	-2.7768e-031	
7469	2.e-002	0.1305	1.8239e-002	
7470	2.e-002	0.13272	1.8845e-002	
7471	2.e-002	0.13497	1.9377e-002	
7472	2.e-002	0.13723	1.9835e-002	
7473	2.e-002	0.1395	2.0218e-003	
7474	2.e-002	0.1395	4.0436e-003	
7475	2.e-002	0.1395	6.0655e-003	
7476	2.e-002	0.1395	8.0873e-003	
7477	2.e-002	0.1395	1.0109e-002	
7478	2.e-002	0.1395	1.2131e-002	
7479	2.e-002	0.1395	1.4153e-002	
7480	2.e-002	0.1395	1.6175e-002	
7481	2.e-002	0.1395	1.8196e-002	
7482	2.e-002	0.1395	2.0218e-002	
7483	2.e-002	0.1395	3.4694e-018	
7484	2.e-002	0.1405	1.8326e-002	
7485	2.e-002	0.1405	1.629e-002	
7486	2.e-002	0.1405	1.4254e-002	
7487	2.e-002	0.1405	1.2218e-002	
7488	2.e-002	0.1405	1.0181e-002	
7489	2.e-002	0.1405	8.145e-003	
7490	2.e-002	0.1405	6.1088e-003	
7491	2.e-002	0.1405	4.0725e-003	
7492	2.e-002	0.1405	2.0363e-003	
7493	2.e-002	0.1405	2.7515e-030	
7494	2.e-002	0.1405	2.0363e-002	
7495	2.e-002	0.14274	2.0633e-002	
7496	2.e-002	0.14499	2.0831e-002	
7497	2.e-002	0.14724	2.0956e-002	
7498	2.e-002	0.1495	2.1008e-003	
7499	2.e-002	0.1495	4.2017e-003	
7500	2.e-002	0.1495	6.3025e-003	
7501	2.e-002	0.1495	8.4034e-003	
7502	2.e-002	0.1495	1.0504e-002	
7503	2.e-002	0.1495	1.2605e-002	
7504	2.e-002	0.1495	1.4706e-002	
7505	2.e-002	0.1495	1.6807e-002	
7506	2.e-002	0.1495	1.8908e-002	
7507	2.e-002	0.1495	2.1008e-002	
7508	2.e-002	0.1495	0.	
7509	2.e-002	0.1505	1.8908e-002	
7510	2.e-002	0.1505	1.6807e-002	
7511	2.e-002	0.1505	1.4706e-002	
7512	2.e-002	0.1505	1.2605e-002	
7513	2.e-002	0.1505	1.0504e-002	
7514	2.e-002	0.1505	8.4034e-003	
7515	2.e-002	0.1505	6.3025e-003	
7516	2.e-002	0.1505	4.2017e-003	
7517	2.e-002	0.1505	2.1008e-003	
7518	2.e-002	0.1505	5.3011e-031	
7519	2.e-002	0.1505	2.1008e-002	
7520	2.e-002	0.15276	2.0956e-002	
7521	2.e-002	0.15501	2.0831e-002	
7522	2.e-002	0.15726	2.0633e-002	
7523	2.e-002	0.1595	2.0363e-003	
7524	2.e-002	0.1595	4.0725e-003	
7525	2.e-002	0.1595	6.1088e-003	
7526	2.e-002	0.1595	8.145e-003	
7527	2.e-002	0.1595	1.0181e-002	
7528	2.e-002	0.1595	1.2218e-002	
7529	2.e-002	0.1595	1.4254e-002	
7530	2.e-002	0.1595	1.629e-002	
7531	2.e-002	0.1595	1.8326e-002	
7532	2.e-002	0.1595	2.0363e-002	
7533	2.e-002	0.1595	0.	
7534	2.e-002	0.1605	1.8196e-002	
7535	2.e-002	0.1605	1.6175e-002	
7536	2.e-002	0.1605	1.4153e-002	
7537	2.e-002	0.1605	1.2131e-002	
7538	2.e-002	0.1605	1.0109e-002	
7539	2.e-002	0.1605	8.0873e-003	
7540	2.e-002	0.1605	6.0655e-003	
7541	2.e-002	0.1605	4.0436e-003	
7542	2.e-002	0.1605	2.0218e-003	
7543	2.e-002	0.1605	2.1205e-030	
7544	2.e-002	0.1605	2.0218e-002	
7545	2.e-002	0.16277	1.9835e-002	
7546	2.e-002	0.16503	1.9377e-002	
7547	2.e-002	0.16728	1.8845e-002	
7548	2.e-002	0.1695	2.2799e-003	
7549	2.e-002	0.1695	4.5598e-003	
7550	2.e-002	0.1695	6.8397e-003	
7551	2.e-002	0.1695	9.1196e-003	
7552	2.e-002	0.1695	1.14e-002	
7553	2.e-002	0.1695	1.3679e-002	
7554	2.e-002	0.1695	1.5959e-002	
7555	2.e-002	0.1695	1.8239e-002	
7556	2.e-002	0.1695	0.	
7557	2.e-002	0.1705	1.5698e-002	
7558	2.e-002	0.1705	1.3456e-002	
7559	2.e-002	0.1705	1.1213e-002	
7560	2.e-002	0.1705	8.9706e-003	
7561	2.e-002	0.1705	6.7279e-003	
7562	2.e-002	0.1705	4.4853e-003	
7563	2.e-002	0.1705	2.2426e-003	
7564	2.e-002	0.1705	-6.0585e-031	
7565	2.e-002	0.1705	1.7941e-002	
7566	2.e-002	0.17279	1.7195e-002	
7567	2.e-002	0.17506	1.6371e-002	
7568	2.e-002	0.1773	1.5469e-002	
7569	2.e-002	0.1795	2.4151e-003	
7570	2.e-002	0.1795	4.8302e-003	
7571	2.e-002	0.1795	7.2453e-003	
7572	2.e-002	0.1795	9.6603e-003	
7573	2.e-002	0.1795	1.2075e-002	
7574	2.e-002	0.1795	1.4491e-002	
7575	2.e-002	0.1795	0.	
7576	2.e-002	0.1805	1.168e-002	
7577	2.e-002	0.1805	9.3441e-003	
7578	2.e-002	0.1805	7.0081e-003	
7579	2.e-002	0.1805	4.6721e-003	
7580	2.e-002	0.1805	2.336e-003	
7581	2.e-002	0.1805	2.0195e-031	
7582	2.e-002	0.1805	1.4016e-002	
7583	2.e-002	0.18205	1.3241e-002	
7584	2.e-002	0.18358	1.2427e-002	
7585	2.e-002	0.1851	1.1576e-002	
7586	2.e-002	0.18659	1.0687e-002	
7587	2.e-002	0.18806	9.7621e-003	
7588	2.e-002	0.1895	2.2002e-003	
7589	2.e-002	0.1895	4.4004e-003	
7590	2.e-002	0.1895	6.6006e-003	
7591	2.e-002	0.1895	8.8008e-003	
7592	2.e-002	0.1895	0.	
7593	2.e-002	0.1905	6.0783e-003	
7594	2.e-002	0.1905	4.0522e-003	
7595	2.e-002	0.1905	2.0261e-003	
7596	2.e-002	0.1905	-1.0602e-030	
7597	2.e-002	0.1905	8.1044e-003	
7598	2.e-002	0.19218	6.8736e-003	
7599	2.e-002	0.19383	5.5932e-003	
7600	2.e-002	0.19543	4.2645e-003	
7601	2.e-002	0.197	2.8885e-003	
7602	2.e-002	0.19852	1.4666e-003	
7603	2.e-002	0.2	1.e-002	
7604	2.e-002	0.2	7.5e-003	
7605	2.e-002	0.2	5.e-003	
7606	2.e-002	0.2	2.5e-003	
7607	2.e-002	0.2	1.3878e-017	
7608	2.e-002	0.199	7.4151e-003	
7609	2.e-002	0.199	5.7405e-003	
7610	2.e-002	0.199	4.0658e-003	
7611	2.e-002	0.19255	7.8497e-003	
7612	2.e-002	0.19389	6.8201e-003	
7613	2.e-002	0.19521	5.7589e-003	
7614	2.e-002	0.1965	4.6665e-003	
7615	2.e-002	0.199	2.3911e-003	
7616	2.e-002	0.19776	3.5437e-003	
7617	2.e-002	0.19118	8.8471e-003	
7618	2.e-002	0.19314	8.9077e-003	
7619	2.e-002	0.19509	8.9684e-003	
7620	2.e-002	0.19705	9.0291e-003	
7621	2.e-002	0.199	9.0898e-003	
7622	2.e-002	0.1895	1.5302e-002	
7623	2.e-002	0.1895	1.3538e-002	
7624	2.e-002	0.1895	1.1773e-002	
7625	2.e-002	0.18332	1.3704e-002	
7626	2.e-002	0.18542	1.2542e-002	
7627	2.e-002	0.1895	1.0008e-002	
7628	2.e-002	0.18748	1.1309e-002	
7629	2.e-002	0.18119	1.4794e-002	
7630	2.e-002	0.18326	1.5363e-002	
7631	2.e-002	0.18534	1.5931e-002	
7632	2.e-002	0.18742	1.6499e-002	
7633	2.e-002	0.1895	1.7067e-002	
7634	2.e-002	0.1795	2.102e-002	
7635	2.e-002	0.1795	1.9211e-002	
7636	2.e-002	0.1795	1.7401e-002	
7637	2.e-002	0.17331	1.8074e-002	
7638	2.e-002	0.1754	1.7312e-002	
7639	2.e-002	0.1795	1.5592e-002	
7640	2.e-002	0.17746	1.6484e-002	
7641	2.e-002	0.1712	1.8772e-002	
7642	2.e-002	0.17327	1.9786e-002	
7643	2.e-002	0.17535	2.0801e-002	
7644	2.e-002	0.17742	2.1815e-002	
7645	2.e-002	0.1795	2.283e-002	
7646	2.e-002	0.1695	2.4768e-002	
7647	2.e-002	0.1695	2.2939e-002	
7648	2.e-002	0.1695	2.1109e-002	
7649	2.e-002	0.16332	2.075e-002	
7650	2.e-002	0.16539	2.0321e-002	
7651	2.e-002	0.1695	1.928e-002	
7652	2.e-002	0.16745	1.9831e-002	
7653	2.e-002	0.16123	2.1116e-002	
7654	2.e-002	0.1633	2.2486e-002	
7655	2.e-002	0.16537	2.3857e-002	
7656	2.e-002	0.16743	2.5227e-002	
7657	2.e-002	0.1695	2.6598e-002	
7658	2.e-002	0.12254	1.6484e-002	
7659	2.e-002	0.1246	1.7312e-002	
7660	2.e-002	0.12669	1.8074e-002	
7661	2.e-002	0.1205	1.5592e-002	
7662	2.e-002	0.1205	1.7401e-002	
7663	2.e-002	0.1205	1.9211e-002	
7664	2.e-002	0.1205	2.102e-002	
7665	2.e-002	0.1205	2.283e-002	
7666	2.e-002	0.12258	2.1815e-002	
7667	2.e-002	0.12465	2.0801e-002	
7668	2.e-002	0.12673	1.9786e-002	
7669	2.e-002	0.1288	1.8772e-002	
7670	2.e-002	0.10224	3.5437e-003	
7671	2.e-002	0.1035	4.6665e-003	
7672	2.e-002	0.10479	5.7589e-003	
7673	2.e-002	0.10611	6.8201e-003	
7674	2.e-002	0.10745	7.8497e-003	
7675	2.e-002	0.101	2.3911e-003	
7676	2.e-002	0.101	4.0658e-003	
7677	2.e-002	0.101	5.7405e-003	
7678	2.e-002	0.101	7.4151e-003	
7679	2.e-002	0.101	9.0898e-003	
7680	2.e-002	0.10295	9.0291e-003	
7681	2.e-002	0.10491	8.9684e-003	
7682	2.e-002	0.10686	8.9077e-003	
7683	2.e-002	0.10882	8.8471e-003	
7684	2.e-002	0.10275	1.1292e-002	
7685	2.e-002	0.10404	1.2476e-002	
7686	2.e-002	0.10536	1.3627e-002	
7687	2.e-002	0.10671	1.4744e-002	
7688	2.e-002	0.10809	1.5827e-002	
7689	2.e-002	0.1095	1.1588e-002	
7690	2.e-002	0.1095	1.335e-002	
7691	2.e-002	0.1095	1.5112e-002	
7692	2.e-002	0.1095	1.6874e-002	
7693	2.e-002	0.10149	1.0075e-002	
7694	2.e-002	0.10349	1.0013e-002	
7695	2.e-002	0.10549	9.9508e-003	
7696	2.e-002	0.1075	9.8886e-003	
7697	2.e-002	0.1095	9.8264e-003	
7698	2.e-002	0.11674	1.5363e-002	
7699	2.e-002	0.11466	1.5931e-002	
7700	2.e-002	0.11258	1.6499e-002	
7701	2.e-002	0.11881	1.4794e-002	
7702	2.e-002	0.11668	1.3704e-002	
7703	2.e-002	0.11458	1.2542e-002	
7704	2.e-002	0.11252	1.1309e-002	
7705	2.e-002	0.1105	1.7067e-002	
7706	2.e-002	0.1105	1.5302e-002	
7707	2.e-002	0.1105	1.3538e-002	
7708	2.e-002	0.1105	1.1773e-002	
7709	2.e-002	0.1105	1.0008e-002	
7710	2.e-002	0.11309	1.9305e-002	
7711	2.e-002	0.11518	2.0581e-002	
7712	2.e-002	0.11732	2.178e-002	
7713	2.e-002	0.1195	1.7459e-002	
7714	2.e-002	0.1195	1.9273e-002	
7715	2.e-002	0.1195	2.1088e-002	
7716	2.e-002	0.1195	2.2903e-002	
7717	2.e-002	0.11104	1.7957e-002	
7718	2.e-002	0.11315	1.7379e-002	
7719	2.e-002	0.11527	1.68e-002	
7720	2.e-002	0.11738	1.6222e-002	
7721	2.e-002	0.1195	1.5644e-002	
7722	2.e-002	0.12315	2.457e-002	
7723	2.e-002	0.12524	2.5414e-002	
7724	2.e-002	0.12736	2.6189e-002	
7725	2.e-002	0.1295	2.1381e-002	
7726	2.e-002	0.1295	2.3219e-002	
7727	2.e-002	0.1295	2.5057e-002	
7728	2.e-002	0.1295	2.6895e-002	
7729	2.e-002	0.12108	2.3658e-002	
7730	2.e-002	0.12319	2.2629e-002	
7731	2.e-002	0.12529	2.16e-002	
7732	2.e-002	0.1274	2.0572e-002	
7733	2.e-002	0.1295	1.9543e-002	
7734	2.e-002	0.1367	2.2486e-002	
7735	2.e-002	0.13463	2.3857e-002	
7736	2.e-002	0.13257	2.5227e-002	
7737	2.e-002	0.13877	2.1116e-002	
7738	2.e-002	0.13668	2.075e-002	
7739	2.e-002	0.13461	2.0321e-002	
7740	2.e-002	0.13255	1.9831e-002	
7741	2.e-002	0.1305	2.6598e-002	
7742	2.e-002	0.1305	2.4768e-002	
7743	2.e-002	0.1305	2.2939e-002	
7744	2.e-002	0.1305	2.1109e-002	
7745	2.e-002	0.1305	1.928e-002	
7746	2.e-002	0.1332	2.7934e-002	
7747	2.e-002	0.13529	2.8423e-002	
7748	2.e-002	0.13739	2.8848e-002	
7749	2.e-002	0.1395	2.3674e-002	
7750	2.e-002	0.1395	2.5518e-002	
7751	2.e-002	0.1395	2.7362e-002	
7752	2.e-002	0.1395	2.9207e-002	
7753	2.e-002	0.13113	2.738e-002	
7754	2.e-002	0.13252	2.6455e-002	
7755	2.e-002	0.13392	2.553e-002	
7756	2.e-002	0.13531	2.4605e-002	
7757	2.e-002	0.13671	2.368e-002	
7758	2.e-002	0.1381	2.2754e-002	
7759	2.e-002	0.1395	2.1829e-002	
7760	2.e-002	0.14735	2.3117e-002	
7761	2.e-002	0.14598	2.4235e-002	
7762	2.e-002	0.14461	2.5353e-002	
7763	2.e-002	0.14324	2.6471e-002	
7764	2.e-002	0.14187	2.759e-002	
7765	2.e-002	0.14872	2.1999e-002	
7766	2.e-002	0.14666	2.1932e-002	
7767	2.e-002	0.1446	2.1805e-002	
7768	2.e-002	0.14255	2.1618e-002	
7769	2.e-002	0.1405	2.8708e-002	
7770	2.e-002	0.1405	2.6874e-002	
7771	2.e-002	0.1405	2.504e-002	
7772	2.e-002	0.1405	2.3206e-002	
7773	2.e-002	0.1405	2.1372e-002	
7774	2.e-002	0.14118	2.9444e-002	
7775	2.e-002	0.14325	2.9679e-002	
7776	2.e-002	0.14533	2.9852e-002	
7777	2.e-002	0.14741	2.9962e-002	
7778	2.e-002	0.1495	2.2654e-002	
7779	2.e-002	0.1495	2.4493e-002	
7780	2.e-002	0.1495	2.6332e-002	
7781	2.e-002	0.1495	2.817e-002	
7782	2.e-002	0.1495	3.0009e-002	
7783	1.9e-002	0.1495	2.817e-002	
7784	1.9e-002	0.1495	2.6332e-002	
7785	1.9e-002	0.1495	2.4493e-002	
7786	1.9e-002	0.1495	2.2654e-002	
7787	1.9e-002	0.1495	3.0009e-002	
7788	1.9e-002	0.14325	2.9679e-002	
7789	1.9e-002	0.14118	2.9444e-002	
7790	1.9e-002	0.14533	2.9852e-002	
7791	1.9e-002	0.14741	2.9962e-002	
7792	1.9e-002	0.1405	2.3206e-002	
7793	1.9e-002	0.1405	2.504e-002	
7794	1.9e-002	0.1405	2.6874e-002	
7795	1.9e-002	0.1405	2.8708e-002	
7796	1.9e-002	0.1405	2.1372e-002	
7797	1.9e-002	0.14666	2.1932e-002	
7798	1.9e-002	0.14872	2.1999e-002	
7799	1.9e-002	0.1446	2.1805e-002	
7800	1.9e-002	0.14255	2.1618e-002	
7801	1.9e-002	0.14187	2.759e-002	
7802	1.9e-002	0.14324	2.6471e-002	
7803	1.9e-002	0.14461	2.5353e-002	
7804	1.9e-002	0.14598	2.4235e-002	
7805	1.9e-002	0.14735	2.3117e-002	
7806	1.9e-002	0.1381	2.2754e-002	
7807	1.9e-002	0.13671	2.368e-002	
7808	1.9e-002	0.13531	2.4605e-002	
7809	1.9e-002	0.13392	2.553e-002	
7810	1.9e-002	0.13252	2.6455e-002	
7811	1.9e-002	0.13113	2.738e-002	
7812	1.9e-002	0.1395	2.1829e-002	
7813	1.9e-002	0.1395	2.7362e-002	
7814	1.9e-002	0.1395	2.5518e-002	
7815	1.9e-002	0.1395	2.3674e-002	
7816	1.9e-002	0.1395	2.9207e-002	
7817	1.9e-002	0.1332	2.7934e-002	
7818	1.9e-002	0.13529	2.8423e-002	
7819	1.9e-002	0.13739	2.8848e-002	
7820	1.9e-002	0.1305	2.1109e-002	
7821	1.9e-002	0.1305	2.2939e-002	
7822	1.9e-002	0.1305	2.4768e-002	
7823	1.9e-002	0.1305	2.6598e-002	
7824	1.9e-002	0.1305	1.928e-002	
7825	1.9e-002	0.13668	2.075e-002	
7826	1.9e-002	0.13877	2.1116e-002	
7827	1.9e-002	0.13461	2.0321e-002	
7828	1.9e-002	0.13255	1.9831e-002	
7829	1.9e-002	0.13257	2.5227e-002	
7830	1.9e-002	0.13463	2.3857e-002	
7831	1.9e-002	0.1367	2.2486e-002	
7832	1.9e-002	0.1274	2.0572e-002	
7833	1.9e-002	0.12529	2.16e-002	
7834	1.9e-002	0.12319	2.2629e-002	
7835	1.9e-002	0.12108	2.3658e-002	
7836	1.9e-002	0.1295	1.9543e-002	
7837	1.9e-002	0.1295	2.5057e-002	
7838	1.9e-002	0.1295	2.3219e-002	
7839	1.9e-002	0.1295	2.1381e-002	
7840	1.9e-002	0.1295	2.6895e-002	
7841	1.9e-002	0.12315	2.457e-002	
7842	1.9e-002	0.12524	2.5414e-002	
7843	1.9e-002	0.12736	2.6189e-002	
7844	1.9e-002	0.11738	1.6222e-002	
7845	1.9e-002	0.11527	1.68e-002	
7846	1.9e-002	0.11315	1.7379e-002	
7847	1.9e-002	0.11104	1.7957e-002	
7848	1.9e-002	0.1195	1.5644e-002	
7849	1.9e-002	0.1195	2.1088e-002	
7850	1.9e-002	0.1195	1.9273e-002	
7851	1.9e-002	0.1195	1.7459e-002	
7852	1.9e-002	0.1195	2.2903e-002	
7853	1.9e-002	0.11309	1.9305e-002	
7854	1.9e-002	0.11518	2.0581e-002	
7855	1.9e-002	0.11732	2.178e-002	
7856	1.9e-002	0.1105	1.1773e-002	
7857	1.9e-002	0.1105	1.3538e-002	
7858	1.9e-002	0.1105	1.5302e-002	
7859	1.9e-002	0.1105	1.7067e-002	
7860	1.9e-002	0.1105	1.0008e-002	
7861	1.9e-002	0.11668	1.3704e-002	
7862	1.9e-002	0.11881	1.4794e-002	
7863	1.9e-002	0.11458	1.2542e-002	
7864	1.9e-002	0.11252	1.1309e-002	
7865	1.9e-002	0.11258	1.6499e-002	
7866	1.9e-002	0.11466	1.5931e-002	
7867	1.9e-002	0.11674	1.5363e-002	
7868	1.9e-002	0.1075	9.8886e-003	
7869	1.9e-002	0.10549	9.9508e-003	
7870	1.9e-002	0.10349	1.0013e-002	
7871	1.9e-002	0.10149	1.0075e-002	
7872	1.9e-002	0.1095	9.8264e-003	
7873	1.9e-002	0.1095	1.5112e-002	
7874	1.9e-002	0.1095	1.335e-002	
7875	1.9e-002	0.1095	1.1588e-002	
7876	1.9e-002	0.1095	1.6874e-002	
7877	1.9e-002	0.10275	1.1292e-002	
7878	1.9e-002	0.10404	1.2476e-002	
7879	1.9e-002	0.10536	1.3627e-002	
7880	1.9e-002	0.10671	1.4744e-002	
7881	1.9e-002	0.10809	1.5827e-002	
7882	1.9e-002	0.10686	8.9077e-003	
7883	1.9e-002	0.10491	8.9684e-003	
7884	1.9e-002	0.10295	9.0291e-003	
7885	1.9e-002	0.10882	8.8471e-003	
7886	1.9e-002	0.101	9.0898e-003	
7887	1.9e-002	0.101	7.4151e-003	
7888	1.9e-002	0.101	5.7405e-003	
7889	1.9e-002	0.101	4.0658e-003	
7890	1.9e-002	0.101	2.3911e-003	
7891	1.9e-002	0.10224	3.5437e-003	
7892	1.9e-002	0.1035	4.6665e-003	
7893	1.9e-002	0.10479	5.7589e-003	
7894	1.9e-002	0.10611	6.8201e-003	
7895	1.9e-002	0.10745	7.8497e-003	
7896	1.9e-002	0.12673	1.9786e-002	
7897	1.9e-002	0.12465	2.0801e-002	
7898	1.9e-002	0.12258	2.1815e-002	
7899	1.9e-002	0.1288	1.8772e-002	
7900	1.9e-002	0.1205	2.283e-002	
7901	1.9e-002	0.1205	2.102e-002	
7902	1.9e-002	0.1205	1.9211e-002	
7903	1.9e-002	0.1205	1.7401e-002	
7904	1.9e-002	0.1205	1.5592e-002	
7905	1.9e-002	0.12254	1.6484e-002	
7906	1.9e-002	0.1246	1.7312e-002	
7907	1.9e-002	0.12669	1.8074e-002	
7908	1.9e-002	0.16743	2.5227e-002	
7909	1.9e-002	0.16537	2.3857e-002	
7910	1.9e-002	0.1633	2.2486e-002	
7911	1.9e-002	0.1695	2.6598e-002	
7912	1.9e-002	0.16123	2.1116e-002	
7913	1.9e-002	0.16332	2.075e-002	
7914	1.9e-002	0.16539	2.0321e-002	
7915	1.9e-002	0.16745	1.9831e-002	
7916	1.9e-002	0.1695	1.928e-002	
7917	1.9e-002	0.1695	2.1109e-002	
7918	1.9e-002	0.1695	2.2939e-002	
7919	1.9e-002	0.1695	2.4768e-002	
7920	1.9e-002	0.17742	2.1815e-002	
7921	1.9e-002	0.17535	2.0801e-002	
7922	1.9e-002	0.17327	1.9786e-002	
7923	1.9e-002	0.1795	2.283e-002	
7924	1.9e-002	0.1712	1.8772e-002	
7925	1.9e-002	0.17331	1.8074e-002	
7926	1.9e-002	0.1754	1.7312e-002	
7927	1.9e-002	0.17746	1.6484e-002	
7928	1.9e-002	0.1795	1.5592e-002	
7929	1.9e-002	0.1795	1.7401e-002	
7930	1.9e-002	0.1795	1.9211e-002	
7931	1.9e-002	0.1795	2.102e-002	
7932	1.9e-002	0.18742	1.6499e-002	
7933	1.9e-002	0.18534	1.5931e-002	
7934	1.9e-002	0.18326	1.5363e-002	
7935	1.9e-002	0.1895	1.7067e-002	
7936	1.9e-002	0.18119	1.4794e-002	
7937	1.9e-002	0.18332	1.3704e-002	
7938	1.9e-002	0.18542	1.2542e-002	
7939	1.9e-002	0.18748	1.1309e-002	
7940	1.9e-002	0.1895	1.0008e-002	
7941	1.9e-002	0.1895	1.1773e-002	
7942	1.9e-002	0.1895	1.3538e-002	
7943	1.9e-002	0.1895	1.5302e-002	
7944	1.9e-002	0.19705	9.0291e-003	
7945	1.9e-002	0.19509	8.9684e-003	
7946	1.9e-002	0.19314	8.9077e-003	
7947	1.9e-002	0.199	9.0898e-003	
7948	1.9e-002	0.19118	8.8471e-003	
7949	1.9e-002	0.19255	7.8497e-003	
7950	1.9e-002	0.19389	6.8201e-003	
7951	1.9e-002	0.19521	5.7589e-003	
7952	1.9e-002	0.1965	4.6665e-003	
7953	1.9e-002	0.19776	3.5437e-003	
7954	1.9e-002	0.199	2.3911e-003	
7955	1.9e-002	0.199	4.0658e-003	
7956	1.9e-002	0.199	5.7405e-003	
7957	1.9e-002	0.199	7.4151e-003	
7958	1.9e-002	0.2	2.5e-003	
7959	1.9e-002	0.2	5.e-003	
7960	1.9e-002	0.2	7.5e-003	
7961	1.9e-002	0.2	1.e-002	
7962	1.9e-002	0.2	1.3878e-017	
7963	1.9e-002	0.19218	6.8736e-003	
7964	1.9e-002	0.1905	8.1044e-003	
7965	1.9e-002	0.19383	5.5932e-003	
7966	1.9e-002	0.19543	4.2645e-003	
7967	1.9e-002	0.197	2.8885e-003	
7968	1.9e-002	0.19852	1.4666e-003	
7969	1.9e-002	0.1905	2.0261e-003	
7970	1.9e-002	0.1905	4.0522e-003	
7971	1.9e-002	0.1905	6.0783e-003	
7972	1.9e-002	0.1905	-1.0602e-030	
7973	1.9e-002	0.1895	0.	
7974	1.9e-002	0.1895	6.6006e-003	
7975	1.9e-002	0.1895	4.4004e-003	
7976	1.9e-002	0.1895	2.2002e-003	
7977	1.9e-002	0.1895	8.8008e-003	
7978	1.9e-002	0.18205	1.3241e-002	
7979	1.9e-002	0.1805	1.4016e-002	
7980	1.9e-002	0.18358	1.2427e-002	
7981	1.9e-002	0.1851	1.1576e-002	
7982	1.9e-002	0.18659	1.0687e-002	
7983	1.9e-002	0.18806	9.7621e-003	
7984	1.9e-002	0.1805	2.336e-003	
7985	1.9e-002	0.1805	4.6721e-003	
7986	1.9e-002	0.1805	7.0081e-003	
7987	1.9e-002	0.1805	9.3441e-003	
7988	1.9e-002	0.1805	1.168e-002	
7989	1.9e-002	0.1805	2.0195e-031	
7990	1.9e-002	0.1795	0.	
7991	1.9e-002	0.1795	1.2075e-002	
7992	1.9e-002	0.1795	9.6603e-003	
7993	1.9e-002	0.1795	7.2453e-003	
7994	1.9e-002	0.1795	4.8302e-003	
7995	1.9e-002	0.1795	2.4151e-003	
7996	1.9e-002	0.1795	1.4491e-002	
7997	1.9e-002	0.17279	1.7195e-002	
7998	1.9e-002	0.1705	1.7941e-002	
7999	1.9e-002	0.17506	1.6371e-002	
8000	1.9e-002	0.1773	1.5469e-002	
8001	1.9e-002	0.1705	2.2426e-003	
8002	1.9e-002	0.1705	4.4853e-003	
8003	1.9e-002	0.1705	6.7279e-003	
8004	1.9e-002	0.1705	8.9706e-003	
8005	1.9e-002	0.1705	1.1213e-002	
8006	1.9e-002	0.1705	1.3456e-002	
8007	1.9e-002	0.1705	1.5698e-002	
8008	1.9e-002	0.1705	-6.0585e-031	
8009	1.9e-002	0.1695	0.	
8010	1.9e-002	0.1695	1.5959e-002	
8011	1.9e-002	0.1695	1.3679e-002	
8012	1.9e-002	0.1695	1.14e-002	
8013	1.9e-002	0.1695	9.1196e-003	
8014	1.9e-002	0.1695	6.8397e-003	
8015	1.9e-002	0.1695	4.5598e-003	
8016	1.9e-002	0.1695	2.2799e-003	
8017	1.9e-002	0.1695	1.8239e-002	
8018	1.9e-002	0.16277	1.9835e-002	
8019	1.9e-002	0.1605	2.0218e-002	
8020	1.9e-002	0.16503	1.9377e-002	
8021	1.9e-002	0.16728	1.8845e-002	
8022	1.9e-002	0.1605	2.0218e-003	
8023	1.9e-002	0.1605	4.0436e-003	
8024	1.9e-002	0.1605	6.0655e-003	
8025	1.9e-002	0.1605	8.0873e-003	
8026	1.9e-002	0.1605	1.0109e-002	
8027	1.9e-002	0.1605	1.2131e-002	
8028	1.9e-002	0.1605	1.4153e-002	
8029	1.9e-002	0.1605	1.6175e-002	
8030	1.9e-002	0.1605	1.8196e-002	
8031	1.9e-002	0.1605	2.1205e-030	
8032	1.9e-002	0.1595	0.	
8033	1.9e-002	0.1595	1.8326e-002	
8034	1.9e-002	0.1595	1.629e-002	
8035	1.9e-002	0.1595	1.4254e-002	
8036	1.9e-002	0.1595	1.2218e-002	
8037	1.9e-002	0.1595	1.0181e-002	
8038	1.9e-002	0.1595	8.145e-003	
8039	1.9e-002	0.1595	6.1088e-003	
8040	1.9e-002	0.1595	4.0725e-003	
8041	1.9e-002	0.1595	2.0363e-003	
8042	1.9e-002	0.1595	2.0363e-002	
8043	1.9e-002	0.15276	2.0956e-002	
8044	1.9e-002	0.1505	2.1008e-002	
8045	1.9e-002	0.15501	2.0831e-002	
8046	1.9e-002	0.15726	2.0633e-002	
8047	1.9e-002	0.1505	2.1008e-003	
8048	1.9e-002	0.1505	4.2017e-003	
8049	1.9e-002	0.1505	6.3025e-003	
8050	1.9e-002	0.1505	8.4034e-003	
8051	1.9e-002	0.1505	1.0504e-002	
8052	1.9e-002	0.1505	1.2605e-002	
8053	1.9e-002	0.1505	1.4706e-002	
8054	1.9e-002	0.1505	1.6807e-002	
8055	1.9e-002	0.1505	1.8908e-002	
8056	1.9e-002	0.1505	5.3011e-031	
8057	1.9e-002	0.1495	0.	
8058	1.9e-002	0.1495	1.8908e-002	
8059	1.9e-002	0.1495	1.6807e-002	
8060	1.9e-002	0.1495	1.4706e-002	
8061	1.9e-002	0.1495	1.2605e-002	
8062	1.9e-002	0.1495	1.0504e-002	
8063	1.9e-002	0.1495	8.4034e-003	
8064	1.9e-002	0.1495	6.3025e-003	
8065	1.9e-002	0.1495	4.2017e-003	
8066	1.9e-002	0.1495	2.1008e-003	
8067	1.9e-002	0.1495	2.1008e-002	
8068	1.9e-002	0.14274	2.0633e-002	
8069	1.9e-002	0.1405	2.0363e-002	
8070	1.9e-002	0.14499	2.0831e-002	
8071	1.9e-002	0.14724	2.0956e-002	
8072	1.9e-002	0.1405	2.0363e-003	
8073	1.9e-002	0.1405	4.0725e-003	
8074	1.9e-002	0.1405	6.1088e-003	
8075	1.9e-002	0.1405	8.145e-003	
8076	1.9e-002	0.1405	1.0181e-002	
8077	1.9e-002	0.1405	1.2218e-002	
8078	1.9e-002	0.1405	1.4254e-002	
8079	1.9e-002	0.1405	1.629e-002	
8080	1.9e-002	0.1405	1.8326e-002	
8081	1.9e-002	0.1405	2.7515e-030	
8082	1.9e-002	0.1395	3.4694e-018	
8083	1.9e-002	0.1395	1.8196e-002	
8084	1.9e-002	0.1395	1.6175e-002	
8085	1.9e-002	0.1395	1.4153e-002	
8086	1.9e-002	0.1395	1.2131e-002	
8087	1.9e-002	0.1395	1.0109e-002	
8088	1.9e-002	0.1395	8.0873e-003	
8089	1.9e-002	0.1395	6.0655e-003	
8090	1.9e-002	0.1395	4.0436e-003	
8091	1.9e-002	0.1395	2.0218e-003	
8092	1.9e-002	0.1395	2.0218e-002	
8093	1.9e-002	0.13272	1.8845e-002	
8094	1.9e-002	0.1305	1.8239e-002	
8095	1.9e-002	0.13497	1.9377e-002	
8096	1.9e-002	0.13723	1.9835e-002	
8097	1.9e-002	0.1305	2.2799e-003	
8098	1.9e-002	0.1305	4.5598e-003	
8099	1.9e-002	0.1305	6.8397e-003	
8100	1.9e-002	0.1305	9.1196e-003	
8101	1.9e-002	0.1305	1.14e-002	
8102	1.9e-002	0.1305	1.3679e-002	
8103	1.9e-002	0.1305	1.5959e-002	
8104	1.9e-002	0.1305	-2.7768e-031	
8105	1.9e-002	0.1295	0.	
8106	1.9e-002	0.1295	1.5698e-002	
8107	1.9e-002	0.1295	1.3456e-002	
8108	1.9e-002	0.1295	1.1213e-002	
8109	1.9e-002	0.1295	8.9706e-003	
8110	1.9e-002	0.1295	6.7279e-003	
8111	1.9e-002	0.1295	4.4853e-003	
8112	1.9e-002	0.1295	2.2426e-003	
8113	1.9e-002	0.1295	1.7941e-002	
8114	1.9e-002	0.1227	1.5469e-002	
8115	1.9e-002	0.1205	1.4491e-002	
8116	1.9e-002	0.12494	1.6371e-002	
8117	1.9e-002	0.12721	1.7195e-002	
8118	1.9e-002	0.1205	2.4151e-003	
8119	1.9e-002	0.1205	4.8302e-003	
8120	1.9e-002	0.1205	7.2453e-003	
8121	1.9e-002	0.1205	9.6603e-003	
8122	1.9e-002	0.1205	1.2075e-002	
8123	1.9e-002	0.1205	0.	
8124	1.9e-002	0.1195	0.	
8125	1.9e-002	0.1195	1.168e-002	
8126	1.9e-002	0.1195	9.3441e-003	
8127	1.9e-002	0.1195	7.0081e-003	
8128	1.9e-002	0.1195	4.6721e-003	
8129	1.9e-002	0.1195	2.336e-003	
8130	1.9e-002	0.1195	1.4016e-002	
8131	1.9e-002	0.11194	9.7621e-003	
8132	1.9e-002	0.1105	8.8008e-003	
8133	1.9e-002	0.11341	1.0687e-002	
8134	1.9e-002	0.1149	1.1576e-002	
8135	1.9e-002	0.11642	1.2427e-002	
8136	1.9e-002	0.11795	1.3241e-002	
8137	1.9e-002	0.1105	2.2002e-003	
8138	1.9e-002	0.1105	4.4004e-003	
8139	1.9e-002	0.1105	6.6006e-003	
8140	1.9e-002	0.1105	0.	
8141	1.9e-002	0.1095	0.	
8142	1.9e-002	0.1095	6.0783e-003	
8143	1.9e-002	0.1095	4.0522e-003	
8144	1.9e-002	0.1095	2.0261e-003	
8145	1.9e-002	0.1095	8.1044e-003	
8146	1.9e-002	0.10148	1.4666e-003	
8147	1.9e-002	1.e-001	0.	
8148	1.9e-002	0.103	2.8885e-003	
8149	1.9e-002	0.10457	4.2645e-003	
8150	1.9e-002	0.10617	5.5932e-003	
8151	1.9e-002	0.10782	6.8736e-003	
8152	1.9e-002	1.e-001	7.5e-003	
8153	1.9e-002	1.e-001	5.e-003	
8154	1.9e-002	1.e-001	2.5e-003	
8155	1.9e-002	1.e-001	1.e-002	
8156	1.9e-002	0.19831	1.1664e-002	
8157	1.9e-002	0.19657	1.3271e-002	
8158	1.9e-002	0.19478	1.4817e-002	
8159	1.9e-002	0.19293	1.6302e-002	
8160	1.9e-002	0.19103	1.7723e-002	
8161	1.9e-002	0.18909	1.908e-002	
8162	1.9e-002	0.1871	2.037e-002	
8163	1.9e-002	0.18507	2.1591e-002	
8164	1.9e-002	0.183	2.2744e-002	
8165	1.9e-002	0.18089	2.3825e-002	
8166	1.9e-002	0.17875	2.4835e-002	
8167	1.9e-002	0.17657	2.5771e-002	
8168	1.9e-002	0.17436	2.6634e-002	
8169	1.9e-002	0.17213	2.7421e-002	
8170	1.9e-002	0.16987	2.8132e-002	
8171	1.9e-002	0.16758	2.8766e-002	
8172	1.9e-002	0.16528	2.9322e-002	
8173	1.9e-002	0.16296	2.98e-002	
8174	1.9e-002	0.16062	3.0199e-002	
8175	1.9e-002	0.15828	3.0519e-002	
8176	1.9e-002	0.15592	3.076e-002	
8177	1.9e-002	0.15355	3.092e-002	
8178	1.9e-002	0.15118	3.1e-002	
8179	1.9e-002	0.14882	3.1e-002	
8180	1.9e-002	0.14645	3.092e-002	
8181	1.9e-002	0.14408	3.076e-002	
8182	1.9e-002	0.14172	3.0519e-002	
8183	1.9e-002	0.13938	3.0199e-002	
8184	1.9e-002	0.13704	2.98e-002	
8185	1.9e-002	0.13472	2.9322e-002	
8186	1.9e-002	0.13242	2.8766e-002	
8187	1.9e-002	0.13013	2.8132e-002	
8188	1.9e-002	0.12787	2.7421e-002	
8189	1.9e-002	0.12564	2.6634e-002	
8190	1.9e-002	0.12343	2.5771e-002	
8191	1.9e-002	0.12125	2.4835e-002	
8192	1.9e-002	0.11911	2.3825e-002	
8193	1.9e-002	0.117	2.2744e-002	
8194	1.9e-002	0.11493	2.1591e-002	
8195	1.9e-002	0.1129	2.037e-002	
8196	1.9e-002	0.11091	1.908e-002	
8197	1.9e-002	0.10897	1.7723e-002	
8198	1.9e-002	0.10707	1.6302e-002	
8199	1.9e-002	0.10522	1.4817e-002	
8200	1.9e-002	0.10343	1.3271e-002	
8201	1.9e-002	0.10169	1.1664e-002	
8202	1.9e-002	0.19191	1.5827e-002	
8203	1.9e-002	0.1905	1.6874e-002	
8204	1.9e-002	0.19329	1.4744e-002	
8205	1.9e-002	0.19464	1.3627e-002	
8206	1.9e-002	0.19596	1.2476e-002	
8207	1.9e-002	0.19725	1.1292e-002	
8208	1.9e-002	0.19851	1.0075e-002	
8209	1.9e-002	0.19651	1.0013e-002	
8210	1.9e-002	0.19451	9.9508e-003	
8211	1.9e-002	0.1925	9.8886e-003	
8212	1.9e-002	0.1905	9.8264e-003	
8213	1.9e-002	0.1805	1.7459e-002	
8214	1.9e-002	0.1805	1.9273e-002	
8215	1.9e-002	0.1805	2.1088e-002	
8216	1.9e-002	0.1805	2.2903e-002	
8217	1.9e-002	0.1805	1.5644e-002	
8218	1.9e-002	0.18685	1.7379e-002	
8219	1.9e-002	0.18473	1.68e-002	
8220	1.9e-002	0.18262	1.6222e-002	
8221	1.9e-002	0.18896	1.7957e-002	
8222	1.9e-002	0.18268	2.178e-002	
8223	1.9e-002	0.18482	2.0581e-002	
8224	1.9e-002	0.18691	1.9305e-002	
8225	1.9e-002	0.1705	2.1381e-002	
8226	1.9e-002	0.1705	2.3219e-002	
8227	1.9e-002	0.1705	2.5057e-002	
8228	1.9e-002	0.1705	2.6895e-002	
8229	1.9e-002	0.1705	1.9543e-002	
8230	1.9e-002	0.17681	2.2629e-002	
8231	1.9e-002	0.17471	2.16e-002	
8232	1.9e-002	0.1726	2.0572e-002	
8233	1.9e-002	0.17892	2.3658e-002	
8234	1.9e-002	0.17264	2.6189e-002	
8235	1.9e-002	0.17476	2.5414e-002	
8236	1.9e-002	0.17685	2.457e-002	
8237	1.9e-002	0.1605	2.3674e-002	
8238	1.9e-002	0.1605	2.5518e-002	
8239	1.9e-002	0.1605	2.7362e-002	
8240	1.9e-002	0.1605	2.9207e-002	
8241	1.9e-002	0.1605	2.1829e-002	
8242	1.9e-002	0.16748	2.6455e-002	
8243	1.9e-002	0.16608	2.553e-002	
8244	1.9e-002	0.16469	2.4605e-002	
8245	1.9e-002	0.16329	2.368e-002	
8246	1.9e-002	0.1619	2.2754e-002	
8247	1.9e-002	0.16887	2.738e-002	
8248	1.9e-002	0.16261	2.8848e-002	
8249	1.9e-002	0.16471	2.8423e-002	
8250	1.9e-002	0.1668	2.7934e-002	
8251	1.9e-002	0.15812	2.3387e-002	
8252	1.9e-002	0.15674	2.471e-002	
8253	1.9e-002	0.15537	2.6032e-002	
8254	1.9e-002	0.15399	2.7354e-002	
8255	1.9e-002	0.15261	2.8677e-002	
8256	1.9e-002	0.15123	2.9999e-002	
8257	1.9e-002	0.1595	2.2065e-002	
8258	1.9e-002	0.1595	2.7531e-002	
8259	1.9e-002	0.1595	2.5709e-002	
8260	1.9e-002	0.1595	2.3887e-002	
8261	1.9e-002	0.1595	2.9353e-002	
8262	1.9e-002	0.15331	2.9931e-002	
8263	1.9e-002	0.15538	2.98e-002	
8264	1.9e-002	0.15744	2.9608e-002	
8265	1.9e-002	0.1505	2.3836e-002	
8266	1.9e-002	0.1505	2.5663e-002	
8267	1.9e-002	0.1505	2.749e-002	
8268	1.9e-002	0.1505	2.9317e-002	
8269	1.9e-002	0.1505	2.2008e-002	
8270	1.9e-002	0.15663	2.17e-002	
8271	1.9e-002	0.15867	2.1479e-002	
8272	1.9e-002	0.15459	2.1862e-002	
8273	1.9e-002	0.15255	2.1965e-002	
8274	1.9e-002	0.15186	2.8011e-002	
8275	1.9e-002	0.15322	2.6705e-002	
8276	1.9e-002	0.15458	2.5398e-002	
8277	1.9e-002	0.15594	2.4092e-002	
8278	1.9e-002	0.1573	2.2786e-002	
8279	1.9e-002	0.1905	1.1588e-002	
8280	1.9e-002	0.1905	1.335e-002	
8281	1.9e-002	0.1905	1.5112e-002	
8282	1.9e-002	0.14811	2.3786e-002	
8283	1.9e-002	0.14673	2.4917e-002	
8284	1.9e-002	0.14534	2.6049e-002	
8285	1.9e-002	0.14395	2.7181e-002	
8286	1.9e-002	0.14257	2.8312e-002	
8287	3.9e-002	0.13005	2.7157e-002	
8288	3.9e-002	0.15229	2.1485e-002	
8289	3.9e-002	0.15082	2.1508e-002	
8290	4.e-002	0.15082	2.1508e-002	
8291	4.e-002	0.15229	2.1485e-002	
8292	4.e-002	0.13005	2.7157e-002	
8293	4.e-002	0.14257	2.8312e-002	
8294	4.e-002	0.14395	2.7181e-002	
8295	4.e-002	0.14534	2.6049e-002	
8296	4.e-002	0.14673	2.4917e-002	
8297	4.e-002	0.14811	2.3786e-002	
8298	4.e-002	0.1905	1.5112e-002	
8299	4.e-002	0.1905	1.335e-002	
8300	4.e-002	0.1905	1.1588e-002	
8301	4.e-002	0.1573	2.2786e-002	
8302	4.e-002	0.15594	2.4092e-002	
8303	4.e-002	0.15458	2.5398e-002	
8304	4.e-002	0.15322	2.6705e-002	
8305	4.e-002	0.15186	2.8011e-002	
8306	4.e-002	0.15867	2.1479e-002	
8307	4.e-002	0.15663	2.17e-002	
8308	4.e-002	0.15459	2.1862e-002	
8309	4.e-002	0.15255	2.1965e-002	
8310	4.e-002	0.1505	2.9317e-002	
8311	4.e-002	0.1505	2.749e-002	
8312	4.e-002	0.1505	2.5663e-002	
8313	4.e-002	0.1505	2.3836e-002	
8314	4.e-002	0.1505	2.2008e-002	
8315	4.e-002	0.15331	2.9931e-002	
8316	4.e-002	0.15538	2.98e-002	
8317	4.e-002	0.15744	2.9608e-002	
8318	4.e-002	0.1595	2.3887e-002	
8319	4.e-002	0.1595	2.5709e-002	
8320	4.e-002	0.1595	2.7531e-002	
8321	4.e-002	0.1595	2.9353e-002	
8322	4.e-002	0.15123	2.9999e-002	
8323	4.e-002	0.15261	2.8677e-002	
8324	4.e-002	0.15399	2.7354e-002	
8325	4.e-002	0.15537	2.6032e-002	
8326	4.e-002	0.15674	2.471e-002	
8327	4.e-002	0.15812	2.3387e-002	
8328	4.e-002	0.1595	2.2065e-002	
8329	4.e-002	0.16261	2.8848e-002	
8330	4.e-002	0.16471	2.8423e-002	
8331	4.e-002	0.1668	2.7934e-002	
8332	4.e-002	0.1619	2.2754e-002	
8333	4.e-002	0.16329	2.368e-002	
8334	4.e-002	0.16469	2.4605e-002	
8335	4.e-002	0.16608	2.553e-002	
8336	4.e-002	0.16748	2.6455e-002	
8337	4.e-002	0.16887	2.738e-002	
8338	4.e-002	0.1605	2.9207e-002	
8339	4.e-002	0.1605	2.7362e-002	
8340	4.e-002	0.1605	2.5518e-002	
8341	4.e-002	0.1605	2.3674e-002	
8342	4.e-002	0.1605	2.1829e-002	
8343	4.e-002	0.17264	2.6189e-002	
8344	4.e-002	0.17476	2.5414e-002	
8345	4.e-002	0.17685	2.457e-002	
8346	4.e-002	0.1726	2.0572e-002	
8347	4.e-002	0.17471	2.16e-002	
8348	4.e-002	0.17681	2.2629e-002	
8349	4.e-002	0.17892	2.3658e-002	
8350	4.e-002	0.1705	2.6895e-002	
8351	4.e-002	0.1705	2.5057e-002	
8352	4.e-002	0.1705	2.3219e-002	
8353	4.e-002	0.1705	2.1381e-002	
8354	4.e-002	0.1705	1.9543e-002	
8355	4.e-002	0.18268	2.178e-002	
8356	4.e-002	0.18482	2.0581e-002	
8357	4.e-002	0.18691	1.9305e-002	
8358	4.e-002	0.18262	1.6222e-002	
8359	4.e-002	0.18473	1.68e-002	
8360	4.e-002	0.18685	1.7379e-002	
8361	4.e-002	0.18896	1.7957e-002	
8362	4.e-002	0.1805	2.2903e-002	
8363	4.e-002	0.1805	2.1088e-002	
8364	4.e-002	0.1805	1.9273e-002	
8365	4.e-002	0.1805	1.7459e-002	
8366	4.e-002	0.1805	1.5644e-002	
8367	4.e-002	0.1905	9.8264e-003	
8368	4.e-002	0.1925	9.8886e-003	
8369	4.e-002	0.19451	9.9508e-003	
8370	4.e-002	0.19651	1.0013e-002	
8371	4.e-002	0.1905	1.6874e-002	
8372	4.e-002	0.19191	1.5827e-002	
8373	4.e-002	0.19329	1.4744e-002	
8374	4.e-002	0.19464	1.3627e-002	
8375	4.e-002	0.19596	1.2476e-002	
8376	4.e-002	0.19851	1.0075e-002	
8377	4.e-002	0.19725	1.1292e-002	
8378	4.e-002	0.19831	1.1664e-002	
8379	4.e-002	0.19657	1.3271e-002	
8380	4.e-002	0.19478	1.4817e-002	
8381	4.e-002	0.19293	1.6302e-002	
8382	4.e-002	0.19103	1.7723e-002	
8383	4.e-002	0.18909	1.908e-002	
8384	4.e-002	0.1871	2.037e-002	
8385	4.e-002	0.18507	2.1591e-002	
8386	4.e-002	0.183	2.2744e-002	
8387	4.e-002	0.18089	2.3825e-002	
8388	4.e-002	0.17875	2.4835e-002	
8389	4.e-002	0.17657	2.5771e-002	
8390	4.e-002	0.17436	2.6634e-002	
8391	4.e-002	0.17213	2.7421e-002	
8392	4.e-002	0.16987	2.8132e-002	
8393	4.e-002	0.16758	2.8766e-002	
8394	4.e-002	0.16528	2.9322e-002	
8395	4.e-002	0.16296	2.98e-002	
8396	4.e-002	0.16062	3.0199e-002	
8397	4.e-002	0.15828	3.0519e-002	
8398	4.e-002	0.15592	3.076e-002	
8399	4.e-002	0.15355	3.092e-002	
8400	4.e-002	0.15118	3.1e-002	
8401	4.e-002	0.14882	3.1e-002	
8402	4.e-002	0.14645	3.092e-002	
8403	4.e-002	0.14408	3.076e-002	
8404	4.e-002	0.14172	3.0519e-002	
8405	4.e-002	0.13938	3.0199e-002	
8406	4.e-002	0.13704	2.98e-002	
8407	4.e-002	0.13472	2.9322e-002	
8408	4.e-002	0.13242	2.8766e-002	
8409	4.e-002	0.13013	2.8132e-002	
8410	4.e-002	0.12787	2.7421e-002	
8411	4.e-002	0.12564	2.6634e-002	
8412	4.e-002	0.12343	2.5771e-002	
8413	4.e-002	0.12125	2.4835e-002	
8414	4.e-002	0.11911	2.3825e-002	
8415	4.e-002	0.117	2.2744e-002	
8416	4.e-002	0.11493	2.1591e-002	
8417	4.e-002	0.1129	2.037e-002	
8418	4.e-002	0.11091	1.908e-002	
8419	4.e-002	0.10897	1.7723e-002	
8420	4.e-002	0.10707	1.6302e-002	
8421	4.e-002	0.10522	1.4817e-002	
8422	4.e-002	0.10343	1.3271e-002	
8423	4.e-002	0.10169	1.1664e-002	
8424	4.e-002	1.e-001	2.5e-003	
8425	4.e-002	1.e-001	5.e-003	
8426	4.e-002	1.e-001	7.5e-003	
8427	4.e-002	1.e-001	1.e-002	
8428	4.e-002	1.e-001	0.	
8429	4.e-002	0.10148	1.4666e-003	
8430	4.e-002	0.103	2.8885e-003	
8431	4.e-002	0.10457	4.2645e-003	
8432	4.e-002	0.10617	5.5932e-003	
8433	4.e-002	0.10782	6.8736e-003	
8434	4.e-002	0.1095	2.0261e-003	
8435	4.e-002	0.1095	4.0522e-003	
8436	4.e-002	0.1095	6.0783e-003	
8437	4.e-002	0.1095	8.1044e-003	
8438	4.e-002	0.1095	0.	
8439	4.e-002	0.1105	6.6006e-003	
8440	4.e-002	0.1105	4.4004e-003	
8441	4.e-002	0.1105	2.2002e-003	
8442	4.e-002	0.1105	0.	
8443	4.e-002	0.1105	8.8008e-003	
8444	4.e-002	0.11194	9.7621e-003	
8445	4.e-002	0.11341	1.0687e-002	
8446	4.e-002	0.1149	1.1576e-002	
8447	4.e-002	0.11642	1.2427e-002	
8448	4.e-002	0.11795	1.3241e-002	
8449	4.e-002	0.1195	2.336e-003	
8450	4.e-002	0.1195	4.6721e-003	
8451	4.e-002	0.1195	7.0081e-003	
8452	4.e-002	0.1195	9.3441e-003	
8453	4.e-002	0.1195	1.168e-002	
8454	4.e-002	0.1195	1.4016e-002	
8455	4.e-002	0.1195	0.	
8456	4.e-002	0.1205	1.2075e-002	
8457	4.e-002	0.1205	9.6603e-003	
8458	4.e-002	0.1205	7.2453e-003	
8459	4.e-002	0.1205	4.8302e-003	
8460	4.e-002	0.1205	2.4151e-003	
8461	4.e-002	0.1205	0.	
8462	4.e-002	0.1205	1.4491e-002	
8463	4.e-002	0.1227	1.5469e-002	
8464	4.e-002	0.12494	1.6371e-002	
8465	4.e-002	0.12721	1.7195e-002	
8466	4.e-002	0.1295	2.2426e-003	
8467	4.e-002	0.1295	4.4853e-003	
8468	4.e-002	0.1295	6.7279e-003	
8469	4.e-002	0.1295	8.9706e-003	
8470	4.e-002	0.1295	1.1213e-002	
8471	4.e-002	0.1295	1.3456e-002	
8472	4.e-002	0.1295	1.5698e-002	
8473	4.e-002	0.1295	1.7941e-002	
8474	4.e-002	0.1295	0.	
8475	4.e-002	0.1305	1.5959e-002	
8476	4.e-002	0.1305	1.3679e-002	
8477	4.e-002	0.1305	1.14e-002	
8478	4.e-002	0.1305	9.1196e-003	
8479	4.e-002	0.1305	6.8397e-003	
8480	4.e-002	0.1305	4.5598e-003	
8481	4.e-002	0.1305	2.2799e-003	
8482	4.e-002	0.1305	-2.7768e-031	
8483	4.e-002	0.1305	1.8239e-002	
8484	4.e-002	0.13272	1.8845e-002	
8485	4.e-002	0.13497	1.9377e-002	
8486	4.e-002	0.13723	1.9835e-002	
8487	4.e-002	0.1395	2.0218e-003	
8488	4.e-002	0.1395	4.0436e-003	
8489	4.e-002	0.1395	6.0655e-003	
8490	4.e-002	0.1395	8.0873e-003	
8491	4.e-002	0.1395	1.0109e-002	
8492	4.e-002	0.1395	1.2131e-002	
8493	4.e-002	0.1395	1.4153e-002	
8494	4.e-002	0.1395	1.6175e-002	
8495	4.e-002	0.1395	1.8196e-002	
8496	4.e-002	0.1395	2.0218e-002	
8497	4.e-002	0.1395	3.4694e-018	
8498	4.e-002	0.1405	1.8326e-002	
8499	4.e-002	0.1405	1.629e-002	
8500	4.e-002	0.1405	1.4254e-002	
8501	4.e-002	0.1405	1.2218e-002	
8502	4.e-002	0.1405	1.0181e-002	
8503	4.e-002	0.1405	8.145e-003	
8504	4.e-002	0.1405	6.1088e-003	
8505	4.e-002	0.1405	4.0725e-003	
8506	4.e-002	0.1405	2.0363e-003	
8507	4.e-002	0.1405	2.7515e-030	
8508	4.e-002	0.1405	2.0363e-002	
8509	4.e-002	0.14274	2.0633e-002	
8510	4.e-002	0.14499	2.0831e-002	
8511	4.e-002	0.14724	2.0956e-002	
8512	4.e-002	0.1495	2.1008e-003	
8513	4.e-002	0.1495	4.2017e-003	
8514	4.e-002	0.1495	6.3025e-003	
8515	4.e-002	0.1495	8.4034e-003	
8516	4.e-002	0.1495	1.0504e-002	
8517	4.e-002	0.1495	1.2605e-002	
8518	4.e-002	0.1495	1.4706e-002	
8519	4.e-002	0.1495	1.6807e-002	
8520	4.e-002	0.1495	1.8908e-002	
8521	4.e-002	0.1495	2.1008e-002	
8522	4.e-002	0.1495	0.	
8523	4.e-002	0.1505	1.8908e-002	
8524	4.e-002	0.1505	1.6807e-002	
8525	4.e-002	0.1505	1.4706e-002	
8526	4.e-002	0.1505	1.2605e-002	
8527	4.e-002	0.1505	1.0504e-002	
8528	4.e-002	0.1505	8.4034e-003	
8529	4.e-002	0.1505	6.3025e-003	
8530	4.e-002	0.1505	4.2017e-003	
8531	4.e-002	0.1505	2.1008e-003	
8532	4.e-002	0.1505	5.3011e-031	
8533	4.e-002	0.1505	2.1008e-002	
8534	4.e-002	0.15276	2.0956e-002	
8535	4.e-002	0.15501	2.0831e-002	
8536	4.e-002	0.15726	2.0633e-002	
8537	4.e-002	0.1595	2.0363e-003	
8538	4.e-002	0.1595	4.0725e-003	
8539	4.e-002	0.1595	6.1088e-003	
8540	4.e-002	0.1595	8.145e-003	
8541	4.e-002	0.1595	1.0181e-002	
8542	4.e-002	0.1595	1.2218e-002	
8543	4.e-002	0.1595	1.4254e-002	
8544	4.e-002	0.1595	1.629e-002	
8545	4.e-002	0.1595	1.8326e-002	
8546	4.e-002	0.1595	2.0363e-002	
8547	4.e-002	0.1595	0.	
8548	4.e-002	0.1605	1.8196e-002	
8549	4.e-002	0.1605	1.6175e-002	
8550	4.e-002	0.1605	1.4153e-002	
8551	4.e-002	0.1605	1.2131e-002	
8552	4.e-002	0.1605	1.0109e-002	
8553	4.e-002	0.1605	8.0873e-003	
8554	4.e-002	0.1605	6.0655e-003	
8555	4.e-002	0.1605	4.0436e-003	
8556	4.e-002	0.1605	2.0218e-003	
8557	4.e-002	0.1605	2.1205e-030	
8558	4.e-002	0.1605	2.0218e-002	
8559	4.e-002	0.16277	1.9835e-002	
8560	4.e-002	0.16503	1.9377e-002	
8561	4.e-002	0.16728	1.8845e-002	
8562	4.e-002	0.1695	2.2799e-003	
8563	4.e-002	0.1695	4.5598e-003	
8564	4.e-002	0.1695	6.8397e-003	
8565	4.e-002	0.1695	9.1196e-003	
8566	4.e-002	0.1695	1.14e-002	
8567	4.e-002	0.1695	1.3679e-002	
8568	4.e-002	0.1695	1.5959e-002	
8569	4.e-002	0.1695	1.8239e-002	
8570	4.e-002	0.1695	0.	
8571	4.e-002	0.1705	1.5698e-002	
8572	4.e-002	0.1705	1.3456e-002	
8573	4.e-002	0.1705	1.1213e-002	
8574	4.e-002	0.1705	8.9706e-003	
8575	4.e-002	0.1705	6.7279e-003	
8576	4.e-002	0.1705	4.4853e-003	
8577	4.e-002	0.1705	2.2426e-003	
8578	4.e-002	0.1705	-6.0585e-031	
8579	4.e-002	0.1705	1.7941e-002	
8580	4.e-002	0.17279	1.7195e-002	
8581	4.e-002	0.17506	1.6371e-002	
8582	4.e-002	0.1773	1.5469e-002	
8583	4.e-002	0.1795	2.4151e-003	
8584	4.e-002	0.1795	4.8302e-003	
8585	4.e-002	0.1795	7.2453e-003	
8586	4.e-002	0.1795	9.6603e-003	
8587	4.e-002	0.1795	1.2075e-002	
8588	4.e-002	0.1795	1.4491e-002	
8589	4.e-002	0.1795	0.	
8590	4.e-002	0.1805	1.168e-002	
8591	4.e-002	0.1805	9.3441e-003	
8592	4.e-002	0.1805	7.0081e-003	
8593	4.e-002	0.1805	4.6721e-003	
8594	4.e-002	0.1805	2.336e-003	
8595	4.e-002	0.1805	2.0195e-031	
8596	4.e-002	0.1805	1.4016e-002	
8597	4.e-002	0.18205	1.3241e-002	
8598	4.e-002	0.18358	1.2427e-002	
8599	4.e-002	0.1851	1.1576e-002	
8600	4.e-002	0.18659	1.0687e-002	
8601	4.e-002	0.18806	9.7621e-003	
8602	4.e-002	0.1895	2.2002e-003	
8603	4.e-002	0.1895	4.4004e-003	
8604	4.e-002	0.1895	6.6006e-003	
8605	4.e-002	0.1895	8.8008e-003	
8606	4.e-002	0.1895	0.	
8607	4.e-002	0.1905	6.0783e-003	
8608	4.e-002	0.1905	4.0522e-003	
8609	4.e-002	0.1905	2.0261e-003	
8610	4.e-002	0.1905	-1.0602e-030	
8611	4.e-002	0.1905	8.1044e-003	
8612	4.e-002	0.19218	6.8736e-003	
8613	4.e-002	0.19383	5.5932e-003	
8614	4.e-002	0.19543	4.2645e-003	
8615	4.e-002	0.197	2.8885e-003	
8616	4.e-002	0.19852	1.4666e-003	
8617	4.e-002	0.2	1.e-002	
8618	4.e-002	0.2	7.5e-003	
8619	4.e-002	0.2	5.e-003	
8620	4.e-002	0.2	2.5e-003	
8621	4.e-002	0.2	1.3878e-017	
8622	4.e-002	0.199	7.4151e-003	
8623	4.e-002	0.199	5.7405e-003	
8624	4.e-002	0.199	4.0658e-003	
8625	4.e-002	0.19255	7.8497e-003	
8626	4.e-002	0.19389	6.8201e-003	
8627	4.e-002	0.19521	5.7589e-003	
8628	4.e-002	0.1965	4.6665e-003	
8629	4.e-002	0.199	2.3911e-003	
8630	4.e-002	0.19776	3.5437e-003	
8631	4.e-002	0.19118	8.8471e-003	
8632	4.e-002	0.19314	8.9077e-003	
8633	4.e-002	0.19509	8.9684e-003	
8634	4.e-002	0.19705	9.0291e-003	
8635	4.e-002	0.199	9.0898e-003	
8636	4.e-002	0.1895	1.5302e-002	
8637	4.e-002	0.1895	1.3538e-002	
8638	4.e-002	0.1895	1.1773e-002	
8639	4.e-002	0.18332	1.3704e-002	
8640	4.e-002	0.18542	1.2542e-002	
8641	4.e-002	0.1895	1.0008e-002	
8642	4.e-002	0.18748	1.1309e-002	
8643	4.e-002	0.18119	1.4794e-002	
8644	4.e-002	0.18326	1.5363e-002	
8645	4.e-002	0.18534	1.5931e-002	
8646	4.e-002	0.18742	1.6499e-002	
8647	4.e-002	0.1895	1.7067e-002	
8648	4.e-002	0.1795	2.102e-002	
8649	4.e-002	0.1795	1.9211e-002	
8650	4.e-002	0.1795	1.7401e-002	
8651	4.e-002	0.17331	1.8074e-002	
8652	4.e-002	0.1754	1.7312e-002	
8653	4.e-002	0.1795	1.5592e-002	
8654	4.e-002	0.17746	1.6484e-002	
8655	4.e-002	0.1712	1.8772e-002	
8656	4.e-002	0.17327	1.9786e-002	
8657	4.e-002	0.17535	2.0801e-002	
8658	4.e-002	0.17742	2.1815e-002	
8659	4.e-002	0.1795	2.283e-002	
8660	4.e-002	0.1695	2.4768e-002	
8661	4.e-002	0.1695	2.2939e-002	
8662	4.e-002	0.1695	2.1109e-002	
8663	4.e-002	0.16332	2.075e-002	
8664	4.e-002	0.16539	2.0321e-002	
8665	4.e-002	0.1695	1.928e-002	
8666	4.e-002	0.16745	1.9831e-002	
8667	4.e-002	0.16123	2.1116e-002	
8668	4.e-002	0.1633	2.2486e-002	
8669	4.e-002	0.16537	2.3857e-002	
8670	4.e-002	0.16743	2.5227e-002	
8671	4.e-002	0.1695	2.6598e-002	
8672	4.e-002	0.12254	1.6484e-002	
8673	4.e-002	0.1246	1.7312e-002	
8674	4.e-002	0.12669	1.8074e-002	
8675	4.e-002	0.1205	1.5592e-002	
8676	4.e-002	0.1205	1.7401e-002	
8677	4.e-002	0.1205	1.9211e-002	
8678	4.e-002	0.1205	2.102e-002	
8679	4.e-002	0.1205	2.283e-002	
8680	4.e-002	0.12258	2.1815e-002	
8681	4.e-002	0.12465	2.0801e-002	
8682	4.e-002	0.12673	1.9786e-002	
8683	4.e-002	0.1288	1.8772e-002	
8684	4.e-002	0.10224	3.5437e-003	
8685	4.e-002	0.1035	4.6665e-003	
8686	4.e-002	0.10479	5.7589e-003	
8687	4.e-002	0.10611	6.8201e-003	
8688	4.e-002	0.10745	7.8497e-003	
8689	4.e-002	0.101	2.3911e-003	
8690	4.e-002	0.101	4.0658e-003	
8691	4.e-002	0.101	5.7405e-003	
8692	4.e-002	0.101	7.4151e-003	
8693	4.e-002	0.101	9.0898e-003	
8694	4.e-002	0.10295	9.0291e-003	
8695	4.e-002	0.10491	8.9684e-003	
8696	4.e-002	0.10686	8.9077e-003	
8697	4.e-002	0.10882	8.8471e-003	
8698	4.e-002	0.10275	1.1292e-002	
8699	4.e-002	0.10404	1.2476e-002	
8700	4.e-002	0.10536	1.3627e-002	
8701	4.e-002	0.10671	1.4744e-002	
8702	4.e-002	0.10809	1.5827e-002	
8703	4.e-002	0.1095	1.1588e-002	
8704	4.e-002	0.1095	1.335e-002	
8705	4.e-002	0.1095	1.5112e-002	
8706	4.e-002	0.1095	1.6874e-002	
8707	4.e-002	0.10149	1.0075e-002	
8708	4.e-002	0.10349	1.0013e-002	
8709	4.e-002	0.10549	9.9508e-003	
8710	4.e-002	0.1075	9.8886e-003	
8711	4.e-002	0.1095	9.8264e-003	
8712	4.e-002	0.11674	1.5363e-002	
8713	4.e-002	0.11466	1.5931e-002	
8714	4.e-002	0.11258	1.6499e-002	
8715	4.e-002	0.11881	1.4794e-002	
8716	4.e-002	0.11668	1.3704e-002	
8717	4.e-002	0.11458	1.2542e-002	
8718	4.e-002	0.11252	1.1309e-002	
8719	4.e-002	0.1105	1.7067e-002	
8720	4.e-002	0.1105	1.5302e-002	
8721	4.e-002	0.1105	1.3538e-002	
8722	4.e-002	0.1105	1.1773e-002	
8723	4.e-002	0.1105	1.0008e-002	
8724	4.e-002	0.11309	1.9305e-002	
8725	4.e-002	0.11518	2.0581e-002	
8726	4.e-002	0.11732	2.178e-002	
8727	4.e-002	0.1195	1.7459e-002	
8728	4.e-002	0.1195	1.9273e-002	
8729	4.e-002	0.1195	2.1088e-002	
8730	4.e-002	0.1195	2.2903e-002	
8731	4.e-002	0.11104	1.7957e-002	
8732	4.e-002	0.11315	1.7379e-002	
8733	4.e-002	0.11527	1.68e-002	
8734	4.e-002	0.11738	1.6222e-002	
8735	4.e-002	0.1195	1.5644e-002	
8736	4.e-002	0.12315	2.457e-002	
8737	4.e-002	0.12524	2.5414e-002	
8738	4.e-002	0.12736	2.6189e-002	
8739	4.e-002	0.1295	2.1381e-002	
8740	4.e-002	0.1295	2.3219e-002	
8741	4.e-002	0.1295	2.5057e-002	
8742	4.e-002	0.1295	2.6895e-002	
8743	4.e-002	0.12108	2.3658e-002	
8744	4.e-002	0.12319	2.2629e-002	
8745	4.e-002	0.12529	2.16e-002	
8746	4.e-002	0.1274	2.0572e-002	
8747	4.e-002	0.1295	1.9543e-002	
8748	4.e-002	0.1367	2.2486e-002	
8749	4.e-002	0.13463	2.3857e-002	
8750	4.e-002	0.13257	2.5227e-002	
8751	4.e-002	0.13877	2.1116e-002	
8752	4.e-002	0.13668	2.075e-002	
8753	4.e-002	0.13461	2.0321e-002	
8754	4.e-002	0.13255	1.9831e-002	
8755	4.e-002	0.1305	2.6598e-002	
8756	4.e-002	0.1305	2.4768e-002	
8757	4.e-002	0.1305	2.2939e-002	
8758	4.e-002	0.1305	2.1109e-002	
8759	4.e-002	0.1305	1.928e-002	
8760	4.e-002	0.1332	2.7934e-002	
8761	4.e-002	0.13529	2.8423e-002	
8762	4.e-002	0.13739	2.8848e-002	
8763	4.e-002	0.1395	2.3674e-002	
8764	4.e-002	0.1395	2.5518e-002	
8765	4.e-002	0.1395	2.7362e-002	
8766	4.e-002	0.1395	2.9207e-002	
8767	4.e-002	0.13113	2.738e-002	
8768	4.e-002	0.13252	2.6455e-002	
8769	4.e-002	0.13392	2.553e-002	
8770	4.e-002	0.13531	2.4605e-002	
8771	4.e-002	0.13671	2.368e-002	
8772	4.e-002	0.1381	2.2754e-002	
8773	4.e-002	0.1395	2.1829e-002	
8774	4.e-002	0.14735	2.3117e-002	
8775	4.e-002	0.14598	2.4235e-002	
8776	4.e-002	0.14461	2.5353e-002	
8777	4.e-002	0.14324	2.6471e-002	
8778	4.e-002	0.14187	2.759e-002	
8779	4.e-002	0.14872	2.1999e-002	
8780	4.e-002	0.14666	2.1932e-002	
8781	4.e-002	0.1446	2.1805e-002	
8782	4.e-002	0.14255	2.1618e-002	
8783	4.e-002	0.1405	2.8708e-002	
8784	4.e-002	0.1405	2.6874e-002	
8785	4.e-002	0.1405	2.504e-002	
8786	4.e-002	0.1405	2.3206e-002	
8787	4.e-002	0.1405	2.1372e-002	
8788	4.e-002	0.14118	2.9444e-002	
8789	4.e-002	0.14325	2.9679e-002	
8790	4.e-002	0.14533	2.9852e-002	
8791	4.e-002	0.14741	2.9962e-002	
8792	4.e-002	0.1495	2.2654e-002	
8793	4.e-002	0.1495	2.4493e-002	
8794	4.e-002	0.1495	2.6332e-002	
8795	4.e-002	0.1495	2.817e-002	
8796	4.e-002	0.1495	3.0009e-002	
8797	3.9e-002	0.1495	2.817e-002	
8798	3.9e-002	0.1495	2.6332e-002	
8799	3.9e-002	0.1495	2.4493e-002	
8800	3.9e-002	0.1495	2.2654e-002	
8801	3.9e-002	0.1495	3.0009e-002	
8802	3.9e-002	0.14325	2.9679e-002	
8803	3.9e-002	0.14118	2.9444e-002	
8804	3.9e-002	0.14533	2.9852e-002	
8805	3.9e-002	0.14741	2.9962e-002	
8806	3.9e-002	0.1405	2.3206e-002	
8807	3.9e-002	0.1405	2.504e-002	
8808	3.9e-002	0.1405	2.6874e-002	
8809	3.9e-002	0.1405	2.8708e-002	
8810	3.9e-002	0.1405	2.1372e-002	
8811	3.9e-002	0.14666	2.1932e-002	
8812	3.9e-002	0.14872	2.1999e-002	
8813	3.9e-002	0.1446	2.1805e-002	
8814	3.9e-002	0.14255	2.1618e-002	
8815	3.9e-002	0.14187	2.759e-002	
8816	3.9e-002	0.14324	2.6471e-002	
8817	3.9e-002	0.14461	2.5353e-002	
8818	3.9e-002	0.14598	2.4235e-002	
8819	3.9e-002	0.14735	2.3117e-002	
8820	3.9e-002	0.1381	2.2754e-002	
8821	3.9e-002	0.13671	2.368e-002	
8822	3.9e-002	0.13531	2.4605e-002	
8823	3.9e-002	0.13392	2.553e-002	
8824	3.9e-002	0.13252	2.6455e-002	
8825	3.9e-002	0.13113	2.738e-002	
8826	3.9e-002	0.1395	2.1829e-002	
8827	3.9e-002	0.1395	2.7362e-002	
8828	3.9e-002	0.1395	2.5518e-002	
8829	3.9e-002	0.1395	2.3674e-002	
8830	3.9e-002	0.1395	2.9207e-002	
8831	3.9e-002	0.1332	2.7934e-002	
8832	3.9e-002	0.13529	2.8423e-002	
8833	3.9e-002	0.13739	2.8848e-002	
8834	3.9e-002	0.1305	2.1109e-002	
8835	3.9e-002	0.1305	2.2939e-002	
8836	3.9e-002	0.1305	2.4768e-002	
8837	3.9e-002	0.1305	2.6598e-002	
8838	3.9e-002	0.1305	1.928e-002	
8839	3.9e-002	0.13668	2.075e-002	
8840	3.9e-002	0.13877	2.1116e-002	
8841	3.9e-002	0.13461	2.0321e-002	
8842	3.9e-002	0.13255	1.9831e-002	
8843	3.9e-002	0.13257	2.5227e-002	
8844	3.9e-002	0.13463	2.3857e-002	
8845	3.9e-002	0.1367	2.2486e-002	
8846	3.9e-002	0.1274	2.0572e-002	
8847	3.9e-002	0.12529	2.16e-002	
8848	3.9e-002	0.12319	2.2629e-002	
8849	3.9e-002	0.12108	2.3658e-002	
8850	3.9e-002	0.1295	1.9543e-002	
8851	3.9e-002	0.1295	2.5057e-002	
8852	3.9e-002	0.1295	2.3219e-002	
8853	3.9e-002	0.1295	2.1381e-002	
8854	3.9e-002	0.1295	2.6895e-002	
8855	3.9e-002	0.12315	2.457e-002	
8856	3.9e-002	0.12524	2.5414e-002	
8857	3.9e-002	0.12736	2.6189e-002	
8858	3.9e-002	0.11738	1.6222e-002	
8859	3.9e-002	0.11527	1.68e-002	
8860	3.9e-002	0.11315	1.7379e-002	
8861	3.9e-002	0.11104	1.7957e-002	
8862	3.9e-002	0.1195	1.5644e-002	
8863	3.9e-002	0.1195	2.1088e-002	
8864	3.9e-002	0.1195	1.9273e-002	
8865	3.9e-002	0.1195	1.7459e-002	
8866	3.9e-002	0.1195	2.2903e-002	
8867	3.9e-002	0.11309	1.9305e-002	
8868	3.9e-002	0.11518	2.0581e-002	
8869	3.9e-002	0.11732	2.178e-002	
8870	3.9e-002	0.1105	1.1773e-002	
8871	3.9e-002	0.1105	1.3538e-002	
8872	3.9e-002	0.1105	1.5302e-002	
8873	3.9e-002	0.1105	1.7067e-002	
8874	3.9e-002	0.1105	1.0008e-002	
8875	3.9e-002	0.11668	1.3704e-002	
8876	3.9e-002	0.11881	1.4794e-002	
8877	3.9e-002	0.11458	1.2542e-002	
8878	3.9e-002	0.11252	1.1309e-002	
8879	3.9e-002	0.11258	1.6499e-002	
8880	3.9e-002	0.11466	1.5931e-002	
8881	3.9e-002	0.11674	1.5363e-002	
8882	3.9e-002	0.1075	9.8886e-003	
8883	3.9e-002	0.10549	9.9508e-003	
8884	3.9e-002	0.10349	1.0013e-002	
8885	3.9e-002	0.10149	1.0075e-002	
8886	3.9e-002	0.1095	9.8264e-003	
8887	3.9e-002	0.1095	1.5112e-002	
8888	3.9e-002	0.1095	1.335e-002	
8889	3.9e-002	0.1095	1.1588e-002	
8890	3.9e-002	0.1095	1.6874e-002	
8891	3.9e-002	0.10275	1.1292e-002	
8892	3.9e-002	0.10404	1.2476e-002	
8893	3.9e-002	0.10536	1.3627e-002	
8894	3.9e-002	0.10671	1.4744e-002	
8895	3.9e-002	0.10809	1.5827e-002	
8896	3.9e-002	0.10686	8.9077e-003	
8897	3.9e-002	0.10491	8.9684e-003	
8898	3.9e-002	0.10295	9.0291e-003	
8899	3.9e-002	0.10882	8.8471e-003	
8900	3.9e-002	0.101	9.0898e-003	
8901	3.9e-002	0.101	7.4151e-003	
8902	3.9e-002	0.101	5.7405e-003	
8903	3.9e-002	0.101	4.0658e-003	
8904	3.9e-002	0.101	2.3911e-003	
8905	3.9e-002	0.10224	3.5437e-003	
8906	3.9e-002	0.1035	4.6665e-003	
8907	3.9e-002	0.10479	5.7589e-003	
8908	3.9e-002	0.10611	6.8201e-003	
8909	3.9e-002	0.10745	7.8497e-003	
8910	3.9e-002	0.12673	1.9786e-002	
8911	3.9e-002	0.12465	2.0801e-002	
8912	3.9e-002	0.12258	2.1815e-002	
8913	3.9e-002	0.1288	1.8772e-002	
8914	3.9e-002	0.1205	2.283e-002	
8915	3.9e-002	0.1205	2.102e-002	
8916	3.9e-002	0.1205	1.9211e-002	
8917	3.9e-002	0.1205	1.7401e-002	
8918	3.9e-002	0.1205	1.5592e-002	
8919	3.9e-002	0.12254	1.6484e-002	
8920	3.9e-002	0.1246	1.7312e-002	
8921	3.9e-002	0.12669	1.8074e-002	
8922	3.9e-002	0.16743	2.5227e-002	
8923	3.9e-002	0.16537	2.3857e-002	
8924	3.9e-002	0.1633	2.2486e-002	
8925	3.9e-002	0.1695	2.6598e-002	
8926	3.9e-002	0.16123	2.1116e-002	
8927	3.9e-002	0.16332	2.075e-002	
8928	3.9e-002	0.16539	2.0321e-002	
8929	3.9e-002	0.16745	1.9831e-002	
8930	3.9e-002	0.1695	1.928e-002	
8931	3.9e-002	0.1695	2.1109e-002	
8932	3.9e-002	0.1695	2.2939e-002	
8933	3.9e-002	0.1695	2.4768e-002	
8934	3.9e-002	0.17742	2.1815e-002	
8935	3.9e-002	0.17535	2.0801e-002	
8936	3.9e-002	0.17327	1.9786e-002	
8937	3.9e-002	0.1795	2.283e-002	
8938	3.9e-002	0.1712	1.8772e-002	
8939	3.9e-002	0.17331	1.8074e-002	
8940	3.9e-002	0.1754	1.7312e-002	
8941	3.9e-002	0.17746	1.6484e-002	
8942	3.9e-002	0.1795	1.5592e-002	
8943	3.9e-002	0.1795	1.7401e-002	
8944	3.9e-002	0.1795	1.9211e-002	
8945	3.9e-002	0.1795	2.102e-002	
8946	3.9e-002	0.18742	1.6499e-002	
8947	3.9e-002	0.18534	1.5931e-002	
8948	3.9e-002	0.18326	1.5363e-002	
8949	3.9e-002	0.1895	1.7067e-002	
8950	3.9e-002	0.18119	1.4794e-002	
8951	3.9e-002	0.18332	1.3704e-002	
8952	3.9e-002	0.18542	1.2542e-002	
8953	3.9e-002	0.18748	1.1309e-002	
8954	3.9e-002	0.1895	1.0008e-002	
8955	3.9e-002	0.1895	1.1773e-002	
8956	3.9e-002	0.1895	1.3538e-002	
8957	3.9e-002	0.1895	1.5302e-002	
8958	3.9e-002	0.19705	9.0291e-003	
8959	3.9e-002	0.19509	8.9684e-003	
8960	3.9e-002	0.19314	8.9077e-003	
8961	3.9e-002	0.199	9.0898e-003	
8962	3.9e-002	0.19118	8.8471e-003	
8963	3.9e-002	0.19255	7.8497e-003	
8964	3.9e-002	0.19389	6.8201e-003	
8965	3.9e-002	0.19521	5.7589e-003	
8966	3.9e-002	0.1965	4.6665e-003	
8967	3.9e-002	0.19776	3.5437e-003	
8968	3.9e-002	0.199	2.3911e-003	
8969	3.9e-002	0.199	4.0658e-003	
8970	3.9e-002	0.199	5.7405e-003	
8971	3.9e-002	0.199	7.4151e-003	
8972	3.9e-002	0.2	2.5e-003	
8973	3.9e-002	0.2	5.e-003	
8974	3.9e-002	0.2	7.5e-003	
8975	3.9e-002	0.2	1.e-002	
8976	3.9e-002	0.2	1.3878e-017	
8977	3.9e-002	0.19218	6.8736e-003	
8978	3.9e-002	0.1905	8.1044e-003	
8979	3.9e-002	0.19383	5.5932e-003	
8980	3.9e-002	0.19543	4.2645e-003	
8981	3.9e-002	0.197	2.8885e-003	
8982	3.9e-002	0.19852	1.4666e-003	
8983	3.9e-002	0.1905	2.0261e-003	
8984	3.9e-002	0.1905	4.0522e-003	
8985	3.9e-002	0.1905	6.0783e-003	
8986	3.9e-002	0.1905	-1.0602e-030	
8987	3.9e-002	0.1895	0.	
8988	3.9e-002	0.1895	6.6006e-003	
8989	3.9e-002	0.1895	4.4004e-003	
8990	3.9e-002	0.1895	2.2002e-003	
8991	3.9e-002	0.1895	8.8008e-003	
8992	3.9e-002	0.18205	1.3241e-002	
8993	3.9e-002	0.1805	1.4016e-002	
8994	3.9e-002	0.18358	1.2427e-002	
8995	3.9e-002	0.1851	1.1576e-002	
8996	3.9e-002	0.18659	1.0687e-002	
8997	3.9e-002	0.18806	9.7621e-003	
8998	3.9e-002	0.1805	2.336e-003	
8999	3.9e-002	0.1805	4.6721e-003	
9000	3.9e-002	0.1805	7.0081e-003	
9001	3.9e-002	0.1805	9.3441e-003	
9002	3.9e-002	0.1805	1.168e-002	
9003	3.9e-002	0.1805	2.0195e-031	
9004	3.9e-002	0.1795	0.	
9005	3.9e-002	0.1795	1.2075e-002	
9006	3.9e-002	0.1795	9.6603e-003	
9007	3.9e-002	0.1795	7.2453e-003	
9008	3.9e-002	0.1795	4.8302e-003	
9009	3.9e-002	0.1795	2.4151e-003	
9010	3.9e-002	0.1795	1.4491e-002	
9011	3.9e-002	0.17279	1.7195e-002	
9012	3.9e-002	0.1705	1.7941e-002	
9013	3.9e-002	0.17506	1.6371e-002	
9014	3.9e-002	0.1773	1.5469e-002	
9015	3.9e-002	0.1705	2.2426e-003	
9016	3.9e-002	0.1705	4.4853e-003	
9017	3.9e-002	0.1705	6.7279e-003	
9018	3.9e-002	0.1705	8.9706e-003	
9019	3.9e-002	0.1705	1.1213e-002	
9020	3.9e-002	0.1705	1.3456e-002	
9021	3.9e-002	0.1705	1.5698e-002	
9022	3.9e-002	0.1705	-6.0585e-031	
9023	3.9e-002	0.1695	0.	
9024	3.9e-002	0.1695	1.5959e-002	
9025	3.9e-002	0.1695	1.3679e-002	
9026	3.9e-002	0.1695	1.14e-002	
9027	3.9e-002	0.1695	9.1196e-003	
9028	3.9e-002	0.1695	6.8397e-003	
9029	3.9e-002	0.1695	4.5598e-003	
9030	3.9e-002	0.1695	2.2799e-003	
9031	3.9e-002	0.1695	1.8239e-002	
9032	3.9e-002	0.16277	1.9835e-002	
9033	3.9e-002	0.1605	2.0218e-002	
9034	3.9e-002	0.16503	1.9377e-002	
9035	3.9e-002	0.16728	1.8845e-002	
9036	3.9e-002	0.1605	2.0218e-003	
9037	3.9e-002	0.1605	4.0436e-003	
9038	3.9e-002	0.1605	6.0655e-003	
9039	3.9e-002	0.1605	8.0873e-003	
9040	3.9e-002	0.1605	1.0109e-002	
9041	3.9e-002	0.1605	1.2131e-002	
9042	3.9e-002	0.1605	1.4153e-002	
9043	3.9e-002	0.1605	1.6175e-002	
9044	3.9e-002	0.1605	1.8196e-002	
9045	3.9e-002	0.1605	2.1205e-030	
9046	3.9e-002	0.1595	0.	
9047	3.9e-002	0.1595	1.8326e-002	
9048	3.9e-002	0.1595	1.629e-002	
9049	3.9e-002	0.1595	1.4254e-002	
9050	3.9e-002	0.1595	1.2218e-002	
9051	3.9e-002	0.1595	1.0181e-002	
9052	3.9e-002	0.1595	8.145e-003	
9053	3.9e-002	0.1595	6.1088e-003	
9054	3.9e-002	0.1595	4.0725e-003	
9055	3.9e-002	0.1595	2.0363e-003	
9056	3.9e-002	0.1595	2.0363e-002	
9057	3.9e-002	0.15276	2.0956e-002	
9058	3.9e-002	0.1505	2.1008e-002	
9059	3.9e-002	0.15501	2.0831e-002	
9060	3.9e-002	0.15726	2.0633e-002	
9061	3.9e-002	0.1505	2.1008e-003	
9062	3.9e-002	0.1505	4.2017e-003	
9063	3.9e-002	0.1505	6.3025e-003	
9064	3.9e-002	0.1505	8.4034e-003	
9065	3.9e-002	0.1505	1.0504e-002	
9066	3.9e-002	0.1505	1.2605e-002	
9067	3.9e-002	0.1505	1.4706e-002	
9068	3.9e-002	0.1505	1.6807e-002	
9069	3.9e-002	0.1505	1.8908e-002	
9070	3.9e-002	0.1505	5.3011e-031	
9071	3.9e-002	0.1495	0.	
9072	3.9e-002	0.1495	1.8908e-002	
9073	3.9e-002	0.1495	1.6807e-002	
9074	3.9e-002	0.1495	1.4706e-002	
9075	3.9e-002	0.1495	1.2605e-002	
9076	3.9e-002	0.1495	1.0504e-002	
9077	3.9e-002	0.1495	8.4034e-003	
9078	3.9e-002	0.1495	6.3025e-003	
9079	3.9e-002	0.1495	4.2017e-003	
9080	3.9e-002	0.1495	2.1008e-003	
9081	3.9e-002	0.1495	2.1008e-002	
9082	3.9e-002	0.14274	2.0633e-002	
9083	3.9e-002	0.1405	2.0363e-002	
9084	3.9e-002	0.14499	2.0831e-002	
9085	3.9e-002	0.14724	2.0956e-002	
9086	3.9e-002	0.1405	2.0363e-003	
9087	3.9e-002	0.1405	4.0725e-003	
9088	3.9e-002	0.1405	6.1088e-003	
9089	3.9e-002	0.1405	8.145e-003	
9090	3.9e-002	0.1405	1.0181e-002	
9091	3.9e-002	0.1405	1.2218e-002	
9092	3.9e-002	0.1405	1.4254e-002	
9093	3.9e-002	0.1405	1.629e-002	
9094	3.9e-002	0.1405	1.8326e-002	
9095	3.9e-002	0.1405	2.7515e-030	
9096	3.9e-002	0.1395	3.4694e-018	
9097	3.9e-002	0.1395	1.8196e-002	
9098	3.9e-002	0.1395	1.6175e-002	
9099	3.9e-002	0.1395	1.4153e-002	
9100	3.9e-002	0.1395	1.2131e-002	
9101	3.9e-002	0.1395	1.0109e-002	
9102	3.9e-002	0.1395	8.0873e-003	
9103	3.9e-002	0.1395	6.0655e-003	
9104	3.9e-002	0.1395	4.0436e-003	
9105	3.9e-002	0.1395	2.0218e-003	
9106	3.9e-002	0.1395	2.0218e-002	
9107	3.9e-002	0.13272	1.8845e-002	
9108	3.9e-002	0.1305	1.8239e-002	
9109	3.9e-002	0.13497	1.9377e-002	
9110	3.9e-002	0.13723	1.9835e-002	
9111	3.9e-002	0.1305	2.2799e-003	
9112	3.9e-002	0.1305	4.5598e-003	
9113	3.9e-002	0.1305	6.8397e-003	
9114	3.9e-002	0.1305	9.1196e-003	
9115	3.9e-002	0.1305	1.14e-002	
9116	3.9e-002	0.1305	1.3679e-002	
9117	3.9e-002	0.1305	1.5959e-002	
9118	3.9e-002	0.1305	-2.7768e-031	
9119	3.9e-002	0.1295	0.	
9120	3.9e-002	0.1295	1.5698e-002	
9121	3.9e-002	0.1295	1.3456e-002	
9122	3.9e-002	0.1295	1.1213e-002	
9123	3.9e-002	0.1295	8.9706e-003	
9124	3.9e-002	0.1295	6.7279e-003	
9125	3.9e-002	0.1295	4.4853e-003	
9126	3.9e-002	0.1295	2.2426e-003	
9127	3.9e-002	0.1295	1.7941e-002	
9128	3.9e-002	0.1227	1.5469e-002	
9129	3.9e-002	0.1205	1.4491e-002	
9130	3.9e-002	0.12494	1.6371e-002	
9131	3.9e-002	0.12721	1.7195e-002	
9132	3.9e-002	0.1205	2.4151e-003	
9133	3.9e-002	0.1205	4.8302e-003	
9134	3.9e-002	0.1205	7.2453e-003	
9135	3.9e-002	0.1205	9.6603e-003	
9136	3.9e-002	0.1205	1.2075e-002	
9137	3.9e-002	0.1205	0.	
9138	3.9e-002	0.1195	0.	
9139	3.9e-002	0.1195	1.168e-002	
9140	3.9e-002	0.1195	9.3441e-003	
9141	3.9e-002	0.1195	7.0081e-003	
9142	3.9e-002	0.1195	4.6721e-003	
9143	3.9e-002	0.1195	2.336e-003	
9144	3.9e-002	0.1195	1.4016e-002	
9145	3.9e-002	0.11194	9.7621e-003	
9146	3.9e-002	0.1105	8.8008e-003	
9147	3.9e-002	0.11341	1.0687e-002	
9148	3.9e-002	0.1149	1.1576e-002	
9149	3.9e-002	0.11642	1.2427e-002	
9150	3.9e-002	0.11795	1.3241e-002	
9151	3.9e-002	0.1105	2.2002e-003	
9152	3.9e-002	0.1105	4.4004e-003	
9153	3.9e-002	0.1105	6.6006e-003	
9154	3.9e-002	0.1105	0.	
9155	3.9e-002	0.1095	0.	
9156	3.9e-002	0.1095	6.0783e-003	
9157	3.9e-002	0.1095	4.0522e-003	
9158	3.9e-002	0.1095	2.0261e-003	
9159	3.9e-002	0.1095	8.1044e-003	
9160	3.9e-002	0.10148	1.4666e-003	
9161	3.9e-002	1.e-001	0.	
9162	3.9e-002	0.103	2.8885e-003	
9163	3.9e-002	0.10457	4.2645e-003	
9164	3.9e-002	0.10617	5.5932e-003	
9165	3.9e-002	0.10782	6.8736e-003	
9166	3.9e-002	1.e-001	7.5e-003	
9167	3.9e-002	1.e-001	5.e-003	
9168	3.9e-002	1.e-001	2.5e-003	
9169	3.9e-002	1.e-001	1.e-002	
9170	3.9e-002	0.19831	1.1664e-002	
9171	3.9e-002	0.19657	1.3271e-002	
9172	3.9e-002	0.19478	1.4817e-002	
9173	3.9e-002	0.19293	1.6302e-002	
9174	3.9e-002	0.19103	1.7723e-002	
9175	3.9e-002	0.18909	1.908e-002	
9176	3.9e-002	0.1871	2.037e-002	
9177	3.9e-002	0.18507	2.1591e-002	
9178	3.9e-002	0.183	2.2744e-002	
9179	3.9e-002	0.18089	2.3825e-002	
9180	3.9e-002	0.17875	2.4835e-002	
9181	3.9e-002	0.17657	2.5771e-002	
9182	3.9e-002	0.17436	2.6634e-002	
9183	3.9e-002	0.17213	2.7421e-002	
9184	3.9e-002	0.16987	2.8132e-002	
9185	3.9e-002	0.16758	2.8766e-002	
9186	3.9e-002	0.16528	2.9322e-002	
9187	3.9e-002	0.16296	2.98e-002	
9188	3.9e-002	0.16062	3.0199e-002	
9189	3.9e-002	0.15828	3.0519e-002	
9190	3.9e-002	0.15592	3.076e-002	
9191	3.9e-002	0.15355	3.092e-002	
9192	3.9e-002	0.15118	3.1e-002	
9193	3.9e-002	0.14882	3.1e-002	
9194	3.9e-002	0.14645	3.092e-002	
9195	3.9e-002	0.14408	3.076e-002	
9196	3.9e-002	0.14172	3.0519e-002	
9197	3.9e-002	0.13938	3.0199e-002	
9198	3.9e-002	0.13704	2.98e-002	
9199	3.9e-002	0.13472	2.9322e-002	
9200	3.9e-002	0.13242	2.8766e-002	
9201	3.9e-002	0.13013	2.8132e-002	
9202	3.9e-002	0.12787	2.7421e-002	
9203	3.9e-002	0.12564	2.6634e-002	
9204	3.9e-002	0.12343	2.5771e-002	
9205	3.9e-002	0.12125	2.4835e-002	
9206	3.9e-002	0.11911	2.3825e-002	
9207	3.9e-002	0.117	2.2744e-002	
9208	3.9e-002	0.11493	2.1591e-002	
9209	3.9e-002	0.1129	2.037e-002	
9210	3.9e-002	0.11091	1.908e-002	
9211	3.9e-002	0.10897	1.7723e-002	
9212	3.9e-002	0.10707	1.6302e-002	
9213	3.9e-002	0.10522	1.4817e-002	
9214	3.9e-002	0.10343	1.3271e-002	
9215	3.9e-002	0.10169	1.1664e-002	
9216	3.9e-002	0.19191	1.5827e-002	
9217	3.9e-002	0.1905	1.6874e-002	
9218	3.9e-002	0.19329	1.4744e-002	
9219	3.9e-002	0.19464	1.3627e-002	
9220	3.9e-002	0.19596	1.2476e-002	
9221	3.9e-002	0.19725	1.1292e-002	
9222	3.9e-002	0.19851	1.0075e-002	
9223	3.9e-002	0.19651	1.0013e-002	
9224	3.9e-002	0.19451	9.9508e-003	
9225	3.9e-002	0.1925	9.8886e-003	
9226	3.9e-002	0.1905	9.8264e-003	
9227	3.9e-002	0.1805	1.7459e-002	
9228	3.9e-002	0.1805	1.9273e-002	
9229	3.9e-002	0.1805	2.1088e-002	
9230	3.9e-002	0.1805	2.2903e-002	
9231	3.9e-002	0.1805	1.5644e-002	
9232	3.9e-002	0.18685	1.7379e-002	
9233	3.9e-002	0.18473	1.68e-002	
9234	3.9e-002	0.18262	1.6222e-002	
9235	3.9e-002	0.18896	1.7957e-002	
9236	3.9e-002	0.18268	2.178e-002	
9237	3.9e-002	0.18482	2.0581e-002	
9238	3.9e-002	0.18691	1.9305e-002	
9239	3.9e-002	0.1705	2.1381e-002	
9240	3.9e-002	0.1705	2.3219e-002	
9241	3.9e-002	0.1705	2.5057e-002	
9242	3.9e-002	0.1705	2.6895e-002	
9243	3.9e-002	0.1705	1.9543e-002	
9244	3.9e-002	0.17681	2.2629e-002	
9245	3.9e-002	0.17471	2.16e-002	
9246	3.9e-002	0.1726	2.0572e-002	
9247	3.9e-002	0.17892	2.3658e-002	
9248	3.9e-002	0.17264	2.6189e-002	
9249	3.9e-002	0.17476	2.5414e-002	
9250	3.9e-002	0.17685	2.457e-002	
9251	3.9e-002	0.1605	2.3674e-002	
9252	3.9e-002	0.1605	2.5518e-002	
9253	3.9e-002	0.1605	2.7362e-002	
9254	3.9e-002	0.1605	2.9207e-002	
9255	3.9e-002	0.1605	2.1829e-002	
9256	3.9e-002	0.16748	2.6455e-002	
9257	3.9e-002	0.16608	2.553e-002	
9258	3.9e-002	0.16469	2.4605e-002	
9259	3.9e-002	0.16329	2.368e-002	
9260	3.9e-002	0.1619	2.2754e-002	
9261	3.9e-002	0.16887	2.738e-002	
9262	3.9e-002	0.16261	2.8848e-002	
9263	3.9e-002	0.16471	2.8423e-002	
9264	3.9e-002	0.1668	2.7934e-002	
9265	3.9e-002	0.15812	2.3387e-002	
9266	3.9e-002	0.15674	2.471e-002	
9267	3.9e-002	0.15537	2.6032e-002	
9268	3.9e-002	0.15399	2.7354e-002	
9269	3.9e-002	0.15261	2.8677e-002	
9270	3.9e-002	0.15123	2.9999e-002	
9271	3.9e-002	0.1595	2.2065e-002	
9272	3.9e-002	0.1595	2.7531e-002	
9273	3.9e-002	0.1595	2.5709e-002	
9274	3.9e-002	0.1595	2.3887e-002	
9275	3.9e-002	0.1595	2.9353e-002	
9276	3.9e-002	0.15331	2.9931e-002	
9277	3.9e-002	0.15538	2.98e-002	
9278	3.9e-002	0.15744	2.9608e-002	
9279	3.9e-002	0.1505	2.3836e-002	
9280	3.9e-002	0.1505	2.5663e-002	
9281	3.9e-002	0.1505	2.749e-002	
9282	3.9e-002	0.1505	2.9317e-002	
9283	3.9e-002	0.1505	2.2008e-002	
9284	3.9e-002	0.15663	2.17e-002	
9285	3.9e-002	0.15867	2.1479e-002	
9286	3.9e-002	0.15459	2.1862e-002	
9287	3.9e-002	0.15255	2.1965e-002	
9288	3.9e-002	0.15186	2.8011e-002	
9289	3.9e-002	0.15322	2.6705e-002	
9290	3.9e-002	0.15458	2.5398e-002	
9291	3.9e-002	0.15594	2.4092e-002	
9292	3.9e-002	0.1573	2.2786e-002	
9293	3.9e-002	0.1905	1.1588e-002	
9294	3.9e-002	0.1905	1.335e-002	
9295	3.9e-002	0.1905	1.5112e-002	
9296	3.9e-002	0.14811	2.3786e-002	
9297	3.9e-002	0.14673	2.4917e-002	
9298	3.9e-002	0.14534	2.6049e-002	
9299	3.9e-002	0.14395	2.7181e-002	
9300	3.9e-002	0.14257	2.8312e-002	
9301	5.9e-002	0.13005	2.7157e-002	
9302	5.9e-002	0.15229	2.1485e-002	
9303	5.9e-002	0.15082	2.1508e-002	
9304	6.e-002	0.15082	2.1508e-002	
9305	6.e-002	0.15229	2.1485e-002	
9306	6.e-002	0.13005	2.7157e-002	
9307	6.e-002	0.14257	2.8312e-002	
9308	6.e-002	0.14395	2.7181e-002	
9309	6.e-002	0.14534	2.6049e-002	
9310	6.e-002	0.14673	2.4917e-002	
9311	6.e-002	0.14811	2.3786e-002	
9312	6.e-002	0.1905	1.5112e-002	
9313	6.e-002	0.1905	1.335e-002	
9314	6.e-002	0.1905	1.1588e-002	
9315	6.e-002	0.1573	2.2786e-002	
9316	6.e-002	0.15594	2.4092e-002	
9317	6.e-002	0.15458	2.5398e-002	
9318	6.e-002	0.15322	2.6705e-002	
9319	6.e-002	0.15186	2.8011e-002	
9320	6.e-002	0.15867	2.1479e-002	
9321	6.e-002	0.15663	2.17e-002	
9322	6.e-002	0.15459	2.1862e-002	
9323	6.e-002	0.15255	2.1965e-002	
9324	6.e-002	0.1505	2.9317e-002	
9325	6.e-002	0.1505	2.749e-002	
9326	6.e-002	0.1505	2.5663e-002	
9327	6.e-002	0.1505	2.3836e-002	
9328	6.e-002	0.1505	2.2008e-002	
9329	6.e-002	0.15331	2.9931e-002	
9330	6.e-002	0.15538	2.98e-002	
9331	6.e-002	0.15744	2.9608e-002	
9332	6.e-002	0.1595	2.3887e-002	
9333	6.e-002	0.1595	2.5709e-002	
9334	6.e-002	0.1595	2.7531e-002	
9335	6.e-002	0.1595	2.9353e-002	
9336	6.e-002	0.15123	2.9999e-002	
9337	6.e-002	0.15261	2.8677e-002	
9338	6.e-002	0.15399	2.7354e-002	
9339	6.e-002	0.15537	2.6032e-002	
9340	6.e-002	0.15674	2.471e-002	
9341	6.e-002	0.15812	2.3387e-002	
9342	6.e-002	0.1595	2.2065e-002	
9343	6.e-002	0.16261	2.8848e-002	
9344	6.e-002	0.16471	2.8423e-002	
9345	6.e-002	0.1668	2.7934e-002	
9346	6.e-002	0.1619	2.2754e-002	
9347	6.e-002	0.16329	2.368e-002	
9348	6.e-002	0.16469	2.4605e-002	
9349	6.e-002	0.16608	2.553e-002	
9350	6.e-002	0.16748	2.6455e-002	
9351	6.e-002	0.16887	2.738e-002	
9352	6.e-002	0.1605	2.9207e-002	
9353	6.e-002	0.1605	2.7362e-002	
9354	6.e-002	0.1605	2.5518e-002	
9355	6.e-002	0.1605	2.3674e-002	
9356	6.e-002	0.1605	2.1829e-002	
9357	6.e-002	0.17264	2.6189e-002	
9358	6.e-002	0.17476	2.5414e-002	
9359	6.e-002	0.17685	2.457e-002	
9360	6.e-002	0.1726	2.0572e-002	
9361	6.e-002	0.17471	2.16e-002	
9362	6.e-002	0.17681	2.2629e-002	
9363	6.e-002	0.17892	2.3658e-002	
9364	6.e-002	0.1705	2.6895e-002	
9365	6.e-002	0.1705	2.5057e-002	
9366	6.e-002	0.1705	2.3219e-002	
9367	6.e-002	0.1705	2.1381e-002	
9368	6.e-002	0.1705	1.9543e-002	
9369	6.e-002	0.18268	2.178e-002	
9370	6.e-002	0.18482	2.0581e-002	
9371	6.e-002	0.18691	1.9305e-002	
9372	6.e-002	0.18262	1.6222e-002	
9373	6.e-002	0.18473	1.68e-002	
9374	6.e-002	0.18685	1.7379e-002	
9375	6.e-002	0.18896	1.7957e-002	
9376	6.e-002	0.1805	2.2903e-002	
9377	6.e-002	0.1805	2.1088e-002	
9378	6.e-002	0.1805	1.9273e-002	
9379	6.e-002	0.1805	1.7459e-002	
9380	6.e-002	0.1805	1.5644e-002	
9381	6.e-002	0.1905	9.8264e-003	
9382	6.e-002	0.1925	9.8886e-003	
9383	6.e-002	0.19451	9.9508e-003	
9384	6.e-002	0.19651	1.0013e-002	
9385	6.e-002	0.1905	1.6874e-002	
9386	6.e-002	0.19191	1.5827e-002	
9387	6.e-002	0.19329	1.4744e-002	
9388	6.e-002	0.19464	1.3627e-002	
9389	6.e-002	0.19596	1.2476e-002	
9390	6.e-002	0.19851	1.0075e-002	
9391	6.e-002	0.19725	1.1292e-002	
9392	6.e-002	0.19831	1.1664e-002	
9393	6.e-002	0.19657	1.3271e-002	
9394	6.e-002	0.19478	1.4817e-002	
9395	6.e-002	0.19293	1.6302e-002	
9396	6.e-002	0.19103	1.7723e-002	
9397	6.e-002	0.18909	1.908e-002	
9398	6.e-002	0.1871	2.037e-002	
9399	6.e-002	0.18507	2.1591e-002	
9400	6.e-002	0.183	2.2744e-002	
9401	6.e-002	0.18089	2.3825e-002	
9402	6.e-002	0.17875	2.4835e-002	
9403	6.e-002	0.17657	2.5771e-002	
9404	6.e-002	0.17436	2.6634e-002	
9405	6.e-002	0.17213	2.7421e-002	
9406	6.e-002	0.16987	2.8132e-002	
9407	6.e-002	0.16758	2.8766e-002	
9408	6.e-002	0.16528	2.9322e-002	
9409	6.e-002	0.16296	2.98e-002	
9410	6.e-002	0.16062	3.0199e-002	
9411	6.e-002	0.15828	3.0519e-002	
9412	6.e-002	0.15592	3.076e-002	
9413	6.e-002	0.15355	3.092e-002	
9414	6.e-002	0.15118	3.1e-002	
9415	6.e-002	0.14882	3.1e-002	
9416	6.e-002	0.14645	3.092e-002	
9417	6.e-002	0.14408	3.076e-002	
9418	6.e-002	0.14172	3.0519e-002	
9419	6.e-002	0.13938	3.0199e-002	
9420	6.e-002	0.13704	2.98e-002	
9421	6.e-002	0.13472	2.9322e-002	
9422	6.e-002	0.13242	2.8766e-002	
9423	6.e-002	0.13013	2.8132e-002	
9424	6.e-002	0.12787	2.7421e-002	
9425	6.e-002	0.12564	2.6634e-002	
9426	6.e-002	0.12343	2.5771e-002	
9427	6.e-002	0.12125	2.4835e-002	
9428	6.e-002	0.11911	2.3825e-002	
9429	6.e-002	0.117	2.2744e-002	
9430	6.e-002	0.11493	2.1591e-002	
9431	6.e-002	0.1129	2.037e-002	
9432	6.e-002	0.11091	1.908e-002	
9433	6.e-002	0.10897	1.7723e-002	
9434	6.e-002	0.10707	1.6302e-002	
9435	6.e-002	0.10522	1.4817e-002	
9436	6.e-002	0.10343	1.3271e-002	
9437	6.e-002	0.10169	1.1664e-002	
9438	6.e-002	1.e-001	2.5e-003	
9439	6.e-002	1.e-001	5.e-003	
9440	6.e-002	1.e-001	7.5e-003	
9441	6.e-002	1.e-001	1.e-002	
9442	6.e-002	1.e-001	0.	
9443	6.e-002	0.10148	1.4666e-003	
9444	6.e-002	0.103	2.8885e-003	
9445	6.e-002	0.10457	4.2645e-003	
9446	6.e-002	0.10617	5.5932e-003	
9447	6.e-002	0.10782	6.8736e-003	
9448	6.e-002	0.1095	2.0261e-003	
9449	6.e-002	0.1095	4.0522e-003	
9450	6.e-002	0.1095	6.0783e-003	
9451	6.e-002	0.1095	8.1044e-003	
9452	6.e-002	0.1095	0.	
9453	6.e-002	0.1105	6.6006e-003	
9454	6.e-002	0.1105	4.4004e-003	
9455	6.e-002	0.1105	2.2002e-003	
9456	6.e-002	0.1105	0.	
9457	6.e-002	0.1105	8.8008e-003	
9458	6.e-002	0.11194	9.7621e-003	
9459	6.e-002	0.11341	1.0687e-002	
9460	6.e-002	0.1149	1.1576e-002	
9461	6.e-002	0.11642	1.2427e-002	
9462	6.e-002	0.11795	1.3241e-002	
9463	6.e-002	0.1195	2.336e-003	
9464	6.e-002	0.1195	4.6721e-003	
9465	6.e-002	0.1195	7.0081e-003	
9466	6.e-002	0.1195	9.3441e-003	
9467	6.e-002	0.1195	1.168e-002	
9468	6.e-002	0.1195	1.4016e-002	
9469	6.e-002	0.1195	0.	
9470	6.e-002	0.1205	1.2075e-002	
9471	6.e-002	0.1205	9.6603e-003	
9472	6.e-002	0.1205	7.2453e-003	
9473	6.e-002	0.1205	4.8302e-003	
9474	6.e-002	0.1205	2.4151e-003	
9475	6.e-002	0.1205	0.	
9476	6.e-002	0.1205	1.4491e-002	
9477	6.e-002	0.1227	1.5469e-002	
9478	6.e-002	0.12494	1.6371e-002	
9479	6.e-002	0.12721	1.7195e-002	
9480	6.e-002	0.1295	2.2426e-003	
9481	6.e-002	0.1295	4.4853e-003	
9482	6.e-002	0.1295	6.7279e-003	
9483	6.e-002	0.1295	8.9706e-003	
9484	6.e-002	0.1295	1.1213e-002	
9485	6.e-002	0.1295	1.3456e-002	
9486	6.e-002	0.1295	1.5698e-002	
9487	6.e-002	0.1295	1.7941e-002	
9488	6.e-002	0.1295	0.	
9489	6.e-002	0.1305	1.5959e-002	
9490	6.e-002	0.1305	1.3679e-002	
9491	6.e-002	0.1305	1.14e-002	
9492	6.e-002	0.1305	9.1196e-003	
9493	6.e-002	0.1305	6.8397e-003	
9494	6.e-002	0.1305	4.5598e-003	
9495	6.e-002	0.1305	2.2799e-003	
9496	6.e-002	0.1305	-2.7768e-031	
9497	6.e-002	0.1305	1.8239e-002	
9498	6.e-002	0.13272	1.8845e-002	
9499	6.e-002	0.13497	1.9377e-002	
9500	6.e-002	0.13723	1.9835e-002	
9501	6.e-002	0.1395	2.0218e-003	
9502	6.e-002	0.1395	4.0436e-003	
9503	6.e-002	0.1395	6.0655e-003	
9504	6.e-002	0.1395	8.0873e-003	
9505	6.e-002	0.1395	1.0109e-002	
9506	6.e-002	0.1395	1.2131e-002	
9507	6.e-002	0.1395	1.4153e-002	
9508	6.e-002	0.1395	1.6175e-002	
9509	6.e-002	0.1395	1.8196e-002	
9510	6.e-002	0.1395	2.0218e-002	
9511	6.e-002	0.1395	3.4694e-018	
9512	6.e-002	0.1405	1.8326e-002	
9513	6.e-002	0.1405	1.629e-002	
9514	6.e-002	0.1405	1.4254e-002	
9515	6.e-002	0.1405	1.2218e-002	
9516	6.e-002	0.1405	1.0181e-002	
9517	6.e-002	0.1405	8.145e-003	
9518	6.e-002	0.1405	6.1088e-003	
9519	6.e-002	0.1405	4.0725e-003	
9520	6.e-002	0.1405	2.0363e-003	
9521	6.e-002	0.1405	2.7515e-030	
9522	6.e-002	0.1405	2.0363e-002	
9523	6.e-002	0.14274	2.0633e-002	
9524	6.e-002	0.14499	2.0831e-002	
9525	6.e-002	0.14724	2.0956e-002	
9526	6.e-002	0.1495	2.1008e-003	
9527	6.e-002	0.1495	4.2017e-003	
9528	6.e-002	0.1495	6.3025e-003	
9529	6.e-002	0.1495	8.4034e-003	
9530	6.e-002	0.1495	1.0504e-002	
9531	6.e-002	0.1495	1.2605e-002	
9532	6.e-002	0.1495	1.4706e-002	
9533	6.e-002	0.1495	1.6807e-002	
9534	6.e-002	0.1495	1.8908e-002	
9535	6.e-002	0.1495	2.1008e-002	
9536	6.e-002	0.1495	0.	
9537	6.e-002	0.1505	1.8908e-002	
9538	6.e-002	0.1505	1.6807e-002	
9539	6.e-002	0.1505	1.4706e-002	
9540	6.e-002	0.1505	1.2605e-002	
9541	6.e-002	0.1505	1.0504e-002	
9542	6.e-002	0.1505	8.4034e-003	
9543	6.e-002	0.1505	6.3025e-003	
9544	6.e-002	0.1505	4.2017e-003	
9545	6.e-002	0.1505	2.1008e-003	
9546	6.e-002	0.1505	5.3011e-031	
9547	6.e-002	0.1505	2.1008e-002	
9548	6.e-002	0.15276	2.0956e-002	
9549	6.e-002	0.15501	2.0831e-002	
9550	6.e-002	0.15726	2.0633e-002	
9551	6.e-002	0.1595	2.0363e-003	
9552	6.e-002	0.1595	4.0725e-003	
9553	6.e-002	0.1595	6.1088e-003	
9554	6.e-002	0.1595	8.145e-003	
9555	6.e-002	0.1595	1.0181e-002	
9556	6.e-002	0.1595	1.2218e-002	
9557	6.e-002	0.1595	1.4254e-002	
9558	6.e-002	0.1595	1.629e-002	
9559	6.e-002	0.1595	1.8326e-002	
9560	6.e-002	0.1595	2.0363e-002	
9561	6.e-002	0.1595	0.	
9562	6.e-002	0.1605	1.8196e-002	
9563	6.e-002	0.1605	1.6175e-002	
9564	6.e-002	0.1605	1.4153e-002	
9565	6.e-002	0.1605	1.2131e-002	
9566	6.e-002	0.1605	1.0109e-002	
9567	6.e-002	0.1605	8.0873e-003	
9568	6.e-002	0.1605	6.0655e-003	
9569	6.e-002	0.1605	4.0436e-003	
9570	6.e-002	0.1605	2.0218e-003	
9571	6.e-002	0.1605	2.1205e-030	
9572	6.e-002	0.1605	2.0218e-002	
9573	6.e-002	0.16277	1.9835e-002	
9574	6.e-002	0.16503	1.9377e-002	
9575	6.e-002	0.16728	1.8845e-002	
9576	6.e-002	0.1695	2.2799e-003	
9577	6.e-002	0.1695	4.5598e-003	
9578	6.e-002	0.1695	6.8397e-003	
9579	6.e-002	0.1695	9.1196e-003	
9580	6.e-002	0.1695	1.14e-002	
9581	6.e-002	0.1695	1.3679e-002	
9582	6.e-002	0.1695	1.5959e-002	
9583	6.e-002	0.1695	1.8239e-002	
9584	6.e-002	0.1695	0.	
9585	6.e-002	0.1705	1.5698e-002	
9586	6.e-002	0.1705	1.3456e-002	
9587	6.e-002	0.1705	1.1213e-002	
9588	6.e-002	0.1705	8.9706e-003	
9589	6.e-002	0.1705	6.7279e-003	
9590	6.e-002	0.1705	4.4853e-003	
9591	6.e-002	0.1705	2.2426e-003	
9592	6.e-002	0.1705	-6.0585e-031	
9593	6.e-002	0.1705	1.7941e-002	
9594	6.e-002	0.17279	1.7195e-002	
9595	6.e-002	0.17506	1.6371e-002	
9596	6.e-002	0.1773	1.5469e-002	
9597	6.e-002	0.1795	2.4151e-003	
9598	6.e-002	0.1795	4.8302e-003	
9599	6.e-002	0.1795	7.2453e-003	
9600	6.e-002	0.1795	9.6603e-003	
9601	6.e-002	0.1795	1.2075e-002	
9602	6.e-002	0.1795	1.4491e-002	
9603	6.e-002	0.1795	0.	
9604	6.e-002	0.1805	1.168e-002	
9605	6.e-002	0.1805	9.3441e-003	
9606	6.e-002	0.1805	7.0081e-003	
9607	6.e-002	0.1805	4.6721e-003	
9608	6.e-002	0.1805	2.336e-003	
9609	6.e-002	0.1805	2.0195e-031	
9610	6.e-002	0.1805	1.4016e-002	
9611	6.e-002	0.18205	1.3241e-002	
9612	6.e-002	0.18358	1.2427e-002	
9613	6.e-002	0.1851	1.1576e-002	
9614	6.e-002	0.18659	1.0687e-002	
9615	6.e-002	0.18806	9.7621e-003	
9616	6.e-002	0.1895	2.2002e-003	
9617	6.e-002	0.1895	4.4004e-003	
9618	6.e-002	0.1895	6.6006e-003	
9619	6.e-002	0.1895	8.8008e-003	
9620	6.e-002	0.1895	0.	
9621	6.e-002	0.1905	6.0783e-003	
9622	6.e-002	0.1905	4.0522e-003	
9623	6.e-002	0.1905	2.0261e-003	
9624	6.e-002	0.1905	-1.0602e-030	
9625	6.e-002	0.1905	8.1044e-003	
9626	6.e-002	0.19218	6.8736e-003	
9627	6.e-002	0.19383	5.5932e-003	
9628	6.e-002	0.19543	4.2645e-003	
9629	6.e-002	0.197	2.8885e-003	
9630	6.e-002	0.19852	1.4666e-003	
9631	6.e-002	0.2	1.e-002	
9632	6.e-002	0.2	7.5e-003	
9633	6.e-002	0.2	5.e-003	
9634	6.e-002	0.2	2.5e-003	
9635	6.e-002	0.2	1.3878e-017	
9636	6.e-002	0.199	7.4151e-003	
9637	6.e-002	0.199	5.7405e-003	
9638	6.e-002	0.199	4.0658e-003	
9639	6.e-002	0.19255	7.8497e-003	
9640	6.e-002	0.19389	6.8201e-003	
9641	6.e-002	0.19521	5.7589e-003	
9642	6.e-002	0.1965	4.6665e-003	
9643	6.e-002	0.199	2.3911e-003	
9644	6.e-002	0.19776	3.5437e-003	
9645	6.e-002	0.19118	8.8471e-003	
9646	6.e-002	0.19314	8.9077e-003	
9647	6.e-002	0.19509	8.9684e-003	
9648	6.e-002	0.19705	9.0291e-003	
9649	6.e-002	0.199	9.0898e-003	
9650	6.e-002	0.1895	1.5302e-002	
9651	6.e-002	0.1895	1.3538e-002	
9652	6.e-002	0.1895	1.1773e-002	
9653	6.e-002	0.18332	1.3704e-002	
9654	6.e-002	0.18542	1.2542e-002	
9655	6.e-002	0.1895	1.0008e-002	
9656	6.e-002	0.18748	1.1309e-002	
9657	6.e-002	0.18119	1.4794e-002	
9658	6.e-002	0.18326	1.5363e-002	
9659	6.e-002	0.18534	1.5931e-002	
9660	6.e-002	0.18742	1.6499e-002	
9661	6.e-002	0.1895	1.7067e-002	
9662	6.e-002	0.1795	2.102e-002	
9663	6.e-002	0.1795	1.9211e-002	
9664	6.e-002	0.1795	1.7401e-002	
9665	6.e-002	0.17331	1.8074e-002	
9666	6.e-002	0.1754	1.7312e-002	
9667	6.e-002	0.1795	1.5592e-002	
9668	6.e-002	0.17746	1.6484e-002	
9669	6.e-002	0.1712	1.8772e-002	
9670	6.e-002	0.17327	1.9786e-002	
9671	6.e-002	0.17535	2.0801e-002	
9672	6.e-002	0.17742	2.1815e-002	
9673	6.e-002	0.1795	2.283e-002	
9674	6.e-002	0.1695	2.4768e-002	
9675	6.e-002	0.1695	2.2939e-002	
9676	6.e-002	0.1695	2.1109e-002	
9677	6.e-002	0.16332	2.075e-002	
9678	6.e-002	0.16539	2.0321e-002	
9679	6.e-002	0.1695	1.928e-002	
9680	6.e-002	0.16745	1.9831e-002	
9681	6.e-002	0.16123	2.1116e-002	
9682	6.e-002	0.1633	2.2486e-002	
9683	6.e-002	0.16537	2.3857e-002	
9684	6.e-002	0.16743	2.5227e-002	
9685	6.e-002	0.1695	2.6598e-002	
9686	6.e-002	0.12254	1.6484e-002	
9687	6.e-002	0.1246	1.7312e-002	
9688	6.e-002	0.12669	1.8074e-002	
9689	6.e-002	0.1205	1.5592e-002	
9690	6.e-002	0.1205	1.7401e-002	
9691	6.e-002	0.1205	1.9211e-002	
9692	6.e-002	0.1205	2.102e-002	
9693	6.e-002	0.1205	2.283e-002	
9694	6.e-002	0.12258	2.1815e-002	
9695	6.e-002	0.12465	2.0801e-002	
9696	6.e-002	0.12673	1.9786e-002	
9697	6.e-002	0.1288	1.8772e-002	
9698	6.e-002	0.10224	3.5437e-003	
9699	6.e-002	0.1035	4.6665e-003	
9700	6.e-002	0.10479	5.7589e-003	
9701	6.e-002	0.10611	6.8201e-003	
9702	6.e-002	0.10745	7.8497e-003	
9703	6.e-002	0.101	2.3911e-003	
9704	6.e-002	0.101	4.0658e-003	
9705	6.e-002	0.101	5.7405e-003	
9706	6.e-002	0.101	7.4151e-003	
9707	6.e-002	0.101	9.0898e-003	
9708	6.e-002	0.10295	9.0291e-003	
9709	6.e-002	0.10491	8.9684e-003	
9710	6.e-002	0.10686	8.9077e-003	
9711	6.e-002	0.10882	8.8471e-003	
9712	6.e-002	0.10275	1.1292e-002	
9713	6.e-002	0.10404	1.2476e-002	
9714	6.e-002	0.10536	1.3627e-002	
9715	6.e-002	0.10671	1.4744e-002	
9716	6.e-002	0.10809	1.5827e-002	
9717	6.e-002	0.1095	1.1588e-002	
9718	6.e-002	0.1095	1.335e-002	
9719	6.e-002	0.1095	1.5112e-002	
9720	6.e-002	0.1095	1.6874e-002	
9721	6.e-002	0.10149	1.0075e-002	
9722	6.e-002	0.10349	1.0013e-002	
9723	6.e-002	0.10549	9.9508e-003	
9724	6.e-002	0.1075	9.8886e-003	
9725	6.e-002	0.1095	9.8264e-003	
9726	6.e-002	0.11674	1.5363e-002	
9727	6.e-002	0.11466	1.5931e-002	
9728	6.e-002	0.11258	1.6499e-002	
9729	6.e-002	0.11881	1.4794e-002	
9730	6.e-002	0.11668	1.3704e-002	
9731	6.e-002	0.11458	1.2542e-002	
9732	6.e-002	0.11252	1.1309e-002	
9733	6.e-002	0.1105	1.7067e-002	
9734	6.e-002	0.1105	1.5302e-002	
9735	6.e-002	0.1105	1.3538e-002	
9736	6.e-002	0.1105	1.1773e-002	
9737	6.e-002	0.1105	1.0008e-002	
9738	6.e-002	0.11309	1.9305e-002	
9739	6.e-002	0.11518	2.0581e-002	
9740	6.e-002	0.11732	2.178e-002	
9741	6.e-002	0.1195	1.7459e-002	
9742	6.e-002	0.1195	1.9273e-002	
9743	6.e-002	0.1195	2.1088e-002	
9744	6.e-002	0.1195	2.2903e-002	
9745	6.e-002	0.11104	1.7957e-002	
9746	6.e-002	0.11315	1.7379e-002	
9747	6.e-002	0.11527	1.68e-002	
9748	6.e-002	0.11738	1.6222e-002	
9749	6.e-002	0.1195	1.5644e-002	
9750	6.e-002	0.12315	2.457e-002	
9751	6.e-002	0.12524	2.5414e-002	
9752	6.e-002	0.12736	2.6189e-002	
9753	6.e-002	0.1295	2.1381e-002	
9754	6.e-002	0.1295	2.3219e-002	
9755	6.e-002	0.1295	2.5057e-002	
9756	6.e-002	0.1295	2.6895e-002	
9757	6.e-002	0.12108	2.3658e-002	
9758	6.e-002	0.12319	2.2629e-002	
9759	6.e-002	0.12529	2.16e-002	
9760	6.e-002	0.1274	2.0572e-002	
9761	6.e-002	0.1295	1.9543e-002	
9762	6.e-002	0.1367	2.2486e-002	
9763	6.e-002	0.13463	2.3857e-002	
9764	6.e-002	0.13257	2.5227e-002	
9765	6.e-002	0.13877	2.1116e-002	
9766	6.e-002	0.13668	2.075e-002	
9767	6.e-002	0.13461	2.0321e-002	
9768	6.e-002	0.13255	1.9831e-002	
9769	6.e-002	0.1305	2.6598e-002	
9770	6.e-002	0.1305	2.4768e-002	
9771	6.e-002	0.1305	2.2939e-002	
9772	6.e-002	0.1305	2.1109e-002	
9773	6.e-002	0.1305	1.928e-002	
9774	6.e-002	0.1332	2.7934e-002	
9775	6.e-002	0.13529	2.8423e-002	
9776	6.e-002	0.13739	2.8848e-002	
9777	6.e-002	0.1395	2.3674e-002	
9778	6.e-002	0.1395	2.5518e-002	
9779	6.e-002	0.1395	2.7362e-002	
9780	6.e-002	0.1395	2.9207e-002	
9781	6.e-002	0.13113	2.738e-002	
9782	6.e-002	0.13252	2.6455e-002	
9783	6.e-002	0.13392	2.553e-002	
9784	6.e-002	0.13531	2.4605e-002	
9785	6.e-002	0.13671	2.368e-002	
9786	6.e-002	0.1381	2.2754e-002	
9787	6.e-002	0.1395	2.1829e-002	
9788	6.e-002	0.14735	2.3117e-002	
9789	6.e-002	0.14598	2.4235e-002	
9790	6.e-002	0.14461	2.5353e-002	
9791	6.e-002	0.14324	2.6471e-002	
9792	6.e-002	0.14187	2.759e-002	
9793	6.e-002	0.14872	2.1999e-002	
9794	6.e-002	0.14666	2.1932e-002	
9795	6.e-002	0.1446	2.1805e-002	
9796	6.e-002	0.14255	2.1618e-002	
9797	6.e-002	0.1405	2.8708e-002	
9798	6.e-002	0.1405	2.6874e-002	
9799	6.e-002	0.1405	2.504e-002	
9800	6.e-002	0.1405	2.3206e-002	
9801	6.e-002	0.1405	2.1372e-002	
9802	6.e-002	0.14118	2.9444e-002	
9803	6.e-002	0.14325	2.9679e-002	
9804	6.e-002	0.14533	2.9852e-002	
9805	6.e-002	0.14741	2.9962e-002	
9806	6.e-002	0.1495	2.2654e-002	
9807	6.e-002	0.1495	2.4493e-002	
9808	6.e-002	0.1495	2.6332e-002	
9809	6.e-002	0.1495	2.817e-002	
9810	6.e-002	0.1495	3.0009e-002	
9811	5.9e-002	0.1495	2.817e-002	
9812	5.9e-002	0.1495	2.6332e-002	
9813	5.9e-002	0.1495	2.4493e-002	
9814	5.9e-002	0.1495	2.2654e-002	
9815	5.9e-002	0.1495	3.0009e-002	
9816	5.9e-002	0.14325	2.9679e-002	
9817	5.9e-002	0.14118	2.9444e-002	
9818	5.9e-002	0.14533	2.9852e-002	
9819	5.9e-002	0.14741	2.9962e-002	
9820	5.9e-002	0.1405	2.3206e-002	
9821	5.9e-002	0.1405	2.504e-002	
9822	5.9e-002	0.1405	2.6874e-002	
9823	5.9e-002	0.1405	2.8708e-002	
9824	5.9e-002	0.1405	2.1372e-002	
9825	5.9e-002	0.14666	2.1932e-002	
9826	5.9e-002	0.14872	2.1999e-002	
9827	5.9e-002	0.1446	2.1805e-002	
9828	5.9e-002	0.14255	2.1618e-002	
9829	5.9e-002	0.14187	2.759e-002	
9830	5.9e-002	0.14324	2.6471e-002	
9831	5.9e-002	0.14461	2.5353e-002	
9832	5.9e-002	0.14598	2.4235e-002	
9833	5.9e-002	0.14735	2.3117e-002	
9834	5.9e-002	0.1381	2.2754e-002	
9835	5.9e-002	0.13671	2.368e-002	
9836	5.9e-002	0.13531	2.4605e-002	
9837	5.9e-002	0.13392	2.553e-002	
9838	5.9e-002	0.13252	2.6455e-002	
9839	5.9e-002	0.13113	2.738e-002	
9840	5.9e-002	0.1395	2.1829e-002	
9841	5.9e-002	0.1395	2.7362e-002	
9842	5.9e-002	0.1395	2.5518e-002	
9843	5.9e-002	0.1395	2.3674e-002	
9844	5.9e-002	0.1395	2.9207e-002	
9845	5.9e-002	0.1332	2.7934e-002	
9846	5.9e-002	0.13529	2.8423e-002	
9847	5.9e-002	0.13739	2.8848e-002	
9848	5.9e-002	0.1305	2.1109e-002	
9849	5.9e-002	0.1305	2.2939e-002	
9850	5.9e-002	0.1305	2.4768e-002	
9851	5.9e-002	0.1305	2.6598e-002	
9852	5.9e-002	0.1305	1.928e-002	
9853	5.9e-002	0.13668	2.075e-002	
9854	5.9e-002	0.13877	2.1116e-002	
9855	5.9e-002	0.13461	2.0321e-002	
9856	5.9e-002	0.13255	1.9831e-002	
9857	5.9e-002	0.13257	2.5227e-002	
9858	5.9e-002	0.13463	2.3857e-002	
9859	5.9e-002	0.1367	2.2486e-002	
9860	5.9e-002	0.1274	2.0572e-002	
9861	5.9e-002	0.12529	2.16e-002	
9862	5.9e-002	0.12319	2.2629e-002	
9863	5.9e-002	0.12108	2.3658e-002	
9864	5.9e-002	0.1295	1.9543e-002	
9865	5.9e-002	0.1295	2.5057e-002	
9866	5.9e-002	0.1295	2.3219e-002	
9867	5.9e-002	0.1295	2.1381e-002	
9868	5.9e-002	0.1295	2.6895e-002	
9869	5.9e-002	0.12315	2.457e-002	
9870	5.9e-002	0.12524	2.5414e-002	
9871	5.9e-002	0.12736	2.6189e-002	
9872	5.9e-002	0.11738	1.6222e-002	
9873	5.9e-002	0.11527	1.68e-002	
9874	5.9e-002	0.11315	1.7379e-002	
9875	5.9e-002	0.11104	1.7957e-002	
9876	5.9e-002	0.1195	1.5644e-002	
9877	5.9e-002	0.1195	2.1088e-002	
9878	5.9e-002	0.1195	1.9273e-002	
9879	5.9e-002	0.1195	1.7459e-002	
9880	5.9e-002	0.1195	2.2903e-002	
9881	5.9e-002	0.11309	1.9305e-002	
9882	5.9e-002	0.11518	2.0581e-002	
9883	5.9e-002	0.11732	2.178e-002	
9884	5.9e-002	0.1105	1.1773e-002	
9885	5.9e-002	0.1105	1.3538e-002	
9886	5.9e-002	0.1105	1.5302e-002	
9887	5.9e-002	0.1105	1.7067e-002	
9888	5.9e-002	0.1105	1.0008e-002	
9889	5.9e-002	0.11668	1.3704e-002	
9890	5.9e-002	0.11881	1.4794e-002	
9891	5.9e-002	0.11458	1.2542e-002	
9892	5.9e-002	0.11252	1.1309e-002	
9893	5.9e-002	0.11258	1.6499e-002	
9894	5.9e-002	0.11466	1.5931e-002	
9895	5.9e-002	0.11674	1.5363e-002	
9896	5.9e-002	0.1075	9.8886e-003	
9897	5.9e-002	0.10549	9.9508e-003	
9898	5.9e-002	0.10349	1.0013e-002	
9899	5.9e-002	0.10149	1.0075e-002	
9900	5.9e-002	0.1095	9.8264e-003	
9901	5.9e-002	0.1095	1.5112e-002	
9902	5.9e-002	0.1095	1.335e-002	
9903	5.9e-002	0.1095	1.1588e-002	
9904	5.9e-002	0.1095	1.6874e-002	
9905	5.9e-002	0.10275	1.1292e-002	
9906	5.9e-002	0.10404	1.2476e-002	
9907	5.9e-002	0.10536	1.3627e-002	
9908	5.9e-002	0.10671	1.4744e-002	
9909	5.9e-002	0.10809	1.5827e-002	
9910	5.9e-002	0.10686	8.9077e-003	
9911	5.9e-002	0.10491	8.9684e-003	
9912	5.9e-002	0.10295	9.0291e-003	
9913	5.9e-002	0.10882	8.8471e-003	
9914	5.9e-002	0.101	9.0898e-003	
9915	5.9e-002	0.101	7.4151e-003	
9916	5.9e-002	0.101	5.7405e-003	
9917	5.9e-002	0.101	4.0658e-003	
9918	5.9e-002	0.101	2.3911e-003	
9919	5.9e-002	0.10224	3.5437e-003	
9920	5.9e-002	0.1035	4.6665e-003	
9921	5.9e-002	0.10479	5.7589e-003	
9922	5.9e-002	0.10611	6.8201e-003	
9923	5.9e-002	0.10745	7.8497e-003	
9924	5.9e-002	0.12673	1.9786e-002	
9925	5.9e-002	0.12465	2.0801e-002	
9926	5.9e-002	0.12258	2.1815e-002	
9927	5.9e-002	0.1288	1.8772e-002	
9928	5.9e-002	0.1205	2.283e-002	
9929	5.9e-002	0.1205	2.102e-002	
9930	5.9e-002	0.1205	1.9211e-002	
9931	5.9e-002	0.1205	1.7401e-002	
9932	5.9e-002	0.1205	1.5592e-002	
9933	5.9e-002	0.12254	1.6484e-002	
9934	5.9e-002	0.1246	1.7312e-002	
9935	5.9e-002	0.12669	1.8074e-002	
9936	5.9e-002	0.16743	2.5227e-002	
9937	5.9e-002	0.16537	2.3857e-002	
9938	5.9e-002	0.1633	2.2486e-002	
9939	5.9e-002	0.1695	2.6598e-002	
9940	5.9e-002	0.16123	2.1116e-002	
9941	5.9e-002	0.16332	2.075e-002	
9942	5.9e-002	0.16539	2.0321e-002	
9943	5.9e-002	0.16745	1.9831e-002	
9944	5.9e-002	0.1695	1.928e-002	
9945	5.9e-002	0.1695	2.1109e-002	
9946	5.9e-002	0.1695	2.2939e-002	
9947	5.9e-002	0.1695	2.4768e-002	
9948	5.9e-002	0.17742	2.1815e-002	
9949	5.9e-002	0.17535	2.0801e-002	
9950	5.9e-002	0.17327	1.9786e-002	
9951	5.9e-002	0.1795	2.283e-002	
9952	5.9e-002	0.1712	1.8772e-002	
9953	5.9e-002	0.17331	1.8074e-002	
9954	5.9e-002	0.1754	1.7312e-002	
9955	5.9e-002	0.17746	1.6484e-002	
9956	5.9e-002	0.1795	1.5592e-002	
9957	5.9e-002	0.1795	1.7401e-002	
9958	5.9e-002	0.1795	1.9211e-002	
9959	5.9e-002	0.1795	2.102e-002	
9960	5.9e-002	0.18742	1.6499e-002	
9961	5.9e-002	0.18534	1.5931e-002	
9962	5.9e-002	0.18326	1.5363e-002	
9963	5.9e-002	0.1895	1.7067e-002	
9964	5.9e-002	0.18119	1.4794e-002	
9965	5.9e-002	0.18332	1.3704e-002	
9966	5.9e-002	0.18542	1.2542e-002	
9967	5.9e-002	0.18748	1.1309e-002	
9968	5.9e-002	0.1895	1.0008e-002	
9969	5.9e-002	0.1895	1.1773e-002	
9970	5.9e-002	0.1895	1.3538e-002	
9971	5.9e-002	0.1895	1.5302e-002	
9972	5.9e-002	0.19705	9.0291e-003	
9973	5.9e-002	0.19509	8.9684e-003	
9974	5.9e-002	0.19314	8.9077e-003	
9975	5.9e-002	0.199	9.0898e-003	
9976	5.9e-002	0.19118	8.8471e-003	
9977	5.9e-002	0.19255	7.8497e-003	
9978	5.9e-002	0.19389	6.8201e-003	
9979	5.9e-002	0.19521	5.7589e-003	
9980	5.9e-002	0.1965	4.6665e-003	
9981	5.9e-002	0.19776	3.5437e-003	
9982	5.9e-002	0.199	2.3911e-003	
9983	5.9e-002	0.199	4.0658e-003	
9984	5.9e-002	0.199	5.7405e-003	
9985	5.9e-002	0.199	7.4151e-003	
9986	5.9e-002	0.2	2.5e-003	
9987	5.9e-002	0.2	5.e-003	
9988	5.9e-002	0.2	7.5e-003	
9989	5.9e-002	0.2	1.e-002	
9990	5.9e-002	0.2	1.3878e-017	
9991	5.9e-002	0.19218	6.8736e-003	
9992	5.9e-002	0.1905	8.1044e-003	
9993	5.9e-002	0.19383	5.5932e-003	
9994	5.9e-002	0.19543	4.2645e-003	
9995	5.9e-002	0.197	2.8885e-003	
9996	5.9e-002	0.19852	1.4666e-003	
9997	5.9e-002	0.1905	2.0261e-003	
9998	5.9e-002	0.1905	4.0522e-003	
9999	5.9e-002	0.1905	6.0783e-003	
10000	5.9e-002	0.1905	-1.0602e-030	
10001	5.9e-002	0.1895	0.	
10002	5.9e-002	0.1895	6.6006e-003	
10003	5.9e-002	0.1895	4.4004e-003	
10004	5.9e-002	0.1895	2.2002e-003	
10005	5.9e-002	0.1895	8.8008e-003	
10006	5.9e-002	0.18205	1.3241e-002	
10007	5.9e-002	0.1805	1.4016e-002	
10008	5.9e-002	0.18358	1.2427e-002	
10009	5.9e-002	0.1851	1.1576e-002	
10010	5.9e-002	0.18659	1.0687e-002	
10011	5.9e-002	0.18806	9.7621e-003	
10012	5.9e-002	0.1805	2.336e-003	
10013	5.9e-002	0.1805	4.6721e-003	
10014	5.9e-002	0.1805	7.0081e-003	
10015	5.9e-002	0.1805	9.3441e-003	
10016	5.9e-002	0.1805	1.168e-002	
10017	5.9e-002	0.1805	2.0195e-031	
10018	5.9e-002	0.1795	0.	
10019	5.9e-002	0.1795	1.2075e-002	
10020	5.9e-002	0.1795	9.6603e-003	
10021	5.9e-002	0.1795	7.2453e-003	
10022	5.9e-002	0.1795	4.8302e-003	
10023	5.9e-002	0.1795	2.4151e-003	
10024	5.9e-002	0.1795	1.4491e-002	
10025	5.9e-002	0.17279	1.7195e-002	
10026	5.9e-002	0.1705	1.7941e-002	
10027	5.9e-002	0.17506	1.6371e-002	
10028	5.9e-002	0.1773	1.5469e-002	
10029	5.9e-002	0.1705	2.2426e-003	
10030	5.9e-002	0.1705	4.4853e-003	
10031	5.9e-002	0.1705	6.7279e-003	
10032	5.9e-002	0.1705	8.9706e-003	
10033	5.9e-002	0.1705	1.1213e-002	
10034	5.9e-002	0.1705	1.3456e-002	
10035	5.9e-002	0.1705	1.5698e-002	
10036	5.9e-002	0.1705	-6.0585e-031	
10037	5.9e-002	0.1695	0.	
10038	5.9e-002	0.1695	1.5959e-002	
10039	5.9e-002	0.1695	1.3679e-002	
10040	5.9e-002	0.1695	1.14e-002	
10041	5.9e-002	0.1695	9.1196e-003	
10042	5.9e-002	0.1695	6.8397e-003	
10043	5.9e-002	0.1695	4.5598e-003	
10044	5.9e-002	0.1695	2.2799e-003	
10045	5.9e-002	0.1695	1.8239e-002	
10046	5.9e-002	0.16277	1.9835e-002	
10047	5.9e-002	0.1605	2.0218e-002	
10048	5.9e-002	0.16503	1.9377e-002	
10049	5.9e-002	0.16728	1.8845e-002	
10050	5.9e-002	0.1605	2.0218e-003	
10051	5.9e-002	0.1605	4.0436e-003	
10052	5.9e-002	0.1605	6.0655e-003	
10053	5.9e-002	0.1605	8.0873e-003	
10054	5.9e-002	0.1605	1.0109e-002	
10055	5.9e-002	0.1605	1.2131e-002	
10056	5.9e-002	0.1605	1.4153e-002	
10057	5.9e-002	0.1605	1.6175e-002	
10058	5.9e-002	0.1605	1.8196e-002	
10059	5.9e-002	0.1605	2.1205e-030	
10060	5.9e-002	0.1595	0.	
10061	5.9e-002	0.1595	1.8326e-002	
10062	5.9e-002	0.1595	1.629e-002	
10063	5.9e-002	0.1595	1.4254e-002	
10064	5.9e-002	0.1595	1.2218e-002	
10065	5.9e-002	0.1595	1.0181e-002	
10066	5.9e-002	0.1595	8.145e-003	
10067	5.9e-002	0.1595	6.1088e-003	
10068	5.9e-002	0.1595	4.0725e-003	
10069	5.9e-002	0.1595	2.0363e-003	
10070	5.9e-002	0.1595	2.0363e-002	
10071	5.9e-002	0.15276	2.0956e-002	
10072	5.9e-002	0.1505	2.1008e-002	
10073	5.9e-002	0.15501	2.0831e-002	
10074	5.9e-002	0.15726	2.0633e-002	
10075	5.9e-002	0.1505	2.1008e-003	
10076	5.9e-002	0.1505	4.2017e-003	
10077	5.9e-002	0.1505	6.3025e-003	
10078	5.9e-002	0.1505	8.4034e-003	
10079	5.9e-002	0.1505	1.0504e-002	
10080	5.9e-002	0.1505	1.2605e-002	
10081	5.9e-002	0.1505	1.4706e-002	
10082	5.9e-002	0.1505	1.6807e-002	
10083	5.9e-002	0.1505	1.8908e-002	
10084	5.9e-002	0.1505	5.3011e-031	
10085	5.9e-002	0.1495	0.	
10086	5.9e-002	0.1495	1.8908e-002	
10087	5.9e-002	0.1495	1.6807e-002	
10088	5.9e-002	0.1495	1.4706e-002	
10089	5.9e-002	0.1495	1.2605e-002	
10090	5.9e-002	0.1495	1.0504e-002	
10091	5.9e-002	0.1495	8.4034e-003	
10092	5.9e-002	0.1495	6.3025e-003	
10093	5.9e-002	0.1495	4.2017e-003	
10094	5.9e-002	0.1495	2.1008e-003	
10095	5.9e-002	0.1495	2.1008e-002	
10096	5.9e-002	0.14274	2.0633e-002	
10097	5.9e-002	0.1405	2.0363e-002	
10098	5.9e-002	0.14499	2.0831e-002	
10099	5.9e-002	0.14724	2.0956e-002	
10100	5.9e-002	0.1405	2.0363e-003	
10101	5.9e-002	0.1405	4.0725e-003	
10102	5.9e-002	0.1405	6.1088e-003	
10103	5.9e-002	0.1405	8.145e-003	
10104	5.9e-002	0.1405	1.0181e-002	
10105	5.9e-002	0.1405	1.2218e-002	
10106	5.9e-002	0.1405	1.4254e-002	
10107	5.9e-002	0.1405	1.629e-002	
10108	5.9e-002	0.1405	1.8326e-002	
10109	5.9e-002	0.1405	2.7515e-030	
10110	5.9e-002	0.1395	3.4694e-018	
10111	5.9e-002	0.1395	1.8196e-002	
10112	5.9e-002	0.1395	1.6175e-002	
10113	5.9e-002	0.1395	1.4153e-002	
10114	5.9e-002	0.1395	1.2131e-002	
10115	5.9e-002	0.1395	1.0109e-002	
10116	5.9e-002	0.1395	8.0873e-003	
10117	5.9e-002	0.1395	6.0655e-003	
10118	5.9e-002	0.1395	4.0436e-003	
10119	5.9e-002	0.1395	2.0218e-003	
10120	5.9e-002	0.1395	2.0218e-002	
10121	5.9e-002	0.13272	1.8845e-002	
10122	5.9e-002	0.1305	1.8239e-002	
10123	5.9e-002	0.13497	1.9377e-002	
10124	5.9e-002	0.13723	1.9835e-002	
10125	5.9e-002	0.1305	2.2799e-003	
10126	5.9e-002	0.1305	4.5598e-003	
10127	5.9e-002	0.1305	6.8397e-003	
10128	5.9e-002	0.1305	9.1196e-003	
10129	5.9e-002	0.1305	1.14e-002	
10130	5.9e-002	0.1305	1.3679e-002	
10131	5.9e-002	0.1305	1.5959e-002	
10132	5.9e-002	0.1305	-2.7768e-031	
10133	5.9e-002	0.1295	0.	
10134	5.9e-002	0.1295	1.5698e-002	
10135	5.9e-002	0.1295	1.3456e-002	
10136	5.9e-002	0.1295	1.1213e-002	
10137	5.9e-002	0.1295	8.9706e-003	
10138	5.9e-002	0.1295	6.7279e-003	
10139	5.9e-002	0.1295	4.4853e-003	
10140	5.9e-002	0.1295	2.2426e-003	
10141	5.9e-002	0.1295	1.7941e-002	
10142	5.9e-002	0.1227	1.5469e-002	
10143	5.9e-002	0.1205	1.4491e-002	
10144	5.9e-002	0.12494	1.6371e-002	
10145	5.9e-002	0.12721	1.7195e-002	
10146	5.9e-002	0.1205	2.4151e-003	
10147	5.9e-002	0.1205	4.8302e-003	
10148	5.9e-002	0.1205	7.2453e-003	
10149	5.9e-002	0.1205	9.6603e-003	
10150	5.9e-002	0.1205	1.2075e-002	
10151	5.9e-002	0.1205	0.	
10152	5.9e-002	0.1195	0.	
10153	5.9e-002	0.1195	1.168e-002	
10154	5.9e-002	0.1195	9.3441e-003	
10155	5.9e-002	0.1195	7.0081e-003	
10156	5.9e-002	0.1195	4.6721e-003	
10157	5.9e-002	0.1195	2.336e-003	
10158	5.9e-002	0.1195	1.4016e-002	
10159	5.9e-002	0.11194	9.7621e-003	
10160	5.9e-002	0.1105	8.8008e-003	
10161	5.9e-002	0.11341	1.0687e-002	
10162	5.9e-002	0.1149	1.1576e-002	
10163	5.9e-002	0.11642	1.2427e-002	
10164	5.9e-002	0.11795	1.3241e-002	
10165	5.9e-002	0.1105	2.2002e-003	
10166	5.9e-002	0.1105	4.4004e-003	
10167	5.9e-002	0.1105	6.6006e-003	
10168	5.9e-002	0.1105	0.	
10169	5.9e-002	0.1095	0.	
10170	5.9e-002	0.1095	6.0783e-003	
10171	5.9e-002	0.1095	4.0522e-003	
10172	5.9e-002	0.1095	2.0261e-003	
10173	5.9e-002	0.1095	8.1044e-003	
10174	5.9e-002	0.10148	1.4666e-003	
10175	5.9e-002	1.e-001	0.	
10176	5.9e-002	0.103	2.8885e-003	
10177	5.9e-002	0.10457	4.2645e-003	
10178	5.9e-002	0.10617	5.5932e-003	
10179	5.9e-002	0.10782	6.8736e-003	
10180	5.9e-002	1.e-001	7.5e-003	
10181	5.9e-002	1.e-001	5.e-003	
10182	5.9e-002	1.e-001	2.5e-003	
10183	5.9e-002	1.e-001	1.e-002	
10184	5.9e-002	0.19831	1.1664e-002	
10185	5.9e-002	0.19657	1.3271e-002	
10186	5.9e-002	0.19478	1.4817e-002	
10187	5.9e-002	0.19293	1.6302e-002	
10188	5.9e-002	0.19103	1.7723e-002	
10189	5.9e-002	0.18909	1.908e-002	
10190	5.9e-002	0.1871	2.037e-002	
10191	5.9e-002	0.18507	2.1591e-002	
10192	5.9e-002	0.183	2.2744e-002	
10193	5.9e-002	0.18089	2.3825e-002	
10194	5.9e-002	0.17875	2.4835e-002	
10195	5.9e-002	0.17657	2.5771e-002	
10196	5.9e-002	0.17436	2.6634e-002	
10197	5.9e-002	0.17213	2.7421e-002	
10198	5.9e-002	0.16987	2.8132e-002	
10199	5.9e-002	0.16758	2.8766e-002	
10200	5.9e-002	0.16528	2.9322e-002	
10201	5.9e-002	0.16296	2.98e-002	
10202	5.9e-002	0.16062	3.0199e-002	
10203	5.9e-002	0.15828	3.0519e-002	
10204	5.9e-002	0.15592	3.076e-002	
10205	5.9e-002	0.15355	3.092e-002	
10206	5.9e-002	0.15118	3.1e-002	
10207	5.9e-002	0.14882	3.1e-002	
10208	5.9e-002	0.14645	3.092e-002	
10209	5.9e-002	0.14408	3.076e-002	
10210	5.9e-002	0.14172	3.0519e-002	
10211	5.9e-002	0.13938	3.0199e-002	
10212	5.9e-002	0.13704	2.98e-002	
10213	5.9e-002	0.13472	2.9322e-002	
10214	5.9e-002	0.13242	2.8766e-002	
10215	5.9e-002	0.13013	2.8132e-002	
10216	5.9e-002	0.12787	2.7421e-002	
10217	5.9e-002	0.12564	2.6634e-002	
10218	5.9e-002	0.12343	2.5771e-002	
10219	5.9e-002	0.12125	2.4835e-002	
10220	5.9e-002	0.11911	2.3825e-002	
10221	5.9e-002	0.117	2.2744e-002	
10222	5.9e-002	0.11493	2.1591e-002	
10223	5.9e-002	0.1129	2.037e-002	
10224	5.9e-002	0.11091	1.908e-002	
10225	5.9e-002	0.10897	1.7723e-002	
10226	5.9e-002	0.10707	1.6302e-002	
10227	5.9e-002	0.10522	1.4817e-002	
10228	5.9e-002	0.10343	1.3271e-002	
10229	5.9e-002	0.10169	1.1664e-002	
10230	5.9e-002	0.19191	1.5827e-002	
10231	5.9e-002	0.1905	1.6874e-002	
10232	5.9e-002	0.19329	1.4744e-002	
10233	5.9e-002	0.19464	1.3627e-002	
10234	5.9e-002	0.19596	1.2476e-002	
10235	5.9e-002	0.19725	1.1292e-002	
10236	5.9e-002	0.19851	1.0075e-002	
10237	5.9e-002	0.19651	1.0013e-002	
10238	5.9e-002	0.19451	9.9508e-003	
10239	5.9e-002	0.1925	9.8886e-003	
10240	5.9e-002	0.1905	9.8264e-003	
10241	5.9e-002	0.1805	1.7459e-002	
10242	5.9e-002	0.1805	1.9273e-002	
10243	5.9e-002	0.1805	2.1088e-002	
10244	5.9e-002	0.1805	2.2903e-002	
10245	5.9e-002	0.1805	1.5644e-002	
10246	5.9e-002	0.18685	1.7379e-002	
10247	5.9e-002	0.18473	1.68e-002	
10248	5.9e-002	0.18262	1.6222e-002	
10249	5.9e-002	0.18896	1.7957e-002	
10250	5.9e-002	0.18268	2.178e-002	
10251	5.9e-002	0.18482	2.0581e-002	
10252	5.9e-002	0.18691	1.9305e-002	
10253	5.9e-002	0.1705	2.1381e-002	
10254	5.9e-002	0.1705	2.3219e-002	
10255	5.9e-002	0.1705	2.5057e-002	
10256	5.9e-002	0.1705	2.6895e-002	
10257	5.9e-002	0.1705	1.9543e-002	
10258	5.9e-002	0.17681	2.2629e-002	
10259	5.9e-002	0.17471	2.16e-002	
10260	5.9e-002	0.1726	2.0572e-002	
10261	5.9e-002	0.17892	2.3658e-002	
10262	5.9e-002	0.17264	2.6189e-002	
10263	5.9e-002	0.17476	2.5414e-002	
10264	5.9e-002	0.17685	2.457e-002	
10265	5.9e-002	0.1605	2.3674e-002	
10266	5.9e-002	0.1605	2.5518e-002	
10267	5.9e-002	0.1605	2.7362e-002	
10268	5.9e-002	0.1605	2.9207e-002	
10269	5.9e-002	0.1605	2.1829e-002	
10270	5.9e-002	0.16748	2.6455e-002	
10271	5.9e-002	0.16608	2.553e-002	
10272	5.9e-002	0.16469	2.4605e-002	
10273	5.9e-002	0.16329	2.368e-002	
10274	5.9e-002	0.1619	2.2754e-002	
10275	5.9e-002	0.16887	2.738e-002	
10276	5.9e-002	0.16261	2.8848e-002	
10277	5.9e-002	0.16471	2.8423e-002	
10278	5.9e-002	0.1668	2.7934e-002	
10279	5.9e-002	0.15812	2.3387e-002	
10280	5.9e-002	0.15674	2.471e-002	
10281	5.9e-002	0.15537	2.6032e-002	
10282	5.9e-002	0.15399	2.7354e-002	
10283	5.9e-002	0.15261	2.8677e-002	
10284	5.9e-002	0.15123	2.9999e-002	
10285	5.9e-002	0.1595	2.2065e-002	
10286	5.9e-002	0.1595	2.7531e-002	
10287	5.9e-002	0.1595	2.5709e-002	
10288	5.9e-002	0.1595	2.3887e-002	
10289	5.9e-002	0.1595	2.9353e-002	
10290	5.9e-002	0.15331	2.9931e-002	
10291	5.9e-002	0.15538	2.98e-002	
10292	5.9e-002	0.15744	2.9608e-002	
10293	5.9e-002	0.1505	2.3836e-002	
10294	5.9e-002	0.1505	2.5663e-002	
10295	5.9e-002	0.1505	2.749e-002	
10296	5.9e-002	0.1505	2.9317e-002	
10297	5.9e-002	0.1505	2.2008e-002	
10298	5.9e-002	0.15663	2.17e-002	
10299	5.9e-002	0.15867	2.1479e-002	
10300	5.9e-002	0.15459	2.1862e-002	
10301	5.9e-002	0.15255	2.1965e-002	
10302	5.9e-002	0.15186	2.8011e-002	
10303	5.9e-002	0.15322	2.6705e-002	
10304	5.9e-002	0.15458	2.5398e-002	
10305	5.9e-002	0.15594	2.4092e-002	
10306	5.9e-002	0.1573	2.2786e-002	
10307	5.9e-002	0.1905	1.1588e-002	
10308	5.9e-002	0.1905	1.335e-002	
10309	5.9e-002	0.1905	1.5112e-002	
10310	5.9e-002	0.14811	2.3786e-002	
10311	5.9e-002	0.14673	2.4917e-002	
10312	5.9e-002	0.14534	2.6049e-002	
10313	5.9e-002	0.14395	2.7181e-002	
10314	5.9e-002	0.14257	2.8312e-002	
10315	-1.e-003	0.24257	2.8312e-002	
10316	-1.e-003	0.24395	2.7181e-002	
10317	-1.e-003	0.24534	2.6049e-002	
10318	-1.e-003	0.24673	2.4917e-002	
10319	-1.e-003	0.24811	2.3786e-002	
10320	-1.e-003	0.2905	1.5112e-002	
10321	-1.e-003	0.2905	1.335e-002	
10322	-1.e-003	0.2905	1.1588e-002	
10323	-1.e-003	0.2573	2.2786e-002	
10324	-1.e-003	0.25594	2.4092e-002	
10325	-1.e-003	0.25458	2.5398e-002	
10326	-1.e-003	0.25322	2.6705e-002	
10327	-1.e-003	0.25186	2.8011e-002	
10328	-1.e-003	0.25867	2.1479e-002	
10329	-1.e-003	0.25663	2.17e-002	
10330	-1.e-003	0.25459	2.1862e-002	
10331	-1.e-003	0.25255	2.1965e-002	
10332	-1.e-003	0.2505	2.9317e-002	
10333	-1.e-003	0.2505	2.749e-002	
10334	-1.e-003	0.2505	2.5663e-002	
10335	-1.e-003	0.2505	2.3836e-002	
10336	-1.e-003	0.2505	2.2008e-002	
10337	-1.e-003	0.25331	2.9931e-002	
10338	-1.e-003	0.25538	2.98e-002	
10339	-1.e-003	0.25744	2.9608e-002	
10340	-1.e-003	0.2595	2.3887e-002	
10341	-1.e-003	0.2595	2.5709e-002	
10342	-1.e-003	0.2595	2.7531e-002	
10343	-1.e-003	0.2595	2.9353e-002	
10344	-1.e-003	0.25123	2.9999e-002	
10345	-1.e-003	0.25261	2.8677e-002	
10346	-1.e-003	0.25399	2.7354e-002	
10347	-1.e-003	0.25537	2.6032e-002	
10348	-1.e-003	0.25674	2.471e-002	
10349	-1.e-003	0.25812	2.3387e-002	
10350	-1.e-003	0.2595	2.2065e-002	
10351	-1.e-003	0.26261	2.8848e-002	
10352	-1.e-003	0.26471	2.8423e-002	
10353	-1.e-003	0.2668	2.7934e-002	
10354	-1.e-003	0.2619	2.2754e-002	
10355	-1.e-003	0.26329	2.368e-002	
10356	-1.e-003	0.26469	2.4605e-002	
10357	-1.e-003	0.26608	2.553e-002	
10358	-1.e-003	0.26748	2.6455e-002	
10359	-1.e-003	0.26887	2.738e-002	
10360	-1.e-003	0.2605	2.9207e-002	
10361	-1.e-003	0.2605	2.7362e-002	
10362	-1.e-003	0.2605	2.5518e-002	
10363	-1.e-003	0.2605	2.3674e-002	
10364	-1.e-003	0.2605	2.1829e-002	
10365	-1.e-003	0.27264	2.6189e-002	
10366	-1.e-003	0.27476	2.5414e-002	
10367	-1.e-003	0.27685	2.457e-002	
10368	-1.e-003	0.2726	2.0572e-002	
10369	-1.e-003	0.27471	2.16e-002	
10370	-1.e-003	0.27681	2.2629e-002	
10371	-1.e-003	0.27892	2.3658e-002	
10372	-1.e-003	0.2705	2.6895e-002	
10373	-1.e-003	0.2705	2.5057e-002	
10374	-1.e-003	0.2705	2.3219e-002	
10375	-1.e-003	0.2705	2.1381e-002	
10376	-1.e-003	0.2705	1.9543e-002	
10377	-1.e-003	0.28268	2.178e-002	
10378	-1.e-003	0.28482	2.0581e-002	
10379	-1.e-003	0.28691	1.9305e-002	
10380	-1.e-003	0.28262	1.6222e-002	
10381	-1.e-003	0.28473	1.68e-002	
10382	-1.e-003	0.28685	1.7379e-002	
10383	-1.e-003	0.28896	1.7957e-002	
10384	-1.e-003	0.2805	2.2903e-002	
10385	-1.e-003	0.2805	2.1088e-002	
10386	-1.e-003	0.2805	1.9273e-002	
10387	-1.e-003	0.2805	1.7459e-002	
10388	-1.e-003	0.2805	1.5644e-002	
10389	-1.e-003	0.2905	9.8264e-003	
10390	-1.e-003	0.2925	9.8886e-003	
10391	-1.e-003	0.29451	9.9508e-003	
10392	-1.e-003	0.29651	1.0013e-002	
10393	-1.e-003	0.2905	1.6874e-002	
10394	-1.e-003	0.29191	1.5827e-002	
10395	-1.e-003	0.29329	1.4744e-002	
10396	-1.e-003	0.29464	1.3627e-002	
10397	-1.e-003	0.29596	1.2476e-002	
10398	-1.e-003	0.29851	1.0075e-002	
10399	-1.e-003	0.29725	1.1292e-002	
10400	-1.e-003	0.29831	1.1664e-002	
10401	-1.e-003	0.29657	1.3271e-002	
10402	-1.e-003	0.29478	1.4817e-002	
10403	-1.e-003	0.29293	1.6302e-002	
10404	-1.e-003	0.29103	1.7723e-002	
10405	-1.e-003	0.28909	1.908e-002	
10406	-1.e-003	0.2871	2.037e-002	
10407	-1.e-003	0.28507	2.1591e-002	
10408	-1.e-003	0.283	2.2744e-002	
10409	-1.e-003	0.28089	2.3825e-002	
10410	-1.e-003	0.27875	2.4835e-002	
10411	-1.e-003	0.27657	2.5771e-002	
10412	-1.e-003	0.27436	2.6634e-002	
10413	-1.e-003	0.27213	2.7421e-002	
10414	-1.e-003	0.26987	2.8132e-002	
10415	-1.e-003	0.26758	2.8766e-002	
10416	-1.e-003	0.26528	2.9322e-002	
10417	-1.e-003	0.26296	2.98e-002	
10418	-1.e-003	0.26062	3.0199e-002	
10419	-1.e-003	0.25828	3.0519e-002	
10420	-1.e-003	0.25592	3.076e-002	
10421	-1.e-003	0.25355	3.092e-002	
10422	-1.e-003	0.25118	3.1e-002	
10423	-1.e-003	0.24882	3.1e-002	
10424	-1.e-003	0.24645	3.092e-002	
10425	-1.e-003	0.24408	3.076e-002	
10426	-1.e-003	0.24172	3.0519e-002	
10427	-1.e-003	0.23938	3.0199e-002	
10428	-1.e-003	0.23704	2.98e-002	
10429	-1.e-003	0.23472	2.9322e-002	
10430	-1.e-003	0.23242	2.8766e-002	
10431	-1.e-003	0.23013	2.8132e-002	
10432	-1.e-003	0.22787	2.7421e-002	
10433	-1.e-003	0.22564	2.6634e-002	
10434	-1.e-003	0.22343	2.5771e-002	
10435	-1.e-003	0.22125	2.4835e-002	
10436	-1.e-003	0.21911	2.3825e-002	
10437	-1.e-003	0.217	2.2744e-002	
10438	-1.e-003	0.21493	2.1591e-002	
10439	-1.e-003	0.2129	2.037e-002	
10440	-1.e-003	0.21091	1.908e-002	
10441	-1.e-003	0.20897	1.7723e-002	
10442	-1.e-003	0.20707	1.6302e-002	
10443	-1.e-003	0.20522	1.4817e-002	
10444	-1.e-003	0.20343	1.3271e-002	
10445	-1.e-003	0.20169	1.1664e-002	
10446	-1.e-003	0.2	2.5e-003	
10447	-1.e-003	0.2	5.e-003	
10448	-1.e-003	0.2	7.5e-003	
10449	-1.e-003	0.2	1.e-002	
10450	-1.e-003	0.2	0.	
10451	-1.e-003	0.20148	1.4666e-003	
10452	-1.e-003	0.203	2.8885e-003	
10453	-1.e-003	0.20457	4.2645e-003	
10454	-1.e-003	0.20617	5.5932e-003	
10455	-1.e-003	0.20782	6.8736e-003	
10456	-1.e-003	0.2095	2.0261e-003	
10457	-1.e-003	0.2095	4.0522e-003	
10458	-1.e-003	0.2095	6.0783e-003	
10459	-1.e-003	0.2095	8.1044e-003	
10460	-1.e-003	0.2095	0.	
10461	-1.e-003	0.2105	6.6006e-003	
10462	-1.e-003	0.2105	4.4004e-003	
10463	-1.e-003	0.2105	2.2002e-003	
10464	-1.e-003	0.2105	0.	
10465	-1.e-003	0.2105	8.8008e-003	
10466	-1.e-003	0.21194	9.7621e-003	
10467	-1.e-003	0.21341	1.0687e-002	
10468	-1.e-003	0.2149	1.1576e-002	
10469	-1.e-003	0.21642	1.2427e-002	
10470	-1.e-003	0.21795	1.3241e-002	
10471	-1.e-003	0.2195	2.336e-003	
10472	-1.e-003	0.2195	4.6721e-003	
10473	-1.e-003	0.2195	7.0081e-003	
10474	-1.e-003	0.2195	9.3441e-003	
10475	-1.e-003	0.2195	1.168e-002	
10476	-1.e-003	0.2195	1.4016e-002	
10477	-1.e-003	0.2195	0.	
10478	-1.e-003	0.2205	1.2075e-002	
10479	-1.e-003	0.2205	9.6603e-003	
10480	-1.e-003	0.2205	7.2453e-003	
10481	-1.e-003	0.2205	4.8302e-003	
10482	-1.e-003	0.2205	2.4151e-003	
10483	-1.e-003	0.2205	0.	
10484	-1.e-003	0.2205	1.4491e-002	
10485	-1.e-003	0.2227	1.5469e-002	
10486	-1.e-003	0.22494	1.6371e-002	
10487	-1.e-003	0.22721	1.7195e-002	
10488	-1.e-003	0.2295	2.2426e-003	
10489	-1.e-003	0.2295	4.4853e-003	
10490	-1.e-003	0.2295	6.7279e-003	
10491	-1.e-003	0.2295	8.9706e-003	
10492	-1.e-003	0.2295	1.1213e-002	
10493	-1.e-003	0.2295	1.3456e-002	
10494	-1.e-003	0.2295	1.5698e-002	
10495	-1.e-003	0.2295	1.7941e-002	
10496	-1.e-003	0.2295	0.	
10497	-1.e-003	0.2305	1.5959e-002	
10498	-1.e-003	0.2305	1.3679e-002	
10499	-1.e-003	0.2305	1.14e-002	
10500	-1.e-003	0.2305	9.1196e-003	
10501	-1.e-003	0.2305	6.8397e-003	
10502	-1.e-003	0.2305	4.5598e-003	
10503	-1.e-003	0.2305	2.2799e-003	
10504	-1.e-003	0.2305	-2.7768e-031	
10505	-1.e-003	0.2305	1.8239e-002	
10506	-1.e-003	0.23272	1.8845e-002	
10507	-1.e-003	0.23497	1.9377e-002	
10508	-1.e-003	0.23723	1.9835e-002	
10509	-1.e-003	0.2395	2.0218e-003	
10510	-1.e-003	0.2395	4.0436e-003	
10511	-1.e-003	0.2395	6.0655e-003	
10512	-1.e-003	0.2395	8.0873e-003	
10513	-1.e-003	0.2395	1.0109e-002	
10514	-1.e-003	0.2395	1.2131e-002	
10515	-1.e-003	0.2395	1.4153e-002	
10516	-1.e-003	0.2395	1.6175e-002	
10517	-1.e-003	0.2395	1.8196e-002	
10518	-1.e-003	0.2395	2.0218e-002	
10519	-1.e-003	0.2395	3.4694e-018	
10520	-1.e-003	0.2405	1.8326e-002	
10521	-1.e-003	0.2405	1.629e-002	
10522	-1.e-003	0.2405	1.4254e-002	
10523	-1.e-003	0.2405	1.2218e-002	
10524	-1.e-003	0.2405	1.0181e-002	
10525	-1.e-003	0.2405	8.145e-003	
10526	-1.e-003	0.2405	6.1088e-003	
10527	-1.e-003	0.2405	4.0725e-003	
10528	-1.e-003	0.2405	2.0363e-003	
10529	-1.e-003	0.2405	2.7515e-030	
10530	-1.e-003	0.2405	2.0363e-002	
10531	-1.e-003	0.24274	2.0633e-002	
10532	-1.e-003	0.24499	2.0831e-002	
10533	-1.e-003	0.24724	2.0956e-002	
10534	-1.e-003	0.2495	2.1008e-003	
10535	-1.e-003	0.2495	4.2017e-003	
10536	-1.e-003	0.2495	6.3025e-003	
10537	-1.e-003	0.2495	8.4034e-003	
10538	-1.e-003	0.2495	1.0504e-002	
10539	-1.e-003	0.2495	1.2605e-002	
10540	-1.e-003	0.2495	1.4706e-002	
10541	-1.e-003	0.2495	1.6807e-002	
10542	-1.e-003	0.2495	1.8908e-002	
10543	-1.e-003	0.2495	2.1008e-002	
10544	-1.e-003	0.2495	0.	
10545	-1.e-003	0.2505	1.8908e-002	
10546	-1.e-003	0.2505	1.6807e-002	
10547	-1.e-003	0.2505	1.4706e-002	
10548	-1.e-003	0.2505	1.2605e-002	
10549	-1.e-003	0.2505	1.0504e-002	
10550	-1.e-003	0.2505	8.4034e-003	
10551	-1.e-003	0.2505	6.3025e-003	
10552	-1.e-003	0.2505	4.2017e-003	
10553	-1.e-003	0.2505	2.1008e-003	
10554	-1.e-003	0.2505	5.3011e-031	
10555	-1.e-003	0.2505	2.1008e-002	
10556	-1.e-003	0.25276	2.0956e-002	
10557	-1.e-003	0.25501	2.0831e-002	
10558	-1.e-003	0.25726	2.0633e-002	
10559	-1.e-003	0.2595	2.0363e-003	
10560	-1.e-003	0.2595	4.0725e-003	
10561	-1.e-003	0.2595	6.1088e-003	
10562	-1.e-003	0.2595	8.145e-003	
10563	-1.e-003	0.2595	1.0181e-002	
10564	-1.e-003	0.2595	1.2218e-002	
10565	-1.e-003	0.2595	1.4254e-002	
10566	-1.e-003	0.2595	1.629e-002	
10567	-1.e-003	0.2595	1.8326e-002	
10568	-1.e-003	0.2595	2.0363e-002	
10569	-1.e-003	0.2595	0.	
10570	-1.e-003	0.2605	1.8196e-002	
10571	-1.e-003	0.2605	1.6175e-002	
10572	-1.e-003	0.2605	1.4153e-002	
10573	-1.e-003	0.2605	1.2131e-002	
10574	-1.e-003	0.2605	1.0109e-002	
10575	-1.e-003	0.2605	8.0873e-003	
10576	-1.e-003	0.2605	6.0655e-003	
10577	-1.e-003	0.2605	4.0436e-003	
10578	-1.e-003	0.2605	2.0218e-003	
10579	-1.e-003	0.2605	2.1205e-030	
10580	-1.e-003	0.2605	2.0218e-002	
10581	-1.e-003	0.26277	1.9835e-002	
10582	-1.e-003	0.26503	1.9377e-002	
10583	-1.e-003	0.26728	1.8845e-002	
10584	-1.e-003	0.2695	2.2799e-003	
10585	-1.e-003	0.2695	4.5598e-003	
10586	-1.e-003	0.2695	6.8397e-003	
10587	-1.e-003	0.2695	9.1196e-003	
10588	-1.e-003	0.2695	1.14e-002	
10589	-1.e-003	0.2695	1.3679e-002	
10590	-1.e-003	0.2695	1.5959e-002	
10591	-1.e-003	0.2695	1.8239e-002	
10592	-1.e-003	0.2695	0.	
10593	-1.e-003	0.2705	1.5698e-002	
10594	-1.e-003	0.2705	1.3456e-002	
10595	-1.e-003	0.2705	1.1213e-002	
10596	-1.e-003	0.2705	8.9706e-003	
10597	-1.e-003	0.2705	6.7279e-003	
10598	-1.e-003	0.2705	4.4853e-003	
10599	-1.e-003	0.2705	2.2426e-003	
10600	-1.e-003	0.2705	-6.0585e-031	
10601	-1.e-003	0.2705	1.7941e-002	
10602	-1.e-003	0.27279	1.7195e-002	
10603	-1.e-003	0.27506	1.6371e-002	
10604	-1.e-003	0.2773	1.5469e-002	
10605	-1.e-003	0.2795	2.4151e-003	
10606	-1.e-003	0.2795	4.8302e-003	
10607	-1.e-003	0.2795	7.2453e-003	
10608	-1.e-003	0.2795	9.6603e-003	
10609	-1.e-003	0.2795	1.2075e-002	
10610	-1.e-003	0.2795	1.4491e-002	
10611	-1.e-003	0.2795	0.	
10612	-1.e-003	0.2805	1.168e-002	
10613	-1.e-003	0.2805	9.3441e-003	
10614	-1.e-003	0.2805	7.0081e-003	
10615	-1.e-003	0.2805	4.6721e-003	
10616	-1.e-003	0.2805	2.336e-003	
10617	-1.e-003	0.2805	2.0195e-031	
10618	-1.e-003	0.2805	1.4016e-002	
10619	-1.e-003	0.28205	1.3241e-002	
10620	-1.e-003	0.28358	1.2427e-002	
10621	-1.e-003	0.2851	1.1576e-002	
10622	-1.e-003	0.28659	1.0687e-002	
10623	-1.e-003	0.28806	9.7621e-003	
10624	-1.e-003	0.2895	2.2002e-003	
10625	-1.e-003	0.2895	4.4004e-003	
10626	-1.e-003	0.2895	6.6006e-003	
10627	-1.e-003	0.2895	8.8008e-003	
10628	-1.e-003	0.2895	0.	
10629	-1.e-003	0.2905	6.0783e-003	
10630	-1.e-003	0.2905	4.0522e-003	
10631	-1.e-003	0.2905	2.0261e-003	
10632	-1.e-003	0.2905	-1.0602e-030	
10633	-1.e-003	0.2905	8.1044e-003	
10634	-1.e-003	0.29218	6.8736e-003	
10635	-1.e-003	0.29383	5.5932e-003	
10636	-1.e-003	0.29543	4.2645e-003	
10637	-1.e-003	0.297	2.8885e-003	
10638	-1.e-003	0.29852	1.4666e-003	
10639	-1.e-003	0.3	1.e-002	
10640	-1.e-003	0.3	7.5e-003	
10641	-1.e-003	0.3	5.e-003	
10642	-1.e-003	0.3	2.5e-003	
10643	-1.e-003	0.3	0.	
10644	-1.e-003	0.299	7.4151e-003	
10645	-1.e-003	0.299	5.7405e-003	
10646	-1.e-003	0.299	4.0658e-003	
10647	-1.e-003	0.29255	7.8497e-003	
10648	-1.e-003	0.29389	6.8201e-003	
10649	-1.e-003	0.29521	5.7589e-003	
10650	-1.e-003	0.2965	4.6665e-003	
10651	-1.e-003	0.299	2.3911e-003	
10652	-1.e-003	0.29776	3.5437e-003	
10653	-1.e-003	0.29118	8.8471e-003	
10654	-1.e-003	0.29314	8.9077e-003	
10655	-1.e-003	0.29509	8.9684e-003	
10656	-1.e-003	0.29705	9.0291e-003	
10657	-1.e-003	0.299	9.0898e-003	
10658	-1.e-003	0.2895	1.5302e-002	
10659	-1.e-003	0.2895	1.3538e-002	
10660	-1.e-003	0.2895	1.1773e-002	
10661	-1.e-003	0.28332	1.3704e-002	
10662	-1.e-003	0.28542	1.2542e-002	
10663	-1.e-003	0.2895	1.0008e-002	
10664	-1.e-003	0.28748	1.1309e-002	
10665	-1.e-003	0.28119	1.4794e-002	
10666	-1.e-003	0.28326	1.5363e-002	
10667	-1.e-003	0.28534	1.5931e-002	
10668	-1.e-003	0.28742	1.6499e-002	
10669	-1.e-003	0.2895	1.7067e-002	
10670	-1.e-003	0.2795	2.102e-002	
10671	-1.e-003	0.2795	1.9211e-002	
10672	-1.e-003	0.2795	1.7401e-002	
10673	-1.e-003	0.27331	1.8074e-002	
10674	-1.e-003	0.2754	1.7312e-002	
10675	-1.e-003	0.2795	1.5592e-002	
10676	-1.e-003	0.27746	1.6484e-002	
10677	-1.e-003	0.2712	1.8772e-002	
10678	-1.e-003	0.27327	1.9786e-002	
10679	-1.e-003	0.27535	2.0801e-002	
10680	-1.e-003	0.27742	2.1815e-002	
10681	-1.e-003	0.2795	2.283e-002	
10682	-1.e-003	0.2695	2.4768e-002	
10683	-1.e-003	0.2695	2.2939e-002	
10684	-1.e-003	0.2695	2.1109e-002	
10685	-1.e-003	0.26332	2.075e-002	
10686	-1.e-003	0.26539	2.0321e-002	
10687	-1.e-003	0.2695	1.928e-002	
10688	-1.e-003	0.26745	1.9831e-002	
10689	-1.e-003	0.26123	2.1116e-002	
10690	-1.e-003	0.2633	2.2486e-002	
10691	-1.e-003	0.26537	2.3857e-002	
10692	-1.e-003	0.26743	2.5227e-002	
10693	-1.e-003	0.2695	2.6598e-002	
10694	-1.e-003	0.22254	1.6484e-002	
10695	-1.e-003	0.2246	1.7312e-002	
10696	-1.e-003	0.22669	1.8074e-002	
10697	-1.e-003	0.2205	1.5592e-002	
10698	-1.e-003	0.2205	1.7401e-002	
10699	-1.e-003	0.2205	1.9211e-002	
10700	-1.e-003	0.2205	2.102e-002	
10701	-1.e-003	0.2205	2.283e-002	
10702	-1.e-003	0.22258	2.1815e-002	
10703	-1.e-003	0.22465	2.0801e-002	
10704	-1.e-003	0.22673	1.9786e-002	
10705	-1.e-003	0.2288	1.8772e-002	
10706	-1.e-003	0.20224	3.5437e-003	
10707	-1.e-003	0.2035	4.6665e-003	
10708	-1.e-003	0.20479	5.7589e-003	
10709	-1.e-003	0.20611	6.8201e-003	
10710	-1.e-003	0.20745	7.8497e-003	
10711	-1.e-003	0.201	2.3911e-003	
10712	-1.e-003	0.201	4.0658e-003	
10713	-1.e-003	0.201	5.7405e-003	
10714	-1.e-003	0.201	7.4151e-003	
10715	-1.e-003	0.201	9.0898e-003	
10716	-1.e-003	0.20295	9.0291e-003	
10717	-1.e-003	0.20491	8.9684e-003	
10718	-1.e-003	0.20686	8.9077e-003	
10719	-1.e-003	0.20882	8.8471e-003	
10720	-1.e-003	0.20275	1.1292e-002	
10721	-1.e-003	0.20404	1.2476e-002	
10722	-1.e-003	0.20536	1.3627e-002	
10723	-1.e-003	0.20671	1.4744e-002	
10724	-1.e-003	0.20809	1.5827e-002	
10725	-1.e-003	0.2095	1.1588e-002	
10726	-1.e-003	0.2095	1.335e-002	
10727	-1.e-003	0.2095	1.5112e-002	
10728	-1.e-003	0.2095	1.6874e-002	
10729	-1.e-003	0.20149	1.0075e-002	
10730	-1.e-003	0.20349	1.0013e-002	
10731	-1.e-003	0.20549	9.9508e-003	
10732	-1.e-003	0.2075	9.8886e-003	
10733	-1.e-003	0.2095	9.8264e-003	
10734	-1.e-003	0.21674	1.5363e-002	
10735	-1.e-003	0.21466	1.5931e-002	
10736	-1.e-003	0.21258	1.6499e-002	
10737	-1.e-003	0.21881	1.4794e-002	
10738	-1.e-003	0.21668	1.3704e-002	
10739	-1.e-003	0.21458	1.2542e-002	
10740	-1.e-003	0.21252	1.1309e-002	
10741	-1.e-003	0.2105	1.7067e-002	
10742	-1.e-003	0.2105	1.5302e-002	
10743	-1.e-003	0.2105	1.3538e-002	
10744	-1.e-003	0.2105	1.1773e-002	
10745	-1.e-003	0.2105	1.0008e-002	
10746	-1.e-003	0.21309	1.9305e-002	
10747	-1.e-003	0.21518	2.0581e-002	
10748	-1.e-003	0.21732	2.178e-002	
10749	-1.e-003	0.2195	1.7459e-002	
10750	-1.e-003	0.2195	1.9273e-002	
10751	-1.e-003	0.2195	2.1088e-002	
10752	-1.e-003	0.2195	2.2903e-002	
10753	-1.e-003	0.21104	1.7957e-002	
10754	-1.e-003	0.21315	1.7379e-002	
10755	-1.e-003	0.21527	1.68e-002	
10756	-1.e-003	0.21738	1.6222e-002	
10757	-1.e-003	0.2195	1.5644e-002	
10758	-1.e-003	0.22315	2.457e-002	
10759	-1.e-003	0.22524	2.5414e-002	
10760	-1.e-003	0.22736	2.6189e-002	
10761	-1.e-003	0.2295	2.1381e-002	
10762	-1.e-003	0.2295	2.3219e-002	
10763	-1.e-003	0.2295	2.5057e-002	
10764	-1.e-003	0.2295	2.6895e-002	
10765	-1.e-003	0.22108	2.3658e-002	
10766	-1.e-003	0.22319	2.2629e-002	
10767	-1.e-003	0.22529	2.16e-002	
10768	-1.e-003	0.2274	2.0572e-002	
10769	-1.e-003	0.2295	1.9543e-002	
10770	-1.e-003	0.2367	2.2486e-002	
10771	-1.e-003	0.23463	2.3857e-002	
10772	-1.e-003	0.23257	2.5227e-002	
10773	-1.e-003	0.23877	2.1116e-002	
10774	-1.e-003	0.23668	2.075e-002	
10775	-1.e-003	0.23461	2.0321e-002	
10776	-1.e-003	0.23255	1.9831e-002	
10777	-1.e-003	0.2305	2.6598e-002	
10778	-1.e-003	0.2305	2.4768e-002	
10779	-1.e-003	0.2305	2.2939e-002	
10780	-1.e-003	0.2305	2.1109e-002	
10781	-1.e-003	0.2305	1.928e-002	
10782	-1.e-003	0.2332	2.7934e-002	
10783	-1.e-003	0.23529	2.8423e-002	
10784	-1.e-003	0.23739	2.8848e-002	
10785	-1.e-003	0.2395	2.3674e-002	
10786	-1.e-003	0.2395	2.5518e-002	
10787	-1.e-003	0.2395	2.7362e-002	
10788	-1.e-003	0.2395	2.9207e-002	
10789	-1.e-003	0.23113	2.738e-002	
10790	-1.e-003	0.23252	2.6455e-002	
10791	-1.e-003	0.23392	2.553e-002	
10792	-1.e-003	0.23531	2.4605e-002	
10793	-1.e-003	0.23671	2.368e-002	
10794	-1.e-003	0.2381	2.2754e-002	
10795	-1.e-003	0.2395	2.1829e-002	
10796	-1.e-003	0.24735	2.3117e-002	
10797	-1.e-003	0.24598	2.4235e-002	
10798	-1.e-003	0.24461	2.5353e-002	
10799	-1.e-003	0.24324	2.6471e-002	
10800	-1.e-003	0.24187	2.759e-002	
10801	-1.e-003	0.24872	2.1999e-002	
10802	-1.e-003	0.24666	2.1932e-002	
10803	-1.e-003	0.2446	2.1805e-002	
10804	-1.e-003	0.24255	2.1618e-002	
10805	-1.e-003	0.2405	2.8708e-002	
10806	-1.e-003	0.2405	2.6874e-002	
10807	-1.e-003	0.2405	2.504e-002	
10808	-1.e-003	0.2405	2.3206e-002	
10809	-1.e-003	0.2405	2.1372e-002	
10810	-1.e-003	0.24118	2.9444e-002	
10811	-1.e-003	0.24325	2.9679e-002	
10812	-1.e-003	0.24533	2.9852e-002	
10813	-1.e-003	0.24741	2.9962e-002	
10814	-1.e-003	0.2495	2.2654e-002	
10815	-1.e-003	0.2495	2.4493e-002	
10816	-1.e-003	0.2495	2.6332e-002	
10817	-1.e-003	0.2495	2.817e-002	
10818	-1.e-003	0.2495	3.0009e-002	
10819	0.	0.2495	2.817e-002	
10820	0.	0.2495	2.6332e-002	
10821	0.	0.2495	2.4493e-002	
10822	0.	0.2495	2.2654e-002	
10823	0.	0.2495	3.0009e-002	
10824	0.	0.24325	2.9679e-002	
10825	0.	0.24118	2.9444e-002	
10826	0.	0.24533	2.9852e-002	
10827	0.	0.24741	2.9962e-002	
10828	0.	0.2405	2.3206e-002	
10829	0.	0.2405	2.504e-002	
10830	0.	0.2405	2.6874e-002	
10831	0.	0.2405	2.8708e-002	
10832	0.	0.2405	2.1372e-002	
10833	0.	0.24666	2.1932e-002	
10834	0.	0.24872	2.1999e-002	
10835	0.	0.2446	2.1805e-002	
10836	0.	0.24255	2.1618e-002	
10837	0.	0.24187	2.759e-002	
10838	0.	0.24324	2.6471e-002	
10839	0.	0.24461	2.5353e-002	
10840	0.	0.24598	2.4235e-002	
10841	0.	0.24735	2.3117e-002	
10842	0.	0.2381	2.2754e-002	
10843	0.	0.23671	2.368e-002	
10844	0.	0.23531	2.4605e-002	
10845	0.	0.23392	2.553e-002	
10846	0.	0.23252	2.6455e-002	
10847	0.	0.23113	2.738e-002	
10848	0.	0.2395	2.1829e-002	
10849	0.	0.2395	2.7362e-002	
10850	0.	0.2395	2.5518e-002	
10851	0.	0.2395	2.3674e-002	
10852	0.	0.2395	2.9207e-002	
10853	0.	0.2332	2.7934e-002	
10854	0.	0.23529	2.8423e-002	
10855	0.	0.23739	2.8848e-002	
10856	0.	0.2305	2.1109e-002	
10857	0.	0.2305	2.2939e-002	
10858	0.	0.2305	2.4768e-002	
10859	0.	0.2305	2.6598e-002	
10860	0.	0.2305	1.928e-002	
10861	0.	0.23668	2.075e-002	
10862	0.	0.23877	2.1116e-002	
10863	0.	0.23461	2.0321e-002	
10864	0.	0.23255	1.9831e-002	
10865	0.	0.23257	2.5227e-002	
10866	0.	0.23463	2.3857e-002	
10867	0.	0.2367	2.2486e-002	
10868	0.	0.2274	2.0572e-002	
10869	0.	0.22529	2.16e-002	
10870	0.	0.22319	2.2629e-002	
10871	0.	0.22108	2.3658e-002	
10872	0.	0.2295	1.9543e-002	
10873	0.	0.2295	2.5057e-002	
10874	0.	0.2295	2.3219e-002	
10875	0.	0.2295	2.1381e-002	
10876	0.	0.2295	2.6895e-002	
10877	0.	0.22315	2.457e-002	
10878	0.	0.22524	2.5414e-002	
10879	0.	0.22736	2.6189e-002	
10880	0.	0.21738	1.6222e-002	
10881	0.	0.21527	1.68e-002	
10882	0.	0.21315	1.7379e-002	
10883	0.	0.21104	1.7957e-002	
10884	0.	0.2195	1.5644e-002	
10885	0.	0.2195	2.1088e-002	
10886	0.	0.2195	1.9273e-002	
10887	0.	0.2195	1.7459e-002	
10888	0.	0.2195	2.2903e-002	
10889	0.	0.21309	1.9305e-002	
10890	0.	0.21518	2.0581e-002	
10891	0.	0.21732	2.178e-002	
10892	0.	0.2105	1.1773e-002	
10893	0.	0.2105	1.3538e-002	
10894	0.	0.2105	1.5302e-002	
10895	0.	0.2105	1.7067e-002	
10896	0.	0.2105	1.0008e-002	
10897	0.	0.21668	1.3704e-002	
10898	0.	0.21881	1.4794e-002	
10899	0.	0.21458	1.2542e-002	
10900	0.	0.21252	1.1309e-002	
10901	0.	0.21258	1.6499e-002	
10902	0.	0.21466	1.5931e-002	
10903	0.	0.21674	1.5363e-002	
10904	0.	0.2075	9.8886e-003	
10905	0.	0.20549	9.9508e-003	
10906	0.	0.20349	1.0013e-002	
10907	0.	0.20149	1.0075e-002	
10908	0.	0.2095	9.8264e-003	
10909	0.	0.2095	1.5112e-002	
10910	0.	0.2095	1.335e-002	
10911	0.	0.2095	1.1588e-002	
10912	0.	0.2095	1.6874e-002	
10913	0.	0.20275	1.1292e-002	
10914	0.	0.20404	1.2476e-002	
10915	0.	0.20536	1.3627e-002	
10916	0.	0.20671	1.4744e-002	
10917	0.	0.20809	1.5827e-002	
10918	0.	0.20686	8.9077e-003	
10919	0.	0.20491	8.9684e-003	
10920	0.	0.20295	9.0291e-003	
10921	0.	0.20882	8.8471e-003	
10922	0.	0.201	9.0898e-003	
10923	0.	0.201	7.4151e-003	
10924	0.	0.201	5.7405e-003	
10925	0.	0.201	4.0658e-003	
10926	0.	0.201	2.3911e-003	
10927	0.	0.20224	3.5437e-003	
10928	0.	0.2035	4.6665e-003	
10929	0.	0.20479	5.7589e-003	
10930	0.	0.20611	6.8201e-003	
10931	0.	0.20745	7.8497e-003	
10932	0.	0.22673	1.9786e-002	
10933	0.	0.22465	2.0801e-002	
10934	0.	0.22258	2.1815e-002	
10935	0.	0.2288	1.8772e-002	
10936	0.	0.2205	2.283e-002	
10937	0.	0.2205	2.102e-002	
10938	0.	0.2205	1.9211e-002	
10939	0.	0.2205	1.7401e-002	
10940	0.	0.2205	1.5592e-002	
10941	0.	0.22254	1.6484e-002	
10942	0.	0.2246	1.7312e-002	
10943	0.	0.22669	1.8074e-002	
10944	0.	0.26743	2.5227e-002	
10945	0.	0.26537	2.3857e-002	
10946	0.	0.2633	2.2486e-002	
10947	0.	0.2695	2.6598e-002	
10948	0.	0.26123	2.1116e-002	
10949	0.	0.26332	2.075e-002	
10950	0.	0.26539	2.0321e-002	
10951	0.	0.26745	1.9831e-002	
10952	0.	0.2695	1.928e-002	
10953	0.	0.2695	2.1109e-002	
10954	0.	0.2695	2.2939e-002	
10955	0.	0.2695	2.4768e-002	
10956	0.	0.27742	2.1815e-002	
10957	0.	0.27535	2.0801e-002	
10958	0.	0.27327	1.9786e-002	
10959	0.	0.2795	2.283e-002	
10960	0.	0.2712	1.8772e-002	
10961	0.	0.27331	1.8074e-002	
10962	0.	0.2754	1.7312e-002	
10963	0.	0.27746	1.6484e-002	
10964	0.	0.2795	1.5592e-002	
10965	0.	0.2795	1.7401e-002	
10966	0.	0.2795	1.9211e-002	
10967	0.	0.2795	2.102e-002	
10968	0.	0.28742	1.6499e-002	
10969	0.	0.28534	1.5931e-002	
10970	0.	0.28326	1.5363e-002	
10971	0.	0.2895	1.7067e-002	
10972	0.	0.28119	1.4794e-002	
10973	0.	0.28332	1.3704e-002	
10974	0.	0.28542	1.2542e-002	
10975	0.	0.28748	1.1309e-002	
10976	0.	0.2895	1.0008e-002	
10977	0.	0.2895	1.1773e-002	
10978	0.	0.2895	1.3538e-002	
10979	0.	0.2895	1.5302e-002	
10980	0.	0.29705	9.0291e-003	
10981	0.	0.29509	8.9684e-003	
10982	0.	0.29314	8.9077e-003	
10983	0.	0.299	9.0898e-003	
10984	0.	0.29118	8.8471e-003	
10985	0.	0.29255	7.8497e-003	
10986	0.	0.29389	6.8201e-003	
10987	0.	0.29521	5.7589e-003	
10988	0.	0.2965	4.6665e-003	
10989	0.	0.29776	3.5437e-003	
10990	0.	0.299	2.3911e-003	
10991	0.	0.299	4.0658e-003	
10992	0.	0.299	5.7405e-003	
10993	0.	0.299	7.4151e-003	
10994	0.	0.3	2.5e-003	
10995	0.	0.3	5.e-003	
10996	0.	0.3	7.5e-003	
10997	0.	0.3	1.e-002	
10998	0.	0.3	0.	
10999	0.	0.29218	6.8736e-003	
11000	0.	0.2905	8.1044e-003	
11001	0.	0.29383	5.5932e-003	
11002	0.	0.29543	4.2645e-003	
11003	0.	0.297	2.8885e-003	
11004	0.	0.29852	1.4666e-003	
11005	0.	0.2905	2.0261e-003	
11006	0.	0.2905	4.0522e-003	
11007	0.	0.2905	6.0783e-003	
11008	0.	0.2905	-1.0602e-030	
11009	0.	0.2895	0.	
11010	0.	0.2895	6.6006e-003	
11011	0.	0.2895	4.4004e-003	
11012	0.	0.2895	2.2002e-003	
11013	0.	0.2895	8.8008e-003	
11014	0.	0.28205	1.3241e-002	
11015	0.	0.2805	1.4016e-002	
11016	0.	0.28358	1.2427e-002	
11017	0.	0.2851	1.1576e-002	
11018	0.	0.28659	1.0687e-002	
11019	0.	0.28806	9.7621e-003	
11020	0.	0.2805	2.336e-003	
11021	0.	0.2805	4.6721e-003	
11022	0.	0.2805	7.0081e-003	
11023	0.	0.2805	9.3441e-003	
11024	0.	0.2805	1.168e-002	
11025	0.	0.2805	2.0195e-031	
11026	0.	0.2795	0.	
11027	0.	0.2795	1.2075e-002	
11028	0.	0.2795	9.6603e-003	
11029	0.	0.2795	7.2453e-003	
11030	0.	0.2795	4.8302e-003	
11031	0.	0.2795	2.4151e-003	
11032	0.	0.2795	1.4491e-002	
11033	0.	0.27279	1.7195e-002	
11034	0.	0.2705	1.7941e-002	
11035	0.	0.27506	1.6371e-002	
11036	0.	0.2773	1.5469e-002	
11037	0.	0.2705	2.2426e-003	
11038	0.	0.2705	4.4853e-003	
11039	0.	0.2705	6.7279e-003	
11040	0.	0.2705	8.9706e-003	
11041	0.	0.2705	1.1213e-002	
11042	0.	0.2705	1.3456e-002	
11043	0.	0.2705	1.5698e-002	
11044	0.	0.2705	-6.0585e-031	
11045	0.	0.2695	0.	
11046	0.	0.2695	1.5959e-002	
11047	0.	0.2695	1.3679e-002	
11048	0.	0.2695	1.14e-002	
11049	0.	0.2695	9.1196e-003	
11050	0.	0.2695	6.8397e-003	
11051	0.	0.2695	4.5598e-003	
11052	0.	0.2695	2.2799e-003	
11053	0.	0.2695	1.8239e-002	
11054	0.	0.26277	1.9835e-002	
11055	0.	0.2605	2.0218e-002	
11056	0.	0.26503	1.9377e-002	
11057	0.	0.26728	1.8845e-002	
11058	0.	0.2605	2.0218e-003	
11059	0.	0.2605	4.0436e-003	
11060	0.	0.2605	6.0655e-003	
11061	0.	0.2605	8.0873e-003	
11062	0.	0.2605	1.0109e-002	
11063	0.	0.2605	1.2131e-002	
11064	0.	0.2605	1.4153e-002	
11065	0.	0.2605	1.6175e-002	
11066	0.	0.2605	1.8196e-002	
11067	0.	0.2605	2.1205e-030	
11068	0.	0.2595	0.	
11069	0.	0.2595	1.8326e-002	
11070	0.	0.2595	1.629e-002	
11071	0.	0.2595	1.4254e-002	
11072	0.	0.2595	1.2218e-002	
11073	0.	0.2595	1.0181e-002	
11074	0.	0.2595	8.145e-003	
11075	0.	0.2595	6.1088e-003	
11076	0.	0.2595	4.0725e-003	
11077	0.	0.2595	2.0363e-003	
11078	0.	0.2595	2.0363e-002	
11079	0.	0.25276	2.0956e-002	
11080	0.	0.2505	2.1008e-002	
11081	0.	0.25501	2.0831e-002	
11082	0.	0.25726	2.0633e-002	
11083	0.	0.2505	2.1008e-003	
11084	0.	0.2505	4.2017e-003	
11085	0.	0.2505	6.3025e-003	
11086	0.	0.2505	8.4034e-003	
11087	0.	0.2505	1.0504e-002	
11088	0.	0.2505	1.2605e-002	
11089	0.	0.2505	1.4706e-002	
11090	0.	0.2505	1.6807e-002	
11091	0.	0.2505	1.8908e-002	
11092	0.	0.2505	5.3011e-031	
11093	0.	0.2495	0.	
11094	0.	0.2495	1.8908e-002	
11095	0.	0.2495	1.6807e-002	
11096	0.	0.2495	1.4706e-002	
11097	0.	0.2495	1.2605e-002	
11098	0.	0.2495	1.0504e-002	
11099	0.	0.2495	8.4034e-003	
11100	0.	0.2495	6.3025e-003	
11101	0.	0.2495	4.2017e-003	
11102	0.	0.2495	2.1008e-003	
11103	0.	0.2495	2.1008e-002	
11104	0.	0.24274	2.0633e-002	
11105	0.	0.2405	2.0363e-002	
11106	0.	0.24499	2.0831e-002	
11107	0.	0.24724	2.0956e-002	
11108	0.	0.2405	2.0363e-003	
11109	0.	0.2405	4.0725e-003	
11110	0.	0.2405	6.1088e-003	
11111	0.	0.2405	8.145e-003	
11112	0.	0.2405	1.0181e-002	
11113	0.	0.2405	1.2218e-002	
11114	0.	0.2405	1.4254e-002	
11115	0.	0.2405	1.629e-002	
11116	0.	0.2405	1.8326e-002	
11117	0.	0.2405	2.7515e-030	
11118	0.	0.2395	3.4694e-018	
11119	0.	0.2395	1.8196e-002	
11120	0.	0.2395	1.6175e-002	
11121	0.	0.2395	1.4153e-002	
11122	0.	0.2395	1.2131e-002	
11123	0.	0.2395	1.0109e-002	
11124	0.	0.2395	8.0873e-003	
11125	0.	0.2395	6.0655e-003	
11126	0.	0.2395	4.0436e-003	
11127	0.	0.2395	2.0218e-003	
11128	0.	0.2395	2.0218e-002	
11129	0.	0.23272	1.8845e-002	
11130	0.	0.2305	1.8239e-002	
11131	0.	0.23497	1.9377e-002	
11132	0.	0.23723	1.9835e-002	
11133	0.	0.2305	2.2799e-003	
11134	0.	0.2305	4.5598e-003	
11135	0.	0.2305	6.8397e-003	
11136	0.	0.2305	9.1196e-003	
11137	0.	0.2305	1.14e-002	
11138	0.	0.2305	1.3679e-002	
11139	0.	0.2305	1.5959e-002	
11140	0.	0.2305	-2.7768e-031	
11141	0.	0.2295	0.	
11142	0.	0.2295	1.5698e-002	
11143	0.	0.2295	1.3456e-002	
11144	0.	0.2295	1.1213e-002	
11145	0.	0.2295	8.9706e-003	
11146	0.	0.2295	6.7279e-003	
11147	0.	0.2295	4.4853e-003	
11148	0.	0.2295	2.2426e-003	
11149	0.	0.2295	1.7941e-002	
11150	0.	0.2227	1.5469e-002	
11151	0.	0.2205	1.4491e-002	
11152	0.	0.22494	1.6371e-002	
11153	0.	0.22721	1.7195e-002	
11154	0.	0.2205	2.4151e-003	
11155	0.	0.2205	4.8302e-003	
11156	0.	0.2205	7.2453e-003	
11157	0.	0.2205	9.6603e-003	
11158	0.	0.2205	1.2075e-002	
11159	0.	0.2205	0.	
11160	0.	0.2195	0.	
11161	0.	0.2195	1.168e-002	
11162	0.	0.2195	9.3441e-003	
11163	0.	0.2195	7.0081e-003	
11164	0.	0.2195	4.6721e-003	
11165	0.	0.2195	2.336e-003	
11166	0.	0.2195	1.4016e-002	
11167	0.	0.21194	9.7621e-003	
11168	0.	0.2105	8.8008e-003	
11169	0.	0.21341	1.0687e-002	
11170	0.	0.2149	1.1576e-002	
11171	0.	0.21642	1.2427e-002	
11172	0.	0.21795	1.3241e-002	
11173	0.	0.2105	2.2002e-003	
11174	0.	0.2105	4.4004e-003	
11175	0.	0.2105	6.6006e-003	
11176	0.	0.2105	0.	
11177	0.	0.2095	0.	
11178	0.	0.2095	6.0783e-003	
11179	0.	0.2095	4.0522e-003	
11180	0.	0.2095	2.0261e-003	
11181	0.	0.2095	8.1044e-003	
11182	0.	0.20148	1.4666e-003	
11183	0.	0.2	0.	
11184	0.	0.203	2.8885e-003	
11185	0.	0.20457	4.2645e-003	
11186	0.	0.20617	5.5932e-003	
11187	0.	0.20782	6.8736e-003	
11188	0.	0.2	7.5e-003	
11189	0.	0.2	5.e-003	
11190	0.	0.2	2.5e-003	
11191	0.	0.2	1.e-002	
11192	0.	0.29831	1.1664e-002	
11193	0.	0.29657	1.3271e-002	
11194	0.	0.29478	1.4817e-002	
11195	0.	0.29293	1.6302e-002	
11196	0.	0.29103	1.7723e-002	
11197	0.	0.28909	1.908e-002	
11198	0.	0.2871	2.037e-002	
11199	0.	0.28507	2.1591e-002	
11200	0.	0.283	2.2744e-002	
11201	0.	0.28089	2.3825e-002	
11202	0.	0.27875	2.4835e-002	
11203	0.	0.27657	2.5771e-002	
11204	0.	0.27436	2.6634e-002	
11205	0.	0.27213	2.7421e-002	
11206	0.	0.26987	2.8132e-002	
11207	0.	0.26758	2.8766e-002	
11208	0.	0.26528	2.9322e-002	
11209	0.	0.26296	2.98e-002	
11210	0.	0.26062	3.0199e-002	
11211	0.	0.25828	3.0519e-002	
11212	0.	0.25592	3.076e-002	
11213	0.	0.25355	3.092e-002	
11214	0.	0.25118	3.1e-002	
11215	0.	0.24882	3.1e-002	
11216	0.	0.24645	3.092e-002	
11217	0.	0.24408	3.076e-002	
11218	0.	0.24172	3.0519e-002	
11219	0.	0.23938	3.0199e-002	
11220	0.	0.23704	2.98e-002	
11221	0.	0.23472	2.9322e-002	
11222	0.	0.23242	2.8766e-002	
11223	0.	0.23013	2.8132e-002	
11224	0.	0.22787	2.7421e-002	
11225	0.	0.22564	2.6634e-002	
11226	0.	0.22343	2.5771e-002	
11227	0.	0.22125	2.4835e-002	
11228	0.	0.21911	2.3825e-002	
11229	0.	0.217	2.2744e-002	
11230	0.	0.21493	2.1591e-002	
11231	0.	0.2129	2.037e-002	
11232	0.	0.21091	1.908e-002	
11233	0.	0.20897	1.7723e-002	
11234	0.	0.20707	1.6302e-002	
11235	0.	0.20522	1.4817e-002	
11236	0.	0.20343	1.3271e-002	
11237	0.	0.20169	1.1664e-002	
11238	0.	0.29191	1.5827e-002	
11239	0.	0.2905	1.6874e-002	
11240	0.	0.29329	1.4744e-002	
11241	0.	0.29464	1.3627e-002	
11242	0.	0.29596	1.2476e-002	
11243	0.	0.29725	1.1292e-002	
11244	0.	0.29851	1.0075e-002	
11245	0.	0.29651	1.0013e-002	
11246	0.	0.29451	9.9508e-003	
11247	0.	0.2925	9.8886e-003	
11248	0.	0.2905	9.8264e-003	
11249	0.	0.2805	1.7459e-002	
11250	0.	0.2805	1.9273e-002	
11251	0.	0.2805	2.1088e-002	
11252	0.	0.2805	2.2903e-002	
11253	0.	0.2805	1.5644e-002	
11254	0.	0.28685	1.7379e-002	
11255	0.	0.28473	1.68e-002	
11256	0.	0.28262	1.6222e-002	
11257	0.	0.28896	1.7957e-002	
11258	0.	0.28268	2.178e-002	
11259	0.	0.28482	2.0581e-002	
11260	0.	0.28691	1.9305e-002	
11261	0.	0.2705	2.1381e-002	
11262	0.	0.2705	2.3219e-002	
11263	0.	0.2705	2.5057e-002	
11264	0.	0.2705	2.6895e-002	
11265	0.	0.2705	1.9543e-002	
11266	0.	0.27681	2.2629e-002	
11267	0.	0.27471	2.16e-002	
11268	0.	0.2726	2.0572e-002	
11269	0.	0.27892	2.3658e-002	
11270	0.	0.27264	2.6189e-002	
11271	0.	0.27476	2.5414e-002	
11272	0.	0.27685	2.457e-002	
11273	0.	0.2605	2.3674e-002	
11274	0.	0.2605	2.5518e-002	
11275	0.	0.2605	2.7362e-002	
11276	0.	0.2605	2.9207e-002	
11277	0.	0.2605	2.1829e-002	
11278	0.	0.26748	2.6455e-002	
11279	0.	0.26608	2.553e-002	
11280	0.	0.26469	2.4605e-002	
11281	0.	0.26329	2.368e-002	
11282	0.	0.2619	2.2754e-002	
11283	0.	0.26887	2.738e-002	
11284	0.	0.26261	2.8848e-002	
11285	0.	0.26471	2.8423e-002	
11286	0.	0.2668	2.7934e-002	
11287	0.	0.25812	2.3387e-002	
11288	0.	0.25674	2.471e-002	
11289	0.	0.25537	2.6032e-002	
11290	0.	0.25399	2.7354e-002	
11291	0.	0.25261	2.8677e-002	
11292	0.	0.25123	2.9999e-002	
11293	0.	0.2595	2.2065e-002	
11294	0.	0.2595	2.7531e-002	
11295	0.	0.2595	2.5709e-002	
11296	0.	0.2595	2.3887e-002	
11297	0.	0.2595	2.9353e-002	
11298	0.	0.25331	2.9931e-002	
11299	0.	0.25538	2.98e-002	
11300	0.	0.25744	2.9608e-002	
11301	0.	0.2505	2.3836e-002	
11302	0.	0.2505	2.5663e-002	
11303	0.	0.2505	2.749e-002	
11304	0.	0.2505	2.9317e-002	
11305	0.	0.2505	2.2008e-002	
11306	0.	0.25663	2.17e-002	
11307	0.	0.25867	2.1479e-002	
11308	0.	0.25459	2.1862e-002	
11309	0.	0.25255	2.1965e-002	
11310	0.	0.25186	2.8011e-002	
11311	0.	0.25322	2.6705e-002	
11312	0.	0.25458	2.5398e-002	
11313	0.	0.25594	2.4092e-002	
11314	0.	0.2573	2.2786e-002	
11315	0.	0.2905	1.1588e-002	
11316	0.	0.2905	1.335e-002	
11317	0.	0.2905	1.5112e-002	
11318	0.	0.24811	2.3786e-002	
11319	0.	0.24673	2.4917e-002	
11320	0.	0.24534	2.6049e-002	
11321	0.	0.24395	2.7181e-002	
11322	0.	0.24257	2.8312e-002	
11323	1.9e-002	0.24257	2.8312e-002	
11324	1.9e-002	0.24395	2.7181e-002	
11325	1.9e-002	0.24534	2.6049e-002	
11326	1.9e-002	0.24673	2.4917e-002	
11327	1.9e-002	0.24811	2.3786e-002	
11328	1.9e-002	0.2905	1.5112e-002	
11329	1.9e-002	0.2905	1.335e-002	
11330	1.9e-002	0.2905	1.1588e-002	
11331	1.9e-002	0.2573	2.2786e-002	
11332	1.9e-002	0.25594	2.4092e-002	
11333	1.9e-002	0.25458	2.5398e-002	
11334	1.9e-002	0.25322	2.6705e-002	
11335	1.9e-002	0.25186	2.8011e-002	
11336	1.9e-002	0.25867	2.1479e-002	
11337	1.9e-002	0.25663	2.17e-002	
11338	1.9e-002	0.25459	2.1862e-002	
11339	1.9e-002	0.25255	2.1965e-002	
11340	1.9e-002	0.2505	2.9317e-002	
11341	1.9e-002	0.2505	2.749e-002	
11342	1.9e-002	0.2505	2.5663e-002	
11343	1.9e-002	0.2505	2.3836e-002	
11344	1.9e-002	0.2505	2.2008e-002	
11345	1.9e-002	0.25331	2.9931e-002	
11346	1.9e-002	0.25538	2.98e-002	
11347	1.9e-002	0.25744	2.9608e-002	
11348	1.9e-002	0.2595	2.3887e-002	
11349	1.9e-002	0.2595	2.5709e-002	
11350	1.9e-002	0.2595	2.7531e-002	
11351	1.9e-002	0.2595	2.9353e-002	
11352	1.9e-002	0.25123	2.9999e-002	
11353	1.9e-002	0.25261	2.8677e-002	
11354	1.9e-002	0.25399	2.7354e-002	
11355	1.9e-002	0.25537	2.6032e-002	
11356	1.9e-002	0.25674	2.471e-002	
11357	1.9e-002	0.25812	2.3387e-002	
11358	1.9e-002	0.2595	2.2065e-002	
11359	1.9e-002	0.26261	2.8848e-002	
11360	1.9e-002	0.26471	2.8423e-002	
11361	1.9e-002	0.2668	2.7934e-002	
11362	1.9e-002	0.2619	2.2754e-002	
11363	1.9e-002	0.26329	2.368e-002	
11364	1.9e-002	0.26469	2.4605e-002	
11365	1.9e-002	0.26608	2.553e-002	
11366	1.9e-002	0.26748	2.6455e-002	
11367	1.9e-002	0.26887	2.738e-002	
11368	1.9e-002	0.2605	2.9207e-002	
11369	1.9e-002	0.2605	2.7362e-002	
11370	1.9e-002	0.2605	2.5518e-002	
11371	1.9e-002	0.2605	2.3674e-002	
11372	1.9e-002	0.2605	2.1829e-002	
11373	1.9e-002	0.27264	2.6189e-002	
11374	1.9e-002	0.27476	2.5414e-002	
11375	1.9e-002	0.27685	2.457e-002	
11376	1.9e-002	0.2726	2.0572e-002	
11377	1.9e-002	0.27471	2.16e-002	
11378	1.9e-002	0.27681	2.2629e-002	
11379	1.9e-002	0.27892	2.3658e-002	
11380	1.9e-002	0.2705	2.6895e-002	
11381	1.9e-002	0.2705	2.5057e-002	
11382	1.9e-002	0.2705	2.3219e-002	
11383	1.9e-002	0.2705	2.1381e-002	
11384	1.9e-002	0.2705	1.9543e-002	
11385	1.9e-002	0.28268	2.178e-002	
11386	1.9e-002	0.28482	2.0581e-002	
11387	1.9e-002	0.28691	1.9305e-002	
11388	1.9e-002	0.28262	1.6222e-002	
11389	1.9e-002	0.28473	1.68e-002	
11390	1.9e-002	0.28685	1.7379e-002	
11391	1.9e-002	0.28896	1.7957e-002	
11392	1.9e-002	0.2805	2.2903e-002	
11393	1.9e-002	0.2805	2.1088e-002	
11394	1.9e-002	0.2805	1.9273e-002	
11395	1.9e-002	0.2805	1.7459e-002	
11396	1.9e-002	0.2805	1.5644e-002	
11397	1.9e-002	0.2905	9.8264e-003	
11398	1.9e-002	0.2925	9.8886e-003	
11399	1.9e-002	0.29451	9.9508e-003	
11400	1.9e-002	0.29651	1.0013e-002	
11401	1.9e-002	0.2905	1.6874e-002	
11402	1.9e-002	0.29191	1.5827e-002	
11403	1.9e-002	0.29329	1.4744e-002	
11404	1.9e-002	0.29464	1.3627e-002	
11405	1.9e-002	0.29596	1.2476e-002	
11406	1.9e-002	0.29851	1.0075e-002	
11407	1.9e-002	0.29725	1.1292e-002	
11408	1.9e-002	0.29831	1.1664e-002	
11409	1.9e-002	0.29657	1.3271e-002	
11410	1.9e-002	0.29478	1.4817e-002	
11411	1.9e-002	0.29293	1.6302e-002	
11412	1.9e-002	0.29103	1.7723e-002	
11413	1.9e-002	0.28909	1.908e-002	
11414	1.9e-002	0.2871	2.037e-002	
11415	1.9e-002	0.28507	2.1591e-002	
11416	1.9e-002	0.283	2.2744e-002	
11417	1.9e-002	0.28089	2.3825e-002	
11418	1.9e-002	0.27875	2.4835e-002	
11419	1.9e-002	0.27657	2.5771e-002	
11420	1.9e-002	0.27436	2.6634e-002	
11421	1.9e-002	0.27213	2.7421e-002	
11422	1.9e-002	0.26987	2.8132e-002	
11423	1.9e-002	0.26758	2.8766e-002	
11424	1.9e-002	0.26528	2.9322e-002	
11425	1.9e-002	0.26296	2.98e-002	
11426	1.9e-002	0.26062	3.0199e-002	
11427	1.9e-002	0.25828	3.0519e-002	
11428	1.9e-002	0.25592	3.076e-002	
11429	1.9e-002	0.25355	3.092e-002	
11430	1.9e-002	0.25118	3.1e-002	
11431	1.9e-002	0.24882	3.1e-002	
11432	1.9e-002	0.24645	3.092e-002	
11433	1.9e-002	0.24408	3.076e-002	
11434	1.9e-002	0.24172	3.0519e-002	
11435	1.9e-002	0.23938	3.0199e-002	
11436	1.9e-002	0.23704	2.98e-002	
11437	1.9e-002	0.23472	2.9322e-002	
11438	1.9e-002	0.23242	2.8766e-002	
11439	1.9e-002	0.23013	2.8132e-002	
11440	1.9e-002	0.22787	2.7421e-002	
11441	1.9e-002	0.22564	2.6634e-002	
11442	1.9e-002	0.22343	2.5771e-002	
11443	1.9e-002	0.22125	2.4835e-002	
11444	1.9e-002	0.21911	2.3825e-002	
11445	1.9e-002	0.217	2.2744e-002	
11446	1.9e-002	0.21493	2.1591e-002	
11447	1.9e-002	0.2129	2.037e-002	
11448	1.9e-002	0.21091	1.908e-002	
11449	1.9e-002	0.20897	1.7723e-002	
11450	1.9e-002	0.20707	1.6302e-002	
11451	1.9e-002	0.20522	1.4817e-002	
11452	1.9e-002	0.20343	1.3271e-002	
11453	1.9e-002	0.20169	1.1664e-002	
11454	1.9e-002	0.2	2.5e-003	
11455	1.9e-002	0.2	5.e-003	
11456	1.9e-002	0.2	7.5e-003	
11457	1.9e-002	0.2	1.e-002	
11458	1.9e-002	0.2	0.	
11459	1.9e-002	0.20148	1.4666e-003	
11460	1.9e-002	0.203	2.8885e-003	
11461	1.9e-002	0.20457	4.2645e-003	
11462	1.9e-002	0.20617	5.5932e-003	
11463	1.9e-002	0.20782	6.8736e-003	
11464	1.9e-002	0.2095	2.0261e-003	
11465	1.9e-002	0.2095	4.0522e-003	
11466	1.9e-002	0.2095	6.0783e-003	
11467	1.9e-002	0.2095	8.1044e-003	
11468	1.9e-002	0.2095	0.	
11469	1.9e-002	0.2105	6.6006e-003	
11470	1.9e-002	0.2105	4.4004e-003	
11471	1.9e-002	0.2105	2.2002e-003	
11472	1.9e-002	0.2105	0.	
11473	1.9e-002	0.2105	8.8008e-003	
11474	1.9e-002	0.21194	9.7621e-003	
11475	1.9e-002	0.21341	1.0687e-002	
11476	1.9e-002	0.2149	1.1576e-002	
11477	1.9e-002	0.21642	1.2427e-002	
11478	1.9e-002	0.21795	1.3241e-002	
11479	1.9e-002	0.2195	2.336e-003	
11480	1.9e-002	0.2195	4.6721e-003	
11481	1.9e-002	0.2195	7.0081e-003	
11482	1.9e-002	0.2195	9.3441e-003	
11483	1.9e-002	0.2195	1.168e-002	
11484	1.9e-002	0.2195	1.4016e-002	
11485	1.9e-002	0.2195	0.	
11486	1.9e-002	0.2205	1.2075e-002	
11487	1.9e-002	0.2205	9.6603e-003	
11488	1.9e-002	0.2205	7.2453e-003	
11489	1.9e-002	0.2205	4.8302e-003	
11490	1.9e-002	0.2205	2.4151e-003	
11491	1.9e-002	0.2205	0.	
11492	1.9e-002	0.2205	1.4491e-002	
11493	1.9e-002	0.2227	1.5469e-002	
11494	1.9e-002	0.22494	1.6371e-002	
11495	1.9e-002	0.22721	1.7195e-002	
11496	1.9e-002	0.2295	2.2426e-003	
11497	1.9e-002	0.2295	4.4853e-003	
11498	1.9e-002	0.2295	6.7279e-003	
11499	1.9e-002	0.2295	8.9706e-003	
11500	1.9e-002	0.2295	1.1213e-002	
11501	1.9e-002	0.2295	1.3456e-002	
11502	1.9e-002	0.2295	1.5698e-002	
11503	1.9e-002	0.2295	1.7941e-002	
11504	1.9e-002	0.2295	0.	
11505	1.9e-002	0.2305	1.5959e-002	
11506	1.9e-002	0.2305	1.3679e-002	
11507	1.9e-002	0.2305	1.14e-002	
11508	1.9e-002	0.2305	9.1196e-003	
11509	1.9e-002	0.2305	6.8397e-003	
11510	1.9e-002	0.2305	4.5598e-003	
11511	1.9e-002	0.2305	2.2799e-003	
11512	1.9e-002	0.2305	-2.7768e-031	
11513	1.9e-002	0.2305	1.8239e-002	
11514	1.9e-002	0.23272	1.8845e-002	
11515	1.9e-002	0.23497	1.9377e-002	
11516	1.9e-002	0.23723	1.9835e-002	
11517	1.9e-002	0.2395	2.0218e-003	
11518	1.9e-002	0.2395	4.0436e-003	
11519	1.9e-002	0.2395	6.0655e-003	
11520	1.9e-002	0.2395	8.0873e-003	
11521	1.9e-002	0.2395	1.0109e-002	
11522	1.9e-002	0.2395	1.2131e-002	
11523	1.9e-002	0.2395	1.4153e-002	
11524	1.9e-002	0.2395	1.6175e-002	
11525	1.9e-002	0.2395	1.8196e-002	
11526	1.9e-002	0.2395	2.0218e-002	
11527	1.9e-002	0.2395	3.4694e-018	
11528	1.9e-002	0.2405	1.8326e-002	
11529	1.9e-002	0.2405	1.629e-002	
11530	1.9e-002	0.2405	1.4254e-002	
11531	1.9e-002	0.2405	1.2218e-002	
11532	1.9e-002	0.2405	1.0181e-002	
11533	1.9e-002	0.2405	8.145e-003	
11534	1.9e-002	0.2405	6.1088e-003	
11535	1.9e-002	0.2405	4.0725e-003	
11536	1.9e-002	0.2405	2.0363e-003	
11537	1.9e-002	0.2405	2.7515e-030	
11538	1.9e-002	0.2405	2.0363e-002	
11539	1.9e-002	0.24274	2.0633e-002	
11540	1.9e-002	0.24499	2.0831e-002	
11541	1.9e-002	0.24724	2.0956e-002	
11542	1.9e-002	0.2495	2.1008e-003	
11543	1.9e-002	0.2495	4.2017e-003	
11544	1.9e-002	0.2495	6.3025e-003	
11545	1.9e-002	0.2495	8.4034e-003	
11546	1.9e-002	0.2495	1.0504e-002	
11547	1.9e-002	0.2495	1.2605e-002	
11548	1.9e-002	0.2495	1.4706e-002	
11549	1.9e-002	0.2495	1.6807e-002	
11550	1.9e-002	0.2495	1.8908e-002	
11551	1.9e-002	0.2495	2.1008e-002	
11552	1.9e-002	0.2495	0.	
11553	1.9e-002	0.2505	1.8908e-002	
11554	1.9e-002	0.2505	1.6807e-002	
11555	1.9e-002	0.2505	1.4706e-002	
11556	1.9e-002	0.2505	1.2605e-002	
11557	1.9e-002	0.2505	1.0504e-002	
11558	1.9e-002	0.2505	8.4034e-003	
11559	1.9e-002	0.2505	6.3025e-003	
11560	1.9e-002	0.2505	4.2017e-003	
11561	1.9e-002	0.2505	2.1008e-003	
11562	1.9e-002	0.2505	5.3011e-031	
11563	1.9e-002	0.2505	2.1008e-002	
11564	1.9e-002	0.25276	2.0956e-002	
11565	1.9e-002	0.25501	2.0831e-002	
11566	1.9e-002	0.25726	2.0633e-002	
11567	1.9e-002	0.2595	2.0363e-003	
11568	1.9e-002	0.2595	4.0725e-003	
11569	1.9e-002	0.2595	6.1088e-003	
11570	1.9e-002	0.2595	8.145e-003	
11571	1.9e-002	0.2595	1.0181e-002	
11572	1.9e-002	0.2595	1.2218e-002	
11573	1.9e-002	0.2595	1.4254e-002	
11574	1.9e-002	0.2595	1.629e-002	
11575	1.9e-002	0.2595	1.8326e-002	
11576	1.9e-002	0.2595	2.0363e-002	
11577	1.9e-002	0.2595	0.	
11578	1.9e-002	0.2605	1.8196e-002	
11579	1.9e-002	0.2605	1.6175e-002	
11580	1.9e-002	0.2605	1.4153e-002	
11581	1.9e-002	0.2605	1.2131e-002	
11582	1.9e-002	0.2605	1.0109e-002	
11583	1.9e-002	0.2605	8.0873e-003	
11584	1.9e-002	0.2605	6.0655e-003	
11585	1.9e-002	0.2605	4.0436e-003	
11586	1.9e-002	0.2605	2.0218e-003	
11587	1.9e-002	0.2605	2.1205e-030	
11588	1.9e-002	0.2605	2.0218e-002	
11589	1.9e-002	0.26277	1.9835e-002	
11590	1.9e-002	0.26503	1.9377e-002	
11591	1.9e-002	0.26728	1.8845e-002	
11592	1.9e-002	0.2695	2.2799e-003	
11593	1.9e-002	0.2695	4.5598e-003	
11594	1.9e-002	0.2695	6.8397e-003	
11595	1.9e-002	0.2695	9.1196e-003	
11596	1.9e-002	0.2695	1.14e-002	
11597	1.9e-002	0.2695	1.3679e-002	
11598	1.9e-002	0.2695	1.5959e-002	
11599	1.9e-002	0.2695	1.8239e-002	
11600	1.9e-002	0.2695	0.	
11601	1.9e-002	0.2705	1.5698e-002	
11602	1.9e-002	0.2705	1.3456e-002	
11603	1.9e-002	0.2705	1.1213e-002	
11604	1.9e-002	0.2705	8.9706e-003	
11605	1.9e-002	0.2705	6.7279e-003	
11606	1.9e-002	0.2705	4.4853e-003	
11607	1.9e-002	0.2705	2.2426e-003	
11608	1.9e-002	0.2705	-6.0585e-031	
11609	1.9e-002	0.2705	1.7941e-002	
11610	1.9e-002	0.27279	1.7195e-002	
11611	1.9e-002	0.27506	1.6371e-002	
11612	1.9e-002	0.2773	1.5469e-002	
11613	1.9e-002	0.2795	2.4151e-003	
11614	1.9e-002	0.2795	4.8302e-003	
11615	1.9e-002	0.2795	7.2453e-003	
11616	1.9e-002	0.2795	9.6603e-003	
11617	1.9e-002	0.2795	1.2075e-002	
11618	1.9e-002	0.2795	1.4491e-002	
11619	1.9e-002	0.2795	0.	
11620	1.9e-002	0.2805	1.168e-002	
11621	1.9e-002	0.2805	9.3441e-003	
11622	1.9e-002	0.2805	7.0081e-003	
11623	1.9e-002	0.2805	4.6721e-003	
11624	1.9e-002	0.2805	2.336e-003	
11625	1.9e-002	0.2805	2.0195e-031	
11626	1.9e-002	0.2805	1.4016e-002	
11627	1.9e-002	0.28205	1.3241e-002	
11628	1.9e-002	0.28358	1.2427e-002	
11629	1.9e-002	0.2851	1.1576e-002	
11630	1.9e-002	0.28659	1.0687e-002	
11631	1.9e-002	0.28806	9.7621e-003	
11632	1.9e-002	0.2895	2.2002e-003	
11633	1.9e-002	0.2895	4.4004e-003	
11634	1.9e-002	0.2895	6.6006e-003	
11635	1.9e-002	0.2895	8.8008e-003	
11636	1.9e-002	0.2895	0.	
11637	1.9e-002	0.2905	6.0783e-003	
11638	1.9e-002	0.2905	4.0522e-003	
11639	1.9e-002	0.2905	2.0261e-003	
11640	1.9e-002	0.2905	-1.0602e-030	
11641	1.9e-002	0.2905	8.1044e-003	
11642	1.9e-002	0.29218	6.8736e-003	
11643	1.9e-002	0.29383	5.5932e-003	
11644	1.9e-002	0.29543	4.2645e-003	
11645	1.9e-002	0.297	2.8885e-003	
11646	1.9e-002	0.29852	1.4666e-003	
11647	1.9e-002	0.3	1.e-002	
11648	1.9e-002	0.3	7.5e-003	
11649	1.9e-002	0.3	5.e-003	
11650	1.9e-002	0.3	2.5e-003	
11651	1.9e-002	0.3	0.	
11652	1.9e-002	0.299	7.4151e-003	
11653	1.9e-002	0.299	5.7405e-003	
11654	1.9e-002	0.299	4.0658e-003	
11655	1.9e-002	0.29255	7.8497e-003	
11656	1.9e-002	0.29389	6.8201e-003	
11657	1.9e-002	0.29521	5.7589e-003	
11658	1.9e-002	0.2965	4.6665e-003	
11659	1.9e-002	0.299	2.3911e-003	
11660	1.9e-002	0.29776	3.5437e-003	
11661	1.9e-002	0.29118	8.8471e-003	
11662	1.9e-002	0.29314	8.9077e-003	
11663	1.9e-002	0.29509	8.9684e-003	
11664	1.9e-002	0.29705	9.0291e-003	
11665	1.9e-002	0.299	9.0898e-003	
11666	1.9e-002	0.2895	1.5302e-002	
11667	1.9e-002	0.2895	1.3538e-002	
11668	1.9e-002	0.2895	1.1773e-002	
11669	1.9e-002	0.28332	1.3704e-002	
11670	1.9e-002	0.28542	1.2542e-002	
11671	1.9e-002	0.2895	1.0008e-002	
11672	1.9e-002	0.28748	1.1309e-002	
11673	1.9e-002	0.28119	1.4794e-002	
11674	1.9e-002	0.28326	1.5363e-002	
11675	1.9e-002	0.28534	1.5931e-002	
11676	1.9e-002	0.28742	1.6499e-002	
11677	1.9e-002	0.2895	1.7067e-002	
11678	1.9e-002	0.2795	2.102e-002	
11679	1.9e-002	0.2795	1.9211e-002	
11680	1.9e-002	0.2795	1.7401e-002	
11681	1.9e-002	0.27331	1.8074e-002	
11682	1.9e-002	0.2754	1.7312e-002	
11683	1.9e-002	0.2795	1.5592e-002	
11684	1.9e-002	0.27746	1.6484e-002	
11685	1.9e-002	0.2712	1.8772e-002	
11686	1.9e-002	0.27327	1.9786e-002	
11687	1.9e-002	0.27535	2.0801e-002	
11688	1.9e-002	0.27742	2.1815e-002	
11689	1.9e-002	0.2795	2.283e-002	
11690	1.9e-002	0.2695	2.4768e-002	
11691	1.9e-002	0.2695	2.2939e-002	
11692	1.9e-002	0.2695	2.1109e-002	
11693	1.9e-002	0.26332	2.075e-002	
11694	1.9e-002	0.26539	2.0321e-002	
11695	1.9e-002	0.2695	1.928e-002	
11696	1.9e-002	0.26745	1.9831e-002	
11697	1.9e-002	0.26123	2.1116e-002	
11698	1.9e-002	0.2633	2.2486e-002	
11699	1.9e-002	0.26537	2.3857e-002	
11700	1.9e-002	0.26743	2.5227e-002	
11701	1.9e-002	0.2695	2.6598e-002	
11702	1.9e-002	0.22254	1.6484e-002	
11703	1.9e-002	0.2246	1.7312e-002	
11704	1.9e-002	0.22669	1.8074e-002	
11705	1.9e-002	0.2205	1.5592e-002	
11706	1.9e-002	0.2205	1.7401e-002	
11707	1.9e-002	0.2205	1.9211e-002	
11708	1.9e-002	0.2205	2.102e-002	
11709	1.9e-002	0.2205	2.283e-002	
11710	1.9e-002	0.22258	2.1815e-002	
11711	1.9e-002	0.22465	2.0801e-002	
11712	1.9e-002	0.22673	1.9786e-002	
11713	1.9e-002	0.2288	1.8772e-002	
11714	1.9e-002	0.20224	3.5437e-003	
11715	1.9e-002	0.2035	4.6665e-003	
11716	1.9e-002	0.20479	5.7589e-003	
11717	1.9e-002	0.20611	6.8201e-003	
11718	1.9e-002	0.20745	7.8497e-003	
11719	1.9e-002	0.201	2.3911e-003	
11720	1.9e-002	0.201	4.0658e-003	
11721	1.9e-002	0.201	5.7405e-003	
11722	1.9e-002	0.201	7.4151e-003	
11723	1.9e-002	0.201	9.0898e-003	
11724	1.9e-002	0.20295	9.0291e-003	
11725	1.9e-002	0.20491	8.9684e-003	
11726	1.9e-002	0.20686	8.9077e-003	
11727	1.9e-002	0.20882	8.8471e-003	
11728	1.9e-002	0.20275	1.1292e-002	
11729	1.9e-002	0.20404	1.2476e-002	
11730	1.9e-002	0.20536	1.3627e-002	
11731	1.9e-002	0.20671	1.4744e-002	
11732	1.9e-002	0.20809	1.5827e-002	
11733	1.9e-002	0.2095	1.1588e-002	
11734	1.9e-002	0.2095	1.335e-002	
11735	1.9e-002	0.2095	1.5112e-002	
11736	1.9e-002	0.2095	1.6874e-002	
11737	1.9e-002	0.20149	1.0075e-002	
11738	1.9e-002	0.20349	1.0013e-002	
11739	1.9e-002	0.20549	9.9508e-003	
11740	1.9e-002	0.2075	9.8886e-003	
11741	1.9e-002	0.2095	9.8264e-003	
11742	1.9e-002	0.21674	1.5363e-002	
11743	1.9e-002	0.21466	1.5931e-002	
11744	1.9e-002	0.21258	1.6499e-002	
11745	1.9e-002	0.21881	1.4794e-002	
11746	1.9e-002	0.21668	1.3704e-002	
11747	1.9e-002	0.21458	1.2542e-002	
11748	1.9e-002	0.21252	1.1309e-002	
11749	1.9e-002	0.2105	1.7067e-002	
11750	1.9e-002	0.2105	1.5302e-002	
11751	1.9e-002	0.2105	1.3538e-002	
11752	1.9e-002	0.2105	1.1773e-002	
11753	1.9e-002	0.2105	1.0008e-002	
11754	1.9e-002	0.21309	1.9305e-002	
11755	1.9e-002	0.21518	2.0581e-002	
11756	1.9e-002	0.21732	2.178e-002	
11757	1.9e-002	0.2195	1.7459e-002	
11758	1.9e-002	0.2195	1.9273e-002	
11759	1.9e-002	0.2195	2.1088e-002	
11760	1.9e-002	0.2195	2.2903e-002	
11761	1.9e-002	0.21104	1.7957e-002	
11762	1.9e-002	0.21315	1.7379e-002	
11763	1.9e-002	0.21527	1.68e-002	
11764	1.9e-002	0.21738	1.6222e-002	
11765	1.9e-002	0.2195	1.5644e-002	
11766	1.9e-002	0.22315	2.457e-002	
11767	1.9e-002	0.22524	2.5414e-002	
11768	1.9e-002	0.22736	2.6189e-002	
11769	1.9e-002	0.2295	2.1381e-002	
11770	1.9e-002	0.2295	2.3219e-002	
11771	1.9e-002	0.2295	2.5057e-002	
11772	1.9e-002	0.2295	2.6895e-002	
11773	1.9e-002	0.22108	2.3658e-002	
11774	1.9e-002	0.22319	2.2629e-002	
11775	1.9e-002	0.22529	2.16e-002	
11776	1.9e-002	0.2274	2.0572e-002	
11777	1.9e-002	0.2295	1.9543e-002	
11778	1.9e-002	0.2367	2.2486e-002	
11779	1.9e-002	0.23463	2.3857e-002	
11780	1.9e-002	0.23257	2.5227e-002	
11781	1.9e-002	0.23877	2.1116e-002	
11782	1.9e-002	0.23668	2.075e-002	
11783	1.9e-002	0.23461	2.0321e-002	
11784	1.9e-002	0.23255	1.9831e-002	
11785	1.9e-002	0.2305	2.6598e-002	
11786	1.9e-002	0.2305	2.4768e-002	
11787	1.9e-002	0.2305	2.2939e-002	
11788	1.9e-002	0.2305	2.1109e-002	
11789	1.9e-002	0.2305	1.928e-002	
11790	1.9e-002	0.2332	2.7934e-002	
11791	1.9e-002	0.23529	2.8423e-002	
11792	1.9e-002	0.23739	2.8848e-002	
11793	1.9e-002	0.2395	2.3674e-002	
11794	1.9e-002	0.2395	2.5518e-002	
11795	1.9e-002	0.2395	2.7362e-002	
11796	1.9e-002	0.2395	2.9207e-002	
11797	1.9e-002	0.23113	2.738e-002	
11798	1.9e-002	0.23252	2.6455e-002	
11799	1.9e-002	0.23392	2.553e-002	
11800	1.9e-002	0.23531	2.4605e-002	
11801	1.9e-002	0.23671	2.368e-002	
11802	1.9e-002	0.2381	2.2754e-002	
11803	1.9e-002	0.2395	2.1829e-002	
11804	1.9e-002	0.24735	2.3117e-002	
11805	1.9e-002	0.24598	2.4235e-002	
11806	1.9e-002	0.24461	2.5353e-002	
11807	1.9e-002	0.24324	2.6471e-002	
11808	1.9e-002	0.24187	2.759e-002	
11809	1.9e-002	0.24872	2.1999e-002	
11810	1.9e-002	0.24666	2.1932e-002	
11811	1.9e-002	0.2446	2.1805e-002	
11812	1.9e-002	0.24255	2.1618e-002	
11813	1.9e-002	0.2405	2.8708e-002	
11814	1.9e-002	0.2405	2.6874e-002	
11815	1.9e-002	0.2405	2.504e-002	
11816	1.9e-002	0.2405	2.3206e-002	
11817	1.9e-002	0.2405	2.1372e-002	
11818	1.9e-002	0.24118	2.9444e-002	
11819	1.9e-002	0.24325	2.9679e-002	
11820	1.9e-002	0.24533	2.9852e-002	
11821	1.9e-002	0.24741	2.9962e-002	
11822	1.9e-002	0.2495	2.2654e-002	
11823	1.9e-002	0.2495	2.4493e-002	
11824	1.9e-002	0.2495	2.6332e-002	
11825	1.9e-002	0.2495	2.817e-002	
11826	1.9e-002	0.2495	3.0009e-002	
11827	2.e-002	0.2495	2.817e-002	
11828	2.e-002	0.2495	2.6332e-002	
11829	2.e-002	0.2495	2.4493e-002	
11830	2.e-002	0.2495	2.2654e-002	
11831	2.e-002	0.2495	3.0009e-002	
11832	2.e-002	0.24325	2.9679e-002	
11833	2.e-002	0.24118	2.9444e-002	
11834	2.e-002	0.24533	2.9852e-002	
11835	2.e-002	0.24741	2.9962e-002	
11836	2.e-002	0.2405	2.3206e-002	
11837	2.e-002	0.2405	2.504e-002	
11838	2.e-002	0.2405	2.6874e-002	
11839	2.e-002	0.2405	2.8708e-002	
11840	2.e-002	0.2405	2.1372e-002	
11841	2.e-002	0.24666	2.1932e-002	
11842	2.e-002	0.24872	2.1999e-002	
11843	2.e-002	0.2446	2.1805e-002	
11844	2.e-002	0.24255	2.1618e-002	
11845	2.e-002	0.24187	2.759e-002	
11846	2.e-002	0.24324	2.6471e-002	
11847	2.e-002	0.24461	2.5353e-002	
11848	2.e-002	0.24598	2.4235e-002	
11849	2.e-002	0.24735	2.3117e-002	
11850	2.e-002	0.2381	2.2754e-002	
11851	2.e-002	0.23671	2.368e-002	
11852	2.e-002	0.23531	2.4605e-002	
11853	2.e-002	0.23392	2.553e-002	
11854	2.e-002	0.23252	2.6455e-002	
11855	2.e-002	0.23113	2.738e-002	
11856	2.e-002	0.2395	2.1829e-002	
11857	2.e-002	0.2395	2.7362e-002	
11858	2.e-002	0.2395	2.5518e-002	
11859	2.e-002	0.2395	2.3674e-002	
11860	2.e-002	0.2395	2.9207e-002	
11861	2.e-002	0.2332	2.7934e-002	
11862	2.e-002	0.23529	2.8423e-002	
11863	2.e-002	0.23739	2.8848e-002	
11864	2.e-002	0.2305	2.1109e-002	
11865	2.e-002	0.2305	2.2939e-002	
11866	2.e-002	0.2305	2.4768e-002	
11867	2.e-002	0.2305	2.6598e-002	
11868	2.e-002	0.2305	1.928e-002	
11869	2.e-002	0.23668	2.075e-002	
11870	2.e-002	0.23877	2.1116e-002	
11871	2.e-002	0.23461	2.0321e-002	
11872	2.e-002	0.23255	1.9831e-002	
11873	2.e-002	0.23257	2.5227e-002	
11874	2.e-002	0.23463	2.3857e-002	
11875	2.e-002	0.2367	2.2486e-002	
11876	2.e-002	0.2274	2.0572e-002	
11877	2.e-002	0.22529	2.16e-002	
11878	2.e-002	0.22319	2.2629e-002	
11879	2.e-002	0.22108	2.3658e-002	
11880	2.e-002	0.2295	1.9543e-002	
11881	2.e-002	0.2295	2.5057e-002	
11882	2.e-002	0.2295	2.3219e-002	
11883	2.e-002	0.2295	2.1381e-002	
11884	2.e-002	0.2295	2.6895e-002	
11885	2.e-002	0.22315	2.457e-002	
11886	2.e-002	0.22524	2.5414e-002	
11887	2.e-002	0.22736	2.6189e-002	
11888	2.e-002	0.21738	1.6222e-002	
11889	2.e-002	0.21527	1.68e-002	
11890	2.e-002	0.21315	1.7379e-002	
11891	2.e-002	0.21104	1.7957e-002	
11892	2.e-002	0.2195	1.5644e-002	
11893	2.e-002	0.2195	2.1088e-002	
11894	2.e-002	0.2195	1.9273e-002	
11895	2.e-002	0.2195	1.7459e-002	
11896	2.e-002	0.2195	2.2903e-002	
11897	2.e-002	0.21309	1.9305e-002	
11898	2.e-002	0.21518	2.0581e-002	
11899	2.e-002	0.21732	2.178e-002	
11900	2.e-002	0.2105	1.1773e-002	
11901	2.e-002	0.2105	1.3538e-002	
11902	2.e-002	0.2105	1.5302e-002	
11903	2.e-002	0.2105	1.7067e-002	
11904	2.e-002	0.2105	1.0008e-002	
11905	2.e-002	0.21668	1.3704e-002	
11906	2.e-002	0.21881	1.4794e-002	
11907	2.e-002	0.21458	1.2542e-002	
11908	2.e-002	0.21252	1.1309e-002	
11909	2.e-002	0.21258	1.6499e-002	
11910	2.e-002	0.21466	1.5931e-002	
11911	2.e-002	0.21674	1.5363e-002	
11912	2.e-002	0.2075	9.8886e-003	
11913	2.e-002	0.20549	9.9508e-003	
11914	2.e-002	0.20349	1.0013e-002	
11915	2.e-002	0.20149	1.0075e-002	
11916	2.e-002	0.2095	9.8264e-003	
11917	2.e-002	0.2095	1.5112e-002	
11918	2.e-002	0.2095	1.335e-002	
11919	2.e-002	0.2095	1.1588e-002	
11920	2.e-002	0.2095	1.6874e-002	
11921	2.e-002	0.20275	1.1292e-002	
11922	2.e-002	0.20404	1.2476e-002	
11923	2.e-002	0.20536	1.3627e-002	
11924	2.e-002	0.20671	1.4744e-002	
11925	2.e-002	0.20809	1.5827e-002	
11926	2.e-002	0.20686	8.9077e-003	
11927	2.e-002	0.20491	8.9684e-003	
11928	2.e-002	0.20295	9.0291e-003	
11929	2.e-002	0.20882	8.8471e-003	
11930	2.e-002	0.201	9.0898e-003	
11931	2.e-002	0.201	7.4151e-003	
11932	2.e-002	0.201	5.7405e-003	
11933	2.e-002	0.201	4.0658e-003	
11934	2.e-002	0.201	2.3911e-003	
11935	2.e-002	0.20224	3.5437e-003	
11936	2.e-002	0.2035	4.6665e-003	
11937	2.e-002	0.20479	5.7589e-003	
11938	2.e-002	0.20611	6.8201e-003	
11939	2.e-002	0.20745	7.8497e-003	
11940	2.e-002	0.22673	1.9786e-002	
11941	2.e-002	0.22465	2.0801e-002	
11942	2.e-002	0.22258	2.1815e-002	
11943	2.e-002	0.2288	1.8772e-002	
11944	2.e-002	0.2205	2.283e-002	
11945	2.e-002	0.2205	2.102e-002	
11946	2.e-002	0.2205	1.9211e-002	
11947	2.e-002	0.2205	1.7401e-002	
11948	2.e-002	0.2205	1.5592e-002	
11949	2.e-002	0.22254	1.6484e-002	
11950	2.e-002	0.2246	1.7312e-002	
11951	2.e-002	0.22669	1.8074e-002	
11952	2.e-002	0.26743	2.5227e-002	
11953	2.e-002	0.26537	2.3857e-002	
11954	2.e-002	0.2633	2.2486e-002	
11955	2.e-002	0.2695	2.6598e-002	
11956	2.e-002	0.26123	2.1116e-002	
11957	2.e-002	0.26332	2.075e-002	
11958	2.e-002	0.26539	2.0321e-002	
11959	2.e-002	0.26745	1.9831e-002	
11960	2.e-002	0.2695	1.928e-002	
11961	2.e-002	0.2695	2.1109e-002	
11962	2.e-002	0.2695	2.2939e-002	
11963	2.e-002	0.2695	2.4768e-002	
11964	2.e-002	0.27742	2.1815e-002	
11965	2.e-002	0.27535	2.0801e-002	
11966	2.e-002	0.27327	1.9786e-002	
11967	2.e-002	0.2795	2.283e-002	
11968	2.e-002	0.2712	1.8772e-002	
11969	2.e-002	0.27331	1.8074e-002	
11970	2.e-002	0.2754	1.7312e-002	
11971	2.e-002	0.27746	1.6484e-002	
11972	2.e-002	0.2795	1.5592e-002	
11973	2.e-002	0.2795	1.7401e-002	
11974	2.e-002	0.2795	1.9211e-002	
11975	2.e-002	0.2795	2.102e-002	
11976	2.e-002	0.28742	1.6499e-002	
11977	2.e-002	0.28534	1.5931e-002	
11978	2.e-002	0.28326	1.5363e-002	
11979	2.e-002	0.2895	1.7067e-002	
11980	2.e-002	0.28119	1.4794e-002	
11981	2.e-002	0.28332	1.3704e-002	
11982	2.e-002	0.28542	1.2542e-002	
11983	2.e-002	0.28748	1.1309e-002	
11984	2.e-002	0.2895	1.0008e-002	
11985	2.e-002	0.2895	1.1773e-002	
11986	2.e-002	0.2895	1.3538e-002	
11987	2.e-002	0.2895	1.5302e-002	
11988	2.e-002	0.29705	9.0291e-003	
11989	2.e-002	0.29509	8.9684e-003	
11990	2.e-002	0.29314	8.9077e-003	
11991	2.e-002	0.299	9.0898e-003	
11992	2.e-002	0.29118	8.8471e-003	
11993	2.e-002	0.29255	7.8497e-003	
11994	2.e-002	0.29389	6.8201e-003	
11995	2.e-002	0.29521	5.7589e-003	
11996	2.e-002	0.2965	4.6665e-003	
11997	2.e-002	0.29776	3.5437e-003	
11998	2.e-002	0.299	2.3911e-003	
11999	2.e-002	0.299	4.0658e-003	
12000	2.e-002	0.299	5.7405e-003	
12001	2.e-002	0.299	7.4151e-003	
12002	2.e-002	0.3	2.5e-003	
12003	2.e-002	0.3	5.e-003	
12004	2.e-002	0.3	7.5e-003	
12005	2.e-002	0.3	1.e-002	
12006	2.e-002	0.3	0.	
12007	2.e-002	0.29218	6.8736e-003	
12008	2.e-002	0.2905	8.1044e-003	
12009	2.e-002	0.29383	5.5932e-003	
12010	2.e-002	0.29543	4.2645e-003	
12011	2.e-002	0.297	2.8885e-003	
12012	2.e-002	0.29852	1.4666e-003	
12013	2.e-002	0.2905	2.0261e-003	
12014	2.e-002	0.2905	4.0522e-003	
12015	2.e-002	0.2905	6.0783e-003	
12016	2.e-002	0.2905	-1.0602e-030	
12017	2.e-002	0.2895	0.	
12018	2.e-002	0.2895	6.6006e-003	
12019	2.e-002	0.2895	4.4004e-003	
12020	2.e-002	0.2895	2.2002e-003	
12021	2.e-002	0.2895	8.8008e-003	
12022	2.e-002	0.28205	1.3241e-002	
12023	2.e-002	0.2805	1.4016e-002	
12024	2.e-002	0.28358	1.2427e-002	
12025	2.e-002	0.2851	1.1576e-002	
12026	2.e-002	0.28659	1.0687e-002	
12027	2.e-002	0.28806	9.7621e-003	
12028	2.e-002	0.2805	2.336e-003	
12029	2.e-002	0.2805	4.6721e-003	
12030	2.e-002	0.2805	7.0081e-003	
12031	2.e-002	0.2805	9.3441e-003	
12032	2.e-002	0.2805	1.168e-002	
12033	2.e-002	0.2805	2.0195e-031	
12034	2.e-002	0.2795	0.	
12035	2.e-002	0.2795	1.2075e-002	
12036	2.e-002	0.2795	9.6603e-003	
12037	2.e-002	0.2795	7.2453e-003	
12038	2.e-002	0.2795	4.8302e-003	
12039	2.e-002	0.2795	2.4151e-003	
12040	2.e-002	0.2795	1.4491e-002	
12041	2.e-002	0.27279	1.7195e-002	
12042	2.e-002	0.2705	1.7941e-002	
12043	2.e-002	0.27506	1.6371e-002	
12044	2.e-002	0.2773	1.5469e-002	
12045	2.e-002	0.2705	2.2426e-003	
12046	2.e-002	0.2705	4.4853e-003	
12047	2.e-002	0.2705	6.7279e-003	
12048	2.e-002	0.2705	8.9706e-003	
12049	2.e-002	0.2705	1.1213e-002	
12050	2.e-002	0.2705	1.3456e-002	
12051	2.e-002	0.2705	1.5698e-002	
12052	2.e-002	0.2705	-6.0585e-031	
12053	2.e-002	0.2695	0.	
12054	2.e-002	0.2695	1.5959e-002	
12055	2.e-002	0.2695	1.3679e-002	
12056	2.e-002	0.2695	1.14e-002	
12057	2.e-002	0.2695	9.1196e-003	
12058	2.e-002	0.2695	6.8397e-003	
12059	2.e-002	0.2695	4.5598e-003	
12060	2.e-002	0.2695	2.2799e-003	
12061	2.e-002	0.2695	1.8239e-002	
12062	2.e-002	0.26277	1.9835e-002	
12063	2.e-002	0.2605	2.0218e-002	
12064	2.e-002	0.26503	1.9377e-002	
12065	2.e-002	0.26728	1.8845e-002	
12066	2.e-002	0.2605	2.0218e-003	
12067	2.e-002	0.2605	4.0436e-003	
12068	2.e-002	0.2605	6.0655e-003	
12069	2.e-002	0.2605	8.0873e-003	
12070	2.e-002	0.2605	1.0109e-002	
12071	2.e-002	0.2605	1.2131e-002	
12072	2.e-002	0.2605	1.4153e-002	
12073	2.e-002	0.2605	1.6175e-002	
12074	2.e-002	0.2605	1.8196e-002	
12075	2.e-002	0.2605	2.1205e-030	
12076	2.e-002	0.2595	0.	
12077	2.e-002	0.2595	1.8326e-002	
12078	2.e-002	0.2595	1.629e-002	
12079	2.e-002	0.2595	1.4254e-002	
12080	2.e-002	0.2595	1.2218e-002	
12081	2.e-002	0.2595	1.0181e-002	
12082	2.e-002	0.2595	8.145e-003	
12083	2.e-002	0.2595	6.1088e-003	
12084	2.e-002	0.2595	4.0725e-003	
12085	2.e-002	0.2595	2.0363e-003	
12086	2.e-002	0.2595	2.0363e-002	
12087	2.e-002	0.25276	2.0956e-002	
12088	2.e-002	0.2505	2.1008e-002	
12089	2.e-002	0.25501	2.0831e-002	
12090	2.e-002	0.25726	2.0633e-002	
12091	2.e-002	0.2505	2.1008e-003	
12092	2.e-002	0.2505	4.2017e-003	
12093	2.e-002	0.2505	6.3025e-003	
12094	2.e-002	0.2505	8.4034e-003	
12095	2.e-002	0.2505	1.0504e-002	
12096	2.e-002	0.2505	1.2605e-002	
12097	2.e-002	0.2505	1.4706e-002	
12098	2.e-002	0.2505	1.6807e-002	
12099	2.e-002	0.2505	1.8908e-002	
12100	2.e-002	0.2505	5.3011e-031	
12101	2.e-002	0.2495	0.	
12102	2.e-002	0.2495	1.8908e-002	
12103	2.e-002	0.2495	1.6807e-002	
12104	2.e-002	0.2495	1.4706e-002	
12105	2.e-002	0.2495	1.2605e-002	
12106	2.e-002	0.2495	1.0504e-002	
12107	2.e-002	0.2495	8.4034e-003	
12108	2.e-002	0.2495	6.3025e-003	
12109	2.e-002	0.2495	4.2017e-003	
12110	2.e-002	0.2495	2.1008e-003	
12111	2.e-002	0.2495	2.1008e-002	
12112	2.e-002	0.24274	2.0633e-002	
12113	2.e-002	0.2405	2.0363e-002	
12114	2.e-002	0.24499	2.0831e-002	
12115	2.e-002	0.24724	2.0956e-002	
12116	2.e-002	0.2405	2.0363e-003	
12117	2.e-002	0.2405	4.0725e-003	
12118	2.e-002	0.2405	6.1088e-003	
12119	2.e-002	0.2405	8.145e-003	
12120	2.e-002	0.2405	1.0181e-002	
12121	2.e-002	0.2405	1.2218e-002	
12122	2.e-002	0.2405	1.4254e-002	
12123	2.e-002	0.2405	1.629e-002	
12124	2.e-002	0.2405	1.8326e-002	
12125	2.e-002	0.2405	2.7515e-030	
12126	2.e-002	0.2395	3.4694e-018	
12127	2.e-002	0.2395	1.8196e-002	
12128	2.e-002	0.2395	1.6175e-002	
12129	2.e-002	0.2395	1.4153e-002	
12130	2.e-002	0.2395	1.2131e-002	
12131	2.e-002	0.2395	1.0109e-002	
12132	2.e-002	0.2395	8.0873e-003	
12133	2.e-002	0.2395	6.0655e-003	
12134	2.e-002	0.2395	4.0436e-003	
12135	2.e-002	0.2395	2.0218e-003	
12136	2.e-002	0.2395	2.0218e-002	
12137	2.e-002	0.23272	1.8845e-002	
12138	2.e-002	0.2305	1.8239e-002	
12139	2.e-002	0.23497	1.9377e-002	
12140	2.e-002	0.23723	1.9835e-002	
12141	2.e-002	0.2305	2.2799e-003	
12142	2.e-002	0.2305	4.5598e-003	
12143	2.e-002	0.2305	6.8397e-003	
12144	2.e-002	0.2305	9.1196e-003	
12145	2.e-002	0.2305	1.14e-002	
12146	2.e-002	0.2305	1.3679e-002	
12147	2.e-002	0.2305	1.5959e-002	
12148	2.e-002	0.2305	-2.7768e-031	
12149	2.e-002	0.2295	0.	
12150	2.e-002	0.2295	1.5698e-002	
12151	2.e-002	0.2295	1.3456e-002	
12152	2.e-002	0.2295	1.1213e-002	
12153	2.e-002	0.2295	8.9706e-003	
12154	2.e-002	0.2295	6.7279e-003	
12155	2.e-002	0.2295	4.4853e-003	
12156	2.e-002	0.2295	2.2426e-003	
12157	2.e-002	0.2295	1.7941e-002	
12158	2.e-002	0.2227	1.5469e-002	
12159	2.e-002	0.2205	1.4491e-002	
12160	2.e-002	0.22494	1.6371e-002	
12161	2.e-002	0.22721	1.7195e-002	
12162	2.e-002	0.2205	2.4151e-003	
12163	2.e-002	0.2205	4.8302e-003	
12164	2.e-002	0.2205	7.2453e-003	
12165	2.e-002	0.2205	9.6603e-003	
12166	2.e-002	0.2205	1.2075e-002	
12167	2.e-002	0.2205	0.	
12168	2.e-002	0.2195	0.	
12169	2.e-002	0.2195	1.168e-002	
12170	2.e-002	0.2195	9.3441e-003	
12171	2.e-002	0.2195	7.0081e-003	
12172	2.e-002	0.2195	4.6721e-003	
12173	2.e-002	0.2195	2.336e-003	
12174	2.e-002	0.2195	1.4016e-002	
12175	2.e-002	0.21194	9.7621e-003	
12176	2.e-002	0.2105	8.8008e-003	
12177	2.e-002	0.21341	1.0687e-002	
12178	2.e-002	0.2149	1.1576e-002	
12179	2.e-002	0.21642	1.2427e-002	
12180	2.e-002	0.21795	1.3241e-002	
12181	2.e-002	0.2105	2.2002e-003	
12182	2.e-002	0.2105	4.4004e-003	
12183	2.e-002	0.2105	6.6006e-003	
12184	2.e-002	0.2105	0.	
12185	2.e-002	0.2095	0.	
12186	2.e-002	0.2095	6.0783e-003	
12187	2.e-002	0.2095	4.0522e-003	
12188	2.e-002	0.2095	2.0261e-003	
12189	2.e-002	0.2095	8.1044e-003	
12190	2.e-002	0.20148	1.4666e-003	
12191	2.e-002	0.2	0.	
12192	2.e-002	0.203	2.8885e-003	
12193	2.e-002	0.20457	4.2645e-003	
12194	2.e-002	0.20617	5.5932e-003	
12195	2.e-002	0.20782	6.8736e-003	
12196	2.e-002	0.2	7.5e-003	
12197	2.e-002	0.2	5.e-003	
12198	2.e-002	0.2	2.5e-003	
12199	2.e-002	0.2	1.e-002	
12200	2.e-002	0.29831	1.1664e-002	
12201	2.e-002	0.29657	1.3271e-002	
12202	2.e-002	0.29478	1.4817e-002	
12203	2.e-002	0.29293	1.6302e-002	
12204	2.e-002	0.29103	1.7723e-002	
12205	2.e-002	0.28909	1.908e-002	
12206	2.e-002	0.2871	2.037e-002	
12207	2.e-002	0.28507	2.1591e-002	
12208	2.e-002	0.283	2.2744e-002	
12209	2.e-002	0.28089	2.3825e-002	
12210	2.e-002	0.27875	2.4835e-002	
12211	2.e-002	0.27657	2.5771e-002	
12212	2.e-002	0.27436	2.6634e-002	
12213	2.e-002	0.27213	2.7421e-002	
12214	2.e-002	0.26987	2.8132e-002	
12215	2.e-002	0.26758	2.8766e-002	
12216	2.e-002	0.26528	2.9322e-002	
12217	2.e-002	0.26296	2.98e-002	
12218	2.e-002	0.26062	3.0199e-002	
12219	2.e-002	0.25828	3.0519e-002	
12220	2.e-002	0.25592	3.076e-002	
12221	2.e-002	0.25355	3.092e-002	
12222	2.e-002	0.25118	3.1e-002	
12223	2.e-002	0.24882	3.1e-002	
12224	2.e-002	0.24645	3.092e-002	
12225	2.e-002	0.24408	3.076e-002	
12226	2.e-002	0.24172	3.0519e-002	
12227	2.e-002	0.23938	3.0199e-002	
12228	2.e-002	0.23704	2.98e-002	
12229	2.e-002	0.23472	2.9322e-002	
12230	2.e-002	0.23242	2.8766e-002	
12231	2.e-002	0.23013	2.8132e-002	
12232	2.e-002	0.22787	2.7421e-002	
12233	2.e-002	0.22564	2.6634e-002	
12234	2.e-002	0.22343	2.5771e-002	
12235	2.e-002	0.22125	2.4835e-002	
12236	2.e-002	0.21911	2.3825e-002	
12237	2.e-002	0.217	2.2744e-002	
12238	2.e-002	0.21493	2.1591e-002	
12239	2.e-002	0.2129	2.037e-002	
12240	2.e-002	0.21091	1.908e-002	
12241	2.e-002	0.20897	1.7723e-002	
12242	2.e-002	0.20707	1.6302e-002	
12243	2.e-002	0.20522	1.4817e-002	
12244	2.e-002	0.20343	1.3271e-002	
12245	2.e-002	0.20169	1.1664e-002	
12246	2.e-002	0.29191	1.5827e-002	
12247	2.e-002	0.2905	1.6874e-002	
12248	2.e-002	0.29329	1.4744e-002	
12249	2.e-002	0.29464	1.3627e-002	
12250	2.e-002	0.29596	1.2476e-002	
12251	2.e-002	0.29725	1.1292e-002	
12252	2.e-002	0.29851	1.0075e-002	
12253	2.e-002	0.29651	1.0013e-002	
12254	2.e-002	0.29451	9.9508e-003	
12255	2.e-002	0.2925	9.8886e-003	
12256	2.e-002	0.2905	9.8264e-003	
12257	2.e-002	0.2805	1.7459e-002	
12258	2.e-002	0.2805	1.9273e-002	
12259	2.e-002	0.2805	2.1088e-002	
12260	2.e-002	0.2805	2.2903e-002	
12261	2.e-002	0.2805	1.5644e-002	
12262	2.e-002	0.28685	1.7379e-002	
12263	2.e-002	0.28473	1.68e-002	
12264	2.e-002	0.28262	1.6222e-002	
12265	2.e-002	0.28896	1.7957e-002	
12266	2.e-002	0.28268	2.178e-002	
12267	2.e-002	0.28482	2.0581e-002	
12268	2.e-002	0.28691	1.9305e-002	
12269	2.e-002	0.2705	2.1381e-002	
12270	2.e-002	0.2705	2.3219e-002	
12271	2.e-002	0.2705	2.5057e-002	
12272	2.e-002	0.2705	2.6895e-002	
12273	2.e-002	0.2705	1.9543e-002	
12274	2.e-002	0.27681	2.2629e-002	
12275	2.e-002	0.27471	2.16e-002	
12276	2.e-002	0.2726	2.0572e-002	
12277	2.e-002	0.27892	2.3658e-002	
12278	2.e-002	0.27264	2.6189e-002	
12279	2.e-002	0.27476	2.5414e-002	
12280	2.e-002	0.27685	2.457e-002	
12281	2.e-002	0.2605	2.3674e-002	
12282	2.e-002	0.2605	2.5518e-002	
12283	2.e-002	0.2605	2.7362e-002	
12284	2.e-002	0.2605	2.9207e-002	
12285	2.e-002	0.2605	2.1829e-002	
12286	2.e-002	0.26748	2.6455e-002	
12287	2.e-002	0.26608	2.553e-002	
12288	2.e-002	0.26469	2.4605e-002	
12289	2.e-002	0.26329	2.368e-002	
12290	2.e-002	0.2619	2.2754e-002	
12291	2.e-002	0.26887	2.738e-002	
12292	2.e-002	0.26261	2.8848e-002	
12293	2.e-002	0.26471	2.8423e-002	
12294	2.e-002	0.2668	2.7934e-002	
12295	2.e-002	0.25812	2.3387e-002	
12296	2.e-002	0.25674	2.471e-002	
12297	2.e-002	0.25537	2.6032e-002	
12298	2.e-002	0.25399	2.7354e-002	
12299	2.e-002	0.25261	2.8677e-002	
12300	2.e-002	0.25123	2.9999e-002	
12301	2.e-002	0.2595	2.2065e-002	
12302	2.e-002	0.2595	2.7531e-002	
12303	2.e-002	0.2595	2.5709e-002	
12304	2.e-002	0.2595	2.3887e-002	
12305	2.e-002	0.2595	2.9353e-002	
12306	2.e-002	0.25331	2.9931e-002	
12307	2.e-002	0.25538	2.98e-002	
12308	2.e-002	0.25744	2.9608e-002	
12309	2.e-002	0.2505	2.3836e-002	
12310	2.e-002	0.2505	2.5663e-002	
12311	2.e-002	0.2505	2.749e-002	
12312	2.e-002	0.2505	2.9317e-002	
12313	2.e-002	0.2505	2.2008e-002	
12314	2.e-002	0.25663	2.17e-002	
12315	2.e-002	0.25867	2.1479e-002	
12316	2.e-002	0.25459	2.1862e-002	
12317	2.e-002	0.25255	2.1965e-002	
12318	2.e-002	0.25186	2.8011e-002	
12319	2.e-002	0.25322	2.6705e-002	
12320	2.e-002	0.25458	2.5398e-002	
12321	2.e-002	0.25594	2.4092e-002	
12322	2.e-002	0.2573	2.2786e-002	
12323	2.e-002	0.2905	1.1588e-002	
12324	2.e-002	0.2905	1.335e-002	
12325	2.e-002	0.2905	1.5112e-002	
12326	2.e-002	0.24811	2.3786e-002	
12327	2.e-002	0.24673	2.4917e-002	
12328	2.e-002	0.24534	2.6049e-002	
12329	2.e-002	0.24395	2.7181e-002	
12330	2.e-002	0.24257	2.8312e-002	
12331	3.9e-002	0.24257	2.8312e-002	
12332	3.9e-002	0.24395	2.7181e-002	
12333	3.9e-002	0.24534	2.6049e-002	
12334	3.9e-002	0.24673	2.4917e-002	
12335	3.9e-002	0.24811	2.3786e-002	
12336	3.9e-002	0.2905	1.5112e-002	
12337	3.9e-002	0.2905	1.335e-002	
12338	3.9e-002	0.2905	1.1588e-002	
12339	3.9e-002	0.2573	2.2786e-002	
12340	3.9e-002	0.25594	2.4092e-002	
12341	3.9e-002	0.25458	2.5398e-002	
12342	3.9e-002	0.25322	2.6705e-002	
12343	3.9e-002	0.25186	2.8011e-002	
12344	3.9e-002	0.25867	2.1479e-002	
12345	3.9e-002	0.25663	2.17e-002	
12346	3.9e-002	0.25459	2.1862e-002	
12347	3.9e-002	0.25255	2.1965e-002	
12348	3.9e-002	0.2505	2.9317e-002	
12349	3.9e-002	0.2505	2.749e-002	
12350	3.9e-002	0.2505	2.5663e-002	
12351	3.9e-002	0.2505	2.3836e-002	
12352	3.9e-002	0.2505	2.2008e-002	
12353	3.9e-002	0.25331	2.9931e-002	
12354	3.9e-002	0.25538	2.98e-002	
12355	3.9e-002	0.25744	2.9608e-002	
12356	3.9e-002	0.2595	2.3887e-002	
12357	3.9e-002	0.2595	2.5709e-002	
12358	3.9e-002	0.2595	2.7531e-002	
12359	3.9e-002	0.2595	2.9353e-002	
12360	3.9e-002	0.25123	2.9999e-002	
12361	3.9e-002	0.25261	2.8677e-002	
12362	3.9e-002	0.25399	2.7354e-002	
12363	3.9e-002	0.25537	2.6032e-002	
12364	3.9e-002	0.25674	2.471e-002	
12365	3.9e-002	0.25812	2.3387e-002	
12366	3.9e-002	0.2595	2.2065e-002	
12367	3.9e-002	0.26261	2.8848e-002	
12368	3.9e-002	0.26471	2.8423e-002	
12369	3.9e-002	0.2668	2.7934e-002	
12370	3.9e-002	0.2619	2.2754e-002	
12371	3.9e-002	0.26329	2.368e-002	
12372	3.9e-002	0.26469	2.4605e-002	
12373	3.9e-002	0.26608	2.553e-002	
12374	3.9e-002	0.26748	2.6455e-002	
12375	3.9e-002	0.26887	2.738e-002	
12376	3.9e-002	0.2605	2.9207e-002	
12377	3.9e-002	0.2605	2.7362e-002	
12378	3.9e-002	0.2605	2.5518e-002	
12379	3.9e-002	0.2605	2.3674e-002	
12380	3.9e-002	0.2605	2.1829e-002	
12381	3.9e-002	0.27264	2.6189e-002	
12382	3.9e-002	0.27476	2.5414e-002	
12383	3.9e-002	0.27685	2.457e-002	
12384	3.9e-002	0.2726	2.0572e-002	
12385	3.9e-002	0.27471	2.16e-002	
12386	3.9e-002	0.27681	2.2629e-002	
12387	3.9e-002	0.27892	2.3658e-002	
12388	3.9e-002	0.2705	2.6895e-002	
12389	3.9e-002	0.2705	2.5057e-002	
12390	3.9e-002	0.2705	2.3219e-002	
12391	3.9e-002	0.2705	2.1381e-002	
12392	3.9e-002	0.2705	1.9543e-002	
12393	3.9e-002	0.28268	2.178e-002	
12394	3.9e-002	0.28482	2.0581e-002	
12395	3.9e-002	0.28691	1.9305e-002	
12396	3.9e-002	0.28262	1.6222e-002	
12397	3.9e-002	0.28473	1.68e-002	
12398	3.9e-002	0.28685	1.7379e-002	
12399	3.9e-002	0.28896	1.7957e-002	
12400	3.9e-002	0.2805	2.2903e-002	
12401	3.9e-002	0.2805	2.1088e-002	
12402	3.9e-002	0.2805	1.9273e-002	
12403	3.9e-002	0.2805	1.7459e-002	
12404	3.9e-002	0.2805	1.5644e-002	
12405	3.9e-002	0.2905	9.8264e-003	
12406	3.9e-002	0.2925	9.8886e-003	
12407	3.9e-002	0.29451	9.9508e-003	
12408	3.9e-002	0.29651	1.0013e-002	
12409	3.9e-002	0.2905	1.6874e-002	
12410	3.9e-002	0.29191	1.5827e-002	
12411	3.9e-002	0.29329	1.4744e-002	
12412	3.9e-002	0.29464	1.3627e-002	
12413	3.9e-002	0.29596	1.2476e-002	
12414	3.9e-002	0.29851	1.0075e-002	
12415	3.9e-002	0.29725	1.1292e-002	
12416	3.9e-002	0.29831	1.1664e-002	
12417	3.9e-002	0.29657	1.3271e-002	
12418	3.9e-002	0.29478	1.4817e-002	
12419	3.9e-002	0.29293	1.6302e-002	
12420	3.9e-002	0.29103	1.7723e-002	
12421	3.9e-002	0.28909	1.908e-002	
12422	3.9e-002	0.2871	2.037e-002	
12423	3.9e-002	0.28507	2.1591e-002	
12424	3.9e-002	0.283	2.2744e-002	
12425	3.9e-002	0.28089	2.3825e-002	
12426	3.9e-002	0.27875	2.4835e-002	
12427	3.9e-002	0.27657	2.5771e-002	
12428	3.9e-002	0.27436	2.6634e-002	
12429	3.9e-002	0.27213	2.7421e-002	
12430	3.9e-002	0.26987	2.8132e-002	
12431	3.9e-002	0.26758	2.8766e-002	
12432	3.9e-002	0.26528	2.9322e-002	
12433	3.9e-002	0.26296	2.98e-002	
12434	3.9e-002	0.26062	3.0199e-002	
12435	3.9e-002	0.25828	3.0519e-002	
12436	3.9e-002	0.25592	3.076e-002	
12437	3.9e-002	0.25355	3.092e-002	
12438	3.9e-002	0.25118	3.1e-002	
12439	3.9e-002	0.24882	3.1e-002	
12440	3.9e-002	0.24645	3.092e-002	
12441	3.9e-002	0.24408	3.076e-002	
12442	3.9e-002	0.24172	3.0519e-002	
12443	3.9e-002	0.23938	3.0199e-002	
12444	3.9e-002	0.23704	2.98e-002	
12445	3.9e-002	0.23472	2.9322e-002	
12446	3.9e-002	0.23242	2.8766e-002	
12447	3.9e-002	0.23013	2.8132e-002	
12448	3.9e-002	0.22787	2.7421e-002	
12449	3.9e-002	0.22564	2.6634e-002	
12450	3.9e-002	0.22343	2.5771e-002	
12451	3.9e-002	0.22125	2.4835e-002	
12452	3.9e-002	0.21911	2.3825e-002	
12453	3.9e-002	0.217	2.2744e-002	
12454	3.9e-002	0.21493	2.1591e-002	
12455	3.9e-002	0.2129	2.037e-002	
12456	3.9e-002	0.21091	1.908e-002	
12457	3.9e-002	0.20897	1.7723e-002	
12458	3.9e-002	0.20707	1.6302e-002	
12459	3.9e-002	0.20522	1.4817e-002	
12460	3.9e-002	0.20343	1.3271e-002	
12461	3.9e-002	0.20169	1.1664e-002	
12462	3.9e-002	0.2	2.5e-003	
12463	3.9e-002	0.2	5.e-003	
12464	3.9e-002	0.2	7.5e-003	
12465	3.9e-002	0.2	1.e-002	
12466	3.9e-002	0.2	0.	
12467	3.9e-002	0.20148	1.4666e-003	
12468	3.9e-002	0.203	2.8885e-003	
12469	3.9e-002	0.20457	4.2645e-003	
12470	3.9e-002	0.20617	5.5932e-003	
12471	3.9e-002	0.20782	6.8736e-003	
12472	3.9e-002	0.2095	2.0261e-003	
12473	3.9e-002	0.2095	4.0522e-003	
12474	3.9e-002	0.2095	6.0783e-003	
12475	3.9e-002	0.2095	8.1044e-003	
12476	3.9e-002	0.2095	0.	
12477	3.9e-002	0.2105	6.6006e-003	
12478	3.9e-002	0.2105	4.4004e-003	
12479	3.9e-002	0.2105	2.2002e-003	
12480	3.9e-002	0.2105	0.	
12481	3.9e-002	0.2105	8.8008e-003	
12482	3.9e-002	0.21194	9.7621e-003	
12483	3.9e-002	0.21341	1.0687e-002	
12484	3.9e-002	0.2149	1.1576e-002	
12485	3.9e-002	0.21642	1.2427e-002	
12486	3.9e-002	0.21795	1.3241e-002	
12487	3.9e-002	0.2195	2.336e-003	
12488	3.9e-002	0.2195	4.6721e-003	
12489	3.9e-002	0.2195	7.0081e-003	
12490	3.9e-002	0.2195	9.3441e-003	
12491	3.9e-002	0.2195	1.168e-002	
12492	3.9e-002	0.2195	1.4016e-002	
12493	3.9e-002	0.2195	0.	
12494	3.9e-002	0.2205	1.2075e-002	
12495	3.9e-002	0.2205	9.6603e-003	
12496	3.9e-002	0.2205	7.2453e-003	
12497	3.9e-002	0.2205	4.8302e-003	
12498	3.9e-002	0.2205	2.4151e-003	
12499	3.9e-002	0.2205	0.	
12500	3.9e-002	0.2205	1.4491e-002	
12501	3.9e-002	0.2227	1.5469e-002	
12502	3.9e-002	0.22494	1.6371e-002	
12503	3.9e-002	0.22721	1.7195e-002	
12504	3.9e-002	0.2295	2.2426e-003	
12505	3.9e-002	0.2295	4.4853e-003	
12506	3.9e-002	0.2295	6.7279e-003	
12507	3.9e-002	0.2295	8.9706e-003	
12508	3.9e-002	0.2295	1.1213e-002	
12509	3.9e-002	0.2295	1.3456e-002	
12510	3.9e-002	0.2295	1.5698e-002	
12511	3.9e-002	0.2295	1.7941e-002	
12512	3.9e-002	0.2295	0.	
12513	3.9e-002	0.2305	1.5959e-002	
12514	3.9e-002	0.2305	1.3679e-002	
12515	3.9e-002	0.2305	1.14e-002	
12516	3.9e-002	0.2305	9.1196e-003	
12517	3.9e-002	0.2305	6.8397e-003	
12518	3.9e-002	0.2305	4.5598e-003	
12519	3.9e-002	0.2305	2.2799e-003	
12520	3.9e-002	0.2305	-2.7768e-031	
12521	3.9e-002	0.2305	1.8239e-002	
12522	3.9e-002	0.23272	1.8845e-002	
12523	3.9e-002	0.23497	1.9377e-002	
12524	3.9e-002	0.23723	1.9835e-002	
12525	3.9e-002	0.2395	2.0218e-003	
12526	3.9e-002	0.2395	4.0436e-003	
12527	3.9e-002	0.2395	6.0655e-003	
12528	3.9e-002	0.2395	8.0873e-003	
12529	3.9e-002	0.2395	1.0109e-002	
12530	3.9e-002	0.2395	1.2131e-002	
12531	3.9e-002	0.2395	1.4153e-002	
12532	3.9e-002	0.2395	1.6175e-002	
12533	3.9e-002	0.2395	1.8196e-002	
12534	3.9e-002	0.2395	2.0218e-002	
12535	3.9e-002	0.2395	3.4694e-018	
12536	3.9e-002	0.2405	1.8326e-002	
12537	3.9e-002	0.2405	1.629e-002	
12538	3.9e-002	0.2405	1.4254e-002	
12539	3.9e-002	0.2405	1.2218e-002	
12540	3.9e-002	0.2405	1.0181e-002	
12541	3.9e-002	0.2405	8.145e-003	
12542	3.9e-002	0.2405	6.1088e-003	
12543	3.9e-002	0.2405	4.0725e-003	
12544	3.9e-002	0.2405	2.0363e-003	
12545	3.9e-002	0.2405	2.7515e-030	
12546	3.9e-002	0.2405	2.0363e-002	
12547	3.9e-002	0.24274	2.0633e-002	
12548	3.9e-002	0.24499	2.0831e-002	
12549	3.9e-002	0.24724	2.0956e-002	
12550	3.9e-002	0.2495	2.1008e-003	
12551	3.9e-002	0.2495	4.2017e-003	
12552	3.9e-002	0.2495	6.3025e-003	
12553	3.9e-002	0.2495	8.4034e-003	
12554	3.9e-002	0.2495	1.0504e-002	
12555	3.9e-002	0.2495	1.2605e-002	
12556	3.9e-002	0.2495	1.4706e-002	
12557	3.9e-002	0.2495	1.6807e-002	
12558	3.9e-002	0.2495	1.8908e-002	
12559	3.9e-002	0.2495	2.1008e-002	
12560	3.9e-002	0.2495	0.	
12561	3.9e-002	0.2505	1.8908e-002	
12562	3.9e-002	0.2505	1.6807e-002	
12563	3.9e-002	0.2505	1.4706e-002	
12564	3.9e-002	0.2505	1.2605e-002	
12565	3.9e-002	0.2505	1.0504e-002	
12566	3.9e-002	0.2505	8.4034e-003	
12567	3.9e-002	0.2505	6.3025e-003	
12568	3.9e-002	0.2505	4.2017e-003	
12569	3.9e-002	0.2505	2.1008e-003	
12570	3.9e-002	0.2505	5.3011e-031	
12571	3.9e-002	0.2505	2.1008e-002	
12572	3.9e-002	0.25276	2.0956e-002	
12573	3.9e-002	0.25501	2.0831e-002	
12574	3.9e-002	0.25726	2.0633e-002	
12575	3.9e-002	0.2595	2.0363e-003	
12576	3.9e-002	0.2595	4.0725e-003	
12577	3.9e-002	0.2595	6.1088e-003	
12578	3.9e-002	0.2595	8.145e-003	
12579	3.9e-002	0.2595	1.0181e-002	
12580	3.9e-002	0.2595	1.2218e-002	
12581	3.9e-002	0.2595	1.4254e-002	
12582	3.9e-002	0.2595	1.629e-002	
12583	3.9e-002	0.2595	1.8326e-002	
12584	3.9e-002	0.2595	2.0363e-002	
12585	3.9e-002	0.2595	0.	
12586	3.9e-002	0.2605	1.8196e-002	
12587	3.9e-002	0.2605	1.6175e-002	
12588	3.9e-002	0.2605	1.4153e-002	
12589	3.9e-002	0.2605	1.2131e-002	
12590	3.9e-002	0.2605	1.0109e-002	
12591	3.9e-002	0.2605	8.0873e-003	
12592	3.9e-002	0.2605	6.0655e-003	
12593	3.9e-002	0.2605	4.0436e-003	
12594	3.9e-002	0.2605	2.0218e-003	
12595	3.9e-002	0.2605	2.1205e-030	
12596	3.9e-002	0.2605	2.0218e-002	
12597	3.9e-002	0.26277	1.9835e-002	
12598	3.9e-002	0.26503	1.9377e-002	
12599	3.9e-002	0.26728	1.8845e-002	
12600	3.9e-002	0.2695	2.2799e-003	
12601	3.9e-002	0.2695	4.5598e-003	
12602	3.9e-002	0.2695	6.8397e-003	
12603	3.9e-002	0.2695	9.1196e-003	
12604	3.9e-002	0.2695	1.14e-002	
12605	3.9e-002	0.2695	1.3679e-002	
12606	3.9e-002	0.2695	1.5959e-002	
12607	3.9e-002	0.2695	1.8239e-002	
12608	3.9e-002	0.2695	0.	
12609	3.9e-002	0.2705	1.5698e-002	
12610	3.9e-002	0.2705	1.3456e-002	
12611	3.9e-002	0.2705	1.1213e-002	
12612	3.9e-002	0.2705	8.9706e-003	
12613	3.9e-002	0.2705	6.7279e-003	
12614	3.9e-002	0.2705	4.4853e-003	
12615	3.9e-002	0.2705	2.2426e-003	
12616	3.9e-002	0.2705	-6.0585e-031	
12617	3.9e-002	0.2705	1.7941e-002	
12618	3.9e-002	0.27279	1.7195e-002	
12619	3.9e-002	0.27506	1.6371e-002	
12620	3.9e-002	0.2773	1.5469e-002	
12621	3.9e-002	0.2795	2.4151e-003	
12622	3.9e-002	0.2795	4.8302e-003	
12623	3.9e-002	0.2795	7.2453e-003	
12624	3.9e-002	0.2795	9.6603e-003	
12625	3.9e-002	0.2795	1.2075e-002	
12626	3.9e-002	0.2795	1.4491e-002	
12627	3.9e-002	0.2795	0.	
12628	3.9e-002	0.2805	1.168e-002	
12629	3.9e-002	0.2805	9.3441e-003	
12630	3.9e-002	0.2805	7.0081e-003	
12631	3.9e-002	0.2805	4.6721e-003	
12632	3.9e-002	0.2805	2.336e-003	
12633	3.9e-002	0.2805	2.0195e-031	
12634	3.9e-002	0.2805	1.4016e-002	
12635	3.9e-002	0.28205	1.3241e-002	
12636	3.9e-002	0.28358	1.2427e-002	
12637	3.9e-002	0.2851	1.1576e-002	
12638	3.9e-002	0.28659	1.0687e-002	
12639	3.9e-002	0.28806	9.7621e-003	
12640	3.9e-002	0.2895	2.2002e-003	
12641	3.9e-002	0.2895	4.4004e-003	
12642	3.9e-002	0.2895	6.6006e-003	
12643	3.9e-002	0.2895	8.8008e-003	
12644	3.9e-002	0.2895	0.	
12645	3.9e-002	0.2905	6.0783e-003	
12646	3.9e-002	0.2905	4.0522e-003	
12647	3.9e-002	0.2905	2.0261e-003	
12648	3.9e-002	0.2905	-1.0602e-030	
12649	3.9e-002	0.2905	8.1044e-003	
12650	3.9e-002	0.29218	6.8736e-003	
12651	3.9e-002	0.29383	5.5932e-003	
12652	3.9e-002	0.29543	4.2645e-003	
12653	3.9e-002	0.297	2.8885e-003	
12654	3.9e-002	0.29852	1.4666e-003	
12655	3.9e-002	0.3	1.e-002	
12656	3.9e-002	0.3	7.5e-003	
12657	3.9e-002	0.3	5.e-003	
12658	3.9e-002	0.3	2.5e-003	
12659	3.9e-002	0.3	0.	
12660	3.9e-002	0.299	7.4151e-003	
12661	3.9e-002	0.299	5.7405e-003	
12662	3.9e-002	0.299	4.0658e-003	
12663	3.9e-002	0.29255	7.8497e-003	
12664	3.9e-002	0.29389	6.8201e-003	
12665	3.9e-002	0.29521	5.7589e-003	
12666	3.9e-002	0.2965	4.6665e-003	
12667	3.9e-002	0.299	2.3911e-003	
12668	3.9e-002	0.29776	3.5437e-003	
12669	3.9e-002	0.29118	8.8471e-003	
12670	3.9e-002	0.29314	8.9077e-003	
12671	3.9e-002	0.29509	8.9684e-003	
12672	3.9e-002	0.29705	9.0291e-003	
12673	3.9e-002	0.299	9.0898e-003	
12674	3.9e-002	0.2895	1.5302e-002	
12675	3.9e-002	0.2895	1.3538e-002	
12676	3.9e-002	0.2895	1.1773e-002	
12677	3.9e-002	0.28332	1.3704e-002	
12678	3.9e-002	0.28542	1.2542e-002	
12679	3.9e-002	0.2895	1.0008e-002	
12680	3.9e-002	0.28748	1.1309e-002	
12681	3.9e-002	0.28119	1.4794e-002	
12682	3.9e-002	0.28326	1.5363e-002	
12683	3.9e-002	0.28534	1.5931e-002	
12684	3.9e-002	0.28742	1.6499e-002	
12685	3.9e-002	0.2895	1.7067e-002	
12686	3.9e-002	0.2795	2.102e-002	
12687	3.9e-002	0.2795	1.9211e-002	
12688	3.9e-002	0.2795	1.7401e-002	
12689	3.9e-002	0.27331	1.8074e-002	
12690	3.9e-002	0.2754	1.7312e-002	
12691	3.9e-002	0.2795	1.5592e-002	
12692	3.9e-002	0.27746	1.6484e-002	
12693	3.9e-002	0.2712	1.8772e-002	
12694	3.9e-002	0.27327	1.9786e-002	
12695	3.9e-002	0.27535	2.0801e-002	
12696	3.9e-002	0.27742	2.1815e-002	
12697	3.9e-002	0.2795	2.283e-002	
12698	3.9e-002	0.2695	2.4768e-002	
12699	3.9e-002	0.2695	2.2939e-002	
12700	3.9e-002	0.2695	2.1109e-002	
12701	3.9e-002	0.26332	2.075e-002	
12702	3.9e-002	0.26539	2.0321e-002	
12703	3.9e-002	0.2695	1.928e-002	
12704	3.9e-002	0.26745	1.9831e-002	
12705	3.9e-002	0.26123	2.1116e-002	
12706	3.9e-002	0.2633	2.2486e-002	
12707	3.9e-002	0.26537	2.3857e-002	
12708	3.9e-002	0.26743	2.5227e-002	
12709	3.9e-002	0.2695	2.6598e-002	
12710	3.9e-002	0.22254	1.6484e-002	
12711	3.9e-002	0.2246	1.7312e-002	
12712	3.9e-002	0.22669	1.8074e-002	
12713	3.9e-002	0.2205	1.5592e-002	
12714	3.9e-002	0.2205	1.7401e-002	
12715	3.9e-002	0.2205	1.9211e-002	
12716	3.9e-002	0.2205	2.102e-002	
12717	3.9e-002	0.2205	2.283e-002	
12718	3.9e-002	0.22258	2.1815e-002	
12719	3.9e-002	0.22465	2.0801e-002	
12720	3.9e-002	0.22673	1.9786e-002	
12721	3.9e-002	0.2288	1.8772e-002	
12722	3.9e-002	0.20224	3.5437e-003	
12723	3.9e-002	0.2035	4.6665e-003	
12724	3.9e-002	0.20479	5.7589e-003	
12725	3.9e-002	0.20611	6.8201e-003	
12726	3.9e-002	0.20745	7.8497e-003	
12727	3.9e-002	0.201	2.3911e-003	
12728	3.9e-002	0.201	4.0658e-003	
12729	3.9e-002	0.201	5.7405e-003	
12730	3.9e-002	0.201	7.4151e-003	
12731	3.9e-002	0.201	9.0898e-003	
12732	3.9e-002	0.20295	9.0291e-003	
12733	3.9e-002	0.20491	8.9684e-003	
12734	3.9e-002	0.20686	8.9077e-003	
12735	3.9e-002	0.20882	8.8471e-003	
12736	3.9e-002	0.20275	1.1292e-002	
12737	3.9e-002	0.20404	1.2476e-002	
12738	3.9e-002	0.20536	1.3627e-002	
12739	3.9e-002	0.20671	1.4744e-002	
12740	3.9e-002	0.20809	1.5827e-002	
12741	3.9e-002	0.2095	1.1588e-002	
12742	3.9e-002	0.2095	1.335e-002	
12743	3.9e-002	0.2095	1.5112e-002	
12744	3.9e-002	0.2095	1.6874e-002	
12745	3.9e-002	0.20149	1.0075e-002	
12746	3.9e-002	0.20349	1.0013e-002	
12747	3.9e-002	0.20549	9.9508e-003	
12748	3.9e-002	0.2075	9.8886e-003	
12749	3.9e-002	0.2095	9.8264e-003	
12750	3.9e-002	0.21674	1.5363e-002	
12751	3.9e-002	0.21466	1.5931e-002	
12752	3.9e-002	0.21258	1.6499e-002	
12753	3.9e-002	0.21881	1.4794e-002	
12754	3.9e-002	0.21668	1.3704e-002	
12755	3.9e-002	0.21458	1.2542e-002	
12756	3.9e-002	0.21252	1.1309e-002	
12757	3.9e-002	0.2105	1.7067e-002	
12758	3.9e-002	0.2105	1.5302e-002	
12759	3.9e-002	0.2105	1.3538e-002	
12760	3.9e-002	0.2105	1.1773e-002	
12761	3.9e-002	0.2105	1.0008e-002	
12762	3.9e-002	0.21309	1.9305e-002	
12763	3.9e-002	0.21518	2.0581e-002	
12764	3.9e-002	0.21732	2.178e-002	
12765	3.9e-002	0.2195	1.7459e-002	
12766	3.9e-002	0.2195	1.9273e-002	
12767	3.9e-002	0.2195	2.1088e-002	
12768	3.9e-002	0.2195	2.2903e-002	
12769	3.9e-002	0.21104	1.7957e-002	
12770	3.9e-002	0.21315	1.7379e-002	
12771	3.9e-002	0.21527	1.68e-002	
12772	3.9e-002	0.21738	1.6222e-002	
12773	3.9e-002	0.2195	1.5644e-002	
12774	3.9e-002	0.22315	2.457e-002	
12775	3.9e-002	0.22524	2.5414e-002	
12776	3.9e-002	0.22736	2.6189e-002	
12777	3.9e-002	0.2295	2.1381e-002	
12778	3.9e-002	0.2295	2.3219e-002	
12779	3.9e-002	0.2295	2.5057e-002	
12780	3.9e-002	0.2295	2.6895e-002	
12781	3.9e-002	0.22108	2.3658e-002	
12782	3.9e-002	0.22319	2.2629e-002	
12783	3.9e-002	0.22529	2.16e-002	
12784	3.9e-002	0.2274	2.0572e-002	
12785	3.9e-002	0.2295	1.9543e-002	
12786	3.9e-002	0.2367	2.2486e-002	
12787	3.9e-002	0.23463	2.3857e-002	
12788	3.9e-002	0.23257	2.5227e-002	
12789	3.9e-002	0.23877	2.1116e-002	
12790	3.9e-002	0.23668	2.075e-002	
12791	3.9e-002	0.23461	2.0321e-002	
12792	3.9e-002	0.23255	1.9831e-002	
12793	3.9e-002	0.2305	2.6598e-002	
12794	3.9e-002	0.2305	2.4768e-002	
12795	3.9e-002	0.2305	2.2939e-002	
12796	3.9e-002	0.2305	2.1109e-002	
12797	3.9e-002	0.2305	1.928e-002	
12798	3.9e-002	0.2332	2.7934e-002	
12799	3.9e-002	0.23529	2.8423e-002	
12800	3.9e-002	0.23739	2.8848e-002	
12801	3.9e-002	0.2395	2.3674e-002	
12802	3.9e-002	0.2395	2.5518e-002	
12803	3.9e-002	0.2395	2.7362e-002	
12804	3.9e-002	0.2395	2.9207e-002	
12805	3.9e-002	0.23113	2.738e-002	
12806	3.9e-002	0.23252	2.6455e-002	
12807	3.9e-002	0.23392	2.553e-002	
12808	3.9e-002	0.23531	2.4605e-002	
12809	3.9e-002	0.23671	2.368e-002	
12810	3.9e-002	0.2381	2.2754e-002	
12811	3.9e-002	0.2395	2.1829e-002	
12812	3.9e-002	0.24735	2.3117e-002	
12813	3.9e-002	0.24598	2.4235e-002	
12814	3.9e-002	0.24461	2.5353e-002	
12815	3.9e-002	0.24324	2.6471e-002	
12816	3.9e-002	0.24187	2.759e-002	
12817	3.9e-002	0.24872	2.1999e-002	
12818	3.9e-002	0.24666	2.1932e-002	
12819	3.9e-002	0.2446	2.1805e-002	
12820	3.9e-002	0.24255	2.1618e-002	
12821	3.9e-002	0.2405	2.8708e-002	
12822	3.9e-002	0.2405	2.6874e-002	
12823	3.9e-002	0.2405	2.504e-002	
12824	3.9e-002	0.2405	2.3206e-002	
12825	3.9e-002	0.2405	2.1372e-002	
12826	3.9e-002	0.24118	2.9444e-002	
12827	3.9e-002	0.24325	2.9679e-002	
12828	3.9e-002	0.24533	2.9852e-002	
12829	3.9e-002	0.24741	2.9962e-002	
12830	3.9e-002	0.2495	2.2654e-002	
12831	3.9e-002	0.2495	2.4493e-002	
12832	3.9e-002	0.2495	2.6332e-002	
12833	3.9e-002	0.2495	2.817e-002	
12834	3.9e-002	0.2495	3.0009e-002	
12835	4.e-002	0.2495	2.817e-002	
12836	4.e-002	0.2495	2.6332e-002	
12837	4.e-002	0.2495	2.4493e-002	
12838	4.e-002	0.2495	2.2654e-002	
12839	4.e-002	0.2495	3.0009e-002	
12840	4.e-002	0.24325	2.9679e-002	
12841	4.e-002	0.24118	2.9444e-002	
12842	4.e-002	0.24533	2.9852e-002	
12843	4.e-002	0.24741	2.9962e-002	
12844	4.e-002	0.2405	2.3206e-002	
12845	4.e-002	0.2405	2.504e-002	
12846	4.e-002	0.2405	2.6874e-002	
12847	4.e-002	0.2405	2.8708e-002	
12848	4.e-002	0.2405	2.1372e-002	
12849	4.e-002	0.24666	2.1932e-002	
12850	4.e-002	0.24872	2.1999e-002	
12851	4.e-002	0.2446	2.1805e-002	
12852	4.e-002	0.24255	2.1618e-002	
12853	4.e-002	0.24187	2.759e-002	
12854	4.e-002	0.24324	2.6471e-002	
12855	4.e-002	0.24461	2.5353e-002	
12856	4.e-002	0.24598	2.4235e-002	
12857	4.e-002	0.24735	2.3117e-002	
12858	4.e-002	0.2381	2.2754e-002	
12859	4.e-002	0.23671	2.368e-002	
12860	4.e-002	0.23531	2.4605e-002	
12861	4.e-002	0.23392	2.553e-002	
12862	4.e-002	0.23252	2.6455e-002	
12863	4.e-002	0.23113	2.738e-002	
12864	4.e-002	0.2395	2.1829e-002	
12865	4.e-002	0.2395	2.7362e-002	
12866	4.e-002	0.2395	2.5518e-002	
12867	4.e-002	0.2395	2.3674e-002	
12868	4.e-002	0.2395	2.9207e-002	
12869	4.e-002	0.2332	2.7934e-002	
12870	4.e-002	0.23529	2.8423e-002	
12871	4.e-002	0.23739	2.8848e-002	
12872	4.e-002	0.2305	2.1109e-002	
12873	4.e-002	0.2305	2.2939e-002	
12874	4.e-002	0.2305	2.4768e-002	
12875	4.e-002	0.2305	2.6598e-002	
12876	4.e-002	0.2305	1.928e-002	
12877	4.e-002	0.23668	2.075e-002	
12878	4.e-002	0.23877	2.1116e-002	
12879	4.e-002	0.23461	2.0321e-002	
12880	4.e-002	0.23255	1.9831e-002	
12881	4.e-002	0.23257	2.5227e-002	
12882	4.e-002	0.23463	2.3857e-002	
12883	4.e-002	0.2367	2.2486e-002	
12884	4.e-002	0.2274	2.0572e-002	
12885	4.e-002	0.22529	2.16e-002	
12886	4.e-002	0.22319	2.2629e-002	
12887	4.e-002	0.22108	2.3658e-002	
12888	4.e-002	0.2295	1.9543e-002	
12889	4.e-002	0.2295	2.5057e-002	
12890	4.e-002	0.2295	2.3219e-002	
12891	4.e-002	0.2295	2.1381e-002	
12892	4.e-002	0.2295	2.6895e-002	
12893	4.e-002	0.22315	2.457e-002	
12894	4.e-002	0.22524	2.5414e-002	
12895	4.e-002	0.22736	2.6189e-002	
12896	4.e-002	0.21738	1.6222e-002	
12897	4.e-002	0.21527	1.68e-002	
12898	4.e-002	0.21315	1.7379e-002	
12899	4.e-002	0.21104	1.7957e-002	
12900	4.e-002	0.2195	1.5644e-002	
12901	4.e-002	0.2195	2.1088e-002	
12902	4.e-002	0.2195	1.9273e-002	
12903	4.e-002	0.2195	1.7459e-002	
12904	4.e-002	0.2195	2.2903e-002	
12905	4.e-002	0.21309	1.9305e-002	
12906	4.e-002	0.21518	2.0581e-002	
12907	4.e-002	0.21732	2.178e-002	
12908	4.e-002	0.2105	1.1773e-002	
12909	4.e-002	0.2105	1.3538e-002	
12910	4.e-002	0.2105	1.5302e-002	
12911	4.e-002	0.2105	1.7067e-002	
12912	4.e-002	0.2105	1.0008e-002	
12913	4.e-002	0.21668	1.3704e-002	
12914	4.e-002	0.21881	1.4794e-002	
12915	4.e-002	0.21458	1.2542e-002	
12916	4.e-002	0.21252	1.1309e-002	
12917	4.e-002	0.21258	1.6499e-002	
12918	4.e-002	0.21466	1.5931e-002	
12919	4.e-002	0.21674	1.5363e-002	
12920	4.e-002	0.2075	9.8886e-003	
12921	4.e-002	0.20549	9.9508e-003	
12922	4.e-002	0.20349	1.0013e-002	
12923	4.e-002	0.20149	1.0075e-002	
12924	4.e-002	0.2095	9.8264e-003	
12925	4.e-002	0.2095	1.5112e-002	
12926	4.e-002	0.2095	1.335e-002	
12927	4.e-002	0.2095	1.1588e-002	
12928	4.e-002	0.2095	1.6874e-002	
12929	4.e-002	0.20275	1.1292e-002	
12930	4.e-002	0.20404	1.2476e-002	
12931	4.e-002	0.20536	1.3627e-002	
12932	4.e-002	0.20671	1.4744e-002	
12933	4.e-002	0.20809	1.5827e-002	
12934	4.e-002	0.20686	8.9077e-003	
12935	4.e-002	0.20491	8.9684e-003	
12936	4.e-002	0.20295	9.0291e-003	
12937	4.e-002	0.20882	8.8471e-003	
12938	4.e-002	0.201	9.0898e-003	
12939	4.e-002	0.201	7.4151e-003	
12940	4.e-002	0.201	5.7405e-003	
12941	4.e-002	0.201	4.0658e-003	
12942	4.e-002	0.201	2.3911e-003	
12943	4.e-002	0.20224	3.5437e-003	
12944	4.e-002	0.2035	4.6665e-003	
12945	4.e-002	0.20479	5.7589e-003	
12946	4.e-002	0.20611	6.8201e-003	
12947	4.e-002	0.20745	7.8497e-003	
12948	4.e-002	0.22673	1.9786e-002	
12949	4.e-002	0.22465	2.0801e-002	
12950	4.e-002	0.22258	2.1815e-002	
12951	4.e-002	0.2288	1.8772e-002	
12952	4.e-002	0.2205	2.283e-002	
12953	4.e-002	0.2205	2.102e-002	
12954	4.e-002	0.2205	1.9211e-002	
12955	4.e-002	0.2205	1.7401e-002	
12956	4.e-002	0.2205	1.5592e-002	
12957	4.e-002	0.22254	1.6484e-002	
12958	4.e-002	0.2246	1.7312e-002	
12959	4.e-002	0.22669	1.8074e-002	
12960	4.e-002	0.26743	2.5227e-002	
12961	4.e-002	0.26537	2.3857e-002	
12962	4.e-002	0.2633	2.2486e-002	
12963	4.e-002	0.2695	2.6598e-002	
12964	4.e-002	0.26123	2.1116e-002	
12965	4.e-002	0.26332	2.075e-002	
12966	4.e-002	0.26539	2.0321e-002	
12967	4.e-002	0.26745	1.9831e-002	
12968	4.e-002	0.2695	1.928e-002	
12969	4.e-002	0.2695	2.1109e-002	
12970	4.e-002	0.2695	2.2939e-002	
12971	4.e-002	0.2695	2.4768e-002	
12972	4.e-002	0.27742	2.1815e-002	
12973	4.e-002	0.27535	2.0801e-002	
12974	4.e-002	0.27327	1.9786e-002	
12975	4.e-002	0.2795	2.283e-002	
12976	4.e-002	0.2712	1.8772e-002	
12977	4.e-002	0.27331	1.8074e-002	
12978	4.e-002	0.2754	1.7312e-002	
12979	4.e-002	0.27746	1.6484e-002	
12980	4.e-002	0.2795	1.5592e-002	
12981	4.e-002	0.2795	1.7401e-002	
12982	4.e-002	0.2795	1.9211e-002	
12983	4.e-002	0.2795	2.102e-002	
12984	4.e-002	0.28742	1.6499e-002	
12985	4.e-002	0.28534	1.5931e-002	
12986	4.e-002	0.28326	1.5363e-002	
12987	4.e-002	0.2895	1.7067e-002	
12988	4.e-002	0.28119	1.4794e-002	
12989	4.e-002	0.28332	1.3704e-002	
12990	4.e-002	0.28542	1.2542e-002	
12991	4.e-002	0.28748	1.1309e-002	
12992	4.e-002	0.2895	1.0008e-002	
12993	4.e-002	0.2895	1.1773e-002	
12994	4.e-002	0.2895	1.3538e-002	
12995	4.e-002	0.2895	1.5302e-002	
12996	4.e-002	0.29705	9.0291e-003	
12997	4.e-002	0.29509	8.9684e-003	
12998	4.e-002	0.29314	8.9077e-003	
12999	4.e-002	0.299	9.0898e-003	
13000	4.e-002	0.29118	8.8471e-003	
13001	4.e-002	0.29255	7.8497e-003	
13002	4.e-002	0.29389	6.8201e-003	
13003	4.e-002	0.29521	5.7589e-003	
13004	4.e-002	0.2965	4.6665e-003	
13005	4.e-002	0.29776	3.5437e-003	
13006	4.e-002	0.299	2.3911e-003	
13007	4.e-002	0.299	4.0658e-003	
13008	4.e-002	0.299	5.7405e-003	
13009	4.e-002	0.299	7.4151e-003	
13010	4.e-002	0.3	2.5e-003	
13011	4.e-002	0.3	5.e-003	
13012	4.e-002	0.3	7.5e-003	
13013	4.e-002	0.3	1.e-002	
13014	4.e-002	0.3	0.	
13015	4.e-002	0.29218	6.8736e-003	
13016	4.e-002	0.2905	8.1044e-003	
13017	4.e-002	0.29383	5.5932e-003	
13018	4.e-002	0.29543	4.2645e-003	
13019	4.e-002	0.297	2.8885e-003	
13020	4.e-002	0.29852	1.4666e-003	
13021	4.e-002	0.2905	2.0261e-003	
13022	4.e-002	0.2905	4.0522e-003	
13023	4.e-002	0.2905	6.0783e-003	
13024	4.e-002	0.2905	-1.0602e-030	
13025	4.e-002	0.2895	0.	
13026	4.e-002	0.2895	6.6006e-003	
13027	4.e-002	0.2895	4.4004e-003	
13028	4.e-002	0.2895	2.2002e-003	
13029	4.e-002	0.2895	8.8008e-003	
13030	4.e-002	0.28205	1.3241e-002	
13031	4.e-002	0.2805	1.4016e-002	
13032	4.e-002	0.28358	1.2427e-002	
13033	4.e-002	0.2851	1.1576e-002	
13034	4.e-002	0.28659	1.0687e-002	
13035	4.e-002	0.28806	9.7621e-003	
13036	4.e-002	0.2805	2.336e-003	
13037	4.e-002	0.2805	4.6721e-003	
13038	4.e-002	0.2805	7.0081e-003	
13039	4.e-002	0.2805	9.3441e-003	
13040	4.e-002	0.2805	1.168e-002	
13041	4.e-002	0.2805	2.0195e-031	
13042	4.e-002	0.2795	0.	
13043	4.e-002	0.2795	1.2075e-002	
13044	4.e-002	0.2795	9.6603e-003	
13045	4.e-002	0.2795	7.2453e-003	
13046	4.e-002	0.2795	4.8302e-003	
13047	4.e-002	0.2795	2.4151e-003	
13048	4.e-002	0.2795	1.4491e-002	
13049	4.e-002	0.27279	1.7195e-002	
13050	4.e-002	0.2705	1.7941e-002	
13051	4.e-002	0.27506	1.6371e-002	
13052	4.e-002	0.2773	1.5469e-002	
13053	4.e-002	0.2705	2.2426e-003	
13054	4.e-002	0.2705	4.4853e-003	
13055	4.e-002	0.2705	6.7279e-003	
13056	4.e-002	0.2705	8.9706e-003	
13057	4.e-002	0.2705	1.1213e-002	
13058	4.e-002	0.2705	1.3456e-002	
13059	4.e-002	0.2705	1.5698e-002	
13060	4.e-002	0.2705	-6.0585e-031	
13061	4.e-002	0.2695	0.	
13062	4.e-002	0.2695	1.5959e-002	
13063	4.e-002	0.2695	1.3679e-002	
13064	4.e-002	0.2695	1.14e-002	
13065	4.e-002	0.2695	9.1196e-003	
13066	4.e-002	0.2695	6.8397e-003	
13067	4.e-002	0.2695	4.5598e-003	
13068	4.e-002	0.2695	2.2799e-003	
13069	4.e-002	0.2695	1.8239e-002	
13070	4.e-002	0.26277	1.9835e-002	
13071	4.e-002	0.2605	2.0218e-002	
13072	4.e-002	0.26503	1.9377e-002	
13073	4.e-002	0.26728	1.8845e-002	
13074	4.e-002	0.2605	2.0218e-003	
13075	4.e-002	0.2605	4.0436e-003	
13076	4.e-002	0.2605	6.0655e-003	
13077	4.e-002	0.2605	8.0873e-003	
13078	4.e-002	0.2605	1.0109e-002	
13079	4.e-002	0.2605	1.2131e-002	
13080	4.e-002	0.2605	1.4153e-002	
13081	4.e-002	0.2605	1.6175e-002	
13082	4.e-002	0.2605	1.8196e-002	
13083	4.e-002	0.2605	2.1205e-030	
13084	4.e-002	0.2595	0.	
13085	4.e-002	0.2595	1.8326e-002	
13086	4.e-002	0.2595	1.629e-002	
13087	4.e-002	0.2595	1.4254e-002	
13088	4.e-002	0.2595	1.2218e-002	
13089	4.e-002	0.2595	1.0181e-002	
13090	4.e-002	0.2595	8.145e-003	
13091	4.e-002	0.2595	6.1088e-003	
13092	4.e-002	0.2595	4.0725e-003	
13093	4.e-002	0.2595	2.0363e-003	
13094	4.e-002	0.2595	2.0363e-002	
13095	4.e-002	0.25276	2.0956e-002	
13096	4.e-002	0.2505	2.1008e-002	
13097	4.e-002	0.25501	2.0831e-002	
13098	4.e-002	0.25726	2.0633e-002	
13099	4.e-002	0.2505	2.1008e-003	
13100	4.e-002	0.2505	4.2017e-003	
13101	4.e-002	0.2505	6.3025e-003	
13102	4.e-002	0.2505	8.4034e-003	
13103	4.e-002	0.2505	1.0504e-002	
13104	4.e-002	0.2505	1.2605e-002	
13105	4.e-002	0.2505	1.4706e-002	
13106	4.e-002	0.2505	1.6807e-002	
13107	4.e-002	0.2505	1.8908e-002	
13108	4.e-002	0.2505	5.3011e-031	
13109	4.e-002	0.2495	0.	
13110	4.e-002	0.2495	1.8908e-002	
13111	4.e-002	0.2495	1.6807e-002	
13112	4.e-002	0.2495	1.4706e-002	
13113	4.e-002	0.2495	1.2605e-002	
13114	4.e-002	0.2495	1.0504e-002	
13115	4.e-002	0.2495	8.4034e-003	
13116	4.e-002	0.2495	6.3025e-003	
13117	4.e-002	0.2495	4.2017e-003	
13118	4.e-002	0.2495	2.1008e-003	
13119	4.e-002	0.2495	2.1008e-002	
13120	4.e-002	0.24274	2.0633e-002	
13121	4.e-002	0.2405	2.0363e-002	
13122	4.e-002	0.24499	2.0831e-002	
13123	4.e-002	0.24724	2.0956e-002	
13124	4.e-002	0.2405	2.0363e-003	
13125	4.e-002	0.2405	4.0725e-003	
13126	4.e-002	0.2405	6.1088e-003	
13127	4.e-002	0.2405	8.145e-003	
13128	4.e-002	0.2405	1.0181e-002	
13129	4.e-002	0.2405	1.2218e-002	
13130	4.e-002	0.2405	1.4254e-002	
13131	4.e-002	0.2405	1.629e-002	
13132	4.e-002	0.2405	1.8326e-002	
13133	4.e-002	0.2405	2.7515e-030	
13134	4.e-002	0.2395	3.4694e-018	
13135	4.e-002	0.2395	1.8196e-002	
13136	4.e-002	0.2395	1.6175e-002	
13137	4.e-002	0.2395	1.4153e-002	
13138	4.e-002	0.2395	1.2131e-002	
13139	4.e-002	0.2395	1.0109e-002	
13140	4.e-002	0.2395	8.0873e-003	
13141	4.e-002	0.2395	6.0655e-003	
13142	4.e-002	0.2395	4.0436e-003	
13143	4.e-002	0.2395	2.0218e-003	
13144	4.e-002	0.2395	2.0218e-002	
13145	4.e-002	0.23272	1.8845e-002	
13146	4.e-002	0.2305	1.8239e-002	
13147	4.e-002	0.23497	1.9377e-002	
13148	4.e-002	0.23723	1.9835e-002	
13149	4.e-002	0.2305	2.2799e-003	
13150	4.e-002	0.2305	4.5598e-003	
13151	4.e-002	0.2305	6.8397e-003	
13152	4.e-002	0.2305	9.1196e-003	
13153	4.e-002	0.2305	1.14e-002	
13154	4.e-002	0.2305	1.3679e-002	
13155	4.e-002	0.2305	1.5959e-002	
13156	4.e-002	0.2305	-2.7768e-031	
13157	4.e-002	0.2295	0.	
13158	4.e-002	0.2295	1.5698e-002	
13159	4.e-002	0.2295	1.3456e-002	
13160	4.e-002	0.2295	1.1213e-002	
13161	4.e-002	0.2295	8.9706e-003	
13162	4.e-002	0.2295	6.7279e-003	
13163	4.e-002	0.2295	4.4853e-003	
13164	4.e-002	0.2295	2.2426e-003	
13165	4.e-002	0.2295	1.7941e-002	
13166	4.e-002	0.2227	1.5469e-002	
13167	4.e-002	0.2205	1.4491e-002	
13168	4.e-002	0.22494	1.6371e-002	
13169	4.e-002	0.22721	1.7195e-002	
13170	4.e-002	0.2205	2.4151e-003	
13171	4.e-002	0.2205	4.8302e-003	
13172	4.e-002	0.2205	7.2453e-003	
13173	4.e-002	0.2205	9.6603e-003	
13174	4.e-002	0.2205	1.2075e-002	
13175	4.e-002	0.2205	0.	
13176	4.e-002	0.2195	0.	
13177	4.e-002	0.2195	1.168e-002	
13178	4.e-002	0.2195	9.3441e-003	
13179	4.e-002	0.2195	7.0081e-003	
13180	4.e-002	0.2195	4.6721e-003	
13181	4.e-002	0.2195	2.336e-003	
13182	4.e-002	0.2195	1.4016e-002	
13183	4.e-002	0.21194	9.7621e-003	
13184	4.e-002	0.2105	8.8008e-003	
13185	4.e-002	0.21341	1.0687e-002	
13186	4.e-002	0.2149	1.1576e-002	
13187	4.e-002	0.21642	1.2427e-002	
13188	4.e-002	0.21795	1.3241e-002	
13189	4.e-002	0.2105	2.2002e-003	
13190	4.e-002	0.2105	4.4004e-003	
13191	4.e-002	0.2105	6.6006e-003	
13192	4.e-002	0.2105	0.	
13193	4.e-002	0.2095	0.	
13194	4.e-002	0.2095	6.0783e-003	
13195	4.e-002	0.2095	4.0522e-003	
13196	4.e-002	0.2095	2.0261e-003	
13197	4.e-002	0.2095	8.1044e-003	
13198	4.e-002	0.20148	1.4666e-003	
13199	4.e-002	0.2	0.	
13200	4.e-002	0.203	2.8885e-003	
13201	4.e-002	0.20457	4.2645e-003	
13202	4.e-002	0.20617	5.5932e-003	
13203	4.e-002	0.20782	6.8736e-003	
13204	4.e-002	0.2	7.5e-003	
13205	4.e-002	0.2	5.e-003	
13206	4.e-002	0.2	2.5e-003	
13207	4.e-002	0.2	1.e-002	
13208	4.e-002	0.29831	1.1664e-002	
13209	4.e-002	0.29657	1.3271e-002	
13210	4.e-002	0.29478	1.4817e-002	
13211	4.e-002	0.29293	1.6302e-002	
13212	4.e-002	0.29103	1.7723e-002	
13213	4.e-002	0.28909	1.908e-002	
13214	4.e-002	0.2871	2.037e-002	
13215	4.e-002	0.28507	2.1591e-002	
13216	4.e-002	0.283	2.2744e-002	
13217	4.e-002	0.28089	2.3825e-002	
13218	4.e-002	0.27875	2.4835e-002	
13219	4.e-002	0.27657	2.5771e-002	
13220	4.e-002	0.27436	2.6634e-002	
13221	4.e-002	0.27213	2.7421e-002	
13222	4.e-002	0.26987	2.8132e-002	
13223	4.e-002	0.26758	2.8766e-002	
13224	4.e-002	0.26528	2.9322e-002	
13225	4.e-002	0.26296	2.98e-002	
13226	4.e-002	0.26062	3.0199e-002	
13227	4.e-002	0.25828	3.0519e-002	
13228	4.e-002	0.25592	3.076e-002	
13229	4.e-002	0.25355	3.092e-002	
13230	4.e-002	0.25118	3.1e-002	
13231	4.e-002	0.24882	3.1e-002	
13232	4.e-002	0.24645	3.092e-002	
13233	4.e-002	0.24408	3.076e-002	
13234	4.e-002	0.24172	3.0519e-002	
13235	4.e-002	0.23938	3.0199e-002	
13236	4.e-002	0.23704	2.98e-002	
13237	4.e-002	0.23472	2.9322e-002	
13238	4.e-002	0.23242	2.8766e-002	
13239	4.e-002	0.23013	2.8132e-002	
13240	4.e-002	0.22787	2.7421e-002	
13241	4.e-002	0.22564	2.6634e-002	
13242	4.e-002	0.22343	2.5771e-002	
13243	4.e-002	0.22125	2.4835e-002	
13244	4.e-002	0.21911	2.3825e-002	
13245	4.e-002	0.217	2.2744e-002	
13246	4.e-002	0.21493	2.1591e-002	
13247	4.e-002	0.2129	2.037e-002	
13248	4.e-002	0.21091	1.908e-002	
13249	4.e-002	0.20897	1.7723e-002	
13250	4.e-002	0.20707	1.6302e-002	
13251	4.e-002	0.20522	1.4817e-002	
13252	4.e-002	0.20343	1.3271e-002	
13253	4.e-002	0.20169	1.1664e-002	
13254	4.e-002	0.29191	1.5827e-002	
13255	4.e-002	0.2905	1.6874e-002	
13256	4.e-002	0.29329	1.4744e-002	
13257	4.e-002	0.29464	1.3627e-002	
13258	4.e-002	0.29596	1.2476e-002	
13259	4.e-002	0.29725	1.1292e-002	
13260	4.e-002	0.29851	1.0075e-002	
13261	4.e-002	0.29651	1.0013e-002	
13262	4.e-002	0.29451	9.9508e-003	
13263	4.e-002	0.2925	9.8886e-003	
13264	4.e-002	0.2905	9.8264e-003	
13265	4.e-002	0.2805	1.7459e-002	
13266	4.e-002	0.2805	1.9273e-002	
13267	4.e-002	0.2805	2.1088e-002	
13268	4.e-002	0.2805	2.2903e-002	
13269	4.e-002	0.2805	1.5644e-002	
13270	4.e-002	0.28685	1.7379e-002	
13271	4.e-002	0.28473	1.68e-002	
13272	4.e-002	0.28262	1.6222e-002	
13273	4.e-002	0.28896	1.7957e-002	
13274	4.e-002	0.28268	2.178e-002	
13275	4.e-002	0.28482	2.0581e-002	
13276	4.e-002	0.28691	1.9305e-002	
13277	4.e-002	0.2705	2.1381e-002	
13278	4.e-002	0.2705	2.3219e-002	
13279	4.e-002	0.2705	2.5057e-002	
13280	4.e-002	0.2705	2.6895e-002	
13281	4.e-002	0.2705	1.9543e-002	
13282	4.e-002	0.27681	2.2629e-002	
13283	4.e-002	0.27471	2.16e-002	
13284	4.e-002	0.2726	2.0572e-002	
13285	4.e-002	0.27892	2.3658e-002	
13286	4.e-002	0.27264	2.6189e-002	
13287	4.e-002	0.27476	2.5414e-002	
13288	4.e-002	0.27685	2.457e-002	
13289	4.e-002	0.2605	2.3674e-002	
13290	4.e-002	0.2605	2.5518e-002	
13291	4.e-002	0.2605	2.7362e-002	
13292	4.e-002	0.2605	2.9207e-002	
13293	4.e-002	0.2605	2.1829e-002	
13294	4.e-002	0.26748	2.6455e-002	
13295	4.e-002	0.26608	2.553e-002	
13296	4.e-002	0.26469	2.4605e-002	
13297	4.e-002	0.26329	2.368e-002	
13298	4.e-002	0.2619	2.2754e-002	
13299	4.e-002	0.26887	2.738e-002	
13300	4.e-002	0.26261	2.8848e-002	
13301	4.e-002	0.26471	2.8423e-002	
13302	4.e-002	0.2668	2.7934e-002	
13303	4.e-002	0.25812	2.3387e-002	
13304	4.e-002	0.25674	2.471e-002	
13305	4.e-002	0.25537	2.6032e-002	
13306	4.e-002	0.25399	2.7354e-002	
13307	4.e-002	0.25261	2.8677e-002	
13308	4.e-002	0.25123	2.9999e-002	
13309	4.e-002	0.2595	2.2065e-002	
13310	4.e-002	0.2595	2.7531e-002	
13311	4.e-002	0.2595	2.5709e-002	
13312	4.e-002	0.2595	2.3887e-002	
13313	4.e-002	0.2595	2.9353e-002	
13314	4.e-002	0.25331	2.9931e-002	
13315	4.e-002	0.25538	2.98e-002	
13316	4.e-002	0.25744	2.9608e-002	
13317	4.e-002	0.2505	2.3836e-002	
13318	4.e-002	0.2505	2.5663e-002	
13319	4.e-002	0.2505	2.749e-002	
13320	4.e-002	0.2505	2.9317e-002	
13321	4.e-002	0.2505	2.2008e-002	
13322	4.e-002	0.25663	2.17e-002	
13323	4.e-002	0.25867	2.1479e-002	
13324	4.e-002	0.25459	2.1862e-002	
13325	4.e-002	0.25255	2.1965e-002	
13326	4.e-002	0.25186	2.8011e-002	
13327	4.e-002	0.25322	2.6705e-002	
13328	4.e-002	0.25458	2.5398e-002	
13329	4.e-002	0.25594	2.4092e-002	
13330	4.e-002	0.2573	2.2786e-002	
13331	4.e-002	0.2905	1.1588e-002	
13332	4.e-002	0.2905	1.335e-002	
13333	4.e-002	0.2905	1.5112e-002	
13334	4.e-002	0.24811	2.3786e-002	
13335	4.e-002	0.24673	2.4917e-002	
13336	4.e-002	0.24534	2.6049e-002	
13337	4.e-002	0.24395	2.7181e-002	
13338	4.e-002	0.24257	2.8312e-002	
13339	5.9e-002	0.24257	2.8312e-002	
13340	5.9e-002	0.24395	2.7181e-002	
13341	5.9e-002	0.24534	2.6049e-002	
13342	5.9e-002	0.24673	2.4917e-002	
13343	5.9e-002	0.24811	2.3786e-002	
13344	5.9e-002	0.2905	1.5112e-002	
13345	5.9e-002	0.2905	1.335e-002	
13346	5.9e-002	0.2905	1.1588e-002	
13347	5.9e-002	0.2573	2.2786e-002	
13348	5.9e-002	0.25594	2.4092e-002	
13349	5.9e-002	0.25458	2.5398e-002	
13350	5.9e-002	0.25322	2.6705e-002	
13351	5.9e-002	0.25186	2.8011e-002	
13352	5.9e-002	0.25867	2.1479e-002	
13353	5.9e-002	0.25663	2.17e-002	
13354	5.9e-002	0.25459	2.1862e-002	
13355	5.9e-002	0.25255	2.1965e-002	
13356	5.9e-002	0.2505	2.9317e-002	
13357	5.9e-002	0.2505	2.749e-002	
13358	5.9e-002	0.2505	2.5663e-002	
13359	5.9e-002	0.2505	2.3836e-002	
13360	5.9e-002	0.2505	2.2008e-002	
13361	5.9e-002	0.25331	2.9931e-002	
13362	5.9e-002	0.25538	2.98e-002	
13363	5.9e-002	0.25744	2.9608e-002	
13364	5.9e-002	0.2595	2.3887e-002	
13365	5.9e-002	0.2595	2.5709e-002	
13366	5.9e-002	0.2595	2.7531e-002	
13367	5.9e-002	0.2595	2.9353e-002	
13368	5.9e-002	0.25123	2.9999e-002	
13369	5.9e-002	0.25261	2.8677e-002	
13370	5.9e-002	0.25399	2.7354e-002	
13371	5.9e-002	0.25537	2.6032e-002	
13372	5.9e-002	0.25674	2.471e-002	
13373	5.9e-002	0.25812	2.3387e-002	
13374	5.9e-002	0.2595	2.2065e-002	
13375	5.9e-002	0.26261	2.8848e-002	
13376	5.9e-002	0.26471	2.8423e-002	
13377	5.9e-002	0.2668	2.7934e-002	
13378	5.9e-002	0.2619	2.2754e-002	
13379	5.9e-002	0.26329	2.368e-002	
13380	5.9e-002	0.26469	2.4605e-002	
13381	5.9e-002	0.26608	2.553e-002	
13382	5.9e-002	0.26748	2.6455e-002	
13383	5.9e-002	0.26887	2.738e-002	
13384	5.9e-002	0.2605	2.9207e-002	
13385	5.9e-002	0.2605	2.7362e-002	
13386	5.9e-002	0.2605	2.5518e-002	
13387	5.9e-002	0.2605	2.3674e-002	
13388	5.9e-002	0.2605	2.1829e-002	
13389	5.9e-002	0.27264	2.6189e-002	
13390	5.9e-002	0.27476	2.5414e-002	
13391	5.9e-002	0.27685	2.457e-002	
13392	5.9e-002	0.2726	2.0572e-002	
13393	5.9e-002	0.27471	2.16e-002	
13394	5.9e-002	0.27681	2.2629e-002	
13395	5.9e-002	0.27892	2.3658e-002	
13396	5.9e-002	0.2705	2.6895e-002	
13397	5.9e-002	0.2705	2.5057e-002	
13398	5.9e-002	0.2705	2.3219e-002	
13399	5.9e-002	0.2705	2.1381e-002	
13400	5.9e-002	0.2705	1.9543e-002	
13401	5.9e-002	0.28268	2.178e-002	
13402	5.9e-002	0.28482	2.0581e-002	
13403	5.9e-002	0.28691	1.9305e-002	
13404	5.9e-002	0.28262	1.6222e-002	
13405	5.9e-002	0.28473	1.68e-002	
13406	5.9e-002	0.28685	1.7379e-002	
13407	5.9e-002	0.28896	1.7957e-002	
13408	5.9e-002	0.2805	2.2903e-002	
13409	5.9e-002	0.2805	2.1088e-002	
13410	5.9e-002	0.2805	1.9273e-002	
13411	5.9e-002	0.2805	1.7459e-002	
13412	5.9e-002	0.2805	1.5644e-002	
13413	5.9e-002	0.2905	9.8264e-003	
13414	5.9e-002	0.2925	9.8886e-003	
13415	5.9e-002	0.29451	9.9508e-003	
13416	5.9e-002	0.29651	1.0013e-002	
13417	5.9e-002	0.2905	1.6874e-002	
13418	5.9e-002	0.29191	1.5827e-002	
13419	5.9e-002	0.29329	1.4744e-002	
13420	5.9e-002	0.29464	1.3627e-002	
13421	5.9e-002	0.29596	1.2476e-002	
13422	5.9e-002	0.29851	1.0075e-002	
13423	5.9e-002	0.29725	1.1292e-002	
13424	5.9e-002	0.29831	1.1664e-002	
13425	5.9e-002	0.29657	1.3271e-002	
13426	5.9e-002	0.29478	1.4817e-002	
13427	5.9e-002	0.29293	1.6302e-002	
13428	5.9e-002	0.29103	1.7723e-002	
13429	5.9e-002	0.28909	1.908e-002	
13430	5.9e-002	0.2871	2.037e-002	
13431	5.9e-002	0.28507	2.1591e-002	
13432	5.9e-002	0.283	2.2744e-002	
13433	5.9e-002	0.28089	2.3825e-002	
13434	5.9e-002	0.27875	2.4835e-002	
13435	5.9e-002	0.27657	2.5771e-002	
13436	5.9e-002	0.27436	2.6634e-002	
13437	5.9e-002	0.27213	2.7421e-002	
13438	5.9e-002	0.26987	2.8132e-002	
13439	5.9e-002	0.26758	2.8766e-002	
13440	5.9e-002	0.26528	2.9322e-002	
13441	5.9e-002	0.26296	2.98e-002	
13442	5.9e-002	0.26062	3.0199e-002	
13443	5.9e-002	0.25828	3.0519e-002	
13444	5.9e-002	0.25592	3.076e-002	
13445	5.9e-002	0.25355	3.092e-002	
13446	5.9e-002	0.25118	3.1e-002	
13447	5.9e-002	0.24882	3.1e-002	
13448	5.9e-002	0.24645	3.092e-002	
13449	5.9e-002	0.24408	3.076e-002	
13450	5.9e-002	0.24172	3.0519e-002	
13451	5.9e-002	0.23938	3.0199e-002	
13452	5.9e-002	0.23704	2.98e-002	
13453	5.9e-002	0.23472	2.9322e-002	
13454	5.9e-002	0.23242	2.8766e-002	
13455	5.9e-002	0.23013	2.8132e-002	
13456	5.9e-002	0.22787	2.7421e-002	
13457	5.9e-002	0.22564	2.6634e-002	
13458	5.9e-002	0.22343	2.5771e-002	
13459	5.9e-002	0.22125	2.4835e-002	
13460	5.9e-002	0.21911	2.3825e-002	
13461	5.9e-002	0.217	2.2744e-002	
13462	5.9e-002	0.21493	2.1591e-002	
13463	5.9e-002	0.2129	2.037e-002	
13464	5.9e-002	0.21091	1.908e-002	
13465	5.9e-002	0.20897	1.7723e-002	
13466	5.9e-002	0.20707	1.6302e-002	
13467	5.9e-002	0.20522	1.4817e-002	
13468	5.9e-002	0.20343	1.3271e-002	
13469	5.9e-002	0.20169	1.1664e-002	
13470	5.9e-002	0.2	2.5e-003	
13471	5.9e-002	0.2	5.e-003	
13472	5.9e-002	0.2	7.5e-003	
13473	5.9e-002	0.2	1.e-002	
13474	5.9e-002	0.2	0.	
13475	5.9e-002	0.20148	1.4666e-003	
13476	5.9e-002	0.203	2.8885e-003	
13477	5.9e-002	0.20457	4.2645e-003	
13478	5.9e-002	0.20617	5.5932e-003	
13479	5.9e-002	0.20782	6.8736e-003	
13480	5.9e-002	0.2095	2.0261e-003	
13481	5.9e-002	0.2095	4.0522e-003	
13482	5.9e-002	0.2095	6.0783e-003	
13483	5.9e-002	0.2095	8.1044e-003	
13484	5.9e-002	0.2095	0.	
13485	5.9e-002	0.2105	6.6006e-003	
13486	5.9e-002	0.2105	4.4004e-003	
13487	5.9e-002	0.2105	2.2002e-003	
13488	5.9e-002	0.2105	0.	
13489	5.9e-002	0.2105	8.8008e-003	
13490	5.9e-002	0.21194	9.7621e-003	
13491	5.9e-002	0.21341	1.0687e-002	
13492	5.9e-002	0.2149	1.1576e-002	
13493	5.9e-002	0.21642	1.2427e-002	
13494	5.9e-002	0.21795	1.3241e-002	
13495	5.9e-002	0.2195	2.336e-003	
13496	5.9e-002	0.2195	4.6721e-003	
13497	5.9e-002	0.2195	7.0081e-003	
13498	5.9e-002	0.2195	9.3441e-003	
13499	5.9e-002	0.2195	1.168e-002	
13500	5.9e-002	0.2195	1.4016e-002	
13501	5.9e-002	0.2195	0.	
13502	5.9e-002	0.2205	1.2075e-002	
13503	5.9e-002	0.2205	9.6603e-003	
13504	5.9e-002	0.2205	7.2453e-003	
13505	5.9e-002	0.2205	4.8302e-003	
13506	5.9e-002	0.2205	2.4151e-003	
13507	5.9e-002	0.2205	0.	
13508	5.9e-002	0.2205	1.4491e-002	
13509	5.9e-002	0.2227	1.5469e-002	
13510	5.9e-002	0.22494	1.6371e-002	
13511	5.9e-002	0.22721	1.7195e-002	
13512	5.9e-002	0.2295	2.2426e-003	
13513	5.9e-002	0.2295	4.4853e-003	
13514	5.9e-002	0.2295	6.7279e-003	
13515	5.9e-002	0.2295	8.9706e-003	
13516	5.9e-002	0.2295	1.1213e-002	
13517	5.9e-002	0.2295	1.3456e-002	
13518	5.9e-002	0.2295	1.5698e-002	
13519	5.9e-002	0.2295	1.7941e-002	
13520	5.9e-002	0.2295	0.	
13521	5.9e-002	0.2305	1.5959e-002	
13522	5.9e-002	0.2305	1.3679e-002	
13523	5.9e-002	0.2305	1.14e-002	
13524	5.9e-002	0.2305	9.1196e-003	
13525	5.9e-002	0.2305	6.8397e-003	
13526	5.9e-002	0.2305	4.5598e-003	
13527	5.9e-002	0.2305	2.2799e-003	
13528	5.9e-002	0.2305	-2.7768e-031	
13529	5.9e-002	0.2305	1.8239e-002	
13530	5.9e-002	0.23272	1.8845e-002	
13531	5.9e-002	0.23497	1.9377e-002	
13532	5.9e-002	0.23723	1.9835e-002	
13533	5.9e-002	0.2395	2.0218e-003	
13534	5.9e-002	0.2395	4.0436e-003	
13535	5.9e-002	0.2395	6.0655e-003	
13536	5.9e-002	0.2395	8.0873e-003	
13537	5.9e-002	0.2395	1.0109e-002	
13538	5.9e-002	0.2395	1.2131e-002	
13539	5.9e-002	0.2395	1.4153e-002	
13540	5.9e-002	0.2395	1.6175e-002	
13541	5.9e-002	0.2395	1.8196e-002	
13542	5.9e-002	0.2395	2.0218e-002	
13543	5.9e-002	0.2395	3.4694e-018	
13544	5.9e-002	0.2405	1.8326e-002	
13545	5.9e-002	0.2405	1.629e-002	
13546	5.9e-002	0.2405	1.4254e-002	
13547	5.9e-002	0.2405	1.2218e-002	
13548	5.9e-002	0.2405	1.0181e-002	
13549	5.9e-002	0.2405	8.145e-003	
13550	5.9e-002	0.2405	6.1088e-003	
13551	5.9e-002	0.2405	4.0725e-003	
13552	5.9e-002	0.2405	2.0363e-003	
13553	5.9e-002	0.2405	2.7515e-030	
13554	5.9e-002	0.2405	2.0363e-002	
13555	5.9e-002	0.24274	2.0633e-002	
13556	5.9e-002	0.24499	2.0831e-002	
13557	5.9e-002	0.24724	2.0956e-002	
13558	5.9e-002	0.2495	2.1008e-003	
13559	5.9e-002	0.2495	4.2017e-003	
13560	5.9e-002	0.2495	6.3025e-003	
13561	5.9e-002	0.2495	8.4034e-003	
13562	5.9e-002	0.2495	1.0504e-002	
13563	5.9e-002	0.2495	1.2605e-002	
13564	5.9e-002	0.2495	1.4706e-002	
13565	5.9e-002	0.2495	1.6807e-002	
13566	5.9e-002	0.2495	1.8908e-002	
13567	5.9e-002	0.2495	2.1008e-002	
13568	5.9e-002	0.2495	0.	
13569	5.9e-002	0.2505	1.8908e-002	
13570	5.9e-002	0.2505	1.6807e-002	
13571	5.9e-002	0.2505	1.4706e-002	
13572	5.9e-002	0.2505	1.2605e-002	
13573	5.9e-002	0.2505	1.0504e-002	
13574	5.9e-002	0.2505	8.4034e-003	
13575	5.9e-002	0.2505	6.3025e-003	
13576	5.9e-002	0.2505	4.2017e-003	
13577	5.9e-002	0.2505	2.1008e-003	
13578	5.9e-002	0.2505	5.3011e-031	
13579	5.9e-002	0.2505	2.1008e-002	
13580	5.9e-002	0.25276	2.0956e-002	
13581	5.9e-002	0.25501	2.0831e-002	
13582	5.9e-002	0.25726	2.0633e-002	
13583	5.9e-002	0.2595	2.0363e-003	
13584	5.9e-002	0.2595	4.0725e-003	
13585	5.9e-002	0.2595	6.1088e-003	
13586	5.9e-002	0.2595	8.145e-003	
13587	5.9e-002	0.2595	1.0181e-002	
13588	5.9e-002	0.2595	1.2218e-002	
13589	5.9e-002	0.2595	1.4254e-002	
13590	5.9e-002	0.2595	1.629e-002	
13591	5.9e-002	0.2595	1.8326e-002	
13592	5.9e-002	0.2595	2.0363e-002	
13593	5.9e-002	0.2595	0.	
13594	5.9e-002	0.2605	1.8196e-002	
13595	5.9e-002	0.2605	1.6175e-002	
13596	5.9e-002	0.2605	1.4153e-002	
13597	5.9e-002	0.2605	1.2131e-002	
13598	5.9e-002	0.2605	1.0109e-002	
13599	5.9e-002	0.2605	8.0873e-003	
13600	5.9e-002	0.2605	6.0655e-003	
13601	5.9e-002	0.2605	4.0436e-003	
13602	5.9e-002	0.2605	2.0218e-003	
13603	5.9e-002	0.2605	2.1205e-030	
13604	5.9e-002	0.2605	2.0218e-002	
13605	5.9e-002	0.26277	1.9835e-002	
13606	5.9e-002	0.26503	1.9377e-002	
13607	5.9e-002	0.26728	1.8845e-002	
13608	5.9e-002	0.2695	2.2799e-003	
13609	5.9e-002	0.2695	4.5598e-003	
13610	5.9e-002	0.2695	6.8397e-003	
13611	5.9e-002	0.2695	9.1196e-003	
13612	5.9e-002	0.2695	1.14e-002	
13613	5.9e-002	0.2695	1.3679e-002	
13614	5.9e-002	0.2695	1.5959e-002	
13615	5.9e-002	0.2695	1.8239e-002	
13616	5.9e-002	0.2695	0.	
13617	5.9e-002	0.2705	1.5698e-002	
13618	5.9e-002	0.2705	1.3456e-002	
13619	5.9e-002	0.2705	1.1213e-002	
13620	5.9e-002	0.2705	8.9706e-003	
13621	5.9e-002	0.2705	6.7279e-003	
13622	5.9e-002	0.2705	4.4853e-003	
13623	5.9e-002	0.2705	2.2426e-003	
13624	5.9e-002	0.2705	-6.0585e-031	
13625	5.9e-002	0.2705	1.7941e-002	
13626	5.9e-002	0.27279	1.7195e-002	
13627	5.9e-002	0.27506	1.6371e-002	
13628	5.9e-002	0.2773	1.5469e-002	
13629	5.9e-002	0.2795	2.4151e-003	
13630	5.9e-002	0.2795	4.8302e-003	
13631	5.9e-002	0.2795	7.2453e-003	
13632	5.9e-002	0.2795	9.6603e-003	
13633	5.9e-002	0.2795	1.2075e-002	
13634	5.9e-002	0.2795	1.4491e-002	
13635	5.9e-002	0.2795	0.	
13636	5.9e-002	0.2805	1.168e-002	
13637	5.9e-002	0.2805	9.3441e-003	
13638	5.9e-002	0.2805	7.0081e-003	
13639	5.9e-002	0.2805	4.6721e-003	
13640	5.9e-002	0.2805	2.336e-003	
13641	5.9e-002	0.2805	2.0195e-031	
13642	5.9e-002	0.2805	1.4016e-002	
13643	5.9e-002	0.28205	1.3241e-002	
13644	5.9e-002	0.28358	1.2427e-002	
13645	5.9e-002	0.2851	1.1576e-002	
13646	5.9e-002	0.28659	1.0687e-002	
13647	5.9e-002	0.28806	9.7621e-003	
13648	5.9e-002	0.2895	2.2002e-003	
13649	5.9e-002	0.2895	4.4004e-003	
13650	5.9e-002	0.2895	6.6006e-003	
13651	5.9e-002	0.2895	8.8008e-003	
13652	5.9e-002	0.2895	0.	
13653	5.9e-002	0.2905	6.0783e-003	
13654	5.9e-002	0.2905	4.0522e-003	
13655	5.9e-002	0.2905	2.0261e-003	
13656	5.9e-002	0.2905	-1.0602e-030	
13657	5.9e-002	0.2905	8.1044e-003	
13658	5.9e-002	0.29218	6.8736e-003	
13659	5.9e-002	0.29383	5.5932e-003	
13660	5.9e-002	0.29543	4.2645e-003	
13661	5.9e-002	0.297	2.8885e-003	
13662	5.9e-002	0.29852	1.4666e-003	
13663	5.9e-002	0.3	1.e-002	
13664	5.9e-002	0.3	7.5e-003	
13665	5.9e-002	0.3	5.e-003	
13666	5.9e-002	0.3	2.5e-003	
13667	5.9e-002	0.3	0.	
13668	5.9e-002	0.299	7.4151e-003	
13669	5.9e-002	0.299	5.7405e-003	
13670	5.9e-002	0.299	4.0658e-003	
13671	5.9e-002	0.29255	7.8497e-003	
13672	5.9e-002	0.29389	6.8201e-003	
13673	5.9e-002	0.29521	5.7589e-003	
13674	5.9e-002	0.2965	4.6665e-003	
13675	5.9e-002	0.299	2.3911e-003	
13676	5.9e-002	0.29776	3.5437e-003	
13677	5.9e-002	0.29118	8.8471e-003	
13678	5.9e-002	0.29314	8.9077e-003	
13679	5.9e-002	0.29509	8.9684e-003	
13680	5.9e-002	0.29705	9.0291e-003	
13681	5.9e-002	0.299	9.0898e-003	
13682	5.9e-002	0.2895	1.5302e-002	
13683	5.9e-002	0.2895	1.3538e-002	
13684	5.9e-002	0.2895	1.1773e-002	
13685	5.9e-002	0.28332	1.3704e-002	
13686	5.9e-002	0.28542	1.2542e-002	
13687	5.9e-002	0.2895	1.0008e-002	
13688	5.9e-002	0.28748	1.1309e-002	
13689	5.9e-002	0.28119	1.4794e-002	
13690	5.9e-002	0.28326	1.5363e-002	
13691	5.9e-002	0.28534	1.5931e-002	
13692	5.9e-002	0.28742	1.6499e-002	
13693	5.9e-002	0.2895	1.7067e-002	
13694	5.9e-002	0.2795	2.102e-002	
13695	5.9e-002	0.2795	1.9211e-002	
13696	5.9e-002	0.2795	1.7401e-002	
13697	5.9e-002	0.27331	1.8074e-002	
13698	5.9e-002	0.2754	1.7312e-002	
13699	5.9e-002	0.2795	1.5592e-002	
13700	5.9e-002	0.27746	1.6484e-002	
13701	5.9e-002	0.2712	1.8772e-002	
13702	5.9e-002	0.27327	1.9786e-002	
13703	5.9e-002	0.27535	2.0801e-002	
13704	5.9e-002	0.27742	2.1815e-002	
13705	5.9e-002	0.2795	2.283e-002	
13706	5.9e-002	0.2695	2.4768e-002	
13707	5.9e-002	0.2695	2.2939e-002	
13708	5.9e-002	0.2695	2.1109e-002	
13709	5.9e-002	0.26332	2.075e-002	
13710	5.9e-002	0.26539	2.0321e-002	
13711	5.9e-002	0.2695	1.928e-002	
13712	5.9e-002	0.26745	1.9831e-002	
13713	5.9e-002	0.26123	2.1116e-002	
13714	5.9e-002	0.2633	2.2486e-002	
13715	5.9e-002	0.26537	2.3857e-002	
13716	5.9e-002	0.26743	2.5227e-002	
13717	5.9e-002	0.2695	2.6598e-002	
13718	5.9e-002	0.22254	1.6484e-002	
13719	5.9e-002	0.2246	1.7312e-002	
13720	5.9e-002	0.22669	1.8074e-002	
13721	5.9e-002	0.2205	1.5592e-002	
13722	5.9e-002	0.2205	1.7401e-002	
13723	5.9e-002	0.2205	1.9211e-002	
13724	5.9e-002	0.2205	2.102e-002	
13725	5.9e-002	0.2205	2.283e-002	
13726	5.9e-002	0.22258	2.1815e-002	
13727	5.9e-002	0.22465	2.0801e-002	
13728	5.9e-002	0.22673	1.9786e-002	
13729	5.9e-002	0.2288	1.8772e-002	
13730	5.9e-002	0.20224	3.5437e-003	
13731	5.9e-002	0.2035	4.6665e-003	
13732	5.9e-002	0.20479	5.7589e-003	
13733	5.9e-002	0.20611	6.8201e-003	
13734	5.9e-002	0.20745	7.8497e-003	
13735	5.9e-002	0.201	2.3911e-003	
13736	5.9e-002	0.201	4.0658e-003	
13737	5.9e-002	0.201	5.7405e-003	
13738	5.9e-002	0.201	7.4151e-003	
13739	5.9e-002	0.201	9.0898e-003	
13740	5.9e-002	0.20295	9.0291e-003	
13741	5.9e-002	0.20491	8.9684e-003	
13742	5.9e-002	0.20686	8.9077e-003	
13743	5.9e-002	0.20882	8.8471e-003	
13744	5.9e-002	0.20275	1.1292e-002	
13745	5.9e-002	0.20404	1.2476e-002	
13746	5.9e-002	0.20536	1.3627e-002	
13747	5.9e-002	0.20671	1.4744e-002	
13748	5.9e-002	0.20809	1.5827e-002	
13749	5.9e-002	0.2095	1.1588e-002	
13750	5.9e-002	0.2095	1.335e-002	
13751	5.9e-002	0.2095	1.5112e-002	
13752	5.9e-002	0.2095	1.6874e-002	
13753	5.9e-002	0.20149	1.0075e-002	
13754	5.9e-002	0.20349	1.0013e-002	
13755	5.9e-002	0.20549	9.9508e-003	
13756	5.9e-002	0.2075	9.8886e-003	
13757	5.9e-002	0.2095	9.8264e-003	
13758	5.9e-002	0.21674	1.5363e-002	
13759	5.9e-002	0.21466	1.5931e-002	
13760	5.9e-002	0.21258	1.6499e-002	
13761	5.9e-002	0.21881	1.4794e-002	
13762	5.9e-002	0.21668	1.3704e-002	
13763	5.9e-002	0.21458	1.2542e-002	
13764	5.9e-002	0.21252	1.1309e-002	
13765	5.9e-002	0.2105	1.7067e-002	
13766	5.9e-002	0.2105	1.5302e-002	
13767	5.9e-002	0.2105	1.3538e-002	
13768	5.9e-002	0.2105	1.1773e-002	
13769	5.9e-002	0.2105	1.0008e-002	
13770	5.9e-002	0.21309	1.9305e-002	
13771	5.9e-002	0.21518	2.0581e-002	
13772	5.9e-002	0.21732	2.178e-002	
13773	5.9e-002	0.2195	1.7459e-002	
13774	5.9e-002	0.2195	1.9273e-002	
13775	5.9e-002	0.2195	2.1088e-002	
13776	5.9e-002	0.2195	2.2903e-002	
13777	5.9e-002	0.21104	1.7957e-002	
13778	5.9e-002	0.21315	1.7379e-002	
13779	5.9e-002	0.21527	1.68e-002	
13780	5.9e-002	0.21738	1.6222e-002	
13781	5.9e-002	0.2195	1.5644e-002	
13782	5.9e-002	0.22315	2.457e-002	
13783	5.9e-002	0.22524	2.5414e-002	
13784	5.9e-002	0.22736	2.6189e-002	
13785	5.9e-002	0.2295	2.1381e-002	
13786	5.9e-002	0.2295	2.3219e-002	
13787	5.9e-002	0.2295	2.5057e-002	
13788	5.9e-002	0.2295	2.6895e-002	
13789	5.9e-002	0.22108	2.3658e-002	
13790	5.9e-002	0.22319	2.2629e-002	
13791	5.9e-002	0.22529	2.16e-002	
13792	5.9e-002	0.2274	2.0572e-002	
13793	5.9e-002	0.2295	1.9543e-002	
13794	5.9e-002	0.2367	2.2486e-002	
13795	5.9e-002	0.23463	2.3857e-002	
13796	5.9e-002	0.23257	2.5227e-002	
13797	5.9e-002	0.23877	2.1116e-002	
13798	5.9e-002	0.23668	2.075e-002	
13799	5.9e-002	0.23461	2.0321e-002	
13800	5.9e-002	0.23255	1.9831e-002	
13801	5.9e-002	0.2305	2.6598e-002	
13802	5.9e-002	0.2305	2.4768e-002	
13803	5.9e-002	0.2305	2.2939e-002	
13804	5.9e-002	0.2305	2.1109e-002	
13805	5.9e-002	0.2305	1.928e-002	
13806	5.9e-002	0.2332	2.7934e-002	
13807	5.9e-002	0.23529	2.8423e-002	
13808	5.9e-002	0.23739	2.8848e-002	
13809	5.9e-002	0.2395	2.3674e-002	
13810	5.9e-002	0.2395	2.5518e-002	
13811	5.9e-002	0.2395	2.7362e-002	
13812	5.9e-002	0.2395	2.9207e-002	
13813	5.9e-002	0.23113	2.738e-002	
13814	5.9e-002	0.23252	2.6455e-002	
13815	5.9e-002	0.23392	2.553e-002	
13816	5.9e-002	0.23531	2.4605e-002	
13817	5.9e-002	0.23671	2.368e-002	
13818	5.9e-002	0.2381	2.2754e-002	
13819	5.9e-002	0.2395	2.1829e-002	
13820	5.9e-002	0.24735	2.3117e-002	
13821	5.9e-002	0.24598	2.4235e-002	
13822	5.9e-002	0.24461	2.5353e-002	
13823	5.9e-002	0.24324	2.6471e-002	
13824	5.9e-002	0.24187	2.759e-002	
13825	5.9e-002	0.24872	2.1999e-002	
13826	5.9e-002	0.24666	2.1932e-002	
13827	5.9e-002	0.2446	2.1805e-002	
13828	5.9e-002	0.24255	2.1618e-002	
13829	5.9e-002	0.2405	2.8708e-002	
13830	5.9e-002	0.2405	2.6874e-002	
13831	5.9e-002	0.2405	2.504e-002	
13832	5.9e-002	0.2405	2.3206e-002	
13833	5.9e-002	0.2405	2.1372e-002	
13834	5.9e-002	0.24118	2.9444e-002	
13835	5.9e-002	0.24325	2.9679e-002	
13836	5.9e-002	0.24533	2.9852e-002	
13837	5.9e-002	0.24741	2.9962e-002	
13838	5.9e-002	0.2495	2.2654e-002	
13839	5.9e-002	0.2495	2.4493e-002	
13840	5.9e-002	0.2495	2.6332e-002	
13841	5.9e-002	0.2495	2.817e-002	
13842	5.9e-002	0.2495	3.0009e-002	
13843	6.e-002	0.2495	2.817e-002	
13844	6.e-002	0.2495	2.6332e-002	
13845	6.e-002	0.2495	2.4493e-002	
13846	6.e-002	0.2495	2.2654e-002	
13847	6.e-002	0.2495	3.0009e-002	
13848	6.e-002	0.24325	2.9679e-002	
13849	6.e-002	0.24118	2.9444e-002	
13850	6.e-002	0.24533	2.9852e-002	
13851	6.e-002	0.24741	2.9962e-002	
13852	6.e-002	0.2405	2.3206e-002	
13853	6.e-002	0.2405	2.504e-002	
13854	6.e-002	0.2405	2.6874e-002	
13855	6.e-002	0.2405	2.8708e-002	
13856	6.e-002	0.2405	2.1372e-002	
13857	6.e-002	0.24666	2.1932e-002	
13858	6.e-002	0.24872	2.1999e-002	
13859	6.e-002	0.2446	2.1805e-002	
13860	6.e-002	0.24255	2.1618e-002	
13861	6.e-002	0.24187	2.759e-002	
13862	6.e-002	0.24324	2.6471e-002	
13863	6.e-002	0.24461	2.5353e-002	
13864	6.e-002	0.24598	2.4235e-002	
13865	6.e-002	0.24735	2.3117e-002	
13866	6.e-002	0.2381	2.2754e-002	
13867	6.e-002	0.23671	2.368e-002	
13868	6.e-002	0.23531	2.4605e-002	
13869	6.e-002	0.23392	2.553e-002	
13870	6.e-002	0.23252	2.6455e-002	
13871	6.e-002	0.23113	2.738e-002	
13872	6.e-002	0.2395	2.1829e-002	
13873	6.e-002	0.2395	2.7362e-002	
13874	6.e-002	0.2395	2.5518e-002	
13875	6.e-002	0.2395	2.3674e-002	
13876	6.e-002	0.2395	2.9207e-002	
13877	6.e-002	0.2332	2.7934e-002	
13878	6.e-002	0.23529	2.8423e-002	
13879	6.e-002	0.23739	2.8848e-002	
13880	6.e-002	0.2305	2.1109e-002	
13881	6.e-002	0.2305	2.2939e-002	
13882	6.e-002	0.2305	2.4768e-002	
13883	6.e-002	0.2305	2.6598e-002	
13884	6.e-002	0.2305	1.928e-002	
13885	6.e-002	0.23668	2.075e-002	
13886	6.e-002	0.23877	2.1116e-002	
13887	6.e-002	0.23461	2.0321e-002	
13888	6.e-002	0.23255	1.9831e-002	
13889	6.e-002	0.23257	2.5227e-002	
13890	6.e-002	0.23463	2.3857e-002	
13891	6.e-002	0.2367	2.2486e-002	
13892	6.e-002	0.2274	2.0572e-002	
13893	6.e-002	0.22529	2.16e-002	
13894	6.e-002	0.22319	2.2629e-002	
13895	6.e-002	0.22108	2.3658e-002	
13896	6.e-002	0.2295	1.9543e-002	
13897	6.e-002	0.2295	2.5057e-002	
13898	6.e-002	0.2295	2.3219e-002	
13899	6.e-002	0.2295	2.1381e-002	
13900	6.e-002	0.2295	2.6895e-002	
13901	6.e-002	0.22315	2.457e-002	
13902	6.e-002	0.22524	2.5414e-002	
13903	6.e-002	0.22736	2.6189e-002	
13904	6.e-002	0.21738	1.6222e-002	
13905	6.e-002	0.21527	1.68e-002	
13906	6.e-002	0.21315	1.7379e-002	
13907	6.e-002	0.21104	1.7957e-002	
13908	6.e-002	0.2195	1.5644e-002	
13909	6.e-002	0.2195	2.1088e-002	
13910	6.e-002	0.2195	1.9273e-002	
13911	6.e-002	0.2195	1.7459e-002	
13912	6.e-002	0.2195	2.2903e-002	
13913	6.e-002	0.21309	1.9305e-002	
13914	6.e-002	0.21518	2.0581e-002	
13915	6.e-002	0.21732	2.178e-002	
13916	6.e-002	0.2105	1.1773e-002	
13917	6.e-002	0.2105	1.3538e-002	
13918	6.e-002	0.2105	1.5302e-002	
13919	6.e-002	0.2105	1.7067e-002	
13920	6.e-002	0.2105	1.0008e-002	
13921	6.e-002	0.21668	1.3704e-002	
13922	6.e-002	0.21881	1.4794e-002	
13923	6.e-002	0.21458	1.2542e-002	
13924	6.e-002	0.21252	1.1309e-002	
13925	6.e-002	0.21258	1.6499e-002	
13926	6.e-002	0.21466	1.5931e-002	
13927	6.e-002	0.21674	1.5363e-002	
13928	6.e-002	0.2075	9.8886e-003	
13929	6.e-002	0.20549	9.9508e-003	
13930	6.e-002	0.20349	1.0013e-002	
13931	6.e-002	0.20149	1.0075e-002	
13932	6.e-002	0.2095	9.8264e-003	
13933	6.e-002	0.2095	1.5112e-002	
13934	6.e-002	0.2095	1.335e-002	
13935	6.e-002	0.2095	1.1588e-002	
13936	6.e-002	0.2095	1.6874e-002	
13937	6.e-002	0.20275	1.1292e-002	
13938	6.e-002	0.20404	1.2476e-002	
13939	6.e-002	0.20536	1.3627e-002	
13940	6.e-002	0.20671	1.4744e-002	
13941	6.e-002	0.20809	1.5827e-002	
13942	6.e-002	0.20686	8.9077e-003	
13943	6.e-002	0.20491	8.9684e-003	
13944	6.e-002	0.20295	9.0291e-003	
13945	6.e-002	0.20882	8.8471e-003	
13946	6.e-002	0.201	9.0898e-003	
13947	6.e-002	0.201	7.4151e-003	
13948	6.e-002	0.201	5.7405e-003	
13949	6.e-002	0.201	4.0658e-003	
13950	6.e-002	0.201	2.3911e-003	
13951	6.e-002	0.20224	3.5437e-003	
13952	6.e-002	0.2035	4.6665e-003	
13953	6.e-002	0.20479	5.7589e-003	
13954	6.e-002	0.20611	6.8201e-003	
13955	6.e-002	0.20745	7.8497e-003	
13956	6.e-002	0.22673	1.9786e-002	
13957	6.e-002	0.22465	2.0801e-002	
13958	6.e-002	0.22258	2.1815e-002	
13959	6.e-002	0.2288	1.8772e-002	
13960	6.e-002	0.2205	2.283e-002	
13961	6.e-002	0.2205	2.102e-002	
13962	6.e-002	0.2205	1.9211e-002	
13963	6.e-002	0.2205	1.7401e-002	
13964	6.e-002	0.2205	1.5592e-002	
13965	6.e-002	0.22254	1.6484e-002	
13966	6.e-002	0.2246	1.7312e-002	
13967	6.e-002	0.22669	1.8074e-002	
13968	6.e-002	0.26743	2.5227e-002	
13969	6.e-002	0.26537	2.3857e-002	
13970	6.e-002	0.2633	2.2486e-002	
13971	6.e-002	0.2695	2.6598e-002	
13972	6.e-002	0.26123	2.1116e-002	
13973	6.e-002	0.26332	2.075e-002	
13974	6.e-002	0.26539	2.0321e-002	
13975	6.e-002	0.26745	1.9831e-002	
13976	6.e-002	0.2695	1.928e-002	
13977	6.e-002	0.2695	2.1109e-002	
13978	6.e-002	0.2695	2.2939e-002	
13979	6.e-002	0.2695	2.4768e-002	
13980	6.e-002	0.27742	2.1815e-002	
13981	6.e-002	0.27535	2.0801e-002	
13982	6.e-002	0.27327	1.9786e-002	
13983	6.e-002	0.2795	2.283e-002	
13984	6.e-002	0.2712	1.8772e-002	
13985	6.e-002	0.27331	1.8074e-002	
13986	6.e-002	0.2754	1.7312e-002	
13987	6.e-002	0.27746	1.6484e-002	
13988	6.e-002	0.2795	1.5592e-002	
13989	6.e-002	0.2795	1.7401e-002	
13990	6.e-002	0.2795	1.9211e-002	
13991	6.e-002	0.2795	2.102e-002	
13992	6.e-002	0.28742	1.6499e-002	
13993	6.e-002	0.28534	1.5931e-002	
13994	6.e-002	0.28326	1.5363e-002	
13995	6.e-002	0.2895	1.7067e-002	
13996	6.e-002	0.28119	1.4794e-002	
13997	6.e-002	0.28332	1.3704e-002	
13998	6.e-002	0.28542	1.2542e-002	
13999	6.e-002	0.28748	1.1309e-002	
14000	6.e-002	0.2895	1.0008e-002	
14001	6.e-002	0.2895	1.1773e-002	
14002	6.e-002	0.2895	1.3538e-002	
14003	6.e-002	0.2895	1.5302e-002	
14004	6.e-002	0.29705	9.0291e-003	
14005	6.e-002	0.29509	8.9684e-003	
14006	6.e-002	0.29314	8.9077e-003	
14007	6.e-002	0.299	9.0898e-003	
14008	6.e-002	0.29118	8.8471e-003	
14009	6.e-002	0.29255	7.8497e-003	
14010	6.e-002	0.29389	6.8201e-003	
14011	6.e-002	0.29521	5.7589e-003	
14012	6.e-002	0.2965	4.6665e-003	
14013	6.e-002	0.29776	3.5437e-003	
14014	6.e-002	0.299	2.3911e-003	
14015	6.e-002	0.299	4.0658e-003	
14016	6.e-002	0.299	5.7405e-003	
14017	6.e-002	0.299	7.4151e-003	
14018	6.e-002	0.3	2.5e-003	
14019	6.e-002	0.3	5.e-003	
14020	6.e-002	0.3	7.5e-003	
14021	6.e-002	0.3	1.e-002	
14022	6.e-002	0.3	0.	
14023	6.e-002	0.29218	6.8736e-003	
14024	6.e-002	0.2905	8.1044e-003	
14025	6.e-002	0.29383	5.5932e-003	
14026	6.e-002	0.29543	4.2645e-003	
14027	6.e-002	0.297	2.8885e-003	
14028	6.e-002	0.29852	1.4666e-003	
14029	6.e-002	0.2905	2.0261e-003	
14030	6.e-002	0.2905	4.0522e-003	
14031	6.e-002	0.2905	6.0783e-003	
14032	6.e-002	0.2905	-1.0602e-030	
14033	6.e-002	0.2895	0.	
14034	6.e-002	0.2895	6.6006e-003	
14035	6.e-002	0.2895	4.4004e-003	
14036	6.e-002	0.2895	2.2002e-003	
14037	6.e-002	0.2895	8.8008e-003	
14038	6.e-002	0.28205	1.3241e-002	
14039	6.e-002	0.2805	1.4016e-002	
14040	6.e-002	0.28358	1.2427e-002	
14041	6.e-002	0.2851	1.1576e-002	
14042	6.e-002	0.28659	1.0687e-002	
14043	6.e-002	0.28806	9.7621e-003	
14044	6.e-002	0.2805	2.336e-003	
14045	6.e-002	0.2805	4.6721e-003	
14046	6.e-002	0.2805	7.0081e-003	
14047	6.e-002	0.2805	9.3441e-003	
14048	6.e-002	0.2805	1.168e-002	
14049	6.e-002	0.2805	2.0195e-031	
14050	6.e-002	0.2795	0.	
14051	6.e-002	0.2795	1.2075e-002	
14052	6.e-002	0.2795	9.6603e-003	
14053	6.e-002	0.2795	7.2453e-003	
14054	6.e-002	0.2795	4.8302e-003	
14055	6.e-002	0.2795	2.4151e-003	
14056	6.e-002	0.2795	1.4491e-002	
14057	6.e-002	0.27279	1.7195e-002	
14058	6.e-002	0.2705	1.7941e-002	
14059	6.e-002	0.27506	1.6371e-002	
14060	6.e-002	0.2773	1.5469e-002	
14061	6.e-002	0.2705	2.2426e-003	
14062	6.e-002	0.2705	4.4853e-003	
14063	6.e-002	0.2705	6.7279e-003	
14064	6.e-002	0.2705	8.9706e-003	
14065	6.e-002	0.2705	1.1213e-002	
14066	6.e-002	0.2705	1.3456e-002	
14067	6.e-002	0.2705	1.5698e-002	
14068	6.e-002	0.2705	-6.0585e-031	
14069	6.e-002	0.2695	0.	
14070	6.e-002	0.2695	1.5959e-002	
14071	6.e-002	0.2695	1.3679e-002	
14072	6.e-002	0.2695	1.14e-002	
14073	6.e-002	0.2695	9.1196e-003	
14074	6.e-002	0.2695	6.8397e-003	
14075	6.e-002	0.2695	4.5598e-003	
14076	6.e-002	0.2695	2.2799e-003	
14077	6.e-002	0.2695	1.8239e-002	
14078	6.e-002	0.26277	1.9835e-002	
14079	6.e-002	0.2605	2.0218e-002	
14080	6.e-002	0.26503	1.9377e-002	
14081	6.e-002	0.26728	1.8845e-002	
14082	6.e-002	0.2605	2.0218e-003	
14083	6.e-002	0.2605	4.0436e-003	
14084	6.e-002	0.2605	6.0655e-003	
14085	6.e-002	0.2605	8.0873e-003	
14086	6.e-002	0.2605	1.0109e-002	
14087	6.e-002	0.2605	1.2131e-002	
14088	6.e-002	0.2605	1.4153e-002	
14089	6.e-002	0.2605	1.6175e-002	
14090	6.e-002	0.2605	1.8196e-002	
14091	6.e-002	0.2605	2.1205e-030	
14092	6.e-002	0.2595	0.	
14093	6.e-002	0.2595	1.8326e-002	
14094	6.e-002	0.2595	1.629e-002	
14095	6.e-002	0.2595	1.4254e-002	
14096	6.e-002	0.2595	1.2218e-002	
14097	6.e-002	0.2595	1.0181e-002	
14098	6.e-002	0.2595	8.145e-003	
14099	6.e-002	0.2595	6.1088e-003	
14100	6.e-002	0.2595	4.0725e-003	
14101	6.e-002	0.2595	2.0363e-003	
14102	6.e-002	0.2595	2.0363e-002	
14103	6.e-002	0.25276	2.0956e-002	
14104	6.e-002	0.2505	2.1008e-002	
14105	6.e-002	0.25501	2.0831e-002	
14106	6.e-002	0.25726	2.0633e-002	
14107	6.e-002	0.2505	2.1008e-003	
14108	6.e-002	0.2505	4.2017e-003	
14109	6.e-002	0.2505	6.3025e-003	
14110	6.e-002	0.2505	8.4034e-003	
14111	6.e-002	0.2505	1.0504e-002	
14112	6.e-002	0.2505	1.2605e-002	
14113	6.e-002	0.2505	1.4706e-002	
14114	6.e-002	0.2505	1.6807e-002	
14115	6.e-002	0.2505	1.8908e-002	
14116	6.e-002	0.2505	5.3011e-031	
14117	6.e-002	0.2495	0.	
14118	6.e-002	0.2495	1.8908e-002	
14119	6.e-002	0.2495	1.6807e-002	
14120	6.e-002	0.2495	1.4706e-002	
14121	6.e-002	0.2495	1.2605e-002	
14122	6.e-002	0.2495	1.0504e-002	
14123	6.e-002	0.2495	8.4034e-003	
14124	6.e-002	0.2495	6.3025e-003	
14125	6.e-002	0.2495	4.2017e-003	
14126	6.e-002	0.2495	2.1008e-003	
14127	6.e-002	0.2495	2.1008e-002	
14128	6.e-002	0.24274	2.0633e-002	
14129	6.e-002	0.2405	2.0363e-002	
14130	6.e-002	0.24499	2.0831e-002	
14131	6.e-002	0.24724	2.0956e-002	
14132	6.e-002	0.2405	2.0363e-003	
14133	6.e-002	0.2405	4.0725e-003	
14134	6.e-002	0.2405	6.1088e-003	
14135	6.e-002	0.2405	8.145e-003	
14136	6.e-002	0.2405	1.0181e-002	
14137	6.e-002	0.2405	1.2218e-002	
14138	6.e-002	0.2405	1.4254e-002	
14139	6.e-002	0.2405	1.629e-002	
14140	6.e-002	0.2405	1.8326e-002	
14141	6.e-002	0.2405	2.7515e-030	
14142	6.e-002	0.2395	3.4694e-018	
14143	6.e-002	0.2395	1.8196e-002	
14144	6.e-002	0.2395	1.6175e-002	
14145	6.e-002	0.2395	1.4153e-002	
14146	6.e-002	0.2395	1.2131e-002	
14147	6.e-002	0.2395	1.0109e-002	
14148	6.e-002	0.2395	8.0873e-003	
14149	6.e-002	0.2395	6.0655e-003	
14150	6.e-002	0.2395	4.0436e-003	
14151	6.e-002	0.2395	2.0218e-003	
14152	6.e-002	0.2395	2.0218e-002	
14153	6.e-002	0.23272	1.8845e-002	
14154	6.e-002	0.2305	1.8239e-002	
14155	6.e-002	0.23497	1.9377e-002	
14156	6.e-002	0.23723	1.9835e-002	
14157	6.e-002	0.2305	2.2799e-003	
14158	6.e-002	0.2305	4.5598e-003	
14159	6.e-002	0.2305	6.8397e-003	
14160	6.e-002	0.2305	9.1196e-003	
14161	6.e-002	0.2305	1.14e-002	
14162	6.e-002	0.2305	1.3679e-002	
14163	6.e-002	0.2305	1.5959e-002	
14164	6.e-002	0.2305	-2.7768e-031	
14165	6.e-002	0.2295	0.	
14166	6.e-002	0.2295	1.5698e-002	
14167	6.e-002	0.2295	1.3456e-002	
14168	6.e-002	0.2295	1.1213e-002	
14169	6.e-002	0.2295	8.9706e-003	
14170	6.e-002	0.2295	6.7279e-003	
14171	6.e-002	0.2295	4.4853e-003	
14172	6.e-002	0.2295	2.2426e-003	
14173	6.e-002	0.2295	1.7941e-002	
14174	6.e-002	0.2227	1.5469e-002	
14175	6.e-002	0.2205	1.4491e-002	
14176	6.e-002	0.22494	1.6371e-002	
14177	6.e-002	0.22721	1.7195e-002	
14178	6.e-002	0.2205	2.4151e-003	
14179	6.e-002	0.2205	4.8302e-003	
14180	6.e-002	0.2205	7.2453e-003	
14181	6.e-002	0.2205	9.6603e-003	
14182	6.e-002	0.2205	1.2075e-002	
14183	6.e-002	0.2205	0.	
14184	6.e-002	0.2195	0.	
14185	6.e-002	0.2195	1.168e-002	
14186	6.e-002	0.2195	9.3441e-003	
14187	6.e-002	0.2195	7.0081e-003	
14188	6.e-002	0.2195	4.6721e-003	
14189	6.e-002	0.2195	2.336e-003	
14190	6.e-002	0.2195	1.4016e-002	
14191	6.e-002	0.21194	9.7621e-003	
14192	6.e-002	0.2105	8.8008e-003	
14193	6.e-002	0.21341	1.0687e-002	
14194	6.e-002	0.2149	1.1576e-002	
14195	6.e-002	0.21642	1.2427e-002	
14196	6.e-002	0.21795	1.3241e-002	
14197	6.e-002	0.2105	2.2002e-003	
14198	6.e-002	0.2105	4.4004e-003	
14199	6.e-002	0.2105	6.6006e-003	
14200	6.e-002	0.2105	0.	
14201	6.e-002	0.2095	0.	
14202	6.e-002	0.2095	6.0783e-003	
14203	6.e-002	0.2095	4.0522e-003	
14204	6.e-002	0.2095	2.0261e-003	
14205	6.e-002	0.2095	8.1044e-003	
14206	6.e-002	0.20148	1.4666e-003	
14207	6.e-002	0.2	0.	
14208	6.e-002	0.203	2.8885e-003	
14209	6.e-002	0.20457	4.2645e-003	
14210	6.e-002	0.20617	5.5932e-003	
14211	6.e-002	0.20782	6.8736e-003	
14212	6.e-002	0.2	7.5e-003	
14213	6.e-002	0.2	5.e-003	
14214	6.e-002	0.2	2.5e-003	
14215	6.e-002	0.2	1.e-002	
14216	6.e-002	0.29831	1.1664e-002	
14217	6.e-002	0.29657	1.3271e-002	
14218	6.e-002	0.29478	1.4817e-002	
14219	6.e-002	0.29293	1.6302e-002	
14220	6.e-002	0.29103	1.7723e-002	
14221	6.e-002	0.28909	1.908e-002	
14222	6.e-002	0.2871	2.037e-002	
14223	6.e-002	0.28507	2.1591e-002	
14224	6.e-002	0.283	2.2744e-002	
14225	6.e-002	0.28089	2.3825e-002	
14226	6.e-002	0.27875	2.4835e-002	
14227	6.e-002	0.27657	2.5771e-002	
14228	6.e-002	0.27436	2.6634e-002	
14229	6.e-002	0.27213	2.7421e-002	
14230	6.e-002	0.26987	2.8132e-002	
14231	6.e-002	0.26758	2.8766e-002	
14232	6.e-002	0.26528	2.9322e-002	
14233	6.e-002	0.26296	2.98e-002	
14234	6.e-002	0.26062	3.0199e-002	
14235	6.e-002	0.25828	3.0519e-002	
14236	6.e-002	0.25592	3.076e-002	
14237	6.e-002	0.25355	3.092e-002	
14238	6.e-002	0.25118	3.1e-002	
14239	6.e-002	0.24882	3.1e-002	
14240	6.e-002	0.24645	3.092e-002	
14241	6.e-002	0.24408	3.076e-002	
14242	6.e-002	0.24172	3.0519e-002	
14243	6.e-002	0.23938	3.0199e-002	
14244	6.e-002	0.23704	2.98e-002	
14245	6.e-002	0.23472	2.9322e-002	
14246	6.e-002	0.23242	2.8766e-002	
14247	6.e-002	0.23013	2.8132e-002	
14248	6.e-002	0.22787	2.7421e-002	
14249	6.e-002	0.22564	2.6634e-002	
14250	6.e-002	0.22343	2.5771e-002	
14251	6.e-002	0.22125	2.4835e-002	
14252	6.e-002	0.21911	2.3825e-002	
14253	6.e-002	0.217	2.2744e-002	
14254	6.e-002	0.21493	2.1591e-002	
14255	6.e-002	0.2129	2.037e-002	
14256	6.e-002	0.21091	1.908e-002	
14257	6.e-002	0.20897	1.7723e-002	
14258	6.e-002	0.20707	1.6302e-002	
14259	6.e-002	0.20522	1.4817e-002	
14260	6.e-002	0.20343	1.3271e-002	
14261	6.e-002	0.20169	1.1664e-002	
14262	6.e-002	0.29191	1.5827e-002	
14263	6.e-002	0.2905	1.6874e-002	
14264	6.e-002	0.29329	1.4744e-002	
14265	6.e-002	0.29464	1.3627e-002	
14266	6.e-002	0.29596	1.2476e-002	
14267	6.e-002	0.29725	1.1292e-002	
14268	6.e-002	0.29851	1.0075e-002	
14269	6.e-002	0.29651	1.0013e-002	
14270	6.e-002	0.29451	9.9508e-003	
14271	6.e-002	0.2925	9.8886e-003	
14272	6.e-002	0.2905	9.8264e-003	
14273	6.e-002	0.2805	1.7459e-002	
14274	6.e-002	0.2805	1.9273e-002	
14275	6.e-002	0.2805	2.1088e-002	
14276	6.e-002	0.2805	2.2903e-002	
14277	6.e-002	0.2805	1.5644e-002	
14278	6.e-002	0.28685	1.7379e-002	
14279	6.e-002	0.28473	1.68e-002	
14280	6.e-002	0.28262	1.6222e-002	
14281	6.e-002	0.28896	1.7957e-002	
14282	6.e-002	0.28268	2.178e-002	
14283	6.e-002	0.28482	2.0581e-002	
14284	6.e-002	0.28691	1.9305e-002	
14285	6.e-002	0.2705	2.1381e-002	
14286	6.e-002	0.2705	2.3219e-002	
14287	6.e-002	0.2705	2.5057e-002	
14288	6.e-002	0.2705	2.6895e-002	
14289	6.e-002	0.2705	1.9543e-002	
14290	6.e-002	0.27681	2.2629e-002	
14291	6.e-002	0.27471	2.16e-002	
14292	6.e-002	0.2726	2.0572e-002	
14293	6.e-002	0.27892	2.3658e-002	
14294	6.e-002	0.27264	2.6189e-002	
14295	6.e-002	0.27476	2.5414e-002	
14296	6.e-002	0.27685	2.457e-002	
14297	6.e-002	0.2605	2.3674e-002	
14298	6.e-002	0.2605	2.5518e-002	
14299	6.e-002	0.2605	2.7362e-002	
14300	6.e-002	0.2605	2.9207e-002	
14301	6.e-002	0.2605	2.1829e-002	
14302	6.e-002	0.26748	2.6455e-002	
14303	6.e-002	0.26608	2.553e-002	
14304	6.e-002	0.26469	2.4605e-002	
14305	6.e-002	0.26329	2.368e-002	
14306	6.e-002	0.2619	2.2754e-002	
14307	6.e-002	0.26887	2.738e-002	
14308	6.e-002	0.26261	2.8848e-002	
14309	6.e-002	0.26471	2.8423e-002	
14310	6.e-002	0.2668	2.7934e-002	
14311	6.e-002	0.25812	2.3387e-002	
14312	6.e-002	0.25674	2.471e-002	
14313	6.e-002	0.25537	2.6032e-002	
14314	6.e-002	0.25399	2.7354e-002	
14315	6.e-002	0.25261	2.8677e-002	
14316	6.e-002	0.25123	2.9999e-002	
14317	6.e-002	0.2595	2.2065e-002	
14318	6.e-002	0.2595	2.7531e-002	
14319	6.e-002	0.2595	2.5709e-002	
14320	6.e-002	0.2595	2.3887e-002	
14321	6.e-002	0.2595	2.9353e-002	
14322	6.e-002	0.25331	2.9931e-002	
14323	6.e-002	0.25538	2.98e-002	
14324	6.e-002	0.25744	2.9608e-002	
14325	6.e-002	0.2505	2.3836e-002	
14326	6.e-002	0.2505	2.5663e-002	
14327	6.e-002	0.2505	2.749e-002	
14328	6.e-002	0.2505	2.9317e-002	
14329	6.e-002	0.2505	2.2008e-002	
14330	6.e-002	0.25663	2.17e-002	
14331	6.e-002	0.25867	2.1479e-002	
14332	6.e-002	0.25459	2.1862e-002	
14333	6.e-002	0.25255	2.1965e-002	
14334	6.e-002	0.25186	2.8011e-002	
14335	6.e-002	0.25322	2.6705e-002	
14336	6.e-002	0.25458	2.5398e-002	
14337	6.e-002	0.25594	2.4092e-002	
14338	6.e-002	0.2573	2.2786e-002	
14339	6.e-002	0.2905	1.1588e-002	
14340	6.e-002	0.2905	1.335e-002	
14341	6.e-002	0.2905	1.5112e-002	
14342	6.e-002	0.24811	2.3786e-002	
14343	6.e-002	0.24673	2.4917e-002	
14344	6.e-002	0.24534	2.6049e-002	
14345	6.e-002	0.24395	2.7181e-002	
14346	6.e-002	0.24257	2.8312e-002	
14347	5.7286e-002	9.75e-002	-4.7e-002	
14348	5.7286e-002	9.75e-002	-4.2e-002	
14349	5.7286e-002	9.75e-002	-3.7e-002	
14350	5.7286e-002	9.75e-002	-3.2e-002	
14351	5.7286e-002	9.75e-002	-2.7e-002	
14352	5.7286e-002	9.75e-002	-2.2e-002	
14353	5.7286e-002	9.75e-002	-1.7e-002	
14354	5.7286e-002	9.75e-002	-1.2e-002	
14355	5.7286e-002	9.75e-002	-7.e-003	
14356	5.2571e-002	9.75e-002	-4.7e-002	
14357	5.2571e-002	9.75e-002	-4.2e-002	
14358	5.2571e-002	9.75e-002	-3.7e-002	
14359	5.2571e-002	9.75e-002	-3.2e-002	
14360	5.2571e-002	9.75e-002	-2.7e-002	
14361	5.2571e-002	9.75e-002	-2.2e-002	
14362	5.2571e-002	9.75e-002	-1.7e-002	
14363	5.2571e-002	9.75e-002	-1.2e-002	
14364	5.2571e-002	9.75e-002	-7.e-003	
14365	4.7857e-002	9.75e-002	-4.7e-002	
14366	4.7857e-002	9.75e-002	-4.2e-002	
14367	4.7857e-002	9.75e-002	-3.7e-002	
14368	4.7857e-002	9.75e-002	-3.2e-002	
14369	4.7857e-002	9.75e-002	-2.7e-002	
14370	4.7857e-002	9.75e-002	-2.2e-002	
14371	4.7857e-002	9.75e-002	-1.7e-002	
14372	4.7857e-002	9.75e-002	-1.2e-002	
14373	4.7857e-002	9.75e-002	-7.e-003	
14374	4.3143e-002	9.75e-002	-4.7e-002	
14375	4.3143e-002	9.75e-002	-4.2e-002	
14376	4.3143e-002	9.75e-002	-3.7e-002	
14377	4.3143e-002	9.75e-002	-3.2e-002	
14378	4.3143e-002	9.75e-002	-2.7e-002	
14379	4.3143e-002	9.75e-002	-2.2e-002	
14380	4.3143e-002	9.75e-002	-1.7e-002	
14381	4.3143e-002	9.75e-002	-1.2e-002	
14382	4.3143e-002	9.75e-002	-7.e-003	
14383	3.8429e-002	9.75e-002	-4.7e-002	
14384	3.8429e-002	9.75e-002	-4.2e-002	
14385	3.8429e-002	9.75e-002	-3.7e-002	
14386	3.8429e-002	9.75e-002	-3.2e-002	
14387	3.8429e-002	9.75e-002	-2.7e-002	
14388	3.8429e-002	9.75e-002	-2.2e-002	
14389	3.8429e-002	9.75e-002	-1.7e-002	
14390	3.8429e-002	9.75e-002	-1.2e-002	
14391	3.8429e-002	9.75e-002	-7.e-003	
14392	3.3714e-002	9.75e-002	-4.7e-002	
14393	3.3714e-002	9.75e-002	-4.2e-002	
14394	3.3714e-002	9.75e-002	-3.7e-002	
14395	3.3714e-002	9.75e-002	-3.2e-002	
14396	3.3714e-002	9.75e-002	-2.7e-002	
14397	3.3714e-002	9.75e-002	-2.2e-002	
14398	3.3714e-002	9.75e-002	-1.7e-002	
14399	3.3714e-002	9.75e-002	-1.2e-002	
14400	3.3714e-002	9.75e-002	-7.e-003	
14401	2.9e-002	9.75e-002	-4.7e-002	
14402	2.9e-002	9.75e-002	-4.2e-002	
14403	2.9e-002	9.75e-002	-3.7e-002	
14404	2.9e-002	9.75e-002	-3.2e-002	
14405	2.9e-002	9.75e-002	-2.7e-002	
14406	2.9e-002	9.75e-002	-2.2e-002	
14407	2.9e-002	9.75e-002	-1.7e-002	
14408	2.9e-002	9.75e-002	-1.2e-002	
14409	2.9e-002	9.75e-002	-7.e-003	
14410	2.4286e-002	9.75e-002	-4.7e-002	
14411	2.4286e-002	9.75e-002	-4.2e-002	
14412	2.4286e-002	9.75e-002	-3.7e-002	
14413	2.4286e-002	9.75e-002	-3.2e-002	
14414	2.4286e-002	9.75e-002	-2.7e-002	
14415	2.4286e-002	9.75e-002	-2.2e-002	
14416	2.4286e-002	9.75e-002	-1.7e-002	
14417	2.4286e-002	9.75e-002	-1.2e-002	
14418	2.4286e-002	9.75e-002	-7.e-003	
14419	1.9571e-002	9.75e-002	-4.7e-002	
14420	1.9571e-002	9.75e-002	-4.2e-002	
14421	1.9571e-002	9.75e-002	-3.7e-002	
14422	1.9571e-002	9.75e-002	-3.2e-002	
14423	1.9571e-002	9.75e-002	-2.7e-002	
14424	1.9571e-002	9.75e-002	-2.2e-002	
14425	1.9571e-002	9.75e-002	-1.7e-002	
14426	1.9571e-002	9.75e-002	-1.2e-002	
14427	1.9571e-002	9.75e-002	-7.e-003	
14428	1.4857e-002	9.75e-002	-4.7e-002	
14429	1.4857e-002	9.75e-002	-4.2e-002	
14430	1.4857e-002	9.75e-002	-3.7e-002	
14431	1.4857e-002	9.75e-002	-3.2e-002	
14432	1.4857e-002	9.75e-002	-2.7e-002	
14433	1.4857e-002	9.75e-002	-2.2e-002	
14434	1.4857e-002	9.75e-002	-1.7e-002	
14435	1.4857e-002	9.75e-002	-1.2e-002	
14436	1.4857e-002	9.75e-002	-7.e-003	
14437	1.0143e-002	9.75e-002	-4.7e-002	
14438	1.0143e-002	9.75e-002	-4.2e-002	
14439	1.0143e-002	9.75e-002	-3.7e-002	
14440	1.0143e-002	9.75e-002	-3.2e-002	
14441	1.0143e-002	9.75e-002	-2.7e-002	
14442	1.0143e-002	9.75e-002	-2.2e-002	
14443	1.0143e-002	9.75e-002	-1.7e-002	
14444	1.0143e-002	9.75e-002	-1.2e-002	
14445	1.0143e-002	9.75e-002	-7.e-003	
14446	5.4286e-003	9.75e-002	-4.7e-002	
14447	5.4286e-003	9.75e-002	-4.2e-002	
14448	5.4286e-003	9.75e-002	-3.7e-002	
14449	5.4286e-003	9.75e-002	-3.2e-002	
14450	5.4286e-003	9.75e-002	-2.7e-002	
14451	5.4286e-003	9.75e-002	-2.2e-002	
14452	5.4286e-003	9.75e-002	-1.7e-002	
14453	5.4286e-003	9.75e-002	-1.2e-002	
14454	5.4286e-003	9.75e-002	-7.e-003	
14455	7.1429e-004	9.75e-002	-4.7e-002	
14456	7.1429e-004	9.75e-002	-4.2e-002	
14457	7.1429e-004	9.75e-002	-3.7e-002	
14458	7.1429e-004	9.75e-002	-3.2e-002	
14459	7.1429e-004	9.75e-002	-2.7e-002	
14460	7.1429e-004	9.75e-002	-2.2e-002	
14461	7.1429e-004	9.75e-002	-1.7e-002	
14462	7.1429e-004	9.75e-002	-1.2e-002	
14463	7.1429e-004	9.75e-002	-7.e-003	
14464	7.1429e-004	0.1015	-7.e-003	
14465	7.1429e-004	0.1015	-1.2e-002	
14466	7.1429e-004	0.1015	-1.7e-002	
14467	7.1429e-004	0.1015	-2.2e-002	
14468	7.1429e-004	0.1015	-2.7e-002	
14469	7.1429e-004	0.1015	-3.2e-002	
14470	7.1429e-004	0.1015	-3.7e-002	
14471	7.1429e-004	0.1015	-4.2e-002	
14472	7.1429e-004	0.1015	-4.7e-002	
14473	5.4286e-003	0.1015	-7.e-003	
14474	5.4286e-003	0.1015	-1.2e-002	
14475	5.4286e-003	0.1015	-1.7e-002	
14476	5.4286e-003	0.1015	-2.2e-002	
14477	5.4286e-003	0.1015	-2.7e-002	
14478	5.4286e-003	0.1015	-3.2e-002	
14479	5.4286e-003	0.1015	-3.7e-002	
14480	5.4286e-003	0.1015	-4.2e-002	
14481	5.4286e-003	0.1015	-4.7e-002	
14482	1.0143e-002	0.1015	-7.e-003	
14483	1.0143e-002	0.1015	-1.2e-002	
14484	1.0143e-002	0.1015	-1.7e-002	
14485	1.0143e-002	0.1015	-2.2e-002	
14486	1.0143e-002	0.1015	-2.7e-002	
14487	1.0143e-002	0.1015	-3.2e-002	
14488	1.0143e-002	0.1015	-3.7e-002	
14489	1.0143e-002	0.1015	-4.2e-002	
14490	1.0143e-002	0.1015	-4.7e-002	
14491	1.4857e-002	0.1015	-7.e-003	
14492	1.4857e-002	0.1015	-1.2e-002	
14493	1.4857e-002	0.1015	-1.7e-002	
14494	1.4857e-002	0.1015	-2.2e-002	
14495	1.4857e-002	0.1015	-2.7e-002	
14496	1.4857e-002	0.1015	-3.2e-002	
14497	1.4857e-002	0.1015	-3.7e-002	
14498	1.4857e-002	0.1015	-4.2e-002	
14499	1.4857e-002	0.1015	-4.7e-002	
14500	1.9571e-002	0.1015	-7.e-003	
14501	1.9571e-002	0.1015	-1.2e-002	
14502	1.9571e-002	0.1015	-1.7e-002	
14503	1.9571e-002	0.1015	-2.2e-002	
14504	1.9571e-002	0.1015	-2.7e-002	
14505	1.9571e-002	0.1015	-3.2e-002	
14506	1.9571e-002	0.1015	-3.7e-002	
14507	1.9571e-002	0.1015	-4.2e-002	
14508	1.9571e-002	0.1015	-4.7e-002	
14509	2.4286e-002	0.1015	-7.e-003	
14510	2.4286e-002	0.1015	-1.2e-002	
14511	2.4286e-002	0.1015	-1.7e-002	
14512	2.4286e-002	0.1015	-2.2e-002	
14513	2.4286e-002	0.1015	-2.7e-002	
14514	2.4286e-002	0.1015	-3.2e-002	
14515	2.4286e-002	0.1015	-3.7e-002	
14516	2.4286e-002	0.1015	-4.2e-002	
14517	2.4286e-002	0.1015	-4.7e-002	
14518	2.9e-002	0.1015	-7.e-003	
14519	2.9e-002	0.1015	-1.2e-002	
14520	2.9e-002	0.1015	-1.7e-002	
14521	2.9e-002	0.1015	-2.2e-002	
14522	2.9e-002	0.1015	-2.7e-002	
14523	2.9e-002	0.1015	-3.2e-002	
14524	2.9e-002	0.1015	-3.7e-002	
14525	2.9e-002	0.1015	-4.2e-002	
14526	2.9e-002	0.1015	-4.7e-002	
14527	3.3714e-002	0.1015	-7.e-003	
14528	3.3714e-002	0.1015	-1.2e-002	
14529	3.3714e-002	0.1015	-1.7e-002	
14530	3.3714e-002	0.1015	-2.2e-002	
14531	3.3714e-002	0.1015	-2.7e-002	
14532	3.3714e-002	0.1015	-3.2e-002	
14533	3.3714e-002	0.1015	-3.7e-002	
14534	3.3714e-002	0.1015	-4.2e-002	
14535	3.3714e-002	0.1015	-4.7e-002	
14536	3.8429e-002	0.1015	-7.e-003	
14537	3.8429e-002	0.1015	-1.2e-002	
14538	3.8429e-002	0.1015	-1.7e-002	
14539	3.8429e-002	0.1015	-2.2e-002	
14540	3.8429e-002	0.1015	-2.7e-002	
14541	3.8429e-002	0.1015	-3.2e-002	
14542	3.8429e-002	0.1015	-3.7e-002	
14543	3.8429e-002	0.1015	-4.2e-002	
14544	3.8429e-002	0.1015	-4.7e-002	
14545	4.3143e-002	0.1015	-7.e-003	
14546	4.3143e-002	0.1015	-1.2e-002	
14547	4.3143e-002	0.1015	-1.7e-002	
14548	4.3143e-002	0.1015	-2.2e-002	
14549	4.3143e-002	0.1015	-2.7e-002	
14550	4.3143e-002	0.1015	-3.2e-002	
14551	4.3143e-002	0.1015	-3.7e-002	
14552	4.3143e-002	0.1015	-4.2e-002	
14553	4.3143e-002	0.1015	-4.7e-002	
14554	4.7857e-002	0.1015	-7.e-003	
14555	4.7857e-002	0.1015	-1.2e-002	
14556	4.7857e-002	0.1015	-1.7e-002	
14557	4.7857e-002	0.1015	-2.2e-002	
14558	4.7857e-002	0.1015	-2.7e-002	
14559	4.7857e-002	0.1015	-3.2e-002	
14560	4.7857e-002	0.1015	-3.7e-002	
14561	4.7857e-002	0.1015	-4.2e-002	
14562	4.7857e-002	0.1015	-4.7e-002	
14563	5.2571e-002	0.1015	-7.e-003	
14564	5.2571e-002	0.1015	-1.2e-002	
14565	5.2571e-002	0.1015	-1.7e-002	
14566	5.2571e-002	0.1015	-2.2e-002	
14567	5.2571e-002	0.1015	-2.7e-002	
14568	5.2571e-002	0.1015	-3.2e-002	
14569	5.2571e-002	0.1015	-3.7e-002	
14570	5.2571e-002	0.1015	-4.2e-002	
14571	5.2571e-002	0.1015	-4.7e-002	
14572	5.7286e-002	0.1015	-7.e-003	
14573	5.7286e-002	0.1015	-1.2e-002	
14574	5.7286e-002	0.1015	-1.7e-002	
14575	5.7286e-002	0.1015	-2.2e-002	
14576	5.7286e-002	0.1015	-2.7e-002	
14577	5.7286e-002	0.1015	-3.2e-002	
14578	5.7286e-002	0.1015	-3.7e-002	
14579	5.7286e-002	0.1015	-4.2e-002	
14580	5.7286e-002	0.1015	-4.7e-002	
14581	5.7286e-002	0.1015	-5.2e-002	
14582	5.2571e-002	0.1015	-5.2e-002	
14583	4.7857e-002	0.1015	-5.2e-002	
14584	4.3143e-002	0.1015	-5.2e-002	
14585	3.8429e-002	0.1015	-5.2e-002	
14586	3.3714e-002	0.1015	-5.2e-002	
14587	2.9e-002	0.1015	-5.2e-002	
14588	2.4286e-002	0.1015	-5.2e-002	
14589	1.9571e-002	0.1015	-5.2e-002	
14590	1.4857e-002	0.1015	-5.2e-002	
14591	1.0143e-002	0.1015	-5.2e-002	
14592	5.4286e-003	0.1015	-5.2e-002	
14593	7.1429e-004	0.1015	-5.2e-002	
14594	5.7286e-002	0.1015	-2.e-003	
14595	5.2571e-002	0.1015	-2.e-003	
14596	4.7857e-002	0.1015	-2.e-003	
14597	4.3143e-002	0.1015	-2.e-003	
14598	3.8429e-002	0.1015	-2.e-003	
14599	3.3714e-002	0.1015	-2.e-003	
14600	2.9e-002	0.1015	-2.e-003	
14601	2.4286e-002	0.1015	-2.e-003	
14602	1.9571e-002	0.1015	-2.e-003	
14603	1.4857e-002	0.1015	-2.e-003	
14604	1.0143e-002	0.1015	-2.e-003	
14605	5.4286e-003	0.1015	-2.e-003	
14606	7.1429e-004	0.1015	-2.e-003	
14607	6.2e-002	0.1015	-2.e-003	
14608	6.2e-002	0.1015	-7.e-003	
14609	6.2e-002	0.1015	-1.2e-002	
14610	6.2e-002	0.1015	-1.7e-002	
14611	6.2e-002	0.1015	-2.2e-002	
14612	6.2e-002	0.1015	-2.7e-002	
14613	6.2e-002	0.1015	-3.2e-002	
14614	6.2e-002	0.1015	-3.7e-002	
14615	6.2e-002	0.1015	-4.2e-002	
14616	6.2e-002	0.1015	-4.7e-002	
14617	6.2e-002	0.1015	-5.2e-002	
14618	-4.e-003	0.1015	-2.e-003	
14619	-4.e-003	0.1015	-7.e-003	
14620	-4.e-003	0.1015	-1.2e-002	
14621	-4.e-003	0.1015	-1.7e-002	
14622	-4.e-003	0.1015	-2.2e-002	
14623	-4.e-003	0.1015	-2.7e-002	
14624	-4.e-003	0.1015	-3.2e-002	
14625	-4.e-003	0.1015	-3.7e-002	
14626	-4.e-003	0.1015	-4.2e-002	
14627	-4.e-003	0.1015	-4.7e-002	
14628	-4.e-003	0.1015	-5.2e-002	
14629	-4.e-003	9.75e-002	-4.7e-002	
14630	-4.e-003	9.75e-002	-4.2e-002	
14631	-4.e-003	9.75e-002	-3.7e-002	
14632	-4.e-003	9.75e-002	-3.2e-002	
14633	-4.e-003	9.75e-002	-2.7e-002	
14634	-4.e-003	9.75e-002	-2.2e-002	
14635	-4.e-003	9.75e-002	-1.7e-002	
14636	-4.e-003	9.75e-002	-1.2e-002	
14637	-4.e-003	9.75e-002	-7.e-003	
14638	-4.e-003	9.75e-002	-5.2e-002	
14639	-4.e-003	9.75e-002	-2.e-003	
14640	6.2e-002	9.75e-002	-4.7e-002	
14641	6.2e-002	9.75e-002	-4.2e-002	
14642	6.2e-002	9.75e-002	-3.7e-002	
14643	6.2e-002	9.75e-002	-3.2e-002	
14644	6.2e-002	9.75e-002	-2.7e-002	
14645	6.2e-002	9.75e-002	-2.2e-002	
14646	6.2e-002	9.75e-002	-1.7e-002	
14647	6.2e-002	9.75e-002	-1.2e-002	
14648	6.2e-002	9.75e-002	-7.e-003	
14649	6.2e-002	9.75e-002	-5.2e-002	
14650	6.2e-002	9.75e-002	-2.e-003	
14651	5.7286e-002	9.75e-002	-2.e-003	
14652	5.2571e-002	9.75e-002	-2.e-003	
14653	4.7857e-002	9.75e-002	-2.e-003	
14654	4.3143e-002	9.75e-002	-2.e-003	
14655	3.8429e-002	9.75e-002	-2.e-003	
14656	3.3714e-002	9.75e-002	-2.e-003	
14657	2.9e-002	9.75e-002	-2.e-003	
14658	2.4286e-002	9.75e-002	-2.e-003	
14659	1.9571e-002	9.75e-002	-2.e-003	
14660	1.4857e-002	9.75e-002	-2.e-003	
14661	1.0143e-002	9.75e-002	-2.e-003	
14662	5.4286e-003	9.75e-002	-2.e-003	
14663	7.1429e-004	9.75e-002	-2.e-003	
14664	5.7286e-002	9.75e-002	-5.2e-002	
14665	5.2571e-002	9.75e-002	-5.2e-002	
14666	4.7857e-002	9.75e-002	-5.2e-002	
14667	4.3143e-002	9.75e-002	-5.2e-002	
14668	3.8429e-002	9.75e-002	-5.2e-002	
14669	3.3714e-002	9.75e-002	-5.2e-002	
14670	2.9e-002	9.75e-002	-5.2e-002	
14671	2.4286e-002	9.75e-002	-5.2e-002	
14672	1.9571e-002	9.75e-002	-5.2e-002	
14673	1.4857e-002	9.75e-002	-5.2e-002	
14674	1.0143e-002	9.75e-002	-5.2e-002	
14675	5.4286e-003	9.75e-002	-5.2e-002	
14676	7.1429e-004	9.75e-002	-5.2e-002	
14677	7.1429e-004	0.1985	-7.e-003	
14678	7.1429e-004	0.1985	-1.2e-002	
14679	7.1429e-004	0.1985	-1.7e-002	
14680	7.1429e-004	0.1985	-2.2e-002	
14681	7.1429e-004	0.1985	-2.7e-002	
14682	7.1429e-004	0.1985	-3.2e-002	
14683	7.1429e-004	0.1985	-3.7e-002	
14684	7.1429e-004	0.1985	-4.2e-002	
14685	7.1429e-004	0.1985	-4.7e-002	
14686	5.4286e-003	0.1985	-7.e-003	
14687	5.4286e-003	0.1985	-1.2e-002	
14688	5.4286e-003	0.1985	-1.7e-002	
14689	5.4286e-003	0.1985	-2.2e-002	
14690	5.4286e-003	0.1985	-2.7e-002	
14691	5.4286e-003	0.1985	-3.2e-002	
14692	5.4286e-003	0.1985	-3.7e-002	
14693	5.4286e-003	0.1985	-4.2e-002	
14694	5.4286e-003	0.1985	-4.7e-002	
14695	1.0143e-002	0.1985	-7.e-003	
14696	1.0143e-002	0.1985	-1.2e-002	
14697	1.0143e-002	0.1985	-1.7e-002	
14698	1.0143e-002	0.1985	-2.2e-002	
14699	1.0143e-002	0.1985	-2.7e-002	
14700	1.0143e-002	0.1985	-3.2e-002	
14701	1.0143e-002	0.1985	-3.7e-002	
14702	1.0143e-002	0.1985	-4.2e-002	
14703	1.0143e-002	0.1985	-4.7e-002	
14704	1.4857e-002	0.1985	-7.e-003	
14705	1.4857e-002	0.1985	-1.2e-002	
14706	1.4857e-002	0.1985	-1.7e-002	
14707	1.4857e-002	0.1985	-2.2e-002	
14708	1.4857e-002	0.1985	-2.7e-002	
14709	1.4857e-002	0.1985	-3.2e-002	
14710	1.4857e-002	0.1985	-3.7e-002	
14711	1.4857e-002	0.1985	-4.2e-002	
14712	1.4857e-002	0.1985	-4.7e-002	
14713	1.9571e-002	0.1985	-7.e-003	
14714	1.9571e-002	0.1985	-1.2e-002	
14715	1.9571e-002	0.1985	-1.7e-002	
14716	1.9571e-002	0.1985	-2.2e-002	
14717	1.9571e-002	0.1985	-2.7e-002	
14718	1.9571e-002	0.1985	-3.2e-002	
14719	1.9571e-002	0.1985	-3.7e-002	
14720	1.9571e-002	0.1985	-4.2e-002	
14721	1.9571e-002	0.1985	-4.7e-002	
14722	2.4286e-002	0.1985	-7.e-003	
14723	2.4286e-002	0.1985	-1.2e-002	
14724	2.4286e-002	0.1985	-1.7e-002	
14725	2.4286e-002	0.1985	-2.2e-002	
14726	2.4286e-002	0.1985	-2.7e-002	
14727	2.4286e-002	0.1985	-3.2e-002	
14728	2.4286e-002	0.1985	-3.7e-002	
14729	2.4286e-002	0.1985	-4.2e-002	
14730	2.4286e-002	0.1985	-4.7e-002	
14731	2.9e-002	0.1985	-7.e-003	
14732	2.9e-002	0.1985	-1.2e-002	
14733	2.9e-002	0.1985	-1.7e-002	
14734	2.9e-002	0.1985	-2.2e-002	
14735	2.9e-002	0.1985	-2.7e-002	
14736	2.9e-002	0.1985	-3.2e-002	
14737	2.9e-002	0.1985	-3.7e-002	
14738	2.9e-002	0.1985	-4.2e-002	
14739	2.9e-002	0.1985	-4.7e-002	
14740	3.3714e-002	0.1985	-7.e-003	
14741	3.3714e-002	0.1985	-1.2e-002	
14742	3.3714e-002	0.1985	-1.7e-002	
14743	3.3714e-002	0.1985	-2.2e-002	
14744	3.3714e-002	0.1985	-2.7e-002	
14745	3.3714e-002	0.1985	-3.2e-002	
14746	3.3714e-002	0.1985	-3.7e-002	
14747	3.3714e-002	0.1985	-4.2e-002	
14748	3.3714e-002	0.1985	-4.7e-002	
14749	3.8429e-002	0.1985	-7.e-003	
14750	3.8429e-002	0.1985	-1.2e-002	
14751	3.8429e-002	0.1985	-1.7e-002	
14752	3.8429e-002	0.1985	-2.2e-002	
14753	3.8429e-002	0.1985	-2.7e-002	
14754	3.8429e-002	0.1985	-3.2e-002	
14755	3.8429e-002	0.1985	-3.7e-002	
14756	3.8429e-002	0.1985	-4.2e-002	
14757	3.8429e-002	0.1985	-4.7e-002	
14758	4.3143e-002	0.1985	-7.e-003	
14759	4.3143e-002	0.1985	-1.2e-002	
14760	4.3143e-002	0.1985	-1.7e-002	
14761	4.3143e-002	0.1985	-2.2e-002	
14762	4.3143e-002	0.1985	-2.7e-002	
14763	4.3143e-002	0.1985	-3.2e-002	
14764	4.3143e-002	0.1985	-3.7e-002	
14765	4.3143e-002	0.1985	-4.2e-002	
14766	4.3143e-002	0.1985	-4.7e-002	
14767	4.7857e-002	0.1985	-7.e-003	
14768	4.7857e-002	0.1985	-1.2e-002	
14769	4.7857e-002	0.1985	-1.7e-002	
14770	4.7857e-002	0.1985	-2.2e-002	
14771	4.7857e-002	0.1985	-2.7e-002	
14772	4.7857e-002	0.1985	-3.2e-002	
14773	4.7857e-002	0.1985	-3.7e-002	
14774	4.7857e-002	0.1985	-4.2e-002	
14775	4.7857e-002	0.1985	-4.7e-002	
14776	5.2571e-002	0.1985	-7.e-003	
14777	5.2571e-002	0.1985	-1.2e-002	
14778	5.2571e-002	0.1985	-1.7e-002	
14779	5.2571e-002	0.1985	-2.2e-002	
14780	5.2571e-002	0.1985	-2.7e-002	
14781	5.2571e-002	0.1985	-3.2e-002	
14782	5.2571e-002	0.1985	-3.7e-002	
14783	5.2571e-002	0.1985	-4.2e-002	
14784	5.2571e-002	0.1985	-4.7e-002	
14785	5.7286e-002	0.1985	-7.e-003	
14786	5.7286e-002	0.1985	-1.2e-002	
14787	5.7286e-002	0.1985	-1.7e-002	
14788	5.7286e-002	0.1985	-2.2e-002	
14789	5.7286e-002	0.1985	-2.7e-002	
14790	5.7286e-002	0.1985	-3.2e-002	
14791	5.7286e-002	0.1985	-3.7e-002	
14792	5.7286e-002	0.1985	-4.2e-002	
14793	5.7286e-002	0.1985	-4.7e-002	
14794	5.7286e-002	0.2025	-4.7e-002	
14795	5.7286e-002	0.2025	-4.2e-002	
14796	5.7286e-002	0.2025	-3.7e-002	
14797	5.7286e-002	0.2025	-3.2e-002	
14798	5.7286e-002	0.2025	-2.7e-002	
14799	5.7286e-002	0.2025	-2.2e-002	
14800	5.7286e-002	0.2025	-1.7e-002	
14801	5.7286e-002	0.2025	-1.2e-002	
14802	5.7286e-002	0.2025	-7.e-003	
14803	5.2571e-002	0.2025	-4.7e-002	
14804	5.2571e-002	0.2025	-4.2e-002	
14805	5.2571e-002	0.2025	-3.7e-002	
14806	5.2571e-002	0.2025	-3.2e-002	
14807	5.2571e-002	0.2025	-2.7e-002	
14808	5.2571e-002	0.2025	-2.2e-002	
14809	5.2571e-002	0.2025	-1.7e-002	
14810	5.2571e-002	0.2025	-1.2e-002	
14811	5.2571e-002	0.2025	-7.e-003	
14812	4.7857e-002	0.2025	-4.7e-002	
14813	4.7857e-002	0.2025	-4.2e-002	
14814	4.7857e-002	0.2025	-3.7e-002	
14815	4.7857e-002	0.2025	-3.2e-002	
14816	4.7857e-002	0.2025	-2.7e-002	
14817	4.7857e-002	0.2025	-2.2e-002	
14818	4.7857e-002	0.2025	-1.7e-002	
14819	4.7857e-002	0.2025	-1.2e-002	
14820	4.7857e-002	0.2025	-7.e-003	
14821	4.3143e-002	0.2025	-4.7e-002	
14822	4.3143e-002	0.2025	-4.2e-002	
14823	4.3143e-002	0.2025	-3.7e-002	
14824	4.3143e-002	0.2025	-3.2e-002	
14825	4.3143e-002	0.2025	-2.7e-002	
14826	4.3143e-002	0.2025	-2.2e-002	
14827	4.3143e-002	0.2025	-1.7e-002	
14828	4.3143e-002	0.2025	-1.2e-002	
14829	4.3143e-002	0.2025	-7.e-003	
14830	3.8429e-002	0.2025	-4.7e-002	
14831	3.8429e-002	0.2025	-4.2e-002	
14832	3.8429e-002	0.2025	-3.7e-002	
14833	3.8429e-002	0.2025	-3.2e-002	
14834	3.8429e-002	0.2025	-2.7e-002	
14835	3.8429e-002	0.2025	-2.2e-002	
14836	3.8429e-002	0.2025	-1.7e-002	
14837	3.8429e-002	0.2025	-1.2e-002	
14838	3.8429e-002	0.2025	-7.e-003	
14839	3.3714e-002	0.2025	-4.7e-002	
14840	3.3714e-002	0.2025	-4.2e-002	
14841	3.3714e-002	0.2025	-3.7e-002	
14842	3.3714e-002	0.2025	-3.2e-002	
14843	3.3714e-002	0.2025	-2.7e-002	
14844	3.3714e-002	0.2025	-2.2e-002	
14845	3.3714e-002	0.2025	-1.7e-002	
14846	3.3714e-002	0.2025	-1.2e-002	
14847	3.3714e-002	0.2025	-7.e-003	
14848	2.9e-002	0.2025	-4.7e-002	
14849	2.9e-002	0.2025	-4.2e-002	
14850	2.9e-002	0.2025	-3.7e-002	
14851	2.9e-002	0.2025	-3.2e-002	
14852	2.9e-002	0.2025	-2.7e-002	
14853	2.9e-002	0.2025	-2.2e-002	
14854	2.9e-002	0.2025	-1.7e-002	
14855	2.9e-002	0.2025	-1.2e-002	
14856	2.9e-002	0.2025	-7.e-003	
14857	2.4286e-002	0.2025	-4.7e-002	
14858	2.4286e-002	0.2025	-4.2e-002	
14859	2.4286e-002	0.2025	-3.7e-002	
14860	2.4286e-002	0.2025	-3.2e-002	
14861	2.4286e-002	0.2025	-2.7e-002	
14862	2.4286e-002	0.2025	-2.2e-002	
14863	2.4286e-002	0.2025	-1.7e-002	
14864	2.4286e-002	0.2025	-1.2e-002	
14865	2.4286e-002	0.2025	-7.e-003	
14866	1.9571e-002	0.2025	-4.7e-002	
14867	1.9571e-002	0.2025	-4.2e-002	
14868	1.9571e-002	0.2025	-3.7e-002	
14869	1.9571e-002	0.2025	-3.2e-002	
14870	1.9571e-002	0.2025	-2.7e-002	
14871	1.9571e-002	0.2025	-2.2e-002	
14872	1.9571e-002	0.2025	-1.7e-002	
14873	1.9571e-002	0.2025	-1.2e-002	
14874	1.9571e-002	0.2025	-7.e-003	
14875	1.4857e-002	0.2025	-4.7e-002	
14876	1.4857e-002	0.2025	-4.2e-002	
14877	1.4857e-002	0.2025	-3.7e-002	
14878	1.4857e-002	0.2025	-3.2e-002	
14879	1.4857e-002	0.2025	-2.7e-002	
14880	1.4857e-002	0.2025	-2.2e-002	
14881	1.4857e-002	0.2025	-1.7e-002	
14882	1.4857e-002	0.2025	-1.2e-002	
14883	1.4857e-002	0.2025	-7.e-003	
14884	1.0143e-002	0.2025	-4.7e-002	
14885	1.0143e-002	0.2025	-4.2e-002	
14886	1.0143e-002	0.2025	-3.7e-002	
14887	1.0143e-002	0.2025	-3.2e-002	
14888	1.0143e-002	0.2025	-2.7e-002	
14889	1.0143e-002	0.2025	-2.2e-002	
14890	1.0143e-002	0.2025	-1.7e-002	
14891	1.0143e-002	0.2025	-1.2e-002	
14892	1.0143e-002	0.2025	-7.e-003	
14893	5.4286e-003	0.2025	-4.7e-002	
14894	5.4286e-003	0.2025	-4.2e-002	
14895	5.4286e-003	0.2025	-3.7e-002	
14896	5.4286e-003	0.2025	-3.2e-002	
14897	5.4286e-003	0.2025	-2.7e-002	
14898	5.4286e-003	0.2025	-2.2e-002	
14899	5.4286e-003	0.2025	-1.7e-002	
14900	5.4286e-003	0.2025	-1.2e-002	
14901	5.4286e-003	0.2025	-7.e-003	
14902	7.1429e-004	0.2025	-4.7e-002	
14903	7.1429e-004	0.2025	-4.2e-002	
14904	7.1429e-004	0.2025	-3.7e-002	
14905	7.1429e-004	0.2025	-3.2e-002	
14906	7.1429e-004	0.2025	-2.7e-002	
14907	7.1429e-004	0.2025	-2.2e-002	
14908	7.1429e-004	0.2025	-1.7e-002	
14909	7.1429e-004	0.2025	-1.2e-002	
14910	7.1429e-004	0.2025	-7.e-003	
14911	5.7286e-002	0.2025	-2.e-003	
14912	5.2571e-002	0.2025	-2.e-003	
14913	4.7857e-002	0.2025	-2.e-003	
14914	4.3143e-002	0.2025	-2.e-003	
14915	3.8429e-002	0.2025	-2.e-003	
14916	3.3714e-002	0.2025	-2.e-003	
14917	2.9e-002	0.2025	-2.e-003	
14918	2.4286e-002	0.2025	-2.e-003	
14919	1.9571e-002	0.2025	-2.e-003	
14920	1.4857e-002	0.2025	-2.e-003	
14921	1.0143e-002	0.2025	-2.e-003	
14922	5.4286e-003	0.2025	-2.e-003	
14923	7.1429e-004	0.2025	-2.e-003	
14924	5.7286e-002	0.2025	-5.2e-002	
14925	5.2571e-002	0.2025	-5.2e-002	
14926	4.7857e-002	0.2025	-5.2e-002	
14927	4.3143e-002	0.2025	-5.2e-002	
14928	3.8429e-002	0.2025	-5.2e-002	
14929	3.3714e-002	0.2025	-5.2e-002	
14930	2.9e-002	0.2025	-5.2e-002	
14931	2.4286e-002	0.2025	-5.2e-002	
14932	1.9571e-002	0.2025	-5.2e-002	
14933	1.4857e-002	0.2025	-5.2e-002	
14934	1.0143e-002	0.2025	-5.2e-002	
14935	5.4286e-003	0.2025	-5.2e-002	
14936	7.1429e-004	0.2025	-5.2e-002	
14937	-4.e-003	0.2025	-2.e-003	
14938	-4.e-003	0.2025	-7.e-003	
14939	-4.e-003	0.2025	-1.2e-002	
14940	-4.e-003	0.2025	-1.7e-002	
14941	-4.e-003	0.2025	-2.2e-002	
14942	-4.e-003	0.2025	-2.7e-002	
14943	-4.e-003	0.2025	-3.2e-002	
14944	-4.e-003	0.2025	-3.7e-002	
14945	-4.e-003	0.2025	-4.2e-002	
14946	-4.e-003	0.2025	-4.7e-002	
14947	-4.e-003	0.2025	-5.2e-002	
14948	6.2e-002	0.2025	-2.e-003	
14949	6.2e-002	0.2025	-7.e-003	
14950	6.2e-002	0.2025	-1.2e-002	
14951	6.2e-002	0.2025	-1.7e-002	
14952	6.2e-002	0.2025	-2.2e-002	
14953	6.2e-002	0.2025	-2.7e-002	
14954	6.2e-002	0.2025	-3.2e-002	
14955	6.2e-002	0.2025	-3.7e-002	
14956	6.2e-002	0.2025	-4.2e-002	
14957	6.2e-002	0.2025	-4.7e-002	
14958	6.2e-002	0.2025	-5.2e-002	
14959	6.2e-002	0.1985	-4.7e-002	
14960	6.2e-002	0.1985	-4.2e-002	
14961	6.2e-002	0.1985	-3.7e-002	
14962	6.2e-002	0.1985	-3.2e-002	
14963	6.2e-002	0.1985	-2.7e-002	
14964	6.2e-002	0.1985	-2.2e-002	
14965	6.2e-002	0.1985	-1.7e-002	
14966	6.2e-002	0.1985	-1.2e-002	
14967	6.2e-002	0.1985	-7.e-003	
14968	6.2e-002	0.1985	-2.e-003	
14969	6.2e-002	0.1985	-5.2e-002	
14970	-4.e-003	0.1985	-4.7e-002	
14971	-4.e-003	0.1985	-4.2e-002	
14972	-4.e-003	0.1985	-3.7e-002	
14973	-4.e-003	0.1985	-3.2e-002	
14974	-4.e-003	0.1985	-2.7e-002	
14975	-4.e-003	0.1985	-2.2e-002	
14976	-4.e-003	0.1985	-1.7e-002	
14977	-4.e-003	0.1985	-1.2e-002	
14978	-4.e-003	0.1985	-7.e-003	
14979	-4.e-003	0.1985	-2.e-003	
14980	-4.e-003	0.1985	-5.2e-002	
14981	5.7286e-002	0.1985	-5.2e-002	
14982	5.2571e-002	0.1985	-5.2e-002	
14983	4.7857e-002	0.1985	-5.2e-002	
14984	4.3143e-002	0.1985	-5.2e-002	
14985	3.8429e-002	0.1985	-5.2e-002	
14986	3.3714e-002	0.1985	-5.2e-002	
14987	2.9e-002	0.1985	-5.2e-002	
14988	2.4286e-002	0.1985	-5.2e-002	
14989	1.9571e-002	0.1985	-5.2e-002	
14990	1.4857e-002	0.1985	-5.2e-002	
14991	1.0143e-002	0.1985	-5.2e-002	
14992	5.4286e-003	0.1985	-5.2e-002	
14993	7.1429e-004	0.1985	-5.2e-002	
14994	5.7286e-002	0.1985	-2.e-003	
14995	5.2571e-002	0.1985	-2.e-003	
14996	4.7857e-002	0.1985	-2.e-003	
14997	4.3143e-002	0.1985	-2.e-003	
14998	3.8429e-002	0.1985	-2.e-003	
14999	3.3714e-002	0.1985	-2.e-003	
15000	2.9e-002	0.1985	-2.e-003	
15001	2.4286e-002	0.1985	-2.e-003	
15002	1.9571e-002	0.1985	-2.e-003	
15003	1.4857e-002	0.1985	-2.e-003	
15004	1.0143e-002	0.1985	-2.e-003	
15005	5.4286e-003	0.1985	-2.e-003	
15006	7.1429e-004	0.1985	-2.e-003	
15007	1.9e-002	2.3246e-003	1.0891e-002	
15008	1.7116e-002	2.8175e-003	1.1357e-002	
15009	1.5215e-002	3.315e-003	1.1819e-002	
15010	1.3327e-002	3.8091e-003	1.2268e-002	
15011	1.1422e-002	4.3075e-003	1.2713e-002	
15012	1.3307e-002	4.8023e-003	1.3146e-002	
15013	1.5208e-002	5.3011e-003	1.3575e-002	
15014	1.7096e-002	5.7968e-003	1.3992e-002	
15015	1.9e-002	6.2964e-003	1.4405e-002	
15016	9.5141e-003	4.8068e-003	1.315e-002	
15017	7.9359e-003	5.2198e-003	1.3505e-002	
15018	6.347e-003	5.6355e-003	1.3857e-002	
15019	4.7664e-003	6.0491e-003	1.4202e-002	
15020	3.1755e-003	6.4654e-003	1.4543e-002	
15021	1.5927e-003	6.8796e-003	1.4877e-002	
15022	0.	7.2964e-003	1.5208e-002	
15023	1.9e-002	7.2964e-003	1.5208e-002	
15024	1.7412e-002	6.8796e-003	1.4877e-002	
15025	1.5834e-002	6.4654e-003	1.4543e-002	
15026	1.4248e-002	6.0491e-003	1.4202e-002	
15027	1.2672e-002	5.6355e-003	1.3857e-002	
15028	1.1088e-002	5.2198e-003	1.3505e-002	
15029	7.5949e-003	4.3031e-003	1.2709e-002	
15030	5.6859e-003	3.8021e-003	1.2262e-002	
15031	3.7936e-003	3.3054e-003	1.181e-002	
15032	1.888e-003	2.8053e-003	1.1346e-002	
15033	-7.8139e-018	2.3098e-003	1.0876e-002	
15034	0.	6.2964e-003	1.4405e-002	
15035	1.9078e-003	5.7957e-003	1.3991e-002	
15036	3.8007e-003	5.2989e-003	1.3573e-002	
15037	5.7057e-003	4.7989e-003	1.3143e-002	
15038	9.5e-003	3.8031e-003	1.2263e-002	
15039	7.9079e-003	3.3852e-003	1.1883e-002	
15040	6.3276e-003	2.9705e-003	1.15e-002	
15041	4.738e-003	2.5533e-003	1.1108e-002	
15042	3.1608e-003	2.1394e-003	1.0713e-002	
15043	1.5739e-003	1.7229e-003	1.0308e-002	
15044	0.	1.3098e-003	9.9005e-003	
15045	1.9e-002	1.3098e-003	9.9005e-003	
15046	1.7426e-002	1.7229e-003	1.0308e-002	
15047	1.5839e-002	2.1394e-003	1.0713e-002	
15048	1.4262e-002	2.5533e-003	1.1108e-002	
15049	1.2672e-002	2.9705e-003	1.15e-002	
15050	1.1092e-002	3.3852e-003	1.1883e-002	
15051	1.9e-002	6.2964e-003	1.5691e-002	
15052	1.9e-002	7.2964e-003	1.6476e-002	
15053	1.9e-002	2.3246e-003	1.2265e-002	
15054	1.9e-002	1.3098e-003	1.1302e-002	
15055	0.	7.2964e-003	1.6476e-002	
15056	0.	6.2964e-003	1.5691e-002	
15057	-7.8139e-018	2.3098e-003	1.2251e-002	
15058	0.	1.3098e-003	1.1302e-002	
15059	1.7426e-002	1.7229e-003	1.1699e-002	
15060	1.5839e-002	2.1395e-003	1.2092e-002	
15061	1.4262e-002	2.5534e-003	1.2477e-002	
15062	1.2672e-002	2.9706e-003	1.2858e-002	
15063	1.1092e-002	3.3853e-003	1.3232e-002	
15064	9.5e-003	3.8031e-003	1.3602e-002	
15065	7.9081e-003	3.3853e-003	1.3232e-002	
15066	6.3281e-003	2.9706e-003	1.2858e-002	
15067	4.7385e-003	2.5534e-003	1.2477e-002	
15068	3.1613e-003	2.1395e-003	1.2092e-002	
15069	1.5742e-003	1.7229e-003	1.1699e-002	
15070	1.9077e-003	5.7957e-003	1.5287e-002	
15071	3.8005e-003	5.2989e-003	1.4879e-002	
15072	5.7055e-003	4.799e-003	1.446e-002	
15073	7.5949e-003	4.3031e-003	1.4037e-002	
15074	5.6861e-003	3.8021e-003	1.3601e-002	
15075	3.7939e-003	3.3055e-003	1.316e-002	
15076	1.8882e-003	2.8054e-003	1.2708e-002	
15077	1.7412e-002	6.8797e-003	1.6152e-002	
15078	1.5834e-002	6.4655e-003	1.5826e-002	
15079	1.4248e-002	6.0492e-003	1.5493e-002	
15080	1.2672e-002	5.6356e-003	1.5156e-002	
15081	1.1088e-002	5.2198e-003	1.4813e-002	
15082	9.5141e-003	4.8068e-003	1.4466e-002	
15083	7.9357e-003	5.2198e-003	1.4813e-002	
15084	6.3467e-003	5.6356e-003	1.5156e-002	
15085	4.7661e-003	6.0492e-003	1.5493e-002	
15086	3.1753e-003	6.4655e-003	1.5826e-002	
15087	1.5925e-003	6.8797e-003	1.6152e-002	
15088	1.3307e-002	4.8023e-003	1.4463e-002	
15089	1.5208e-002	5.3012e-003	1.4881e-002	
15090	1.7097e-002	5.7968e-003	1.5288e-002	
15091	1.1422e-002	4.3075e-003	1.404e-002	
15092	1.7116e-002	2.8176e-003	1.2719e-002	
15093	1.5215e-002	3.3151e-003	1.3169e-002	
15094	1.3326e-002	3.8092e-003	1.3607e-002	
15095	2.e-002	6.2964e-003	1.4405e-002	
15096	2.1908e-002	5.7957e-003	1.3991e-002	
15097	2.3801e-002	5.2989e-003	1.3573e-002	
15098	2.5706e-002	4.7989e-003	1.3143e-002	
15099	2.7595e-002	4.3031e-003	1.2709e-002	
15100	3.9e-002	7.2964e-003	1.5208e-002	
15101	3.7412e-002	6.8796e-003	1.4877e-002	
15102	3.5834e-002	6.4654e-003	1.4543e-002	
15103	3.4248e-002	6.0491e-003	1.4202e-002	
15104	3.2672e-002	5.6355e-003	1.3857e-002	
15105	3.1088e-002	5.2198e-003	1.3505e-002	
15106	2.9514e-002	4.8068e-003	1.315e-002	
15107	3.9e-002	1.3098e-003	9.9005e-003	
15108	3.7426e-002	1.7229e-003	1.0308e-002	
15109	3.5839e-002	2.1394e-003	1.0713e-002	
15110	3.4262e-002	2.5533e-003	1.1108e-002	
15111	3.2672e-002	2.9705e-003	1.15e-002	
15112	3.1092e-002	3.3852e-003	1.1883e-002	
15113	2.95e-002	3.8031e-003	1.2263e-002	
15114	2.5686e-002	3.8021e-003	1.2262e-002	
15115	2.3794e-002	3.3054e-003	1.181e-002	
15116	2.1888e-002	2.8053e-003	1.1346e-002	
15117	2.e-002	2.3098e-003	1.0876e-002	
15118	3.9e-002	2.3246e-003	1.0891e-002	
15119	3.7116e-002	2.8175e-003	1.1357e-002	
15120	3.5215e-002	3.315e-003	1.1819e-002	
15121	3.3327e-002	3.8091e-003	1.2268e-002	
15122	3.1422e-002	4.3075e-003	1.2713e-002	
15123	2.7936e-002	5.2198e-003	1.3505e-002	
15124	2.6347e-002	5.6355e-003	1.3857e-002	
15125	2.4766e-002	6.0491e-003	1.4202e-002	
15126	2.3176e-002	6.4654e-003	1.4543e-002	
15127	2.1593e-002	6.8796e-003	1.4877e-002	
15128	2.e-002	7.2964e-003	1.5208e-002	
15129	3.3307e-002	4.8023e-003	1.3146e-002	
15130	3.5208e-002	5.3011e-003	1.3575e-002	
15131	3.7096e-002	5.7968e-003	1.3992e-002	
15132	3.9e-002	6.2964e-003	1.4405e-002	
15133	2.7908e-002	3.3852e-003	1.1883e-002	
15134	2.6328e-002	2.9705e-003	1.15e-002	
15135	2.4738e-002	2.5533e-003	1.1108e-002	
15136	2.3161e-002	2.1394e-003	1.0713e-002	
15137	2.1574e-002	1.7229e-003	1.0308e-002	
15138	2.e-002	1.3098e-003	9.9005e-003	
15139	3.9e-002	1.3098e-003	1.1302e-002	
15140	3.9e-002	2.3246e-003	1.2265e-002	
15141	3.9e-002	7.2964e-003	1.6476e-002	
15142	3.9e-002	6.2964e-003	1.5691e-002	
15143	2.e-002	2.3098e-003	1.2251e-002	
15144	2.e-002	1.3098e-003	1.1302e-002	
15145	2.e-002	6.2964e-003	1.5691e-002	
15146	2.e-002	7.2964e-003	1.6476e-002	
15147	2.7908e-002	3.3853e-003	1.3232e-002	
15148	2.6328e-002	2.9706e-003	1.2858e-002	
15149	2.4738e-002	2.5534e-003	1.2477e-002	
15150	2.3161e-002	2.1395e-003	1.2092e-002	
15151	2.1574e-002	1.7229e-003	1.1699e-002	
15152	2.95e-002	3.8031e-003	1.3602e-002	
15153	3.3307e-002	4.8023e-003	1.4463e-002	
15154	3.5208e-002	5.3012e-003	1.4881e-002	
15155	3.7097e-002	5.7968e-003	1.5288e-002	
15156	3.1422e-002	4.3075e-003	1.404e-002	
15157	2.7936e-002	5.2198e-003	1.4813e-002	
15158	2.6347e-002	5.6356e-003	1.5156e-002	
15159	2.4766e-002	6.0492e-003	1.5493e-002	
15160	2.3175e-002	6.4655e-003	1.5826e-002	
15161	2.1593e-002	6.8797e-003	1.6152e-002	
15162	2.9514e-002	4.8068e-003	1.4466e-002	
15163	3.7116e-002	2.8176e-003	1.2719e-002	
15164	3.5215e-002	3.3151e-003	1.3169e-002	
15165	3.3326e-002	3.8092e-003	1.3607e-002	
15166	2.5686e-002	3.8021e-003	1.3601e-002	
15167	2.3794e-002	3.3055e-003	1.316e-002	
15168	2.1888e-002	2.8054e-003	1.2708e-002	
15169	2.7595e-002	4.3031e-003	1.4037e-002	
15170	3.7426e-002	1.7229e-003	1.1699e-002	
15171	3.5839e-002	2.1395e-003	1.2092e-002	
15172	3.4262e-002	2.5534e-003	1.2477e-002	
15173	3.2672e-002	2.9706e-003	1.2858e-002	
15174	3.1092e-002	3.3853e-003	1.3232e-002	
15175	3.7412e-002	6.8797e-003	1.6152e-002	
15176	3.5834e-002	6.4655e-003	1.5826e-002	
15177	3.4248e-002	6.0492e-003	1.5493e-002	
15178	3.2672e-002	5.6356e-003	1.5156e-002	
15179	3.1088e-002	5.2198e-003	1.4813e-002	
15180	2.1908e-002	5.7957e-003	1.5287e-002	
15181	2.38e-002	5.2989e-003	1.4879e-002	
15182	2.5705e-002	4.799e-003	1.446e-002	
15183	5.9e-002	1.3098e-003	9.9005e-003	
15184	5.7426e-002	1.7229e-003	1.0308e-002	
15185	5.5839e-002	2.1394e-003	1.0713e-002	
15186	5.4262e-002	2.5533e-003	1.1108e-002	
15187	5.2672e-002	2.9705e-003	1.15e-002	
15188	5.1092e-002	3.3852e-003	1.1883e-002	
15189	4.95e-002	3.8031e-003	1.2263e-002	
15190	5.1422e-002	4.3075e-003	1.2713e-002	
15191	5.3307e-002	4.8023e-003	1.3146e-002	
15192	5.5208e-002	5.3011e-003	1.3575e-002	
15193	5.7096e-002	5.7968e-003	1.3992e-002	
15194	5.9e-002	6.2964e-003	1.4405e-002	
15195	4.e-002	6.2964e-003	1.4405e-002	
15196	4.1908e-002	5.7957e-003	1.3991e-002	
15197	4.3801e-002	5.2989e-003	1.3573e-002	
15198	4.5706e-002	4.7989e-003	1.3143e-002	
15199	4.7595e-002	4.3031e-003	1.2709e-002	
15200	5.9e-002	7.2964e-003	1.5208e-002	
15201	5.7412e-002	6.8796e-003	1.4877e-002	
15202	5.5834e-002	6.4654e-003	1.4543e-002	
15203	5.4248e-002	6.0491e-003	1.4202e-002	
15204	5.2672e-002	5.6355e-003	1.3857e-002	
15205	5.1088e-002	5.2198e-003	1.3505e-002	
15206	4.9514e-002	4.8068e-003	1.315e-002	
15207	4.5686e-002	3.8021e-003	1.2262e-002	
15208	4.3794e-002	3.3054e-003	1.181e-002	
15209	4.1888e-002	2.8053e-003	1.1346e-002	
15210	4.e-002	2.3098e-003	1.0876e-002	
15211	4.7936e-002	5.2198e-003	1.3505e-002	
15212	4.6347e-002	5.6355e-003	1.3857e-002	
15213	4.4766e-002	6.0491e-003	1.4202e-002	
15214	4.3176e-002	6.4654e-003	1.4543e-002	
15215	4.1593e-002	6.8796e-003	1.4877e-002	
15216	4.e-002	7.2964e-003	1.5208e-002	
15217	5.9e-002	2.3246e-003	1.0891e-002	
15218	5.7116e-002	2.8175e-003	1.1357e-002	
15219	5.5215e-002	3.315e-003	1.1819e-002	
15220	5.3327e-002	3.8091e-003	1.2268e-002	
15221	4.7908e-002	3.3852e-003	1.1883e-002	
15222	4.6328e-002	2.9705e-003	1.15e-002	
15223	4.4738e-002	2.5533e-003	1.1108e-002	
15224	4.3161e-002	2.1394e-003	1.0713e-002	
15225	4.1574e-002	1.7229e-003	1.0308e-002	
15226	4.e-002	1.3098e-003	9.9005e-003	
15227	5.9e-002	1.3098e-003	1.1302e-002	
15228	5.9e-002	2.3246e-003	1.2265e-002	
15229	5.9e-002	6.2964e-003	1.5691e-002	
15230	5.9e-002	7.2964e-003	1.6476e-002	
15231	4.e-002	2.3098e-003	1.2251e-002	
15232	4.e-002	1.3098e-003	1.1302e-002	
15233	4.e-002	6.2964e-003	1.5691e-002	
15234	4.e-002	7.2964e-003	1.6476e-002	
15235	4.7908e-002	3.3853e-003	1.3232e-002	
15236	4.6328e-002	2.9706e-003	1.2858e-002	
15237	4.4738e-002	2.5534e-003	1.2477e-002	
15238	4.3161e-002	2.1395e-003	1.2092e-002	
15239	4.1574e-002	1.7229e-003	1.1699e-002	
15240	4.95e-002	3.8031e-003	1.3602e-002	
15241	5.7116e-002	2.8176e-003	1.2719e-002	
15242	5.5215e-002	3.3151e-003	1.3169e-002	
15243	5.3326e-002	3.8092e-003	1.3607e-002	
15244	5.1422e-002	4.3075e-003	1.404e-002	
15245	4.7936e-002	5.2198e-003	1.4813e-002	
15246	4.6347e-002	5.6356e-003	1.5156e-002	
15247	4.4766e-002	6.0492e-003	1.5493e-002	
15248	4.3175e-002	6.4655e-003	1.5826e-002	
15249	4.1593e-002	6.8797e-003	1.6152e-002	
15250	4.9514e-002	4.8068e-003	1.4466e-002	
15251	4.5686e-002	3.8021e-003	1.3601e-002	
15252	4.3794e-002	3.3055e-003	1.316e-002	
15253	4.1888e-002	2.8054e-003	1.2708e-002	
15254	4.7595e-002	4.3031e-003	1.4037e-002	
15255	5.7412e-002	6.8797e-003	1.6152e-002	
15256	5.5834e-002	6.4655e-003	1.5826e-002	
15257	5.4248e-002	6.0492e-003	1.5493e-002	
15258	5.2672e-002	5.6356e-003	1.5156e-002	
15259	5.1088e-002	5.2198e-003	1.4813e-002	
15260	4.1908e-002	5.7957e-003	1.5287e-002	
15261	4.38e-002	5.2989e-003	1.4879e-002	
15262	4.5705e-002	4.799e-003	1.446e-002	
15263	5.3307e-002	4.8023e-003	1.4463e-002	
15264	5.5208e-002	5.3012e-003	1.4881e-002	
15265	5.7097e-002	5.7968e-003	1.5288e-002	
15266	5.7426e-002	1.7229e-003	1.1699e-002	
15267	5.5839e-002	2.1395e-003	1.2092e-002	
15268	5.4262e-002	2.5534e-003	1.2477e-002	
15269	5.2672e-002	2.9706e-003	1.2858e-002	
15270	5.1092e-002	3.3853e-003	1.3232e-002	
15271	1.1422e-002	0.10431	1.2713e-002	
15272	1.3307e-002	0.1048	1.3146e-002	
15273	1.5208e-002	0.1053	1.3575e-002	
15274	1.7096e-002	0.1058	1.3992e-002	
15275	1.9e-002	0.1063	1.4405e-002	
15276	1.9e-002	0.10232	1.0891e-002	
15277	1.7116e-002	0.10282	1.1357e-002	
15278	1.5215e-002	0.10332	1.1819e-002	
15279	1.3327e-002	0.10381	1.2268e-002	
15280	1.9e-002	0.10131	9.9005e-003	
15281	1.7426e-002	0.10172	1.0308e-002	
15282	1.5839e-002	0.10214	1.0713e-002	
15283	1.4262e-002	0.10255	1.1108e-002	
15284	1.2672e-002	0.10297	1.15e-002	
15285	1.1092e-002	0.10339	1.1883e-002	
15286	9.5e-003	0.1038	1.2263e-002	
15287	7.9079e-003	0.10339	1.1883e-002	
15288	6.3276e-003	0.10297	1.15e-002	
15289	4.738e-003	0.10255	1.1108e-002	
15290	3.1608e-003	0.10214	1.0713e-002	
15291	1.5739e-003	0.10172	1.0308e-002	
15292	0.	0.10131	9.9005e-003	
15293	1.9e-002	0.1073	1.5208e-002	
15294	1.7412e-002	0.10688	1.4877e-002	
15295	1.5834e-002	0.10647	1.4543e-002	
15296	1.4248e-002	0.10605	1.4202e-002	
15297	1.2672e-002	0.10564	1.3857e-002	
15298	1.1088e-002	0.10522	1.3505e-002	
15299	9.5141e-003	0.10481	1.315e-002	
15300	7.9359e-003	0.10522	1.3505e-002	
15301	6.347e-003	0.10564	1.3857e-002	
15302	4.7664e-003	0.10605	1.4202e-002	
15303	3.1755e-003	0.10647	1.4543e-002	
15304	1.5927e-003	0.10688	1.4877e-002	
15305	0.	0.1073	1.5208e-002	
15306	0.	0.1063	1.4405e-002	
15307	1.9078e-003	0.1058	1.3991e-002	
15308	3.8007e-003	0.1053	1.3573e-002	
15309	5.7057e-003	0.1048	1.3143e-002	
15310	7.5949e-003	0.1043	1.2709e-002	
15311	5.6859e-003	0.1038	1.2262e-002	
15312	3.7936e-003	0.10331	1.181e-002	
15313	1.888e-003	0.10281	1.1346e-002	
15314	-7.8139e-018	0.10231	1.0876e-002	
15315	0.	0.1073	1.6476e-002	
15316	0.	0.1063	1.5691e-002	
15317	0.	0.10131	1.1302e-002	
15318	-7.8139e-018	0.10231	1.2251e-002	
15319	1.9e-002	0.1063	1.5691e-002	
15320	1.9e-002	0.1073	1.6476e-002	
15321	1.9e-002	0.10232	1.2265e-002	
15322	1.9e-002	0.10131	1.1302e-002	
15323	5.6861e-003	0.1038	1.3601e-002	
15324	3.7939e-003	0.10331	1.316e-002	
15325	1.8882e-003	0.10281	1.2708e-002	
15326	7.5949e-003	0.1043	1.4037e-002	
15327	1.9077e-003	0.1058	1.5287e-002	
15328	3.8005e-003	0.1053	1.4879e-002	
15329	5.7055e-003	0.1048	1.446e-002	
15330	7.9357e-003	0.10522	1.4813e-002	
15331	6.3467e-003	0.10564	1.5156e-002	
15332	4.7661e-003	0.10605	1.5493e-002	
15333	3.1753e-003	0.10647	1.5826e-002	
15334	1.5925e-003	0.10688	1.6152e-002	
15335	9.5141e-003	0.10481	1.4466e-002	
15336	1.7412e-002	0.10688	1.6152e-002	
15337	1.5834e-002	0.10647	1.5826e-002	
15338	1.4248e-002	0.10605	1.5493e-002	
15339	1.2672e-002	0.10564	1.5156e-002	
15340	1.1088e-002	0.10522	1.4813e-002	
15341	7.9081e-003	0.10339	1.3232e-002	
15342	6.3281e-003	0.10297	1.2858e-002	
15343	4.7385e-003	0.10255	1.2477e-002	
15344	3.1613e-003	0.10214	1.2092e-002	
15345	1.5742e-003	0.10172	1.1699e-002	
15346	9.5e-003	0.1038	1.3602e-002	
15347	1.7426e-002	0.10172	1.1699e-002	
15348	1.5839e-002	0.10214	1.2092e-002	
15349	1.4262e-002	0.10255	1.2477e-002	
15350	1.2672e-002	0.10297	1.2858e-002	
15351	1.1092e-002	0.10339	1.3232e-002	
15352	1.7116e-002	0.10282	1.2719e-002	
15353	1.5215e-002	0.10332	1.3169e-002	
15354	1.3326e-002	0.10381	1.3607e-002	
15355	1.1422e-002	0.10431	1.404e-002	
15356	1.3307e-002	0.1048	1.4463e-002	
15357	1.5208e-002	0.1053	1.4881e-002	
15358	1.7097e-002	0.1058	1.5288e-002	
15359	2.e-002	0.1063	1.4405e-002	
15360	2.1908e-002	0.1058	1.3991e-002	
15361	2.3801e-002	0.1053	1.3573e-002	
15362	2.5706e-002	0.1048	1.3143e-002	
15363	2.7595e-002	0.1043	1.2709e-002	
15364	3.9e-002	0.10232	1.0891e-002	
15365	3.7116e-002	0.10282	1.1357e-002	
15366	3.5215e-002	0.10331	1.1819e-002	
15367	3.3327e-002	0.10381	1.2268e-002	
15368	3.1422e-002	0.10431	1.2713e-002	
15369	2.5686e-002	0.1038	1.2262e-002	
15370	2.3793e-002	0.10331	1.181e-002	
15371	2.1888e-002	0.10281	1.1346e-002	
15372	2.e-002	0.10231	1.0876e-002	
15373	3.9e-002	0.10131	9.9005e-003	
15374	3.7426e-002	0.10172	1.0308e-002	
15375	3.5839e-002	0.10214	1.0713e-002	
15376	3.4262e-002	0.10255	1.1108e-002	
15377	3.2672e-002	0.10297	1.15e-002	
15378	3.1092e-002	0.10339	1.1883e-002	
15379	2.95e-002	0.1038	1.2263e-002	
15380	2.7908e-002	0.10339	1.1883e-002	
15381	2.6328e-002	0.10297	1.15e-002	
15382	2.4738e-002	0.10255	1.1108e-002	
15383	2.3161e-002	0.10214	1.0713e-002	
15384	2.1574e-002	0.10172	1.0308e-002	
15385	2.e-002	0.10131	9.9005e-003	
15386	3.9e-002	0.1073	1.5208e-002	
15387	3.7412e-002	0.10688	1.4877e-002	
15388	3.5834e-002	0.10647	1.4543e-002	
15389	3.4247e-002	0.10605	1.4202e-002	
15390	3.2672e-002	0.10564	1.3857e-002	
15391	3.1088e-002	0.10522	1.3505e-002	
15392	2.9514e-002	0.10481	1.315e-002	
15393	3.3307e-002	0.1048	1.3146e-002	
15394	3.5208e-002	0.1053	1.3574e-002	
15395	3.7096e-002	0.1058	1.3992e-002	
15396	3.9e-002	0.1063	1.4405e-002	
15397	2.7936e-002	0.10522	1.3505e-002	
15398	2.6347e-002	0.10564	1.3857e-002	
15399	2.4767e-002	0.10605	1.4202e-002	
15400	2.3176e-002	0.10647	1.4543e-002	
15401	2.1593e-002	0.10688	1.4877e-002	
15402	2.e-002	0.1073	1.5208e-002	
15403	3.9e-002	0.10232	1.2265e-002	
15404	3.9e-002	0.10131	1.1302e-002	
15405	3.9e-002	0.1073	1.6476e-002	
15406	3.9e-002	0.1063	1.5691e-002	
15407	2.e-002	0.10231	1.2251e-002	
15408	2.e-002	0.10131	1.1302e-002	
15409	2.e-002	0.1063	1.5691e-002	
15410	2.e-002	0.1073	1.6476e-002	
15411	2.7936e-002	0.10522	1.4813e-002	
15412	2.6347e-002	0.10564	1.5156e-002	
15413	2.4766e-002	0.10605	1.5493e-002	
15414	2.3175e-002	0.10647	1.5826e-002	
15415	2.1593e-002	0.10688	1.6152e-002	
15416	2.9514e-002	0.10481	1.4466e-002	
15417	3.3307e-002	0.1048	1.4463e-002	
15418	3.5208e-002	0.1053	1.4881e-002	
15419	3.7097e-002	0.1058	1.5288e-002	
15420	3.1422e-002	0.10431	1.404e-002	
15421	3.7412e-002	0.10688	1.6152e-002	
15422	3.5834e-002	0.10647	1.5826e-002	
15423	3.4248e-002	0.10605	1.5493e-002	
15424	3.2672e-002	0.10564	1.5156e-002	
15425	3.1088e-002	0.10522	1.4813e-002	
15426	2.7908e-002	0.10339	1.3232e-002	
15427	2.6328e-002	0.10297	1.2858e-002	
15428	2.4738e-002	0.10255	1.2477e-002	
15429	2.3161e-002	0.10214	1.2092e-002	
15430	2.1574e-002	0.10172	1.1699e-002	
15431	2.95e-002	0.1038	1.3602e-002	
15432	3.7426e-002	0.10172	1.1699e-002	
15433	3.5839e-002	0.10214	1.2092e-002	
15434	3.4262e-002	0.10255	1.2477e-002	
15435	3.2672e-002	0.10297	1.2858e-002	
15436	3.1092e-002	0.10339	1.3232e-002	
15437	2.5686e-002	0.1038	1.3601e-002	
15438	2.3794e-002	0.10331	1.316e-002	
15439	2.1888e-002	0.10281	1.2708e-002	
15440	2.7595e-002	0.1043	1.4037e-002	
15441	3.7116e-002	0.10282	1.2719e-002	
15442	3.5215e-002	0.10332	1.3169e-002	
15443	3.3326e-002	0.10381	1.3607e-002	
15444	2.1908e-002	0.1058	1.5287e-002	
15445	2.3801e-002	0.1053	1.4879e-002	
15446	2.5705e-002	0.1048	1.446e-002	
15447	5.9e-002	0.10131	9.9005e-003	
15448	5.7426e-002	0.10172	1.0308e-002	
15449	5.5839e-002	0.10214	1.0713e-002	
15450	5.4262e-002	0.10255	1.1108e-002	
15451	5.2672e-002	0.10297	1.15e-002	
15452	5.1092e-002	0.10339	1.1883e-002	
15453	4.95e-002	0.1038	1.2263e-002	
15454	4.9514e-002	0.10481	1.315e-002	
15455	4.7936e-002	0.10522	1.3505e-002	
15456	4.6347e-002	0.10564	1.3857e-002	
15457	4.4766e-002	0.10605	1.4202e-002	
15458	4.3176e-002	0.10647	1.4543e-002	
15459	4.1593e-002	0.10688	1.4877e-002	
15460	4.e-002	0.1073	1.5208e-002	
15461	4.7908e-002	0.10339	1.1883e-002	
15462	4.6328e-002	0.10297	1.15e-002	
15463	4.4738e-002	0.10255	1.1108e-002	
15464	4.3161e-002	0.10214	1.0713e-002	
15465	4.1574e-002	0.10172	1.0308e-002	
15466	4.e-002	0.10131	9.9005e-003	
15467	4.7595e-002	0.1043	1.2709e-002	
15468	4.5686e-002	0.1038	1.2262e-002	
15469	4.3794e-002	0.10331	1.181e-002	
15470	4.1888e-002	0.10281	1.1346e-002	
15471	4.e-002	0.10231	1.0876e-002	
15472	4.e-002	0.1063	1.4405e-002	
15473	4.1908e-002	0.1058	1.3991e-002	
15474	4.3801e-002	0.1053	1.3573e-002	
15475	4.5706e-002	0.1048	1.3143e-002	
15476	5.9e-002	0.1073	1.5208e-002	
15477	5.7412e-002	0.10688	1.4877e-002	
15478	5.5834e-002	0.10647	1.4543e-002	
15479	5.4248e-002	0.10605	1.4202e-002	
15480	5.2672e-002	0.10564	1.3857e-002	
15481	5.1088e-002	0.10522	1.3505e-002	
15482	5.1422e-002	0.10431	1.2713e-002	
15483	5.3307e-002	0.1048	1.3146e-002	
15484	5.5208e-002	0.1053	1.3575e-002	
15485	5.7096e-002	0.1058	1.3992e-002	
15486	5.9e-002	0.1063	1.4405e-002	
15487	5.9e-002	0.10232	1.0891e-002	
15488	5.7116e-002	0.10282	1.1357e-002	
15489	5.5215e-002	0.10332	1.1819e-002	
15490	5.3327e-002	0.10381	1.2268e-002	
15491	5.9e-002	0.10131	1.1302e-002	
15492	5.9e-002	0.10232	1.2265e-002	
15493	5.9e-002	0.1073	1.6476e-002	
15494	5.9e-002	0.1063	1.5691e-002	
15495	4.e-002	0.10131	1.1302e-002	
15496	4.e-002	0.10231	1.2251e-002	
15497	4.e-002	0.1073	1.6476e-002	
15498	4.e-002	0.1063	1.5691e-002	
15499	5.7116e-002	0.10282	1.2719e-002	
15500	5.5215e-002	0.10332	1.3169e-002	
15501	5.3326e-002	0.10381	1.3607e-002	
15502	5.1422e-002	0.10431	1.404e-002	
15503	5.3307e-002	0.1048	1.4463e-002	
15504	5.5208e-002	0.1053	1.4881e-002	
15505	5.7097e-002	0.1058	1.5288e-002	
15506	5.7412e-002	0.10688	1.6152e-002	
15507	5.5834e-002	0.10647	1.5826e-002	
15508	5.4248e-002	0.10605	1.5493e-002	
15509	5.2672e-002	0.10564	1.5156e-002	
15510	5.1088e-002	0.10522	1.4813e-002	
15511	4.9514e-002	0.10481	1.4466e-002	
15512	4.1908e-002	0.1058	1.5287e-002	
15513	4.38e-002	0.1053	1.4879e-002	
15514	4.5705e-002	0.1048	1.446e-002	
15515	4.7595e-002	0.1043	1.4037e-002	
15516	4.5686e-002	0.1038	1.3601e-002	
15517	4.3794e-002	0.10331	1.316e-002	
15518	4.1888e-002	0.10281	1.2708e-002	
15519	4.7908e-002	0.10339	1.3232e-002	
15520	4.6328e-002	0.10297	1.2858e-002	
15521	4.4738e-002	0.10255	1.2477e-002	
15522	4.3161e-002	0.10214	1.2092e-002	
15523	4.1574e-002	0.10172	1.1699e-002	
15524	4.95e-002	0.1038	1.3602e-002	
15525	4.7936e-002	0.10522	1.4813e-002	
15526	4.6347e-002	0.10564	1.5156e-002	
15527	4.4766e-002	0.10605	1.5493e-002	
15528	4.3175e-002	0.10647	1.5826e-002	
15529	4.1593e-002	0.10688	1.6152e-002	
15530	5.7426e-002	0.10172	1.1699e-002	
15531	5.5839e-002	0.10214	1.2092e-002	
15532	5.4262e-002	0.10255	1.2477e-002	
15533	5.2672e-002	0.10297	1.2858e-002	
15534	5.1092e-002	0.10339	1.3232e-002	
15535	0.	0.20131	9.9005e-003	
15536	-7.8139e-018	0.20231	1.0876e-002	
15537	-1.3878e-017	0.2063	1.4405e-002	
15538	0.	0.2073	1.5208e-002	
15539	1.9e-002	0.20131	9.9005e-003	
15540	1.9e-002	0.20232	1.0891e-002	
15541	1.9e-002	0.2063	1.4405e-002	
15542	1.9e-002	0.2073	1.5208e-002	
15543	1.7116e-002	0.20282	1.1357e-002	
15544	1.5215e-002	0.20331	1.1819e-002	
15545	1.3327e-002	0.20381	1.2268e-002	
15546	1.1422e-002	0.20431	1.2713e-002	
15547	1.3307e-002	0.2048	1.3146e-002	
15548	1.5208e-002	0.2053	1.3574e-002	
15549	1.7096e-002	0.2058	1.3992e-002	
15550	9.5e-003	0.2038	1.2263e-002	
15551	7.9079e-003	0.20339	1.1883e-002	
15552	6.3276e-003	0.20297	1.15e-002	
15553	4.7376e-003	0.20255	1.1108e-002	
15554	3.1608e-003	0.20214	1.0713e-002	
15555	1.5739e-003	0.20172	1.0308e-002	
15556	1.7426e-002	0.20172	1.0308e-002	
15557	1.5839e-002	0.20214	1.0713e-002	
15558	1.4262e-002	0.20255	1.1108e-002	
15559	1.2672e-002	0.20297	1.15e-002	
15560	1.1092e-002	0.20339	1.1883e-002	
15561	9.5141e-003	0.20481	1.315e-002	
15562	7.9359e-003	0.20522	1.3505e-002	
15563	6.347e-003	0.20564	1.3857e-002	
15564	4.7667e-003	0.20605	1.4202e-002	
15565	3.1755e-003	0.20647	1.4543e-002	
15566	1.5927e-003	0.20688	1.4877e-002	
15567	1.7412e-002	0.20688	1.4877e-002	
15568	1.5834e-002	0.20647	1.4543e-002	
15569	1.4247e-002	0.20605	1.4202e-002	
15570	1.2672e-002	0.20564	1.3857e-002	
15571	1.1088e-002	0.20522	1.3505e-002	
15572	7.5949e-003	0.2043	1.2709e-002	
15573	5.6859e-003	0.2038	1.2262e-002	
15574	3.7933e-003	0.20331	1.181e-002	
15575	1.888e-003	0.20281	1.1346e-002	
15576	1.9078e-003	0.2058	1.3991e-002	
15577	3.8009e-003	0.2053	1.3573e-002	
15578	5.7057e-003	0.2048	1.3143e-002	
15579	1.9077e-003	0.2058	1.5287e-002	
15580	3.8007e-003	0.2053	1.4879e-002	
15581	5.7055e-003	0.2048	1.446e-002	
15582	0.	0.2063	1.5691e-002	
15583	7.5949e-003	0.2043	1.4037e-002	
15584	5.6861e-003	0.2038	1.3601e-002	
15585	3.7936e-003	0.20331	1.316e-002	
15586	1.8882e-003	0.20281	1.2708e-002	
15587	-7.8139e-018	0.20231	1.2251e-002	
15588	1.7412e-002	0.20688	1.6152e-002	
15589	1.5834e-002	0.20647	1.5826e-002	
15590	1.4248e-002	0.20605	1.5493e-002	
15591	1.2672e-002	0.20564	1.5156e-002	
15592	1.1088e-002	0.20522	1.4813e-002	
15593	1.9e-002	0.2073	1.6476e-002	
15594	9.5141e-003	0.20481	1.4466e-002	
15595	7.9357e-003	0.20522	1.4813e-002	
15596	6.3467e-003	0.20564	1.5156e-002	
15597	4.7664e-003	0.20605	1.5493e-002	
15598	3.1753e-003	0.20647	1.5826e-002	
15599	1.5925e-003	0.20688	1.6152e-002	
15600	0.	0.2073	1.6476e-002	
15601	1.7426e-002	0.20172	1.1699e-002	
15602	1.5839e-002	0.20214	1.2092e-002	
15603	1.4262e-002	0.20255	1.2477e-002	
15604	1.2672e-002	0.20297	1.2858e-002	
15605	1.1092e-002	0.20339	1.3232e-002	
15606	1.9e-002	0.20131	1.1302e-002	
15607	9.5e-003	0.2038	1.3602e-002	
15608	7.9081e-003	0.20339	1.3232e-002	
15609	6.3281e-003	0.20297	1.2858e-002	
15610	4.7381e-003	0.20255	1.2477e-002	
15611	3.1613e-003	0.20214	1.2092e-002	
15612	1.5742e-003	0.20172	1.1699e-002	
15613	0.	0.20131	1.1302e-002	
15614	1.3307e-002	0.2048	1.4463e-002	
15615	1.5208e-002	0.2053	1.4881e-002	
15616	1.7097e-002	0.2058	1.5288e-002	
15617	1.9e-002	0.2063	1.5691e-002	
15618	1.1422e-002	0.20431	1.404e-002	
15619	1.7116e-002	0.20282	1.2719e-002	
15620	1.5215e-002	0.20332	1.3169e-002	
15621	1.3326e-002	0.20381	1.3607e-002	
15622	1.9e-002	0.20232	1.2265e-002	
15623	3.1422e-002	0.20431	1.2713e-002	
15624	3.3307e-002	0.2048	1.3146e-002	
15625	3.5208e-002	0.2053	1.3575e-002	
15626	3.7096e-002	0.2058	1.3992e-002	
15627	3.9e-002	0.2063	1.4405e-002	
15628	2.9514e-002	0.20481	1.315e-002	
15629	2.7936e-002	0.20522	1.3505e-002	
15630	2.6347e-002	0.20564	1.3857e-002	
15631	2.4766e-002	0.20605	1.4202e-002	
15632	2.3176e-002	0.20647	1.4543e-002	
15633	2.1593e-002	0.20688	1.4877e-002	
15634	2.e-002	0.2073	1.5208e-002	
15635	3.9e-002	0.2073	1.5208e-002	
15636	3.7412e-002	0.20688	1.4877e-002	
15637	3.5834e-002	0.20647	1.4543e-002	
15638	3.4248e-002	0.20605	1.4202e-002	
15639	3.2672e-002	0.20564	1.3857e-002	
15640	3.1088e-002	0.20522	1.3505e-002	
15641	2.e-002	0.2063	1.4405e-002	
15642	2.1908e-002	0.2058	1.3991e-002	
15643	2.3801e-002	0.2053	1.3573e-002	
15644	2.5706e-002	0.2048	1.3143e-002	
15645	2.7595e-002	0.2043	1.2709e-002	
15646	2.5686e-002	0.2038	1.2262e-002	
15647	2.3794e-002	0.20331	1.181e-002	
15648	2.1888e-002	0.20281	1.1346e-002	
15649	2.e-002	0.20231	1.0876e-002	
15650	2.e-002	0.20131	9.9005e-003	
15651	3.9e-002	0.20131	9.9005e-003	
15652	3.9e-002	0.20232	1.0891e-002	
15653	2.95e-002	0.2038	1.2263e-002	
15654	2.7908e-002	0.20339	1.1883e-002	
15655	2.6328e-002	0.20297	1.15e-002	
15656	2.4738e-002	0.20255	1.1108e-002	
15657	2.3161e-002	0.20214	1.0713e-002	
15658	2.1574e-002	0.20172	1.0308e-002	
15659	3.7116e-002	0.20282	1.1357e-002	
15660	3.5215e-002	0.20332	1.1819e-002	
15661	3.3327e-002	0.20381	1.2268e-002	
15662	3.7426e-002	0.20172	1.0308e-002	
15663	3.5839e-002	0.20214	1.0713e-002	
15664	3.4262e-002	0.20255	1.1108e-002	
15665	3.2672e-002	0.20297	1.15e-002	
15666	3.1092e-002	0.20339	1.1883e-002	
15667	3.7426e-002	0.20172	1.1699e-002	
15668	3.5839e-002	0.20214	1.2092e-002	
15669	3.4262e-002	0.20255	1.2477e-002	
15670	3.2672e-002	0.20297	1.2858e-002	
15671	3.1092e-002	0.20339	1.3232e-002	
15672	3.9e-002	0.20131	1.1302e-002	
15673	2.95e-002	0.2038	1.3602e-002	
15674	3.7116e-002	0.20282	1.2719e-002	
15675	3.5215e-002	0.20332	1.3169e-002	
15676	3.3326e-002	0.20381	1.3607e-002	
15677	3.1422e-002	0.20431	1.404e-002	
15678	3.9e-002	0.20232	1.2265e-002	
15679	2.7908e-002	0.20339	1.3232e-002	
15680	2.6328e-002	0.20297	1.2858e-002	
15681	2.4738e-002	0.20255	1.2477e-002	
15682	2.3161e-002	0.20214	1.2092e-002	
15683	2.1574e-002	0.20172	1.1699e-002	
15684	2.e-002	0.20131	1.1302e-002	
15685	3.9e-002	0.2063	1.5691e-002	
15686	3.9e-002	0.2073	1.6476e-002	
15687	2.e-002	0.2073	1.6476e-002	
15688	2.e-002	0.2063	1.5691e-002	
15689	2.e-002	0.20231	1.2251e-002	
15690	2.5686e-002	0.2038	1.3601e-002	
15691	2.3794e-002	0.20331	1.316e-002	
15692	2.1888e-002	0.20281	1.2708e-002	
15693	2.7595e-002	0.2043	1.4037e-002	
15694	2.1908e-002	0.2058	1.5287e-002	
15695	2.38e-002	0.2053	1.4879e-002	
15696	2.5705e-002	0.2048	1.446e-002	
15697	3.7412e-002	0.20688	1.6152e-002	
15698	3.5834e-002	0.20647	1.5826e-002	
15699	3.4248e-002	0.20605	1.5493e-002	
15700	3.2672e-002	0.20564	1.5156e-002	
15701	3.1088e-002	0.20522	1.4813e-002	
15702	2.9514e-002	0.20481	1.4466e-002	
15703	2.7936e-002	0.20522	1.4813e-002	
15704	2.6347e-002	0.20564	1.5156e-002	
15705	2.4766e-002	0.20605	1.5493e-002	
15706	2.3175e-002	0.20647	1.5826e-002	
15707	2.1593e-002	0.20688	1.6152e-002	
15708	3.3307e-002	0.2048	1.4463e-002	
15709	3.5208e-002	0.2053	1.4881e-002	
15710	3.7097e-002	0.2058	1.5288e-002	
15711	4.e-002	0.20131	9.9005e-003	
15712	4.e-002	0.20231	1.0876e-002	
15713	4.e-002	0.2063	1.4405e-002	
15714	4.e-002	0.2073	1.5208e-002	
15715	5.9e-002	0.20131	9.9005e-003	
15716	5.9e-002	0.20232	1.0891e-002	
15717	5.9e-002	0.2063	1.4405e-002	
15718	5.9e-002	0.2073	1.5208e-002	
15719	5.7116e-002	0.20282	1.1357e-002	
15720	5.5215e-002	0.20332	1.1819e-002	
15721	5.3327e-002	0.20381	1.2268e-002	
15722	5.1422e-002	0.20431	1.2713e-002	
15723	5.3307e-002	0.2048	1.3146e-002	
15724	5.5208e-002	0.2053	1.3575e-002	
15725	5.7096e-002	0.2058	1.3992e-002	
15726	4.95e-002	0.2038	1.2263e-002	
15727	4.7908e-002	0.20339	1.1883e-002	
15728	4.6328e-002	0.20297	1.15e-002	
15729	4.4738e-002	0.20255	1.1108e-002	
15730	4.3161e-002	0.20214	1.0713e-002	
15731	4.1574e-002	0.20172	1.0308e-002	
15732	5.7426e-002	0.20172	1.0308e-002	
15733	5.5839e-002	0.20214	1.0713e-002	
15734	5.4262e-002	0.20255	1.1108e-002	
15735	5.2672e-002	0.20297	1.15e-002	
15736	5.1092e-002	0.20339	1.1883e-002	
15737	4.9514e-002	0.20481	1.315e-002	
15738	4.7936e-002	0.20522	1.3505e-002	
15739	4.6347e-002	0.20564	1.3857e-002	
15740	4.4766e-002	0.20605	1.4202e-002	
15741	4.3176e-002	0.20647	1.4543e-002	
15742	4.1593e-002	0.20688	1.4877e-002	
15743	5.7412e-002	0.20688	1.4877e-002	
15744	5.5834e-002	0.20647	1.4543e-002	
15745	5.4248e-002	0.20605	1.4202e-002	
15746	5.2672e-002	0.20564	1.3857e-002	
15747	5.1088e-002	0.20522	1.3505e-002	
15748	4.7595e-002	0.2043	1.2709e-002	
15749	4.5686e-002	0.2038	1.2262e-002	
15750	4.3794e-002	0.20331	1.181e-002	
15751	4.1888e-002	0.20281	1.1346e-002	
15752	4.1908e-002	0.2058	1.3991e-002	
15753	4.3801e-002	0.2053	1.3573e-002	
15754	4.5706e-002	0.2048	1.3143e-002	
15755	4.1908e-002	0.2058	1.5287e-002	
15756	4.38e-002	0.2053	1.4879e-002	
15757	4.5705e-002	0.2048	1.446e-002	
15758	4.e-002	0.2063	1.5691e-002	
15759	4.7595e-002	0.2043	1.4037e-002	
15760	4.5686e-002	0.2038	1.3601e-002	
15761	4.3794e-002	0.20331	1.316e-002	
15762	4.1888e-002	0.20281	1.2708e-002	
15763	4.e-002	0.20231	1.2251e-002	
15764	5.7412e-002	0.20688	1.6152e-002	
15765	5.5834e-002	0.20647	1.5826e-002	
15766	5.4248e-002	0.20605	1.5493e-002	
15767	5.2672e-002	0.20564	1.5156e-002	
15768	5.1088e-002	0.20522	1.4813e-002	
15769	5.9e-002	0.2073	1.6476e-002	
15770	4.9514e-002	0.20481	1.4466e-002	
15771	4.7936e-002	0.20522	1.4813e-002	
15772	4.6347e-002	0.20564	1.5156e-002	
15773	4.4766e-002	0.20605	1.5493e-002	
15774	4.3175e-002	0.20647	1.5826e-002	
15775	4.1593e-002	0.20688	1.6152e-002	
15776	4.e-002	0.2073	1.6476e-002	
15777	5.7426e-002	0.20172	1.1699e-002	
15778	5.5839e-002	0.20214	1.2092e-002	
15779	5.4262e-002	0.20255	1.2477e-002	
15780	5.2672e-002	0.20297	1.2858e-002	
15781	5.1092e-002	0.20339	1.3232e-002	
15782	5.9e-002	0.20131	1.1302e-002	
15783	4.95e-002	0.2038	1.3602e-002	
15784	4.7908e-002	0.20339	1.3232e-002	
15785	4.6328e-002	0.20297	1.2858e-002	
15786	4.4738e-002	0.20255	1.2477e-002	
15787	4.3161e-002	0.20214	1.2092e-002	
15788	4.1574e-002	0.20172	1.1699e-002	
15789	4.e-002	0.20131	1.1302e-002	
15790	5.3307e-002	0.2048	1.4463e-002	
15791	5.5208e-002	0.2053	1.4881e-002	
15792	5.7097e-002	0.2058	1.5288e-002	
15793	5.9e-002	0.2063	1.5691e-002	
15794	5.1422e-002	0.20431	1.404e-002	
15795	5.7116e-002	0.20282	1.2719e-002	
15796	5.5215e-002	0.20332	1.3169e-002	
15797	5.3326e-002	0.20381	1.3607e-002	
15798	5.9e-002	0.20232	1.2265e-002	
15799	9.5141e-003	9.5807e-002	1.2612e-002	
15800	7.9199e-003	9.6224e-002	1.2239e-002	
15801	6.3373e-003	9.6638e-002	1.1862e-002	
15802	4.7454e-003	9.7055e-002	1.1477e-002	
15803	3.1658e-003	9.7468e-002	1.1088e-002	
15804	1.5765e-003	9.7884e-002	1.0691e-002	
15805	0.	9.8296e-002	1.029e-002	
15806	1.9e-002	9.8296e-002	1.029e-002	
15807	1.7428e-002	9.7884e-002	1.0691e-002	
15808	1.5844e-002	9.7468e-002	1.1088e-002	
15809	1.4269e-002	9.7055e-002	1.1477e-002	
15810	1.2682e-002	9.6638e-002	1.1862e-002	
15811	1.1104e-002	9.6224e-002	1.2239e-002	
15812	7.5949e-003	9.5303e-002	1.3055e-002	
15813	5.7054e-003	9.4807e-002	1.3482e-002	
15814	3.8006e-003	9.4307e-002	1.3905e-002	
15815	1.9076e-003	9.381e-002	1.4317e-002	
15816	-7.8165e-018	9.331e-002	1.4725e-002	
15817	0.	9.7296e-002	1.125e-002	
15818	1.8883e-003	9.6801e-002	1.1712e-002	
15819	3.7937e-003	9.6301e-002	1.2169e-002	
15820	5.6862e-003	9.5804e-002	1.2614e-002	
15821	9.5e-003	9.4803e-002	1.3486e-002	
15822	7.924e-003	9.4389e-002	1.3836e-002	
15823	6.3375e-003	9.3973e-002	1.4183e-002	
15824	4.7591e-003	9.3559e-002	1.4523e-002	
15825	3.1707e-003	9.3142e-002	1.486e-002	
15826	1.5902e-003	9.2727e-002	1.5189e-002	
15827	0.	9.231e-002	1.5516e-002	
15828	1.9e-002	9.231e-002	1.5516e-002	
15829	1.741e-002	9.2727e-002	1.5189e-002	
15830	1.5829e-002	9.3142e-002	1.486e-002	
15831	1.4241e-002	9.3559e-002	1.4523e-002	
15832	1.2663e-002	9.3973e-002	1.4183e-002	
15833	1.1076e-002	9.4389e-002	1.3836e-002	
15834	1.9e-002	9.7296e-002	1.125e-002	
15835	1.7116e-002	9.6802e-002	1.1711e-002	
15836	1.5215e-002	9.6303e-002	1.2167e-002	
15837	1.3326e-002	9.5807e-002	1.2611e-002	
15838	1.1422e-002	9.5308e-002	1.3051e-002	
15839	1.3307e-002	9.4814e-002	1.3476e-002	
15840	1.5208e-002	9.4317e-002	1.3897e-002	
15841	1.7097e-002	9.3823e-002	1.4307e-002	
15842	1.9e-002	9.3325e-002	1.4713e-002	
15843	1.9e-002	9.8296e-002	1.168e-002	
15844	1.9e-002	9.7296e-002	1.2615e-002	
15845	1.9e-002	9.231e-002	1.6777e-002	
15846	1.9e-002	9.3325e-002	1.5992e-002	
15847	0.	9.8296e-002	1.168e-002	
15848	-2.587e-021	9.7296e-002	1.2615e-002	
15849	-7.8165e-018	9.331e-002	1.6003e-002	
15850	0.	9.231e-002	1.6777e-002	
15851	1.3307e-002	9.4814e-002	1.4785e-002	
15852	1.5208e-002	9.4317e-002	1.5195e-002	
15853	1.7097e-002	9.3823e-002	1.5596e-002	
15854	1.1422e-002	9.5308e-002	1.437e-002	
15855	1.7116e-002	9.6802e-002	1.3064e-002	
15856	1.5214e-002	9.6303e-002	1.3508e-002	
15857	1.3326e-002	9.5807e-002	1.3941e-002	
15858	1.741e-002	9.2727e-002	1.6457e-002	
15859	1.583e-002	9.3142e-002	1.6135e-002	
15860	1.4241e-002	9.3559e-002	1.5807e-002	
15861	1.2663e-002	9.3973e-002	1.5475e-002	
15862	1.1076e-002	9.4389e-002	1.5136e-002	
15863	9.5e-003	9.4803e-002	1.4794e-002	
15864	7.9238e-003	9.4389e-002	1.5136e-002	
15865	6.3372e-003	9.3973e-002	1.5475e-002	
15866	4.7588e-003	9.3559e-002	1.5807e-002	
15867	3.1705e-003	9.3142e-002	1.6135e-002	
15868	1.59e-003	9.2727e-002	1.6457e-002	
15869	1.8885e-003	9.6801e-002	1.3065e-002	
15870	3.794e-003	9.6301e-002	1.351e-002	
15871	5.6863e-003	9.5804e-002	1.3944e-002	
15872	7.5949e-003	9.5303e-002	1.4373e-002	
15873	5.7053e-003	9.4807e-002	1.479e-002	
15874	3.8004e-003	9.4307e-002	1.5203e-002	
15875	1.9075e-003	9.381e-002	1.5606e-002	
15876	1.7428e-002	9.7884e-002	1.207e-002	
15877	1.5843e-002	9.7468e-002	1.2457e-002	
15878	1.4268e-002	9.7055e-002	1.2836e-002	
15879	1.2681e-002	9.6638e-002	1.3211e-002	
15880	1.1103e-002	9.6224e-002	1.3578e-002	
15881	9.5141e-003	9.5807e-002	1.3942e-002	
15882	7.9201e-003	9.6224e-002	1.3578e-002	
15883	6.3377e-003	9.6638e-002	1.3211e-002	
15884	4.7459e-003	9.7055e-002	1.2836e-002	
15885	3.1662e-003	9.7468e-002	1.2457e-002	
15886	1.5768e-003	9.7884e-002	1.207e-002	
15887	2.e-002	9.7296e-002	1.125e-002	
15888	2.1888e-002	9.6801e-002	1.1712e-002	
15889	2.3794e-002	9.6301e-002	1.2169e-002	
15890	2.5686e-002	9.5804e-002	1.2614e-002	
15891	2.7595e-002	9.5303e-002	1.3055e-002	
15892	2.5705e-002	9.4807e-002	1.3482e-002	
15893	2.3801e-002	9.4307e-002	1.3905e-002	
15894	2.1908e-002	9.381e-002	1.4317e-002	
15895	2.e-002	9.331e-002	1.4725e-002	
15896	3.9e-002	9.8296e-002	1.029e-002	
15897	3.7428e-002	9.7884e-002	1.0691e-002	
15898	3.5844e-002	9.7468e-002	1.1088e-002	
15899	3.4269e-002	9.7055e-002	1.1477e-002	
15900	3.2682e-002	9.6638e-002	1.1862e-002	
15901	3.1104e-002	9.6224e-002	1.2239e-002	
15902	2.9514e-002	9.5807e-002	1.2612e-002	
15903	2.792e-002	9.6224e-002	1.2239e-002	
15904	2.6337e-002	9.6638e-002	1.1862e-002	
15905	2.4745e-002	9.7055e-002	1.1477e-002	
15906	2.3166e-002	9.7468e-002	1.1088e-002	
15907	2.1577e-002	9.7884e-002	1.0691e-002	
15908	2.e-002	9.8296e-002	1.029e-002	
15909	3.1422e-002	9.5308e-002	1.3051e-002	
15910	3.3307e-002	9.4814e-002	1.3476e-002	
15911	3.5208e-002	9.4317e-002	1.3897e-002	
15912	3.7097e-002	9.3823e-002	1.4307e-002	
15913	3.9e-002	9.3325e-002	1.4713e-002	
15914	3.9e-002	9.7296e-002	1.125e-002	
15915	3.7116e-002	9.6802e-002	1.1711e-002	
15916	3.5215e-002	9.6303e-002	1.2167e-002	
15917	3.3326e-002	9.5807e-002	1.2611e-002	
15918	3.9e-002	9.231e-002	1.5516e-002	
15919	3.741e-002	9.2727e-002	1.5189e-002	
15920	3.5829e-002	9.3142e-002	1.486e-002	
15921	3.4241e-002	9.3559e-002	1.4523e-002	
15922	3.2663e-002	9.3973e-002	1.4183e-002	
15923	3.1076e-002	9.4389e-002	1.3836e-002	
15924	2.95e-002	9.4803e-002	1.3486e-002	
15925	2.7924e-002	9.4389e-002	1.3836e-002	
15926	2.6337e-002	9.3973e-002	1.4183e-002	
15927	2.4759e-002	9.3559e-002	1.4523e-002	
15928	2.3171e-002	9.3142e-002	1.486e-002	
15929	2.159e-002	9.2727e-002	1.5189e-002	
15930	2.e-002	9.231e-002	1.5516e-002	
15931	3.9e-002	9.3325e-002	1.5992e-002	
15932	3.9e-002	9.231e-002	1.6777e-002	
15933	3.9e-002	9.8296e-002	1.168e-002	
15934	3.9e-002	9.7296e-002	1.2615e-002	
15935	2.e-002	9.331e-002	1.6003e-002	
15936	2.e-002	9.231e-002	1.6777e-002	
15937	2.e-002	9.7296e-002	1.2615e-002	
15938	2.e-002	9.8296e-002	1.168e-002	
15939	2.7924e-002	9.4389e-002	1.5136e-002	
15940	2.6337e-002	9.3973e-002	1.5475e-002	
15941	2.4759e-002	9.3559e-002	1.5807e-002	
15942	2.317e-002	9.3142e-002	1.6135e-002	
15943	2.159e-002	9.2727e-002	1.6457e-002	
15944	2.95e-002	9.4803e-002	1.4794e-002	
15945	3.741e-002	9.2727e-002	1.6457e-002	
15946	3.583e-002	9.3142e-002	1.6135e-002	
15947	3.4241e-002	9.3559e-002	1.5807e-002	
15948	3.2663e-002	9.3973e-002	1.5475e-002	
15949	3.1076e-002	9.4389e-002	1.5136e-002	
15950	3.7116e-002	9.6802e-002	1.3064e-002	
15951	3.5214e-002	9.6303e-002	1.3508e-002	
15952	3.3326e-002	9.5807e-002	1.3941e-002	
15953	3.1422e-002	9.5308e-002	1.437e-002	
15954	3.3307e-002	9.4814e-002	1.4785e-002	
15955	3.5208e-002	9.4317e-002	1.5195e-002	
15956	3.7097e-002	9.3823e-002	1.5596e-002	
15957	2.792e-002	9.6224e-002	1.3578e-002	
15958	2.6338e-002	9.6638e-002	1.3211e-002	
15959	2.4746e-002	9.7055e-002	1.2836e-002	
15960	2.3166e-002	9.7468e-002	1.2457e-002	
15961	2.1577e-002	9.7884e-002	1.207e-002	
15962	2.9514e-002	9.5807e-002	1.3942e-002	
15963	3.7428e-002	9.7884e-002	1.207e-002	
15964	3.5843e-002	9.7468e-002	1.2457e-002	
15965	3.4268e-002	9.7055e-002	1.2836e-002	
15966	3.2681e-002	9.6638e-002	1.3211e-002	
15967	3.1103e-002	9.6224e-002	1.3578e-002	
15968	2.5705e-002	9.4807e-002	1.479e-002	
15969	2.38e-002	9.4307e-002	1.5203e-002	
15970	2.1907e-002	9.381e-002	1.5606e-002	
15971	2.7595e-002	9.5303e-002	1.4373e-002	
15972	2.1888e-002	9.6801e-002	1.3065e-002	
15973	2.3794e-002	9.6301e-002	1.351e-002	
15974	2.5686e-002	9.5804e-002	1.3944e-002	
15975	4.e-002	9.7296e-002	1.125e-002	
15976	4.1888e-002	9.6801e-002	1.1712e-002	
15977	4.3794e-002	9.6301e-002	1.2169e-002	
15978	4.5686e-002	9.5804e-002	1.2614e-002	
15979	4.7595e-002	9.5303e-002	1.3055e-002	
15980	4.5705e-002	9.4807e-002	1.3482e-002	
15981	4.3801e-002	9.4307e-002	1.3905e-002	
15982	4.1908e-002	9.381e-002	1.4317e-002	
15983	4.e-002	9.331e-002	1.4725e-002	
15984	5.9e-002	9.8296e-002	1.029e-002	
15985	5.7428e-002	9.7884e-002	1.0691e-002	
15986	5.5844e-002	9.7468e-002	1.1088e-002	
15987	5.4269e-002	9.7055e-002	1.1477e-002	
15988	5.2682e-002	9.6638e-002	1.1862e-002	
15989	5.1104e-002	9.6224e-002	1.2239e-002	
15990	4.9514e-002	9.5807e-002	1.2612e-002	
15991	4.792e-002	9.6224e-002	1.2239e-002	
15992	4.6337e-002	9.6638e-002	1.1862e-002	
15993	4.4745e-002	9.7055e-002	1.1477e-002	
15994	4.3166e-002	9.7468e-002	1.1088e-002	
15995	4.1577e-002	9.7884e-002	1.0691e-002	
15996	4.e-002	9.8296e-002	1.029e-002	
15997	5.1422e-002	9.5308e-002	1.3051e-002	
15998	5.3307e-002	9.4814e-002	1.3476e-002	
15999	5.5208e-002	9.4317e-002	1.3897e-002	
16000	5.7097e-002	9.3823e-002	1.4307e-002	
16001	5.9e-002	9.3325e-002	1.4713e-002	
16002	5.9e-002	9.7296e-002	1.125e-002	
16003	5.7116e-002	9.6802e-002	1.1711e-002	
16004	5.5215e-002	9.6303e-002	1.2167e-002	
16005	5.3326e-002	9.5807e-002	1.2611e-002	
16006	5.9e-002	9.231e-002	1.5516e-002	
16007	5.741e-002	9.2727e-002	1.5189e-002	
16008	5.5829e-002	9.3142e-002	1.486e-002	
16009	5.4241e-002	9.3559e-002	1.4523e-002	
16010	5.2663e-002	9.3973e-002	1.4183e-002	
16011	5.1076e-002	9.4389e-002	1.3836e-002	
16012	4.95e-002	9.4803e-002	1.3486e-002	
16013	4.7924e-002	9.4389e-002	1.3836e-002	
16014	4.6337e-002	9.3973e-002	1.4183e-002	
16015	4.4759e-002	9.3559e-002	1.4523e-002	
16016	4.3171e-002	9.3142e-002	1.486e-002	
16017	4.159e-002	9.2727e-002	1.5189e-002	
16018	4.e-002	9.231e-002	1.5516e-002	
16019	5.9e-002	9.3325e-002	1.5992e-002	
16020	5.9e-002	9.231e-002	1.6777e-002	
16021	5.9e-002	9.8296e-002	1.168e-002	
16022	5.9e-002	9.7296e-002	1.2615e-002	
16023	4.e-002	9.331e-002	1.6003e-002	
16024	4.e-002	9.231e-002	1.6777e-002	
16025	4.e-002	9.7296e-002	1.2615e-002	
16026	4.e-002	9.8296e-002	1.168e-002	
16027	4.7924e-002	9.4389e-002	1.5136e-002	
16028	4.6337e-002	9.3973e-002	1.5475e-002	
16029	4.4759e-002	9.3559e-002	1.5807e-002	
16030	4.317e-002	9.3142e-002	1.6135e-002	
16031	4.159e-002	9.2727e-002	1.6457e-002	
16032	4.95e-002	9.4803e-002	1.4794e-002	
16033	5.741e-002	9.2727e-002	1.6457e-002	
16034	5.583e-002	9.3142e-002	1.6135e-002	
16035	5.4241e-002	9.3559e-002	1.5807e-002	
16036	5.2663e-002	9.3973e-002	1.5475e-002	
16037	5.1076e-002	9.4389e-002	1.5136e-002	
16038	5.7116e-002	9.6802e-002	1.3064e-002	
16039	5.5214e-002	9.6303e-002	1.3508e-002	
16040	5.3326e-002	9.5807e-002	1.3941e-002	
16041	5.1422e-002	9.5308e-002	1.437e-002	
16042	5.3307e-002	9.4814e-002	1.4785e-002	
16043	5.5208e-002	9.4317e-002	1.5195e-002	
16044	5.7097e-002	9.3823e-002	1.5596e-002	
16045	4.792e-002	9.6224e-002	1.3578e-002	
16046	4.6338e-002	9.6638e-002	1.3211e-002	
16047	4.4746e-002	9.7055e-002	1.2836e-002	
16048	4.3166e-002	9.7468e-002	1.2457e-002	
16049	4.1577e-002	9.7884e-002	1.207e-002	
16050	4.9514e-002	9.5807e-002	1.3942e-002	
16051	5.7428e-002	9.7884e-002	1.207e-002	
16052	5.5843e-002	9.7468e-002	1.2457e-002	
16053	5.4268e-002	9.7055e-002	1.2836e-002	
16054	5.2681e-002	9.6638e-002	1.3211e-002	
16055	5.1103e-002	9.6224e-002	1.3578e-002	
16056	4.5705e-002	9.4807e-002	1.479e-002	
16057	4.38e-002	9.4307e-002	1.5203e-002	
16058	4.1907e-002	9.381e-002	1.5606e-002	
16059	4.7595e-002	9.5303e-002	1.4373e-002	
16060	4.1888e-002	9.6801e-002	1.3065e-002	
16061	4.3794e-002	9.6301e-002	1.351e-002	
16062	4.5686e-002	9.5804e-002	1.3944e-002	
16063	0.	0.1973	1.125e-002	
16064	1.8883e-003	0.1968	1.1712e-002	
16065	3.7937e-003	0.1963	1.2169e-002	
16066	5.6862e-003	0.1958	1.2614e-002	
16067	7.5949e-003	0.1953	1.3055e-002	
16068	5.7054e-003	0.19481	1.3482e-002	
16069	3.8006e-003	0.19431	1.3905e-002	
16070	1.9076e-003	0.19381	1.4317e-002	
16071	-7.8165e-018	0.19331	1.4725e-002	
16072	1.9e-002	0.1983	1.029e-002	
16073	1.7428e-002	0.19788	1.0691e-002	
16074	1.5844e-002	0.19747	1.1088e-002	
16075	1.4269e-002	0.19705	1.1477e-002	
16076	1.2682e-002	0.19664	1.1862e-002	
16077	1.1104e-002	0.19622	1.2239e-002	
16078	9.5141e-003	0.19581	1.2612e-002	
16079	7.9199e-003	0.19622	1.2239e-002	
16080	6.3373e-003	0.19664	1.1862e-002	
16081	4.7454e-003	0.19705	1.1477e-002	
16082	3.1658e-003	0.19747	1.1088e-002	
16083	1.5765e-003	0.19788	1.0691e-002	
16084	0.	0.1983	1.029e-002	
16085	1.1422e-002	0.19531	1.3051e-002	
16086	1.3307e-002	0.19481	1.3476e-002	
16087	1.5208e-002	0.19432	1.3897e-002	
16088	1.7097e-002	0.19382	1.4307e-002	
16089	1.9e-002	0.19332	1.4713e-002	
16090	1.9e-002	0.1973	1.125e-002	
16091	1.7116e-002	0.1968	1.1711e-002	
16092	1.5215e-002	0.1963	1.2167e-002	
16093	1.3326e-002	0.19581	1.2611e-002	
16094	1.9e-002	0.19231	1.5516e-002	
16095	1.741e-002	0.19273	1.5189e-002	
16096	1.5829e-002	0.19314	1.486e-002	
16097	1.4241e-002	0.19356	1.4523e-002	
16098	1.2663e-002	0.19397	1.4183e-002	
16099	1.1076e-002	0.19439	1.3836e-002	
16100	9.5e-003	0.1948	1.3486e-002	
16101	7.924e-003	0.19439	1.3836e-002	
16102	6.3375e-003	0.19397	1.4183e-002	
16103	4.7591e-003	0.19356	1.4523e-002	
16104	3.1707e-003	0.19314	1.486e-002	
16105	1.5902e-003	0.19273	1.5189e-002	
16106	0.	0.19231	1.5516e-002	
16107	1.9e-002	0.19332	1.5992e-002	
16108	1.9e-002	0.19231	1.6777e-002	
16109	1.9e-002	0.1983	1.168e-002	
16110	1.9e-002	0.1973	1.2615e-002	
16111	-7.8165e-018	0.19331	1.6003e-002	
16112	0.	0.19231	1.6777e-002	
16113	-2.587e-021	0.1973	1.2615e-002	
16114	0.	0.1983	1.168e-002	
16115	7.9238e-003	0.19439	1.5136e-002	
16116	6.3372e-003	0.19397	1.5475e-002	
16117	4.7588e-003	0.19356	1.5807e-002	
16118	3.1705e-003	0.19314	1.6135e-002	
16119	1.59e-003	0.19273	1.6457e-002	
16120	9.5e-003	0.1948	1.4794e-002	
16121	1.741e-002	0.19273	1.6457e-002	
16122	1.583e-002	0.19314	1.6135e-002	
16123	1.4241e-002	0.19356	1.5807e-002	
16124	1.2663e-002	0.19397	1.5475e-002	
16125	1.1076e-002	0.19439	1.5136e-002	
16126	1.7116e-002	0.1968	1.3064e-002	
16127	1.5214e-002	0.1963	1.3508e-002	
16128	1.3326e-002	0.19581	1.3941e-002	
16129	1.1422e-002	0.19531	1.437e-002	
16130	1.3307e-002	0.19481	1.4785e-002	
16131	1.5208e-002	0.19432	1.5195e-002	
16132	1.7097e-002	0.19382	1.5596e-002	
16133	7.9201e-003	0.19622	1.3578e-002	
16134	6.3377e-003	0.19664	1.3211e-002	
16135	4.7459e-003	0.19705	1.2836e-002	
16136	3.1662e-003	0.19747	1.2457e-002	
16137	1.5768e-003	0.19788	1.207e-002	
16138	9.5141e-003	0.19581	1.3942e-002	
16139	1.7428e-002	0.19788	1.207e-002	
16140	1.5843e-002	0.19747	1.2457e-002	
16141	1.4268e-002	0.19705	1.2836e-002	
16142	1.2681e-002	0.19664	1.3211e-002	
16143	1.1103e-002	0.19622	1.3578e-002	
16144	5.7053e-003	0.19481	1.479e-002	
16145	3.8004e-003	0.19431	1.5203e-002	
16146	1.9075e-003	0.19381	1.5606e-002	
16147	7.5949e-003	0.1953	1.4373e-002	
16148	1.8885e-003	0.1968	1.3065e-002	
16149	3.794e-003	0.1963	1.351e-002	
16150	5.6863e-003	0.1958	1.3944e-002	
16151	2.e-002	0.1973	1.125e-002	
16152	2.1888e-002	0.1968	1.1712e-002	
16153	2.3794e-002	0.1963	1.2169e-002	
16154	2.5686e-002	0.1958	1.2614e-002	
16155	2.7595e-002	0.1953	1.3055e-002	
16156	2.5705e-002	0.19481	1.3482e-002	
16157	2.3801e-002	0.19431	1.3905e-002	
16158	2.1908e-002	0.19381	1.4317e-002	
16159	2.e-002	0.19331	1.4725e-002	
16160	3.9e-002	0.1983	1.029e-002	
16161	3.7428e-002	0.19788	1.0691e-002	
16162	3.5844e-002	0.19747	1.1088e-002	
16163	3.4269e-002	0.19705	1.1477e-002	
16164	3.2682e-002	0.19664	1.1862e-002	
16165	3.1104e-002	0.19622	1.2239e-002	
16166	2.9514e-002	0.19581	1.2612e-002	
16167	2.792e-002	0.19622	1.2239e-002	
16168	2.6337e-002	0.19664	1.1862e-002	
16169	2.4745e-002	0.19705	1.1477e-002	
16170	2.3166e-002	0.19747	1.1088e-002	
16171	2.1577e-002	0.19788	1.0691e-002	
16172	2.e-002	0.1983	1.029e-002	
16173	3.1422e-002	0.19531	1.3051e-002	
16174	3.3307e-002	0.19481	1.3476e-002	
16175	3.5208e-002	0.19432	1.3897e-002	
16176	3.7097e-002	0.19382	1.4307e-002	
16177	3.9e-002	0.19332	1.4713e-002	
16178	3.9e-002	0.1973	1.125e-002	
16179	3.7116e-002	0.1968	1.1711e-002	
16180	3.5215e-002	0.1963	1.2167e-002	
16181	3.3326e-002	0.19581	1.2611e-002	
16182	3.9e-002	0.19231	1.5516e-002	
16183	3.741e-002	0.19273	1.5189e-002	
16184	3.5829e-002	0.19314	1.486e-002	
16185	3.4241e-002	0.19356	1.4523e-002	
16186	3.2663e-002	0.19397	1.4183e-002	
16187	3.1076e-002	0.19439	1.3836e-002	
16188	2.95e-002	0.1948	1.3486e-002	
16189	2.7924e-002	0.19439	1.3836e-002	
16190	2.6337e-002	0.19397	1.4183e-002	
16191	2.4759e-002	0.19356	1.4523e-002	
16192	2.3171e-002	0.19314	1.486e-002	
16193	2.159e-002	0.19273	1.5189e-002	
16194	2.e-002	0.19231	1.5516e-002	
16195	3.9e-002	0.19332	1.5992e-002	
16196	3.9e-002	0.19231	1.6777e-002	
16197	3.9e-002	0.1983	1.168e-002	
16198	3.9e-002	0.1973	1.2615e-002	
16199	2.e-002	0.19331	1.6003e-002	
16200	2.e-002	0.19231	1.6777e-002	
16201	2.e-002	0.1973	1.2615e-002	
16202	2.e-002	0.1983	1.168e-002	
16203	2.7924e-002	0.19439	1.5136e-002	
16204	2.6337e-002	0.19397	1.5475e-002	
16205	2.4759e-002	0.19356	1.5807e-002	
16206	2.317e-002	0.19314	1.6135e-002	
16207	2.159e-002	0.19273	1.6457e-002	
16208	2.95e-002	0.1948	1.4794e-002	
16209	3.741e-002	0.19273	1.6457e-002	
16210	3.583e-002	0.19314	1.6135e-002	
16211	3.4241e-002	0.19356	1.5807e-002	
16212	3.2663e-002	0.19397	1.5475e-002	
16213	3.1076e-002	0.19439	1.5136e-002	
16214	3.7116e-002	0.1968	1.3064e-002	
16215	3.5214e-002	0.1963	1.3508e-002	
16216	3.3326e-002	0.19581	1.3941e-002	
16217	3.1422e-002	0.19531	1.437e-002	
16218	3.3307e-002	0.19481	1.4785e-002	
16219	3.5208e-002	0.19432	1.5195e-002	
16220	3.7097e-002	0.19382	1.5596e-002	
16221	2.792e-002	0.19622	1.3578e-002	
16222	2.6338e-002	0.19664	1.3211e-002	
16223	2.4746e-002	0.19705	1.2836e-002	
16224	2.3166e-002	0.19747	1.2457e-002	
16225	2.1577e-002	0.19788	1.207e-002	
16226	2.9514e-002	0.19581	1.3942e-002	
16227	3.7428e-002	0.19788	1.207e-002	
16228	3.5843e-002	0.19747	1.2457e-002	
16229	3.4268e-002	0.19705	1.2836e-002	
16230	3.2681e-002	0.19664	1.3211e-002	
16231	3.1103e-002	0.19622	1.3578e-002	
16232	2.5705e-002	0.19481	1.479e-002	
16233	2.38e-002	0.19431	1.5203e-002	
16234	2.1907e-002	0.19381	1.5606e-002	
16235	2.7595e-002	0.1953	1.4373e-002	
16236	2.1888e-002	0.1968	1.3065e-002	
16237	2.3794e-002	0.1963	1.351e-002	
16238	2.5686e-002	0.1958	1.3944e-002	
16239	4.e-002	0.1973	1.125e-002	
16240	4.1888e-002	0.1968	1.1712e-002	
16241	4.3794e-002	0.1963	1.2169e-002	
16242	4.5686e-002	0.1958	1.2614e-002	
16243	4.7595e-002	0.1953	1.3055e-002	
16244	4.5705e-002	0.19481	1.3482e-002	
16245	4.3801e-002	0.19431	1.3905e-002	
16246	4.1908e-002	0.19381	1.4317e-002	
16247	4.e-002	0.19331	1.4725e-002	
16248	5.9e-002	0.1983	1.029e-002	
16249	5.7428e-002	0.19788	1.0691e-002	
16250	5.5844e-002	0.19747	1.1088e-002	
16251	5.4269e-002	0.19705	1.1477e-002	
16252	5.2682e-002	0.19664	1.1862e-002	
16253	5.1104e-002	0.19622	1.2239e-002	
16254	4.9514e-002	0.19581	1.2612e-002	
16255	4.792e-002	0.19622	1.2239e-002	
16256	4.6337e-002	0.19664	1.1862e-002	
16257	4.4745e-002	0.19705	1.1477e-002	
16258	4.3166e-002	0.19747	1.1088e-002	
16259	4.1577e-002	0.19788	1.0691e-002	
16260	4.e-002	0.1983	1.029e-002	
16261	5.1422e-002	0.19531	1.3051e-002	
16262	5.3307e-002	0.19481	1.3476e-002	
16263	5.5208e-002	0.19432	1.3897e-002	
16264	5.7097e-002	0.19382	1.4307e-002	
16265	5.9e-002	0.19332	1.4713e-002	
16266	5.9e-002	0.1973	1.125e-002	
16267	5.7116e-002	0.1968	1.1711e-002	
16268	5.5215e-002	0.1963	1.2167e-002	
16269	5.3326e-002	0.19581	1.2611e-002	
16270	5.9e-002	0.19231	1.5516e-002	
16271	5.741e-002	0.19273	1.5189e-002	
16272	5.5829e-002	0.19314	1.486e-002	
16273	5.4241e-002	0.19356	1.4523e-002	
16274	5.2663e-002	0.19397	1.4183e-002	
16275	5.1076e-002	0.19439	1.3836e-002	
16276	4.95e-002	0.1948	1.3486e-002	
16277	4.7924e-002	0.19439	1.3836e-002	
16278	4.6337e-002	0.19397	1.4183e-002	
16279	4.4759e-002	0.19356	1.4523e-002	
16280	4.3171e-002	0.19314	1.486e-002	
16281	4.159e-002	0.19273	1.5189e-002	
16282	4.e-002	0.19231	1.5516e-002	
16283	5.9e-002	0.19332	1.5992e-002	
16284	5.9e-002	0.19231	1.6777e-002	
16285	5.9e-002	0.1983	1.168e-002	
16286	5.9e-002	0.1973	1.2615e-002	
16287	4.e-002	0.19331	1.6003e-002	
16288	4.e-002	0.19231	1.6777e-002	
16289	4.e-002	0.1973	1.2615e-002	
16290	4.e-002	0.1983	1.168e-002	
16291	4.7924e-002	0.19439	1.5136e-002	
16292	4.6337e-002	0.19397	1.5475e-002	
16293	4.4759e-002	0.19356	1.5807e-002	
16294	4.317e-002	0.19314	1.6135e-002	
16295	4.159e-002	0.19273	1.6457e-002	
16296	4.95e-002	0.1948	1.4794e-002	
16297	5.741e-002	0.19273	1.6457e-002	
16298	5.583e-002	0.19314	1.6135e-002	
16299	5.4241e-002	0.19356	1.5807e-002	
16300	5.2663e-002	0.19397	1.5475e-002	
16301	5.1076e-002	0.19439	1.5136e-002	
16302	5.7116e-002	0.1968	1.3064e-002	
16303	5.5214e-002	0.1963	1.3508e-002	
16304	5.3326e-002	0.19581	1.3941e-002	
16305	5.1422e-002	0.19531	1.437e-002	
16306	5.3307e-002	0.19481	1.4785e-002	
16307	5.5208e-002	0.19432	1.5195e-002	
16308	5.7097e-002	0.19382	1.5596e-002	
16309	4.792e-002	0.19622	1.3578e-002	
16310	4.6338e-002	0.19664	1.3211e-002	
16311	4.4746e-002	0.19705	1.2836e-002	
16312	4.3166e-002	0.19747	1.2457e-002	
16313	4.1577e-002	0.19788	1.207e-002	
16314	4.9514e-002	0.19581	1.3942e-002	
16315	5.7428e-002	0.19788	1.207e-002	
16316	5.5843e-002	0.19747	1.2457e-002	
16317	5.4268e-002	0.19705	1.2836e-002	
16318	5.2681e-002	0.19664	1.3211e-002	
16319	5.1103e-002	0.19622	1.3578e-002	
16320	4.5705e-002	0.19481	1.479e-002	
16321	4.38e-002	0.19431	1.5203e-002	
16322	4.1907e-002	0.19381	1.5606e-002	
16323	4.7595e-002	0.1953	1.4373e-002	
16324	4.1888e-002	0.1968	1.3065e-002	
16325	4.3794e-002	0.1963	1.351e-002	
16326	4.5686e-002	0.1958	1.3944e-002	
16327	0.	0.2973	1.125e-002	
16328	1.8883e-003	0.2968	1.1712e-002	
16329	3.7937e-003	0.2963	1.2169e-002	
16330	5.6862e-003	0.2958	1.2614e-002	
16331	7.5949e-003	0.2953	1.3055e-002	
16332	5.7054e-003	0.29481	1.3482e-002	
16333	3.8006e-003	0.29431	1.3905e-002	
16334	1.9076e-003	0.29381	1.4317e-002	
16335	-7.8165e-018	0.29331	1.4725e-002	
16336	1.9e-002	0.2983	1.029e-002	
16337	1.7428e-002	0.29788	1.0691e-002	
16338	1.5844e-002	0.29747	1.1088e-002	
16339	1.4269e-002	0.29705	1.1477e-002	
16340	1.2682e-002	0.29664	1.1862e-002	
16341	1.1104e-002	0.29622	1.2239e-002	
16342	9.5141e-003	0.29581	1.2612e-002	
16343	7.9199e-003	0.29622	1.2239e-002	
16344	6.3373e-003	0.29664	1.1862e-002	
16345	4.7454e-003	0.29705	1.1477e-002	
16346	3.1658e-003	0.29747	1.1088e-002	
16347	1.5765e-003	0.29788	1.0691e-002	
16348	0.	0.2983	1.029e-002	
16349	1.1422e-002	0.29531	1.3051e-002	
16350	1.3307e-002	0.29481	1.3476e-002	
16351	1.5208e-002	0.29432	1.3897e-002	
16352	1.7097e-002	0.29382	1.4307e-002	
16353	1.9e-002	0.29332	1.4713e-002	
16354	1.9e-002	0.2973	1.125e-002	
16355	1.7116e-002	0.2968	1.1711e-002	
16356	1.5215e-002	0.2963	1.2167e-002	
16357	1.3326e-002	0.29581	1.2611e-002	
16358	1.9e-002	0.29231	1.5516e-002	
16359	1.741e-002	0.29273	1.5189e-002	
16360	1.5829e-002	0.29314	1.486e-002	
16361	1.4241e-002	0.29356	1.4523e-002	
16362	1.2663e-002	0.29397	1.4183e-002	
16363	1.1076e-002	0.29439	1.3836e-002	
16364	9.5e-003	0.2948	1.3486e-002	
16365	7.924e-003	0.29439	1.3836e-002	
16366	6.3375e-003	0.29397	1.4183e-002	
16367	4.7591e-003	0.29356	1.4523e-002	
16368	3.1707e-003	0.29314	1.486e-002	
16369	1.5902e-003	0.29273	1.5189e-002	
16370	0.	0.29231	1.5516e-002	
16371	1.9e-002	0.29332	1.5992e-002	
16372	1.9e-002	0.29231	1.6777e-002	
16373	-7.8165e-018	0.29331	1.6003e-002	
16374	0.	0.29231	1.6777e-002	
16375	1.9e-002	0.2983	1.168e-002	
16376	1.9e-002	0.2973	1.2615e-002	
16377	-2.587e-021	0.2973	1.2615e-002	
16378	0.	0.2983	1.168e-002	
16379	7.9238e-003	0.29439	1.5136e-002	
16380	6.3372e-003	0.29397	1.5475e-002	
16381	4.7588e-003	0.29356	1.5807e-002	
16382	3.1705e-003	0.29314	1.6135e-002	
16383	1.59e-003	0.29273	1.6457e-002	
16384	9.5e-003	0.2948	1.4794e-002	
16385	1.741e-002	0.29273	1.6457e-002	
16386	1.583e-002	0.29314	1.6135e-002	
16387	1.4241e-002	0.29356	1.5807e-002	
16388	1.2663e-002	0.29397	1.5475e-002	
16389	1.1076e-002	0.29439	1.5136e-002	
16390	1.7116e-002	0.2968	1.3064e-002	
16391	1.5214e-002	0.2963	1.3508e-002	
16392	1.3326e-002	0.29581	1.3941e-002	
16393	1.1422e-002	0.29531	1.437e-002	
16394	1.3307e-002	0.29481	1.4785e-002	
16395	1.5208e-002	0.29432	1.5195e-002	
16396	1.7097e-002	0.29382	1.5596e-002	
16397	7.9201e-003	0.29622	1.3578e-002	
16398	6.3377e-003	0.29664	1.3211e-002	
16399	4.7459e-003	0.29705	1.2836e-002	
16400	3.1662e-003	0.29747	1.2457e-002	
16401	1.5768e-003	0.29788	1.207e-002	
16402	9.5141e-003	0.29581	1.3942e-002	
16403	1.7428e-002	0.29788	1.207e-002	
16404	1.5843e-002	0.29747	1.2457e-002	
16405	1.4268e-002	0.29705	1.2836e-002	
16406	1.2681e-002	0.29664	1.3211e-002	
16407	1.1103e-002	0.29622	1.3578e-002	
16408	5.7053e-003	0.29481	1.479e-002	
16409	3.8004e-003	0.29431	1.5203e-002	
16410	1.9075e-003	0.29381	1.5606e-002	
16411	7.5949e-003	0.2953	1.4373e-002	
16412	1.8885e-003	0.2968	1.3065e-002	
16413	3.794e-003	0.2963	1.351e-002	
16414	5.6863e-003	0.2958	1.3944e-002	
16415	2.e-002	0.2973	1.125e-002	
16416	2.1888e-002	0.2968	1.1712e-002	
16417	2.3794e-002	0.2963	1.2169e-002	
16418	2.5686e-002	0.2958	1.2614e-002	
16419	2.7595e-002	0.2953	1.3055e-002	
16420	2.5705e-002	0.29481	1.3482e-002	
16421	2.3801e-002	0.29431	1.3905e-002	
16422	2.1908e-002	0.29381	1.4317e-002	
16423	2.e-002	0.29331	1.4725e-002	
16424	3.9e-002	0.2983	1.029e-002	
16425	3.7428e-002	0.29788	1.0691e-002	
16426	3.5844e-002	0.29747	1.1088e-002	
16427	3.4269e-002	0.29705	1.1477e-002	
16428	3.2682e-002	0.29664	1.1862e-002	
16429	3.1104e-002	0.29622	1.2239e-002	
16430	2.9514e-002	0.29581	1.2612e-002	
16431	2.792e-002	0.29622	1.2239e-002	
16432	2.6337e-002	0.29664	1.1862e-002	
16433	2.4745e-002	0.29705	1.1477e-002	
16434	2.3166e-002	0.29747	1.1088e-002	
16435	2.1577e-002	0.29788	1.0691e-002	
16436	2.e-002	0.2983	1.029e-002	
16437	3.1422e-002	0.29531	1.3051e-002	
16438	3.3307e-002	0.29481	1.3476e-002	
16439	3.5208e-002	0.29432	1.3897e-002	
16440	3.7097e-002	0.29382	1.4307e-002	
16441	3.9e-002	0.29332	1.4713e-002	
16442	3.9e-002	0.2973	1.125e-002	
16443	3.7116e-002	0.2968	1.1711e-002	
16444	3.5215e-002	0.2963	1.2167e-002	
16445	3.3326e-002	0.29581	1.2611e-002	
16446	3.9e-002	0.29231	1.5516e-002	
16447	3.741e-002	0.29273	1.5189e-002	
16448	3.5829e-002	0.29314	1.486e-002	
16449	3.4241e-002	0.29356	1.4523e-002	
16450	3.2663e-002	0.29397	1.4183e-002	
16451	3.1076e-002	0.29439	1.3836e-002	
16452	2.95e-002	0.2948	1.3486e-002	
16453	2.7924e-002	0.29439	1.3836e-002	
16454	2.6337e-002	0.29397	1.4183e-002	
16455	2.4759e-002	0.29356	1.4523e-002	
16456	2.3171e-002	0.29314	1.486e-002	
16457	2.159e-002	0.29273	1.5189e-002	
16458	2.e-002	0.29231	1.5516e-002	
16459	3.9e-002	0.29332	1.5992e-002	
16460	3.9e-002	0.29231	1.6777e-002	
16461	3.9e-002	0.2983	1.168e-002	
16462	3.9e-002	0.2973	1.2615e-002	
16463	2.e-002	0.29331	1.6003e-002	
16464	2.e-002	0.29231	1.6777e-002	
16465	2.e-002	0.2973	1.2615e-002	
16466	2.e-002	0.2983	1.168e-002	
16467	2.7924e-002	0.29439	1.5136e-002	
16468	2.6337e-002	0.29397	1.5475e-002	
16469	2.4759e-002	0.29356	1.5807e-002	
16470	2.317e-002	0.29314	1.6135e-002	
16471	2.159e-002	0.29273	1.6457e-002	
16472	2.95e-002	0.2948	1.4794e-002	
16473	3.741e-002	0.29273	1.6457e-002	
16474	3.583e-002	0.29314	1.6135e-002	
16475	3.4241e-002	0.29356	1.5807e-002	
16476	3.2663e-002	0.29397	1.5475e-002	
16477	3.1076e-002	0.29439	1.5136e-002	
16478	3.7116e-002	0.2968	1.3064e-002	
16479	3.5214e-002	0.2963	1.3508e-002	
16480	3.3326e-002	0.29581	1.3941e-002	
16481	3.1422e-002	0.29531	1.437e-002	
16482	3.3307e-002	0.29481	1.4785e-002	
16483	3.5208e-002	0.29432	1.5195e-002	
16484	3.7097e-002	0.29382	1.5596e-002	
16485	2.792e-002	0.29622	1.3578e-002	
16486	2.6338e-002	0.29664	1.3211e-002	
16487	2.4746e-002	0.29705	1.2836e-002	
16488	2.3166e-002	0.29747	1.2457e-002	
16489	2.1577e-002	0.29788	1.207e-002	
16490	2.9514e-002	0.29581	1.3942e-002	
16491	3.7428e-002	0.29788	1.207e-002	
16492	3.5843e-002	0.29747	1.2457e-002	
16493	3.4268e-002	0.29705	1.2836e-002	
16494	3.2681e-002	0.29664	1.3211e-002	
16495	3.1103e-002	0.29622	1.3578e-002	
16496	2.5705e-002	0.29481	1.479e-002	
16497	2.38e-002	0.29431	1.5203e-002	
16498	2.1907e-002	0.29381	1.5606e-002	
16499	2.7595e-002	0.2953	1.4373e-002	
16500	2.1888e-002	0.2968	1.3065e-002	
16501	2.3794e-002	0.2963	1.351e-002	
16502	2.5686e-002	0.2958	1.3944e-002	
16503	4.e-002	0.2973	1.125e-002	
16504	4.1888e-002	0.2968	1.1712e-002	
16505	4.3794e-002	0.2963	1.2169e-002	
16506	4.5686e-002	0.2958	1.2614e-002	
16507	4.7595e-002	0.2953	1.3055e-002	
16508	4.5705e-002	0.29481	1.3482e-002	
16509	4.3801e-002	0.29431	1.3905e-002	
16510	4.1908e-002	0.29381	1.4317e-002	
16511	4.e-002	0.29331	1.4725e-002	
16512	5.9e-002	0.2983	1.029e-002	
16513	5.7428e-002	0.29788	1.0691e-002	
16514	5.5844e-002	0.29747	1.1088e-002	
16515	5.4269e-002	0.29705	1.1477e-002	
16516	5.2682e-002	0.29664	1.1862e-002	
16517	5.1104e-002	0.29622	1.2239e-002	
16518	4.9514e-002	0.29581	1.2612e-002	
16519	4.792e-002	0.29622	1.2239e-002	
16520	4.6337e-002	0.29664	1.1862e-002	
16521	4.4745e-002	0.29705	1.1477e-002	
16522	4.3166e-002	0.29747	1.1088e-002	
16523	4.1577e-002	0.29788	1.0691e-002	
16524	4.e-002	0.2983	1.029e-002	
16525	5.1422e-002	0.29531	1.3051e-002	
16526	5.3307e-002	0.29481	1.3476e-002	
16527	5.5208e-002	0.29432	1.3897e-002	
16528	5.7097e-002	0.29382	1.4307e-002	
16529	5.9e-002	0.29332	1.4713e-002	
16530	5.9e-002	0.2973	1.125e-002	
16531	5.7116e-002	0.2968	1.1711e-002	
16532	5.5215e-002	0.2963	1.2167e-002	
16533	5.3326e-002	0.29581	1.2611e-002	
16534	5.9e-002	0.29231	1.5516e-002	
16535	5.741e-002	0.29273	1.5189e-002	
16536	5.5829e-002	0.29314	1.486e-002	
16537	5.4241e-002	0.29356	1.4523e-002	
16538	5.2663e-002	0.29397	1.4183e-002	
16539	5.1076e-002	0.29439	1.3836e-002	
16540	4.95e-002	0.2948	1.3486e-002	
16541	4.7924e-002	0.29439	1.3836e-002	
16542	4.6337e-002	0.29397	1.4183e-002	
16543	4.4759e-002	0.29356	1.4523e-002	
16544	4.3171e-002	0.29314	1.486e-002	
16545	4.159e-002	0.29273	1.5189e-002	
16546	4.e-002	0.29231	1.5516e-002	
16547	5.9e-002	0.29332	1.5992e-002	
16548	5.9e-002	0.29231	1.6777e-002	
16549	5.9e-002	0.2983	1.168e-002	
16550	5.9e-002	0.2973	1.2615e-002	
16551	4.e-002	0.29331	1.6003e-002	
16552	4.e-002	0.29231	1.6777e-002	
16553	4.e-002	0.2973	1.2615e-002	
16554	4.e-002	0.2983	1.168e-002	
16555	4.7924e-002	0.29439	1.5136e-002	
16556	4.6337e-002	0.29397	1.5475e-002	
16557	4.4759e-002	0.29356	1.5807e-002	
16558	4.317e-002	0.29314	1.6135e-002	
16559	4.159e-002	0.29273	1.6457e-002	
16560	4.95e-002	0.2948	1.4794e-002	
16561	5.741e-002	0.29273	1.6457e-002	
16562	5.583e-002	0.29314	1.6135e-002	
16563	5.4241e-002	0.29356	1.5807e-002	
16564	5.2663e-002	0.29397	1.5475e-002	
16565	5.1076e-002	0.29439	1.5136e-002	
16566	5.7116e-002	0.2968	1.3064e-002	
16567	5.5214e-002	0.2963	1.3508e-002	
16568	5.3326e-002	0.29581	1.3941e-002	
16569	5.1422e-002	0.29531	1.437e-002	
16570	5.3307e-002	0.29481	1.4785e-002	
16571	5.5208e-002	0.29432	1.5195e-002	
16572	5.7097e-002	0.29382	1.5596e-002	
16573	4.792e-002	0.29622	1.3578e-002	
16574	4.6338e-002	0.29664	1.3211e-002	
16575	4.4746e-002	0.29705	1.2836e-002	
16576	4.3166e-002	0.29747	1.2457e-002	
16577	4.1577e-002	0.29788	1.207e-002	
16578	4.9514e-002	0.29581	1.3942e-002	
16579	5.7428e-002	0.29788	1.207e-002	
16580	5.5843e-002	0.29747	1.2457e-002	
16581	5.4268e-002	0.29705	1.2836e-002	
16582	5.2681e-002	0.29664	1.3211e-002	
16583	5.1103e-002	0.29622	1.3578e-002	
16584	4.5705e-002	0.29481	1.479e-002	
16585	4.38e-002	0.29431	1.5203e-002	
16586	4.1907e-002	0.29381	1.5606e-002	
16587	4.7595e-002	0.2953	1.4373e-002	
16588	4.1888e-002	0.2968	1.3065e-002	
16589	4.3794e-002	0.2963	1.351e-002	
16590	4.5686e-002	0.2958	1.3944e-002	
16591	1.9e-002	9.3246e-003	1.6746e-002	
16592	1.7113e-002	9.8184e-003	1.7103e-002	
16593	1.5213e-002	1.0315e-002	1.7456e-002	
16594	1.3323e-002	1.081e-002	1.7801e-002	
16595	1.1422e-002	1.1308e-002	1.8141e-002	
16596	1.331e-002	1.1803e-002	1.8473e-002	
16597	1.5209e-002	1.2301e-002	1.8801e-002	
16598	1.7099e-002	1.2798e-002	1.9122e-002	
16599	1.9e-002	1.3296e-002	1.9438e-002	
16600	9.5141e-003	1.1807e-002	1.8476e-002	
16601	7.1453e-003	1.2427e-002	1.8883e-002	
16602	4.76e-003	1.3051e-002	1.9283e-002	
16603	2.3878e-003	1.3672e-002	1.9672e-002	
16604	0.	1.4296e-002	2.0055e-002	
16605	1.9e-002	1.4296e-002	2.0055e-002	
16606	1.6619e-002	1.3672e-002	1.9672e-002	
16607	1.4254e-002	1.3051e-002	1.9283e-002	
16608	1.1876e-002	1.2427e-002	1.8883e-002	
16609	7.5949e-003	1.1303e-002	1.8138e-002	
16610	5.6893e-003	1.0803e-002	1.7796e-002	
16611	3.7951e-003	1.0306e-002	1.7449e-002	
16612	1.8916e-003	9.8062e-003	1.7095e-002	
16613	-7.8139e-018	9.3098e-003	1.6735e-002	
16614	0.	1.3296e-002	1.9438e-002	
16615	1.9049e-003	1.2796e-002	1.9121e-002	
16616	3.7995e-003	1.2299e-002	1.88e-002	
16617	5.7026e-003	1.18e-002	1.8471e-002	
16618	9.5e-003	1.0803e-002	1.7796e-002	
16619	7.1139e-003	1.0177e-002	1.7358e-002	
16620	4.7461e-003	9.5554e-003	1.6914e-002	
16621	2.3633e-003	8.93e-003	1.6456e-002	
16622	0.	8.3098e-003	1.5991e-002	
16623	1.9e-002	8.3098e-003	1.5991e-002	
16624	1.6637e-002	8.93e-003	1.6456e-002	
16625	1.4254e-002	9.5554e-003	1.6914e-002	
16626	1.1886e-002	1.0177e-002	1.7358e-002	
16627	1.9e-002	1.3296e-002	2.0616e-002	
16628	1.9e-002	1.4296e-002	2.122e-002	
16629	1.9e-002	9.3246e-003	1.798e-002	
16630	1.9e-002	8.3098e-003	1.7241e-002	
16631	0.	1.4296e-002	2.122e-002	
16632	0.	1.3296e-002	2.0616e-002	
16633	-7.8139e-018	9.3098e-003	1.7969e-002	
16634	0.	8.3098e-003	1.7241e-002	
16635	1.6637e-002	8.9301e-003	1.7696e-002	
16636	1.4254e-002	9.5555e-003	1.8144e-002	
16637	1.1886e-002	1.0177e-002	1.8579e-002	
16638	9.5e-003	1.0803e-002	1.9007e-002	
16639	7.114e-003	1.0177e-002	1.8579e-002	
16640	4.7463e-003	9.5555e-003	1.8144e-002	
16641	2.3635e-003	8.9301e-003	1.7696e-002	
16642	1.9048e-003	1.2796e-002	2.0305e-002	
16643	3.7994e-003	1.2299e-002	1.999e-002	
16644	5.7025e-003	1.18e-002	1.9668e-002	
16645	7.5949e-003	1.1303e-002	1.9342e-002	
16646	5.6894e-003	1.0803e-002	1.9007e-002	
16647	3.7953e-003	1.0306e-002	1.8668e-002	
16648	1.8917e-003	9.8063e-003	1.832e-002	
16649	1.6619e-002	1.3672e-002	2.0845e-002	
16650	1.4254e-002	1.3051e-002	2.0464e-002	
16651	1.1876e-002	1.2427e-002	2.0072e-002	
16652	9.5141e-003	1.1807e-002	1.9673e-002	
16653	7.1452e-003	1.2427e-002	2.0072e-002	
16654	4.7599e-003	1.3051e-002	2.0464e-002	
16655	2.3877e-003	1.3672e-002	2.0845e-002	
16656	1.331e-002	1.1803e-002	1.967e-002	
16657	1.5209e-002	1.2301e-002	1.9992e-002	
16658	1.7099e-002	1.2798e-002	2.0306e-002	
16659	1.1422e-002	1.1308e-002	1.9345e-002	
16660	1.7112e-002	9.8185e-003	1.8329e-002	
16661	1.5213e-002	1.0315e-002	1.8674e-002	
16662	1.3323e-002	1.081e-002	1.9011e-002	
16663	3.1422e-002	1.1308e-002	1.8141e-002	
16664	3.331e-002	1.1803e-002	1.8473e-002	
16665	3.5209e-002	1.2301e-002	1.8801e-002	
16666	3.7099e-002	1.2798e-002	1.9122e-002	
16667	3.9e-002	1.3296e-002	1.9438e-002	
16668	3.9e-002	9.3246e-003	1.6746e-002	
16669	3.7113e-002	9.8184e-003	1.7103e-002	
16670	3.5213e-002	1.0315e-002	1.7456e-002	
16671	3.3323e-002	1.081e-002	1.7801e-002	
16672	3.9e-002	8.3098e-003	1.5991e-002	
16673	3.6637e-002	8.93e-003	1.6456e-002	
16674	3.4254e-002	9.5555e-003	1.6914e-002	
16675	3.1886e-002	1.0177e-002	1.7358e-002	
16676	2.95e-002	1.0803e-002	1.7796e-002	
16677	2.7114e-002	1.0177e-002	1.7358e-002	
16678	2.4746e-002	9.5555e-003	1.6914e-002	
16679	2.2363e-002	8.93e-003	1.6456e-002	
16680	2.e-002	8.3098e-003	1.5991e-002	
16681	3.9e-002	1.4296e-002	2.0055e-002	
16682	3.6619e-002	1.3672e-002	1.9672e-002	
16683	3.4254e-002	1.3051e-002	1.9283e-002	
16684	3.1876e-002	1.2427e-002	1.8883e-002	
16685	2.9514e-002	1.1807e-002	1.8476e-002	
16686	2.7145e-002	1.2427e-002	1.8883e-002	
16687	2.476e-002	1.3051e-002	1.9283e-002	
16688	2.2388e-002	1.3672e-002	1.9672e-002	
16689	2.e-002	1.4296e-002	2.0055e-002	
16690	2.e-002	1.3296e-002	1.9438e-002	
16691	2.1905e-002	1.2796e-002	1.9121e-002	
16692	2.3799e-002	1.2299e-002	1.88e-002	
16693	2.5703e-002	1.18e-002	1.8471e-002	
16694	2.7595e-002	1.1303e-002	1.8138e-002	
16695	2.5689e-002	1.0803e-002	1.7796e-002	
16696	2.3795e-002	1.0306e-002	1.7449e-002	
16697	2.1892e-002	9.8062e-003	1.7095e-002	
16698	2.e-002	9.3098e-003	1.6735e-002	
16699	3.9e-002	1.3296e-002	2.0616e-002	
16700	3.9e-002	1.4296e-002	2.122e-002	
16701	3.9e-002	9.3246e-003	1.798e-002	
16702	3.9e-002	8.3098e-003	1.7241e-002	
16703	2.e-002	1.4296e-002	2.122e-002	
16704	2.e-002	1.3296e-002	2.0616e-002	
16705	2.e-002	8.3098e-003	1.7241e-002	
16706	2.e-002	9.3098e-003	1.7969e-002	
16707	2.5689e-002	1.0803e-002	1.9007e-002	
16708	2.3795e-002	1.0306e-002	1.8668e-002	
16709	2.1892e-002	9.8063e-003	1.832e-002	
16710	2.7595e-002	1.1303e-002	1.9342e-002	
16711	2.1905e-002	1.2796e-002	2.0305e-002	
16712	2.3799e-002	1.2299e-002	1.999e-002	
16713	2.5703e-002	1.18e-002	1.9668e-002	
16714	2.7145e-002	1.2427e-002	2.0072e-002	
16715	2.476e-002	1.3051e-002	2.0464e-002	
16716	2.2388e-002	1.3672e-002	2.0845e-002	
16717	2.9514e-002	1.1807e-002	1.9673e-002	
16718	3.6619e-002	1.3672e-002	2.0845e-002	
16719	3.4254e-002	1.3051e-002	2.0464e-002	
16720	3.1876e-002	1.2427e-002	2.0072e-002	
16721	2.7114e-002	1.0177e-002	1.8579e-002	
16722	2.4747e-002	9.5555e-003	1.8144e-002	
16723	2.2363e-002	8.9301e-003	1.7696e-002	
16724	2.95e-002	1.0803e-002	1.9007e-002	
16725	3.6637e-002	8.9301e-003	1.7696e-002	
16726	3.4253e-002	9.5555e-003	1.8144e-002	
16727	3.1886e-002	1.0177e-002	1.8579e-002	
16728	3.7112e-002	9.8185e-003	1.8329e-002	
16729	3.5213e-002	1.0316e-002	1.8674e-002	
16730	3.3323e-002	1.081e-002	1.9011e-002	
16731	3.1422e-002	1.1308e-002	1.9345e-002	
16732	3.331e-002	1.1803e-002	1.967e-002	
16733	3.5209e-002	1.2301e-002	1.9992e-002	
16734	3.7099e-002	1.2798e-002	2.0306e-002	
16735	5.1422e-002	1.1308e-002	1.8141e-002	
16736	5.331e-002	1.1803e-002	1.8473e-002	
16737	5.5209e-002	1.2301e-002	1.8801e-002	
16738	5.7099e-002	1.2798e-002	1.9122e-002	
16739	5.9e-002	1.3296e-002	1.9438e-002	
16740	5.9e-002	9.3246e-003	1.6746e-002	
16741	5.7113e-002	9.8184e-003	1.7103e-002	
16742	5.5213e-002	1.0315e-002	1.7456e-002	
16743	5.3323e-002	1.081e-002	1.7801e-002	
16744	5.9e-002	8.3098e-003	1.5991e-002	
16745	5.6637e-002	8.93e-003	1.6456e-002	
16746	5.4254e-002	9.5555e-003	1.6914e-002	
16747	5.1886e-002	1.0177e-002	1.7358e-002	
16748	4.95e-002	1.0803e-002	1.7796e-002	
16749	4.7114e-002	1.0177e-002	1.7358e-002	
16750	4.4746e-002	9.5555e-003	1.6914e-002	
16751	4.2363e-002	8.93e-003	1.6456e-002	
16752	4.e-002	8.3098e-003	1.5991e-002	
16753	5.9e-002	1.4296e-002	2.0055e-002	
16754	5.6619e-002	1.3672e-002	1.9672e-002	
16755	5.4254e-002	1.3051e-002	1.9283e-002	
16756	5.1876e-002	1.2427e-002	1.8883e-002	
16757	4.9514e-002	1.1807e-002	1.8476e-002	
16758	4.7145e-002	1.2427e-002	1.8883e-002	
16759	4.476e-002	1.3051e-002	1.9283e-002	
16760	4.2388e-002	1.3672e-002	1.9672e-002	
16761	4.e-002	1.4296e-002	2.0055e-002	
16762	4.e-002	1.3296e-002	1.9438e-002	
16763	4.1905e-002	1.2796e-002	1.9121e-002	
16764	4.3799e-002	1.2299e-002	1.88e-002	
16765	4.5703e-002	1.18e-002	1.8471e-002	
16766	4.7595e-002	1.1303e-002	1.8138e-002	
16767	4.5689e-002	1.0803e-002	1.7796e-002	
16768	4.3795e-002	1.0306e-002	1.7449e-002	
16769	4.1892e-002	9.8062e-003	1.7095e-002	
16770	4.e-002	9.3098e-003	1.6735e-002	
16771	5.9e-002	1.3296e-002	2.0616e-002	
16772	5.9e-002	1.4296e-002	2.122e-002	
16773	5.9e-002	9.3246e-003	1.798e-002	
16774	5.9e-002	8.3098e-003	1.7241e-002	
16775	4.e-002	1.4296e-002	2.122e-002	
16776	4.e-002	1.3296e-002	2.0616e-002	
16777	4.e-002	8.3098e-003	1.7241e-002	
16778	4.e-002	9.3098e-003	1.7969e-002	
16779	4.5689e-002	1.0803e-002	1.9007e-002	
16780	4.3795e-002	1.0306e-002	1.8668e-002	
16781	4.1892e-002	9.8063e-003	1.832e-002	
16782	4.7595e-002	1.1303e-002	1.9342e-002	
16783	4.1905e-002	1.2796e-002	2.0305e-002	
16784	4.3799e-002	1.2299e-002	1.999e-002	
16785	4.5703e-002	1.18e-002	1.9668e-002	
16786	4.7145e-002	1.2427e-002	2.0072e-002	
16787	4.476e-002	1.3051e-002	2.0464e-002	
16788	4.2388e-002	1.3672e-002	2.0845e-002	
16789	4.9514e-002	1.1807e-002	1.9673e-002	
16790	5.6619e-002	1.3672e-002	2.0845e-002	
16791	5.4254e-002	1.3051e-002	2.0464e-002	
16792	5.1876e-002	1.2427e-002	2.0072e-002	
16793	4.7114e-002	1.0177e-002	1.8579e-002	
16794	4.4747e-002	9.5555e-003	1.8144e-002	
16795	4.2363e-002	8.9301e-003	1.7696e-002	
16796	4.95e-002	1.0803e-002	1.9007e-002	
16797	5.6637e-002	8.9301e-003	1.7696e-002	
16798	5.4253e-002	9.5555e-003	1.8144e-002	
16799	5.1886e-002	1.0177e-002	1.8579e-002	
16800	5.7112e-002	9.8185e-003	1.8329e-002	
16801	5.5213e-002	1.0316e-002	1.8674e-002	
16802	5.3323e-002	1.081e-002	1.9011e-002	
16803	5.1422e-002	1.1308e-002	1.9345e-002	
16804	5.331e-002	1.1803e-002	1.967e-002	
16805	5.5209e-002	1.2301e-002	1.9992e-002	
16806	5.7099e-002	1.2798e-002	2.0306e-002	
16807	1.1422e-002	0.11131	1.8141e-002	
16808	1.331e-002	0.1118	1.8473e-002	
16809	1.5209e-002	0.1123	1.8801e-002	
16810	1.7099e-002	0.1128	1.9122e-002	
16811	1.9e-002	0.1133	1.9438e-002	
16812	1.9e-002	0.10932	1.6746e-002	
16813	1.7113e-002	0.10982	1.7103e-002	
16814	1.5213e-002	0.11032	1.7456e-002	
16815	1.3323e-002	0.11081	1.7801e-002	
16816	1.9e-002	0.10831	1.5991e-002	
16817	1.6637e-002	0.10893	1.6456e-002	
16818	1.4254e-002	0.10956	1.6914e-002	
16819	1.1886e-002	0.11018	1.7358e-002	
16820	9.5e-003	0.1108	1.7796e-002	
16821	7.1139e-003	0.11018	1.7358e-002	
16822	4.7464e-003	0.10956	1.6914e-002	
16823	2.3633e-003	0.10893	1.6456e-002	
16824	0.	0.10831	1.5991e-002	
16825	1.9e-002	0.1143	2.0055e-002	
16826	1.6619e-002	0.11367	1.9672e-002	
16827	1.4254e-002	0.11305	1.9283e-002	
16828	1.1876e-002	0.11243	1.8883e-002	
16829	9.5141e-003	0.11181	1.8476e-002	
16830	7.1453e-003	0.11243	1.8883e-002	
16831	4.7599e-003	0.11305	1.9283e-002	
16832	2.3878e-003	0.11367	1.9672e-002	
16833	0.	0.1143	2.0055e-002	
16834	0.	0.1133	1.9438e-002	
16835	1.9049e-003	0.1128	1.9121e-002	
16836	3.7994e-003	0.1123	1.88e-002	
16837	5.7026e-003	0.1118	1.8471e-002	
16838	7.5949e-003	0.1113	1.8138e-002	
16839	5.6893e-003	0.1108	1.7796e-002	
16840	3.7952e-003	0.11031	1.7449e-002	
16841	1.8916e-003	0.10981	1.7095e-002	
16842	-7.8139e-018	0.10931	1.6735e-002	
16843	1.9e-002	0.1133	2.0616e-002	
16844	1.9e-002	0.1143	2.122e-002	
16845	1.9e-002	0.10932	1.798e-002	
16846	1.9e-002	0.10831	1.7241e-002	
16847	0.	0.1143	2.122e-002	
16848	0.	0.1133	2.0616e-002	
16849	0.	0.10831	1.7241e-002	
16850	-7.8139e-018	0.10931	1.7969e-002	
16851	5.6894e-003	0.1108	1.9007e-002	
16852	3.7954e-003	0.11031	1.8668e-002	
16853	1.8917e-003	0.10981	1.832e-002	
16854	7.5949e-003	0.1113	1.9342e-002	
16855	1.9048e-003	0.1128	2.0305e-002	
16856	3.7993e-003	0.1123	1.999e-002	
16857	5.7025e-003	0.1118	1.9668e-002	
16858	7.1452e-003	0.11243	2.0072e-002	
16859	4.7597e-003	0.11305	2.0464e-002	
16860	2.3877e-003	0.11367	2.0845e-002	
16861	9.5141e-003	0.11181	1.9673e-002	
16862	1.6619e-002	0.11367	2.0845e-002	
16863	1.4254e-002	0.11305	2.0464e-002	
16864	1.1876e-002	0.11243	2.0072e-002	
16865	7.114e-003	0.11018	1.8579e-002	
16866	4.7466e-003	0.10956	1.8144e-002	
16867	2.3635e-003	0.10893	1.7696e-002	
16868	9.5e-003	0.1108	1.9007e-002	
16869	1.6637e-002	0.10893	1.7696e-002	
16870	1.4253e-002	0.10956	1.8144e-002	
16871	1.1886e-002	0.11018	1.8579e-002	
16872	1.7112e-002	0.10982	1.8329e-002	
16873	1.5213e-002	0.11032	1.8674e-002	
16874	1.3323e-002	0.11081	1.9011e-002	
16875	1.1422e-002	0.11131	1.9345e-002	
16876	1.331e-002	0.1118	1.967e-002	
16877	1.5209e-002	0.1123	1.9992e-002	
16878	1.7099e-002	0.1128	2.0306e-002	
16879	3.1422e-002	0.11131	1.8141e-002	
16880	3.331e-002	0.1118	1.8473e-002	
16881	3.5209e-002	0.1123	1.8801e-002	
16882	3.7099e-002	0.1128	1.9122e-002	
16883	3.9e-002	0.1133	1.9438e-002	
16884	3.9e-002	0.10932	1.6746e-002	
16885	3.7113e-002	0.10982	1.7103e-002	
16886	3.5213e-002	0.11032	1.7456e-002	
16887	3.3323e-002	0.11081	1.7801e-002	
16888	3.9e-002	0.10831	1.5991e-002	
16889	3.6637e-002	0.10893	1.6456e-002	
16890	3.4254e-002	0.10956	1.6914e-002	
16891	3.1886e-002	0.11018	1.7358e-002	
16892	2.95e-002	0.1108	1.7796e-002	
16893	2.7114e-002	0.11018	1.7358e-002	
16894	2.4746e-002	0.10956	1.6914e-002	
16895	2.2363e-002	0.10893	1.6456e-002	
16896	2.e-002	0.10831	1.5991e-002	
16897	3.9e-002	0.1143	2.0055e-002	
16898	3.6619e-002	0.11367	1.9672e-002	
16899	3.4254e-002	0.11305	1.9283e-002	
16900	3.1876e-002	0.11243	1.8883e-002	
16901	2.9514e-002	0.11181	1.8476e-002	
16902	2.7145e-002	0.11243	1.8883e-002	
16903	2.476e-002	0.11305	1.9283e-002	
16904	2.2388e-002	0.11367	1.9672e-002	
16905	2.e-002	0.1143	2.0055e-002	
16906	2.e-002	0.1133	1.9438e-002	
16907	2.1905e-002	0.1128	1.9121e-002	
16908	2.3799e-002	0.1123	1.88e-002	
16909	2.5703e-002	0.1118	1.8471e-002	
16910	2.7595e-002	0.1113	1.8138e-002	
16911	2.5689e-002	0.1108	1.7796e-002	
16912	2.3795e-002	0.11031	1.7449e-002	
16913	2.1892e-002	0.10981	1.7095e-002	
16914	2.e-002	0.10931	1.6735e-002	
16915	3.9e-002	0.1133	2.0616e-002	
16916	3.9e-002	0.1143	2.122e-002	
16917	3.9e-002	0.10932	1.798e-002	
16918	3.9e-002	0.10831	1.7241e-002	
16919	2.e-002	0.1143	2.122e-002	
16920	2.e-002	0.1133	2.0616e-002	
16921	2.e-002	0.10831	1.7241e-002	
16922	2.e-002	0.10931	1.7969e-002	
16923	2.5689e-002	0.1108	1.9007e-002	
16924	2.3795e-002	0.11031	1.8668e-002	
16925	2.1892e-002	0.10981	1.832e-002	
16926	2.7595e-002	0.1113	1.9342e-002	
16927	2.1905e-002	0.1128	2.0305e-002	
16928	2.3799e-002	0.1123	1.999e-002	
16929	2.5703e-002	0.1118	1.9668e-002	
16930	2.7145e-002	0.11243	2.0072e-002	
16931	2.476e-002	0.11305	2.0464e-002	
16932	2.2388e-002	0.11367	2.0845e-002	
16933	2.9514e-002	0.11181	1.9673e-002	
16934	3.6619e-002	0.11367	2.0845e-002	
16935	3.4254e-002	0.11305	2.0464e-002	
16936	3.1876e-002	0.11243	2.0072e-002	
16937	2.7114e-002	0.11018	1.8579e-002	
16938	2.4747e-002	0.10956	1.8144e-002	
16939	2.2363e-002	0.10893	1.7696e-002	
16940	2.95e-002	0.1108	1.9007e-002	
16941	3.6637e-002	0.10893	1.7696e-002	
16942	3.4253e-002	0.10956	1.8144e-002	
16943	3.1886e-002	0.11018	1.8579e-002	
16944	3.7112e-002	0.10982	1.8329e-002	
16945	3.5213e-002	0.11032	1.8674e-002	
16946	3.3323e-002	0.11081	1.9011e-002	
16947	3.1422e-002	0.11131	1.9345e-002	
16948	3.331e-002	0.1118	1.967e-002	
16949	3.5209e-002	0.1123	1.9992e-002	
16950	3.7099e-002	0.1128	2.0306e-002	
16951	5.1422e-002	0.11131	1.8141e-002	
16952	5.331e-002	0.1118	1.8473e-002	
16953	5.5209e-002	0.1123	1.8801e-002	
16954	5.7099e-002	0.1128	1.9122e-002	
16955	5.9e-002	0.1133	1.9438e-002	
16956	5.9e-002	0.10932	1.6746e-002	
16957	5.7113e-002	0.10982	1.7103e-002	
16958	5.5213e-002	0.11032	1.7456e-002	
16959	5.3323e-002	0.11081	1.7801e-002	
16960	5.9e-002	0.10831	1.5991e-002	
16961	5.6637e-002	0.10893	1.6456e-002	
16962	5.4254e-002	0.10956	1.6914e-002	
16963	5.1886e-002	0.11018	1.7358e-002	
16964	4.95e-002	0.1108	1.7796e-002	
16965	4.7114e-002	0.11018	1.7358e-002	
16966	4.4746e-002	0.10956	1.6914e-002	
16967	4.2363e-002	0.10893	1.6456e-002	
16968	4.e-002	0.10831	1.5991e-002	
16969	5.9e-002	0.1143	2.0055e-002	
16970	5.6619e-002	0.11367	1.9672e-002	
16971	5.4254e-002	0.11305	1.9283e-002	
16972	5.1876e-002	0.11243	1.8883e-002	
16973	4.9514e-002	0.11181	1.8476e-002	
16974	4.7145e-002	0.11243	1.8883e-002	
16975	4.476e-002	0.11305	1.9283e-002	
16976	4.2388e-002	0.11367	1.9672e-002	
16977	4.e-002	0.1143	2.0055e-002	
16978	4.e-002	0.1133	1.9438e-002	
16979	4.1905e-002	0.1128	1.9121e-002	
16980	4.3799e-002	0.1123	1.88e-002	
16981	4.5703e-002	0.1118	1.8471e-002	
16982	4.7595e-002	0.1113	1.8138e-002	
16983	4.5689e-002	0.1108	1.7796e-002	
16984	4.3795e-002	0.11031	1.7449e-002	
16985	4.1892e-002	0.10981	1.7095e-002	
16986	4.e-002	0.10931	1.6735e-002	
16987	5.9e-002	0.1133	2.0616e-002	
16988	5.9e-002	0.1143	2.122e-002	
16989	5.9e-002	0.10932	1.798e-002	
16990	5.9e-002	0.10831	1.7241e-002	
16991	4.e-002	0.1143	2.122e-002	
16992	4.e-002	0.1133	2.0616e-002	
16993	4.e-002	0.10831	1.7241e-002	
16994	4.e-002	0.10931	1.7969e-002	
16995	4.5689e-002	0.1108	1.9007e-002	
16996	4.3795e-002	0.11031	1.8668e-002	
16997	4.1892e-002	0.10981	1.832e-002	
16998	4.7595e-002	0.1113	1.9342e-002	
16999	4.1905e-002	0.1128	2.0305e-002	
17000	4.3799e-002	0.1123	1.999e-002	
17001	4.5703e-002	0.1118	1.9668e-002	
17002	4.7145e-002	0.11243	2.0072e-002	
17003	4.476e-002	0.11305	2.0464e-002	
17004	4.2388e-002	0.11367	2.0845e-002	
17005	4.9514e-002	0.11181	1.9673e-002	
17006	5.6619e-002	0.11367	2.0845e-002	
17007	5.4254e-002	0.11305	2.0464e-002	
17008	5.1876e-002	0.11243	2.0072e-002	
17009	4.7114e-002	0.11018	1.8579e-002	
17010	4.4746e-002	0.10956	1.8144e-002	
17011	4.2363e-002	0.10893	1.7696e-002	
17012	4.95e-002	0.1108	1.9007e-002	
17013	5.6637e-002	0.10893	1.7696e-002	
17014	5.4254e-002	0.10956	1.8144e-002	
17015	5.1886e-002	0.11018	1.8579e-002	
17016	5.7112e-002	0.10982	1.8329e-002	
17017	5.5213e-002	0.11032	1.8674e-002	
17018	5.3323e-002	0.11081	1.9011e-002	
17019	5.1422e-002	0.11131	1.9345e-002	
17020	5.331e-002	0.1118	1.967e-002	
17021	5.5209e-002	0.1123	1.9992e-002	
17022	5.7099e-002	0.1128	2.0306e-002	
17023	1.9e-002	0.20932	1.6746e-002	
17024	1.7113e-002	0.20982	1.7103e-002	
17025	1.5213e-002	0.21032	1.7456e-002	
17026	1.3323e-002	0.21081	1.7801e-002	
17027	1.1422e-002	0.21131	1.8141e-002	
17028	1.331e-002	0.2118	1.8473e-002	
17029	1.5209e-002	0.2123	1.8801e-002	
17030	1.7099e-002	0.2128	1.9122e-002	
17031	1.9e-002	0.2133	1.9438e-002	
17032	9.5e-003	0.2108	1.7796e-002	
17033	7.1139e-003	0.21018	1.7358e-002	
17034	4.7461e-003	0.20956	1.6914e-002	
17035	2.3633e-003	0.20893	1.6456e-002	
17036	0.	0.20831	1.5991e-002	
17037	1.9e-002	0.20831	1.5991e-002	
17038	1.6637e-002	0.20893	1.6456e-002	
17039	1.4254e-002	0.20956	1.6914e-002	
17040	1.1886e-002	0.21018	1.7358e-002	
17041	9.5141e-003	0.21181	1.8476e-002	
17042	7.1453e-003	0.21243	1.8883e-002	
17043	4.76e-003	0.21305	1.9283e-002	
17044	2.3878e-003	0.21367	1.9672e-002	
17045	0.	0.2143	2.0055e-002	
17046	1.9e-002	0.2143	2.0055e-002	
17047	1.6619e-002	0.21367	1.9672e-002	
17048	1.4254e-002	0.21305	1.9283e-002	
17049	1.1876e-002	0.21243	1.8883e-002	
17050	7.5949e-003	0.2113	1.8138e-002	
17051	5.6893e-003	0.2108	1.7796e-002	
17052	3.7951e-003	0.21031	1.7449e-002	
17053	1.8916e-003	0.20981	1.7095e-002	
17054	-7.8139e-018	0.20931	1.6735e-002	
17055	0.	0.2133	1.9438e-002	
17056	1.9049e-003	0.2128	1.9121e-002	
17057	3.7995e-003	0.2123	1.88e-002	
17058	5.7026e-003	0.2118	1.8471e-002	
17059	1.9e-002	0.2133	2.0616e-002	
17060	1.9e-002	0.2143	2.122e-002	
17061	1.9e-002	0.20932	1.798e-002	
17062	1.9e-002	0.20831	1.7241e-002	
17063	0.	0.20831	1.7241e-002	
17064	-7.8139e-018	0.20931	1.7969e-002	
17065	0.	0.2143	2.122e-002	
17066	0.	0.2133	2.0616e-002	
17067	1.9048e-003	0.2128	2.0305e-002	
17068	3.7994e-003	0.2123	1.999e-002	
17069	5.7025e-003	0.2118	1.9668e-002	
17070	7.5949e-003	0.2113	1.9342e-002	
17071	5.6894e-003	0.2108	1.9007e-002	
17072	3.7953e-003	0.21031	1.8668e-002	
17073	1.8917e-003	0.20981	1.832e-002	
17074	1.6619e-002	0.21367	2.0845e-002	
17075	1.4254e-002	0.21305	2.0464e-002	
17076	1.1876e-002	0.21243	2.0072e-002	
17077	9.5141e-003	0.21181	1.9673e-002	
17078	7.1452e-003	0.21243	2.0072e-002	
17079	4.7599e-003	0.21305	2.0464e-002	
17080	2.3877e-003	0.21367	2.0845e-002	
17081	1.6637e-002	0.20893	1.7696e-002	
17082	1.4254e-002	0.20956	1.8144e-002	
17083	1.1886e-002	0.21018	1.8579e-002	
17084	9.5e-003	0.2108	1.9007e-002	
17085	7.114e-003	0.21018	1.8579e-002	
17086	4.7463e-003	0.20956	1.8144e-002	
17087	2.3635e-003	0.20893	1.7696e-002	
17088	1.331e-002	0.2118	1.967e-002	
17089	1.5209e-002	0.2123	1.9992e-002	
17090	1.7099e-002	0.2128	2.0306e-002	
17091	1.1422e-002	0.21131	1.9345e-002	
17092	1.7112e-002	0.20982	1.8329e-002	
17093	1.5213e-002	0.21032	1.8674e-002	
17094	1.3323e-002	0.21081	1.9011e-002	
17095	3.1422e-002	0.21131	1.8141e-002	
17096	3.331e-002	0.2118	1.8473e-002	
17097	3.5209e-002	0.2123	1.8801e-002	
17098	3.7099e-002	0.2128	1.9122e-002	
17099	3.9e-002	0.2133	1.9438e-002	
17100	3.9e-002	0.20932	1.6746e-002	
17101	3.7113e-002	0.20982	1.7103e-002	
17102	3.5213e-002	0.21032	1.7456e-002	
17103	3.3323e-002	0.21081	1.7801e-002	
17104	3.9e-002	0.20831	1.5991e-002	
17105	3.6637e-002	0.20893	1.6456e-002	
17106	3.4254e-002	0.20956	1.6914e-002	
17107	3.1886e-002	0.21018	1.7358e-002	
17108	2.95e-002	0.2108	1.7796e-002	
17109	2.7114e-002	0.21018	1.7358e-002	
17110	2.4746e-002	0.20956	1.6914e-002	
17111	2.2363e-002	0.20893	1.6456e-002	
17112	2.e-002	0.20831	1.5991e-002	
17113	3.9e-002	0.2143	2.0055e-002	
17114	3.6619e-002	0.21367	1.9672e-002	
17115	3.4254e-002	0.21305	1.9283e-002	
17116	3.1876e-002	0.21243	1.8883e-002	
17117	2.9514e-002	0.21181	1.8476e-002	
17118	2.7145e-002	0.21243	1.8883e-002	
17119	2.476e-002	0.21305	1.9283e-002	
17120	2.2388e-002	0.21367	1.9672e-002	
17121	2.e-002	0.2143	2.0055e-002	
17122	2.e-002	0.2133	1.9438e-002	
17123	2.1905e-002	0.2128	1.9121e-002	
17124	2.3799e-002	0.2123	1.88e-002	
17125	2.5703e-002	0.2118	1.8471e-002	
17126	2.7595e-002	0.2113	1.8138e-002	
17127	2.5689e-002	0.2108	1.7796e-002	
17128	2.3795e-002	0.21031	1.7449e-002	
17129	2.1892e-002	0.20981	1.7095e-002	
17130	2.e-002	0.20931	1.6735e-002	
17131	3.9e-002	0.2133	2.0616e-002	
17132	3.9e-002	0.2143	2.122e-002	
17133	3.9e-002	0.20932	1.798e-002	
17134	3.9e-002	0.20831	1.7241e-002	
17135	2.e-002	0.2143	2.122e-002	
17136	2.e-002	0.2133	2.0616e-002	
17137	2.e-002	0.20831	1.7241e-002	
17138	2.e-002	0.20931	1.7969e-002	
17139	2.5689e-002	0.2108	1.9007e-002	
17140	2.3795e-002	0.21031	1.8668e-002	
17141	2.1892e-002	0.20981	1.832e-002	
17142	2.7595e-002	0.2113	1.9342e-002	
17143	2.1905e-002	0.2128	2.0305e-002	
17144	2.3799e-002	0.2123	1.999e-002	
17145	2.5703e-002	0.2118	1.9668e-002	
17146	2.7145e-002	0.21243	2.0072e-002	
17147	2.476e-002	0.21305	2.0464e-002	
17148	2.2388e-002	0.21367	2.0845e-002	
17149	2.9514e-002	0.21181	1.9673e-002	
17150	3.6619e-002	0.21367	2.0845e-002	
17151	3.4254e-002	0.21305	2.0464e-002	
17152	3.1876e-002	0.21243	2.0072e-002	
17153	2.7114e-002	0.21018	1.8579e-002	
17154	2.4747e-002	0.20956	1.8144e-002	
17155	2.2363e-002	0.20893	1.7696e-002	
17156	2.95e-002	0.2108	1.9007e-002	
17157	3.6637e-002	0.20893	1.7696e-002	
17158	3.4253e-002	0.20956	1.8144e-002	
17159	3.1886e-002	0.21018	1.8579e-002	
17160	3.7112e-002	0.20982	1.8329e-002	
17161	3.5213e-002	0.21032	1.8674e-002	
17162	3.3323e-002	0.21081	1.9011e-002	
17163	3.1422e-002	0.21131	1.9345e-002	
17164	3.331e-002	0.2118	1.967e-002	
17165	3.5209e-002	0.2123	1.9992e-002	
17166	3.7099e-002	0.2128	2.0306e-002	
17167	5.9e-002	0.20831	1.5991e-002	
17168	5.9e-002	0.20932	1.6746e-002	
17169	4.e-002	0.2133	1.9438e-002	
17170	4.e-002	0.2143	2.0055e-002	
17171	4.e-002	0.20831	1.5991e-002	
17172	4.e-002	0.20931	1.6735e-002	
17173	5.7113e-002	0.20982	1.7103e-002	
17174	5.5213e-002	0.21032	1.7456e-002	
17175	5.3323e-002	0.21081	1.7801e-002	
17176	5.1422e-002	0.21131	1.8141e-002	
17177	5.331e-002	0.2118	1.8473e-002	
17178	5.5209e-002	0.2123	1.8801e-002	
17179	5.7099e-002	0.2128	1.9122e-002	
17180	5.9e-002	0.2133	1.9438e-002	
17181	4.9514e-002	0.21181	1.8476e-002	
17182	4.7145e-002	0.21243	1.8883e-002	
17183	4.476e-002	0.21305	1.9283e-002	
17184	4.2388e-002	0.21367	1.9672e-002	
17185	5.9e-002	0.2143	2.0055e-002	
17186	5.6619e-002	0.21367	1.9672e-002	
17187	5.4254e-002	0.21305	1.9283e-002	
17188	5.1876e-002	0.21243	1.8883e-002	
17189	4.7595e-002	0.2113	1.8138e-002	
17190	4.5689e-002	0.2108	1.7796e-002	
17191	4.3795e-002	0.21031	1.7449e-002	
17192	4.1892e-002	0.20981	1.7095e-002	
17193	4.1905e-002	0.2128	1.9121e-002	
17194	4.3799e-002	0.2123	1.88e-002	
17195	4.5703e-002	0.2118	1.8471e-002	
17196	4.95e-002	0.2108	1.7796e-002	
17197	4.7114e-002	0.21018	1.7358e-002	
17198	4.4746e-002	0.20956	1.6914e-002	
17199	4.2363e-002	0.20893	1.6456e-002	
17200	5.6637e-002	0.20893	1.6456e-002	
17201	5.4254e-002	0.20956	1.6914e-002	
17202	5.1886e-002	0.21018	1.7358e-002	
17203	5.9e-002	0.2133	2.0616e-002	
17204	5.9e-002	0.2143	2.122e-002	
17205	5.6637e-002	0.20893	1.7696e-002	
17206	5.4253e-002	0.20956	1.8144e-002	
17207	5.1886e-002	0.21018	1.8579e-002	
17208	5.9e-002	0.20831	1.7241e-002	
17209	4.95e-002	0.2108	1.9007e-002	
17210	4.7114e-002	0.21018	1.8579e-002	
17211	4.4747e-002	0.20956	1.8144e-002	
17212	4.2363e-002	0.20893	1.7696e-002	
17213	4.e-002	0.20831	1.7241e-002	
17214	4.1905e-002	0.2128	2.0305e-002	
17215	4.3799e-002	0.2123	1.999e-002	
17216	4.5703e-002	0.2118	1.9668e-002	
17217	4.e-002	0.2133	2.0616e-002	
17218	4.7595e-002	0.2113	1.9342e-002	
17219	4.5689e-002	0.2108	1.9007e-002	
17220	4.3795e-002	0.21031	1.8668e-002	
17221	4.1892e-002	0.20981	1.832e-002	
17222	4.e-002	0.20931	1.7969e-002	
17223	5.6619e-002	0.21367	2.0845e-002	
17224	5.4254e-002	0.21305	2.0464e-002	
17225	5.1876e-002	0.21243	2.0072e-002	
17226	4.9514e-002	0.21181	1.9673e-002	
17227	4.7145e-002	0.21243	2.0072e-002	
17228	4.476e-002	0.21305	2.0464e-002	
17229	4.2388e-002	0.21367	2.0845e-002	
17230	4.e-002	0.2143	2.122e-002	
17231	5.331e-002	0.2118	1.967e-002	
17232	5.5209e-002	0.2123	1.9992e-002	
17233	5.7099e-002	0.2128	2.0306e-002	
17234	5.1422e-002	0.21131	1.9345e-002	
17235	5.7112e-002	0.20982	1.8329e-002	
17236	5.5213e-002	0.21032	1.8674e-002	
17237	5.3323e-002	0.21081	1.9011e-002	
17238	5.9e-002	0.20932	1.798e-002	
17239	1.9e-002	8.6325e-002	1.9675e-002	
17240	1.71e-002	8.6822e-002	1.9364e-002	
17241	1.5209e-002	8.7317e-002	1.9049e-002	
17242	1.331e-002	8.7813e-002	1.8726e-002	
17243	1.1422e-002	8.8308e-002	1.84e-002	
17244	1.3323e-002	8.8806e-002	1.8063e-002	
17245	1.5213e-002	8.9303e-002	1.7723e-002	
17246	1.7112e-002	8.9801e-002	1.7374e-002	
17247	1.9e-002	9.0296e-002	1.7021e-002	
17248	9.5141e-003	8.8807e-002	1.8063e-002	
17249	7.1247e-003	8.9432e-002	1.7633e-002	
17250	4.7535e-003	9.0053e-002	1.7196e-002	
17251	2.3671e-003	9.0677e-002	1.6745e-002	
17252	0.	9.1296e-002	1.6288e-002	
17253	1.9e-002	9.1296e-002	1.6288e-002	
17254	1.664e-002	9.0677e-002	1.6745e-002	
17255	1.4261e-002	9.0053e-002	1.7196e-002	
17256	1.1896e-002	8.9432e-002	1.7633e-002	
17257	7.5949e-003	8.8303e-002	1.8402e-002	
17258	5.7025e-003	8.7806e-002	1.8731e-002	
17259	3.7993e-003	8.7307e-002	1.9055e-002	
17260	1.9048e-003	8.681e-002	1.9372e-002	
17261	-7.8139e-018	8.631e-002	1.9684e-002	
17262	0.	9.0296e-002	1.7021e-002	
17263	1.8917e-003	8.98e-002	1.7375e-002	
17264	3.7953e-003	8.93e-002	1.7724e-002	
17265	5.6895e-003	8.8803e-002	1.8066e-002	
17266	9.5e-003	8.7803e-002	1.8733e-002	
17267	7.1345e-003	8.7182e-002	1.9135e-002	
17268	4.7528e-003	8.6557e-002	1.953e-002	
17269	2.3841e-003	8.5935e-002	1.9914e-002	
17270	0.	8.531e-002	2.0291e-002	
17271	1.9e-002	8.531e-002	2.0291e-002	
17272	1.6616e-002	8.5935e-002	1.9914e-002	
17273	1.4247e-002	8.6557e-002	1.953e-002	
17274	1.1865e-002	8.7182e-002	1.9135e-002	
17275	1.9e-002	9.0296e-002	1.8248e-002	
17276	1.9e-002	9.1296e-002	1.7531e-002	
17277	1.9e-002	8.6325e-002	2.0848e-002	
17278	1.9e-002	8.531e-002	2.1452e-002	
17279	0.	9.1296e-002	1.7531e-002	
17280	0.	9.0296e-002	1.8248e-002	
17281	-7.8139e-018	8.631e-002	2.0857e-002	
17282	0.	8.531e-002	2.1452e-002	
17283	1.6616e-002	8.5935e-002	2.1082e-002	
17284	1.4247e-002	8.6557e-002	2.0706e-002	
17285	1.1866e-002	8.7182e-002	2.0319e-002	
17286	9.5e-003	8.7803e-002	1.9925e-002	
17287	7.1344e-003	8.7182e-002	2.0319e-002	
17288	4.7526e-003	8.6557e-002	2.0706e-002	
17289	2.384e-003	8.5935e-002	2.1082e-002	
17290	1.8918e-003	8.98e-002	1.8595e-002	
17291	3.7954e-003	8.93e-002	1.8937e-002	
17292	5.6895e-003	8.8803e-002	1.9271e-002	
17293	7.5949e-003	8.8303e-002	1.9601e-002	
17294	5.7024e-003	8.7806e-002	1.9923e-002	
17295	3.7992e-003	8.7307e-002	2.024e-002	
17296	1.9047e-003	8.681e-002	2.0551e-002	
17297	1.664e-002	9.0677e-002	1.7978e-002	
17298	1.426e-002	9.0052e-002	1.8419e-002	
17299	1.1896e-002	8.9432e-002	1.8847e-002	
17300	9.5141e-003	8.8807e-002	1.9269e-002	
17301	7.1248e-003	8.9432e-002	1.8847e-002	
17302	4.7537e-003	9.0052e-002	1.8419e-002	
17303	2.3672e-003	9.0677e-002	1.7978e-002	
17304	1.3323e-002	8.8806e-002	1.9269e-002	
17305	1.5213e-002	8.9302e-002	1.8935e-002	
17306	1.7112e-002	8.9801e-002	1.8594e-002	
17307	1.1422e-002	8.8308e-002	1.9598e-002	
17308	1.71e-002	8.6822e-002	2.0543e-002	
17309	1.5209e-002	8.7316e-002	2.0234e-002	
17310	1.331e-002	8.7813e-002	1.9918e-002	
17311	2.e-002	9.0296e-002	1.7021e-002	
17312	2.1892e-002	8.98e-002	1.7375e-002	
17313	2.3795e-002	8.93e-002	1.7724e-002	
17314	2.5689e-002	8.8803e-002	1.8066e-002	
17315	2.7595e-002	8.8303e-002	1.8402e-002	
17316	2.5702e-002	8.7806e-002	1.8731e-002	
17317	2.3799e-002	8.7307e-002	1.9055e-002	
17318	2.1905e-002	8.681e-002	1.9372e-002	
17319	2.e-002	8.631e-002	1.9684e-002	
17320	3.9e-002	9.1296e-002	1.6288e-002	
17321	3.664e-002	9.0677e-002	1.6745e-002	
17322	3.4261e-002	9.0053e-002	1.7196e-002	
17323	3.1896e-002	8.9432e-002	1.7633e-002	
17324	2.9514e-002	8.8807e-002	1.8063e-002	
17325	2.7125e-002	8.9432e-002	1.7633e-002	
17326	2.4754e-002	9.0053e-002	1.7196e-002	
17327	2.2367e-002	9.0677e-002	1.6745e-002	
17328	2.e-002	9.1296e-002	1.6288e-002	
17329	3.9e-002	8.531e-002	2.0291e-002	
17330	3.6616e-002	8.5935e-002	1.9914e-002	
17331	3.4247e-002	8.6557e-002	1.953e-002	
17332	3.1865e-002	8.7182e-002	1.9135e-002	
17333	2.95e-002	8.7803e-002	1.8733e-002	
17334	2.7135e-002	8.7182e-002	1.9135e-002	
17335	2.4753e-002	8.6557e-002	1.953e-002	
17336	2.2384e-002	8.5935e-002	1.9914e-002	
17337	2.e-002	8.531e-002	2.0291e-002	
17338	3.1422e-002	8.8308e-002	1.84e-002	
17339	3.3323e-002	8.8806e-002	1.8063e-002	
17340	3.5213e-002	8.9303e-002	1.7723e-002	
17341	3.7112e-002	8.9801e-002	1.7374e-002	
17342	3.9e-002	9.0296e-002	1.7021e-002	
17343	3.9e-002	8.6325e-002	1.9675e-002	
17344	3.71e-002	8.6822e-002	1.9364e-002	
17345	3.5209e-002	8.7317e-002	1.9049e-002	
17346	3.331e-002	8.7813e-002	1.8726e-002	
17347	3.9e-002	8.531e-002	2.1452e-002	
17348	3.9e-002	8.6325e-002	2.0848e-002	
17349	3.9e-002	9.1296e-002	1.7531e-002	
17350	3.9e-002	9.0296e-002	1.8248e-002	
17351	2.e-002	8.631e-002	2.0857e-002	
17352	2.e-002	8.531e-002	2.1452e-002	
17353	2.e-002	9.0296e-002	1.8248e-002	
17354	2.e-002	9.1296e-002	1.7531e-002	
17355	3.71e-002	8.6822e-002	2.0543e-002	
17356	3.5209e-002	8.7316e-002	2.0234e-002	
17357	3.331e-002	8.7813e-002	1.9918e-002	
17358	3.1422e-002	8.8308e-002	1.9598e-002	
17359	3.3323e-002	8.8806e-002	1.9269e-002	
17360	3.5213e-002	8.9302e-002	1.8935e-002	
17361	3.7112e-002	8.9801e-002	1.8594e-002	
17362	2.7134e-002	8.7182e-002	2.0319e-002	
17363	2.4753e-002	8.6557e-002	2.0706e-002	
17364	2.2384e-002	8.5935e-002	2.1082e-002	
17365	2.95e-002	8.7803e-002	1.9925e-002	
17366	3.6616e-002	8.5935e-002	2.1082e-002	
17367	3.4247e-002	8.6557e-002	2.0706e-002	
17368	3.1866e-002	8.7182e-002	2.0319e-002	
17369	2.7125e-002	8.9432e-002	1.8847e-002	
17370	2.4754e-002	9.0052e-002	1.8419e-002	
17371	2.2367e-002	9.0677e-002	1.7978e-002	
17372	2.9514e-002	8.8807e-002	1.9269e-002	
17373	3.664e-002	9.0677e-002	1.7978e-002	
17374	3.426e-002	9.0052e-002	1.8419e-002	
17375	3.1896e-002	8.9432e-002	1.8847e-002	
17376	2.5702e-002	8.7806e-002	1.9923e-002	
17377	2.3799e-002	8.7307e-002	2.024e-002	
17378	2.1905e-002	8.681e-002	2.0551e-002	
17379	2.7595e-002	8.8303e-002	1.9601e-002	
17380	2.1892e-002	8.98e-002	1.8595e-002	
17381	2.3795e-002	8.93e-002	1.8937e-002	
17382	2.569e-002	8.8803e-002	1.9271e-002	
17383	4.e-002	9.0296e-002	1.7021e-002	
17384	4.1892e-002	8.98e-002	1.7375e-002	
17385	4.3795e-002	8.93e-002	1.7724e-002	
17386	4.5689e-002	8.8803e-002	1.8066e-002	
17387	4.7595e-002	8.8303e-002	1.8402e-002	
17388	4.5702e-002	8.7806e-002	1.8731e-002	
17389	4.3799e-002	8.7307e-002	1.9055e-002	
17390	4.1905e-002	8.681e-002	1.9372e-002	
17391	4.e-002	8.631e-002	1.9684e-002	
17392	5.9e-002	9.1296e-002	1.6288e-002	
17393	5.664e-002	9.0677e-002	1.6745e-002	
17394	5.4261e-002	9.0053e-002	1.7196e-002	
17395	5.1896e-002	8.9432e-002	1.7633e-002	
17396	4.9514e-002	8.8807e-002	1.8063e-002	
17397	4.7125e-002	8.9432e-002	1.7633e-002	
17398	4.4754e-002	9.0053e-002	1.7196e-002	
17399	4.2367e-002	9.0677e-002	1.6745e-002	
17400	4.e-002	9.1296e-002	1.6288e-002	
17401	5.9e-002	8.531e-002	2.0291e-002	
17402	5.6616e-002	8.5935e-002	1.9914e-002	
17403	5.4247e-002	8.6557e-002	1.953e-002	
17404	5.1865e-002	8.7182e-002	1.9135e-002	
17405	4.95e-002	8.7803e-002	1.8733e-002	
17406	4.7135e-002	8.7182e-002	1.9135e-002	
17407	4.4753e-002	8.6557e-002	1.953e-002	
17408	4.2384e-002	8.5935e-002	1.9914e-002	
17409	4.e-002	8.531e-002	2.0291e-002	
17410	5.1422e-002	8.8308e-002	1.84e-002	
17411	5.3323e-002	8.8806e-002	1.8063e-002	
17412	5.5213e-002	8.9303e-002	1.7723e-002	
17413	5.7112e-002	8.9801e-002	1.7374e-002	
17414	5.9e-002	9.0296e-002	1.7021e-002	
17415	5.9e-002	8.6325e-002	1.9675e-002	
17416	5.71e-002	8.6822e-002	1.9364e-002	
17417	5.5209e-002	8.7317e-002	1.9049e-002	
17418	5.331e-002	8.7813e-002	1.8726e-002	
17419	5.9e-002	8.531e-002	2.1452e-002	
17420	5.9e-002	8.6325e-002	2.0848e-002	
17421	5.9e-002	9.1296e-002	1.7531e-002	
17422	5.9e-002	9.0296e-002	1.8248e-002	
17423	4.e-002	8.631e-002	2.0857e-002	
17424	4.e-002	8.531e-002	2.1452e-002	
17425	4.e-002	9.0296e-002	1.8248e-002	
17426	4.e-002	9.1296e-002	1.7531e-002	
17427	5.71e-002	8.6822e-002	2.0543e-002	
17428	5.5209e-002	8.7316e-002	2.0234e-002	
17429	5.331e-002	8.7813e-002	1.9918e-002	
17430	5.1422e-002	8.8308e-002	1.9598e-002	
17431	5.3323e-002	8.8806e-002	1.9269e-002	
17432	5.5213e-002	8.9302e-002	1.8935e-002	
17433	5.7112e-002	8.9801e-002	1.8594e-002	
17434	4.7134e-002	8.7182e-002	2.0319e-002	
17435	4.4753e-002	8.6557e-002	2.0706e-002	
17436	4.2384e-002	8.5935e-002	2.1082e-002	
17437	4.95e-002	8.7803e-002	1.9925e-002	
17438	5.6616e-002	8.5935e-002	2.1082e-002	
17439	5.4247e-002	8.6557e-002	2.0706e-002	
17440	5.1866e-002	8.7182e-002	2.0319e-002	
17441	4.7125e-002	8.9432e-002	1.8847e-002	
17442	4.4754e-002	9.0052e-002	1.8419e-002	
17443	4.2367e-002	9.0677e-002	1.7978e-002	
17444	4.9514e-002	8.8807e-002	1.9269e-002	
17445	5.664e-002	9.0677e-002	1.7978e-002	
17446	5.426e-002	9.0052e-002	1.8419e-002	
17447	5.1896e-002	8.9432e-002	1.8847e-002	
17448	4.5702e-002	8.7806e-002	1.9923e-002	
17449	4.3799e-002	8.7307e-002	2.024e-002	
17450	4.1905e-002	8.681e-002	2.0551e-002	
17451	4.7595e-002	8.8303e-002	1.9601e-002	
17452	4.1892e-002	8.98e-002	1.8595e-002	
17453	4.3795e-002	8.93e-002	1.8937e-002	
17454	4.569e-002	8.8803e-002	1.9271e-002	
17455	0.	0.1903	1.7021e-002	
17456	1.8917e-003	0.1898	1.7375e-002	
17457	3.7953e-003	0.1893	1.7724e-002	
17458	5.6895e-003	0.1888	1.8066e-002	
17459	7.5949e-003	0.1883	1.8402e-002	
17460	5.7025e-003	0.18781	1.8731e-002	
17461	3.7993e-003	0.18731	1.9055e-002	
17462	1.9048e-003	0.18681	1.9372e-002	
17463	-7.8139e-018	0.18631	1.9684e-002	
17464	1.9e-002	0.1913	1.6288e-002	
17465	1.664e-002	0.19068	1.6745e-002	
17466	1.4261e-002	0.19005	1.7196e-002	
17467	1.1896e-002	0.18943	1.7633e-002	
17468	9.5141e-003	0.18881	1.8063e-002	
17469	7.1247e-003	0.18943	1.7633e-002	
17470	4.7535e-003	0.19005	1.7196e-002	
17471	2.3671e-003	0.19068	1.6745e-002	
17472	0.	0.1913	1.6288e-002	
17473	1.9e-002	0.18531	2.0291e-002	
17474	1.6616e-002	0.18594	1.9914e-002	
17475	1.4247e-002	0.18656	1.953e-002	
17476	1.1865e-002	0.18718	1.9135e-002	
17477	9.5e-003	0.1878	1.8733e-002	
17478	7.1345e-003	0.18718	1.9135e-002	
17479	4.7528e-003	0.18656	1.953e-002	
17480	2.3841e-003	0.18594	1.9914e-002	
17481	0.	0.18531	2.0291e-002	
17482	1.1422e-002	0.18831	1.84e-002	
17483	1.3323e-002	0.18881	1.8063e-002	
17484	1.5213e-002	0.1893	1.7723e-002	
17485	1.7112e-002	0.1898	1.7374e-002	
17486	1.9e-002	0.1903	1.7021e-002	
17487	1.9e-002	0.18632	1.9675e-002	
17488	1.71e-002	0.18682	1.9364e-002	
17489	1.5209e-002	0.18732	1.9049e-002	
17490	1.331e-002	0.18781	1.8726e-002	
17491	1.9e-002	0.18531	2.1452e-002	
17492	1.9e-002	0.18632	2.0848e-002	
17493	0.	0.1903	1.8248e-002	
17494	0.	0.1913	1.7531e-002	
17495	-7.8139e-018	0.18631	2.0857e-002	
17496	0.	0.18531	2.1452e-002	
17497	1.9e-002	0.1913	1.7531e-002	
17498	1.9e-002	0.1903	1.8248e-002	
17499	1.71e-002	0.18682	2.0543e-002	
17500	1.5209e-002	0.18732	2.0234e-002	
17501	1.331e-002	0.18781	1.9918e-002	
17502	1.1422e-002	0.18831	1.9598e-002	
17503	1.3323e-002	0.18881	1.9269e-002	
17504	1.5213e-002	0.1893	1.8935e-002	
17505	1.7112e-002	0.1898	1.8594e-002	
17506	7.1344e-003	0.18718	2.0319e-002	
17507	4.7526e-003	0.18656	2.0706e-002	
17508	2.384e-003	0.18594	2.1082e-002	
17509	9.5e-003	0.1878	1.9925e-002	
17510	1.6616e-002	0.18594	2.1082e-002	
17511	1.4247e-002	0.18656	2.0706e-002	
17512	1.1866e-002	0.18718	2.0319e-002	
17513	7.1248e-003	0.18943	1.8847e-002	
17514	4.7537e-003	0.19005	1.8419e-002	
17515	2.3672e-003	0.19068	1.7978e-002	
17516	9.5141e-003	0.18881	1.9269e-002	
17517	1.664e-002	0.19068	1.7978e-002	
17518	1.426e-002	0.19005	1.8419e-002	
17519	1.1896e-002	0.18943	1.8847e-002	
17520	5.7024e-003	0.18781	1.9923e-002	
17521	3.7992e-003	0.18731	2.024e-002	
17522	1.9047e-003	0.18681	2.0551e-002	
17523	7.5949e-003	0.1883	1.9601e-002	
17524	1.8918e-003	0.1898	1.8595e-002	
17525	3.7954e-003	0.1893	1.8937e-002	
17526	5.6895e-003	0.1888	1.9271e-002	
17527	2.e-002	0.1903	1.7021e-002	
17528	2.1892e-002	0.1898	1.7375e-002	
17529	2.3795e-002	0.1893	1.7724e-002	
17530	2.5689e-002	0.1888	1.8066e-002	
17531	2.7595e-002	0.1883	1.8402e-002	
17532	2.5702e-002	0.18781	1.8731e-002	
17533	2.3799e-002	0.18731	1.9055e-002	
17534	2.1905e-002	0.18681	1.9372e-002	
17535	2.e-002	0.18631	1.9684e-002	
17536	3.9e-002	0.1913	1.6288e-002	
17537	3.664e-002	0.19068	1.6745e-002	
17538	3.4261e-002	0.19005	1.7196e-002	
17539	3.1896e-002	0.18943	1.7633e-002	
17540	2.9514e-002	0.18881	1.8063e-002	
17541	2.7125e-002	0.18943	1.7633e-002	
17542	2.4754e-002	0.19005	1.7196e-002	
17543	2.2367e-002	0.19068	1.6745e-002	
17544	2.e-002	0.1913	1.6288e-002	
17545	3.9e-002	0.18531	2.0291e-002	
17546	3.6616e-002	0.18594	1.9914e-002	
17547	3.4247e-002	0.18656	1.953e-002	
17548	3.1865e-002	0.18718	1.9135e-002	
17549	2.95e-002	0.1878	1.8733e-002	
17550	2.7135e-002	0.18718	1.9135e-002	
17551	2.4753e-002	0.18656	1.953e-002	
17552	2.2384e-002	0.18594	1.9914e-002	
17553	2.e-002	0.18531	2.0291e-002	
17554	3.1422e-002	0.18831	1.84e-002	
17555	3.3323e-002	0.18881	1.8063e-002	
17556	3.5213e-002	0.1893	1.7723e-002	
17557	3.7112e-002	0.1898	1.7374e-002	
17558	3.9e-002	0.1903	1.7021e-002	
17559	3.9e-002	0.18632	1.9675e-002	
17560	3.71e-002	0.18682	1.9364e-002	
17561	3.5209e-002	0.18732	1.9049e-002	
17562	3.331e-002	0.18781	1.8726e-002	
17563	2.e-002	0.1903	1.8248e-002	
17564	2.e-002	0.1913	1.7531e-002	
17565	2.e-002	0.18631	2.0857e-002	
17566	2.e-002	0.18531	2.1452e-002	
17567	3.9e-002	0.1913	1.7531e-002	
17568	3.9e-002	0.1903	1.8248e-002	
17569	3.9e-002	0.18531	2.1452e-002	
17570	3.9e-002	0.18632	2.0848e-002	
17571	3.71e-002	0.18682	2.0543e-002	
17572	3.5209e-002	0.18732	2.0234e-002	
17573	3.331e-002	0.18781	1.9918e-002	
17574	3.1422e-002	0.18831	1.9598e-002	
17575	3.3323e-002	0.18881	1.9269e-002	
17576	3.5213e-002	0.1893	1.8935e-002	
17577	3.7112e-002	0.1898	1.8594e-002	
17578	2.7134e-002	0.18718	2.0319e-002	
17579	2.4753e-002	0.18656	2.0706e-002	
17580	2.2384e-002	0.18594	2.1082e-002	
17581	2.95e-002	0.1878	1.9925e-002	
17582	3.6616e-002	0.18594	2.1082e-002	
17583	3.4247e-002	0.18656	2.0706e-002	
17584	3.1866e-002	0.18718	2.0319e-002	
17585	2.7125e-002	0.18943	1.8847e-002	
17586	2.4754e-002	0.19005	1.8419e-002	
17587	2.2367e-002	0.19068	1.7978e-002	
17588	2.9514e-002	0.18881	1.9269e-002	
17589	3.664e-002	0.19068	1.7978e-002	
17590	3.426e-002	0.19005	1.8419e-002	
17591	3.1896e-002	0.18943	1.8847e-002	
17592	2.5702e-002	0.18781	1.9923e-002	
17593	2.3799e-002	0.18731	2.024e-002	
17594	2.1905e-002	0.18681	2.0551e-002	
17595	2.7595e-002	0.1883	1.9601e-002	
17596	2.1892e-002	0.1898	1.8595e-002	
17597	2.3795e-002	0.1893	1.8937e-002	
17598	2.569e-002	0.1888	1.9271e-002	
17599	4.e-002	0.1903	1.7021e-002	
17600	4.1892e-002	0.1898	1.7375e-002	
17601	4.3795e-002	0.1893	1.7724e-002	
17602	4.5689e-002	0.1888	1.8066e-002	
17603	4.7595e-002	0.1883	1.8402e-002	
17604	4.5702e-002	0.18781	1.8731e-002	
17605	4.3799e-002	0.18731	1.9055e-002	
17606	4.1905e-002	0.18681	1.9372e-002	
17607	4.e-002	0.18631	1.9684e-002	
17608	5.9e-002	0.1913	1.6288e-002	
17609	5.664e-002	0.19068	1.6745e-002	
17610	5.4261e-002	0.19005	1.7196e-002	
17611	5.1896e-002	0.18943	1.7633e-002	
17612	4.9514e-002	0.18881	1.8063e-002	
17613	4.7125e-002	0.18943	1.7633e-002	
17614	4.4754e-002	0.19005	1.7196e-002	
17615	4.2367e-002	0.19068	1.6745e-002	
17616	4.e-002	0.1913	1.6288e-002	
17617	5.9e-002	0.18531	2.0291e-002	
17618	5.6616e-002	0.18594	1.9914e-002	
17619	5.4247e-002	0.18656	1.953e-002	
17620	5.1865e-002	0.18718	1.9135e-002	
17621	4.95e-002	0.1878	1.8733e-002	
17622	4.7135e-002	0.18718	1.9135e-002	
17623	4.4753e-002	0.18656	1.953e-002	
17624	4.2384e-002	0.18594	1.9914e-002	
17625	4.e-002	0.18531	2.0291e-002	
17626	5.1422e-002	0.18831	1.84e-002	
17627	5.3323e-002	0.18881	1.8063e-002	
17628	5.5213e-002	0.1893	1.7723e-002	
17629	5.7112e-002	0.1898	1.7374e-002	
17630	5.9e-002	0.1903	1.7021e-002	
17631	5.9e-002	0.18632	1.9675e-002	
17632	5.71e-002	0.18682	1.9364e-002	
17633	5.5209e-002	0.18732	1.9049e-002	
17634	5.331e-002	0.18781	1.8726e-002	
17635	5.9e-002	0.18531	2.1452e-002	
17636	5.9e-002	0.18632	2.0848e-002	
17637	4.e-002	0.1903	1.8248e-002	
17638	4.e-002	0.1913	1.7531e-002	
17639	4.e-002	0.18631	2.0857e-002	
17640	4.e-002	0.18531	2.1452e-002	
17641	5.9e-002	0.1913	1.7531e-002	
17642	5.9e-002	0.1903	1.8248e-002	
17643	5.71e-002	0.18682	2.0543e-002	
17644	5.5209e-002	0.18732	2.0234e-002	
17645	5.331e-002	0.18781	1.9918e-002	
17646	5.1422e-002	0.18831	1.9598e-002	
17647	5.3323e-002	0.18881	1.9269e-002	
17648	5.5213e-002	0.1893	1.8935e-002	
17649	5.7112e-002	0.1898	1.8594e-002	
17650	4.7134e-002	0.18718	2.0319e-002	
17651	4.4753e-002	0.18656	2.0706e-002	
17652	4.2384e-002	0.18594	2.1082e-002	
17653	4.95e-002	0.1878	1.9925e-002	
17654	5.6616e-002	0.18594	2.1082e-002	
17655	5.4247e-002	0.18656	2.0706e-002	
17656	5.1866e-002	0.18718	2.0319e-002	
17657	4.7125e-002	0.18943	1.8847e-002	
17658	4.4754e-002	0.19005	1.8419e-002	
17659	4.2367e-002	0.19068	1.7978e-002	
17660	4.9514e-002	0.18881	1.9269e-002	
17661	5.664e-002	0.19068	1.7978e-002	
17662	5.426e-002	0.19005	1.8419e-002	
17663	5.1896e-002	0.18943	1.8847e-002	
17664	4.5702e-002	0.18781	1.9923e-002	
17665	4.3799e-002	0.18731	2.024e-002	
17666	4.1905e-002	0.18681	2.0551e-002	
17667	4.7595e-002	0.1883	1.9601e-002	
17668	4.1892e-002	0.1898	1.8595e-002	
17669	4.3795e-002	0.1893	1.8937e-002	
17670	4.569e-002	0.1888	1.9271e-002	
17671	0.	0.2903	1.7021e-002	
17672	0.	0.2913	1.6288e-002	
17673	0.	0.28531	2.0291e-002	
17674	-7.8139e-018	0.28631	1.9684e-002	
17675	1.9e-002	0.2903	1.7021e-002	
17676	1.9e-002	0.2913	1.6288e-002	
17677	1.9e-002	0.28531	2.0291e-002	
17678	1.9e-002	0.28632	1.9675e-002	
17679	1.6616e-002	0.28594	1.9914e-002	
17680	1.4247e-002	0.28656	1.953e-002	
17681	1.1865e-002	0.28718	1.9135e-002	
17682	9.5e-003	0.2878	1.8733e-002	
17683	7.1345e-003	0.28718	1.9135e-002	
17684	4.7528e-003	0.28656	1.953e-002	
17685	2.3841e-003	0.28594	1.9914e-002	
17686	1.8917e-003	0.2898	1.7375e-002	
17687	3.7953e-003	0.2893	1.7724e-002	
17688	5.6895e-003	0.2888	1.8066e-002	
17689	7.5949e-003	0.2883	1.8402e-002	
17690	5.7025e-003	0.28781	1.8731e-002	
17691	3.7993e-003	0.28731	1.9055e-002	
17692	1.9048e-003	0.28681	1.9372e-002	
17693	1.664e-002	0.29068	1.6745e-002	
17694	1.4261e-002	0.29005	1.7196e-002	
17695	1.1896e-002	0.28943	1.7633e-002	
17696	9.5141e-003	0.28881	1.8063e-002	
17697	7.1247e-003	0.28943	1.7633e-002	
17698	4.7535e-003	0.29005	1.7196e-002	
17699	2.3671e-003	0.29068	1.6745e-002	
17700	1.1422e-002	0.28831	1.84e-002	
17701	1.3323e-002	0.28881	1.8063e-002	
17702	1.5213e-002	0.2893	1.7723e-002	
17703	1.7112e-002	0.2898	1.7374e-002	
17704	1.71e-002	0.28682	1.9364e-002	
17705	1.5209e-002	0.28732	1.9049e-002	
17706	1.331e-002	0.28781	1.8726e-002	
17707	1.71e-002	0.28682	2.0543e-002	
17708	1.5209e-002	0.28732	2.0234e-002	
17709	1.331e-002	0.28781	1.9918e-002	
17710	1.9e-002	0.28632	2.0848e-002	
17711	1.1422e-002	0.28831	1.9598e-002	
17712	1.3323e-002	0.28881	1.9269e-002	
17713	1.5213e-002	0.2893	1.8935e-002	
17714	1.7112e-002	0.2898	1.8594e-002	
17715	1.9e-002	0.2903	1.8248e-002	
17716	7.1248e-003	0.28943	1.8847e-002	
17717	4.7537e-003	0.29005	1.8419e-002	
17718	2.3672e-003	0.29068	1.7978e-002	
17719	0.	0.2913	1.7531e-002	
17720	9.5141e-003	0.28881	1.9269e-002	
17721	1.664e-002	0.29068	1.7978e-002	
17722	1.426e-002	0.29005	1.8419e-002	
17723	1.1896e-002	0.28943	1.8847e-002	
17724	1.9e-002	0.2913	1.7531e-002	
17725	5.7024e-003	0.28781	1.9923e-002	
17726	3.7992e-003	0.28731	2.024e-002	
17727	1.9047e-003	0.28681	2.0551e-002	
17728	-7.8139e-018	0.28631	2.0857e-002	
17729	7.5949e-003	0.2883	1.9601e-002	
17730	1.8918e-003	0.2898	1.8595e-002	
17731	3.7954e-003	0.2893	1.8937e-002	
17732	5.6895e-003	0.2888	1.9271e-002	
17733	0.	0.2903	1.8248e-002	
17734	7.1344e-003	0.28718	2.0319e-002	
17735	4.7526e-003	0.28656	2.0706e-002	
17736	2.384e-003	0.28594	2.1082e-002	
17737	0.	0.28531	2.1452e-002	
17738	9.5e-003	0.2878	1.9925e-002	
17739	1.6616e-002	0.28594	2.1082e-002	
17740	1.4247e-002	0.28656	2.0706e-002	
17741	1.1866e-002	0.28718	2.0319e-002	
17742	1.9e-002	0.28531	2.1452e-002	
17743	2.e-002	0.2903	1.7021e-002	
17744	2.1892e-002	0.2898	1.7375e-002	
17745	2.3795e-002	0.2893	1.7724e-002	
17746	2.5689e-002	0.2888	1.8066e-002	
17747	2.7595e-002	0.2883	1.8402e-002	
17748	2.5702e-002	0.28781	1.8731e-002	
17749	2.3799e-002	0.28731	1.9055e-002	
17750	2.1905e-002	0.28681	1.9372e-002	
17751	2.e-002	0.28631	1.9684e-002	
17752	3.9e-002	0.2913	1.6288e-002	
17753	3.664e-002	0.29068	1.6745e-002	
17754	3.4261e-002	0.29005	1.7196e-002	
17755	3.1896e-002	0.28943	1.7633e-002	
17756	2.9514e-002	0.28881	1.8063e-002	
17757	2.7125e-002	0.28943	1.7633e-002	
17758	2.4754e-002	0.29005	1.7196e-002	
17759	2.2367e-002	0.29068	1.6745e-002	
17760	2.e-002	0.2913	1.6288e-002	
17761	3.9e-002	0.28531	2.0291e-002	
17762	3.6616e-002	0.28594	1.9914e-002	
17763	3.4247e-002	0.28656	1.953e-002	
17764	3.1865e-002	0.28718	1.9135e-002	
17765	2.95e-002	0.2878	1.8733e-002	
17766	2.7135e-002	0.28718	1.9135e-002	
17767	2.4753e-002	0.28656	1.953e-002	
17768	2.2384e-002	0.28594	1.9914e-002	
17769	2.e-002	0.28531	2.0291e-002	
17770	3.1422e-002	0.28831	1.84e-002	
17771	3.3323e-002	0.28881	1.8063e-002	
17772	3.5213e-002	0.2893	1.7723e-002	
17773	3.7112e-002	0.2898	1.7374e-002	
17774	3.9e-002	0.2903	1.7021e-002	
17775	3.9e-002	0.28632	1.9675e-002	
17776	3.71e-002	0.28682	1.9364e-002	
17777	3.5209e-002	0.28732	1.9049e-002	
17778	3.331e-002	0.28781	1.8726e-002	
17779	2.e-002	0.2903	1.8248e-002	
17780	2.e-002	0.2913	1.7531e-002	
17781	2.e-002	0.28631	2.0857e-002	
17782	2.e-002	0.28531	2.1452e-002	
17783	3.9e-002	0.2913	1.7531e-002	
17784	3.9e-002	0.2903	1.8248e-002	
17785	3.9e-002	0.28531	2.1452e-002	
17786	3.9e-002	0.28632	2.0848e-002	
17787	3.71e-002	0.28682	2.0543e-002	
17788	3.5209e-002	0.28732	2.0234e-002	
17789	3.331e-002	0.28781	1.9918e-002	
17790	3.1422e-002	0.28831	1.9598e-002	
17791	3.3323e-002	0.28881	1.9269e-002	
17792	3.5213e-002	0.2893	1.8935e-002	
17793	3.7112e-002	0.2898	1.8594e-002	
17794	2.7134e-002	0.28718	2.0319e-002	
17795	2.4753e-002	0.28656	2.0706e-002	
17796	2.2384e-002	0.28594	2.1082e-002	
17797	2.95e-002	0.2878	1.9925e-002	
17798	3.6616e-002	0.28594	2.1082e-002	
17799	3.4247e-002	0.28656	2.0706e-002	
17800	3.1866e-002	0.28718	2.0319e-002	
17801	2.7125e-002	0.28943	1.8847e-002	
17802	2.4754e-002	0.29005	1.8419e-002	
17803	2.2367e-002	0.29068	1.7978e-002	
17804	2.9514e-002	0.28881	1.9269e-002	
17805	3.664e-002	0.29068	1.7978e-002	
17806	3.426e-002	0.29005	1.8419e-002	
17807	3.1896e-002	0.28943	1.8847e-002	
17808	2.5702e-002	0.28781	1.9923e-002	
17809	2.3799e-002	0.28731	2.024e-002	
17810	2.1905e-002	0.28681	2.0551e-002	
17811	2.7595e-002	0.2883	1.9601e-002	
17812	2.1892e-002	0.2898	1.8595e-002	
17813	2.3795e-002	0.2893	1.8937e-002	
17814	2.569e-002	0.2888	1.9271e-002	
17815	4.e-002	0.2903	1.7021e-002	
17816	4.1892e-002	0.2898	1.7375e-002	
17817	4.3795e-002	0.2893	1.7724e-002	
17818	4.5689e-002	0.2888	1.8066e-002	
17819	4.7595e-002	0.2883	1.8402e-002	
17820	4.5702e-002	0.28781	1.8731e-002	
17821	4.3799e-002	0.28731	1.9055e-002	
17822	4.1905e-002	0.28681	1.9372e-002	
17823	4.e-002	0.28631	1.9684e-002	
17824	5.9e-002	0.2913	1.6288e-002	
17825	5.664e-002	0.29068	1.6745e-002	
17826	5.4261e-002	0.29005	1.7196e-002	
17827	5.1896e-002	0.28943	1.7633e-002	
17828	4.9514e-002	0.28881	1.8063e-002	
17829	4.7125e-002	0.28943	1.7633e-002	
17830	4.4754e-002	0.29005	1.7196e-002	
17831	4.2367e-002	0.29068	1.6745e-002	
17832	4.e-002	0.2913	1.6288e-002	
17833	5.9e-002	0.28531	2.0291e-002	
17834	5.6616e-002	0.28594	1.9914e-002	
17835	5.4247e-002	0.28656	1.953e-002	
17836	5.1865e-002	0.28718	1.9135e-002	
17837	4.95e-002	0.2878	1.8733e-002	
17838	4.7135e-002	0.28718	1.9135e-002	
17839	4.4753e-002	0.28656	1.953e-002	
17840	4.2384e-002	0.28594	1.9914e-002	
17841	4.e-002	0.28531	2.0291e-002	
17842	5.1422e-002	0.28831	1.84e-002	
17843	5.3323e-002	0.28881	1.8063e-002	
17844	5.5213e-002	0.2893	1.7723e-002	
17845	5.7112e-002	0.2898	1.7374e-002	
17846	5.9e-002	0.2903	1.7021e-002	
17847	5.9e-002	0.28632	1.9675e-002	
17848	5.71e-002	0.28682	1.9364e-002	
17849	5.5209e-002	0.28732	1.9049e-002	
17850	5.331e-002	0.28781	1.8726e-002	
17851	4.e-002	0.2903	1.8248e-002	
17852	4.e-002	0.2913	1.7531e-002	
17853	4.e-002	0.28631	2.0857e-002	
17854	4.e-002	0.28531	2.1452e-002	
17855	5.9e-002	0.2913	1.7531e-002	
17856	5.9e-002	0.2903	1.8248e-002	
17857	5.9e-002	0.28531	2.1452e-002	
17858	5.9e-002	0.28632	2.0848e-002	
17859	5.71e-002	0.28682	2.0543e-002	
17860	5.5209e-002	0.28732	2.0234e-002	
17861	5.331e-002	0.28781	1.9918e-002	
17862	5.1422e-002	0.28831	1.9598e-002	
17863	5.3323e-002	0.28881	1.9269e-002	
17864	5.5213e-002	0.2893	1.8935e-002	
17865	5.7112e-002	0.2898	1.8594e-002	
17866	4.7134e-002	0.28718	2.0319e-002	
17867	4.4753e-002	0.28656	2.0706e-002	
17868	4.2384e-002	0.28594	2.1082e-002	
17869	4.95e-002	0.2878	1.9925e-002	
17870	5.6616e-002	0.28594	2.1082e-002	
17871	5.4247e-002	0.28656	2.0706e-002	
17872	5.1866e-002	0.28718	2.0319e-002	
17873	4.7125e-002	0.28943	1.8847e-002	
17874	4.4754e-002	0.29005	1.8419e-002	
17875	4.2367e-002	0.29068	1.7978e-002	
17876	4.9514e-002	0.28881	1.9269e-002	
17877	5.664e-002	0.29068	1.7978e-002	
17878	5.426e-002	0.29005	1.8419e-002	
17879	5.1896e-002	0.28943	1.8847e-002	
17880	4.5702e-002	0.28781	1.9923e-002	
17881	4.3799e-002	0.28731	2.024e-002	
17882	4.1905e-002	0.28681	2.0551e-002	
17883	4.7595e-002	0.2883	1.9601e-002	
17884	4.1892e-002	0.2898	1.8595e-002	
17885	4.3795e-002	0.2893	1.8937e-002	
17886	4.569e-002	0.2888	1.9271e-002	
17887	1.9e-002	1.6325e-002	2.1234e-002	
17888	1.711e-002	1.6819e-002	2.1508e-002	
17889	1.5212e-002	1.7316e-002	2.1778e-002	
17890	1.3321e-002	1.7811e-002	2.2042e-002	
17891	1.1422e-002	1.8308e-002	2.2301e-002	
17892	1.3312e-002	1.8804e-002	2.2555e-002	
17893	1.521e-002	1.9302e-002	2.2805e-002	
17894	1.7101e-002	1.9798e-002	2.3049e-002	
17895	1.9e-002	2.0296e-002	2.3289e-002	
17896	9.5141e-003	1.8807e-002	2.2557e-002	
17897	7.1424e-003	1.9427e-002	2.2867e-002	
17898	4.7588e-003	2.0051e-002	2.3172e-002	
17899	2.385e-003	2.0672e-002	2.3467e-002	
17900	0.	2.1296e-002	2.3757e-002	
17901	1.9e-002	2.1296e-002	2.3757e-002	
17902	1.6622e-002	2.0672e-002	2.3467e-002	
17903	1.4255e-002	2.0051e-002	2.3172e-002	
17904	1.1879e-002	1.9427e-002	2.2867e-002	
17905	7.5949e-003	1.8303e-002	2.2299e-002	
17906	5.6914e-003	1.7804e-002	2.2038e-002	
17907	3.7961e-003	1.7306e-002	2.1773e-002	
17908	1.8938e-003	1.6807e-002	2.1502e-002	
17909	-7.8139e-018	1.631e-002	2.1226e-002	
17910	0.	2.0296e-002	2.3289e-002	
17911	1.903e-003	1.9797e-002	2.3049e-002	
17912	3.7987e-003	1.9299e-002	2.2804e-002	
17913	5.7007e-003	1.88e-002	2.2553e-002	
17914	9.5e-003	1.7803e-002	2.2038e-002	
17915	7.1173e-003	1.7178e-002	2.1704e-002	
17916	4.7478e-003	1.6556e-002	2.1363e-002	
17917	2.3669e-003	1.5931e-002	2.1013e-002	
17918	0.	1.531e-002	2.0656e-002	
17919	1.9e-002	1.531e-002	2.0656e-002	
17920	1.6633e-002	1.5931e-002	2.1013e-002	
17921	1.4252e-002	1.6556e-002	2.1363e-002	
17922	1.1883e-002	1.7178e-002	2.1704e-002	
17923	1.9e-002	2.0296e-002	2.4396e-002	
17924	1.9e-002	2.1296e-002	2.4855e-002	
17925	1.9e-002	1.6325e-002	2.2378e-002	
17926	1.9e-002	1.531e-002	2.181e-002	
17927	0.	2.1296e-002	2.4855e-002	
17928	0.	2.0296e-002	2.4396e-002	
17929	-7.8139e-018	1.631e-002	2.237e-002	
17930	0.	1.531e-002	2.181e-002	
17931	1.6633e-002	1.5931e-002	2.216e-002	
17932	1.4252e-002	1.6556e-002	2.2504e-002	
17933	1.1883e-002	1.7178e-002	2.2838e-002	
17934	9.5e-003	1.7803e-002	2.3166e-002	
17935	7.1173e-003	1.7178e-002	2.2838e-002	
17936	4.7479e-003	1.6556e-002	2.2504e-002	
17937	2.367e-003	1.5931e-002	2.216e-002	
17938	1.903e-003	1.9797e-002	2.4159e-002	
17939	3.7986e-003	1.9299e-002	2.3919e-002	
17940	5.7006e-003	1.88e-002	2.3673e-002	
17941	7.5949e-003	1.8303e-002	2.3423e-002	
17942	5.6914e-003	1.7804e-002	2.3166e-002	
17943	3.7961e-003	1.7306e-002	2.2906e-002	
17944	1.8938e-003	1.6807e-002	2.264e-002	
17945	1.6622e-002	2.0672e-002	2.457e-002	
17946	1.4255e-002	2.0051e-002	2.428e-002	
17947	1.1879e-002	1.9427e-002	2.3981e-002	
17948	9.5141e-003	1.8807e-002	2.3676e-002	
17949	7.1423e-003	1.9427e-002	2.3981e-002	
17950	4.7588e-003	2.0051e-002	2.428e-002	
17951	2.3849e-003	2.0672e-002	2.457e-002	
17952	1.3312e-002	1.8804e-002	2.3674e-002	
17953	1.521e-002	1.9302e-002	2.392e-002	
17954	1.7101e-002	1.9798e-002	2.416e-002	
17955	1.1422e-002	1.8308e-002	2.3425e-002	
17956	1.711e-002	1.6819e-002	2.2646e-002	
17957	1.5212e-002	1.7316e-002	2.2911e-002	
17958	1.3321e-002	1.7811e-002	2.317e-002	
17959	3.1422e-002	1.8308e-002	2.2301e-002	
17960	3.3312e-002	1.8804e-002	2.2555e-002	
17961	3.521e-002	1.9302e-002	2.2805e-002	
17962	3.7101e-002	1.9798e-002	2.3049e-002	
17963	3.9e-002	2.0296e-002	2.3289e-002	
17964	3.9e-002	1.6325e-002	2.1234e-002	
17965	3.711e-002	1.6819e-002	2.1508e-002	
17966	3.5212e-002	1.7316e-002	2.1778e-002	
17967	3.3321e-002	1.7811e-002	2.2042e-002	
17968	3.9e-002	1.531e-002	2.0656e-002	
17969	3.6633e-002	1.5931e-002	2.1013e-002	
17970	3.4252e-002	1.6556e-002	2.1363e-002	
17971	3.1883e-002	1.7178e-002	2.1704e-002	
17972	2.95e-002	1.7803e-002	2.2038e-002	
17973	2.7117e-002	1.7178e-002	2.1704e-002	
17974	2.4748e-002	1.6556e-002	2.1363e-002	
17975	2.2367e-002	1.5931e-002	2.1013e-002	
17976	2.e-002	1.531e-002	2.0656e-002	
17977	3.9e-002	2.1296e-002	2.3757e-002	
17978	3.6622e-002	2.0672e-002	2.3467e-002	
17979	3.4255e-002	2.0051e-002	2.3172e-002	
17980	3.1879e-002	1.9427e-002	2.2867e-002	
17981	2.9514e-002	1.8807e-002	2.2557e-002	
17982	2.7142e-002	1.9427e-002	2.2867e-002	
17983	2.4759e-002	2.0051e-002	2.3172e-002	
17984	2.2385e-002	2.0672e-002	2.3467e-002	
17985	2.e-002	2.1296e-002	2.3757e-002	
17986	2.e-002	2.0296e-002	2.3289e-002	
17987	2.1903e-002	1.9797e-002	2.3049e-002	
17988	2.3799e-002	1.9299e-002	2.2804e-002	
17989	2.5701e-002	1.88e-002	2.2553e-002	
17990	2.7595e-002	1.8303e-002	2.2299e-002	
17991	2.5691e-002	1.7804e-002	2.2038e-002	
17992	2.3796e-002	1.7306e-002	2.1773e-002	
17993	2.1894e-002	1.6807e-002	2.1502e-002	
17994	2.e-002	1.631e-002	2.1226e-002	
17995	3.9e-002	2.0296e-002	2.4396e-002	
17996	3.9e-002	2.1296e-002	2.4855e-002	
17997	3.9e-002	1.6325e-002	2.2378e-002	
17998	3.9e-002	1.531e-002	2.181e-002	
17999	2.e-002	2.1296e-002	2.4855e-002	
18000	2.e-002	2.0296e-002	2.4396e-002	
18001	2.e-002	1.531e-002	2.181e-002	
18002	2.e-002	1.631e-002	2.237e-002	
18003	2.5691e-002	1.7804e-002	2.3166e-002	
18004	2.3796e-002	1.7306e-002	2.2906e-002	
18005	2.1894e-002	1.6807e-002	2.264e-002	
18006	2.7595e-002	1.8303e-002	2.3423e-002	
18007	2.1903e-002	1.9797e-002	2.4159e-002	
18008	2.3799e-002	1.9299e-002	2.3919e-002	
18009	2.5701e-002	1.88e-002	2.3673e-002	
18010	2.7142e-002	1.9427e-002	2.3981e-002	
18011	2.4759e-002	2.0051e-002	2.428e-002	
18012	2.2385e-002	2.0672e-002	2.457e-002	
18013	2.9514e-002	1.8807e-002	2.3676e-002	
18014	3.6622e-002	2.0672e-002	2.457e-002	
18015	3.4255e-002	2.0051e-002	2.428e-002	
18016	3.1879e-002	1.9427e-002	2.3981e-002	
18017	2.7117e-002	1.7178e-002	2.2838e-002	
18018	2.4748e-002	1.6556e-002	2.2504e-002	
18019	2.2367e-002	1.5931e-002	2.216e-002	
18020	2.95e-002	1.7803e-002	2.3166e-002	
18021	3.6633e-002	1.5931e-002	2.216e-002	
18022	3.4252e-002	1.6556e-002	2.2504e-002	
18023	3.1883e-002	1.7178e-002	2.2838e-002	
18024	3.711e-002	1.6819e-002	2.2646e-002	
18025	3.5212e-002	1.7316e-002	2.2911e-002	
18026	3.3321e-002	1.7811e-002	2.317e-002	
18027	3.1422e-002	1.8308e-002	2.3425e-002	
18028	3.3312e-002	1.8804e-002	2.3674e-002	
18029	3.521e-002	1.9302e-002	2.392e-002	
18030	3.7101e-002	1.9798e-002	2.416e-002	
18031	5.1422e-002	1.8308e-002	2.2301e-002	
18032	5.3312e-002	1.8804e-002	2.2555e-002	
18033	5.521e-002	1.9302e-002	2.2805e-002	
18034	5.7101e-002	1.9798e-002	2.3049e-002	
18035	5.9e-002	2.0296e-002	2.3289e-002	
18036	5.9e-002	1.6325e-002	2.1234e-002	
18037	5.711e-002	1.6819e-002	2.1508e-002	
18038	5.5212e-002	1.7316e-002	2.1778e-002	
18039	5.3321e-002	1.7811e-002	2.2042e-002	
18040	5.9e-002	1.531e-002	2.0656e-002	
18041	5.6633e-002	1.5931e-002	2.1013e-002	
18042	5.4252e-002	1.6556e-002	2.1363e-002	
18043	5.1883e-002	1.7178e-002	2.1704e-002	
18044	4.95e-002	1.7803e-002	2.2038e-002	
18045	4.7117e-002	1.7178e-002	2.1704e-002	
18046	4.4748e-002	1.6556e-002	2.1363e-002	
18047	4.2367e-002	1.5931e-002	2.1013e-002	
18048	4.e-002	1.531e-002	2.0656e-002	
18049	5.9e-002	2.1296e-002	2.3757e-002	
18050	5.6622e-002	2.0672e-002	2.3467e-002	
18051	5.4255e-002	2.0051e-002	2.3172e-002	
18052	5.1879e-002	1.9427e-002	2.2867e-002	
18053	4.9514e-002	1.8807e-002	2.2557e-002	
18054	4.7142e-002	1.9427e-002	2.2867e-002	
18055	4.4759e-002	2.0051e-002	2.3172e-002	
18056	4.2385e-002	2.0672e-002	2.3467e-002	
18057	4.e-002	2.1296e-002	2.3757e-002	
18058	4.e-002	2.0296e-002	2.3289e-002	
18059	4.1903e-002	1.9797e-002	2.3049e-002	
18060	4.3799e-002	1.9299e-002	2.2804e-002	
18061	4.5701e-002	1.88e-002	2.2553e-002	
18062	4.7595e-002	1.8303e-002	2.2299e-002	
18063	4.5691e-002	1.7804e-002	2.2038e-002	
18064	4.3796e-002	1.7306e-002	2.1773e-002	
18065	4.1894e-002	1.6807e-002	2.1502e-002	
18066	4.e-002	1.631e-002	2.1226e-002	
18067	5.9e-002	2.0296e-002	2.4396e-002	
18068	5.9e-002	2.1296e-002	2.4855e-002	
18069	5.9e-002	1.6325e-002	2.2378e-002	
18070	5.9e-002	1.531e-002	2.181e-002	
18071	4.e-002	2.1296e-002	2.4855e-002	
18072	4.e-002	2.0296e-002	2.4396e-002	
18073	4.e-002	1.531e-002	2.181e-002	
18074	4.e-002	1.631e-002	2.237e-002	
18075	4.5691e-002	1.7804e-002	2.3166e-002	
18076	4.3796e-002	1.7306e-002	2.2906e-002	
18077	4.1894e-002	1.6807e-002	2.264e-002	
18078	4.7595e-002	1.8303e-002	2.3423e-002	
18079	4.1903e-002	1.9797e-002	2.4159e-002	
18080	4.3799e-002	1.9299e-002	2.3919e-002	
18081	4.5701e-002	1.88e-002	2.3673e-002	
18082	4.7142e-002	1.9427e-002	2.3981e-002	
18083	4.4759e-002	2.0051e-002	2.428e-002	
18084	4.2385e-002	2.0672e-002	2.457e-002	
18085	4.9514e-002	1.8807e-002	2.3676e-002	
18086	5.6622e-002	2.0672e-002	2.457e-002	
18087	5.4255e-002	2.0051e-002	2.428e-002	
18088	5.1879e-002	1.9427e-002	2.3981e-002	
18089	4.7117e-002	1.7178e-002	2.2838e-002	
18090	4.4748e-002	1.6556e-002	2.2504e-002	
18091	4.2367e-002	1.5931e-002	2.216e-002	
18092	4.95e-002	1.7803e-002	2.3166e-002	
18093	5.6633e-002	1.5931e-002	2.216e-002	
18094	5.4252e-002	1.6556e-002	2.2504e-002	
18095	5.1883e-002	1.7178e-002	2.2838e-002	
18096	5.711e-002	1.6819e-002	2.2646e-002	
18097	5.5212e-002	1.7316e-002	2.2911e-002	
18098	5.3321e-002	1.7811e-002	2.317e-002	
18099	5.1422e-002	1.8308e-002	2.3425e-002	
18100	5.3312e-002	1.8804e-002	2.3674e-002	
18101	5.521e-002	1.9302e-002	2.392e-002	
18102	5.7101e-002	1.9798e-002	2.416e-002	
18103	1.1422e-002	0.11831	2.2301e-002	
18104	1.3312e-002	0.1188	2.2555e-002	
18105	1.521e-002	0.1193	2.2805e-002	
18106	1.7101e-002	0.1198	2.3049e-002	
18107	1.9e-002	0.1203	2.3289e-002	
18108	1.9e-002	0.11632	2.1234e-002	
18109	1.711e-002	0.11682	2.1508e-002	
18110	1.5212e-002	0.11732	2.1778e-002	
18111	1.3321e-002	0.11781	2.2042e-002	
18112	1.9e-002	0.11531	2.0656e-002	
18113	1.6633e-002	0.11593	2.1013e-002	
18114	1.4252e-002	0.11656	2.1363e-002	
18115	1.1883e-002	0.11718	2.1704e-002	
18116	9.5e-003	0.1178	2.2038e-002	
18117	7.1173e-003	0.11718	2.1704e-002	
18118	4.7478e-003	0.11656	2.1363e-002	
18119	2.3669e-003	0.11593	2.1013e-002	
18120	0.	0.11531	2.0656e-002	
18121	1.9e-002	0.1213	2.3757e-002	
18122	1.6622e-002	0.12067	2.3467e-002	
18123	1.4255e-002	0.12005	2.3172e-002	
18124	1.1879e-002	0.11943	2.2867e-002	
18125	9.5141e-003	0.11881	2.2557e-002	
18126	7.1424e-003	0.11943	2.2867e-002	
18127	4.7588e-003	0.12005	2.3172e-002	
18128	2.385e-003	0.12067	2.3467e-002	
18129	0.	0.1213	2.3757e-002	
18130	0.	0.1203	2.3289e-002	
18131	1.903e-003	0.1198	2.3049e-002	
18132	3.7987e-003	0.1193	2.2804e-002	
18133	5.7007e-003	0.1188	2.2553e-002	
18134	7.5949e-003	0.1183	2.2299e-002	
18135	5.6914e-003	0.1178	2.2038e-002	
18136	3.7961e-003	0.11731	2.1773e-002	
18137	1.8938e-003	0.11681	2.1502e-002	
18138	-7.8139e-018	0.11631	2.1226e-002	
18139	1.9e-002	0.1203	2.4396e-002	
18140	1.9e-002	0.1213	2.4855e-002	
18141	1.9e-002	0.11632	2.2378e-002	
18142	1.9e-002	0.11531	2.181e-002	
18143	0.	0.1213	2.4855e-002	
18144	0.	0.1203	2.4396e-002	
18145	0.	0.11531	2.181e-002	
18146	-7.8139e-018	0.11631	2.237e-002	
18147	5.6914e-003	0.1178	2.3166e-002	
18148	3.7961e-003	0.11731	2.2906e-002	
18149	1.8938e-003	0.11681	2.264e-002	
18150	7.5949e-003	0.1183	2.3423e-002	
18151	1.903e-003	0.1198	2.4159e-002	
18152	3.7986e-003	0.1193	2.3919e-002	
18153	5.7006e-003	0.1188	2.3673e-002	
18154	7.1423e-003	0.11943	2.3981e-002	
18155	4.7588e-003	0.12005	2.428e-002	
18156	2.3849e-003	0.12067	2.457e-002	
18157	9.5141e-003	0.11881	2.3676e-002	
18158	1.6622e-002	0.12067	2.457e-002	
18159	1.4255e-002	0.12005	2.428e-002	
18160	1.1879e-002	0.11943	2.3981e-002	
18161	7.1173e-003	0.11718	2.2838e-002	
18162	4.7479e-003	0.11656	2.2504e-002	
18163	2.367e-003	0.11593	2.216e-002	
18164	9.5e-003	0.1178	2.3166e-002	
18165	1.6633e-002	0.11593	2.216e-002	
18166	1.4252e-002	0.11656	2.2504e-002	
18167	1.1883e-002	0.11718	2.2838e-002	
18168	1.711e-002	0.11682	2.2646e-002	
18169	1.5212e-002	0.11732	2.2911e-002	
18170	1.3321e-002	0.11781	2.317e-002	
18171	1.1422e-002	0.11831	2.3425e-002	
18172	1.3312e-002	0.1188	2.3674e-002	
18173	1.521e-002	0.1193	2.392e-002	
18174	1.7101e-002	0.1198	2.416e-002	
18175	3.1422e-002	0.11831	2.2301e-002	
18176	3.3312e-002	0.1188	2.2555e-002	
18177	3.521e-002	0.1193	2.2805e-002	
18178	3.7101e-002	0.1198	2.3049e-002	
18179	3.9e-002	0.1203	2.3289e-002	
18180	3.9e-002	0.11632	2.1234e-002	
18181	3.711e-002	0.11682	2.1508e-002	
18182	3.5212e-002	0.11732	2.1778e-002	
18183	3.3321e-002	0.11781	2.2042e-002	
18184	3.9e-002	0.11531	2.0656e-002	
18185	3.6633e-002	0.11593	2.1013e-002	
18186	3.4252e-002	0.11656	2.1363e-002	
18187	3.1883e-002	0.11718	2.1704e-002	
18188	2.95e-002	0.1178	2.2038e-002	
18189	2.7117e-002	0.11718	2.1704e-002	
18190	2.4748e-002	0.11656	2.1363e-002	
18191	2.2367e-002	0.11593	2.1013e-002	
18192	2.e-002	0.11531	2.0656e-002	
18193	3.9e-002	0.1213	2.3757e-002	
18194	3.6622e-002	0.12067	2.3467e-002	
18195	3.4255e-002	0.12005	2.3172e-002	
18196	3.1879e-002	0.11943	2.2867e-002	
18197	2.9514e-002	0.11881	2.2557e-002	
18198	2.7142e-002	0.11943	2.2867e-002	
18199	2.4759e-002	0.12005	2.3172e-002	
18200	2.2385e-002	0.12067	2.3467e-002	
18201	2.e-002	0.1213	2.3757e-002	
18202	2.e-002	0.1203	2.3289e-002	
18203	2.1903e-002	0.1198	2.3049e-002	
18204	2.3799e-002	0.1193	2.2804e-002	
18205	2.5701e-002	0.1188	2.2553e-002	
18206	2.7595e-002	0.1183	2.2299e-002	
18207	2.5691e-002	0.1178	2.2038e-002	
18208	2.3796e-002	0.11731	2.1773e-002	
18209	2.1894e-002	0.11681	2.1502e-002	
18210	2.e-002	0.11631	2.1226e-002	
18211	3.9e-002	0.1203	2.4396e-002	
18212	3.9e-002	0.1213	2.4855e-002	
18213	3.9e-002	0.11632	2.2378e-002	
18214	3.9e-002	0.11531	2.181e-002	
18215	2.e-002	0.1213	2.4855e-002	
18216	2.e-002	0.1203	2.4396e-002	
18217	2.e-002	0.11531	2.181e-002	
18218	2.e-002	0.11631	2.237e-002	
18219	2.5691e-002	0.1178	2.3166e-002	
18220	2.3796e-002	0.11731	2.2906e-002	
18221	2.1894e-002	0.11681	2.264e-002	
18222	2.7595e-002	0.1183	2.3423e-002	
18223	2.1903e-002	0.1198	2.4159e-002	
18224	2.3799e-002	0.1193	2.3919e-002	
18225	2.5701e-002	0.1188	2.3673e-002	
18226	2.7142e-002	0.11943	2.3981e-002	
18227	2.4759e-002	0.12005	2.428e-002	
18228	2.2385e-002	0.12067	2.457e-002	
18229	2.9514e-002	0.11881	2.3676e-002	
18230	3.6622e-002	0.12067	2.457e-002	
18231	3.4255e-002	0.12005	2.428e-002	
18232	3.1879e-002	0.11943	2.3981e-002	
18233	2.7117e-002	0.11718	2.2838e-002	
18234	2.4748e-002	0.11656	2.2504e-002	
18235	2.2367e-002	0.11593	2.216e-002	
18236	2.95e-002	0.1178	2.3166e-002	
18237	3.6633e-002	0.11593	2.216e-002	
18238	3.4252e-002	0.11656	2.2504e-002	
18239	3.1883e-002	0.11718	2.2838e-002	
18240	3.711e-002	0.11682	2.2646e-002	
18241	3.5212e-002	0.11732	2.2911e-002	
18242	3.3321e-002	0.11781	2.317e-002	
18243	3.1422e-002	0.11831	2.3425e-002	
18244	3.3312e-002	0.1188	2.3674e-002	
18245	3.521e-002	0.1193	2.392e-002	
18246	3.7101e-002	0.1198	2.416e-002	
18247	5.1422e-002	0.11831	2.2301e-002	
18248	5.3312e-002	0.1188	2.2555e-002	
18249	5.521e-002	0.1193	2.2805e-002	
18250	5.7101e-002	0.1198	2.3049e-002	
18251	5.9e-002	0.1203	2.3289e-002	
18252	5.9e-002	0.11632	2.1234e-002	
18253	5.711e-002	0.11682	2.1508e-002	
18254	5.5212e-002	0.11732	2.1778e-002	
18255	5.3321e-002	0.11781	2.2042e-002	
18256	5.9e-002	0.11531	2.0656e-002	
18257	5.6633e-002	0.11593	2.1013e-002	
18258	5.4252e-002	0.11656	2.1363e-002	
18259	5.1883e-002	0.11718	2.1704e-002	
18260	4.95e-002	0.1178	2.2038e-002	
18261	4.7117e-002	0.11718	2.1704e-002	
18262	4.4748e-002	0.11656	2.1363e-002	
18263	4.2367e-002	0.11593	2.1013e-002	
18264	4.e-002	0.11531	2.0656e-002	
18265	5.9e-002	0.1213	2.3757e-002	
18266	5.6622e-002	0.12067	2.3467e-002	
18267	5.4255e-002	0.12005	2.3172e-002	
18268	5.1879e-002	0.11943	2.2867e-002	
18269	4.9514e-002	0.11881	2.2557e-002	
18270	4.7142e-002	0.11943	2.2867e-002	
18271	4.4759e-002	0.12005	2.3172e-002	
18272	4.2385e-002	0.12067	2.3467e-002	
18273	4.e-002	0.1213	2.3757e-002	
18274	4.e-002	0.1203	2.3289e-002	
18275	4.1903e-002	0.1198	2.3049e-002	
18276	4.3799e-002	0.1193	2.2804e-002	
18277	4.5701e-002	0.1188	2.2553e-002	
18278	4.7595e-002	0.1183	2.2299e-002	
18279	4.5691e-002	0.1178	2.2038e-002	
18280	4.3796e-002	0.11731	2.1773e-002	
18281	4.1894e-002	0.11681	2.1502e-002	
18282	4.e-002	0.11631	2.1226e-002	
18283	5.9e-002	0.1203	2.4396e-002	
18284	5.9e-002	0.1213	2.4855e-002	
18285	5.9e-002	0.11632	2.2378e-002	
18286	5.9e-002	0.11531	2.181e-002	
18287	4.e-002	0.1213	2.4855e-002	
18288	4.e-002	0.1203	2.4396e-002	
18289	4.e-002	0.11531	2.181e-002	
18290	4.e-002	0.11631	2.237e-002	
18291	4.5691e-002	0.1178	2.3166e-002	
18292	4.3796e-002	0.11731	2.2906e-002	
18293	4.1894e-002	0.11681	2.264e-002	
18294	4.7595e-002	0.1183	2.3423e-002	
18295	4.1903e-002	0.1198	2.4159e-002	
18296	4.3799e-002	0.1193	2.3919e-002	
18297	4.5701e-002	0.1188	2.3673e-002	
18298	4.7142e-002	0.11943	2.3981e-002	
18299	4.4759e-002	0.12005	2.428e-002	
18300	4.2385e-002	0.12067	2.457e-002	
18301	4.9514e-002	0.11881	2.3676e-002	
18302	5.6622e-002	0.12067	2.457e-002	
18303	5.4255e-002	0.12005	2.428e-002	
18304	5.1879e-002	0.11943	2.3981e-002	
18305	4.7117e-002	0.11718	2.2838e-002	
18306	4.4748e-002	0.11656	2.2504e-002	
18307	4.2367e-002	0.11593	2.216e-002	
18308	4.95e-002	0.1178	2.3166e-002	
18309	5.6633e-002	0.11593	2.216e-002	
18310	5.4252e-002	0.11656	2.2504e-002	
18311	5.1883e-002	0.11718	2.2838e-002	
18312	5.711e-002	0.11682	2.2646e-002	
18313	5.5212e-002	0.11732	2.2911e-002	
18314	5.3321e-002	0.11781	2.317e-002	
18315	5.1422e-002	0.11831	2.3425e-002	
18316	5.3312e-002	0.1188	2.3674e-002	
18317	5.521e-002	0.1193	2.392e-002	
18318	5.7101e-002	0.1198	2.416e-002	
18319	1.9e-002	0.21531	2.0656e-002	
18320	1.6633e-002	0.21593	2.1013e-002	
18321	1.4252e-002	0.21656	2.1363e-002	
18322	1.1883e-002	0.21718	2.1704e-002	
18323	9.5e-003	0.2178	2.2038e-002	
18324	7.1173e-003	0.21718	2.1704e-002	
18325	4.7478e-003	0.21656	2.1363e-002	
18326	2.3669e-003	0.21593	2.1013e-002	
18327	0.	0.21531	2.0656e-002	
18328	0.	0.2203	2.3289e-002	
18329	1.903e-003	0.2198	2.3049e-002	
18330	3.7987e-003	0.2193	2.2804e-002	
18331	5.7007e-003	0.2188	2.2553e-002	
18332	7.5949e-003	0.2183	2.2299e-002	
18333	5.6914e-003	0.2178	2.2038e-002	
18334	3.7961e-003	0.21731	2.1773e-002	
18335	1.8938e-003	0.21681	2.1502e-002	
18336	-7.8139e-018	0.21631	2.1226e-002	
18337	1.9e-002	0.2213	2.3757e-002	
18338	1.6622e-002	0.22067	2.3467e-002	
18339	1.4255e-002	0.22005	2.3172e-002	
18340	1.1879e-002	0.21943	2.2867e-002	
18341	9.5141e-003	0.21881	2.2557e-002	
18342	7.1424e-003	0.21943	2.2867e-002	
18343	4.7588e-003	0.22005	2.3172e-002	
18344	2.385e-003	0.22067	2.3467e-002	
18345	0.	0.2213	2.3757e-002	
18346	1.1422e-002	0.21831	2.2301e-002	
18347	1.3312e-002	0.2188	2.2555e-002	
18348	1.521e-002	0.2193	2.2805e-002	
18349	1.7101e-002	0.2198	2.3049e-002	
18350	1.9e-002	0.2203	2.3289e-002	
18351	1.9e-002	0.21632	2.1234e-002	
18352	1.711e-002	0.21682	2.1508e-002	
18353	1.5212e-002	0.21732	2.1778e-002	
18354	1.3321e-002	0.21781	2.2042e-002	
18355	0.	0.2203	2.4396e-002	
18356	0.	0.2213	2.4855e-002	
18357	1.9e-002	0.21531	2.181e-002	
18358	1.9e-002	0.21632	2.2378e-002	
18359	1.9e-002	0.2213	2.4855e-002	
18360	1.9e-002	0.2203	2.4396e-002	
18361	0.	0.21531	2.181e-002	
18362	-7.8139e-018	0.21631	2.237e-002	
18363	1.711e-002	0.21682	2.2646e-002	
18364	1.5212e-002	0.21732	2.2911e-002	
18365	1.3321e-002	0.21781	2.317e-002	
18366	1.1422e-002	0.21831	2.3425e-002	
18367	1.3312e-002	0.2188	2.3674e-002	
18368	1.521e-002	0.2193	2.392e-002	
18369	1.7101e-002	0.2198	2.416e-002	
18370	7.1423e-003	0.21943	2.3981e-002	
18371	4.7588e-003	0.22005	2.428e-002	
18372	2.3849e-003	0.22067	2.457e-002	
18373	9.5141e-003	0.21881	2.3676e-002	
18374	1.6622e-002	0.22067	2.457e-002	
18375	1.4255e-002	0.22005	2.428e-002	
18376	1.1879e-002	0.21943	2.3981e-002	
18377	5.6914e-003	0.2178	2.3166e-002	
18378	3.7961e-003	0.21731	2.2906e-002	
18379	1.8938e-003	0.21681	2.264e-002	
18380	7.5949e-003	0.2183	2.3423e-002	
18381	1.903e-003	0.2198	2.4159e-002	
18382	3.7986e-003	0.2193	2.3919e-002	
18383	5.7006e-003	0.2188	2.3673e-002	
18384	7.1173e-003	0.21718	2.2838e-002	
18385	4.7479e-003	0.21656	2.2504e-002	
18386	2.367e-003	0.21593	2.216e-002	
18387	9.5e-003	0.2178	2.3166e-002	
18388	1.6633e-002	0.21593	2.216e-002	
18389	1.4252e-002	0.21656	2.2504e-002	
18390	1.1883e-002	0.21718	2.2838e-002	
18391	3.1422e-002	0.21831	2.2301e-002	
18392	3.3312e-002	0.2188	2.2555e-002	
18393	3.521e-002	0.2193	2.2805e-002	
18394	3.7101e-002	0.2198	2.3049e-002	
18395	3.9e-002	0.2203	2.3289e-002	
18396	3.9e-002	0.21632	2.1234e-002	
18397	3.711e-002	0.21682	2.1508e-002	
18398	3.5212e-002	0.21732	2.1778e-002	
18399	3.3321e-002	0.21781	2.2042e-002	
18400	3.9e-002	0.21531	2.0656e-002	
18401	3.6633e-002	0.21593	2.1013e-002	
18402	3.4252e-002	0.21656	2.1363e-002	
18403	3.1883e-002	0.21718	2.1704e-002	
18404	2.95e-002	0.2178	2.2038e-002	
18405	2.7117e-002	0.21718	2.1704e-002	
18406	2.4748e-002	0.21656	2.1363e-002	
18407	2.2367e-002	0.21593	2.1013e-002	
18408	2.e-002	0.21531	2.0656e-002	
18409	3.9e-002	0.2213	2.3757e-002	
18410	3.6622e-002	0.22067	2.3467e-002	
18411	3.4255e-002	0.22005	2.3172e-002	
18412	3.1879e-002	0.21943	2.2867e-002	
18413	2.9514e-002	0.21881	2.2557e-002	
18414	2.7142e-002	0.21943	2.2867e-002	
18415	2.4759e-002	0.22005	2.3172e-002	
18416	2.2385e-002	0.22067	2.3467e-002	
18417	2.e-002	0.2213	2.3757e-002	
18418	2.e-002	0.2203	2.3289e-002	
18419	2.1903e-002	0.2198	2.3049e-002	
18420	2.3799e-002	0.2193	2.2804e-002	
18421	2.5701e-002	0.2188	2.2553e-002	
18422	2.7595e-002	0.2183	2.2299e-002	
18423	2.5691e-002	0.2178	2.2038e-002	
18424	2.3796e-002	0.21731	2.1773e-002	
18425	2.1894e-002	0.21681	2.1502e-002	
18426	2.e-002	0.21631	2.1226e-002	
18427	3.9e-002	0.2203	2.4396e-002	
18428	3.9e-002	0.2213	2.4855e-002	
18429	3.9e-002	0.21632	2.2378e-002	
18430	3.9e-002	0.21531	2.181e-002	
18431	2.e-002	0.2213	2.4855e-002	
18432	2.e-002	0.2203	2.4396e-002	
18433	2.e-002	0.21531	2.181e-002	
18434	2.e-002	0.21631	2.237e-002	
18435	2.5691e-002	0.2178	2.3166e-002	
18436	2.3796e-002	0.21731	2.2906e-002	
18437	2.1894e-002	0.21681	2.264e-002	
18438	2.7595e-002	0.2183	2.3423e-002	
18439	2.1903e-002	0.2198	2.4159e-002	
18440	2.3799e-002	0.2193	2.3919e-002	
18441	2.5701e-002	0.2188	2.3673e-002	
18442	2.7142e-002	0.21943	2.3981e-002	
18443	2.4759e-002	0.22005	2.428e-002	
18444	2.2385e-002	0.22067	2.457e-002	
18445	2.9514e-002	0.21881	2.3676e-002	
18446	3.6622e-002	0.22067	2.457e-002	
18447	3.4255e-002	0.22005	2.428e-002	
18448	3.1879e-002	0.21943	2.3981e-002	
18449	2.7117e-002	0.21718	2.2838e-002	
18450	2.4748e-002	0.21656	2.2504e-002	
18451	2.2367e-002	0.21593	2.216e-002	
18452	2.95e-002	0.2178	2.3166e-002	
18453	3.6633e-002	0.21593	2.216e-002	
18454	3.4252e-002	0.21656	2.2504e-002	
18455	3.1883e-002	0.21718	2.2838e-002	
18456	3.711e-002	0.21682	2.2646e-002	
18457	3.5212e-002	0.21732	2.2911e-002	
18458	3.3321e-002	0.21781	2.317e-002	
18459	3.1422e-002	0.21831	2.3425e-002	
18460	3.3312e-002	0.2188	2.3674e-002	
18461	3.521e-002	0.2193	2.392e-002	
18462	3.7101e-002	0.2198	2.416e-002	
18463	5.9e-002	0.2203	2.3289e-002	
18464	5.9e-002	0.2213	2.3757e-002	
18465	5.9e-002	0.21531	2.0656e-002	
18466	5.9e-002	0.21632	2.1234e-002	
18467	4.e-002	0.2203	2.3289e-002	
18468	4.e-002	0.2213	2.3757e-002	
18469	4.e-002	0.21531	2.0656e-002	
18470	4.e-002	0.21631	2.1226e-002	
18471	5.711e-002	0.21682	2.1508e-002	
18472	5.5212e-002	0.21732	2.1778e-002	
18473	5.3321e-002	0.21781	2.2042e-002	
18474	5.1422e-002	0.21831	2.2301e-002	
18475	5.3312e-002	0.2188	2.2555e-002	
18476	5.521e-002	0.2193	2.2805e-002	
18477	5.7101e-002	0.2198	2.3049e-002	
18478	4.9514e-002	0.21881	2.2557e-002	
18479	4.7142e-002	0.21943	2.2867e-002	
18480	4.4759e-002	0.22005	2.3172e-002	
18481	4.2385e-002	0.22067	2.3467e-002	
18482	5.6622e-002	0.22067	2.3467e-002	
18483	5.4255e-002	0.22005	2.3172e-002	
18484	5.1879e-002	0.21943	2.2867e-002	
18485	4.7595e-002	0.2183	2.2299e-002	
18486	4.5691e-002	0.2178	2.2038e-002	
18487	4.3796e-002	0.21731	2.1773e-002	
18488	4.1894e-002	0.21681	2.1502e-002	
18489	4.1903e-002	0.2198	2.3049e-002	
18490	4.3799e-002	0.2193	2.2804e-002	
18491	4.5701e-002	0.2188	2.2553e-002	
18492	4.95e-002	0.2178	2.2038e-002	
18493	4.7117e-002	0.21718	2.1704e-002	
18494	4.4748e-002	0.21656	2.1363e-002	
18495	4.2367e-002	0.21593	2.1013e-002	
18496	5.6633e-002	0.21593	2.1013e-002	
18497	5.4252e-002	0.21656	2.1363e-002	
18498	5.1883e-002	0.21718	2.1704e-002	
18499	5.6633e-002	0.21593	2.216e-002	
18500	5.4252e-002	0.21656	2.2504e-002	
18501	5.1883e-002	0.21718	2.2838e-002	
18502	5.9e-002	0.21531	2.181e-002	
18503	4.95e-002	0.2178	2.3166e-002	
18504	4.7117e-002	0.21718	2.2838e-002	
18505	4.4748e-002	0.21656	2.2504e-002	
18506	4.2367e-002	0.21593	2.216e-002	
18507	4.e-002	0.21531	2.181e-002	
18508	4.1903e-002	0.2198	2.4159e-002	
18509	4.3799e-002	0.2193	2.3919e-002	
18510	4.5701e-002	0.2188	2.3673e-002	
18511	4.e-002	0.2203	2.4396e-002	
18512	4.7595e-002	0.2183	2.3423e-002	
18513	4.5691e-002	0.2178	2.3166e-002	
18514	4.3796e-002	0.21731	2.2906e-002	
18515	4.1894e-002	0.21681	2.264e-002	
18516	4.e-002	0.21631	2.237e-002	
18517	5.6622e-002	0.22067	2.457e-002	
18518	5.4255e-002	0.22005	2.428e-002	
18519	5.1879e-002	0.21943	2.3981e-002	
18520	5.9e-002	0.2213	2.4855e-002	
18521	4.9514e-002	0.21881	2.3676e-002	
18522	4.7142e-002	0.21943	2.3981e-002	
18523	4.4759e-002	0.22005	2.428e-002	
18524	4.2385e-002	0.22067	2.457e-002	
18525	4.e-002	0.2213	2.4855e-002	
18526	5.3312e-002	0.2188	2.3674e-002	
18527	5.521e-002	0.2193	2.392e-002	
18528	5.7101e-002	0.2198	2.416e-002	
18529	5.9e-002	0.2203	2.4396e-002	
18530	5.1422e-002	0.21831	2.3425e-002	
18531	5.711e-002	0.21682	2.2646e-002	
18532	5.5212e-002	0.21732	2.2911e-002	
18533	5.3321e-002	0.21781	2.317e-002	
18534	5.9e-002	0.21632	2.2378e-002	
18535	1.9e-002	7.9325e-002	2.3469e-002	
18536	1.7101e-002	7.9821e-002	2.3233e-002	
18537	1.521e-002	8.0316e-002	2.2993e-002	
18538	1.3312e-002	8.0813e-002	2.2748e-002	
18539	1.1422e-002	8.1308e-002	2.2499e-002	
18540	1.3321e-002	8.1806e-002	2.2242e-002	
18541	1.5212e-002	8.2302e-002	2.1982e-002	
18542	1.711e-002	8.28e-002	2.1715e-002	
18543	1.9e-002	8.3296e-002	2.1445e-002	
18544	9.5141e-003	8.1807e-002	2.2242e-002	
18545	7.128e-003	8.2431e-002	2.1914e-002	
18546	4.7547e-003	8.3052e-002	2.1579e-002	
18547	2.3706e-003	8.3676e-002	2.1234e-002	
18548	0.	8.4296e-002	2.0883e-002	
18549	1.9e-002	8.4296e-002	2.0883e-002	
18550	1.6636e-002	8.3676e-002	2.1234e-002	
18551	1.4259e-002	8.3052e-002	2.1579e-002	
18552	1.1893e-002	8.2431e-002	2.1914e-002	
18553	7.5949e-003	8.1303e-002	2.2501e-002	
18554	5.7006e-003	8.0806e-002	2.2752e-002	
18555	3.7987e-003	8.0307e-002	2.2998e-002	
18556	1.903e-003	7.9809e-002	2.3239e-002	
18557	-7.8139e-018	7.931e-002	2.3476e-002	
18558	1.3878e-017	8.3296e-002	2.1445e-002	
18559	1.8938e-003	8.2799e-002	2.1716e-002	
18560	3.7961e-003	8.23e-002	2.1983e-002	
18561	5.6915e-003	8.1803e-002	2.2244e-002	
18562	9.5e-003	8.0803e-002	2.2753e-002	
18563	7.1317e-003	8.0182e-002	2.3059e-002	
18564	4.7518e-003	7.9557e-002	2.3359e-002	
18565	2.3813e-003	7.8935e-002	2.365e-002	
18566	0.	7.831e-002	2.3935e-002	
18567	1.9e-002	7.831e-002	2.3935e-002	
18568	1.6619e-002	7.8935e-002	2.365e-002	
18569	1.4248e-002	7.9557e-002	2.3359e-002	
18570	1.1868e-002	8.0182e-002	2.3059e-002	
18571	1.9e-002	8.3296e-002	2.2584e-002	
18572	1.9e-002	8.4296e-002	2.2033e-002	
18573	1.9e-002	7.9325e-002	2.4572e-002	
18574	1.9e-002	7.831e-002	2.503e-002	
18575	0.	8.4296e-002	2.2033e-002	
18576	0.	8.3296e-002	2.2584e-002	
18577	-7.8139e-018	7.931e-002	2.4579e-002	
18578	0.	7.831e-002	2.503e-002	
18579	1.6619e-002	7.8935e-002	2.475e-002	
18580	1.4248e-002	7.9557e-002	2.4464e-002	
18581	1.1868e-002	8.0182e-002	2.4169e-002	
18582	9.5e-003	8.0803e-002	2.3869e-002	
18583	7.1316e-003	8.0182e-002	2.4169e-002	
18584	4.7518e-003	7.9557e-002	2.4464e-002	
18585	2.3813e-003	7.8935e-002	2.475e-002	
18586	1.8939e-003	8.2799e-002	2.285e-002	
18587	3.7961e-003	8.23e-002	2.3113e-002	
18588	5.6915e-003	8.1803e-002	2.3369e-002	
18589	7.5949e-003	8.1303e-002	2.3621e-002	
18590	5.7005e-003	8.0806e-002	2.3867e-002	
18591	3.7986e-003	8.0307e-002	2.4109e-002	
18592	1.9029e-003	7.9809e-002	2.4346e-002	
18593	1.6636e-002	8.3676e-002	2.2377e-002	
18594	1.4259e-002	8.3052e-002	2.2716e-002	
18595	1.1893e-002	8.2431e-002	2.3044e-002	
18596	9.5141e-003	8.1807e-002	2.3367e-002	
18597	7.1281e-003	8.2431e-002	2.3044e-002	
18598	4.7548e-003	8.3052e-002	2.2716e-002	
18599	2.3706e-003	8.3676e-002	2.2377e-002	
18600	1.3321e-002	8.1806e-002	2.3367e-002	
18601	1.5212e-002	8.2302e-002	2.3111e-002	
18602	1.711e-002	8.28e-002	2.285e-002	
18603	1.1422e-002	8.1308e-002	2.3619e-002	
18604	1.7101e-002	7.9821e-002	2.434e-002	
18605	1.521e-002	8.0316e-002	2.4105e-002	
18606	1.3312e-002	8.0813e-002	2.3864e-002	
18607	3.9e-002	8.4296e-002	2.0883e-002	
18608	3.6636e-002	8.3676e-002	2.1234e-002	
18609	3.4259e-002	8.3052e-002	2.1579e-002	
18610	3.1893e-002	8.2431e-002	2.1914e-002	
18611	2.9514e-002	8.1807e-002	2.2242e-002	
18612	2.7128e-002	8.2431e-002	2.1914e-002	
18613	2.4755e-002	8.3052e-002	2.1579e-002	
18614	2.2371e-002	8.3676e-002	2.1234e-002	
18615	2.e-002	8.4296e-002	2.0883e-002	
18616	2.e-002	8.3296e-002	2.1445e-002	
18617	2.1894e-002	8.2799e-002	2.1716e-002	
18618	2.3796e-002	8.23e-002	2.1983e-002	
18619	2.5691e-002	8.1803e-002	2.2244e-002	
18620	2.7595e-002	8.1303e-002	2.2501e-002	
18621	2.5701e-002	8.0806e-002	2.2752e-002	
18622	2.3799e-002	8.0307e-002	2.2998e-002	
18623	2.1903e-002	7.9809e-002	2.3239e-002	
18624	2.e-002	7.931e-002	2.3476e-002	
18625	3.1422e-002	8.1308e-002	2.2499e-002	
18626	3.3321e-002	8.1806e-002	2.2242e-002	
18627	3.5212e-002	8.2302e-002	2.1982e-002	
18628	3.711e-002	8.28e-002	2.1715e-002	
18629	3.9e-002	8.3296e-002	2.1445e-002	
18630	3.9e-002	7.9325e-002	2.3469e-002	
18631	3.7101e-002	7.9821e-002	2.3233e-002	
18632	3.521e-002	8.0316e-002	2.2993e-002	
18633	3.3312e-002	8.0813e-002	2.2748e-002	
18634	3.9e-002	7.831e-002	2.3935e-002	
18635	3.6619e-002	7.8935e-002	2.365e-002	
18636	3.4248e-002	7.9557e-002	2.3359e-002	
18637	3.1868e-002	8.0182e-002	2.3059e-002	
18638	2.95e-002	8.0803e-002	2.2753e-002	
18639	2.7132e-002	8.0182e-002	2.3059e-002	
18640	2.4752e-002	7.9557e-002	2.3359e-002	
18641	2.2381e-002	7.8935e-002	2.365e-002	
18642	2.e-002	7.831e-002	2.3935e-002	
18643	3.9e-002	7.9325e-002	2.4572e-002	
18644	3.9e-002	7.831e-002	2.503e-002	
18645	3.9e-002	8.4296e-002	2.2033e-002	
18646	3.9e-002	8.3296e-002	2.2584e-002	
18647	2.e-002	7.931e-002	2.4579e-002	
18648	2.e-002	7.831e-002	2.503e-002	
18649	2.e-002	8.4296e-002	2.2033e-002	
18650	2.e-002	8.3296e-002	2.2584e-002	
18651	2.7132e-002	8.0182e-002	2.4169e-002	
18652	2.4752e-002	7.9557e-002	2.4464e-002	
18653	2.2381e-002	7.8935e-002	2.475e-002	
18654	2.95e-002	8.0803e-002	2.3869e-002	
18655	3.6619e-002	7.8935e-002	2.475e-002	
18656	3.4248e-002	7.9557e-002	2.4464e-002	
18657	3.1868e-002	8.0182e-002	2.4169e-002	
18658	3.7101e-002	7.9821e-002	2.434e-002	
18659	3.521e-002	8.0316e-002	2.4105e-002	
18660	3.3312e-002	8.0813e-002	2.3864e-002	
18661	3.1422e-002	8.1308e-002	2.3619e-002	
18662	3.3321e-002	8.1806e-002	2.3367e-002	
18663	3.5212e-002	8.2302e-002	2.3111e-002	
18664	3.711e-002	8.28e-002	2.285e-002	
18665	2.5701e-002	8.0806e-002	2.3867e-002	
18666	2.3799e-002	8.0307e-002	2.4109e-002	
18667	2.1903e-002	7.9809e-002	2.4346e-002	
18668	2.7595e-002	8.1303e-002	2.3621e-002	
18669	2.1894e-002	8.2799e-002	2.285e-002	
18670	2.3796e-002	8.23e-002	2.3113e-002	
18671	2.5692e-002	8.1803e-002	2.3369e-002	
18672	2.7128e-002	8.2431e-002	2.3044e-002	
18673	2.4755e-002	8.3052e-002	2.2716e-002	
18674	2.2371e-002	8.3676e-002	2.2377e-002	
18675	2.9514e-002	8.1807e-002	2.3367e-002	
18676	3.6636e-002	8.3676e-002	2.2377e-002	
18677	3.4259e-002	8.3052e-002	2.2716e-002	
18678	3.1893e-002	8.2431e-002	2.3044e-002	
18679	5.9e-002	8.4296e-002	2.0883e-002	
18680	5.6636e-002	8.3676e-002	2.1234e-002	
18681	5.4259e-002	8.3052e-002	2.1579e-002	
18682	5.1893e-002	8.2431e-002	2.1914e-002	
18683	4.9514e-002	8.1807e-002	2.2242e-002	
18684	4.7128e-002	8.2431e-002	2.1914e-002	
18685	4.4755e-002	8.3052e-002	2.1579e-002	
18686	4.2371e-002	8.3676e-002	2.1234e-002	
18687	4.e-002	8.4296e-002	2.0883e-002	
18688	4.e-002	8.3296e-002	2.1445e-002	
18689	4.1894e-002	8.2799e-002	2.1716e-002	
18690	4.3796e-002	8.23e-002	2.1983e-002	
18691	4.5691e-002	8.1803e-002	2.2244e-002	
18692	4.7595e-002	8.1303e-002	2.2501e-002	
18693	4.5701e-002	8.0806e-002	2.2752e-002	
18694	4.3799e-002	8.0307e-002	2.2998e-002	
18695	4.1903e-002	7.9809e-002	2.3239e-002	
18696	4.e-002	7.931e-002	2.3476e-002	
18697	5.1422e-002	8.1308e-002	2.2499e-002	
18698	5.3321e-002	8.1806e-002	2.2242e-002	
18699	5.5212e-002	8.2302e-002	2.1982e-002	
18700	5.711e-002	8.28e-002	2.1715e-002	
18701	5.9e-002	8.3296e-002	2.1445e-002	
18702	5.9e-002	7.9325e-002	2.3469e-002	
18703	5.7101e-002	7.9821e-002	2.3233e-002	
18704	5.521e-002	8.0316e-002	2.2993e-002	
18705	5.3312e-002	8.0813e-002	2.2748e-002	
18706	5.9e-002	7.831e-002	2.3935e-002	
18707	5.6619e-002	7.8935e-002	2.365e-002	
18708	5.4248e-002	7.9557e-002	2.3359e-002	
18709	5.1868e-002	8.0182e-002	2.3059e-002	
18710	4.95e-002	8.0803e-002	2.2753e-002	
18711	4.7132e-002	8.0182e-002	2.3059e-002	
18712	4.4752e-002	7.9557e-002	2.3359e-002	
18713	4.2381e-002	7.8935e-002	2.365e-002	
18714	4.e-002	7.831e-002	2.3935e-002	
18715	5.9e-002	7.9325e-002	2.4572e-002	
18716	5.9e-002	7.831e-002	2.503e-002	
18717	5.9e-002	8.4296e-002	2.2033e-002	
18718	5.9e-002	8.3296e-002	2.2584e-002	
18719	4.e-002	7.931e-002	2.4579e-002	
18720	4.e-002	7.831e-002	2.503e-002	
18721	4.e-002	8.4296e-002	2.2033e-002	
18722	4.e-002	8.3296e-002	2.2584e-002	
18723	4.7132e-002	8.0182e-002	2.4169e-002	
18724	4.4752e-002	7.9557e-002	2.4464e-002	
18725	4.2381e-002	7.8935e-002	2.475e-002	
18726	4.95e-002	8.0803e-002	2.3869e-002	
18727	5.6619e-002	7.8935e-002	2.475e-002	
18728	5.4248e-002	7.9557e-002	2.4464e-002	
18729	5.1868e-002	8.0182e-002	2.4169e-002	
18730	5.7101e-002	7.9821e-002	2.434e-002	
18731	5.521e-002	8.0316e-002	2.4105e-002	
18732	5.3312e-002	8.0813e-002	2.3864e-002	
18733	5.1422e-002	8.1308e-002	2.3619e-002	
18734	5.3321e-002	8.1806e-002	2.3367e-002	
18735	5.5212e-002	8.2302e-002	2.3111e-002	
18736	5.711e-002	8.28e-002	2.285e-002	
18737	4.5701e-002	8.0806e-002	2.3867e-002	
18738	4.3799e-002	8.0307e-002	2.4109e-002	
18739	4.1903e-002	7.9809e-002	2.4346e-002	
18740	4.7595e-002	8.1303e-002	2.3621e-002	
18741	4.1894e-002	8.2799e-002	2.285e-002	
18742	4.3796e-002	8.23e-002	2.3113e-002	
18743	4.5692e-002	8.1803e-002	2.3369e-002	
18744	4.7128e-002	8.2431e-002	2.3044e-002	
18745	4.4755e-002	8.3052e-002	2.2716e-002	
18746	4.2371e-002	8.3676e-002	2.2377e-002	
18747	4.9514e-002	8.1807e-002	2.3367e-002	
18748	5.6636e-002	8.3676e-002	2.2377e-002	
18749	5.4259e-002	8.3052e-002	2.2716e-002	
18750	5.1893e-002	8.2431e-002	2.3044e-002	
18751	1.9e-002	0.1843	2.0883e-002	
18752	1.6636e-002	0.18368	2.1234e-002	
18753	1.4259e-002	0.18305	2.1579e-002	
18754	1.1893e-002	0.18243	2.1914e-002	
18755	9.5141e-003	0.18181	2.2242e-002	
18756	7.128e-003	0.18243	2.1914e-002	
18757	4.7549e-003	0.18305	2.1579e-002	
18758	2.3706e-003	0.18368	2.1234e-002	
18759	0.	0.1843	2.0883e-002	
18760	0.	0.1833	2.1445e-002	
18761	1.8938e-003	0.1828	2.1716e-002	
18762	3.7961e-003	0.1823	2.1983e-002	
18763	5.6915e-003	0.1818	2.2244e-002	
18764	7.5949e-003	0.1813	2.2501e-002	
18765	5.7006e-003	0.18081	2.2752e-002	
18766	3.7986e-003	0.18031	2.2998e-002	
18767	1.903e-003	0.17981	2.3239e-002	
18768	-7.8139e-018	0.17931	2.3476e-002	
18769	1.1422e-002	0.18131	2.2499e-002	
18770	1.3321e-002	0.18181	2.2242e-002	
18771	1.5212e-002	0.1823	2.1982e-002	
18772	1.711e-002	0.1828	2.1715e-002	
18773	1.9e-002	0.1833	2.1445e-002	
18774	1.9e-002	0.17932	2.3469e-002	
18775	1.7101e-002	0.17982	2.3233e-002	
18776	1.521e-002	0.18032	2.2993e-002	
18777	1.3312e-002	0.18081	2.2748e-002	
18778	1.9e-002	0.17831	2.3935e-002	
18779	1.6619e-002	0.17893	2.365e-002	
18780	1.4248e-002	0.17956	2.3359e-002	
18781	1.1868e-002	0.18018	2.3059e-002	
18782	9.5e-003	0.1808	2.2753e-002	
18783	7.1317e-003	0.18018	2.3059e-002	
18784	4.7518e-003	0.17956	2.3359e-002	
18785	2.3813e-003	0.17893	2.365e-002	
18786	0.	0.17831	2.3935e-002	
18787	0.	0.1843	2.2033e-002	
18788	0.	0.1833	2.2584e-002	
18789	-7.8139e-018	0.17931	2.4579e-002	
18790	0.	0.17831	2.503e-002	
18791	1.9e-002	0.1843	2.2033e-002	
18792	1.9e-002	0.1833	2.2584e-002	
18793	1.9e-002	0.17932	2.4572e-002	
18794	1.9e-002	0.17831	2.503e-002	
18795	7.1316e-003	0.18018	2.4169e-002	
18796	4.7517e-003	0.17956	2.4464e-002	
18797	2.3813e-003	0.17893	2.475e-002	
18798	9.5e-003	0.1808	2.3869e-002	
18799	1.6619e-002	0.17893	2.475e-002	
18800	1.4248e-002	0.17956	2.4464e-002	
18801	1.1868e-002	0.18018	2.4169e-002	
18802	1.7101e-002	0.17982	2.434e-002	
18803	1.521e-002	0.18032	2.4105e-002	
18804	1.3312e-002	0.18081	2.3864e-002	
18805	1.1422e-002	0.18131	2.3619e-002	
18806	1.3321e-002	0.18181	2.3367e-002	
18807	1.5212e-002	0.1823	2.3111e-002	
18808	1.711e-002	0.1828	2.285e-002	
18809	5.7005e-003	0.18081	2.3867e-002	
18810	3.7986e-003	0.18031	2.4109e-002	
18811	1.9029e-003	0.17981	2.4346e-002	
18812	7.5949e-003	0.1813	2.3621e-002	
18813	1.8939e-003	0.1828	2.285e-002	
18814	3.7962e-003	0.1823	2.3113e-002	
18815	5.6915e-003	0.1818	2.3369e-002	
18816	7.1281e-003	0.18243	2.3044e-002	
18817	4.755e-003	0.18305	2.2716e-002	
18818	2.3706e-003	0.18368	2.2377e-002	
18819	9.5141e-003	0.18181	2.3367e-002	
18820	1.6636e-002	0.18368	2.2377e-002	
18821	1.4259e-002	0.18305	2.2716e-002	
18822	1.1893e-002	0.18243	2.3044e-002	
18823	3.9e-002	0.1843	2.0883e-002	
18824	3.6636e-002	0.18368	2.1234e-002	
18825	3.4259e-002	0.18305	2.1579e-002	
18826	3.1893e-002	0.18243	2.1914e-002	
18827	2.9514e-002	0.18181	2.2242e-002	
18828	2.7128e-002	0.18243	2.1914e-002	
18829	2.4755e-002	0.18305	2.1579e-002	
18830	2.2371e-002	0.18368	2.1234e-002	
18831	2.e-002	0.1843	2.0883e-002	
18832	2.e-002	0.1833	2.1445e-002	
18833	2.1894e-002	0.1828	2.1716e-002	
18834	2.3796e-002	0.1823	2.1983e-002	
18835	2.5691e-002	0.1818	2.2244e-002	
18836	2.7595e-002	0.1813	2.2501e-002	
18837	2.5701e-002	0.18081	2.2752e-002	
18838	2.3799e-002	0.18031	2.2998e-002	
18839	2.1903e-002	0.17981	2.3239e-002	
18840	2.e-002	0.17931	2.3476e-002	
18841	3.1422e-002	0.18131	2.2499e-002	
18842	3.3321e-002	0.18181	2.2242e-002	
18843	3.5212e-002	0.1823	2.1982e-002	
18844	3.711e-002	0.1828	2.1715e-002	
18845	3.9e-002	0.1833	2.1445e-002	
18846	3.9e-002	0.17932	2.3469e-002	
18847	3.7101e-002	0.17982	2.3233e-002	
18848	3.521e-002	0.18032	2.2993e-002	
18849	3.3312e-002	0.18081	2.2748e-002	
18850	3.9e-002	0.17831	2.3935e-002	
18851	3.6619e-002	0.17893	2.365e-002	
18852	3.4248e-002	0.17956	2.3359e-002	
18853	3.1868e-002	0.18018	2.3059e-002	
18854	2.95e-002	0.1808	2.2753e-002	
18855	2.7132e-002	0.18018	2.3059e-002	
18856	2.4752e-002	0.17956	2.3359e-002	
18857	2.2381e-002	0.17893	2.365e-002	
18858	2.e-002	0.17831	2.3935e-002	
18859	2.e-002	0.1843	2.2033e-002	
18860	2.e-002	0.1833	2.2584e-002	
18861	2.e-002	0.17931	2.4579e-002	
18862	2.e-002	0.17831	2.503e-002	
18863	3.9e-002	0.1843	2.2033e-002	
18864	3.9e-002	0.1833	2.2584e-002	
18865	3.9e-002	0.17932	2.4572e-002	
18866	3.9e-002	0.17831	2.503e-002	
18867	2.7132e-002	0.18018	2.4169e-002	
18868	2.4752e-002	0.17956	2.4464e-002	
18869	2.2381e-002	0.17893	2.475e-002	
18870	2.95e-002	0.1808	2.3869e-002	
18871	3.6619e-002	0.17893	2.475e-002	
18872	3.4248e-002	0.17956	2.4464e-002	
18873	3.1868e-002	0.18018	2.4169e-002	
18874	3.7101e-002	0.17982	2.434e-002	
18875	3.521e-002	0.18032	2.4105e-002	
18876	3.3312e-002	0.18081	2.3864e-002	
18877	3.1422e-002	0.18131	2.3619e-002	
18878	3.3321e-002	0.18181	2.3367e-002	
18879	3.5212e-002	0.1823	2.3111e-002	
18880	3.711e-002	0.1828	2.285e-002	
18881	2.5701e-002	0.18081	2.3867e-002	
18882	2.3799e-002	0.18031	2.4109e-002	
18883	2.1903e-002	0.17981	2.4346e-002	
18884	2.7595e-002	0.1813	2.3621e-002	
18885	2.1894e-002	0.1828	2.285e-002	
18886	2.3796e-002	0.1823	2.3113e-002	
18887	2.5692e-002	0.1818	2.3369e-002	
18888	2.7128e-002	0.18243	2.3044e-002	
18889	2.4755e-002	0.18305	2.2716e-002	
18890	2.2371e-002	0.18368	2.2377e-002	
18891	2.9514e-002	0.18181	2.3367e-002	
18892	3.6636e-002	0.18368	2.2377e-002	
18893	3.4259e-002	0.18305	2.2716e-002	
18894	3.1893e-002	0.18243	2.3044e-002	
18895	5.9e-002	0.1843	2.0883e-002	
18896	5.6636e-002	0.18368	2.1234e-002	
18897	5.4259e-002	0.18305	2.1579e-002	
18898	5.1893e-002	0.18243	2.1914e-002	
18899	4.9514e-002	0.18181	2.2242e-002	
18900	4.7128e-002	0.18243	2.1914e-002	
18901	4.4755e-002	0.18305	2.1579e-002	
18902	4.2371e-002	0.18368	2.1234e-002	
18903	4.e-002	0.1843	2.0883e-002	
18904	4.e-002	0.1833	2.1445e-002	
18905	4.1894e-002	0.1828	2.1716e-002	
18906	4.3796e-002	0.1823	2.1983e-002	
18907	4.5691e-002	0.1818	2.2244e-002	
18908	4.7595e-002	0.1813	2.2501e-002	
18909	4.5701e-002	0.18081	2.2752e-002	
18910	4.3799e-002	0.18031	2.2998e-002	
18911	4.1903e-002	0.17981	2.3239e-002	
18912	4.e-002	0.17931	2.3476e-002	
18913	5.1422e-002	0.18131	2.2499e-002	
18914	5.3321e-002	0.18181	2.2242e-002	
18915	5.5212e-002	0.1823	2.1982e-002	
18916	5.711e-002	0.1828	2.1715e-002	
18917	5.9e-002	0.1833	2.1445e-002	
18918	5.9e-002	0.17932	2.3469e-002	
18919	5.7101e-002	0.17982	2.3233e-002	
18920	5.521e-002	0.18032	2.2993e-002	
18921	5.3312e-002	0.18081	2.2748e-002	
18922	5.9e-002	0.17831	2.3935e-002	
18923	5.6619e-002	0.17893	2.365e-002	
18924	5.4248e-002	0.17956	2.3359e-002	
18925	5.1868e-002	0.18018	2.3059e-002	
18926	4.95e-002	0.1808	2.2753e-002	
18927	4.7132e-002	0.18018	2.3059e-002	
18928	4.4752e-002	0.17956	2.3359e-002	
18929	4.2381e-002	0.17893	2.365e-002	
18930	4.e-002	0.17831	2.3935e-002	
18931	4.e-002	0.1843	2.2033e-002	
18932	4.e-002	0.1833	2.2584e-002	
18933	4.e-002	0.17931	2.4579e-002	
18934	4.e-002	0.17831	2.503e-002	
18935	5.9e-002	0.1843	2.2033e-002	
18936	5.9e-002	0.1833	2.2584e-002	
18937	5.9e-002	0.17932	2.4572e-002	
18938	5.9e-002	0.17831	2.503e-002	
18939	4.7132e-002	0.18018	2.4169e-002	
18940	4.4752e-002	0.17956	2.4464e-002	
18941	4.2381e-002	0.17893	2.475e-002	
18942	4.95e-002	0.1808	2.3869e-002	
18943	5.6619e-002	0.17893	2.475e-002	
18944	5.4248e-002	0.17956	2.4464e-002	
18945	5.1868e-002	0.18018	2.4169e-002	
18946	5.7101e-002	0.17982	2.434e-002	
18947	5.521e-002	0.18032	2.4105e-002	
18948	5.3312e-002	0.18081	2.3864e-002	
18949	5.1422e-002	0.18131	2.3619e-002	
18950	5.3321e-002	0.18181	2.3367e-002	
18951	5.5212e-002	0.1823	2.3111e-002	
18952	5.711e-002	0.1828	2.285e-002	
18953	4.5701e-002	0.18081	2.3867e-002	
18954	4.3799e-002	0.18031	2.4109e-002	
18955	4.1903e-002	0.17981	2.4346e-002	
18956	4.7595e-002	0.1813	2.3621e-002	
18957	4.1894e-002	0.1828	2.285e-002	
18958	4.3796e-002	0.1823	2.3113e-002	
18959	4.5692e-002	0.1818	2.3369e-002	
18960	4.7128e-002	0.18243	2.3044e-002	
18961	4.4755e-002	0.18305	2.2716e-002	
18962	4.2371e-002	0.18368	2.2377e-002	
18963	4.9514e-002	0.18181	2.3367e-002	
18964	5.6636e-002	0.18368	2.2377e-002	
18965	5.4259e-002	0.18305	2.2716e-002	
18966	5.1893e-002	0.18243	2.3044e-002	
18967	0.	0.2833	2.1445e-002	
18968	0.	0.2843	2.0883e-002	
18969	0.	0.27831	2.3935e-002	
18970	-7.8139e-018	0.27931	2.3476e-002	
18971	1.9e-002	0.2833	2.1445e-002	
18972	1.9e-002	0.2843	2.0883e-002	
18973	1.9e-002	0.27831	2.3935e-002	
18974	1.6619e-002	0.27893	2.365e-002	
18975	1.4248e-002	0.27956	2.3359e-002	
18976	1.1868e-002	0.28018	2.3059e-002	
18977	9.5e-003	0.2808	2.2753e-002	
18978	7.1317e-003	0.28018	2.3059e-002	
18979	4.7518e-003	0.27956	2.3359e-002	
18980	2.3813e-003	0.27893	2.365e-002	
18981	1.8938e-003	0.2828	2.1716e-002	
18982	3.7961e-003	0.2823	2.1983e-002	
18983	5.6915e-003	0.2818	2.2244e-002	
18984	7.5949e-003	0.2813	2.2501e-002	
18985	5.7006e-003	0.28081	2.2752e-002	
18986	3.7986e-003	0.28031	2.2998e-002	
18987	1.903e-003	0.27981	2.3239e-002	
18988	1.6636e-002	0.28368	2.1234e-002	
18989	1.4259e-002	0.28305	2.1579e-002	
18990	1.1893e-002	0.28243	2.1914e-002	
18991	9.5141e-003	0.28181	2.2242e-002	
18992	7.128e-003	0.28243	2.1914e-002	
18993	4.7549e-003	0.28305	2.1579e-002	
18994	2.3706e-003	0.28368	2.1234e-002	
18995	1.1422e-002	0.28131	2.2499e-002	
18996	1.3321e-002	0.28181	2.2242e-002	
18997	1.5212e-002	0.2823	2.1982e-002	
18998	1.711e-002	0.2828	2.1715e-002	
18999	1.9e-002	0.27932	2.3469e-002	
19000	1.7101e-002	0.27982	2.3233e-002	
19001	1.521e-002	0.28032	2.2993e-002	
19002	1.3312e-002	0.28081	2.2748e-002	
19003	1.9e-002	0.27831	2.503e-002	
19004	1.9e-002	0.27932	2.4572e-002	
19005	1.7101e-002	0.27982	2.434e-002	
19006	1.521e-002	0.28032	2.4105e-002	
19007	1.3312e-002	0.28081	2.3864e-002	
19008	1.1422e-002	0.28131	2.3619e-002	
19009	1.3321e-002	0.28181	2.3367e-002	
19010	1.5212e-002	0.2823	2.3111e-002	
19011	1.711e-002	0.2828	2.285e-002	
19012	1.9e-002	0.2833	2.2584e-002	
19013	7.1281e-003	0.28243	2.3044e-002	
19014	4.755e-003	0.28305	2.2716e-002	
19015	2.3706e-003	0.28368	2.2377e-002	
19016	0.	0.2843	2.2033e-002	
19017	9.5141e-003	0.28181	2.3367e-002	
19018	1.6636e-002	0.28368	2.2377e-002	
19019	1.4259e-002	0.28305	2.2716e-002	
19020	1.1893e-002	0.28243	2.3044e-002	
19021	1.9e-002	0.2843	2.2033e-002	
19022	5.7005e-003	0.28081	2.3867e-002	
19023	3.7986e-003	0.28031	2.4109e-002	
19024	1.9029e-003	0.27981	2.4346e-002	
19025	-7.8139e-018	0.27931	2.4579e-002	
19026	7.5949e-003	0.2813	2.3621e-002	
19027	1.8939e-003	0.2828	2.285e-002	
19028	3.7962e-003	0.2823	2.3113e-002	
19029	5.6915e-003	0.2818	2.3369e-002	
19030	0.	0.2833	2.2584e-002	
19031	7.1316e-003	0.28018	2.4169e-002	
19032	4.7517e-003	0.27956	2.4464e-002	
19033	2.3813e-003	0.27893	2.475e-002	
19034	0.	0.27831	2.503e-002	
19035	9.5e-003	0.2808	2.3869e-002	
19036	1.6619e-002	0.27893	2.475e-002	
19037	1.4248e-002	0.27956	2.4464e-002	
19038	1.1868e-002	0.28018	2.4169e-002	
19039	3.9e-002	0.2843	2.0883e-002	
19040	3.6636e-002	0.28368	2.1234e-002	
19041	3.4259e-002	0.28305	2.1579e-002	
19042	3.1893e-002	0.28243	2.1914e-002	
19043	2.9514e-002	0.28181	2.2242e-002	
19044	2.7128e-002	0.28243	2.1914e-002	
19045	2.4755e-002	0.28305	2.1579e-002	
19046	2.2371e-002	0.28368	2.1234e-002	
19047	2.e-002	0.2843	2.0883e-002	
19048	2.e-002	0.2833	2.1445e-002	
19049	2.1894e-002	0.2828	2.1716e-002	
19050	2.3796e-002	0.2823	2.1983e-002	
19051	2.5691e-002	0.2818	2.2244e-002	
19052	2.7595e-002	0.2813	2.2501e-002	
19053	2.5701e-002	0.28081	2.2752e-002	
19054	2.3799e-002	0.28031	2.2998e-002	
19055	2.1903e-002	0.27981	2.3239e-002	
19056	2.e-002	0.27931	2.3476e-002	
19057	3.1422e-002	0.28131	2.2499e-002	
19058	3.3321e-002	0.28181	2.2242e-002	
19059	3.5212e-002	0.2823	2.1982e-002	
19060	3.711e-002	0.2828	2.1715e-002	
19061	3.9e-002	0.2833	2.1445e-002	
19062	3.9e-002	0.27932	2.3469e-002	
19063	3.7101e-002	0.27982	2.3233e-002	
19064	3.521e-002	0.28032	2.2993e-002	
19065	3.3312e-002	0.28081	2.2748e-002	
19066	3.9e-002	0.27831	2.3935e-002	
19067	3.6619e-002	0.27893	2.365e-002	
19068	3.4248e-002	0.27956	2.3359e-002	
19069	3.1868e-002	0.28018	2.3059e-002	
19070	2.95e-002	0.2808	2.2753e-002	
19071	2.7132e-002	0.28018	2.3059e-002	
19072	2.4752e-002	0.27956	2.3359e-002	
19073	2.2381e-002	0.27893	2.365e-002	
19074	2.e-002	0.27831	2.3935e-002	
19075	2.e-002	0.2843	2.2033e-002	
19076	2.e-002	0.2833	2.2584e-002	
19077	2.e-002	0.27931	2.4579e-002	
19078	2.e-002	0.27831	2.503e-002	
19079	3.9e-002	0.2843	2.2033e-002	
19080	3.9e-002	0.2833	2.2584e-002	
19081	3.9e-002	0.27932	2.4572e-002	
19082	3.9e-002	0.27831	2.503e-002	
19083	2.7132e-002	0.28018	2.4169e-002	
19084	2.4752e-002	0.27956	2.4464e-002	
19085	2.2381e-002	0.27893	2.475e-002	
19086	2.95e-002	0.2808	2.3869e-002	
19087	3.6619e-002	0.27893	2.475e-002	
19088	3.4248e-002	0.27956	2.4464e-002	
19089	3.1868e-002	0.28018	2.4169e-002	
19090	3.7101e-002	0.27982	2.434e-002	
19091	3.521e-002	0.28032	2.4105e-002	
19092	3.3312e-002	0.28081	2.3864e-002	
19093	3.1422e-002	0.28131	2.3619e-002	
19094	3.3321e-002	0.28181	2.3367e-002	
19095	3.5212e-002	0.2823	2.3111e-002	
19096	3.711e-002	0.2828	2.285e-002	
19097	2.5701e-002	0.28081	2.3867e-002	
19098	2.3799e-002	0.28031	2.4109e-002	
19099	2.1903e-002	0.27981	2.4346e-002	
19100	2.7595e-002	0.2813	2.3621e-002	
19101	2.1894e-002	0.2828	2.285e-002	
19102	2.3796e-002	0.2823	2.3113e-002	
19103	2.5692e-002	0.2818	2.3369e-002	
19104	2.7128e-002	0.28243	2.3044e-002	
19105	2.4755e-002	0.28305	2.2716e-002	
19106	2.2371e-002	0.28368	2.2377e-002	
19107	2.9514e-002	0.28181	2.3367e-002	
19108	3.6636e-002	0.28368	2.2377e-002	
19109	3.4259e-002	0.28305	2.2716e-002	
19110	3.1893e-002	0.28243	2.3044e-002	
19111	5.9e-002	0.2843	2.0883e-002	
19112	5.6636e-002	0.28368	2.1234e-002	
19113	5.4259e-002	0.28305	2.1579e-002	
19114	5.1893e-002	0.28243	2.1914e-002	
19115	4.9514e-002	0.28181	2.2242e-002	
19116	4.7128e-002	0.28243	2.1914e-002	
19117	4.4755e-002	0.28305	2.1579e-002	
19118	4.2371e-002	0.28368	2.1234e-002	
19119	4.e-002	0.2843	2.0883e-002	
19120	4.e-002	0.2833	2.1445e-002	
19121	4.1894e-002	0.2828	2.1716e-002	
19122	4.3796e-002	0.2823	2.1983e-002	
19123	4.5691e-002	0.2818	2.2244e-002	
19124	4.7595e-002	0.2813	2.2501e-002	
19125	4.5701e-002	0.28081	2.2752e-002	
19126	4.3799e-002	0.28031	2.2998e-002	
19127	4.1903e-002	0.27981	2.3239e-002	
19128	4.e-002	0.27931	2.3476e-002	
19129	5.1422e-002	0.28131	2.2499e-002	
19130	5.3321e-002	0.28181	2.2242e-002	
19131	5.5212e-002	0.2823	2.1982e-002	
19132	5.711e-002	0.2828	2.1715e-002	
19133	5.9e-002	0.2833	2.1445e-002	
19134	5.9e-002	0.27932	2.3469e-002	
19135	5.7101e-002	0.27982	2.3233e-002	
19136	5.521e-002	0.28032	2.2993e-002	
19137	5.3312e-002	0.28081	2.2748e-002	
19138	5.9e-002	0.27831	2.3935e-002	
19139	5.6619e-002	0.27893	2.365e-002	
19140	5.4248e-002	0.27956	2.3359e-002	
19141	5.1868e-002	0.28018	2.3059e-002	
19142	4.95e-002	0.2808	2.2753e-002	
19143	4.7132e-002	0.28018	2.3059e-002	
19144	4.4752e-002	0.27956	2.3359e-002	
19145	4.2381e-002	0.27893	2.365e-002	
19146	4.e-002	0.27831	2.3935e-002	
19147	5.9e-002	0.27932	2.4572e-002	
19148	5.9e-002	0.27831	2.503e-002	
19149	4.e-002	0.2843	2.2033e-002	
19150	4.e-002	0.2833	2.2584e-002	
19151	4.e-002	0.27931	2.4579e-002	
19152	4.e-002	0.27831	2.503e-002	
19153	5.9e-002	0.2843	2.2033e-002	
19154	5.9e-002	0.2833	2.2584e-002	
19155	4.7132e-002	0.28018	2.4169e-002	
19156	4.4752e-002	0.27956	2.4464e-002	
19157	4.2381e-002	0.27893	2.475e-002	
19158	4.95e-002	0.2808	2.3869e-002	
19159	5.6619e-002	0.27893	2.475e-002	
19160	5.4248e-002	0.27956	2.4464e-002	
19161	5.1868e-002	0.28018	2.4169e-002	
19162	5.7101e-002	0.27982	2.434e-002	
19163	5.521e-002	0.28032	2.4105e-002	
19164	5.3312e-002	0.28081	2.3864e-002	
19165	5.1422e-002	0.28131	2.3619e-002	
19166	5.3321e-002	0.28181	2.3367e-002	
19167	5.5212e-002	0.2823	2.3111e-002	
19168	5.711e-002	0.2828	2.285e-002	
19169	4.5701e-002	0.28081	2.3867e-002	
19170	4.3799e-002	0.28031	2.4109e-002	
19171	4.1903e-002	0.27981	2.4346e-002	
19172	4.7595e-002	0.2813	2.3621e-002	
19173	4.1894e-002	0.2828	2.285e-002	
19174	4.3796e-002	0.2823	2.3113e-002	
19175	4.5692e-002	0.2818	2.3369e-002	
19176	4.7128e-002	0.28243	2.3044e-002	
19177	4.4755e-002	0.28305	2.2716e-002	
19178	4.2371e-002	0.28368	2.2377e-002	
19179	4.9514e-002	0.28181	2.3367e-002	
19180	5.6636e-002	0.28368	2.2377e-002	
19181	5.4259e-002	0.28305	2.2716e-002	
19182	5.1893e-002	0.28243	2.3044e-002	
19183	1.9e-002	2.3325e-002	2.4645e-002	
19184	1.7109e-002	2.3819e-002	2.485e-002	
19185	1.5212e-002	2.4316e-002	2.5052e-002	
19186	1.332e-002	2.4811e-002	2.5248e-002	
19187	1.1422e-002	2.5308e-002	2.5441e-002	
19188	1.3313e-002	2.5804e-002	2.5629e-002	
19189	1.521e-002	2.6302e-002	2.5813e-002	
19190	1.7103e-002	2.6798e-002	2.5992e-002	
19191	1.9e-002	2.7296e-002	2.6168e-002	
19192	9.5141e-003	2.5807e-002	2.563e-002	
19193	7.1403e-003	2.6428e-002	2.5859e-002	
19194	4.7582e-003	2.7051e-002	2.6082e-002	
19195	2.383e-003	2.7673e-002	2.6298e-002	
19196	0.	2.8296e-002	2.6508e-002	
19197	1.9e-002	2.8296e-002	2.6508e-002	
19198	1.6624e-002	2.7673e-002	2.6298e-002	
19199	1.4256e-002	2.7051e-002	2.6082e-002	
19200	1.1881e-002	2.6428e-002	2.5859e-002	
19201	7.5949e-003	2.5303e-002	2.5439e-002	
19202	5.6928e-003	2.4804e-002	2.5245e-002	
19203	3.7966e-003	2.4306e-002	2.5048e-002	
19204	1.8952e-003	2.3807e-002	2.4845e-002	
19205	-7.8139e-018	2.331e-002	2.4639e-002	
19206	0.	2.7296e-002	2.6168e-002	
19207	1.9017e-003	2.6797e-002	2.5992e-002	
19208	3.7982e-003	2.63e-002	2.5812e-002	
19209	5.6993e-003	2.5801e-002	2.5627e-002	
19210	9.5e-003	2.4803e-002	2.5245e-002	
19211	7.1196e-003	2.4178e-002	2.4996e-002	
19212	4.7486e-003	2.3556e-002	2.4742e-002	
19213	2.3693e-003	2.2932e-002	2.4479e-002	
19214	0.	2.231e-002	2.421e-002	
19215	1.9e-002	2.231e-002	2.421e-002	
19216	1.6631e-002	2.2932e-002	2.4479e-002	
19217	1.4251e-002	2.3556e-002	2.4742e-002	
19218	1.188e-002	2.4178e-002	2.4996e-002	
19219	1.9e-002	2.7296e-002	2.7226e-002	
19220	1.9e-002	2.8296e-002	2.7561e-002	
19221	1.9e-002	2.3325e-002	2.5728e-002	
19222	1.9e-002	2.231e-002	2.5301e-002	
19223	0.	2.8296e-002	2.7561e-002	
19224	0.	2.7296e-002	2.7226e-002	
19225	-7.8139e-018	2.331e-002	2.5722e-002	
19226	0.	2.231e-002	2.5301e-002	
19227	1.6631e-002	2.2932e-002	2.5565e-002	
19228	1.4251e-002	2.3556e-002	2.5823e-002	
19229	1.188e-002	2.4178e-002	2.6074e-002	
19230	9.5e-003	2.4803e-002	2.6318e-002	
19231	7.1196e-003	2.4178e-002	2.6074e-002	
19232	4.7486e-003	2.3556e-002	2.5823e-002	
19233	2.3693e-003	2.2932e-002	2.5565e-002	
19234	1.9017e-003	2.6797e-002	2.7053e-002	
19235	3.7982e-003	2.63e-002	2.6876e-002	
19236	5.6993e-003	2.5801e-002	2.6694e-002	
19237	7.5949e-003	2.5303e-002	2.6509e-002	
19238	5.6929e-003	2.4804e-002	2.6318e-002	
19239	3.7966e-003	2.4306e-002	2.6124e-002	
19240	1.8953e-003	2.3807e-002	2.5925e-002	
19241	1.6624e-002	2.7673e-002	2.7354e-002	
19242	1.4256e-002	2.7051e-002	2.7142e-002	
19243	1.1881e-002	2.6428e-002	2.6922e-002	
19244	9.5141e-003	2.5807e-002	2.6696e-002	
19245	7.1403e-003	2.6428e-002	2.6922e-002	
19246	4.7581e-003	2.7051e-002	2.7142e-002	
19247	2.3829e-003	2.7673e-002	2.7354e-002	
19248	1.3313e-002	2.5804e-002	2.6695e-002	
19249	1.521e-002	2.6302e-002	2.6877e-002	
19250	1.7103e-002	2.6798e-002	2.7053e-002	
19251	1.1422e-002	2.5308e-002	2.651e-002	
19252	1.7109e-002	2.3819e-002	2.593e-002	
19253	1.5212e-002	2.4316e-002	2.6128e-002	
19254	1.332e-002	2.4811e-002	2.6321e-002	
19255	3.1422e-002	2.5308e-002	2.5441e-002	
19256	3.3313e-002	2.5804e-002	2.5629e-002	
19257	3.521e-002	2.6302e-002	2.5813e-002	
19258	3.7103e-002	2.6798e-002	2.5992e-002	
19259	3.9e-002	2.7296e-002	2.6168e-002	
19260	3.9e-002	2.3325e-002	2.4645e-002	
19261	3.7109e-002	2.3819e-002	2.485e-002	
19262	3.5212e-002	2.4316e-002	2.5052e-002	
19263	3.332e-002	2.4811e-002	2.5248e-002	
19264	3.9e-002	2.231e-002	2.421e-002	
19265	3.6631e-002	2.2932e-002	2.4479e-002	
19266	3.4251e-002	2.3556e-002	2.4742e-002	
19267	3.188e-002	2.4178e-002	2.4996e-002	
19268	2.95e-002	2.4803e-002	2.5245e-002	
19269	2.712e-002	2.4178e-002	2.4996e-002	
19270	2.4749e-002	2.3556e-002	2.4742e-002	
19271	2.2369e-002	2.2932e-002	2.4479e-002	
19272	2.e-002	2.231e-002	2.421e-002	
19273	3.9e-002	2.8296e-002	2.6508e-002	
19274	3.6624e-002	2.7673e-002	2.6298e-002	
19275	3.4256e-002	2.7051e-002	2.6082e-002	
19276	3.1881e-002	2.6428e-002	2.5859e-002	
19277	2.9514e-002	2.5807e-002	2.563e-002	
19278	2.714e-002	2.6428e-002	2.5859e-002	
19279	2.4758e-002	2.7051e-002	2.6082e-002	
19280	2.2383e-002	2.7673e-002	2.6298e-002	
19281	2.e-002	2.8296e-002	2.6508e-002	
19282	2.e-002	2.7296e-002	2.6168e-002	
19283	2.1902e-002	2.6797e-002	2.5992e-002	
19284	2.3798e-002	2.63e-002	2.5812e-002	
19285	2.5699e-002	2.5801e-002	2.5627e-002	
19286	2.7595e-002	2.5303e-002	2.5439e-002	
19287	2.5693e-002	2.4804e-002	2.5245e-002	
19288	2.3797e-002	2.4306e-002	2.5048e-002	
19289	2.1895e-002	2.3807e-002	2.4845e-002	
19290	2.e-002	2.331e-002	2.4639e-002	
19291	3.9e-002	2.7296e-002	2.7226e-002	
19292	3.9e-002	2.8296e-002	2.7561e-002	
19293	3.9e-002	2.3325e-002	2.5728e-002	
19294	3.9e-002	2.231e-002	2.5301e-002	
19295	2.e-002	2.8296e-002	2.7561e-002	
19296	2.e-002	2.7296e-002	2.7226e-002	
19297	2.e-002	2.231e-002	2.5301e-002	
19298	2.e-002	2.331e-002	2.5722e-002	
19299	2.5693e-002	2.4804e-002	2.6318e-002	
19300	2.3797e-002	2.4306e-002	2.6124e-002	
19301	2.1895e-002	2.3807e-002	2.5925e-002	
19302	2.7595e-002	2.5303e-002	2.6509e-002	
19303	2.1902e-002	2.6797e-002	2.7053e-002	
19304	2.3798e-002	2.63e-002	2.6876e-002	
19305	2.5699e-002	2.5801e-002	2.6694e-002	
19306	2.714e-002	2.6428e-002	2.6922e-002	
19307	2.4758e-002	2.7051e-002	2.7142e-002	
19308	2.2383e-002	2.7673e-002	2.7354e-002	
19309	2.9514e-002	2.5807e-002	2.6696e-002	
19310	3.6624e-002	2.7673e-002	2.7354e-002	
19311	3.4256e-002	2.7051e-002	2.7142e-002	
19312	3.1881e-002	2.6428e-002	2.6922e-002	
19313	2.712e-002	2.4178e-002	2.6074e-002	
19314	2.4749e-002	2.3556e-002	2.5823e-002	
19315	2.2369e-002	2.2932e-002	2.5565e-002	
19316	2.95e-002	2.4803e-002	2.6318e-002	
19317	3.6631e-002	2.2932e-002	2.5565e-002	
19318	3.4251e-002	2.3556e-002	2.5823e-002	
19319	3.188e-002	2.4178e-002	2.6074e-002	
19320	3.7109e-002	2.3819e-002	2.593e-002	
19321	3.5212e-002	2.4316e-002	2.6128e-002	
19322	3.332e-002	2.4811e-002	2.6321e-002	
19323	3.1422e-002	2.5308e-002	2.651e-002	
19324	3.3313e-002	2.5804e-002	2.6695e-002	
19325	3.521e-002	2.6302e-002	2.6877e-002	
19326	3.7103e-002	2.6798e-002	2.7053e-002	
19327	5.1422e-002	2.5308e-002	2.5441e-002	
19328	5.3313e-002	2.5804e-002	2.5629e-002	
19329	5.521e-002	2.6302e-002	2.5813e-002	
19330	5.7103e-002	2.6798e-002	2.5992e-002	
19331	5.9e-002	2.7296e-002	2.6168e-002	
19332	5.9e-002	2.3325e-002	2.4645e-002	
19333	5.7109e-002	2.3819e-002	2.485e-002	
19334	5.5212e-002	2.4316e-002	2.5052e-002	
19335	5.332e-002	2.4811e-002	2.5248e-002	
19336	5.9e-002	2.231e-002	2.421e-002	
19337	5.6631e-002	2.2932e-002	2.4479e-002	
19338	5.4251e-002	2.3556e-002	2.4742e-002	
19339	5.188e-002	2.4178e-002	2.4996e-002	
19340	4.95e-002	2.4803e-002	2.5245e-002	
19341	4.712e-002	2.4178e-002	2.4996e-002	
19342	4.4749e-002	2.3556e-002	2.4742e-002	
19343	4.2369e-002	2.2932e-002	2.4479e-002	
19344	4.e-002	2.231e-002	2.421e-002	
19345	5.9e-002	2.8296e-002	2.6508e-002	
19346	5.6624e-002	2.7673e-002	2.6298e-002	
19347	5.4256e-002	2.7051e-002	2.6082e-002	
19348	5.1881e-002	2.6428e-002	2.5859e-002	
19349	4.9514e-002	2.5807e-002	2.563e-002	
19350	4.714e-002	2.6428e-002	2.5859e-002	
19351	4.4758e-002	2.7051e-002	2.6082e-002	
19352	4.2383e-002	2.7673e-002	2.6298e-002	
19353	4.e-002	2.8296e-002	2.6508e-002	
19354	4.e-002	2.7296e-002	2.6168e-002	
19355	4.1902e-002	2.6797e-002	2.5992e-002	
19356	4.3798e-002	2.63e-002	2.5812e-002	
19357	4.5699e-002	2.5801e-002	2.5627e-002	
19358	4.7595e-002	2.5303e-002	2.5439e-002	
19359	4.5693e-002	2.4804e-002	2.5245e-002	
19360	4.3797e-002	2.4306e-002	2.5048e-002	
19361	4.1895e-002	2.3807e-002	2.4845e-002	
19362	4.e-002	2.331e-002	2.4639e-002	
19363	5.9e-002	2.7296e-002	2.7226e-002	
19364	5.9e-002	2.8296e-002	2.7561e-002	
19365	5.9e-002	2.3325e-002	2.5728e-002	
19366	5.9e-002	2.231e-002	2.5301e-002	
19367	4.e-002	2.8296e-002	2.7561e-002	
19368	4.e-002	2.7296e-002	2.7226e-002	
19369	4.e-002	2.231e-002	2.5301e-002	
19370	4.e-002	2.331e-002	2.5722e-002	
19371	4.5693e-002	2.4804e-002	2.6318e-002	
19372	4.3797e-002	2.4306e-002	2.6124e-002	
19373	4.1895e-002	2.3807e-002	2.5925e-002	
19374	4.7595e-002	2.5303e-002	2.6509e-002	
19375	4.1902e-002	2.6797e-002	2.7053e-002	
19376	4.3798e-002	2.63e-002	2.6876e-002	
19377	4.5699e-002	2.5801e-002	2.6694e-002	
19378	4.714e-002	2.6428e-002	2.6922e-002	
19379	4.4758e-002	2.7051e-002	2.7142e-002	
19380	4.2383e-002	2.7673e-002	2.7354e-002	
19381	4.9514e-002	2.5807e-002	2.6696e-002	
19382	5.6624e-002	2.7673e-002	2.7354e-002	
19383	5.4256e-002	2.7051e-002	2.7142e-002	
19384	5.1881e-002	2.6428e-002	2.6922e-002	
19385	4.712e-002	2.4178e-002	2.6074e-002	
19386	4.4749e-002	2.3556e-002	2.5823e-002	
19387	4.2369e-002	2.2932e-002	2.5565e-002	
19388	4.95e-002	2.4803e-002	2.6318e-002	
19389	5.6631e-002	2.2932e-002	2.5565e-002	
19390	5.4251e-002	2.3556e-002	2.5823e-002	
19391	5.188e-002	2.4178e-002	2.6074e-002	
19392	5.7109e-002	2.3819e-002	2.593e-002	
19393	5.5212e-002	2.4316e-002	2.6128e-002	
19394	5.332e-002	2.4811e-002	2.6321e-002	
19395	5.1422e-002	2.5308e-002	2.651e-002	
19396	5.3313e-002	2.5804e-002	2.6695e-002	
19397	5.521e-002	2.6302e-002	2.6877e-002	
19398	5.7103e-002	2.6798e-002	2.7053e-002	
19399	1.1422e-002	0.12531	2.5441e-002	
19400	1.3313e-002	0.1258	2.5629e-002	
19401	1.521e-002	0.1263	2.5813e-002	
19402	1.7103e-002	0.1268	2.5992e-002	
19403	1.9e-002	0.1273	2.6168e-002	
19404	1.9e-002	0.12332	2.4645e-002	
19405	1.7109e-002	0.12382	2.485e-002	
19406	1.5212e-002	0.12432	2.5052e-002	
19407	1.332e-002	0.12481	2.5248e-002	
19408	1.9e-002	0.12231	2.421e-002	
19409	1.6631e-002	0.12293	2.4479e-002	
19410	1.4252e-002	0.12356	2.4742e-002	
19411	1.188e-002	0.12418	2.4996e-002	
19412	9.5e-003	0.1248	2.5245e-002	
19413	7.1196e-003	0.12418	2.4996e-002	
19414	4.7485e-003	0.12356	2.4742e-002	
19415	2.3693e-003	0.12293	2.4479e-002	
19416	0.	0.12231	2.421e-002	
19417	1.9e-002	0.1283	2.6508e-002	
19418	1.6624e-002	0.12767	2.6298e-002	
19419	1.4256e-002	0.12705	2.6082e-002	
19420	1.1881e-002	0.12643	2.5859e-002	
19421	9.5141e-003	0.12581	2.563e-002	
19422	7.1403e-003	0.12643	2.5859e-002	
19423	4.7582e-003	0.12705	2.6082e-002	
19424	2.383e-003	0.12767	2.6298e-002	
19425	0.	0.1283	2.6508e-002	
19426	6.9389e-018	0.1273	2.6168e-002	
19427	1.9017e-003	0.1268	2.5992e-002	
19428	3.7982e-003	0.1263	2.5812e-002	
19429	5.6993e-003	0.1258	2.5627e-002	
19430	7.5949e-003	0.1253	2.5439e-002	
19431	5.6928e-003	0.1248	2.5245e-002	
19432	3.7965e-003	0.12431	2.5048e-002	
19433	1.8952e-003	0.12381	2.4845e-002	
19434	-7.8139e-018	0.12331	2.4639e-002	
19435	0.	0.1283	2.7561e-002	
19436	0.	0.1273	2.7226e-002	
19437	1.9e-002	0.12332	2.5728e-002	
19438	1.9e-002	0.12231	2.5301e-002	
19439	1.9e-002	0.1273	2.7226e-002	
19440	1.9e-002	0.1283	2.7561e-002	
19441	0.	0.12231	2.5301e-002	
19442	-7.8139e-018	0.12331	2.5722e-002	
19443	5.6929e-003	0.1248	2.6318e-002	
19444	3.7966e-003	0.12431	2.6124e-002	
19445	1.8953e-003	0.12381	2.5925e-002	
19446	7.5949e-003	0.1253	2.6509e-002	
19447	1.9017e-003	0.1268	2.7053e-002	
19448	3.7982e-003	0.1263	2.6876e-002	
19449	5.6993e-003	0.1258	2.6694e-002	
19450	7.1403e-003	0.12643	2.6922e-002	
19451	4.7582e-003	0.12705	2.7142e-002	
19452	2.3829e-003	0.12767	2.7354e-002	
19453	9.5141e-003	0.12581	2.6696e-002	
19454	1.6624e-002	0.12767	2.7354e-002	
19455	1.4256e-002	0.12705	2.7142e-002	
19456	1.1881e-002	0.12643	2.6922e-002	
19457	7.1196e-003	0.12418	2.6074e-002	
19458	4.7486e-003	0.12356	2.5823e-002	
19459	2.3693e-003	0.12293	2.5565e-002	
19460	9.5e-003	0.1248	2.6318e-002	
19461	1.6631e-002	0.12293	2.5565e-002	
19462	1.4251e-002	0.12356	2.5823e-002	
19463	1.188e-002	0.12418	2.6074e-002	
19464	1.7109e-002	0.12382	2.593e-002	
19465	1.5212e-002	0.12432	2.6128e-002	
19466	1.332e-002	0.12481	2.6321e-002	
19467	1.1422e-002	0.12531	2.651e-002	
19468	1.3313e-002	0.1258	2.6695e-002	
19469	1.521e-002	0.1263	2.6877e-002	
19470	1.7103e-002	0.1268	2.7053e-002	
19471	3.1422e-002	0.12531	2.5441e-002	
19472	3.3313e-002	0.1258	2.5629e-002	
19473	3.521e-002	0.1263	2.5813e-002	
19474	3.7103e-002	0.1268	2.5992e-002	
19475	3.9e-002	0.1273	2.6168e-002	
19476	3.9e-002	0.12332	2.4645e-002	
19477	3.7109e-002	0.12382	2.485e-002	
19478	3.5212e-002	0.12432	2.5052e-002	
19479	3.332e-002	0.12481	2.5248e-002	
19480	3.9e-002	0.12231	2.421e-002	
19481	3.6631e-002	0.12293	2.4479e-002	
19482	3.4251e-002	0.12356	2.4742e-002	
19483	3.188e-002	0.12418	2.4996e-002	
19484	2.95e-002	0.1248	2.5245e-002	
19485	2.712e-002	0.12418	2.4996e-002	
19486	2.4749e-002	0.12356	2.4742e-002	
19487	2.2369e-002	0.12293	2.4479e-002	
19488	2.e-002	0.12231	2.421e-002	
19489	3.9e-002	0.1283	2.6508e-002	
19490	3.6624e-002	0.12767	2.6298e-002	
19491	3.4256e-002	0.12705	2.6082e-002	
19492	3.1881e-002	0.12643	2.5859e-002	
19493	2.9514e-002	0.12581	2.563e-002	
19494	2.714e-002	0.12643	2.5859e-002	
19495	2.4758e-002	0.12705	2.6082e-002	
19496	2.2383e-002	0.12767	2.6298e-002	
19497	2.e-002	0.1283	2.6508e-002	
19498	2.e-002	0.1273	2.6168e-002	
19499	2.1902e-002	0.1268	2.5992e-002	
19500	2.3798e-002	0.1263	2.5812e-002	
19501	2.5699e-002	0.1258	2.5627e-002	
19502	2.7595e-002	0.1253	2.5439e-002	
19503	2.5693e-002	0.1248	2.5245e-002	
19504	2.3797e-002	0.12431	2.5048e-002	
19505	2.1895e-002	0.12381	2.4845e-002	
19506	2.e-002	0.12331	2.4639e-002	
19507	3.9e-002	0.1273	2.7226e-002	
19508	3.9e-002	0.1283	2.7561e-002	
19509	3.9e-002	0.12332	2.5728e-002	
19510	3.9e-002	0.12231	2.5301e-002	
19511	2.e-002	0.1283	2.7561e-002	
19512	2.e-002	0.1273	2.7226e-002	
19513	2.e-002	0.12231	2.5301e-002	
19514	2.e-002	0.12331	2.5722e-002	
19515	2.5693e-002	0.1248	2.6318e-002	
19516	2.3797e-002	0.12431	2.6124e-002	
19517	2.1895e-002	0.12381	2.5925e-002	
19518	2.7595e-002	0.1253	2.6509e-002	
19519	2.1902e-002	0.1268	2.7053e-002	
19520	2.3798e-002	0.1263	2.6876e-002	
19521	2.5699e-002	0.1258	2.6694e-002	
19522	2.714e-002	0.12643	2.6922e-002	
19523	2.4758e-002	0.12705	2.7142e-002	
19524	2.2383e-002	0.12767	2.7354e-002	
19525	2.9514e-002	0.12581	2.6696e-002	
19526	3.6624e-002	0.12767	2.7354e-002	
19527	3.4256e-002	0.12705	2.7142e-002	
19528	3.1881e-002	0.12643	2.6922e-002	
19529	2.712e-002	0.12418	2.6074e-002	
19530	2.4749e-002	0.12356	2.5823e-002	
19531	2.2369e-002	0.12293	2.5565e-002	
19532	2.95e-002	0.1248	2.6318e-002	
19533	3.6631e-002	0.12293	2.5565e-002	
19534	3.4251e-002	0.12356	2.5823e-002	
19535	3.188e-002	0.12418	2.6074e-002	
19536	3.7109e-002	0.12382	2.593e-002	
19537	3.5212e-002	0.12432	2.6128e-002	
19538	3.332e-002	0.12481	2.6321e-002	
19539	3.1422e-002	0.12531	2.651e-002	
19540	3.3313e-002	0.1258	2.6695e-002	
19541	3.521e-002	0.1263	2.6877e-002	
19542	3.7103e-002	0.1268	2.7053e-002	
19543	5.1422e-002	0.12531	2.5441e-002	
19544	5.3313e-002	0.1258	2.5629e-002	
19545	5.521e-002	0.1263	2.5813e-002	
19546	5.7103e-002	0.1268	2.5992e-002	
19547	5.9e-002	0.1273	2.6168e-002	
19548	5.9e-002	0.12332	2.4645e-002	
19549	5.7109e-002	0.12382	2.485e-002	
19550	5.5212e-002	0.12432	2.5052e-002	
19551	5.332e-002	0.12481	2.5248e-002	
19552	5.9e-002	0.12231	2.421e-002	
19553	5.6631e-002	0.12293	2.4479e-002	
19554	5.4252e-002	0.12356	2.4742e-002	
19555	5.188e-002	0.12418	2.4996e-002	
19556	4.95e-002	0.1248	2.5245e-002	
19557	4.712e-002	0.12418	2.4996e-002	
19558	4.4748e-002	0.12356	2.4742e-002	
19559	4.2369e-002	0.12293	2.4479e-002	
19560	4.e-002	0.12231	2.421e-002	
19561	5.9e-002	0.1283	2.6508e-002	
19562	5.6624e-002	0.12767	2.6298e-002	
19563	5.4256e-002	0.12705	2.6082e-002	
19564	5.1881e-002	0.12643	2.5859e-002	
19565	4.9514e-002	0.12581	2.563e-002	
19566	4.714e-002	0.12643	2.5859e-002	
19567	4.4758e-002	0.12705	2.6082e-002	
19568	4.2383e-002	0.12767	2.6298e-002	
19569	4.e-002	0.1283	2.6508e-002	
19570	4.e-002	0.1273	2.6168e-002	
19571	4.1902e-002	0.1268	2.5992e-002	
19572	4.3798e-002	0.1263	2.5812e-002	
19573	4.5699e-002	0.1258	2.5627e-002	
19574	4.7595e-002	0.1253	2.5439e-002	
19575	4.5693e-002	0.1248	2.5245e-002	
19576	4.3797e-002	0.12431	2.5048e-002	
19577	4.1895e-002	0.12381	2.4845e-002	
19578	4.e-002	0.12331	2.4639e-002	
19579	4.e-002	0.1283	2.7561e-002	
19580	4.e-002	0.1273	2.7226e-002	
19581	5.9e-002	0.12332	2.5728e-002	
19582	5.9e-002	0.12231	2.5301e-002	
19583	5.9e-002	0.1273	2.7226e-002	
19584	5.9e-002	0.1283	2.7561e-002	
19585	4.e-002	0.12231	2.5301e-002	
19586	4.e-002	0.12331	2.5722e-002	
19587	4.5693e-002	0.1248	2.6318e-002	
19588	4.3797e-002	0.12431	2.6124e-002	
19589	4.1895e-002	0.12381	2.5925e-002	
19590	4.7595e-002	0.1253	2.6509e-002	
19591	4.1902e-002	0.1268	2.7053e-002	
19592	4.3798e-002	0.1263	2.6876e-002	
19593	4.5699e-002	0.1258	2.6694e-002	
19594	4.714e-002	0.12643	2.6922e-002	
19595	4.4758e-002	0.12705	2.7142e-002	
19596	4.2383e-002	0.12767	2.7354e-002	
19597	4.9514e-002	0.12581	2.6696e-002	
19598	5.6624e-002	0.12767	2.7354e-002	
19599	5.4256e-002	0.12705	2.7142e-002	
19600	5.1881e-002	0.12643	2.6922e-002	
19601	4.712e-002	0.12418	2.6074e-002	
19602	4.4749e-002	0.12356	2.5823e-002	
19603	4.2369e-002	0.12293	2.5565e-002	
19604	4.95e-002	0.1248	2.6318e-002	
19605	5.6631e-002	0.12293	2.5565e-002	
19606	5.4251e-002	0.12356	2.5823e-002	
19607	5.188e-002	0.12418	2.6074e-002	
19608	5.7109e-002	0.12382	2.593e-002	
19609	5.5212e-002	0.12432	2.6128e-002	
19610	5.332e-002	0.12481	2.6321e-002	
19611	5.1422e-002	0.12531	2.651e-002	
19612	5.3313e-002	0.1258	2.6695e-002	
19613	5.521e-002	0.1263	2.6877e-002	
19614	5.7103e-002	0.1268	2.7053e-002	
19615	1.9e-002	0.22231	2.421e-002	
19616	1.6631e-002	0.22293	2.4479e-002	
19617	1.4251e-002	0.22356	2.4742e-002	
19618	1.188e-002	0.22418	2.4996e-002	
19619	9.5e-003	0.2248	2.5245e-002	
19620	7.1196e-003	0.22418	2.4996e-002	
19621	4.7486e-003	0.22356	2.4742e-002	
19622	2.3693e-003	0.22293	2.4479e-002	
19623	0.	0.22231	2.421e-002	
19624	0.	0.2273	2.6168e-002	
19625	1.9017e-003	0.2268	2.5992e-002	
19626	3.7982e-003	0.2263	2.5812e-002	
19627	5.6993e-003	0.2258	2.5627e-002	
19628	7.5949e-003	0.2253	2.5439e-002	
19629	5.6928e-003	0.2248	2.5245e-002	
19630	3.7966e-003	0.22431	2.5048e-002	
19631	1.8952e-003	0.22381	2.4845e-002	
19632	-7.8139e-018	0.22331	2.4639e-002	
19633	1.9e-002	0.2283	2.6508e-002	
19634	1.6624e-002	0.22767	2.6298e-002	
19635	1.4256e-002	0.22705	2.6082e-002	
19636	1.1881e-002	0.22643	2.5859e-002	
19637	9.5141e-003	0.22581	2.563e-002	
19638	7.1403e-003	0.22643	2.5859e-002	
19639	4.7582e-003	0.22705	2.6082e-002	
19640	2.383e-003	0.22767	2.6298e-002	
19641	0.	0.2283	2.6508e-002	
19642	1.1422e-002	0.22531	2.5441e-002	
19643	1.3313e-002	0.2258	2.5629e-002	
19644	1.521e-002	0.2263	2.5813e-002	
19645	1.7103e-002	0.2268	2.5992e-002	
19646	1.9e-002	0.2273	2.6168e-002	
19647	1.9e-002	0.22332	2.4645e-002	
19648	1.7109e-002	0.22382	2.485e-002	
19649	1.5212e-002	0.22432	2.5052e-002	
19650	1.332e-002	0.22481	2.5248e-002	
19651	1.9e-002	0.2283	2.7561e-002	
19652	1.9e-002	0.2273	2.7226e-002	
19653	0.	0.2273	2.7226e-002	
19654	0.	0.2283	2.7561e-002	
19655	1.9e-002	0.22231	2.5301e-002	
19656	1.9e-002	0.22332	2.5728e-002	
19657	0.	0.22231	2.5301e-002	
19658	-7.8139e-018	0.22331	2.5722e-002	
19659	1.7109e-002	0.22382	2.593e-002	
19660	1.5212e-002	0.22432	2.6128e-002	
19661	1.332e-002	0.22481	2.6321e-002	
19662	1.1422e-002	0.22531	2.651e-002	
19663	1.3313e-002	0.2258	2.6695e-002	
19664	1.521e-002	0.2263	2.6877e-002	
19665	1.7103e-002	0.2268	2.7053e-002	
19666	7.1403e-003	0.22643	2.6922e-002	
19667	4.7581e-003	0.22705	2.7142e-002	
19668	2.3829e-003	0.22767	2.7354e-002	
19669	9.5141e-003	0.22581	2.6696e-002	
19670	1.6624e-002	0.22767	2.7354e-002	
19671	1.4256e-002	0.22705	2.7142e-002	
19672	1.1881e-002	0.22643	2.6922e-002	
19673	5.6929e-003	0.2248	2.6318e-002	
19674	3.7966e-003	0.22431	2.6124e-002	
19675	1.8953e-003	0.22381	2.5925e-002	
19676	7.5949e-003	0.2253	2.6509e-002	
19677	1.9017e-003	0.2268	2.7053e-002	
19678	3.7982e-003	0.2263	2.6876e-002	
19679	5.6993e-003	0.2258	2.6694e-002	
19680	7.1196e-003	0.22418	2.6074e-002	
19681	4.7486e-003	0.22356	2.5823e-002	
19682	2.3693e-003	0.22293	2.5565e-002	
19683	9.5e-003	0.2248	2.6318e-002	
19684	1.6631e-002	0.22293	2.5565e-002	
19685	1.4251e-002	0.22356	2.5823e-002	
19686	1.188e-002	0.22418	2.6074e-002	
19687	3.1422e-002	0.22531	2.5441e-002	
19688	3.3313e-002	0.2258	2.5629e-002	
19689	3.521e-002	0.2263	2.5813e-002	
19690	3.7103e-002	0.2268	2.5992e-002	
19691	3.9e-002	0.2273	2.6168e-002	
19692	3.9e-002	0.22332	2.4645e-002	
19693	3.7109e-002	0.22382	2.485e-002	
19694	3.5212e-002	0.22432	2.5052e-002	
19695	3.332e-002	0.22481	2.5248e-002	
19696	3.9e-002	0.22231	2.421e-002	
19697	3.6631e-002	0.22293	2.4479e-002	
19698	3.4251e-002	0.22356	2.4742e-002	
19699	3.188e-002	0.22418	2.4996e-002	
19700	2.95e-002	0.2248	2.5245e-002	
19701	2.712e-002	0.22418	2.4996e-002	
19702	2.4749e-002	0.22356	2.4742e-002	
19703	2.2369e-002	0.22293	2.4479e-002	
19704	2.e-002	0.22231	2.421e-002	
19705	3.9e-002	0.2283	2.6508e-002	
19706	3.6624e-002	0.22767	2.6298e-002	
19707	3.4256e-002	0.22705	2.6082e-002	
19708	3.1881e-002	0.22643	2.5859e-002	
19709	2.9514e-002	0.22581	2.563e-002	
19710	2.714e-002	0.22643	2.5859e-002	
19711	2.4758e-002	0.22705	2.6082e-002	
19712	2.2383e-002	0.22767	2.6298e-002	
19713	2.e-002	0.2283	2.6508e-002	
19714	2.e-002	0.2273	2.6168e-002	
19715	2.1902e-002	0.2268	2.5992e-002	
19716	2.3798e-002	0.2263	2.5812e-002	
19717	2.5699e-002	0.2258	2.5627e-002	
19718	2.7595e-002	0.2253	2.5439e-002	
19719	2.5693e-002	0.2248	2.5245e-002	
19720	2.3797e-002	0.22431	2.5048e-002	
19721	2.1895e-002	0.22381	2.4845e-002	
19722	2.e-002	0.22331	2.4639e-002	
19723	3.9e-002	0.2273	2.7226e-002	
19724	3.9e-002	0.2283	2.7561e-002	
19725	3.9e-002	0.22332	2.5728e-002	
19726	3.9e-002	0.22231	2.5301e-002	
19727	2.e-002	0.2283	2.7561e-002	
19728	2.e-002	0.2273	2.7226e-002	
19729	2.e-002	0.22231	2.5301e-002	
19730	2.e-002	0.22331	2.5722e-002	
19731	2.5693e-002	0.2248	2.6318e-002	
19732	2.3797e-002	0.22431	2.6124e-002	
19733	2.1895e-002	0.22381	2.5925e-002	
19734	2.7595e-002	0.2253	2.6509e-002	
19735	2.1902e-002	0.2268	2.7053e-002	
19736	2.3798e-002	0.2263	2.6876e-002	
19737	2.5699e-002	0.2258	2.6694e-002	
19738	2.714e-002	0.22643	2.6922e-002	
19739	2.4758e-002	0.22705	2.7142e-002	
19740	2.2383e-002	0.22767	2.7354e-002	
19741	2.9514e-002	0.22581	2.6696e-002	
19742	3.6624e-002	0.22767	2.7354e-002	
19743	3.4256e-002	0.22705	2.7142e-002	
19744	3.1881e-002	0.22643	2.6922e-002	
19745	2.712e-002	0.22418	2.6074e-002	
19746	2.4749e-002	0.22356	2.5823e-002	
19747	2.2369e-002	0.22293	2.5565e-002	
19748	2.95e-002	0.2248	2.6318e-002	
19749	3.6631e-002	0.22293	2.5565e-002	
19750	3.4251e-002	0.22356	2.5823e-002	
19751	3.188e-002	0.22418	2.6074e-002	
19752	3.7109e-002	0.22382	2.593e-002	
19753	3.5212e-002	0.22432	2.6128e-002	
19754	3.332e-002	0.22481	2.6321e-002	
19755	3.1422e-002	0.22531	2.651e-002	
19756	3.3313e-002	0.2258	2.6695e-002	
19757	3.521e-002	0.2263	2.6877e-002	
19758	3.7103e-002	0.2268	2.7053e-002	
19759	5.9e-002	0.22332	2.4645e-002	
19760	5.7109e-002	0.22382	2.485e-002	
19761	5.5212e-002	0.22432	2.5052e-002	
19762	5.332e-002	0.22481	2.5248e-002	
19763	5.1422e-002	0.22531	2.5441e-002	
19764	5.3313e-002	0.2258	2.5629e-002	
19765	5.521e-002	0.2263	2.5813e-002	
19766	5.7103e-002	0.2268	2.5992e-002	
19767	5.9e-002	0.2273	2.6168e-002	
19768	4.9514e-002	0.22581	2.563e-002	
19769	4.714e-002	0.22643	2.5859e-002	
19770	4.4758e-002	0.22705	2.6082e-002	
19771	4.2383e-002	0.22767	2.6298e-002	
19772	4.e-002	0.2283	2.6508e-002	
19773	5.9e-002	0.2283	2.6508e-002	
19774	5.6624e-002	0.22767	2.6298e-002	
19775	5.4256e-002	0.22705	2.6082e-002	
19776	5.1881e-002	0.22643	2.5859e-002	
19777	4.7595e-002	0.2253	2.5439e-002	
19778	4.5693e-002	0.2248	2.5245e-002	
19779	4.3797e-002	0.22431	2.5048e-002	
19780	4.1895e-002	0.22381	2.4845e-002	
19781	4.e-002	0.22331	2.4639e-002	
19782	4.e-002	0.2273	2.6168e-002	
19783	4.1902e-002	0.2268	2.5992e-002	
19784	4.3798e-002	0.2263	2.5812e-002	
19785	4.5699e-002	0.2258	2.5627e-002	
19786	4.95e-002	0.2248	2.5245e-002	
19787	4.712e-002	0.22418	2.4996e-002	
19788	4.4749e-002	0.22356	2.4742e-002	
19789	4.2369e-002	0.22293	2.4479e-002	
19790	4.e-002	0.22231	2.421e-002	
19791	5.9e-002	0.22231	2.421e-002	
19792	5.6631e-002	0.22293	2.4479e-002	
19793	5.4251e-002	0.22356	2.4742e-002	
19794	5.188e-002	0.22418	2.4996e-002	
19795	5.9e-002	0.2273	2.7226e-002	
19796	5.9e-002	0.2283	2.7561e-002	
19797	5.9e-002	0.22332	2.5728e-002	
19798	5.9e-002	0.22231	2.5301e-002	
19799	4.e-002	0.22331	2.5722e-002	
19800	4.e-002	0.22231	2.5301e-002	
19801	4.e-002	0.2283	2.7561e-002	
19802	4.e-002	0.2273	2.7226e-002	
19803	5.6631e-002	0.22293	2.5565e-002	
19804	5.4251e-002	0.22356	2.5823e-002	
19805	5.188e-002	0.22418	2.6074e-002	
19806	4.95e-002	0.2248	2.6318e-002	
19807	4.712e-002	0.22418	2.6074e-002	
19808	4.4749e-002	0.22356	2.5823e-002	
19809	4.2369e-002	0.22293	2.5565e-002	
19810	4.1902e-002	0.2268	2.7053e-002	
19811	4.3798e-002	0.2263	2.6876e-002	
19812	4.5699e-002	0.2258	2.6694e-002	
19813	4.7595e-002	0.2253	2.6509e-002	
19814	4.5693e-002	0.2248	2.6318e-002	
19815	4.3797e-002	0.22431	2.6124e-002	
19816	4.1895e-002	0.22381	2.5925e-002	
19817	5.6624e-002	0.22767	2.7354e-002	
19818	5.4256e-002	0.22705	2.7142e-002	
19819	5.1881e-002	0.22643	2.6922e-002	
19820	4.9514e-002	0.22581	2.6696e-002	
19821	4.714e-002	0.22643	2.6922e-002	
19822	4.4758e-002	0.22705	2.7142e-002	
19823	4.2383e-002	0.22767	2.7354e-002	
19824	5.3313e-002	0.2258	2.6695e-002	
19825	5.521e-002	0.2263	2.6877e-002	
19826	5.7103e-002	0.2268	2.7053e-002	
19827	5.1422e-002	0.22531	2.651e-002	
19828	5.7109e-002	0.22382	2.593e-002	
19829	5.5212e-002	0.22432	2.6128e-002	
19830	5.332e-002	0.22481	2.6321e-002	
19831	1.9e-002	7.2325e-002	2.6299e-002	
19832	1.7103e-002	7.2821e-002	2.6127e-002	
19833	1.521e-002	7.3316e-002	2.5951e-002	
19834	1.3313e-002	7.3813e-002	2.5771e-002	
19835	1.1422e-002	7.4308e-002	2.5587e-002	
19836	1.332e-002	7.4806e-002	2.5397e-002	
19837	1.5212e-002	7.5302e-002	2.5204e-002	
19838	1.7109e-002	7.58e-002	2.5005e-002	
19839	1.9e-002	7.6296e-002	2.4803e-002	
19840	9.5141e-003	7.4807e-002	2.5397e-002	
19841	7.1303e-003	7.5431e-002	2.5153e-002	
19842	4.7556e-003	7.6052e-002	2.4903e-002	
19843	2.3729e-003	7.6675e-002	2.4645e-002	
19844	0.	7.7296e-002	2.4381e-002	
19845	1.9e-002	7.7296e-002	2.4381e-002	
19846	1.6634e-002	7.6675e-002	2.4645e-002	
19847	1.4258e-002	7.6052e-002	2.4903e-002	
19848	1.1891e-002	7.5431e-002	2.5153e-002	
19849	7.5949e-003	7.4303e-002	2.5589e-002	
19850	5.6992e-003	7.3806e-002	2.5774e-002	
19851	3.7982e-003	7.3307e-002	2.5955e-002	
19852	1.9016e-003	7.2809e-002	2.6131e-002	
19853	-7.8139e-018	7.231e-002	2.6304e-002	
19854	0.	7.6296e-002	2.4803e-002	
19855	1.8953e-003	7.5799e-002	2.5006e-002	
19856	3.7966e-003	7.53e-002	2.5205e-002	
19857	5.6929e-003	7.4802e-002	2.5398e-002	
19858	9.5e-003	7.3803e-002	2.5774e-002	
19859	7.1296e-003	7.3181e-002	2.6e-002	
19860	4.7511e-003	7.2557e-002	2.6219e-002	
19861	2.3794e-003	7.1934e-002	2.6431e-002	
19862	0.	7.131e-002	2.6637e-002	
19863	1.9e-002	7.131e-002	2.6637e-002	
19864	1.6621e-002	7.1934e-002	2.6431e-002	
19865	1.4249e-002	7.2557e-002	2.6219e-002	
19866	1.187e-002	7.3181e-002	2.6e-002	
19867	1.9e-002	7.6296e-002	2.5883e-002	
19868	1.9e-002	7.7296e-002	2.5469e-002	
19869	1.9e-002	7.2325e-002	2.7355e-002	
19870	1.9e-002	7.131e-002	2.7688e-002	
19871	0.	7.7296e-002	2.5469e-002	
19872	0.	7.6296e-002	2.5883e-002	
19873	-7.8139e-018	7.231e-002	2.736e-002	
19874	0.	7.131e-002	2.7688e-002	
19875	1.6621e-002	7.1934e-002	2.7485e-002	
19876	1.4249e-002	7.2557e-002	2.7276e-002	
19877	1.187e-002	7.3181e-002	2.7061e-002	
19878	9.5e-003	7.3803e-002	2.6839e-002	
19879	7.1296e-003	7.3181e-002	2.7061e-002	
19880	4.7511e-003	7.2557e-002	2.7276e-002	
19881	2.3793e-003	7.1934e-002	2.7485e-002	
19882	1.8953e-003	7.5799e-002	2.6083e-002	
19883	3.7966e-003	7.53e-002	2.6278e-002	
19884	5.6929e-003	7.4802e-002	2.6469e-002	
19885	7.5949e-003	7.4303e-002	2.6656e-002	
19886	5.6992e-003	7.3806e-002	2.6838e-002	
19887	3.7982e-003	7.3307e-002	2.7016e-002	
19888	1.9016e-003	7.2809e-002	2.719e-002	
19889	1.6634e-002	7.6675e-002	2.5728e-002	
19890	1.4258e-002	7.6052e-002	2.5982e-002	
19891	1.1891e-002	7.5431e-002	2.6227e-002	
19892	9.5141e-003	7.4807e-002	2.6467e-002	
19893	7.1303e-003	7.5431e-002	2.6227e-002	
19894	4.7557e-003	7.6052e-002	2.5982e-002	
19895	2.373e-003	7.6675e-002	2.5728e-002	
19896	1.332e-002	7.4806e-002	2.6468e-002	
19897	1.5212e-002	7.5302e-002	2.6277e-002	
19898	1.7109e-002	7.58e-002	2.6082e-002	
19899	1.1422e-002	7.4308e-002	2.6654e-002	
19900	1.7103e-002	7.2821e-002	2.7186e-002	
19901	1.521e-002	7.3316e-002	2.7013e-002	
19902	1.3313e-002	7.3813e-002	2.6835e-002	
19903	3.9e-002	7.7296e-002	2.4381e-002	
19904	3.6634e-002	7.6675e-002	2.4645e-002	
19905	3.4258e-002	7.6052e-002	2.4903e-002	
19906	3.1891e-002	7.5431e-002	2.5153e-002	
19907	2.9514e-002	7.4807e-002	2.5397e-002	
19908	2.713e-002	7.5431e-002	2.5153e-002	
19909	2.4756e-002	7.6052e-002	2.4903e-002	
19910	2.2373e-002	7.6675e-002	2.4645e-002	
19911	2.e-002	7.7296e-002	2.4381e-002	
19912	2.e-002	7.6296e-002	2.4803e-002	
19913	2.1895e-002	7.5799e-002	2.5006e-002	
19914	2.3797e-002	7.53e-002	2.5205e-002	
19915	2.5693e-002	7.4802e-002	2.5398e-002	
19916	2.7595e-002	7.4303e-002	2.5589e-002	
19917	2.5699e-002	7.3806e-002	2.5774e-002	
19918	2.3798e-002	7.3307e-002	2.5955e-002	
19919	2.1902e-002	7.2809e-002	2.6131e-002	
19920	2.e-002	7.231e-002	2.6304e-002	
19921	3.1422e-002	7.4308e-002	2.5587e-002	
19922	3.332e-002	7.4806e-002	2.5397e-002	
19923	3.5212e-002	7.5302e-002	2.5204e-002	
19924	3.7109e-002	7.58e-002	2.5005e-002	
19925	3.9e-002	7.6296e-002	2.4803e-002	
19926	3.9e-002	7.2325e-002	2.6299e-002	
19927	3.7103e-002	7.2821e-002	2.6127e-002	
19928	3.521e-002	7.3316e-002	2.5951e-002	
19929	3.3313e-002	7.3813e-002	2.5771e-002	
19930	3.9e-002	7.131e-002	2.6637e-002	
19931	3.6621e-002	7.1934e-002	2.6431e-002	
19932	3.4249e-002	7.2557e-002	2.6219e-002	
19933	3.187e-002	7.3181e-002	2.6e-002	
19934	2.95e-002	7.3803e-002	2.5774e-002	
19935	2.713e-002	7.3181e-002	2.6e-002	
19936	2.4751e-002	7.2557e-002	2.6219e-002	
19937	2.2379e-002	7.1934e-002	2.6431e-002	
19938	2.e-002	7.131e-002	2.6637e-002	
19939	3.9e-002	7.2325e-002	2.7355e-002	
19940	3.9e-002	7.131e-002	2.7688e-002	
19941	3.9e-002	7.7296e-002	2.5469e-002	
19942	3.9e-002	7.6296e-002	2.5883e-002	
19943	2.e-002	7.231e-002	2.736e-002	
19944	2.e-002	7.131e-002	2.7688e-002	
19945	2.e-002	7.7296e-002	2.5469e-002	
19946	2.e-002	7.6296e-002	2.5883e-002	
19947	2.713e-002	7.3181e-002	2.7061e-002	
19948	2.4751e-002	7.2557e-002	2.7276e-002	
19949	2.2379e-002	7.1934e-002	2.7485e-002	
19950	2.95e-002	7.3803e-002	2.6839e-002	
19951	3.6621e-002	7.1934e-002	2.7485e-002	
19952	3.4249e-002	7.2557e-002	2.7276e-002	
19953	3.187e-002	7.3181e-002	2.7061e-002	
19954	3.7103e-002	7.2821e-002	2.7186e-002	
19955	3.521e-002	7.3316e-002	2.7013e-002	
19956	3.3313e-002	7.3813e-002	2.6835e-002	
19957	3.1422e-002	7.4308e-002	2.6654e-002	
19958	3.332e-002	7.4806e-002	2.6468e-002	
19959	3.5212e-002	7.5302e-002	2.6277e-002	
19960	3.7109e-002	7.58e-002	2.6082e-002	
19961	2.5699e-002	7.3806e-002	2.6838e-002	
19962	2.3798e-002	7.3307e-002	2.7016e-002	
19963	2.1902e-002	7.2809e-002	2.719e-002	
19964	2.7595e-002	7.4303e-002	2.6656e-002	
19965	2.1895e-002	7.5799e-002	2.6083e-002	
19966	2.3797e-002	7.53e-002	2.6278e-002	
19967	2.5693e-002	7.4802e-002	2.6469e-002	
19968	2.713e-002	7.5431e-002	2.6227e-002	
19969	2.4756e-002	7.6052e-002	2.5982e-002	
19970	2.2373e-002	7.6675e-002	2.5728e-002	
19971	2.9514e-002	7.4807e-002	2.6467e-002	
19972	3.6634e-002	7.6675e-002	2.5728e-002	
19973	3.4258e-002	7.6052e-002	2.5982e-002	
19974	3.1891e-002	7.5431e-002	2.6227e-002	
19975	5.9e-002	7.7296e-002	2.4381e-002	
19976	5.6634e-002	7.6675e-002	2.4645e-002	
19977	5.4258e-002	7.6052e-002	2.4903e-002	
19978	5.1891e-002	7.5431e-002	2.5153e-002	
19979	4.9514e-002	7.4807e-002	2.5397e-002	
19980	4.713e-002	7.5431e-002	2.5153e-002	
19981	4.4756e-002	7.6052e-002	2.4903e-002	
19982	4.2373e-002	7.6675e-002	2.4645e-002	
19983	4.e-002	7.7296e-002	2.4381e-002	
19984	4.e-002	7.6296e-002	2.4803e-002	
19985	4.1895e-002	7.5799e-002	2.5006e-002	
19986	4.3797e-002	7.53e-002	2.5205e-002	
19987	4.5693e-002	7.4802e-002	2.5398e-002	
19988	4.7595e-002	7.4303e-002	2.5589e-002	
19989	4.5699e-002	7.3806e-002	2.5774e-002	
19990	4.3798e-002	7.3307e-002	2.5955e-002	
19991	4.1902e-002	7.2809e-002	2.6131e-002	
19992	4.e-002	7.231e-002	2.6304e-002	
19993	5.1422e-002	7.4308e-002	2.5587e-002	
19994	5.332e-002	7.4806e-002	2.5397e-002	
19995	5.5212e-002	7.5302e-002	2.5204e-002	
19996	5.7109e-002	7.58e-002	2.5005e-002	
19997	5.9e-002	7.6296e-002	2.4803e-002	
19998	5.9e-002	7.2325e-002	2.6299e-002	
19999	5.7103e-002	7.2821e-002	2.6127e-002	
20000	5.521e-002	7.3316e-002	2.5951e-002	
20001	5.3313e-002	7.3813e-002	2.5771e-002	
20002	5.9e-002	7.131e-002	2.6637e-002	
20003	5.6621e-002	7.1934e-002	2.6431e-002	
20004	5.4249e-002	7.2557e-002	2.6219e-002	
20005	5.187e-002	7.3181e-002	2.6e-002	
20006	4.95e-002	7.3803e-002	2.5774e-002	
20007	4.713e-002	7.3181e-002	2.6e-002	
20008	4.4751e-002	7.2557e-002	2.6219e-002	
20009	4.2379e-002	7.1934e-002	2.6431e-002	
20010	4.e-002	7.131e-002	2.6637e-002	
20011	5.9e-002	7.2325e-002	2.7355e-002	
20012	5.9e-002	7.131e-002	2.7688e-002	
20013	5.9e-002	7.7296e-002	2.5469e-002	
20014	5.9e-002	7.6296e-002	2.5883e-002	
20015	4.e-002	7.231e-002	2.736e-002	
20016	4.e-002	7.131e-002	2.7688e-002	
20017	4.e-002	7.7296e-002	2.5469e-002	
20018	4.e-002	7.6296e-002	2.5883e-002	
20019	4.713e-002	7.3181e-002	2.7061e-002	
20020	4.4751e-002	7.2557e-002	2.7276e-002	
20021	4.2379e-002	7.1934e-002	2.7485e-002	
20022	4.95e-002	7.3803e-002	2.6839e-002	
20023	5.6621e-002	7.1934e-002	2.7485e-002	
20024	5.4249e-002	7.2557e-002	2.7276e-002	
20025	5.187e-002	7.3181e-002	2.7061e-002	
20026	5.7103e-002	7.2821e-002	2.7186e-002	
20027	5.521e-002	7.3316e-002	2.7013e-002	
20028	5.3313e-002	7.3813e-002	2.6835e-002	
20029	5.1422e-002	7.4308e-002	2.6654e-002	
20030	5.332e-002	7.4806e-002	2.6468e-002	
20031	5.5212e-002	7.5302e-002	2.6277e-002	
20032	5.7109e-002	7.58e-002	2.6082e-002	
20033	4.5699e-002	7.3806e-002	2.6838e-002	
20034	4.3798e-002	7.3307e-002	2.7016e-002	
20035	4.1902e-002	7.2809e-002	2.719e-002	
20036	4.7595e-002	7.4303e-002	2.6656e-002	
20037	4.1895e-002	7.5799e-002	2.6083e-002	
20038	4.3797e-002	7.53e-002	2.6278e-002	
20039	4.5693e-002	7.4802e-002	2.6469e-002	
20040	4.713e-002	7.5431e-002	2.6227e-002	
20041	4.4756e-002	7.6052e-002	2.5982e-002	
20042	4.2373e-002	7.6675e-002	2.5728e-002	
20043	4.9514e-002	7.4807e-002	2.6467e-002	
20044	5.6634e-002	7.6675e-002	2.5728e-002	
20045	5.4258e-002	7.6052e-002	2.5982e-002	
20046	5.1891e-002	7.5431e-002	2.6227e-002	
20047	1.9e-002	0.1773	2.4381e-002	
20048	1.6634e-002	0.17668	2.4645e-002	
20049	1.4258e-002	0.17605	2.4903e-002	
20050	1.1891e-002	0.17543	2.5153e-002	
20051	9.5141e-003	0.17481	2.5397e-002	
20052	7.1303e-003	0.17543	2.5153e-002	
20053	4.7556e-003	0.17605	2.4903e-002	
20054	2.3729e-003	0.17668	2.4645e-002	
20055	0.	0.1773	2.4381e-002	
20056	0.	0.1763	2.4803e-002	
20057	1.8953e-003	0.1758	2.5006e-002	
20058	3.7966e-003	0.1753	2.5205e-002	
20059	5.6929e-003	0.1748	2.5398e-002	
20060	7.5949e-003	0.1743	2.5589e-002	
20061	5.6992e-003	0.17381	2.5774e-002	
20062	3.7982e-003	0.17331	2.5955e-002	
20063	1.9016e-003	0.17281	2.6131e-002	
20064	-7.8139e-018	0.17231	2.6304e-002	
20065	1.1422e-002	0.17431	2.5587e-002	
20066	1.332e-002	0.17481	2.5397e-002	
20067	1.5212e-002	0.1753	2.5204e-002	
20068	1.7109e-002	0.1758	2.5005e-002	
20069	1.9e-002	0.1763	2.4803e-002	
20070	1.9e-002	0.17232	2.6299e-002	
20071	1.7103e-002	0.17282	2.6127e-002	
20072	1.521e-002	0.17332	2.5951e-002	
20073	1.3313e-002	0.17381	2.5771e-002	
20074	1.9e-002	0.17131	2.6637e-002	
20075	1.6621e-002	0.17193	2.6431e-002	
20076	1.4249e-002	0.17256	2.6219e-002	
20077	1.187e-002	0.17318	2.6e-002	
20078	9.5e-003	0.1738	2.5774e-002	
20079	7.1296e-003	0.17318	2.6e-002	
20080	4.7511e-003	0.17256	2.6219e-002	
20081	2.3794e-003	0.17193	2.6431e-002	
20082	0.	0.17131	2.6637e-002	
20083	1.9e-002	0.17232	2.7355e-002	
20084	1.9e-002	0.17131	2.7688e-002	
20085	0.	0.1773	2.5469e-002	
20086	0.	0.1763	2.5883e-002	
20087	-7.8139e-018	0.17231	2.736e-002	
20088	0.	0.17131	2.7688e-002	
20089	1.9e-002	0.1773	2.5469e-002	
20090	1.9e-002	0.1763	2.5883e-002	
20091	7.1296e-003	0.17318	2.7061e-002	
20092	4.7511e-003	0.17256	2.7276e-002	
20093	2.3793e-003	0.17193	2.7485e-002	
20094	9.5e-003	0.1738	2.6839e-002	
20095	1.6621e-002	0.17193	2.7485e-002	
20096	1.4249e-002	0.17256	2.7276e-002	
20097	1.187e-002	0.17318	2.7061e-002	
20098	1.7103e-002	0.17282	2.7186e-002	
20099	1.521e-002	0.17332	2.7013e-002	
20100	1.3313e-002	0.17381	2.6835e-002	
20101	1.1422e-002	0.17431	2.6654e-002	
20102	1.332e-002	0.17481	2.6468e-002	
20103	1.5212e-002	0.1753	2.6277e-002	
20104	1.7109e-002	0.1758	2.6082e-002	
20105	5.6992e-003	0.17381	2.6838e-002	
20106	3.7982e-003	0.17331	2.7016e-002	
20107	1.9016e-003	0.17281	2.719e-002	
20108	7.5949e-003	0.1743	2.6656e-002	
20109	1.8953e-003	0.1758	2.6083e-002	
20110	3.7966e-003	0.1753	2.6278e-002	
20111	5.6929e-003	0.1748	2.6469e-002	
20112	7.1303e-003	0.17543	2.6227e-002	
20113	4.7557e-003	0.17605	2.5982e-002	
20114	2.373e-003	0.17668	2.5728e-002	
20115	9.5141e-003	0.17481	2.6467e-002	
20116	1.6634e-002	0.17668	2.5728e-002	
20117	1.4258e-002	0.17605	2.5982e-002	
20118	1.1891e-002	0.17543	2.6227e-002	
20119	3.9e-002	0.1773	2.4381e-002	
20120	3.6634e-002	0.17668	2.4645e-002	
20121	3.4258e-002	0.17605	2.4903e-002	
20122	3.1891e-002	0.17543	2.5153e-002	
20123	2.9514e-002	0.17481	2.5397e-002	
20124	2.713e-002	0.17543	2.5153e-002	
20125	2.4756e-002	0.17605	2.4903e-002	
20126	2.2373e-002	0.17668	2.4645e-002	
20127	2.e-002	0.1773	2.4381e-002	
20128	2.e-002	0.1763	2.4803e-002	
20129	2.1895e-002	0.1758	2.5006e-002	
20130	2.3797e-002	0.1753	2.5205e-002	
20131	2.5693e-002	0.1748	2.5398e-002	
20132	2.7595e-002	0.1743	2.5589e-002	
20133	2.5699e-002	0.17381	2.5774e-002	
20134	2.3798e-002	0.17331	2.5955e-002	
20135	2.1902e-002	0.17281	2.6131e-002	
20136	2.e-002	0.17231	2.6304e-002	
20137	3.1422e-002	0.17431	2.5587e-002	
20138	3.332e-002	0.17481	2.5397e-002	
20139	3.5212e-002	0.1753	2.5204e-002	
20140	3.7109e-002	0.1758	2.5005e-002	
20141	3.9e-002	0.1763	2.4803e-002	
20142	3.9e-002	0.17232	2.6299e-002	
20143	3.7103e-002	0.17282	2.6127e-002	
20144	3.521e-002	0.17332	2.5951e-002	
20145	3.3313e-002	0.17381	2.5771e-002	
20146	3.9e-002	0.17131	2.6637e-002	
20147	3.6621e-002	0.17193	2.6431e-002	
20148	3.4249e-002	0.17256	2.6219e-002	
20149	3.187e-002	0.17318	2.6e-002	
20150	2.95e-002	0.1738	2.5774e-002	
20151	2.713e-002	0.17318	2.6e-002	
20152	2.4751e-002	0.17256	2.6219e-002	
20153	2.2379e-002	0.17193	2.6431e-002	
20154	2.e-002	0.17131	2.6637e-002	
20155	2.e-002	0.1773	2.5469e-002	
20156	2.e-002	0.1763	2.5883e-002	
20157	2.e-002	0.17231	2.736e-002	
20158	2.e-002	0.17131	2.7688e-002	
20159	3.9e-002	0.1773	2.5469e-002	
20160	3.9e-002	0.1763	2.5883e-002	
20161	3.9e-002	0.17232	2.7355e-002	
20162	3.9e-002	0.17131	2.7688e-002	
20163	2.713e-002	0.17318	2.7061e-002	
20164	2.4751e-002	0.17256	2.7276e-002	
20165	2.2379e-002	0.17193	2.7485e-002	
20166	2.95e-002	0.1738	2.6839e-002	
20167	3.6621e-002	0.17193	2.7485e-002	
20168	3.4249e-002	0.17256	2.7276e-002	
20169	3.187e-002	0.17318	2.7061e-002	
20170	3.7103e-002	0.17282	2.7186e-002	
20171	3.521e-002	0.17332	2.7013e-002	
20172	3.3313e-002	0.17381	2.6835e-002	
20173	3.1422e-002	0.17431	2.6654e-002	
20174	3.332e-002	0.17481	2.6468e-002	
20175	3.5212e-002	0.1753	2.6277e-002	
20176	3.7109e-002	0.1758	2.6082e-002	
20177	2.5699e-002	0.17381	2.6838e-002	
20178	2.3798e-002	0.17331	2.7016e-002	
20179	2.1902e-002	0.17281	2.719e-002	
20180	2.7595e-002	0.1743	2.6656e-002	
20181	2.1895e-002	0.1758	2.6083e-002	
20182	2.3797e-002	0.1753	2.6278e-002	
20183	2.5693e-002	0.1748	2.6469e-002	
20184	2.713e-002	0.17543	2.6227e-002	
20185	2.4756e-002	0.17605	2.5982e-002	
20186	2.2373e-002	0.17668	2.5728e-002	
20187	2.9514e-002	0.17481	2.6467e-002	
20188	3.6634e-002	0.17668	2.5728e-002	
20189	3.4258e-002	0.17605	2.5982e-002	
20190	3.1891e-002	0.17543	2.6227e-002	
20191	5.9e-002	0.1773	2.4381e-002	
20192	5.6634e-002	0.17668	2.4645e-002	
20193	5.4258e-002	0.17605	2.4903e-002	
20194	5.1891e-002	0.17543	2.5153e-002	
20195	4.9514e-002	0.17481	2.5397e-002	
20196	4.713e-002	0.17543	2.5153e-002	
20197	4.4756e-002	0.17605	2.4903e-002	
20198	4.2373e-002	0.17668	2.4645e-002	
20199	4.e-002	0.1773	2.4381e-002	
20200	4.e-002	0.1763	2.4803e-002	
20201	4.1895e-002	0.1758	2.5006e-002	
20202	4.3797e-002	0.1753	2.5205e-002	
20203	4.5693e-002	0.1748	2.5398e-002	
20204	4.7595e-002	0.1743	2.5589e-002	
20205	4.5699e-002	0.17381	2.5774e-002	
20206	4.3798e-002	0.17331	2.5955e-002	
20207	4.1902e-002	0.17281	2.6131e-002	
20208	4.e-002	0.17231	2.6304e-002	
20209	5.1422e-002	0.17431	2.5587e-002	
20210	5.332e-002	0.17481	2.5397e-002	
20211	5.5212e-002	0.1753	2.5204e-002	
20212	5.7109e-002	0.1758	2.5005e-002	
20213	5.9e-002	0.1763	2.4803e-002	
20214	5.9e-002	0.17232	2.6299e-002	
20215	5.7103e-002	0.17282	2.6127e-002	
20216	5.521e-002	0.17332	2.5951e-002	
20217	5.3313e-002	0.17381	2.5771e-002	
20218	5.9e-002	0.17131	2.6637e-002	
20219	5.6621e-002	0.17193	2.6431e-002	
20220	5.4249e-002	0.17256	2.6219e-002	
20221	5.187e-002	0.17318	2.6e-002	
20222	4.95e-002	0.1738	2.5774e-002	
20223	4.713e-002	0.17318	2.6e-002	
20224	4.4751e-002	0.17256	2.6219e-002	
20225	4.2379e-002	0.17193	2.6431e-002	
20226	4.e-002	0.17131	2.6637e-002	
20227	5.9e-002	0.17232	2.7355e-002	
20228	5.9e-002	0.17131	2.7688e-002	
20229	4.e-002	0.1773	2.5469e-002	
20230	4.e-002	0.1763	2.5883e-002	
20231	4.e-002	0.17231	2.736e-002	
20232	4.e-002	0.17131	2.7688e-002	
20233	5.9e-002	0.1773	2.5469e-002	
20234	5.9e-002	0.1763	2.5883e-002	
20235	4.713e-002	0.17318	2.7061e-002	
20236	4.4751e-002	0.17256	2.7276e-002	
20237	4.2379e-002	0.17193	2.7485e-002	
20238	4.95e-002	0.1738	2.6839e-002	
20239	5.6621e-002	0.17193	2.7485e-002	
20240	5.4249e-002	0.17256	2.7276e-002	
20241	5.187e-002	0.17318	2.7061e-002	
20242	5.7103e-002	0.17282	2.7186e-002	
20243	5.521e-002	0.17332	2.7013e-002	
20244	5.3313e-002	0.17381	2.6835e-002	
20245	5.1422e-002	0.17431	2.6654e-002	
20246	5.332e-002	0.17481	2.6468e-002	
20247	5.5212e-002	0.1753	2.6277e-002	
20248	5.7109e-002	0.1758	2.6082e-002	
20249	4.5699e-002	0.17381	2.6838e-002	
20250	4.3798e-002	0.17331	2.7016e-002	
20251	4.1902e-002	0.17281	2.719e-002	
20252	4.7595e-002	0.1743	2.6656e-002	
20253	4.1895e-002	0.1758	2.6083e-002	
20254	4.3797e-002	0.1753	2.6278e-002	
20255	4.5693e-002	0.1748	2.6469e-002	
20256	4.713e-002	0.17543	2.6227e-002	
20257	4.4756e-002	0.17605	2.5982e-002	
20258	4.2373e-002	0.17668	2.5728e-002	
20259	4.9514e-002	0.17481	2.6467e-002	
20260	5.6634e-002	0.17668	2.5728e-002	
20261	5.4258e-002	0.17605	2.5982e-002	
20262	5.1891e-002	0.17543	2.6227e-002	
20263	0.	0.2763	2.4803e-002	
20264	0.	0.2773	2.4381e-002	
20265	1.9e-002	0.27131	2.6637e-002	
20266	1.9e-002	0.27232	2.6299e-002	
20267	1.6621e-002	0.27193	2.6431e-002	
20268	1.4249e-002	0.27256	2.6219e-002	
20269	1.187e-002	0.27318	2.6e-002	
20270	9.5e-003	0.2738	2.5774e-002	
20271	7.1296e-003	0.27318	2.6e-002	
20272	4.7511e-003	0.27256	2.6219e-002	
20273	2.3794e-003	0.27193	2.6431e-002	
20274	0.	0.27131	2.6637e-002	
20275	1.8953e-003	0.2758	2.5006e-002	
20276	3.7966e-003	0.2753	2.5205e-002	
20277	5.6929e-003	0.2748	2.5398e-002	
20278	7.5949e-003	0.2743	2.5589e-002	
20279	5.6992e-003	0.27381	2.5774e-002	
20280	3.7982e-003	0.27331	2.5955e-002	
20281	1.9016e-003	0.27281	2.6131e-002	
20282	-7.8139e-018	0.27231	2.6304e-002	
20283	1.9e-002	0.2773	2.4381e-002	
20284	1.6634e-002	0.27668	2.4645e-002	
20285	1.4258e-002	0.27605	2.4903e-002	
20286	1.1891e-002	0.27543	2.5153e-002	
20287	9.5141e-003	0.27481	2.5397e-002	
20288	7.1303e-003	0.27543	2.5153e-002	
20289	4.7556e-003	0.27605	2.4903e-002	
20290	2.3729e-003	0.27668	2.4645e-002	
20291	1.1422e-002	0.27431	2.5587e-002	
20292	1.332e-002	0.27481	2.5397e-002	
20293	1.5212e-002	0.2753	2.5204e-002	
20294	1.7109e-002	0.2758	2.5005e-002	
20295	1.9e-002	0.2763	2.4803e-002	
20296	1.7103e-002	0.27282	2.6127e-002	
20297	1.521e-002	0.27332	2.5951e-002	
20298	1.3313e-002	0.27381	2.5771e-002	
20299	0.	0.27131	2.7688e-002	
20300	-7.8139e-018	0.27231	2.736e-002	
20301	1.9e-002	0.2773	2.5469e-002	
20302	1.9e-002	0.2763	2.5883e-002	
20303	1.7103e-002	0.27282	2.7186e-002	
20304	1.521e-002	0.27332	2.7013e-002	
20305	1.3313e-002	0.27381	2.6835e-002	
20306	1.9e-002	0.27232	2.7355e-002	
20307	1.1422e-002	0.27431	2.6654e-002	
20308	1.332e-002	0.27481	2.6468e-002	
20309	1.5212e-002	0.2753	2.6277e-002	
20310	1.7109e-002	0.2758	2.6082e-002	
20311	7.1303e-003	0.27543	2.6227e-002	
20312	4.7557e-003	0.27605	2.5982e-002	
20313	2.373e-003	0.27668	2.5728e-002	
20314	0.	0.2773	2.5469e-002	
20315	9.5141e-003	0.27481	2.6467e-002	
20316	1.6634e-002	0.27668	2.5728e-002	
20317	1.4258e-002	0.27605	2.5982e-002	
20318	1.1891e-002	0.27543	2.6227e-002	
20319	5.6992e-003	0.27381	2.6838e-002	
20320	3.7982e-003	0.27331	2.7016e-002	
20321	1.9016e-003	0.27281	2.719e-002	
20322	7.5949e-003	0.2743	2.6656e-002	
20323	1.8953e-003	0.2758	2.6083e-002	
20324	3.7966e-003	0.2753	2.6278e-002	
20325	5.6929e-003	0.2748	2.6469e-002	
20326	0.	0.2763	2.5883e-002	
20327	7.1296e-003	0.27318	2.7061e-002	
20328	4.7511e-003	0.27256	2.7276e-002	
20329	2.3793e-003	0.27193	2.7485e-002	
20330	9.5e-003	0.2738	2.6839e-002	
20331	1.6621e-002	0.27193	2.7485e-002	
20332	1.4249e-002	0.27256	2.7276e-002	
20333	1.187e-002	0.27318	2.7061e-002	
20334	1.9e-002	0.27131	2.7688e-002	
20335	3.9e-002	0.2773	2.4381e-002	
20336	3.6634e-002	0.27668	2.4645e-002	
20337	3.4258e-002	0.27605	2.4903e-002	
20338	3.1891e-002	0.27543	2.5153e-002	
20339	2.9514e-002	0.27481	2.5397e-002	
20340	2.713e-002	0.27543	2.5153e-002	
20341	2.4756e-002	0.27605	2.4903e-002	
20342	2.2373e-002	0.27668	2.4645e-002	
20343	2.e-002	0.2773	2.4381e-002	
20344	2.e-002	0.2763	2.4803e-002	
20345	2.1895e-002	0.2758	2.5006e-002	
20346	2.3797e-002	0.2753	2.5205e-002	
20347	2.5693e-002	0.2748	2.5398e-002	
20348	2.7595e-002	0.2743	2.5589e-002	
20349	2.5699e-002	0.27381	2.5774e-002	
20350	2.3798e-002	0.27331	2.5955e-002	
20351	2.1902e-002	0.27281	2.6131e-002	
20352	2.e-002	0.27231	2.6304e-002	
20353	3.1422e-002	0.27431	2.5587e-002	
20354	3.332e-002	0.27481	2.5397e-002	
20355	3.5212e-002	0.2753	2.5204e-002	
20356	3.7109e-002	0.2758	2.5005e-002	
20357	3.9e-002	0.2763	2.4803e-002	
20358	3.9e-002	0.27232	2.6299e-002	
20359	3.7103e-002	0.27282	2.6127e-002	
20360	3.521e-002	0.27332	2.5951e-002	
20361	3.3313e-002	0.27381	2.5771e-002	
20362	3.9e-002	0.27131	2.6637e-002	
20363	3.6621e-002	0.27193	2.6431e-002	
20364	3.4249e-002	0.27256	2.6219e-002	
20365	3.187e-002	0.27318	2.6e-002	
20366	2.95e-002	0.2738	2.5774e-002	
20367	2.713e-002	0.27318	2.6e-002	
20368	2.4751e-002	0.27256	2.6219e-002	
20369	2.2379e-002	0.27193	2.6431e-002	
20370	2.e-002	0.27131	2.6637e-002	
20371	2.e-002	0.2773	2.5469e-002	
20372	2.e-002	0.2763	2.5883e-002	
20373	2.e-002	0.27231	2.736e-002	
20374	2.e-002	0.27131	2.7688e-002	
20375	3.9e-002	0.2773	2.5469e-002	
20376	3.9e-002	0.2763	2.5883e-002	
20377	3.9e-002	0.27232	2.7355e-002	
20378	3.9e-002	0.27131	2.7688e-002	
20379	2.713e-002	0.27318	2.7061e-002	
20380	2.4751e-002	0.27256	2.7276e-002	
20381	2.2379e-002	0.27193	2.7485e-002	
20382	2.95e-002	0.2738	2.6839e-002	
20383	3.6621e-002	0.27193	2.7485e-002	
20384	3.4249e-002	0.27256	2.7276e-002	
20385	3.187e-002	0.27318	2.7061e-002	
20386	3.7103e-002	0.27282	2.7186e-002	
20387	3.521e-002	0.27332	2.7013e-002	
20388	3.3313e-002	0.27381	2.6835e-002	
20389	3.1422e-002	0.27431	2.6654e-002	
20390	3.332e-002	0.27481	2.6468e-002	
20391	3.5212e-002	0.2753	2.6277e-002	
20392	3.7109e-002	0.2758	2.6082e-002	
20393	2.5699e-002	0.27381	2.6838e-002	
20394	2.3798e-002	0.27331	2.7016e-002	
20395	2.1902e-002	0.27281	2.719e-002	
20396	2.7595e-002	0.2743	2.6656e-002	
20397	2.1895e-002	0.2758	2.6083e-002	
20398	2.3797e-002	0.2753	2.6278e-002	
20399	2.5693e-002	0.2748	2.6469e-002	
20400	2.713e-002	0.27543	2.6227e-002	
20401	2.4756e-002	0.27605	2.5982e-002	
20402	2.2373e-002	0.27668	2.5728e-002	
20403	2.9514e-002	0.27481	2.6467e-002	
20404	3.6634e-002	0.27668	2.5728e-002	
20405	3.4258e-002	0.27605	2.5982e-002	
20406	3.1891e-002	0.27543	2.6227e-002	
20407	5.9e-002	0.2773	2.4381e-002	
20408	5.6634e-002	0.27668	2.4645e-002	
20409	5.4258e-002	0.27605	2.4903e-002	
20410	5.1891e-002	0.27543	2.5153e-002	
20411	4.9514e-002	0.27481	2.5397e-002	
20412	4.713e-002	0.27543	2.5153e-002	
20413	4.4756e-002	0.27605	2.4903e-002	
20414	4.2373e-002	0.27668	2.4645e-002	
20415	4.e-002	0.2773	2.4381e-002	
20416	4.e-002	0.2763	2.4803e-002	
20417	4.1895e-002	0.2758	2.5006e-002	
20418	4.3797e-002	0.2753	2.5205e-002	
20419	4.5693e-002	0.2748	2.5398e-002	
20420	4.7595e-002	0.2743	2.5589e-002	
20421	4.5699e-002	0.27381	2.5774e-002	
20422	4.3798e-002	0.27331	2.5955e-002	
20423	4.1902e-002	0.27281	2.6131e-002	
20424	4.e-002	0.27231	2.6304e-002	
20425	5.1422e-002	0.27431	2.5587e-002	
20426	5.332e-002	0.27481	2.5397e-002	
20427	5.5212e-002	0.2753	2.5204e-002	
20428	5.7109e-002	0.2758	2.5005e-002	
20429	5.9e-002	0.2763	2.4803e-002	
20430	5.9e-002	0.27232	2.6299e-002	
20431	5.7103e-002	0.27282	2.6127e-002	
20432	5.521e-002	0.27332	2.5951e-002	
20433	5.3313e-002	0.27381	2.5771e-002	
20434	5.9e-002	0.27131	2.6637e-002	
20435	5.6621e-002	0.27193	2.6431e-002	
20436	5.4249e-002	0.27256	2.6219e-002	
20437	5.187e-002	0.27318	2.6e-002	
20438	4.95e-002	0.2738	2.5774e-002	
20439	4.713e-002	0.27318	2.6e-002	
20440	4.4751e-002	0.27256	2.6219e-002	
20441	4.2379e-002	0.27193	2.6431e-002	
20442	4.e-002	0.27131	2.6637e-002	
20443	4.e-002	0.2773	2.5469e-002	
20444	4.e-002	0.2763	2.5883e-002	
20445	4.e-002	0.27231	2.736e-002	
20446	4.e-002	0.27131	2.7688e-002	
20447	5.9e-002	0.2773	2.5469e-002	
20448	5.9e-002	0.2763	2.5883e-002	
20449	5.9e-002	0.27232	2.7355e-002	
20450	5.9e-002	0.27131	2.7688e-002	
20451	4.713e-002	0.27318	2.7061e-002	
20452	4.4751e-002	0.27256	2.7276e-002	
20453	4.2379e-002	0.27193	2.7485e-002	
20454	4.95e-002	0.2738	2.6839e-002	
20455	5.6621e-002	0.27193	2.7485e-002	
20456	5.4249e-002	0.27256	2.7276e-002	
20457	5.187e-002	0.27318	2.7061e-002	
20458	5.7103e-002	0.27282	2.7186e-002	
20459	5.521e-002	0.27332	2.7013e-002	
20460	5.3313e-002	0.27381	2.6835e-002	
20461	5.1422e-002	0.27431	2.6654e-002	
20462	5.332e-002	0.27481	2.6468e-002	
20463	5.5212e-002	0.2753	2.6277e-002	
20464	5.7109e-002	0.2758	2.6082e-002	
20465	4.5699e-002	0.27381	2.6838e-002	
20466	4.3798e-002	0.27331	2.7016e-002	
20467	4.1902e-002	0.27281	2.719e-002	
20468	4.7595e-002	0.2743	2.6656e-002	
20469	4.1895e-002	0.2758	2.6083e-002	
20470	4.3797e-002	0.2753	2.6278e-002	
20471	4.5693e-002	0.2748	2.6469e-002	
20472	4.713e-002	0.27543	2.6227e-002	
20473	4.4756e-002	0.27605	2.5982e-002	
20474	4.2373e-002	0.27668	2.5728e-002	
20475	4.9514e-002	0.27481	2.6467e-002	
20476	5.6634e-002	0.27668	2.5728e-002	
20477	5.4258e-002	0.27605	2.5982e-002	
20478	5.1891e-002	0.27543	2.6227e-002	
20479	1.9e-002	3.0325e-002	2.7145e-002	
20480	1.7108e-002	3.082e-002	2.7291e-002	
20481	1.5212e-002	3.1316e-002	2.7432e-002	
20482	1.3319e-002	3.1811e-002	2.757e-002	
20483	1.1422e-002	3.2308e-002	2.7703e-002	
20484	1.3314e-002	3.2804e-002	2.7833e-002	
20485	1.5211e-002	3.3302e-002	2.7959e-002	
20486	1.7104e-002	3.3799e-002	2.8081e-002	
20487	1.9e-002	3.4296e-002	2.8199e-002	
20488	9.5141e-003	3.2807e-002	2.7834e-002	
20489	7.1386e-003	3.3428e-002	2.7991e-002	
20490	4.7578e-003	3.4051e-002	2.8142e-002	
20491	2.3814e-003	3.4673e-002	2.8286e-002	
20492	0.	3.5296e-002	2.8425e-002	
20493	1.9e-002	3.5296e-002	2.8425e-002	
20494	1.6626e-002	3.4673e-002	2.8286e-002	
20495	1.4256e-002	3.4051e-002	2.8142e-002	
20496	1.1882e-002	3.3428e-002	2.7991e-002	
20497	7.5949e-003	3.2303e-002	2.7702e-002	
20498	5.6939e-003	3.1804e-002	2.7568e-002	
20499	3.7969e-003	3.1306e-002	2.743e-002	
20500	1.8964e-003	3.0808e-002	2.7287e-002	
20501	-7.8139e-018	3.031e-002	2.7141e-002	
20502	3.4694e-018	3.4296e-002	2.8199e-002	
20503	1.9007e-003	3.3798e-002	2.8081e-002	
20504	3.7979e-003	3.33e-002	2.7959e-002	
20505	5.6982e-003	3.2801e-002	2.7832e-002	
20506	9.5e-003	3.1803e-002	2.7567e-002	
20507	7.1214e-003	3.1179e-002	2.7394e-002	
20508	4.7491e-003	3.0556e-002	2.7214e-002	
20509	2.3711e-003	2.9932e-002	2.7027e-002	
20510	0.	2.931e-002	2.6835e-002	
20511	1.9e-002	2.931e-002	2.6835e-002	
20512	1.6629e-002	2.9932e-002	2.7027e-002	
20513	1.4251e-002	3.0556e-002	2.7214e-002	
20514	1.1879e-002	3.1179e-002	2.7394e-002	
20515	1.9e-002	3.4296e-002	2.9226e-002	
20516	1.9e-002	3.5296e-002	2.9449e-002	
20517	1.9e-002	3.0325e-002	2.8188e-002	
20518	1.9e-002	2.931e-002	2.7883e-002	
20519	0.	3.5296e-002	2.9449e-002	
20520	0.	3.4296e-002	2.9226e-002	
20521	-7.8139e-018	3.031e-002	2.8184e-002	
20522	0.	2.931e-002	2.7883e-002	
20523	1.6629e-002	2.9932e-002	2.8072e-002	
20524	1.4251e-002	3.0556e-002	2.8256e-002	
20525	1.1879e-002	3.1179e-002	2.8432e-002	
20526	9.5e-003	3.1803e-002	2.8604e-002	
20527	7.1214e-003	3.1179e-002	2.8432e-002	
20528	4.7491e-003	3.0556e-002	2.8256e-002	
20529	2.3712e-003	2.9932e-002	2.8072e-002	
20530	1.9007e-003	3.3798e-002	2.9109e-002	
20531	3.7979e-003	3.33e-002	2.8989e-002	
20532	5.6982e-003	3.2801e-002	2.8864e-002	
20533	7.5949e-003	3.2303e-002	2.8736e-002	
20534	5.694e-003	3.1804e-002	2.8604e-002	
20535	3.7969e-003	3.1306e-002	2.8468e-002	
20536	1.8964e-003	3.0808e-002	2.8328e-002	
20537	1.6626e-002	3.4673e-002	2.9312e-002	
20538	1.4256e-002	3.4051e-002	2.9169e-002	
20539	1.1882e-002	3.3428e-002	2.902e-002	
20540	9.5141e-003	3.2807e-002	2.8866e-002	
20541	7.1386e-003	3.3428e-002	2.902e-002	
20542	4.7577e-003	3.4051e-002	2.9169e-002	
20543	2.3814e-003	3.4673e-002	2.9312e-002	
20544	1.3314e-002	3.2804e-002	2.8865e-002	
20545	1.5211e-002	3.3302e-002	2.8989e-002	
20546	1.7104e-002	3.3799e-002	2.911e-002	
20547	1.1422e-002	3.2308e-002	2.8737e-002	
20548	1.7108e-002	3.082e-002	2.8331e-002	
20549	1.5212e-002	3.1316e-002	2.8471e-002	
20550	1.3319e-002	3.1811e-002	2.8606e-002	
20551	3.9e-002	3.5296e-002	2.8425e-002	
20552	3.6626e-002	3.4673e-002	2.8286e-002	
20553	3.4256e-002	3.4051e-002	2.8142e-002	
20554	3.1882e-002	3.3428e-002	2.7991e-002	
20555	2.9514e-002	3.2807e-002	2.7834e-002	
20556	2.7139e-002	3.3428e-002	2.7991e-002	
20557	2.4758e-002	3.4051e-002	2.8142e-002	
20558	2.2381e-002	3.4673e-002	2.8286e-002	
20559	2.e-002	3.5296e-002	2.8425e-002	
20560	2.e-002	3.4296e-002	2.8199e-002	
20561	2.1901e-002	3.3798e-002	2.8081e-002	
20562	2.3798e-002	3.33e-002	2.7959e-002	
20563	2.5698e-002	3.2801e-002	2.7832e-002	
20564	2.7595e-002	3.2303e-002	2.7702e-002	
20565	2.5694e-002	3.1804e-002	2.7568e-002	
20566	2.3797e-002	3.1306e-002	2.743e-002	
20567	2.1896e-002	3.0808e-002	2.7287e-002	
20568	2.e-002	3.031e-002	2.7141e-002	
20569	3.1422e-002	3.2308e-002	2.7703e-002	
20570	3.3314e-002	3.2804e-002	2.7833e-002	
20571	3.5211e-002	3.3302e-002	2.7959e-002	
20572	3.7104e-002	3.3799e-002	2.8081e-002	
20573	3.9e-002	3.4296e-002	2.8199e-002	
20574	3.9e-002	3.0325e-002	2.7145e-002	
20575	3.7108e-002	3.082e-002	2.7291e-002	
20576	3.5212e-002	3.1316e-002	2.7432e-002	
20577	3.3319e-002	3.1811e-002	2.757e-002	
20578	3.9e-002	2.931e-002	2.6835e-002	
20579	3.6629e-002	2.9932e-002	2.7027e-002	
20580	3.4251e-002	3.0556e-002	2.7214e-002	
20581	3.1879e-002	3.1179e-002	2.7394e-002	
20582	2.95e-002	3.1803e-002	2.7567e-002	
20583	2.7121e-002	3.1179e-002	2.7394e-002	
20584	2.4749e-002	3.0556e-002	2.7214e-002	
20585	2.2371e-002	2.9932e-002	2.7027e-002	
20586	2.e-002	2.931e-002	2.6835e-002	
20587	3.9e-002	3.0325e-002	2.8188e-002	
20588	3.9e-002	2.931e-002	2.7883e-002	
20589	3.9e-002	3.5296e-002	2.9449e-002	
20590	3.9e-002	3.4296e-002	2.9226e-002	
20591	2.e-002	3.031e-002	2.8184e-002	
20592	2.e-002	2.931e-002	2.7883e-002	
20593	2.e-002	3.5296e-002	2.9449e-002	
20594	2.e-002	3.4296e-002	2.9226e-002	
20595	2.7121e-002	3.1179e-002	2.8432e-002	
20596	2.4749e-002	3.0556e-002	2.8256e-002	
20597	2.2371e-002	2.9932e-002	2.8072e-002	
20598	2.95e-002	3.1803e-002	2.8604e-002	
20599	3.6629e-002	2.9932e-002	2.8072e-002	
20600	3.4251e-002	3.0556e-002	2.8256e-002	
20601	3.1879e-002	3.1179e-002	2.8432e-002	
20602	3.7108e-002	3.082e-002	2.8331e-002	
20603	3.5212e-002	3.1316e-002	2.8471e-002	
20604	3.3319e-002	3.1811e-002	2.8606e-002	
20605	3.1422e-002	3.2308e-002	2.8737e-002	
20606	3.3314e-002	3.2804e-002	2.8865e-002	
20607	3.5211e-002	3.3302e-002	2.8989e-002	
20608	3.7104e-002	3.3799e-002	2.911e-002	
20609	2.5694e-002	3.1804e-002	2.8604e-002	
20610	2.3797e-002	3.1306e-002	2.8468e-002	
20611	2.1896e-002	3.0808e-002	2.8328e-002	
20612	2.7595e-002	3.2303e-002	2.8736e-002	
20613	2.1901e-002	3.3798e-002	2.9109e-002	
20614	2.3798e-002	3.33e-002	2.8989e-002	
20615	2.5698e-002	3.2801e-002	2.8864e-002	
20616	2.7139e-002	3.3428e-002	2.902e-002	
20617	2.4758e-002	3.4051e-002	2.9169e-002	
20618	2.2381e-002	3.4673e-002	2.9312e-002	
20619	2.9514e-002	3.2807e-002	2.8866e-002	
20620	3.6626e-002	3.4673e-002	2.9312e-002	
20621	3.4256e-002	3.4051e-002	2.9169e-002	
20622	3.1882e-002	3.3428e-002	2.902e-002	
20623	5.9e-002	3.5296e-002	2.8425e-002	
20624	5.6626e-002	3.4673e-002	2.8286e-002	
20625	5.4256e-002	3.4051e-002	2.8142e-002	
20626	5.1882e-002	3.3428e-002	2.7991e-002	
20627	4.9514e-002	3.2807e-002	2.7834e-002	
20628	4.7139e-002	3.3428e-002	2.7991e-002	
20629	4.4758e-002	3.4051e-002	2.8142e-002	
20630	4.2381e-002	3.4673e-002	2.8286e-002	
20631	4.e-002	3.5296e-002	2.8425e-002	
20632	4.e-002	3.4296e-002	2.8199e-002	
20633	4.1901e-002	3.3798e-002	2.8081e-002	
20634	4.3798e-002	3.33e-002	2.7959e-002	
20635	4.5698e-002	3.2801e-002	2.7832e-002	
20636	4.7595e-002	3.2303e-002	2.7702e-002	
20637	4.5694e-002	3.1804e-002	2.7568e-002	
20638	4.3797e-002	3.1306e-002	2.743e-002	
20639	4.1896e-002	3.0808e-002	2.7287e-002	
20640	4.e-002	3.031e-002	2.7141e-002	
20641	5.1422e-002	3.2308e-002	2.7703e-002	
20642	5.3314e-002	3.2804e-002	2.7833e-002	
20643	5.5211e-002	3.3302e-002	2.7959e-002	
20644	5.7104e-002	3.3799e-002	2.8081e-002	
20645	5.9e-002	3.4296e-002	2.8199e-002	
20646	5.9e-002	3.0325e-002	2.7145e-002	
20647	5.7108e-002	3.082e-002	2.7291e-002	
20648	5.5212e-002	3.1316e-002	2.7432e-002	
20649	5.3319e-002	3.1811e-002	2.757e-002	
20650	5.9e-002	2.931e-002	2.6835e-002	
20651	5.6629e-002	2.9932e-002	2.7027e-002	
20652	5.4251e-002	3.0556e-002	2.7214e-002	
20653	5.1879e-002	3.1179e-002	2.7394e-002	
20654	4.95e-002	3.1803e-002	2.7567e-002	
20655	4.7121e-002	3.1179e-002	2.7394e-002	
20656	4.4749e-002	3.0556e-002	2.7214e-002	
20657	4.2371e-002	2.9932e-002	2.7027e-002	
20658	4.e-002	2.931e-002	2.6835e-002	
20659	5.9e-002	3.0325e-002	2.8188e-002	
20660	5.9e-002	2.931e-002	2.7883e-002	
20661	5.9e-002	3.5296e-002	2.9449e-002	
20662	5.9e-002	3.4296e-002	2.9226e-002	
20663	4.e-002	3.031e-002	2.8184e-002	
20664	4.e-002	2.931e-002	2.7883e-002	
20665	4.e-002	3.5296e-002	2.9449e-002	
20666	4.e-002	3.4296e-002	2.9226e-002	
20667	4.7121e-002	3.1179e-002	2.8432e-002	
20668	4.4749e-002	3.0556e-002	2.8256e-002	
20669	4.2371e-002	2.9932e-002	2.8072e-002	
20670	4.95e-002	3.1803e-002	2.8604e-002	
20671	5.6629e-002	2.9932e-002	2.8072e-002	
20672	5.4251e-002	3.0556e-002	2.8256e-002	
20673	5.1879e-002	3.1179e-002	2.8432e-002	
20674	5.7108e-002	3.082e-002	2.8331e-002	
20675	5.5212e-002	3.1316e-002	2.8471e-002	
20676	5.3319e-002	3.1811e-002	2.8606e-002	
20677	5.1422e-002	3.2308e-002	2.8737e-002	
20678	5.3314e-002	3.2804e-002	2.8865e-002	
20679	5.5211e-002	3.3302e-002	2.8989e-002	
20680	5.7104e-002	3.3799e-002	2.911e-002	
20681	4.5694e-002	3.1804e-002	2.8604e-002	
20682	4.3797e-002	3.1306e-002	2.8468e-002	
20683	4.1896e-002	3.0808e-002	2.8328e-002	
20684	4.7595e-002	3.2303e-002	2.8736e-002	
20685	4.1901e-002	3.3798e-002	2.9109e-002	
20686	4.3798e-002	3.33e-002	2.8989e-002	
20687	4.5698e-002	3.2801e-002	2.8864e-002	
20688	4.7139e-002	3.3428e-002	2.902e-002	
20689	4.4758e-002	3.4051e-002	2.9169e-002	
20690	4.2381e-002	3.4673e-002	2.9312e-002	
20691	4.9514e-002	3.2807e-002	2.8866e-002	
20692	5.6626e-002	3.4673e-002	2.9312e-002	
20693	5.4256e-002	3.4051e-002	2.9169e-002	
20694	5.1882e-002	3.3428e-002	2.902e-002	
20695	1.9e-002	0.1353	2.8425e-002	
20696	1.6626e-002	0.13467	2.8286e-002	
20697	1.4256e-002	0.13405	2.8142e-002	
20698	1.1882e-002	0.13343	2.7991e-002	
20699	9.5141e-003	0.13281	2.7834e-002	
20700	7.1386e-003	0.13343	2.7991e-002	
20701	4.7577e-003	0.13405	2.8142e-002	
20702	2.3814e-003	0.13467	2.8286e-002	
20703	0.	0.1353	2.8425e-002	
20704	3.4694e-018	0.1343	2.8199e-002	
20705	1.9007e-003	0.1338	2.8081e-002	
20706	3.7979e-003	0.1333	2.7959e-002	
20707	5.6982e-003	0.1328	2.7832e-002	
20708	7.5949e-003	0.1323	2.7702e-002	
20709	5.6939e-003	0.1318	2.7568e-002	
20710	3.7969e-003	0.13131	2.743e-002	
20711	1.8964e-003	0.13081	2.7287e-002	
20712	-7.8139e-018	0.13031	2.7141e-002	
20713	1.1422e-002	0.13231	2.7703e-002	
20714	1.3314e-002	0.1328	2.7833e-002	
20715	1.5211e-002	0.1333	2.7959e-002	
20716	1.7104e-002	0.1338	2.8081e-002	
20717	1.9e-002	0.1343	2.8199e-002	
20718	1.9e-002	0.13032	2.7145e-002	
20719	1.7108e-002	0.13082	2.7291e-002	
20720	1.5212e-002	0.13132	2.7432e-002	
20721	1.3319e-002	0.13181	2.757e-002	
20722	1.9e-002	0.12931	2.6835e-002	
20723	1.6629e-002	0.12993	2.7027e-002	
20724	1.4251e-002	0.13056	2.7214e-002	
20725	1.1879e-002	0.13118	2.7394e-002	
20726	9.5e-003	0.1318	2.7567e-002	
20727	7.1214e-003	0.13118	2.7394e-002	
20728	4.7491e-003	0.13056	2.7214e-002	
20729	2.3711e-003	0.12993	2.7027e-002	
20730	0.	0.12931	2.6835e-002	
20731	1.9e-002	0.13032	2.8188e-002	
20732	1.9e-002	0.12931	2.7883e-002	
20733	1.9e-002	0.1353	2.9449e-002	
20734	1.9e-002	0.1343	2.9226e-002	
20735	-7.8139e-018	0.13031	2.8184e-002	
20736	0.	0.12931	2.7883e-002	
20737	0.	0.1353	2.9449e-002	
20738	0.	0.1343	2.9226e-002	
20739	7.1214e-003	0.13118	2.8432e-002	
20740	4.7491e-003	0.13056	2.8256e-002	
20741	2.3712e-003	0.12993	2.8072e-002	
20742	9.5e-003	0.1318	2.8604e-002	
20743	1.6629e-002	0.12993	2.8072e-002	
20744	1.4251e-002	0.13056	2.8256e-002	
20745	1.1879e-002	0.13118	2.8432e-002	
20746	1.7108e-002	0.13082	2.8331e-002	
20747	1.5212e-002	0.13132	2.8471e-002	
20748	1.3319e-002	0.13181	2.8606e-002	
20749	1.1422e-002	0.13231	2.8737e-002	
20750	1.3314e-002	0.1328	2.8865e-002	
20751	1.5211e-002	0.1333	2.8989e-002	
20752	1.7104e-002	0.1338	2.911e-002	
20753	5.694e-003	0.1318	2.8604e-002	
20754	3.7969e-003	0.13131	2.8468e-002	
20755	1.8964e-003	0.13081	2.8328e-002	
20756	7.5949e-003	0.1323	2.8736e-002	
20757	1.9007e-003	0.1338	2.9109e-002	
20758	3.7979e-003	0.1333	2.8989e-002	
20759	5.6982e-003	0.1328	2.8864e-002	
20760	7.1386e-003	0.13343	2.902e-002	
20761	4.7577e-003	0.13405	2.9169e-002	
20762	2.3814e-003	0.13467	2.9312e-002	
20763	9.5141e-003	0.13281	2.8866e-002	
20764	1.6626e-002	0.13467	2.9312e-002	
20765	1.4256e-002	0.13405	2.9169e-002	
20766	1.1882e-002	0.13343	2.902e-002	
20767	3.9e-002	0.1353	2.8425e-002	
20768	3.6626e-002	0.13467	2.8286e-002	
20769	3.4256e-002	0.13405	2.8142e-002	
20770	3.1882e-002	0.13343	2.7991e-002	
20771	2.9514e-002	0.13281	2.7834e-002	
20772	2.7139e-002	0.13343	2.7991e-002	
20773	2.4758e-002	0.13405	2.8142e-002	
20774	2.2381e-002	0.13467	2.8286e-002	
20775	2.e-002	0.1353	2.8425e-002	
20776	2.e-002	0.1343	2.8199e-002	
20777	2.1901e-002	0.1338	2.8081e-002	
20778	2.3798e-002	0.1333	2.7959e-002	
20779	2.5698e-002	0.1328	2.7832e-002	
20780	2.7595e-002	0.1323	2.7702e-002	
20781	2.5694e-002	0.1318	2.7568e-002	
20782	2.3797e-002	0.13131	2.743e-002	
20783	2.1896e-002	0.13081	2.7287e-002	
20784	2.e-002	0.13031	2.7141e-002	
20785	3.1422e-002	0.13231	2.7703e-002	
20786	3.3314e-002	0.1328	2.7833e-002	
20787	3.5211e-002	0.1333	2.7959e-002	
20788	3.7104e-002	0.1338	2.8081e-002	
20789	3.9e-002	0.1343	2.8199e-002	
20790	3.9e-002	0.13032	2.7145e-002	
20791	3.7108e-002	0.13082	2.7291e-002	
20792	3.5212e-002	0.13132	2.7432e-002	
20793	3.3319e-002	0.13181	2.757e-002	
20794	3.9e-002	0.12931	2.6835e-002	
20795	3.6629e-002	0.12993	2.7027e-002	
20796	3.4251e-002	0.13056	2.7214e-002	
20797	3.1879e-002	0.13118	2.7394e-002	
20798	2.95e-002	0.1318	2.7567e-002	
20799	2.7121e-002	0.13118	2.7394e-002	
20800	2.4749e-002	0.13056	2.7214e-002	
20801	2.2371e-002	0.12993	2.7027e-002	
20802	2.e-002	0.12931	2.6835e-002	
20803	3.9e-002	0.13032	2.8188e-002	
20804	3.9e-002	0.12931	2.7883e-002	
20805	3.9e-002	0.1353	2.9449e-002	
20806	3.9e-002	0.1343	2.9226e-002	
20807	2.e-002	0.13031	2.8184e-002	
20808	2.e-002	0.12931	2.7883e-002	
20809	2.e-002	0.1353	2.9449e-002	
20810	2.e-002	0.1343	2.9226e-002	
20811	2.7121e-002	0.13118	2.8432e-002	
20812	2.4749e-002	0.13056	2.8256e-002	
20813	2.2371e-002	0.12993	2.8072e-002	
20814	2.95e-002	0.1318	2.8604e-002	
20815	3.6629e-002	0.12993	2.8072e-002	
20816	3.4251e-002	0.13056	2.8256e-002	
20817	3.1879e-002	0.13118	2.8432e-002	
20818	3.7108e-002	0.13082	2.8331e-002	
20819	3.5212e-002	0.13132	2.8471e-002	
20820	3.3319e-002	0.13181	2.8606e-002	
20821	3.1422e-002	0.13231	2.8737e-002	
20822	3.3314e-002	0.1328	2.8865e-002	
20823	3.5211e-002	0.1333	2.8989e-002	
20824	3.7104e-002	0.1338	2.911e-002	
20825	2.5694e-002	0.1318	2.8604e-002	
20826	2.3797e-002	0.13131	2.8468e-002	
20827	2.1896e-002	0.13081	2.8328e-002	
20828	2.7595e-002	0.1323	2.8736e-002	
20829	2.1901e-002	0.1338	2.9109e-002	
20830	2.3798e-002	0.1333	2.8989e-002	
20831	2.5698e-002	0.1328	2.8864e-002	
20832	2.7139e-002	0.13343	2.902e-002	
20833	2.4758e-002	0.13405	2.9169e-002	
20834	2.2381e-002	0.13467	2.9312e-002	
20835	2.9514e-002	0.13281	2.8866e-002	
20836	3.6626e-002	0.13467	2.9312e-002	
20837	3.4256e-002	0.13405	2.9169e-002	
20838	3.1882e-002	0.13343	2.902e-002	
20839	5.9e-002	0.1353	2.8425e-002	
20840	5.6626e-002	0.13467	2.8286e-002	
20841	5.4256e-002	0.13405	2.8142e-002	
20842	5.1882e-002	0.13343	2.7991e-002	
20843	4.9514e-002	0.13281	2.7834e-002	
20844	4.7139e-002	0.13343	2.7991e-002	
20845	4.4758e-002	0.13405	2.8142e-002	
20846	4.2381e-002	0.13467	2.8286e-002	
20847	4.e-002	0.1353	2.8425e-002	
20848	4.e-002	0.1343	2.8199e-002	
20849	4.1901e-002	0.1338	2.8081e-002	
20850	4.3798e-002	0.1333	2.7959e-002	
20851	4.5698e-002	0.1328	2.7832e-002	
20852	4.7595e-002	0.1323	2.7702e-002	
20853	4.5694e-002	0.1318	2.7568e-002	
20854	4.3797e-002	0.13131	2.743e-002	
20855	4.1896e-002	0.13081	2.7287e-002	
20856	4.e-002	0.13031	2.7141e-002	
20857	5.1422e-002	0.13231	2.7703e-002	
20858	5.3314e-002	0.1328	2.7833e-002	
20859	5.5211e-002	0.1333	2.7959e-002	
20860	5.7104e-002	0.1338	2.8081e-002	
20861	5.9e-002	0.1343	2.8199e-002	
20862	5.9e-002	0.13032	2.7145e-002	
20863	5.7108e-002	0.13082	2.7291e-002	
20864	5.5212e-002	0.13132	2.7432e-002	
20865	5.3319e-002	0.13181	2.757e-002	
20866	5.9e-002	0.12931	2.6835e-002	
20867	5.6629e-002	0.12993	2.7027e-002	
20868	5.4251e-002	0.13056	2.7214e-002	
20869	5.1879e-002	0.13118	2.7394e-002	
20870	4.95e-002	0.1318	2.7567e-002	
20871	4.7121e-002	0.13118	2.7394e-002	
20872	4.4749e-002	0.13056	2.7214e-002	
20873	4.2371e-002	0.12993	2.7027e-002	
20874	4.e-002	0.12931	2.6835e-002	
20875	5.9e-002	0.13032	2.8188e-002	
20876	5.9e-002	0.12931	2.7883e-002	
20877	5.9e-002	0.1353	2.9449e-002	
20878	5.9e-002	0.1343	2.9226e-002	
20879	4.e-002	0.13031	2.8184e-002	
20880	4.e-002	0.12931	2.7883e-002	
20881	4.e-002	0.1353	2.9449e-002	
20882	4.e-002	0.1343	2.9226e-002	
20883	4.7121e-002	0.13118	2.8432e-002	
20884	4.4749e-002	0.13056	2.8256e-002	
20885	4.2371e-002	0.12993	2.8072e-002	
20886	4.95e-002	0.1318	2.8604e-002	
20887	5.6629e-002	0.12993	2.8072e-002	
20888	5.4251e-002	0.13056	2.8256e-002	
20889	5.1879e-002	0.13118	2.8432e-002	
20890	5.7108e-002	0.13082	2.8331e-002	
20891	5.5212e-002	0.13132	2.8471e-002	
20892	5.3319e-002	0.13181	2.8606e-002	
20893	5.1422e-002	0.13231	2.8737e-002	
20894	5.3314e-002	0.1328	2.8865e-002	
20895	5.5211e-002	0.1333	2.8989e-002	
20896	5.7104e-002	0.1338	2.911e-002	
20897	4.5694e-002	0.1318	2.8604e-002	
20898	4.3797e-002	0.13131	2.8468e-002	
20899	4.1896e-002	0.13081	2.8328e-002	
20900	4.7595e-002	0.1323	2.8736e-002	
20901	4.1901e-002	0.1338	2.9109e-002	
20902	4.3798e-002	0.1333	2.8989e-002	
20903	4.5698e-002	0.1328	2.8864e-002	
20904	4.7139e-002	0.13343	2.902e-002	
20905	4.4758e-002	0.13405	2.9169e-002	
20906	4.2381e-002	0.13467	2.9312e-002	
20907	4.9514e-002	0.13281	2.8866e-002	
20908	5.6626e-002	0.13467	2.9312e-002	
20909	5.4256e-002	0.13405	2.9169e-002	
20910	5.1882e-002	0.13343	2.902e-002	
20911	1.9e-002	0.22931	2.6835e-002	
20912	1.6629e-002	0.22993	2.7027e-002	
20913	1.4251e-002	0.23056	2.7214e-002	
20914	1.1879e-002	0.23118	2.7394e-002	
20915	9.5e-003	0.2318	2.7567e-002	
20916	0.	0.2343	2.8199e-002	
20917	1.9007e-003	0.2338	2.8081e-002	
20918	3.7979e-003	0.2333	2.7959e-002	
20919	5.6982e-003	0.2328	2.7832e-002	
20920	7.5949e-003	0.2323	2.7702e-002	
20921	5.6939e-003	0.2318	2.7568e-002	
20922	3.7969e-003	0.23131	2.743e-002	
20923	1.8964e-003	0.23081	2.7287e-002	
20924	-7.8139e-018	0.23031	2.7141e-002	
20925	1.9e-002	0.2353	2.8425e-002	
20926	1.6626e-002	0.23467	2.8286e-002	
20927	1.4256e-002	0.23405	2.8142e-002	
20928	1.1882e-002	0.23343	2.7991e-002	
20929	9.5141e-003	0.23281	2.7834e-002	
20930	7.1386e-003	0.23343	2.7991e-002	
20931	4.7577e-003	0.23405	2.8142e-002	
20932	2.3814e-003	0.23467	2.8286e-002	
20933	0.	0.2353	2.8425e-002	
20934	1.1422e-002	0.23231	2.7703e-002	
20935	1.3314e-002	0.2328	2.7833e-002	
20936	1.5211e-002	0.2333	2.7959e-002	
20937	1.7104e-002	0.2338	2.8081e-002	
20938	1.9e-002	0.2343	2.8199e-002	
20939	1.9e-002	0.23032	2.7145e-002	
20940	1.7108e-002	0.23082	2.7291e-002	
20941	1.5212e-002	0.23132	2.7432e-002	
20942	1.3319e-002	0.23181	2.757e-002	
20943	0.	0.22931	2.6835e-002	
20944	7.1214e-003	0.23118	2.7394e-002	
20945	4.7491e-003	0.23056	2.7214e-002	
20946	2.3711e-003	0.22993	2.7027e-002	
20947	1.9e-002	0.22931	2.7883e-002	
20948	1.9e-002	0.23032	2.8188e-002	
20949	0.	0.2343	2.9226e-002	
20950	0.	0.2353	2.9449e-002	
20951	7.1214e-003	0.23118	2.8432e-002	
20952	4.7491e-003	0.23056	2.8256e-002	
20953	2.3712e-003	0.22993	2.8072e-002	
20954	9.5e-003	0.2318	2.8604e-002	
20955	0.	0.22931	2.7883e-002	
20956	-7.8139e-018	0.23031	2.8184e-002	
20957	1.9e-002	0.2353	2.9449e-002	
20958	1.9e-002	0.2343	2.9226e-002	
20959	1.7108e-002	0.23082	2.8331e-002	
20960	1.5212e-002	0.23132	2.8471e-002	
20961	1.3319e-002	0.23181	2.8606e-002	
20962	1.1422e-002	0.23231	2.8737e-002	
20963	1.3314e-002	0.2328	2.8865e-002	
20964	1.5211e-002	0.2333	2.8989e-002	
20965	1.7104e-002	0.2338	2.911e-002	
20966	7.1386e-003	0.23343	2.902e-002	
20967	4.7577e-003	0.23405	2.9169e-002	
20968	2.3814e-003	0.23467	2.9312e-002	
20969	9.5141e-003	0.23281	2.8866e-002	
20970	1.6626e-002	0.23467	2.9312e-002	
20971	1.4256e-002	0.23405	2.9169e-002	
20972	1.1882e-002	0.23343	2.902e-002	
20973	5.694e-003	0.2318	2.8604e-002	
20974	3.7969e-003	0.23131	2.8468e-002	
20975	1.8964e-003	0.23081	2.8328e-002	
20976	7.5949e-003	0.2323	2.8736e-002	
20977	1.9007e-003	0.2338	2.9109e-002	
20978	3.7979e-003	0.2333	2.8989e-002	
20979	5.6982e-003	0.2328	2.8864e-002	
20980	1.6629e-002	0.22993	2.8072e-002	
20981	1.4251e-002	0.23056	2.8256e-002	
20982	1.1879e-002	0.23118	2.8432e-002	
20983	3.9e-002	0.2353	2.8425e-002	
20984	3.6626e-002	0.23467	2.8286e-002	
20985	3.4256e-002	0.23405	2.8142e-002	
20986	3.1882e-002	0.23343	2.7991e-002	
20987	2.9514e-002	0.23281	2.7834e-002	
20988	2.7139e-002	0.23343	2.7991e-002	
20989	2.4758e-002	0.23405	2.8142e-002	
20990	2.2381e-002	0.23467	2.8286e-002	
20991	2.e-002	0.2353	2.8425e-002	
20992	2.e-002	0.2343	2.8199e-002	
20993	2.1901e-002	0.2338	2.8081e-002	
20994	2.3798e-002	0.2333	2.7959e-002	
20995	2.5698e-002	0.2328	2.7832e-002	
20996	2.7595e-002	0.2323	2.7702e-002	
20997	2.5694e-002	0.2318	2.7568e-002	
20998	2.3797e-002	0.23131	2.743e-002	
20999	2.1896e-002	0.23081	2.7287e-002	
21000	2.e-002	0.23031	2.7141e-002	
21001	3.1422e-002	0.23231	2.7703e-002	
21002	3.3314e-002	0.2328	2.7833e-002	
21003	3.5211e-002	0.2333	2.7959e-002	
21004	3.7104e-002	0.2338	2.8081e-002	
21005	3.9e-002	0.2343	2.8199e-002	
21006	3.9e-002	0.23032	2.7145e-002	
21007	3.7108e-002	0.23082	2.7291e-002	
21008	3.5212e-002	0.23132	2.7432e-002	
21009	3.3319e-002	0.23181	2.757e-002	
21010	3.9e-002	0.22931	2.6835e-002	
21011	3.6629e-002	0.22993	2.7027e-002	
21012	3.4251e-002	0.23056	2.7214e-002	
21013	3.1879e-002	0.23118	2.7394e-002	
21014	2.95e-002	0.2318	2.7567e-002	
21015	2.7121e-002	0.23118	2.7394e-002	
21016	2.4749e-002	0.23056	2.7214e-002	
21017	2.2371e-002	0.22993	2.7027e-002	
21018	2.e-002	0.22931	2.6835e-002	
21019	3.9e-002	0.23032	2.8188e-002	
21020	3.9e-002	0.22931	2.7883e-002	
21021	3.9e-002	0.2353	2.9449e-002	
21022	3.9e-002	0.2343	2.9226e-002	
21023	2.e-002	0.23031	2.8184e-002	
21024	2.e-002	0.22931	2.7883e-002	
21025	2.e-002	0.2353	2.9449e-002	
21026	2.e-002	0.2343	2.9226e-002	
21027	2.7121e-002	0.23118	2.8432e-002	
21028	2.4749e-002	0.23056	2.8256e-002	
21029	2.2371e-002	0.22993	2.8072e-002	
21030	2.95e-002	0.2318	2.8604e-002	
21031	3.6629e-002	0.22993	2.8072e-002	
21032	3.4251e-002	0.23056	2.8256e-002	
21033	3.1879e-002	0.23118	2.8432e-002	
21034	3.7108e-002	0.23082	2.8331e-002	
21035	3.5212e-002	0.23132	2.8471e-002	
21036	3.3319e-002	0.23181	2.8606e-002	
21037	3.1422e-002	0.23231	2.8737e-002	
21038	3.3314e-002	0.2328	2.8865e-002	
21039	3.5211e-002	0.2333	2.8989e-002	
21040	3.7104e-002	0.2338	2.911e-002	
21041	2.5694e-002	0.2318	2.8604e-002	
21042	2.3797e-002	0.23131	2.8468e-002	
21043	2.1896e-002	0.23081	2.8328e-002	
21044	2.7595e-002	0.2323	2.8736e-002	
21045	2.1901e-002	0.2338	2.9109e-002	
21046	2.3798e-002	0.2333	2.8989e-002	
21047	2.5698e-002	0.2328	2.8864e-002	
21048	2.7139e-002	0.23343	2.902e-002	
21049	2.4758e-002	0.23405	2.9169e-002	
21050	2.2381e-002	0.23467	2.9312e-002	
21051	2.9514e-002	0.23281	2.8866e-002	
21052	3.6626e-002	0.23467	2.9312e-002	
21053	3.4256e-002	0.23405	2.9169e-002	
21054	3.1882e-002	0.23343	2.902e-002	
21055	5.9e-002	0.2353	2.8425e-002	
21056	5.6626e-002	0.23467	2.8286e-002	
21057	5.4256e-002	0.23405	2.8142e-002	
21058	5.1882e-002	0.23343	2.7991e-002	
21059	4.9514e-002	0.23281	2.7834e-002	
21060	4.7139e-002	0.23343	2.7991e-002	
21061	4.4758e-002	0.23405	2.8142e-002	
21062	4.2381e-002	0.23467	2.8286e-002	
21063	4.e-002	0.2353	2.8425e-002	
21064	4.e-002	0.2343	2.8199e-002	
21065	4.1901e-002	0.2338	2.8081e-002	
21066	4.3798e-002	0.2333	2.7959e-002	
21067	4.5698e-002	0.2328	2.7832e-002	
21068	4.7595e-002	0.2323	2.7702e-002	
21069	4.5694e-002	0.2318	2.7568e-002	
21070	4.3797e-002	0.23131	2.743e-002	
21071	4.1896e-002	0.23081	2.7287e-002	
21072	4.e-002	0.23031	2.7141e-002	
21073	5.1422e-002	0.23231	2.7703e-002	
21074	5.3314e-002	0.2328	2.7833e-002	
21075	5.5211e-002	0.2333	2.7959e-002	
21076	5.7104e-002	0.2338	2.8081e-002	
21077	5.9e-002	0.2343	2.8199e-002	
21078	5.9e-002	0.23032	2.7145e-002	
21079	5.7108e-002	0.23082	2.7291e-002	
21080	5.5212e-002	0.23132	2.7432e-002	
21081	5.3319e-002	0.23181	2.757e-002	
21082	5.9e-002	0.22931	2.6835e-002	
21083	5.6629e-002	0.22993	2.7027e-002	
21084	5.4251e-002	0.23056	2.7214e-002	
21085	5.1879e-002	0.23118	2.7394e-002	
21086	4.95e-002	0.2318	2.7567e-002	
21087	4.7121e-002	0.23118	2.7394e-002	
21088	4.4749e-002	0.23056	2.7214e-002	
21089	4.2371e-002	0.22993	2.7027e-002	
21090	4.e-002	0.22931	2.6835e-002	
21091	4.e-002	0.2353	2.9449e-002	
21092	4.e-002	0.2343	2.9226e-002	
21093	4.e-002	0.23031	2.8184e-002	
21094	4.e-002	0.22931	2.7883e-002	
21095	5.9e-002	0.2353	2.9449e-002	
21096	5.9e-002	0.2343	2.9226e-002	
21097	5.9e-002	0.23032	2.8188e-002	
21098	5.9e-002	0.22931	2.7883e-002	
21099	4.7121e-002	0.23118	2.8432e-002	
21100	4.4749e-002	0.23056	2.8256e-002	
21101	4.2371e-002	0.22993	2.8072e-002	
21102	4.95e-002	0.2318	2.8604e-002	
21103	5.6629e-002	0.22993	2.8072e-002	
21104	5.4251e-002	0.23056	2.8256e-002	
21105	5.1879e-002	0.23118	2.8432e-002	
21106	5.7108e-002	0.23082	2.8331e-002	
21107	5.5212e-002	0.23132	2.8471e-002	
21108	5.3319e-002	0.23181	2.8606e-002	
21109	5.1422e-002	0.23231	2.8737e-002	
21110	5.3314e-002	0.2328	2.8865e-002	
21111	5.5211e-002	0.2333	2.8989e-002	
21112	5.7104e-002	0.2338	2.911e-002	
21113	4.5694e-002	0.2318	2.8604e-002	
21114	4.3797e-002	0.23131	2.8468e-002	
21115	4.1896e-002	0.23081	2.8328e-002	
21116	4.7595e-002	0.2323	2.8736e-002	
21117	4.1901e-002	0.2338	2.9109e-002	
21118	4.3798e-002	0.2333	2.8989e-002	
21119	4.5698e-002	0.2328	2.8864e-002	
21120	4.7139e-002	0.23343	2.902e-002	
21121	4.4758e-002	0.23405	2.9169e-002	
21122	4.2381e-002	0.23467	2.9312e-002	
21123	4.9514e-002	0.23281	2.8866e-002	
21124	5.6626e-002	0.23467	2.9312e-002	
21125	5.4256e-002	0.23405	2.9169e-002	
21126	5.1882e-002	0.23343	2.902e-002	
21127	1.9e-002	6.5325e-002	2.8287e-002	
21128	1.7104e-002	6.5821e-002	2.8172e-002	
21129	1.5211e-002	6.6316e-002	2.8053e-002	
21130	1.3315e-002	6.6812e-002	2.7931e-002	
21131	1.1422e-002	6.7308e-002	2.7804e-002	
21132	1.3319e-002	6.7805e-002	2.7673e-002	
21133	1.5212e-002	6.8302e-002	2.7539e-002	
21134	1.7108e-002	6.88e-002	2.74e-002	
21135	1.9e-002	6.9296e-002	2.7257e-002	
21136	9.5141e-003	6.7807e-002	2.7673e-002	
21137	7.132e-003	6.843e-002	2.7503e-002	
21138	4.7562e-003	6.9052e-002	2.7328e-002	
21139	2.3747e-003	6.9675e-002	2.7146e-002	
21140	0.	7.0296e-002	2.6958e-002	
21141	1.9e-002	7.0296e-002	2.6958e-002	
21142	1.6632e-002	6.9675e-002	2.7146e-002	
21143	1.4258e-002	6.9052e-002	2.7328e-002	
21144	1.1889e-002	6.843e-002	2.7503e-002	
21145	7.5949e-003	6.7303e-002	2.7805e-002	
21146	5.6982e-003	6.6805e-002	2.7932e-002	
21147	3.7979e-003	6.6307e-002	2.8056e-002	
21148	1.9006e-003	6.5809e-002	2.8175e-002	
21149	-7.8139e-018	6.531e-002	2.829e-002	
21150	0.	6.9296e-002	2.7257e-002	
21151	1.8964e-003	6.8799e-002	2.74e-002	
21152	3.7969e-003	6.83e-002	2.7539e-002	
21153	5.694e-003	6.7802e-002	2.7674e-002	
21154	9.5e-003	6.6803e-002	2.7933e-002	
21155	7.128e-003	6.6181e-002	2.8086e-002	
21156	4.7507e-003	6.5557e-002	2.8234e-002	
21157	2.3778e-003	6.4934e-002	2.8375e-002	
21158	0.	6.431e-002	2.851e-002	
21159	1.9e-002	6.431e-002	2.851e-002	
21160	1.6622e-002	6.4934e-002	2.8375e-002	
21161	1.4249e-002	6.5557e-002	2.8234e-002	
21162	1.1872e-002	6.6181e-002	2.8086e-002	
21163	1.9e-002	6.9296e-002	2.8298e-002	
21164	1.9e-002	7.0296e-002	2.8003e-002	
21165	1.9e-002	6.5325e-002	2.9312e-002	
21166	1.9e-002	6.431e-002	2.9532e-002	
21167	0.	7.0296e-002	2.8003e-002	
21168	0.	6.9296e-002	2.8298e-002	
21169	-7.8139e-018	6.531e-002	2.9315e-002	
21170	0.	6.431e-002	2.9532e-002	
21171	1.6622e-002	6.4934e-002	2.9399e-002	
21172	1.4249e-002	6.5557e-002	2.926e-002	
21173	1.1872e-002	6.6181e-002	2.9114e-002	
21174	9.5e-003	6.6803e-002	2.8964e-002	
21175	7.128e-003	6.6181e-002	2.9114e-002	
21176	4.7507e-003	6.5557e-002	2.926e-002	
21177	2.3778e-003	6.4934e-002	2.9399e-002	
21178	1.8964e-003	6.8799e-002	2.8439e-002	
21179	3.7969e-003	6.83e-002	2.8576e-002	
21180	5.694e-003	6.7802e-002	2.8709e-002	
21181	7.5949e-003	6.7303e-002	2.8838e-002	
21182	5.6982e-003	6.6805e-002	2.8963e-002	
21183	3.7979e-003	6.6307e-002	2.9084e-002	
21184	1.9006e-003	6.5809e-002	2.9202e-002	
21185	1.6632e-002	6.9675e-002	2.8188e-002	
21186	1.4258e-002	6.9052e-002	2.8368e-002	
21187	1.1889e-002	6.843e-002	2.854e-002	
21188	9.5141e-003	6.7807e-002	2.8707e-002	
21189	7.1321e-003	6.843e-002	2.854e-002	
21190	4.7562e-003	6.9052e-002	2.8368e-002	
21191	2.3748e-003	6.9675e-002	2.8188e-002	
21192	1.3319e-002	6.7805e-002	2.8708e-002	
21193	1.5212e-002	6.8302e-002	2.8575e-002	
21194	1.7108e-002	6.88e-002	2.8438e-002	
21195	1.1422e-002	6.7308e-002	2.8837e-002	
21196	1.7104e-002	6.5821e-002	2.9199e-002	
21197	1.5211e-002	6.6316e-002	2.9082e-002	
21198	1.3315e-002	6.6812e-002	2.8961e-002	
21199	3.9e-002	7.0296e-002	2.6958e-002	
21200	3.6632e-002	6.9675e-002	2.7146e-002	
21201	3.4258e-002	6.9052e-002	2.7328e-002	
21202	3.1889e-002	6.843e-002	2.7503e-002	
21203	2.9514e-002	6.7807e-002	2.7673e-002	
21204	2.7132e-002	6.843e-002	2.7503e-002	
21205	2.4756e-002	6.9052e-002	2.7328e-002	
21206	2.2375e-002	6.9675e-002	2.7146e-002	
21207	2.e-002	7.0296e-002	2.6958e-002	
21208	2.e-002	6.9296e-002	2.7257e-002	
21209	2.1896e-002	6.8799e-002	2.74e-002	
21210	2.3797e-002	6.83e-002	2.7539e-002	
21211	2.5694e-002	6.7802e-002	2.7674e-002	
21212	2.7595e-002	6.7303e-002	2.7805e-002	
21213	2.5698e-002	6.6805e-002	2.7932e-002	
21214	2.3798e-002	6.6307e-002	2.8056e-002	
21215	2.1901e-002	6.5809e-002	2.8175e-002	
21216	2.e-002	6.531e-002	2.829e-002	
21217	3.1422e-002	6.7308e-002	2.7804e-002	
21218	3.3319e-002	6.7805e-002	2.7673e-002	
21219	3.5212e-002	6.8302e-002	2.7539e-002	
21220	3.7108e-002	6.88e-002	2.74e-002	
21221	3.9e-002	6.9296e-002	2.7257e-002	
21222	3.9e-002	6.5325e-002	2.8287e-002	
21223	3.7104e-002	6.5821e-002	2.8172e-002	
21224	3.5211e-002	6.6316e-002	2.8053e-002	
21225	3.3315e-002	6.6812e-002	2.7931e-002	
21226	3.9e-002	6.431e-002	2.851e-002	
21227	3.6622e-002	6.4934e-002	2.8375e-002	
21228	3.4249e-002	6.5557e-002	2.8234e-002	
21229	3.1872e-002	6.6181e-002	2.8086e-002	
21230	2.95e-002	6.6803e-002	2.7933e-002	
21231	2.7128e-002	6.6181e-002	2.8086e-002	
21232	2.4751e-002	6.5557e-002	2.8234e-002	
21233	2.2378e-002	6.4934e-002	2.8375e-002	
21234	2.e-002	6.431e-002	2.851e-002	
21235	3.9e-002	6.5325e-002	2.9312e-002	
21236	3.9e-002	6.431e-002	2.9532e-002	
21237	3.9e-002	7.0296e-002	2.8003e-002	
21238	3.9e-002	6.9296e-002	2.8298e-002	
21239	2.e-002	6.531e-002	2.9315e-002	
21240	2.e-002	6.431e-002	2.9532e-002	
21241	2.e-002	7.0296e-002	2.8003e-002	
21242	2.e-002	6.9296e-002	2.8298e-002	
21243	2.7128e-002	6.6181e-002	2.9114e-002	
21244	2.4751e-002	6.5557e-002	2.926e-002	
21245	2.2378e-002	6.4934e-002	2.9399e-002	
21246	2.95e-002	6.6803e-002	2.8964e-002	
21247	3.6622e-002	6.4934e-002	2.9399e-002	
21248	3.4249e-002	6.5557e-002	2.926e-002	
21249	3.1872e-002	6.6181e-002	2.9114e-002	
21250	3.7104e-002	6.5821e-002	2.9199e-002	
21251	3.5211e-002	6.6316e-002	2.9082e-002	
21252	3.3315e-002	6.6812e-002	2.8961e-002	
21253	3.1422e-002	6.7308e-002	2.8837e-002	
21254	3.3319e-002	6.7805e-002	2.8708e-002	
21255	3.5212e-002	6.8302e-002	2.8575e-002	
21256	3.7108e-002	6.88e-002	2.8438e-002	
21257	2.5698e-002	6.6805e-002	2.8963e-002	
21258	2.3798e-002	6.6307e-002	2.9084e-002	
21259	2.1901e-002	6.5809e-002	2.9202e-002	
21260	2.7595e-002	6.7303e-002	2.8838e-002	
21261	2.1896e-002	6.8799e-002	2.8439e-002	
21262	2.3797e-002	6.83e-002	2.8576e-002	
21263	2.5694e-002	6.7802e-002	2.8709e-002	
21264	2.7132e-002	6.843e-002	2.854e-002	
21265	2.4756e-002	6.9052e-002	2.8368e-002	
21266	2.2375e-002	6.9675e-002	2.8188e-002	
21267	2.9514e-002	6.7807e-002	2.8707e-002	
21268	3.6632e-002	6.9675e-002	2.8188e-002	
21269	3.4258e-002	6.9052e-002	2.8368e-002	
21270	3.1889e-002	6.843e-002	2.854e-002	
21271	5.9e-002	7.0296e-002	2.6958e-002	
21272	5.6632e-002	6.9675e-002	2.7146e-002	
21273	5.4258e-002	6.9052e-002	2.7328e-002	
21274	5.1889e-002	6.843e-002	2.7503e-002	
21275	4.9514e-002	6.7807e-002	2.7673e-002	
21276	4.7132e-002	6.843e-002	2.7503e-002	
21277	4.4756e-002	6.9052e-002	2.7328e-002	
21278	4.2375e-002	6.9675e-002	2.7146e-002	
21279	4.e-002	7.0296e-002	2.6958e-002	
21280	4.e-002	6.9296e-002	2.7257e-002	
21281	4.1896e-002	6.8799e-002	2.74e-002	
21282	4.3797e-002	6.83e-002	2.7539e-002	
21283	4.5694e-002	6.7802e-002	2.7674e-002	
21284	4.7595e-002	6.7303e-002	2.7805e-002	
21285	4.5698e-002	6.6805e-002	2.7932e-002	
21286	4.3798e-002	6.6307e-002	2.8056e-002	
21287	4.1901e-002	6.5809e-002	2.8175e-002	
21288	4.e-002	6.531e-002	2.829e-002	
21289	5.1422e-002	6.7308e-002	2.7804e-002	
21290	5.3319e-002	6.7805e-002	2.7673e-002	
21291	5.5212e-002	6.8302e-002	2.7539e-002	
21292	5.7108e-002	6.88e-002	2.74e-002	
21293	5.9e-002	6.9296e-002	2.7257e-002	
21294	5.9e-002	6.5325e-002	2.8287e-002	
21295	5.7104e-002	6.5821e-002	2.8172e-002	
21296	5.5211e-002	6.6316e-002	2.8053e-002	
21297	5.3315e-002	6.6812e-002	2.7931e-002	
21298	5.9e-002	6.431e-002	2.851e-002	
21299	5.6622e-002	6.4934e-002	2.8375e-002	
21300	5.4249e-002	6.5557e-002	2.8234e-002	
21301	5.1872e-002	6.6181e-002	2.8086e-002	
21302	4.95e-002	6.6803e-002	2.7933e-002	
21303	4.7128e-002	6.6181e-002	2.8086e-002	
21304	4.4751e-002	6.5557e-002	2.8234e-002	
21305	4.2378e-002	6.4934e-002	2.8375e-002	
21306	4.e-002	6.431e-002	2.851e-002	
21307	5.9e-002	6.5325e-002	2.9312e-002	
21308	5.9e-002	6.431e-002	2.9532e-002	
21309	5.9e-002	7.0296e-002	2.8003e-002	
21310	5.9e-002	6.9296e-002	2.8298e-002	
21311	4.e-002	6.531e-002	2.9315e-002	
21312	4.e-002	6.431e-002	2.9532e-002	
21313	4.e-002	7.0296e-002	2.8003e-002	
21314	4.e-002	6.9296e-002	2.8298e-002	
21315	4.7128e-002	6.6181e-002	2.9114e-002	
21316	4.4751e-002	6.5557e-002	2.926e-002	
21317	4.2378e-002	6.4934e-002	2.9399e-002	
21318	4.95e-002	6.6803e-002	2.8964e-002	
21319	5.6622e-002	6.4934e-002	2.9399e-002	
21320	5.4249e-002	6.5557e-002	2.926e-002	
21321	5.1872e-002	6.6181e-002	2.9114e-002	
21322	5.7104e-002	6.5821e-002	2.9199e-002	
21323	5.5211e-002	6.6316e-002	2.9082e-002	
21324	5.3315e-002	6.6812e-002	2.8961e-002	
21325	5.1422e-002	6.7308e-002	2.8837e-002	
21326	5.3319e-002	6.7805e-002	2.8708e-002	
21327	5.5212e-002	6.8302e-002	2.8575e-002	
21328	5.7108e-002	6.88e-002	2.8438e-002	
21329	4.5698e-002	6.6805e-002	2.8963e-002	
21330	4.3798e-002	6.6307e-002	2.9084e-002	
21331	4.1901e-002	6.5809e-002	2.9202e-002	
21332	4.7595e-002	6.7303e-002	2.8838e-002	
21333	4.1896e-002	6.8799e-002	2.8439e-002	
21334	4.3797e-002	6.83e-002	2.8576e-002	
21335	4.5694e-002	6.7802e-002	2.8709e-002	
21336	4.7132e-002	6.843e-002	2.854e-002	
21337	4.4756e-002	6.9052e-002	2.8368e-002	
21338	4.2375e-002	6.9675e-002	2.8188e-002	
21339	4.9514e-002	6.7807e-002	2.8707e-002	
21340	5.6632e-002	6.9675e-002	2.8188e-002	
21341	5.4258e-002	6.9052e-002	2.8368e-002	
21342	5.1889e-002	6.843e-002	2.854e-002	
21343	1.9e-002	0.1703	2.6958e-002	
21344	1.6632e-002	0.16967	2.7146e-002	
21345	1.4258e-002	0.16905	2.7328e-002	
21346	1.1889e-002	0.16843	2.7503e-002	
21347	9.5141e-003	0.16781	2.7673e-002	
21348	7.132e-003	0.16843	2.7503e-002	
21349	4.7562e-003	0.16905	2.7328e-002	
21350	2.3747e-003	0.16967	2.7146e-002	
21351	0.	0.1703	2.6958e-002	
21352	0.	0.1693	2.7257e-002	
21353	1.8964e-003	0.1688	2.74e-002	
21354	3.7969e-003	0.1683	2.7539e-002	
21355	5.694e-003	0.1678	2.7674e-002	
21356	7.5949e-003	0.1673	2.7805e-002	
21357	5.6982e-003	0.16681	2.7932e-002	
21358	3.7979e-003	0.16631	2.8056e-002	
21359	1.9006e-003	0.16581	2.8175e-002	
21360	-7.8139e-018	0.16531	2.829e-002	
21361	1.1422e-002	0.16731	2.7804e-002	
21362	1.3319e-002	0.16781	2.7673e-002	
21363	1.5212e-002	0.1683	2.7539e-002	
21364	1.7108e-002	0.1688	2.74e-002	
21365	1.9e-002	0.1693	2.7257e-002	
21366	1.9e-002	0.16532	2.8287e-002	
21367	1.7104e-002	0.16582	2.8172e-002	
21368	1.5211e-002	0.16632	2.8053e-002	
21369	1.3315e-002	0.16681	2.7931e-002	
21370	1.9e-002	0.16431	2.851e-002	
21371	1.6622e-002	0.16493	2.8375e-002	
21372	1.4249e-002	0.16556	2.8234e-002	
21373	1.1872e-002	0.16618	2.8086e-002	
21374	9.5e-003	0.1668	2.7933e-002	
21375	7.128e-003	0.16618	2.8086e-002	
21376	4.7507e-003	0.16556	2.8234e-002	
21377	2.3778e-003	0.16493	2.8375e-002	
21378	0.	0.16431	2.851e-002	
21379	1.9e-002	0.16532	2.9312e-002	
21380	1.9e-002	0.16431	2.9532e-002	
21381	-7.8139e-018	0.16531	2.9315e-002	
21382	0.	0.16431	2.9532e-002	
21383	0.	0.1703	2.8003e-002	
21384	0.	0.1693	2.8298e-002	
21385	1.9e-002	0.1703	2.8003e-002	
21386	1.9e-002	0.1693	2.8298e-002	
21387	7.128e-003	0.16618	2.9114e-002	
21388	4.7507e-003	0.16556	2.926e-002	
21389	2.3778e-003	0.16493	2.9399e-002	
21390	9.5e-003	0.1668	2.8964e-002	
21391	1.6622e-002	0.16493	2.9399e-002	
21392	1.4249e-002	0.16556	2.926e-002	
21393	1.1872e-002	0.16618	2.9114e-002	
21394	1.7104e-002	0.16582	2.9199e-002	
21395	1.5211e-002	0.16632	2.9082e-002	
21396	1.3315e-002	0.16681	2.8961e-002	
21397	1.1422e-002	0.16731	2.8837e-002	
21398	1.3319e-002	0.16781	2.8708e-002	
21399	1.5212e-002	0.1683	2.8575e-002	
21400	1.7108e-002	0.1688	2.8438e-002	
21401	5.6982e-003	0.16681	2.8963e-002	
21402	3.7979e-003	0.16631	2.9084e-002	
21403	1.9006e-003	0.16581	2.9202e-002	
21404	7.5949e-003	0.1673	2.8838e-002	
21405	1.8964e-003	0.1688	2.8439e-002	
21406	3.7969e-003	0.1683	2.8576e-002	
21407	5.694e-003	0.1678	2.8709e-002	
21408	7.1321e-003	0.16843	2.854e-002	
21409	4.7562e-003	0.16905	2.8368e-002	
21410	2.3748e-003	0.16967	2.8188e-002	
21411	9.5141e-003	0.16781	2.8707e-002	
21412	1.6632e-002	0.16967	2.8188e-002	
21413	1.4258e-002	0.16905	2.8368e-002	
21414	1.1889e-002	0.16843	2.854e-002	
21415	3.9e-002	0.1703	2.6958e-002	
21416	3.6632e-002	0.16967	2.7146e-002	
21417	3.4258e-002	0.16905	2.7328e-002	
21418	3.1889e-002	0.16843	2.7503e-002	
21419	2.9514e-002	0.16781	2.7673e-002	
21420	2.7132e-002	0.16843	2.7503e-002	
21421	2.4756e-002	0.16905	2.7328e-002	
21422	2.2375e-002	0.16967	2.7146e-002	
21423	2.e-002	0.1703	2.6958e-002	
21424	2.e-002	0.1693	2.7257e-002	
21425	2.1896e-002	0.1688	2.74e-002	
21426	2.3797e-002	0.1683	2.7539e-002	
21427	2.5694e-002	0.1678	2.7674e-002	
21428	2.7595e-002	0.1673	2.7805e-002	
21429	2.5698e-002	0.16681	2.7932e-002	
21430	2.3798e-002	0.16631	2.8056e-002	
21431	2.1901e-002	0.16581	2.8175e-002	
21432	2.e-002	0.16531	2.829e-002	
21433	3.1422e-002	0.16731	2.7804e-002	
21434	3.3319e-002	0.16781	2.7673e-002	
21435	3.5212e-002	0.1683	2.7539e-002	
21436	3.7108e-002	0.1688	2.74e-002	
21437	3.9e-002	0.1693	2.7257e-002	
21438	3.9e-002	0.16532	2.8287e-002	
21439	3.7104e-002	0.16582	2.8172e-002	
21440	3.5211e-002	0.16632	2.8053e-002	
21441	3.3315e-002	0.16681	2.7931e-002	
21442	3.9e-002	0.16431	2.851e-002	
21443	3.6622e-002	0.16493	2.8375e-002	
21444	3.4249e-002	0.16556	2.8234e-002	
21445	3.1872e-002	0.16618	2.8086e-002	
21446	2.95e-002	0.1668	2.7933e-002	
21447	2.7128e-002	0.16618	2.8086e-002	
21448	2.4751e-002	0.16556	2.8234e-002	
21449	2.2378e-002	0.16493	2.8375e-002	
21450	2.e-002	0.16431	2.851e-002	
21451	2.e-002	0.1703	2.8003e-002	
21452	2.e-002	0.1693	2.8298e-002	
21453	2.e-002	0.16531	2.9315e-002	
21454	2.e-002	0.16431	2.9532e-002	
21455	3.9e-002	0.1703	2.8003e-002	
21456	3.9e-002	0.1693	2.8298e-002	
21457	3.9e-002	0.16532	2.9312e-002	
21458	3.9e-002	0.16431	2.9532e-002	
21459	2.7128e-002	0.16618	2.9114e-002	
21460	2.4751e-002	0.16556	2.926e-002	
21461	2.2378e-002	0.16493	2.9399e-002	
21462	2.95e-002	0.1668	2.8964e-002	
21463	3.6622e-002	0.16493	2.9399e-002	
21464	3.4249e-002	0.16556	2.926e-002	
21465	3.1872e-002	0.16618	2.9114e-002	
21466	3.7104e-002	0.16582	2.9199e-002	
21467	3.5211e-002	0.16632	2.9082e-002	
21468	3.3315e-002	0.16681	2.8961e-002	
21469	3.1422e-002	0.16731	2.8837e-002	
21470	3.3319e-002	0.16781	2.8708e-002	
21471	3.5212e-002	0.1683	2.8575e-002	
21472	3.7108e-002	0.1688	2.8438e-002	
21473	2.5698e-002	0.16681	2.8963e-002	
21474	2.3798e-002	0.16631	2.9084e-002	
21475	2.1901e-002	0.16581	2.9202e-002	
21476	2.7595e-002	0.1673	2.8838e-002	
21477	2.1896e-002	0.1688	2.8439e-002	
21478	2.3797e-002	0.1683	2.8576e-002	
21479	2.5694e-002	0.1678	2.8709e-002	
21480	2.7132e-002	0.16843	2.854e-002	
21481	2.4756e-002	0.16905	2.8368e-002	
21482	2.2375e-002	0.16967	2.8188e-002	
21483	2.9514e-002	0.16781	2.8707e-002	
21484	3.6632e-002	0.16967	2.8188e-002	
21485	3.4258e-002	0.16905	2.8368e-002	
21486	3.1889e-002	0.16843	2.854e-002	
21487	5.9e-002	0.1703	2.6958e-002	
21488	5.6632e-002	0.16967	2.7146e-002	
21489	5.4258e-002	0.16905	2.7328e-002	
21490	5.1889e-002	0.16843	2.7503e-002	
21491	4.9514e-002	0.16781	2.7673e-002	
21492	4.7132e-002	0.16843	2.7503e-002	
21493	4.4756e-002	0.16905	2.7328e-002	
21494	4.2375e-002	0.16967	2.7146e-002	
21495	4.e-002	0.1703	2.6958e-002	
21496	4.e-002	0.1693	2.7257e-002	
21497	4.1896e-002	0.1688	2.74e-002	
21498	4.3797e-002	0.1683	2.7539e-002	
21499	4.5694e-002	0.1678	2.7674e-002	
21500	4.7595e-002	0.1673	2.7805e-002	
21501	4.5698e-002	0.16681	2.7932e-002	
21502	4.3798e-002	0.16631	2.8056e-002	
21503	4.1901e-002	0.16581	2.8175e-002	
21504	4.e-002	0.16531	2.829e-002	
21505	5.1422e-002	0.16731	2.7804e-002	
21506	5.3319e-002	0.16781	2.7673e-002	
21507	5.5212e-002	0.1683	2.7539e-002	
21508	5.7108e-002	0.1688	2.74e-002	
21509	5.9e-002	0.1693	2.7257e-002	
21510	5.9e-002	0.16532	2.8287e-002	
21511	5.7104e-002	0.16582	2.8172e-002	
21512	5.5211e-002	0.16632	2.8053e-002	
21513	5.3315e-002	0.16681	2.7931e-002	
21514	5.9e-002	0.16431	2.851e-002	
21515	5.6622e-002	0.16493	2.8375e-002	
21516	5.4249e-002	0.16556	2.8234e-002	
21517	5.1872e-002	0.16618	2.8086e-002	
21518	4.95e-002	0.1668	2.7933e-002	
21519	4.7128e-002	0.16618	2.8086e-002	
21520	4.4751e-002	0.16556	2.8234e-002	
21521	4.2378e-002	0.16493	2.8375e-002	
21522	4.e-002	0.16431	2.851e-002	
21523	5.9e-002	0.16532	2.9312e-002	
21524	5.9e-002	0.16431	2.9532e-002	
21525	4.e-002	0.16531	2.9315e-002	
21526	4.e-002	0.16431	2.9532e-002	
21527	4.e-002	0.1703	2.8003e-002	
21528	4.e-002	0.1693	2.8298e-002	
21529	5.9e-002	0.1703	2.8003e-002	
21530	5.9e-002	0.1693	2.8298e-002	
21531	4.7128e-002	0.16618	2.9114e-002	
21532	4.4751e-002	0.16556	2.926e-002	
21533	4.2378e-002	0.16493	2.9399e-002	
21534	4.95e-002	0.1668	2.8964e-002	
21535	5.6622e-002	0.16493	2.9399e-002	
21536	5.4249e-002	0.16556	2.926e-002	
21537	5.1872e-002	0.16618	2.9114e-002	
21538	5.7104e-002	0.16582	2.9199e-002	
21539	5.5211e-002	0.16632	2.9082e-002	
21540	5.3315e-002	0.16681	2.8961e-002	
21541	5.1422e-002	0.16731	2.8837e-002	
21542	5.3319e-002	0.16781	2.8708e-002	
21543	5.5212e-002	0.1683	2.8575e-002	
21544	5.7108e-002	0.1688	2.8438e-002	
21545	4.5698e-002	0.16681	2.8963e-002	
21546	4.3798e-002	0.16631	2.9084e-002	
21547	4.1901e-002	0.16581	2.9202e-002	
21548	4.7595e-002	0.1673	2.8838e-002	
21549	4.1896e-002	0.1688	2.8439e-002	
21550	4.3797e-002	0.1683	2.8576e-002	
21551	4.5694e-002	0.1678	2.8709e-002	
21552	4.7132e-002	0.16843	2.854e-002	
21553	4.4756e-002	0.16905	2.8368e-002	
21554	4.2375e-002	0.16967	2.8188e-002	
21555	4.9514e-002	0.16781	2.8707e-002	
21556	5.6632e-002	0.16967	2.8188e-002	
21557	5.4258e-002	0.16905	2.8368e-002	
21558	5.1889e-002	0.16843	2.854e-002	
21559	0.	0.2693	2.7257e-002	
21560	0.	0.2703	2.6958e-002	
21561	1.9e-002	0.26431	2.851e-002	
21562	1.6622e-002	0.26493	2.8375e-002	
21563	1.4249e-002	0.26556	2.8234e-002	
21564	1.1872e-002	0.26618	2.8086e-002	
21565	9.5e-003	0.2668	2.7933e-002	
21566	7.128e-003	0.26618	2.8086e-002	
21567	4.7507e-003	0.26556	2.8234e-002	
21568	2.3778e-003	0.26493	2.8375e-002	
21569	0.	0.26431	2.851e-002	
21570	1.8964e-003	0.2688	2.74e-002	
21571	3.7969e-003	0.2683	2.7539e-002	
21572	5.694e-003	0.2678	2.7674e-002	
21573	7.5949e-003	0.2673	2.7805e-002	
21574	5.6982e-003	0.26681	2.7932e-002	
21575	3.7979e-003	0.26631	2.8056e-002	
21576	1.9006e-003	0.26581	2.8175e-002	
21577	-7.8139e-018	0.26531	2.829e-002	
21578	1.9e-002	0.2703	2.6958e-002	
21579	1.6632e-002	0.26967	2.7146e-002	
21580	1.4258e-002	0.26905	2.7328e-002	
21581	1.1889e-002	0.26843	2.7503e-002	
21582	9.5141e-003	0.26781	2.7673e-002	
21583	7.132e-003	0.26843	2.7503e-002	
21584	4.7562e-003	0.26905	2.7328e-002	
21585	2.3747e-003	0.26967	2.7146e-002	
21586	1.1422e-002	0.26731	2.7804e-002	
21587	1.3319e-002	0.26781	2.7673e-002	
21588	1.5212e-002	0.2683	2.7539e-002	
21589	1.7108e-002	0.2688	2.74e-002	
21590	1.9e-002	0.2693	2.7257e-002	
21591	1.9e-002	0.26532	2.8287e-002	
21592	1.7104e-002	0.26582	2.8172e-002	
21593	1.5211e-002	0.26632	2.8053e-002	
21594	1.3315e-002	0.26681	2.7931e-002	
21595	0.	0.26431	2.9532e-002	
21596	-7.8139e-018	0.26531	2.9315e-002	
21597	1.9e-002	0.2703	2.8003e-002	
21598	1.9e-002	0.2693	2.8298e-002	
21599	1.9e-002	0.26431	2.9532e-002	
21600	1.9e-002	0.26532	2.9312e-002	
21601	1.7104e-002	0.26582	2.9199e-002	
21602	1.5211e-002	0.26632	2.9082e-002	
21603	1.3315e-002	0.26681	2.8961e-002	
21604	1.1422e-002	0.26731	2.8837e-002	
21605	1.3319e-002	0.26781	2.8708e-002	
21606	1.5212e-002	0.2683	2.8575e-002	
21607	1.7108e-002	0.2688	2.8438e-002	
21608	7.1321e-003	0.26843	2.854e-002	
21609	4.7562e-003	0.26905	2.8368e-002	
21610	2.3748e-003	0.26967	2.8188e-002	
21611	0.	0.2703	2.8003e-002	
21612	9.5141e-003	0.26781	2.8707e-002	
21613	1.6632e-002	0.26967	2.8188e-002	
21614	1.4258e-002	0.26905	2.8368e-002	
21615	1.1889e-002	0.26843	2.854e-002	
21616	5.6982e-003	0.26681	2.8963e-002	
21617	3.7979e-003	0.26631	2.9084e-002	
21618	1.9006e-003	0.26581	2.9202e-002	
21619	7.5949e-003	0.2673	2.8838e-002	
21620	1.8964e-003	0.2688	2.8439e-002	
21621	3.7969e-003	0.2683	2.8576e-002	
21622	5.694e-003	0.2678	2.8709e-002	
21623	0.	0.2693	2.8298e-002	
21624	7.128e-003	0.26618	2.9114e-002	
21625	4.7507e-003	0.26556	2.926e-002	
21626	2.3778e-003	0.26493	2.9399e-002	
21627	9.5e-003	0.2668	2.8964e-002	
21628	1.6622e-002	0.26493	2.9399e-002	
21629	1.4249e-002	0.26556	2.926e-002	
21630	1.1872e-002	0.26618	2.9114e-002	
21631	3.9e-002	0.2703	2.6958e-002	
21632	3.6632e-002	0.26967	2.7146e-002	
21633	3.4258e-002	0.26905	2.7328e-002	
21634	3.1889e-002	0.26843	2.7503e-002	
21635	2.9514e-002	0.26781	2.7673e-002	
21636	2.7132e-002	0.26843	2.7503e-002	
21637	2.4756e-002	0.26905	2.7328e-002	
21638	2.2375e-002	0.26967	2.7146e-002	
21639	2.e-002	0.2703	2.6958e-002	
21640	2.e-002	0.2693	2.7257e-002	
21641	2.1896e-002	0.2688	2.74e-002	
21642	2.3797e-002	0.2683	2.7539e-002	
21643	2.5694e-002	0.2678	2.7674e-002	
21644	2.7595e-002	0.2673	2.7805e-002	
21645	2.5698e-002	0.26681	2.7932e-002	
21646	2.3798e-002	0.26631	2.8056e-002	
21647	2.1901e-002	0.26581	2.8175e-002	
21648	2.e-002	0.26531	2.829e-002	
21649	3.1422e-002	0.26731	2.7804e-002	
21650	3.3319e-002	0.26781	2.7673e-002	
21651	3.5212e-002	0.2683	2.7539e-002	
21652	3.7108e-002	0.2688	2.74e-002	
21653	3.9e-002	0.2693	2.7257e-002	
21654	3.9e-002	0.26532	2.8287e-002	
21655	3.7104e-002	0.26582	2.8172e-002	
21656	3.5211e-002	0.26632	2.8053e-002	
21657	3.3315e-002	0.26681	2.7931e-002	
21658	3.9e-002	0.26431	2.851e-002	
21659	3.6622e-002	0.26493	2.8375e-002	
21660	3.4249e-002	0.26556	2.8234e-002	
21661	3.1872e-002	0.26618	2.8086e-002	
21662	2.95e-002	0.2668	2.7933e-002	
21663	2.7128e-002	0.26618	2.8086e-002	
21664	2.4751e-002	0.26556	2.8234e-002	
21665	2.2378e-002	0.26493	2.8375e-002	
21666	2.e-002	0.26431	2.851e-002	
21667	2.e-002	0.2703	2.8003e-002	
21668	2.e-002	0.2693	2.8298e-002	
21669	2.e-002	0.26531	2.9315e-002	
21670	2.e-002	0.26431	2.9532e-002	
21671	3.9e-002	0.2703	2.8003e-002	
21672	3.9e-002	0.2693	2.8298e-002	
21673	3.9e-002	0.26532	2.9312e-002	
21674	3.9e-002	0.26431	2.9532e-002	
21675	2.7128e-002	0.26618	2.9114e-002	
21676	2.4751e-002	0.26556	2.926e-002	
21677	2.2378e-002	0.26493	2.9399e-002	
21678	2.95e-002	0.2668	2.8964e-002	
21679	3.6622e-002	0.26493	2.9399e-002	
21680	3.4249e-002	0.26556	2.926e-002	
21681	3.1872e-002	0.26618	2.9114e-002	
21682	3.7104e-002	0.26582	2.9199e-002	
21683	3.5211e-002	0.26632	2.9082e-002	
21684	3.3315e-002	0.26681	2.8961e-002	
21685	3.1422e-002	0.26731	2.8837e-002	
21686	3.3319e-002	0.26781	2.8708e-002	
21687	3.5212e-002	0.2683	2.8575e-002	
21688	3.7108e-002	0.2688	2.8438e-002	
21689	2.5698e-002	0.26681	2.8963e-002	
21690	2.3798e-002	0.26631	2.9084e-002	
21691	2.1901e-002	0.26581	2.9202e-002	
21692	2.7595e-002	0.2673	2.8838e-002	
21693	2.1896e-002	0.2688	2.8439e-002	
21694	2.3797e-002	0.2683	2.8576e-002	
21695	2.5694e-002	0.2678	2.8709e-002	
21696	2.7132e-002	0.26843	2.854e-002	
21697	2.4756e-002	0.26905	2.8368e-002	
21698	2.2375e-002	0.26967	2.8188e-002	
21699	2.9514e-002	0.26781	2.8707e-002	
21700	3.6632e-002	0.26967	2.8188e-002	
21701	3.4258e-002	0.26905	2.8368e-002	
21702	3.1889e-002	0.26843	2.854e-002	
21703	5.9e-002	0.2703	2.6958e-002	
21704	5.6632e-002	0.26967	2.7146e-002	
21705	5.4258e-002	0.26905	2.7328e-002	
21706	5.1889e-002	0.26843	2.7503e-002	
21707	4.9514e-002	0.26781	2.7673e-002	
21708	4.7132e-002	0.26843	2.7503e-002	
21709	4.4756e-002	0.26905	2.7328e-002	
21710	4.2375e-002	0.26967	2.7146e-002	
21711	4.e-002	0.2703	2.6958e-002	
21712	4.e-002	0.2693	2.7257e-002	
21713	4.1896e-002	0.2688	2.74e-002	
21714	4.3797e-002	0.2683	2.7539e-002	
21715	4.5694e-002	0.2678	2.7674e-002	
21716	4.7595e-002	0.2673	2.7805e-002	
21717	4.5698e-002	0.26681	2.7932e-002	
21718	4.3798e-002	0.26631	2.8056e-002	
21719	4.1901e-002	0.26581	2.8175e-002	
21720	4.e-002	0.26531	2.829e-002	
21721	5.1422e-002	0.26731	2.7804e-002	
21722	5.3319e-002	0.26781	2.7673e-002	
21723	5.5212e-002	0.2683	2.7539e-002	
21724	5.7108e-002	0.2688	2.74e-002	
21725	5.9e-002	0.2693	2.7257e-002	
21726	5.9e-002	0.26532	2.8287e-002	
21727	5.7104e-002	0.26582	2.8172e-002	
21728	5.5211e-002	0.26632	2.8053e-002	
21729	5.3315e-002	0.26681	2.7931e-002	
21730	5.9e-002	0.26431	2.851e-002	
21731	5.6622e-002	0.26493	2.8375e-002	
21732	5.4249e-002	0.26556	2.8234e-002	
21733	5.1872e-002	0.26618	2.8086e-002	
21734	4.95e-002	0.2668	2.7933e-002	
21735	4.7128e-002	0.26618	2.8086e-002	
21736	4.4751e-002	0.26556	2.8234e-002	
21737	4.2378e-002	0.26493	2.8375e-002	
21738	4.e-002	0.26431	2.851e-002	
21739	4.e-002	0.2703	2.8003e-002	
21740	4.e-002	0.2693	2.8298e-002	
21741	4.e-002	0.26531	2.9315e-002	
21742	4.e-002	0.26431	2.9532e-002	
21743	5.9e-002	0.2703	2.8003e-002	
21744	5.9e-002	0.2693	2.8298e-002	
21745	5.9e-002	0.26532	2.9312e-002	
21746	5.9e-002	0.26431	2.9532e-002	
21747	4.7128e-002	0.26618	2.9114e-002	
21748	4.4751e-002	0.26556	2.926e-002	
21749	4.2378e-002	0.26493	2.9399e-002	
21750	4.95e-002	0.2668	2.8964e-002	
21751	5.6622e-002	0.26493	2.9399e-002	
21752	5.4249e-002	0.26556	2.926e-002	
21753	5.1872e-002	0.26618	2.9114e-002	
21754	5.7104e-002	0.26582	2.9199e-002	
21755	5.5211e-002	0.26632	2.9082e-002	
21756	5.3315e-002	0.26681	2.8961e-002	
21757	5.1422e-002	0.26731	2.8837e-002	
21758	5.3319e-002	0.26781	2.8708e-002	
21759	5.5212e-002	0.2683	2.8575e-002	
21760	5.7108e-002	0.2688	2.8438e-002	
21761	4.5698e-002	0.26681	2.8963e-002	
21762	4.3798e-002	0.26631	2.9084e-002	
21763	4.1901e-002	0.26581	2.9202e-002	
21764	4.7595e-002	0.2673	2.8838e-002	
21765	4.1896e-002	0.2688	2.8439e-002	
21766	4.3797e-002	0.2683	2.8576e-002	
21767	4.5694e-002	0.2678	2.8709e-002	
21768	4.7132e-002	0.26843	2.854e-002	
21769	4.4756e-002	0.26905	2.8368e-002	
21770	4.2375e-002	0.26967	2.8188e-002	
21771	4.9514e-002	0.26781	2.8707e-002	
21772	5.6632e-002	0.26967	2.8188e-002	
21773	5.4258e-002	0.26905	2.8368e-002	
21774	5.1889e-002	0.26843	2.854e-002	
21775	1.9e-002	3.7325e-002	2.8836e-002	
21776	1.7107e-002	3.782e-002	2.8927e-002	
21777	1.5211e-002	3.8316e-002	2.9014e-002	
21778	1.3318e-002	3.8811e-002	2.9097e-002	
21779	1.1422e-002	3.9308e-002	2.9177e-002	
21780	1.3315e-002	3.9804e-002	2.9253e-002	
21781	1.5211e-002	4.0302e-002	2.9325e-002	
21782	1.7104e-002	4.0799e-002	2.9394e-002	
21783	1.9e-002	4.1296e-002	2.9459e-002	
21784	9.5141e-003	3.9807e-002	2.9253e-002	
21785	7.1373e-003	4.0429e-002	2.9343e-002	
21786	4.7574e-003	4.1051e-002	2.9427e-002	
21787	2.38e-003	4.1674e-002	2.9506e-002	
21788	0.	4.2296e-002	2.9579e-002	
21789	1.9e-002	4.2296e-002	2.9579e-002	
21790	1.6627e-002	4.1674e-002	2.9506e-002	
21791	1.4257e-002	4.1051e-002	2.9427e-002	
21792	1.1884e-002	4.0429e-002	2.9343e-002	
21793	7.5949e-003	3.9303e-002	2.9176e-002	
21794	5.6949e-003	3.8804e-002	2.9096e-002	
21795	3.7971e-003	3.8306e-002	2.9012e-002	
21796	1.8973e-003	3.7808e-002	2.8924e-002	
21797	-7.8139e-018	3.731e-002	2.8833e-002	
21798	0.	4.1296e-002	2.9459e-002	
21799	1.8998e-003	4.0798e-002	2.9394e-002	
21800	3.7977e-003	4.03e-002	2.9325e-002	
21801	5.6973e-003	3.9801e-002	2.9252e-002	
21802	9.5e-003	3.8803e-002	2.9096e-002	
21803	7.1228e-003	3.8179e-002	2.899e-002	
21804	4.7495e-003	3.7556e-002	2.8879e-002	
21805	2.3726e-003	3.6932e-002	2.8762e-002	
21806	0.	3.631e-002	2.8638e-002	
21807	1.9e-002	3.631e-002	2.8638e-002	
21808	1.6627e-002	3.6932e-002	2.8762e-002	
21809	1.4251e-002	3.7556e-002	2.8879e-002	
21810	1.1877e-002	3.8179e-002	2.899e-002	
21811	1.9e-002	4.1296e-002	3.0467e-002	
21812	1.9e-002	4.2296e-002	3.0585e-002	
21813	1.9e-002	3.7325e-002	2.9853e-002	
21814	1.9e-002	3.631e-002	2.9658e-002	
21815	0.	4.2296e-002	3.0585e-002	
21816	0.	4.1296e-002	3.0467e-002	
21817	-7.8139e-018	3.731e-002	2.985e-002	
21818	0.	3.631e-002	2.9658e-002	
21819	1.6627e-002	3.6932e-002	2.978e-002	
21820	1.4251e-002	3.7556e-002	2.9895e-002	
21821	1.1877e-002	3.8179e-002	3.0005e-002	
21822	9.5e-003	3.8803e-002	3.0109e-002	
21823	7.1229e-003	3.8179e-002	3.0005e-002	
21824	4.7495e-003	3.7556e-002	2.9895e-002	
21825	2.3726e-003	3.6932e-002	2.978e-002	
21826	1.8998e-003	4.0798e-002	3.0403e-002	
21827	3.7977e-003	4.03e-002	3.0335e-002	
21828	5.6973e-003	3.9801e-002	3.0263e-002	
21829	7.5949e-003	3.9303e-002	3.0188e-002	
21830	5.6949e-003	3.8804e-002	3.0109e-002	
21831	3.7971e-003	3.8306e-002	3.0027e-002	
21832	1.8973e-003	3.7808e-002	2.994e-002	
21833	1.6627e-002	4.1674e-002	3.0513e-002	
21834	1.4257e-002	4.1051e-002	3.0436e-002	
21835	1.1884e-002	4.0429e-002	3.0353e-002	
21836	9.5141e-003	3.9807e-002	3.0264e-002	
21837	7.1373e-003	4.0429e-002	3.0353e-002	
21838	4.7574e-003	4.1051e-002	3.0436e-002	
21839	2.38e-003	4.1674e-002	3.0513e-002	
21840	1.3315e-002	3.9804e-002	3.0264e-002	
21841	1.5211e-002	4.0302e-002	3.0335e-002	
21842	1.7104e-002	4.0799e-002	3.0403e-002	
21843	1.1422e-002	3.9308e-002	3.0189e-002	
21844	1.7107e-002	3.782e-002	2.9942e-002	
21845	1.5211e-002	3.8316e-002	3.0028e-002	
21846	1.3318e-002	3.8811e-002	3.011e-002	
21847	3.9e-002	4.2296e-002	2.9579e-002	
21848	3.6627e-002	4.1674e-002	2.9506e-002	
21849	3.4257e-002	4.1051e-002	2.9427e-002	
21850	3.1884e-002	4.0429e-002	2.9343e-002	
21851	2.9514e-002	3.9807e-002	2.9253e-002	
21852	2.7137e-002	4.0429e-002	2.9343e-002	
21853	2.4757e-002	4.1051e-002	2.9427e-002	
21854	2.238e-002	4.1674e-002	2.9506e-002	
21855	2.e-002	4.2296e-002	2.9579e-002	
21856	2.e-002	4.1296e-002	2.9459e-002	
21857	2.19e-002	4.0798e-002	2.9394e-002	
21858	2.3798e-002	4.03e-002	2.9325e-002	
21859	2.5697e-002	3.9801e-002	2.9252e-002	
21860	2.7595e-002	3.9303e-002	2.9176e-002	
21861	2.5695e-002	3.8804e-002	2.9096e-002	
21862	2.3797e-002	3.8306e-002	2.9012e-002	
21863	2.1897e-002	3.7808e-002	2.8924e-002	
21864	2.e-002	3.731e-002	2.8833e-002	
21865	3.1422e-002	3.9308e-002	2.9177e-002	
21866	3.3315e-002	3.9804e-002	2.9253e-002	
21867	3.5211e-002	4.0302e-002	2.9325e-002	
21868	3.7104e-002	4.0799e-002	2.9394e-002	
21869	3.9e-002	4.1296e-002	2.9459e-002	
21870	3.9e-002	3.7325e-002	2.8836e-002	
21871	3.7107e-002	3.782e-002	2.8927e-002	
21872	3.5211e-002	3.8316e-002	2.9014e-002	
21873	3.3318e-002	3.8811e-002	2.9097e-002	
21874	3.9e-002	3.631e-002	2.8638e-002	
21875	3.6627e-002	3.6932e-002	2.8762e-002	
21876	3.4251e-002	3.7556e-002	2.8879e-002	
21877	3.1877e-002	3.8179e-002	2.899e-002	
21878	2.95e-002	3.8803e-002	2.9096e-002	
21879	2.7123e-002	3.8179e-002	2.899e-002	
21880	2.4749e-002	3.7556e-002	2.8879e-002	
21881	2.2373e-002	3.6932e-002	2.8762e-002	
21882	2.e-002	3.631e-002	2.8638e-002	
21883	3.9e-002	3.7325e-002	2.9853e-002	
21884	3.9e-002	3.631e-002	2.9658e-002	
21885	3.9e-002	4.2296e-002	3.0585e-002	
21886	3.9e-002	4.1296e-002	3.0467e-002	
21887	2.e-002	3.731e-002	2.985e-002	
21888	2.e-002	3.631e-002	2.9658e-002	
21889	2.e-002	4.2296e-002	3.0585e-002	
21890	2.e-002	4.1296e-002	3.0467e-002	
21891	2.7123e-002	3.8179e-002	3.0005e-002	
21892	2.4749e-002	3.7556e-002	2.9895e-002	
21893	2.2373e-002	3.6932e-002	2.978e-002	
21894	2.95e-002	3.8803e-002	3.0109e-002	
21895	3.6627e-002	3.6932e-002	2.978e-002	
21896	3.4251e-002	3.7556e-002	2.9895e-002	
21897	3.1877e-002	3.8179e-002	3.0005e-002	
21898	3.7107e-002	3.782e-002	2.9942e-002	
21899	3.5211e-002	3.8316e-002	3.0028e-002	
21900	3.3318e-002	3.8811e-002	3.011e-002	
21901	3.1422e-002	3.9308e-002	3.0189e-002	
21902	3.3315e-002	3.9804e-002	3.0264e-002	
21903	3.5211e-002	4.0302e-002	3.0335e-002	
21904	3.7104e-002	4.0799e-002	3.0403e-002	
21905	2.5695e-002	3.8804e-002	3.0109e-002	
21906	2.3797e-002	3.8306e-002	3.0027e-002	
21907	2.1897e-002	3.7808e-002	2.994e-002	
21908	2.7595e-002	3.9303e-002	3.0188e-002	
21909	2.19e-002	4.0798e-002	3.0403e-002	
21910	2.3798e-002	4.03e-002	3.0335e-002	
21911	2.5697e-002	3.9801e-002	3.0263e-002	
21912	2.7137e-002	4.0429e-002	3.0353e-002	
21913	2.4757e-002	4.1051e-002	3.0436e-002	
21914	2.238e-002	4.1674e-002	3.0513e-002	
21915	2.9514e-002	3.9807e-002	3.0264e-002	
21916	3.6627e-002	4.1674e-002	3.0513e-002	
21917	3.4257e-002	4.1051e-002	3.0436e-002	
21918	3.1884e-002	4.0429e-002	3.0353e-002	
21919	5.9e-002	4.2296e-002	2.9579e-002	
21920	5.6627e-002	4.1674e-002	2.9506e-002	
21921	5.4257e-002	4.1051e-002	2.9427e-002	
21922	5.1884e-002	4.0429e-002	2.9343e-002	
21923	4.9514e-002	3.9807e-002	2.9253e-002	
21924	4.7137e-002	4.0429e-002	2.9343e-002	
21925	4.4757e-002	4.1051e-002	2.9427e-002	
21926	4.238e-002	4.1674e-002	2.9506e-002	
21927	4.e-002	4.2296e-002	2.9579e-002	
21928	4.e-002	4.1296e-002	2.9459e-002	
21929	4.19e-002	4.0798e-002	2.9394e-002	
21930	4.3798e-002	4.03e-002	2.9325e-002	
21931	4.5697e-002	3.9801e-002	2.9252e-002	
21932	4.7595e-002	3.9303e-002	2.9176e-002	
21933	4.5695e-002	3.8804e-002	2.9096e-002	
21934	4.3797e-002	3.8306e-002	2.9012e-002	
21935	4.1897e-002	3.7808e-002	2.8924e-002	
21936	4.e-002	3.731e-002	2.8833e-002	
21937	5.1422e-002	3.9308e-002	2.9177e-002	
21938	5.3315e-002	3.9804e-002	2.9253e-002	
21939	5.5211e-002	4.0302e-002	2.9325e-002	
21940	5.7104e-002	4.0799e-002	2.9394e-002	
21941	5.9e-002	4.1296e-002	2.9459e-002	
21942	5.9e-002	3.7325e-002	2.8836e-002	
21943	5.7107e-002	3.782e-002	2.8927e-002	
21944	5.5211e-002	3.8316e-002	2.9014e-002	
21945	5.3318e-002	3.8811e-002	2.9097e-002	
21946	5.9e-002	3.631e-002	2.8638e-002	
21947	5.6627e-002	3.6932e-002	2.8762e-002	
21948	5.4251e-002	3.7556e-002	2.8879e-002	
21949	5.1877e-002	3.8179e-002	2.899e-002	
21950	4.95e-002	3.8803e-002	2.9096e-002	
21951	4.7123e-002	3.8179e-002	2.899e-002	
21952	4.4749e-002	3.7556e-002	2.8879e-002	
21953	4.2373e-002	3.6932e-002	2.8762e-002	
21954	4.e-002	3.631e-002	2.8638e-002	
21955	5.9e-002	3.7325e-002	2.9853e-002	
21956	5.9e-002	3.631e-002	2.9658e-002	
21957	5.9e-002	4.2296e-002	3.0585e-002	
21958	5.9e-002	4.1296e-002	3.0467e-002	
21959	4.e-002	3.731e-002	2.985e-002	
21960	4.e-002	3.631e-002	2.9658e-002	
21961	4.e-002	4.2296e-002	3.0585e-002	
21962	4.e-002	4.1296e-002	3.0467e-002	
21963	4.7123e-002	3.8179e-002	3.0005e-002	
21964	4.4749e-002	3.7556e-002	2.9895e-002	
21965	4.2373e-002	3.6932e-002	2.978e-002	
21966	4.95e-002	3.8803e-002	3.0109e-002	
21967	5.6627e-002	3.6932e-002	2.978e-002	
21968	5.4251e-002	3.7556e-002	2.9895e-002	
21969	5.1877e-002	3.8179e-002	3.0005e-002	
21970	5.7107e-002	3.782e-002	2.9942e-002	
21971	5.5211e-002	3.8316e-002	3.0028e-002	
21972	5.3318e-002	3.8811e-002	3.011e-002	
21973	5.1422e-002	3.9308e-002	3.0189e-002	
21974	5.3315e-002	3.9804e-002	3.0264e-002	
21975	5.5211e-002	4.0302e-002	3.0335e-002	
21976	5.7104e-002	4.0799e-002	3.0403e-002	
21977	4.5695e-002	3.8804e-002	3.0109e-002	
21978	4.3797e-002	3.8306e-002	3.0027e-002	
21979	4.1897e-002	3.7808e-002	2.994e-002	
21980	4.7595e-002	3.9303e-002	3.0188e-002	
21981	4.19e-002	4.0798e-002	3.0403e-002	
21982	4.3798e-002	4.03e-002	3.0335e-002	
21983	4.5697e-002	3.9801e-002	3.0263e-002	
21984	4.7137e-002	4.0429e-002	3.0353e-002	
21985	4.4757e-002	4.1051e-002	3.0436e-002	
21986	4.238e-002	4.1674e-002	3.0513e-002	
21987	4.9514e-002	3.9807e-002	3.0264e-002	
21988	5.6627e-002	4.1674e-002	3.0513e-002	
21989	5.4257e-002	4.1051e-002	3.0436e-002	
21990	5.1884e-002	4.0429e-002	3.0353e-002	
21991	1.9e-002	0.1423	2.9579e-002	
21992	1.6627e-002	0.14167	2.9506e-002	
21993	1.4257e-002	0.14105	2.9427e-002	
21994	1.1884e-002	0.14043	2.9343e-002	
21995	9.5141e-003	0.13981	2.9253e-002	
21996	7.1373e-003	0.14043	2.9343e-002	
21997	4.7574e-003	0.14105	2.9427e-002	
21998	2.38e-003	0.14167	2.9506e-002	
21999	0.	0.1423	2.9579e-002	
22000	0.	0.1413	2.9459e-002	
22001	1.9007e-003	0.1408	2.9394e-002	
22002	3.7977e-003	0.1403	2.9325e-002	
22003	5.6973e-003	0.1398	2.9252e-002	
22004	7.5949e-003	0.1393	2.9176e-002	
22005	5.6949e-003	0.1388	2.9096e-002	
22006	3.7971e-003	0.13831	2.9012e-002	
22007	1.8973e-003	0.13781	2.8924e-002	
22008	-7.8139e-018	0.13731	2.8833e-002	
22009	1.1422e-002	0.13931	2.9177e-002	
22010	1.3315e-002	0.1398	2.9253e-002	
22011	1.5211e-002	0.1403	2.9325e-002	
22012	1.7104e-002	0.1408	2.9394e-002	
22013	1.9e-002	0.1413	2.9459e-002	
22014	1.9e-002	0.13732	2.8836e-002	
22015	1.7107e-002	0.13782	2.8927e-002	
22016	1.5211e-002	0.13832	2.9014e-002	
22017	1.3318e-002	0.13881	2.9097e-002	
22018	1.9e-002	0.13631	2.8638e-002	
22019	1.6627e-002	0.13693	2.8762e-002	
22020	1.4251e-002	0.13756	2.8879e-002	
22021	1.1877e-002	0.13818	2.899e-002	
22022	9.5e-003	0.1388	2.9096e-002	
22023	7.1228e-003	0.13818	2.899e-002	
22024	4.7495e-003	0.13756	2.8879e-002	
22025	2.3726e-003	0.13693	2.8762e-002	
22026	0.	0.13631	2.8638e-002	
22027	1.9e-002	0.13732	2.9853e-002	
22028	1.9e-002	0.13631	2.9658e-002	
22029	1.9e-002	0.1423	3.0585e-002	
22030	1.9e-002	0.1413	3.0467e-002	
22031	-7.8139e-018	0.13731	2.985e-002	
22032	0.	0.13631	2.9658e-002	
22033	0.	0.1423	3.0585e-002	
22034	0.	0.1413	3.0467e-002	
22035	7.1229e-003	0.13818	3.0005e-002	
22036	4.7495e-003	0.13756	2.9895e-002	
22037	2.3726e-003	0.13693	2.978e-002	
22038	9.5e-003	0.1388	3.0109e-002	
22039	1.6627e-002	0.13693	2.978e-002	
22040	1.4251e-002	0.13756	2.9895e-002	
22041	1.1877e-002	0.13818	3.0005e-002	
22042	1.7107e-002	0.13782	2.9942e-002	
22043	1.5211e-002	0.13832	3.0028e-002	
22044	1.3318e-002	0.13881	3.011e-002	
22045	1.1422e-002	0.13931	3.0189e-002	
22046	1.3314e-002	0.1398	3.0264e-002	
22047	1.5211e-002	0.1403	3.0335e-002	
22048	1.7104e-002	0.1408	3.0403e-002	
22049	5.6949e-003	0.1388	3.0109e-002	
22050	3.7971e-003	0.13831	3.0027e-002	
22051	1.8973e-003	0.13781	2.994e-002	
22052	7.5949e-003	0.1393	3.0188e-002	
22053	1.9006e-003	0.1408	3.0403e-002	
22054	3.7977e-003	0.1403	3.0335e-002	
22055	5.6983e-003	0.1398	3.0263e-002	
22056	7.1373e-003	0.14043	3.0353e-002	
22057	4.7574e-003	0.14105	3.0436e-002	
22058	2.38e-003	0.14167	3.0513e-002	
22059	9.5141e-003	0.13981	3.0264e-002	
22060	1.6627e-002	0.14167	3.0513e-002	
22061	1.4257e-002	0.14105	3.0436e-002	
22062	1.1884e-002	0.14043	3.0353e-002	
22063	3.9e-002	0.1423	2.9579e-002	
22064	3.6627e-002	0.14167	2.9506e-002	
22065	3.4257e-002	0.14105	2.9427e-002	
22066	3.1884e-002	0.14043	2.9343e-002	
22067	2.9514e-002	0.13981	2.9253e-002	
22068	2.7137e-002	0.14043	2.9343e-002	
22069	2.4757e-002	0.14105	2.9427e-002	
22070	2.238e-002	0.14167	2.9506e-002	
22071	2.e-002	0.1423	2.9579e-002	
22072	2.e-002	0.1413	2.9459e-002	
22073	2.19e-002	0.1408	2.9394e-002	
22074	2.3798e-002	0.1403	2.9325e-002	
22075	2.5697e-002	0.1398	2.9252e-002	
22076	2.7595e-002	0.1393	2.9176e-002	
22077	2.5695e-002	0.1388	2.9096e-002	
22078	2.3797e-002	0.13831	2.9012e-002	
22079	2.1897e-002	0.13781	2.8924e-002	
22080	2.e-002	0.13731	2.8833e-002	
22081	3.1422e-002	0.13931	2.9177e-002	
22082	3.3315e-002	0.1398	2.9253e-002	
22083	3.5211e-002	0.1403	2.9325e-002	
22084	3.7104e-002	0.1408	2.9394e-002	
22085	3.9e-002	0.1413	2.9459e-002	
22086	3.9e-002	0.13732	2.8836e-002	
22087	3.7107e-002	0.13782	2.8927e-002	
22088	3.5211e-002	0.13832	2.9014e-002	
22089	3.3318e-002	0.13881	2.9097e-002	
22090	3.9e-002	0.13631	2.8638e-002	
22091	3.6627e-002	0.13693	2.8762e-002	
22092	3.4251e-002	0.13756	2.8879e-002	
22093	3.1877e-002	0.13818	2.899e-002	
22094	2.95e-002	0.1388	2.9096e-002	
22095	2.7123e-002	0.13818	2.899e-002	
22096	2.4749e-002	0.13756	2.8879e-002	
22097	2.2373e-002	0.13693	2.8762e-002	
22098	2.e-002	0.13631	2.8638e-002	
22099	3.9e-002	0.13732	2.9853e-002	
22100	3.9e-002	0.13631	2.9658e-002	
22101	3.9e-002	0.1423	3.0585e-002	
22102	3.9e-002	0.1413	3.0467e-002	
22103	2.e-002	0.13731	2.985e-002	
22104	2.e-002	0.13631	2.9658e-002	
22105	2.e-002	0.1423	3.0585e-002	
22106	2.e-002	0.1413	3.0467e-002	
22107	2.7123e-002	0.13818	3.0005e-002	
22108	2.4749e-002	0.13756	2.9895e-002	
22109	2.2373e-002	0.13693	2.978e-002	
22110	2.95e-002	0.1388	3.0109e-002	
22111	3.6627e-002	0.13693	2.978e-002	
22112	3.4251e-002	0.13756	2.9895e-002	
22113	3.1877e-002	0.13818	3.0005e-002	
22114	3.7107e-002	0.13782	2.9942e-002	
22115	3.5211e-002	0.13832	3.0028e-002	
22116	3.3318e-002	0.13881	3.011e-002	
22117	3.1422e-002	0.13931	3.0189e-002	
22118	3.3315e-002	0.1398	3.0264e-002	
22119	3.5211e-002	0.1403	3.0335e-002	
22120	3.7104e-002	0.1408	3.0403e-002	
22121	2.5695e-002	0.1388	3.0109e-002	
22122	2.3797e-002	0.13831	3.0027e-002	
22123	2.1897e-002	0.13781	2.994e-002	
22124	2.7595e-002	0.1393	3.0188e-002	
22125	2.19e-002	0.1408	3.0403e-002	
22126	2.3798e-002	0.1403	3.0335e-002	
22127	2.5697e-002	0.1398	3.0263e-002	
22128	2.7137e-002	0.14043	3.0353e-002	
22129	2.4757e-002	0.14105	3.0436e-002	
22130	2.238e-002	0.14167	3.0513e-002	
22131	2.9514e-002	0.13981	3.0264e-002	
22132	3.6627e-002	0.14167	3.0513e-002	
22133	3.4257e-002	0.14105	3.0436e-002	
22134	3.1884e-002	0.14043	3.0353e-002	
22135	5.9e-002	0.1423	2.9579e-002	
22136	5.6627e-002	0.14167	2.9506e-002	
22137	5.4257e-002	0.14105	2.9427e-002	
22138	5.1884e-002	0.14043	2.9343e-002	
22139	4.9514e-002	0.13981	2.9253e-002	
22140	4.7137e-002	0.14043	2.9343e-002	
22141	4.4757e-002	0.14105	2.9427e-002	
22142	4.238e-002	0.14167	2.9506e-002	
22143	4.e-002	0.1423	2.9579e-002	
22144	4.e-002	0.1413	2.9459e-002	
22145	4.19e-002	0.1408	2.9394e-002	
22146	4.3798e-002	0.1403	2.9325e-002	
22147	4.5697e-002	0.1398	2.9252e-002	
22148	4.7595e-002	0.1393	2.9176e-002	
22149	4.5695e-002	0.1388	2.9096e-002	
22150	4.3797e-002	0.13831	2.9012e-002	
22151	4.1897e-002	0.13781	2.8924e-002	
22152	4.e-002	0.13731	2.8833e-002	
22153	5.1422e-002	0.13931	2.9177e-002	
22154	5.3315e-002	0.1398	2.9253e-002	
22155	5.5211e-002	0.1403	2.9325e-002	
22156	5.7104e-002	0.1408	2.9394e-002	
22157	5.9e-002	0.1413	2.9459e-002	
22158	5.9e-002	0.13732	2.8836e-002	
22159	5.7107e-002	0.13782	2.8927e-002	
22160	5.5211e-002	0.13832	2.9014e-002	
22161	5.3318e-002	0.13881	2.9097e-002	
22162	5.9e-002	0.13631	2.8638e-002	
22163	5.6627e-002	0.13693	2.8762e-002	
22164	5.4251e-002	0.13756	2.8879e-002	
22165	5.1877e-002	0.13818	2.899e-002	
22166	4.95e-002	0.1388	2.9096e-002	
22167	4.7123e-002	0.13818	2.899e-002	
22168	4.4749e-002	0.13756	2.8879e-002	
22169	4.2373e-002	0.13693	2.8762e-002	
22170	4.e-002	0.13631	2.8638e-002	
22171	5.9e-002	0.13732	2.9853e-002	
22172	5.9e-002	0.13631	2.9658e-002	
22173	5.9e-002	0.1423	3.0585e-002	
22174	5.9e-002	0.1413	3.0467e-002	
22175	4.e-002	0.13731	2.985e-002	
22176	4.e-002	0.13631	2.9658e-002	
22177	4.e-002	0.1423	3.0585e-002	
22178	4.e-002	0.1413	3.0467e-002	
22179	4.7123e-002	0.13818	3.0005e-002	
22180	4.4749e-002	0.13756	2.9895e-002	
22181	4.2373e-002	0.13693	2.978e-002	
22182	4.95e-002	0.1388	3.0109e-002	
22183	5.6627e-002	0.13693	2.978e-002	
22184	5.4251e-002	0.13756	2.9895e-002	
22185	5.1877e-002	0.13818	3.0005e-002	
22186	5.7107e-002	0.13782	2.9942e-002	
22187	5.5211e-002	0.13832	3.0028e-002	
22188	5.3318e-002	0.13881	3.011e-002	
22189	5.1422e-002	0.13931	3.0189e-002	
22190	5.3315e-002	0.1398	3.0264e-002	
22191	5.5211e-002	0.1403	3.0335e-002	
22192	5.7104e-002	0.1408	3.0403e-002	
22193	4.5695e-002	0.1388	3.0109e-002	
22194	4.3797e-002	0.13831	3.0027e-002	
22195	4.1897e-002	0.13781	2.994e-002	
22196	4.7595e-002	0.1393	3.0188e-002	
22197	4.19e-002	0.1408	3.0403e-002	
22198	4.3798e-002	0.1403	3.0335e-002	
22199	4.5697e-002	0.1398	3.0263e-002	
22200	4.7137e-002	0.14043	3.0353e-002	
22201	4.4757e-002	0.14105	3.0436e-002	
22202	4.238e-002	0.14167	3.0513e-002	
22203	4.9514e-002	0.13981	3.0264e-002	
22204	5.6627e-002	0.14167	3.0513e-002	
22205	5.4257e-002	0.14105	3.0436e-002	
22206	5.1884e-002	0.14043	3.0353e-002	
22207	1.9e-002	0.23631	2.8638e-002	
22208	1.6627e-002	0.23693	2.8762e-002	
22209	1.4251e-002	0.23756	2.8879e-002	
22210	1.1877e-002	0.23818	2.899e-002	
22211	9.5e-003	0.2388	2.9096e-002	
22212	7.1228e-003	0.23818	2.899e-002	
22213	4.7495e-003	0.23756	2.8879e-002	
22214	2.3726e-003	0.23693	2.8762e-002	
22215	0.	0.23631	2.8638e-002	
22216	-3.4694e-018	0.2413	2.9459e-002	
22217	1.8998e-003	0.2408	2.9394e-002	
22218	3.7977e-003	0.2403	2.9325e-002	
22219	5.6973e-003	0.2398	2.9252e-002	
22220	7.5949e-003	0.2393	2.9176e-002	
22221	5.6949e-003	0.2388	2.9096e-002	
22222	3.7971e-003	0.23831	2.9012e-002	
22223	1.8973e-003	0.23781	2.8924e-002	
22224	-7.8139e-018	0.23731	2.8833e-002	
22225	1.9e-002	0.2423	2.9579e-002	
22226	1.6627e-002	0.24167	2.9506e-002	
22227	1.4257e-002	0.24105	2.9427e-002	
22228	1.1884e-002	0.24043	2.9343e-002	
22229	9.5141e-003	0.23981	2.9253e-002	
22230	7.1373e-003	0.24043	2.9343e-002	
22231	4.7574e-003	0.24105	2.9427e-002	
22232	2.38e-003	0.24167	2.9506e-002	
22233	0.	0.2423	2.9579e-002	
22234	1.1422e-002	0.23931	2.9177e-002	
22235	1.3315e-002	0.2398	2.9253e-002	
22236	1.5211e-002	0.2403	2.9325e-002	
22237	1.7104e-002	0.2408	2.9394e-002	
22238	1.9e-002	0.2413	2.9459e-002	
22239	1.9e-002	0.23732	2.8836e-002	
22240	1.7107e-002	0.23782	2.8927e-002	
22241	1.5211e-002	0.23832	2.9014e-002	
22242	1.3318e-002	0.23881	2.9097e-002	
22243	1.9e-002	0.23631	2.9658e-002	
22244	1.9e-002	0.23732	2.9853e-002	
22245	0.	0.23631	2.9658e-002	
22246	-7.8139e-018	0.23731	2.985e-002	
22247	1.9e-002	0.2423	3.0585e-002	
22248	1.9e-002	0.2413	3.0467e-002	
22249	0.	0.2413	3.0467e-002	
22250	0.	0.2423	3.0585e-002	
22251	1.7107e-002	0.23782	2.9942e-002	
22252	1.5211e-002	0.23832	3.0028e-002	
22253	1.3318e-002	0.23881	3.011e-002	
22254	1.1422e-002	0.23931	3.0189e-002	
22255	1.3315e-002	0.2398	3.0264e-002	
22256	1.5211e-002	0.2403	3.0335e-002	
22257	1.7104e-002	0.2408	3.0403e-002	
22258	7.1373e-003	0.24043	3.0353e-002	
22259	4.7574e-003	0.24105	3.0436e-002	
22260	2.38e-003	0.24167	3.0513e-002	
22261	9.5141e-003	0.23981	3.0264e-002	
22262	1.6627e-002	0.24167	3.0513e-002	
22263	1.4257e-002	0.24105	3.0436e-002	
22264	1.1884e-002	0.24043	3.0353e-002	
22265	5.6949e-003	0.2388	3.0109e-002	
22266	3.7971e-003	0.23831	3.0027e-002	
22267	1.8973e-003	0.23781	2.994e-002	
22268	7.5949e-003	0.2393	3.0188e-002	
22269	1.8998e-003	0.2408	3.0403e-002	
22270	3.7977e-003	0.2403	3.0335e-002	
22271	5.6973e-003	0.2398	3.0263e-002	
22272	7.1229e-003	0.23818	3.0005e-002	
22273	4.7495e-003	0.23756	2.9895e-002	
22274	2.3726e-003	0.23693	2.978e-002	
22275	9.5e-003	0.2388	3.0109e-002	
22276	1.6627e-002	0.23693	2.978e-002	
22277	1.4251e-002	0.23756	2.9895e-002	
22278	1.1877e-002	0.23818	3.0005e-002	
22279	3.9e-002	0.2423	2.9579e-002	
22280	3.6627e-002	0.24167	2.9506e-002	
22281	3.4257e-002	0.24105	2.9427e-002	
22282	3.1884e-002	0.24043	2.9343e-002	
22283	2.9514e-002	0.23981	2.9253e-002	
22284	2.7137e-002	0.24043	2.9343e-002	
22285	2.4757e-002	0.24105	2.9427e-002	
22286	2.238e-002	0.24167	2.9506e-002	
22287	2.e-002	0.2423	2.9579e-002	
22288	2.e-002	0.2413	2.9459e-002	
22289	2.19e-002	0.2408	2.9394e-002	
22290	2.3798e-002	0.2403	2.9325e-002	
22291	2.5697e-002	0.2398	2.9252e-002	
22292	2.7595e-002	0.2393	2.9176e-002	
22293	2.5695e-002	0.2388	2.9096e-002	
22294	2.3797e-002	0.23831	2.9012e-002	
22295	2.1897e-002	0.23781	2.8924e-002	
22296	2.e-002	0.23731	2.8833e-002	
22297	3.1422e-002	0.23931	2.9177e-002	
22298	3.3315e-002	0.2398	2.9253e-002	
22299	3.5211e-002	0.2403	2.9325e-002	
22300	3.7104e-002	0.2408	2.9394e-002	
22301	3.9e-002	0.2413	2.9459e-002	
22302	3.9e-002	0.23732	2.8836e-002	
22303	3.7107e-002	0.23782	2.8927e-002	
22304	3.5211e-002	0.23832	2.9014e-002	
22305	3.3318e-002	0.23881	2.9097e-002	
22306	3.9e-002	0.23631	2.8638e-002	
22307	3.6627e-002	0.23693	2.8762e-002	
22308	3.4251e-002	0.23756	2.8879e-002	
22309	3.1877e-002	0.23818	2.899e-002	
22310	2.95e-002	0.2388	2.9096e-002	
22311	2.7123e-002	0.23818	2.899e-002	
22312	2.4749e-002	0.23756	2.8879e-002	
22313	2.2373e-002	0.23693	2.8762e-002	
22314	2.e-002	0.23631	2.8638e-002	
22315	3.9e-002	0.23732	2.9853e-002	
22316	3.9e-002	0.23631	2.9658e-002	
22317	3.9e-002	0.2423	3.0585e-002	
22318	3.9e-002	0.2413	3.0467e-002	
22319	2.e-002	0.23731	2.985e-002	
22320	2.e-002	0.23631	2.9658e-002	
22321	2.e-002	0.2423	3.0585e-002	
22322	2.e-002	0.2413	3.0467e-002	
22323	2.7123e-002	0.23818	3.0005e-002	
22324	2.4749e-002	0.23756	2.9895e-002	
22325	2.2373e-002	0.23693	2.978e-002	
22326	2.95e-002	0.2388	3.0109e-002	
22327	3.6627e-002	0.23693	2.978e-002	
22328	3.4251e-002	0.23756	2.9895e-002	
22329	3.1877e-002	0.23818	3.0005e-002	
22330	3.7107e-002	0.23782	2.9942e-002	
22331	3.5211e-002	0.23832	3.0028e-002	
22332	3.3318e-002	0.23881	3.011e-002	
22333	3.1422e-002	0.23931	3.0189e-002	
22334	3.3315e-002	0.2398	3.0264e-002	
22335	3.5211e-002	0.2403	3.0335e-002	
22336	3.7104e-002	0.2408	3.0403e-002	
22337	2.5695e-002	0.2388	3.0109e-002	
22338	2.3797e-002	0.23831	3.0027e-002	
22339	2.1897e-002	0.23781	2.994e-002	
22340	2.7595e-002	0.2393	3.0188e-002	
22341	2.19e-002	0.2408	3.0403e-002	
22342	2.3798e-002	0.2403	3.0335e-002	
22343	2.5697e-002	0.2398	3.0263e-002	
22344	2.7137e-002	0.24043	3.0353e-002	
22345	2.4757e-002	0.24105	3.0436e-002	
22346	2.238e-002	0.24167	3.0513e-002	
22347	2.9514e-002	0.23981	3.0264e-002	
22348	3.6627e-002	0.24167	3.0513e-002	
22349	3.4257e-002	0.24105	3.0436e-002	
22350	3.1884e-002	0.24043	3.0353e-002	
22351	5.9e-002	0.2423	2.9579e-002	
22352	5.6627e-002	0.24167	2.9506e-002	
22353	5.4257e-002	0.24105	2.9427e-002	
22354	5.1884e-002	0.24043	2.9343e-002	
22355	4.9514e-002	0.23981	2.9253e-002	
22356	4.7137e-002	0.24043	2.9343e-002	
22357	4.4757e-002	0.24105	2.9427e-002	
22358	4.238e-002	0.24167	2.9506e-002	
22359	4.e-002	0.2423	2.9579e-002	
22360	4.e-002	0.2413	2.9459e-002	
22361	4.19e-002	0.2408	2.9394e-002	
22362	4.3798e-002	0.2403	2.9325e-002	
22363	4.5697e-002	0.2398	2.9252e-002	
22364	4.7595e-002	0.2393	2.9176e-002	
22365	4.5695e-002	0.2388	2.9096e-002	
22366	4.3797e-002	0.23831	2.9012e-002	
22367	4.1897e-002	0.23781	2.8924e-002	
22368	4.e-002	0.23731	2.8833e-002	
22369	5.1422e-002	0.23931	2.9177e-002	
22370	5.3315e-002	0.2398	2.9253e-002	
22371	5.5211e-002	0.2403	2.9325e-002	
22372	5.7104e-002	0.2408	2.9394e-002	
22373	5.9e-002	0.2413	2.9459e-002	
22374	5.9e-002	0.23732	2.8836e-002	
22375	5.7107e-002	0.23782	2.8927e-002	
22376	5.5211e-002	0.23832	2.9014e-002	
22377	5.3318e-002	0.23881	2.9097e-002	
22378	5.9e-002	0.23631	2.8638e-002	
22379	5.6627e-002	0.23693	2.8762e-002	
22380	5.4251e-002	0.23756	2.8879e-002	
22381	5.1877e-002	0.23818	2.899e-002	
22382	4.95e-002	0.2388	2.9096e-002	
22383	4.7123e-002	0.23818	2.899e-002	
22384	4.4749e-002	0.23756	2.8879e-002	
22385	4.2373e-002	0.23693	2.8762e-002	
22386	4.e-002	0.23631	2.8638e-002	
22387	5.9e-002	0.23732	2.9853e-002	
22388	5.9e-002	0.23631	2.9658e-002	
22389	4.e-002	0.2423	3.0585e-002	
22390	4.e-002	0.2413	3.0467e-002	
22391	4.e-002	0.23731	2.985e-002	
22392	4.e-002	0.23631	2.9658e-002	
22393	5.9e-002	0.2423	3.0585e-002	
22394	5.9e-002	0.2413	3.0467e-002	
22395	4.7123e-002	0.23818	3.0005e-002	
22396	4.4749e-002	0.23756	2.9895e-002	
22397	4.2373e-002	0.23693	2.978e-002	
22398	4.95e-002	0.2388	3.0109e-002	
22399	5.6627e-002	0.23693	2.978e-002	
22400	5.4251e-002	0.23756	2.9895e-002	
22401	5.1877e-002	0.23818	3.0005e-002	
22402	5.7107e-002	0.23782	2.9942e-002	
22403	5.5211e-002	0.23832	3.0028e-002	
22404	5.3318e-002	0.23881	3.011e-002	
22405	5.1422e-002	0.23931	3.0189e-002	
22406	5.3315e-002	0.2398	3.0264e-002	
22407	5.5211e-002	0.2403	3.0335e-002	
22408	5.7104e-002	0.2408	3.0403e-002	
22409	4.5695e-002	0.2388	3.0109e-002	
22410	4.3797e-002	0.23831	3.0027e-002	
22411	4.1897e-002	0.23781	2.994e-002	
22412	4.7595e-002	0.2393	3.0188e-002	
22413	4.19e-002	0.2408	3.0403e-002	
22414	4.3798e-002	0.2403	3.0335e-002	
22415	4.5697e-002	0.2398	3.0263e-002	
22416	4.7137e-002	0.24043	3.0353e-002	
22417	4.4757e-002	0.24105	3.0436e-002	
22418	4.238e-002	0.24167	3.0513e-002	
22419	4.9514e-002	0.23981	3.0264e-002	
22420	5.6627e-002	0.24167	3.0513e-002	
22421	5.4257e-002	0.24105	3.0436e-002	
22422	5.1884e-002	0.24043	3.0353e-002	
22423	1.9e-002	5.8325e-002	2.9506e-002	
22424	1.7104e-002	5.8821e-002	2.9444e-002	
22425	1.5211e-002	5.9316e-002	2.9378e-002	
22426	1.3315e-002	5.9812e-002	2.9309e-002	
22427	1.1422e-002	6.0308e-002	2.9236e-002	
22428	1.3318e-002	6.0805e-002	2.9159e-002	
22429	1.5211e-002	6.1302e-002	2.9078e-002	
22430	1.7107e-002	6.18e-002	2.8994e-002	
22431	1.9e-002	6.2296e-002	2.8906e-002	
22432	9.5141e-003	6.0807e-002	2.9159e-002	
22433	7.1335e-003	6.143e-002	2.9057e-002	
22434	4.7565e-003	6.2052e-002	2.895e-002	
22435	2.3762e-003	6.2675e-002	2.8836e-002	
22436	0.	6.3296e-002	2.8717e-002	
22437	1.9e-002	6.3296e-002	2.8717e-002	
22438	1.6631e-002	6.2675e-002	2.8836e-002	
22439	1.4258e-002	6.2052e-002	2.895e-002	
22440	1.1888e-002	6.143e-002	2.9057e-002	
22441	7.5949e-003	6.0303e-002	2.9237e-002	
22442	5.6973e-003	5.9805e-002	2.931e-002	
22443	3.7977e-003	5.9307e-002	2.938e-002	
22444	1.8997e-003	5.8808e-002	2.9446e-002	
22445	-7.8139e-018	5.831e-002	2.9508e-002	
22446	0.	6.2296e-002	2.8906e-002	
22447	1.8974e-003	6.1798e-002	2.8994e-002	
22448	3.7971e-003	6.13e-002	2.9079e-002	
22449	5.6949e-003	6.0802e-002	2.9159e-002	
22450	9.5e-003	5.9803e-002	2.931e-002	
22451	7.1266e-003	5.918e-002	2.9397e-002	
22452	4.7504e-003	5.8557e-002	2.9478e-002	
22453	2.3764e-003	5.7933e-002	2.9553e-002	
22454	0.	5.731e-002	2.9622e-002	
22455	1.9e-002	5.731e-002	2.9622e-002	
22456	1.6624e-002	5.7933e-002	2.9553e-002	
22457	1.425e-002	5.8557e-002	2.9478e-002	
22458	1.1873e-002	5.918e-002	2.9397e-002	
22459	1.9e-002	6.2296e-002	2.9922e-002	
22460	1.9e-002	6.3296e-002	2.9736e-002	
22461	1.9e-002	5.8325e-002	3.0513e-002	
22462	1.9e-002	5.731e-002	3.0627e-002	
22463	0.	6.3296e-002	2.9736e-002	
22464	0.	6.2296e-002	2.9922e-002	
22465	-7.8139e-018	5.831e-002	3.0515e-002	
22466	0.	5.731e-002	3.0627e-002	
22467	1.6624e-002	5.7933e-002	3.0559e-002	
22468	1.425e-002	5.8557e-002	3.0485e-002	
22469	1.1873e-002	5.918e-002	3.0406e-002	
22470	9.5e-003	5.9803e-002	3.032e-002	
22471	7.1266e-003	5.918e-002	3.0406e-002	
22472	4.7503e-003	5.8557e-002	3.0485e-002	
22473	2.3764e-003	5.7933e-002	3.0559e-002	
22474	1.8974e-003	6.1798e-002	3.0009e-002	
22475	3.7972e-003	6.13e-002	3.0092e-002	
22476	5.6949e-003	6.0802e-002	3.0172e-002	
22477	7.5949e-003	6.0303e-002	3.0248e-002	
22478	5.6973e-003	5.9805e-002	3.032e-002	
22479	3.7977e-003	5.9307e-002	3.0389e-002	
22480	1.8997e-003	5.8808e-002	3.0454e-002	
22481	1.6631e-002	6.2675e-002	2.9853e-002	
22482	1.4258e-002	6.2052e-002	2.9965e-002	
22483	1.1888e-002	6.143e-002	3.0071e-002	
22484	9.5141e-003	6.0807e-002	3.0171e-002	
22485	7.1335e-003	6.143e-002	3.0071e-002	
22486	4.7565e-003	6.2052e-002	2.9965e-002	
22487	2.3762e-003	6.2675e-002	2.9853e-002	
22488	1.3318e-002	6.0805e-002	3.0171e-002	
22489	1.5211e-002	6.1302e-002	3.0092e-002	
22490	1.7107e-002	6.18e-002	3.0009e-002	
22491	1.1422e-002	6.0308e-002	3.0247e-002	
22492	1.7105e-002	5.8821e-002	3.0452e-002	
22493	1.5211e-002	5.9316e-002	3.0388e-002	
22494	1.3315e-002	5.9812e-002	3.0319e-002	
22495	3.9e-002	6.3296e-002	2.8717e-002	
22496	3.6631e-002	6.2675e-002	2.8836e-002	
22497	3.4258e-002	6.2052e-002	2.895e-002	
22498	3.1888e-002	6.143e-002	2.9057e-002	
22499	2.9514e-002	6.0807e-002	2.9159e-002	
22500	2.7133e-002	6.143e-002	2.9057e-002	
22501	2.4757e-002	6.2052e-002	2.895e-002	
22502	2.2376e-002	6.2675e-002	2.8836e-002	
22503	2.e-002	6.3296e-002	2.8717e-002	
22504	2.e-002	6.2296e-002	2.8906e-002	
22505	2.1897e-002	6.1798e-002	2.8994e-002	
22506	2.3797e-002	6.13e-002	2.9079e-002	
22507	2.5695e-002	6.0802e-002	2.9159e-002	
22508	2.7595e-002	6.0303e-002	2.9237e-002	
22509	2.5697e-002	5.9805e-002	2.931e-002	
22510	2.3798e-002	5.9307e-002	2.938e-002	
22511	2.19e-002	5.8808e-002	2.9446e-002	
22512	2.e-002	5.831e-002	2.9508e-002	
22513	3.1422e-002	6.0308e-002	2.9236e-002	
22514	3.3318e-002	6.0805e-002	2.9159e-002	
22515	3.5211e-002	6.1302e-002	2.9078e-002	
22516	3.7107e-002	6.18e-002	2.8994e-002	
22517	3.9e-002	6.2296e-002	2.8906e-002	
22518	3.9e-002	5.8325e-002	2.9506e-002	
22519	3.7104e-002	5.8821e-002	2.9444e-002	
22520	3.5211e-002	5.9316e-002	2.9378e-002	
22521	3.3315e-002	5.9812e-002	2.9309e-002	
22522	3.9e-002	5.731e-002	2.9622e-002	
22523	3.6624e-002	5.7933e-002	2.9553e-002	
22524	3.425e-002	5.8557e-002	2.9478e-002	
22525	3.1873e-002	5.918e-002	2.9397e-002	
22526	2.95e-002	5.9803e-002	2.931e-002	
22527	2.7127e-002	5.918e-002	2.9397e-002	
22528	2.475e-002	5.8557e-002	2.9478e-002	
22529	2.2376e-002	5.7933e-002	2.9553e-002	
22530	2.e-002	5.731e-002	2.9622e-002	
22531	3.9e-002	5.8325e-002	3.0513e-002	
22532	3.9e-002	5.731e-002	3.0627e-002	
22533	3.9e-002	6.3296e-002	2.9736e-002	
22534	3.9e-002	6.2296e-002	2.9922e-002	
22535	2.e-002	5.831e-002	3.0515e-002	
22536	2.e-002	5.731e-002	3.0627e-002	
22537	2.e-002	6.3296e-002	2.9736e-002	
22538	2.e-002	6.2296e-002	2.9922e-002	
22539	2.7127e-002	5.918e-002	3.0406e-002	
22540	2.475e-002	5.8557e-002	3.0485e-002	
22541	2.2376e-002	5.7933e-002	3.0559e-002	
22542	2.95e-002	5.9803e-002	3.032e-002	
22543	3.6624e-002	5.7933e-002	3.0559e-002	
22544	3.425e-002	5.8557e-002	3.0485e-002	
22545	3.1873e-002	5.918e-002	3.0406e-002	
22546	3.7105e-002	5.8821e-002	3.0452e-002	
22547	3.5211e-002	5.9316e-002	3.0388e-002	
22548	3.3315e-002	5.9812e-002	3.0319e-002	
22549	3.1422e-002	6.0308e-002	3.0247e-002	
22550	3.3318e-002	6.0805e-002	3.0171e-002	
22551	3.5211e-002	6.1302e-002	3.0092e-002	
22552	3.7107e-002	6.18e-002	3.0009e-002	
22553	2.5697e-002	5.9805e-002	3.032e-002	
22554	2.3798e-002	5.9307e-002	3.0389e-002	
22555	2.19e-002	5.8808e-002	3.0454e-002	
22556	2.7595e-002	6.0303e-002	3.0248e-002	
22557	2.1897e-002	6.1798e-002	3.0009e-002	
22558	2.3797e-002	6.13e-002	3.0092e-002	
22559	2.5695e-002	6.0802e-002	3.0172e-002	
22560	2.7133e-002	6.143e-002	3.0071e-002	
22561	2.4757e-002	6.2052e-002	2.9965e-002	
22562	2.2376e-002	6.2675e-002	2.9853e-002	
22563	2.9514e-002	6.0807e-002	3.0171e-002	
22564	3.6631e-002	6.2675e-002	2.9853e-002	
22565	3.4258e-002	6.2052e-002	2.9965e-002	
22566	3.1888e-002	6.143e-002	3.0071e-002	
22567	5.9e-002	6.3296e-002	2.8717e-002	
22568	5.6631e-002	6.2675e-002	2.8836e-002	
22569	5.4258e-002	6.2052e-002	2.895e-002	
22570	5.1888e-002	6.143e-002	2.9057e-002	
22571	4.9514e-002	6.0807e-002	2.9159e-002	
22572	4.7133e-002	6.143e-002	2.9057e-002	
22573	4.4757e-002	6.2052e-002	2.895e-002	
22574	4.2376e-002	6.2675e-002	2.8836e-002	
22575	4.e-002	6.3296e-002	2.8717e-002	
22576	4.e-002	6.2296e-002	2.8906e-002	
22577	4.1897e-002	6.1798e-002	2.8994e-002	
22578	4.3797e-002	6.13e-002	2.9079e-002	
22579	4.5695e-002	6.0802e-002	2.9159e-002	
22580	4.7595e-002	6.0303e-002	2.9237e-002	
22581	4.5697e-002	5.9805e-002	2.931e-002	
22582	4.3798e-002	5.9307e-002	2.938e-002	
22583	4.19e-002	5.8808e-002	2.9446e-002	
22584	4.e-002	5.831e-002	2.9508e-002	
22585	5.1422e-002	6.0308e-002	2.9236e-002	
22586	5.3318e-002	6.0805e-002	2.9159e-002	
22587	5.5211e-002	6.1302e-002	2.9078e-002	
22588	5.7107e-002	6.18e-002	2.8994e-002	
22589	5.9e-002	6.2296e-002	2.8906e-002	
22590	5.9e-002	5.8325e-002	2.9506e-002	
22591	5.7104e-002	5.8821e-002	2.9444e-002	
22592	5.5211e-002	5.9316e-002	2.9378e-002	
22593	5.3315e-002	5.9812e-002	2.9309e-002	
22594	5.9e-002	5.731e-002	2.9622e-002	
22595	5.6624e-002	5.7933e-002	2.9553e-002	
22596	5.425e-002	5.8557e-002	2.9478e-002	
22597	5.1873e-002	5.918e-002	2.9397e-002	
22598	4.95e-002	5.9803e-002	2.931e-002	
22599	4.7127e-002	5.918e-002	2.9397e-002	
22600	4.475e-002	5.8557e-002	2.9478e-002	
22601	4.2376e-002	5.7933e-002	2.9553e-002	
22602	4.e-002	5.731e-002	2.9622e-002	
22603	5.9e-002	5.8325e-002	3.0513e-002	
22604	5.9e-002	5.731e-002	3.0627e-002	
22605	5.9e-002	6.3296e-002	2.9736e-002	
22606	5.9e-002	6.2296e-002	2.9922e-002	
22607	4.e-002	5.831e-002	3.0515e-002	
22608	4.e-002	5.731e-002	3.0627e-002	
22609	4.e-002	6.3296e-002	2.9736e-002	
22610	4.e-002	6.2296e-002	2.9922e-002	
22611	4.7127e-002	5.918e-002	3.0406e-002	
22612	4.475e-002	5.8557e-002	3.0485e-002	
22613	4.2376e-002	5.7933e-002	3.0559e-002	
22614	4.95e-002	5.9803e-002	3.032e-002	
22615	5.6624e-002	5.7933e-002	3.0559e-002	
22616	5.425e-002	5.8557e-002	3.0485e-002	
22617	5.1873e-002	5.918e-002	3.0406e-002	
22618	5.7105e-002	5.8821e-002	3.0452e-002	
22619	5.5211e-002	5.9316e-002	3.0388e-002	
22620	5.3315e-002	5.9812e-002	3.0319e-002	
22621	5.1422e-002	6.0308e-002	3.0247e-002	
22622	5.3318e-002	6.0805e-002	3.0171e-002	
22623	5.5211e-002	6.1302e-002	3.0092e-002	
22624	5.7107e-002	6.18e-002	3.0009e-002	
22625	4.5697e-002	5.9805e-002	3.032e-002	
22626	4.3798e-002	5.9307e-002	3.0389e-002	
22627	4.19e-002	5.8808e-002	3.0454e-002	
22628	4.7595e-002	6.0303e-002	3.0248e-002	
22629	4.1897e-002	6.1798e-002	3.0009e-002	
22630	4.3797e-002	6.13e-002	3.0092e-002	
22631	4.5695e-002	6.0802e-002	3.0172e-002	
22632	4.7133e-002	6.143e-002	3.0071e-002	
22633	4.4757e-002	6.2052e-002	2.9965e-002	
22634	4.2376e-002	6.2675e-002	2.9853e-002	
22635	4.9514e-002	6.0807e-002	3.0171e-002	
22636	5.6631e-002	6.2675e-002	2.9853e-002	
22637	5.4258e-002	6.2052e-002	2.9965e-002	
22638	5.1888e-002	6.143e-002	3.0071e-002	
22639	1.1422e-002	0.16031	2.9236e-002	
22640	1.3318e-002	0.16081	2.9159e-002	
22641	1.5211e-002	0.1613	2.9078e-002	
22642	1.7107e-002	0.1618	2.8994e-002	
22643	1.9e-002	0.1623	2.8906e-002	
22644	1.9e-002	0.15832	2.9506e-002	
22645	1.7104e-002	0.15882	2.9444e-002	
22646	1.5211e-002	0.15932	2.9378e-002	
22647	1.3315e-002	0.15981	2.9309e-002	
22648	0.	0.1623	2.8906e-002	
22649	0.	0.1633	2.8717e-002	
22650	1.9e-002	0.15731	2.9622e-002	
22651	1.6624e-002	0.15793	2.9553e-002	
22652	1.425e-002	0.15856	2.9478e-002	
22653	1.1873e-002	0.15918	2.9397e-002	
22654	9.5e-003	0.1598	2.931e-002	
22655	7.1266e-003	0.15918	2.9397e-002	
22656	4.7504e-003	0.15856	2.9478e-002	
22657	2.3764e-003	0.15793	2.9553e-002	
22658	0.	0.15731	2.9622e-002	
22659	1.8974e-003	0.1618	2.8994e-002	
22660	3.7971e-003	0.1613	2.9079e-002	
22661	5.6949e-003	0.1608	2.9159e-002	
22662	7.5949e-003	0.1603	2.9237e-002	
22663	5.6973e-003	0.15981	2.931e-002	
22664	3.7977e-003	0.15931	2.938e-002	
22665	1.8997e-003	0.15881	2.9446e-002	
22666	-7.8139e-018	0.15831	2.9508e-002	
22667	9.5141e-003	0.16081	2.9159e-002	
22668	7.1335e-003	0.16143	2.9057e-002	
22669	4.7565e-003	0.16205	2.895e-002	
22670	2.3762e-003	0.16267	2.8836e-002	
22671	1.9e-002	0.1633	2.8717e-002	
22672	1.6631e-002	0.16267	2.8836e-002	
22673	1.4258e-002	0.16205	2.895e-002	
22674	1.1888e-002	0.16143	2.9057e-002	
22675	0.	0.15731	3.0627e-002	
22676	-7.8139e-018	0.15831	3.0515e-002	
22677	1.9e-002	0.1623	2.9922e-002	
22678	1.9e-002	0.1633	2.9736e-002	
22679	1.6631e-002	0.16267	2.9853e-002	
22680	1.4258e-002	0.16205	2.9965e-002	
22681	1.1888e-002	0.16143	3.0071e-002	
22682	9.5141e-003	0.16081	3.0171e-002	
22683	7.1335e-003	0.16143	3.0071e-002	
22684	4.7565e-003	0.16205	2.9965e-002	
22685	2.3762e-003	0.16267	2.9853e-002	
22686	0.	0.1633	2.9736e-002	
22687	5.6973e-003	0.15981	3.032e-002	
22688	3.7977e-003	0.15931	3.0389e-002	
22689	1.8997e-003	0.15881	3.0454e-002	
22690	7.5949e-003	0.1603	3.0248e-002	
22691	1.8974e-003	0.1618	3.0009e-002	
22692	3.7972e-003	0.1613	3.0092e-002	
22693	5.6949e-003	0.1608	3.0172e-002	
22694	0.	0.1623	2.9922e-002	
22695	7.1266e-003	0.15918	3.0406e-002	
22696	4.7503e-003	0.15856	3.0485e-002	
22697	2.3764e-003	0.15793	3.0559e-002	
22698	9.5e-003	0.1598	3.032e-002	
22699	1.6624e-002	0.15793	3.0559e-002	
22700	1.425e-002	0.15856	3.0485e-002	
22701	1.1873e-002	0.15918	3.0406e-002	
22702	1.9e-002	0.15731	3.0627e-002	
22703	1.9e-002	0.15832	3.0513e-002	
22704	1.7105e-002	0.15882	3.0452e-002	
22705	1.5211e-002	0.15932	3.0388e-002	
22706	1.3315e-002	0.15981	3.0319e-002	
22707	1.1422e-002	0.16031	3.0247e-002	
22708	1.3318e-002	0.16081	3.0171e-002	
22709	1.5211e-002	0.1613	3.0092e-002	
22710	1.7107e-002	0.1618	3.0009e-002	
22711	3.9e-002	0.1633	2.8717e-002	
22712	3.6631e-002	0.16267	2.8836e-002	
22713	3.4258e-002	0.16205	2.895e-002	
22714	3.1888e-002	0.16143	2.9057e-002	
22715	2.9514e-002	0.16081	2.9159e-002	
22716	2.7133e-002	0.16143	2.9057e-002	
22717	2.4757e-002	0.16205	2.895e-002	
22718	2.2376e-002	0.16267	2.8836e-002	
22719	2.e-002	0.1633	2.8717e-002	
22720	2.e-002	0.1623	2.8906e-002	
22721	2.1897e-002	0.1618	2.8994e-002	
22722	2.3797e-002	0.1613	2.9079e-002	
22723	2.5695e-002	0.1608	2.9159e-002	
22724	2.7595e-002	0.1603	2.9237e-002	
22725	2.5697e-002	0.15981	2.931e-002	
22726	2.3798e-002	0.15931	2.938e-002	
22727	2.19e-002	0.15881	2.9446e-002	
22728	2.e-002	0.15831	2.9508e-002	
22729	3.1422e-002	0.16031	2.9236e-002	
22730	3.3318e-002	0.16081	2.9159e-002	
22731	3.5211e-002	0.1613	2.9078e-002	
22732	3.7107e-002	0.1618	2.8994e-002	
22733	3.9e-002	0.1623	2.8906e-002	
22734	3.9e-002	0.15832	2.9506e-002	
22735	3.7104e-002	0.15882	2.9444e-002	
22736	3.5211e-002	0.15932	2.9378e-002	
22737	3.3315e-002	0.15981	2.9309e-002	
22738	3.9e-002	0.15731	2.9622e-002	
22739	3.6624e-002	0.15793	2.9553e-002	
22740	3.425e-002	0.15856	2.9478e-002	
22741	3.1873e-002	0.15918	2.9397e-002	
22742	2.95e-002	0.1598	2.931e-002	
22743	2.7127e-002	0.15918	2.9397e-002	
22744	2.475e-002	0.15856	2.9478e-002	
22745	2.2376e-002	0.15793	2.9553e-002	
22746	2.e-002	0.15731	2.9622e-002	
22747	2.e-002	0.1633	2.9736e-002	
22748	2.e-002	0.1623	2.9922e-002	
22749	2.e-002	0.15831	3.0515e-002	
22750	2.e-002	0.15731	3.0627e-002	
22751	3.9e-002	0.1633	2.9736e-002	
22752	3.9e-002	0.1623	2.9922e-002	
22753	3.9e-002	0.15832	3.0513e-002	
22754	3.9e-002	0.15731	3.0627e-002	
22755	2.7127e-002	0.15918	3.0406e-002	
22756	2.475e-002	0.15856	3.0485e-002	
22757	2.2376e-002	0.15793	3.0559e-002	
22758	2.95e-002	0.1598	3.032e-002	
22759	3.6624e-002	0.15793	3.0559e-002	
22760	3.425e-002	0.15856	3.0485e-002	
22761	3.1873e-002	0.15918	3.0406e-002	
22762	3.7105e-002	0.15882	3.0452e-002	
22763	3.5211e-002	0.15932	3.0388e-002	
22764	3.3315e-002	0.15981	3.0319e-002	
22765	3.1422e-002	0.16031	3.0247e-002	
22766	3.3318e-002	0.16081	3.0171e-002	
22767	3.5211e-002	0.1613	3.0092e-002	
22768	3.7107e-002	0.1618	3.0009e-002	
22769	2.5697e-002	0.15981	3.032e-002	
22770	2.3798e-002	0.15931	3.0389e-002	
22771	2.19e-002	0.15881	3.0454e-002	
22772	2.7595e-002	0.1603	3.0248e-002	
22773	2.1897e-002	0.1618	3.0009e-002	
22774	2.3797e-002	0.1613	3.0092e-002	
22775	2.5695e-002	0.1608	3.0172e-002	
22776	2.7133e-002	0.16143	3.0071e-002	
22777	2.4757e-002	0.16205	2.9965e-002	
22778	2.2376e-002	0.16267	2.9853e-002	
22779	2.9514e-002	0.16081	3.0171e-002	
22780	3.6631e-002	0.16267	2.9853e-002	
22781	3.4258e-002	0.16205	2.9965e-002	
22782	3.1888e-002	0.16143	3.0071e-002	
22783	5.1422e-002	0.16031	2.9236e-002	
22784	5.3318e-002	0.16081	2.9159e-002	
22785	5.5211e-002	0.1613	2.9078e-002	
22786	5.7107e-002	0.1618	2.8994e-002	
22787	5.9e-002	0.1623	2.8906e-002	
22788	5.9e-002	0.15832	2.9506e-002	
22789	5.7104e-002	0.15882	2.9444e-002	
22790	5.5211e-002	0.15932	2.9378e-002	
22791	5.3315e-002	0.15981	2.9309e-002	
22792	4.e-002	0.1623	2.8906e-002	
22793	4.e-002	0.1633	2.8717e-002	
22794	5.9e-002	0.15731	2.9622e-002	
22795	5.6624e-002	0.15793	2.9553e-002	
22796	5.425e-002	0.15856	2.9478e-002	
22797	5.1873e-002	0.15918	2.9397e-002	
22798	4.95e-002	0.1598	2.931e-002	
22799	4.7127e-002	0.15918	2.9397e-002	
22800	4.475e-002	0.15856	2.9478e-002	
22801	4.2376e-002	0.15793	2.9553e-002	
22802	4.e-002	0.15731	2.9622e-002	
22803	4.1897e-002	0.1618	2.8994e-002	
22804	4.3797e-002	0.1613	2.9079e-002	
22805	4.5695e-002	0.1608	2.9159e-002	
22806	4.7595e-002	0.1603	2.9237e-002	
22807	4.5697e-002	0.15981	2.931e-002	
22808	4.3798e-002	0.15931	2.938e-002	
22809	4.19e-002	0.15881	2.9446e-002	
22810	4.e-002	0.15831	2.9508e-002	
22811	4.9514e-002	0.16081	2.9159e-002	
22812	4.7133e-002	0.16143	2.9057e-002	
22813	4.4757e-002	0.16205	2.895e-002	
22814	4.2376e-002	0.16267	2.8836e-002	
22815	5.9e-002	0.1633	2.8717e-002	
22816	5.6631e-002	0.16267	2.8836e-002	
22817	5.4258e-002	0.16205	2.895e-002	
22818	5.1888e-002	0.16143	2.9057e-002	
22819	4.e-002	0.15731	3.0627e-002	
22820	4.e-002	0.15831	3.0515e-002	
22821	5.9e-002	0.1623	2.9922e-002	
22822	5.9e-002	0.1633	2.9736e-002	
22823	5.6631e-002	0.16267	2.9853e-002	
22824	5.4258e-002	0.16205	2.9965e-002	
22825	5.1888e-002	0.16143	3.0071e-002	
22826	4.9514e-002	0.16081	3.0171e-002	
22827	4.7133e-002	0.16143	3.0071e-002	
22828	4.4757e-002	0.16205	2.9965e-002	
22829	4.2376e-002	0.16267	2.9853e-002	
22830	4.e-002	0.1633	2.9736e-002	
22831	4.5697e-002	0.15981	3.032e-002	
22832	4.3798e-002	0.15931	3.0389e-002	
22833	4.19e-002	0.15881	3.0454e-002	
22834	4.7595e-002	0.1603	3.0248e-002	
22835	4.1897e-002	0.1618	3.0009e-002	
22836	4.3797e-002	0.1613	3.0092e-002	
22837	4.5695e-002	0.1608	3.0172e-002	
22838	4.e-002	0.1623	2.9922e-002	
22839	4.7127e-002	0.15918	3.0406e-002	
22840	4.475e-002	0.15856	3.0485e-002	
22841	4.2376e-002	0.15793	3.0559e-002	
22842	4.95e-002	0.1598	3.032e-002	
22843	5.6624e-002	0.15793	3.0559e-002	
22844	5.425e-002	0.15856	3.0485e-002	
22845	5.1873e-002	0.15918	3.0406e-002	
22846	5.9e-002	0.15731	3.0627e-002	
22847	5.9e-002	0.15832	3.0513e-002	
22848	5.7105e-002	0.15882	3.0452e-002	
22849	5.5211e-002	0.15932	3.0388e-002	
22850	5.3315e-002	0.15981	3.0319e-002	
22851	5.1422e-002	0.16031	3.0247e-002	
22852	5.3318e-002	0.16081	3.0171e-002	
22853	5.5211e-002	0.1613	3.0092e-002	
22854	5.7107e-002	0.1618	3.0009e-002	
22855	9.5e-003	0.2598	2.931e-002	
22856	7.1266e-003	0.25918	2.9397e-002	
22857	4.7504e-003	0.25856	2.9478e-002	
22858	2.3764e-003	0.25793	2.9553e-002	
22859	0.	0.25731	2.9622e-002	
22860	1.9e-002	0.25731	2.9622e-002	
22861	1.6624e-002	0.25793	2.9553e-002	
22862	1.425e-002	0.25856	2.9478e-002	
22863	1.1873e-002	0.25918	2.9397e-002	
22864	1.9e-002	0.25832	2.9506e-002	
22865	1.7104e-002	0.25882	2.9444e-002	
22866	1.5211e-002	0.25932	2.9378e-002	
22867	1.3315e-002	0.25981	2.9309e-002	
22868	1.1422e-002	0.26031	2.9236e-002	
22869	1.3318e-002	0.26081	2.9159e-002	
22870	1.5211e-002	0.2613	2.9078e-002	
22871	1.7107e-002	0.2618	2.8994e-002	
22872	1.9e-002	0.2623	2.8906e-002	
22873	7.5949e-003	0.2603	2.9237e-002	
22874	5.6973e-003	0.25981	2.931e-002	
22875	3.7977e-003	0.25931	2.938e-002	
22876	1.8997e-003	0.25881	2.9446e-002	
22877	-7.8139e-018	0.25831	2.9508e-002	
22878	0.	0.2623	2.8906e-002	
22879	1.8974e-003	0.2618	2.8994e-002	
22880	3.7971e-003	0.2613	2.9079e-002	
22881	5.6949e-003	0.2608	2.9159e-002	
22882	9.5141e-003	0.26081	2.9159e-002	
22883	7.1335e-003	0.26143	2.9057e-002	
22884	4.7565e-003	0.26205	2.895e-002	
22885	2.3762e-003	0.26267	2.8836e-002	
22886	0.	0.2633	2.8717e-002	
22887	1.9e-002	0.2633	2.8717e-002	
22888	1.6631e-002	0.26267	2.8836e-002	
22889	1.4258e-002	0.26205	2.895e-002	
22890	1.1888e-002	0.26143	2.9057e-002	
22891	1.9e-002	0.25731	3.0627e-002	
22892	1.9e-002	0.25832	3.0513e-002	
22893	1.9e-002	0.2623	2.9922e-002	
22894	1.9e-002	0.2633	2.9736e-002	
22895	0.	0.25731	3.0627e-002	
22896	-7.8139e-018	0.25831	3.0515e-002	
22897	0.	0.2623	2.9922e-002	
22898	0.	0.2633	2.9736e-002	
22899	1.6631e-002	0.26267	2.9853e-002	
22900	1.4258e-002	0.26205	2.9965e-002	
22901	1.1888e-002	0.26143	3.0071e-002	
22902	9.5141e-003	0.26081	3.0171e-002	
22903	7.1335e-003	0.26143	3.0071e-002	
22904	4.7565e-003	0.26205	2.9965e-002	
22905	2.3762e-003	0.26267	2.9853e-002	
22906	1.8974e-003	0.2618	3.0009e-002	
22907	3.7972e-003	0.2613	3.0092e-002	
22908	5.6949e-003	0.2608	3.0172e-002	
22909	7.5949e-003	0.2603	3.0248e-002	
22910	5.6973e-003	0.25981	3.032e-002	
22911	3.7977e-003	0.25931	3.0389e-002	
22912	1.8997e-003	0.25881	3.0454e-002	
22913	1.3318e-002	0.26081	3.0171e-002	
22914	1.5211e-002	0.2613	3.0092e-002	
22915	1.7107e-002	0.2618	3.0009e-002	
22916	1.1422e-002	0.26031	3.0247e-002	
22917	1.7105e-002	0.25882	3.0452e-002	
22918	1.5211e-002	0.25932	3.0388e-002	
22919	1.3315e-002	0.25981	3.0319e-002	
22920	1.6624e-002	0.25793	3.0559e-002	
22921	1.425e-002	0.25856	3.0485e-002	
22922	1.1873e-002	0.25918	3.0406e-002	
22923	9.5e-003	0.2598	3.032e-002	
22924	7.1266e-003	0.25918	3.0406e-002	
22925	4.7503e-003	0.25856	3.0485e-002	
22926	2.3764e-003	0.25793	3.0559e-002	
22927	3.9e-002	0.2633	2.8717e-002	
22928	3.6631e-002	0.26267	2.8836e-002	
22929	3.4258e-002	0.26205	2.895e-002	
22930	3.1888e-002	0.26143	2.9057e-002	
22931	2.9514e-002	0.26081	2.9159e-002	
22932	2.7133e-002	0.26143	2.9057e-002	
22933	2.4757e-002	0.26205	2.895e-002	
22934	2.2376e-002	0.26267	2.8836e-002	
22935	2.e-002	0.2633	2.8717e-002	
22936	2.e-002	0.2623	2.8906e-002	
22937	2.1897e-002	0.2618	2.8994e-002	
22938	2.3797e-002	0.2613	2.9079e-002	
22939	2.5695e-002	0.2608	2.9159e-002	
22940	2.7595e-002	0.2603	2.9237e-002	
22941	2.5697e-002	0.25981	2.931e-002	
22942	2.3798e-002	0.25931	2.938e-002	
22943	2.19e-002	0.25881	2.9446e-002	
22944	2.e-002	0.25831	2.9508e-002	
22945	3.1422e-002	0.26031	2.9236e-002	
22946	3.3318e-002	0.26081	2.9159e-002	
22947	3.5211e-002	0.2613	2.9078e-002	
22948	3.7107e-002	0.2618	2.8994e-002	
22949	3.9e-002	0.2623	2.8906e-002	
22950	3.9e-002	0.25832	2.9506e-002	
22951	3.7104e-002	0.25882	2.9444e-002	
22952	3.5211e-002	0.25932	2.9378e-002	
22953	3.3315e-002	0.25981	2.9309e-002	
22954	3.9e-002	0.25731	2.9622e-002	
22955	3.6624e-002	0.25793	2.9553e-002	
22956	3.425e-002	0.25856	2.9478e-002	
22957	3.1873e-002	0.25918	2.9397e-002	
22958	2.95e-002	0.2598	2.931e-002	
22959	2.7127e-002	0.25918	2.9397e-002	
22960	2.475e-002	0.25856	2.9478e-002	
22961	2.2376e-002	0.25793	2.9553e-002	
22962	2.e-002	0.25731	2.9622e-002	
22963	2.e-002	0.2633	2.9736e-002	
22964	2.e-002	0.2623	2.9922e-002	
22965	2.e-002	0.25831	3.0515e-002	
22966	2.e-002	0.25731	3.0627e-002	
22967	3.9e-002	0.2633	2.9736e-002	
22968	3.9e-002	0.2623	2.9922e-002	
22969	3.9e-002	0.25832	3.0513e-002	
22970	3.9e-002	0.25731	3.0627e-002	
22971	2.7127e-002	0.25918	3.0406e-002	
22972	2.475e-002	0.25856	3.0485e-002	
22973	2.2376e-002	0.25793	3.0559e-002	
22974	2.95e-002	0.2598	3.032e-002	
22975	3.6624e-002	0.25793	3.0559e-002	
22976	3.425e-002	0.25856	3.0485e-002	
22977	3.1873e-002	0.25918	3.0406e-002	
22978	3.7105e-002	0.25882	3.0452e-002	
22979	3.5211e-002	0.25932	3.0388e-002	
22980	3.3315e-002	0.25981	3.0319e-002	
22981	3.1422e-002	0.26031	3.0247e-002	
22982	3.3318e-002	0.26081	3.0171e-002	
22983	3.5211e-002	0.2613	3.0092e-002	
22984	3.7107e-002	0.2618	3.0009e-002	
22985	2.5697e-002	0.25981	3.032e-002	
22986	2.3798e-002	0.25931	3.0389e-002	
22987	2.19e-002	0.25881	3.0454e-002	
22988	2.7595e-002	0.2603	3.0248e-002	
22989	2.1897e-002	0.2618	3.0009e-002	
22990	2.3797e-002	0.2613	3.0092e-002	
22991	2.5695e-002	0.2608	3.0172e-002	
22992	2.7133e-002	0.26143	3.0071e-002	
22993	2.4757e-002	0.26205	2.9965e-002	
22994	2.2376e-002	0.26267	2.9853e-002	
22995	2.9514e-002	0.26081	3.0171e-002	
22996	3.6631e-002	0.26267	2.9853e-002	
22997	3.4258e-002	0.26205	2.9965e-002	
22998	3.1888e-002	0.26143	3.0071e-002	
22999	5.9e-002	0.2633	2.8717e-002	
23000	5.6631e-002	0.26267	2.8836e-002	
23001	5.4258e-002	0.26205	2.895e-002	
23002	5.1888e-002	0.26143	2.9057e-002	
23003	4.9514e-002	0.26081	2.9159e-002	
23004	4.7133e-002	0.26143	2.9057e-002	
23005	4.4757e-002	0.26205	2.895e-002	
23006	4.2376e-002	0.26267	2.8836e-002	
23007	4.e-002	0.2633	2.8717e-002	
23008	4.e-002	0.2623	2.8906e-002	
23009	4.1897e-002	0.2618	2.8994e-002	
23010	4.3797e-002	0.2613	2.9079e-002	
23011	4.5695e-002	0.2608	2.9159e-002	
23012	4.7595e-002	0.2603	2.9237e-002	
23013	4.5697e-002	0.25981	2.931e-002	
23014	4.3798e-002	0.25931	2.938e-002	
23015	4.19e-002	0.25881	2.9446e-002	
23016	4.e-002	0.25831	2.9508e-002	
23017	5.1422e-002	0.26031	2.9236e-002	
23018	5.3318e-002	0.26081	2.9159e-002	
23019	5.5211e-002	0.2613	2.9078e-002	
23020	5.7107e-002	0.2618	2.8994e-002	
23021	5.9e-002	0.2623	2.8906e-002	
23022	5.9e-002	0.25832	2.9506e-002	
23023	5.7104e-002	0.25882	2.9444e-002	
23024	5.5211e-002	0.25932	2.9378e-002	
23025	5.3315e-002	0.25981	2.9309e-002	
23026	5.9e-002	0.25731	2.9622e-002	
23027	5.6624e-002	0.25793	2.9553e-002	
23028	5.425e-002	0.25856	2.9478e-002	
23029	5.1873e-002	0.25918	2.9397e-002	
23030	4.95e-002	0.2598	2.931e-002	
23031	4.7127e-002	0.25918	2.9397e-002	
23032	4.475e-002	0.25856	2.9478e-002	
23033	4.2376e-002	0.25793	2.9553e-002	
23034	4.e-002	0.25731	2.9622e-002	
23035	5.9e-002	0.25832	3.0513e-002	
23036	5.9e-002	0.25731	3.0627e-002	
23037	4.e-002	0.2633	2.9736e-002	
23038	4.e-002	0.2623	2.9922e-002	
23039	4.e-002	0.25831	3.0515e-002	
23040	4.e-002	0.25731	3.0627e-002	
23041	5.9e-002	0.2633	2.9736e-002	
23042	5.9e-002	0.2623	2.9922e-002	
23043	4.7127e-002	0.25918	3.0406e-002	
23044	4.475e-002	0.25856	3.0485e-002	
23045	4.2376e-002	0.25793	3.0559e-002	
23046	4.95e-002	0.2598	3.032e-002	
23047	5.6624e-002	0.25793	3.0559e-002	
23048	5.425e-002	0.25856	3.0485e-002	
23049	5.1873e-002	0.25918	3.0406e-002	
23050	5.7105e-002	0.25882	3.0452e-002	
23051	5.5211e-002	0.25932	3.0388e-002	
23052	5.3315e-002	0.25981	3.0319e-002	
23053	5.1422e-002	0.26031	3.0247e-002	
23054	5.3318e-002	0.26081	3.0171e-002	
23055	5.5211e-002	0.2613	3.0092e-002	
23056	5.7107e-002	0.2618	3.0009e-002	
23057	4.5697e-002	0.25981	3.032e-002	
23058	4.3798e-002	0.25931	3.0389e-002	
23059	4.19e-002	0.25881	3.0454e-002	
23060	4.7595e-002	0.2603	3.0248e-002	
23061	4.1897e-002	0.2618	3.0009e-002	
23062	4.3797e-002	0.2613	3.0092e-002	
23063	4.5695e-002	0.2608	3.0172e-002	
23064	4.7133e-002	0.26143	3.0071e-002	
23065	4.4757e-002	0.26205	2.9965e-002	
23066	4.2376e-002	0.26267	2.9853e-002	
23067	4.9514e-002	0.26081	3.0171e-002	
23068	5.6631e-002	0.26267	2.9853e-002	
23069	5.4258e-002	0.26205	2.9965e-002	
23070	5.1888e-002	0.26143	3.0071e-002	
23071	1.9e-002	4.4325e-002	2.9776e-002	
23072	1.7106e-002	4.482e-002	2.9816e-002	
23073	1.5211e-002	4.5316e-002	2.9851e-002	
23074	1.3317e-002	4.5812e-002	2.9883e-002	
23075	1.1422e-002	4.6308e-002	2.9911e-002	
23076	1.3315e-002	4.6804e-002	2.9936e-002	
23077	1.5211e-002	4.7302e-002	2.9957e-002	
23078	1.7105e-002	4.7799e-002	2.9975e-002	
23079	1.9e-002	4.8296e-002	2.9989e-002	
23080	9.5141e-003	4.6807e-002	2.9936e-002	
23081	7.1364e-003	4.7429e-002	2.9962e-002	
23082	4.7571e-003	4.8052e-002	2.9983e-002	
23083	2.379e-003	4.8674e-002	2.9997e-002	
23084	0.	4.9296e-002	3.0007e-002	
23085	1.9e-002	4.9296e-002	3.0007e-002	
23086	1.6628e-002	4.8674e-002	2.9997e-002	
23087	1.4257e-002	4.8052e-002	2.9983e-002	
23088	1.1885e-002	4.7429e-002	2.9962e-002	
23089	7.5949e-003	4.6303e-002	2.9911e-002	
23090	5.6957e-003	4.5805e-002	2.9883e-002	
23091	3.7973e-003	4.5306e-002	2.985e-002	
23092	1.8981e-003	4.4808e-002	2.9815e-002	
23093	-7.8139e-018	4.431e-002	2.9775e-002	
23094	0.	4.8296e-002	2.9989e-002	
23095	1.8997e-003	4.7798e-002	2.9975e-002	
23096	3.7975e-003	4.73e-002	2.9957e-002	
23097	5.6973e-003	4.6801e-002	2.9936e-002	
23098	9.5e-003	4.5803e-002	2.9882e-002	
23099	7.1234e-003	4.5179e-002	2.9842e-002	
23100	4.7498e-003	4.4556e-002	2.9795e-002	
23101	2.3731e-003	4.3933e-002	2.9743e-002	
23102	0.	4.331e-002	2.9685e-002	
23103	1.9e-002	4.331e-002	2.9685e-002	
23104	1.6627e-002	4.3933e-002	2.9743e-002	
23105	1.425e-002	4.4556e-002	2.9795e-002	
23106	1.1877e-002	4.5179e-002	2.9842e-002	
23107	1.9e-002	4.8296e-002	3.0989e-002	
23108	1.9e-002	4.9296e-002	3.1007e-002	
23109	1.9e-002	4.4325e-002	3.078e-002	
23110	1.9e-002	4.331e-002	3.069e-002	
23111	0.	4.9296e-002	3.1007e-002	
23112	0.	4.8296e-002	3.0989e-002	
23113	-7.8139e-018	4.431e-002	3.0779e-002	
23114	0.	4.331e-002	3.069e-002	
23115	1.6627e-002	4.3933e-002	3.0747e-002	
23116	1.425e-002	4.4556e-002	3.0798e-002	
23117	1.1877e-002	4.5179e-002	3.0844e-002	
23118	9.5e-003	4.5803e-002	3.0884e-002	
23119	7.1235e-003	4.5179e-002	3.0844e-002	
23120	4.7498e-003	4.4556e-002	3.0798e-002	
23121	2.3731e-003	4.3933e-002	3.0747e-002	
23122	1.8997e-003	4.7798e-002	3.0976e-002	
23123	3.7975e-003	4.73e-002	3.0958e-002	
23124	5.6973e-003	4.6801e-002	3.0937e-002	
23125	7.5949e-003	4.6303e-002	3.0913e-002	
23126	5.6957e-003	4.5805e-002	3.0884e-002	
23127	3.7973e-003	4.5306e-002	3.0853e-002	
23128	1.8981e-003	4.4808e-002	3.0817e-002	
23129	1.6628e-002	4.8674e-002	3.0998e-002	
23130	1.4257e-002	4.8052e-002	3.0983e-002	
23131	1.1885e-002	4.7429e-002	3.0963e-002	
23132	9.5141e-003	4.6807e-002	3.0937e-002	
23133	7.1364e-003	4.7429e-002	3.0963e-002	
23134	4.7571e-003	4.8052e-002	3.0983e-002	
23135	2.379e-003	4.8674e-002	3.0998e-002	
23136	1.3315e-002	4.6804e-002	3.0937e-002	
23137	1.5211e-002	4.7302e-002	3.0958e-002	
23138	1.7105e-002	4.7799e-002	3.0976e-002	
23139	1.1422e-002	4.6308e-002	3.0913e-002	
23140	1.7106e-002	4.482e-002	3.0818e-002	
23141	1.5211e-002	4.5316e-002	3.0853e-002	
23142	1.3317e-002	4.5812e-002	3.0885e-002	
23143	3.9e-002	4.9296e-002	3.0007e-002	
23144	3.6628e-002	4.8674e-002	2.9997e-002	
23145	3.4257e-002	4.8052e-002	2.9983e-002	
23146	3.1885e-002	4.7429e-002	2.9962e-002	
23147	2.9514e-002	4.6807e-002	2.9936e-002	
23148	2.7136e-002	4.7429e-002	2.9962e-002	
23149	2.4757e-002	4.8052e-002	2.9983e-002	
23150	2.2379e-002	4.8674e-002	2.9997e-002	
23151	2.e-002	4.9296e-002	3.0007e-002	
23152	2.e-002	4.8296e-002	2.9989e-002	
23153	2.1899e-002	4.7798e-002	2.9975e-002	
23154	2.3798e-002	4.73e-002	2.9957e-002	
23155	2.5697e-002	4.6801e-002	2.9936e-002	
23156	2.7595e-002	4.6303e-002	2.9911e-002	
23157	2.5696e-002	4.5805e-002	2.9883e-002	
23158	2.3797e-002	4.5306e-002	2.985e-002	
23159	2.1898e-002	4.4808e-002	2.9815e-002	
23160	2.e-002	4.431e-002	2.9775e-002	
23161	3.1422e-002	4.6308e-002	2.9911e-002	
23162	3.3316e-002	4.6805e-002	2.9936e-002	
23163	3.5211e-002	4.7302e-002	2.9957e-002	
23164	3.7105e-002	4.7799e-002	2.9975e-002	
23165	3.9e-002	4.8296e-002	2.9989e-002	
23166	3.9e-002	4.4325e-002	2.9776e-002	
23167	3.7106e-002	4.482e-002	2.9816e-002	
23168	3.5211e-002	4.5316e-002	2.9851e-002	
23169	3.3317e-002	4.5812e-002	2.9883e-002	
23170	3.9e-002	4.331e-002	2.9685e-002	
23171	3.6626e-002	4.3933e-002	2.9743e-002	
23172	3.425e-002	4.4556e-002	2.9795e-002	
23173	3.1876e-002	4.518e-002	2.9842e-002	
23174	2.95e-002	4.5803e-002	2.9882e-002	
23175	2.e-002	4.331e-002	2.9685e-002	
23176	2.7124e-002	4.518e-002	2.9842e-002	
23177	2.475e-002	4.4556e-002	2.9795e-002	
23178	2.2374e-002	4.3933e-002	2.9743e-002	
23179	2.e-002	4.9296e-002	3.1007e-002	
23180	2.e-002	4.8296e-002	3.0989e-002	
23181	2.7124e-002	4.518e-002	3.0844e-002	
23182	2.475e-002	4.4556e-002	3.0798e-002	
23183	2.2374e-002	4.3933e-002	3.0747e-002	
23184	2.95e-002	4.5803e-002	3.0884e-002	
23185	2.e-002	4.331e-002	3.069e-002	
23186	2.e-002	4.431e-002	3.0779e-002	
23187	3.9e-002	4.4325e-002	3.078e-002	
23188	3.9e-002	4.331e-002	3.069e-002	
23189	3.9e-002	4.9296e-002	3.1007e-002	
23190	3.9e-002	4.8296e-002	3.0989e-002	
23191	3.6626e-002	4.3933e-002	3.0747e-002	
23192	3.425e-002	4.4556e-002	3.0798e-002	
23193	3.1876e-002	4.518e-002	3.0844e-002	
23194	3.7106e-002	4.482e-002	3.0818e-002	
23195	3.5211e-002	4.5316e-002	3.0853e-002	
23196	3.3317e-002	4.5812e-002	3.0885e-002	
23197	3.1422e-002	4.6308e-002	3.0913e-002	
23198	3.3316e-002	4.6805e-002	3.0937e-002	
23199	3.5211e-002	4.7302e-002	3.0958e-002	
23200	3.7105e-002	4.7799e-002	3.0976e-002	
23201	2.5696e-002	4.5805e-002	3.0884e-002	
23202	2.3797e-002	4.5306e-002	3.0853e-002	
23203	2.1898e-002	4.4808e-002	3.0817e-002	
23204	2.7595e-002	4.6303e-002	3.0913e-002	
23205	2.1899e-002	4.7798e-002	3.0976e-002	
23206	2.3798e-002	4.73e-002	3.0958e-002	
23207	2.5697e-002	4.6801e-002	3.0937e-002	
23208	2.7136e-002	4.7429e-002	3.0963e-002	
23209	2.4757e-002	4.8052e-002	3.0983e-002	
23210	2.2379e-002	4.8674e-002	3.0998e-002	
23211	2.9514e-002	4.6807e-002	3.0937e-002	
23212	3.6628e-002	4.8674e-002	3.0998e-002	
23213	3.4257e-002	4.8052e-002	3.0983e-002	
23214	3.1885e-002	4.7429e-002	3.0963e-002	
23215	5.9e-002	4.9296e-002	3.0007e-002	
23216	5.6628e-002	4.8674e-002	2.9997e-002	
23217	5.4257e-002	4.8052e-002	2.9983e-002	
23218	5.1885e-002	4.7429e-002	2.9962e-002	
23219	4.9514e-002	4.6807e-002	2.9936e-002	
23220	4.7136e-002	4.7429e-002	2.9962e-002	
23221	4.4757e-002	4.8052e-002	2.9983e-002	
23222	4.2379e-002	4.8674e-002	2.9997e-002	
23223	4.e-002	4.9296e-002	3.0007e-002	
23224	4.e-002	4.8296e-002	2.9989e-002	
23225	4.1899e-002	4.7798e-002	2.9975e-002	
23226	4.3798e-002	4.73e-002	2.9957e-002	
23227	4.5697e-002	4.6801e-002	2.9936e-002	
23228	4.7595e-002	4.6303e-002	2.9911e-002	
23229	4.5696e-002	4.5805e-002	2.9883e-002	
23230	4.3797e-002	4.5306e-002	2.985e-002	
23231	4.1898e-002	4.4808e-002	2.9815e-002	
23232	4.e-002	4.431e-002	2.9775e-002	
23233	5.1422e-002	4.6308e-002	2.9911e-002	
23234	5.3316e-002	4.6805e-002	2.9936e-002	
23235	5.5211e-002	4.7302e-002	2.9957e-002	
23236	5.7105e-002	4.7799e-002	2.9975e-002	
23237	5.9e-002	4.8296e-002	2.9989e-002	
23238	5.9e-002	4.4325e-002	2.9776e-002	
23239	5.7106e-002	4.482e-002	2.9816e-002	
23240	5.5211e-002	4.5316e-002	2.9851e-002	
23241	5.3317e-002	4.5812e-002	2.9883e-002	
23242	5.9e-002	4.331e-002	2.9685e-002	
23243	5.6626e-002	4.3933e-002	2.9743e-002	
23244	5.425e-002	4.4556e-002	2.9795e-002	
23245	5.1876e-002	4.518e-002	2.9842e-002	
23246	4.95e-002	4.5803e-002	2.9882e-002	
23247	4.e-002	4.331e-002	2.9685e-002	
23248	4.7124e-002	4.518e-002	2.9842e-002	
23249	4.475e-002	4.4556e-002	2.9795e-002	
23250	4.2374e-002	4.3933e-002	2.9743e-002	
23251	4.e-002	4.9296e-002	3.1007e-002	
23252	4.e-002	4.8296e-002	3.0989e-002	
23253	4.7124e-002	4.518e-002	3.0844e-002	
23254	4.475e-002	4.4556e-002	3.0798e-002	
23255	4.2374e-002	4.3933e-002	3.0747e-002	
23256	4.95e-002	4.5803e-002	3.0884e-002	
23257	4.e-002	4.331e-002	3.069e-002	
23258	4.e-002	4.431e-002	3.0779e-002	
23259	5.9e-002	4.4325e-002	3.078e-002	
23260	5.9e-002	4.331e-002	3.069e-002	
23261	5.9e-002	4.9296e-002	3.1007e-002	
23262	5.9e-002	4.8296e-002	3.0989e-002	
23263	5.6626e-002	4.3933e-002	3.0747e-002	
23264	5.425e-002	4.4556e-002	3.0798e-002	
23265	5.1876e-002	4.518e-002	3.0844e-002	
23266	5.7106e-002	4.482e-002	3.0818e-002	
23267	5.5211e-002	4.5316e-002	3.0853e-002	
23268	5.3317e-002	4.5812e-002	3.0885e-002	
23269	5.1422e-002	4.6308e-002	3.0913e-002	
23270	5.3316e-002	4.6805e-002	3.0937e-002	
23271	5.5211e-002	4.7302e-002	3.0958e-002	
23272	5.7105e-002	4.7799e-002	3.0976e-002	
23273	4.5696e-002	4.5805e-002	3.0884e-002	
23274	4.3797e-002	4.5306e-002	3.0853e-002	
23275	4.1898e-002	4.4808e-002	3.0817e-002	
23276	4.7595e-002	4.6303e-002	3.0913e-002	
23277	4.1899e-002	4.7798e-002	3.0976e-002	
23278	4.3798e-002	4.73e-002	3.0958e-002	
23279	4.5697e-002	4.6801e-002	3.0937e-002	
23280	4.7136e-002	4.7429e-002	3.0963e-002	
23281	4.4757e-002	4.8052e-002	3.0983e-002	
23282	4.2379e-002	4.8674e-002	3.0998e-002	
23283	4.9514e-002	4.6807e-002	3.0937e-002	
23284	5.6628e-002	4.8674e-002	3.0998e-002	
23285	5.4257e-002	4.8052e-002	3.0983e-002	
23286	5.1885e-002	4.7429e-002	3.0963e-002	
23287	1.9e-002	0.1493	3.0007e-002	
23288	1.6628e-002	0.14867	2.9997e-002	
23289	1.4257e-002	0.14805	2.9983e-002	
23290	1.1885e-002	0.14743	2.9962e-002	
23291	9.5141e-003	0.14681	2.9936e-002	
23292	7.136e-003	0.14743	2.9962e-002	
23293	4.7571e-003	0.14805	2.9983e-002	
23294	2.3788e-003	0.14867	2.9997e-002	
23295	0.	0.1493	3.0007e-002	
23296	0.	0.1483	2.9989e-002	
23297	1.899e-003	0.1478	2.9975e-002	
23298	3.7975e-003	0.1473	2.9957e-002	
23299	5.6965e-003	0.1468	2.9936e-002	
23300	7.5949e-003	0.1463	2.9911e-002	
23301	5.6957e-003	0.1458	2.9883e-002	
23302	3.7973e-003	0.14531	2.985e-002	
23303	1.8981e-003	0.14481	2.9815e-002	
23304	-7.8139e-018	0.14431	2.9775e-002	
23305	1.1422e-002	0.14631	2.9911e-002	
23306	1.3316e-002	0.1468	2.9936e-002	
23307	1.5211e-002	0.1473	2.9957e-002	
23308	1.7105e-002	0.1478	2.9975e-002	
23309	1.9e-002	0.1483	2.9989e-002	
23310	1.9e-002	0.14432	2.9776e-002	
23311	1.7106e-002	0.14482	2.9816e-002	
23312	1.5211e-002	0.14532	2.9851e-002	
23313	1.3317e-002	0.14581	2.9883e-002	
23314	1.9e-002	0.14331	2.9685e-002	
23315	1.6626e-002	0.14393	2.9743e-002	
23316	1.425e-002	0.14456	2.9795e-002	
23317	1.1876e-002	0.14518	2.9842e-002	
23318	9.5e-003	0.1458	2.9882e-002	
23319	7.1241e-003	0.14518	2.9842e-002	
23320	4.7498e-003	0.14456	2.9795e-002	
23321	2.3739e-003	0.14393	2.9743e-002	
23322	0.	0.14331	2.9685e-002	
23323	0.	0.1493	3.1007e-002	
23324	0.	0.1483	3.0989e-002	
23325	1.9e-002	0.14432	3.078e-002	
23326	1.9e-002	0.14331	3.069e-002	
23327	1.9e-002	0.1493	3.1007e-002	
23328	1.9e-002	0.1483	3.0989e-002	
23329	-7.8139e-018	0.14431	3.0779e-002	
23330	0.	0.14331	3.069e-002	
23331	7.1241e-003	0.14518	3.0844e-002	
23332	4.7498e-003	0.14456	3.0798e-002	
23333	2.3739e-003	0.14393	3.0747e-002	
23334	9.5e-003	0.1458	3.0884e-002	
23335	1.6626e-002	0.14393	3.0747e-002	
23336	1.425e-002	0.14456	3.0798e-002	
23337	1.1876e-002	0.14518	3.0844e-002	
23338	1.7106e-002	0.14482	3.0818e-002	
23339	1.5211e-002	0.14532	3.0853e-002	
23340	1.3317e-002	0.14581	3.0885e-002	
23341	1.1422e-002	0.14631	3.0913e-002	
23342	1.3316e-002	0.1468	3.0937e-002	
23343	1.5211e-002	0.1473	3.0958e-002	
23344	1.7105e-002	0.1478	3.0976e-002	
23345	5.6957e-003	0.1458	3.0884e-002	
23346	3.7973e-003	0.14531	3.0853e-002	
23347	1.8981e-003	0.14481	3.0817e-002	
23348	7.5949e-003	0.1463	3.0913e-002	
23349	1.899e-003	0.1478	3.0976e-002	
23350	3.7975e-003	0.1473	3.0958e-002	
23351	5.6965e-003	0.1468	3.0937e-002	
23352	7.136e-003	0.14743	3.0963e-002	
23353	4.7571e-003	0.14805	3.0983e-002	
23354	2.3788e-003	0.14867	3.0998e-002	
23355	9.5141e-003	0.14681	3.0937e-002	
23356	1.6628e-002	0.14867	3.0998e-002	
23357	1.4257e-002	0.14805	3.0983e-002	
23358	1.1885e-002	0.14743	3.0963e-002	
23359	3.9e-002	0.1493	3.0007e-002	
23360	3.6628e-002	0.14867	2.9997e-002	
23361	3.4257e-002	0.14805	2.9983e-002	
23362	3.1885e-002	0.14743	2.9962e-002	
23363	2.9514e-002	0.14681	2.9936e-002	
23364	2.7136e-002	0.14743	2.9962e-002	
23365	2.4757e-002	0.14805	2.9983e-002	
23366	2.2379e-002	0.14867	2.9997e-002	
23367	2.e-002	0.1493	3.0007e-002	
23368	2.e-002	0.1483	2.9989e-002	
23369	2.1899e-002	0.1478	2.9975e-002	
23370	2.3798e-002	0.1473	2.9957e-002	
23371	2.5697e-002	0.1468	2.9936e-002	
23372	2.7595e-002	0.1463	2.9911e-002	
23373	2.5696e-002	0.1458	2.9883e-002	
23374	2.3797e-002	0.14531	2.985e-002	
23375	2.1898e-002	0.14481	2.9815e-002	
23376	2.e-002	0.14431	2.9775e-002	
23377	3.1422e-002	0.14631	2.9911e-002	
23378	3.3316e-002	0.1468	2.9936e-002	
23379	3.5211e-002	0.1473	2.9957e-002	
23380	3.7105e-002	0.1478	2.9975e-002	
23381	3.9e-002	0.1483	2.9989e-002	
23382	3.9e-002	0.14432	2.9776e-002	
23383	3.7106e-002	0.14482	2.9816e-002	
23384	3.5211e-002	0.14532	2.9851e-002	
23385	3.3317e-002	0.14581	2.9883e-002	
23386	3.9e-002	0.14331	2.9685e-002	
23387	3.6626e-002	0.14393	2.9743e-002	
23388	3.425e-002	0.14456	2.9795e-002	
23389	3.1876e-002	0.14518	2.9842e-002	
23390	2.95e-002	0.1458	2.9882e-002	
23391	2.7124e-002	0.14518	2.9842e-002	
23392	2.475e-002	0.14456	2.9795e-002	
23393	2.2374e-002	0.14393	2.9743e-002	
23394	2.e-002	0.14331	2.9685e-002	
23395	3.9e-002	0.14432	3.078e-002	
23396	3.9e-002	0.14331	3.069e-002	
23397	3.9e-002	0.1493	3.1007e-002	
23398	3.9e-002	0.1483	3.0989e-002	
23399	2.e-002	0.14431	3.0779e-002	
23400	2.e-002	0.14331	3.069e-002	
23401	2.e-002	0.1493	3.1007e-002	
23402	2.e-002	0.1483	3.0989e-002	
23403	2.7124e-002	0.14518	3.0844e-002	
23404	2.475e-002	0.14456	3.0798e-002	
23405	2.2374e-002	0.14393	3.0747e-002	
23406	2.95e-002	0.1458	3.0884e-002	
23407	3.6626e-002	0.14393	3.0747e-002	
23408	3.425e-002	0.14456	3.0798e-002	
23409	3.1876e-002	0.14518	3.0844e-002	
23410	3.7106e-002	0.14482	3.0818e-002	
23411	3.5211e-002	0.14532	3.0853e-002	
23412	3.3317e-002	0.14581	3.0885e-002	
23413	3.1422e-002	0.14631	3.0913e-002	
23414	3.3316e-002	0.1468	3.0937e-002	
23415	3.5211e-002	0.1473	3.0958e-002	
23416	3.7105e-002	0.1478	3.0976e-002	
23417	2.5696e-002	0.1458	3.0884e-002	
23418	2.3797e-002	0.14531	3.0853e-002	
23419	2.1898e-002	0.14481	3.0817e-002	
23420	2.7595e-002	0.1463	3.0913e-002	
23421	2.1899e-002	0.1478	3.0976e-002	
23422	2.3798e-002	0.1473	3.0958e-002	
23423	2.5697e-002	0.1468	3.0937e-002	
23424	2.7136e-002	0.14743	3.0963e-002	
23425	2.4757e-002	0.14805	3.0983e-002	
23426	2.2379e-002	0.14867	3.0998e-002	
23427	2.9514e-002	0.14681	3.0937e-002	
23428	3.6628e-002	0.14867	3.0998e-002	
23429	3.4257e-002	0.14805	3.0983e-002	
23430	3.1885e-002	0.14743	3.0963e-002	
23431	5.9e-002	0.1493	3.0007e-002	
23432	5.6628e-002	0.14867	2.9997e-002	
23433	5.4257e-002	0.14805	2.9983e-002	
23434	5.1885e-002	0.14743	2.9962e-002	
23435	4.9514e-002	0.14681	2.9936e-002	
23436	4.7136e-002	0.14743	2.9962e-002	
23437	4.4757e-002	0.14805	2.9983e-002	
23438	4.2379e-002	0.14867	2.9997e-002	
23439	4.e-002	0.1493	3.0007e-002	
23440	4.e-002	0.1483	2.9989e-002	
23441	4.1899e-002	0.1478	2.9975e-002	
23442	4.3798e-002	0.1473	2.9957e-002	
23443	4.5697e-002	0.1468	2.9936e-002	
23444	4.7595e-002	0.1463	2.9911e-002	
23445	4.5696e-002	0.1458	2.9883e-002	
23446	4.3797e-002	0.14531	2.985e-002	
23447	4.1898e-002	0.14481	2.9815e-002	
23448	4.e-002	0.14431	2.9775e-002	
23449	5.1422e-002	0.14631	2.9911e-002	
23450	5.3316e-002	0.1468	2.9936e-002	
23451	5.5211e-002	0.1473	2.9957e-002	
23452	5.7105e-002	0.1478	2.9975e-002	
23453	5.9e-002	0.1483	2.9989e-002	
23454	5.9e-002	0.14432	2.9776e-002	
23455	5.7106e-002	0.14482	2.9816e-002	
23456	5.5211e-002	0.14532	2.9851e-002	
23457	5.3317e-002	0.14581	2.9883e-002	
23458	5.9e-002	0.14331	2.9685e-002	
23459	5.6626e-002	0.14393	2.9743e-002	
23460	5.425e-002	0.14456	2.9795e-002	
23461	5.1876e-002	0.14518	2.9842e-002	
23462	4.95e-002	0.1458	2.9882e-002	
23463	4.7124e-002	0.14518	2.9842e-002	
23464	4.475e-002	0.14456	2.9795e-002	
23465	4.2374e-002	0.14393	2.9743e-002	
23466	4.e-002	0.14331	2.9685e-002	
23467	4.e-002	0.1493	3.1007e-002	
23468	4.e-002	0.1483	3.0989e-002	
23469	5.9e-002	0.14432	3.078e-002	
23470	5.9e-002	0.14331	3.069e-002	
23471	5.9e-002	0.1493	3.1007e-002	
23472	5.9e-002	0.1483	3.0989e-002	
23473	4.e-002	0.14431	3.0779e-002	
23474	4.e-002	0.14331	3.069e-002	
23475	4.7124e-002	0.14518	3.0844e-002	
23476	4.475e-002	0.14456	3.0798e-002	
23477	4.2374e-002	0.14393	3.0747e-002	
23478	4.95e-002	0.1458	3.0884e-002	
23479	5.6626e-002	0.14393	3.0747e-002	
23480	5.425e-002	0.14456	3.0798e-002	
23481	5.1876e-002	0.14518	3.0844e-002	
23482	5.7106e-002	0.14482	3.0818e-002	
23483	5.5211e-002	0.14532	3.0853e-002	
23484	5.3317e-002	0.14581	3.0885e-002	
23485	5.1422e-002	0.14631	3.0913e-002	
23486	5.3316e-002	0.1468	3.0937e-002	
23487	5.5211e-002	0.1473	3.0958e-002	
23488	5.7105e-002	0.1478	3.0976e-002	
23489	4.5696e-002	0.1458	3.0884e-002	
23490	4.3797e-002	0.14531	3.0853e-002	
23491	4.1898e-002	0.14481	3.0817e-002	
23492	4.7595e-002	0.1463	3.0913e-002	
23493	4.1899e-002	0.1478	3.0976e-002	
23494	4.3798e-002	0.1473	3.0958e-002	
23495	4.5697e-002	0.1468	3.0937e-002	
23496	4.7136e-002	0.14743	3.0963e-002	
23497	4.4757e-002	0.14805	3.0983e-002	
23498	4.2379e-002	0.14867	3.0998e-002	
23499	4.9514e-002	0.14681	3.0937e-002	
23500	5.6628e-002	0.14867	3.0998e-002	
23501	5.4257e-002	0.14805	3.0983e-002	
23502	5.1885e-002	0.14743	3.0963e-002	
23503	1.9e-002	0.24331	2.9685e-002	
23504	1.6626e-002	0.24393	2.9743e-002	
23505	1.425e-002	0.24456	2.9795e-002	
23506	1.1876e-002	0.24518	2.9842e-002	
23507	9.5e-003	0.2458	2.9882e-002	
23508	7.1241e-003	0.24518	2.9842e-002	
23509	4.7498e-003	0.24456	2.9795e-002	
23510	2.3739e-003	0.24393	2.9743e-002	
23511	0.	0.24331	2.9685e-002	
23512	0.	0.2483	2.9989e-002	
23513	1.899e-003	0.2478	2.9975e-002	
23514	3.7975e-003	0.2473	2.9957e-002	
23515	5.6965e-003	0.2468	2.9936e-002	
23516	7.5949e-003	0.2463	2.9911e-002	
23517	5.6957e-003	0.2458	2.9883e-002	
23518	3.7973e-003	0.24531	2.985e-002	
23519	1.8981e-003	0.24481	2.9815e-002	
23520	-7.8139e-018	0.24431	2.9775e-002	
23521	1.9e-002	0.2493	3.0007e-002	
23522	1.6628e-002	0.24867	2.9997e-002	
23523	1.4257e-002	0.24805	2.9983e-002	
23524	1.1885e-002	0.24743	2.9962e-002	
23525	9.5141e-003	0.24681	2.9936e-002	
23526	7.136e-003	0.24743	2.9962e-002	
23527	4.7571e-003	0.24805	2.9983e-002	
23528	2.3788e-003	0.24867	2.9997e-002	
23529	0.	0.2493	3.0007e-002	
23530	1.1422e-002	0.24631	2.9911e-002	
23531	1.3316e-002	0.2468	2.9936e-002	
23532	1.5211e-002	0.2473	2.9957e-002	
23533	1.7105e-002	0.2478	2.9975e-002	
23534	1.9e-002	0.2483	2.9989e-002	
23535	1.9e-002	0.24432	2.9776e-002	
23536	1.7106e-002	0.24482	2.9816e-002	
23537	1.5211e-002	0.24532	2.9851e-002	
23538	1.3317e-002	0.24581	2.9883e-002	
23539	0.	0.24331	3.069e-002	
23540	-7.8139e-018	0.24431	3.0779e-002	
23541	1.9e-002	0.2493	3.1007e-002	
23542	1.9e-002	0.2483	3.0989e-002	
23543	1.9e-002	0.24331	3.069e-002	
23544	1.9e-002	0.24432	3.078e-002	
23545	0.	0.2483	3.0989e-002	
23546	0.	0.2493	3.1007e-002	
23547	1.7106e-002	0.24482	3.0818e-002	
23548	1.5211e-002	0.24532	3.0853e-002	
23549	1.3317e-002	0.24581	3.0885e-002	
23550	1.1422e-002	0.24631	3.0913e-002	
23551	1.3316e-002	0.2468	3.0937e-002	
23552	1.5211e-002	0.2473	3.0958e-002	
23553	1.7105e-002	0.2478	3.0976e-002	
23554	7.136e-003	0.24743	3.0963e-002	
23555	4.7571e-003	0.24805	3.0983e-002	
23556	2.3788e-003	0.24867	3.0998e-002	
23557	9.5141e-003	0.24681	3.0937e-002	
23558	1.6628e-002	0.24867	3.0998e-002	
23559	1.4257e-002	0.24805	3.0983e-002	
23560	1.1885e-002	0.24743	3.0963e-002	
23561	5.6957e-003	0.2458	3.0884e-002	
23562	3.7973e-003	0.24531	3.0853e-002	
23563	1.8981e-003	0.24481	3.0817e-002	
23564	7.5949e-003	0.2463	3.0913e-002	
23565	1.899e-003	0.2478	3.0976e-002	
23566	3.7975e-003	0.2473	3.0958e-002	
23567	5.6965e-003	0.2468	3.0937e-002	
23568	7.1241e-003	0.24518	3.0844e-002	
23569	4.7498e-003	0.24456	3.0798e-002	
23570	2.3739e-003	0.24393	3.0747e-002	
23571	9.5e-003	0.2458	3.0884e-002	
23572	1.6626e-002	0.24393	3.0747e-002	
23573	1.425e-002	0.24456	3.0798e-002	
23574	1.1876e-002	0.24518	3.0844e-002	
23575	3.9e-002	0.2493	3.0007e-002	
23576	3.6628e-002	0.24867	2.9997e-002	
23577	3.4257e-002	0.24805	2.9983e-002	
23578	3.1885e-002	0.24743	2.9962e-002	
23579	2.9514e-002	0.24681	2.9936e-002	
23580	2.7136e-002	0.24743	2.9962e-002	
23581	2.4757e-002	0.24805	2.9983e-002	
23582	2.2379e-002	0.24867	2.9997e-002	
23583	2.e-002	0.2493	3.0007e-002	
23584	2.e-002	0.2483	2.9989e-002	
23585	2.1899e-002	0.2478	2.9975e-002	
23586	2.3798e-002	0.2473	2.9957e-002	
23587	2.5697e-002	0.2468	2.9936e-002	
23588	2.7595e-002	0.2463	2.9911e-002	
23589	2.5696e-002	0.2458	2.9883e-002	
23590	2.3797e-002	0.24531	2.985e-002	
23591	2.1898e-002	0.24481	2.9815e-002	
23592	2.e-002	0.24431	2.9775e-002	
23593	3.1422e-002	0.24631	2.9911e-002	
23594	3.3316e-002	0.2468	2.9936e-002	
23595	3.5211e-002	0.2473	2.9957e-002	
23596	3.7105e-002	0.2478	2.9975e-002	
23597	3.9e-002	0.2483	2.9989e-002	
23598	3.9e-002	0.24432	2.9776e-002	
23599	3.7106e-002	0.24482	2.9816e-002	
23600	3.5211e-002	0.24532	2.9851e-002	
23601	3.3317e-002	0.24581	2.9883e-002	
23602	3.9e-002	0.24331	2.9685e-002	
23603	3.6626e-002	0.24393	2.9743e-002	
23604	3.425e-002	0.24456	2.9795e-002	
23605	3.1876e-002	0.24518	2.9842e-002	
23606	2.95e-002	0.2458	2.9882e-002	
23607	2.7124e-002	0.24518	2.9842e-002	
23608	2.475e-002	0.24456	2.9795e-002	
23609	2.2374e-002	0.24393	2.9743e-002	
23610	2.e-002	0.24331	2.9685e-002	
23611	2.e-002	0.2493	3.1007e-002	
23612	2.e-002	0.2483	3.0989e-002	
23613	2.e-002	0.24431	3.0779e-002	
23614	2.e-002	0.24331	3.069e-002	
23615	3.9e-002	0.2493	3.1007e-002	
23616	3.9e-002	0.2483	3.0989e-002	
23617	3.9e-002	0.24432	3.078e-002	
23618	3.9e-002	0.24331	3.069e-002	
23619	2.7124e-002	0.24518	3.0844e-002	
23620	2.475e-002	0.24456	3.0798e-002	
23621	2.2374e-002	0.24393	3.0747e-002	
23622	2.95e-002	0.2458	3.0884e-002	
23623	3.6626e-002	0.24393	3.0747e-002	
23624	3.425e-002	0.24456	3.0798e-002	
23625	3.1876e-002	0.24518	3.0844e-002	
23626	3.7106e-002	0.24482	3.0818e-002	
23627	3.5211e-002	0.24532	3.0853e-002	
23628	3.3317e-002	0.24581	3.0885e-002	
23629	3.1422e-002	0.24631	3.0913e-002	
23630	3.3316e-002	0.2468	3.0937e-002	
23631	3.5211e-002	0.2473	3.0958e-002	
23632	3.7105e-002	0.2478	3.0976e-002	
23633	2.5696e-002	0.2458	3.0884e-002	
23634	2.3797e-002	0.24531	3.0853e-002	
23635	2.1898e-002	0.24481	3.0817e-002	
23636	2.7595e-002	0.2463	3.0913e-002	
23637	2.1899e-002	0.2478	3.0976e-002	
23638	2.3798e-002	0.2473	3.0958e-002	
23639	2.5697e-002	0.2468	3.0937e-002	
23640	2.7136e-002	0.24743	3.0963e-002	
23641	2.4757e-002	0.24805	3.0983e-002	
23642	2.2379e-002	0.24867	3.0998e-002	
23643	2.9514e-002	0.24681	3.0937e-002	
23644	3.6628e-002	0.24867	3.0998e-002	
23645	3.4257e-002	0.24805	3.0983e-002	
23646	3.1885e-002	0.24743	3.0963e-002	
23647	5.9e-002	0.2493	3.0007e-002	
23648	5.6628e-002	0.24867	2.9997e-002	
23649	5.4257e-002	0.24805	2.9983e-002	
23650	5.1885e-002	0.24743	2.9962e-002	
23651	4.9514e-002	0.24681	2.9936e-002	
23652	4.7136e-002	0.24743	2.9962e-002	
23653	4.4757e-002	0.24805	2.9983e-002	
23654	4.2379e-002	0.24867	2.9997e-002	
23655	4.e-002	0.2493	3.0007e-002	
23656	4.e-002	0.2483	2.9989e-002	
23657	4.1899e-002	0.2478	2.9975e-002	
23658	4.3798e-002	0.2473	2.9957e-002	
23659	4.5697e-002	0.2468	2.9936e-002	
23660	4.7595e-002	0.2463	2.9911e-002	
23661	4.5696e-002	0.2458	2.9883e-002	
23662	4.3797e-002	0.24531	2.985e-002	
23663	4.1898e-002	0.24481	2.9815e-002	
23664	4.e-002	0.24431	2.9775e-002	
23665	5.1422e-002	0.24631	2.9911e-002	
23666	5.3316e-002	0.2468	2.9936e-002	
23667	5.5211e-002	0.2473	2.9957e-002	
23668	5.7105e-002	0.2478	2.9975e-002	
23669	5.9e-002	0.2483	2.9989e-002	
23670	5.9e-002	0.24432	2.9776e-002	
23671	5.7106e-002	0.24482	2.9816e-002	
23672	5.5211e-002	0.24532	2.9851e-002	
23673	5.3317e-002	0.24581	2.9883e-002	
23674	5.9e-002	0.24331	2.9685e-002	
23675	5.6626e-002	0.24393	2.9743e-002	
23676	5.425e-002	0.24456	2.9795e-002	
23677	5.1876e-002	0.24518	2.9842e-002	
23678	4.95e-002	0.2458	2.9882e-002	
23679	4.7124e-002	0.24518	2.9842e-002	
23680	4.475e-002	0.24456	2.9795e-002	
23681	4.2374e-002	0.24393	2.9743e-002	
23682	4.e-002	0.24331	2.9685e-002	
23683	4.e-002	0.2493	3.1007e-002	
23684	4.e-002	0.2483	3.0989e-002	
23685	4.e-002	0.24431	3.0779e-002	
23686	4.e-002	0.24331	3.069e-002	
23687	5.9e-002	0.2493	3.1007e-002	
23688	5.9e-002	0.2483	3.0989e-002	
23689	5.9e-002	0.24432	3.078e-002	
23690	5.9e-002	0.24331	3.069e-002	
23691	4.7124e-002	0.24518	3.0844e-002	
23692	4.475e-002	0.24456	3.0798e-002	
23693	4.2374e-002	0.24393	3.0747e-002	
23694	4.95e-002	0.2458	3.0884e-002	
23695	5.6626e-002	0.24393	3.0747e-002	
23696	5.425e-002	0.24456	3.0798e-002	
23697	5.1876e-002	0.24518	3.0844e-002	
23698	5.7106e-002	0.24482	3.0818e-002	
23699	5.5211e-002	0.24532	3.0853e-002	
23700	5.3317e-002	0.24581	3.0885e-002	
23701	5.1422e-002	0.24631	3.0913e-002	
23702	5.3316e-002	0.2468	3.0937e-002	
23703	5.5211e-002	0.2473	3.0958e-002	
23704	5.7105e-002	0.2478	3.0976e-002	
23705	4.5696e-002	0.2458	3.0884e-002	
23706	4.3797e-002	0.24531	3.0853e-002	
23707	4.1898e-002	0.24481	3.0817e-002	
23708	4.7595e-002	0.2463	3.0913e-002	
23709	4.1899e-002	0.2478	3.0976e-002	
23710	4.3798e-002	0.2473	3.0958e-002	
23711	4.5697e-002	0.2468	3.0937e-002	
23712	4.7136e-002	0.24743	3.0963e-002	
23713	4.4757e-002	0.24805	3.0983e-002	
23714	4.2379e-002	0.24867	3.0998e-002	
23715	4.9514e-002	0.24681	3.0937e-002	
23716	5.6628e-002	0.24867	3.0998e-002	
23717	5.4257e-002	0.24805	3.0983e-002	
23718	5.1885e-002	0.24743	3.0963e-002	
23719	1.9e-002	5.031e-002	3.001e-002	
23720	1.6625e-002	5.0933e-002	3.0004e-002	
23721	1.425e-002	5.1556e-002	2.9993e-002	
23722	1.1875e-002	5.218e-002	2.9976e-002	
23723	9.5e-003	5.2803e-002	2.9953e-002	
23724	7.1254e-003	5.218e-002	2.9976e-002	
23725	4.7501e-003	5.1556e-002	2.9993e-002	
23726	2.3752e-003	5.0933e-002	3.0004e-002	
23727	0.	5.031e-002	3.001e-002	
23728	0.	5.5296e-002	2.9807e-002	
23729	1.8982e-003	5.4798e-002	2.9843e-002	
23730	3.7973e-003	5.43e-002	2.9876e-002	
23731	5.6957e-003	5.3802e-002	2.9905e-002	
23732	7.5949e-003	5.3303e-002	2.9931e-002	
23733	5.6965e-003	5.2805e-002	2.9953e-002	
23734	3.7975e-003	5.2306e-002	2.9972e-002	
23735	1.8989e-003	5.1808e-002	2.9987e-002	
23736	-7.8139e-018	5.131e-002	2.9998e-002	
23737	1.9e-002	5.6296e-002	2.9722e-002	
23738	1.663e-002	5.5674e-002	2.9776e-002	
23739	1.4257e-002	5.5052e-002	2.9825e-002	
23740	1.1886e-002	5.4429e-002	2.9868e-002	
23741	9.5141e-003	5.3807e-002	2.9905e-002	
23742	7.1348e-003	5.4429e-002	2.9868e-002	
23743	4.7568e-003	5.5052e-002	2.9825e-002	
23744	2.3775e-003	5.5674e-002	2.9776e-002	
23745	0.	5.6296e-002	2.9722e-002	
23746	1.1422e-002	5.3308e-002	2.9931e-002	
23747	1.3317e-002	5.3805e-002	2.9905e-002	
23748	1.5211e-002	5.4302e-002	2.9876e-002	
23749	1.7106e-002	5.4799e-002	2.9843e-002	
23750	1.9e-002	5.5296e-002	2.9807e-002	
23751	1.9e-002	5.1325e-002	2.9997e-002	
23752	1.7105e-002	5.182e-002	2.9986e-002	
23753	1.5211e-002	5.2316e-002	2.9971e-002	
23754	1.3316e-002	5.2812e-002	2.9953e-002	
23755	1.9e-002	5.6296e-002	3.0726e-002	
23756	1.9e-002	5.5296e-002	3.081e-002	
23757	1.9e-002	5.031e-002	3.101e-002	
23758	1.9e-002	5.1325e-002	3.0998e-002	
23759	0.	5.5296e-002	3.081e-002	
23760	0.	5.6296e-002	3.0726e-002	
23761	0.	5.031e-002	3.101e-002	
23762	-7.8139e-018	5.131e-002	3.0998e-002	
23763	1.7105e-002	5.182e-002	3.0987e-002	
23764	1.5211e-002	5.2316e-002	3.0972e-002	
23765	1.3316e-002	5.2812e-002	3.0954e-002	
23766	1.1422e-002	5.3308e-002	3.0932e-002	
23767	1.3317e-002	5.3805e-002	3.0907e-002	
23768	1.5211e-002	5.4302e-002	3.0878e-002	
23769	1.7106e-002	5.4799e-002	3.0845e-002	
23770	7.1348e-003	5.4429e-002	3.087e-002	
23771	4.7568e-003	5.5052e-002	3.0828e-002	
23772	2.3775e-003	5.5674e-002	3.078e-002	
23773	9.5141e-003	5.3807e-002	3.0907e-002	
23774	1.663e-002	5.5674e-002	3.078e-002	
23775	1.4257e-002	5.5052e-002	3.0828e-002	
23776	1.1886e-002	5.4429e-002	3.087e-002	
23777	5.6965e-003	5.2805e-002	3.0954e-002	
23778	3.7975e-003	5.2306e-002	3.0972e-002	
23779	1.8989e-003	5.1808e-002	3.0987e-002	
23780	7.5949e-003	5.3303e-002	3.0932e-002	
23781	1.8982e-003	5.4798e-002	3.0846e-002	
23782	3.7973e-003	5.43e-002	3.0878e-002	
23783	5.6957e-003	5.3802e-002	3.0907e-002	
23784	7.1254e-003	5.218e-002	3.0976e-002	
23785	4.7501e-003	5.1556e-002	3.0993e-002	
23786	2.3752e-003	5.0933e-002	3.1004e-002	
23787	9.5e-003	5.2803e-002	3.0954e-002	
23788	1.6625e-002	5.0933e-002	3.1004e-002	
23789	1.425e-002	5.1556e-002	3.0993e-002	
23790	1.1875e-002	5.218e-002	3.0976e-002	
23791	3.9e-002	5.031e-002	3.001e-002	
23792	3.6625e-002	5.0933e-002	3.0004e-002	
23793	3.425e-002	5.1556e-002	2.9993e-002	
23794	3.1875e-002	5.218e-002	2.9976e-002	
23795	2.95e-002	5.2803e-002	2.9953e-002	
23796	2.7125e-002	5.218e-002	2.9976e-002	
23797	2.475e-002	5.1556e-002	2.9993e-002	
23798	2.2375e-002	5.0933e-002	3.0004e-002	
23799	2.e-002	5.031e-002	3.001e-002	
23800	3.1422e-002	5.3308e-002	2.9931e-002	
23801	3.3317e-002	5.3805e-002	2.9905e-002	
23802	3.5211e-002	5.4302e-002	2.9876e-002	
23803	3.7106e-002	5.4799e-002	2.9843e-002	
23804	3.9e-002	5.5296e-002	2.9807e-002	
23805	3.9e-002	5.1325e-002	2.9997e-002	
23806	3.7105e-002	5.182e-002	2.9986e-002	
23807	3.5211e-002	5.2316e-002	2.9971e-002	
23808	3.3316e-002	5.2812e-002	2.9953e-002	
23809	2.e-002	5.5296e-002	2.9807e-002	
23810	2.1898e-002	5.4798e-002	2.9843e-002	
23811	2.3797e-002	5.43e-002	2.9876e-002	
23812	2.5696e-002	5.3802e-002	2.9905e-002	
23813	2.7595e-002	5.3303e-002	2.9931e-002	
23814	2.5696e-002	5.2805e-002	2.9953e-002	
23815	2.3798e-002	5.2306e-002	2.9972e-002	
23816	2.1899e-002	5.1808e-002	2.9987e-002	
23817	2.e-002	5.131e-002	2.9998e-002	
23818	3.9e-002	5.6296e-002	2.9722e-002	
23819	3.663e-002	5.5674e-002	2.9776e-002	
23820	3.4257e-002	5.5052e-002	2.9825e-002	
23821	3.1886e-002	5.4429e-002	2.9868e-002	
23822	2.9514e-002	5.3807e-002	2.9905e-002	
23823	2.7135e-002	5.4429e-002	2.9868e-002	
23824	2.4757e-002	5.5052e-002	2.9825e-002	
23825	2.2378e-002	5.5674e-002	2.9776e-002	
23826	2.e-002	5.6296e-002	2.9722e-002	
23827	3.9e-002	5.031e-002	3.101e-002	
23828	3.9e-002	5.1325e-002	3.0998e-002	
23829	3.9e-002	5.5296e-002	3.081e-002	
23830	3.9e-002	5.6296e-002	3.0726e-002	
23831	2.e-002	5.031e-002	3.101e-002	
23832	2.e-002	5.131e-002	3.0998e-002	
23833	2.e-002	5.5296e-002	3.081e-002	
23834	2.e-002	5.6296e-002	3.0726e-002	
23835	2.7135e-002	5.4429e-002	3.087e-002	
23836	2.4757e-002	5.5052e-002	3.0828e-002	
23837	2.2378e-002	5.5674e-002	3.078e-002	
23838	2.9514e-002	5.3807e-002	3.0907e-002	
23839	3.663e-002	5.5674e-002	3.078e-002	
23840	3.4257e-002	5.5052e-002	3.0828e-002	
23841	3.1886e-002	5.4429e-002	3.087e-002	
23842	2.5696e-002	5.2805e-002	3.0954e-002	
23843	2.3798e-002	5.2306e-002	3.0972e-002	
23844	2.1899e-002	5.1808e-002	3.0987e-002	
23845	2.7595e-002	5.3303e-002	3.0932e-002	
23846	2.1898e-002	5.4798e-002	3.0846e-002	
23847	2.3797e-002	5.43e-002	3.0878e-002	
23848	2.5696e-002	5.3802e-002	3.0907e-002	
23849	3.7105e-002	5.182e-002	3.0987e-002	
23850	3.5211e-002	5.2316e-002	3.0972e-002	
23851	3.3316e-002	5.2812e-002	3.0954e-002	
23852	3.1422e-002	5.3308e-002	3.0932e-002	
23853	3.3317e-002	5.3805e-002	3.0907e-002	
23854	3.5211e-002	5.4302e-002	3.0878e-002	
23855	3.7106e-002	5.4799e-002	3.0845e-002	
23856	2.7125e-002	5.218e-002	3.0976e-002	
23857	2.475e-002	5.1556e-002	3.0993e-002	
23858	2.2375e-002	5.0933e-002	3.1004e-002	
23859	2.95e-002	5.2803e-002	3.0954e-002	
23860	3.6625e-002	5.0933e-002	3.1004e-002	
23861	3.425e-002	5.1556e-002	3.0993e-002	
23862	3.1875e-002	5.218e-002	3.0976e-002	
23863	5.9e-002	5.031e-002	3.001e-002	
23864	5.6625e-002	5.0933e-002	3.0004e-002	
23865	5.425e-002	5.1556e-002	2.9993e-002	
23866	5.1875e-002	5.218e-002	2.9976e-002	
23867	4.95e-002	5.2803e-002	2.9953e-002	
23868	4.7125e-002	5.218e-002	2.9976e-002	
23869	4.475e-002	5.1556e-002	2.9993e-002	
23870	4.2375e-002	5.0933e-002	3.0004e-002	
23871	4.e-002	5.031e-002	3.001e-002	
23872	5.1422e-002	5.3308e-002	2.9931e-002	
23873	5.3317e-002	5.3805e-002	2.9905e-002	
23874	5.5211e-002	5.4302e-002	2.9876e-002	
23875	5.7106e-002	5.4799e-002	2.9843e-002	
23876	5.9e-002	5.5296e-002	2.9807e-002	
23877	5.9e-002	5.1325e-002	2.9997e-002	
23878	5.7105e-002	5.182e-002	2.9986e-002	
23879	5.5211e-002	5.2316e-002	2.9971e-002	
23880	5.3316e-002	5.2812e-002	2.9953e-002	
23881	4.e-002	5.5296e-002	2.9807e-002	
23882	4.1898e-002	5.4798e-002	2.9843e-002	
23883	4.3797e-002	5.43e-002	2.9876e-002	
23884	4.5696e-002	5.3802e-002	2.9905e-002	
23885	4.7595e-002	5.3303e-002	2.9931e-002	
23886	4.5696e-002	5.2805e-002	2.9953e-002	
23887	4.3798e-002	5.2306e-002	2.9972e-002	
23888	4.1899e-002	5.1808e-002	2.9987e-002	
23889	4.e-002	5.131e-002	2.9998e-002	
23890	5.9e-002	5.6296e-002	2.9722e-002	
23891	5.663e-002	5.5674e-002	2.9776e-002	
23892	5.4257e-002	5.5052e-002	2.9825e-002	
23893	5.1886e-002	5.4429e-002	2.9868e-002	
23894	4.9514e-002	5.3807e-002	2.9905e-002	
23895	4.7135e-002	5.4429e-002	2.9868e-002	
23896	4.4757e-002	5.5052e-002	2.9825e-002	
23897	4.2378e-002	5.5674e-002	2.9776e-002	
23898	4.e-002	5.6296e-002	2.9722e-002	
23899	5.9e-002	5.031e-002	3.101e-002	
23900	5.9e-002	5.1325e-002	3.0998e-002	
23901	5.9e-002	5.5296e-002	3.081e-002	
23902	5.9e-002	5.6296e-002	3.0726e-002	
23903	4.e-002	5.031e-002	3.101e-002	
23904	4.e-002	5.131e-002	3.0998e-002	
23905	4.e-002	5.5296e-002	3.081e-002	
23906	4.e-002	5.6296e-002	3.0726e-002	
23907	4.7135e-002	5.4429e-002	3.087e-002	
23908	4.4757e-002	5.5052e-002	3.0828e-002	
23909	4.2378e-002	5.5674e-002	3.078e-002	
23910	4.9514e-002	5.3807e-002	3.0907e-002	
23911	5.663e-002	5.5674e-002	3.078e-002	
23912	5.4257e-002	5.5052e-002	3.0828e-002	
23913	5.1886e-002	5.4429e-002	3.087e-002	
23914	4.5696e-002	5.2805e-002	3.0954e-002	
23915	4.3798e-002	5.2306e-002	3.0972e-002	
23916	4.1899e-002	5.1808e-002	3.0987e-002	
23917	4.7595e-002	5.3303e-002	3.0932e-002	
23918	4.1898e-002	5.4798e-002	3.0846e-002	
23919	4.3797e-002	5.43e-002	3.0878e-002	
23920	4.5696e-002	5.3802e-002	3.0907e-002	
23921	5.7105e-002	5.182e-002	3.0987e-002	
23922	5.5211e-002	5.2316e-002	3.0972e-002	
23923	5.3316e-002	5.2812e-002	3.0954e-002	
23924	5.1422e-002	5.3308e-002	3.0932e-002	
23925	5.3317e-002	5.3805e-002	3.0907e-002	
23926	5.5211e-002	5.4302e-002	3.0878e-002	
23927	5.7106e-002	5.4799e-002	3.0845e-002	
23928	4.7125e-002	5.218e-002	3.0976e-002	
23929	4.475e-002	5.1556e-002	3.0993e-002	
23930	4.2375e-002	5.0933e-002	3.1004e-002	
23931	4.95e-002	5.2803e-002	3.0954e-002	
23932	5.6625e-002	5.0933e-002	3.1004e-002	
23933	5.425e-002	5.1556e-002	3.0993e-002	
23934	5.1875e-002	5.218e-002	3.0976e-002	
23935	1.9e-002	0.1563	2.9722e-002	
23936	1.663e-002	0.15567	2.9776e-002	
23937	1.4257e-002	0.15505	2.9825e-002	
23938	1.1886e-002	0.15443	2.9868e-002	
23939	9.5141e-003	0.15381	2.9905e-002	
23940	7.1348e-003	0.15443	2.9868e-002	
23941	4.7568e-003	0.15505	2.9825e-002	
23942	2.3775e-003	0.15567	2.9776e-002	
23943	0.	0.1563	2.9722e-002	
23944	1.9e-002	0.15031	3.001e-002	
23945	1.6625e-002	0.15093	3.0004e-002	
23946	1.425e-002	0.15156	2.9993e-002	
23947	1.1875e-002	0.15218	2.9976e-002	
23948	9.5e-003	0.1528	2.9953e-002	
23949	7.1254e-003	0.15218	2.9976e-002	
23950	4.7501e-003	0.15156	2.9993e-002	
23951	2.3752e-003	0.15093	3.0004e-002	
23952	0.	0.15031	3.001e-002	
23953	1.1422e-002	0.15331	2.9931e-002	
23954	1.3317e-002	0.1538	2.9905e-002	
23955	1.5211e-002	0.1543	2.9876e-002	
23956	1.7106e-002	0.1548	2.9843e-002	
23957	1.9e-002	0.1553	2.9807e-002	
23958	1.9e-002	0.15132	2.9997e-002	
23959	1.7105e-002	0.15182	2.9986e-002	
23960	1.5211e-002	0.15232	2.9971e-002	
23961	1.3316e-002	0.15281	2.9953e-002	
23962	0.	0.1553	2.9807e-002	
23963	1.8982e-003	0.1548	2.9843e-002	
23964	3.7973e-003	0.1543	2.9876e-002	
23965	5.6957e-003	0.1538	2.9905e-002	
23966	7.5949e-003	0.1533	2.9931e-002	
23967	5.6965e-003	0.1528	2.9953e-002	
23968	3.7975e-003	0.15231	2.9972e-002	
23969	1.8989e-003	0.15181	2.9987e-002	
23970	-7.8139e-018	0.15131	2.9998e-002	
23971	1.9e-002	0.15031	3.101e-002	
23972	1.9e-002	0.15132	3.0998e-002	
23973	1.9e-002	0.1563	3.0726e-002	
23974	1.9e-002	0.1553	3.081e-002	
23975	0.	0.15031	3.101e-002	
23976	-7.8139e-018	0.15131	3.0998e-002	
23977	0.	0.1563	3.0726e-002	
23978	0.	0.1553	3.081e-002	
23979	5.6965e-003	0.1528	3.0954e-002	
23980	3.7975e-003	0.15231	3.0972e-002	
23981	1.8989e-003	0.15181	3.0987e-002	
23982	7.5949e-003	0.1533	3.0932e-002	
23983	1.8982e-003	0.1548	3.0846e-002	
23984	3.7973e-003	0.1543	3.0878e-002	
23985	5.6957e-003	0.1538	3.0907e-002	
23986	1.7105e-002	0.15182	3.0987e-002	
23987	1.5211e-002	0.15232	3.0972e-002	
23988	1.3316e-002	0.15281	3.0954e-002	
23989	1.1422e-002	0.15331	3.0932e-002	
23990	1.3317e-002	0.1538	3.0907e-002	
23991	1.5211e-002	0.1543	3.0878e-002	
23992	1.7106e-002	0.1548	3.0845e-002	
23993	7.1254e-003	0.15218	3.0976e-002	
23994	4.7501e-003	0.15156	3.0993e-002	
23995	2.3752e-003	0.15093	3.1004e-002	
23996	9.5e-003	0.1528	3.0954e-002	
23997	1.6625e-002	0.15093	3.1004e-002	
23998	1.425e-002	0.15156	3.0993e-002	
23999	1.1875e-002	0.15218	3.0976e-002	
24000	7.1348e-003	0.15443	3.087e-002	
24001	4.7568e-003	0.15505	3.0828e-002	
24002	2.3775e-003	0.15567	3.078e-002	
24003	9.5141e-003	0.15381	3.0907e-002	
24004	1.663e-002	0.15567	3.078e-002	
24005	1.4257e-002	0.15505	3.0828e-002	
24006	1.1886e-002	0.15443	3.087e-002	
24007	3.9e-002	0.15031	3.001e-002	
24008	3.6625e-002	0.15093	3.0004e-002	
24009	3.425e-002	0.15156	2.9993e-002	
24010	3.1875e-002	0.15218	2.9976e-002	
24011	2.95e-002	0.1528	2.9953e-002	
24012	2.7125e-002	0.15218	2.9976e-002	
24013	2.475e-002	0.15156	2.9993e-002	
24014	2.2375e-002	0.15093	3.0004e-002	
24015	2.e-002	0.15031	3.001e-002	
24016	3.1422e-002	0.15331	2.9931e-002	
24017	3.3317e-002	0.1538	2.9905e-002	
24018	3.5211e-002	0.1543	2.9876e-002	
24019	3.7106e-002	0.1548	2.9843e-002	
24020	3.9e-002	0.1553	2.9807e-002	
24021	3.9e-002	0.15132	2.9997e-002	
24022	3.7105e-002	0.15182	2.9986e-002	
24023	3.5211e-002	0.15232	2.9971e-002	
24024	3.3316e-002	0.15281	2.9953e-002	
24025	2.e-002	0.1553	2.9807e-002	
24026	2.1898e-002	0.1548	2.9843e-002	
24027	2.3797e-002	0.1543	2.9876e-002	
24028	2.5696e-002	0.1538	2.9905e-002	
24029	2.7595e-002	0.1533	2.9931e-002	
24030	2.5696e-002	0.1528	2.9953e-002	
24031	2.3798e-002	0.15231	2.9972e-002	
24032	2.1899e-002	0.15181	2.9987e-002	
24033	2.e-002	0.15131	2.9998e-002	
24034	3.9e-002	0.1563	2.9722e-002	
24035	3.663e-002	0.15567	2.9776e-002	
24036	3.4257e-002	0.15505	2.9825e-002	
24037	3.1886e-002	0.15443	2.9868e-002	
24038	2.9514e-002	0.15381	2.9905e-002	
24039	2.7135e-002	0.15443	2.9868e-002	
24040	2.4757e-002	0.15505	2.9825e-002	
24041	2.2378e-002	0.15567	2.9776e-002	
24042	2.e-002	0.1563	2.9722e-002	
24043	2.e-002	0.1553	3.081e-002	
24044	2.e-002	0.1563	3.0726e-002	
24045	2.e-002	0.15031	3.101e-002	
24046	2.e-002	0.15131	3.0998e-002	
24047	3.9e-002	0.1553	3.081e-002	
24048	3.9e-002	0.1563	3.0726e-002	
24049	3.9e-002	0.15031	3.101e-002	
24050	3.9e-002	0.15132	3.0998e-002	
24051	2.7135e-002	0.15443	3.087e-002	
24052	2.4757e-002	0.15505	3.0828e-002	
24053	2.2378e-002	0.15567	3.078e-002	
24054	2.9514e-002	0.15381	3.0907e-002	
24055	3.663e-002	0.15567	3.078e-002	
24056	3.4257e-002	0.15505	3.0828e-002	
24057	3.1886e-002	0.15443	3.087e-002	
24058	2.5696e-002	0.1528	3.0954e-002	
24059	2.3798e-002	0.15231	3.0972e-002	
24060	2.1899e-002	0.15181	3.0987e-002	
24061	2.7595e-002	0.1533	3.0932e-002	
24062	2.1898e-002	0.1548	3.0846e-002	
24063	2.3797e-002	0.1543	3.0878e-002	
24064	2.5696e-002	0.1538	3.0907e-002	
24065	3.7105e-002	0.15182	3.0987e-002	
24066	3.5211e-002	0.15232	3.0972e-002	
24067	3.3316e-002	0.15281	3.0954e-002	
24068	3.1422e-002	0.15331	3.0932e-002	
24069	3.3317e-002	0.1538	3.0907e-002	
24070	3.5211e-002	0.1543	3.0878e-002	
24071	3.7106e-002	0.1548	3.0845e-002	
24072	2.7125e-002	0.15218	3.0976e-002	
24073	2.475e-002	0.15156	3.0993e-002	
24074	2.2375e-002	0.15093	3.1004e-002	
24075	2.95e-002	0.1528	3.0954e-002	
24076	3.6625e-002	0.15093	3.1004e-002	
24077	3.425e-002	0.15156	3.0993e-002	
24078	3.1875e-002	0.15218	3.0976e-002	
24079	5.9e-002	0.15031	3.001e-002	
24080	5.6625e-002	0.15093	3.0004e-002	
24081	5.425e-002	0.15156	2.9993e-002	
24082	5.1875e-002	0.15218	2.9976e-002	
24083	4.95e-002	0.1528	2.9953e-002	
24084	4.7125e-002	0.15218	2.9976e-002	
24085	4.475e-002	0.15156	2.9993e-002	
24086	4.2375e-002	0.15093	3.0004e-002	
24087	4.e-002	0.15031	3.001e-002	
24088	5.1422e-002	0.15331	2.9931e-002	
24089	5.3317e-002	0.1538	2.9905e-002	
24090	5.5211e-002	0.1543	2.9876e-002	
24091	5.7106e-002	0.1548	2.9843e-002	
24092	5.9e-002	0.1553	2.9807e-002	
24093	5.9e-002	0.15132	2.9997e-002	
24094	5.7105e-002	0.15182	2.9986e-002	
24095	5.5211e-002	0.15232	2.9971e-002	
24096	5.3316e-002	0.15281	2.9953e-002	
24097	4.e-002	0.1553	2.9807e-002	
24098	4.1898e-002	0.1548	2.9843e-002	
24099	4.3797e-002	0.1543	2.9876e-002	
24100	4.5696e-002	0.1538	2.9905e-002	
24101	4.7595e-002	0.1533	2.9931e-002	
24102	4.5696e-002	0.1528	2.9953e-002	
24103	4.3798e-002	0.15231	2.9972e-002	
24104	4.1899e-002	0.15181	2.9987e-002	
24105	4.e-002	0.15131	2.9998e-002	
24106	5.9e-002	0.1563	2.9722e-002	
24107	5.663e-002	0.15567	2.9776e-002	
24108	5.4257e-002	0.15505	2.9825e-002	
24109	5.1886e-002	0.15443	2.9868e-002	
24110	4.9514e-002	0.15381	2.9905e-002	
24111	4.7135e-002	0.15443	2.9868e-002	
24112	4.4757e-002	0.15505	2.9825e-002	
24113	4.2378e-002	0.15567	2.9776e-002	
24114	4.e-002	0.1563	2.9722e-002	
24115	5.9e-002	0.15031	3.101e-002	
24116	5.9e-002	0.15132	3.0998e-002	
24117	5.9e-002	0.1553	3.081e-002	
24118	5.9e-002	0.1563	3.0726e-002	
24119	4.e-002	0.15031	3.101e-002	
24120	4.e-002	0.15131	3.0998e-002	
24121	4.e-002	0.1553	3.081e-002	
24122	4.e-002	0.1563	3.0726e-002	
24123	4.7135e-002	0.15443	3.087e-002	
24124	4.4757e-002	0.15505	3.0828e-002	
24125	4.2378e-002	0.15567	3.078e-002	
24126	4.9514e-002	0.15381	3.0907e-002	
24127	5.663e-002	0.15567	3.078e-002	
24128	5.4257e-002	0.15505	3.0828e-002	
24129	5.1886e-002	0.15443	3.087e-002	
24130	4.5696e-002	0.1528	3.0954e-002	
24131	4.3798e-002	0.15231	3.0972e-002	
24132	4.1899e-002	0.15181	3.0987e-002	
24133	4.7595e-002	0.1533	3.0932e-002	
24134	4.1898e-002	0.1548	3.0846e-002	
24135	4.3797e-002	0.1543	3.0878e-002	
24136	4.5696e-002	0.1538	3.0907e-002	
24137	5.7105e-002	0.15182	3.0987e-002	
24138	5.5211e-002	0.15232	3.0972e-002	
24139	5.3316e-002	0.15281	3.0954e-002	
24140	5.1422e-002	0.15331	3.0932e-002	
24141	5.3317e-002	0.1538	3.0907e-002	
24142	5.5211e-002	0.1543	3.0878e-002	
24143	5.7106e-002	0.1548	3.0845e-002	
24144	4.7125e-002	0.15218	3.0976e-002	
24145	4.475e-002	0.15156	3.0993e-002	
24146	4.2375e-002	0.15093	3.1004e-002	
24147	4.95e-002	0.1528	3.0954e-002	
24148	5.6625e-002	0.15093	3.1004e-002	
24149	5.425e-002	0.15156	3.0993e-002	
24150	5.1875e-002	0.15218	3.0976e-002	
24151	9.5141e-003	0.25381	2.9905e-002	
24152	7.1348e-003	0.25443	2.9868e-002	
24153	4.7568e-003	0.25505	2.9825e-002	
24154	2.3775e-003	0.25567	2.9776e-002	
24155	0.	0.2563	2.9722e-002	
24156	1.9e-002	0.2563	2.9722e-002	
24157	1.663e-002	0.25567	2.9776e-002	
24158	1.4257e-002	0.25505	2.9825e-002	
24159	1.1886e-002	0.25443	2.9868e-002	
24160	7.5949e-003	0.2533	2.9931e-002	
24161	5.6965e-003	0.2528	2.9953e-002	
24162	3.7975e-003	0.25231	2.9972e-002	
24163	1.8989e-003	0.25181	2.9987e-002	
24164	-7.8139e-018	0.25131	2.9998e-002	
24165	1.7347e-018	0.2553	2.9807e-002	
24166	1.8982e-003	0.2548	2.9843e-002	
24167	3.7973e-003	0.2543	2.9876e-002	
24168	5.6957e-003	0.2538	2.9905e-002	
24169	1.9e-002	0.25132	2.9997e-002	
24170	1.7105e-002	0.25182	2.9986e-002	
24171	1.5211e-002	0.25232	2.9971e-002	
24172	1.3316e-002	0.25281	2.9953e-002	
24173	1.1422e-002	0.25331	2.9931e-002	
24174	1.3317e-002	0.2538	2.9905e-002	
24175	1.5211e-002	0.2543	2.9876e-002	
24176	1.7106e-002	0.2548	2.9843e-002	
24177	1.9e-002	0.2553	2.9807e-002	
24178	9.5e-003	0.2528	2.9953e-002	
24179	7.1254e-003	0.25218	2.9976e-002	
24180	4.7501e-003	0.25156	2.9993e-002	
24181	2.3752e-003	0.25093	3.0004e-002	
24182	0.	0.25031	3.001e-002	
24183	1.9e-002	0.25031	3.001e-002	
24184	1.6625e-002	0.25093	3.0004e-002	
24185	1.425e-002	0.25156	2.9993e-002	
24186	1.1875e-002	0.25218	2.9976e-002	
24187	-7.8139e-018	0.25131	3.0998e-002	
24188	0.	0.25031	3.101e-002	
24189	1.9e-002	0.2563	3.0726e-002	
24190	1.9e-002	0.2553	3.081e-002	
24191	1.9e-002	0.25132	3.0998e-002	
24192	1.9e-002	0.25031	3.101e-002	
24193	0.	0.2563	3.0726e-002	
24194	0.	0.2553	3.081e-002	
24195	1.6625e-002	0.25093	3.1004e-002	
24196	1.425e-002	0.25156	3.0993e-002	
24197	1.1875e-002	0.25218	3.0976e-002	
24198	9.5e-003	0.2528	3.0954e-002	
24199	7.1254e-003	0.25218	3.0976e-002	
24200	4.7501e-003	0.25156	3.0993e-002	
24201	2.3752e-003	0.25093	3.1004e-002	
24202	1.3317e-002	0.2538	3.0907e-002	
24203	1.5211e-002	0.2543	3.0878e-002	
24204	1.7106e-002	0.2548	3.0845e-002	
24205	1.1422e-002	0.25331	3.0932e-002	
24206	1.7105e-002	0.25182	3.0987e-002	
24207	1.5211e-002	0.25232	3.0972e-002	
24208	1.3316e-002	0.25281	3.0954e-002	
24209	1.8982e-003	0.2548	3.0846e-002	
24210	3.7973e-003	0.2543	3.0878e-002	
24211	5.6957e-003	0.2538	3.0907e-002	
24212	7.5949e-003	0.2533	3.0932e-002	
24213	5.6965e-003	0.2528	3.0954e-002	
24214	3.7975e-003	0.25231	3.0972e-002	
24215	1.8989e-003	0.25181	3.0987e-002	
24216	1.663e-002	0.25567	3.078e-002	
24217	1.4257e-002	0.25505	3.0828e-002	
24218	1.1886e-002	0.25443	3.087e-002	
24219	9.5141e-003	0.25381	3.0907e-002	
24220	7.1348e-003	0.25443	3.087e-002	
24221	4.7568e-003	0.25505	3.0828e-002	
24222	2.3775e-003	0.25567	3.078e-002	
24223	3.9e-002	0.25031	3.001e-002	
24224	3.6625e-002	0.25093	3.0004e-002	
24225	3.425e-002	0.25156	2.9993e-002	
24226	3.1875e-002	0.25218	2.9976e-002	
24227	2.95e-002	0.2528	2.9953e-002	
24228	2.7125e-002	0.25218	2.9976e-002	
24229	2.475e-002	0.25156	2.9993e-002	
24230	2.2375e-002	0.25093	3.0004e-002	
24231	2.e-002	0.25031	3.001e-002	
24232	3.1422e-002	0.25331	2.9931e-002	
24233	3.3317e-002	0.2538	2.9905e-002	
24234	3.5211e-002	0.2543	2.9876e-002	
24235	3.7106e-002	0.2548	2.9843e-002	
24236	3.9e-002	0.2553	2.9807e-002	
24237	3.9e-002	0.25132	2.9997e-002	
24238	3.7105e-002	0.25182	2.9986e-002	
24239	3.5211e-002	0.25232	2.9971e-002	
24240	3.3316e-002	0.25281	2.9953e-002	
24241	2.e-002	0.2553	2.9807e-002	
24242	2.1898e-002	0.2548	2.9843e-002	
24243	2.3797e-002	0.2543	2.9876e-002	
24244	2.5696e-002	0.2538	2.9905e-002	
24245	2.7595e-002	0.2533	2.9931e-002	
24246	2.5696e-002	0.2528	2.9953e-002	
24247	2.3798e-002	0.25231	2.9972e-002	
24248	2.1899e-002	0.25181	2.9987e-002	
24249	2.e-002	0.25131	2.9998e-002	
24250	3.9e-002	0.2563	2.9722e-002	
24251	3.663e-002	0.25567	2.9776e-002	
24252	3.4257e-002	0.25505	2.9825e-002	
24253	3.1886e-002	0.25443	2.9868e-002	
24254	2.9514e-002	0.25381	2.9905e-002	
24255	2.7135e-002	0.25443	2.9868e-002	
24256	2.4757e-002	0.25505	2.9825e-002	
24257	2.2378e-002	0.25567	2.9776e-002	
24258	2.e-002	0.2563	2.9722e-002	
24259	2.e-002	0.2553	3.081e-002	
24260	2.e-002	0.2563	3.0726e-002	
24261	2.e-002	0.25031	3.101e-002	
24262	2.e-002	0.25131	3.0998e-002	
24263	3.9e-002	0.2553	3.081e-002	
24264	3.9e-002	0.2563	3.0726e-002	
24265	3.9e-002	0.25031	3.101e-002	
24266	3.9e-002	0.25132	3.0998e-002	
24267	2.7135e-002	0.25443	3.087e-002	
24268	2.4757e-002	0.25505	3.0828e-002	
24269	2.2378e-002	0.25567	3.078e-002	
24270	2.9514e-002	0.25381	3.0907e-002	
24271	3.663e-002	0.25567	3.078e-002	
24272	3.4257e-002	0.25505	3.0828e-002	
24273	3.1886e-002	0.25443	3.087e-002	
24274	2.5696e-002	0.2528	3.0954e-002	
24275	2.3798e-002	0.25231	3.0972e-002	
24276	2.1899e-002	0.25181	3.0987e-002	
24277	2.7595e-002	0.2533	3.0932e-002	
24278	2.1898e-002	0.2548	3.0846e-002	
24279	2.3797e-002	0.2543	3.0878e-002	
24280	2.5696e-002	0.2538	3.0907e-002	
24281	3.7105e-002	0.25182	3.0987e-002	
24282	3.5211e-002	0.25232	3.0972e-002	
24283	3.3316e-002	0.25281	3.0954e-002	
24284	3.1422e-002	0.25331	3.0932e-002	
24285	3.3317e-002	0.2538	3.0907e-002	
24286	3.5211e-002	0.2543	3.0878e-002	
24287	3.7106e-002	0.2548	3.0845e-002	
24288	2.7125e-002	0.25218	3.0976e-002	
24289	2.475e-002	0.25156	3.0993e-002	
24290	2.2375e-002	0.25093	3.1004e-002	
24291	2.95e-002	0.2528	3.0954e-002	
24292	3.6625e-002	0.25093	3.1004e-002	
24293	3.425e-002	0.25156	3.0993e-002	
24294	3.1875e-002	0.25218	3.0976e-002	
24295	5.9e-002	0.25031	3.001e-002	
24296	5.6625e-002	0.25093	3.0004e-002	
24297	5.425e-002	0.25156	2.9993e-002	
24298	5.1874e-002	0.25218	2.9976e-002	
24299	4.95e-002	0.2528	2.9953e-002	
24300	4.7126e-002	0.25218	2.9976e-002	
24301	4.475e-002	0.25156	2.9993e-002	
24302	4.2375e-002	0.25093	3.0004e-002	
24303	4.e-002	0.25031	3.001e-002	
24304	5.1422e-002	0.25331	2.9931e-002	
24305	5.3317e-002	0.2538	2.9905e-002	
24306	5.5211e-002	0.2543	2.9876e-002	
24307	5.7106e-002	0.2548	2.9843e-002	
24308	5.9e-002	0.2553	2.9807e-002	
24309	5.9e-002	0.25132	2.9997e-002	
24310	5.7105e-002	0.25182	2.9986e-002	
24311	5.5211e-002	0.25232	2.9971e-002	
24312	5.3316e-002	0.25281	2.9953e-002	
24313	4.e-002	0.2553	2.9807e-002	
24314	4.1898e-002	0.2548	2.9843e-002	
24315	4.3797e-002	0.2543	2.9876e-002	
24316	4.5696e-002	0.2538	2.9905e-002	
24317	4.7595e-002	0.2533	2.9931e-002	
24318	4.5697e-002	0.25281	2.9953e-002	
24319	4.3798e-002	0.25231	2.9972e-002	
24320	4.19e-002	0.25181	2.9987e-002	
24321	4.e-002	0.25131	2.9998e-002	
24322	5.9e-002	0.2563	2.9722e-002	
24323	5.663e-002	0.25567	2.9776e-002	
24324	5.4257e-002	0.25505	2.9825e-002	
24325	5.1887e-002	0.25443	2.9868e-002	
24326	4.9514e-002	0.25381	2.9905e-002	
24327	4.7134e-002	0.25443	2.9868e-002	
24328	4.4757e-002	0.25505	2.9825e-002	
24329	4.2378e-002	0.25567	2.9776e-002	
24330	4.e-002	0.2563	2.9722e-002	
24331	4.e-002	0.25031	3.101e-002	
24332	4.e-002	0.25131	3.0998e-002	
24333	4.e-002	0.2553	3.081e-002	
24334	4.e-002	0.2563	3.0726e-002	
24335	5.9e-002	0.2553	3.081e-002	
24336	5.9e-002	0.2563	3.0726e-002	
24337	5.9e-002	0.25031	3.101e-002	
24338	5.9e-002	0.25132	3.0998e-002	
24339	4.7134e-002	0.25443	3.087e-002	
24340	4.4757e-002	0.25505	3.0828e-002	
24341	4.2378e-002	0.25567	3.078e-002	
24342	4.9514e-002	0.25381	3.0907e-002	
24343	5.663e-002	0.25567	3.078e-002	
24344	5.4257e-002	0.25505	3.0828e-002	
24345	5.1887e-002	0.25443	3.087e-002	
24346	4.5697e-002	0.25281	3.0954e-002	
24347	4.3798e-002	0.25231	3.0972e-002	
24348	4.19e-002	0.25181	3.0987e-002	
24349	4.7595e-002	0.2533	3.0932e-002	
24350	4.1898e-002	0.2548	3.0846e-002	
24351	4.3797e-002	0.2543	3.0878e-002	
24352	4.5696e-002	0.2538	3.0907e-002	
24353	5.7105e-002	0.25182	3.0987e-002	
24354	5.5211e-002	0.25232	3.0972e-002	
24355	5.3316e-002	0.25281	3.0954e-002	
24356	5.1422e-002	0.25331	3.0932e-002	
24357	5.3317e-002	0.2538	3.0907e-002	
24358	5.5211e-002	0.2543	3.0878e-002	
24359	5.7106e-002	0.2548	3.0845e-002	
24360	4.7126e-002	0.25218	3.0976e-002	
24361	4.475e-002	0.25156	3.0993e-002	
24362	4.2375e-002	0.25093	3.1004e-002	
24363	4.95e-002	0.2528	3.0954e-002	
24364	5.6625e-002	0.25093	3.1004e-002	
24365	5.425e-002	0.25156	3.0993e-002	
24366	5.1874e-002	0.25218	3.0976e-002	
24367	5.9e-002	9.1804e-002	1.6529e-002	
24368	4.e-002	9.1804e-002	1.6529e-002	
24369	5.425e-002	9.1804e-002	1.6529e-002	
24370	4.95e-002	9.1804e-002	1.6529e-002	
24371	4.475e-002	9.1804e-002	1.6529e-002	
24376	5.9e-002	9.8988e-002	1.0367e-002	
24377	4.e-002	9.8988e-002	1.0367e-002	
24378	5.425e-002	9.8988e-002	1.0367e-002	
24379	4.95e-002	9.8988e-002	1.0367e-002	
24380	4.475e-002	9.8988e-002	1.0367e-002	
24385	5.9e-002	8.4804e-002	2.1166e-002	
24386	4.e-002	8.4804e-002	2.1166e-002	
24387	5.425e-002	8.4804e-002	2.1166e-002	
24388	4.95e-002	8.4804e-002	2.1166e-002	
24389	4.475e-002	8.4804e-002	2.1166e-002	
24394	5.9e-002	7.7804e-002	2.4705e-002	
24395	4.e-002	7.7804e-002	2.4705e-002	
24396	5.425e-002	7.7804e-002	2.4705e-002	
24397	4.95e-002	7.7804e-002	2.4705e-002	
24398	4.475e-002	7.7804e-002	2.4705e-002	
24403	3.9e-002	7.7804e-002	2.4705e-002	
24404	2.e-002	7.7804e-002	2.4705e-002	
24405	3.425e-002	7.7804e-002	2.4705e-002	
24406	2.95e-002	7.7804e-002	2.4705e-002	
24407	2.475e-002	7.7804e-002	2.4705e-002	
24412	3.9e-002	8.4804e-002	2.1166e-002	
24413	2.e-002	8.4804e-002	2.1166e-002	
24414	3.425e-002	8.4804e-002	2.1166e-002	
24415	2.95e-002	8.4804e-002	2.1166e-002	
24416	2.475e-002	8.4804e-002	2.1166e-002	
24421	3.9e-002	9.1804e-002	1.6529e-002	
24422	2.e-002	9.1804e-002	1.6529e-002	
24423	3.425e-002	9.1804e-002	1.6529e-002	
24424	2.95e-002	9.1804e-002	1.6529e-002	
24425	2.475e-002	9.1804e-002	1.6529e-002	
24430	3.9e-002	9.8988e-002	1.0367e-002	
24431	2.e-002	9.8988e-002	1.0367e-002	
24432	3.425e-002	9.8988e-002	1.0367e-002	
24433	2.95e-002	9.8988e-002	1.0367e-002	
24434	2.475e-002	9.8988e-002	1.0367e-002	
24439	1.9e-002	9.8988e-002	1.0367e-002	
24440	0.	9.8988e-002	1.0367e-002	
24441	1.425e-002	9.8988e-002	1.0367e-002	
24442	9.5e-003	9.8988e-002	1.0367e-002	
24443	4.75e-003	9.8988e-002	1.0367e-002	
24448	1.9e-002	9.1804e-002	1.6529e-002	
24449	0.	9.1804e-002	1.6529e-002	
24450	1.425e-002	9.1804e-002	1.6529e-002	
24451	9.5e-003	9.1804e-002	1.6529e-002	
24452	4.75e-003	9.1804e-002	1.6529e-002	
24457	1.9e-002	8.4804e-002	2.1166e-002	
24458	0.	8.4804e-002	2.1166e-002	
24459	1.425e-002	8.4804e-002	2.1166e-002	
24460	9.5e-003	8.4804e-002	2.1166e-002	
24461	4.75e-003	8.4804e-002	2.1166e-002	
24466	1.9e-002	7.7804e-002	2.4705e-002	
24467	0.	7.7804e-002	2.4705e-002	
24468	1.425e-002	7.7804e-002	2.4705e-002	
24469	9.5e-003	7.7804e-002	2.4705e-002	
24470	4.75e-003	7.7804e-002	2.4705e-002	
24475	3.9e-002	7.0803e-002	2.7323e-002	
24476	2.e-002	7.0803e-002	2.7323e-002	
24477	3.425e-002	7.0803e-002	2.7323e-002	
24478	2.95e-002	7.0803e-002	2.7323e-002	
24479	2.475e-002	7.0803e-002	2.7323e-002	
24484	5.9e-002	7.0803e-002	2.7323e-002	
24485	4.e-002	7.0803e-002	2.7323e-002	
24486	5.425e-002	7.0803e-002	2.7323e-002	
24487	4.95e-002	7.0803e-002	2.7323e-002	
24488	4.475e-002	7.0803e-002	2.7323e-002	
24493	5.9e-002	6.3803e-002	2.9125e-002	
24494	4.e-002	6.3803e-002	2.9125e-002	
24495	5.425e-002	6.3803e-002	2.9125e-002	
24496	4.95e-002	6.3803e-002	2.9125e-002	
24497	4.475e-002	6.3803e-002	2.9125e-002	
24502	3.9e-002	6.3803e-002	2.9125e-002	
24503	2.e-002	6.3803e-002	2.9125e-002	
24504	3.425e-002	6.3803e-002	2.9125e-002	
24505	2.95e-002	6.3803e-002	2.9125e-002	
24506	2.475e-002	6.3803e-002	2.9125e-002	
24511	1.9e-002	6.3803e-002	2.9125e-002	
24512	0.	6.3803e-002	2.9125e-002	
24513	1.425e-002	6.3803e-002	2.9125e-002	
24514	9.5e-003	6.3803e-002	2.9125e-002	
24515	4.75e-003	6.3803e-002	2.9125e-002	
24520	1.9e-002	7.0803e-002	2.7323e-002	
24521	0.	7.0803e-002	2.7323e-002	
24522	1.425e-002	7.0803e-002	2.7323e-002	
24523	9.5e-003	7.0803e-002	2.7323e-002	
24524	4.75e-003	7.0803e-002	2.7323e-002	
24529	5.9e-002	5.6803e-002	3.0176e-002	
24530	4.e-002	5.6803e-002	3.0176e-002	
24531	5.425e-002	5.6803e-002	3.0176e-002	
24532	4.95e-002	5.6803e-002	3.0176e-002	
24533	4.475e-002	5.6803e-002	3.0176e-002	
24538	3.9e-002	5.6803e-002	3.0176e-002	
24539	2.e-002	5.6803e-002	3.0176e-002	
24540	3.425e-002	5.6803e-002	3.0176e-002	
24541	2.95e-002	5.6803e-002	3.0176e-002	
24542	2.475e-002	5.6803e-002	3.0176e-002	
24547	1.9e-002	5.6803e-002	3.0176e-002	
24548	0.	5.6803e-002	3.0176e-002	
24549	1.425e-002	5.6803e-002	3.0176e-002	
24550	9.5e-003	5.6803e-002	3.0176e-002	
24551	4.75e-003	5.6803e-002	3.0176e-002	
24556	1.9e-002	4.9803e-002	3.0509e-002	
24557	0.	4.9803e-002	3.0509e-002	
24558	1.425e-002	4.9803e-002	3.0509e-002	
24559	9.5e-003	4.9803e-002	3.0509e-002	
24560	4.75e-003	4.9803e-002	3.0509e-002	
24565	3.9e-002	4.9803e-002	3.0509e-002	
24566	2.e-002	4.9803e-002	3.0509e-002	
24567	3.425e-002	4.9803e-002	3.0509e-002	
24568	2.95e-002	4.9803e-002	3.0509e-002	
24569	2.475e-002	4.9803e-002	3.0509e-002	
24574	5.9e-002	4.9803e-002	3.0509e-002	
24575	4.e-002	4.9803e-002	3.0509e-002	
24576	5.425e-002	4.9803e-002	3.0509e-002	
24577	4.95e-002	4.9803e-002	3.0509e-002	
24578	4.475e-002	4.9803e-002	3.0509e-002	
24583	5.9e-002	4.2803e-002	3.0136e-002	
24584	4.e-002	4.2803e-002	3.0136e-002	
24585	5.425e-002	4.2803e-002	3.0136e-002	
24586	4.95e-002	4.2803e-002	3.0136e-002	
24587	4.475e-002	4.2803e-002	3.0136e-002	
24592	3.9e-002	4.2803e-002	3.0136e-002	
24593	2.e-002	4.2803e-002	3.0136e-002	
24594	3.425e-002	4.2803e-002	3.0136e-002	
24595	2.95e-002	4.2803e-002	3.0136e-002	
24596	2.475e-002	4.2803e-002	3.0136e-002	
24601	1.9e-002	4.2803e-002	3.0136e-002	
24602	0.	4.2803e-002	3.0136e-002	
24603	1.425e-002	4.2803e-002	3.0136e-002	
24604	9.5e-003	4.2803e-002	3.0136e-002	
24605	4.75e-003	4.2803e-002	3.0136e-002	
24610	3.9e-002	3.5803e-002	2.9044e-002	
24611	2.e-002	3.5803e-002	2.9044e-002	
24612	3.425e-002	3.5803e-002	2.9044e-002	
24613	2.95e-002	3.5803e-002	2.9044e-002	
24614	2.475e-002	3.5803e-002	2.9044e-002	
24619	1.9e-002	3.5803e-002	2.9044e-002	
24620	0.	3.5803e-002	2.9044e-002	
24621	1.425e-002	3.5803e-002	2.9044e-002	
24622	9.5e-003	3.5803e-002	2.9044e-002	
24623	4.75e-003	3.5803e-002	2.9044e-002	
24628	5.9e-002	3.5803e-002	2.9044e-002	
24629	4.e-002	3.5803e-002	2.9044e-002	
24630	5.425e-002	3.5803e-002	2.9044e-002	
24631	4.95e-002	3.5803e-002	2.9044e-002	
24632	4.475e-002	3.5803e-002	2.9044e-002	
24637	5.9e-002	2.8803e-002	2.7198e-002	
24638	4.e-002	2.8803e-002	2.7198e-002	
24639	5.425e-002	2.8803e-002	2.7198e-002	
24640	4.95e-002	2.8803e-002	2.7198e-002	
24641	4.475e-002	2.8803e-002	2.7198e-002	
24646	3.9e-002	2.8803e-002	2.7198e-002	
24647	2.e-002	2.8803e-002	2.7198e-002	
24648	3.425e-002	2.8803e-002	2.7198e-002	
24649	2.95e-002	2.8803e-002	2.7198e-002	
24650	2.475e-002	2.8803e-002	2.7198e-002	
24655	1.9e-002	2.8803e-002	2.7198e-002	
24656	0.	2.8803e-002	2.7198e-002	
24657	1.425e-002	2.8803e-002	2.7198e-002	
24658	9.5e-003	2.8803e-002	2.7198e-002	
24659	4.75e-003	2.8803e-002	2.7198e-002	
24664	1.9e-002	2.1802e-002	2.4532e-002	
24665	0.	2.1802e-002	2.4532e-002	
24666	1.425e-002	2.1802e-002	2.4532e-002	
24667	9.5e-003	2.1802e-002	2.4532e-002	
24668	4.75e-003	2.1802e-002	2.4532e-002	
24673	3.9e-002	2.1802e-002	2.4532e-002	
24674	2.e-002	2.1802e-002	2.4532e-002	
24675	3.425e-002	2.1802e-002	2.4532e-002	
24676	2.95e-002	2.1802e-002	2.4532e-002	
24677	2.475e-002	2.1802e-002	2.4532e-002	
24682	5.9e-002	2.1802e-002	2.4532e-002	
24683	4.e-002	2.1802e-002	2.4532e-002	
24684	5.425e-002	2.1802e-002	2.4532e-002	
24685	4.95e-002	2.1802e-002	2.4532e-002	
24686	4.475e-002	2.1802e-002	2.4532e-002	
24691	3.9e-002	1.4802e-002	2.0937e-002	
24692	2.e-002	1.4802e-002	2.0937e-002	
24693	3.425e-002	1.4802e-002	2.0937e-002	
24694	2.95e-002	1.4802e-002	2.0937e-002	
24695	2.475e-002	1.4802e-002	2.0937e-002	
24700	1.9e-002	1.4802e-002	2.0937e-002	
24701	0.	1.4802e-002	2.0937e-002	
24702	1.425e-002	1.4802e-002	2.0937e-002	
24703	9.5e-003	1.4802e-002	2.0937e-002	
24704	4.75e-003	1.4802e-002	2.0937e-002	
24709	5.9e-002	1.4802e-002	2.0937e-002	
24710	4.e-002	1.4802e-002	2.0937e-002	
24711	5.425e-002	1.4802e-002	2.0937e-002	
24712	4.95e-002	1.4802e-002	2.0937e-002	
24713	4.475e-002	1.4802e-002	2.0937e-002	
24718	5.9e-002	7.8019e-003	1.6231e-002	
24719	4.e-002	7.8019e-003	1.6231e-002	
24720	5.425e-002	7.8019e-003	1.6231e-002	
24721	4.95e-002	7.8019e-003	1.6231e-002	
24722	4.475e-002	7.8019e-003	1.6231e-002	
24727	3.9e-002	7.8019e-003	1.6231e-002	
24728	2.e-002	7.8019e-003	1.6231e-002	
24729	3.425e-002	7.8019e-003	1.6231e-002	
24730	2.95e-002	7.8019e-003	1.6231e-002	
24731	2.475e-002	7.8019e-003	1.6231e-002	
24736	1.9e-002	7.8019e-003	1.6231e-002	
24737	0.	7.8019e-003	1.6231e-002	
24738	1.425e-002	7.8019e-003	1.6231e-002	
24739	9.5e-003	7.8019e-003	1.6231e-002	
24740	4.75e-003	7.8019e-003	1.6231e-002	
24745	1.9e-002	8.0961e-004	1.0193e-002	
24746	0.	8.0961e-004	1.0193e-002	
24747	1.425e-002	8.0961e-004	1.0193e-002	
24748	9.5e-003	8.0961e-004	1.0193e-002	
24749	4.75e-003	8.0961e-004	1.0193e-002	
24754	3.9e-002	8.0961e-004	1.0193e-002	
24755	2.e-002	8.0961e-004	1.0193e-002	
24756	3.425e-002	8.0961e-004	1.0193e-002	
24757	2.95e-002	8.0961e-004	1.0193e-002	
24758	2.475e-002	8.0961e-004	1.0193e-002	
24763	5.9e-002	8.0961e-004	1.0193e-002	
24764	4.e-002	8.0961e-004	1.0193e-002	
24765	5.425e-002	8.0961e-004	1.0193e-002	
24766	4.95e-002	8.0961e-004	1.0193e-002	
24767	4.475e-002	8.0961e-004	1.0193e-002	
24772	5.9e-002	0.10081	1.0193e-002	
24773	4.e-002	0.10081	1.0193e-002	
24774	5.425e-002	0.10081	1.0193e-002	
24775	4.95e-002	0.10081	1.0193e-002	
24776	4.475e-002	0.10081	1.0193e-002	
24781	3.9e-002	0.10081	1.0193e-002	
24782	2.e-002	0.10081	1.0193e-002	
24783	3.425e-002	0.10081	1.0193e-002	
24784	2.95e-002	0.10081	1.0193e-002	
24785	2.475e-002	0.10081	1.0193e-002	
24790	1.9e-002	0.10081	1.0193e-002	
24791	0.	0.10081	1.0193e-002	
24792	1.425e-002	0.10081	1.0193e-002	
24793	9.5e-003	0.10081	1.0193e-002	
24794	4.75e-003	0.10081	1.0193e-002	
24799	1.9e-002	0.1078	1.6231e-002	
24800	0.	0.1078	1.6231e-002	
24801	1.425e-002	0.1078	1.6231e-002	
24802	9.5e-003	0.1078	1.6231e-002	
24803	4.75e-003	0.1078	1.6231e-002	
24808	1.9e-002	0.1148	2.0937e-002	
24809	0.	0.1148	2.0937e-002	
24810	1.425e-002	0.1148	2.0937e-002	
24811	9.5e-003	0.1148	2.0937e-002	
24812	4.75e-003	0.1148	2.0937e-002	
24817	1.9e-002	0.1218	2.4532e-002	
24818	0.	0.1218	2.4532e-002	
24819	1.425e-002	0.1218	2.4532e-002	
24820	9.5e-003	0.1218	2.4532e-002	
24821	4.75e-003	0.1218	2.4532e-002	
24826	1.9e-002	0.1288	2.7198e-002	
24827	0.	0.1288	2.7198e-002	
24828	1.425e-002	0.1288	2.7198e-002	
24829	9.5e-003	0.1288	2.7198e-002	
24830	4.75e-003	0.1288	2.7198e-002	
24835	1.9e-002	0.1358	2.9044e-002	
24836	0.	0.1358	2.9044e-002	
24837	1.425e-002	0.1358	2.9044e-002	
24838	9.5e-003	0.1358	2.9044e-002	
24839	4.75e-003	0.1358	2.9044e-002	
24844	1.9e-002	0.1428	3.0136e-002	
24845	0.	0.1428	3.0136e-002	
24846	1.425e-002	0.1428	3.0136e-002	
24847	9.5e-003	0.1428	3.0136e-002	
24848	4.75e-003	0.1428	3.0136e-002	
24853	3.9e-002	0.1428	3.0136e-002	
24854	2.e-002	0.1428	3.0136e-002	
24855	3.425e-002	0.1428	3.0136e-002	
24856	2.95e-002	0.1428	3.0136e-002	
24857	2.475e-002	0.1428	3.0136e-002	
24862	3.9e-002	0.1358	2.9044e-002	
24863	2.e-002	0.1358	2.9044e-002	
24864	3.425e-002	0.1358	2.9044e-002	
24865	2.95e-002	0.1358	2.9044e-002	
24866	2.475e-002	0.1358	2.9044e-002	
24871	3.9e-002	0.1288	2.7198e-002	
24872	2.e-002	0.1288	2.7198e-002	
24873	3.425e-002	0.1288	2.7198e-002	
24874	2.95e-002	0.1288	2.7198e-002	
24875	2.475e-002	0.1288	2.7198e-002	
24880	3.9e-002	0.1218	2.4532e-002	
24881	2.e-002	0.1218	2.4532e-002	
24882	3.425e-002	0.1218	2.4532e-002	
24883	2.95e-002	0.1218	2.4532e-002	
24884	2.475e-002	0.1218	2.4532e-002	
24889	3.9e-002	0.1148	2.0937e-002	
24890	2.e-002	0.1148	2.0937e-002	
24891	3.425e-002	0.1148	2.0937e-002	
24892	2.95e-002	0.1148	2.0937e-002	
24893	2.475e-002	0.1148	2.0937e-002	
24898	3.9e-002	0.1078	1.6231e-002	
24899	2.e-002	0.1078	1.6231e-002	
24900	3.425e-002	0.1078	1.6231e-002	
24901	2.95e-002	0.1078	1.6231e-002	
24902	2.475e-002	0.1078	1.6231e-002	
24907	5.9e-002	0.1078	1.6231e-002	
24908	4.e-002	0.1078	1.6231e-002	
24909	5.425e-002	0.1078	1.6231e-002	
24910	4.95e-002	0.1078	1.6231e-002	
24911	4.475e-002	0.1078	1.6231e-002	
24916	5.9e-002	0.1148	2.0937e-002	
24917	4.e-002	0.1148	2.0937e-002	
24918	5.425e-002	0.1148	2.0937e-002	
24919	4.95e-002	0.1148	2.0937e-002	
24920	4.475e-002	0.1148	2.0937e-002	
24925	5.9e-002	0.1218	2.4532e-002	
24926	4.e-002	0.1218	2.4532e-002	
24927	5.425e-002	0.1218	2.4532e-002	
24928	4.95e-002	0.1218	2.4532e-002	
24929	4.475e-002	0.1218	2.4532e-002	
24934	5.9e-002	0.1288	2.7198e-002	
24935	4.e-002	0.1288	2.7198e-002	
24936	5.425e-002	0.1288	2.7198e-002	
24937	4.95e-002	0.1288	2.7198e-002	
24938	4.475e-002	0.1288	2.7198e-002	
24943	5.9e-002	0.1358	2.9044e-002	
24944	4.e-002	0.1358	2.9044e-002	
24945	5.425e-002	0.1358	2.9044e-002	
24946	4.95e-002	0.1358	2.9044e-002	
24947	4.475e-002	0.1358	2.9044e-002	
24952	5.9e-002	0.1428	3.0136e-002	
24953	4.e-002	0.1428	3.0136e-002	
24954	5.425e-002	0.1428	3.0136e-002	
24955	4.95e-002	0.1428	3.0136e-002	
24956	4.475e-002	0.1428	3.0136e-002	
24961	5.9e-002	0.1498	3.0509e-002	
24962	4.e-002	0.1498	3.0509e-002	
24963	5.425e-002	0.1498	3.0509e-002	
24964	4.95e-002	0.1498	3.0509e-002	
24965	4.475e-002	0.1498	3.0509e-002	
24970	3.9e-002	0.1498	3.0509e-002	
24971	2.e-002	0.1498	3.0509e-002	
24972	3.425e-002	0.1498	3.0509e-002	
24973	2.95e-002	0.1498	3.0509e-002	
24974	2.475e-002	0.1498	3.0509e-002	
24979	1.9e-002	0.1498	3.0509e-002	
24980	0.	0.1498	3.0509e-002	
24981	1.425e-002	0.1498	3.0509e-002	
24982	9.5e-003	0.1498	3.0509e-002	
24983	4.75e-003	0.1498	3.0509e-002	
24988	1.9e-002	0.1568	3.0176e-002	
24989	0.	0.1568	3.0176e-002	
24990	1.425e-002	0.1568	3.0176e-002	
24991	9.5e-003	0.1568	3.0176e-002	
24992	4.75e-003	0.1568	3.0176e-002	
24997	3.9e-002	0.1568	3.0176e-002	
24998	2.e-002	0.1568	3.0176e-002	
24999	3.425e-002	0.1568	3.0176e-002	
25000	2.95e-002	0.1568	3.0176e-002	
25001	2.475e-002	0.1568	3.0176e-002	
25006	5.9e-002	0.1568	3.0176e-002	
25007	4.e-002	0.1568	3.0176e-002	
25008	5.425e-002	0.1568	3.0176e-002	
25009	4.95e-002	0.1568	3.0176e-002	
25010	4.475e-002	0.1568	3.0176e-002	
25015	5.9e-002	0.1638	2.9125e-002	
25016	4.e-002	0.1638	2.9125e-002	
25017	5.425e-002	0.1638	2.9125e-002	
25018	4.95e-002	0.1638	2.9125e-002	
25019	4.475e-002	0.1638	2.9125e-002	
25024	3.9e-002	0.1638	2.9125e-002	
25025	2.e-002	0.1638	2.9125e-002	
25026	3.425e-002	0.1638	2.9125e-002	
25027	2.95e-002	0.1638	2.9125e-002	
25028	2.475e-002	0.1638	2.9125e-002	
25033	1.9e-002	0.1638	2.9125e-002	
25034	0.	0.1638	2.9125e-002	
25035	1.425e-002	0.1638	2.9125e-002	
25036	9.5e-003	0.1638	2.9125e-002	
25037	4.75e-003	0.1638	2.9125e-002	
25042	1.9e-002	0.1708	2.7323e-002	
25043	0.	0.1708	2.7323e-002	
25044	1.425e-002	0.1708	2.7323e-002	
25045	9.5e-003	0.1708	2.7323e-002	
25046	4.75e-003	0.1708	2.7323e-002	
25051	3.9e-002	0.1708	2.7323e-002	
25052	2.e-002	0.1708	2.7323e-002	
25053	3.425e-002	0.1708	2.7323e-002	
25054	2.95e-002	0.1708	2.7323e-002	
25055	2.475e-002	0.1708	2.7323e-002	
25060	5.9e-002	0.1708	2.7323e-002	
25061	4.e-002	0.1708	2.7323e-002	
25062	5.425e-002	0.1708	2.7323e-002	
25063	4.95e-002	0.1708	2.7323e-002	
25064	4.475e-002	0.1708	2.7323e-002	
25069	5.9e-002	0.1778	2.4705e-002	
25070	4.e-002	0.1778	2.4705e-002	
25071	5.425e-002	0.1778	2.4705e-002	
25072	4.95e-002	0.1778	2.4705e-002	
25073	4.475e-002	0.1778	2.4705e-002	
25078	3.9e-002	0.1778	2.4705e-002	
25079	2.e-002	0.1778	2.4705e-002	
25080	3.425e-002	0.1778	2.4705e-002	
25081	2.95e-002	0.1778	2.4705e-002	
25082	2.475e-002	0.1778	2.4705e-002	
25087	1.9e-002	0.1778	2.4705e-002	
25088	0.	0.1778	2.4705e-002	
25089	1.425e-002	0.1778	2.4705e-002	
25090	9.5e-003	0.1778	2.4705e-002	
25091	4.75e-003	0.1778	2.4705e-002	
25096	5.9e-002	0.19899	1.0367e-002	
25097	4.e-002	0.19899	1.0367e-002	
25098	5.425e-002	0.19899	1.0367e-002	
25099	4.95e-002	0.19899	1.0367e-002	
25100	4.475e-002	0.19899	1.0367e-002	
25105	5.9e-002	0.20081	1.0193e-002	
25106	4.e-002	0.20081	1.0193e-002	
25107	5.425e-002	0.20081	1.0193e-002	
25108	4.95e-002	0.20081	1.0193e-002	
25109	4.475e-002	0.20081	1.0193e-002	
25114	3.9e-002	0.20081	1.0193e-002	
25115	2.e-002	0.20081	1.0193e-002	
25116	3.425e-002	0.20081	1.0193e-002	
25117	2.95e-002	0.20081	1.0193e-002	
25118	2.475e-002	0.20081	1.0193e-002	
25123	3.9e-002	0.19899	1.0367e-002	
25124	2.e-002	0.19899	1.0367e-002	
25125	3.425e-002	0.19899	1.0367e-002	
25126	2.95e-002	0.19899	1.0367e-002	
25127	2.475e-002	0.19899	1.0367e-002	
25132	1.9e-002	0.20081	1.0193e-002	
25133	0.	0.20081	1.0193e-002	
25134	1.425e-002	0.20081	1.0193e-002	
25135	9.5e-003	0.20081	1.0193e-002	
25136	4.75e-003	0.20081	1.0193e-002	
25141	1.9e-002	0.19899	1.0367e-002	
25142	0.	0.19899	1.0367e-002	
25143	1.425e-002	0.19899	1.0367e-002	
25144	9.5e-003	0.19899	1.0367e-002	
25145	4.75e-003	0.19899	1.0367e-002	
25150	1.9e-002	0.1918	1.6529e-002	
25151	0.	0.1918	1.6529e-002	
25152	1.425e-002	0.1918	1.6529e-002	
25153	9.5e-003	0.1918	1.6529e-002	
25154	4.75e-003	0.1918	1.6529e-002	
25159	1.9e-002	0.1848	2.1166e-002	
25160	0.	0.1848	2.1166e-002	
25161	1.425e-002	0.1848	2.1166e-002	
25162	9.5e-003	0.1848	2.1166e-002	
25163	4.75e-003	0.1848	2.1166e-002	
25168	3.9e-002	0.1848	2.1166e-002	
25169	2.e-002	0.1848	2.1166e-002	
25170	3.425e-002	0.1848	2.1166e-002	
25171	2.95e-002	0.1848	2.1166e-002	
25172	2.475e-002	0.1848	2.1166e-002	
25177	3.9e-002	0.1918	1.6529e-002	
25178	2.e-002	0.1918	1.6529e-002	
25179	3.425e-002	0.1918	1.6529e-002	
25180	2.95e-002	0.1918	1.6529e-002	
25181	2.475e-002	0.1918	1.6529e-002	
25186	5.9e-002	0.1918	1.6529e-002	
25187	4.e-002	0.1918	1.6529e-002	
25188	5.425e-002	0.1918	1.6529e-002	
25189	4.95e-002	0.1918	1.6529e-002	
25190	4.475e-002	0.1918	1.6529e-002	
25195	5.9e-002	0.1848	2.1166e-002	
25196	4.e-002	0.1848	2.1166e-002	
25197	5.425e-002	0.1848	2.1166e-002	
25198	4.95e-002	0.1848	2.1166e-002	
25199	4.475e-002	0.1848	2.1166e-002	
25204	5.9e-002	0.2078	1.6231e-002	
25205	4.e-002	0.2078	1.6231e-002	
25206	5.425e-002	0.2078	1.6231e-002	
25207	4.95e-002	0.2078	1.6231e-002	
25208	4.475e-002	0.2078	1.6231e-002	
25213	3.9e-002	0.2078	1.6231e-002	
25214	2.e-002	0.2078	1.6231e-002	
25215	3.425e-002	0.2078	1.6231e-002	
25216	2.95e-002	0.2078	1.6231e-002	
25217	2.475e-002	0.2078	1.6231e-002	
25222	1.9e-002	0.2078	1.6231e-002	
25223	0.	0.2078	1.6231e-002	
25224	1.425e-002	0.2078	1.6231e-002	
25225	9.5e-003	0.2078	1.6231e-002	
25226	4.75e-003	0.2078	1.6231e-002	
25231	1.9e-002	0.2148	2.0937e-002	
25232	0.	0.2148	2.0937e-002	
25233	1.425e-002	0.2148	2.0937e-002	
25234	9.5e-003	0.2148	2.0937e-002	
25235	4.75e-003	0.2148	2.0937e-002	
25240	1.9e-002	0.2218	2.4532e-002	
25241	0.	0.2218	2.4532e-002	
25242	1.425e-002	0.2218	2.4532e-002	
25243	9.5e-003	0.2218	2.4532e-002	
25244	4.75e-003	0.2218	2.4532e-002	
25249	1.9e-002	0.2288	2.7198e-002	
25250	0.	0.2288	2.7198e-002	
25251	1.425e-002	0.2288	2.7198e-002	
25252	9.5e-003	0.2288	2.7198e-002	
25253	4.75e-003	0.2288	2.7198e-002	
25258	1.9e-002	0.2358	2.9044e-002	
25259	0.	0.2358	2.9044e-002	
25260	1.425e-002	0.2358	2.9044e-002	
25261	9.5e-003	0.2358	2.9044e-002	
25262	4.75e-003	0.2358	2.9044e-002	
25267	1.9e-002	0.2428	3.0136e-002	
25268	0.	0.2428	3.0136e-002	
25269	1.425e-002	0.2428	3.0136e-002	
25270	9.5e-003	0.2428	3.0136e-002	
25271	4.75e-003	0.2428	3.0136e-002	
25276	1.9e-002	0.2498	3.0509e-002	
25277	0.	0.2498	3.0509e-002	
25278	1.425e-002	0.2498	3.0509e-002	
25279	9.5e-003	0.2498	3.0509e-002	
25280	4.75e-003	0.2498	3.0509e-002	
25285	1.9e-002	0.2568	3.0176e-002	
25286	0.	0.2568	3.0176e-002	
25287	1.425e-002	0.2568	3.0176e-002	
25288	9.5e-003	0.2568	3.0176e-002	
25289	4.75e-003	0.2568	3.0176e-002	
25294	1.9e-002	0.2638	2.9125e-002	
25295	0.	0.2638	2.9125e-002	
25296	1.425e-002	0.2638	2.9125e-002	
25297	9.5e-003	0.2638	2.9125e-002	
25298	4.75e-003	0.2638	2.9125e-002	
25303	3.9e-002	0.2638	2.9125e-002	
25304	2.e-002	0.2638	2.9125e-002	
25305	3.425e-002	0.2638	2.9125e-002	
25306	2.95e-002	0.2638	2.9125e-002	
25307	2.475e-002	0.2638	2.9125e-002	
25312	3.9e-002	0.2568	3.0176e-002	
25313	2.e-002	0.2568	3.0176e-002	
25314	3.425e-002	0.2568	3.0176e-002	
25315	2.95e-002	0.2568	3.0176e-002	
25316	2.475e-002	0.2568	3.0176e-002	
25321	3.9e-002	0.2498	3.0509e-002	
25322	2.e-002	0.2498	3.0509e-002	
25323	3.425e-002	0.2498	3.0509e-002	
25324	2.95e-002	0.2498	3.0509e-002	
25325	2.475e-002	0.2498	3.0509e-002	
25330	3.9e-002	0.2428	3.0136e-002	
25331	2.e-002	0.2428	3.0136e-002	
25332	3.425e-002	0.2428	3.0136e-002	
25333	2.95e-002	0.2428	3.0136e-002	
25334	2.475e-002	0.2428	3.0136e-002	
25339	3.9e-002	0.2358	2.9044e-002	
25340	2.e-002	0.2358	2.9044e-002	
25341	3.425e-002	0.2358	2.9044e-002	
25342	2.95e-002	0.2358	2.9044e-002	
25343	2.475e-002	0.2358	2.9044e-002	
25348	3.9e-002	0.2288	2.7198e-002	
25349	2.e-002	0.2288	2.7198e-002	
25350	3.425e-002	0.2288	2.7198e-002	
25351	2.95e-002	0.2288	2.7198e-002	
25352	2.475e-002	0.2288	2.7198e-002	
25357	3.9e-002	0.2218	2.4532e-002	
25358	2.e-002	0.2218	2.4532e-002	
25359	3.425e-002	0.2218	2.4532e-002	
25360	2.95e-002	0.2218	2.4532e-002	
25361	2.475e-002	0.2218	2.4532e-002	
25366	3.9e-002	0.2148	2.0937e-002	
25367	2.e-002	0.2148	2.0937e-002	
25368	3.425e-002	0.2148	2.0937e-002	
25369	2.95e-002	0.2148	2.0937e-002	
25370	2.475e-002	0.2148	2.0937e-002	
25375	5.9e-002	0.2148	2.0937e-002	
25376	4.e-002	0.2148	2.0937e-002	
25377	5.425e-002	0.2148	2.0937e-002	
25378	4.95e-002	0.2148	2.0937e-002	
25379	4.475e-002	0.2148	2.0937e-002	
25384	5.9e-002	0.2218	2.4532e-002	
25385	4.e-002	0.2218	2.4532e-002	
25386	5.425e-002	0.2218	2.4532e-002	
25387	4.95e-002	0.2218	2.4532e-002	
25388	4.475e-002	0.2218	2.4532e-002	
25393	5.9e-002	0.2288	2.7198e-002	
25394	4.e-002	0.2288	2.7198e-002	
25395	5.425e-002	0.2288	2.7198e-002	
25396	4.95e-002	0.2288	2.7198e-002	
25397	4.475e-002	0.2288	2.7198e-002	
25402	5.9e-002	0.2358	2.9044e-002	
25403	4.e-002	0.2358	2.9044e-002	
25404	5.425e-002	0.2358	2.9044e-002	
25405	4.95e-002	0.2358	2.9044e-002	
25406	4.475e-002	0.2358	2.9044e-002	
25411	5.9e-002	0.2428	3.0136e-002	
25412	4.e-002	0.2428	3.0136e-002	
25413	5.425e-002	0.2428	3.0136e-002	
25414	4.95e-002	0.2428	3.0136e-002	
25415	4.475e-002	0.2428	3.0136e-002	
25420	5.9e-002	0.2498	3.0509e-002	
25421	4.e-002	0.2498	3.0509e-002	
25422	5.425e-002	0.2498	3.0509e-002	
25423	4.95e-002	0.2498	3.0509e-002	
25424	4.475e-002	0.2498	3.0509e-002	
25429	5.9e-002	0.2568	3.0176e-002	
25430	4.e-002	0.2568	3.0176e-002	
25431	5.425e-002	0.2568	3.0176e-002	
25432	4.95e-002	0.2568	3.0176e-002	
25433	4.475e-002	0.2568	3.0176e-002	
25438	5.9e-002	0.2638	2.9125e-002	
25439	4.e-002	0.2638	2.9125e-002	
25440	5.425e-002	0.2638	2.9125e-002	
25441	4.95e-002	0.2638	2.9125e-002	
25442	4.475e-002	0.2638	2.9125e-002	
25447	5.9e-002	0.2708	2.7323e-002	
25448	4.e-002	0.2708	2.7323e-002	
25449	5.425e-002	0.2708	2.7323e-002	
25450	4.95e-002	0.2708	2.7323e-002	
25451	4.475e-002	0.2708	2.7323e-002	
25456	3.9e-002	0.2708	2.7323e-002	
25457	2.e-002	0.2708	2.7323e-002	
25458	3.425e-002	0.2708	2.7323e-002	
25459	2.95e-002	0.2708	2.7323e-002	
25460	2.475e-002	0.2708	2.7323e-002	
25465	1.9e-002	0.2708	2.7323e-002	
25466	0.	0.2708	2.7323e-002	
25467	1.425e-002	0.2708	2.7323e-002	
25468	9.5e-003	0.2708	2.7323e-002	
25469	4.75e-003	0.2708	2.7323e-002	
25474	5.9e-002	0.2778	2.4705e-002	
25475	4.e-002	0.2778	2.4705e-002	
25476	5.425e-002	0.2778	2.4705e-002	
25477	4.95e-002	0.2778	2.4705e-002	
25478	4.475e-002	0.2778	2.4705e-002	
25483	3.9e-002	0.2778	2.4705e-002	
25484	2.e-002	0.2778	2.4705e-002	
25485	3.425e-002	0.2778	2.4705e-002	
25486	2.95e-002	0.2778	2.4705e-002	
25487	2.475e-002	0.2778	2.4705e-002	
25492	1.9e-002	0.2778	2.4705e-002	
25493	0.	0.2778	2.4705e-002	
25494	1.425e-002	0.2778	2.4705e-002	
25495	9.5e-003	0.2778	2.4705e-002	
25496	4.75e-003	0.2778	2.4705e-002	
25501	1.9e-002	0.2848	2.1166e-002	
25502	0.	0.2848	2.1166e-002	
25503	1.425e-002	0.2848	2.1166e-002	
25504	9.5e-003	0.2848	2.1166e-002	
25505	4.75e-003	0.2848	2.1166e-002	
25510	1.9e-002	0.2918	1.6529e-002	
25511	0.	0.2918	1.6529e-002	
25512	1.425e-002	0.2918	1.6529e-002	
25513	9.5e-003	0.2918	1.6529e-002	
25514	4.75e-003	0.2918	1.6529e-002	
25519	3.9e-002	0.2918	1.6529e-002	
25520	2.e-002	0.2918	1.6529e-002	
25521	3.425e-002	0.2918	1.6529e-002	
25522	2.95e-002	0.2918	1.6529e-002	
25523	2.475e-002	0.2918	1.6529e-002	
25528	3.9e-002	0.2848	2.1166e-002	
25529	2.e-002	0.2848	2.1166e-002	
25530	3.425e-002	0.2848	2.1166e-002	
25531	2.95e-002	0.2848	2.1166e-002	
25532	2.475e-002	0.2848	2.1166e-002	
25537	5.9e-002	0.2848	2.1166e-002	
25538	4.e-002	0.2848	2.1166e-002	
25539	5.425e-002	0.2848	2.1166e-002	
25540	4.95e-002	0.2848	2.1166e-002	
25541	4.475e-002	0.2848	2.1166e-002	
25546	5.9e-002	0.2918	1.6529e-002	
25547	4.e-002	0.2918	1.6529e-002	
25548	5.425e-002	0.2918	1.6529e-002	
25549	4.95e-002	0.2918	1.6529e-002	
25550	4.475e-002	0.2918	1.6529e-002	
25555	5.9e-002	0.29899	1.0367e-002	
25556	4.e-002	0.29899	1.0367e-002	
25557	5.425e-002	0.29899	1.0367e-002	
25558	4.95e-002	0.29899	1.0367e-002	
25559	4.475e-002	0.29899	1.0367e-002	
25564	3.9e-002	0.29899	1.0367e-002	
25565	2.e-002	0.29899	1.0367e-002	
25566	3.425e-002	0.29899	1.0367e-002	
25567	2.95e-002	0.29899	1.0367e-002	
25568	2.475e-002	0.29899	1.0367e-002	
25573	1.9e-002	0.29899	1.0367e-002	
25574	0.	0.29899	1.0367e-002	
25575	1.425e-002	0.29899	1.0367e-002	
25576	9.5e-003	0.29899	1.0367e-002	
25577	4.75e-003	0.29899	1.0367e-002	
