BodyID	Node	X	Y	Z
-340693.0	15024	0.017412	0.0068796	0.014877
-340693.0	15025	0.015834	0.0064654	0.014543
-340693.0	15039	0.0079079	0.0033852	0.011883
-340693.0	15040	0.0063276	0.0029705	0.0115
-340693.0	15041	0.004738	0.0025533	0.011108
-340693.0	15042	0.0031608	0.0021394	0.010713
-340693.0	15064	0.0095	0.0038031	0.013602
-340693.0	15065	0.0079081	0.0033853	0.013232
-340693.0	15074	0.0056861	0.0038021	0.013601
-340693.0	15075	0.0037939	0.0033055	0.01316
-340693.0	15076	0.0018882	0.0028054	0.012708
-340693.0	15077	0.017412	0.0068797	0.016152
-340693.0	15078	0.015834	0.0064655	0.015826
-340693.0	15079	0.014248	0.0060492	0.015493
-340693.0	15080	0.012672	0.0056356	0.015156
-340693.0	15081	0.011088	0.0052198	0.014813
-340693.0	15082	0.0095141	0.0048068	0.014466
-340693.0	15083	0.0079357	0.0052198	0.014813
-340693.0	15084	0.0063467	0.0056356	0.015156
-340693.0	15085	0.0047661	0.0060492	0.015493
-340693.0	15086	0.0031753	0.0064655	0.015826
-340693.0	15087	0.0015925	0.0068797	0.016152
-340693.0	15088	0.013307	0.0048023	0.014463
-340693.0	15043	0.0015739	0.0017229	0.010308
-340693.0	15046	0.017426	0.0017229	0.010308
-340693.0	15047	0.015839	0.0021394	0.010713
-340693.0	15048	0.014262	0.0025533	0.011108
-340693.0	15061	0.014262	0.0025534	0.012477
-340693.0	15062	0.012672	0.0029706	0.012858
-340693.0	15063	0.011092	0.0033853	0.013232
-340693.0	15026	0.014248	0.0060491	0.014202
-340693.0	15027	0.012672	0.0056355	0.013857
-340693.0	15028	0.011088	0.0052198	0.013505
-340693.0	15029	0.0075949	0.0043031	0.012709
-340693.0	15030	0.0056859	0.0038021	0.012262
-340693.0	15031	0.0037936	0.0033054	0.01181
-340693.0	15032	0.001888	0.0028053	0.011346
-340693.0	15035	0.0019078	0.0057957	0.013991
-340693.0	15089	0.015208	0.0053012	0.014881
-340693.0	15090	0.017097	0.0057968	0.015288
-340693.0	15091	0.011422	0.0043075	0.01404
-340693.0	15092	0.017116	0.0028176	0.012719
-340693.0	15093	0.015215	0.0033151	0.013169
-340693.0	15094	0.013326	0.0038092	0.013607
-340693.0	15009	0.015215	0.003315	0.011819
-340693.0	15010	0.013327	0.0038091	0.012268
-340693.0	15011	0.011422	0.0043075	0.012713
-340693.0	15012	0.013307	0.0048023	0.013146
-340693.0	15013	0.015208	0.0053011	0.013575
-340693.0	15014	0.017096	0.0057968	0.013992
-340693.0	15016	0.0095141	0.0048068	0.01315
-340693.0	15017	0.0079359	0.0052198	0.013505
-340693.0	15018	0.006347	0.0056355	0.013857
-340693.0	15019	0.0047664	0.0060491	0.014202
-340693.0	15020	0.0031755	0.0064654	0.014543
-340693.0	15021	0.0015927	0.0068796	0.014877
-340693.0	15036	0.0038007	0.0052989	0.013573
-340693.0	15037	0.0057057	0.0047989	0.013143
-340693.0	15038	0.0095	0.0038031	0.012263
-340693.0	15008	0.017116	0.0028175	0.011357
-340693.0	15069	0.0015742	0.0017229	0.011699
-340693.0	15068	0.0031613	0.0021395	0.012092
-340693.0	15067	0.0047385	0.0025534	0.012477
-340693.0	15066	0.0063281	0.0029706	0.012858
-340693.0	15070	0.0019077	0.0057957	0.015287
-340693.0	15071	0.0038005	0.0052989	0.014879
-340693.0	15072	0.0057055	0.004799	0.01446
-340693.0	15073	0.0075949	0.0043031	0.014037
-340693.0	15049	0.012672	0.0029705	0.0115
-340693.0	15050	0.011092	0.0033852	0.011883
-340693.0	15059	0.017426	0.0017229	0.011699
-340693.0	15060	0.015839	0.0021395	0.012092
-340691.0	15120	0.035215	0.003315	0.011819
-340691.0	15121	0.033327	0.0038091	0.012268
-340691.0	15122	0.031422	0.0043075	0.012713
-340691.0	15123	0.027936	0.0052198	0.013505
-340691.0	15134	0.026328	0.0029705	0.0115
-340691.0	15135	0.024738	0.0025533	0.011108
-340691.0	15136	0.023161	0.0021394	0.010713
-340691.0	15137	0.021574	0.0017229	0.010308
-340691.0	15147	0.027908	0.0033853	0.013232
-340691.0	15148	0.026328	0.0029706	0.012858
-340691.0	15149	0.024738	0.0025534	0.012477
-340691.0	15150	0.023161	0.0021395	0.012092
-340691.0	15151	0.021574	0.0017229	0.011699
-340691.0	15152	0.0295	0.0038031	0.013602
-340691.0	15153	0.033307	0.0048023	0.014463
-340691.0	15155	0.037097	0.0057968	0.015288
-340691.0	15154	0.035208	0.0053012	0.014881
-340691.0	15156	0.031422	0.0043075	0.01404
-340691.0	15162	0.029514	0.0048068	0.014466
-340691.0	15161	0.021593	0.0068797	0.016152
-340691.0	15160	0.023175	0.0064655	0.015826
-340691.0	15159	0.024766	0.0060492	0.015493
-340691.0	15158	0.026347	0.0056356	0.015156
-340691.0	15157	0.027936	0.0052198	0.014813
-340691.0	15173	0.032672	0.0029706	0.012858
-340691.0	15174	0.031092	0.0033853	0.013232
-340691.0	15175	0.037412	0.0068797	0.016152
-340691.0	15176	0.035834	0.0064655	0.015826
-340691.0	15124	0.026347	0.0056355	0.013857
-340691.0	15125	0.024766	0.0060491	0.014202
-340691.0	15126	0.023176	0.0064654	0.014543
-340691.0	15127	0.021593	0.0068796	0.014877
-340691.0	15129	0.033307	0.0048023	0.013146
-340691.0	15130	0.035208	0.0053011	0.013575
-340691.0	15131	0.037096	0.0057968	0.013992
-340691.0	15133	0.027908	0.0033852	0.011883
-340691.0	15096	0.021908	0.0057957	0.013991
-340691.0	15097	0.023801	0.0052989	0.013573
-340691.0	15098	0.025706	0.0047989	0.013143
-340691.0	15099	0.027595	0.0043031	0.012709
-340691.0	15101	0.037412	0.0068796	0.014877
-340691.0	15102	0.035834	0.0064654	0.014543
-340691.0	15103	0.034248	0.0060491	0.014202
-340691.0	15104	0.032672	0.0056355	0.013857
-340691.0	15105	0.031088	0.0052198	0.013505
-340691.0	15106	0.029514	0.0048068	0.01315
-340691.0	15108	0.037426	0.0017229	0.010308
-340691.0	15109	0.035839	0.0021394	0.010713
-340691.0	15110	0.034262	0.0025533	0.011108
-340691.0	15111	0.032672	0.0029705	0.0115
-340691.0	15112	0.031092	0.0033852	0.011883
-340691.0	15113	0.0295	0.0038031	0.012263
-340691.0	15114	0.025686	0.0038021	0.012262
-340691.0	15115	0.023794	0.0033054	0.01181
-340691.0	15116	0.021888	0.0028053	0.011346
-340691.0	15119	0.037116	0.0028175	0.011357
-340691.0	15172	0.034262	0.0025534	0.012477
-340691.0	15171	0.035839	0.0021395	0.012092
-340691.0	15170	0.037426	0.0017229	0.011699
-340691.0	15169	0.027595	0.0043031	0.014037
-340691.0	15168	0.021888	0.0028054	0.012708
-340691.0	15167	0.023794	0.0033055	0.01316
-340691.0	15166	0.025686	0.0038021	0.013601
-340691.0	15165	0.033326	0.0038092	0.013607
-340691.0	15164	0.035215	0.0033151	0.013169
-340691.0	15163	0.037116	0.0028176	0.012719
-340691.0	15178	0.032672	0.0056356	0.015156
-340691.0	15177	0.034248	0.0060492	0.015493
-340691.0	15180	0.021908	0.0057957	0.015287
-340691.0	15179	0.031088	0.0052198	0.014813
-340691.0	15182	0.025705	0.004799	0.01446
-340691.0	15181	0.0238	0.0052989	0.014879
-340689.0	15189	0.0495	0.0038031	0.012263
-340689.0	15188	0.051092	0.0033852	0.011883
-340689.0	15187	0.052672	0.0029705	0.0115
-340689.0	15186	0.054262	0.0025533	0.011108
-340689.0	15185	0.055839	0.0021394	0.010713
-340689.0	15184	0.057426	0.0017229	0.010308
-340689.0	15267	0.055839	0.0021395	0.012092
-340689.0	15270	0.051092	0.0033853	0.013232
-340689.0	15269	0.052672	0.0029706	0.012858
-340689.0	15268	0.054262	0.0025534	0.012477
-340689.0	15265	0.057097	0.0057968	0.015288
-340689.0	15266	0.057426	0.0017229	0.011699
-340689.0	15190	0.051422	0.0043075	0.012713
-340689.0	15191	0.053307	0.0048023	0.013146
-340689.0	15192	0.055208	0.0053011	0.013575
-340689.0	15193	0.057096	0.0057968	0.013992
-340689.0	15236	0.046328	0.0029706	0.012858
-340689.0	15235	0.047908	0.0033853	0.013232
-340689.0	15225	0.041574	0.0017229	0.010308
-340689.0	15224	0.043161	0.0021394	0.010713
-340689.0	15237	0.044738	0.0025534	0.012477
-340689.0	15238	0.043161	0.0021395	0.012092
-340689.0	15239	0.041574	0.0017229	0.011699
-340689.0	15240	0.0495	0.0038031	0.013602
-340689.0	15201	0.057412	0.0068796	0.014877
-340689.0	15202	0.055834	0.0064654	0.014543
-340689.0	15203	0.054248	0.0060491	0.014202
-340689.0	15204	0.052672	0.0056355	0.013857
-340689.0	15196	0.041908	0.0057957	0.013991
-340689.0	15197	0.043801	0.0052989	0.013573
-340689.0	15198	0.045706	0.0047989	0.013143
-340689.0	15199	0.047595	0.0043031	0.012709
-340689.0	15209	0.041888	0.0028053	0.011346
-340689.0	15211	0.047936	0.0052198	0.013505
-340689.0	15212	0.046347	0.0056355	0.013857
-340689.0	15213	0.044766	0.0060491	0.014202
-340689.0	15214	0.043176	0.0064654	0.014543
-340689.0	15215	0.041593	0.0068796	0.014877
-340689.0	15218	0.057116	0.0028175	0.011357
-340689.0	15219	0.055215	0.003315	0.011819
-340689.0	15220	0.053327	0.0038091	0.012268
-340689.0	15221	0.047908	0.0033852	0.011883
-340689.0	15222	0.046328	0.0029705	0.0115
-340689.0	15223	0.044738	0.0025533	0.011108
-340689.0	15205	0.051088	0.0052198	0.013505
-340689.0	15206	0.049514	0.0048068	0.01315
-340689.0	15207	0.045686	0.0038021	0.012262
-340689.0	15208	0.043794	0.0033054	0.01181
-340689.0	15261	0.0438	0.0052989	0.014879
-340689.0	15262	0.045705	0.004799	0.01446
-340689.0	15263	0.053307	0.0048023	0.014463
-340689.0	15264	0.055208	0.0053012	0.014881
-340689.0	15257	0.054248	0.0060492	0.015493
-340689.0	15258	0.052672	0.0056356	0.015156
-340689.0	15259	0.051088	0.0052198	0.014813
-340689.0	15260	0.041908	0.0057957	0.015287
-340689.0	15256	0.055834	0.0064655	0.015826
-340689.0	15255	0.057412	0.0068797	0.016152
-340689.0	15254	0.047595	0.0043031	0.014037
-340689.0	15253	0.041888	0.0028054	0.012708
-340689.0	15249	0.041593	0.0068797	0.016152
-340689.0	15250	0.049514	0.0048068	0.014466
-340689.0	15251	0.045686	0.0038021	0.013601
-340689.0	15252	0.043794	0.0033055	0.01316
-340689.0	15244	0.051422	0.0043075	0.01404
-340689.0	15243	0.053326	0.0038092	0.013607
-340689.0	15242	0.055215	0.0033151	0.013169
-340689.0	15241	0.057116	0.0028176	0.012719
-340689.0	15248	0.043175	0.0064655	0.015826
-340689.0	15247	0.044766	0.0060492	0.015493
-340689.0	15246	0.046347	0.0056356	0.015156
-340689.0	15245	0.047936	0.0052198	0.014813
-340687.0	15283	0.014262	0.10255	0.011108
-340687.0	15282	0.015839	0.10214	0.010713
-340687.0	15281	0.017426	0.10172	0.010308
-340687.0	15279	0.013327	0.10381	0.012268
-340687.0	15278	0.015215	0.10332	0.011819
-340687.0	15277	0.017116	0.10282	0.011357
-340687.0	15274	0.017096	0.1058	0.013992
-340687.0	15273	0.015208	0.1053	0.013575
-340687.0	15272	0.013307	0.1048	0.013146
-340687.0	15271	0.011422	0.10431	0.012713
-340687.0	15301	0.006347	0.10564	0.013857
-340687.0	15299	0.0095141	0.10481	0.01315
-340687.0	15295	0.015834	0.10647	0.014543
-340687.0	15296	0.014248	0.10605	0.014202
-340687.0	15294	0.017412	0.10688	0.014877
-340687.0	15297	0.012672	0.10564	0.013857
-340687.0	15300	0.0079359	0.10522	0.013505
-340687.0	15298	0.011088	0.10522	0.013505
-340687.0	15323	0.0056861	0.1038	0.013601
-340687.0	15324	0.0037939	0.10331	0.01316
-340687.0	15325	0.0018882	0.10281	0.012708
-340687.0	15326	0.0075949	0.1043	0.014037
-340687.0	15327	0.0019077	0.1058	0.015287
-340687.0	15328	0.0038005	0.1053	0.014879
-340687.0	15284	0.012672	0.10297	0.0115
-340687.0	15285	0.011092	0.10339	0.011883
-340687.0	15286	0.0095	0.1038	0.012263
-340687.0	15287	0.0079079	0.10339	0.011883
-340687.0	15288	0.0063276	0.10297	0.0115
-340687.0	15289	0.004738	0.10255	0.011108
-340687.0	15290	0.0031608	0.10214	0.010713
-340687.0	15291	0.0015739	0.10172	0.010308
-340687.0	15311	0.0056859	0.1038	0.012262
-340687.0	15310	0.0075949	0.1043	0.012709
-340687.0	15309	0.0057057	0.1048	0.013143
-340687.0	15308	0.0038007	0.1053	0.013573
-340687.0	15307	0.0019078	0.1058	0.013991
-340687.0	15304	0.0015927	0.10688	0.014877
-340687.0	15303	0.0031755	0.10647	0.014543
-340687.0	15302	0.0047664	0.10605	0.014202
-340687.0	15331	0.0063467	0.10564	0.015156
-340687.0	15330	0.0079357	0.10522	0.014813
-340687.0	15329	0.0057055	0.1048	0.01446
-340687.0	15312	0.0037936	0.10331	0.01181
-340687.0	15313	0.001888	0.10281	0.011346
-340687.0	15356	0.013307	0.1048	0.014463
-340687.0	15358	0.017097	0.1058	0.015288
-340687.0	15351	0.011092	0.10339	0.013232
-340687.0	15355	0.011422	0.10431	0.01404
-340687.0	15352	0.017116	0.10282	0.012719
-340687.0	15336	0.017412	0.10688	0.016152
-340687.0	15337	0.015834	0.10647	0.015826
-340687.0	15334	0.0015925	0.10688	0.016152
-340687.0	15333	0.0031753	0.10647	0.015826
-340687.0	15332	0.0047661	0.10605	0.015493
-340687.0	15335	0.0095141	0.10481	0.014466
-340687.0	15338	0.014248	0.10605	0.015493
-340687.0	15345	0.0015742	0.10172	0.011699
-340687.0	15343	0.0047385	0.10255	0.012477
-340687.0	15344	0.0031613	0.10214	0.012092
-340687.0	15340	0.011088	0.10522	0.014813
-340687.0	15341	0.0079081	0.10339	0.013232
-340687.0	15339	0.012672	0.10564	0.015156
-340687.0	15342	0.0063281	0.10297	0.012858
-340687.0	15353	0.015215	0.10332	0.013169
-340687.0	15354	0.013326	0.10381	0.013607
-340687.0	15357	0.015208	0.1053	0.014881
-340687.0	15350	0.012672	0.10297	0.012858
-340687.0	15347	0.017426	0.10172	0.011699
-340687.0	15346	0.0095	0.1038	0.013602
-340687.0	15349	0.014262	0.10255	0.012477
-340687.0	15348	0.015839	0.10214	0.012092
-340685.0	15370	0.023793	0.10331	0.01181
-340685.0	15378	0.031092	0.10339	0.011883
-340685.0	15377	0.032672	0.10297	0.0115
-340685.0	15381	0.026328	0.10297	0.0115
-340685.0	15361	0.023801	0.1053	0.013573
-340685.0	15360	0.021908	0.1058	0.013991
-340685.0	15362	0.025706	0.1048	0.013143
-340685.0	15379	0.0295	0.1038	0.012263
-340685.0	15375	0.035839	0.10214	0.010713
-340685.0	15374	0.037426	0.10172	0.010308
-340685.0	15371	0.021888	0.10281	0.011346
-340685.0	15376	0.034262	0.10255	0.011108
-340685.0	15380	0.027908	0.10339	0.011883
-340685.0	15437	0.025686	0.1038	0.013601
-340685.0	15438	0.023794	0.10331	0.01316
-340685.0	15439	0.021888	0.10281	0.012708
-340685.0	15440	0.027595	0.1043	0.014037
-340685.0	15441	0.037116	0.10282	0.012719
-340685.0	15401	0.021593	0.10688	0.014877
-340685.0	15411	0.027936	0.10522	0.014813
-340685.0	15412	0.026347	0.10564	0.015156
-340685.0	15413	0.024766	0.10605	0.015493
-340685.0	15414	0.023175	0.10647	0.015826
-340685.0	15415	0.021593	0.10688	0.016152
-340685.0	15416	0.029514	0.10481	0.014466
-340685.0	15417	0.033307	0.1048	0.014463
-340685.0	15418	0.035208	0.1053	0.014881
-340685.0	15419	0.037097	0.1058	0.015288
-340685.0	15420	0.031422	0.10431	0.01404
-340685.0	15421	0.037412	0.10688	0.016152
-340685.0	15422	0.035834	0.10647	0.015826
-340685.0	15423	0.034248	0.10605	0.015493
-340685.0	15424	0.032672	0.10564	0.015156
-340685.0	15425	0.031088	0.10522	0.014813
-340685.0	15382	0.024738	0.10255	0.011108
-340685.0	15383	0.023161	0.10214	0.010713
-340685.0	15384	0.021574	0.10172	0.010308
-340685.0	15387	0.037412	0.10688	0.014877
-340685.0	15388	0.035834	0.10647	0.014543
-340685.0	15389	0.034247	0.10605	0.014202
-340685.0	15390	0.032672	0.10564	0.013857
-340685.0	15391	0.031088	0.10522	0.013505
-340685.0	15392	0.029514	0.10481	0.01315
-340685.0	15393	0.033307	0.1048	0.013146
-340685.0	15394	0.035208	0.1053	0.013574
-340685.0	15395	0.037096	0.1058	0.013992
-340685.0	15397	0.027936	0.10522	0.013505
-340685.0	15398	0.026347	0.10564	0.013857
-340685.0	15399	0.024767	0.10605	0.014202
-340685.0	15400	0.023176	0.10647	0.014543
-340685.0	15363	0.027595	0.1043	0.012709
-340685.0	15365	0.037116	0.10282	0.011357
-340685.0	15366	0.035215	0.10331	0.011819
-340685.0	15367	0.033327	0.10381	0.012268
-340685.0	15368	0.031422	0.10431	0.012713
-340685.0	15369	0.025686	0.1038	0.012262
-340685.0	15431	0.0295	0.1038	0.013602
-340685.0	15430	0.021574	0.10172	0.011699
-340685.0	15429	0.023161	0.10214	0.012092
-340685.0	15428	0.024738	0.10255	0.012477
-340685.0	15427	0.026328	0.10297	0.012858
-340685.0	15426	0.027908	0.10339	0.013232
-340685.0	15445	0.023801	0.1053	0.014879
-340685.0	15446	0.025705	0.1048	0.01446
-340685.0	15443	0.033326	0.10381	0.013607
-340685.0	15444	0.021908	0.1058	0.015287
-340685.0	15442	0.035215	0.10332	0.013169
-340685.0	15436	0.031092	0.10339	0.013232
-340685.0	15435	0.032672	0.10297	0.012858
-340685.0	15434	0.034262	0.10255	0.012477
-340685.0	15433	0.035839	0.10214	0.012092
-340685.0	15432	0.037426	0.10172	0.011699
-340683.0	15485	0.057096	0.1058	0.013992
-340683.0	15480	0.052672	0.10564	0.013857
-340683.0	15482	0.051422	0.10431	0.012713
-340683.0	15481	0.051088	0.10522	0.013505
-340683.0	15488	0.057116	0.10282	0.011357
-340683.0	15484	0.055208	0.1053	0.013575
-340683.0	15483	0.053307	0.1048	0.013146
-340683.0	15506	0.057412	0.10688	0.016152
-340683.0	15504	0.055208	0.1053	0.014881
-340683.0	15503	0.053307	0.1048	0.014463
-340683.0	15502	0.051422	0.10431	0.01404
-340683.0	15534	0.051092	0.10339	0.013232
-340683.0	15533	0.052672	0.10297	0.012858
-340683.0	15532	0.054262	0.10255	0.012477
-340683.0	15531	0.055839	0.10214	0.012092
-340683.0	15530	0.057426	0.10172	0.011699
-340683.0	15507	0.055834	0.10647	0.015826
-340683.0	15514	0.045705	0.1048	0.01446
-340683.0	15513	0.0438	0.1053	0.014879
-340683.0	15512	0.041908	0.1058	0.015287
-340683.0	15511	0.049514	0.10481	0.014466
-340683.0	15510	0.051088	0.10522	0.014813
-340683.0	15509	0.052672	0.10564	0.015156
-340683.0	15508	0.054248	0.10605	0.015493
-340683.0	15519	0.047908	0.10339	0.013232
-340683.0	15516	0.045686	0.1038	0.013601
-340683.0	15520	0.046328	0.10297	0.012858
-340683.0	15501	0.053326	0.10381	0.013607
-340683.0	15500	0.055215	0.10332	0.013169
-340683.0	15499	0.057116	0.10282	0.012719
-340683.0	15490	0.053327	0.10381	0.012268
-340683.0	15529	0.041593	0.10688	0.016152
-340683.0	15521	0.044738	0.10255	0.012477
-340683.0	15528	0.043175	0.10647	0.015826
-340683.0	15527	0.044766	0.10605	0.015493
-340683.0	15526	0.046347	0.10564	0.015156
-340683.0	15525	0.047936	0.10522	0.014813
-340683.0	15524	0.0495	0.1038	0.013602
-340683.0	15523	0.041574	0.10172	0.011699
-340683.0	15489	0.055215	0.10332	0.011819
-340683.0	15515	0.047595	0.1043	0.014037
-340683.0	15518	0.041888	0.10281	0.012708
-340683.0	15517	0.043794	0.10331	0.01316
-340683.0	15454	0.049514	0.10481	0.01315
-340683.0	15456	0.046347	0.10564	0.013857
-340683.0	15455	0.047936	0.10522	0.013505
-340683.0	15458	0.043176	0.10647	0.014543
-340683.0	15457	0.044766	0.10605	0.014202
-340683.0	15449	0.055839	0.10214	0.010713
-340683.0	15450	0.054262	0.10255	0.011108
-340683.0	15451	0.052672	0.10297	0.0115
-340683.0	15452	0.051092	0.10339	0.011883
-340683.0	15453	0.0495	0.1038	0.012263
-340683.0	15448	0.057426	0.10172	0.010308
-340683.0	15479	0.054248	0.10605	0.014202
-340683.0	15478	0.055834	0.10647	0.014543
-340683.0	15477	0.057412	0.10688	0.014877
-340683.0	15475	0.045706	0.1048	0.013143
-340683.0	15474	0.043801	0.1053	0.013573
-340683.0	15473	0.041908	0.1058	0.013991
-340683.0	15470	0.041888	0.10281	0.011346
-340683.0	15469	0.043794	0.10331	0.01181
-340683.0	15468	0.045686	0.1038	0.012262
-340683.0	15467	0.047595	0.1043	0.012709
-340683.0	15465	0.041574	0.10172	0.010308
-340683.0	15464	0.043161	0.10214	0.010713
-340683.0	15463	0.044738	0.10255	0.011108
-340683.0	15462	0.046328	0.10297	0.0115
-340683.0	15461	0.047908	0.10339	0.011883
-340683.0	15459	0.041593	0.10688	0.014877
-340683.0	15505	0.057097	0.1058	0.015288
-340683.0	15522	0.043161	0.10214	0.012092
-340681.0	15621	0.013326	0.20381	0.013607
-340681.0	15597	0.0047664	0.20605	0.015493
-340681.0	15598	0.0031753	0.20647	0.015826
-340681.0	15599	0.0015925	0.20688	0.016152
-340681.0	15601	0.017426	0.20172	0.011699
-340681.0	15602	0.015839	0.20214	0.012092
-340681.0	15603	0.014262	0.20255	0.012477
-340681.0	15604	0.012672	0.20297	0.012858
-340681.0	15605	0.011092	0.20339	0.013232
-340681.0	15607	0.0095	0.2038	0.013602
-340681.0	15608	0.0079081	0.20339	0.013232
-340681.0	15609	0.0063281	0.20297	0.012858
-340681.0	15610	0.0047381	0.20255	0.012477
-340681.0	15611	0.0031613	0.20214	0.012092
-340681.0	15612	0.0015742	0.20172	0.011699
-340681.0	15583	0.0075949	0.2043	0.014037
-340681.0	15584	0.0056861	0.2038	0.013601
-340681.0	15585	0.0037936	0.20331	0.01316
-340681.0	15586	0.0018882	0.20281	0.012708
-340681.0	15588	0.017412	0.20688	0.016152
-340681.0	15589	0.015834	0.20647	0.015826
-340681.0	15590	0.014248	0.20605	0.015493
-340681.0	15591	0.012672	0.20564	0.015156
-340681.0	15592	0.011088	0.20522	0.014813
-340681.0	15594	0.0095141	0.20481	0.014466
-340681.0	15595	0.0079357	0.20522	0.014813
-340681.0	15596	0.0063467	0.20564	0.015156
-340681.0	15616	0.017097	0.2058	0.015288
-340681.0	15618	0.011422	0.20431	0.01404
-340681.0	15619	0.017116	0.20282	0.012719
-340681.0	15620	0.015215	0.20332	0.013169
-340681.0	15545	0.013327	0.20381	0.012268
-340681.0	15547	0.013307	0.2048	0.013146
-340681.0	15548	0.015208	0.2053	0.013574
-340681.0	15549	0.017096	0.2058	0.013992
-340681.0	15550	0.0095	0.2038	0.012263
-340681.0	15551	0.0079079	0.20339	0.011883
-340681.0	15552	0.0063276	0.20297	0.0115
-340681.0	15553	0.0047376	0.20255	0.011108
-340681.0	15554	0.0031608	0.20214	0.010713
-340681.0	15555	0.0015739	0.20172	0.010308
-340681.0	15556	0.017426	0.20172	0.010308
-340681.0	15557	0.015839	0.20214	0.010713
-340681.0	15558	0.014262	0.20255	0.011108
-340681.0	15559	0.012672	0.20297	0.0115
-340681.0	15560	0.011092	0.20339	0.011883
-340681.0	15561	0.0095141	0.20481	0.01315
-340681.0	15562	0.0079359	0.20522	0.013505
-340681.0	15563	0.006347	0.20564	0.013857
-340681.0	15543	0.017116	0.20282	0.011357
-340681.0	15544	0.015215	0.20331	0.011819
-340681.0	15564	0.0047667	0.20605	0.014202
-340681.0	15565	0.0031755	0.20647	0.014543
-340681.0	15566	0.0015927	0.20688	0.014877
-340681.0	15567	0.017412	0.20688	0.014877
-340681.0	15568	0.015834	0.20647	0.014543
-340681.0	15569	0.014247	0.20605	0.014202
-340681.0	15570	0.012672	0.20564	0.013857
-340681.0	15571	0.011088	0.20522	0.013505
-340681.0	15572	0.0075949	0.2043	0.012709
-340681.0	15573	0.0056859	0.2038	0.012262
-340681.0	15574	0.0037933	0.20331	0.01181
-340681.0	15575	0.001888	0.20281	0.011346
-340681.0	15576	0.0019078	0.2058	0.013991
-340681.0	15577	0.0038009	0.2053	0.013573
-340681.0	15614	0.013307	0.2048	0.014463
-340681.0	15546	0.011422	0.20431	0.012713
-340681.0	15615	0.015208	0.2053	0.014881
-340681.0	15578	0.0057057	0.2048	0.013143
-340681.0	15579	0.0019077	0.2058	0.015287
-340681.0	15580	0.0038007	0.2053	0.014879
-340681.0	15581	0.0057055	0.2048	0.01446
-340679.0	15700	0.032672	0.20564	0.015156
-340679.0	15699	0.034248	0.20605	0.015493
-340679.0	15698	0.035834	0.20647	0.015826
-340679.0	15646	0.025686	0.2038	0.012262
-340679.0	15645	0.027595	0.2043	0.012709
-340679.0	15644	0.025706	0.2048	0.013143
-340679.0	15643	0.023801	0.2053	0.013573
-340679.0	15642	0.021908	0.2058	0.013991
-340679.0	15691	0.023794	0.20331	0.01316
-340679.0	15692	0.021888	0.20281	0.012708
-340679.0	15693	0.027595	0.2043	0.014037
-340679.0	15694	0.021908	0.2058	0.015287
-340679.0	15658	0.021574	0.20172	0.010308
-340679.0	15659	0.037116	0.20282	0.011357
-340679.0	15660	0.035215	0.20332	0.011819
-340679.0	15661	0.033327	0.20381	0.012268
-340679.0	15670	0.032672	0.20297	0.012858
-340679.0	15671	0.031092	0.20339	0.013232
-340679.0	15673	0.0295	0.2038	0.013602
-340679.0	15674	0.037116	0.20282	0.012719
-340679.0	15637	0.035834	0.20647	0.014543
-340679.0	15638	0.034248	0.20605	0.014202
-340679.0	15639	0.032672	0.20564	0.013857
-340679.0	15640	0.031088	0.20522	0.013505
-340679.0	15662	0.037426	0.20172	0.010308
-340679.0	15663	0.035839	0.20214	0.010713
-340679.0	15664	0.034262	0.20255	0.011108
-340679.0	15665	0.032672	0.20297	0.0115
-340679.0	15666	0.031092	0.20339	0.011883
-340679.0	15667	0.037426	0.20172	0.011699
-340679.0	15668	0.035839	0.20214	0.012092
-340679.0	15669	0.034262	0.20255	0.012477
-340679.0	15653	0.0295	0.2038	0.012263
-340679.0	15648	0.021888	0.20281	0.011346
-340679.0	15647	0.023794	0.20331	0.01181
-340679.0	15705	0.024766	0.20605	0.015493
-340679.0	15704	0.026347	0.20564	0.015156
-340679.0	15703	0.027936	0.20522	0.014813
-340679.0	15702	0.029514	0.20481	0.014466
-340679.0	15701	0.031088	0.20522	0.014813
-340679.0	15654	0.027908	0.20339	0.011883
-340679.0	15655	0.026328	0.20297	0.0115
-340679.0	15656	0.024738	0.20255	0.011108
-340679.0	15657	0.023161	0.20214	0.010713
-340679.0	15623	0.031422	0.20431	0.012713
-340679.0	15624	0.033307	0.2048	0.013146
-340679.0	15625	0.035208	0.2053	0.013575
-340679.0	15626	0.037096	0.2058	0.013992
-340679.0	15708	0.033307	0.2048	0.014463
-340679.0	15707	0.021593	0.20688	0.016152
-340679.0	15706	0.023175	0.20647	0.015826
-340679.0	15631	0.024766	0.20605	0.014202
-340679.0	15630	0.026347	0.20564	0.013857
-340679.0	15629	0.027936	0.20522	0.013505
-340679.0	15628	0.029514	0.20481	0.01315
-340679.0	15709	0.035208	0.2053	0.014881
-340679.0	15636	0.037412	0.20688	0.014877
-340679.0	15633	0.021593	0.20688	0.014877
-340679.0	15632	0.023176	0.20647	0.014543
-340679.0	15680	0.026328	0.20297	0.012858
-340679.0	15681	0.024738	0.20255	0.012477
-340679.0	15682	0.023161	0.20214	0.012092
-340679.0	15683	0.021574	0.20172	0.011699
-340679.0	15690	0.025686	0.2038	0.013601
-340679.0	15676	0.033326	0.20381	0.013607
-340679.0	15677	0.031422	0.20431	0.01404
-340679.0	15679	0.027908	0.20339	0.013232
-340679.0	15710	0.037097	0.2058	0.015288
-340679.0	15695	0.0238	0.2053	0.014879
-340679.0	15696	0.025705	0.2048	0.01446
-340679.0	15697	0.037412	0.20688	0.016152
-340679.0	15675	0.035215	0.20332	0.013169
-340677.0	15733	0.055839	0.20214	0.010713
-340677.0	15734	0.054262	0.20255	0.011108
-340677.0	15735	0.052672	0.20297	0.0115
-340677.0	15744	0.055834	0.20647	0.014543
-340677.0	15748	0.047595	0.2043	0.012709
-340677.0	15751	0.041888	0.20281	0.011346
-340677.0	15750	0.043794	0.20331	0.01181
-340677.0	15749	0.045686	0.2038	0.012262
-340677.0	15757	0.045705	0.2048	0.01446
-340677.0	15759	0.047595	0.2043	0.014037
-340677.0	15760	0.045686	0.2038	0.013601
-340677.0	15736	0.051092	0.20339	0.011883
-340677.0	15737	0.049514	0.20481	0.01315
-340677.0	15743	0.057412	0.20688	0.014877
-340677.0	15742	0.041593	0.20688	0.014877
-340677.0	15741	0.043176	0.20647	0.014543
-340677.0	15745	0.054248	0.20605	0.014202
-340677.0	15746	0.052672	0.20564	0.013857
-340677.0	15747	0.051088	0.20522	0.013505
-340677.0	15761	0.043794	0.20331	0.01316
-340677.0	15766	0.054248	0.20605	0.015493
-340677.0	15770	0.049514	0.20481	0.014466
-340677.0	15768	0.051088	0.20522	0.014813
-340677.0	15767	0.052672	0.20564	0.015156
-340677.0	15786	0.044738	0.20255	0.012477
-340677.0	15787	0.043161	0.20214	0.012092
-340677.0	15788	0.041574	0.20172	0.011699
-340677.0	15771	0.047936	0.20522	0.014813
-340677.0	15772	0.046347	0.20564	0.015156
-340677.0	15738	0.047936	0.20522	0.013505
-340677.0	15739	0.046347	0.20564	0.013857
-340677.0	15740	0.044766	0.20605	0.014202
-340677.0	15777	0.057426	0.20172	0.011699
-340677.0	15778	0.055839	0.20214	0.012092
-340677.0	15779	0.054262	0.20255	0.012477
-340677.0	15780	0.052672	0.20297	0.012858
-340677.0	15781	0.051092	0.20339	0.013232
-340677.0	15783	0.0495	0.2038	0.013602
-340677.0	15784	0.047908	0.20339	0.013232
-340677.0	15785	0.046328	0.20297	0.012858
-340677.0	15792	0.057097	0.2058	0.015288
-340677.0	15794	0.051422	0.20431	0.01404
-340677.0	15795	0.057116	0.20282	0.012719
-340677.0	15752	0.041908	0.2058	0.013991
-340677.0	15753	0.043801	0.2053	0.013573
-340677.0	15722	0.051422	0.20431	0.012713
-340677.0	15723	0.053307	0.2048	0.013146
-340677.0	15724	0.055208	0.2053	0.013575
-340677.0	15762	0.041888	0.20281	0.012708
-340677.0	15764	0.057412	0.20688	0.016152
-340677.0	15765	0.055834	0.20647	0.015826
-340677.0	15797	0.053326	0.20381	0.013607
-340677.0	15773	0.044766	0.20605	0.015493
-340677.0	15796	0.055215	0.20332	0.013169
-340677.0	15775	0.041593	0.20688	0.016152
-340677.0	15774	0.043175	0.20647	0.015826
-340677.0	15732	0.057426	0.20172	0.010308
-340677.0	15731	0.041574	0.20172	0.010308
-340677.0	15730	0.043161	0.20214	0.010713
-340677.0	15729	0.044738	0.20255	0.011108
-340677.0	15728	0.046328	0.20297	0.0115
-340677.0	15727	0.047908	0.20339	0.011883
-340677.0	15726	0.0495	0.2038	0.012263
-340677.0	15725	0.057096	0.2058	0.013992
-340677.0	15756	0.0438	0.2053	0.014879
-340677.0	15755	0.041908	0.2058	0.015287
-340677.0	15754	0.045706	0.2048	0.013143
-340677.0	15791	0.055208	0.2053	0.014881
-340677.0	15790	0.053307	0.2048	0.014463
-340677.0	15721	0.053327	0.20381	0.012268
-340677.0	15720	0.055215	0.20332	0.011819
-340677.0	15719	0.057116	0.20282	0.011357
-340675.0	15878	0.014268	0.097055	0.012836
-340675.0	15879	0.012681	0.096638	0.013211
-340675.0	15880	0.011103	0.096224	0.013578
-340675.0	15881	0.0095141	0.095807	0.013942
-340675.0	15882	0.0079201	0.096224	0.013578
-340675.0	15883	0.0063377	0.096638	0.013211
-340675.0	15884	0.0047459	0.097055	0.012836
-340675.0	15885	0.0031662	0.097468	0.012457
-340675.0	15886	0.0015768	0.097884	0.01207
-340675.0	15860	0.014241	0.093559	0.015807
-340675.0	15859	0.01583	0.093142	0.016135
-340675.0	15858	0.01741	0.092727	0.016457
-340675.0	15861	0.012663	0.093973	0.015475
-340675.0	15877	0.015843	0.097468	0.012457
-340675.0	15811	0.011104	0.096224	0.012239
-340675.0	15810	0.012682	0.096638	0.011862
-340675.0	15807	0.017428	0.097884	0.010691
-340675.0	15808	0.015844	0.097468	0.011088
-340675.0	15804	0.0015765	0.097884	0.010691
-340675.0	15803	0.0031658	0.097468	0.011088
-340675.0	15802	0.0047454	0.097055	0.011477
-340675.0	15801	0.0063373	0.096638	0.011862
-340675.0	15809	0.014269	0.097055	0.011477
-340675.0	15865	0.0063372	0.093973	0.015475
-340675.0	15836	0.015215	0.096303	0.012167
-340675.0	15835	0.017116	0.096802	0.011711
-340675.0	15833	0.011076	0.094389	0.013836
-340675.0	15832	0.012663	0.093973	0.014183
-340675.0	15873	0.0057053	0.094807	0.01479
-340675.0	15872	0.0075949	0.095303	0.014373
-340675.0	15871	0.0056863	0.095804	0.013944
-340675.0	15870	0.003794	0.096301	0.01351
-340675.0	15837	0.013326	0.095807	0.012611
-340675.0	15838	0.011422	0.095308	0.013051
-340675.0	15839	0.013307	0.094814	0.013476
-340675.0	15840	0.015208	0.094317	0.013897
-340675.0	15841	0.017097	0.093823	0.014307
-340675.0	15851	0.013307	0.094814	0.014785
-340675.0	15852	0.015208	0.094317	0.015195
-340675.0	15853	0.017097	0.093823	0.015596
-340675.0	15869	0.0018885	0.096801	0.013065
-340675.0	15868	0.00159	0.092727	0.016457
-340675.0	15854	0.011422	0.095308	0.01437
-340675.0	15855	0.017116	0.096802	0.013064
-340675.0	15812	0.0075949	0.095303	0.013055
-340675.0	15813	0.0057054	0.094807	0.013482
-340675.0	15856	0.015214	0.096303	0.013508
-340675.0	15857	0.013326	0.095807	0.013941
-340675.0	15815	0.0019076	0.09381	0.014317
-340675.0	15814	0.0038006	0.094307	0.013905
-340675.0	15800	0.0079199	0.096224	0.012239
-340675.0	15799	0.0095141	0.095807	0.012612
-340675.0	15829	0.01741	0.092727	0.015189
-340675.0	15826	0.0015902	0.092727	0.015189
-340675.0	15831	0.014241	0.093559	0.014523
-340675.0	15830	0.015829	0.093142	0.01486
-340675.0	15824	0.0047591	0.093559	0.014523
-340675.0	15825	0.0031707	0.093142	0.01486
-340675.0	15823	0.0063375	0.093973	0.014183
-340675.0	15822	0.007924	0.094389	0.013836
-340675.0	15820	0.0056862	0.095804	0.012614
-340675.0	15821	0.0095	0.094803	0.013486
-340675.0	15818	0.0018883	0.096801	0.011712
-340675.0	15819	0.0037937	0.096301	0.012169
-340675.0	15875	0.0019075	0.09381	0.015606
-340675.0	15874	0.0038004	0.094307	0.015203
-340675.0	15862	0.011076	0.094389	0.015136
-340675.0	15863	0.0095	0.094803	0.014794
-340675.0	15866	0.0047588	0.093559	0.015807
-340675.0	15867	0.0031705	0.093142	0.016135
-340675.0	15864	0.0079238	0.094389	0.015136
-340675.0	15876	0.017428	0.097884	0.01207
-340673.0	15916	0.035215	0.096303	0.012167
-340673.0	15903	0.02792	0.096224	0.012239
-340673.0	15898	0.035844	0.097468	0.011088
-340673.0	15901	0.031104	0.096224	0.012239
-340673.0	15900	0.032682	0.096638	0.011862
-340673.0	15899	0.034269	0.097055	0.011477
-340673.0	15897	0.037428	0.097884	0.010691
-340673.0	15911	0.035208	0.094317	0.013897
-340673.0	15921	0.034241	0.093559	0.014523
-340673.0	15920	0.035829	0.093142	0.01486
-340673.0	15919	0.03741	0.092727	0.015189
-340673.0	15917	0.033326	0.095807	0.012611
-340673.0	15929	0.02159	0.092727	0.015189
-340673.0	15915	0.037116	0.096802	0.011711
-340673.0	15912	0.037097	0.093823	0.014307
-340673.0	15967	0.031103	0.096224	0.013578
-340673.0	15889	0.023794	0.096301	0.012169
-340673.0	15941	0.024759	0.093559	0.015807
-340673.0	15940	0.026337	0.093973	0.015475
-340673.0	15939	0.027924	0.094389	0.015136
-340673.0	15969	0.0238	0.094307	0.015203
-340673.0	15968	0.025705	0.094807	0.01479
-340673.0	15888	0.021888	0.096801	0.011712
-340673.0	15890	0.025686	0.095804	0.012614
-340673.0	15963	0.037428	0.097884	0.01207
-340673.0	15957	0.02792	0.096224	0.013578
-340673.0	15956	0.037097	0.093823	0.015596
-340673.0	15955	0.035208	0.094317	0.015195
-340673.0	15958	0.026338	0.096638	0.013211
-340673.0	15961	0.021577	0.097884	0.01207
-340673.0	15960	0.023166	0.097468	0.012457
-340673.0	15959	0.024746	0.097055	0.012836
-340673.0	15965	0.034268	0.097055	0.012836
-340673.0	15964	0.035843	0.097468	0.012457
-340673.0	15962	0.029514	0.095807	0.013942
-340673.0	15954	0.033307	0.094814	0.014785
-340673.0	15950	0.037116	0.096802	0.013064
-340673.0	15924	0.0295	0.094803	0.013486
-340673.0	15951	0.035214	0.096303	0.013508
-340673.0	15952	0.033326	0.095807	0.013941
-340673.0	15971	0.027595	0.095303	0.014373
-340673.0	15910	0.033307	0.094814	0.013476
-340673.0	15953	0.031422	0.095308	0.01437
-340673.0	15974	0.025686	0.095804	0.013944
-340673.0	15973	0.023794	0.096301	0.01351
-340673.0	15972	0.021888	0.096801	0.013065
-340673.0	15970	0.021907	0.09381	0.015606
-340673.0	15966	0.032681	0.096638	0.013211
-340673.0	15949	0.031076	0.094389	0.015136
-340673.0	15948	0.032663	0.093973	0.015475
-340673.0	15947	0.034241	0.093559	0.015807
-340673.0	15946	0.03583	0.093142	0.016135
-340673.0	15945	0.03741	0.092727	0.016457
-340673.0	15944	0.0295	0.094803	0.014794
-340673.0	15943	0.02159	0.092727	0.016457
-340673.0	15942	0.02317	0.093142	0.016135
-340673.0	15925	0.027924	0.094389	0.013836
-340673.0	15926	0.026337	0.093973	0.014183
-340673.0	15927	0.024759	0.093559	0.014523
-340673.0	15909	0.031422	0.095308	0.013051
-340673.0	15906	0.023166	0.097468	0.011088
-340673.0	15905	0.024745	0.097055	0.011477
-340673.0	15907	0.021577	0.097884	0.010691
-340673.0	15904	0.026337	0.096638	0.011862
-340673.0	15894	0.021908	0.09381	0.014317
-340673.0	15893	0.023801	0.094307	0.013905
-340673.0	15892	0.025705	0.094807	0.013482
-340673.0	15891	0.027595	0.095303	0.013055
-340673.0	15928	0.023171	0.093142	0.01486
-340673.0	15902	0.029514	0.095807	0.012612
-340673.0	15923	0.031076	0.094389	0.013836
-340673.0	15922	0.032663	0.093973	0.014183
-340671.0	16031	0.04159	0.092727	0.016457
-340671.0	16032	0.0495	0.094803	0.014794
-340671.0	15989	0.051104	0.096224	0.012239
-340671.0	15990	0.049514	0.095807	0.012612
-340671.0	15991	0.04792	0.096224	0.012239
-340671.0	15992	0.046337	0.096638	0.011862
-340671.0	15993	0.044745	0.097055	0.011477
-340671.0	16037	0.051076	0.094389	0.015136
-340671.0	15976	0.041888	0.096801	0.011712
-340671.0	15977	0.043794	0.096301	0.012169
-340671.0	15978	0.045686	0.095804	0.012614
-340671.0	15979	0.047595	0.095303	0.013055
-340671.0	15980	0.045705	0.094807	0.013482
-340671.0	15981	0.043801	0.094307	0.013905
-340671.0	15982	0.041908	0.09381	0.014317
-340671.0	16030	0.04317	0.093142	0.016135
-340671.0	16007	0.05741	0.092727	0.015189
-340671.0	16005	0.053326	0.095807	0.012611
-340671.0	16008	0.055829	0.093142	0.01486
-340671.0	16058	0.041907	0.09381	0.015606
-340671.0	16056	0.045705	0.094807	0.01479
-340671.0	16057	0.0438	0.094307	0.015203
-340671.0	16055	0.051103	0.096224	0.013578
-340671.0	16050	0.049514	0.095807	0.013942
-340671.0	16046	0.046338	0.096638	0.013211
-340671.0	16049	0.041577	0.097884	0.01207
-340671.0	16048	0.043166	0.097468	0.012457
-340671.0	15985	0.057428	0.097884	0.010691
-340671.0	16044	0.057097	0.093823	0.015596
-340671.0	16045	0.04792	0.096224	0.013578
-340671.0	16043	0.055208	0.094317	0.015195
-340671.0	16047	0.044746	0.097055	0.012836
-340671.0	16061	0.043794	0.096301	0.01351
-340671.0	16060	0.041888	0.096801	0.013065
-340671.0	16059	0.047595	0.095303	0.014373
-340671.0	16004	0.055215	0.096303	0.012167
-340671.0	15987	0.054269	0.097055	0.011477
-340671.0	15986	0.055844	0.097468	0.011088
-340671.0	15988	0.052682	0.096638	0.011862
-340671.0	15994	0.043166	0.097468	0.011088
-340671.0	15995	0.041577	0.097884	0.010691
-340671.0	15997	0.051422	0.095308	0.013051
-340671.0	15998	0.053307	0.094814	0.013476
-340671.0	15999	0.055208	0.094317	0.013897
-340671.0	16000	0.057097	0.093823	0.014307
-340671.0	16003	0.057116	0.096802	0.011711
-340671.0	16035	0.054241	0.093559	0.015807
-340671.0	16036	0.052663	0.093973	0.015475
-340671.0	16014	0.046337	0.093973	0.014183
-340671.0	16013	0.047924	0.094389	0.013836
-340671.0	16012	0.0495	0.094803	0.013486
-340671.0	16011	0.051076	0.094389	0.013836
-340671.0	16010	0.052663	0.093973	0.014183
-340671.0	16009	0.054241	0.093559	0.014523
-340671.0	16038	0.057116	0.096802	0.013064
-340671.0	16015	0.044759	0.093559	0.014523
-340671.0	16053	0.054268	0.097055	0.012836
-340671.0	16016	0.043171	0.093142	0.01486
-340671.0	16017	0.04159	0.092727	0.015189
-340671.0	16027	0.047924	0.094389	0.015136
-340671.0	16028	0.046337	0.093973	0.015475
-340671.0	16029	0.044759	0.093559	0.015807
-340671.0	16051	0.057428	0.097884	0.01207
-340671.0	16052	0.055843	0.097468	0.012457
-340671.0	16042	0.053307	0.094814	0.014785
-340671.0	16041	0.051422	0.095308	0.01437
-340671.0	16040	0.053326	0.095807	0.013941
-340671.0	16039	0.055214	0.096303	0.013508
-340671.0	16034	0.05583	0.093142	0.016135
-340671.0	16033	0.05741	0.092727	0.016457
-340671.0	16054	0.052681	0.096638	0.013211
-340671.0	16062	0.045686	0.095804	0.013944
-340669.0	16122	0.01583	0.19314	0.016135
-340669.0	16123	0.014241	0.19356	0.015807
-340669.0	16124	0.012663	0.19397	0.015475
-340669.0	16125	0.011076	0.19439	0.015136
-340669.0	16126	0.017116	0.1968	0.013064
-340669.0	16127	0.015214	0.1963	0.013508
-340669.0	16139	0.017428	0.19788	0.01207
-340669.0	16140	0.015843	0.19747	0.012457
-340669.0	16121	0.01741	0.19273	0.016457
-340669.0	16120	0.0095	0.1948	0.014794
-340669.0	16119	0.00159	0.19273	0.016457
-340669.0	16138	0.0095141	0.19581	0.013942
-340669.0	16137	0.0015768	0.19788	0.01207
-340669.0	16136	0.0031662	0.19747	0.012457
-340669.0	16135	0.0047459	0.19705	0.012836
-340669.0	16105	0.0015902	0.19273	0.015189
-340669.0	16096	0.015829	0.19314	0.01486
-340669.0	16095	0.01741	0.19273	0.015189
-340669.0	16093	0.013326	0.19581	0.012611
-340669.0	16086	0.013307	0.19481	0.013476
-340669.0	16085	0.011422	0.19531	0.013051
-340669.0	16083	0.0015765	0.19788	0.010691
-340669.0	16082	0.0031658	0.19747	0.011088
-340669.0	16081	0.0047454	0.19705	0.011477
-340669.0	16104	0.0031707	0.19314	0.01486
-340669.0	16103	0.0047591	0.19356	0.014523
-340669.0	16102	0.0063375	0.19397	0.014183
-340669.0	16101	0.007924	0.19439	0.013836
-340669.0	16100	0.0095	0.1948	0.013486
-340669.0	16099	0.011076	0.19439	0.013836
-340669.0	16098	0.012663	0.19397	0.014183
-340669.0	16097	0.014241	0.19356	0.014523
-340669.0	16118	0.0031705	0.19314	0.016135
-340669.0	16074	0.015844	0.19747	0.011088
-340669.0	16075	0.014269	0.19705	0.011477
-340669.0	16076	0.012682	0.19664	0.011862
-340669.0	16077	0.011104	0.19622	0.012239
-340669.0	16078	0.0095141	0.19581	0.012612
-340669.0	16079	0.0079199	0.19622	0.012239
-340669.0	16080	0.0063373	0.19664	0.011862
-340669.0	16092	0.015215	0.1963	0.012167
-340669.0	16064	0.0018883	0.1968	0.011712
-340669.0	16065	0.0037937	0.1963	0.012169
-340669.0	16066	0.0056862	0.1958	0.012614
-340669.0	16117	0.0047588	0.19356	0.015807
-340669.0	16116	0.0063372	0.19397	0.015475
-340669.0	16115	0.0079238	0.19439	0.015136
-340669.0	16067	0.0075949	0.1953	0.013055
-340669.0	16091	0.017116	0.1968	0.011711
-340669.0	16088	0.017097	0.19382	0.014307
-340669.0	16087	0.015208	0.19432	0.013897
-340669.0	16073	0.017428	0.19788	0.010691
-340669.0	16149	0.003794	0.1963	0.01351
-340669.0	16148	0.0018885	0.1968	0.013065
-340669.0	16147	0.0075949	0.1953	0.014373
-340669.0	16150	0.0056863	0.1958	0.013944
-340669.0	16131	0.015208	0.19432	0.015195
-340669.0	16132	0.017097	0.19382	0.015596
-340669.0	16133	0.0079201	0.19622	0.013578
-340669.0	16134	0.0063377	0.19664	0.013211
-340669.0	16141	0.014268	0.19705	0.012836
-340669.0	16128	0.013326	0.19581	0.013941
-340669.0	16130	0.013307	0.19481	0.014785
-340669.0	16129	0.011422	0.19531	0.01437
-340669.0	16146	0.0019075	0.19381	0.015606
-340669.0	16145	0.0038004	0.19431	0.015203
-340669.0	16143	0.011103	0.19622	0.013578
-340669.0	16144	0.0057053	0.19481	0.01479
-340669.0	16142	0.012681	0.19664	0.013211
-340669.0	16070	0.0019076	0.19381	0.014317
-340669.0	16069	0.0038006	0.19431	0.013905
-340669.0	16068	0.0057054	0.19481	0.013482
-340667.0	16238	0.025686	0.1958	0.013944
-340667.0	16230	0.032681	0.19664	0.013211
-340667.0	16235	0.027595	0.1953	0.014373
-340667.0	16236	0.021888	0.1968	0.013065
-340667.0	16219	0.035208	0.19432	0.015195
-340667.0	16220	0.037097	0.19382	0.015596
-340667.0	16221	0.02792	0.19622	0.013578
-340667.0	16237	0.023794	0.1963	0.01351
-340667.0	16181	0.033326	0.19581	0.012611
-340667.0	16183	0.03741	0.19273	0.015189
-340667.0	16180	0.035215	0.1963	0.012167
-340667.0	16234	0.021907	0.19381	0.015606
-340667.0	16231	0.031103	0.19622	0.013578
-340667.0	16214	0.037116	0.1968	0.013064
-340667.0	16233	0.0238	0.19431	0.015203
-340667.0	16162	0.035844	0.19747	0.011088
-340667.0	16229	0.034268	0.19705	0.012836
-340667.0	16222	0.026338	0.19664	0.013211
-340667.0	16224	0.023166	0.19747	0.012457
-340667.0	16223	0.024746	0.19705	0.012836
-340667.0	16227	0.037428	0.19788	0.01207
-340667.0	16226	0.029514	0.19581	0.013942
-340667.0	16228	0.035843	0.19747	0.012457
-340667.0	16225	0.021577	0.19788	0.01207
-340667.0	16161	0.037428	0.19788	0.010691
-340667.0	16179	0.037116	0.1968	0.011711
-340667.0	16176	0.037097	0.19382	0.014307
-340667.0	16175	0.035208	0.19432	0.013897
-340667.0	16218	0.033307	0.19481	0.014785
-340667.0	16217	0.031422	0.19531	0.01437
-340667.0	16216	0.033326	0.19581	0.013941
-340667.0	16205	0.024759	0.19356	0.015807
-340667.0	16189	0.027924	0.19439	0.013836
-340667.0	16188	0.0295	0.1948	0.013486
-340667.0	16187	0.031076	0.19439	0.013836
-340667.0	16186	0.032663	0.19397	0.014183
-340667.0	16185	0.034241	0.19356	0.014523
-340667.0	16184	0.035829	0.19314	0.01486
-340667.0	16204	0.026337	0.19397	0.015475
-340667.0	16203	0.027924	0.19439	0.015136
-340667.0	16212	0.032663	0.19397	0.015475
-340667.0	16213	0.031076	0.19439	0.015136
-340667.0	16211	0.034241	0.19356	0.015807
-340667.0	16210	0.03583	0.19314	0.016135
-340667.0	16208	0.0295	0.1948	0.014794
-340667.0	16209	0.03741	0.19273	0.016457
-340667.0	16206	0.02317	0.19314	0.016135
-340667.0	16232	0.025705	0.19481	0.01479
-340667.0	16215	0.035214	0.1963	0.013508
-340667.0	16163	0.034269	0.19705	0.011477
-340667.0	16164	0.032682	0.19664	0.011862
-340667.0	16165	0.031104	0.19622	0.012239
-340667.0	16166	0.029514	0.19581	0.012612
-340667.0	16167	0.02792	0.19622	0.012239
-340667.0	16168	0.026337	0.19664	0.011862
-340667.0	16169	0.024745	0.19705	0.011477
-340667.0	16152	0.021888	0.1968	0.011712
-340667.0	16173	0.031422	0.19531	0.013051
-340667.0	16170	0.023166	0.19747	0.011088
-340667.0	16171	0.021577	0.19788	0.010691
-340667.0	16154	0.025686	0.1958	0.012614
-340667.0	16153	0.023794	0.1963	0.012169
-340667.0	16155	0.027595	0.1953	0.013055
-340667.0	16207	0.02159	0.19273	0.016457
-340667.0	16174	0.033307	0.19481	0.013476
-340667.0	16193	0.02159	0.19273	0.015189
-340667.0	16190	0.026337	0.19397	0.014183
-340667.0	16192	0.023171	0.19314	0.01486
-340667.0	16157	0.023801	0.19431	0.013905
-340667.0	16156	0.025705	0.19481	0.013482
-340667.0	16158	0.021908	0.19381	0.014317
-340667.0	16191	0.024759	0.19356	0.014523
-340665.0	16307	0.055208	0.19432	0.015195
-340665.0	16318	0.052681	0.19664	0.013211
-340665.0	16320	0.045705	0.19481	0.01479
-340665.0	16319	0.051103	0.19622	0.013578
-340665.0	16322	0.041907	0.19381	0.015606
-340665.0	16323	0.047595	0.1953	0.014373
-340665.0	16324	0.041888	0.1968	0.013065
-340665.0	16280	0.043171	0.19314	0.01486
-340665.0	16294	0.04317	0.19314	0.016135
-340665.0	16311	0.044746	0.19705	0.012836
-340665.0	16312	0.043166	0.19747	0.012457
-340665.0	16313	0.041577	0.19788	0.01207
-340665.0	16314	0.049514	0.19581	0.013942
-340665.0	16257	0.044745	0.19705	0.011477
-340665.0	16258	0.043166	0.19747	0.011088
-340665.0	16293	0.044759	0.19356	0.015807
-340665.0	16241	0.043794	0.1963	0.012169
-340665.0	16240	0.041888	0.1968	0.011712
-340665.0	16276	0.0495	0.1948	0.013486
-340665.0	16275	0.051076	0.19439	0.013836
-340665.0	16298	0.05583	0.19314	0.016135
-340665.0	16274	0.052663	0.19397	0.014183
-340665.0	16297	0.05741	0.19273	0.016457
-340665.0	16296	0.0495	0.1948	0.014794
-340665.0	16264	0.057097	0.19382	0.014307
-340665.0	16295	0.04159	0.19273	0.016457
-340665.0	16268	0.055215	0.1963	0.012167
-340665.0	16267	0.057116	0.1968	0.011711
-340665.0	16262	0.053307	0.19481	0.013476
-340665.0	16263	0.055208	0.19432	0.013897
-340665.0	16261	0.051422	0.19531	0.013051
-340665.0	16242	0.045686	0.1958	0.012614
-340665.0	16256	0.046337	0.19664	0.011862
-340665.0	16243	0.047595	0.1953	0.013055
-340665.0	16244	0.045705	0.19481	0.013482
-340665.0	16245	0.043801	0.19431	0.013905
-340665.0	16246	0.041908	0.19381	0.014317
-340665.0	16249	0.057428	0.19788	0.010691
-340665.0	16254	0.049514	0.19581	0.012612
-340665.0	16255	0.04792	0.19622	0.012239
-340665.0	16272	0.055829	0.19314	0.01486
-340665.0	16273	0.054241	0.19356	0.014523
-340665.0	16269	0.053326	0.19581	0.012611
-340665.0	16271	0.05741	0.19273	0.015189
-340665.0	16252	0.052682	0.19664	0.011862
-340665.0	16251	0.054269	0.19705	0.011477
-340665.0	16250	0.055844	0.19747	0.011088
-340665.0	16253	0.051104	0.19622	0.012239
-340665.0	16278	0.046337	0.19397	0.014183
-340665.0	16292	0.046337	0.19397	0.015475
-340665.0	16291	0.047924	0.19439	0.015136
-340665.0	16281	0.04159	0.19273	0.015189
-340665.0	16277	0.047924	0.19439	0.013836
-340665.0	16279	0.044759	0.19356	0.014523
-340665.0	16259	0.041577	0.19788	0.010691
-340665.0	16321	0.0438	0.19431	0.015203
-340665.0	16299	0.054241	0.19356	0.015807
-340665.0	16300	0.052663	0.19397	0.015475
-340665.0	16302	0.057116	0.1968	0.013064
-340665.0	16301	0.051076	0.19439	0.015136
-340665.0	16303	0.055214	0.1963	0.013508
-340665.0	16304	0.053326	0.19581	0.013941
-340665.0	16305	0.051422	0.19531	0.01437
-340665.0	16306	0.053307	0.19481	0.014785
-340665.0	16310	0.046338	0.19664	0.013211
-340665.0	16326	0.045686	0.1958	0.013944
-340665.0	16325	0.043794	0.1963	0.01351
-340665.0	16309	0.04792	0.19622	0.013578
-340665.0	16316	0.055843	0.19747	0.012457
-340665.0	16315	0.057428	0.19788	0.01207
-340665.0	16317	0.054268	0.19705	0.012836
-340665.0	16308	0.057097	0.19382	0.015596
-340663.0	16351	0.015208	0.29432	0.013897
-340663.0	16352	0.017097	0.29382	0.014307
-340663.0	16355	0.017116	0.2968	0.011711
-340663.0	16356	0.015215	0.2963	0.012167
-340663.0	16357	0.013326	0.29581	0.012611
-340663.0	16359	0.01741	0.29273	0.015189
-340663.0	16360	0.015829	0.29314	0.01486
-340663.0	16345	0.0047454	0.29705	0.011477
-340663.0	16363	0.011076	0.29439	0.013836
-340663.0	16333	0.0038006	0.29431	0.013905
-340663.0	16332	0.0057054	0.29481	0.013482
-340663.0	16365	0.007924	0.29439	0.013836
-340663.0	16364	0.0095	0.2948	0.013486
-340663.0	16362	0.012663	0.29397	0.014183
-340663.0	16361	0.014241	0.29356	0.014523
-340663.0	16409	0.0038004	0.29431	0.015203
-340663.0	16414	0.0056863	0.2958	0.013944
-340663.0	16413	0.003794	0.2963	0.01351
-340663.0	16412	0.0018885	0.2968	0.013065
-340663.0	16411	0.0075949	0.2953	0.014373
-340663.0	16410	0.0019075	0.29381	0.015606
-340663.0	16407	0.011103	0.29622	0.013578
-340663.0	16408	0.0057053	0.29481	0.01479
-340663.0	16393	0.011422	0.29531	0.01437
-340663.0	16392	0.013326	0.29581	0.013941
-340663.0	16331	0.0075949	0.2953	0.013055
-340663.0	16350	0.013307	0.29481	0.013476
-340663.0	16328	0.0018883	0.2968	0.011712
-340663.0	16390	0.017116	0.2968	0.013064
-340663.0	16330	0.0056862	0.2958	0.012614
-340663.0	16329	0.0037937	0.2963	0.012169
-340663.0	16389	0.011076	0.29439	0.015136
-340663.0	16401	0.0015768	0.29788	0.01207
-340663.0	16402	0.0095141	0.29581	0.013942
-340663.0	16346	0.0031658	0.29747	0.011088
-340663.0	16406	0.012681	0.29664	0.013211
-340663.0	16405	0.014268	0.29705	0.012836
-340663.0	16404	0.015843	0.29747	0.012457
-340663.0	16403	0.017428	0.29788	0.01207
-340663.0	16347	0.0015765	0.29788	0.010691
-340663.0	16349	0.011422	0.29531	0.013051
-340663.0	16391	0.015214	0.2963	0.013508
-340663.0	16400	0.0031662	0.29747	0.012457
-340663.0	16399	0.0047459	0.29705	0.012836
-340663.0	16398	0.0063377	0.29664	0.013211
-340663.0	16397	0.0079201	0.29622	0.013578
-340663.0	16396	0.017097	0.29382	0.015596
-340663.0	16395	0.015208	0.29432	0.015195
-340663.0	16369	0.0015902	0.29273	0.015189
-340663.0	16368	0.0031707	0.29314	0.01486
-340663.0	16367	0.0047591	0.29356	0.014523
-340663.0	16366	0.0063375	0.29397	0.014183
-340663.0	16340	0.012682	0.29664	0.011862
-340663.0	16337	0.017428	0.29788	0.010691
-340663.0	16339	0.014269	0.29705	0.011477
-340663.0	16338	0.015844	0.29747	0.011088
-340663.0	16344	0.0063373	0.29664	0.011862
-340663.0	16343	0.0079199	0.29622	0.012239
-340663.0	16342	0.0095141	0.29581	0.012612
-340663.0	16341	0.011104	0.29622	0.012239
-340663.0	16379	0.0079238	0.29439	0.015136
-340663.0	16381	0.0047588	0.29356	0.015807
-340663.0	16380	0.0063372	0.29397	0.015475
-340663.0	16394	0.013307	0.29481	0.014785
-340663.0	16334	0.0019076	0.29381	0.014317
-340663.0	16388	0.012663	0.29397	0.015475
-340663.0	16387	0.014241	0.29356	0.015807
-340663.0	16386	0.01583	0.29314	0.016135
-340663.0	16385	0.01741	0.29273	0.016457
-340663.0	16384	0.0095	0.2948	0.014794
-340663.0	16383	0.00159	0.29273	0.016457
-340663.0	16382	0.0031705	0.29314	0.016135
-340661.0	16447	0.03741	0.29273	0.015189
-340661.0	16440	0.037097	0.29382	0.014307
-340661.0	16445	0.033326	0.29581	0.012611
-340661.0	16439	0.035208	0.29432	0.013897
-340661.0	16444	0.035215	0.2963	0.012167
-340661.0	16437	0.031422	0.29531	0.013051
-340661.0	16426	0.035844	0.29747	0.011088
-340661.0	16438	0.033307	0.29481	0.013476
-340661.0	16485	0.02792	0.29622	0.013578
-340661.0	16484	0.037097	0.29382	0.015596
-340661.0	16483	0.035208	0.29432	0.015195
-340661.0	16482	0.033307	0.29481	0.014785
-340661.0	16481	0.031422	0.29531	0.01437
-340661.0	16480	0.033326	0.29581	0.013941
-340661.0	16479	0.035214	0.2963	0.013508
-340661.0	16473	0.03741	0.29273	0.016457
-340661.0	16467	0.027924	0.29439	0.015136
-340661.0	16457	0.02159	0.29273	0.015189
-340661.0	16456	0.023171	0.29314	0.01486
-340661.0	16455	0.024759	0.29356	0.014523
-340661.0	16474	0.03583	0.29314	0.016135
-340661.0	16470	0.02317	0.29314	0.016135
-340661.0	16469	0.024759	0.29356	0.015807
-340661.0	16468	0.026337	0.29397	0.015475
-340661.0	16494	0.032681	0.29664	0.013211
-340661.0	16495	0.031103	0.29622	0.013578
-340661.0	16472	0.0295	0.2948	0.014794
-340661.0	16496	0.025705	0.29481	0.01479
-340661.0	16497	0.0238	0.29431	0.015203
-340661.0	16498	0.021907	0.29381	0.015606
-340661.0	16499	0.027595	0.2953	0.014373
-340661.0	16471	0.02159	0.29273	0.016457
-340661.0	16433	0.024745	0.29705	0.011477
-340661.0	16451	0.031076	0.29439	0.013836
-340661.0	16448	0.035829	0.29314	0.01486
-340661.0	16449	0.034241	0.29356	0.014523
-340661.0	16450	0.032663	0.29397	0.014183
-340661.0	16443	0.037116	0.2968	0.011711
-340661.0	16452	0.0295	0.2948	0.013486
-340661.0	16486	0.026338	0.29664	0.013211
-340661.0	16427	0.034269	0.29705	0.011477
-340661.0	16425	0.037428	0.29788	0.010691
-340661.0	16422	0.021908	0.29381	0.014317
-340661.0	16421	0.023801	0.29431	0.013905
-340661.0	16420	0.025705	0.29481	0.013482
-340661.0	16435	0.021577	0.29788	0.010691
-340661.0	16434	0.023166	0.29747	0.011088
-340661.0	16417	0.023794	0.2963	0.012169
-340661.0	16429	0.031104	0.29622	0.012239
-340661.0	16430	0.029514	0.29581	0.012612
-340661.0	16416	0.021888	0.2968	0.011712
-340661.0	16432	0.026337	0.29664	0.011862
-340661.0	16431	0.02792	0.29622	0.012239
-340661.0	16419	0.027595	0.2953	0.013055
-340661.0	16418	0.025686	0.2958	0.012614
-340661.0	16428	0.032682	0.29664	0.011862
-340661.0	16478	0.037116	0.2968	0.013064
-340661.0	16487	0.024746	0.29705	0.012836
-340661.0	16488	0.023166	0.29747	0.012457
-340661.0	16489	0.021577	0.29788	0.01207
-340661.0	16490	0.029514	0.29581	0.013942
-340661.0	16491	0.037428	0.29788	0.01207
-340661.0	16492	0.035843	0.29747	0.012457
-340661.0	16493	0.034268	0.29705	0.012836
-340661.0	16500	0.021888	0.2968	0.013065
-340661.0	16502	0.025686	0.2958	0.013944
-340661.0	16501	0.023794	0.2963	0.01351
-340661.0	16477	0.031076	0.29439	0.015136
-340661.0	16454	0.026337	0.29397	0.014183
-340661.0	16453	0.027924	0.29439	0.013836
-340661.0	16476	0.032663	0.29397	0.015475
-340661.0	16475	0.034241	0.29356	0.015807
-340659.0	16580	0.055843	0.29747	0.012457
-340659.0	16536	0.055829	0.29314	0.01486
-340659.0	16535	0.05741	0.29273	0.015189
-340659.0	16533	0.053326	0.29581	0.012611
-340659.0	16532	0.055215	0.2963	0.012167
-340659.0	16558	0.04317	0.29314	0.016135
-340659.0	16589	0.043794	0.2963	0.01351
-340659.0	16588	0.041888	0.2968	0.013065
-340659.0	16541	0.047924	0.29439	0.013836
-340659.0	16540	0.0495	0.2948	0.013486
-340659.0	16543	0.044759	0.29356	0.014523
-340659.0	16542	0.046337	0.29397	0.014183
-340659.0	16539	0.051076	0.29439	0.013836
-340659.0	16538	0.052663	0.29397	0.014183
-340659.0	16555	0.047924	0.29439	0.015136
-340659.0	16590	0.045686	0.2958	0.013944
-340659.0	16545	0.04159	0.29273	0.015189
-340659.0	16566	0.057116	0.2968	0.013064
-340659.0	16572	0.057097	0.29382	0.015596
-340659.0	16571	0.055208	0.29432	0.015195
-340659.0	16570	0.053307	0.29481	0.014785
-340659.0	16569	0.051422	0.29531	0.01437
-340659.0	16568	0.053326	0.29581	0.013941
-340659.0	16567	0.055214	0.2963	0.013508
-340659.0	16573	0.04792	0.29622	0.013578
-340659.0	16544	0.043171	0.29314	0.01486
-340659.0	16563	0.054241	0.29356	0.015807
-340659.0	16565	0.051076	0.29439	0.015136
-340659.0	16562	0.05583	0.29314	0.016135
-340659.0	16561	0.05741	0.29273	0.016457
-340659.0	16560	0.0495	0.2948	0.014794
-340659.0	16559	0.04159	0.29273	0.016457
-340659.0	16564	0.052663	0.29397	0.015475
-340659.0	16581	0.054268	0.29705	0.012836
-340659.0	16557	0.044759	0.29356	0.015807
-340659.0	16556	0.046337	0.29397	0.015475
-340659.0	16575	0.044746	0.29705	0.012836
-340659.0	16574	0.046338	0.29664	0.013211
-340659.0	16577	0.041577	0.29788	0.01207
-340659.0	16576	0.043166	0.29747	0.012457
-340659.0	16579	0.057428	0.29788	0.01207
-340659.0	16578	0.049514	0.29581	0.013942
-340659.0	16582	0.052681	0.29664	0.013211
-340659.0	16583	0.051103	0.29622	0.013578
-340659.0	16587	0.047595	0.2953	0.014373
-340659.0	16586	0.041907	0.29381	0.015606
-340659.0	16585	0.0438	0.29431	0.015203
-340659.0	16584	0.045705	0.29481	0.01479
-340659.0	16537	0.054241	0.29356	0.014523
-340659.0	16509	0.043801	0.29431	0.013905
-340659.0	16508	0.045705	0.29481	0.013482
-340659.0	16510	0.041908	0.29381	0.014317
-340659.0	16521	0.044745	0.29705	0.011477
-340659.0	16522	0.043166	0.29747	0.011088
-340659.0	16523	0.041577	0.29788	0.010691
-340659.0	16520	0.046337	0.29664	0.011862
-340659.0	16526	0.053307	0.29481	0.013476
-340659.0	16527	0.055208	0.29432	0.013897
-340659.0	16528	0.057097	0.29382	0.014307
-340659.0	16505	0.043794	0.2963	0.012169
-340659.0	16531	0.057116	0.2968	0.011711
-340659.0	16515	0.054269	0.29705	0.011477
-340659.0	16514	0.055844	0.29747	0.011088
-340659.0	16513	0.057428	0.29788	0.010691
-340659.0	16517	0.051104	0.29622	0.012239
-340659.0	16518	0.049514	0.29581	0.012612
-340659.0	16519	0.04792	0.29622	0.012239
-340659.0	16506	0.045686	0.2958	0.012614
-340659.0	16516	0.052682	0.29664	0.011862
-340659.0	16504	0.041888	0.2968	0.011712
-340659.0	16507	0.047595	0.2953	0.013055
-340659.0	16525	0.051422	0.29531	0.013051
-340657.0	16656	0.01331	0.011803	0.01967
-340657.0	16657	0.015209	0.012301	0.019992
-340657.0	16658	0.017099	0.012798	0.020306
-340657.0	16659	0.011422	0.011308	0.019345
-340657.0	16660	0.017112	0.0098185	0.018329
-340657.0	16661	0.015213	0.010315	0.018674
-340657.0	16662	0.013323	0.01081	0.019011
-340657.0	16609	0.0075949	0.011303	0.018138
-340657.0	16608	0.011876	0.012427	0.018883
-340657.0	16607	0.014254	0.013051	0.019283
-340657.0	16606	0.016619	0.013672	0.019672
-340657.0	16603	0.0023878	0.013672	0.019672
-340657.0	16602	0.00476	0.013051	0.019283
-340657.0	16601	0.0071453	0.012427	0.018883
-340657.0	16600	0.0095141	0.011807	0.018476
-340657.0	16598	0.017099	0.012798	0.019122
-340657.0	16597	0.015209	0.012301	0.018801
-340657.0	16596	0.01331	0.011803	0.018473
-340657.0	16595	0.011422	0.011308	0.018141
-340657.0	16594	0.013323	0.01081	0.017801
-340657.0	16593	0.015213	0.010315	0.017456
-340657.0	16592	0.017113	0.0098184	0.017103
-340657.0	16638	0.0095	0.010803	0.019007
-340657.0	16637	0.011886	0.010177	0.018579
-340657.0	16636	0.014254	0.0095555	0.018144
-340657.0	16635	0.016637	0.0089301	0.017696
-340657.0	16626	0.011886	0.010177	0.017358
-340657.0	16625	0.014254	0.0095554	0.016914
-340657.0	16624	0.016637	0.00893	0.016456
-340657.0	16621	0.0023633	0.00893	0.016456
-340657.0	16620	0.0047461	0.0095554	0.016914
-340657.0	16619	0.0071139	0.010177	0.017358
-340657.0	16618	0.0095	0.010803	0.017796
-340657.0	16617	0.0057026	0.0118	0.018471
-340657.0	16616	0.0037995	0.012299	0.0188
-340657.0	16615	0.0019049	0.012796	0.019121
-340657.0	16611	0.0037951	0.010306	0.017449
-340657.0	16610	0.0056893	0.010803	0.017796
-340657.0	16655	0.0023877	0.013672	0.020845
-340657.0	16654	0.0047599	0.013051	0.020464
-340657.0	16653	0.0071452	0.012427	0.020072
-340657.0	16652	0.0095141	0.011807	0.019673
-340657.0	16651	0.011876	0.012427	0.020072
-340657.0	16650	0.014254	0.013051	0.020464
-340657.0	16649	0.016619	0.013672	0.020845
-340657.0	16647	0.0037953	0.010306	0.018668
-340657.0	16646	0.0056894	0.010803	0.019007
-340657.0	16645	0.0075949	0.011303	0.019342
-340657.0	16644	0.0057025	0.0118	0.019668
-340657.0	16643	0.0037994	0.012299	0.01999
-340657.0	16642	0.0019048	0.012796	0.020305
-340657.0	16641	0.0023635	0.0089301	0.017696
-340657.0	16640	0.0047463	0.0095555	0.018144
-340657.0	16639	0.007114	0.010177	0.018579
-340655.0	16686	0.027145	0.012427	0.018883
-340655.0	16683	0.034254	0.013051	0.019283
-340655.0	16685	0.029514	0.011807	0.018476
-340655.0	16684	0.031876	0.012427	0.018883
-340655.0	16688	0.022388	0.013672	0.019672
-340655.0	16687	0.02476	0.013051	0.019283
-340655.0	16691	0.021905	0.012796	0.019121
-340655.0	16682	0.036619	0.013672	0.019672
-340655.0	16673	0.036637	0.00893	0.016456
-340655.0	16671	0.033323	0.01081	0.017801
-340655.0	16674	0.034254	0.0095555	0.016914
-340655.0	16676	0.0295	0.010803	0.017796
-340655.0	16677	0.027114	0.010177	0.017358
-340655.0	16678	0.024746	0.0095555	0.016914
-340655.0	16679	0.022363	0.00893	0.016456
-340655.0	16716	0.022388	0.013672	0.020845
-340655.0	16717	0.029514	0.011807	0.019673
-340655.0	16718	0.036619	0.013672	0.020845
-340655.0	16719	0.034254	0.013051	0.020464
-340655.0	16695	0.025689	0.010803	0.017796
-340655.0	16696	0.023795	0.010306	0.017449
-340655.0	16697	0.021892	0.0098062	0.017095
-340655.0	16675	0.031886	0.010177	0.017358
-340655.0	16692	0.023799	0.012299	0.0188
-340655.0	16693	0.025703	0.0118	0.018471
-340655.0	16694	0.027595	0.011303	0.018138
-340655.0	16663	0.031422	0.011308	0.018141
-340655.0	16664	0.03331	0.011803	0.018473
-340655.0	16665	0.035209	0.012301	0.018801
-340655.0	16666	0.037099	0.012798	0.019122
-340655.0	16669	0.037113	0.0098184	0.017103
-340655.0	16670	0.035213	0.010315	0.017456
-340655.0	16708	0.023795	0.010306	0.018668
-340655.0	16715	0.02476	0.013051	0.020464
-340655.0	16714	0.027145	0.012427	0.020072
-340655.0	16713	0.025703	0.0118	0.019668
-340655.0	16712	0.023799	0.012299	0.01999
-340655.0	16711	0.021905	0.012796	0.020305
-340655.0	16710	0.027595	0.011303	0.019342
-340655.0	16709	0.021892	0.0098063	0.01832
-340655.0	16730	0.033323	0.01081	0.019011
-340655.0	16707	0.025689	0.010803	0.019007
-340655.0	16732	0.03331	0.011803	0.01967
-340655.0	16731	0.031422	0.011308	0.019345
-340655.0	16728	0.037112	0.0098185	0.018329
-340655.0	16729	0.035213	0.010316	0.018674
-340655.0	16723	0.022363	0.0089301	0.017696
-340655.0	16724	0.0295	0.010803	0.019007
-340655.0	16733	0.035209	0.012301	0.019992
-340655.0	16727	0.031886	0.010177	0.018579
-340655.0	16720	0.031876	0.012427	0.020072
-340655.0	16734	0.037099	0.012798	0.020306
-340655.0	16721	0.027114	0.010177	0.018579
-340655.0	16722	0.024747	0.0095555	0.018144
-340655.0	16726	0.034253	0.0095555	0.018144
-340655.0	16725	0.036637	0.0089301	0.017696
-340653.0	16806	0.057099	0.012798	0.020306
-340653.0	16790	0.056619	0.013672	0.020845
-340653.0	16789	0.049514	0.011807	0.019673
-340653.0	16788	0.042388	0.013672	0.020845
-340653.0	16791	0.054254	0.013051	0.020464
-340653.0	16794	0.044747	0.0095555	0.018144
-340653.0	16787	0.04476	0.013051	0.020464
-340653.0	16795	0.042363	0.0089301	0.017696
-340653.0	16804	0.05331	0.011803	0.01967
-340653.0	16759	0.04476	0.013051	0.019283
-340653.0	16758	0.047145	0.012427	0.018883
-340653.0	16757	0.049514	0.011807	0.018476
-340653.0	16799	0.051886	0.010177	0.018579
-340653.0	16798	0.054253	0.0095555	0.018144
-340653.0	16797	0.056637	0.0089301	0.017696
-340653.0	16796	0.0495	0.010803	0.019007
-340653.0	16792	0.051876	0.012427	0.020072
-340653.0	16793	0.047114	0.010177	0.018579
-340653.0	16735	0.051422	0.011308	0.018141
-340653.0	16803	0.051422	0.011308	0.019345
-340653.0	16741	0.057113	0.0098184	0.017103
-340653.0	16742	0.055213	0.010315	0.017456
-340653.0	16756	0.051876	0.012427	0.018883
-340653.0	16755	0.054254	0.013051	0.019283
-340653.0	16754	0.056619	0.013672	0.019672
-340653.0	16751	0.042363	0.00893	0.016456
-340653.0	16750	0.044746	0.0095555	0.016914
-340653.0	16749	0.047114	0.010177	0.017358
-340653.0	16748	0.0495	0.010803	0.017796
-340653.0	16747	0.051886	0.010177	0.017358
-340653.0	16746	0.054254	0.0095555	0.016914
-340653.0	16745	0.056637	0.00893	0.016456
-340653.0	16805	0.055209	0.012301	0.019992
-340653.0	16802	0.053323	0.01081	0.019011
-340653.0	16801	0.055213	0.010316	0.018674
-340653.0	16800	0.057112	0.0098185	0.018329
-340653.0	16743	0.053323	0.01081	0.017801
-340653.0	16769	0.041892	0.0098062	0.017095
-340653.0	16768	0.043795	0.010306	0.017449
-340653.0	16767	0.045689	0.010803	0.017796
-340653.0	16766	0.047595	0.011303	0.018138
-340653.0	16765	0.045703	0.0118	0.018471
-340653.0	16764	0.043799	0.012299	0.0188
-340653.0	16763	0.041905	0.012796	0.019121
-340653.0	16760	0.042388	0.013672	0.019672
-340653.0	16738	0.057099	0.012798	0.019122
-340653.0	16737	0.055209	0.012301	0.018801
-340653.0	16736	0.05331	0.011803	0.018473
-340653.0	16783	0.041905	0.012796	0.020305
-340653.0	16782	0.047595	0.011303	0.019342
-340653.0	16781	0.041892	0.0098063	0.01832
-340653.0	16780	0.043795	0.010306	0.018668
-340653.0	16779	0.045689	0.010803	0.019007
-340653.0	16786	0.047145	0.012427	0.020072
-340653.0	16785	0.045703	0.0118	0.019668
-340653.0	16784	0.043799	0.012299	0.01999
-340651.0	16817	0.016637	0.10893	0.016456
-340651.0	16818	0.014254	0.10956	0.016914
-340651.0	16815	0.013323	0.11081	0.017801
-340651.0	16835	0.0019049	0.1128	0.019121
-340651.0	16836	0.0037994	0.1123	0.0188
-340651.0	16837	0.0057026	0.1118	0.018471
-340651.0	16838	0.0075949	0.1113	0.018138
-340651.0	16828	0.011876	0.11243	0.018883
-340651.0	16869	0.016637	0.10893	0.017696
-340651.0	16855	0.0019048	0.1128	0.020305
-340651.0	16821	0.0071139	0.11018	0.017358
-340651.0	16819	0.011886	0.11018	0.017358
-340651.0	16872	0.017112	0.10982	0.018329
-340651.0	16854	0.0075949	0.1113	0.019342
-340651.0	16852	0.0037954	0.11031	0.018668
-340651.0	16820	0.0095	0.1108	0.017796
-340651.0	16830	0.0071453	0.11243	0.018883
-340651.0	16831	0.0047599	0.11305	0.019283
-340651.0	16832	0.0023878	0.11367	0.019672
-340651.0	16827	0.014254	0.11305	0.019283
-340651.0	16829	0.0095141	0.11181	0.018476
-340651.0	16866	0.0047466	0.10956	0.018144
-340651.0	16868	0.0095	0.1108	0.019007
-340651.0	16867	0.0023635	0.10893	0.017696
-340651.0	16871	0.011886	0.11018	0.018579
-340651.0	16870	0.014253	0.10956	0.018144
-340651.0	16878	0.017099	0.1128	0.020306
-340651.0	16877	0.015209	0.1123	0.019992
-340651.0	16876	0.01331	0.1118	0.01967
-340651.0	16875	0.011422	0.11131	0.019345
-340651.0	16874	0.013323	0.11081	0.019011
-340651.0	16873	0.015213	0.11032	0.018674
-340651.0	16859	0.0047597	0.11305	0.020464
-340651.0	16860	0.0023877	0.11367	0.020845
-340651.0	16861	0.0095141	0.11181	0.019673
-340651.0	16858	0.0071452	0.11243	0.020072
-340651.0	16813	0.017113	0.10982	0.017103
-340651.0	16814	0.015213	0.11032	0.017456
-340651.0	16808	0.01331	0.1118	0.018473
-340651.0	16807	0.011422	0.11131	0.018141
-340651.0	16809	0.015209	0.1123	0.018801
-340651.0	16810	0.017099	0.1128	0.019122
-340651.0	16839	0.0056893	0.1108	0.017796
-340651.0	16840	0.0037952	0.11031	0.017449
-340651.0	16862	0.016619	0.11367	0.020845
-340651.0	16865	0.007114	0.11018	0.018579
-340651.0	16864	0.011876	0.11243	0.020072
-340651.0	16863	0.014254	0.11305	0.020464
-340651.0	16851	0.0056894	0.1108	0.019007
-340651.0	16822	0.0047464	0.10956	0.016914
-340651.0	16856	0.0037993	0.1123	0.01999
-340651.0	16857	0.0057025	0.1118	0.019668
-340651.0	16826	0.016619	0.11367	0.019672
-340651.0	16823	0.0023633	0.10893	0.016456
-340649.0	16882	0.037099	0.1128	0.019122
-340649.0	16885	0.037113	0.10982	0.017103
-340649.0	16886	0.035213	0.11032	0.017456
-340649.0	16893	0.027114	0.11018	0.017358
-340649.0	16924	0.023795	0.11031	0.018668
-340649.0	16889	0.036637	0.10893	0.016456
-340649.0	16887	0.033323	0.11081	0.017801
-340649.0	16890	0.034254	0.10956	0.016914
-340649.0	16926	0.027595	0.1113	0.019342
-340649.0	16925	0.021892	0.10981	0.01832
-340649.0	16949	0.035209	0.1123	0.019992
-340649.0	16950	0.037099	0.1128	0.020306
-340649.0	16947	0.031422	0.11131	0.019345
-340649.0	16946	0.033323	0.11081	0.019011
-340649.0	16934	0.036619	0.11367	0.020845
-340649.0	16933	0.029514	0.11181	0.019673
-340649.0	16932	0.022388	0.11367	0.020845
-340649.0	16945	0.035213	0.11032	0.018674
-340649.0	16948	0.03331	0.1118	0.01967
-340649.0	16900	0.031876	0.11243	0.018883
-340649.0	16899	0.034254	0.11305	0.019283
-340649.0	16898	0.036619	0.11367	0.019672
-340649.0	16901	0.029514	0.11181	0.018476
-340649.0	16891	0.031886	0.11018	0.017358
-340649.0	16902	0.027145	0.11243	0.018883
-340649.0	16943	0.031886	0.11018	0.018579
-340649.0	16942	0.034253	0.10956	0.018144
-340649.0	16941	0.036637	0.10893	0.017696
-340649.0	16940	0.0295	0.1108	0.019007
-340649.0	16939	0.022363	0.10893	0.017696
-340649.0	16938	0.024747	0.10956	0.018144
-340649.0	16937	0.027114	0.11018	0.018579
-340649.0	16936	0.031876	0.11243	0.020072
-340649.0	16935	0.034254	0.11305	0.020464
-340649.0	16910	0.027595	0.1113	0.018138
-340649.0	16909	0.025703	0.1118	0.018471
-340649.0	16908	0.023799	0.1123	0.0188
-340649.0	16907	0.021905	0.1128	0.019121
-340649.0	16904	0.022388	0.11367	0.019672
-340649.0	16903	0.02476	0.11305	0.019283
-340649.0	16928	0.023799	0.1123	0.01999
-340649.0	16927	0.021905	0.1128	0.020305
-340649.0	16912	0.023795	0.11031	0.017449
-340649.0	16881	0.035209	0.1123	0.018801
-340649.0	16880	0.03331	0.1118	0.018473
-340649.0	16879	0.031422	0.11131	0.018141
-340649.0	16894	0.024746	0.10956	0.016914
-340649.0	16895	0.022363	0.10893	0.016456
-340649.0	16911	0.025689	0.1108	0.017796
-340649.0	16892	0.0295	0.1108	0.017796
-340649.0	16930	0.027145	0.11243	0.020072
-340649.0	16923	0.025689	0.1108	0.019007
-340649.0	16913	0.021892	0.10981	0.017095
-340649.0	16931	0.02476	0.11305	0.020464
-340649.0	16944	0.037112	0.10982	0.018329
-340649.0	16929	0.025703	0.1118	0.019668
-340647.0	16961	0.056637	0.10893	0.016456
-340647.0	16953	0.055209	0.1123	0.018801
-340647.0	16983	0.045689	0.1108	0.017796
-340647.0	16982	0.047595	0.1113	0.018138
-340647.0	16981	0.045703	0.1118	0.018471
-340647.0	16980	0.043799	0.1123	0.0188
-340647.0	16979	0.041905	0.1128	0.019121
-340647.0	16976	0.042388	0.11367	0.019672
-340647.0	16975	0.04476	0.11305	0.019283
-340647.0	16974	0.047145	0.11243	0.018883
-340647.0	16973	0.049514	0.11181	0.018476
-340647.0	16972	0.051876	0.11243	0.018883
-340647.0	16952	0.05331	0.1118	0.018473
-340647.0	16951	0.051422	0.11131	0.018141
-340647.0	16954	0.057099	0.1128	0.019122
-340647.0	16957	0.057113	0.10982	0.017103
-340647.0	16959	0.053323	0.11081	0.017801
-340647.0	16958	0.055213	0.11032	0.017456
-340647.0	16965	0.047114	0.11018	0.017358
-340647.0	16964	0.0495	0.1108	0.017796
-340647.0	16970	0.056619	0.11367	0.019672
-340647.0	16966	0.044746	0.10956	0.016914
-340647.0	16971	0.054254	0.11305	0.019283
-340647.0	17015	0.051886	0.11018	0.018579
-340647.0	17016	0.057112	0.10982	0.018329
-340647.0	16967	0.042363	0.10893	0.016456
-340647.0	17017	0.055213	0.11032	0.018674
-340647.0	17018	0.053323	0.11081	0.019011
-340647.0	17019	0.051422	0.11131	0.019345
-340647.0	17020	0.05331	0.1118	0.01967
-340647.0	17021	0.055209	0.1123	0.019992
-340647.0	17022	0.057099	0.1128	0.020306
-340647.0	16985	0.041892	0.10981	0.017095
-340647.0	16984	0.043795	0.11031	0.017449
-340647.0	16997	0.041892	0.10981	0.01832
-340647.0	16998	0.047595	0.1113	0.019342
-340647.0	16995	0.045689	0.1108	0.019007
-340647.0	16996	0.043795	0.11031	0.018668
-340647.0	17014	0.054254	0.10956	0.018144
-340647.0	17011	0.042363	0.10893	0.017696
-340647.0	17010	0.044746	0.10956	0.018144
-340647.0	17013	0.056637	0.10893	0.017696
-340647.0	17012	0.0495	0.1108	0.019007
-340647.0	17009	0.047114	0.11018	0.018579
-340647.0	17001	0.045703	0.1118	0.019668
-340647.0	17000	0.043799	0.1123	0.01999
-340647.0	16962	0.054254	0.10956	0.016914
-340647.0	16963	0.051886	0.11018	0.017358
-340647.0	16999	0.041905	0.1128	0.020305
-340647.0	17004	0.042388	0.11367	0.020845
-340647.0	17007	0.054254	0.11305	0.020464
-340647.0	17008	0.051876	0.11243	0.020072
-340647.0	17003	0.04476	0.11305	0.020464
-340647.0	17006	0.056619	0.11367	0.020845
-340647.0	17005	0.049514	0.11181	0.019673
-340647.0	17002	0.047145	0.11243	0.020072
-340645.0	17081	0.016637	0.20893	0.017696
-340645.0	17052	0.0037951	0.21031	0.017449
-340645.0	17067	0.0019048	0.2128	0.020305
-340645.0	17058	0.0057026	0.2118	0.018471
-340645.0	17051	0.0056893	0.2108	0.017796
-340645.0	17050	0.0075949	0.2113	0.018138
-340645.0	17085	0.007114	0.21018	0.018579
-340645.0	17084	0.0095	0.2108	0.019007
-340645.0	17072	0.0037953	0.21031	0.018668
-340645.0	17074	0.016619	0.21367	0.020845
-340645.0	17049	0.011876	0.21243	0.018883
-340645.0	17048	0.014254	0.21305	0.019283
-340645.0	17057	0.0037995	0.2123	0.0188
-340645.0	17056	0.0019049	0.2128	0.019121
-340645.0	17086	0.0047463	0.20956	0.018144
-340645.0	17029	0.015209	0.2123	0.018801
-340645.0	17083	0.011886	0.21018	0.018579
-340645.0	17082	0.014254	0.20956	0.018144
-340645.0	17030	0.017099	0.2128	0.019122
-340645.0	17032	0.0095	0.2108	0.017796
-340645.0	17047	0.016619	0.21367	0.019672
-340645.0	17077	0.0095141	0.21181	0.019673
-340645.0	17068	0.0037994	0.2123	0.01999
-340645.0	17069	0.0057025	0.2118	0.019668
-340645.0	17070	0.0075949	0.2113	0.019342
-340645.0	17071	0.0056894	0.2108	0.019007
-340645.0	17040	0.011886	0.21018	0.017358
-340645.0	17039	0.014254	0.20956	0.016914
-340645.0	17038	0.016637	0.20893	0.016456
-340645.0	17094	0.013323	0.21081	0.019011
-340645.0	17093	0.015213	0.21032	0.018674
-340645.0	17092	0.017112	0.20982	0.018329
-340645.0	17091	0.011422	0.21131	0.019345
-340645.0	17035	0.0023633	0.20893	0.016456
-340645.0	17034	0.0047461	0.20956	0.016914
-340645.0	17033	0.0071139	0.21018	0.017358
-340645.0	17024	0.017113	0.20982	0.017103
-340645.0	17025	0.015213	0.21032	0.017456
-340645.0	17089	0.015209	0.2123	0.019992
-340645.0	17088	0.01331	0.2118	0.01967
-340645.0	17043	0.00476	0.21305	0.019283
-340645.0	17041	0.0095141	0.21181	0.018476
-340645.0	17027	0.011422	0.21131	0.018141
-340645.0	17026	0.013323	0.21081	0.017801
-340645.0	17090	0.017099	0.2128	0.020306
-340645.0	17042	0.0071453	0.21243	0.018883
-340645.0	17044	0.0023878	0.21367	0.019672
-340645.0	17087	0.0023635	0.20893	0.017696
-340645.0	17028	0.01331	0.2118	0.018473
-340645.0	17076	0.011876	0.21243	0.020072
-340645.0	17080	0.0023877	0.21367	0.020845
-340645.0	17079	0.0047599	0.21305	0.020464
-340645.0	17078	0.0071452	0.21243	0.020072
-340645.0	17075	0.014254	0.21305	0.020464
-340643.0	17129	0.021892	0.20981	0.017095
-340643.0	17095	0.031422	0.21131	0.018141
-340643.0	17096	0.03331	0.2118	0.018473
-340643.0	17097	0.035209	0.2123	0.018801
-340643.0	17101	0.037113	0.20982	0.017103
-340643.0	17098	0.037099	0.2128	0.019122
-340643.0	17102	0.035213	0.21032	0.017456
-340643.0	17103	0.033323	0.21081	0.017801
-340643.0	17108	0.0295	0.2108	0.017796
-340643.0	17105	0.036637	0.20893	0.016456
-340643.0	17106	0.034254	0.20956	0.016914
-340643.0	17107	0.031886	0.21018	0.017358
-340643.0	17110	0.024746	0.20956	0.016914
-340643.0	17146	0.027145	0.21243	0.020072
-340643.0	17111	0.022363	0.20893	0.016456
-340643.0	17114	0.036619	0.21367	0.019672
-340643.0	17124	0.023799	0.2123	0.0188
-340643.0	17115	0.034254	0.21305	0.019283
-340643.0	17116	0.031876	0.21243	0.018883
-340643.0	17117	0.029514	0.21181	0.018476
-340643.0	17118	0.027145	0.21243	0.018883
-340643.0	17119	0.02476	0.21305	0.019283
-340643.0	17120	0.022388	0.21367	0.019672
-340643.0	17123	0.021905	0.2128	0.019121
-340643.0	17128	0.023795	0.21031	0.017449
-340643.0	17125	0.025703	0.2118	0.018471
-340643.0	17126	0.027595	0.2113	0.018138
-340643.0	17127	0.025689	0.2108	0.017796
-340643.0	17145	0.025703	0.2118	0.019668
-340643.0	17165	0.035209	0.2123	0.019992
-340643.0	17140	0.023795	0.21031	0.018668
-340643.0	17139	0.025689	0.2108	0.019007
-340643.0	17147	0.02476	0.21305	0.020464
-340643.0	17148	0.022388	0.21367	0.020845
-340643.0	17150	0.036619	0.21367	0.020845
-340643.0	17149	0.029514	0.21181	0.019673
-340643.0	17144	0.023799	0.2123	0.01999
-340643.0	17143	0.021905	0.2128	0.020305
-340643.0	17142	0.027595	0.2113	0.019342
-340643.0	17141	0.021892	0.20981	0.01832
-340643.0	17151	0.034254	0.21305	0.020464
-340643.0	17158	0.034253	0.20956	0.018144
-340643.0	17157	0.036637	0.20893	0.017696
-340643.0	17156	0.0295	0.2108	0.019007
-340643.0	17155	0.022363	0.20893	0.017696
-340643.0	17154	0.024747	0.20956	0.018144
-340643.0	17153	0.027114	0.21018	0.018579
-340643.0	17152	0.031876	0.21243	0.020072
-340643.0	17159	0.031886	0.21018	0.018579
-340643.0	17109	0.027114	0.21018	0.017358
-340643.0	17166	0.037099	0.2128	0.020306
-340643.0	17164	0.03331	0.2118	0.01967
-340643.0	17163	0.031422	0.21131	0.019345
-340643.0	17162	0.033323	0.21081	0.019011
-340643.0	17161	0.035213	0.21032	0.018674
-340643.0	17160	0.037112	0.20982	0.018329
-340641.0	17221	0.041892	0.20981	0.01832
-340641.0	17215	0.043799	0.2123	0.01999
-340641.0	17211	0.044747	0.20956	0.018144
-340641.0	17236	0.055213	0.21032	0.018674
-340641.0	17216	0.045703	0.2118	0.019668
-340641.0	17219	0.045689	0.2108	0.019007
-340641.0	17223	0.056619	0.21367	0.020845
-340641.0	17224	0.054254	0.21305	0.020464
-340641.0	17214	0.041905	0.2128	0.020305
-340641.0	17212	0.042363	0.20893	0.017696
-340641.0	17189	0.047595	0.2113	0.018138
-340641.0	17210	0.047114	0.21018	0.018579
-340641.0	17209	0.0495	0.2108	0.019007
-340641.0	17207	0.051886	0.21018	0.018579
-340641.0	17206	0.054253	0.20956	0.018144
-340641.0	17205	0.056637	0.20893	0.017696
-340641.0	17202	0.051886	0.21018	0.017358
-340641.0	17201	0.054254	0.20956	0.016914
-340641.0	17200	0.056637	0.20893	0.016456
-340641.0	17199	0.042363	0.20893	0.016456
-340641.0	17198	0.044746	0.20956	0.016914
-340641.0	17218	0.047595	0.2113	0.019342
-340641.0	17220	0.043795	0.21031	0.018668
-340641.0	17197	0.047114	0.21018	0.017358
-340641.0	17174	0.055213	0.21032	0.017456
-340641.0	17175	0.053323	0.21081	0.017801
-340641.0	17176	0.051422	0.21131	0.018141
-340641.0	17177	0.05331	0.2118	0.018473
-340641.0	17178	0.055209	0.2123	0.018801
-340641.0	17179	0.057099	0.2128	0.019122
-340641.0	17181	0.049514	0.21181	0.018476
-340641.0	17182	0.047145	0.21243	0.018883
-340641.0	17183	0.04476	0.21305	0.019283
-340641.0	17184	0.042388	0.21367	0.019672
-340641.0	17186	0.056619	0.21367	0.019672
-340641.0	17187	0.054254	0.21305	0.019283
-340641.0	17188	0.051876	0.21243	0.018883
-340641.0	17225	0.051876	0.21243	0.020072
-340641.0	17226	0.049514	0.21181	0.019673
-340641.0	17173	0.057113	0.20982	0.017103
-340641.0	17227	0.047145	0.21243	0.020072
-340641.0	17228	0.04476	0.21305	0.020464
-340641.0	17231	0.05331	0.2118	0.01967
-340641.0	17229	0.042388	0.21367	0.020845
-340641.0	17233	0.057099	0.2128	0.020306
-340641.0	17234	0.051422	0.21131	0.019345
-340641.0	17235	0.057112	0.20982	0.018329
-340641.0	17232	0.055209	0.2123	0.019992
-340641.0	17237	0.053323	0.21081	0.019011
-340641.0	17191	0.043795	0.21031	0.017449
-340641.0	17196	0.0495	0.2108	0.017796
-340641.0	17195	0.045703	0.2118	0.018471
-340641.0	17194	0.043799	0.2123	0.0188
-340641.0	17193	0.041905	0.2128	0.019121
-340641.0	17192	0.041892	0.20981	0.017095
-340641.0	17190	0.045689	0.2108	0.017796
-340639.0	17298	0.01426	0.090052	0.018419
-340639.0	17301	0.0071248	0.089432	0.018847
-340639.0	17299	0.011896	0.089432	0.018847
-340639.0	17300	0.0095141	0.088807	0.019269
-340639.0	17296	0.0019047	0.08681	0.020551
-340639.0	17297	0.01664	0.090677	0.017978
-340639.0	17308	0.0171	0.086822	0.020543
-340639.0	17302	0.0047537	0.090052	0.018419
-340639.0	17305	0.015213	0.089302	0.018935
-340639.0	17304	0.013323	0.088806	0.019269
-340639.0	17310	0.01331	0.087813	0.019918
-340639.0	17309	0.015209	0.087316	0.020234
-340639.0	17303	0.0023672	0.090677	0.017978
-340639.0	17294	0.0057024	0.087806	0.019923
-340639.0	17293	0.0075949	0.088303	0.019601
-340639.0	17292	0.0056895	0.088803	0.019271
-340639.0	17295	0.0037992	0.087307	0.02024
-340639.0	17306	0.017112	0.089801	0.018594
-340639.0	17307	0.011422	0.088308	0.019598
-340639.0	17291	0.0037954	0.0893	0.018937
-340639.0	17255	0.014261	0.090053	0.017196
-340639.0	17256	0.011896	0.089432	0.017633
-340639.0	17286	0.0095	0.087803	0.019925
-340639.0	17287	0.0071344	0.087182	0.020319
-340639.0	17244	0.013323	0.088806	0.018063
-340639.0	17242	0.01331	0.087813	0.018726
-340639.0	17284	0.014247	0.086557	0.020706
-340639.0	17283	0.016616	0.085935	0.021082
-340639.0	17285	0.011866	0.087182	0.020319
-340639.0	17243	0.011422	0.088308	0.0184
-340639.0	17240	0.0171	0.086822	0.019364
-340639.0	17241	0.015209	0.087317	0.019049
-340639.0	17288	0.0047526	0.086557	0.020706
-340639.0	17267	0.0071345	0.087182	0.019135
-340639.0	17266	0.0095	0.087803	0.018733
-340639.0	17265	0.0056895	0.088803	0.018066
-340639.0	17274	0.011865	0.087182	0.019135
-340639.0	17273	0.014247	0.086557	0.01953
-340639.0	17272	0.016616	0.085935	0.019914
-340639.0	17269	0.0023841	0.085935	0.019914
-340639.0	17268	0.0047528	0.086557	0.01953
-340639.0	17245	0.015213	0.089303	0.017723
-340639.0	17246	0.017112	0.089801	0.017374
-340639.0	17248	0.0095141	0.088807	0.018063
-340639.0	17254	0.01664	0.090677	0.016745
-340639.0	17251	0.0023671	0.090677	0.016745
-340639.0	17250	0.0047535	0.090053	0.017196
-340639.0	17249	0.0071247	0.089432	0.017633
-340639.0	17290	0.0018918	0.0898	0.018595
-340639.0	17289	0.002384	0.085935	0.021082
-340639.0	17258	0.0057025	0.087806	0.018731
-340639.0	17263	0.0018917	0.0898	0.017375
-340639.0	17264	0.0037953	0.0893	0.017724
-340639.0	17259	0.0037993	0.087307	0.019055
-340639.0	17260	0.0019048	0.08681	0.019372
-340639.0	17257	0.0075949	0.088303	0.018402
-340637.0	17339	0.033323	0.088806	0.018063
-340637.0	17340	0.035213	0.089303	0.017723
-340637.0	17335	0.024753	0.086557	0.01953
-340637.0	17315	0.027595	0.088303	0.018402
-340637.0	17314	0.025689	0.088803	0.018066
-340637.0	17321	0.03664	0.090677	0.016745
-340637.0	17312	0.021892	0.0898	0.017375
-340637.0	17313	0.023795	0.0893	0.017724
-340637.0	17377	0.023799	0.087307	0.02024
-340637.0	17376	0.025702	0.087806	0.019923
-340637.0	17371	0.022367	0.090677	0.017978
-340637.0	17370	0.024754	0.090052	0.018419
-340637.0	17369	0.027125	0.089432	0.018847
-340637.0	17374	0.03426	0.090052	0.018419
-340637.0	17367	0.034247	0.086557	0.020706
-340637.0	17366	0.036616	0.085935	0.021082
-340637.0	17359	0.033323	0.088806	0.019269
-340637.0	17358	0.031422	0.088308	0.019598
-340637.0	17365	0.0295	0.087803	0.019925
-340637.0	17364	0.022384	0.085935	0.021082
-340637.0	17363	0.024753	0.086557	0.020706
-340637.0	17362	0.027134	0.087182	0.020319
-340637.0	17361	0.037112	0.089801	0.018594
-340637.0	17360	0.035213	0.089302	0.018935
-340637.0	17346	0.03331	0.087813	0.018726
-340637.0	17345	0.035209	0.087317	0.019049
-340637.0	17333	0.0295	0.087803	0.018733
-340637.0	17332	0.031865	0.087182	0.019135
-340637.0	17331	0.034247	0.086557	0.01953
-340637.0	17330	0.036616	0.085935	0.019914
-340637.0	17327	0.022367	0.090677	0.016745
-340637.0	17355	0.0371	0.086822	0.020543
-340637.0	17344	0.0371	0.086822	0.019364
-340637.0	17341	0.037112	0.089801	0.017374
-340637.0	17357	0.03331	0.087813	0.019918
-340637.0	17356	0.035209	0.087316	0.020234
-340637.0	17336	0.022384	0.085935	0.019914
-340637.0	17338	0.031422	0.088308	0.0184
-340637.0	17334	0.027135	0.087182	0.019135
-340637.0	17368	0.031866	0.087182	0.020319
-340637.0	17378	0.021905	0.08681	0.020551
-340637.0	17375	0.031896	0.089432	0.018847
-340637.0	17382	0.02569	0.088803	0.019271
-340637.0	17381	0.023795	0.0893	0.018937
-340637.0	17379	0.027595	0.088303	0.019601
-340637.0	17380	0.021892	0.0898	0.018595
-340637.0	17372	0.029514	0.088807	0.019269
-340637.0	17373	0.03664	0.090677	0.017978
-340637.0	17322	0.034261	0.090053	0.017196
-340637.0	17323	0.031896	0.089432	0.017633
-340637.0	17316	0.025702	0.087806	0.018731
-340637.0	17317	0.023799	0.087307	0.019055
-340637.0	17318	0.021905	0.08681	0.019372
-340637.0	17326	0.024754	0.090053	0.017196
-340637.0	17325	0.027125	0.089432	0.017633
-340637.0	17324	0.029514	0.088807	0.018063
-340635.0	17412	0.055213	0.089303	0.017723
-340635.0	17411	0.053323	0.088806	0.018063
-340635.0	17413	0.057112	0.089801	0.017374
-340635.0	17416	0.0571	0.086822	0.019364
-340635.0	17418	0.05331	0.087813	0.018726
-340635.0	17417	0.055209	0.087317	0.019049
-340635.0	17388	0.045702	0.087806	0.018731
-340635.0	17410	0.051422	0.088308	0.0184
-340635.0	17433	0.057112	0.089801	0.018594
-340635.0	17434	0.047134	0.087182	0.020319
-340635.0	17438	0.056616	0.085935	0.021082
-340635.0	17437	0.0495	0.087803	0.019925
-340635.0	17435	0.044753	0.086557	0.020706
-340635.0	17436	0.042384	0.085935	0.021082
-340635.0	17428	0.055209	0.087316	0.020234
-340635.0	17427	0.0571	0.086822	0.020543
-340635.0	17394	0.054261	0.090053	0.017196
-340635.0	17393	0.05664	0.090677	0.016745
-340635.0	17390	0.041905	0.08681	0.019372
-340635.0	17389	0.043799	0.087307	0.019055
-340635.0	17384	0.041892	0.0898	0.017375
-340635.0	17385	0.043795	0.0893	0.017724
-340635.0	17386	0.045689	0.088803	0.018066
-340635.0	17387	0.047595	0.088303	0.018402
-340635.0	17403	0.054247	0.086557	0.01953
-340635.0	17402	0.056616	0.085935	0.019914
-340635.0	17399	0.042367	0.090677	0.016745
-340635.0	17398	0.044754	0.090053	0.017196
-340635.0	17396	0.049514	0.088807	0.018063
-340635.0	17405	0.0495	0.087803	0.018733
-340635.0	17397	0.047125	0.089432	0.017633
-340635.0	17395	0.051896	0.089432	0.017633
-340635.0	17408	0.042384	0.085935	0.019914
-340635.0	17404	0.051865	0.087182	0.019135
-340635.0	17439	0.054247	0.086557	0.020706
-340635.0	17440	0.051866	0.087182	0.020319
-340635.0	17441	0.047125	0.089432	0.018847
-340635.0	17442	0.044754	0.090052	0.018419
-340635.0	17443	0.042367	0.090677	0.017978
-340635.0	17444	0.049514	0.088807	0.019269
-340635.0	17445	0.05664	0.090677	0.017978
-340635.0	17446	0.05426	0.090052	0.018419
-340635.0	17447	0.051896	0.089432	0.018847
-340635.0	17448	0.045702	0.087806	0.019923
-340635.0	17429	0.05331	0.087813	0.019918
-340635.0	17430	0.051422	0.088308	0.019598
-340635.0	17406	0.047135	0.087182	0.019135
-340635.0	17407	0.044753	0.086557	0.01953
-340635.0	17432	0.055213	0.089302	0.018935
-340635.0	17431	0.053323	0.088806	0.019269
-340635.0	17449	0.043799	0.087307	0.02024
-340635.0	17450	0.041905	0.08681	0.020551
-340635.0	17451	0.047595	0.088303	0.019601
-340635.0	17452	0.041892	0.0898	0.018595
-340635.0	17453	0.043795	0.0893	0.018937
-340635.0	17454	0.04569	0.088803	0.019271
-340633.0	17465	0.01664	0.19068	0.016745
-340633.0	17462	0.0019048	0.18681	0.019372
-340633.0	17461	0.0037993	0.18731	0.019055
-340633.0	17460	0.0057025	0.18781	0.018731
-340633.0	17459	0.0075949	0.1883	0.018402
-340633.0	17458	0.0056895	0.1888	0.018066
-340633.0	17457	0.0037953	0.1893	0.017724
-340633.0	17456	0.0018917	0.1898	0.017375
-340633.0	17488	0.0171	0.18682	0.019364
-340633.0	17485	0.017112	0.1898	0.017374
-340633.0	17526	0.0056895	0.1888	0.019271
-340633.0	17524	0.0018918	0.1898	0.018595
-340633.0	17525	0.0037954	0.1893	0.018937
-340633.0	17507	0.0047526	0.18656	0.020706
-340633.0	17474	0.016616	0.18594	0.019914
-340633.0	17468	0.0095141	0.18881	0.018063
-340633.0	17509	0.0095	0.1878	0.019925
-340633.0	17508	0.002384	0.18594	0.021082
-340633.0	17510	0.016616	0.18594	0.021082
-340633.0	17511	0.014247	0.18656	0.020706
-340633.0	17513	0.0071248	0.18943	0.018847
-340633.0	17512	0.011866	0.18718	0.020319
-340633.0	17515	0.0023672	0.19068	0.017978
-340633.0	17514	0.0047537	0.19005	0.018419
-340633.0	17516	0.0095141	0.18881	0.019269
-340633.0	17517	0.01664	0.19068	0.017978
-340633.0	17518	0.01426	0.19005	0.018419
-340633.0	17519	0.011896	0.18943	0.018847
-340633.0	17520	0.0057024	0.18781	0.019923
-340633.0	17521	0.0037992	0.18731	0.02024
-340633.0	17522	0.0019047	0.18681	0.020551
-340633.0	17523	0.0075949	0.1883	0.019601
-340633.0	17502	0.011422	0.18831	0.019598
-340633.0	17469	0.0071247	0.18943	0.017633
-340633.0	17471	0.0023671	0.19068	0.016745
-340633.0	17506	0.0071344	0.18718	0.020319
-340633.0	17505	0.017112	0.1898	0.018594
-340633.0	17504	0.015213	0.1893	0.018935
-340633.0	17503	0.013323	0.18881	0.019269
-340633.0	17475	0.014247	0.18656	0.01953
-340633.0	17470	0.0047535	0.19005	0.017196
-340633.0	17478	0.0071345	0.18718	0.019135
-340633.0	17480	0.0023841	0.18594	0.019914
-340633.0	17489	0.015209	0.18732	0.019049
-340633.0	17490	0.01331	0.18781	0.018726
-340633.0	17499	0.0171	0.18682	0.020543
-340633.0	17500	0.015209	0.18732	0.020234
-340633.0	17501	0.01331	0.18781	0.019918
-340633.0	17479	0.0047528	0.18656	0.01953
-340633.0	17482	0.011422	0.18831	0.0184
-340633.0	17484	0.015213	0.1893	0.017723
-340633.0	17466	0.014261	0.19005	0.017196
-340633.0	17483	0.013323	0.18881	0.018063
-340633.0	17467	0.011896	0.18943	0.017633
-340633.0	17477	0.0095	0.1878	0.018733
-340633.0	17476	0.011865	0.18718	0.019135
-340631.0	17549	0.0295	0.1878	0.018733
-340631.0	17528	0.021892	0.1898	0.017375
-340631.0	17530	0.025689	0.1888	0.018066
-340631.0	17561	0.035209	0.18732	0.019049
-340631.0	17542	0.024754	0.19005	0.017196
-340631.0	17547	0.034247	0.18656	0.01953
-340631.0	17546	0.036616	0.18594	0.019914
-340631.0	17543	0.022367	0.19068	0.016745
-340631.0	17531	0.027595	0.1883	0.018402
-340631.0	17532	0.025702	0.18781	0.018731
-340631.0	17552	0.022384	0.18594	0.019914
-340631.0	17551	0.024753	0.18656	0.01953
-340631.0	17538	0.034261	0.19005	0.017196
-340631.0	17541	0.027125	0.18943	0.017633
-340631.0	17540	0.029514	0.18881	0.018063
-340631.0	17539	0.031896	0.18943	0.017633
-340631.0	17533	0.023799	0.18731	0.019055
-340631.0	17534	0.021905	0.18681	0.019372
-340631.0	17537	0.03664	0.19068	0.016745
-340631.0	17562	0.03331	0.18781	0.018726
-340631.0	17529	0.023795	0.1893	0.017724
-340631.0	17548	0.031865	0.18718	0.019135
-340631.0	17550	0.027135	0.18718	0.019135
-340631.0	17579	0.024753	0.18656	0.020706
-340631.0	17575	0.033323	0.18881	0.019269
-340631.0	17576	0.035213	0.1893	0.018935
-340631.0	17577	0.037112	0.1898	0.018594
-340631.0	17578	0.027134	0.18718	0.020319
-340631.0	17574	0.031422	0.18831	0.019598
-340631.0	17573	0.03331	0.18781	0.019918
-340631.0	17572	0.035209	0.18732	0.020234
-340631.0	17571	0.0371	0.18682	0.020543
-340631.0	17595	0.027595	0.1883	0.019601
-340631.0	17594	0.021905	0.18681	0.020551
-340631.0	17593	0.023799	0.18731	0.02024
-340631.0	17554	0.031422	0.18831	0.0184
-340631.0	17556	0.035213	0.1893	0.017723
-340631.0	17555	0.033323	0.18881	0.018063
-340631.0	17557	0.037112	0.1898	0.017374
-340631.0	17560	0.0371	0.18682	0.019364
-340631.0	17588	0.029514	0.18881	0.019269
-340631.0	17589	0.03664	0.19068	0.017978
-340631.0	17590	0.03426	0.19005	0.018419
-340631.0	17591	0.031896	0.18943	0.018847
-340631.0	17592	0.025702	0.18781	0.019923
-340631.0	17587	0.022367	0.19068	0.017978
-340631.0	17585	0.027125	0.18943	0.018847
-340631.0	17586	0.024754	0.19005	0.018419
-340631.0	17580	0.022384	0.18594	0.021082
-340631.0	17581	0.0295	0.1878	0.019925
-340631.0	17582	0.036616	0.18594	0.021082
-340631.0	17583	0.034247	0.18656	0.020706
-340631.0	17584	0.031866	0.18718	0.020319
-340631.0	17597	0.023795	0.1893	0.018937
-340631.0	17598	0.02569	0.1888	0.019271
-340631.0	17596	0.021892	0.1898	0.018595
-340629.0	17649	0.057112	0.1898	0.018594
-340629.0	17650	0.047134	0.18718	0.020319
-340629.0	17651	0.044753	0.18656	0.020706
-340629.0	17652	0.042384	0.18594	0.021082
-340629.0	17667	0.047595	0.1883	0.019601
-340629.0	17666	0.041905	0.18681	0.020551
-340629.0	17665	0.043799	0.18731	0.02024
-340629.0	17664	0.045702	0.18781	0.019923
-340629.0	17648	0.055213	0.1893	0.018935
-340629.0	17670	0.04569	0.1888	0.019271
-340629.0	17669	0.043795	0.1893	0.018937
-340629.0	17668	0.041892	0.1898	0.018595
-340629.0	17615	0.042367	0.19068	0.016745
-340629.0	17647	0.053323	0.18881	0.019269
-340629.0	17646	0.051422	0.18831	0.019598
-340629.0	17645	0.05331	0.18781	0.019918
-340629.0	17644	0.055209	0.18732	0.020234
-340629.0	17643	0.0571	0.18682	0.020543
-340629.0	17634	0.05331	0.18781	0.018726
-340629.0	17633	0.055209	0.18732	0.019049
-340629.0	17614	0.044754	0.19005	0.017196
-340629.0	17613	0.047125	0.18943	0.017633
-340629.0	17612	0.049514	0.18881	0.018063
-340629.0	17611	0.051896	0.18943	0.017633
-340629.0	17610	0.054261	0.19005	0.017196
-340629.0	17609	0.05664	0.19068	0.016745
-340629.0	17606	0.041905	0.18681	0.019372
-340629.0	17605	0.043799	0.18731	0.019055
-340629.0	17604	0.045702	0.18781	0.018731
-340629.0	17603	0.047595	0.1883	0.018402
-340629.0	17602	0.045689	0.1888	0.018066
-340629.0	17601	0.043795	0.1893	0.017724
-340629.0	17600	0.041892	0.1898	0.017375
-340629.0	17629	0.057112	0.1898	0.017374
-340629.0	17628	0.055213	0.1893	0.017723
-340629.0	17627	0.053323	0.18881	0.018063
-340629.0	17626	0.051422	0.18831	0.0184
-340629.0	17624	0.042384	0.18594	0.019914
-340629.0	17623	0.044753	0.18656	0.01953
-340629.0	17622	0.047135	0.18718	0.019135
-340629.0	17621	0.0495	0.1878	0.018733
-340629.0	17620	0.051865	0.18718	0.019135
-340629.0	17619	0.054247	0.18656	0.01953
-340629.0	17618	0.056616	0.18594	0.019914
-340629.0	17656	0.051866	0.18718	0.020319
-340629.0	17655	0.054247	0.18656	0.020706
-340629.0	17654	0.056616	0.18594	0.021082
-340629.0	17653	0.0495	0.1878	0.019925
-340629.0	17660	0.049514	0.18881	0.019269
-340629.0	17659	0.042367	0.19068	0.017978
-340629.0	17658	0.044754	0.19005	0.018419
-340629.0	17657	0.047125	0.18943	0.018847
-340629.0	17632	0.0571	0.18682	0.019364
-340629.0	17663	0.051896	0.18943	0.018847
-340629.0	17662	0.05426	0.19005	0.018419
-340629.0	17661	0.05664	0.19068	0.017978
-340627.0	17731	0.0037954	0.2893	0.018937
-340627.0	17732	0.0056895	0.2888	0.019271
-340627.0	17734	0.0071344	0.28718	0.020319
-340627.0	17735	0.0047526	0.28656	0.020706
-340627.0	17716	0.0071248	0.28943	0.018847
-340627.0	17717	0.0047537	0.29005	0.018419
-340627.0	17718	0.0023672	0.29068	0.017978
-340627.0	17720	0.0095141	0.28881	0.019269
-340627.0	17693	0.01664	0.29068	0.016745
-340627.0	17692	0.0019048	0.28681	0.019372
-340627.0	17691	0.0037993	0.28731	0.019055
-340627.0	17690	0.0057025	0.28781	0.018731
-340627.0	17709	0.01331	0.28781	0.019918
-340627.0	17679	0.016616	0.28594	0.019914
-340627.0	17680	0.014247	0.28656	0.01953
-340627.0	17681	0.011865	0.28718	0.019135
-340627.0	17682	0.0095	0.2878	0.018733
-340627.0	17683	0.0071345	0.28718	0.019135
-340627.0	17684	0.0047528	0.28656	0.01953
-340627.0	17685	0.0023841	0.28594	0.019914
-340627.0	17686	0.0018917	0.2898	0.017375
-340627.0	17687	0.0037953	0.2893	0.017724
-340627.0	17688	0.0056895	0.2888	0.018066
-340627.0	17689	0.0075949	0.2883	0.018402
-340627.0	17708	0.015209	0.28732	0.020234
-340627.0	17707	0.0171	0.28682	0.020543
-340627.0	17706	0.01331	0.28781	0.018726
-340627.0	17705	0.015209	0.28732	0.019049
-340627.0	17714	0.017112	0.2898	0.018594
-340627.0	17694	0.014261	0.29005	0.017196
-340627.0	17695	0.011896	0.28943	0.017633
-340627.0	17696	0.0095141	0.28881	0.018063
-340627.0	17697	0.0071247	0.28943	0.017633
-340627.0	17698	0.0047535	0.29005	0.017196
-340627.0	17699	0.0023671	0.29068	0.016745
-340627.0	17700	0.011422	0.28831	0.0184
-340627.0	17701	0.013323	0.28881	0.018063
-340627.0	17702	0.015213	0.2893	0.017723
-340627.0	17703	0.017112	0.2898	0.017374
-340627.0	17704	0.0171	0.28682	0.019364
-340627.0	17730	0.0018918	0.2898	0.018595
-340627.0	17729	0.0075949	0.2883	0.019601
-340627.0	17727	0.0019047	0.28681	0.020551
-340627.0	17741	0.011866	0.28718	0.020319
-340627.0	17740	0.014247	0.28656	0.020706
-340627.0	17739	0.016616	0.28594	0.021082
-340627.0	17738	0.0095	0.2878	0.019925
-340627.0	17726	0.0037992	0.28731	0.02024
-340627.0	17725	0.0057024	0.28781	0.019923
-340627.0	17723	0.011896	0.28943	0.018847
-340627.0	17722	0.01426	0.29005	0.018419
-340627.0	17721	0.01664	0.29068	0.017978
-340627.0	17713	0.015213	0.2893	0.018935
-340627.0	17712	0.013323	0.28881	0.019269
-340627.0	17711	0.011422	0.28831	0.019598
-340627.0	17736	0.002384	0.28594	0.021082
-340625.0	17807	0.031896	0.28943	0.018847
-340625.0	17808	0.025702	0.28781	0.019923
-340625.0	17806	0.03426	0.29005	0.018419
-340625.0	17814	0.02569	0.2888	0.019271
-340625.0	17789	0.03331	0.28781	0.019918
-340625.0	17788	0.035209	0.28732	0.020234
-340625.0	17812	0.021892	0.2898	0.018595
-340625.0	17813	0.023795	0.2893	0.018937
-340625.0	17810	0.021905	0.28681	0.020551
-340625.0	17811	0.027595	0.2883	0.019601
-340625.0	17804	0.029514	0.28881	0.019269
-340625.0	17809	0.023799	0.28731	0.02024
-340625.0	17805	0.03664	0.29068	0.017978
-340625.0	17787	0.0371	0.28682	0.020543
-340625.0	17758	0.024754	0.29005	0.017196
-340625.0	17759	0.022367	0.29068	0.016745
-340625.0	17790	0.031422	0.28831	0.019598
-340625.0	17791	0.033323	0.28881	0.019269
-340625.0	17792	0.035213	0.2893	0.018935
-340625.0	17793	0.037112	0.2898	0.018594
-340625.0	17794	0.027134	0.28718	0.020319
-340625.0	17756	0.029514	0.28881	0.018063
-340625.0	17755	0.031896	0.28943	0.017633
-340625.0	17762	0.036616	0.28594	0.019914
-340625.0	17757	0.027125	0.28943	0.017633
-340625.0	17748	0.025702	0.28781	0.018731
-340625.0	17750	0.021905	0.28681	0.019372
-340625.0	17753	0.03664	0.29068	0.016745
-340625.0	17754	0.034261	0.29005	0.017196
-340625.0	17749	0.023799	0.28731	0.019055
-340625.0	17746	0.025689	0.2888	0.018066
-340625.0	17747	0.027595	0.2883	0.018402
-340625.0	17745	0.023795	0.2893	0.017724
-340625.0	17744	0.021892	0.2898	0.017375
-340625.0	17773	0.037112	0.2898	0.017374
-340625.0	17772	0.035213	0.2893	0.017723
-340625.0	17771	0.033323	0.28881	0.018063
-340625.0	17770	0.031422	0.28831	0.0184
-340625.0	17768	0.022384	0.28594	0.019914
-340625.0	17767	0.024753	0.28656	0.01953
-340625.0	17766	0.027135	0.28718	0.019135
-340625.0	17765	0.0295	0.2878	0.018733
-340625.0	17764	0.031865	0.28718	0.019135
-340625.0	17763	0.034247	0.28656	0.01953
-340625.0	17778	0.03331	0.28781	0.018726
-340625.0	17803	0.022367	0.29068	0.017978
-340625.0	17776	0.0371	0.28682	0.019364
-340625.0	17777	0.035209	0.28732	0.019049
-340625.0	17798	0.036616	0.28594	0.021082
-340625.0	17799	0.034247	0.28656	0.020706
-340625.0	17800	0.031866	0.28718	0.020319
-340625.0	17801	0.027125	0.28943	0.018847
-340625.0	17802	0.024754	0.29005	0.018419
-340625.0	17795	0.024753	0.28656	0.020706
-340625.0	17796	0.022384	0.28594	0.021082
-340625.0	17797	0.0295	0.2878	0.019925
-340623.0	17884	0.041892	0.2898	0.018595
-340623.0	17885	0.043795	0.2893	0.018937
-340623.0	17838	0.047135	0.28718	0.019135
-340623.0	17864	0.055213	0.2893	0.018935
-340623.0	17865	0.057112	0.2898	0.018594
-340623.0	17843	0.053323	0.28881	0.018063
-340623.0	17863	0.053323	0.28881	0.019269
-340623.0	17862	0.051422	0.28831	0.019598
-340623.0	17822	0.041905	0.28681	0.019372
-340623.0	17821	0.043799	0.28731	0.019055
-340623.0	17850	0.05331	0.28781	0.018726
-340623.0	17849	0.055209	0.28732	0.019049
-340623.0	17848	0.0571	0.28682	0.019364
-340623.0	17845	0.057112	0.2898	0.017374
-340623.0	17844	0.055213	0.2893	0.017723
-340623.0	17861	0.05331	0.28781	0.019918
-340623.0	17842	0.051422	0.28831	0.0184
-340623.0	17867	0.044753	0.28656	0.020706
-340623.0	17866	0.047134	0.28718	0.020319
-340623.0	17829	0.047125	0.28943	0.017633
-340623.0	17828	0.049514	0.28881	0.018063
-340623.0	17827	0.051896	0.28943	0.017633
-340623.0	17819	0.047595	0.2883	0.018402
-340623.0	17818	0.045689	0.2888	0.018066
-340623.0	17839	0.044753	0.28656	0.01953
-340623.0	17840	0.042384	0.28594	0.019914
-340623.0	17817	0.043795	0.2893	0.017724
-340623.0	17820	0.045702	0.28781	0.018731
-340623.0	17816	0.041892	0.2898	0.017375
-340623.0	17837	0.0495	0.2878	0.018733
-340623.0	17836	0.051865	0.28718	0.019135
-340623.0	17835	0.054247	0.28656	0.01953
-340623.0	17834	0.056616	0.28594	0.019914
-340623.0	17831	0.042367	0.29068	0.016745
-340623.0	17830	0.044754	0.29005	0.017196
-340623.0	17825	0.05664	0.29068	0.016745
-340623.0	17826	0.054261	0.29005	0.017196
-340623.0	17880	0.045702	0.28781	0.019923
-340623.0	17879	0.051896	0.28943	0.018847
-340623.0	17878	0.05426	0.29005	0.018419
-340623.0	17877	0.05664	0.29068	0.017978
-340623.0	17876	0.049514	0.28881	0.019269
-340623.0	17875	0.042367	0.29068	0.017978
-340623.0	17874	0.044754	0.29005	0.018419
-340623.0	17873	0.047125	0.28943	0.018847
-340623.0	17872	0.051866	0.28718	0.020319
-340623.0	17871	0.054247	0.28656	0.020706
-340623.0	17870	0.056616	0.28594	0.021082
-340623.0	17860	0.055209	0.28732	0.020234
-340623.0	17859	0.0571	0.28682	0.020543
-340623.0	17883	0.047595	0.2883	0.019601
-340623.0	17882	0.041905	0.28681	0.020551
-340623.0	17881	0.043799	0.28731	0.02024
-340623.0	17886	0.04569	0.2888	0.019271
-340623.0	17868	0.042384	0.28594	0.021082
-340623.0	17869	0.0495	0.2878	0.019925
-340621.0	17911	0.001903	0.019797	0.023049
-340621.0	17905	0.0075949	0.018303	0.022299
-340621.0	17912	0.0037987	0.019299	0.022804
-340621.0	17914	0.0095	0.017803	0.022038
-340621.0	17907	0.0037961	0.017306	0.021773
-340621.0	17908	0.0018938	0.016807	0.021502
-340621.0	17906	0.0056914	0.017804	0.022038
-340621.0	17913	0.0057007	0.0188	0.022553
-340621.0	17933	0.011883	0.017178	0.022838
-340621.0	17917	0.0023669	0.015931	0.021013
-340621.0	17934	0.0095	0.017803	0.023166
-340621.0	17921	0.014252	0.016556	0.021363
-340621.0	17943	0.0037961	0.017306	0.022906
-340621.0	17915	0.0071173	0.017178	0.021704
-340621.0	17916	0.0047478	0.016556	0.021363
-340621.0	17904	0.011879	0.019427	0.022867
-340621.0	17953	0.01521	0.019302	0.02392
-340621.0	17954	0.017101	0.019798	0.02416
-340621.0	17955	0.011422	0.018308	0.023425
-340621.0	17956	0.01711	0.016819	0.022646
-340621.0	17957	0.015212	0.017316	0.022911
-340621.0	17958	0.013321	0.017811	0.02317
-340621.0	17931	0.016633	0.015931	0.02216
-340621.0	17922	0.011883	0.017178	0.021704
-340621.0	17932	0.014252	0.016556	0.022504
-340621.0	17940	0.0057006	0.0188	0.023673
-340621.0	17941	0.0075949	0.018303	0.023423
-340621.0	17942	0.0056914	0.017804	0.023166
-340621.0	17935	0.0071173	0.017178	0.022838
-340621.0	17936	0.0047479	0.016556	0.022504
-340621.0	17937	0.002367	0.015931	0.02216
-340621.0	17938	0.001903	0.019797	0.024159
-340621.0	17939	0.0037986	0.019299	0.023919
-340621.0	17920	0.016633	0.015931	0.021013
-340621.0	17944	0.0018938	0.016807	0.02264
-340621.0	17950	0.0047588	0.020051	0.02428
-340621.0	17948	0.0095141	0.018807	0.023676
-340621.0	17947	0.011879	0.019427	0.023981
-340621.0	17946	0.014255	0.020051	0.02428
-340621.0	17949	0.0071423	0.019427	0.023981
-340621.0	17952	0.013312	0.018804	0.023674
-340621.0	17951	0.0023849	0.020672	0.02457
-340621.0	17903	0.014255	0.020051	0.023172
-340621.0	17902	0.016622	0.020672	0.023467
-340621.0	17899	0.002385	0.020672	0.023467
-340621.0	17898	0.0047588	0.020051	0.023172
-340621.0	17897	0.0071424	0.019427	0.022867
-340621.0	17945	0.016622	0.020672	0.02457
-340621.0	17896	0.0095141	0.018807	0.022557
-340621.0	17894	0.017101	0.019798	0.023049
-340621.0	17892	0.013312	0.018804	0.022555
-340621.0	17893	0.01521	0.019302	0.022805
-340621.0	17891	0.011422	0.018308	0.022301
-340621.0	17890	0.013321	0.017811	0.022042
-340621.0	17889	0.015212	0.017316	0.021778
-340621.0	17888	0.01711	0.016819	0.021508
-340619.0	17991	0.025691	0.017804	0.022038
-340619.0	17992	0.023796	0.017306	0.021773
-340619.0	17993	0.021894	0.016807	0.021502
-340619.0	17961	0.03521	0.019302	0.022805
-340619.0	17962	0.037101	0.019798	0.023049
-340619.0	17965	0.03711	0.016819	0.021508
-340619.0	17966	0.035212	0.017316	0.021778
-340619.0	17967	0.033321	0.017811	0.022042
-340619.0	17969	0.036633	0.015931	0.021013
-340619.0	17970	0.034252	0.016556	0.021363
-340619.0	17971	0.031883	0.017178	0.021704
-340619.0	17972	0.0295	0.017803	0.022038
-340619.0	17973	0.027117	0.017178	0.021704
-340619.0	17974	0.024748	0.016556	0.021363
-340619.0	17975	0.022367	0.015931	0.021013
-340619.0	17978	0.036622	0.020672	0.023467
-340619.0	18003	0.025691	0.017804	0.023166
-340619.0	18004	0.023796	0.017306	0.022906
-340619.0	18005	0.021894	0.016807	0.02264
-340619.0	18006	0.027595	0.018303	0.023423
-340619.0	18007	0.021903	0.019797	0.024159
-340619.0	18008	0.023799	0.019299	0.023919
-340619.0	18009	0.025701	0.0188	0.023673
-340619.0	18010	0.027142	0.019427	0.023981
-340619.0	18011	0.024759	0.020051	0.02428
-340619.0	17982	0.027142	0.019427	0.022867
-340619.0	17983	0.024759	0.020051	0.023172
-340619.0	17984	0.022385	0.020672	0.023467
-340619.0	17987	0.021903	0.019797	0.023049
-340619.0	17988	0.023799	0.019299	0.022804
-340619.0	17989	0.025701	0.0188	0.022553
-340619.0	17990	0.027595	0.018303	0.022299
-340619.0	18014	0.036622	0.020672	0.02457
-340619.0	18015	0.034255	0.020051	0.02428
-340619.0	18016	0.031879	0.019427	0.023981
-340619.0	18017	0.027117	0.017178	0.022838
-340619.0	18018	0.024748	0.016556	0.022504
-340619.0	18019	0.022367	0.015931	0.02216
-340619.0	18020	0.0295	0.017803	0.023166
-340619.0	18021	0.036633	0.015931	0.02216
-340619.0	18022	0.034252	0.016556	0.022504
-340619.0	18023	0.031883	0.017178	0.022838
-340619.0	18024	0.03711	0.016819	0.022646
-340619.0	18025	0.035212	0.017316	0.022911
-340619.0	18026	0.033321	0.017811	0.02317
-340619.0	18027	0.031422	0.018308	0.023425
-340619.0	18012	0.022385	0.020672	0.02457
-340619.0	18013	0.029514	0.018807	0.023676
-340619.0	18030	0.037101	0.019798	0.02416
-340619.0	18028	0.033312	0.018804	0.023674
-340619.0	18029	0.03521	0.019302	0.02392
-340619.0	17959	0.031422	0.018308	0.022301
-340619.0	17981	0.029514	0.018807	0.022557
-340619.0	17980	0.031879	0.019427	0.022867
-340619.0	17979	0.034255	0.020051	0.023172
-340619.0	17960	0.033312	0.018804	0.022555
-340617.0	18045	0.047117	0.017178	0.021704
-340617.0	18044	0.0495	0.017803	0.022038
-340617.0	18046	0.044748	0.016556	0.021363
-340617.0	18034	0.057101	0.019798	0.023049
-340617.0	18042	0.054252	0.016556	0.021363
-340617.0	18033	0.05521	0.019302	0.022805
-340617.0	18037	0.05711	0.016819	0.021508
-340617.0	18038	0.055212	0.017316	0.021778
-340617.0	18055	0.044759	0.020051	0.023172
-340617.0	18054	0.047142	0.019427	0.022867
-340617.0	18053	0.049514	0.018807	0.022557
-340617.0	18056	0.042385	0.020672	0.023467
-340617.0	18061	0.045701	0.0188	0.022553
-340617.0	18060	0.043799	0.019299	0.022804
-340617.0	18059	0.041903	0.019797	0.023049
-340617.0	18062	0.047595	0.018303	0.022299
-340617.0	18031	0.051422	0.018308	0.022301
-340617.0	18032	0.053312	0.018804	0.022555
-340617.0	18065	0.041894	0.016807	0.021502
-340617.0	18075	0.045691	0.017804	0.023166
-340617.0	18047	0.042367	0.015931	0.021013
-340617.0	18050	0.056622	0.020672	0.023467
-340617.0	18078	0.047595	0.018303	0.023423
-340617.0	18079	0.041903	0.019797	0.024159
-340617.0	18080	0.043799	0.019299	0.023919
-340617.0	18081	0.045701	0.0188	0.023673
-340617.0	18082	0.047142	0.019427	0.023981
-340617.0	18083	0.044759	0.020051	0.02428
-340617.0	18084	0.042385	0.020672	0.02457
-340617.0	18085	0.049514	0.018807	0.023676
-340617.0	18086	0.056622	0.020672	0.02457
-340617.0	18087	0.054255	0.020051	0.02428
-340617.0	18088	0.051879	0.019427	0.023981
-340617.0	18089	0.047117	0.017178	0.022838
-340617.0	18090	0.044748	0.016556	0.022504
-340617.0	18091	0.042367	0.015931	0.02216
-340617.0	18063	0.045691	0.017804	0.022038
-340617.0	18064	0.043796	0.017306	0.021773
-340617.0	18094	0.054252	0.016556	0.022504
-340617.0	18095	0.051883	0.017178	0.022838
-340617.0	18096	0.05711	0.016819	0.022646
-340617.0	18097	0.055212	0.017316	0.022911
-340617.0	18098	0.053321	0.017811	0.02317
-340617.0	18099	0.051422	0.018308	0.023425
-340617.0	18100	0.053312	0.018804	0.023674
-340617.0	18101	0.05521	0.019302	0.02392
-340617.0	18102	0.057101	0.019798	0.02416
-340617.0	18077	0.041894	0.016807	0.02264
-340617.0	18076	0.043796	0.017306	0.022906
-340617.0	18092	0.0495	0.017803	0.023166
-340617.0	18093	0.056633	0.015931	0.02216
-340617.0	18051	0.054255	0.020051	0.023172
-340617.0	18052	0.051879	0.019427	0.022867
-340617.0	18043	0.051883	0.017178	0.021704
-340617.0	18039	0.053321	0.017811	0.022042
-340617.0	18041	0.056633	0.015931	0.021013
-340615.0	18114	0.014252	0.11656	0.021363
-340615.0	18113	0.016633	0.11593	0.021013
-340615.0	18115	0.011883	0.11718	0.021704
-340615.0	18116	0.0095	0.1178	0.022038
-340615.0	18119	0.0023669	0.11593	0.021013
-340615.0	18122	0.016622	0.12067	0.023467
-340615.0	18117	0.0071173	0.11718	0.021704
-340615.0	18118	0.0047478	0.11656	0.021363
-340615.0	18124	0.011879	0.11943	0.022867
-340615.0	18123	0.014255	0.12005	0.023172
-340615.0	18125	0.0095141	0.11881	0.022557
-340615.0	18103	0.011422	0.11831	0.022301
-340615.0	18109	0.01711	0.11682	0.021508
-340615.0	18106	0.017101	0.1198	0.023049
-340615.0	18104	0.013312	0.1188	0.022555
-340615.0	18105	0.01521	0.1193	0.022805
-340615.0	18134	0.0075949	0.1183	0.022299
-340615.0	18133	0.0057007	0.1188	0.022553
-340615.0	18127	0.0047588	0.12005	0.023172
-340615.0	18128	0.002385	0.12067	0.023467
-340615.0	18126	0.0071424	0.11943	0.022867
-340615.0	18135	0.0056914	0.1178	0.022038
-340615.0	18137	0.0018938	0.11681	0.021502
-340615.0	18136	0.0037961	0.11731	0.021773
-340615.0	18156	0.0023849	0.12067	0.02457
-340615.0	18157	0.0095141	0.11881	0.023676
-340615.0	18158	0.016622	0.12067	0.02457
-340615.0	18110	0.015212	0.11732	0.021778
-340615.0	18111	0.013321	0.11781	0.022042
-340615.0	18153	0.0057006	0.1188	0.023673
-340615.0	18154	0.0071423	0.11943	0.023981
-340615.0	18155	0.0047588	0.12005	0.02428
-340615.0	18168	0.01711	0.11682	0.022646
-340615.0	18169	0.015212	0.11732	0.022911
-340615.0	18170	0.013321	0.11781	0.02317
-340615.0	18171	0.011422	0.11831	0.023425
-340615.0	18172	0.013312	0.1188	0.023674
-340615.0	18173	0.01521	0.1193	0.02392
-340615.0	18174	0.017101	0.1198	0.02416
-340615.0	18147	0.0056914	0.1178	0.023166
-340615.0	18148	0.0037961	0.11731	0.022906
-340615.0	18149	0.0018938	0.11681	0.02264
-340615.0	18150	0.0075949	0.1183	0.023423
-340615.0	18159	0.014255	0.12005	0.02428
-340615.0	18131	0.001903	0.1198	0.023049
-340615.0	18132	0.0037987	0.1193	0.022804
-340615.0	18166	0.014252	0.11656	0.022504
-340615.0	18167	0.011883	0.11718	0.022838
-340615.0	18162	0.0047479	0.11656	0.022504
-340615.0	18161	0.0071173	0.11718	0.022838
-340615.0	18160	0.011879	0.11943	0.023981
-340615.0	18152	0.0037986	0.1193	0.023919
-340615.0	18151	0.001903	0.1198	0.024159
-340615.0	18165	0.016633	0.11593	0.02216
-340615.0	18163	0.002367	0.11593	0.02216
-340615.0	18164	0.0095	0.1178	0.023166
-340613.0	18175	0.031422	0.11831	0.022301
-340613.0	18178	0.037101	0.1198	0.023049
-340613.0	18181	0.03711	0.11682	0.021508
-340613.0	18182	0.035212	0.11732	0.021778
-340613.0	18183	0.033321	0.11781	0.022042
-340613.0	18185	0.036633	0.11593	0.021013
-340613.0	18186	0.034252	0.11656	0.021363
-340613.0	18187	0.031883	0.11718	0.021704
-340613.0	18188	0.0295	0.1178	0.022038
-340613.0	18189	0.027117	0.11718	0.021704
-340613.0	18190	0.024748	0.11656	0.021363
-340613.0	18191	0.022367	0.11593	0.021013
-340613.0	18194	0.036622	0.12067	0.023467
-340613.0	18195	0.034255	0.12005	0.023172
-340613.0	18196	0.031879	0.11943	0.022867
-340613.0	18197	0.029514	0.11881	0.022557
-340613.0	18198	0.027142	0.11943	0.022867
-340613.0	18199	0.024759	0.12005	0.023172
-340613.0	18200	0.022385	0.12067	0.023467
-340613.0	18203	0.021903	0.1198	0.023049
-340613.0	18204	0.023799	0.1193	0.022804
-340613.0	18176	0.033312	0.1188	0.022555
-340613.0	18177	0.03521	0.1193	0.022805
-340613.0	18208	0.023796	0.11731	0.021773
-340613.0	18209	0.021894	0.11681	0.021502
-340613.0	18219	0.025691	0.1178	0.023166
-340613.0	18220	0.023796	0.11731	0.022906
-340613.0	18221	0.021894	0.11681	0.02264
-340613.0	18222	0.027595	0.1183	0.023423
-340613.0	18223	0.021903	0.1198	0.024159
-340613.0	18224	0.023799	0.1193	0.023919
-340613.0	18225	0.025701	0.1188	0.023673
-340613.0	18226	0.027142	0.11943	0.023981
-340613.0	18227	0.024759	0.12005	0.02428
-340613.0	18228	0.022385	0.12067	0.02457
-340613.0	18229	0.029514	0.11881	0.023676
-340613.0	18230	0.036622	0.12067	0.02457
-340613.0	18231	0.034255	0.12005	0.02428
-340613.0	18232	0.031879	0.11943	0.023981
-340613.0	18233	0.027117	0.11718	0.022838
-340613.0	18234	0.024748	0.11656	0.022504
-340613.0	18205	0.025701	0.1188	0.022553
-340613.0	18206	0.027595	0.1183	0.022299
-340613.0	18207	0.025691	0.1178	0.022038
-340613.0	18240	0.03711	0.11682	0.022646
-340613.0	18241	0.035212	0.11732	0.022911
-340613.0	18242	0.033321	0.11781	0.02317
-340613.0	18243	0.031422	0.11831	0.023425
-340613.0	18244	0.033312	0.1188	0.023674
-340613.0	18245	0.03521	0.1193	0.02392
-340613.0	18246	0.037101	0.1198	0.02416
-340613.0	18239	0.031883	0.11718	0.022838
-340613.0	18237	0.036633	0.11593	0.02216
-340613.0	18238	0.034252	0.11656	0.022504
-340613.0	18235	0.022367	0.11593	0.02216
-340613.0	18236	0.0295	0.1178	0.023166
-340611.0	18260	0.0495	0.1178	0.022038
-340611.0	18261	0.047117	0.11718	0.021704
-340611.0	18262	0.044748	0.11656	0.021363
-340611.0	18247	0.051422	0.11831	0.022301
-340611.0	18248	0.053312	0.1188	0.022555
-340611.0	18249	0.05521	0.1193	0.022805
-340611.0	18250	0.057101	0.1198	0.023049
-340611.0	18259	0.051883	0.11718	0.021704
-340611.0	18269	0.049514	0.11881	0.022557
-340611.0	18268	0.051879	0.11943	0.022867
-340611.0	18267	0.054255	0.12005	0.023172
-340611.0	18266	0.056622	0.12067	0.023467
-340611.0	18263	0.042367	0.11593	0.021013
-340611.0	18271	0.044759	0.12005	0.023172
-340611.0	18270	0.047142	0.11943	0.022867
-340611.0	18276	0.043799	0.1193	0.022804
-340611.0	18277	0.045701	0.1188	0.022553
-340611.0	18278	0.047595	0.1183	0.022299
-340611.0	18279	0.045691	0.1178	0.022038
-340611.0	18280	0.043796	0.11731	0.021773
-340611.0	18281	0.041894	0.11681	0.021502
-340611.0	18253	0.05711	0.11682	0.021508
-340611.0	18254	0.055212	0.11732	0.021778
-340611.0	18255	0.053321	0.11781	0.022042
-340611.0	18257	0.056633	0.11593	0.021013
-340611.0	18258	0.054252	0.11656	0.021363
-340611.0	18294	0.047595	0.1183	0.023423
-340611.0	18295	0.041903	0.1198	0.024159
-340611.0	18296	0.043799	0.1193	0.023919
-340611.0	18297	0.045701	0.1188	0.023673
-340611.0	18298	0.047142	0.11943	0.023981
-340611.0	18299	0.044759	0.12005	0.02428
-340611.0	18272	0.042385	0.12067	0.023467
-340611.0	18275	0.041903	0.1198	0.023049
-340611.0	18303	0.054255	0.12005	0.02428
-340611.0	18304	0.051879	0.11943	0.023981
-340611.0	18305	0.047117	0.11718	0.022838
-340611.0	18306	0.044748	0.11656	0.022504
-340611.0	18307	0.042367	0.11593	0.02216
-340611.0	18308	0.0495	0.1178	0.023166
-340611.0	18309	0.056633	0.11593	0.02216
-340611.0	18310	0.054252	0.11656	0.022504
-340611.0	18311	0.051883	0.11718	0.022838
-340611.0	18312	0.05711	0.11682	0.022646
-340611.0	18313	0.055212	0.11732	0.022911
-340611.0	18314	0.053321	0.11781	0.02317
-340611.0	18315	0.051422	0.11831	0.023425
-340611.0	18291	0.045691	0.1178	0.023166
-340611.0	18292	0.043796	0.11731	0.022906
-340611.0	18293	0.041894	0.11681	0.02264
-340611.0	18301	0.049514	0.11881	0.023676
-340611.0	18300	0.042385	0.12067	0.02457
-340611.0	18302	0.056622	0.12067	0.02457
-340611.0	18316	0.053312	0.1188	0.023674
-340611.0	18318	0.057101	0.1198	0.02416
-340611.0	18317	0.05521	0.1193	0.02392
-340609.0	18325	0.0047478	0.21656	0.021363
-340609.0	18324	0.0071173	0.21718	0.021704
-340609.0	18323	0.0095	0.2178	0.022038
-340609.0	18326	0.0023669	0.21593	0.021013
-340609.0	18331	0.0057007	0.2188	0.022553
-340609.0	18332	0.0075949	0.2183	0.022299
-340609.0	18330	0.0037987	0.2193	0.022804
-340609.0	18329	0.001903	0.2198	0.023049
-340609.0	18334	0.0037961	0.21731	0.021773
-340609.0	18333	0.0056914	0.2178	0.022038
-340609.0	18339	0.014255	0.22005	0.023172
-340609.0	18340	0.011879	0.21943	0.022867
-340609.0	18341	0.0095141	0.21881	0.022557
-340609.0	18322	0.011883	0.21718	0.021704
-340609.0	18320	0.016633	0.21593	0.021013
-340609.0	18321	0.014252	0.21656	0.021363
-340609.0	18344	0.002385	0.22067	0.023467
-340609.0	18343	0.0047588	0.22005	0.023172
-340609.0	18342	0.0071424	0.21943	0.022867
-340609.0	18346	0.011422	0.21831	0.022301
-340609.0	18349	0.017101	0.2198	0.023049
-340609.0	18348	0.01521	0.2193	0.022805
-340609.0	18347	0.013312	0.2188	0.022555
-340609.0	18363	0.01711	0.21682	0.022646
-340609.0	18335	0.0018938	0.21681	0.021502
-340609.0	18338	0.016622	0.22067	0.023467
-340609.0	18367	0.013312	0.2188	0.023674
-340609.0	18368	0.01521	0.2193	0.02392
-340609.0	18369	0.017101	0.2198	0.02416
-340609.0	18370	0.0071423	0.21943	0.023981
-340609.0	18371	0.0047588	0.22005	0.02428
-340609.0	18372	0.0023849	0.22067	0.02457
-340609.0	18373	0.0095141	0.21881	0.023676
-340609.0	18374	0.016622	0.22067	0.02457
-340609.0	18375	0.014255	0.22005	0.02428
-340609.0	18376	0.011879	0.21943	0.023981
-340609.0	18377	0.0056914	0.2178	0.023166
-340609.0	18378	0.0037961	0.21731	0.022906
-340609.0	18379	0.0018938	0.21681	0.02264
-340609.0	18352	0.01711	0.21682	0.021508
-340609.0	18353	0.015212	0.21732	0.021778
-340609.0	18354	0.013321	0.21781	0.022042
-340609.0	18383	0.0057006	0.2188	0.023673
-340609.0	18384	0.0071173	0.21718	0.022838
-340609.0	18385	0.0047479	0.21656	0.022504
-340609.0	18386	0.002367	0.21593	0.02216
-340609.0	18387	0.0095	0.2178	0.023166
-340609.0	18388	0.016633	0.21593	0.02216
-340609.0	18389	0.014252	0.21656	0.022504
-340609.0	18390	0.011883	0.21718	0.022838
-340609.0	18364	0.015212	0.21732	0.022911
-340609.0	18365	0.013321	0.21781	0.02317
-340609.0	18366	0.011422	0.21831	0.023425
-340609.0	18382	0.0037986	0.2193	0.023919
-340609.0	18381	0.001903	0.2198	0.024159
-340609.0	18380	0.0075949	0.2183	0.023423
-340607.0	18397	0.03711	0.21682	0.021508
-340607.0	18394	0.037101	0.2198	0.023049
-340607.0	18402	0.034252	0.21656	0.021363
-340607.0	18403	0.031883	0.21718	0.021704
-340607.0	18404	0.0295	0.2178	0.022038
-340607.0	18393	0.03521	0.2193	0.022805
-340607.0	18392	0.033312	0.2188	0.022555
-340607.0	18391	0.031422	0.21831	0.022301
-340607.0	18407	0.022367	0.21593	0.021013
-340607.0	18406	0.024748	0.21656	0.021363
-340607.0	18405	0.027117	0.21718	0.021704
-340607.0	18410	0.036622	0.22067	0.023467
-340607.0	18413	0.029514	0.21881	0.022557
-340607.0	18414	0.027142	0.21943	0.022867
-340607.0	18412	0.031879	0.21943	0.022867
-340607.0	18411	0.034255	0.22005	0.023172
-340607.0	18416	0.022385	0.22067	0.023467
-340607.0	18415	0.024759	0.22005	0.023172
-340607.0	18421	0.025701	0.2188	0.022553
-340607.0	18422	0.027595	0.2183	0.022299
-340607.0	18423	0.025691	0.2178	0.022038
-340607.0	18424	0.023796	0.21731	0.021773
-340607.0	18425	0.021894	0.21681	0.021502
-340607.0	18435	0.025691	0.2178	0.023166
-340607.0	18436	0.023796	0.21731	0.022906
-340607.0	18398	0.035212	0.21732	0.021778
-340607.0	18399	0.033321	0.21781	0.022042
-340607.0	18401	0.036633	0.21593	0.021013
-340607.0	18441	0.025701	0.2188	0.023673
-340607.0	18442	0.027142	0.21943	0.023981
-340607.0	18443	0.024759	0.22005	0.02428
-340607.0	18444	0.022385	0.22067	0.02457
-340607.0	18445	0.029514	0.21881	0.023676
-340607.0	18446	0.036622	0.22067	0.02457
-340607.0	18419	0.021903	0.2198	0.023049
-340607.0	18420	0.023799	0.2193	0.022804
-340607.0	18447	0.034255	0.22005	0.02428
-340607.0	18448	0.031879	0.21943	0.023981
-340607.0	18449	0.027117	0.21718	0.022838
-340607.0	18450	0.024748	0.21656	0.022504
-340607.0	18451	0.022367	0.21593	0.02216
-340607.0	18452	0.0295	0.2178	0.023166
-340607.0	18453	0.036633	0.21593	0.02216
-340607.0	18454	0.034252	0.21656	0.022504
-340607.0	18455	0.031883	0.21718	0.022838
-340607.0	18456	0.03711	0.21682	0.022646
-340607.0	18437	0.021894	0.21681	0.02264
-340607.0	18438	0.027595	0.2183	0.023423
-340607.0	18439	0.021903	0.2198	0.024159
-340607.0	18440	0.023799	0.2193	0.023919
-340607.0	18459	0.031422	0.21831	0.023425
-340607.0	18460	0.033312	0.2188	0.023674
-340607.0	18461	0.03521	0.2193	0.02392
-340607.0	18462	0.037101	0.2198	0.02416
-340607.0	18457	0.035212	0.21732	0.022911
-340607.0	18458	0.033321	0.21781	0.02317
-340605.0	18519	0.051879	0.21943	0.023981
-340605.0	18497	0.054252	0.21656	0.021363
-340605.0	18498	0.051883	0.21718	0.021704
-340605.0	18527	0.05521	0.2193	0.02392
-340605.0	18528	0.057101	0.2198	0.02416
-340605.0	18530	0.051422	0.21831	0.023425
-340605.0	18499	0.056633	0.21593	0.02216
-340605.0	18500	0.054252	0.21656	0.022504
-340605.0	18501	0.051883	0.21718	0.022838
-340605.0	18503	0.0495	0.2178	0.023166
-340605.0	18504	0.047117	0.21718	0.022838
-340605.0	18505	0.044748	0.21656	0.022504
-340605.0	18506	0.042367	0.21593	0.02216
-340605.0	18508	0.041903	0.2198	0.024159
-340605.0	18509	0.043799	0.2193	0.023919
-340605.0	18510	0.045701	0.2188	0.023673
-340605.0	18481	0.042385	0.22067	0.023467
-340605.0	18482	0.056622	0.22067	0.023467
-340605.0	18477	0.057101	0.2198	0.023049
-340605.0	18478	0.049514	0.21881	0.022557
-340605.0	18479	0.047142	0.21943	0.022867
-340605.0	18480	0.044759	0.22005	0.023172
-340605.0	18487	0.043796	0.21731	0.021773
-340605.0	18488	0.041894	0.21681	0.021502
-340605.0	18489	0.041903	0.2198	0.023049
-340605.0	18490	0.043799	0.2193	0.022804
-340605.0	18491	0.045701	0.2188	0.022553
-340605.0	18492	0.0495	0.2178	0.022038
-340605.0	18493	0.047117	0.21718	0.021704
-340605.0	18494	0.044748	0.21656	0.021363
-340605.0	18495	0.042367	0.21593	0.021013
-340605.0	18496	0.056633	0.21593	0.021013
-340605.0	18524	0.042385	0.22067	0.02457
-340605.0	18526	0.053312	0.2188	0.023674
-340605.0	18522	0.047142	0.21943	0.023981
-340605.0	18531	0.05711	0.21682	0.022646
-340605.0	18533	0.053321	0.21781	0.02317
-340605.0	18532	0.055212	0.21732	0.022911
-340605.0	18483	0.054255	0.22005	0.023172
-340605.0	18484	0.051879	0.21943	0.022867
-340605.0	18472	0.055212	0.21732	0.021778
-340605.0	18471	0.05711	0.21682	0.021508
-340605.0	18474	0.051422	0.21831	0.022301
-340605.0	18523	0.044759	0.22005	0.02428
-340605.0	18521	0.049514	0.21881	0.023676
-340605.0	18473	0.053321	0.21781	0.022042
-340605.0	18476	0.05521	0.2193	0.022805
-340605.0	18475	0.053312	0.2188	0.022555
-340605.0	18485	0.047595	0.2183	0.022299
-340605.0	18486	0.045691	0.2178	0.022038
-340605.0	18512	0.047595	0.2183	0.023423
-340605.0	18513	0.045691	0.2178	0.023166
-340605.0	18514	0.043796	0.21731	0.022906
-340605.0	18515	0.041894	0.21681	0.02264
-340605.0	18517	0.056622	0.22067	0.02457
-340605.0	18518	0.054255	0.22005	0.02428
-340603.0	18589	0.0075949	0.081303	0.023621
-340603.0	18590	0.0057005	0.080806	0.023867
-340603.0	18591	0.0037986	0.080307	0.024109
-340603.0	18592	0.0019029	0.079809	0.024346
-340603.0	18593	0.016636	0.083676	0.022377
-340603.0	18594	0.014259	0.083052	0.022716
-340603.0	18595	0.011893	0.082431	0.023044
-340603.0	18596	0.0095141	0.081807	0.023367
-340603.0	18588	0.0056915	0.081803	0.023369
-340603.0	18585	0.0023813	0.078935	0.02475
-340603.0	18584	0.0047518	0.079557	0.024464
-340603.0	18583	0.0071316	0.080182	0.024169
-340603.0	18582	0.0095	0.080803	0.023869
-340603.0	18581	0.011868	0.080182	0.024169
-340603.0	18580	0.014248	0.079557	0.024464
-340603.0	18579	0.016619	0.078935	0.02475
-340603.0	18570	0.011868	0.080182	0.023059
-340603.0	18569	0.014248	0.079557	0.023359
-340603.0	18568	0.016619	0.078935	0.02365
-340603.0	18565	0.0023813	0.078935	0.02365
-340603.0	18564	0.0047518	0.079557	0.023359
-340603.0	18563	0.0071317	0.080182	0.023059
-340603.0	18562	0.0095	0.080803	0.022753
-340603.0	18603	0.011422	0.081308	0.023619
-340603.0	18606	0.013312	0.080813	0.023864
-340603.0	18605	0.01521	0.080316	0.024105
-340603.0	18604	0.017101	0.079821	0.02434
-340603.0	18601	0.015212	0.082302	0.023111
-340603.0	18600	0.013321	0.081806	0.023367
-340603.0	18599	0.0023706	0.083676	0.022377
-340603.0	18598	0.0047548	0.083052	0.022716
-340603.0	18597	0.0071281	0.082431	0.023044
-340603.0	18546	0.0047547	0.083052	0.021579
-340603.0	18547	0.0023706	0.083676	0.021234
-340603.0	18550	0.016636	0.083676	0.021234
-340603.0	18545	0.007128	0.082431	0.021914
-340603.0	18539	0.011422	0.081308	0.022499
-340603.0	18551	0.014259	0.083052	0.021579
-340603.0	18553	0.0075949	0.081303	0.022501
-340603.0	18552	0.011893	0.082431	0.021914
-340603.0	18561	0.0056915	0.081803	0.022244
-340603.0	18541	0.015212	0.082302	0.021982
-340603.0	18542	0.01711	0.0828	0.021715
-340603.0	18586	0.0018939	0.082799	0.02285
-340603.0	18587	0.0037961	0.0823	0.023113
-340603.0	18602	0.01711	0.0828	0.02285
-340603.0	18537	0.01521	0.080316	0.022993
-340603.0	18536	0.017101	0.079821	0.023233
-340603.0	18544	0.0095141	0.081807	0.022242
-340603.0	18540	0.013321	0.081806	0.022242
-340603.0	18538	0.013312	0.080813	0.022748
-340603.0	18559	0.0018938	0.082799	0.021716
-340603.0	18556	0.001903	0.079809	0.023239
-340603.0	18560	0.0037961	0.0823	0.021983
-340603.0	18555	0.0037987	0.080307	0.022998
-340603.0	18554	0.0057006	0.080806	0.022752
-340601.0	18641	0.022381	0.078935	0.02365
-340601.0	18651	0.027132	0.080182	0.024169
-340601.0	18652	0.024752	0.079557	0.024464
-340601.0	18653	0.022381	0.078935	0.02475
-340601.0	18654	0.0295	0.080803	0.023869
-340601.0	18655	0.036619	0.078935	0.02475
-340601.0	18623	0.021903	0.079809	0.023239
-340601.0	18625	0.031422	0.081308	0.022499
-340601.0	18626	0.033321	0.081806	0.022242
-340601.0	18627	0.035212	0.082302	0.021982
-340601.0	18628	0.03711	0.0828	0.021715
-340601.0	18631	0.037101	0.079821	0.023233
-340601.0	18632	0.03521	0.080316	0.022993
-340601.0	18633	0.033312	0.080813	0.022748
-340601.0	18635	0.036619	0.078935	0.02365
-340601.0	18636	0.034248	0.079557	0.023359
-340601.0	18622	0.023799	0.080307	0.022998
-340601.0	18637	0.031868	0.080182	0.023059
-340601.0	18621	0.025701	0.080806	0.022752
-340601.0	18611	0.029514	0.081807	0.022242
-340601.0	18610	0.031893	0.082431	0.021914
-340601.0	18609	0.034259	0.083052	0.021579
-340601.0	18608	0.036636	0.083676	0.021234
-340601.0	18638	0.0295	0.080803	0.022753
-340601.0	18613	0.024755	0.083052	0.021579
-340601.0	18612	0.027128	0.082431	0.021914
-340601.0	18614	0.022371	0.083676	0.021234
-340601.0	18620	0.027595	0.081303	0.022501
-340601.0	18677	0.034259	0.083052	0.022716
-340601.0	18678	0.031893	0.082431	0.023044
-340601.0	18618	0.023796	0.0823	0.021983
-340601.0	18617	0.021894	0.082799	0.021716
-340601.0	18619	0.025691	0.081803	0.022244
-340601.0	18659	0.03521	0.080316	0.024105
-340601.0	18660	0.033312	0.080813	0.023864
-340601.0	18661	0.031422	0.081308	0.023619
-340601.0	18662	0.033321	0.081806	0.023367
-340601.0	18663	0.035212	0.082302	0.023111
-340601.0	18664	0.03711	0.0828	0.02285
-340601.0	18665	0.025701	0.080806	0.023867
-340601.0	18666	0.023799	0.080307	0.024109
-340601.0	18667	0.021903	0.079809	0.024346
-340601.0	18668	0.027595	0.081303	0.023621
-340601.0	18669	0.021894	0.082799	0.02285
-340601.0	18670	0.023796	0.0823	0.023113
-340601.0	18671	0.025692	0.081803	0.023369
-340601.0	18639	0.027132	0.080182	0.023059
-340601.0	18640	0.024752	0.079557	0.023359
-340601.0	18658	0.037101	0.079821	0.02434
-340601.0	18656	0.034248	0.079557	0.024464
-340601.0	18657	0.031868	0.080182	0.024169
-340601.0	18676	0.036636	0.083676	0.022377
-340601.0	18675	0.029514	0.081807	0.023367
-340601.0	18674	0.022371	0.083676	0.022377
-340601.0	18673	0.024755	0.083052	0.022716
-340601.0	18672	0.027128	0.082431	0.023044
-340599.0	18739	0.041903	0.079809	0.024346
-340599.0	18750	0.051893	0.082431	0.023044
-340599.0	18748	0.056636	0.083676	0.022377
-340599.0	18747	0.049514	0.081807	0.023367
-340599.0	18731	0.05521	0.080316	0.024105
-340599.0	18749	0.054259	0.083052	0.022716
-340599.0	18732	0.053312	0.080813	0.023864
-340599.0	18735	0.055212	0.082302	0.023111
-340599.0	18700	0.05711	0.0828	0.021715
-340599.0	18690	0.043796	0.0823	0.021983
-340599.0	18740	0.047595	0.081303	0.023621
-340599.0	18724	0.044752	0.079557	0.024464
-340599.0	18723	0.047132	0.080182	0.024169
-340599.0	18699	0.055212	0.082302	0.021982
-340599.0	18698	0.053321	0.081806	0.022242
-340599.0	18697	0.051422	0.081308	0.022499
-340599.0	18734	0.053321	0.081806	0.023367
-340599.0	18733	0.051422	0.081308	0.023619
-340599.0	18746	0.042371	0.083676	0.022377
-340599.0	18745	0.044755	0.083052	0.022716
-340599.0	18744	0.047128	0.082431	0.023044
-340599.0	18743	0.045692	0.081803	0.023369
-340599.0	18742	0.043796	0.0823	0.023113
-340599.0	18741	0.041894	0.082799	0.02285
-340599.0	18682	0.051893	0.082431	0.021914
-340599.0	18683	0.049514	0.081807	0.022242
-340599.0	18680	0.056636	0.083676	0.021234
-340599.0	18681	0.054259	0.083052	0.021579
-340599.0	18736	0.05711	0.0828	0.02285
-340599.0	18737	0.045701	0.080806	0.023867
-340599.0	18738	0.043799	0.080307	0.024109
-340599.0	18712	0.044752	0.079557	0.023359
-340599.0	18685	0.044755	0.083052	0.021579
-340599.0	18684	0.047128	0.082431	0.021914
-340599.0	18686	0.042371	0.083676	0.021234
-340599.0	18689	0.041894	0.082799	0.021716
-340599.0	18730	0.057101	0.079821	0.02434
-340599.0	18729	0.051868	0.080182	0.024169
-340599.0	18693	0.045701	0.080806	0.022752
-340599.0	18694	0.043799	0.080307	0.022998
-340599.0	18711	0.047132	0.080182	0.023059
-340599.0	18710	0.0495	0.080803	0.022753
-340599.0	18709	0.051868	0.080182	0.023059
-340599.0	18692	0.047595	0.081303	0.022501
-340599.0	18691	0.045691	0.081803	0.022244
-340599.0	18713	0.042381	0.078935	0.02365
-340599.0	18708	0.054248	0.079557	0.023359
-340599.0	18707	0.056619	0.078935	0.02365
-340599.0	18705	0.053312	0.080813	0.022748
-340599.0	18704	0.05521	0.080316	0.022993
-340599.0	18703	0.057101	0.079821	0.023233
-340599.0	18728	0.054248	0.079557	0.024464
-340599.0	18727	0.056619	0.078935	0.02475
-340599.0	18726	0.0495	0.080803	0.023869
-340599.0	18725	0.042381	0.078935	0.02475
-340599.0	18695	0.041903	0.079809	0.023239
-340597.0	18753	0.014259	0.18305	0.021579
-340597.0	18752	0.016636	0.18368	0.021234
-340597.0	18785	0.0023813	0.17893	0.02365
-340597.0	18784	0.0047518	0.17956	0.023359
-340597.0	18783	0.0071317	0.18018	0.023059
-340597.0	18766	0.0037986	0.18031	0.022998
-340597.0	18779	0.016619	0.17893	0.02365
-340597.0	18777	0.013312	0.18081	0.022748
-340597.0	18776	0.01521	0.18032	0.022993
-340597.0	18775	0.017101	0.17982	0.023233
-340597.0	18772	0.01711	0.1828	0.021715
-340597.0	18771	0.015212	0.1823	0.021982
-340597.0	18770	0.013321	0.18181	0.022242
-340597.0	18769	0.011422	0.18131	0.022499
-340597.0	18782	0.0095	0.1808	0.022753
-340597.0	18781	0.011868	0.18018	0.023059
-340597.0	18807	0.015212	0.1823	0.023111
-340597.0	18806	0.013321	0.18181	0.023367
-340597.0	18805	0.011422	0.18131	0.023619
-340597.0	18780	0.014248	0.17956	0.023359
-340597.0	18767	0.001903	0.17981	0.023239
-340597.0	18795	0.0071316	0.18018	0.024169
-340597.0	18821	0.014259	0.18305	0.022716
-340597.0	18822	0.011893	0.18243	0.023044
-340597.0	18800	0.014248	0.17956	0.024464
-340597.0	18801	0.011868	0.18018	0.024169
-340597.0	18802	0.017101	0.17982	0.02434
-340597.0	18803	0.01521	0.18032	0.024105
-340597.0	18804	0.013312	0.18081	0.023864
-340597.0	18811	0.0019029	0.17981	0.024346
-340597.0	18798	0.0095	0.1808	0.023869
-340597.0	18799	0.016619	0.17893	0.02475
-340597.0	18757	0.0047549	0.18305	0.021579
-340597.0	18756	0.007128	0.18243	0.021914
-340597.0	18755	0.0095141	0.18181	0.022242
-340597.0	18754	0.011893	0.18243	0.021914
-340597.0	18812	0.0075949	0.1813	0.023621
-340597.0	18764	0.0075949	0.1813	0.022501
-340597.0	18765	0.0057006	0.18081	0.022752
-340597.0	18763	0.0056915	0.1818	0.022244
-340597.0	18758	0.0023706	0.18368	0.021234
-340597.0	18761	0.0018938	0.1828	0.021716
-340597.0	18762	0.0037961	0.1823	0.021983
-340597.0	18813	0.0018939	0.1828	0.02285
-340597.0	18820	0.016636	0.18368	0.022377
-340597.0	18808	0.01711	0.1828	0.02285
-340597.0	18809	0.0057005	0.18081	0.023867
-340597.0	18810	0.0037986	0.18031	0.024109
-340597.0	18816	0.0071281	0.18243	0.023044
-340597.0	18817	0.004755	0.18305	0.022716
-340597.0	18818	0.0023706	0.18368	0.022377
-340597.0	18819	0.0095141	0.18181	0.023367
-340597.0	18796	0.0047517	0.17956	0.024464
-340597.0	18797	0.0023813	0.17893	0.02475
-340597.0	18814	0.0037962	0.1823	0.023113
-340597.0	18815	0.0056915	0.1818	0.023369
-340595.0	18847	0.037101	0.17982	0.023233
-340595.0	18829	0.024755	0.18305	0.021579
-340595.0	18848	0.03521	0.18032	0.022993
-340595.0	18849	0.033312	0.18081	0.022748
-340595.0	18889	0.024755	0.18305	0.022716
-340595.0	18888	0.027128	0.18243	0.023044
-340595.0	18887	0.025692	0.1818	0.023369
-340595.0	18886	0.023796	0.1823	0.023113
-340595.0	18843	0.035212	0.1823	0.021982
-340595.0	18842	0.033321	0.18181	0.022242
-340595.0	18841	0.031422	0.18131	0.022499
-340595.0	18835	0.025691	0.1818	0.022244
-340595.0	18839	0.021903	0.17981	0.023239
-340595.0	18836	0.027595	0.1813	0.022501
-340595.0	18837	0.025701	0.18081	0.022752
-340595.0	18838	0.023799	0.18031	0.022998
-340595.0	18873	0.031868	0.18018	0.024169
-340595.0	18872	0.034248	0.17956	0.024464
-340595.0	18871	0.036619	0.17893	0.02475
-340595.0	18870	0.0295	0.1808	0.023869
-340595.0	18869	0.022381	0.17893	0.02475
-340595.0	18833	0.021894	0.1828	0.021716
-340595.0	18834	0.023796	0.1823	0.021983
-340595.0	18856	0.024752	0.17956	0.023359
-340595.0	18855	0.027132	0.18018	0.023059
-340595.0	18854	0.0295	0.1808	0.022753
-340595.0	18853	0.031868	0.18018	0.023059
-340595.0	18893	0.034259	0.18305	0.022716
-340595.0	18875	0.03521	0.18032	0.024105
-340595.0	18868	0.024752	0.17956	0.024464
-340595.0	18892	0.036636	0.18368	0.022377
-340595.0	18844	0.03711	0.1828	0.021715
-340595.0	18857	0.022381	0.17893	0.02365
-340595.0	18867	0.027132	0.18018	0.024169
-340595.0	18824	0.036636	0.18368	0.021234
-340595.0	18874	0.037101	0.17982	0.02434
-340595.0	18851	0.036619	0.17893	0.02365
-340595.0	18852	0.034248	0.17956	0.023359
-340595.0	18891	0.029514	0.18181	0.023367
-340595.0	18830	0.022371	0.18368	0.021234
-340595.0	18825	0.034259	0.18305	0.021579
-340595.0	18826	0.031893	0.18243	0.021914
-340595.0	18827	0.029514	0.18181	0.022242
-340595.0	18828	0.027128	0.18243	0.021914
-340595.0	18884	0.027595	0.1813	0.023621
-340595.0	18885	0.021894	0.1828	0.02285
-340595.0	18883	0.021903	0.17981	0.024346
-340595.0	18882	0.023799	0.18031	0.024109
-340595.0	18878	0.033321	0.18181	0.023367
-340595.0	18881	0.025701	0.18081	0.023867
-340595.0	18880	0.03711	0.1828	0.02285
-340595.0	18879	0.035212	0.1823	0.023111
-340595.0	18877	0.031422	0.18131	0.023619
-340595.0	18876	0.033312	0.18081	0.023864
-340595.0	18894	0.031893	0.18243	0.023044
-340595.0	18890	0.022371	0.18368	0.022377
-340593.0	18941	0.042381	0.17893	0.02475
-340593.0	18939	0.047132	0.18018	0.024169
-340593.0	18940	0.044752	0.17956	0.024464
-340593.0	18954	0.043799	0.18031	0.024109
-340593.0	18951	0.055212	0.1823	0.023111
-340593.0	18950	0.053321	0.18181	0.023367
-340593.0	18949	0.051422	0.18131	0.023619
-340593.0	18948	0.053312	0.18081	0.023864
-340593.0	18947	0.05521	0.18032	0.024105
-340593.0	18946	0.057101	0.17982	0.02434
-340593.0	18945	0.051868	0.18018	0.024169
-340593.0	18944	0.054248	0.17956	0.024464
-340593.0	18961	0.044755	0.18305	0.022716
-340593.0	18960	0.047128	0.18243	0.023044
-340593.0	18959	0.045692	0.1818	0.023369
-340593.0	18958	0.043796	0.1823	0.023113
-340593.0	18928	0.044752	0.17956	0.023359
-340593.0	18927	0.047132	0.18018	0.023059
-340593.0	18926	0.0495	0.1808	0.022753
-340593.0	18929	0.042381	0.17893	0.02365
-340593.0	18925	0.051868	0.18018	0.023059
-340593.0	18963	0.049514	0.18181	0.023367
-340593.0	18964	0.056636	0.18368	0.022377
-340593.0	18965	0.054259	0.18305	0.022716
-340593.0	18952	0.05711	0.1828	0.02285
-340593.0	18953	0.045701	0.18081	0.023867
-340593.0	18966	0.051893	0.18243	0.023044
-340593.0	18902	0.042371	0.18368	0.021234
-340593.0	18962	0.042371	0.18368	0.022377
-340593.0	18957	0.041894	0.1828	0.02285
-340593.0	18955	0.041903	0.17981	0.024346
-340593.0	18956	0.047595	0.1813	0.023621
-340593.0	18942	0.0495	0.1808	0.023869
-340593.0	18911	0.041903	0.17981	0.023239
-340593.0	18913	0.051422	0.18131	0.022499
-340593.0	18943	0.056619	0.17893	0.02475
-340593.0	18899	0.049514	0.18181	0.022242
-340593.0	18898	0.051893	0.18243	0.021914
-340593.0	18900	0.047128	0.18243	0.021914
-340593.0	18901	0.044755	0.18305	0.021579
-340593.0	18924	0.054248	0.17956	0.023359
-340593.0	18923	0.056619	0.17893	0.02365
-340593.0	18921	0.053312	0.18081	0.022748
-340593.0	18920	0.05521	0.18032	0.022993
-340593.0	18919	0.057101	0.17982	0.023233
-340593.0	18916	0.05711	0.1828	0.021715
-340593.0	18897	0.054259	0.18305	0.021579
-340593.0	18896	0.056636	0.18368	0.021234
-340593.0	18914	0.053321	0.18181	0.022242
-340593.0	18915	0.055212	0.1823	0.021982
-340593.0	18910	0.043799	0.18031	0.022998
-340593.0	18909	0.045701	0.18081	0.022752
-340593.0	18908	0.047595	0.1813	0.022501
-340593.0	18907	0.045691	0.1818	0.022244
-340593.0	18906	0.043796	0.1823	0.021983
-340593.0	18905	0.041894	0.1828	0.021716
-340591.0	18976	0.011868	0.28018	0.023059
-340591.0	18975	0.014248	0.27956	0.023359
-340591.0	19006	0.01521	0.28032	0.024105
-340591.0	19005	0.017101	0.27982	0.02434
-340591.0	19002	0.013312	0.28081	0.022748
-340591.0	19001	0.01521	0.28032	0.022993
-340591.0	19000	0.017101	0.27982	0.023233
-340591.0	18998	0.01711	0.2828	0.021715
-340591.0	18997	0.015212	0.2823	0.021982
-340591.0	18996	0.013321	0.28181	0.022242
-340591.0	18995	0.011422	0.28131	0.022499
-340591.0	18994	0.0023706	0.28368	0.021234
-340591.0	19010	0.015212	0.2823	0.023111
-340591.0	19009	0.013321	0.28181	0.023367
-340591.0	19008	0.011422	0.28131	0.023619
-340591.0	19007	0.013312	0.28081	0.023864
-340591.0	19014	0.004755	0.28305	0.022716
-340591.0	19013	0.0071281	0.28243	0.023044
-340591.0	19011	0.01711	0.2828	0.02285
-340591.0	19032	0.0047517	0.27956	0.024464
-340591.0	19038	0.011868	0.28018	0.024169
-340591.0	18991	0.0095141	0.28181	0.022242
-340591.0	19018	0.016636	0.28368	0.022377
-340591.0	18992	0.007128	0.28243	0.021914
-340591.0	18984	0.0075949	0.2813	0.022501
-340591.0	18985	0.0057006	0.28081	0.022752
-340591.0	18986	0.0037986	0.28031	0.022998
-340591.0	18987	0.001903	0.27981	0.023239
-340591.0	18988	0.016636	0.28368	0.021234
-340591.0	18989	0.014259	0.28305	0.021579
-340591.0	18990	0.011893	0.28243	0.021914
-340591.0	18993	0.0047549	0.28305	0.021579
-340591.0	18974	0.016619	0.27893	0.02365
-340591.0	18977	0.0095	0.2808	0.022753
-340591.0	18978	0.0071317	0.28018	0.023059
-340591.0	18979	0.0047518	0.27956	0.023359
-340591.0	18980	0.0023813	0.27893	0.02365
-340591.0	18981	0.0018938	0.2828	0.021716
-340591.0	18982	0.0037961	0.2823	0.021983
-340591.0	18983	0.0056915	0.2818	0.022244
-340591.0	19031	0.0071316	0.28018	0.024169
-340591.0	19029	0.0056915	0.2818	0.023369
-340591.0	19017	0.0095141	0.28181	0.023367
-340591.0	19015	0.0023706	0.28368	0.022377
-340591.0	19036	0.016619	0.27893	0.02475
-340591.0	19037	0.014248	0.27956	0.024464
-340591.0	19035	0.0095	0.2808	0.023869
-340591.0	19033	0.0023813	0.27893	0.02475
-340591.0	19024	0.0019029	0.27981	0.024346
-340591.0	19023	0.0037986	0.28031	0.024109
-340591.0	19022	0.0057005	0.28081	0.023867
-340591.0	19020	0.011893	0.28243	0.023044
-340591.0	19019	0.014259	0.28305	0.022716
-340591.0	19028	0.0037962	0.2823	0.023113
-340591.0	19026	0.0075949	0.2813	0.023621
-340591.0	19027	0.0018939	0.2828	0.02285
-340589.0	19100	0.027595	0.2813	0.023621
-340589.0	19101	0.021894	0.2828	0.02285
-340589.0	19084	0.024752	0.27956	0.024464
-340589.0	19085	0.022381	0.27893	0.02475
-340589.0	19105	0.024755	0.28305	0.022716
-340589.0	19102	0.023796	0.2823	0.023113
-340589.0	19103	0.025692	0.2818	0.023369
-340589.0	19104	0.027128	0.28243	0.023044
-340589.0	19050	0.023796	0.2823	0.021983
-340589.0	19093	0.031422	0.28131	0.023619
-340589.0	19045	0.024755	0.28305	0.021579
-340589.0	19094	0.033321	0.28181	0.023367
-340589.0	19092	0.033312	0.28081	0.023864
-340589.0	19044	0.027128	0.28243	0.021914
-340589.0	19041	0.034259	0.28305	0.021579
-340589.0	19040	0.036636	0.28368	0.021234
-340589.0	19068	0.034248	0.27956	0.023359
-340589.0	19089	0.031868	0.28018	0.024169
-340589.0	19046	0.022371	0.28368	0.021234
-340589.0	19049	0.021894	0.2828	0.021716
-340589.0	19042	0.031893	0.28243	0.021914
-340589.0	19043	0.029514	0.28181	0.022242
-340589.0	19058	0.033321	0.28181	0.022242
-340589.0	19054	0.023799	0.28031	0.022998
-340589.0	19090	0.037101	0.27982	0.02434
-340589.0	19091	0.03521	0.28032	0.024105
-340589.0	19060	0.03711	0.2828	0.021715
-340589.0	19059	0.035212	0.2823	0.021982
-340589.0	19063	0.037101	0.27982	0.023233
-340589.0	19064	0.03521	0.28032	0.022993
-340589.0	19067	0.036619	0.27893	0.02365
-340589.0	19065	0.033312	0.28081	0.022748
-340589.0	19095	0.035212	0.2823	0.023111
-340589.0	19097	0.025701	0.28081	0.023867
-340589.0	19096	0.03711	0.2828	0.02285
-340589.0	19110	0.031893	0.28243	0.023044
-340589.0	19108	0.036636	0.28368	0.022377
-340589.0	19107	0.029514	0.28181	0.023367
-340589.0	19106	0.022371	0.28368	0.022377
-340589.0	19109	0.034259	0.28305	0.022716
-340589.0	19098	0.023799	0.28031	0.024109
-340589.0	19099	0.021903	0.27981	0.024346
-340589.0	19055	0.021903	0.27981	0.023239
-340589.0	19057	0.031422	0.28131	0.022499
-340589.0	19087	0.036619	0.27893	0.02475
-340589.0	19086	0.0295	0.2808	0.023869
-340589.0	19053	0.025701	0.28081	0.022752
-340589.0	19052	0.027595	0.2813	0.022501
-340589.0	19071	0.027132	0.28018	0.023059
-340589.0	19072	0.024752	0.27956	0.023359
-340589.0	19083	0.027132	0.28018	0.024169
-340589.0	19073	0.022381	0.27893	0.02365
-340589.0	19070	0.0295	0.2808	0.022753
-340589.0	19069	0.031868	0.28018	0.023059
-340589.0	19051	0.025691	0.2818	0.022244
-340589.0	19088	0.034248	0.27956	0.024464
-340587.0	19144	0.044752	0.27956	0.023359
-340587.0	19143	0.047132	0.28018	0.023059
-340587.0	19125	0.045701	0.28081	0.022752
-340587.0	19168	0.05711	0.2828	0.02285
-340587.0	19142	0.0495	0.2808	0.022753
-340587.0	19141	0.051868	0.28018	0.023059
-340587.0	19155	0.047132	0.28018	0.024169
-340587.0	19145	0.042381	0.27893	0.02365
-340587.0	19139	0.056619	0.27893	0.02365
-340587.0	19140	0.054248	0.27956	0.023359
-340587.0	19136	0.05521	0.28032	0.022993
-340587.0	19137	0.053312	0.28081	0.022748
-340587.0	19135	0.057101	0.27982	0.023233
-340587.0	19132	0.05711	0.2828	0.021715
-340587.0	19118	0.042371	0.28368	0.021234
-340587.0	19117	0.044755	0.28305	0.021579
-340587.0	19130	0.053321	0.28181	0.022242
-340587.0	19131	0.055212	0.2823	0.021982
-340587.0	19126	0.043799	0.28031	0.022998
-340587.0	19127	0.041903	0.27981	0.023239
-340587.0	19175	0.045692	0.2818	0.023369
-340587.0	19176	0.047128	0.28243	0.023044
-340587.0	19129	0.051422	0.28131	0.022499
-340587.0	19174	0.043796	0.2823	0.023113
-340587.0	19178	0.042371	0.28368	0.022377
-340587.0	19177	0.044755	0.28305	0.022716
-340587.0	19179	0.049514	0.28181	0.023367
-340587.0	19180	0.056636	0.28368	0.022377
-340587.0	19182	0.051893	0.28243	0.023044
-340587.0	19181	0.054259	0.28305	0.022716
-340587.0	19156	0.044752	0.27956	0.024464
-340587.0	19157	0.042381	0.27893	0.02475
-340587.0	19164	0.053312	0.28081	0.023864
-340587.0	19165	0.051422	0.28131	0.023619
-340587.0	19158	0.0495	0.2808	0.023869
-340587.0	19159	0.056619	0.27893	0.02475
-340587.0	19160	0.054248	0.27956	0.024464
-340587.0	19161	0.051868	0.28018	0.024169
-340587.0	19162	0.057101	0.27982	0.02434
-340587.0	19163	0.05521	0.28032	0.024105
-340587.0	19170	0.043799	0.28031	0.024109
-340587.0	19171	0.041903	0.27981	0.024346
-340587.0	19166	0.053321	0.28181	0.023367
-340587.0	19167	0.055212	0.2823	0.023111
-340587.0	19172	0.047595	0.2813	0.023621
-340587.0	19173	0.041894	0.2828	0.02285
-340587.0	19121	0.041894	0.2828	0.021716
-340587.0	19112	0.056636	0.28368	0.021234
-340587.0	19123	0.045691	0.2818	0.022244
-340587.0	19115	0.049514	0.28181	0.022242
-340587.0	19114	0.051893	0.28243	0.021914
-340587.0	19122	0.043796	0.2823	0.021983
-340587.0	19116	0.047128	0.28243	0.021914
-340587.0	19113	0.054259	0.28305	0.021579
-340587.0	19169	0.045701	0.28081	0.023867
-340587.0	19124	0.047595	0.2813	0.022501
-340585.0	19232	0.0047486	0.023556	0.025823
-340585.0	19231	0.0071196	0.024178	0.026074
-340585.0	19201	0.0075949	0.025303	0.025439
-340585.0	19202	0.0056928	0.024804	0.025245
-340585.0	19204	0.0018952	0.023807	0.024845
-340585.0	19203	0.0037966	0.024306	0.025048
-340585.0	19190	0.017103	0.026798	0.025992
-340585.0	19193	0.0071403	0.026428	0.025859
-340585.0	19199	0.014256	0.027051	0.026082
-340585.0	19200	0.011881	0.026428	0.025859
-340585.0	19194	0.0047582	0.027051	0.026082
-340585.0	19198	0.016624	0.027673	0.026298
-340585.0	19192	0.0095141	0.025807	0.02563
-340585.0	19195	0.002383	0.027673	0.026298
-340585.0	19207	0.0019017	0.026797	0.025992
-340585.0	19208	0.0037982	0.0263	0.025812
-340585.0	19189	0.01521	0.026302	0.025813
-340585.0	19209	0.0056993	0.025801	0.025627
-340585.0	19210	0.0095	0.024803	0.025245
-340585.0	19188	0.013313	0.025804	0.025629
-340585.0	19184	0.017109	0.023819	0.02485
-340585.0	19187	0.011422	0.025308	0.025441
-340585.0	19235	0.0037982	0.0263	0.026876
-340585.0	19236	0.0056993	0.025801	0.026694
-340585.0	19250	0.017103	0.026798	0.027053
-340585.0	19248	0.013313	0.025804	0.026695
-340585.0	19249	0.01521	0.026302	0.026877
-340585.0	19251	0.011422	0.025308	0.02651
-340585.0	19254	0.01332	0.024811	0.026321
-340585.0	19253	0.015212	0.024316	0.026128
-340585.0	19252	0.017109	0.023819	0.02593
-340585.0	19230	0.0095	0.024803	0.026318
-340585.0	19217	0.014251	0.023556	0.024742
-340585.0	19216	0.016631	0.022932	0.024479
-340585.0	19186	0.01332	0.024811	0.025248
-340585.0	19185	0.015212	0.024316	0.025052
-340585.0	19229	0.01188	0.024178	0.026074
-340585.0	19228	0.014251	0.023556	0.025823
-340585.0	19227	0.016631	0.022932	0.025565
-340585.0	19218	0.01188	0.024178	0.024996
-340585.0	19245	0.0071403	0.026428	0.026922
-340585.0	19246	0.0047581	0.027051	0.027142
-340585.0	19247	0.0023829	0.027673	0.027354
-340585.0	19211	0.0071196	0.024178	0.024996
-340585.0	19213	0.0023693	0.022932	0.024479
-340585.0	19212	0.0047486	0.023556	0.024742
-340585.0	19242	0.014256	0.027051	0.027142
-340585.0	19241	0.016624	0.027673	0.027354
-340585.0	19237	0.0075949	0.025303	0.026509
-340585.0	19238	0.0056929	0.024804	0.026318
-340585.0	19239	0.0037966	0.024306	0.026124
-340585.0	19240	0.0018953	0.023807	0.025925
-340585.0	19233	0.0023693	0.022932	0.025565
-340585.0	19234	0.0019017	0.026797	0.027053
-340585.0	19244	0.0095141	0.025807	0.026696
-340585.0	19243	0.011881	0.026428	0.026922
-340583.0	19325	0.03521	0.026302	0.026877
-340583.0	19324	0.033313	0.025804	0.026695
-340583.0	19315	0.022369	0.022932	0.025565
-340583.0	19322	0.03332	0.024811	0.026321
-340583.0	19316	0.0295	0.024803	0.026318
-340583.0	19317	0.036631	0.022932	0.025565
-340583.0	19319	0.03188	0.024178	0.026074
-340583.0	19318	0.034251	0.023556	0.025823
-340583.0	19326	0.037103	0.026798	0.027053
-340583.0	19323	0.031422	0.025308	0.02651
-340583.0	19308	0.022383	0.027673	0.027354
-340583.0	19309	0.029514	0.025807	0.026696
-340583.0	19321	0.035212	0.024316	0.026128
-340583.0	19320	0.037109	0.023819	0.02593
-340583.0	19285	0.025699	0.025801	0.025627
-340583.0	19284	0.023798	0.0263	0.025812
-340583.0	19311	0.034256	0.027051	0.027142
-340583.0	19312	0.031881	0.026428	0.026922
-340583.0	19313	0.02712	0.024178	0.026074
-340583.0	19314	0.024749	0.023556	0.025823
-340583.0	19310	0.036624	0.027673	0.027354
-340583.0	19283	0.021902	0.026797	0.025992
-340583.0	19268	0.0295	0.024803	0.025245
-340583.0	19267	0.03188	0.024178	0.024996
-340583.0	19255	0.031422	0.025308	0.025441
-340583.0	19271	0.022369	0.022932	0.024479
-340583.0	19266	0.034251	0.023556	0.024742
-340583.0	19265	0.036631	0.022932	0.024479
-340583.0	19263	0.03332	0.024811	0.025248
-340583.0	19258	0.037103	0.026798	0.025992
-340583.0	19257	0.03521	0.026302	0.025813
-340583.0	19256	0.033313	0.025804	0.025629
-340583.0	19288	0.023797	0.024306	0.025048
-340583.0	19289	0.021895	0.023807	0.024845
-340583.0	19261	0.037109	0.023819	0.02485
-340583.0	19262	0.035212	0.024316	0.025052
-340583.0	19269	0.02712	0.024178	0.024996
-340583.0	19270	0.024749	0.023556	0.024742
-340583.0	19287	0.025693	0.024804	0.025245
-340583.0	19286	0.027595	0.025303	0.025439
-340583.0	19276	0.031881	0.026428	0.025859
-340583.0	19277	0.029514	0.025807	0.02563
-340583.0	19274	0.036624	0.027673	0.026298
-340583.0	19275	0.034256	0.027051	0.026082
-340583.0	19279	0.024758	0.027051	0.026082
-340583.0	19278	0.02714	0.026428	0.025859
-340583.0	19301	0.021895	0.023807	0.025925
-340583.0	19302	0.027595	0.025303	0.026509
-340583.0	19303	0.021902	0.026797	0.027053
-340583.0	19304	0.023798	0.0263	0.026876
-340583.0	19305	0.025699	0.025801	0.026694
-340583.0	19306	0.02714	0.026428	0.026922
-340583.0	19299	0.025693	0.024804	0.026318
-340583.0	19300	0.023797	0.024306	0.026124
-340583.0	19280	0.022383	0.027673	0.026298
-340583.0	19307	0.024758	0.027051	0.027142
-340581.0	19372	0.043797	0.024306	0.026124
-340581.0	19379	0.044758	0.027051	0.027142
-340581.0	19380	0.042383	0.027673	0.027354
-340581.0	19381	0.049514	0.025807	0.026696
-340581.0	19358	0.047595	0.025303	0.025439
-340581.0	19357	0.045699	0.025801	0.025627
-340581.0	19396	0.053313	0.025804	0.026695
-340581.0	19356	0.043798	0.0263	0.025812
-340581.0	19327	0.051422	0.025308	0.025441
-340581.0	19334	0.055212	0.024316	0.025052
-340581.0	19333	0.057109	0.023819	0.02485
-340581.0	19355	0.041902	0.026797	0.025992
-340581.0	19397	0.05521	0.026302	0.026877
-340581.0	19398	0.057103	0.026798	0.027053
-340581.0	19337	0.056631	0.022932	0.024479
-340581.0	19338	0.054251	0.023556	0.024742
-340581.0	19342	0.044749	0.023556	0.024742
-340581.0	19341	0.04712	0.024178	0.024996
-340581.0	19347	0.054256	0.027051	0.026082
-340581.0	19348	0.051881	0.026428	0.025859
-340581.0	19349	0.049514	0.025807	0.02563
-340581.0	19350	0.04714	0.026428	0.025859
-340581.0	19351	0.044758	0.027051	0.026082
-340581.0	19352	0.042383	0.027673	0.026298
-340581.0	19335	0.05332	0.024811	0.025248
-340581.0	19378	0.04714	0.026428	0.026922
-340581.0	19340	0.0495	0.024803	0.025245
-340581.0	19339	0.05188	0.024178	0.024996
-340581.0	19382	0.056624	0.027673	0.027354
-340581.0	19383	0.054256	0.027051	0.027142
-340581.0	19384	0.051881	0.026428	0.026922
-340581.0	19385	0.04712	0.024178	0.026074
-340581.0	19386	0.044749	0.023556	0.025823
-340581.0	19387	0.042369	0.022932	0.025565
-340581.0	19390	0.054251	0.023556	0.025823
-340581.0	19391	0.05188	0.024178	0.026074
-340581.0	19392	0.057109	0.023819	0.02593
-340581.0	19393	0.055212	0.024316	0.026128
-340581.0	19394	0.05332	0.024811	0.026321
-340581.0	19395	0.051422	0.025308	0.02651
-340581.0	19377	0.045699	0.025801	0.026694
-340581.0	19376	0.043798	0.0263	0.026876
-340581.0	19375	0.041902	0.026797	0.027053
-340581.0	19374	0.047595	0.025303	0.026509
-340581.0	19346	0.056624	0.027673	0.026298
-340581.0	19343	0.042369	0.022932	0.024479
-340581.0	19371	0.045693	0.024804	0.026318
-340581.0	19361	0.041895	0.023807	0.024845
-340581.0	19360	0.043797	0.024306	0.025048
-340581.0	19359	0.045693	0.024804	0.025245
-340581.0	19388	0.0495	0.024803	0.026318
-340581.0	19389	0.056631	0.022932	0.025565
-340581.0	19328	0.053313	0.025804	0.025629
-340581.0	19329	0.05521	0.026302	0.025813
-340581.0	19373	0.041895	0.023807	0.025925
-340581.0	19330	0.057103	0.026798	0.025992
-340579.0	19461	0.016631	0.12293	0.025565
-340579.0	19468	0.013313	0.1258	0.026695
-340579.0	19467	0.011422	0.12531	0.02651
-340579.0	19446	0.0075949	0.1253	0.026509
-340579.0	19469	0.01521	0.1263	0.026877
-340579.0	19464	0.017109	0.12382	0.02593
-340579.0	19463	0.01188	0.12418	0.026074
-340579.0	19462	0.014251	0.12356	0.025823
-340579.0	19445	0.0018953	0.12381	0.025925
-340579.0	19470	0.017103	0.1268	0.027053
-340579.0	19465	0.015212	0.12432	0.026128
-340579.0	19466	0.01332	0.12481	0.026321
-340579.0	19450	0.0071403	0.12643	0.026922
-340579.0	19449	0.0056993	0.1258	0.026694
-340579.0	19443	0.0056929	0.1248	0.026318
-340579.0	19444	0.0037966	0.12431	0.026124
-340579.0	19452	0.0023829	0.12767	0.027354
-340579.0	19451	0.0047582	0.12705	0.027142
-340579.0	19406	0.015212	0.12432	0.025052
-340579.0	19407	0.01332	0.12481	0.025248
-340579.0	19447	0.0019017	0.1268	0.027053
-340579.0	19448	0.0037982	0.1263	0.026876
-340579.0	19453	0.0095141	0.12581	0.026696
-340579.0	19454	0.016624	0.12767	0.027354
-340579.0	19456	0.011881	0.12643	0.026922
-340579.0	19455	0.014256	0.12705	0.027142
-340579.0	19428	0.0037982	0.1263	0.025812
-340579.0	19427	0.0019017	0.1268	0.025992
-340579.0	19460	0.0095	0.1248	0.026318
-340579.0	19459	0.0023693	0.12293	0.025565
-340579.0	19458	0.0047486	0.12356	0.025823
-340579.0	19457	0.0071196	0.12418	0.026074
-340579.0	19433	0.0018952	0.12381	0.024845
-340579.0	19432	0.0037965	0.12431	0.025048
-340579.0	19431	0.0056928	0.1248	0.025245
-340579.0	19430	0.0075949	0.1253	0.025439
-340579.0	19415	0.0023693	0.12293	0.024479
-340579.0	19412	0.0095	0.1248	0.025245
-340579.0	19413	0.0071196	0.12418	0.024996
-340579.0	19414	0.0047485	0.12356	0.024742
-340579.0	19420	0.011881	0.12643	0.025859
-340579.0	19419	0.014256	0.12705	0.026082
-340579.0	19418	0.016624	0.12767	0.026298
-340579.0	19421	0.0095141	0.12581	0.02563
-340579.0	19402	0.017103	0.1268	0.025992
-340579.0	19399	0.011422	0.12531	0.025441
-340579.0	19401	0.01521	0.1263	0.025813
-340579.0	19400	0.013313	0.1258	0.025629
-340579.0	19410	0.014252	0.12356	0.024742
-340579.0	19409	0.016631	0.12293	0.024479
-340579.0	19405	0.017109	0.12382	0.02485
-340579.0	19411	0.01188	0.12418	0.024996
-340579.0	19424	0.002383	0.12767	0.026298
-340579.0	19423	0.0047582	0.12705	0.026082
-340579.0	19422	0.0071403	0.12643	0.025859
-340579.0	19429	0.0056993	0.1258	0.025627
-340577.0	19471	0.031422	0.12531	0.025441
-340577.0	19472	0.033313	0.1258	0.025629
-340577.0	19473	0.03521	0.1263	0.025813
-340577.0	19474	0.037103	0.1268	0.025992
-340577.0	19478	0.035212	0.12432	0.025052
-340577.0	19477	0.037109	0.12382	0.02485
-340577.0	19496	0.022383	0.12767	0.026298
-340577.0	19499	0.021902	0.1268	0.025992
-340577.0	19531	0.022369	0.12293	0.025565
-340577.0	19504	0.023797	0.12431	0.025048
-340577.0	19534	0.034251	0.12356	0.025823
-340577.0	19505	0.021895	0.12381	0.024845
-340577.0	19540	0.033313	0.1258	0.026695
-340577.0	19542	0.037103	0.1268	0.027053
-340577.0	19541	0.03521	0.1263	0.026877
-340577.0	19539	0.031422	0.12531	0.02651
-340577.0	19533	0.036631	0.12293	0.025565
-340577.0	19537	0.035212	0.12432	0.026128
-340577.0	19538	0.03332	0.12481	0.026321
-340577.0	19532	0.0295	0.1248	0.026318
-340577.0	19485	0.02712	0.12418	0.024996
-340577.0	19519	0.021902	0.1268	0.027053
-340577.0	19520	0.023798	0.1263	0.026876
-340577.0	19521	0.025699	0.1258	0.026694
-340577.0	19522	0.02714	0.12643	0.026922
-340577.0	19523	0.024758	0.12705	0.027142
-340577.0	19524	0.022383	0.12767	0.027354
-340577.0	19525	0.029514	0.12581	0.026696
-340577.0	19526	0.036624	0.12767	0.027354
-340577.0	19527	0.034256	0.12705	0.027142
-340577.0	19528	0.031881	0.12643	0.026922
-340577.0	19503	0.025693	0.1248	0.025245
-340577.0	19535	0.03188	0.12418	0.026074
-340577.0	19536	0.037109	0.12382	0.02593
-340577.0	19530	0.024749	0.12356	0.025823
-340577.0	19529	0.02712	0.12418	0.026074
-340577.0	19492	0.031881	0.12643	0.025859
-340577.0	19493	0.029514	0.12581	0.02563
-340577.0	19494	0.02714	0.12643	0.025859
-340577.0	19495	0.024758	0.12705	0.026082
-340577.0	19515	0.025693	0.1248	0.026318
-340577.0	19500	0.023798	0.1263	0.025812
-340577.0	19501	0.025699	0.1258	0.025627
-340577.0	19502	0.027595	0.1253	0.025439
-340577.0	19479	0.03332	0.12481	0.025248
-340577.0	19481	0.036631	0.12293	0.024479
-340577.0	19482	0.034251	0.12356	0.024742
-340577.0	19483	0.03188	0.12418	0.024996
-340577.0	19486	0.024749	0.12356	0.024742
-340577.0	19487	0.022369	0.12293	0.024479
-340577.0	19490	0.036624	0.12767	0.026298
-340577.0	19491	0.034256	0.12705	0.026082
-340577.0	19516	0.023797	0.12431	0.026124
-340577.0	19517	0.021895	0.12381	0.025925
-340577.0	19518	0.027595	0.1253	0.026509
-340577.0	19484	0.0295	0.1248	0.025245
-340575.0	19550	0.055212	0.12432	0.025052
-340575.0	19551	0.05332	0.12481	0.025248
-340575.0	19587	0.045693	0.1248	0.026318
-340575.0	19588	0.043797	0.12431	0.026124
-340575.0	19589	0.041895	0.12381	0.025925
-340575.0	19590	0.047595	0.1253	0.026509
-340575.0	19591	0.041902	0.1268	0.027053
-340575.0	19592	0.043798	0.1263	0.026876
-340575.0	19593	0.045699	0.1258	0.026694
-340575.0	19594	0.04714	0.12643	0.026922
-340575.0	19595	0.044758	0.12705	0.027142
-340575.0	19571	0.041902	0.1268	0.025992
-340575.0	19572	0.043798	0.1263	0.025812
-340575.0	19598	0.056624	0.12767	0.027354
-340575.0	19599	0.054256	0.12705	0.027142
-340575.0	19600	0.051881	0.12643	0.026922
-340575.0	19562	0.056624	0.12767	0.026298
-340575.0	19563	0.054256	0.12705	0.026082
-340575.0	19564	0.051881	0.12643	0.025859
-340575.0	19565	0.049514	0.12581	0.02563
-340575.0	19566	0.04714	0.12643	0.025859
-340575.0	19567	0.044758	0.12705	0.026082
-340575.0	19568	0.042383	0.12767	0.026298
-340575.0	19573	0.045699	0.1258	0.025627
-340575.0	19575	0.045693	0.1248	0.025245
-340575.0	19574	0.047595	0.1253	0.025439
-340575.0	19576	0.043797	0.12431	0.025048
-340575.0	19549	0.057109	0.12382	0.02485
-340575.0	19544	0.053313	0.1258	0.025629
-340575.0	19545	0.05521	0.1263	0.025813
-340575.0	19546	0.057103	0.1268	0.025992
-340575.0	19543	0.051422	0.12531	0.025441
-340575.0	19556	0.0495	0.1248	0.025245
-340575.0	19555	0.05188	0.12418	0.024996
-340575.0	19554	0.054252	0.12356	0.024742
-340575.0	19553	0.056631	0.12293	0.024479
-340575.0	19559	0.042369	0.12293	0.024479
-340575.0	19557	0.04712	0.12418	0.024996
-340575.0	19558	0.044748	0.12356	0.024742
-340575.0	19577	0.041895	0.12381	0.024845
-340575.0	19613	0.05521	0.1263	0.026877
-340575.0	19612	0.053313	0.1258	0.026695
-340575.0	19597	0.049514	0.12581	0.026696
-340575.0	19596	0.042383	0.12767	0.027354
-340575.0	19614	0.057103	0.1268	0.027053
-340575.0	19611	0.051422	0.12531	0.02651
-340575.0	19610	0.05332	0.12481	0.026321
-340575.0	19609	0.055212	0.12432	0.026128
-340575.0	19608	0.057109	0.12382	0.02593
-340575.0	19607	0.05188	0.12418	0.026074
-340575.0	19606	0.054251	0.12356	0.025823
-340575.0	19605	0.056631	0.12293	0.025565
-340575.0	19604	0.0495	0.1248	0.026318
-340575.0	19603	0.042369	0.12293	0.025565
-340575.0	19602	0.044749	0.12356	0.025823
-340575.0	19601	0.04712	0.12418	0.026074
-340573.0	19627	0.0056993	0.2258	0.025627
-340573.0	19628	0.0075949	0.2253	0.025439
-340573.0	19629	0.0056928	0.2248	0.025245
-340573.0	19630	0.0037966	0.22431	0.025048
-340573.0	19639	0.0047582	0.22705	0.026082
-340573.0	19640	0.002383	0.22767	0.026298
-340573.0	19642	0.011422	0.22531	0.025441
-340573.0	19643	0.013313	0.2258	0.025629
-340573.0	19644	0.01521	0.2263	0.025813
-340573.0	19645	0.017103	0.2268	0.025992
-340573.0	19616	0.016631	0.22293	0.024479
-340573.0	19617	0.014251	0.22356	0.024742
-340573.0	19618	0.01188	0.22418	0.024996
-340573.0	19619	0.0095	0.2248	0.025245
-340573.0	19620	0.0071196	0.22418	0.024996
-340573.0	19621	0.0047486	0.22356	0.024742
-340573.0	19622	0.0023693	0.22293	0.024479
-340573.0	19625	0.0019017	0.2268	0.025992
-340573.0	19626	0.0037982	0.2263	0.025812
-340573.0	19635	0.014256	0.22705	0.026082
-340573.0	19636	0.011881	0.22643	0.025859
-340573.0	19637	0.0095141	0.22581	0.02563
-340573.0	19638	0.0071403	0.22643	0.025859
-340573.0	19648	0.017109	0.22382	0.02485
-340573.0	19649	0.015212	0.22432	0.025052
-340573.0	19650	0.01332	0.22481	0.025248
-340573.0	19659	0.017109	0.22382	0.02593
-340573.0	19660	0.015212	0.22432	0.026128
-340573.0	19661	0.01332	0.22481	0.026321
-340573.0	19662	0.011422	0.22531	0.02651
-340573.0	19663	0.013313	0.2258	0.026695
-340573.0	19631	0.0018952	0.22381	0.024845
-340573.0	19634	0.016624	0.22767	0.026298
-340573.0	19666	0.0071403	0.22643	0.026922
-340573.0	19667	0.0047581	0.22705	0.027142
-340573.0	19664	0.01521	0.2263	0.026877
-340573.0	19665	0.017103	0.2268	0.027053
-340573.0	19668	0.0023829	0.22767	0.027354
-340573.0	19669	0.0095141	0.22581	0.026696
-340573.0	19670	0.016624	0.22767	0.027354
-340573.0	19671	0.014256	0.22705	0.027142
-340573.0	19672	0.011881	0.22643	0.026922
-340573.0	19673	0.0056929	0.2248	0.026318
-340573.0	19674	0.0037966	0.22431	0.026124
-340573.0	19675	0.0018953	0.22381	0.025925
-340573.0	19676	0.0075949	0.2253	0.026509
-340573.0	19677	0.0019017	0.2268	0.027053
-340573.0	19678	0.0037982	0.2263	0.026876
-340573.0	19679	0.0056993	0.2258	0.026694
-340573.0	19682	0.0023693	0.22293	0.025565
-340573.0	19683	0.0095	0.2248	0.026318
-340573.0	19681	0.0047486	0.22356	0.025823
-340573.0	19680	0.0071196	0.22418	0.026074
-340573.0	19686	0.01188	0.22418	0.026074
-340573.0	19684	0.016631	0.22293	0.025565
-340573.0	19685	0.014251	0.22356	0.025823
-340571.0	19703	0.022369	0.22293	0.024479
-340571.0	19706	0.036624	0.22767	0.026298
-340571.0	19702	0.024749	0.22356	0.024742
-340571.0	19710	0.02714	0.22643	0.025859
-340571.0	19709	0.029514	0.22581	0.02563
-340571.0	19687	0.031422	0.22531	0.025441
-340571.0	19688	0.033313	0.2258	0.025629
-340571.0	19689	0.03521	0.2263	0.025813
-340571.0	19690	0.037103	0.2268	0.025992
-340571.0	19693	0.037109	0.22382	0.02485
-340571.0	19694	0.035212	0.22432	0.025052
-340571.0	19742	0.036624	0.22767	0.027354
-340571.0	19711	0.024758	0.22705	0.026082
-340571.0	19712	0.022383	0.22767	0.026298
-340571.0	19715	0.021902	0.2268	0.025992
-340571.0	19716	0.023798	0.2263	0.025812
-340571.0	19717	0.025699	0.2258	0.025627
-340571.0	19718	0.027595	0.2253	0.025439
-340571.0	19719	0.025693	0.2248	0.025245
-340571.0	19720	0.023797	0.22431	0.025048
-340571.0	19721	0.021895	0.22381	0.024845
-340571.0	19695	0.03332	0.22481	0.025248
-340571.0	19697	0.036631	0.22293	0.024479
-340571.0	19698	0.034251	0.22356	0.024742
-340571.0	19699	0.03188	0.22418	0.024996
-340571.0	19700	0.0295	0.2248	0.025245
-340571.0	19701	0.02712	0.22418	0.024996
-340571.0	19752	0.037109	0.22382	0.02593
-340571.0	19753	0.035212	0.22432	0.026128
-340571.0	19754	0.03332	0.22481	0.026321
-340571.0	19757	0.03521	0.2263	0.026877
-340571.0	19758	0.037103	0.2268	0.027053
-340571.0	19731	0.025693	0.2248	0.026318
-340571.0	19732	0.023797	0.22431	0.026124
-340571.0	19733	0.021895	0.22381	0.025925
-340571.0	19734	0.027595	0.2253	0.026509
-340571.0	19735	0.021902	0.2268	0.027053
-340571.0	19736	0.023798	0.2263	0.026876
-340571.0	19737	0.025699	0.2258	0.026694
-340571.0	19738	0.02714	0.22643	0.026922
-340571.0	19707	0.034256	0.22705	0.026082
-340571.0	19708	0.031881	0.22643	0.025859
-340571.0	19741	0.029514	0.22581	0.026696
-340571.0	19740	0.022383	0.22767	0.027354
-340571.0	19739	0.024758	0.22705	0.027142
-340571.0	19746	0.024749	0.22356	0.025823
-340571.0	19743	0.034256	0.22705	0.027142
-340571.0	19744	0.031881	0.22643	0.026922
-340571.0	19747	0.022369	0.22293	0.025565
-340571.0	19748	0.0295	0.2248	0.026318
-340571.0	19745	0.02712	0.22418	0.026074
-340571.0	19749	0.036631	0.22293	0.025565
-340571.0	19750	0.034251	0.22356	0.025823
-340571.0	19751	0.03188	0.22418	0.026074
-340571.0	19756	0.033313	0.2258	0.026695
-340571.0	19755	0.031422	0.22531	0.02651
-340569.0	19778	0.045693	0.2248	0.025245
-340569.0	19777	0.047595	0.2253	0.025439
-340569.0	19774	0.056624	0.22767	0.026298
-340569.0	19820	0.049514	0.22581	0.026696
-340569.0	19821	0.04714	0.22643	0.026922
-340569.0	19824	0.053313	0.2258	0.026695
-340569.0	19825	0.05521	0.2263	0.026877
-340569.0	19826	0.057103	0.2268	0.027053
-340569.0	19827	0.051422	0.22531	0.02651
-340569.0	19828	0.057109	0.22382	0.02593
-340569.0	19829	0.055212	0.22432	0.026128
-340569.0	19830	0.05332	0.22481	0.026321
-340569.0	19785	0.045699	0.2258	0.025627
-340569.0	19786	0.0495	0.2248	0.025245
-340569.0	19771	0.042383	0.22767	0.026298
-340569.0	19770	0.044758	0.22705	0.026082
-340569.0	19788	0.044749	0.22356	0.024742
-340569.0	19787	0.04712	0.22418	0.024996
-340569.0	19789	0.042369	0.22293	0.024479
-340569.0	19760	0.057109	0.22382	0.02485
-340569.0	19761	0.055212	0.22432	0.025052
-340569.0	19762	0.05332	0.22481	0.025248
-340569.0	19763	0.051422	0.22531	0.025441
-340569.0	19764	0.053313	0.2258	0.025629
-340569.0	19765	0.05521	0.2263	0.025813
-340569.0	19766	0.057103	0.2268	0.025992
-340569.0	19768	0.049514	0.22581	0.02563
-340569.0	19769	0.04714	0.22643	0.025859
-340569.0	19804	0.054251	0.22356	0.025823
-340569.0	19805	0.05188	0.22418	0.026074
-340569.0	19808	0.044749	0.22356	0.025823
-340569.0	19809	0.042369	0.22293	0.025565
-340569.0	19810	0.041902	0.2268	0.027053
-340569.0	19811	0.043798	0.2263	0.026876
-340569.0	19812	0.045699	0.2258	0.026694
-340569.0	19813	0.047595	0.2253	0.026509
-340569.0	19814	0.045693	0.2248	0.026318
-340569.0	19815	0.043797	0.22431	0.026124
-340569.0	19816	0.041895	0.22381	0.025925
-340569.0	19817	0.056624	0.22767	0.027354
-340569.0	19818	0.054256	0.22705	0.027142
-340569.0	19819	0.051881	0.22643	0.026922
-340569.0	19822	0.044758	0.22705	0.027142
-340569.0	19823	0.042383	0.22767	0.027354
-340569.0	19792	0.056631	0.22293	0.024479
-340569.0	19793	0.054251	0.22356	0.024742
-340569.0	19794	0.05188	0.22418	0.024996
-340569.0	19803	0.056631	0.22293	0.025565
-340569.0	19775	0.054256	0.22705	0.026082
-340569.0	19776	0.051881	0.22643	0.025859
-340569.0	19806	0.0495	0.2248	0.026318
-340569.0	19807	0.04712	0.22418	0.026074
-340569.0	19779	0.043797	0.22431	0.025048
-340569.0	19780	0.041895	0.22381	0.024845
-340569.0	19783	0.041902	0.2268	0.025992
-340569.0	19784	0.043798	0.2263	0.025812
-340567.0	19841	0.0071303	0.075431	0.025153
-340567.0	19836	0.01332	0.074806	0.025397
-340567.0	19835	0.011422	0.074308	0.025587
-340567.0	19834	0.013313	0.073813	0.025771
-340567.0	19833	0.01521	0.073316	0.025951
-340567.0	19832	0.017103	0.072821	0.026127
-340567.0	19852	0.0019016	0.072809	0.026131
-340567.0	19851	0.0037982	0.073307	0.025955
-340567.0	19840	0.0095141	0.074807	0.025397
-340567.0	19877	0.01187	0.073181	0.027061
-340567.0	19878	0.0095	0.073803	0.026839
-340567.0	19879	0.0071296	0.073181	0.027061
-340567.0	19880	0.0047511	0.072557	0.027276
-340567.0	19881	0.0023793	0.071934	0.027485
-340567.0	19882	0.0018953	0.075799	0.026083
-340567.0	19883	0.0037966	0.0753	0.026278
-340567.0	19886	0.0056992	0.073806	0.026838
-340567.0	19887	0.0037982	0.073307	0.027016
-340567.0	19855	0.0018953	0.075799	0.025006
-340567.0	19856	0.0037966	0.0753	0.025205
-340567.0	19857	0.0056929	0.074802	0.025398
-340567.0	19837	0.015212	0.075302	0.025204
-340567.0	19838	0.017109	0.0758	0.025005
-340567.0	19860	0.0047511	0.072557	0.026219
-340567.0	19861	0.0023794	0.071934	0.026431
-340567.0	19842	0.0047556	0.076052	0.024903
-340567.0	19843	0.0023729	0.076675	0.024645
-340567.0	19846	0.016634	0.076675	0.024645
-340567.0	19847	0.014258	0.076052	0.024903
-340567.0	19848	0.011891	0.075431	0.025153
-340567.0	19849	0.0075949	0.074303	0.025589
-340567.0	19850	0.0056992	0.073806	0.025774
-340567.0	19875	0.016621	0.071934	0.027485
-340567.0	19866	0.01187	0.073181	0.026
-340567.0	19865	0.014249	0.072557	0.026219
-340567.0	19864	0.016621	0.071934	0.026431
-340567.0	19902	0.013313	0.073813	0.026835
-340567.0	19859	0.0071296	0.073181	0.026
-340567.0	19858	0.0095	0.073803	0.025774
-340567.0	19876	0.014249	0.072557	0.027276
-340567.0	19892	0.0095141	0.074807	0.026467
-340567.0	19893	0.0071303	0.075431	0.026227
-340567.0	19894	0.0047557	0.076052	0.025982
-340567.0	19895	0.002373	0.076675	0.025728
-340567.0	19896	0.01332	0.074806	0.026468
-340567.0	19897	0.015212	0.075302	0.026277
-340567.0	19898	0.017109	0.0758	0.026082
-340567.0	19899	0.011422	0.074308	0.026654
-340567.0	19901	0.01521	0.073316	0.027013
-340567.0	19900	0.017103	0.072821	0.027186
-340567.0	19885	0.0075949	0.074303	0.026656
-340567.0	19884	0.0056929	0.074802	0.026469
-340567.0	19888	0.0019016	0.072809	0.02719
-340567.0	19889	0.016634	0.076675	0.025728
-340567.0	19890	0.014258	0.076052	0.025982
-340567.0	19891	0.011891	0.075431	0.026227
-340565.0	19949	0.022379	0.071934	0.027485
-340565.0	19948	0.024751	0.072557	0.027276
-340565.0	19947	0.02713	0.073181	0.027061
-340565.0	19937	0.022379	0.071934	0.026431
-340565.0	19936	0.024751	0.072557	0.026219
-340565.0	19964	0.027595	0.074303	0.026656
-340565.0	19963	0.021902	0.072809	0.02719
-340565.0	19950	0.0295	0.073803	0.026839
-340565.0	19904	0.036634	0.076675	0.024645
-340565.0	19919	0.021902	0.072809	0.026131
-340565.0	19954	0.037103	0.072821	0.027186
-340565.0	19955	0.03521	0.073316	0.027013
-340565.0	19956	0.033313	0.073813	0.026835
-340565.0	19957	0.031422	0.074308	0.026654
-340565.0	19958	0.03332	0.074806	0.026468
-340565.0	19959	0.035212	0.075302	0.026277
-340565.0	19960	0.037109	0.0758	0.026082
-340565.0	19961	0.025699	0.073806	0.026838
-340565.0	19953	0.03187	0.073181	0.027061
-340565.0	19952	0.034249	0.072557	0.027276
-340565.0	19951	0.036621	0.071934	0.027485
-340565.0	19974	0.031891	0.075431	0.026227
-340565.0	19973	0.034258	0.076052	0.025982
-340565.0	19972	0.036634	0.076675	0.025728
-340565.0	19923	0.035212	0.075302	0.025204
-340565.0	19922	0.03332	0.074806	0.025397
-340565.0	19918	0.023798	0.073307	0.025955
-340565.0	19917	0.025699	0.073806	0.025774
-340565.0	19914	0.023797	0.0753	0.025205
-340565.0	19913	0.021895	0.075799	0.025006
-340565.0	19916	0.027595	0.074303	0.025589
-340565.0	19915	0.025693	0.074802	0.025398
-340565.0	19909	0.024756	0.076052	0.024903
-340565.0	19910	0.022373	0.076675	0.024645
-340565.0	19908	0.02713	0.075431	0.025153
-340565.0	19907	0.029514	0.074807	0.025397
-340565.0	19905	0.034258	0.076052	0.024903
-340565.0	19906	0.031891	0.075431	0.025153
-340565.0	19935	0.02713	0.073181	0.026
-340565.0	19934	0.0295	0.073803	0.025774
-340565.0	19933	0.03187	0.073181	0.026
-340565.0	19932	0.034249	0.072557	0.026219
-340565.0	19931	0.036621	0.071934	0.026431
-340565.0	19929	0.033313	0.073813	0.025771
-340565.0	19928	0.03521	0.073316	0.025951
-340565.0	19927	0.037103	0.072821	0.026127
-340565.0	19924	0.037109	0.0758	0.025005
-340565.0	19921	0.031422	0.074308	0.025587
-340565.0	19962	0.023798	0.073307	0.027016
-340565.0	19971	0.029514	0.074807	0.026467
-340565.0	19970	0.022373	0.076675	0.025728
-340565.0	19969	0.024756	0.076052	0.025982
-340565.0	19968	0.02713	0.075431	0.026227
-340565.0	19967	0.025693	0.074802	0.026469
-340565.0	19966	0.023797	0.0753	0.026278
-340565.0	19965	0.021895	0.075799	0.026083
-340563.0	20001	0.053313	0.073813	0.025771
-340563.0	20003	0.056621	0.071934	0.026431
-340563.0	20007	0.04713	0.073181	0.026
-340563.0	20008	0.044751	0.072557	0.026219
-340563.0	20006	0.0495	0.073803	0.025774
-340563.0	20005	0.05187	0.073181	0.026
-340563.0	20004	0.054249	0.072557	0.026219
-340563.0	19990	0.043798	0.073307	0.025955
-340563.0	20009	0.042379	0.071934	0.026431
-340563.0	20038	0.043797	0.0753	0.026278
-340563.0	20037	0.041895	0.075799	0.026083
-340563.0	20036	0.047595	0.074303	0.026656
-340563.0	20035	0.041902	0.072809	0.02719
-340563.0	20034	0.043798	0.073307	0.027016
-340563.0	20033	0.045699	0.073806	0.026838
-340563.0	19978	0.051891	0.075431	0.025153
-340563.0	20039	0.045693	0.074802	0.026469
-340563.0	19976	0.056634	0.076675	0.024645
-340563.0	19977	0.054258	0.076052	0.024903
-340563.0	20032	0.057109	0.0758	0.026082
-340563.0	20028	0.053313	0.073813	0.026835
-340563.0	20029	0.051422	0.074308	0.026654
-340563.0	19981	0.044756	0.076052	0.024903
-340563.0	19980	0.04713	0.075431	0.025153
-340563.0	20045	0.054258	0.076052	0.025982
-340563.0	20030	0.05332	0.074806	0.026468
-340563.0	19999	0.057103	0.072821	0.026127
-340563.0	20027	0.05521	0.073316	0.027013
-340563.0	20025	0.05187	0.073181	0.027061
-340563.0	20026	0.057103	0.072821	0.027186
-340563.0	20023	0.056621	0.071934	0.027485
-340563.0	20024	0.054249	0.072557	0.027276
-340563.0	20044	0.056634	0.076675	0.025728
-340563.0	20040	0.04713	0.075431	0.026227
-340563.0	19996	0.057109	0.0758	0.025005
-340563.0	19995	0.055212	0.075302	0.025204
-340563.0	19994	0.05332	0.074806	0.025397
-340563.0	19993	0.051422	0.074308	0.025587
-340563.0	19991	0.041902	0.072809	0.026131
-340563.0	20041	0.044756	0.076052	0.025982
-340563.0	19989	0.045699	0.073806	0.025774
-340563.0	20021	0.042379	0.071934	0.027485
-340563.0	19988	0.047595	0.074303	0.025589
-340563.0	19987	0.045693	0.074802	0.025398
-340563.0	19982	0.042373	0.076675	0.024645
-340563.0	19979	0.049514	0.074807	0.025397
-340563.0	19986	0.043797	0.0753	0.025205
-340563.0	19985	0.041895	0.075799	0.025006
-340563.0	20000	0.05521	0.073316	0.025951
-340563.0	20042	0.042373	0.076675	0.025728
-340563.0	20043	0.049514	0.074807	0.026467
-340563.0	20046	0.051891	0.075431	0.026227
-340563.0	20020	0.044751	0.072557	0.027276
-340563.0	20019	0.04713	0.073181	0.027061
-340563.0	20022	0.0495	0.073803	0.026839
-340563.0	20031	0.055212	0.075302	0.026277
-340561.0	20067	0.015212	0.1753	0.025204
-340561.0	20114	0.002373	0.17668	0.025728
-340561.0	20117	0.014258	0.17605	0.025982
-340561.0	20115	0.0095141	0.17481	0.026467
-340561.0	20112	0.0071303	0.17543	0.026227
-340561.0	20092	0.0047511	0.17256	0.027276
-340561.0	20097	0.01187	0.17318	0.027061
-340561.0	20093	0.0023793	0.17193	0.027485
-340561.0	20051	0.0095141	0.17481	0.025397
-340561.0	20052	0.0071303	0.17543	0.025153
-340561.0	20066	0.01332	0.17481	0.025397
-340561.0	20054	0.0023729	0.17668	0.024645
-340561.0	20053	0.0047556	0.17605	0.024903
-340561.0	20050	0.011891	0.17543	0.025153
-340561.0	20071	0.017103	0.17282	0.026127
-340561.0	20079	0.0071296	0.17318	0.026
-340561.0	20101	0.011422	0.17431	0.026654
-340561.0	20063	0.0019016	0.17281	0.026131
-340561.0	20100	0.013313	0.17381	0.026835
-340561.0	20099	0.01521	0.17332	0.027013
-340561.0	20102	0.01332	0.17481	0.026468
-340561.0	20103	0.015212	0.1753	0.026277
-340561.0	20118	0.011891	0.17543	0.026227
-340561.0	20098	0.017103	0.17282	0.027186
-340561.0	20108	0.0075949	0.1743	0.026656
-340561.0	20080	0.0047511	0.17256	0.026219
-340561.0	20081	0.0023794	0.17193	0.026431
-340561.0	20060	0.0075949	0.1743	0.025589
-340561.0	20062	0.0037982	0.17331	0.025955
-340561.0	20061	0.0056992	0.17381	0.025774
-340561.0	20068	0.017109	0.1758	0.025005
-340561.0	20059	0.0056929	0.1748	0.025398
-340561.0	20077	0.01187	0.17318	0.026
-340561.0	20076	0.014249	0.17256	0.026219
-340561.0	20075	0.016621	0.17193	0.026431
-340561.0	20073	0.013313	0.17381	0.025771
-340561.0	20072	0.01521	0.17332	0.025951
-340561.0	20058	0.0037966	0.1753	0.025205
-340561.0	20048	0.016634	0.17668	0.024645
-340561.0	20078	0.0095	0.1738	0.025774
-340561.0	20057	0.0018953	0.1758	0.025006
-340561.0	20111	0.0056929	0.1748	0.026469
-340561.0	20109	0.0018953	0.1758	0.026083
-340561.0	20104	0.017109	0.1758	0.026082
-340561.0	20107	0.0019016	0.17281	0.02719
-340561.0	20110	0.0037966	0.1753	0.026278
-340561.0	20105	0.0056992	0.17381	0.026838
-340561.0	20106	0.0037982	0.17331	0.027016
-340561.0	20049	0.014258	0.17605	0.024903
-340561.0	20095	0.016621	0.17193	0.027485
-340561.0	20091	0.0071296	0.17318	0.027061
-340561.0	20116	0.016634	0.17668	0.025728
-340561.0	20113	0.0047557	0.17605	0.025982
-340561.0	20094	0.0095	0.1738	0.026839
-340561.0	20065	0.011422	0.17431	0.025587
-340561.0	20096	0.014249	0.17256	0.027276
-340559.0	20143	0.037103	0.17282	0.026127
-340559.0	20139	0.035212	0.1753	0.025204
-340559.0	20140	0.037109	0.1758	0.025005
-340559.0	20121	0.034258	0.17605	0.024903
-340559.0	20122	0.031891	0.17543	0.025153
-340559.0	20120	0.036634	0.17668	0.024645
-340559.0	20123	0.029514	0.17481	0.025397
-340559.0	20135	0.021902	0.17281	0.026131
-340559.0	20153	0.022379	0.17193	0.026431
-340559.0	20163	0.02713	0.17318	0.027061
-340559.0	20131	0.025693	0.1748	0.025398
-340559.0	20126	0.022373	0.17668	0.024645
-340559.0	20132	0.027595	0.1743	0.025589
-340559.0	20124	0.02713	0.17543	0.025153
-340559.0	20129	0.021895	0.1758	0.025006
-340559.0	20130	0.023797	0.1753	0.025205
-340559.0	20150	0.0295	0.1738	0.025774
-340559.0	20149	0.03187	0.17318	0.026
-340559.0	20125	0.024756	0.17605	0.024903
-340559.0	20169	0.03187	0.17318	0.027061
-340559.0	20170	0.037103	0.17282	0.027186
-340559.0	20145	0.033313	0.17381	0.025771
-340559.0	20147	0.036621	0.17193	0.026431
-340559.0	20148	0.034249	0.17256	0.026219
-340559.0	20168	0.034249	0.17256	0.027276
-340559.0	20171	0.03521	0.17332	0.027013
-340559.0	20180	0.027595	0.1743	0.026656
-340559.0	20152	0.024751	0.17256	0.026219
-340559.0	20164	0.024751	0.17256	0.027276
-340559.0	20165	0.022379	0.17193	0.027485
-340559.0	20166	0.0295	0.1738	0.026839
-340559.0	20167	0.036621	0.17193	0.027485
-340559.0	20177	0.025699	0.17381	0.026838
-340559.0	20134	0.023798	0.17331	0.025955
-340559.0	20133	0.025699	0.17381	0.025774
-340559.0	20176	0.037109	0.1758	0.026082
-340559.0	20190	0.031891	0.17543	0.026227
-340559.0	20137	0.031422	0.17431	0.025587
-340559.0	20172	0.033313	0.17381	0.026835
-340559.0	20138	0.03332	0.17481	0.025397
-340559.0	20179	0.021902	0.17281	0.02719
-340559.0	20178	0.023798	0.17331	0.027016
-340559.0	20175	0.035212	0.1753	0.026277
-340559.0	20174	0.03332	0.17481	0.026468
-340559.0	20173	0.031422	0.17431	0.026654
-340559.0	20144	0.03521	0.17332	0.025951
-340559.0	20185	0.024756	0.17605	0.025982
-340559.0	20186	0.022373	0.17668	0.025728
-340559.0	20182	0.023797	0.1753	0.026278
-340559.0	20187	0.029514	0.17481	0.026467
-340559.0	20184	0.02713	0.17543	0.026227
-340559.0	20183	0.025693	0.1748	0.026469
-340559.0	20181	0.021895	0.1758	0.026083
-340559.0	20151	0.02713	0.17318	0.026
-340559.0	20189	0.034258	0.17605	0.025982
-340559.0	20188	0.036634	0.17668	0.025728
-340557.0	20212	0.057109	0.1758	0.025005
-340557.0	20211	0.055212	0.1753	0.025204
-340557.0	20210	0.05332	0.17481	0.025397
-340557.0	20209	0.051422	0.17431	0.025587
-340557.0	20207	0.041902	0.17281	0.026131
-340557.0	20238	0.0495	0.1738	0.026839
-340557.0	20237	0.042379	0.17193	0.027485
-340557.0	20252	0.047595	0.1743	0.026656
-340557.0	20251	0.041902	0.17281	0.02719
-340557.0	20261	0.054258	0.17605	0.025982
-340557.0	20260	0.056634	0.17668	0.025728
-340557.0	20259	0.049514	0.17481	0.026467
-340557.0	20258	0.042373	0.17668	0.025728
-340557.0	20257	0.044756	0.17605	0.025982
-340557.0	20256	0.04713	0.17543	0.026227
-340557.0	20255	0.045693	0.1748	0.026469
-340557.0	20262	0.051891	0.17543	0.026227
-340557.0	20196	0.04713	0.17543	0.025153
-340557.0	20195	0.049514	0.17481	0.025397
-340557.0	20192	0.056634	0.17668	0.024645
-340557.0	20239	0.056621	0.17193	0.027485
-340557.0	20206	0.043798	0.17331	0.025955
-340557.0	20205	0.045699	0.17381	0.025774
-340557.0	20204	0.047595	0.1743	0.025589
-340557.0	20215	0.057103	0.17282	0.026127
-340557.0	20254	0.043797	0.1753	0.026278
-340557.0	20253	0.041895	0.1758	0.026083
-340557.0	20222	0.0495	0.1738	0.025774
-340557.0	20221	0.05187	0.17318	0.026
-340557.0	20250	0.043798	0.17331	0.027016
-340557.0	20249	0.045699	0.17381	0.026838
-340557.0	20248	0.057109	0.1758	0.026082
-340557.0	20247	0.055212	0.1753	0.026277
-340557.0	20246	0.05332	0.17481	0.026468
-340557.0	20245	0.051422	0.17431	0.026654
-340557.0	20244	0.053313	0.17381	0.026835
-340557.0	20243	0.05521	0.17332	0.027013
-340557.0	20242	0.057103	0.17282	0.027186
-340557.0	20241	0.05187	0.17318	0.027061
-340557.0	20240	0.054249	0.17256	0.027276
-340557.0	20236	0.044751	0.17256	0.027276
-340557.0	20235	0.04713	0.17318	0.027061
-340557.0	20225	0.042379	0.17193	0.026431
-340557.0	20203	0.045693	0.1748	0.025398
-340557.0	20202	0.043797	0.1753	0.025205
-340557.0	20201	0.041895	0.1758	0.025006
-340557.0	20198	0.042373	0.17668	0.024645
-340557.0	20197	0.044756	0.17605	0.024903
-340557.0	20224	0.044751	0.17256	0.026219
-340557.0	20223	0.04713	0.17318	0.026
-340557.0	20194	0.051891	0.17543	0.025153
-340557.0	20193	0.054258	0.17605	0.024903
-340557.0	20220	0.054249	0.17256	0.026219
-340557.0	20219	0.056621	0.17193	0.026431
-340557.0	20217	0.053313	0.17381	0.025771
-340557.0	20216	0.05521	0.17332	0.025951
-340555.0	20296	0.017103	0.27282	0.026127
-340555.0	20309	0.015212	0.2753	0.026277
-340555.0	20320	0.0037982	0.27331	0.027016
-340555.0	20319	0.0056992	0.27381	0.026838
-340555.0	20322	0.0075949	0.2743	0.026656
-340555.0	20323	0.0018953	0.2758	0.026083
-340555.0	20324	0.0037966	0.2753	0.026278
-340555.0	20321	0.0019016	0.27281	0.02719
-340555.0	20325	0.0056929	0.2748	0.026469
-340555.0	20327	0.0071296	0.27318	0.027061
-340555.0	20329	0.0023793	0.27193	0.027485
-340555.0	20328	0.0047511	0.27256	0.027276
-340555.0	20330	0.0095	0.2738	0.026839
-340555.0	20291	0.011422	0.27431	0.025587
-340555.0	20292	0.01332	0.27481	0.025397
-340555.0	20333	0.01187	0.27318	0.027061
-340555.0	20310	0.017109	0.2758	0.026082
-340555.0	20271	0.0071296	0.27318	0.026
-340555.0	20311	0.0071303	0.27543	0.026227
-340555.0	20312	0.0047557	0.27605	0.025982
-340555.0	20317	0.014258	0.27605	0.025982
-340555.0	20316	0.016634	0.27668	0.025728
-340555.0	20315	0.0095141	0.27481	0.026467
-340555.0	20313	0.002373	0.27668	0.025728
-340555.0	20318	0.011891	0.27543	0.026227
-340555.0	20297	0.01521	0.27332	0.025951
-340555.0	20298	0.013313	0.27381	0.025771
-340555.0	20303	0.017103	0.27282	0.027186
-340555.0	20304	0.01521	0.27332	0.027013
-340555.0	20305	0.013313	0.27381	0.026835
-340555.0	20307	0.011422	0.27431	0.026654
-340555.0	20308	0.01332	0.27481	0.026468
-340555.0	20290	0.0023729	0.27668	0.024645
-340555.0	20272	0.0047511	0.27256	0.026219
-340555.0	20293	0.015212	0.2753	0.025204
-340555.0	20294	0.017109	0.2758	0.025005
-340555.0	20276	0.0037966	0.2753	0.025205
-340555.0	20277	0.0056929	0.2748	0.025398
-340555.0	20278	0.0075949	0.2743	0.025589
-340555.0	20279	0.0056992	0.27381	0.025774
-340555.0	20280	0.0037982	0.27331	0.025955
-340555.0	20270	0.0095	0.2738	0.025774
-340555.0	20273	0.0023794	0.27193	0.026431
-340555.0	20268	0.014249	0.27256	0.026219
-340555.0	20275	0.0018953	0.2758	0.025006
-340555.0	20267	0.016621	0.27193	0.026431
-340555.0	20269	0.01187	0.27318	0.026
-340555.0	20332	0.014249	0.27256	0.027276
-340555.0	20331	0.016621	0.27193	0.027485
-340555.0	20281	0.0019016	0.27281	0.026131
-340555.0	20284	0.016634	0.27668	0.024645
-340555.0	20285	0.014258	0.27605	0.024903
-340555.0	20286	0.011891	0.27543	0.025153
-340555.0	20287	0.0095141	0.27481	0.025397
-340555.0	20288	0.0071303	0.27543	0.025153
-340555.0	20289	0.0047556	0.27605	0.024903
-340553.0	20342	0.022373	0.27668	0.024645
-340553.0	20355	0.035212	0.2753	0.025204
-340553.0	20354	0.03332	0.27481	0.025397
-340553.0	20350	0.023798	0.27331	0.025955
-340553.0	20347	0.025693	0.2748	0.025398
-340553.0	20346	0.023797	0.2753	0.025205
-340553.0	20349	0.025699	0.27381	0.025774
-340553.0	20348	0.027595	0.2743	0.025589
-340553.0	20361	0.033313	0.27381	0.025771
-340553.0	20363	0.036621	0.27193	0.026431
-340553.0	20364	0.034249	0.27256	0.026219
-340553.0	20365	0.03187	0.27318	0.026
-340553.0	20366	0.0295	0.2738	0.025774
-340553.0	20379	0.02713	0.27318	0.027061
-340553.0	20360	0.03521	0.27332	0.025951
-340553.0	20359	0.037103	0.27282	0.026127
-340553.0	20403	0.029514	0.27481	0.026467
-340553.0	20402	0.022373	0.27668	0.025728
-340553.0	20356	0.037109	0.2758	0.025005
-340553.0	20369	0.022379	0.27193	0.026431
-340553.0	20368	0.024751	0.27256	0.026219
-340553.0	20367	0.02713	0.27318	0.026
-340553.0	20405	0.034258	0.27605	0.025982
-340553.0	20337	0.034258	0.27605	0.024903
-340553.0	20336	0.036634	0.27668	0.024645
-340553.0	20389	0.031422	0.27431	0.026654
-340553.0	20339	0.029514	0.27481	0.025397
-340553.0	20338	0.031891	0.27543	0.025153
-340553.0	20340	0.02713	0.27543	0.025153
-340553.0	20341	0.024756	0.27605	0.024903
-340553.0	20345	0.021895	0.2758	0.025006
-340553.0	20388	0.033313	0.27381	0.026835
-340553.0	20351	0.021902	0.27281	0.026131
-340553.0	20353	0.031422	0.27431	0.025587
-340553.0	20387	0.03521	0.27332	0.027013
-340553.0	20386	0.037103	0.27282	0.027186
-340553.0	20383	0.036621	0.27193	0.027485
-340553.0	20382	0.0295	0.2738	0.026839
-340553.0	20385	0.03187	0.27318	0.027061
-340553.0	20384	0.034249	0.27256	0.027276
-340553.0	20394	0.023798	0.27331	0.027016
-340553.0	20395	0.021902	0.27281	0.02719
-340553.0	20398	0.023797	0.2753	0.026278
-340553.0	20399	0.025693	0.2748	0.026469
-340553.0	20400	0.02713	0.27543	0.026227
-340553.0	20401	0.024756	0.27605	0.025982
-340553.0	20393	0.025699	0.27381	0.026838
-340553.0	20392	0.037109	0.2758	0.026082
-340553.0	20391	0.035212	0.2753	0.026277
-340553.0	20390	0.03332	0.27481	0.026468
-340553.0	20404	0.036634	0.27668	0.025728
-340553.0	20396	0.027595	0.2743	0.026656
-340553.0	20397	0.021895	0.2758	0.026083
-340553.0	20406	0.031891	0.27543	0.026227
-340553.0	20381	0.022379	0.27193	0.027485
-340553.0	20380	0.024751	0.27256	0.027276
-340551.0	20467	0.041902	0.27281	0.02719
-340551.0	20474	0.042373	0.27668	0.025728
-340551.0	20476	0.056634	0.27668	0.025728
-340551.0	20475	0.049514	0.27481	0.026467
-340551.0	20472	0.04713	0.27543	0.026227
-340551.0	20478	0.051891	0.27543	0.026227
-340551.0	20471	0.045693	0.2748	0.026469
-340551.0	20477	0.054258	0.27605	0.025982
-340551.0	20469	0.041895	0.2758	0.026083
-340551.0	20454	0.0495	0.2738	0.026839
-340551.0	20425	0.051422	0.27431	0.025587
-340551.0	20473	0.044756	0.27605	0.025982
-340551.0	20470	0.043797	0.2753	0.026278
-340551.0	20468	0.047595	0.2743	0.026656
-340551.0	20453	0.042379	0.27193	0.027485
-340551.0	20466	0.043798	0.27331	0.027016
-340551.0	20419	0.045693	0.2748	0.025398
-340551.0	20420	0.047595	0.2743	0.025589
-340551.0	20421	0.045699	0.27381	0.025774
-340551.0	20422	0.043798	0.27331	0.025955
-340551.0	20423	0.041902	0.27281	0.026131
-340551.0	20411	0.049514	0.27481	0.025397
-340551.0	20412	0.04713	0.27543	0.025153
-340551.0	20417	0.041895	0.2758	0.025006
-340551.0	20409	0.054258	0.27605	0.024903
-340551.0	20408	0.056634	0.27668	0.024645
-340551.0	20437	0.05187	0.27318	0.026
-340551.0	20436	0.054249	0.27256	0.026219
-340551.0	20435	0.056621	0.27193	0.026431
-340551.0	20433	0.053313	0.27381	0.025771
-340551.0	20410	0.051891	0.27543	0.025153
-340551.0	20418	0.043797	0.2753	0.025205
-340551.0	20431	0.057103	0.27282	0.026127
-340551.0	20432	0.05521	0.27332	0.025951
-340551.0	20428	0.057109	0.2758	0.025005
-340551.0	20427	0.055212	0.2753	0.025204
-340551.0	20426	0.05332	0.27481	0.025397
-340551.0	20462	0.05332	0.27481	0.026468
-340551.0	20461	0.051422	0.27431	0.026654
-340551.0	20460	0.053313	0.27381	0.026835
-340551.0	20459	0.05521	0.27332	0.027013
-340551.0	20458	0.057103	0.27282	0.027186
-340551.0	20457	0.05187	0.27318	0.027061
-340551.0	20456	0.054249	0.27256	0.027276
-340551.0	20455	0.056621	0.27193	0.027485
-340551.0	20414	0.042373	0.27668	0.024645
-340551.0	20413	0.044756	0.27605	0.024903
-340551.0	20452	0.044751	0.27256	0.027276
-340551.0	20451	0.04713	0.27318	0.027061
-340551.0	20441	0.042379	0.27193	0.026431
-340551.0	20440	0.044751	0.27256	0.026219
-340551.0	20439	0.04713	0.27318	0.026
-340551.0	20438	0.0495	0.2738	0.025774
-340551.0	20465	0.045699	0.27381	0.026838
-340551.0	20464	0.057109	0.2758	0.026082
-340551.0	20463	0.055212	0.2753	0.026277
-340549.0	20480	0.017108	0.03082	0.027291
-340549.0	20494	0.016626	0.034673	0.028286
-340549.0	20483	0.011422	0.032308	0.027703
-340549.0	20484	0.013314	0.032804	0.027833
-340549.0	20482	0.013319	0.031811	0.02757
-340549.0	20481	0.015212	0.031316	0.027432
-340549.0	20506	0.0095	0.031803	0.027567
-340549.0	20505	0.0056982	0.032801	0.027832
-340549.0	20524	0.014251	0.030556	0.028256
-340549.0	20523	0.016629	0.029932	0.028072
-340549.0	20500	0.0018964	0.030808	0.027287
-340549.0	20499	0.0037969	0.031306	0.02743
-340549.0	20498	0.0056939	0.031804	0.027568
-340549.0	20497	0.0075949	0.032303	0.027702
-340549.0	20496	0.011882	0.033428	0.027991
-340549.0	20495	0.014256	0.034051	0.028142
-340549.0	20509	0.0023711	0.029932	0.027027
-340549.0	20508	0.0047491	0.030556	0.027214
-340549.0	20507	0.0071214	0.031179	0.027394
-340549.0	20526	0.0095	0.031803	0.028604
-340549.0	20525	0.011879	0.031179	0.028432
-340549.0	20514	0.011879	0.031179	0.027394
-340549.0	20513	0.014251	0.030556	0.027214
-340549.0	20512	0.016629	0.029932	0.027027
-340549.0	20533	0.0075949	0.032303	0.028736
-340549.0	20534	0.005694	0.031804	0.028604
-340549.0	20531	0.0037979	0.0333	0.028989
-340549.0	20532	0.0056982	0.032801	0.028864
-340549.0	20527	0.0071214	0.031179	0.028432
-340549.0	20528	0.0047491	0.030556	0.028256
-340549.0	20529	0.0023712	0.029932	0.028072
-340549.0	20530	0.0019007	0.033798	0.029109
-340549.0	20542	0.0047577	0.034051	0.029169
-340549.0	20541	0.0071386	0.033428	0.02902
-340549.0	20539	0.011882	0.033428	0.02902
-340549.0	20540	0.0095141	0.032807	0.028866
-340549.0	20538	0.014256	0.034051	0.029169
-340549.0	20537	0.016626	0.034673	0.029312
-340549.0	20535	0.0037969	0.031306	0.028468
-340549.0	20536	0.0018964	0.030808	0.028328
-340549.0	20543	0.0023814	0.034673	0.029312
-340549.0	20545	0.015211	0.033302	0.028989
-340549.0	20489	0.0071386	0.033428	0.027991
-340549.0	20488	0.0095141	0.032807	0.027834
-340549.0	20486	0.017104	0.033799	0.028081
-340549.0	20485	0.015211	0.033302	0.027959
-340549.0	20504	0.0037979	0.0333	0.027959
-340549.0	20503	0.0019007	0.033798	0.028081
-340549.0	20490	0.0047578	0.034051	0.028142
-340549.0	20491	0.0023814	0.034673	0.028286
-340549.0	20548	0.017108	0.03082	0.028331
-340549.0	20549	0.015212	0.031316	0.028471
-340549.0	20547	0.011422	0.032308	0.028737
-340549.0	20546	0.017104	0.033799	0.02911
-340549.0	20550	0.013319	0.031811	0.028606
-340549.0	20544	0.013314	0.032804	0.028865
-340547.0	20609	0.025694	0.031804	0.028604
-340547.0	20610	0.023797	0.031306	0.028468
-340547.0	20572	0.037104	0.033799	0.028081
-340547.0	20571	0.035211	0.033302	0.027959
-340547.0	20585	0.022371	0.029932	0.027027
-340547.0	20584	0.024749	0.030556	0.027214
-340547.0	20614	0.023798	0.0333	0.028989
-340547.0	20613	0.021901	0.033798	0.029109
-340547.0	20617	0.024758	0.034051	0.029169
-340547.0	20618	0.022381	0.034673	0.029312
-340547.0	20619	0.029514	0.032807	0.028866
-340547.0	20620	0.036626	0.034673	0.029312
-340547.0	20621	0.034256	0.034051	0.029169
-340547.0	20622	0.031882	0.033428	0.02902
-340547.0	20576	0.035212	0.031316	0.027432
-340547.0	20577	0.033319	0.031811	0.02757
-340547.0	20579	0.036629	0.029932	0.027027
-340547.0	20582	0.0295	0.031803	0.027567
-340547.0	20583	0.027121	0.031179	0.027394
-340547.0	20561	0.021901	0.033798	0.028081
-340547.0	20562	0.023798	0.0333	0.027959
-340547.0	20563	0.025698	0.032801	0.027832
-340547.0	20564	0.027595	0.032303	0.027702
-340547.0	20565	0.025694	0.031804	0.027568
-340547.0	20566	0.023797	0.031306	0.02743
-340547.0	20567	0.021896	0.030808	0.027287
-340547.0	20580	0.034251	0.030556	0.027214
-340547.0	20581	0.031879	0.031179	0.027394
-340547.0	20608	0.037104	0.033799	0.02911
-340547.0	20607	0.035211	0.033302	0.028989
-340547.0	20596	0.024749	0.030556	0.028256
-340547.0	20597	0.022371	0.029932	0.028072
-340547.0	20595	0.027121	0.031179	0.028432
-340547.0	20569	0.031422	0.032308	0.027703
-340547.0	20570	0.033314	0.032804	0.027833
-340547.0	20575	0.037108	0.03082	0.027291
-340547.0	20616	0.027139	0.033428	0.02902
-340547.0	20615	0.025698	0.032801	0.028864
-340547.0	20612	0.027595	0.032303	0.028736
-340547.0	20611	0.021896	0.030808	0.028328
-340547.0	20604	0.033319	0.031811	0.028606
-340547.0	20605	0.031422	0.032308	0.028737
-340547.0	20599	0.036629	0.029932	0.028072
-340547.0	20598	0.0295	0.031803	0.028604
-340547.0	20552	0.036626	0.034673	0.028286
-340547.0	20555	0.029514	0.032807	0.027834
-340547.0	20554	0.031882	0.033428	0.027991
-340547.0	20553	0.034256	0.034051	0.028142
-340547.0	20557	0.024758	0.034051	0.028142
-340547.0	20606	0.033314	0.032804	0.028865
-340547.0	20558	0.022381	0.034673	0.028286
-340547.0	20556	0.027139	0.033428	0.027991
-340547.0	20601	0.031879	0.031179	0.028432
-340547.0	20600	0.034251	0.030556	0.028256
-340547.0	20602	0.037108	0.03082	0.028331
-340547.0	20603	0.035212	0.031316	0.028471
-340545.0	20686	0.043798	0.0333	0.028989
-340545.0	20624	0.056626	0.034673	0.028286
-340545.0	20625	0.054256	0.034051	0.028142
-340545.0	20626	0.051882	0.033428	0.027991
-340545.0	20627	0.049514	0.032807	0.027834
-340545.0	20628	0.047139	0.033428	0.027991
-340545.0	20629	0.044758	0.034051	0.028142
-340545.0	20634	0.043798	0.0333	0.027959
-340545.0	20635	0.045698	0.032801	0.027832
-340545.0	20671	0.056629	0.029932	0.028072
-340545.0	20672	0.054251	0.030556	0.028256
-340545.0	20673	0.051879	0.031179	0.028432
-340545.0	20677	0.051422	0.032308	0.028737
-340545.0	20678	0.053314	0.032804	0.028865
-340545.0	20655	0.047121	0.031179	0.027394
-340545.0	20676	0.053319	0.031811	0.028606
-340545.0	20636	0.047595	0.032303	0.027702
-340545.0	20637	0.045694	0.031804	0.027568
-340545.0	20683	0.041896	0.030808	0.028328
-340545.0	20684	0.047595	0.032303	0.028736
-340545.0	20679	0.055211	0.033302	0.028989
-340545.0	20680	0.057104	0.033799	0.02911
-340545.0	20682	0.043797	0.031306	0.028468
-340545.0	20681	0.045694	0.031804	0.028604
-340545.0	20652	0.054251	0.030556	0.027214
-340545.0	20647	0.057108	0.03082	0.027291
-340545.0	20690	0.042381	0.034673	0.029312
-340545.0	20651	0.056629	0.029932	0.027027
-340545.0	20644	0.057104	0.033799	0.028081
-340545.0	20643	0.055211	0.033302	0.027959
-340545.0	20642	0.053314	0.032804	0.027833
-340545.0	20641	0.051422	0.032308	0.027703
-340545.0	20639	0.041896	0.030808	0.027287
-340545.0	20669	0.042371	0.029932	0.028072
-340545.0	20667	0.047121	0.031179	0.028432
-340545.0	20657	0.042371	0.029932	0.027027
-340545.0	20693	0.054256	0.034051	0.029169
-340545.0	20692	0.056626	0.034673	0.029312
-340545.0	20689	0.044758	0.034051	0.029169
-340545.0	20688	0.047139	0.033428	0.02902
-340545.0	20649	0.053319	0.031811	0.02757
-340545.0	20687	0.045698	0.032801	0.028864
-340545.0	20670	0.0495	0.031803	0.028604
-340545.0	20638	0.043797	0.031306	0.02743
-340545.0	20656	0.044749	0.030556	0.027214
-340545.0	20685	0.041901	0.033798	0.029109
-340545.0	20675	0.055212	0.031316	0.028471
-340545.0	20674	0.057108	0.03082	0.028331
-340545.0	20630	0.042381	0.034673	0.028286
-340545.0	20633	0.041901	0.033798	0.028081
-340545.0	20648	0.055212	0.031316	0.027432
-340545.0	20694	0.051882	0.033428	0.02902
-340545.0	20654	0.0495	0.031803	0.027567
-340545.0	20668	0.044749	0.030556	0.028256
-340545.0	20653	0.051879	0.031179	0.027394
-340545.0	20691	0.049514	0.032807	0.028866
-340543.0	20750	0.013314	0.1328	0.028865
-340543.0	20749	0.011422	0.13231	0.028737
-340543.0	20728	0.0047491	0.13056	0.027214
-340543.0	20729	0.0023711	0.12993	0.027027
-340543.0	20719	0.017108	0.13082	0.027291
-340543.0	20720	0.015212	0.13132	0.027432
-340543.0	20721	0.013319	0.13181	0.02757
-340543.0	20727	0.0071214	0.13118	0.027394
-340543.0	20741	0.0023712	0.12993	0.028072
-340543.0	20746	0.017108	0.13082	0.028331
-340543.0	20739	0.0071214	0.13118	0.028432
-340543.0	20745	0.011879	0.13118	0.028432
-340543.0	20760	0.0071386	0.13343	0.02902
-340543.0	20740	0.0047491	0.13056	0.028256
-340543.0	20707	0.0056982	0.1328	0.027832
-340543.0	20723	0.016629	0.12993	0.027027
-340543.0	20724	0.014251	0.13056	0.027214
-340543.0	20710	0.0037969	0.13131	0.02743
-340543.0	20711	0.0018964	0.13081	0.027287
-340543.0	20747	0.015212	0.13132	0.028471
-340543.0	20748	0.013319	0.13181	0.028606
-340543.0	20715	0.015211	0.1333	0.027959
-340543.0	20716	0.017104	0.1338	0.028081
-340543.0	20742	0.0095	0.1318	0.028604
-340543.0	20744	0.014251	0.13056	0.028256
-340543.0	20743	0.016629	0.12993	0.028072
-340543.0	20706	0.0037979	0.1333	0.027959
-340543.0	20705	0.0019007	0.1338	0.028081
-340543.0	20726	0.0095	0.1318	0.027567
-340543.0	20725	0.011879	0.13118	0.027394
-340543.0	20755	0.0018964	0.13081	0.028328
-340543.0	20754	0.0037969	0.13131	0.028468
-340543.0	20759	0.0056982	0.1328	0.028864
-340543.0	20758	0.0037979	0.1333	0.028989
-340543.0	20757	0.0019007	0.1338	0.029109
-340543.0	20756	0.0075949	0.1323	0.028736
-340543.0	20709	0.0056939	0.1318	0.027568
-340543.0	20713	0.011422	0.13231	0.027703
-340543.0	20708	0.0075949	0.1323	0.027702
-340543.0	20714	0.013314	0.1328	0.027833
-340543.0	20698	0.011882	0.13343	0.027991
-340543.0	20697	0.014256	0.13405	0.028142
-340543.0	20696	0.016626	0.13467	0.028286
-340543.0	20762	0.0023814	0.13467	0.029312
-340543.0	20765	0.014256	0.13405	0.029169
-340543.0	20764	0.016626	0.13467	0.029312
-340543.0	20763	0.0095141	0.13281	0.028866
-340543.0	20702	0.0023814	0.13467	0.028286
-340543.0	20766	0.011882	0.13343	0.02902
-340543.0	20761	0.0047577	0.13405	0.029169
-340543.0	20752	0.017104	0.1338	0.02911
-340543.0	20753	0.005694	0.1318	0.028604
-340543.0	20700	0.0071386	0.13343	0.027991
-340543.0	20699	0.0095141	0.13281	0.027834
-340543.0	20701	0.0047577	0.13405	0.028142
-340543.0	20751	0.015211	0.1333	0.028989
-340541.0	20801	0.022371	0.12993	0.027027
-340541.0	20798	0.0295	0.1318	0.027567
-340541.0	20797	0.031879	0.13118	0.027394
-340541.0	20788	0.037104	0.1338	0.028081
-340541.0	20786	0.033314	0.1328	0.027833
-340541.0	20787	0.035211	0.1333	0.027959
-340541.0	20785	0.031422	0.13231	0.027703
-340541.0	20783	0.021896	0.13081	0.027287
-340541.0	20822	0.033314	0.1328	0.028865
-340541.0	20814	0.0295	0.1318	0.028604
-340541.0	20791	0.037108	0.13082	0.027291
-340541.0	20811	0.027121	0.13118	0.028432
-340541.0	20795	0.036629	0.12993	0.027027
-340541.0	20796	0.034251	0.13056	0.027214
-340541.0	20799	0.027121	0.13118	0.027394
-340541.0	20782	0.023797	0.13131	0.02743
-340541.0	20819	0.035212	0.13132	0.028471
-340541.0	20838	0.031882	0.13343	0.02902
-340541.0	20781	0.025694	0.1318	0.027568
-340541.0	20820	0.033319	0.13181	0.028606
-340541.0	20828	0.027595	0.1323	0.028736
-340541.0	20825	0.025694	0.1318	0.028604
-340541.0	20826	0.023797	0.13131	0.028468
-340541.0	20827	0.021896	0.13081	0.028328
-340541.0	20837	0.034256	0.13405	0.029169
-340541.0	20836	0.036626	0.13467	0.029312
-340541.0	20835	0.029514	0.13281	0.028866
-340541.0	20834	0.022381	0.13467	0.029312
-340541.0	20833	0.024758	0.13405	0.029169
-340541.0	20832	0.027139	0.13343	0.02902
-340541.0	20831	0.025698	0.1328	0.028864
-340541.0	20780	0.027595	0.1323	0.027702
-340541.0	20779	0.025698	0.1328	0.027832
-340541.0	20829	0.021901	0.1338	0.029109
-340541.0	20830	0.023798	0.1333	0.028989
-340541.0	20778	0.023798	0.1333	0.027959
-340541.0	20777	0.021901	0.1338	0.028081
-340541.0	20772	0.027139	0.13343	0.027991
-340541.0	20773	0.024758	0.13405	0.028142
-340541.0	20770	0.031882	0.13343	0.027991
-340541.0	20771	0.029514	0.13281	0.027834
-340541.0	20824	0.037104	0.1338	0.02911
-340541.0	20774	0.022381	0.13467	0.028286
-340541.0	20800	0.024749	0.13056	0.027214
-340541.0	20793	0.033319	0.13181	0.02757
-340541.0	20792	0.035212	0.13132	0.027432
-340541.0	20768	0.036626	0.13467	0.028286
-340541.0	20769	0.034256	0.13405	0.028142
-340541.0	20812	0.024749	0.13056	0.028256
-340541.0	20813	0.022371	0.12993	0.028072
-340541.0	20815	0.036629	0.12993	0.028072
-340541.0	20816	0.034251	0.13056	0.028256
-340541.0	20817	0.031879	0.13118	0.028432
-340541.0	20818	0.037108	0.13082	0.028331
-340541.0	20821	0.031422	0.13231	0.028737
-340541.0	20823	0.035211	0.1333	0.028989
-340539.0	20904	0.047139	0.13343	0.02902
-340539.0	20903	0.045698	0.1328	0.028864
-340539.0	20902	0.043798	0.1333	0.028989
-340539.0	20896	0.057104	0.1338	0.02911
-340539.0	20898	0.043797	0.13131	0.028468
-340539.0	20840	0.056626	0.13467	0.028286
-340539.0	20906	0.042381	0.13467	0.029312
-340539.0	20905	0.044758	0.13405	0.029169
-340539.0	20869	0.051879	0.13118	0.027394
-340539.0	20855	0.041896	0.13081	0.027287
-340539.0	20854	0.043797	0.13131	0.02743
-340539.0	20853	0.045694	0.1318	0.027568
-340539.0	20873	0.042371	0.12993	0.027027
-340539.0	20871	0.047121	0.13118	0.027394
-340539.0	20870	0.0495	0.1318	0.027567
-340539.0	20868	0.054251	0.13056	0.027214
-340539.0	20849	0.041901	0.1338	0.028081
-340539.0	20867	0.056629	0.12993	0.027027
-340539.0	20864	0.055212	0.13132	0.027432
-340539.0	20863	0.057108	0.13082	0.027291
-340539.0	20908	0.056626	0.13467	0.029312
-340539.0	20907	0.049514	0.13281	0.028866
-340539.0	20872	0.044749	0.13056	0.027214
-340539.0	20909	0.054256	0.13405	0.029169
-340539.0	20892	0.053319	0.13181	0.028606
-340539.0	20893	0.051422	0.13231	0.028737
-340539.0	20883	0.047121	0.13118	0.028432
-340539.0	20844	0.047139	0.13343	0.027991
-340539.0	20889	0.051879	0.13118	0.028432
-340539.0	20895	0.055211	0.1333	0.028989
-340539.0	20897	0.045694	0.1318	0.028604
-340539.0	20865	0.053319	0.13181	0.02757
-340539.0	20887	0.056629	0.12993	0.028072
-340539.0	20899	0.041896	0.13081	0.028328
-340539.0	20894	0.053314	0.1328	0.028865
-340539.0	20886	0.0495	0.1318	0.028604
-340539.0	20900	0.047595	0.1323	0.028736
-340539.0	20910	0.051882	0.13343	0.02902
-340539.0	20842	0.051882	0.13343	0.027991
-340539.0	20857	0.051422	0.13231	0.027703
-340539.0	20852	0.047595	0.1323	0.027702
-340539.0	20851	0.045698	0.1328	0.027832
-340539.0	20860	0.057104	0.1338	0.028081
-340539.0	20901	0.041901	0.1338	0.029109
-340539.0	20891	0.055212	0.13132	0.028471
-340539.0	20885	0.042371	0.12993	0.028072
-340539.0	20890	0.057108	0.13082	0.028331
-340539.0	20843	0.049514	0.13281	0.027834
-340539.0	20888	0.054251	0.13056	0.028256
-340539.0	20846	0.042381	0.13467	0.028286
-340539.0	20845	0.044758	0.13405	0.028142
-340539.0	20884	0.044749	0.13056	0.028256
-340539.0	20841	0.054256	0.13405	0.028142
-340539.0	20858	0.053314	0.1328	0.027833
-340539.0	20850	0.043798	0.1333	0.027959
-340539.0	20859	0.055211	0.1333	0.027959
-340537.0	20945	0.0047491	0.23056	0.027214
-340537.0	20944	0.0071214	0.23118	0.027394
-340537.0	20963	0.013314	0.2328	0.028865
-340537.0	20946	0.0023711	0.22993	0.027027
-340537.0	20962	0.011422	0.23231	0.028737
-340537.0	20975	0.0018964	0.23081	0.028328
-340537.0	20976	0.0075949	0.2323	0.028736
-340537.0	20977	0.0019007	0.2338	0.029109
-340537.0	20980	0.016629	0.22993	0.028072
-340537.0	20974	0.0037969	0.23131	0.028468
-340537.0	20973	0.005694	0.2318	0.028604
-340537.0	20972	0.011882	0.23343	0.02902
-340537.0	20971	0.014256	0.23405	0.029169
-340537.0	20981	0.014251	0.23056	0.028256
-340537.0	20982	0.011879	0.23118	0.028432
-340537.0	20968	0.0023814	0.23467	0.029312
-340537.0	20927	0.014256	0.23405	0.028142
-340537.0	20928	0.011882	0.23343	0.027991
-340537.0	20929	0.0095141	0.23281	0.027834
-340537.0	20930	0.0071386	0.23343	0.027991
-340537.0	20951	0.0071214	0.23118	0.028432
-340537.0	20920	0.0075949	0.2323	0.027702
-340537.0	20932	0.0023814	0.23467	0.028286
-340537.0	20931	0.0047577	0.23405	0.028142
-340537.0	20966	0.0071386	0.23343	0.02902
-340537.0	20967	0.0047577	0.23405	0.029169
-340537.0	20917	0.0019007	0.2338	0.028081
-340537.0	20915	0.0095	0.2318	0.027567
-340537.0	20959	0.017108	0.23082	0.028331
-340537.0	20961	0.013319	0.23181	0.028606
-340537.0	20965	0.017104	0.2338	0.02911
-340537.0	20964	0.015211	0.2333	0.028989
-340537.0	20960	0.015212	0.23132	0.028471
-340537.0	20969	0.0095141	0.23281	0.028866
-340537.0	20970	0.016626	0.23467	0.029312
-340537.0	20923	0.0018964	0.23081	0.027287
-340537.0	20935	0.013314	0.2328	0.027833
-340537.0	20952	0.0047491	0.23056	0.028256
-340537.0	20953	0.0023712	0.22993	0.028072
-340537.0	20954	0.0095	0.2318	0.028604
-340537.0	20922	0.0037969	0.23131	0.02743
-340537.0	20921	0.0056939	0.2318	0.027568
-340537.0	20926	0.016626	0.23467	0.028286
-340537.0	20912	0.016629	0.22993	0.027027
-340537.0	20913	0.014251	0.23056	0.027214
-340537.0	20914	0.011879	0.23118	0.027394
-340537.0	20919	0.0056982	0.2328	0.027832
-340537.0	20918	0.0037979	0.2333	0.027959
-340537.0	20978	0.0037979	0.2333	0.028989
-340537.0	20979	0.0056982	0.2328	0.028864
-340537.0	20936	0.015211	0.2333	0.027959
-340537.0	20934	0.011422	0.23231	0.027703
-340537.0	20937	0.017104	0.2338	0.028081
-340537.0	20940	0.017108	0.23082	0.027291
-340537.0	20942	0.013319	0.23181	0.02757
-340537.0	20941	0.015212	0.23132	0.027432
-340535.0	21034	0.037108	0.23082	0.028331
-340535.0	21033	0.031879	0.23118	0.028432
-340535.0	21032	0.034251	0.23056	0.028256
-340535.0	21031	0.036629	0.22993	0.028072
-340535.0	21042	0.023797	0.23131	0.028468
-340535.0	21044	0.027595	0.2323	0.028736
-340535.0	21014	0.0295	0.2318	0.027567
-340535.0	21013	0.031879	0.23118	0.027394
-340535.0	21012	0.034251	0.23056	0.027214
-340535.0	21011	0.036629	0.22993	0.027027
-340535.0	21009	0.033319	0.23181	0.02757
-340535.0	21008	0.035212	0.23132	0.027432
-340535.0	20996	0.027595	0.2323	0.027702
-340535.0	20997	0.025694	0.2318	0.027568
-340535.0	21003	0.035211	0.2333	0.027959
-340535.0	21004	0.037104	0.2338	0.028081
-340535.0	21015	0.027121	0.23118	0.027394
-340535.0	21016	0.024749	0.23056	0.027214
-340535.0	20989	0.024758	0.23405	0.028142
-340535.0	20984	0.036626	0.23467	0.028286
-340535.0	20985	0.034256	0.23405	0.028142
-340535.0	20988	0.027139	0.23343	0.027991
-340535.0	20987	0.029514	0.23281	0.027834
-340535.0	20993	0.021901	0.2338	0.028081
-340535.0	20995	0.025698	0.2328	0.027832
-340535.0	20994	0.023798	0.2333	0.027959
-340535.0	21027	0.027121	0.23118	0.028432
-340535.0	21007	0.037108	0.23082	0.027291
-340535.0	21038	0.033314	0.2328	0.028865
-340535.0	21037	0.031422	0.23231	0.028737
-340535.0	21043	0.021896	0.23081	0.028328
-340535.0	21035	0.035212	0.23132	0.028471
-340535.0	20990	0.022381	0.23467	0.028286
-340535.0	21030	0.0295	0.2318	0.028604
-340535.0	21029	0.022371	0.22993	0.028072
-340535.0	21028	0.024749	0.23056	0.028256
-340535.0	21054	0.031882	0.23343	0.02902
-340535.0	21040	0.037104	0.2338	0.02911
-340535.0	21039	0.035211	0.2333	0.028989
-340535.0	21045	0.021901	0.2338	0.029109
-340535.0	21046	0.023798	0.2333	0.028989
-340535.0	21047	0.025698	0.2328	0.028864
-340535.0	21048	0.027139	0.23343	0.02902
-340535.0	21049	0.024758	0.23405	0.029169
-340535.0	21050	0.022381	0.23467	0.029312
-340535.0	21051	0.029514	0.23281	0.028866
-340535.0	21052	0.036626	0.23467	0.029312
-340535.0	21053	0.034256	0.23405	0.029169
-340535.0	21036	0.033319	0.23181	0.028606
-340535.0	20986	0.031882	0.23343	0.027991
-340535.0	21017	0.022371	0.22993	0.027027
-340535.0	20998	0.023797	0.23131	0.02743
-340535.0	21001	0.031422	0.23231	0.027703
-340535.0	20999	0.021896	0.23081	0.027287
-340535.0	21041	0.025694	0.2318	0.028604
-340535.0	21002	0.033314	0.2328	0.027833
-340533.0	21109	0.051422	0.23231	0.028737
-340533.0	21110	0.053314	0.2328	0.028865
-340533.0	21116	0.047595	0.2323	0.028736
-340533.0	21117	0.041901	0.2338	0.029109
-340533.0	21104	0.054251	0.23056	0.028256
-340533.0	21115	0.041896	0.23081	0.028328
-340533.0	21111	0.055211	0.2333	0.028989
-340533.0	21114	0.043797	0.23131	0.028468
-340533.0	21107	0.055212	0.23132	0.028471
-340533.0	21102	0.0495	0.2318	0.028604
-340533.0	21076	0.057104	0.2338	0.028081
-340533.0	21087	0.047121	0.23118	0.027394
-340533.0	21057	0.054256	0.23405	0.028142
-340533.0	21058	0.051882	0.23343	0.027991
-340533.0	21080	0.055212	0.23132	0.027432
-340533.0	21056	0.056626	0.23467	0.028286
-340533.0	21121	0.044758	0.23405	0.029169
-340533.0	21059	0.049514	0.23281	0.027834
-340533.0	21081	0.053319	0.23181	0.02757
-340533.0	21062	0.042381	0.23467	0.028286
-340533.0	21069	0.045694	0.2318	0.027568
-340533.0	21068	0.047595	0.2323	0.027702
-340533.0	21119	0.045698	0.2328	0.028864
-340533.0	21120	0.047139	0.23343	0.02902
-340533.0	21070	0.043797	0.23131	0.02743
-340533.0	21118	0.043798	0.2333	0.028989
-340533.0	21122	0.042381	0.23467	0.029312
-340533.0	21125	0.054256	0.23405	0.029169
-340533.0	21124	0.056626	0.23467	0.029312
-340533.0	21123	0.049514	0.23281	0.028866
-340533.0	21061	0.044758	0.23405	0.028142
-340533.0	21103	0.056629	0.22993	0.028072
-340533.0	21126	0.051882	0.23343	0.02902
-340533.0	21067	0.045698	0.2328	0.027832
-340533.0	21101	0.042371	0.22993	0.028072
-340533.0	21108	0.053319	0.23181	0.028606
-340533.0	21113	0.045694	0.2318	0.028604
-340533.0	21112	0.057104	0.2338	0.02911
-340533.0	21105	0.051879	0.23118	0.028432
-340533.0	21106	0.057108	0.23082	0.028331
-340533.0	21100	0.044749	0.23056	0.028256
-340533.0	21088	0.044749	0.23056	0.027214
-340533.0	21089	0.042371	0.22993	0.027027
-340533.0	21099	0.047121	0.23118	0.028432
-340533.0	21066	0.043798	0.2333	0.027959
-340533.0	21065	0.041901	0.2338	0.028081
-340533.0	21075	0.055211	0.2333	0.027959
-340533.0	21071	0.041896	0.23081	0.027287
-340533.0	21083	0.056629	0.22993	0.027027
-340533.0	21084	0.054251	0.23056	0.027214
-340533.0	21060	0.047139	0.23343	0.027991
-340533.0	21074	0.053314	0.2328	0.027833
-340533.0	21086	0.0495	0.2318	0.027567
-340533.0	21085	0.051879	0.23118	0.027394
-340533.0	21073	0.051422	0.23231	0.027703
-340533.0	21079	0.057108	0.23082	0.027291
-340531.0	21185	0.016632	0.069675	0.028188
-340531.0	21194	0.017108	0.0688	0.028438
-340531.0	21176	0.0047507	0.065557	0.02926
-340531.0	21177	0.0023778	0.064934	0.029399
-340531.0	21197	0.015211	0.066316	0.029082
-340531.0	21196	0.017104	0.065821	0.029199
-340531.0	21195	0.011422	0.067308	0.028837
-340531.0	21198	0.013315	0.066812	0.028961
-340531.0	21128	0.017104	0.065821	0.028172
-340531.0	21133	0.015212	0.068302	0.027539
-340531.0	21131	0.011422	0.067308	0.027804
-340531.0	21132	0.013319	0.067805	0.027673
-340531.0	21129	0.015211	0.066316	0.028053
-340531.0	21130	0.013315	0.066812	0.027931
-340531.0	21186	0.014258	0.069052	0.028368
-340531.0	21189	0.0071321	0.06843	0.02854
-340531.0	21147	0.0037979	0.066307	0.028056
-340531.0	21148	0.0019006	0.065809	0.028175
-340531.0	21136	0.0095141	0.067807	0.027673
-340531.0	21137	0.007132	0.06843	0.027503
-340531.0	21138	0.0047562	0.069052	0.027328
-340531.0	21139	0.0023747	0.069675	0.027146
-340531.0	21142	0.016632	0.069675	0.027146
-340531.0	21143	0.014258	0.069052	0.027328
-340531.0	21134	0.017108	0.0688	0.0274
-340531.0	21151	0.0018964	0.068799	0.0274
-340531.0	21162	0.011872	0.066181	0.028086
-340531.0	21161	0.014249	0.065557	0.028234
-340531.0	21152	0.0037969	0.0683	0.027539
-340531.0	21180	0.005694	0.067802	0.028709
-340531.0	21154	0.0095	0.066803	0.027933
-340531.0	21153	0.005694	0.067802	0.027674
-340531.0	21175	0.007128	0.066181	0.029114
-340531.0	21173	0.011872	0.066181	0.029114
-340531.0	21182	0.0056982	0.066805	0.028963
-340531.0	21174	0.0095	0.066803	0.028964
-340531.0	21172	0.014249	0.065557	0.02926
-340531.0	21171	0.016622	0.064934	0.029399
-340531.0	21181	0.0075949	0.067303	0.028838
-340531.0	21191	0.0023748	0.069675	0.028188
-340531.0	21190	0.0047562	0.069052	0.028368
-340531.0	21193	0.015212	0.068302	0.028575
-340531.0	21192	0.013319	0.067805	0.028708
-340531.0	21160	0.016622	0.064934	0.028375
-340531.0	21157	0.0023778	0.064934	0.028375
-340531.0	21156	0.0047507	0.065557	0.028234
-340531.0	21146	0.0056982	0.066805	0.027932
-340531.0	21145	0.0075949	0.067303	0.027805
-340531.0	21188	0.0095141	0.067807	0.028707
-340531.0	21187	0.011889	0.06843	0.02854
-340531.0	21179	0.0037969	0.0683	0.028576
-340531.0	21178	0.0018964	0.068799	0.028439
-340531.0	21144	0.011889	0.06843	0.027503
-340531.0	21155	0.007128	0.066181	0.028086
-340531.0	21184	0.0019006	0.065809	0.029202
-340531.0	21183	0.0037979	0.066307	0.029084
-340529.0	21250	0.037104	0.065821	0.029199
-340529.0	21251	0.035211	0.066316	0.029082
-340529.0	21252	0.033315	0.066812	0.028961
-340529.0	21253	0.031422	0.067308	0.028837
-340529.0	21263	0.025694	0.067802	0.028709
-340529.0	21249	0.031872	0.066181	0.029114
-340529.0	21264	0.027132	0.06843	0.02854
-340529.0	21248	0.034249	0.065557	0.02926
-340529.0	21219	0.035212	0.068302	0.027539
-340529.0	21218	0.033319	0.067805	0.027673
-340529.0	21267	0.029514	0.067807	0.028707
-340529.0	21266	0.022375	0.069675	0.028188
-340529.0	21255	0.035212	0.068302	0.028575
-340529.0	21244	0.024751	0.065557	0.02926
-340529.0	21259	0.021901	0.065809	0.029202
-340529.0	21258	0.023798	0.066307	0.029084
-340529.0	21268	0.036632	0.069675	0.028188
-340529.0	21269	0.034258	0.069052	0.028368
-340529.0	21270	0.031889	0.06843	0.02854
-340529.0	21233	0.022378	0.064934	0.028375
-340529.0	21232	0.024751	0.065557	0.028234
-340529.0	21231	0.027128	0.066181	0.028086
-340529.0	21223	0.037104	0.065821	0.028172
-340529.0	21220	0.037108	0.0688	0.0274
-340529.0	21211	0.025694	0.067802	0.027674
-340529.0	21214	0.023798	0.066307	0.028056
-340529.0	21212	0.027595	0.067303	0.027805
-340529.0	21213	0.025698	0.066805	0.027932
-340529.0	21209	0.021896	0.068799	0.0274
-340529.0	21210	0.023797	0.0683	0.027539
-340529.0	21206	0.022375	0.069675	0.027146
-340529.0	21215	0.021901	0.065809	0.028175
-340529.0	21224	0.035211	0.066316	0.028053
-340529.0	21225	0.033315	0.066812	0.027931
-340529.0	21205	0.024756	0.069052	0.027328
-340529.0	21204	0.027132	0.06843	0.027503
-340529.0	21202	0.031889	0.06843	0.027503
-340529.0	21203	0.029514	0.067807	0.027673
-340529.0	21200	0.036632	0.069675	0.027146
-340529.0	21201	0.034258	0.069052	0.027328
-340529.0	21246	0.0295	0.066803	0.028964
-340529.0	21257	0.025698	0.066805	0.028963
-340529.0	21256	0.037108	0.0688	0.028438
-340529.0	21243	0.027128	0.066181	0.029114
-340529.0	21217	0.031422	0.067308	0.027804
-340529.0	21245	0.022378	0.064934	0.029399
-340529.0	21230	0.0295	0.066803	0.027933
-340529.0	21229	0.031872	0.066181	0.028086
-340529.0	21228	0.034249	0.065557	0.028234
-340529.0	21227	0.036622	0.064934	0.028375
-340529.0	21247	0.036622	0.064934	0.029399
-340529.0	21262	0.023797	0.0683	0.028576
-340529.0	21261	0.021896	0.068799	0.028439
-340529.0	21260	0.027595	0.067303	0.028838
-340529.0	21265	0.024756	0.069052	0.028368
-340529.0	21254	0.033319	0.067805	0.028708
-340527.0	21275	0.049514	0.067807	0.027673
-340527.0	21276	0.047132	0.06843	0.027503
-340527.0	21277	0.044756	0.069052	0.027328
-340527.0	21278	0.042375	0.069675	0.027146
-340527.0	21284	0.047595	0.067303	0.027805
-340527.0	21272	0.056632	0.069675	0.027146
-340527.0	21273	0.054258	0.069052	0.027328
-340527.0	21274	0.051889	0.06843	0.027503
-340527.0	21291	0.055212	0.068302	0.027539
-340527.0	21290	0.053319	0.067805	0.027673
-340527.0	21289	0.051422	0.067308	0.027804
-340527.0	21287	0.041901	0.065809	0.028175
-340527.0	21292	0.057108	0.0688	0.0274
-340527.0	21281	0.041896	0.068799	0.0274
-340527.0	21285	0.045698	0.066805	0.027932
-340527.0	21286	0.043798	0.066307	0.028056
-340527.0	21295	0.057104	0.065821	0.028172
-340527.0	21303	0.047128	0.066181	0.028086
-340527.0	21304	0.044751	0.065557	0.028234
-340527.0	21296	0.055211	0.066316	0.028053
-340527.0	21305	0.042378	0.064934	0.028375
-340527.0	21283	0.045694	0.067802	0.027674
-340527.0	21282	0.043797	0.0683	0.027539
-340527.0	21315	0.047128	0.066181	0.029114
-340527.0	21316	0.044751	0.065557	0.02926
-340527.0	21317	0.042378	0.064934	0.029399
-340527.0	21318	0.0495	0.066803	0.028964
-340527.0	21297	0.053315	0.066812	0.027931
-340527.0	21299	0.056622	0.064934	0.028375
-340527.0	21300	0.054249	0.065557	0.028234
-340527.0	21301	0.051872	0.066181	0.028086
-340527.0	21302	0.0495	0.066803	0.027933
-340527.0	21319	0.056622	0.064934	0.029399
-340527.0	21338	0.042375	0.069675	0.028188
-340527.0	21336	0.047132	0.06843	0.02854
-340527.0	21337	0.044756	0.069052	0.028368
-340527.0	21328	0.057108	0.0688	0.028438
-340527.0	21322	0.057104	0.065821	0.029199
-340527.0	21321	0.051872	0.066181	0.029114
-340527.0	21320	0.054249	0.065557	0.02926
-340527.0	21323	0.055211	0.066316	0.029082
-340527.0	21326	0.053319	0.067805	0.028708
-340527.0	21325	0.051422	0.067308	0.028837
-340527.0	21324	0.053315	0.066812	0.028961
-340527.0	21340	0.056632	0.069675	0.028188
-340527.0	21341	0.054258	0.069052	0.028368
-340527.0	21342	0.051889	0.06843	0.02854
-340527.0	21327	0.055212	0.068302	0.028575
-340527.0	21335	0.045694	0.067802	0.028709
-340527.0	21332	0.047595	0.067303	0.028838
-340527.0	21333	0.041896	0.068799	0.028439
-340527.0	21339	0.049514	0.067807	0.028707
-340527.0	21330	0.043798	0.066307	0.029084
-340527.0	21329	0.045698	0.066805	0.028963
-340527.0	21334	0.043797	0.0683	0.028576
-340527.0	21331	0.041901	0.065809	0.029202
-340525.0	21390	0.0095	0.1668	0.028964
-340525.0	21389	0.0023778	0.16493	0.029399
-340525.0	21363	0.015212	0.1683	0.027539
-340525.0	21362	0.013319	0.16781	0.027673
-340525.0	21388	0.0047507	0.16556	0.02926
-340525.0	21387	0.007128	0.16618	0.029114
-340525.0	21377	0.0023778	0.16493	0.028375
-340525.0	21376	0.0047507	0.16556	0.028234
-340525.0	21412	0.016632	0.16967	0.028188
-340525.0	21413	0.014258	0.16905	0.028368
-340525.0	21414	0.011889	0.16843	0.02854
-340525.0	21368	0.015211	0.16632	0.028053
-340525.0	21373	0.011872	0.16618	0.028086
-340525.0	21372	0.014249	0.16556	0.028234
-340525.0	21371	0.016622	0.16493	0.028375
-340525.0	21369	0.013315	0.16681	0.027931
-340525.0	21374	0.0095	0.1668	0.027933
-340525.0	21359	0.0019006	0.16581	0.028175
-340525.0	21361	0.011422	0.16731	0.027804
-340525.0	21364	0.017108	0.1688	0.0274
-340525.0	21353	0.0018964	0.1688	0.0274
-340525.0	21348	0.007132	0.16843	0.027503
-340525.0	21355	0.005694	0.1678	0.027674
-340525.0	21354	0.0037969	0.1683	0.027539
-340525.0	21349	0.0047562	0.16905	0.027328
-340525.0	21350	0.0023747	0.16967	0.027146
-340525.0	21411	0.0095141	0.16781	0.028707
-340525.0	21410	0.0023748	0.16967	0.028188
-340525.0	21409	0.0047562	0.16905	0.028368
-340525.0	21408	0.0071321	0.16843	0.02854
-340525.0	21407	0.005694	0.1678	0.028709
-340525.0	21356	0.0075949	0.1673	0.027805
-340525.0	21358	0.0037979	0.16631	0.028056
-340525.0	21357	0.0056982	0.16681	0.027932
-340525.0	21347	0.0095141	0.16781	0.027673
-340525.0	21346	0.011889	0.16843	0.027503
-340525.0	21397	0.011422	0.16731	0.028837
-340525.0	21396	0.013315	0.16681	0.028961
-340525.0	21395	0.015211	0.16632	0.029082
-340525.0	21402	0.0037979	0.16631	0.029084
-340525.0	21401	0.0056982	0.16681	0.028963
-340525.0	21400	0.017108	0.1688	0.028438
-340525.0	21399	0.015212	0.1683	0.028575
-340525.0	21398	0.013319	0.16781	0.028708
-340525.0	21394	0.017104	0.16582	0.029199
-340525.0	21375	0.007128	0.16618	0.028086
-340525.0	21367	0.017104	0.16582	0.028172
-340525.0	21393	0.011872	0.16618	0.029114
-340525.0	21392	0.014249	0.16556	0.02926
-340525.0	21391	0.016622	0.16493	0.029399
-340525.0	21406	0.0037969	0.1683	0.028576
-340525.0	21405	0.0018964	0.1688	0.028439
-340525.0	21404	0.0075949	0.1673	0.028838
-340525.0	21403	0.0019006	0.16581	0.029202
-340525.0	21345	0.014258	0.16905	0.027328
-340525.0	21344	0.016632	0.16967	0.027146
-340523.0	21465	0.031872	0.16618	0.029114
-340523.0	21464	0.034249	0.16556	0.02926
-340523.0	21463	0.036622	0.16493	0.029399
-340523.0	21462	0.0295	0.1668	0.028964
-340523.0	21461	0.022378	0.16493	0.029399
-340523.0	21460	0.024751	0.16556	0.02926
-340523.0	21459	0.027128	0.16618	0.029114
-340523.0	21486	0.031889	0.16843	0.02854
-340523.0	21485	0.034258	0.16905	0.028368
-340523.0	21484	0.036632	0.16967	0.028188
-340523.0	21483	0.029514	0.16781	0.028707
-340523.0	21482	0.022375	0.16967	0.028188
-340523.0	21481	0.024756	0.16905	0.028368
-340523.0	21480	0.027132	0.16843	0.02854
-340523.0	21479	0.025694	0.1678	0.028709
-340523.0	21478	0.023797	0.1683	0.028576
-340523.0	21477	0.021896	0.1688	0.028439
-340523.0	21476	0.027595	0.1673	0.028838
-340523.0	21475	0.021901	0.16581	0.029202
-340523.0	21474	0.023798	0.16631	0.029084
-340523.0	21473	0.025698	0.16681	0.028963
-340523.0	21472	0.037108	0.1688	0.028438
-340523.0	21471	0.035212	0.1683	0.028575
-340523.0	21422	0.022375	0.16967	0.027146
-340523.0	21419	0.029514	0.16781	0.027673
-340523.0	21418	0.031889	0.16843	0.027503
-340523.0	21416	0.036632	0.16967	0.027146
-340523.0	21417	0.034258	0.16905	0.027328
-340523.0	21421	0.024756	0.16905	0.027328
-340523.0	21420	0.027132	0.16843	0.027503
-340523.0	21440	0.035211	0.16632	0.028053
-340523.0	21439	0.037104	0.16582	0.028172
-340523.0	21427	0.025694	0.1678	0.027674
-340523.0	21426	0.023797	0.1683	0.027539
-340523.0	21425	0.021896	0.1688	0.0274
-340523.0	21470	0.033319	0.16781	0.028708
-340523.0	21469	0.031422	0.16731	0.028837
-340523.0	21468	0.033315	0.16681	0.028961
-340523.0	21429	0.025698	0.16681	0.027932
-340523.0	21428	0.027595	0.1673	0.027805
-340523.0	21436	0.037108	0.1688	0.0274
-340523.0	21435	0.035212	0.1683	0.027539
-340523.0	21434	0.033319	0.16781	0.027673
-340523.0	21433	0.031422	0.16731	0.027804
-340523.0	21431	0.021901	0.16581	0.028175
-340523.0	21430	0.023798	0.16631	0.028056
-340523.0	21441	0.033315	0.16681	0.027931
-340523.0	21443	0.036622	0.16493	0.028375
-340523.0	21447	0.027128	0.16618	0.028086
-340523.0	21446	0.0295	0.1668	0.027933
-340523.0	21445	0.031872	0.16618	0.028086
-340523.0	21444	0.034249	0.16556	0.028234
-340523.0	21467	0.035211	0.16632	0.029082
-340523.0	21466	0.037104	0.16582	0.029199
-340523.0	21449	0.022378	0.16493	0.028375
-340523.0	21448	0.024751	0.16556	0.028234
-340521.0	21492	0.047132	0.16843	0.027503
-340521.0	21493	0.044756	0.16905	0.027328
-340521.0	21494	0.042375	0.16967	0.027146
-340521.0	21497	0.041896	0.1688	0.0274
-340521.0	21498	0.043797	0.1683	0.027539
-340521.0	21499	0.045694	0.1678	0.027674
-340521.0	21501	0.045698	0.16681	0.027932
-340521.0	21502	0.043798	0.16631	0.028056
-340521.0	21548	0.047595	0.1673	0.028838
-340521.0	21547	0.041901	0.16581	0.029202
-340521.0	21546	0.043798	0.16631	0.029084
-340521.0	21545	0.045698	0.16681	0.028963
-340521.0	21544	0.057108	0.1688	0.028438
-340521.0	21543	0.055212	0.1683	0.028575
-340521.0	21542	0.053319	0.16781	0.028708
-340521.0	21541	0.051422	0.16731	0.028837
-340521.0	21540	0.053315	0.16681	0.028961
-340521.0	21539	0.055211	0.16632	0.029082
-340521.0	21538	0.057104	0.16582	0.029199
-340521.0	21537	0.051872	0.16618	0.029114
-340521.0	21536	0.054249	0.16556	0.02926
-340521.0	21535	0.056622	0.16493	0.029399
-340521.0	21555	0.049514	0.16781	0.028707
-340521.0	21558	0.051889	0.16843	0.02854
-340521.0	21554	0.042375	0.16967	0.028188
-340521.0	21551	0.045694	0.1678	0.028709
-340521.0	21556	0.056632	0.16967	0.028188
-340521.0	21557	0.054258	0.16905	0.028368
-340521.0	21552	0.047132	0.16843	0.02854
-340521.0	21553	0.044756	0.16905	0.028368
-340521.0	21503	0.041901	0.16581	0.028175
-340521.0	21534	0.0495	0.1668	0.028964
-340521.0	21533	0.042378	0.16493	0.029399
-340521.0	21532	0.044751	0.16556	0.02926
-340521.0	21531	0.047128	0.16618	0.029114
-340521.0	21521	0.042378	0.16493	0.028375
-340521.0	21520	0.044751	0.16556	0.028234
-340521.0	21519	0.047128	0.16618	0.028086
-340521.0	21550	0.043797	0.1683	0.028576
-340521.0	21549	0.041896	0.1688	0.028439
-340521.0	21513	0.053315	0.16681	0.027931
-340521.0	21512	0.055211	0.16632	0.028053
-340521.0	21511	0.057104	0.16582	0.028172
-340521.0	21507	0.055212	0.1683	0.027539
-340521.0	21506	0.053319	0.16781	0.027673
-340521.0	21505	0.051422	0.16731	0.027804
-340521.0	21500	0.047595	0.1673	0.027805
-340521.0	21491	0.049514	0.16781	0.027673
-340521.0	21515	0.056622	0.16493	0.028375
-340521.0	21516	0.054249	0.16556	0.028234
-340521.0	21517	0.051872	0.16618	0.028086
-340521.0	21518	0.0495	0.1668	0.027933
-340521.0	21508	0.057108	0.1688	0.0274
-340521.0	21490	0.051889	0.16843	0.027503
-340521.0	21489	0.054258	0.16905	0.027328
-340521.0	21488	0.056632	0.16967	0.027146
-340519.0	21575	0.0037979	0.26631	0.028056
-340519.0	21574	0.0056982	0.26681	0.027932
-340519.0	21573	0.0075949	0.2673	0.027805
-340519.0	21572	0.005694	0.2678	0.027674
-340519.0	21571	0.0037969	0.2683	0.027539
-340519.0	21570	0.0018964	0.2688	0.0274
-340519.0	21565	0.0095	0.2668	0.027933
-340519.0	21566	0.007128	0.26618	0.028086
-340519.0	21563	0.014249	0.26556	0.028234
-340519.0	21564	0.011872	0.26618	0.028086
-340519.0	21562	0.016622	0.26493	0.028375
-340519.0	21582	0.0095141	0.26781	0.027673
-340519.0	21581	0.011889	0.26843	0.027503
-340519.0	21580	0.014258	0.26905	0.027328
-340519.0	21579	0.016632	0.26967	0.027146
-340519.0	21576	0.0019006	0.26581	0.028175
-340519.0	21630	0.011872	0.26618	0.029114
-340519.0	21601	0.017104	0.26582	0.029199
-340519.0	21602	0.015211	0.26632	0.029082
-340519.0	21603	0.013315	0.26681	0.028961
-340519.0	21604	0.011422	0.26731	0.028837
-340519.0	21605	0.013319	0.26781	0.028708
-340519.0	21606	0.015212	0.2683	0.028575
-340519.0	21607	0.017108	0.2688	0.028438
-340519.0	21608	0.0071321	0.26843	0.02854
-340519.0	21609	0.0047562	0.26905	0.028368
-340519.0	21610	0.0023748	0.26967	0.028188
-340519.0	21612	0.0095141	0.26781	0.028707
-340519.0	21613	0.016632	0.26967	0.028188
-340519.0	21614	0.014258	0.26905	0.028368
-340519.0	21583	0.007132	0.26843	0.027503
-340519.0	21584	0.0047562	0.26905	0.027328
-340519.0	21585	0.0023747	0.26967	0.027146
-340519.0	21586	0.011422	0.26731	0.027804
-340519.0	21587	0.013319	0.26781	0.027673
-340519.0	21588	0.015212	0.2683	0.027539
-340519.0	21589	0.017108	0.2688	0.0274
-340519.0	21592	0.017104	0.26582	0.028172
-340519.0	21593	0.015211	0.26632	0.028053
-340519.0	21594	0.013315	0.26681	0.027931
-340519.0	21567	0.0047507	0.26556	0.028234
-340519.0	21568	0.0023778	0.26493	0.028375
-340519.0	21616	0.0056982	0.26681	0.028963
-340519.0	21615	0.011889	0.26843	0.02854
-340519.0	21619	0.0075949	0.2673	0.028838
-340519.0	21620	0.0018964	0.2688	0.028439
-340519.0	21618	0.0019006	0.26581	0.029202
-340519.0	21617	0.0037979	0.26631	0.029084
-340519.0	21621	0.0037969	0.2683	0.028576
-340519.0	21622	0.005694	0.2678	0.028709
-340519.0	21629	0.014249	0.26556	0.02926
-340519.0	21628	0.016622	0.26493	0.029399
-340519.0	21625	0.0047507	0.26556	0.02926
-340519.0	21624	0.007128	0.26618	0.029114
-340519.0	21627	0.0095	0.2668	0.028964
-340519.0	21626	0.0023778	0.26493	0.029399
-340517.0	21657	0.033315	0.26681	0.027931
-340517.0	21659	0.036622	0.26493	0.028375
-340517.0	21634	0.031889	0.26843	0.027503
-340517.0	21633	0.034258	0.26905	0.027328
-340517.0	21632	0.036632	0.26967	0.027146
-340517.0	21662	0.0295	0.2668	0.027933
-340517.0	21661	0.031872	0.26618	0.028086
-340517.0	21660	0.034249	0.26556	0.028234
-340517.0	21635	0.029514	0.26781	0.027673
-340517.0	21636	0.027132	0.26843	0.027503
-340517.0	21644	0.027595	0.2673	0.027805
-340517.0	21643	0.025694	0.2678	0.027674
-340517.0	21642	0.023797	0.2683	0.027539
-340517.0	21641	0.021896	0.2688	0.0274
-340517.0	21638	0.022375	0.26967	0.027146
-340517.0	21637	0.024756	0.26905	0.027328
-340517.0	21663	0.027128	0.26618	0.028086
-340517.0	21664	0.024751	0.26556	0.028234
-340517.0	21665	0.022378	0.26493	0.028375
-340517.0	21675	0.027128	0.26618	0.029114
-340517.0	21676	0.024751	0.26556	0.02926
-340517.0	21677	0.022378	0.26493	0.029399
-340517.0	21693	0.021896	0.2688	0.028439
-340517.0	21694	0.023797	0.2683	0.028576
-340517.0	21678	0.0295	0.2668	0.028964
-340517.0	21647	0.021901	0.26581	0.028175
-340517.0	21656	0.035211	0.26632	0.028053
-340517.0	21655	0.037104	0.26582	0.028172
-340517.0	21652	0.037108	0.2688	0.0274
-340517.0	21651	0.035212	0.2683	0.027539
-340517.0	21650	0.033319	0.26781	0.027673
-340517.0	21649	0.031422	0.26731	0.027804
-340517.0	21700	0.036632	0.26967	0.028188
-340517.0	21699	0.029514	0.26781	0.028707
-340517.0	21689	0.025698	0.26681	0.028963
-340517.0	21690	0.023798	0.26631	0.029084
-340517.0	21691	0.021901	0.26581	0.029202
-340517.0	21692	0.027595	0.2673	0.028838
-340517.0	21680	0.034249	0.26556	0.02926
-340517.0	21679	0.036622	0.26493	0.029399
-340517.0	21683	0.035211	0.26632	0.029082
-340517.0	21684	0.033315	0.26681	0.028961
-340517.0	21681	0.031872	0.26618	0.029114
-340517.0	21682	0.037104	0.26582	0.029199
-340517.0	21685	0.031422	0.26731	0.028837
-340517.0	21686	0.033319	0.26781	0.028708
-340517.0	21688	0.037108	0.2688	0.028438
-340517.0	21687	0.035212	0.2683	0.028575
-340517.0	21701	0.034258	0.26905	0.028368
-340517.0	21698	0.022375	0.26967	0.028188
-340517.0	21697	0.024756	0.26905	0.028368
-340517.0	21695	0.025694	0.2678	0.028709
-340517.0	21696	0.027132	0.26843	0.02854
-340517.0	21702	0.031889	0.26843	0.02854
-340517.0	21645	0.025698	0.26681	0.027932
-340517.0	21646	0.023798	0.26631	0.028056
-340515.0	21723	0.055212	0.2683	0.027539
-340515.0	21724	0.057108	0.2688	0.0274
-340515.0	21708	0.047132	0.26843	0.027503
-340515.0	21707	0.049514	0.26781	0.027673
-340515.0	21706	0.051889	0.26843	0.027503
-340515.0	21705	0.054258	0.26905	0.027328
-340515.0	21709	0.044756	0.26905	0.027328
-340515.0	21722	0.053319	0.26781	0.027673
-340515.0	21755	0.055211	0.26632	0.029082
-340515.0	21756	0.053315	0.26681	0.028961
-340515.0	21757	0.051422	0.26731	0.028837
-340515.0	21758	0.053319	0.26781	0.028708
-340515.0	21727	0.057104	0.26582	0.028172
-340515.0	21728	0.055211	0.26632	0.028053
-340515.0	21729	0.053315	0.26681	0.027931
-340515.0	21731	0.056622	0.26493	0.028375
-340515.0	21732	0.054249	0.26556	0.028234
-340515.0	21733	0.051872	0.26618	0.028086
-340515.0	21734	0.0495	0.2668	0.027933
-340515.0	21735	0.047128	0.26618	0.028086
-340515.0	21736	0.044751	0.26556	0.028234
-340515.0	21737	0.042378	0.26493	0.028375
-340515.0	21713	0.041896	0.2688	0.0274
-340515.0	21714	0.043797	0.2683	0.027539
-340515.0	21715	0.045694	0.2678	0.027674
-340515.0	21716	0.047595	0.2673	0.027805
-340515.0	21717	0.045698	0.26681	0.027932
-340515.0	21718	0.043798	0.26631	0.028056
-340515.0	21719	0.041901	0.26581	0.028175
-340515.0	21721	0.051422	0.26731	0.027804
-340515.0	21773	0.054258	0.26905	0.028368
-340515.0	21774	0.051889	0.26843	0.02854
-340515.0	21747	0.047128	0.26618	0.029114
-340515.0	21748	0.044751	0.26556	0.02926
-340515.0	21749	0.042378	0.26493	0.029399
-340515.0	21750	0.0495	0.2668	0.028964
-340515.0	21751	0.056622	0.26493	0.029399
-340515.0	21752	0.054249	0.26556	0.02926
-340515.0	21753	0.051872	0.26618	0.029114
-340515.0	21754	0.057104	0.26582	0.029199
-340515.0	21771	0.049514	0.26781	0.028707
-340515.0	21772	0.056632	0.26967	0.028188
-340515.0	21769	0.044756	0.26905	0.028368
-340515.0	21770	0.042375	0.26967	0.028188
-340515.0	21765	0.041896	0.2688	0.028439
-340515.0	21766	0.043797	0.2683	0.028576
-340515.0	21760	0.057108	0.2688	0.028438
-340515.0	21759	0.055212	0.2683	0.028575
-340515.0	21763	0.041901	0.26581	0.029202
-340515.0	21764	0.047595	0.2673	0.028838
-340515.0	21761	0.045698	0.26681	0.028963
-340515.0	21762	0.043798	0.26631	0.029084
-340515.0	21768	0.047132	0.26843	0.02854
-340515.0	21767	0.045694	0.2678	0.028709
-340515.0	21704	0.056632	0.26967	0.027146
-340515.0	21710	0.042375	0.26967	0.027146
-340513.0	21844	0.017107	0.03782	0.029942
-340513.0	21843	0.011422	0.039308	0.030189
-340513.0	21842	0.017104	0.040799	0.030403
-340513.0	21841	0.015211	0.040302	0.030335
-340513.0	21787	0.00238	0.041674	0.029506
-340513.0	21790	0.016627	0.041674	0.029506
-340513.0	21800	0.0037977	0.0403	0.029325
-340513.0	21801	0.0056973	0.039801	0.029252
-340513.0	21802	0.0095	0.038803	0.029096
-340513.0	21803	0.0071228	0.038179	0.02899
-340513.0	21804	0.0047495	0.037556	0.028879
-340513.0	21805	0.0023726	0.036932	0.028762
-340513.0	21776	0.017107	0.03782	0.028927
-340513.0	21777	0.015211	0.038316	0.029014
-340513.0	21839	0.00238	0.041674	0.030513
-340513.0	21840	0.013315	0.039804	0.030264
-340513.0	21779	0.011422	0.039308	0.029177
-340513.0	21778	0.013318	0.038811	0.029097
-340513.0	21780	0.013315	0.039804	0.029253
-340513.0	21781	0.015211	0.040302	0.029325
-340513.0	21785	0.0071373	0.040429	0.029343
-340513.0	21786	0.0047574	0.041051	0.029427
-340513.0	21782	0.017104	0.040799	0.029394
-340513.0	21784	0.0095141	0.039807	0.029253
-340513.0	21808	0.016627	0.036932	0.028762
-340513.0	21809	0.014251	0.037556	0.028879
-340513.0	21810	0.011877	0.038179	0.02899
-340513.0	21819	0.016627	0.036932	0.02978
-340513.0	21820	0.014251	0.037556	0.029895
-340513.0	21821	0.011877	0.038179	0.030005
-340513.0	21837	0.0071373	0.040429	0.030353
-340513.0	21838	0.0047574	0.041051	0.030436
-340513.0	21792	0.011884	0.040429	0.029343
-340513.0	21793	0.0075949	0.039303	0.029176
-340513.0	21794	0.0056949	0.038804	0.029096
-340513.0	21795	0.0037971	0.038306	0.029012
-340513.0	21796	0.0018973	0.037808	0.028924
-340513.0	21799	0.0018998	0.040798	0.029394
-340513.0	21845	0.015211	0.038316	0.030028
-340513.0	21846	0.013318	0.038811	0.03011
-340513.0	21823	0.0071229	0.038179	0.030005
-340513.0	21824	0.0047495	0.037556	0.029895
-340513.0	21825	0.0023726	0.036932	0.02978
-340513.0	21826	0.0018998	0.040798	0.030403
-340513.0	21827	0.0037977	0.0403	0.030335
-340513.0	21828	0.0056973	0.039801	0.030263
-340513.0	21822	0.0095	0.038803	0.030109
-340513.0	21791	0.014257	0.041051	0.029427
-340513.0	21830	0.0056949	0.038804	0.030109
-340513.0	21829	0.0075949	0.039303	0.030188
-340513.0	21831	0.0037971	0.038306	0.030027
-340513.0	21832	0.0018973	0.037808	0.02994
-340513.0	21834	0.014257	0.041051	0.030436
-340513.0	21833	0.016627	0.041674	0.030513
-340513.0	21836	0.0095141	0.039807	0.030264
-340513.0	21835	0.011884	0.040429	0.030353
-340511.0	21854	0.02238	0.041674	0.029506
-340511.0	21853	0.024757	0.041051	0.029427
-340511.0	21868	0.037104	0.040799	0.029394
-340511.0	21848	0.036627	0.041674	0.029506
-340511.0	21849	0.034257	0.041051	0.029427
-340511.0	21850	0.031884	0.040429	0.029343
-340511.0	21851	0.029514	0.039807	0.029253
-340511.0	21852	0.027137	0.040429	0.029343
-340511.0	21867	0.035211	0.040302	0.029325
-340511.0	21866	0.033315	0.039804	0.029253
-340511.0	21859	0.025697	0.039801	0.029252
-340511.0	21860	0.027595	0.039303	0.029176
-340511.0	21861	0.025695	0.038804	0.029096
-340511.0	21862	0.023797	0.038306	0.029012
-340511.0	21863	0.021897	0.037808	0.028924
-340511.0	21865	0.031422	0.039308	0.029177
-340511.0	21881	0.022373	0.036932	0.028762
-340511.0	21880	0.024749	0.037556	0.028879
-340511.0	21879	0.027123	0.038179	0.02899
-340511.0	21878	0.0295	0.038803	0.029096
-340511.0	21877	0.031877	0.038179	0.02899
-340511.0	21876	0.034251	0.037556	0.028879
-340511.0	21858	0.023798	0.0403	0.029325
-340511.0	21857	0.0219	0.040798	0.029394
-340511.0	21875	0.036627	0.036932	0.028762
-340511.0	21873	0.033318	0.038811	0.029097
-340511.0	21899	0.035211	0.038316	0.030028
-340511.0	21900	0.033318	0.038811	0.03011
-340511.0	21901	0.031422	0.039308	0.030189
-340511.0	21902	0.033315	0.039804	0.030264
-340511.0	21871	0.037107	0.03782	0.028927
-340511.0	21872	0.035211	0.038316	0.029014
-340511.0	21916	0.036627	0.041674	0.030513
-340511.0	21915	0.029514	0.039807	0.030264
-340511.0	21914	0.02238	0.041674	0.030513
-340511.0	21913	0.024757	0.041051	0.030436
-340511.0	21912	0.027137	0.040429	0.030353
-340511.0	21911	0.025697	0.039801	0.030263
-340511.0	21898	0.037107	0.03782	0.029942
-340511.0	21897	0.031877	0.038179	0.030005
-340511.0	21896	0.034251	0.037556	0.029895
-340511.0	21895	0.036627	0.036932	0.02978
-340511.0	21894	0.0295	0.038803	0.030109
-340511.0	21893	0.022373	0.036932	0.02978
-340511.0	21892	0.024749	0.037556	0.029895
-340511.0	21891	0.027123	0.038179	0.030005
-340511.0	21918	0.031884	0.040429	0.030353
-340511.0	21917	0.034257	0.041051	0.030436
-340511.0	21908	0.027595	0.039303	0.030188
-340511.0	21907	0.021897	0.037808	0.02994
-340511.0	21906	0.023797	0.038306	0.030027
-340511.0	21905	0.025695	0.038804	0.030109
-340511.0	21904	0.037104	0.040799	0.030403
-340511.0	21903	0.035211	0.040302	0.030335
-340511.0	21910	0.023798	0.0403	0.030335
-340511.0	21909	0.0219	0.040798	0.030403
-340509.0	21989	0.054257	0.041051	0.030436
-340509.0	21988	0.056627	0.041674	0.030513
-340509.0	21968	0.054251	0.037556	0.029895
-340509.0	21969	0.051877	0.038179	0.030005
-340509.0	21990	0.051884	0.040429	0.030353
-340509.0	21967	0.056627	0.036932	0.02978
-340509.0	21934	0.043797	0.038306	0.029012
-340509.0	21933	0.045695	0.038804	0.029096
-340509.0	21932	0.047595	0.039303	0.029176
-340509.0	21931	0.045697	0.039801	0.029252
-340509.0	21930	0.043798	0.0403	0.029325
-340509.0	21929	0.0419	0.040798	0.029394
-340509.0	21926	0.04238	0.041674	0.029506
-340509.0	21925	0.044757	0.041051	0.029427
-340509.0	21924	0.047137	0.040429	0.029343
-340509.0	21923	0.049514	0.039807	0.029253
-340509.0	21922	0.051884	0.040429	0.029343
-340509.0	21921	0.054257	0.041051	0.029427
-340509.0	21920	0.056627	0.041674	0.029506
-340509.0	21950	0.0495	0.038803	0.029096
-340509.0	21949	0.051877	0.038179	0.02899
-340509.0	21948	0.054251	0.037556	0.028879
-340509.0	21947	0.056627	0.036932	0.028762
-340509.0	21945	0.053318	0.038811	0.029097
-340509.0	21944	0.055211	0.038316	0.029014
-340509.0	21943	0.057107	0.03782	0.028927
-340509.0	21940	0.057104	0.040799	0.029394
-340509.0	21939	0.055211	0.040302	0.029325
-340509.0	21938	0.053315	0.039804	0.029253
-340509.0	21937	0.051422	0.039308	0.029177
-340509.0	21935	0.041897	0.037808	0.028924
-340509.0	21966	0.0495	0.038803	0.030109
-340509.0	21965	0.042373	0.036932	0.02978
-340509.0	21964	0.044749	0.037556	0.029895
-340509.0	21963	0.047123	0.038179	0.030005
-340509.0	21953	0.042373	0.036932	0.028762
-340509.0	21952	0.044749	0.037556	0.028879
-340509.0	21951	0.047123	0.038179	0.02899
-340509.0	21982	0.043798	0.0403	0.030335
-340509.0	21981	0.0419	0.040798	0.030403
-340509.0	21980	0.047595	0.039303	0.030188
-340509.0	21979	0.041897	0.037808	0.02994
-340509.0	21978	0.043797	0.038306	0.030027
-340509.0	21977	0.045695	0.038804	0.030109
-340509.0	21976	0.057104	0.040799	0.030403
-340509.0	21975	0.055211	0.040302	0.030335
-340509.0	21974	0.053315	0.039804	0.030264
-340509.0	21973	0.051422	0.039308	0.030189
-340509.0	21972	0.053318	0.038811	0.03011
-340509.0	21971	0.055211	0.038316	0.030028
-340509.0	21970	0.057107	0.03782	0.029942
-340509.0	21987	0.049514	0.039807	0.030264
-340509.0	21986	0.04238	0.041674	0.030513
-340509.0	21985	0.044757	0.041051	0.030436
-340509.0	21984	0.047137	0.040429	0.030353
-340509.0	21983	0.045697	0.039801	0.030263
-340507.0	22009	0.011422	0.13931	0.029177
-340507.0	22010	0.013315	0.1398	0.029253
-340507.0	21996	0.0071373	0.14043	0.029343
-340507.0	21997	0.0047574	0.14105	0.029427
-340507.0	21998	0.00238	0.14167	0.029506
-340507.0	22005	0.0056949	0.1388	0.029096
-340507.0	22006	0.0037971	0.13831	0.029012
-340507.0	22007	0.0018973	0.13781	0.028924
-340507.0	21992	0.016627	0.14167	0.029506
-340507.0	21993	0.014257	0.14105	0.029427
-340507.0	22011	0.015211	0.1403	0.029325
-340507.0	22012	0.017104	0.1408	0.029394
-340507.0	21994	0.011884	0.14043	0.029343
-340507.0	21995	0.0095141	0.13981	0.029253
-340507.0	22045	0.011422	0.13931	0.030189
-340507.0	22046	0.013314	0.1398	0.030264
-340507.0	22020	0.014251	0.13756	0.028879
-340507.0	22021	0.011877	0.13818	0.02899
-340507.0	22017	0.013318	0.13881	0.029097
-340507.0	22019	0.016627	0.13693	0.028762
-340507.0	22016	0.015211	0.13832	0.029014
-340507.0	22015	0.017107	0.13782	0.028927
-340507.0	22001	0.0019007	0.1408	0.029394
-340507.0	22025	0.0023726	0.13693	0.028762
-340507.0	22061	0.014257	0.14105	0.030436
-340507.0	22060	0.016627	0.14167	0.030513
-340507.0	22004	0.0075949	0.1393	0.029176
-340507.0	22003	0.0056973	0.1398	0.029252
-340507.0	22002	0.0037977	0.1403	0.029325
-340507.0	22036	0.0047495	0.13756	0.029895
-340507.0	22041	0.011877	0.13818	0.030005
-340507.0	22042	0.017107	0.13782	0.029942
-340507.0	22056	0.0071373	0.14043	0.030353
-340507.0	22053	0.0019006	0.1408	0.030403
-340507.0	22054	0.0037977	0.1403	0.030335
-340507.0	22055	0.0056983	0.1398	0.030263
-340507.0	22052	0.0075949	0.1393	0.030188
-340507.0	22049	0.0056949	0.1388	0.030109
-340507.0	22050	0.0037971	0.13831	0.030027
-340507.0	22051	0.0018973	0.13781	0.02994
-340507.0	22047	0.015211	0.1403	0.030335
-340507.0	22048	0.017104	0.1408	0.030403
-340507.0	22040	0.014251	0.13756	0.029895
-340507.0	22043	0.015211	0.13832	0.030028
-340507.0	22058	0.00238	0.14167	0.030513
-340507.0	22057	0.0047574	0.14105	0.030436
-340507.0	22044	0.013318	0.13881	0.03011
-340507.0	22059	0.0095141	0.13981	0.030264
-340507.0	22038	0.0095	0.1388	0.030109
-340507.0	22037	0.0023726	0.13693	0.02978
-340507.0	22039	0.016627	0.13693	0.02978
-340507.0	22022	0.0095	0.1388	0.029096
-340507.0	22023	0.0071228	0.13818	0.02899
-340507.0	22024	0.0047495	0.13756	0.028879
-340507.0	22062	0.011884	0.14043	0.030353
-340507.0	22035	0.0071229	0.13818	0.030005
-340505.0	22081	0.031422	0.13931	0.029177
-340505.0	22082	0.033315	0.1398	0.029253
-340505.0	22112	0.034251	0.13756	0.029895
-340505.0	22126	0.023798	0.1403	0.030335
-340505.0	22125	0.0219	0.1408	0.030403
-340505.0	22124	0.027595	0.1393	0.030188
-340505.0	22111	0.036627	0.13693	0.02978
-340505.0	22079	0.021897	0.13781	0.028924
-340505.0	22117	0.031422	0.13931	0.030189
-340505.0	22116	0.033318	0.13881	0.03011
-340505.0	22115	0.035211	0.13832	0.030028
-340505.0	22114	0.037107	0.13782	0.029942
-340505.0	22113	0.031877	0.13818	0.030005
-340505.0	22118	0.033315	0.1398	0.030264
-340505.0	22120	0.037104	0.1408	0.030403
-340505.0	22119	0.035211	0.1403	0.030335
-340505.0	22129	0.024757	0.14105	0.030436
-340505.0	22130	0.02238	0.14167	0.030513
-340505.0	22131	0.029514	0.13981	0.030264
-340505.0	22121	0.025695	0.1388	0.030109
-340505.0	22122	0.023797	0.13831	0.030027
-340505.0	22123	0.021897	0.13781	0.02994
-340505.0	22127	0.025697	0.1398	0.030263
-340505.0	22128	0.027137	0.14043	0.030353
-340505.0	22132	0.036627	0.14167	0.030513
-340505.0	22133	0.034257	0.14105	0.030436
-340505.0	22134	0.031884	0.14043	0.030353
-340505.0	22069	0.024757	0.14105	0.029427
-340505.0	22070	0.02238	0.14167	0.029506
-340505.0	22109	0.022373	0.13693	0.02978
-340505.0	22110	0.0295	0.1388	0.030109
-340505.0	22066	0.031884	0.14043	0.029343
-340505.0	22089	0.033318	0.13881	0.029097
-340505.0	22091	0.036627	0.13693	0.028762
-340505.0	22088	0.035211	0.13832	0.029014
-340505.0	22108	0.024749	0.13756	0.029895
-340505.0	22107	0.027123	0.13818	0.030005
-340505.0	22097	0.022373	0.13693	0.028762
-340505.0	22096	0.024749	0.13756	0.028879
-340505.0	22095	0.027123	0.13818	0.02899
-340505.0	22065	0.034257	0.14105	0.029427
-340505.0	22064	0.036627	0.14167	0.029506
-340505.0	22094	0.0295	0.1388	0.029096
-340505.0	22093	0.031877	0.13818	0.02899
-340505.0	22092	0.034251	0.13756	0.028879
-340505.0	22068	0.027137	0.14043	0.029343
-340505.0	22067	0.029514	0.13981	0.029253
-340505.0	22075	0.025697	0.1398	0.029252
-340505.0	22084	0.037104	0.1408	0.029394
-340505.0	22087	0.037107	0.13782	0.028927
-340505.0	22083	0.035211	0.1403	0.029325
-340505.0	22074	0.023798	0.1403	0.029325
-340505.0	22073	0.0219	0.1408	0.029394
-340505.0	22078	0.023797	0.13831	0.029012
-340505.0	22077	0.025695	0.1388	0.029096
-340505.0	22076	0.027595	0.1393	0.029176
-340503.0	22159	0.057107	0.13782	0.028927
-340503.0	22190	0.053315	0.1398	0.030264
-340503.0	22189	0.051422	0.13931	0.030189
-340503.0	22191	0.055211	0.1403	0.030335
-340503.0	22193	0.045695	0.1388	0.030109
-340503.0	22194	0.043797	0.13831	0.030027
-340503.0	22195	0.041897	0.13781	0.02994
-340503.0	22169	0.042373	0.13693	0.028762
-340503.0	22167	0.047123	0.13818	0.02899
-340503.0	22164	0.054251	0.13756	0.028879
-340503.0	22165	0.051877	0.13818	0.02899
-340503.0	22166	0.0495	0.1388	0.029096
-340503.0	22204	0.056627	0.14167	0.030513
-340503.0	22168	0.044749	0.13756	0.028879
-340503.0	22149	0.045695	0.1388	0.029096
-340503.0	22150	0.043797	0.13831	0.029012
-340503.0	22163	0.056627	0.13693	0.028762
-340503.0	22161	0.053318	0.13881	0.029097
-340503.0	22156	0.057104	0.1408	0.029394
-340503.0	22160	0.055211	0.13832	0.029014
-340503.0	22181	0.042373	0.13693	0.02978
-340503.0	22205	0.054257	0.14105	0.030436
-340503.0	22179	0.047123	0.13818	0.030005
-340503.0	22206	0.051884	0.14043	0.030353
-340503.0	22184	0.054251	0.13756	0.029895
-340503.0	22203	0.049514	0.13981	0.030264
-340503.0	22201	0.044757	0.14105	0.030436
-340503.0	22202	0.04238	0.14167	0.030513
-340503.0	22198	0.043798	0.1403	0.030335
-340503.0	22199	0.045697	0.1398	0.030263
-340503.0	22197	0.0419	0.1408	0.030403
-340503.0	22200	0.047137	0.14043	0.030353
-340503.0	22180	0.044749	0.13756	0.029895
-340503.0	22183	0.056627	0.13693	0.02978
-340503.0	22182	0.0495	0.1388	0.030109
-340503.0	22188	0.053318	0.13881	0.03011
-340503.0	22186	0.057107	0.13782	0.029942
-340503.0	22187	0.055211	0.13832	0.030028
-340503.0	22185	0.051877	0.13818	0.030005
-340503.0	22196	0.047595	0.1393	0.030188
-340503.0	22192	0.057104	0.1408	0.030403
-340503.0	22136	0.056627	0.14167	0.029506
-340503.0	22139	0.049514	0.13981	0.029253
-340503.0	22137	0.054257	0.14105	0.029427
-340503.0	22140	0.047137	0.14043	0.029343
-340503.0	22138	0.051884	0.14043	0.029343
-340503.0	22145	0.0419	0.1408	0.029394
-340503.0	22146	0.043798	0.1403	0.029325
-340503.0	22155	0.055211	0.1403	0.029325
-340503.0	22151	0.041897	0.13781	0.028924
-340503.0	22153	0.051422	0.13931	0.029177
-340503.0	22154	0.053315	0.1398	0.029253
-340503.0	22148	0.047595	0.1393	0.029176
-340503.0	22147	0.045697	0.1398	0.029252
-340503.0	22141	0.044757	0.14105	0.029427
-340503.0	22142	0.04238	0.14167	0.029506
-340501.0	22268	0.0075949	0.2393	0.030188
-340501.0	22269	0.0018998	0.2408	0.030403
-340501.0	22270	0.0037977	0.2403	0.030335
-340501.0	22240	0.017107	0.23782	0.028927
-340501.0	22228	0.011884	0.24043	0.029343
-340501.0	22219	0.0056973	0.2398	0.029252
-340501.0	22235	0.013315	0.2398	0.029253
-340501.0	22234	0.011422	0.23931	0.029177
-340501.0	22232	0.00238	0.24167	0.029506
-340501.0	22231	0.0047574	0.24105	0.029427
-340501.0	22230	0.0071373	0.24043	0.029343
-340501.0	22229	0.0095141	0.23981	0.029253
-340501.0	22208	0.016627	0.23693	0.028762
-340501.0	22237	0.017104	0.2408	0.029394
-340501.0	22218	0.0037977	0.2403	0.029325
-340501.0	22217	0.0018998	0.2408	0.029394
-340501.0	22214	0.0023726	0.23693	0.028762
-340501.0	22213	0.0047495	0.23756	0.028879
-340501.0	22212	0.0071228	0.23818	0.02899
-340501.0	22211	0.0095	0.2388	0.029096
-340501.0	22210	0.011877	0.23818	0.02899
-340501.0	22209	0.014251	0.23756	0.028879
-340501.0	22254	0.011422	0.23931	0.030189
-340501.0	22253	0.013318	0.23881	0.03011
-340501.0	22221	0.0056949	0.2388	0.029096
-340501.0	22222	0.0037971	0.23831	0.029012
-340501.0	22236	0.015211	0.2403	0.029325
-340501.0	22220	0.0075949	0.2393	0.029176
-340501.0	22241	0.015211	0.23832	0.029014
-340501.0	22271	0.0056973	0.2398	0.030263
-340501.0	22272	0.0071229	0.23818	0.030005
-340501.0	22273	0.0047495	0.23756	0.029895
-340501.0	22274	0.0023726	0.23693	0.02978
-340501.0	22275	0.0095	0.2388	0.030109
-340501.0	22276	0.016627	0.23693	0.02978
-340501.0	22277	0.014251	0.23756	0.029895
-340501.0	22278	0.011877	0.23818	0.030005
-340501.0	22242	0.013318	0.23881	0.029097
-340501.0	22264	0.011884	0.24043	0.030353
-340501.0	22263	0.014257	0.24105	0.030436
-340501.0	22252	0.015211	0.23832	0.030028
-340501.0	22251	0.017107	0.23782	0.029942
-340501.0	22262	0.016627	0.24167	0.030513
-340501.0	22261	0.0095141	0.23981	0.030264
-340501.0	22260	0.00238	0.24167	0.030513
-340501.0	22259	0.0047574	0.24105	0.030436
-340501.0	22258	0.0071373	0.24043	0.030353
-340501.0	22257	0.017104	0.2408	0.030403
-340501.0	22267	0.0018973	0.23781	0.02994
-340501.0	22266	0.0037971	0.23831	0.030027
-340501.0	22265	0.0056949	0.2388	0.030109
-340501.0	22227	0.014257	0.24105	0.029427
-340501.0	22226	0.016627	0.24167	0.029506
-340501.0	22223	0.0018973	0.23781	0.028924
-340501.0	22256	0.015211	0.2403	0.030335
-340501.0	22255	0.013315	0.2398	0.030264
-340499.0	22348	0.036627	0.24167	0.030513
-340499.0	22349	0.034257	0.24105	0.030436
-340499.0	22350	0.031884	0.24043	0.030353
-340499.0	22323	0.027123	0.23818	0.030005
-340499.0	22324	0.024749	0.23756	0.029895
-340499.0	22325	0.022373	0.23693	0.02978
-340499.0	22326	0.0295	0.2388	0.030109
-340499.0	22327	0.036627	0.23693	0.02978
-340499.0	22328	0.034251	0.23756	0.029895
-340499.0	22329	0.031877	0.23818	0.030005
-340499.0	22330	0.037107	0.23782	0.029942
-340499.0	22331	0.035211	0.23832	0.030028
-340499.0	22332	0.033318	0.23881	0.03011
-340499.0	22293	0.025695	0.2388	0.029096
-340499.0	22294	0.023797	0.23831	0.029012
-340499.0	22295	0.021897	0.23781	0.028924
-340499.0	22337	0.025695	0.2388	0.030109
-340499.0	22338	0.023797	0.23831	0.030027
-340499.0	22339	0.021897	0.23781	0.02994
-340499.0	22340	0.027595	0.2393	0.030188
-340499.0	22341	0.0219	0.2408	0.030403
-340499.0	22342	0.023798	0.2403	0.030335
-340499.0	22343	0.025697	0.2398	0.030263
-340499.0	22344	0.027137	0.24043	0.030353
-340499.0	22281	0.034257	0.24105	0.029427
-340499.0	22282	0.031884	0.24043	0.029343
-340499.0	22283	0.029514	0.23981	0.029253
-340499.0	22284	0.027137	0.24043	0.029343
-340499.0	22285	0.024757	0.24105	0.029427
-340499.0	22286	0.02238	0.24167	0.029506
-340499.0	22292	0.027595	0.2393	0.029176
-340499.0	22291	0.025697	0.2398	0.029252
-340499.0	22309	0.031877	0.23818	0.02899
-340499.0	22308	0.034251	0.23756	0.028879
-340499.0	22313	0.022373	0.23693	0.028762
-340499.0	22312	0.024749	0.23756	0.028879
-340499.0	22311	0.027123	0.23818	0.02899
-340499.0	22310	0.0295	0.2388	0.029096
-340499.0	22290	0.023798	0.2403	0.029325
-340499.0	22289	0.0219	0.2408	0.029394
-340499.0	22280	0.036627	0.24167	0.029506
-340499.0	22300	0.037104	0.2408	0.029394
-340499.0	22334	0.033315	0.2398	0.030264
-340499.0	22333	0.031422	0.23931	0.030189
-340499.0	22305	0.033318	0.23881	0.029097
-340499.0	22307	0.036627	0.23693	0.028762
-340499.0	22304	0.035211	0.23832	0.029014
-340499.0	22303	0.037107	0.23782	0.028927
-340499.0	22335	0.035211	0.2403	0.030335
-340499.0	22336	0.037104	0.2408	0.030403
-340499.0	22299	0.035211	0.2403	0.029325
-340499.0	22298	0.033315	0.2398	0.029253
-340499.0	22297	0.031422	0.23931	0.029177
-340499.0	22347	0.029514	0.23981	0.030264
-340499.0	22346	0.02238	0.24167	0.030513
-340499.0	22345	0.024757	0.24105	0.030436
-340497.0	22377	0.053318	0.23881	0.029097
-340497.0	22383	0.047123	0.23818	0.02899
-340497.0	22401	0.051877	0.23818	0.030005
-340497.0	22402	0.057107	0.23782	0.029942
-340497.0	22404	0.053318	0.23881	0.03011
-340497.0	22403	0.055211	0.23832	0.030028
-340497.0	22413	0.0419	0.2408	0.030403
-340497.0	22414	0.043798	0.2403	0.030335
-340497.0	22363	0.045697	0.2398	0.029252
-340497.0	22358	0.04238	0.24167	0.029506
-340497.0	22361	0.0419	0.2408	0.029394
-340497.0	22421	0.054257	0.24105	0.030436
-340497.0	22417	0.044757	0.24105	0.030436
-340497.0	22416	0.047137	0.24043	0.030353
-340497.0	22419	0.049514	0.23981	0.030264
-340497.0	22420	0.056627	0.24167	0.030513
-340497.0	22376	0.055211	0.23832	0.029014
-340497.0	22375	0.057107	0.23782	0.028927
-340497.0	22422	0.051884	0.24043	0.030353
-340497.0	22396	0.044749	0.23756	0.029895
-340497.0	22369	0.051422	0.23931	0.029177
-340497.0	22367	0.041897	0.23781	0.028924
-340497.0	22397	0.042373	0.23693	0.02978
-340497.0	22398	0.0495	0.2388	0.030109
-340497.0	22380	0.054251	0.23756	0.028879
-340497.0	22415	0.045697	0.2398	0.030263
-340497.0	22370	0.053315	0.2398	0.029253
-340497.0	22362	0.043798	0.2403	0.029325
-340497.0	22371	0.055211	0.2403	0.029325
-340497.0	22372	0.057104	0.2408	0.029394
-340497.0	22405	0.051422	0.23931	0.030189
-340497.0	22406	0.053315	0.2398	0.030264
-340497.0	22385	0.042373	0.23693	0.028762
-340497.0	22407	0.055211	0.2403	0.030335
-340497.0	22408	0.057104	0.2408	0.030403
-340497.0	22384	0.044749	0.23756	0.028879
-340497.0	22412	0.047595	0.2393	0.030188
-340497.0	22395	0.047123	0.23818	0.030005
-340497.0	22400	0.054251	0.23756	0.029895
-340497.0	22399	0.056627	0.23693	0.02978
-340497.0	22418	0.04238	0.24167	0.030513
-340497.0	22379	0.056627	0.23693	0.028762
-340497.0	22409	0.045695	0.2388	0.030109
-340497.0	22410	0.043797	0.23831	0.030027
-340497.0	22411	0.041897	0.23781	0.02994
-340497.0	22365	0.045695	0.2388	0.029096
-340497.0	22364	0.047595	0.2393	0.029176
-340497.0	22366	0.043797	0.23831	0.029012
-340497.0	22357	0.044757	0.24105	0.029427
-340497.0	22356	0.047137	0.24043	0.029343
-340497.0	22381	0.051877	0.23818	0.02899
-340497.0	22382	0.0495	0.2388	0.029096
-340497.0	22354	0.051884	0.24043	0.029343
-340497.0	22355	0.049514	0.23981	0.029253
-340497.0	22352	0.056627	0.24167	0.029506
-340497.0	22353	0.054257	0.24105	0.029427
-340495.0	22427	0.011422	0.060308	0.029236
-340495.0	22426	0.013315	0.059812	0.029309
-340495.0	22425	0.015211	0.059316	0.029378
-340495.0	22456	0.016624	0.057933	0.029553
-340495.0	22453	0.0023764	0.057933	0.029553
-340495.0	22430	0.017107	0.0618	0.028994
-340495.0	22428	0.013318	0.060805	0.029159
-340495.0	22429	0.015211	0.061302	0.029078
-340495.0	22433	0.0071335	0.06143	0.029057
-340495.0	22434	0.0047565	0.062052	0.02895
-340495.0	22438	0.016631	0.062675	0.028836
-340495.0	22435	0.0023762	0.062675	0.028836
-340495.0	22444	0.0018997	0.058808	0.029446
-340495.0	22447	0.0018974	0.061798	0.028994
-340495.0	22432	0.0095141	0.060807	0.029159
-340495.0	22424	0.017104	0.058821	0.029444
-340495.0	22467	0.016624	0.057933	0.030559
-340495.0	22494	0.013315	0.059812	0.030319
-340495.0	22493	0.015211	0.059316	0.030388
-340495.0	22492	0.017105	0.058821	0.030452
-340495.0	22458	0.011873	0.05918	0.029397
-340495.0	22457	0.01425	0.058557	0.029478
-340495.0	22474	0.0018974	0.061798	0.030009
-340495.0	22475	0.0037972	0.0613	0.030092
-340495.0	22439	0.014258	0.062052	0.02895
-340495.0	22440	0.011888	0.06143	0.029057
-340495.0	22441	0.0075949	0.060303	0.029237
-340495.0	22442	0.0056973	0.059805	0.02931
-340495.0	22443	0.0037977	0.059307	0.02938
-340495.0	22476	0.0056949	0.060802	0.030172
-340495.0	22477	0.0075949	0.060303	0.030248
-340495.0	22478	0.0056973	0.059805	0.03032
-340495.0	22471	0.0071266	0.05918	0.030406
-340495.0	22470	0.0095	0.059803	0.03032
-340495.0	22473	0.0023764	0.057933	0.030559
-340495.0	22472	0.0047503	0.058557	0.030485
-340495.0	22469	0.011873	0.05918	0.030406
-340495.0	22468	0.01425	0.058557	0.030485
-340495.0	22448	0.0037971	0.0613	0.029079
-340495.0	22449	0.0056949	0.060802	0.029159
-340495.0	22450	0.0095	0.059803	0.02931
-340495.0	22451	0.0071266	0.05918	0.029397
-340495.0	22452	0.0047504	0.058557	0.029478
-340495.0	22484	0.0095141	0.060807	0.030171
-340495.0	22483	0.011888	0.06143	0.030071
-340495.0	22482	0.014258	0.062052	0.029965
-340495.0	22491	0.011422	0.060308	0.030247
-340495.0	22490	0.017107	0.0618	0.030009
-340495.0	22489	0.015211	0.061302	0.030092
-340495.0	22488	0.013318	0.060805	0.030171
-340495.0	22487	0.0023762	0.062675	0.029853
-340495.0	22486	0.0047565	0.062052	0.029965
-340495.0	22485	0.0071335	0.06143	0.030071
-340495.0	22481	0.016631	0.062675	0.029853
-340495.0	22479	0.0037977	0.059307	0.030389
-340495.0	22480	0.0018997	0.058808	0.030454
-340493.0	22514	0.033318	0.060805	0.029159
-340493.0	22519	0.037104	0.058821	0.029444
-340493.0	22516	0.037107	0.0618	0.028994
-340493.0	22515	0.035211	0.061302	0.029078
-340493.0	22520	0.035211	0.059316	0.029378
-340493.0	22549	0.031422	0.060308	0.030247
-340493.0	22548	0.033315	0.059812	0.030319
-340493.0	22547	0.035211	0.059316	0.030388
-340493.0	22551	0.035211	0.061302	0.030092
-340493.0	22552	0.037107	0.0618	0.030009
-340493.0	22553	0.025697	0.059805	0.03032
-340493.0	22550	0.033318	0.060805	0.030171
-340493.0	22554	0.023798	0.059307	0.030389
-340493.0	22560	0.027133	0.06143	0.030071
-340493.0	22559	0.025695	0.060802	0.030172
-340493.0	22555	0.0219	0.058808	0.030454
-340493.0	22566	0.031888	0.06143	0.030071
-340493.0	22562	0.022376	0.062675	0.029853
-340493.0	22564	0.036631	0.062675	0.029853
-340493.0	22561	0.024757	0.062052	0.029965
-340493.0	22563	0.029514	0.060807	0.030171
-340493.0	22565	0.034258	0.062052	0.029965
-340493.0	22497	0.034258	0.062052	0.02895
-340493.0	22499	0.029514	0.060807	0.029159
-340493.0	22496	0.036631	0.062675	0.028836
-340493.0	22526	0.0295	0.059803	0.02931
-340493.0	22498	0.031888	0.06143	0.029057
-340493.0	22557	0.021897	0.061798	0.030009
-340493.0	22558	0.023797	0.0613	0.030092
-340493.0	22527	0.027127	0.05918	0.029397
-340493.0	22528	0.02475	0.058557	0.029478
-340493.0	22529	0.022376	0.057933	0.029553
-340493.0	22539	0.027127	0.05918	0.030406
-340493.0	22545	0.031873	0.05918	0.030406
-340493.0	22544	0.03425	0.058557	0.030485
-340493.0	22510	0.023798	0.059307	0.02938
-340493.0	22524	0.03425	0.058557	0.029478
-340493.0	22525	0.031873	0.05918	0.029397
-340493.0	22508	0.027595	0.060303	0.029237
-340493.0	22509	0.025697	0.059805	0.02931
-340493.0	22542	0.0295	0.059803	0.03032
-340493.0	22511	0.0219	0.058808	0.029446
-340493.0	22513	0.031422	0.060308	0.029236
-340493.0	22541	0.022376	0.057933	0.030559
-340493.0	22505	0.021897	0.061798	0.028994
-340493.0	22540	0.02475	0.058557	0.030485
-340493.0	22507	0.025695	0.060802	0.029159
-340493.0	22506	0.023797	0.0613	0.029079
-340493.0	22521	0.033315	0.059812	0.029309
-340493.0	22523	0.036624	0.057933	0.029553
-340493.0	22556	0.027595	0.060303	0.030248
-340493.0	22543	0.036624	0.057933	0.030559
-340493.0	22546	0.037105	0.058821	0.030452
-340493.0	22502	0.022376	0.062675	0.028836
-340493.0	22501	0.024757	0.062052	0.02895
-340493.0	22500	0.027133	0.06143	0.029057
-340491.0	22597	0.051873	0.05918	0.029397
-340491.0	22580	0.047595	0.060303	0.029237
-340491.0	22581	0.045697	0.059805	0.02931
-340491.0	22568	0.056631	0.062675	0.028836
-340491.0	22570	0.051888	0.06143	0.029057
-340491.0	22588	0.057107	0.0618	0.028994
-340491.0	22623	0.055211	0.061302	0.030092
-340491.0	22624	0.057107	0.0618	0.030009
-340491.0	22632	0.047133	0.06143	0.030071
-340491.0	22629	0.041897	0.061798	0.030009
-340491.0	22631	0.045695	0.060802	0.030172
-340491.0	22625	0.045697	0.059805	0.03032
-340491.0	22628	0.047595	0.060303	0.030248
-340491.0	22630	0.043797	0.0613	0.030092
-340491.0	22636	0.056631	0.062675	0.029853
-340491.0	22600	0.04475	0.058557	0.029478
-340491.0	22626	0.043798	0.059307	0.030389
-340491.0	22627	0.0419	0.058808	0.030454
-340491.0	22613	0.042376	0.057933	0.030559
-340491.0	22601	0.042376	0.057933	0.029553
-340491.0	22637	0.054258	0.062052	0.029965
-340491.0	22638	0.051888	0.06143	0.030071
-340491.0	22612	0.04475	0.058557	0.030485
-340491.0	22611	0.047127	0.05918	0.030406
-340491.0	22618	0.057105	0.058821	0.030452
-340491.0	22598	0.0495	0.059803	0.02931
-340491.0	22599	0.047127	0.05918	0.029397
-340491.0	22633	0.044757	0.062052	0.029965
-340491.0	22634	0.042376	0.062675	0.029853
-340491.0	22635	0.049514	0.060807	0.030171
-340491.0	22617	0.051873	0.05918	0.030406
-340491.0	22614	0.0495	0.059803	0.03032
-340491.0	22616	0.05425	0.058557	0.030485
-340491.0	22615	0.056624	0.057933	0.030559
-340491.0	22619	0.055211	0.059316	0.030388
-340491.0	22569	0.054258	0.062052	0.02895
-340491.0	22577	0.041897	0.061798	0.028994
-340491.0	22571	0.049514	0.060807	0.029159
-340491.0	22578	0.043797	0.0613	0.029079
-340491.0	22579	0.045695	0.060802	0.029159
-340491.0	22572	0.047133	0.06143	0.029057
-340491.0	22574	0.042376	0.062675	0.028836
-340491.0	22573	0.044757	0.062052	0.02895
-340491.0	22582	0.043798	0.059307	0.02938
-340491.0	22583	0.0419	0.058808	0.029446
-340491.0	22585	0.051422	0.060308	0.029236
-340491.0	22586	0.053318	0.060805	0.029159
-340491.0	22587	0.055211	0.061302	0.029078
-340491.0	22620	0.053315	0.059812	0.030319
-340491.0	22621	0.051422	0.060308	0.030247
-340491.0	22622	0.053318	0.060805	0.030171
-340491.0	22591	0.057104	0.058821	0.029444
-340491.0	22592	0.055211	0.059316	0.029378
-340491.0	22593	0.053315	0.059812	0.029309
-340491.0	22595	0.056624	0.057933	0.029553
-340491.0	22596	0.05425	0.058557	0.029478
-340489.0	22639	0.011422	0.16031	0.029236
-340489.0	22670	0.0023762	0.16267	0.028836
-340489.0	22640	0.013318	0.16081	0.029159
-340489.0	22669	0.0047565	0.16205	0.02895
-340489.0	22668	0.0071335	0.16143	0.029057
-340489.0	22654	0.0095	0.1598	0.02931
-340489.0	22653	0.011873	0.15918	0.029397
-340489.0	22652	0.01425	0.15856	0.029478
-340489.0	22651	0.016624	0.15793	0.029553
-340489.0	22684	0.0047565	0.16205	0.029965
-340489.0	22685	0.0023762	0.16267	0.029853
-340489.0	22641	0.015211	0.1613	0.029078
-340489.0	22642	0.017107	0.1618	0.028994
-340489.0	22645	0.017104	0.15882	0.029444
-340489.0	22646	0.015211	0.15932	0.029378
-340489.0	22647	0.013315	0.15981	0.029309
-340489.0	22698	0.0095	0.1598	0.03032
-340489.0	22697	0.0023764	0.15793	0.030559
-340489.0	22696	0.0047503	0.15856	0.030485
-340489.0	22695	0.0071266	0.15918	0.030406
-340489.0	22693	0.0056949	0.1608	0.030172
-340489.0	22692	0.0037972	0.1613	0.030092
-340489.0	22688	0.0037977	0.15931	0.030389
-340489.0	22691	0.0018974	0.1618	0.030009
-340489.0	22687	0.0056973	0.15981	0.03032
-340489.0	22690	0.0075949	0.1603	0.030248
-340489.0	22689	0.0018997	0.15881	0.030454
-340489.0	22679	0.016631	0.16267	0.029853
-340489.0	22680	0.014258	0.16205	0.029965
-340489.0	22681	0.011888	0.16143	0.030071
-340489.0	22682	0.0095141	0.16081	0.030171
-340489.0	22683	0.0071335	0.16143	0.030071
-340489.0	22701	0.011873	0.15918	0.030406
-340489.0	22700	0.01425	0.15856	0.030485
-340489.0	22667	0.0095141	0.16081	0.029159
-340489.0	22665	0.0018997	0.15881	0.029446
-340489.0	22664	0.0037977	0.15931	0.02938
-340489.0	22674	0.011888	0.16143	0.029057
-340489.0	22673	0.014258	0.16205	0.02895
-340489.0	22672	0.016631	0.16267	0.028836
-340489.0	22662	0.0075949	0.1603	0.029237
-340489.0	22663	0.0056973	0.15981	0.02931
-340489.0	22661	0.0056949	0.1608	0.029159
-340489.0	22655	0.0071266	0.15918	0.029397
-340489.0	22656	0.0047504	0.15856	0.029478
-340489.0	22657	0.0023764	0.15793	0.029553
-340489.0	22659	0.0018974	0.1618	0.028994
-340489.0	22660	0.0037971	0.1613	0.029079
-340489.0	22710	0.017107	0.1618	0.030009
-340489.0	22709	0.015211	0.1613	0.030092
-340489.0	22708	0.013318	0.16081	0.030171
-340489.0	22707	0.011422	0.16031	0.030247
-340489.0	22706	0.013315	0.15981	0.030319
-340489.0	22705	0.015211	0.15932	0.030388
-340489.0	22704	0.017105	0.15882	0.030452
-340489.0	22699	0.016624	0.15793	0.030559
-340487.0	22757	0.022376	0.15793	0.030559
-340487.0	22756	0.02475	0.15856	0.030485
-340487.0	22755	0.027127	0.15918	0.030406
-340487.0	22782	0.031888	0.16143	0.030071
-340487.0	22781	0.034258	0.16205	0.029965
-340487.0	22780	0.036631	0.16267	0.029853
-340487.0	22745	0.022376	0.15793	0.029553
-340487.0	22744	0.02475	0.15856	0.029478
-340487.0	22743	0.027127	0.15918	0.029397
-340487.0	22742	0.0295	0.1598	0.02931
-340487.0	22741	0.031873	0.15918	0.029397
-340487.0	22740	0.03425	0.15856	0.029478
-340487.0	22739	0.036624	0.15793	0.029553
-340487.0	22737	0.033315	0.15981	0.029309
-340487.0	22736	0.035211	0.15932	0.029378
-340487.0	22735	0.037104	0.15882	0.029444
-340487.0	22773	0.021897	0.1618	0.030009
-340487.0	22772	0.027595	0.1603	0.030248
-340487.0	22771	0.0219	0.15881	0.030454
-340487.0	22770	0.023798	0.15931	0.030389
-340487.0	22769	0.025697	0.15981	0.03032
-340487.0	22768	0.037107	0.1618	0.030009
-340487.0	22767	0.035211	0.1613	0.030092
-340487.0	22762	0.037105	0.15882	0.030452
-340487.0	22759	0.036624	0.15793	0.030559
-340487.0	22763	0.035211	0.15932	0.030388
-340487.0	22760	0.03425	0.15856	0.030485
-340487.0	22761	0.031873	0.15918	0.030406
-340487.0	22758	0.0295	0.1598	0.03032
-340487.0	22774	0.023797	0.1613	0.030092
-340487.0	22776	0.027133	0.16143	0.030071
-340487.0	22777	0.024757	0.16205	0.029965
-340487.0	22779	0.029514	0.16081	0.030171
-340487.0	22778	0.022376	0.16267	0.029853
-340487.0	22775	0.025695	0.1608	0.030172
-340487.0	22717	0.024757	0.16205	0.02895
-340487.0	22718	0.022376	0.16267	0.028836
-340487.0	22729	0.031422	0.16031	0.029236
-340487.0	22727	0.0219	0.15881	0.029446
-340487.0	22726	0.023798	0.15931	0.02938
-340487.0	22725	0.025697	0.15981	0.02931
-340487.0	22724	0.027595	0.1603	0.029237
-340487.0	22723	0.025695	0.1608	0.029159
-340487.0	22766	0.033318	0.16081	0.030171
-340487.0	22730	0.033318	0.16081	0.029159
-340487.0	22765	0.031422	0.16031	0.030247
-340487.0	22764	0.033315	0.15981	0.030319
-340487.0	22731	0.035211	0.1613	0.029078
-340487.0	22712	0.036631	0.16267	0.028836
-340487.0	22732	0.037107	0.1618	0.028994
-340487.0	22716	0.027133	0.16143	0.029057
-340487.0	22722	0.023797	0.1613	0.029079
-340487.0	22721	0.021897	0.1618	0.028994
-340487.0	22715	0.029514	0.16081	0.029159
-340487.0	22714	0.031888	0.16143	0.029057
-340487.0	22713	0.034258	0.16205	0.02895
-340485.0	22814	0.042376	0.16267	0.028836
-340485.0	22783	0.051422	0.16031	0.029236
-340485.0	22784	0.053318	0.16081	0.029159
-340485.0	22798	0.0495	0.1598	0.02931
-340485.0	22796	0.05425	0.15856	0.029478
-340485.0	22797	0.051873	0.15918	0.029397
-340485.0	22791	0.053315	0.15981	0.029309
-340485.0	22790	0.055211	0.15932	0.029378
-340485.0	22836	0.043797	0.1613	0.030092
-340485.0	22835	0.041897	0.1618	0.030009
-340485.0	22834	0.047595	0.1603	0.030248
-340485.0	22833	0.0419	0.15881	0.030454
-340485.0	22832	0.043798	0.15931	0.030389
-340485.0	22831	0.045697	0.15981	0.03032
-340485.0	22826	0.049514	0.16081	0.030171
-340485.0	22827	0.047133	0.16143	0.030071
-340485.0	22823	0.056631	0.16267	0.029853
-340485.0	22818	0.051888	0.16143	0.029057
-340485.0	22825	0.051888	0.16143	0.030071
-340485.0	22824	0.054258	0.16205	0.029965
-340485.0	22817	0.054258	0.16205	0.02895
-340485.0	22816	0.056631	0.16267	0.028836
-340485.0	22854	0.057107	0.1618	0.030009
-340485.0	22853	0.055211	0.1613	0.030092
-340485.0	22839	0.047127	0.15918	0.030406
-340485.0	22840	0.04475	0.15856	0.030485
-340485.0	22851	0.051422	0.16031	0.030247
-340485.0	22852	0.053318	0.16081	0.030171
-340485.0	22850	0.053315	0.15981	0.030319
-340485.0	22849	0.055211	0.15932	0.030388
-340485.0	22843	0.056624	0.15793	0.030559
-340485.0	22848	0.057105	0.15882	0.030452
-340485.0	22837	0.045695	0.1608	0.030172
-340485.0	22841	0.042376	0.15793	0.030559
-340485.0	22842	0.0495	0.1598	0.03032
-340485.0	22800	0.04475	0.15856	0.029478
-340485.0	22799	0.047127	0.15918	0.029397
-340485.0	22829	0.042376	0.16267	0.029853
-340485.0	22828	0.044757	0.16205	0.029965
-340485.0	22795	0.056624	0.15793	0.029553
-340485.0	22845	0.051873	0.15918	0.030406
-340485.0	22844	0.05425	0.15856	0.030485
-340485.0	22811	0.049514	0.16081	0.029159
-340485.0	22809	0.0419	0.15881	0.029446
-340485.0	22808	0.043798	0.15931	0.02938
-340485.0	22807	0.045697	0.15981	0.02931
-340485.0	22806	0.047595	0.1603	0.029237
-340485.0	22805	0.045695	0.1608	0.029159
-340485.0	22804	0.043797	0.1613	0.029079
-340485.0	22803	0.041897	0.1618	0.028994
-340485.0	22801	0.042376	0.15793	0.029553
-340485.0	22785	0.055211	0.1613	0.029078
-340485.0	22786	0.057107	0.1618	0.028994
-340485.0	22789	0.057104	0.15882	0.029444
-340485.0	22813	0.044757	0.16205	0.02895
-340485.0	22812	0.047133	0.16143	0.029057
-340483.0	22910	0.0056973	0.25981	0.03032
-340483.0	22909	0.0075949	0.2603	0.030248
-340483.0	22908	0.0056949	0.2608	0.030172
-340483.0	22875	0.0037977	0.25931	0.02938
-340483.0	22874	0.0056973	0.25981	0.02931
-340483.0	22873	0.0075949	0.2603	0.029237
-340483.0	22871	0.017107	0.2618	0.028994
-340483.0	22870	0.015211	0.2613	0.029078
-340483.0	22869	0.013318	0.26081	0.029159
-340483.0	22868	0.011422	0.26031	0.029236
-340483.0	22867	0.013315	0.25981	0.029309
-340483.0	22861	0.016624	0.25793	0.029553
-340483.0	22862	0.01425	0.25856	0.029478
-340483.0	22856	0.0071266	0.25918	0.029397
-340483.0	22855	0.0095	0.2598	0.02931
-340483.0	22876	0.0018997	0.25881	0.029446
-340483.0	22879	0.0018974	0.2618	0.028994
-340483.0	22880	0.0037971	0.2613	0.029079
-340483.0	22881	0.0056949	0.2608	0.029159
-340483.0	22882	0.0095141	0.26081	0.029159
-340483.0	22883	0.0071335	0.26143	0.029057
-340483.0	22884	0.0047565	0.26205	0.02895
-340483.0	22885	0.0023762	0.26267	0.028836
-340483.0	22888	0.016631	0.26267	0.028836
-340483.0	22889	0.014258	0.26205	0.02895
-340483.0	22890	0.011888	0.26143	0.029057
-340483.0	22924	0.0071266	0.25918	0.030406
-340483.0	22925	0.0047503	0.25856	0.030485
-340483.0	22926	0.0023764	0.25793	0.030559
-340483.0	22899	0.016631	0.26267	0.029853
-340483.0	22900	0.014258	0.26205	0.029965
-340483.0	22901	0.011888	0.26143	0.030071
-340483.0	22857	0.0047504	0.25856	0.029478
-340483.0	22858	0.0023764	0.25793	0.029553
-340483.0	22863	0.011873	0.25918	0.029397
-340483.0	22865	0.017104	0.25882	0.029444
-340483.0	22866	0.015211	0.25932	0.029378
-340483.0	22917	0.017105	0.25882	0.030452
-340483.0	22915	0.017107	0.2618	0.030009
-340483.0	22916	0.011422	0.26031	0.030247
-340483.0	22903	0.0071335	0.26143	0.030071
-340483.0	22907	0.0037972	0.2613	0.030092
-340483.0	22904	0.0047565	0.26205	0.029965
-340483.0	22914	0.015211	0.2613	0.030092
-340483.0	22913	0.013318	0.26081	0.030171
-340483.0	22912	0.0018997	0.25881	0.030454
-340483.0	22911	0.0037977	0.25931	0.030389
-340483.0	22906	0.0018974	0.2618	0.030009
-340483.0	22923	0.0095	0.2598	0.03032
-340483.0	22922	0.011873	0.25918	0.030406
-340483.0	22919	0.013315	0.25981	0.030319
-340483.0	22905	0.0023762	0.26267	0.029853
-340483.0	22902	0.0095141	0.26081	0.030171
-340483.0	22918	0.015211	0.25932	0.030388
-340483.0	22920	0.016624	0.25793	0.030559
-340483.0	22921	0.01425	0.25856	0.030485
-340481.0	22945	0.031422	0.26031	0.029236
-340481.0	22943	0.0219	0.25881	0.029446
-340481.0	22974	0.0295	0.2598	0.03032
-340481.0	22993	0.024757	0.26205	0.029965
-340481.0	22992	0.027133	0.26143	0.030071
-340481.0	22948	0.037107	0.2618	0.028994
-340481.0	22947	0.035211	0.2613	0.029078
-340481.0	22946	0.033318	0.26081	0.029159
-340481.0	22952	0.035211	0.25932	0.029378
-340481.0	22951	0.037104	0.25882	0.029444
-340481.0	22994	0.022376	0.26267	0.029853
-340481.0	22942	0.023798	0.25931	0.02938
-340481.0	22940	0.027595	0.2603	0.029237
-340481.0	22941	0.025697	0.25981	0.02931
-340481.0	22934	0.022376	0.26267	0.028836
-340481.0	22933	0.024757	0.26205	0.02895
-340481.0	22958	0.0295	0.2598	0.02931
-340481.0	22928	0.036631	0.26267	0.028836
-340481.0	22929	0.034258	0.26205	0.02895
-340481.0	22930	0.031888	0.26143	0.029057
-340481.0	22931	0.029514	0.26081	0.029159
-340481.0	22932	0.027133	0.26143	0.029057
-340481.0	22957	0.031873	0.25918	0.029397
-340481.0	22956	0.03425	0.25856	0.029478
-340481.0	22953	0.033315	0.25981	0.029309
-340481.0	22955	0.036624	0.25793	0.029553
-340481.0	22988	0.027595	0.2603	0.030248
-340481.0	22989	0.021897	0.2618	0.030009
-340481.0	22990	0.023797	0.2613	0.030092
-340481.0	22959	0.027127	0.25918	0.029397
-340481.0	22960	0.02475	0.25856	0.029478
-340481.0	22961	0.022376	0.25793	0.029553
-340481.0	22971	0.027127	0.25918	0.030406
-340481.0	22975	0.036624	0.25793	0.030559
-340481.0	22976	0.03425	0.25856	0.030485
-340481.0	22995	0.029514	0.26081	0.030171
-340481.0	22996	0.036631	0.26267	0.029853
-340481.0	22997	0.034258	0.26205	0.029965
-340481.0	22998	0.031888	0.26143	0.030071
-340481.0	22977	0.031873	0.25918	0.030406
-340481.0	22937	0.021897	0.2618	0.028994
-340481.0	22938	0.023797	0.2613	0.029079
-340481.0	22939	0.025695	0.2608	0.029159
-340481.0	22972	0.02475	0.25856	0.030485
-340481.0	22973	0.022376	0.25793	0.030559
-340481.0	22986	0.023798	0.25931	0.030389
-340481.0	22991	0.025695	0.2608	0.030172
-340481.0	22987	0.0219	0.25881	0.030454
-340481.0	22983	0.035211	0.2613	0.030092
-340481.0	22984	0.037107	0.2618	0.030009
-340481.0	22985	0.025697	0.25981	0.03032
-340481.0	22982	0.033318	0.26081	0.030171
-340481.0	22979	0.035211	0.25932	0.030388
-340481.0	22980	0.033315	0.25981	0.030319
-340481.0	22981	0.031422	0.26031	0.030247
-340481.0	22978	0.037105	0.25882	0.030452
-340479.0	23004	0.047133	0.26143	0.029057
-340479.0	23005	0.044757	0.26205	0.02895
-340479.0	23006	0.042376	0.26267	0.028836
-340479.0	23020	0.057107	0.2618	0.028994
-340479.0	23054	0.053318	0.26081	0.030171
-340479.0	23023	0.057104	0.25882	0.029444
-340479.0	23024	0.055211	0.25932	0.029378
-340479.0	23025	0.053315	0.25981	0.029309
-340479.0	23059	0.0419	0.25881	0.030454
-340479.0	23060	0.047595	0.2603	0.030248
-340479.0	23061	0.041897	0.2618	0.030009
-340479.0	23062	0.043797	0.2613	0.030092
-340479.0	23027	0.056624	0.25793	0.029553
-340479.0	23028	0.05425	0.25856	0.029478
-340479.0	23029	0.051873	0.25918	0.029397
-340479.0	23030	0.0495	0.2598	0.02931
-340479.0	23009	0.041897	0.2618	0.028994
-340479.0	23010	0.043797	0.2613	0.029079
-340479.0	23011	0.045695	0.2608	0.029159
-340479.0	23012	0.047595	0.2603	0.029237
-340479.0	23013	0.045697	0.25981	0.02931
-340479.0	23014	0.043798	0.25931	0.02938
-340479.0	23015	0.0419	0.25881	0.029446
-340479.0	23017	0.051422	0.26031	0.029236
-340479.0	23000	0.056631	0.26267	0.028836
-340479.0	23001	0.054258	0.26205	0.02895
-340479.0	23002	0.051888	0.26143	0.029057
-340479.0	23003	0.049514	0.26081	0.029159
-340479.0	23031	0.047127	0.25918	0.029397
-340479.0	23032	0.04475	0.25856	0.029478
-340479.0	23033	0.042376	0.25793	0.029553
-340479.0	23068	0.056631	0.26267	0.029853
-340479.0	23018	0.053318	0.26081	0.029159
-340479.0	23019	0.055211	0.2613	0.029078
-340479.0	23052	0.053315	0.25981	0.030319
-340479.0	23053	0.051422	0.26031	0.030247
-340479.0	23057	0.045697	0.25981	0.03032
-340479.0	23056	0.057107	0.2618	0.030009
-340479.0	23058	0.043798	0.25931	0.030389
-340479.0	23048	0.05425	0.25856	0.030485
-340479.0	23067	0.049514	0.26081	0.030171
-340479.0	23047	0.056624	0.25793	0.030559
-340479.0	23046	0.0495	0.2598	0.03032
-340479.0	23045	0.042376	0.25793	0.030559
-340479.0	23063	0.045695	0.2608	0.030172
-340479.0	23064	0.047133	0.26143	0.030071
-340479.0	23065	0.044757	0.26205	0.029965
-340479.0	23066	0.042376	0.26267	0.029853
-340479.0	23049	0.051873	0.25918	0.030406
-340479.0	23050	0.057105	0.25882	0.030452
-340479.0	23051	0.055211	0.25932	0.030388
-340479.0	23055	0.055211	0.2613	0.030092
-340479.0	23044	0.04475	0.25856	0.030485
-340479.0	23043	0.047127	0.25918	0.030406
-340479.0	23070	0.051888	0.26143	0.030071
-340479.0	23069	0.054258	0.26205	0.029965
-340477.0	23128	0.0018981	0.044808	0.030817
-340477.0	23127	0.0037973	0.045306	0.030853
-340477.0	23126	0.0056957	0.045805	0.030884
-340477.0	23125	0.0075949	0.046303	0.030913
-340477.0	23135	0.002379	0.048674	0.030998
-340477.0	23131	0.011885	0.047429	0.030963
-340477.0	23130	0.014257	0.048052	0.030983
-340477.0	23129	0.016628	0.048674	0.030998
-340477.0	23104	0.016627	0.043933	0.029743
-340477.0	23134	0.0047571	0.048052	0.030983
-340477.0	23133	0.0071364	0.047429	0.030963
-340477.0	23132	0.0095141	0.046807	0.030937
-340477.0	23099	0.0071234	0.045179	0.029842
-340477.0	23098	0.0095	0.045803	0.029882
-340477.0	23097	0.0056973	0.046801	0.029936
-340477.0	23096	0.0037975	0.0473	0.029957
-340477.0	23095	0.0018997	0.047798	0.029975
-340477.0	23080	0.0095141	0.046807	0.029936
-340477.0	23078	0.017105	0.047799	0.029975
-340477.0	23077	0.015211	0.047302	0.029957
-340477.0	23124	0.0056973	0.046801	0.030937
-340477.0	23139	0.011422	0.046308	0.030913
-340477.0	23141	0.015211	0.045316	0.030853
-340477.0	23140	0.017106	0.04482	0.030818
-340477.0	23137	0.015211	0.047302	0.030958
-340477.0	23136	0.013315	0.046804	0.030937
-340477.0	23138	0.017105	0.047799	0.030976
-340477.0	23142	0.013317	0.045812	0.030885
-340477.0	23122	0.0018997	0.047798	0.030976
-340477.0	23123	0.0037975	0.0473	0.030958
-340477.0	23121	0.0023731	0.043933	0.030747
-340477.0	23105	0.01425	0.044556	0.029795
-340477.0	23072	0.017106	0.04482	0.029816
-340477.0	23101	0.0023731	0.043933	0.029743
-340477.0	23100	0.0047498	0.044556	0.029795
-340477.0	23073	0.015211	0.045316	0.029851
-340477.0	23086	0.016628	0.048674	0.029997
-340477.0	23088	0.011885	0.047429	0.029962
-340477.0	23087	0.014257	0.048052	0.029983
-340477.0	23118	0.0095	0.045803	0.030884
-340477.0	23076	0.013315	0.046804	0.029936
-340477.0	23075	0.011422	0.046308	0.029911
-340477.0	23074	0.013317	0.045812	0.029883
-340477.0	23119	0.0071235	0.045179	0.030844
-340477.0	23120	0.0047498	0.044556	0.030798
-340477.0	23115	0.016627	0.043933	0.030747
-340477.0	23106	0.011877	0.045179	0.029842
-340477.0	23089	0.0075949	0.046303	0.029911
-340477.0	23117	0.011877	0.045179	0.030844
-340477.0	23116	0.01425	0.044556	0.030798
-340477.0	23083	0.002379	0.048674	0.029997
-340477.0	23082	0.0047571	0.048052	0.029983
-340477.0	23081	0.0071364	0.047429	0.029962
-340477.0	23092	0.0018981	0.044808	0.029815
-340477.0	23091	0.0037973	0.045306	0.02985
-340477.0	23090	0.0056957	0.045805	0.029883
-340475.0	23192	0.03425	0.044556	0.030798
-340475.0	23191	0.036626	0.043933	0.030747
-340475.0	23184	0.0295	0.045803	0.030884
-340475.0	23199	0.035211	0.047302	0.030958
-340475.0	23200	0.037105	0.047799	0.030976
-340475.0	23195	0.035211	0.045316	0.030853
-340475.0	23194	0.037106	0.04482	0.030818
-340475.0	23205	0.021899	0.047798	0.030976
-340475.0	23209	0.024757	0.048052	0.030983
-340475.0	23210	0.022379	0.048674	0.030998
-340475.0	23211	0.029514	0.046807	0.030937
-340475.0	23204	0.027595	0.046303	0.030913
-340475.0	23207	0.025697	0.046801	0.030937
-340475.0	23201	0.025696	0.045805	0.030884
-340475.0	23203	0.021898	0.044808	0.030817
-340475.0	23202	0.023797	0.045306	0.030853
-340475.0	23159	0.021898	0.044808	0.029815
-340475.0	23161	0.031422	0.046308	0.029911
-340475.0	23162	0.033316	0.046805	0.029936
-340475.0	23177	0.02475	0.044556	0.029795
-340475.0	23172	0.03425	0.044556	0.029795
-340475.0	23176	0.027124	0.04518	0.029842
-340475.0	23174	0.0295	0.045803	0.029882
-340475.0	23173	0.031876	0.04518	0.029842
-340475.0	23167	0.037106	0.04482	0.029816
-340475.0	23198	0.033316	0.046805	0.030937
-340475.0	23197	0.031422	0.046308	0.030913
-340475.0	23196	0.033317	0.045812	0.030885
-340475.0	23163	0.035211	0.047302	0.029957
-340475.0	23171	0.036626	0.043933	0.029743
-340475.0	23169	0.033317	0.045812	0.029883
-340475.0	23168	0.035211	0.045316	0.029851
-340475.0	23147	0.029514	0.046807	0.029936
-340475.0	23208	0.027136	0.047429	0.030963
-340475.0	23206	0.023798	0.0473	0.030958
-340475.0	23178	0.022374	0.043933	0.029743
-340475.0	23183	0.022374	0.043933	0.030747
-340475.0	23212	0.036628	0.048674	0.030998
-340475.0	23213	0.034257	0.048052	0.030983
-340475.0	23214	0.031885	0.047429	0.030963
-340475.0	23193	0.031876	0.04518	0.030844
-340475.0	23148	0.027136	0.047429	0.029962
-340475.0	23150	0.022379	0.048674	0.029997
-340475.0	23149	0.024757	0.048052	0.029983
-340475.0	23155	0.025697	0.046801	0.029936
-340475.0	23145	0.034257	0.048052	0.029983
-340475.0	23146	0.031885	0.047429	0.029962
-340475.0	23154	0.023798	0.0473	0.029957
-340475.0	23181	0.027124	0.04518	0.030844
-340475.0	23156	0.027595	0.046303	0.029911
-340475.0	23157	0.025696	0.045805	0.029883
-340475.0	23158	0.023797	0.045306	0.02985
-340475.0	23144	0.036628	0.048674	0.029997
-340475.0	23182	0.02475	0.044556	0.030798
-340475.0	23153	0.021899	0.047798	0.029975
-340475.0	23164	0.037105	0.047799	0.029975
-340473.0	23264	0.05425	0.044556	0.030798
-340473.0	23263	0.056626	0.043933	0.030747
-340473.0	23256	0.0495	0.045803	0.030884
-340473.0	23236	0.057105	0.047799	0.029975
-340473.0	23245	0.051876	0.04518	0.029842
-340473.0	23246	0.0495	0.045803	0.029882
-340473.0	23216	0.056628	0.048674	0.029997
-340473.0	23221	0.044757	0.048052	0.029983
-340473.0	23241	0.053317	0.045812	0.029883
-340473.0	23240	0.055211	0.045316	0.029851
-340473.0	23239	0.057106	0.04482	0.029816
-340473.0	23217	0.054257	0.048052	0.029983
-340473.0	23235	0.055211	0.047302	0.029957
-340473.0	23234	0.053316	0.046805	0.029936
-340473.0	23233	0.051422	0.046308	0.029911
-340473.0	23231	0.041898	0.044808	0.029815
-340473.0	23227	0.045697	0.046801	0.029936
-340473.0	23226	0.043798	0.0473	0.029957
-340473.0	23225	0.041899	0.047798	0.029975
-340473.0	23244	0.05425	0.044556	0.029795
-340473.0	23269	0.051422	0.046308	0.030913
-340473.0	23270	0.053316	0.046805	0.030937
-340473.0	23271	0.055211	0.047302	0.030958
-340473.0	23272	0.057105	0.047799	0.030976
-340473.0	23228	0.047595	0.046303	0.029911
-340473.0	23229	0.045696	0.045805	0.029883
-340473.0	23230	0.043797	0.045306	0.02985
-340473.0	23255	0.042374	0.043933	0.030747
-340473.0	23254	0.04475	0.044556	0.030798
-340473.0	23253	0.047124	0.04518	0.030844
-340473.0	23250	0.042374	0.043933	0.029743
-340473.0	23249	0.04475	0.044556	0.029795
-340473.0	23248	0.047124	0.04518	0.029842
-340473.0	23276	0.047595	0.046303	0.030913
-340473.0	23277	0.041899	0.047798	0.030976
-340473.0	23218	0.051885	0.047429	0.029962
-340473.0	23222	0.042379	0.048674	0.029997
-340473.0	23219	0.049514	0.046807	0.029936
-340473.0	23220	0.047136	0.047429	0.029962
-340473.0	23283	0.049514	0.046807	0.030937
-340473.0	23243	0.056626	0.043933	0.029743
-340473.0	23282	0.042379	0.048674	0.030998
-340473.0	23281	0.044757	0.048052	0.030983
-340473.0	23280	0.047136	0.047429	0.030963
-340473.0	23278	0.043798	0.0473	0.030958
-340473.0	23284	0.056628	0.048674	0.030998
-340473.0	23285	0.054257	0.048052	0.030983
-340473.0	23286	0.051885	0.047429	0.030963
-340473.0	23273	0.045696	0.045805	0.030884
-340473.0	23274	0.043797	0.045306	0.030853
-340473.0	23275	0.041898	0.044808	0.030817
-340473.0	23279	0.045697	0.046801	0.030937
-340473.0	23265	0.051876	0.04518	0.030844
-340473.0	23266	0.057106	0.04482	0.030818
-340473.0	23267	0.055211	0.045316	0.030853
-340473.0	23268	0.053317	0.045812	0.030885
-340471.0	23318	0.0095	0.1458	0.029882
-340471.0	23317	0.011876	0.14518	0.029842
-340471.0	23316	0.01425	0.14456	0.029795
-340471.0	23315	0.016626	0.14393	0.029743
-340471.0	23313	0.013317	0.14581	0.029883
-340471.0	23312	0.015211	0.14532	0.029851
-340471.0	23311	0.017106	0.14482	0.029816
-340471.0	23342	0.013316	0.1468	0.030937
-340471.0	23341	0.011422	0.14631	0.030913
-340471.0	23340	0.013317	0.14581	0.030885
-340471.0	23307	0.015211	0.1473	0.029957
-340471.0	23306	0.013316	0.1468	0.029936
-340471.0	23301	0.0056957	0.1458	0.029883
-340471.0	23302	0.0037973	0.14531	0.02985
-340471.0	23303	0.0018981	0.14481	0.029815
-340471.0	23305	0.011422	0.14631	0.029911
-340471.0	23291	0.0095141	0.14681	0.029936
-340471.0	23290	0.011885	0.14743	0.029962
-340471.0	23289	0.014257	0.14805	0.029983
-340471.0	23319	0.0071241	0.14518	0.029842
-340471.0	23300	0.0075949	0.1463	0.029911
-340471.0	23299	0.0056965	0.1468	0.029936
-340471.0	23298	0.0037975	0.1473	0.029957
-340471.0	23297	0.001899	0.1478	0.029975
-340471.0	23344	0.017105	0.1478	0.030976
-340471.0	23343	0.015211	0.1473	0.030958
-340471.0	23335	0.016626	0.14393	0.030747
-340471.0	23334	0.0095	0.1458	0.030884
-340471.0	23336	0.01425	0.14456	0.030798
-340471.0	23337	0.011876	0.14518	0.030844
-340471.0	23338	0.017106	0.14482	0.030818
-340471.0	23339	0.015211	0.14532	0.030853
-340471.0	23294	0.0023788	0.14867	0.029997
-340471.0	23331	0.0071241	0.14518	0.030844
-340471.0	23358	0.011885	0.14743	0.030963
-340471.0	23357	0.014257	0.14805	0.030983
-340471.0	23292	0.007136	0.14743	0.029962
-340471.0	23293	0.0047571	0.14805	0.029983
-340471.0	23333	0.0023739	0.14393	0.030747
-340471.0	23352	0.007136	0.14743	0.030963
-340471.0	23348	0.0075949	0.1463	0.030913
-340471.0	23351	0.0056965	0.1468	0.030937
-340471.0	23350	0.0037975	0.1473	0.030958
-340471.0	23349	0.001899	0.1478	0.030976
-340471.0	23346	0.0037973	0.14531	0.030853
-340471.0	23347	0.0018981	0.14481	0.030817
-340471.0	23345	0.0056957	0.1458	0.030884
-340471.0	23332	0.0047498	0.14456	0.030798
-340471.0	23354	0.0023788	0.14867	0.030998
-340471.0	23353	0.0047571	0.14805	0.030983
-340471.0	23355	0.0095141	0.14681	0.030937
-340471.0	23308	0.017105	0.1478	0.029975
-340471.0	23288	0.016628	0.14867	0.029997
-340471.0	23356	0.016628	0.14867	0.030998
-340471.0	23321	0.0023739	0.14393	0.029743
-340471.0	23320	0.0047498	0.14456	0.029795
-340469.0	23360	0.036628	0.14867	0.029997
-340469.0	23390	0.0295	0.1458	0.029882
-340469.0	23389	0.031876	0.14518	0.029842
-340469.0	23364	0.027136	0.14743	0.029962
-340469.0	23373	0.025696	0.1458	0.029883
-340469.0	23363	0.029514	0.14681	0.029936
-340469.0	23362	0.031885	0.14743	0.029962
-340469.0	23361	0.034257	0.14805	0.029983
-340469.0	23413	0.031422	0.14631	0.030913
-340469.0	23414	0.033316	0.1468	0.030937
-340469.0	23423	0.025697	0.1468	0.030937
-340469.0	23430	0.031885	0.14743	0.030963
-340469.0	23385	0.033317	0.14581	0.029883
-340469.0	23384	0.035211	0.14532	0.029851
-340469.0	23383	0.037106	0.14482	0.029816
-340469.0	23380	0.037105	0.1478	0.029975
-340469.0	23379	0.035211	0.1473	0.029957
-340469.0	23378	0.033316	0.1468	0.029936
-340469.0	23377	0.031422	0.14631	0.029911
-340469.0	23375	0.021898	0.14481	0.029815
-340469.0	23406	0.0295	0.1458	0.030884
-340469.0	23405	0.022374	0.14393	0.030747
-340469.0	23404	0.02475	0.14456	0.030798
-340469.0	23371	0.025697	0.1468	0.029936
-340469.0	23370	0.023798	0.1473	0.029957
-340469.0	23369	0.021899	0.1478	0.029975
-340469.0	23366	0.022379	0.14867	0.029997
-340469.0	23412	0.033317	0.14581	0.030885
-340469.0	23411	0.035211	0.14532	0.030853
-340469.0	23410	0.037106	0.14482	0.030818
-340469.0	23409	0.031876	0.14518	0.030844
-340469.0	23408	0.03425	0.14456	0.030798
-340469.0	23407	0.036626	0.14393	0.030747
-340469.0	23392	0.02475	0.14456	0.029795
-340469.0	23393	0.022374	0.14393	0.029743
-340469.0	23403	0.027124	0.14518	0.030844
-340469.0	23391	0.027124	0.14518	0.029842
-340469.0	23420	0.027595	0.1463	0.030913
-340469.0	23421	0.021899	0.1478	0.030976
-340469.0	23422	0.023798	0.1473	0.030958
-340469.0	23425	0.024757	0.14805	0.030983
-340469.0	23424	0.027136	0.14743	0.030963
-340469.0	23416	0.037105	0.1478	0.030976
-340469.0	23419	0.021898	0.14481	0.030817
-340469.0	23429	0.034257	0.14805	0.030983
-340469.0	23428	0.036628	0.14867	0.030998
-340469.0	23427	0.029514	0.14681	0.030937
-340469.0	23426	0.022379	0.14867	0.030998
-340469.0	23417	0.025696	0.1458	0.030884
-340469.0	23418	0.023797	0.14531	0.030853
-340469.0	23415	0.035211	0.1473	0.030958
-340469.0	23388	0.03425	0.14456	0.029795
-340469.0	23387	0.036626	0.14393	0.029743
-340469.0	23374	0.023797	0.14531	0.02985
-340469.0	23372	0.027595	0.1463	0.029911
-340469.0	23365	0.024757	0.14805	0.029983
-340467.0	23437	0.044757	0.14805	0.029983
-340467.0	23438	0.042379	0.14867	0.029997
-340467.0	23452	0.057105	0.1478	0.029975
-340467.0	23485	0.051422	0.14631	0.030913
-340467.0	23484	0.053317	0.14581	0.030885
-340467.0	23451	0.055211	0.1473	0.029957
-340467.0	23450	0.053316	0.1468	0.029936
-340467.0	23449	0.051422	0.14631	0.029911
-340467.0	23447	0.041898	0.14481	0.029815
-340467.0	23446	0.043797	0.14531	0.02985
-340467.0	23445	0.045696	0.1458	0.029883
-340467.0	23499	0.049514	0.14681	0.030937
-340467.0	23496	0.047136	0.14743	0.030963
-340467.0	23497	0.044757	0.14805	0.030983
-340467.0	23498	0.042379	0.14867	0.030998
-340467.0	23436	0.047136	0.14743	0.029962
-340467.0	23435	0.049514	0.14681	0.029936
-340467.0	23441	0.041899	0.1478	0.029975
-340467.0	23442	0.043798	0.1473	0.029957
-340467.0	23443	0.045697	0.1468	0.029936
-340467.0	23444	0.047595	0.1463	0.029911
-340467.0	23434	0.051885	0.14743	0.029962
-340467.0	23432	0.056628	0.14867	0.029997
-340467.0	23433	0.054257	0.14805	0.029983
-340467.0	23465	0.042374	0.14393	0.029743
-340467.0	23464	0.04475	0.14456	0.029795
-340467.0	23463	0.047124	0.14518	0.029842
-340467.0	23476	0.04475	0.14456	0.030798
-340467.0	23475	0.047124	0.14518	0.030844
-340467.0	23502	0.051885	0.14743	0.030963
-340467.0	23501	0.054257	0.14805	0.030983
-340467.0	23500	0.056628	0.14867	0.030998
-340467.0	23456	0.055211	0.14532	0.029851
-340467.0	23455	0.057106	0.14482	0.029816
-340467.0	23486	0.053316	0.1468	0.030937
-340467.0	23495	0.045697	0.1468	0.030937
-340467.0	23494	0.043798	0.1473	0.030958
-340467.0	23493	0.041899	0.1478	0.030976
-340467.0	23492	0.047595	0.1463	0.030913
-340467.0	23491	0.041898	0.14481	0.030817
-340467.0	23490	0.043797	0.14531	0.030853
-340467.0	23489	0.045696	0.1458	0.030884
-340467.0	23488	0.057105	0.1478	0.030976
-340467.0	23462	0.0495	0.1458	0.029882
-340467.0	23461	0.051876	0.14518	0.029842
-340467.0	23460	0.05425	0.14456	0.029795
-340467.0	23459	0.056626	0.14393	0.029743
-340467.0	23457	0.053317	0.14581	0.029883
-340467.0	23480	0.05425	0.14456	0.030798
-340467.0	23481	0.051876	0.14518	0.030844
-340467.0	23482	0.057106	0.14482	0.030818
-340467.0	23483	0.055211	0.14532	0.030853
-340467.0	23487	0.055211	0.1473	0.030958
-340467.0	23477	0.042374	0.14393	0.030747
-340467.0	23479	0.056626	0.14393	0.030747
-340467.0	23478	0.0495	0.1458	0.030884
-340465.0	23514	0.0037975	0.2473	0.029957
-340465.0	23515	0.0056965	0.2468	0.029936
-340465.0	23548	0.015211	0.24532	0.030853
-340465.0	23549	0.013317	0.24581	0.030885
-340465.0	23550	0.011422	0.24631	0.030913
-340465.0	23519	0.0018981	0.24481	0.029815
-340465.0	23522	0.016628	0.24867	0.029997
-340465.0	23523	0.014257	0.24805	0.029983
-340465.0	23524	0.011885	0.24743	0.029962
-340465.0	23525	0.0095141	0.24681	0.029936
-340465.0	23526	0.007136	0.24743	0.029962
-340465.0	23532	0.015211	0.2473	0.029957
-340465.0	23533	0.017105	0.2478	0.029975
-340465.0	23504	0.016626	0.24393	0.029743
-340465.0	23505	0.01425	0.24456	0.029795
-340465.0	23506	0.011876	0.24518	0.029842
-340465.0	23564	0.0075949	0.2463	0.030913
-340465.0	23531	0.013316	0.2468	0.029936
-340465.0	23530	0.011422	0.24631	0.029911
-340465.0	23565	0.001899	0.2478	0.030976
-340465.0	23537	0.015211	0.24532	0.029851
-340465.0	23536	0.017106	0.24482	0.029816
-340465.0	23547	0.017106	0.24482	0.030818
-340465.0	23566	0.0037975	0.2473	0.030958
-340465.0	23538	0.013317	0.24581	0.029883
-340465.0	23551	0.013316	0.2468	0.030937
-340465.0	23552	0.015211	0.2473	0.030958
-340465.0	23507	0.0095	0.2458	0.029882
-340465.0	23508	0.0071241	0.24518	0.029842
-340465.0	23509	0.0047498	0.24456	0.029795
-340465.0	23510	0.0023739	0.24393	0.029743
-340465.0	23513	0.001899	0.2478	0.029975
-340465.0	23567	0.0056965	0.2468	0.030937
-340465.0	23563	0.0018981	0.24481	0.030817
-340465.0	23562	0.0037973	0.24531	0.030853
-340465.0	23528	0.0023788	0.24867	0.029997
-340465.0	23527	0.0047571	0.24805	0.029983
-340465.0	23570	0.0023739	0.24393	0.030747
-340465.0	23569	0.0047498	0.24456	0.030798
-340465.0	23568	0.0071241	0.24518	0.030844
-340465.0	23559	0.014257	0.24805	0.030983
-340465.0	23560	0.011885	0.24743	0.030963
-340465.0	23558	0.016628	0.24867	0.030998
-340465.0	23561	0.0056957	0.2458	0.030884
-340465.0	23554	0.007136	0.24743	0.030963
-340465.0	23555	0.0047571	0.24805	0.030983
-340465.0	23556	0.0023788	0.24867	0.030998
-340465.0	23557	0.0095141	0.24681	0.030937
-340465.0	23574	0.011876	0.24518	0.030844
-340465.0	23573	0.01425	0.24456	0.030798
-340465.0	23572	0.016626	0.24393	0.030747
-340465.0	23553	0.017105	0.2478	0.030976
-340465.0	23571	0.0095	0.2458	0.030884
-340465.0	23517	0.0056957	0.2458	0.029883
-340465.0	23518	0.0037973	0.24531	0.02985
-340465.0	23516	0.0075949	0.2463	0.029911
-340463.0	23590	0.023797	0.24531	0.02985
-340463.0	23591	0.021898	0.24481	0.029815
-340463.0	23593	0.031422	0.24631	0.029911
-340463.0	23589	0.025696	0.2458	0.029883
-340463.0	23580	0.027136	0.24743	0.029962
-340463.0	23586	0.023798	0.2473	0.029957
-340463.0	23588	0.027595	0.2463	0.029911
-340463.0	23587	0.025697	0.2468	0.029936
-340463.0	23630	0.033316	0.2468	0.030937
-340463.0	23629	0.031422	0.24631	0.030913
-340463.0	23628	0.033317	0.24581	0.030885
-340463.0	23595	0.035211	0.2473	0.029957
-340463.0	23594	0.033316	0.2468	0.029936
-340463.0	23632	0.037105	0.2478	0.030976
-340463.0	23631	0.035211	0.2473	0.030958
-340463.0	23626	0.037106	0.24482	0.030818
-340463.0	23623	0.036626	0.24393	0.030747
-340463.0	23627	0.035211	0.24532	0.030853
-340463.0	23624	0.03425	0.24456	0.030798
-340463.0	23625	0.031876	0.24518	0.030844
-340463.0	23622	0.0295	0.2458	0.030884
-340463.0	23619	0.027124	0.24518	0.030844
-340463.0	23620	0.02475	0.24456	0.030798
-340463.0	23621	0.022374	0.24393	0.030747
-340463.0	23577	0.034257	0.24805	0.029983
-340463.0	23578	0.031885	0.24743	0.029962
-340463.0	23579	0.029514	0.24681	0.029936
-340463.0	23585	0.021899	0.2478	0.029975
-340463.0	23576	0.036628	0.24867	0.029997
-340463.0	23644	0.036628	0.24867	0.030998
-340463.0	23609	0.022374	0.24393	0.029743
-340463.0	23608	0.02475	0.24456	0.029795
-340463.0	23607	0.027124	0.24518	0.029842
-340463.0	23606	0.0295	0.2458	0.029882
-340463.0	23605	0.031876	0.24518	0.029842
-340463.0	23604	0.03425	0.24456	0.029795
-340463.0	23603	0.036626	0.24393	0.029743
-340463.0	23601	0.033317	0.24581	0.029883
-340463.0	23600	0.035211	0.24532	0.029851
-340463.0	23599	0.037106	0.24482	0.029816
-340463.0	23639	0.025697	0.2468	0.030937
-340463.0	23638	0.023798	0.2473	0.030958
-340463.0	23641	0.024757	0.24805	0.030983
-340463.0	23646	0.031885	0.24743	0.030963
-340463.0	23645	0.034257	0.24805	0.030983
-340463.0	23640	0.027136	0.24743	0.030963
-340463.0	23643	0.029514	0.24681	0.030937
-340463.0	23642	0.022379	0.24867	0.030998
-340463.0	23634	0.023797	0.24531	0.030853
-340463.0	23635	0.021898	0.24481	0.030817
-340463.0	23636	0.027595	0.2463	0.030913
-340463.0	23633	0.025696	0.2458	0.030884
-340463.0	23637	0.021899	0.2478	0.030976
-340463.0	23581	0.024757	0.24805	0.029983
-340463.0	23582	0.022379	0.24867	0.029997
-340463.0	23596	0.037105	0.2478	0.029975
-340461.0	23700	0.053317	0.24581	0.030885
-340461.0	23701	0.051422	0.24631	0.030913
-340461.0	23702	0.053316	0.2468	0.030937
-340461.0	23703	0.055211	0.2473	0.030958
-340461.0	23704	0.057105	0.2478	0.030976
-340461.0	23705	0.045696	0.2458	0.030884
-340461.0	23706	0.043797	0.24531	0.030853
-340461.0	23707	0.041898	0.24481	0.030817
-340461.0	23711	0.045697	0.2468	0.030937
-340461.0	23712	0.047136	0.24743	0.030963
-340461.0	23713	0.044757	0.24805	0.030983
-340461.0	23714	0.042379	0.24867	0.030998
-340461.0	23715	0.049514	0.24681	0.030937
-340461.0	23716	0.056628	0.24867	0.030998
-340461.0	23717	0.054257	0.24805	0.030983
-340461.0	23718	0.051885	0.24743	0.030963
-340461.0	23676	0.05425	0.24456	0.029795
-340461.0	23677	0.051876	0.24518	0.029842
-340461.0	23648	0.056628	0.24867	0.029997
-340461.0	23678	0.0495	0.2458	0.029882
-340461.0	23649	0.054257	0.24805	0.029983
-340461.0	23662	0.043797	0.24531	0.02985
-340461.0	23661	0.045696	0.2458	0.029883
-340461.0	23660	0.047595	0.2463	0.029911
-340461.0	23665	0.051422	0.24631	0.029911
-340461.0	23663	0.041898	0.24481	0.029815
-340461.0	23694	0.0495	0.2458	0.030884
-340461.0	23693	0.042374	0.24393	0.030747
-340461.0	23692	0.04475	0.24456	0.030798
-340461.0	23668	0.057105	0.2478	0.029975
-340461.0	23667	0.055211	0.2473	0.029957
-340461.0	23666	0.053316	0.2468	0.029936
-340461.0	23654	0.042379	0.24867	0.029997
-340461.0	23653	0.044757	0.24805	0.029983
-340461.0	23652	0.047136	0.24743	0.029962
-340461.0	23651	0.049514	0.24681	0.029936
-340461.0	23650	0.051885	0.24743	0.029962
-340461.0	23699	0.055211	0.24532	0.030853
-340461.0	23698	0.057106	0.24482	0.030818
-340461.0	23697	0.051876	0.24518	0.030844
-340461.0	23696	0.05425	0.24456	0.030798
-340461.0	23695	0.056626	0.24393	0.030747
-340461.0	23691	0.047124	0.24518	0.030844
-340461.0	23681	0.042374	0.24393	0.029743
-340461.0	23680	0.04475	0.24456	0.029795
-340461.0	23659	0.045697	0.2468	0.029936
-340461.0	23658	0.043798	0.2473	0.029957
-340461.0	23657	0.041899	0.2478	0.029975
-340461.0	23709	0.041899	0.2478	0.030976
-340461.0	23710	0.043798	0.2473	0.030958
-340461.0	23679	0.047124	0.24518	0.029842
-340461.0	23708	0.047595	0.2463	0.030913
-340461.0	23672	0.055211	0.24532	0.029851
-340461.0	23673	0.053317	0.24581	0.029883
-340461.0	23675	0.056626	0.24393	0.029743
-340461.0	23671	0.057106	0.24482	0.029816
-340459.0	23732	0.0075949	0.053303	0.029931
-340459.0	23733	0.0056965	0.052805	0.029953
-340459.0	23734	0.0037975	0.052306	0.029972
-340459.0	23735	0.0018989	0.051808	0.029987
-340459.0	23738	0.01663	0.055674	0.029776
-340459.0	23739	0.014257	0.055052	0.029825
-340459.0	23772	0.0023775	0.055674	0.03078
-340459.0	23773	0.0095141	0.053807	0.030907
-340459.0	23774	0.01663	0.055674	0.03078
-340459.0	23743	0.0047568	0.055052	0.029825
-340459.0	23744	0.0023775	0.055674	0.029776
-340459.0	23753	0.015211	0.052316	0.029971
-340459.0	23754	0.013316	0.052812	0.029953
-340459.0	23788	0.016625	0.050933	0.031004
-340459.0	23747	0.013317	0.053805	0.029905
-340459.0	23746	0.011422	0.053308	0.029931
-340459.0	23789	0.01425	0.051556	0.030993
-340459.0	23790	0.011875	0.05218	0.030976
-340459.0	23749	0.017106	0.054799	0.029843
-340459.0	23748	0.015211	0.054302	0.029876
-340459.0	23752	0.017105	0.05182	0.029986
-340459.0	23776	0.011886	0.054429	0.03087
-340459.0	23775	0.014257	0.055052	0.030828
-340459.0	23771	0.0047568	0.055052	0.030828
-340459.0	23770	0.0071348	0.054429	0.03087
-340459.0	23769	0.017106	0.054799	0.030845
-340459.0	23768	0.015211	0.054302	0.030878
-340459.0	23767	0.013317	0.053805	0.030907
-340459.0	23766	0.011422	0.053308	0.030932
-340459.0	23765	0.013316	0.052812	0.030954
-340459.0	23764	0.015211	0.052316	0.030972
-340459.0	23763	0.017105	0.05182	0.030987
-340459.0	23785	0.0047501	0.051556	0.030993
-340459.0	23782	0.0037973	0.0543	0.030878
-340459.0	23783	0.0056957	0.053802	0.030907
-340459.0	23784	0.0071254	0.05218	0.030976
-340459.0	23787	0.0095	0.052803	0.030954
-340459.0	23786	0.0023752	0.050933	0.031004
-340459.0	23780	0.0075949	0.053303	0.030932
-340459.0	23781	0.0018982	0.054798	0.030846
-340459.0	23779	0.0018989	0.051808	0.030987
-340459.0	23778	0.0037975	0.052306	0.030972
-340459.0	23777	0.0056965	0.052805	0.030954
-340459.0	23741	0.0095141	0.053807	0.029905
-340459.0	23724	0.0071254	0.05218	0.029976
-340459.0	23730	0.0037973	0.0543	0.029876
-340459.0	23729	0.0018982	0.054798	0.029843
-340459.0	23723	0.0095	0.052803	0.029953
-340459.0	23725	0.0047501	0.051556	0.029993
-340459.0	23726	0.0023752	0.050933	0.030004
-340459.0	23740	0.011886	0.054429	0.029868
-340459.0	23742	0.0071348	0.054429	0.029868
-340459.0	23722	0.011875	0.05218	0.029976
-340459.0	23720	0.016625	0.050933	0.030004
-340459.0	23721	0.01425	0.051556	0.029993
-340459.0	23731	0.0056957	0.053802	0.029905
-340457.0	23794	0.031875	0.05218	0.029976
-340457.0	23795	0.0295	0.052803	0.029953
-340457.0	23796	0.027125	0.05218	0.029976
-340457.0	23792	0.036625	0.050933	0.030004
-340457.0	23821	0.031886	0.054429	0.029868
-340457.0	23822	0.029514	0.053807	0.029905
-340457.0	23806	0.037105	0.05182	0.029986
-340457.0	23820	0.034257	0.055052	0.029825
-340457.0	23862	0.031875	0.05218	0.030976
-340457.0	23857	0.02475	0.051556	0.030993
-340457.0	23856	0.027125	0.05218	0.030976
-340457.0	23846	0.021898	0.054798	0.030846
-340457.0	23847	0.023797	0.0543	0.030878
-340457.0	23848	0.025696	0.053802	0.030907
-340457.0	23849	0.037105	0.05182	0.030987
-340457.0	23850	0.035211	0.052316	0.030972
-340457.0	23851	0.033316	0.052812	0.030954
-340457.0	23861	0.03425	0.051556	0.030993
-340457.0	23860	0.036625	0.050933	0.031004
-340457.0	23811	0.023797	0.0543	0.029876
-340457.0	23812	0.025696	0.053802	0.029905
-340457.0	23813	0.027595	0.053303	0.029931
-340457.0	23814	0.025696	0.052805	0.029953
-340457.0	23815	0.023798	0.052306	0.029972
-340457.0	23816	0.021899	0.051808	0.029987
-340457.0	23819	0.03663	0.055674	0.029776
-340457.0	23852	0.031422	0.053308	0.030932
-340457.0	23853	0.033317	0.053805	0.030907
-340457.0	23854	0.035211	0.054302	0.030878
-340457.0	23823	0.027135	0.054429	0.029868
-340457.0	23824	0.024757	0.055052	0.029825
-340457.0	23825	0.022378	0.055674	0.029776
-340457.0	23835	0.027135	0.054429	0.03087
-340457.0	23841	0.031886	0.054429	0.03087
-340457.0	23840	0.034257	0.055052	0.030828
-340457.0	23839	0.03663	0.055674	0.03078
-340457.0	23842	0.025696	0.052805	0.030954
-340457.0	23845	0.027595	0.053303	0.030932
-340457.0	23844	0.021899	0.051808	0.030987
-340457.0	23843	0.023798	0.052306	0.030972
-340457.0	23858	0.022375	0.050933	0.031004
-340457.0	23859	0.0295	0.052803	0.030954
-340457.0	23855	0.037106	0.054799	0.030845
-340457.0	23793	0.03425	0.051556	0.029993
-340457.0	23797	0.02475	0.051556	0.029993
-340457.0	23810	0.021898	0.054798	0.029843
-340457.0	23808	0.033316	0.052812	0.029953
-340457.0	23807	0.035211	0.052316	0.029971
-340457.0	23838	0.029514	0.053807	0.030907
-340457.0	23837	0.022378	0.055674	0.03078
-340457.0	23836	0.024757	0.055052	0.030828
-340457.0	23803	0.037106	0.054799	0.029843
-340457.0	23802	0.035211	0.054302	0.029876
-340457.0	23801	0.033317	0.053805	0.029905
-340457.0	23800	0.031422	0.053308	0.029931
-340457.0	23798	0.022375	0.050933	0.030004
-340455.0	23878	0.057105	0.05182	0.029986
-340455.0	23879	0.055211	0.052316	0.029971
-340455.0	23880	0.053316	0.052812	0.029953
-340455.0	23886	0.045696	0.052805	0.029953
-340455.0	23869	0.04475	0.051556	0.029993
-340455.0	23885	0.047595	0.053303	0.029931
-340455.0	23866	0.051875	0.05218	0.029976
-340455.0	23867	0.0495	0.052803	0.029953
-340455.0	23872	0.051422	0.053308	0.029931
-340455.0	23873	0.053317	0.053805	0.029905
-340455.0	23874	0.055211	0.054302	0.029876
-340455.0	23884	0.045696	0.053802	0.029905
-340455.0	23864	0.056625	0.050933	0.030004
-340455.0	23865	0.05425	0.051556	0.029993
-340455.0	23870	0.042375	0.050933	0.030004
-340455.0	23868	0.047125	0.05218	0.029976
-340455.0	23931	0.0495	0.052803	0.030954
-340455.0	23928	0.047125	0.05218	0.030976
-340455.0	23929	0.04475	0.051556	0.030993
-340455.0	23926	0.055211	0.054302	0.030878
-340455.0	23927	0.057106	0.054799	0.030845
-340455.0	23930	0.042375	0.050933	0.031004
-340455.0	23913	0.051886	0.054429	0.03087
-340455.0	23914	0.045696	0.052805	0.030954
-340455.0	23915	0.043798	0.052306	0.030972
-340455.0	23921	0.057105	0.05182	0.030987
-340455.0	23920	0.045696	0.053802	0.030907
-340455.0	23882	0.041898	0.054798	0.029843
-340455.0	23875	0.057106	0.054799	0.029843
-340455.0	23883	0.043797	0.0543	0.029876
-340455.0	23917	0.047595	0.053303	0.030932
-340455.0	23916	0.041899	0.051808	0.030987
-340455.0	23907	0.047135	0.054429	0.03087
-340455.0	23908	0.044757	0.055052	0.030828
-340455.0	23909	0.042378	0.055674	0.03078
-340455.0	23918	0.041898	0.054798	0.030846
-340455.0	23887	0.043798	0.052306	0.029972
-340455.0	23888	0.041899	0.051808	0.029987
-340455.0	23891	0.05663	0.055674	0.029776
-340455.0	23892	0.054257	0.055052	0.029825
-340455.0	23893	0.051886	0.054429	0.029868
-340455.0	23894	0.049514	0.053807	0.029905
-340455.0	23895	0.047135	0.054429	0.029868
-340455.0	23896	0.044757	0.055052	0.029825
-340455.0	23897	0.042378	0.055674	0.029776
-340455.0	23932	0.056625	0.050933	0.031004
-340455.0	23933	0.05425	0.051556	0.030993
-340455.0	23934	0.051875	0.05218	0.030976
-340455.0	23911	0.05663	0.055674	0.03078
-340455.0	23912	0.054257	0.055052	0.030828
-340455.0	23910	0.049514	0.053807	0.030907
-340455.0	23919	0.043797	0.0543	0.030878
-340455.0	23922	0.055211	0.052316	0.030972
-340455.0	23925	0.053317	0.053805	0.030907
-340455.0	23924	0.051422	0.053308	0.030932
-340455.0	23923	0.053316	0.052812	0.030954
-340453.0	23999	0.011875	0.15218	0.030976
-340453.0	24005	0.014257	0.15505	0.030828
-340453.0	24000	0.0071348	0.15443	0.03087
-340453.0	24002	0.0023775	0.15567	0.03078
-340453.0	24006	0.011886	0.15443	0.03087
-340453.0	24004	0.01663	0.15567	0.03078
-340453.0	24001	0.0047568	0.15505	0.030828
-340453.0	24003	0.0095141	0.15381	0.030907
-340453.0	23994	0.0047501	0.15156	0.030993
-340453.0	23995	0.0023752	0.15093	0.031004
-340453.0	23993	0.0071254	0.15218	0.030976
-340453.0	23942	0.0023775	0.15567	0.029776
-340453.0	23940	0.0071348	0.15443	0.029868
-340453.0	23941	0.0047568	0.15505	0.029825
-340453.0	23950	0.0047501	0.15156	0.029993
-340453.0	23948	0.0095	0.1528	0.029953
-340453.0	23949	0.0071254	0.15218	0.029976
-340453.0	23964	0.0037973	0.1543	0.029876
-340453.0	23965	0.0056957	0.1538	0.029905
-340453.0	23966	0.0075949	0.1533	0.029931
-340453.0	23936	0.01663	0.15567	0.029776
-340453.0	23937	0.014257	0.15505	0.029825
-340453.0	23938	0.011886	0.15443	0.029868
-340453.0	23939	0.0095141	0.15381	0.029905
-340453.0	23960	0.015211	0.15232	0.029971
-340453.0	23959	0.017105	0.15182	0.029986
-340453.0	23956	0.017106	0.1548	0.029843
-340453.0	23955	0.015211	0.1543	0.029876
-340453.0	23954	0.013317	0.1538	0.029905
-340453.0	23953	0.011422	0.15331	0.029931
-340453.0	23951	0.0023752	0.15093	0.030004
-340453.0	23982	0.0075949	0.1533	0.030932
-340453.0	23981	0.0018989	0.15181	0.030987
-340453.0	23980	0.0037975	0.15231	0.030972
-340453.0	23947	0.011875	0.15218	0.029976
-340453.0	23946	0.01425	0.15156	0.029993
-340453.0	23945	0.016625	0.15093	0.030004
-340453.0	23961	0.013316	0.15281	0.029953
-340453.0	23996	0.0095	0.1528	0.030954
-340453.0	23963	0.0018982	0.1548	0.029843
-340453.0	23989	0.011422	0.15331	0.030932
-340453.0	23988	0.013316	0.15281	0.030954
-340453.0	23987	0.015211	0.15232	0.030972
-340453.0	23986	0.017105	0.15182	0.030987
-340453.0	23985	0.0056957	0.1538	0.030907
-340453.0	23984	0.0037973	0.1543	0.030878
-340453.0	23983	0.0018982	0.1548	0.030846
-340453.0	23979	0.0056965	0.1528	0.030954
-340453.0	23969	0.0018989	0.15181	0.029987
-340453.0	23968	0.0037975	0.15231	0.029972
-340453.0	23967	0.0056965	0.1528	0.029953
-340453.0	23998	0.01425	0.15156	0.030993
-340453.0	23997	0.016625	0.15093	0.031004
-340453.0	23991	0.015211	0.1543	0.030878
-340453.0	23992	0.017106	0.1548	0.030845
-340453.0	23990	0.013317	0.1538	0.030907
-340451.0	24030	0.025696	0.1528	0.029953
-340451.0	24029	0.027595	0.1533	0.029931
-340451.0	24028	0.025696	0.1538	0.029905
-340451.0	24060	0.021899	0.15181	0.030987
-340451.0	24032	0.021899	0.15181	0.029987
-340451.0	24061	0.027595	0.1533	0.030932
-340451.0	24062	0.021898	0.1548	0.030846
-340451.0	24031	0.023798	0.15231	0.029972
-340451.0	24013	0.02475	0.15156	0.029993
-340451.0	24012	0.027125	0.15218	0.029976
-340451.0	24009	0.03425	0.15156	0.029993
-340451.0	24008	0.036625	0.15093	0.030004
-340451.0	24014	0.022375	0.15093	0.030004
-340451.0	24077	0.03425	0.15156	0.030993
-340451.0	24078	0.031875	0.15218	0.030976
-340451.0	24051	0.027135	0.15443	0.03087
-340451.0	24052	0.024757	0.15505	0.030828
-340451.0	24053	0.022378	0.15567	0.03078
-340451.0	24054	0.029514	0.15381	0.030907
-340451.0	24055	0.03663	0.15567	0.03078
-340451.0	24056	0.034257	0.15505	0.030828
-340451.0	24010	0.031875	0.15218	0.029976
-340451.0	24011	0.0295	0.1528	0.029953
-340451.0	24016	0.031422	0.15331	0.029931
-340451.0	24017	0.033317	0.1538	0.029905
-340451.0	24018	0.035211	0.1543	0.029876
-340451.0	24019	0.037106	0.1548	0.029843
-340451.0	24022	0.037105	0.15182	0.029986
-340451.0	24023	0.035211	0.15232	0.029971
-340451.0	24024	0.033316	0.15281	0.029953
-340451.0	24026	0.021898	0.1548	0.029843
-340451.0	24027	0.023797	0.1543	0.029876
-340451.0	24037	0.031886	0.15443	0.029868
-340451.0	24036	0.034257	0.15505	0.029825
-340451.0	24035	0.03663	0.15567	0.029776
-340451.0	24076	0.036625	0.15093	0.031004
-340451.0	24041	0.022378	0.15567	0.029776
-340451.0	24040	0.024757	0.15505	0.029825
-340451.0	24039	0.027135	0.15443	0.029868
-340451.0	24038	0.029514	0.15381	0.029905
-340451.0	24073	0.02475	0.15156	0.030993
-340451.0	24072	0.027125	0.15218	0.030976
-340451.0	24071	0.037106	0.1548	0.030845
-340451.0	24074	0.022375	0.15093	0.031004
-340451.0	24070	0.035211	0.1543	0.030878
-340451.0	24067	0.033316	0.15281	0.030954
-340451.0	24068	0.031422	0.15331	0.030932
-340451.0	24069	0.033317	0.1538	0.030907
-340451.0	24059	0.023798	0.15231	0.030972
-340451.0	24063	0.023797	0.1543	0.030878
-340451.0	24064	0.025696	0.1538	0.030907
-340451.0	24065	0.037105	0.15182	0.030987
-340451.0	24066	0.035211	0.15232	0.030972
-340451.0	24075	0.0295	0.1528	0.030954
-340451.0	24058	0.025696	0.1528	0.030954
-340451.0	24057	0.031886	0.15443	0.03087
-340449.0	24138	0.055211	0.15232	0.030972
-340449.0	24137	0.057105	0.15182	0.030987
-340449.0	24139	0.053316	0.15281	0.030954
-340449.0	24136	0.045696	0.1538	0.030907
-340449.0	24135	0.043797	0.1543	0.030878
-340449.0	24145	0.04475	0.15156	0.030993
-340449.0	24144	0.047125	0.15218	0.030976
-340449.0	24143	0.057106	0.1548	0.030845
-340449.0	24112	0.044757	0.15505	0.029825
-340449.0	24113	0.042378	0.15567	0.029776
-340449.0	24123	0.047135	0.15443	0.03087
-340449.0	24127	0.05663	0.15567	0.03078
-340449.0	24128	0.054257	0.15505	0.030828
-340449.0	24129	0.051886	0.15443	0.03087
-340449.0	24130	0.045696	0.1528	0.030954
-340449.0	24131	0.043798	0.15231	0.030972
-340449.0	24132	0.041899	0.15181	0.030987
-340449.0	24133	0.047595	0.1533	0.030932
-340449.0	24134	0.041898	0.1548	0.030846
-340449.0	24094	0.057105	0.15182	0.029986
-340449.0	24091	0.057106	0.1548	0.029843
-340449.0	24090	0.055211	0.1543	0.029876
-340449.0	24089	0.053317	0.1538	0.029905
-340449.0	24124	0.044757	0.15505	0.030828
-340449.0	24088	0.051422	0.15331	0.029931
-340449.0	24086	0.042375	0.15093	0.030004
-340449.0	24084	0.047125	0.15218	0.029976
-340449.0	24085	0.04475	0.15156	0.029993
-340449.0	24082	0.051875	0.15218	0.029976
-340449.0	24081	0.05425	0.15156	0.029993
-340449.0	24080	0.056625	0.15093	0.030004
-340449.0	24083	0.0495	0.1528	0.029953
-340449.0	24110	0.049514	0.15381	0.029905
-340449.0	24109	0.051886	0.15443	0.029868
-340449.0	24108	0.054257	0.15505	0.029825
-340449.0	24111	0.047135	0.15443	0.029868
-340449.0	24142	0.055211	0.1543	0.030878
-340449.0	24141	0.053317	0.1538	0.030907
-340449.0	24140	0.051422	0.15331	0.030932
-340449.0	24107	0.05663	0.15567	0.029776
-340449.0	24104	0.041899	0.15181	0.029987
-340449.0	24103	0.043798	0.15231	0.029972
-340449.0	24102	0.045696	0.1528	0.029953
-340449.0	24101	0.047595	0.1533	0.029931
-340449.0	24100	0.045696	0.1538	0.029905
-340449.0	24099	0.043797	0.1543	0.029876
-340449.0	24098	0.041898	0.1548	0.029843
-340449.0	24096	0.053316	0.15281	0.029953
-340449.0	24095	0.055211	0.15232	0.029971
-340449.0	24126	0.049514	0.15381	0.030907
-340449.0	24125	0.042378	0.15567	0.03078
-340449.0	24150	0.051875	0.15218	0.030976
-340449.0	24149	0.05425	0.15156	0.030993
-340449.0	24148	0.056625	0.15093	0.031004
-340449.0	24147	0.0495	0.1528	0.030954
-340449.0	24146	0.042375	0.15093	0.031004
-340447.0	24180	0.0047501	0.25156	0.029993
-340447.0	24203	0.015211	0.2543	0.030878
-340447.0	24207	0.015211	0.25232	0.030972
-340447.0	24163	0.0018989	0.25181	0.029987
-340447.0	24166	0.0018982	0.2548	0.029843
-340447.0	24167	0.0037973	0.2543	0.029876
-340447.0	24168	0.0056957	0.2538	0.029905
-340447.0	24170	0.017105	0.25182	0.029986
-340447.0	24171	0.015211	0.25232	0.029971
-340447.0	24204	0.017106	0.2548	0.030845
-340447.0	24205	0.011422	0.25331	0.030932
-340447.0	24206	0.017105	0.25182	0.030987
-340447.0	24175	0.015211	0.2543	0.029876
-340447.0	24176	0.017106	0.2548	0.029843
-340447.0	24178	0.0095	0.2528	0.029953
-340447.0	24179	0.0071254	0.25218	0.029976
-340447.0	24160	0.0075949	0.2533	0.029931
-340447.0	24181	0.0023752	0.25093	0.030004
-340447.0	24184	0.016625	0.25093	0.030004
-340447.0	24151	0.0095141	0.25381	0.029905
-340447.0	24152	0.0071348	0.25443	0.029868
-340447.0	24153	0.0047568	0.25505	0.029825
-340447.0	24154	0.0023775	0.25567	0.029776
-340447.0	24159	0.011886	0.25443	0.029868
-340447.0	24158	0.014257	0.25505	0.029825
-340447.0	24161	0.0056965	0.2528	0.029953
-340447.0	24162	0.0037975	0.25231	0.029972
-340447.0	24157	0.01663	0.25567	0.029776
-340447.0	24173	0.011422	0.25331	0.029931
-340447.0	24172	0.013316	0.25281	0.029953
-340447.0	24174	0.013317	0.2538	0.029905
-340447.0	24202	0.013317	0.2538	0.030907
-340447.0	24219	0.0095141	0.25381	0.030907
-340447.0	24218	0.011886	0.25443	0.03087
-340447.0	24217	0.014257	0.25505	0.030828
-340447.0	24185	0.01425	0.25156	0.029993
-340447.0	24186	0.011875	0.25218	0.029976
-340447.0	24220	0.0071348	0.25443	0.03087
-340447.0	24221	0.0047568	0.25505	0.030828
-340447.0	24209	0.0018982	0.2548	0.030846
-340447.0	24212	0.0075949	0.2533	0.030932
-340447.0	24213	0.0056965	0.2528	0.030954
-340447.0	24215	0.0018989	0.25181	0.030987
-340447.0	24214	0.0037975	0.25231	0.030972
-340447.0	24216	0.01663	0.25567	0.03078
-340447.0	24210	0.0037973	0.2543	0.030878
-340447.0	24211	0.0056957	0.2538	0.030907
-340447.0	24208	0.013316	0.25281	0.030954
-340447.0	24195	0.016625	0.25093	0.031004
-340447.0	24196	0.01425	0.25156	0.030993
-340447.0	24197	0.011875	0.25218	0.030976
-340447.0	24198	0.0095	0.2528	0.030954
-340447.0	24199	0.0071254	0.25218	0.030976
-340447.0	24200	0.0047501	0.25156	0.030993
-340447.0	24201	0.0023752	0.25093	0.031004
-340447.0	24222	0.0023775	0.25567	0.03078
-340445.0	24239	0.035211	0.25232	0.029971
-340445.0	24240	0.033316	0.25281	0.029953
-340445.0	24242	0.021898	0.2548	0.029843
-340445.0	24252	0.034257	0.25505	0.029825
-340445.0	24254	0.029514	0.25381	0.029905
-340445.0	24224	0.036625	0.25093	0.030004
-340445.0	24253	0.031886	0.25443	0.029868
-340445.0	24238	0.037105	0.25182	0.029986
-340445.0	24270	0.029514	0.25381	0.030907
-340445.0	24269	0.022378	0.25567	0.03078
-340445.0	24268	0.024757	0.25505	0.030828
-340445.0	24235	0.037106	0.2548	0.029843
-340445.0	24234	0.035211	0.2543	0.029876
-340445.0	24233	0.033317	0.2538	0.029905
-340445.0	24232	0.031422	0.25331	0.029931
-340445.0	24230	0.022375	0.25093	0.030004
-340445.0	24229	0.02475	0.25156	0.029993
-340445.0	24228	0.027125	0.25218	0.029976
-340445.0	24227	0.0295	0.2528	0.029953
-340445.0	24226	0.031875	0.25218	0.029976
-340445.0	24225	0.03425	0.25156	0.029993
-340445.0	24267	0.027135	0.25443	0.03087
-340445.0	24256	0.024757	0.25505	0.029825
-340445.0	24257	0.022378	0.25567	0.029776
-340445.0	24247	0.023798	0.25231	0.029972
-340445.0	24246	0.025696	0.2528	0.029953
-340445.0	24255	0.027135	0.25443	0.029868
-340445.0	24286	0.035211	0.2543	0.030878
-340445.0	24285	0.033317	0.2538	0.030907
-340445.0	24284	0.031422	0.25331	0.030932
-340445.0	24251	0.03663	0.25567	0.029776
-340445.0	24248	0.021899	0.25181	0.029987
-340445.0	24243	0.023797	0.2543	0.029876
-340445.0	24283	0.033316	0.25281	0.030954
-340445.0	24245	0.027595	0.2533	0.029931
-340445.0	24244	0.025696	0.2538	0.029905
-340445.0	24279	0.023797	0.2543	0.030878
-340445.0	24280	0.025696	0.2538	0.030907
-340445.0	24281	0.037105	0.25182	0.030987
-340445.0	24282	0.035211	0.25232	0.030972
-340445.0	24291	0.0295	0.2528	0.030954
-340445.0	24292	0.036625	0.25093	0.031004
-340445.0	24293	0.03425	0.25156	0.030993
-340445.0	24294	0.031875	0.25218	0.030976
-340445.0	24271	0.03663	0.25567	0.03078
-340445.0	24272	0.034257	0.25505	0.030828
-340445.0	24273	0.031886	0.25443	0.03087
-340445.0	24274	0.025696	0.2528	0.030954
-340445.0	24275	0.023798	0.25231	0.030972
-340445.0	24276	0.021899	0.25181	0.030987
-340445.0	24277	0.027595	0.2533	0.030932
-340445.0	24278	0.021898	0.2548	0.030846
-340445.0	24290	0.022375	0.25093	0.031004
-340445.0	24289	0.02475	0.25156	0.030993
-340445.0	24288	0.027125	0.25218	0.030976
-340445.0	24287	0.037106	0.2548	0.030845
-340443.0	24327	0.047134	0.25443	0.029868
-340443.0	24326	0.049514	0.25381	0.029905
-340443.0	24325	0.051887	0.25443	0.029868
-340443.0	24324	0.054257	0.25505	0.029825
-340443.0	24323	0.05663	0.25567	0.029776
-340443.0	24320	0.0419	0.25181	0.029987
-340443.0	24319	0.043798	0.25231	0.029972
-340443.0	24350	0.041898	0.2548	0.030846
-340443.0	24349	0.047595	0.2533	0.030932
-340443.0	24348	0.0419	0.25181	0.030987
-340443.0	24315	0.043797	0.2543	0.029876
-340443.0	24314	0.041898	0.2548	0.029843
-340443.0	24328	0.044757	0.25505	0.029825
-340443.0	24352	0.045696	0.2538	0.030907
-340443.0	24351	0.043797	0.2543	0.030878
-340443.0	24345	0.051887	0.25443	0.03087
-340443.0	24316	0.045696	0.2538	0.029905
-340443.0	24317	0.047595	0.2533	0.029931
-340443.0	24301	0.04475	0.25156	0.029993
-340443.0	24300	0.047126	0.25218	0.029976
-340443.0	24329	0.042378	0.25567	0.029776
-340443.0	24353	0.057105	0.25182	0.030987
-340443.0	24354	0.055211	0.25232	0.030972
-340443.0	24355	0.053316	0.25281	0.030954
-340443.0	24356	0.051422	0.25331	0.030932
-340443.0	24357	0.053317	0.2538	0.030907
-340443.0	24358	0.055211	0.2543	0.030878
-340443.0	24359	0.057106	0.2548	0.030845
-340443.0	24360	0.047126	0.25218	0.030976
-340443.0	24361	0.04475	0.25156	0.030993
-340443.0	24362	0.042375	0.25093	0.031004
-340443.0	24363	0.0495	0.2528	0.030954
-340443.0	24307	0.057106	0.2548	0.029843
-340443.0	24310	0.057105	0.25182	0.029986
-340443.0	24311	0.055211	0.25232	0.029971
-340443.0	24312	0.053316	0.25281	0.029953
-340443.0	24304	0.051422	0.25331	0.029931
-340443.0	24305	0.053317	0.2538	0.029905
-340443.0	24306	0.055211	0.2543	0.029876
-340443.0	24302	0.042375	0.25093	0.030004
-340443.0	24299	0.0495	0.2528	0.029953
-340443.0	24298	0.051874	0.25218	0.029976
-340443.0	24297	0.05425	0.25156	0.029993
-340443.0	24296	0.056625	0.25093	0.030004
-340443.0	24318	0.045697	0.25281	0.029953
-340443.0	24346	0.045697	0.25281	0.030954
-340443.0	24365	0.05425	0.25156	0.030993
-340443.0	24364	0.056625	0.25093	0.031004
-340443.0	24344	0.054257	0.25505	0.030828
-340443.0	24343	0.05663	0.25567	0.03078
-340443.0	24342	0.049514	0.25381	0.030907
-340443.0	24341	0.042378	0.25567	0.03078
-340443.0	24340	0.044757	0.25505	0.030828
-340443.0	24339	0.047134	0.25443	0.03087
-340443.0	24366	0.051874	0.25218	0.030976
-340443.0	24347	0.043798	0.25231	0.030972
-339463.0	15033	-7.8139e-18	0.0023098	0.010876
-339463.0	15034	0.0	0.0062964	0.014405
-339463.0	15022	0.0	0.0072964	0.015208
-339463.0	15044	0.0	0.0013098	0.0099005
-339463.0	15056	0.0	0.0062964	0.015691
-339463.0	15057	-7.8139e-18	0.0023098	0.012251
-339463.0	15058	0.0	0.0013098	0.011302
-339463.0	15055	0.0	0.0072964	0.016476
-339437.0	15805	0.0	0.098296	0.01029
-339437.0	15816	-7.8165e-18	0.09331	0.014725
-339437.0	15847	0.0	0.098296	0.01168
-339437.0	15848	-2.587e-21	0.097296	0.012615
-339437.0	15849	-7.8165e-18	0.09331	0.016003
-339437.0	15827	0.0	0.09231	0.015516
-339437.0	15817	0.0	0.097296	0.01125
-339437.0	15850	0.0	0.09231	0.016777
-339411.0	16631	0.0	0.014296	0.02122
-339411.0	16632	0.0	0.013296	0.020616
-339411.0	16634	0.0	0.0083098	0.017241
-339411.0	16633	-7.8139e-18	0.0093098	0.017969
-339411.0	16648	0.0018917	0.0098063	0.01832
-339411.0	16622	0.0	0.0083098	0.015991
-339411.0	16612	0.0018916	0.0098062	0.017095
-339411.0	16604	0.0	0.014296	0.020055
-339411.0	16614	0.0	0.013296	0.019438
-339411.0	16613	-7.8139e-18	0.0093098	0.016735
-339385.0	17279	0.0	0.091296	0.017531
-339385.0	17281	-7.8139e-18	0.08631	0.020857
-339385.0	17280	0.0	0.090296	0.018248
-339385.0	17270	0.0	0.08531	0.020291
-339385.0	17252	0.0	0.091296	0.016288
-339385.0	17261	-7.8139e-18	0.08631	0.019684
-339385.0	17262	0.0	0.090296	0.017021
-339385.0	17282	0.0	0.08531	0.021452
-339359.0	17900	0.0	0.021296	0.023757
-339359.0	17929	-7.8139e-18	0.01631	0.02237
-339359.0	17909	-7.8139e-18	0.01631	0.021226
-339359.0	17927	0.0	0.021296	0.024855
-339359.0	17910	0.0	0.020296	0.023289
-339359.0	17918	0.0	0.01531	0.020656
-339359.0	17930	0.0	0.01531	0.02181
-339359.0	17928	0.0	0.020296	0.024396
-339343.0	15015	0.019	0.0062964	0.014405
-339343.0	15007	0.019	0.0023246	0.010891
-339343.0	15023	0.019	0.0072964	0.015208
-339343.0	15045	0.019	0.0013098	0.0099005
-339343.0	15052	0.019	0.0072964	0.016476
-339343.0	15051	0.019	0.0062964	0.015691
-339343.0	15053	0.019	0.0023246	0.012265
-339343.0	15054	0.019	0.0013098	0.011302
-339333.0	15138	0.02	0.0013098	0.0099005
-339333.0	15128	0.02	0.0072964	0.015208
-339333.0	15117	0.02	0.0023098	0.010876
-339333.0	15095	0.02	0.0062964	0.014405
-339333.0	15146	0.02	0.0072964	0.016476
-339333.0	15143	0.02	0.0023098	0.012251
-339333.0	15144	0.02	0.0013098	0.011302
-339333.0	15145	0.02	0.0062964	0.015691
-339333.0	18566	0.0	0.07831	0.023935
-339333.0	18548	0.0	0.084296	0.020883
-339333.0	18578	0.0	0.07831	0.02503
-339333.0	18576	0.0	0.083296	0.022584
-339333.0	18557	-7.8139e-18	0.07931	0.023476
-339333.0	18577	-7.8139e-18	0.07931	0.024579
-339333.0	18558	1.3878e-17	0.083296	0.021445
-339333.0	18575	0.0	0.084296	0.022033
-339309.0	15845	0.019	0.09231	0.016777
-339309.0	15844	0.019	0.097296	0.012615
-339309.0	15846	0.019	0.093325	0.015992
-339309.0	15828	0.019	0.09231	0.015516
-339309.0	15843	0.019	0.098296	0.01168
-339309.0	15806	0.019	0.098296	0.01029
-339309.0	15842	0.019	0.093325	0.014713
-339309.0	15834	0.019	0.097296	0.01125
-339307.0	19226	0.0	0.02231	0.025301
-339307.0	19224	0.0	0.027296	0.027226
-339307.0	19223	0.0	0.028296	0.027561
-339307.0	19205	-7.8139e-18	0.02331	0.024639
-339307.0	19214	0.0	0.02231	0.02421
-339307.0	19206	0.0	0.027296	0.026168
-339307.0	19196	0.0	0.028296	0.026508
-339307.0	19225	-7.8139e-18	0.02331	0.025722
-339299.0	15908	0.02	0.098296	0.01029
-339299.0	15895	0.02	0.09331	0.014725
-339299.0	15887	0.02	0.097296	0.01125
-339299.0	15930	0.02	0.09231	0.015516
-339299.0	15936	0.02	0.09231	0.016777
-339299.0	15935	0.02	0.09331	0.016003
-339299.0	15937	0.02	0.097296	0.012615
-339299.0	15938	0.02	0.098296	0.01168
-339281.0	19873	-7.8139e-18	0.07231	0.02736
-339281.0	19854	0.0	0.076296	0.024803
-339281.0	19874	0.0	0.07131	0.027688
-339281.0	19862	0.0	0.07131	0.026637
-339281.0	19844	0.0	0.077296	0.024381
-339281.0	19853	-7.8139e-18	0.07231	0.026304
-339281.0	19871	0.0	0.077296	0.025469
-339281.0	19872	0.0	0.076296	0.025883
-339275.0	16605	0.019	0.014296	0.020055
-339275.0	16630	0.019	0.0083098	0.017241
-339275.0	16627	0.019	0.013296	0.020616
-339275.0	16628	0.019	0.014296	0.02122
-339275.0	16629	0.019	0.0093246	0.01798
-339275.0	16623	0.019	0.0083098	0.015991
-339275.0	16591	0.019	0.0093246	0.016746
-339275.0	16599	0.019	0.013296	0.019438
-339265.0	16690	0.02	0.013296	0.019438
-339265.0	16680	0.02	0.0083098	0.015991
-339265.0	16704	0.02	0.013296	0.020616
-339265.0	16705	0.02	0.0083098	0.017241
-339265.0	16706	0.02	0.0093098	0.017969
-339265.0	16703	0.02	0.014296	0.02122
-339265.0	16698	0.02	0.0093098	0.016735
-339265.0	16689	0.02	0.014296	0.020055
-339255.0	20522	0.0	0.02931	0.027883
-339255.0	20510	0.0	0.02931	0.026835
-339255.0	20502	3.4694e-18	0.034296	0.028199
-339255.0	20501	-7.8139e-18	0.03031	0.027141
-339255.0	20521	-7.8139e-18	0.03031	0.028184
-339255.0	20520	0.0	0.034296	0.029226
-339255.0	20519	0.0	0.035296	0.029449
-339255.0	20492	0.0	0.035296	0.028425
-339241.0	17277	0.019	0.086325	0.020848
-339241.0	17275	0.019	0.090296	0.018248
-339241.0	17253	0.019	0.091296	0.016288
-339241.0	17239	0.019	0.086325	0.019675
-339241.0	17247	0.019	0.090296	0.017021
-339241.0	17278	0.019	0.08531	0.021452
-339241.0	17271	0.019	0.08531	0.020291
-339241.0	17276	0.019	0.091296	0.017531
-339231.0	17351	0.02	0.08631	0.020857
-339231.0	17328	0.02	0.091296	0.016288
-339231.0	17354	0.02	0.091296	0.017531
-339231.0	17353	0.02	0.090296	0.018248
-339231.0	17319	0.02	0.08631	0.019684
-339231.0	17311	0.02	0.090296	0.017021
-339231.0	17337	0.02	0.08531	0.020291
-339231.0	17352	0.02	0.08531	0.021452
-339229.0	21150	0.0	0.069296	0.027257
-339229.0	21169	-7.8139e-18	0.06531	0.029315
-339229.0	21149	-7.8139e-18	0.06531	0.02829
-339229.0	21168	0.0	0.069296	0.028298
-339229.0	21167	0.0	0.070296	0.028003
-339229.0	21158	0.0	0.06431	0.02851
-339229.0	21170	0.0	0.06431	0.029532
-339229.0	21140	0.0	0.070296	0.026958
-339207.0	17926	0.019	0.01531	0.02181
-339207.0	17901	0.019	0.021296	0.023757
-339207.0	17887	0.019	0.016325	0.021234
-339207.0	17924	0.019	0.021296	0.024855
-339207.0	17923	0.019	0.020296	0.024396
-339207.0	17919	0.019	0.01531	0.020656
-339207.0	17895	0.019	0.020296	0.023289
-339207.0	17925	0.019	0.016325	0.022378
-339203.0	21798	0.0	0.041296	0.029459
-339203.0	21806	0.0	0.03631	0.028638
-339203.0	21817	-7.8139e-18	0.03731	0.02985
-339203.0	21797	-7.8139e-18	0.03731	0.028833
-339203.0	21818	0.0	0.03631	0.029658
-339203.0	21788	0.0	0.042296	0.029579
-339203.0	21816	0.0	0.041296	0.030467
-339203.0	21815	0.0	0.042296	0.030585
-339197.0	17976	0.02	0.01531	0.020656
-339197.0	17986	0.02	0.020296	0.023289
-339197.0	18001	0.02	0.01531	0.02181
-339197.0	17994	0.02	0.01631	0.021226
-339197.0	18002	0.02	0.01631	0.02237
-339197.0	18000	0.02	0.020296	0.024396
-339197.0	17999	0.02	0.021296	0.024855
-339197.0	17985	0.02	0.021296	0.023757
-339177.0	22446	0.0	0.062296	0.028906
-339177.0	22466	0.0	0.05731	0.030627
-339177.0	22464	0.0	0.062296	0.029922
-339177.0	22445	-7.8139e-18	0.05831	0.029508
-339177.0	22465	-7.8139e-18	0.05831	0.030515
-339177.0	22463	0.0	0.063296	0.029736
-339177.0	22454	0.0	0.05731	0.029622
-339177.0	22436	0.0	0.063296	0.028717
-339173.0	18543	0.019	0.083296	0.021445
-339173.0	18549	0.019	0.084296	0.020883
-339173.0	18571	0.019	0.083296	0.022584
-339173.0	18572	0.019	0.084296	0.022033
-339173.0	18567	0.019	0.07831	0.023935
-339173.0	18574	0.019	0.07831	0.02503
-339173.0	18573	0.019	0.079325	0.024572
-339173.0	18535	0.019	0.079325	0.023469
-339163.0	18615	0.02	0.084296	0.020883
-339163.0	18650	0.02	0.083296	0.022584
-339163.0	18616	0.02	0.083296	0.021445
-339163.0	18649	0.02	0.084296	0.022033
-339163.0	18647	0.02	0.07931	0.024579
-339163.0	18648	0.02	0.07831	0.02503
-339163.0	18624	0.02	0.07931	0.023476
-339163.0	18642	0.02	0.07831	0.023935
-339151.0	23112	0.0	0.048296	0.030989
-339151.0	23093	-7.8139e-18	0.04431	0.029775
-339151.0	23084	0.0	0.049296	0.030007
-339151.0	23094	0.0	0.048296	0.029989
-339151.0	23102	0.0	0.04331	0.029685
-339151.0	23113	-7.8139e-18	0.04431	0.030779
-339151.0	23114	0.0	0.04331	0.03069
-339151.0	23111	0.0	0.049296	0.031007
-339139.0	19183	0.019	0.023325	0.024645
-339139.0	19197	0.019	0.028296	0.026508
-339139.0	19215	0.019	0.02231	0.02421
-339139.0	19221	0.019	0.023325	0.025728
-339139.0	19222	0.019	0.02231	0.025301
-339139.0	19191	0.019	0.027296	0.026168
-339139.0	19219	0.019	0.027296	0.027226
-339139.0	19220	0.019	0.028296	0.027561
-339129.0	19298	0.02	0.02331	0.025722
-339129.0	19297	0.02	0.02231	0.025301
-339129.0	19290	0.02	0.02331	0.024639
-339129.0	19296	0.02	0.027296	0.027226
-339129.0	19295	0.02	0.028296	0.027561
-339129.0	19282	0.02	0.027296	0.026168
-339129.0	19281	0.02	0.028296	0.026508
-339129.0	19272	0.02	0.02231	0.02421
-339125.0	23761	0.0	0.05031	0.03101
-339125.0	23762	-7.8139e-18	0.05131	0.030998
-339125.0	23728	0.0	0.055296	0.029807
-339125.0	23736	-7.8139e-18	0.05131	0.029998
-339125.0	23727	0.0	0.05031	0.03001
-339125.0	23745	0.0	0.056296	0.029722
-339125.0	23760	0.0	0.056296	0.030726
-339125.0	23759	0.0	0.055296	0.03081
-339109.0	15100	0.039	0.0072964	0.015208
-339109.0	15132	0.039	0.0062964	0.014405
-339109.0	15107	0.039	0.0013098	0.0099005
-339109.0	15118	0.039	0.0023246	0.010891
-339109.0	15141	0.039	0.0072964	0.016476
-339109.0	15140	0.039	0.0023246	0.012265
-339109.0	15142	0.039	0.0062964	0.015691
-339109.0	15139	0.039	0.0013098	0.011302
-339105.0	19831	0.019	0.072325	0.026299
-339105.0	19845	0.019	0.077296	0.024381
-339105.0	19868	0.019	0.077296	0.025469
-339105.0	19863	0.019	0.07131	0.026637
-339105.0	19867	0.019	0.076296	0.025883
-339105.0	19870	0.019	0.07131	0.027688
-339105.0	19839	0.019	0.076296	0.024803
-339105.0	19869	0.019	0.072325	0.027355
-339099.0	15226	0.04	0.0013098	0.0099005
-339099.0	15216	0.04	0.0072964	0.015208
-339099.0	15210	0.04	0.0023098	0.010876
-339099.0	15231	0.04	0.0023098	0.012251
-339099.0	15232	0.04	0.0013098	0.011302
-339099.0	15195	0.04	0.0062964	0.014405
-339099.0	15233	0.04	0.0062964	0.015691
-339099.0	15234	0.04	0.0072964	0.016476
-339095.0	19911	0.02	0.077296	0.024381
-339095.0	19943	0.02	0.07231	0.02736
-339095.0	19945	0.02	0.077296	0.025469
-339095.0	19912	0.02	0.076296	0.024803
-339095.0	19920	0.02	0.07231	0.026304
-339095.0	19946	0.02	0.076296	0.025883
-339095.0	19944	0.02	0.07131	0.027688
-339095.0	19938	0.02	0.07131	0.026637
-339075.0	15896	0.039	0.098296	0.01029
-339075.0	15918	0.039	0.09231	0.015516
-339075.0	15914	0.039	0.097296	0.01125
-339075.0	15913	0.039	0.093325	0.014713
-339075.0	15934	0.039	0.097296	0.012615
-339075.0	15932	0.039	0.09231	0.016777
-339075.0	15931	0.039	0.093325	0.015992
-339075.0	15933	0.039	0.098296	0.01168
-339071.0	20517	0.019	0.030325	0.028188
-339071.0	20515	0.019	0.034296	0.029226
-339071.0	20518	0.019	0.02931	0.027883
-339071.0	20511	0.019	0.02931	0.026835
-339071.0	20479	0.019	0.030325	0.027145
-339071.0	20487	0.019	0.034296	0.028199
-339071.0	20493	0.019	0.035296	0.028425
-339071.0	20516	0.019	0.035296	0.029449
-339065.0	16026	0.04	0.098296	0.01168
-339065.0	16024	0.04	0.09231	0.016777
-339065.0	16023	0.04	0.09331	0.016003
-339065.0	16025	0.04	0.097296	0.012615
-339065.0	15996	0.04	0.098296	0.01029
-339065.0	16018	0.04	0.09231	0.015516
-339065.0	15975	0.04	0.097296	0.01125
-339065.0	15983	0.04	0.09331	0.014725
-339061.0	20568	0.02	0.03031	0.027141
-339061.0	20560	0.02	0.034296	0.028199
-339061.0	20559	0.02	0.035296	0.028425
-339061.0	20586	0.02	0.02931	0.026835
-339061.0	20594	0.02	0.034296	0.029226
-339061.0	20592	0.02	0.02931	0.027883
-339061.0	20591	0.02	0.03031	0.028184
-339061.0	20593	0.02	0.035296	0.029449
-339041.0	16699	0.039	0.013296	0.020616
-339041.0	16701	0.039	0.0093246	0.01798
-339041.0	16681	0.039	0.014296	0.020055
-339041.0	16667	0.039	0.013296	0.019438
-339041.0	16702	0.039	0.0083098	0.017241
-339041.0	16700	0.039	0.014296	0.02122
-339041.0	16672	0.039	0.0083098	0.015991
-339041.0	16668	0.039	0.0093246	0.016746
-339037.0	21127	0.019	0.065325	0.028287
-339037.0	21135	0.019	0.069296	0.027257
-339037.0	21141	0.019	0.070296	0.026958
-339037.0	21159	0.019	0.06431	0.02851
-339037.0	21166	0.019	0.06431	0.029532
-339037.0	21163	0.019	0.069296	0.028298
-339037.0	21164	0.019	0.070296	0.028003
-339037.0	21165	0.019	0.065325	0.029312
-339031.0	16761	0.04	0.014296	0.020055
-339031.0	16762	0.04	0.013296	0.019438
-339031.0	16752	0.04	0.0083098	0.015991
-339031.0	16778	0.04	0.0093098	0.017969
-339031.0	16777	0.04	0.0083098	0.017241
-339031.0	16776	0.04	0.013296	0.020616
-339031.0	16775	0.04	0.014296	0.02122
-339031.0	16770	0.04	0.0093098	0.016735
-339027.0	21239	0.02	0.06531	0.029315
-339027.0	21240	0.02	0.06431	0.029532
-339027.0	21207	0.02	0.070296	0.026958
-339027.0	21216	0.02	0.06531	0.02829
-339027.0	21208	0.02	0.069296	0.027257
-339027.0	21234	0.02	0.06431	0.02851
-339027.0	21241	0.02	0.070296	0.028003
-339027.0	21242	0.02	0.069296	0.028298
-339007.0	17347	0.039	0.08531	0.021452
-339007.0	17343	0.039	0.086325	0.019675
-339007.0	17349	0.039	0.091296	0.017531
-339007.0	17348	0.039	0.086325	0.020848
-339007.0	17320	0.039	0.091296	0.016288
-339007.0	17350	0.039	0.090296	0.018248
-339007.0	17342	0.039	0.090296	0.017021
-339007.0	17329	0.039	0.08531	0.020291
-339003.0	21775	0.019	0.037325	0.028836
-339003.0	21783	0.019	0.041296	0.029459
-339003.0	21807	0.019	0.03631	0.028638
-339003.0	21814	0.019	0.03631	0.029658
-339003.0	21811	0.019	0.041296	0.030467
-339003.0	21813	0.019	0.037325	0.029853
-339003.0	21812	0.019	0.042296	0.030585
-339003.0	21789	0.019	0.042296	0.029579
-338997.0	17400	0.04	0.091296	0.016288
-338997.0	17423	0.04	0.08631	0.020857
-338997.0	17391	0.04	0.08631	0.019684
-338997.0	17383	0.04	0.090296	0.017021
-338997.0	17425	0.04	0.090296	0.018248
-338997.0	17424	0.04	0.08531	0.021452
-338997.0	17426	0.04	0.091296	0.017531
-338997.0	17409	0.04	0.08531	0.020291
-338993.0	21887	0.02	0.03731	0.02985
-338993.0	21882	0.02	0.03631	0.028638
-338993.0	21889	0.02	0.042296	0.030585
-338993.0	21888	0.02	0.03631	0.029658
-338993.0	21856	0.02	0.041296	0.029459
-338993.0	21890	0.02	0.041296	0.030467
-338993.0	21864	0.02	0.03731	0.028833
-338993.0	21855	0.02	0.042296	0.029579
-338973.0	17995	0.039	0.020296	0.024396
-338973.0	17963	0.039	0.020296	0.023289
-338973.0	17964	0.039	0.016325	0.021234
-338973.0	17968	0.039	0.01531	0.020656
-338973.0	17998	0.039	0.01531	0.02181
-338973.0	17977	0.039	0.021296	0.023757
-338973.0	17997	0.039	0.016325	0.022378
-338973.0	17996	0.039	0.021296	0.024855
-338969.0	22460	0.019	0.063296	0.029736
-338969.0	22431	0.019	0.062296	0.028906
-338969.0	22455	0.019	0.05731	0.029622
-338969.0	22459	0.019	0.062296	0.029922
-338969.0	22437	0.019	0.063296	0.028717
-338969.0	22461	0.019	0.058325	0.030513
-338969.0	22462	0.019	0.05731	0.030627
-338969.0	22423	0.019	0.058325	0.029506
-338963.0	18073	0.04	0.01531	0.02181
-338963.0	18074	0.04	0.01631	0.02237
-338963.0	18072	0.04	0.020296	0.024396
-338963.0	18071	0.04	0.021296	0.024855
-338963.0	18048	0.04	0.01531	0.020656
-338963.0	18058	0.04	0.020296	0.023289
-338963.0	18066	0.04	0.01631	0.021226
-338963.0	18057	0.04	0.021296	0.023757
-338959.0	22512	0.02	0.05831	0.029508
-338959.0	22538	0.02	0.062296	0.029922
-338959.0	22536	0.02	0.05731	0.030627
-338959.0	22503	0.02	0.063296	0.028717
-338959.0	22537	0.02	0.063296	0.029736
-338959.0	22504	0.02	0.062296	0.028906
-338959.0	22535	0.02	0.05831	0.030515
-338959.0	22530	0.02	0.05731	0.029622
-338939.0	18643	0.039	0.079325	0.024572
-338939.0	18644	0.039	0.07831	0.02503
-338939.0	18645	0.039	0.084296	0.022033
-338939.0	18634	0.039	0.07831	0.023935
-338939.0	18646	0.039	0.083296	0.022584
-338939.0	18630	0.039	0.079325	0.023469
-338939.0	18607	0.039	0.084296	0.020883
-338939.0	18629	0.039	0.083296	0.021445
-338935.0	23107	0.019	0.048296	0.030989
-338935.0	23071	0.019	0.044325	0.029776
-338935.0	23109	0.019	0.044325	0.03078
-338935.0	23085	0.019	0.049296	0.030007
-338935.0	23079	0.019	0.048296	0.029989
-338935.0	23110	0.019	0.04331	0.03069
-338935.0	23103	0.019	0.04331	0.029685
-338935.0	23108	0.019	0.049296	0.031007
-338929.0	18687	0.04	0.084296	0.020883
-338929.0	18688	0.04	0.083296	0.021445
-338929.0	18720	0.04	0.07831	0.02503
-338929.0	18719	0.04	0.07931	0.024579
-338929.0	18722	0.04	0.083296	0.022584
-338929.0	18721	0.04	0.084296	0.022033
-338929.0	18696	0.04	0.07931	0.023476
-338929.0	18714	0.04	0.07831	0.023935
-338925.0	23180	0.02	0.048296	0.030989
-338925.0	23185	0.02	0.04331	0.03069
-338925.0	23186	0.02	0.04431	0.030779
-338925.0	23151	0.02	0.049296	0.030007
-338925.0	23152	0.02	0.048296	0.029989
-338925.0	23160	0.02	0.04431	0.029775
-338925.0	23175	0.02	0.04331	0.029685
-338925.0	23179	0.02	0.049296	0.031007
-338905.0	19293	0.039	0.023325	0.025728
-338905.0	19294	0.039	0.02231	0.025301
-338905.0	19264	0.039	0.02231	0.02421
-338905.0	19260	0.039	0.023325	0.024645
-338905.0	19273	0.039	0.028296	0.026508
-338905.0	19291	0.039	0.027296	0.027226
-338905.0	19259	0.039	0.027296	0.026168
-338905.0	19292	0.039	0.028296	0.027561
-338901.0	23750	0.019	0.055296	0.029807
-338901.0	23758	0.019	0.051325	0.030998
-338901.0	23757	0.019	0.05031	0.03101
-338901.0	23737	0.019	0.056296	0.029722
-338901.0	23719	0.019	0.05031	0.03001
-338901.0	23755	0.019	0.056296	0.030726
-338901.0	23751	0.019	0.051325	0.029997
-338901.0	23756	0.019	0.055296	0.03081
-338895.0	19353	0.04	0.028296	0.026508
-338895.0	19344	0.04	0.02231	0.02421
-338895.0	19354	0.04	0.027296	0.026168
-338895.0	19362	0.04	0.02331	0.024639
-338895.0	19367	0.04	0.028296	0.027561
-338895.0	19369	0.04	0.02231	0.025301
-338895.0	19370	0.04	0.02331	0.025722
-338895.0	19368	0.04	0.027296	0.027226
-338891.0	23799	0.02	0.05031	0.03001
-338891.0	23809	0.02	0.055296	0.029807
-338891.0	23826	0.02	0.056296	0.029722
-338891.0	23817	0.02	0.05131	0.029998
-338891.0	23831	0.02	0.05031	0.03101
-338891.0	23832	0.02	0.05131	0.030998
-338891.0	23833	0.02	0.055296	0.03081
-338891.0	23834	0.02	0.056296	0.030726
-338875.0	15217	0.059	0.0023246	0.010891
-338875.0	15229	0.059	0.0062964	0.015691
-338875.0	15200	0.059	0.0072964	0.015208
-338875.0	15230	0.059	0.0072964	0.016476
-338875.0	15228	0.059	0.0023246	0.012265
-338875.0	15227	0.059	0.0013098	0.011302
-338875.0	15194	0.059	0.0062964	0.014405
-338875.0	15183	0.059	0.0013098	0.0099005
-338871.0	19903	0.039	0.077296	0.024381
-338871.0	19925	0.039	0.076296	0.024803
-338871.0	19940	0.039	0.07131	0.027688
-338871.0	19941	0.039	0.077296	0.025469
-338871.0	19939	0.039	0.072325	0.027355
-338871.0	19942	0.039	0.076296	0.025883
-338871.0	19930	0.039	0.07131	0.026637
-338871.0	19926	0.039	0.072325	0.026299
-338861.0	19992	0.04	0.07231	0.026304
-338861.0	19984	0.04	0.076296	0.024803
-338861.0	20010	0.04	0.07131	0.026637
-338861.0	20017	0.04	0.077296	0.025469
-338861.0	20015	0.04	0.07231	0.02736
-338861.0	19983	0.04	0.077296	0.024381
-338861.0	20016	0.04	0.07131	0.027688
-338861.0	20018	0.04	0.076296	0.025883
-338849.0	16019	0.059	0.093325	0.015992
-338849.0	16006	0.059	0.09231	0.015516
-338849.0	16021	0.059	0.098296	0.01168
-338849.0	16020	0.059	0.09231	0.016777
-338849.0	16001	0.059	0.093325	0.014713
-338849.0	16022	0.059	0.097296	0.012615
-338849.0	15984	0.059	0.098296	0.01029
-338849.0	16002	0.059	0.097296	0.01125
-338837.0	20588	0.039	0.02931	0.027883
-338837.0	20590	0.039	0.034296	0.029226
-338837.0	20589	0.039	0.035296	0.029449
-338837.0	20573	0.039	0.034296	0.028199
-338837.0	20574	0.039	0.030325	0.027145
-338837.0	20551	0.039	0.035296	0.028425
-338837.0	20587	0.039	0.030325	0.028188
-338837.0	20578	0.039	0.02931	0.026835
-338827.0	20632	0.04	0.034296	0.028199
-338827.0	20640	0.04	0.03031	0.027141
-338827.0	20665	0.04	0.035296	0.029449
-338827.0	20658	0.04	0.02931	0.026835
-338827.0	20666	0.04	0.034296	0.029226
-338827.0	20663	0.04	0.03031	0.028184
-338827.0	20664	0.04	0.02931	0.027883
-338827.0	20631	0.04	0.035296	0.028425
-338823.0	16744	0.059	0.0083098	0.015991
-338823.0	16771	0.059	0.013296	0.020616
-338823.0	16773	0.059	0.0093246	0.01798
-338823.0	16774	0.059	0.0083098	0.017241
-338823.0	16740	0.059	0.0093246	0.016746
-338823.0	16739	0.059	0.013296	0.019438
-338823.0	16753	0.059	0.014296	0.020055
-338823.0	16772	0.059	0.014296	0.02122
-338803.0	21221	0.039	0.069296	0.027257
-338803.0	21238	0.039	0.069296	0.028298
-338803.0	21199	0.039	0.070296	0.026958
-338803.0	21222	0.039	0.065325	0.028287
-338803.0	21236	0.039	0.06431	0.029532
-338803.0	21226	0.039	0.06431	0.02851
-338803.0	21237	0.039	0.070296	0.028003
-338803.0	21235	0.039	0.065325	0.029312
-338797.0	17419	0.059	0.08531	0.021452
-338797.0	17414	0.059	0.090296	0.017021
-338797.0	17392	0.059	0.091296	0.016288
-338797.0	17415	0.059	0.086325	0.019675
-338797.0	17422	0.059	0.090296	0.018248
-338797.0	17401	0.059	0.08531	0.020291
-338797.0	17420	0.059	0.086325	0.020848
-338797.0	17421	0.059	0.091296	0.017531
-338793.0	21280	0.04	0.069296	0.027257
-338793.0	21288	0.04	0.06531	0.02829
-338793.0	21314	0.04	0.069296	0.028298
-338793.0	21306	0.04	0.06431	0.02851
-338793.0	21279	0.04	0.070296	0.026958
-338793.0	21313	0.04	0.070296	0.028003
-338793.0	21312	0.04	0.06431	0.029532
-338793.0	21311	0.04	0.06531	0.029315
-338771.0	18040	0.059	0.01531	0.020656
-338771.0	18068	0.059	0.021296	0.024855
-338771.0	18067	0.059	0.020296	0.024396
-338771.0	18049	0.059	0.021296	0.023757
-338771.0	18069	0.059	0.016325	0.022378
-338771.0	18035	0.059	0.020296	0.023289
-338771.0	18070	0.059	0.01531	0.02181
-338771.0	18036	0.059	0.016325	0.021234
-338769.0	21884	0.039	0.03631	0.029658
-338769.0	21883	0.039	0.037325	0.029853
-338769.0	21885	0.039	0.042296	0.030585
-338769.0	21874	0.039	0.03631	0.028638
-338769.0	21886	0.039	0.041296	0.030467
-338769.0	21847	0.039	0.042296	0.029579
-338769.0	21870	0.039	0.037325	0.028836
-338769.0	21869	0.039	0.041296	0.029459
-338759.0	21962	0.04	0.041296	0.030467
-338759.0	21927	0.04	0.042296	0.029579
-338759.0	21928	0.04	0.041296	0.029459
-338759.0	21936	0.04	0.03731	0.028833
-338759.0	21954	0.04	0.03631	0.028638
-338759.0	21959	0.04	0.03731	0.02985
-338759.0	21960	0.04	0.03631	0.029658
-338759.0	21961	0.04	0.042296	0.030585
-338753.0	15305	0.0	0.1073	0.015208
-338753.0	15306	0.0	0.1063	0.014405
-338753.0	15318	-7.8139e-18	0.10231	0.012251
-338753.0	15315	0.0	0.1073	0.016476
-338753.0	15292	0.0	0.10131	0.0099005
-338753.0	15317	0.0	0.10131	0.011302
-338753.0	15314	-7.8139e-18	0.10231	0.010876
-338753.0	15316	0.0	0.1063	0.015691
-338745.0	18701	0.059	0.083296	0.021445
-338745.0	18717	0.059	0.084296	0.022033
-338745.0	18715	0.059	0.079325	0.024572
-338745.0	18718	0.059	0.083296	0.022584
-338745.0	18716	0.059	0.07831	0.02503
-338745.0	18706	0.059	0.07831	0.023935
-338745.0	18679	0.059	0.084296	0.020883
-338745.0	18702	0.059	0.079325	0.023469
-338735.0	22531	0.039	0.058325	0.030513
-338735.0	22522	0.039	0.05731	0.029622
-338735.0	22517	0.039	0.062296	0.028906
-338735.0	22495	0.039	0.063296	0.028717
-338735.0	22533	0.039	0.063296	0.029736
-338735.0	22534	0.039	0.062296	0.029922
-338735.0	22532	0.039	0.05731	0.030627
-338735.0	22518	0.039	0.058325	0.029506
-338727.0	16112	0.0	0.19231	0.016777
-338727.0	16113	-2.587e-21	0.1973	0.012615
-338727.0	16111	-7.8165e-18	0.19331	0.016003
-338727.0	16106	0.0	0.19231	0.015516
-338727.0	16114	0.0	0.1983	0.01168
-338727.0	16084	0.0	0.1983	0.01029
-338727.0	16071	-7.8165e-18	0.19331	0.014725
-338727.0	16063	0.0	0.1973	0.01125
-338725.0	22607	0.04	0.05831	0.030515
-338725.0	22608	0.04	0.05731	0.030627
-338725.0	22609	0.04	0.063296	0.029736
-338725.0	22610	0.04	0.062296	0.029922
-338725.0	22576	0.04	0.062296	0.028906
-338725.0	22575	0.04	0.063296	0.028717
-338725.0	22602	0.04	0.05731	0.029622
-338725.0	22584	0.04	0.05831	0.029508
-338719.0	19345	0.059	0.028296	0.026508
-338719.0	19365	0.059	0.023325	0.025728
-338719.0	19364	0.059	0.028296	0.027561
-338719.0	19363	0.059	0.027296	0.027226
-338719.0	19366	0.059	0.02231	0.025301
-338719.0	19332	0.059	0.023325	0.024645
-338719.0	19331	0.059	0.027296	0.026168
-338719.0	19336	0.059	0.02231	0.02421
-338701.0	23188	0.039	0.04331	0.03069
-338701.0	23189	0.039	0.049296	0.031007
-338701.0	23187	0.039	0.044325	0.03078
-338701.0	23190	0.039	0.048296	0.030989
-338701.0	23170	0.039	0.04331	0.029685
-338701.0	16824	0.0	0.10831	0.015991
-338701.0	23166	0.039	0.044325	0.029776
-338701.0	16850	-7.8139e-18	0.10931	0.017969
-338701.0	23143	0.039	0.049296	0.030007
-338701.0	23165	0.039	0.048296	0.029989
-338701.0	16848	0.0	0.1133	0.020616
-338701.0	16847	0.0	0.1143	0.02122
-338701.0	16842	-7.8139e-18	0.10931	0.016735
-338701.0	16841	0.0018916	0.10981	0.017095
-338701.0	16834	0.0	0.1133	0.019438
-338701.0	16833	0.0	0.1143	0.020055
-338701.0	16849	0.0	0.10831	0.017241
-338701.0	16853	0.0018917	0.10981	0.01832
-338693.0	19998	0.059	0.072325	0.026299
-338693.0	20012	0.059	0.07131	0.027688
-338693.0	20014	0.059	0.076296	0.025883
-338693.0	20011	0.059	0.072325	0.027355
-338693.0	20013	0.059	0.077296	0.025469
-338693.0	19997	0.059	0.076296	0.024803
-338693.0	19975	0.059	0.077296	0.024381
-338693.0	20002	0.059	0.07131	0.026637
-338691.0	23247	0.04	0.04331	0.029685
-338691.0	23224	0.04	0.048296	0.029989
-338691.0	23223	0.04	0.049296	0.030007
-338691.0	23251	0.04	0.049296	0.031007
-338691.0	23258	0.04	0.04431	0.030779
-338691.0	23232	0.04	0.04431	0.029775
-338691.0	23252	0.04	0.048296	0.030989
-338691.0	23257	0.04	0.04331	0.03069
-338675.0	17493	0.0	0.1903	0.018248
-338675.0	17495	-7.8139e-18	0.18631	0.020857
-338675.0	17455	0.0	0.1903	0.017021
-338675.0	17463	-7.8139e-18	0.18631	0.019684
-338675.0	17481	0.0	0.18531	0.020291
-338675.0	17494	0.0	0.1913	0.017531
-338675.0	17496	0.0	0.18531	0.021452
-338675.0	17472	0.0	0.1913	0.016288
-338667.0	20645	0.059	0.034296	0.028199
-338667.0	23818	0.039	0.056296	0.029722
-338667.0	20623	0.059	0.035296	0.028425
-338667.0	20661	0.059	0.035296	0.029449
-338667.0	20662	0.059	0.034296	0.029226
-338667.0	20646	0.059	0.030325	0.027145
-338667.0	23829	0.039	0.055296	0.03081
-338667.0	23827	0.039	0.05031	0.03101
-338667.0	23805	0.039	0.051325	0.029997
-338667.0	20650	0.059	0.02931	0.026835
-338667.0	23804	0.039	0.055296	0.029807
-338667.0	23791	0.039	0.05031	0.03001
-338667.0	20659	0.059	0.030325	0.028188
-338667.0	20660	0.059	0.02931	0.027883
-338667.0	23830	0.039	0.056296	0.030726
-338667.0	23828	0.039	0.051325	0.030998
-338657.0	23871	0.04	0.05031	0.03001
-338657.0	23881	0.04	0.055296	0.029807
-338657.0	23889	0.04	0.05131	0.029998
-338657.0	23903	0.04	0.05031	0.03101
-338657.0	23906	0.04	0.056296	0.030726
-338657.0	23905	0.04	0.055296	0.03081
-338657.0	23898	0.04	0.056296	0.029722
-338657.0	23904	0.04	0.05131	0.030998
-338649.0	18146	-7.8139e-18	0.11631	0.02237
-338649.0	18143	0.0	0.1213	0.024855
-338649.0	18138	-7.8139e-18	0.11631	0.021226
-338649.0	18120	0.0	0.11531	0.020656
-338649.0	18129	0.0	0.1213	0.023757
-338649.0	18130	0.0	0.1203	0.023289
-338649.0	18145	0.0	0.11531	0.02181
-338649.0	18144	0.0	0.1203	0.024396
-338641.0	21293	0.059	0.069296	0.027257
-338641.0	21309	0.059	0.070296	0.028003
-338641.0	21308	0.059	0.06431	0.029532
-338641.0	21307	0.059	0.065325	0.029312
-338641.0	21298	0.059	0.06431	0.02851
-338641.0	21310	0.059	0.069296	0.028298
-338641.0	21294	0.059	0.065325	0.028287
-338641.0	21271	0.059	0.070296	0.026958
-338633.0	15319	0.019	0.1063	0.015691
-338633.0	15320	0.019	0.1073	0.016476
-338633.0	15280	0.019	0.10131	0.0099005
-338633.0	15321	0.019	0.10232	0.012265
-338633.0	15275	0.019	0.1063	0.014405
-338633.0	15276	0.019	0.10232	0.010891
-338633.0	15322	0.019	0.10131	0.011302
-338633.0	15293	0.019	0.1073	0.015208
-338623.0	15408	0.02	0.10131	0.011302
-338623.0	15407	0.02	0.10231	0.012251
-338623.0	15359	0.02	0.1063	0.014405
-338623.0	15372	0.02	0.10231	0.010876
-338623.0	15402	0.02	0.1073	0.015208
-338623.0	15385	0.02	0.10131	0.0099005
-338623.0	18760	0.0	0.1833	0.021445
-338623.0	18788	0.0	0.1833	0.022584
-338623.0	18759	0.0	0.1843	0.020883
-338623.0	18768	-7.8139e-18	0.17931	0.023476
-338623.0	18787	0.0	0.1843	0.022033
-338623.0	18786	0.0	0.17831	0.023935
-338623.0	15410	0.02	0.1073	0.016476
-338623.0	15409	0.02	0.1063	0.015691
-338623.0	18789	-7.8139e-18	0.17931	0.024579
-338623.0	18790	0.0	0.17831	0.02503
-338615.0	21958	0.059	0.041296	0.030467
-338615.0	21957	0.059	0.042296	0.030585
-338615.0	21941	0.059	0.041296	0.029459
-338615.0	21919	0.059	0.042296	0.029579
-338615.0	21942	0.059	0.037325	0.028836
-338615.0	21946	0.059	0.03631	0.028638
-338615.0	21955	0.059	0.037325	0.029853
-338615.0	21956	0.059	0.03631	0.029658
-338599.0	16094	0.019	0.19231	0.015516
-338599.0	16090	0.019	0.1973	0.01125
-338599.0	16089	0.019	0.19332	0.014713
-338599.0	16072	0.019	0.1983	0.01029
-338599.0	16110	0.019	0.1973	0.012615
-338599.0	16109	0.019	0.1983	0.01168
-338599.0	16107	0.019	0.19332	0.015992
-338599.0	16108	0.019	0.19231	0.016777
-338597.0	19426	6.9389e-18	0.1273	0.026168
-338597.0	19425	0.0	0.1283	0.026508
-338597.0	19435	0.0	0.1283	0.027561
-338597.0	19416	0.0	0.12231	0.02421
-338597.0	19434	-7.8139e-18	0.12331	0.024639
-338597.0	19436	0.0	0.1273	0.027226
-338597.0	19442	-7.8139e-18	0.12331	0.025722
-338597.0	19441	0.0	0.12231	0.025301
-338589.0	22604	0.059	0.05731	0.030627
-338589.0	22606	0.059	0.062296	0.029922
-338589.0	22605	0.059	0.063296	0.029736
-338589.0	16194	0.02	0.19231	0.015516
-338589.0	16159	0.02	0.19331	0.014725
-338589.0	16172	0.02	0.1983	0.01029
-338589.0	22589	0.059	0.062296	0.028906
-338589.0	22567	0.059	0.063296	0.028717
-338589.0	16201	0.02	0.1973	0.012615
-338589.0	16200	0.02	0.19231	0.016777
-338589.0	16199	0.02	0.19331	0.016003
-338589.0	22590	0.059	0.058325	0.029506
-338589.0	16151	0.02	0.1973	0.01125
-338589.0	16202	0.02	0.1983	0.01168
-338589.0	22603	0.059	0.058325	0.030513
-338589.0	22594	0.059	0.05731	0.029622
-338571.0	20088	0.0	0.17131	0.027688
-338571.0	20087	-7.8139e-18	0.17231	0.02736
-338571.0	20056	0.0	0.1763	0.024803
-338571.0	20064	-7.8139e-18	0.17231	0.026304
-338571.0	20082	0.0	0.17131	0.026637
-338571.0	20085	0.0	0.1773	0.025469
-338571.0	20086	0.0	0.1763	0.025883
-338571.0	20055	0.0	0.1773	0.024381
-338565.0	16811	0.019	0.1133	0.019438
-338565.0	16846	0.019	0.10831	0.017241
-338565.0	16825	0.019	0.1143	0.020055
-338565.0	16812	0.019	0.10932	0.016746
-338565.0	16816	0.019	0.10831	0.015991
-338565.0	16843	0.019	0.1133	0.020616
-338565.0	16844	0.019	0.1143	0.02122
-338565.0	16845	0.019	0.10932	0.01798
-338563.0	23262	0.059	0.048296	0.030989
-338563.0	23261	0.059	0.049296	0.031007
-338563.0	23238	0.059	0.044325	0.029776
-338563.0	23237	0.059	0.048296	0.029989
-338563.0	23215	0.059	0.049296	0.030007
-338563.0	23260	0.059	0.04331	0.03069
-338563.0	23242	0.059	0.04331	0.029685
-338563.0	23259	0.059	0.044325	0.03078
-338555.0	16920	0.02	0.1133	0.020616
-338555.0	16921	0.02	0.10831	0.017241
-338555.0	16922	0.02	0.10931	0.017969
-338555.0	16896	0.02	0.10831	0.015991
-338555.0	16905	0.02	0.1143	0.020055
-338555.0	16906	0.02	0.1133	0.019438
-338555.0	16914	0.02	0.10931	0.016735
-338555.0	16919	0.02	0.1143	0.02122
-338545.0	20738	0.0	0.1343	0.029226
-338545.0	20730	0.0	0.12931	0.026835
-338545.0	20736	0.0	0.12931	0.027883
-338545.0	20735	-7.8139e-18	0.13031	0.028184
-338545.0	20703	0.0	0.1353	0.028425
-338545.0	20712	-7.8139e-18	0.13031	0.027141
-338545.0	20704	3.4694e-18	0.1343	0.028199
-338545.0	20737	0.0	0.1353	0.029449
-338537.0	23899	0.059	0.05031	0.03101
-338537.0	23902	0.059	0.056296	0.030726
-338537.0	23901	0.059	0.055296	0.03081
-338537.0	23877	0.059	0.051325	0.029997
-338537.0	23890	0.059	0.056296	0.029722
-338537.0	23900	0.059	0.051325	0.030998
-338537.0	23876	0.059	0.055296	0.029807
-338537.0	23863	0.059	0.05031	0.03001
-338531.0	17492	0.019	0.18632	0.020848
-338531.0	17497	0.019	0.1913	0.017531
-338531.0	17498	0.019	0.1903	0.018248
-338531.0	17486	0.019	0.1903	0.017021
-338531.0	17464	0.019	0.1913	0.016288
-338531.0	17487	0.019	0.18632	0.019675
-338531.0	17491	0.019	0.18531	0.021452
-338531.0	17473	0.019	0.18531	0.020291
-338521.0	17544	0.02	0.1913	0.016288
-338521.0	17553	0.02	0.18531	0.020291
-338521.0	17535	0.02	0.18631	0.019684
-338521.0	17563	0.02	0.1903	0.018248
-338521.0	17564	0.02	0.1913	0.017531
-338521.0	17565	0.02	0.18631	0.020857
-338521.0	17527	0.02	0.1903	0.017021
-338521.0	17566	0.02	0.18531	0.021452
-338519.0	21383	0.0	0.1703	0.028003
-338519.0	21384	0.0	0.1693	0.028298
-338519.0	21360	-7.8139e-18	0.16531	0.02829
-338519.0	21352	0.0	0.1693	0.027257
-338519.0	21351	0.0	0.1703	0.026958
-338519.0	21378	0.0	0.16431	0.02851
-338519.0	21381	-7.8139e-18	0.16531	0.029315
-338519.0	21382	0.0	0.16431	0.029532
-338497.0	18112	0.019	0.11531	0.020656
-338497.0	18108	0.019	0.11632	0.021234
-338497.0	18107	0.019	0.1203	0.023289
-338497.0	18121	0.019	0.1213	0.023757
-338497.0	18140	0.019	0.1213	0.024855
-338497.0	18139	0.019	0.1203	0.024396
-338497.0	18141	0.019	0.11632	0.022378
-338497.0	18142	0.019	0.11531	0.02181
-338493.0	22032	0.0	0.13631	0.029658
-338493.0	22031	-7.8139e-18	0.13731	0.02985
-338493.0	22033	0.0	0.1423	0.030585
-338493.0	22034	0.0	0.1413	0.030467
-338493.0	22000	0.0	0.1413	0.029459
-338493.0	22008	-7.8139e-18	0.13731	0.028833
-338493.0	22026	0.0	0.13631	0.028638
-338493.0	21999	0.0	0.1423	0.029579
-338487.0	18202	0.02	0.1203	0.023289
-338487.0	18210	0.02	0.11631	0.021226
-338487.0	18216	0.02	0.1203	0.024396
-338487.0	18201	0.02	0.1213	0.023757
-338487.0	18215	0.02	0.1213	0.024855
-338487.0	18192	0.02	0.11531	0.020656
-338487.0	18218	0.02	0.11631	0.02237
-338487.0	18217	0.02	0.11531	0.02181
-338467.0	22675	0.0	0.15731	0.030627
-338467.0	22666	-7.8139e-18	0.15831	0.029508
-338467.0	22658	0.0	0.15731	0.029622
-338467.0	22676	-7.8139e-18	0.15831	0.030515
-338467.0	22686	0.0	0.1633	0.029736
-338467.0	22694	0.0	0.1623	0.029922
-338467.0	22648	0.0	0.1623	0.028906
-338467.0	22649	0.0	0.1633	0.028717
-338463.0	18792	0.019	0.1833	0.022584
-338463.0	18794	0.019	0.17831	0.02503
-338463.0	18778	0.019	0.17831	0.023935
-338463.0	18791	0.019	0.1843	0.022033
-338463.0	18773	0.019	0.1833	0.021445
-338463.0	18774	0.019	0.17932	0.023469
-338463.0	18751	0.019	0.1843	0.020883
-338463.0	18793	0.019	0.17932	0.024572
-338453.0	18831	0.02	0.1843	0.020883
-338453.0	18832	0.02	0.1833	0.021445
-338453.0	18861	0.02	0.17931	0.024579
-338453.0	18862	0.02	0.17831	0.02503
-338453.0	18859	0.02	0.1843	0.022033
-338453.0	18858	0.02	0.17831	0.023935
-338453.0	18860	0.02	0.1833	0.022584
-338453.0	18840	0.02	0.17931	0.023476
-338441.0	23322	0.0	0.14331	0.029685
-338441.0	23329	-7.8139e-18	0.14431	0.030779
-338441.0	23323	0.0	0.1493	0.031007
-338441.0	23296	0.0	0.1483	0.029989
-338441.0	23330	0.0	0.14331	0.03069
-338441.0	23295	0.0	0.1493	0.030007
-338441.0	23304	-7.8139e-18	0.14431	0.029775
-338441.0	23324	0.0	0.1483	0.030989
-338429.0	19440	0.019	0.1283	0.027561
-338429.0	19439	0.019	0.1273	0.027226
-338429.0	19404	0.019	0.12332	0.024645
-338429.0	19417	0.019	0.1283	0.026508
-338429.0	19408	0.019	0.12231	0.02421
-338429.0	19403	0.019	0.1273	0.026168
-338429.0	19437	0.019	0.12332	0.025728
-338429.0	19438	0.019	0.12231	0.025301
-338419.0	19488	0.02	0.12231	0.02421
-338419.0	19497	0.02	0.1283	0.026508
-338419.0	19498	0.02	0.1273	0.026168
-338419.0	19506	0.02	0.12331	0.024639
-338419.0	19514	0.02	0.12331	0.025722
-338419.0	19512	0.02	0.1273	0.027226
-338419.0	19511	0.02	0.1283	0.027561
-338419.0	19513	0.02	0.12231	0.025301
-338415.0	23970	-7.8139e-18	0.15131	0.029998
-338415.0	23952	0.0	0.15031	0.03001
-338415.0	23975	0.0	0.15031	0.03101
-338415.0	23976	-7.8139e-18	0.15131	0.030998
-338415.0	23977	0.0	0.1563	0.030726
-338415.0	23978	0.0	0.1553	0.03081
-338415.0	23962	0.0	0.1553	0.029807
-338415.0	23943	0.0	0.1563	0.029722
-338399.0	15364	0.039	0.10232	0.010891
-338399.0	15373	0.039	0.10131	0.0099005
-338399.0	15386	0.039	0.1073	0.015208
-338399.0	15396	0.039	0.1063	0.014405
-338399.0	15403	0.039	0.10232	0.012265
-338399.0	15404	0.039	0.10131	0.011302
-338399.0	15405	0.039	0.1073	0.016476
-338399.0	15406	0.039	0.1063	0.015691
-338395.0	20069	0.019	0.1763	0.024803
-338395.0	20070	0.019	0.17232	0.026299
-338395.0	20074	0.019	0.17131	0.026637
-338395.0	20083	0.019	0.17232	0.027355
-338395.0	20084	0.019	0.17131	0.027688
-338395.0	20047	0.019	0.1773	0.024381
-338395.0	20089	0.019	0.1773	0.025469
-338395.0	20090	0.019	0.1763	0.025883
-338389.0	15471	0.04	0.10231	0.010876
-338389.0	15472	0.04	0.1063	0.014405
-338389.0	15495	0.04	0.10131	0.011302
-338389.0	15497	0.04	0.1073	0.016476
-338389.0	15498	0.04	0.1063	0.015691
-338389.0	15496	0.04	0.10231	0.012251
-338389.0	15460	0.04	0.1073	0.015208
-338389.0	15466	0.04	0.10131	0.0099005
-338385.0	20157	0.02	0.17231	0.02736
-338385.0	20158	0.02	0.17131	0.027688
-338385.0	20154	0.02	0.17131	0.026637
-338385.0	20127	0.02	0.1773	0.024381
-338385.0	20128	0.02	0.1763	0.024803
-338385.0	20136	0.02	0.17231	0.026304
-338385.0	20155	0.02	0.1773	0.025469
-338385.0	20156	0.02	0.1763	0.025883
-338365.0	16198	0.039	0.1973	0.012615
-338365.0	16197	0.039	0.1983	0.01168
-338365.0	16182	0.039	0.19231	0.015516
-338365.0	16196	0.039	0.19231	0.016777
-338365.0	16177	0.039	0.19332	0.014713
-338365.0	16160	0.039	0.1983	0.01029
-338365.0	16195	0.039	0.19332	0.015992
-338365.0	16178	0.039	0.1973	0.01125
-338361.0	20733	0.019	0.1353	0.029449
-338361.0	20731	0.019	0.13032	0.028188
-338361.0	20717	0.019	0.1343	0.028199
-338361.0	20695	0.019	0.1353	0.028425
-338361.0	20718	0.019	0.13032	0.027145
-338361.0	20734	0.019	0.1343	0.029226
-338361.0	20722	0.019	0.12931	0.026835
-338361.0	20732	0.019	0.12931	0.027883
-338355.0	16239	0.04	0.1973	0.01125
-338355.0	16282	0.04	0.19231	0.015516
-338355.0	16290	0.04	0.1983	0.01168
-338355.0	16288	0.04	0.19231	0.016777
-338355.0	16287	0.04	0.19331	0.016003
-338355.0	16247	0.04	0.19331	0.014725
-338355.0	16289	0.04	0.1973	0.012615
-338355.0	16260	0.04	0.1983	0.01029
-338351.0	20809	0.02	0.1353	0.029449
-338351.0	20807	0.02	0.13031	0.028184
-338351.0	20808	0.02	0.12931	0.027883
-338351.0	20784	0.02	0.13031	0.027141
-338351.0	20775	0.02	0.1353	0.028425
-338351.0	20776	0.02	0.1343	0.028199
-338351.0	20802	0.02	0.12931	0.026835
-338351.0	20810	0.02	0.1343	0.029226
-338331.0	16888	0.039	0.10831	0.015991
-338331.0	16897	0.039	0.1143	0.020055
-338331.0	16884	0.039	0.10932	0.016746
-338331.0	16917	0.039	0.10932	0.01798
-338331.0	16916	0.039	0.1143	0.02122
-338331.0	16918	0.039	0.10831	0.017241
-338331.0	16915	0.039	0.1133	0.020616
-338331.0	16883	0.039	0.1133	0.019438
-338327.0	21343	0.019	0.1703	0.026958
-338327.0	21366	0.019	0.16532	0.028287
-338327.0	21379	0.019	0.16532	0.029312
-338327.0	21365	0.019	0.1693	0.027257
-338327.0	21385	0.019	0.1703	0.028003
-338327.0	21380	0.019	0.16431	0.029532
-338327.0	21386	0.019	0.1693	0.028298
-338327.0	21370	0.019	0.16431	0.02851
-338321.0	16986	0.04	0.10931	0.016735
-338321.0	16977	0.04	0.1143	0.020055
-338321.0	16968	0.04	0.10831	0.015991
-338321.0	16991	0.04	0.1143	0.02122
-338321.0	16993	0.04	0.10831	0.017241
-338321.0	16994	0.04	0.10931	0.017969
-338321.0	16992	0.04	0.1133	0.020616
-338321.0	16978	0.04	0.1133	0.019438
-338317.0	21454	0.02	0.16431	0.029532
-338317.0	21424	0.02	0.1693	0.027257
-338317.0	21453	0.02	0.16531	0.029315
-338317.0	21432	0.02	0.16531	0.02829
-338317.0	21423	0.02	0.1703	0.026958
-338317.0	21451	0.02	0.1703	0.028003
-338317.0	21450	0.02	0.16431	0.02851
-338317.0	21452	0.02	0.1693	0.028298
-338297.0	17536	0.039	0.1913	0.016288
-338297.0	17559	0.039	0.18632	0.019675
-338297.0	17558	0.039	0.1903	0.017021
-338297.0	17545	0.039	0.18531	0.020291
-338297.0	17570	0.039	0.18632	0.020848
-338297.0	17568	0.039	0.1903	0.018248
-338297.0	17567	0.039	0.1913	0.017531
-338297.0	17569	0.039	0.18531	0.021452
-338293.0	22014	0.019	0.13732	0.028836
-338293.0	22013	0.019	0.1413	0.029459
-338293.0	22030	0.019	0.1413	0.030467
-338293.0	22027	0.019	0.13732	0.029853
-338293.0	22028	0.019	0.13631	0.029658
-338293.0	22018	0.019	0.13631	0.028638
-338293.0	22029	0.019	0.1423	0.030585
-338293.0	21991	0.019	0.1423	0.029579
-338287.0	17607	0.04	0.18631	0.019684
-338287.0	17625	0.04	0.18531	0.020291
-338287.0	17599	0.04	0.1903	0.017021
-338287.0	17637	0.04	0.1903	0.018248
-338287.0	17616	0.04	0.1913	0.016288
-338287.0	17639	0.04	0.18631	0.020857
-338287.0	17638	0.04	0.1913	0.017531
-338287.0	17640	0.04	0.18531	0.021452
-338283.0	22080	0.02	0.13731	0.028833
-338283.0	22072	0.02	0.1413	0.029459
-338283.0	22071	0.02	0.1423	0.029579
-338283.0	22104	0.02	0.13631	0.029658
-338283.0	22103	0.02	0.13731	0.02985
-338283.0	22098	0.02	0.13631	0.028638
-338283.0	22106	0.02	0.1413	0.030467
-338283.0	22105	0.02	0.1423	0.030585
-338263.0	18211	0.039	0.1203	0.024396
-338263.0	18193	0.039	0.1213	0.023757
-338263.0	18212	0.039	0.1213	0.024855
-338263.0	18214	0.039	0.11531	0.02181
-338263.0	18180	0.039	0.11632	0.021234
-338263.0	18179	0.039	0.1203	0.023289
-338263.0	18184	0.039	0.11531	0.020656
-338263.0	18213	0.039	0.11632	0.022378
-338259.0	22644	0.019	0.15832	0.029506
-338259.0	22650	0.019	0.15731	0.029622
-338259.0	22703	0.019	0.15832	0.030513
-338259.0	22671	0.019	0.1633	0.028717
-338259.0	22677	0.019	0.1623	0.029922
-338259.0	22678	0.019	0.1633	0.029736
-338259.0	22643	0.019	0.1623	0.028906
-338259.0	22702	0.019	0.15731	0.030627
-338253.0	18288	0.04	0.1203	0.024396
-338253.0	18287	0.04	0.1213	0.024855
-338253.0	18273	0.04	0.1213	0.023757
-338253.0	18264	0.04	0.11531	0.020656
-338253.0	18282	0.04	0.11631	0.021226
-338253.0	18274	0.04	0.1203	0.023289
-338253.0	18290	0.04	0.11631	0.02237
-338253.0	18289	0.04	0.11531	0.02181
-338249.0	22747	0.02	0.1633	0.029736
-338249.0	22746	0.02	0.15731	0.029622
-338249.0	22750	0.02	0.15731	0.030627
-338249.0	22749	0.02	0.15831	0.030515
-338249.0	22719	0.02	0.1633	0.028717
-338249.0	22728	0.02	0.15831	0.029508
-338249.0	22720	0.02	0.1623	0.028906
-338249.0	22748	0.02	0.1623	0.029922
-338229.0	18866	0.039	0.17831	0.02503
-338229.0	18846	0.039	0.17932	0.023469
-338229.0	18865	0.039	0.17932	0.024572
-338229.0	18864	0.039	0.1833	0.022584
-338229.0	18823	0.039	0.1843	0.020883
-338229.0	18845	0.039	0.1833	0.021445
-338229.0	18863	0.039	0.1843	0.022033
-338229.0	18850	0.039	0.17831	0.023935
-338225.0	23326	0.019	0.14331	0.03069
-338225.0	23309	0.019	0.1483	0.029989
-338225.0	23325	0.019	0.14432	0.03078
-338225.0	23287	0.019	0.1493	0.030007
-338225.0	23310	0.019	0.14432	0.029776
-338225.0	23314	0.019	0.14331	0.029685
-338225.0	23327	0.019	0.1493	0.031007
-338225.0	23328	0.019	0.1483	0.030989
-338219.0	18903	0.04	0.1843	0.020883
-338219.0	18930	0.04	0.17831	0.023935
-338219.0	18932	0.04	0.1833	0.022584
-338219.0	18931	0.04	0.1843	0.022033
-338219.0	18934	0.04	0.17831	0.02503
-338219.0	18912	0.04	0.17931	0.023476
-338219.0	18904	0.04	0.1833	0.021445
-338219.0	18933	0.04	0.17931	0.024579
-338215.0	23394	0.02	0.14331	0.029685
-338215.0	23367	0.02	0.1493	0.030007
-338215.0	23368	0.02	0.1483	0.029989
-338215.0	23376	0.02	0.14431	0.029775
-338215.0	23401	0.02	0.1493	0.031007
-338215.0	23402	0.02	0.1483	0.030989
-338215.0	23399	0.02	0.14431	0.030779
-338215.0	23400	0.02	0.14331	0.03069
-338195.0	19475	0.039	0.1273	0.026168
-338195.0	19476	0.039	0.12332	0.024645
-338195.0	19489	0.039	0.1283	0.026508
-338195.0	19480	0.039	0.12231	0.02421
-338195.0	19507	0.039	0.1273	0.027226
-338195.0	19508	0.039	0.1283	0.027561
-338195.0	19509	0.039	0.12332	0.025728
-338195.0	19510	0.039	0.12231	0.025301
-338191.0	23944	0.019	0.15031	0.03001
-338191.0	23971	0.019	0.15031	0.03101
-338191.0	23958	0.019	0.15132	0.029997
-338191.0	23935	0.019	0.1563	0.029722
-338191.0	23957	0.019	0.1553	0.029807
-338191.0	23974	0.019	0.1553	0.03081
-338191.0	23973	0.019	0.1563	0.030726
-338191.0	23972	0.019	0.15132	0.030998
-338185.0	19560	0.04	0.12231	0.02421
-338185.0	19578	0.04	0.12331	0.024639
-338185.0	19570	0.04	0.1273	0.026168
-338185.0	19569	0.04	0.1283	0.026508
-338185.0	19579	0.04	0.1283	0.027561
-338185.0	19586	0.04	0.12331	0.025722
-338185.0	19580	0.04	0.1273	0.027226
-338185.0	19585	0.04	0.12231	0.025301
-338181.0	24015	0.02	0.15031	0.03001
-338181.0	24025	0.02	0.1553	0.029807
-338181.0	24045	0.02	0.15031	0.03101
-338181.0	24033	0.02	0.15131	0.029998
-338181.0	24046	0.02	0.15131	0.030998
-338181.0	24044	0.02	0.1563	0.030726
-338181.0	24043	0.02	0.1553	0.03081
-338181.0	24042	0.02	0.1563	0.029722
-338165.0	15476	0.059	0.1073	0.015208
-338165.0	15447	0.059	0.10131	0.0099005
-338165.0	15492	0.059	0.10232	0.012265
-338165.0	15493	0.059	0.1073	0.016476
-338165.0	15487	0.059	0.10232	0.010891
-338165.0	15494	0.059	0.1063	0.015691
-338165.0	15486	0.059	0.1063	0.014405
-338165.0	15491	0.059	0.10131	0.011302
-338161.0	20142	0.039	0.17232	0.026299
-338161.0	20141	0.039	0.1763	0.024803
-338161.0	20146	0.039	0.17131	0.026637
-338161.0	20119	0.039	0.1773	0.024381
-338161.0	20160	0.039	0.1763	0.025883
-338161.0	20161	0.039	0.17232	0.027355
-338161.0	20162	0.039	0.17131	0.027688
-338161.0	20159	0.039	0.1773	0.025469
-338151.0	20200	0.04	0.1763	0.024803
-338151.0	20232	0.04	0.17131	0.027688
-338151.0	20230	0.04	0.1763	0.025883
-338151.0	20208	0.04	0.17231	0.026304
-338151.0	20199	0.04	0.1773	0.024381
-338151.0	20226	0.04	0.17131	0.026637
-338151.0	20229	0.04	0.1773	0.025469
-338151.0	20231	0.04	0.17231	0.02736
-338139.0	16283	0.059	0.19332	0.015992
-338139.0	16248	0.059	0.1983	0.01029
-338139.0	16266	0.059	0.1973	0.01125
-338139.0	16265	0.059	0.19332	0.014713
-338139.0	16285	0.059	0.1983	0.01168
-338139.0	16284	0.059	0.19231	0.016777
-338139.0	16270	0.059	0.19231	0.015516
-338139.0	16286	0.059	0.1973	0.012615
-338127.0	20789	0.039	0.1343	0.028199
-338127.0	20790	0.039	0.13032	0.027145
-338127.0	20794	0.039	0.12931	0.026835
-338127.0	20804	0.039	0.12931	0.027883
-338127.0	20803	0.039	0.13032	0.028188
-338127.0	20767	0.039	0.1353	0.028425
-338127.0	20806	0.039	0.1343	0.029226
-338127.0	20805	0.039	0.1353	0.029449
-338117.0	20847	0.04	0.1353	0.028425
-338117.0	20882	0.04	0.1343	0.029226
-338117.0	20856	0.04	0.13031	0.027141
-338117.0	20880	0.04	0.12931	0.027883
-338117.0	20879	0.04	0.13031	0.028184
-338117.0	20881	0.04	0.1353	0.029449
-338117.0	20848	0.04	0.1343	0.028199
-338117.0	20874	0.04	0.12931	0.026835
-338113.0	16960	0.059	0.10831	0.015991
-338113.0	16969	0.059	0.1143	0.020055
-338113.0	16956	0.059	0.10932	0.016746
-338113.0	16988	0.059	0.1143	0.02122
-338113.0	16989	0.059	0.10932	0.01798
-338113.0	16955	0.059	0.1133	0.019438
-338113.0	16987	0.059	0.1133	0.020616
-338113.0	16990	0.059	0.10831	0.017241
-338093.0	21437	0.039	0.1693	0.027257
-338093.0	21457	0.039	0.16532	0.029312
-338093.0	21458	0.039	0.16431	0.029532
-338093.0	21455	0.039	0.1703	0.028003
-338093.0	21456	0.039	0.1693	0.028298
-338093.0	21442	0.039	0.16431	0.02851
-338093.0	21438	0.039	0.16532	0.028287
-338093.0	21415	0.039	0.1703	0.026958
-338087.0	17636	0.059	0.18632	0.020848
-338087.0	17641	0.059	0.1913	0.017531
-338087.0	17617	0.059	0.18531	0.020291
-338087.0	17635	0.059	0.18531	0.021452
-338087.0	17630	0.059	0.1903	0.017021
-338087.0	17631	0.059	0.18632	0.019675
-338087.0	17642	0.059	0.1903	0.018248
-338087.0	17608	0.059	0.1913	0.016288
-338083.0	21495	0.04	0.1703	0.026958
-338083.0	21504	0.04	0.16531	0.02829
-338083.0	21528	0.04	0.1693	0.028298
-338083.0	21526	0.04	0.16431	0.029532
-338083.0	21525	0.04	0.16531	0.029315
-338083.0	21522	0.04	0.16431	0.02851
-338083.0	21527	0.04	0.1703	0.028003
-338083.0	21496	0.04	0.1693	0.027257
-338061.0	18283	0.059	0.1203	0.024396
-338061.0	18252	0.059	0.11632	0.021234
-338061.0	18251	0.059	0.1203	0.023289
-338061.0	18265	0.059	0.1213	0.023757
-338061.0	18286	0.059	0.11531	0.02181
-338061.0	18285	0.059	0.11632	0.022378
-338061.0	18284	0.059	0.1213	0.024855
-338061.0	18256	0.059	0.11531	0.020656
-338059.0	22090	0.039	0.13631	0.028638
-338059.0	22101	0.039	0.1423	0.030585
-338059.0	22099	0.039	0.13732	0.029853
-338059.0	22100	0.039	0.13631	0.029658
-338059.0	22102	0.039	0.1413	0.030467
-338059.0	22085	0.039	0.1413	0.029459
-338059.0	22086	0.039	0.13732	0.028836
-338059.0	22063	0.039	0.1423	0.029579
-338051.0	15538	0.0	0.2073	0.015208
-338051.0	15537	-1.3878e-17	0.2063	0.014405
-338051.0	15536	-7.8139e-18	0.20231	0.010876
-338051.0	15582	0.0	0.2063	0.015691
-338051.0	15613	0.0	0.20131	0.011302
-338051.0	15535	0.0	0.20131	0.0099005
-338051.0	15600	0.0	0.2073	0.016476
-338051.0	15587	-7.8139e-18	0.20231	0.012251
-338049.0	22178	0.04	0.1413	0.030467
-338049.0	22177	0.04	0.1423	0.030585
-338049.0	22176	0.04	0.13631	0.029658
-338049.0	22175	0.04	0.13731	0.02985
-338049.0	22170	0.04	0.13631	0.028638
-338049.0	22144	0.04	0.1413	0.029459
-338049.0	22152	0.04	0.13731	0.028833
-338049.0	22143	0.04	0.1423	0.029579
-338035.0	18918	0.059	0.17932	0.023469
-338035.0	18922	0.059	0.17831	0.023935
-338035.0	18937	0.059	0.17932	0.024572
-338035.0	18935	0.059	0.1843	0.022033
-338035.0	18936	0.059	0.1833	0.022584
-338035.0	18938	0.059	0.17831	0.02503
-338035.0	18917	0.059	0.1833	0.021445
-338035.0	18895	0.059	0.1843	0.020883
-338025.0	22754	0.039	0.15731	0.030627
-338025.0	22753	0.039	0.15832	0.030513
-338025.0	22752	0.039	0.1623	0.029922
-338025.0	22751	0.039	0.1633	0.029736
-338025.0	16348	0.0	0.2983	0.01029
-338025.0	16370	0.0	0.29231	0.015516
-338025.0	16327	0.0	0.2973	0.01125
-338025.0	16335	-7.8165e-18	0.29331	0.014725
-338025.0	22711	0.039	0.1633	0.028717
-338025.0	22734	0.039	0.15832	0.029506
-338025.0	22733	0.039	0.1623	0.028906
-338025.0	22738	0.039	0.15731	0.029622
-338025.0	16374	0.0	0.29231	0.016777
-338025.0	16373	-7.8165e-18	0.29331	0.016003
-338025.0	16377	-2.587e-21	0.2973	0.012615
-338025.0	16378	0.0	0.2983	0.01168
-338015.0	22810	0.04	0.15831	0.029508
-338015.0	22820	0.04	0.15831	0.030515
-338015.0	22819	0.04	0.15731	0.030627
-338015.0	22838	0.04	0.1623	0.029922
-338015.0	22792	0.04	0.1623	0.028906
-338015.0	22793	0.04	0.1633	0.028717
-338015.0	22830	0.04	0.1633	0.029736
-338015.0	22802	0.04	0.15731	0.029622
-338009.0	19584	0.059	0.1283	0.027561
-338009.0	19547	0.059	0.1273	0.026168
-338009.0	19583	0.059	0.1273	0.027226
-338009.0	19581	0.059	0.12332	0.025728
-338009.0	19548	0.059	0.12332	0.024645
-338009.0	19582	0.059	0.12231	0.025301
-338009.0	19552	0.059	0.12231	0.02421
-338009.0	19561	0.059	0.1283	0.026508
-337999.0	17036	0.0	0.20831	0.015991
-337999.0	17065	0.0	0.2143	0.02122
-337999.0	17064	-7.8139e-18	0.20931	0.017969
-337999.0	17073	0.0018917	0.20981	0.01832
-337999.0	17055	0.0	0.2133	0.019438
-337999.0	17063	0.0	0.20831	0.017241
-337999.0	17053	0.0018916	0.20981	0.017095
-337999.0	17054	-7.8139e-18	0.20931	0.016735
-337999.0	17066	0.0	0.2133	0.020616
-337999.0	17045	0.0	0.2143	0.020055
-337991.0	23396	0.039	0.14331	0.03069
-337991.0	23382	0.039	0.14432	0.029776
-337991.0	23359	0.039	0.1493	0.030007
-337991.0	23386	0.039	0.14331	0.029685
-337991.0	23397	0.039	0.1493	0.031007
-337991.0	23398	0.039	0.1483	0.030989
-337991.0	23395	0.039	0.14432	0.03078
-337991.0	23381	0.039	0.1483	0.029989
-337983.0	20218	0.059	0.17131	0.026637
-337983.0	20233	0.059	0.1773	0.025469
-337983.0	20213	0.059	0.1763	0.024803
-337983.0	20234	0.059	0.1763	0.025883
-337983.0	20191	0.059	0.1773	0.024381
-337983.0	20228	0.059	0.17131	0.027688
-337983.0	20214	0.059	0.17232	0.026299
-337983.0	20227	0.059	0.17232	0.027355
-337981.0	23439	0.04	0.1493	0.030007
-337981.0	23466	0.04	0.14331	0.029685
-337981.0	23467	0.04	0.1493	0.031007
-337981.0	23473	0.04	0.14431	0.030779
-337981.0	23474	0.04	0.14331	0.03069
-337981.0	23448	0.04	0.14431	0.029775
-337981.0	23468	0.04	0.1483	0.030989
-337981.0	23440	0.04	0.1483	0.029989
-337973.0	17673	0.0	0.28531	0.020291
-337973.0	17733	0.0	0.2903	0.018248
-337973.0	17737	0.0	0.28531	0.021452
-337973.0	17728	-7.8139e-18	0.28631	0.020857
-337973.0	17671	0.0	0.2903	0.017021
-337973.0	17672	0.0	0.2913	0.016288
-337973.0	17674	-7.8139e-18	0.28631	0.019684
-337973.0	17719	0.0	0.2913	0.017531
-337957.0	20878	0.059	0.1343	0.029226
-337957.0	20862	0.059	0.13032	0.027145
-337957.0	20861	0.059	0.1343	0.028199
-337957.0	20839	0.059	0.1353	0.028425
-337957.0	24050	0.039	0.15132	0.030998
-337957.0	24049	0.039	0.15031	0.03101
-337957.0	20877	0.059	0.1353	0.029449
-337957.0	20876	0.059	0.12931	0.027883
-337957.0	20875	0.059	0.13032	0.028188
-337957.0	20866	0.059	0.12931	0.026835
-337957.0	24047	0.039	0.1553	0.03081
-337957.0	24048	0.039	0.1563	0.030726
-337957.0	24020	0.039	0.1553	0.029807
-337957.0	24021	0.039	0.15132	0.029997
-337957.0	24007	0.039	0.15031	0.03001
-337957.0	24034	0.039	0.1563	0.029722
-337947.0	18336	-7.8139e-18	0.21631	0.021226
-337947.0	18356	0.0	0.2213	0.024855
-337947.0	18328	0.0	0.2203	0.023289
-337947.0	18327	0.0	0.21531	0.020656
-337947.0	24087	0.04	0.15031	0.03001
-337947.0	18361	0.0	0.21531	0.02181
-337947.0	24105	0.04	0.15131	0.029998
-337947.0	24122	0.04	0.1563	0.030726
-337947.0	24097	0.04	0.1553	0.029807
-337947.0	24114	0.04	0.1563	0.029722
-337947.0	18362	-7.8139e-18	0.21631	0.02237
-337947.0	18355	0.0	0.2203	0.024396
-337947.0	24119	0.04	0.15031	0.03101
-337947.0	24121	0.04	0.1553	0.03081
-337947.0	18345	0.0	0.2213	0.023757
-337947.0	24120	0.04	0.15131	0.030998
-337939.0	15617	0.019	0.2063	0.015691
-337939.0	15622	0.019	0.20232	0.012265
-337939.0	15593	0.019	0.2073	0.016476
-337939.0	15540	0.019	0.20232	0.010891
-337939.0	15539	0.019	0.20131	0.0099005
-337939.0	15606	0.019	0.20131	0.011302
-337939.0	15542	0.019	0.2073	0.015208
-337939.0	15541	0.019	0.2063	0.014405
-337931.0	21510	0.059	0.16532	0.028287
-337931.0	21523	0.059	0.16532	0.029312
-337931.0	21509	0.059	0.1693	0.027257
-337931.0	21487	0.059	0.1703	0.026958
-337931.0	21524	0.059	0.16431	0.029532
-337931.0	21529	0.059	0.1703	0.028003
-337931.0	21530	0.059	0.1693	0.028298
-337931.0	21514	0.059	0.16431	0.02851
-337929.0	15688	0.02	0.2063	0.015691
-337929.0	15650	0.02	0.20131	0.0099005
-337929.0	15689	0.02	0.20231	0.012251
-337929.0	15649	0.02	0.20231	0.010876
-337929.0	15634	0.02	0.2073	0.015208
-337929.0	15641	0.02	0.2063	0.014405
-337929.0	15684	0.02	0.20131	0.011302
-337929.0	15687	0.02	0.2073	0.016476
-337921.0	18970	-7.8139e-18	0.27931	0.023476
-337921.0	19034	0.0	0.27831	0.02503
-337921.0	19016	0.0	0.2843	0.022033
-337921.0	19025	-7.8139e-18	0.27931	0.024579
-337921.0	18968	0.0	0.2843	0.020883
-337921.0	18967	0.0	0.2833	0.021445
-337921.0	19030	0.0	0.2833	0.022584
-337921.0	18969	0.0	0.27831	0.023935
-337905.0	22173	0.059	0.1423	0.030585
-337905.0	22171	0.059	0.13732	0.029853
-337905.0	22158	0.059	0.13732	0.028836
-337905.0	22162	0.059	0.13631	0.028638
-337905.0	22157	0.059	0.1413	0.029459
-337905.0	22135	0.059	0.1423	0.029579
-337905.0	22172	0.059	0.13631	0.029658
-337905.0	22174	0.059	0.1413	0.030467
-337905.0	16376	0.019	0.2973	0.012615
-337905.0	16375	0.019	0.2983	0.01168
-337905.0	16372	0.019	0.29231	0.016777
-337905.0	16358	0.019	0.29231	0.015516
-337905.0	16353	0.019	0.29332	0.014713
-337905.0	16336	0.019	0.2983	0.01029
-337905.0	16354	0.019	0.2973	0.01125
-337905.0	16371	0.019	0.29332	0.015992
-337895.0	19632	-7.8139e-18	0.22331	0.024639
-337895.0	19624	0.0	0.2273	0.026168
-337895.0	19623	0.0	0.22231	0.02421
-337895.0	16466	0.02	0.2983	0.01168
-337895.0	16464	0.02	0.29231	0.016777
-337895.0	16423	0.02	0.29331	0.014725
-337895.0	19641	0.0	0.2283	0.026508
-337895.0	19654	0.0	0.2283	0.027561
-337895.0	19657	0.0	0.22231	0.025301
-337895.0	19653	0.0	0.2273	0.027226
-337895.0	16465	0.02	0.2973	0.012615
-337895.0	16415	0.02	0.2973	0.01125
-337895.0	16458	0.02	0.29231	0.015516
-337895.0	16463	0.02	0.29331	0.016003
-337895.0	16436	0.02	0.2983	0.01029
-337895.0	19658	-7.8139e-18	0.22331	0.025722
-337879.0	22847	0.059	0.15832	0.030513
-337879.0	22846	0.059	0.15731	0.030627
-337879.0	22822	0.059	0.1633	0.029736
-337879.0	22815	0.059	0.1633	0.028717
-337879.0	22787	0.059	0.1623	0.028906
-337879.0	22821	0.059	0.1623	0.029922
-337879.0	22788	0.059	0.15832	0.029506
-337879.0	22794	0.059	0.15731	0.029622
-337871.0	17060	0.019	0.2143	0.02122
-337871.0	17061	0.019	0.20932	0.01798
-337871.0	17062	0.019	0.20831	0.017241
-337871.0	17059	0.019	0.2133	0.020616
-337871.0	17046	0.019	0.2143	0.020055
-337871.0	17037	0.019	0.20831	0.015991
-337871.0	17031	0.019	0.2133	0.019438
-337871.0	17023	0.019	0.20932	0.016746
-337869.0	20263	0.0	0.2763	0.024803
-337869.0	20299	0.0	0.27131	0.027688
-337869.0	20314	0.0	0.2773	0.025469
-337869.0	20274	0.0	0.27131	0.026637
-337869.0	20282	-7.8139e-18	0.27231	0.026304
-337869.0	20300	-7.8139e-18	0.27231	0.02736
-337869.0	20264	0.0	0.2773	0.024381
-337869.0	20326	0.0	0.2763	0.025883
-337861.0	17135	0.02	0.2143	0.02122
-337861.0	17136	0.02	0.2133	0.020616
-337861.0	17122	0.02	0.2133	0.019438
-337861.0	17130	0.02	0.20931	0.016735
-337861.0	17137	0.02	0.20831	0.017241
-337861.0	17138	0.02	0.20931	0.017969
-337861.0	17121	0.02	0.2143	0.020055
-337861.0	17112	0.02	0.20831	0.015991
-337853.0	23471	0.059	0.1493	0.031007
-337853.0	23472	0.059	0.1483	0.030989
-337853.0	23453	0.059	0.1483	0.029989
-337853.0	23431	0.059	0.1493	0.030007
-337853.0	23470	0.059	0.14331	0.03069
-337853.0	23458	0.059	0.14331	0.029685
-337853.0	23454	0.059	0.14432	0.029776
-337853.0	23469	0.059	0.14432	0.03078
-337843.0	20924	-7.8139e-18	0.23031	0.027141
-337843.0	20916	0.0	0.2343	0.028199
-337843.0	20955	0.0	0.22931	0.027883
-337843.0	20943	0.0	0.22931	0.026835
-337843.0	20933	0.0	0.2353	0.028425
-337843.0	20950	0.0	0.2353	0.029449
-337843.0	20949	0.0	0.2343	0.029226
-337843.0	20956	-7.8139e-18	0.23031	0.028184
-337837.0	17724	0.019	0.2913	0.017531
-337837.0	17742	0.019	0.28531	0.021452
-337837.0	17715	0.019	0.2903	0.018248
-337837.0	17710	0.019	0.28632	0.020848
-337837.0	17678	0.019	0.28632	0.019675
-337837.0	17677	0.019	0.28531	0.020291
-337837.0	17676	0.019	0.2913	0.016288
-337837.0	17675	0.019	0.2903	0.017021
-337827.0	24093	0.059	0.15132	0.029997
-337827.0	24092	0.059	0.1553	0.029807
-337827.0	17780	0.02	0.2913	0.017531
-337827.0	17782	0.02	0.28531	0.021452
-337827.0	17781	0.02	0.28631	0.020857
-337827.0	24115	0.059	0.15031	0.03101
-337827.0	24106	0.059	0.1563	0.029722
-337827.0	24079	0.059	0.15031	0.03001
-337827.0	17769	0.02	0.28531	0.020291
-337827.0	17751	0.02	0.28631	0.019684
-337827.0	17779	0.02	0.2903	0.018248
-337827.0	17760	0.02	0.2913	0.016288
-337827.0	17743	0.02	0.2903	0.017021
-337827.0	24116	0.059	0.15132	0.030998
-337827.0	24118	0.059	0.1563	0.030726
-337827.0	24117	0.059	0.1553	0.03081
-337817.0	21559	0.0	0.2693	0.027257
-337817.0	21560	0.0	0.2703	0.026958
-337817.0	21596	-7.8139e-18	0.26531	0.029315
-337817.0	21595	0.0	0.26431	0.029532
-337817.0	21611	0.0	0.2703	0.028003
-337817.0	21569	0.0	0.26431	0.02851
-337817.0	21577	-7.8139e-18	0.26531	0.02829
-337817.0	21623	0.0	0.2693	0.028298
-337803.0	18360	0.019	0.2203	0.024396
-337803.0	18351	0.019	0.21632	0.021234
-337803.0	18350	0.019	0.2203	0.023289
-337803.0	18337	0.019	0.2213	0.023757
-337803.0	18319	0.019	0.21531	0.020656
-337803.0	18359	0.019	0.2213	0.024855
-337803.0	18357	0.019	0.21531	0.02181
-337803.0	18358	0.019	0.21632	0.022378
-337793.0	18432	0.02	0.2203	0.024396
-337793.0	18431	0.02	0.2213	0.024855
-337793.0	18433	0.02	0.21531	0.02181
-337793.0	18434	0.02	0.21631	0.02237
-337793.0	18417	0.02	0.2213	0.023757
-337793.0	18408	0.02	0.21531	0.020656
-337793.0	18418	0.02	0.2203	0.023289
-337793.0	18426	0.02	0.21631	0.021226
-337791.0	22249	0.0	0.2413	0.030467
-337791.0	22246	-7.8139e-18	0.23731	0.02985
-337791.0	22245	0.0	0.23631	0.029658
-337791.0	22233	0.0	0.2423	0.029579
-337791.0	22215	0.0	0.23631	0.028638
-337791.0	22224	-7.8139e-18	0.23731	0.028833
-337791.0	22250	0.0	0.2423	0.030585
-337791.0	22216	-3.4694e-18	0.2413	0.029459
-337769.0	19004	0.019	0.27932	0.024572
-337769.0	18973	0.019	0.27831	0.023935
-337769.0	18999	0.019	0.27932	0.023469
-337769.0	19003	0.019	0.27831	0.02503
-337769.0	19012	0.019	0.2833	0.022584
-337769.0	19021	0.019	0.2843	0.022033
-337769.0	18971	0.019	0.2833	0.021445
-337769.0	18972	0.019	0.2843	0.020883
-337765.0	22877	-7.8139e-18	0.25831	0.029508
-337765.0	22898	0.0	0.2633	0.029736
-337765.0	22897	0.0	0.2623	0.029922
-337765.0	22896	-7.8139e-18	0.25831	0.030515
-337765.0	22895	0.0	0.25731	0.030627
-337765.0	22859	0.0	0.25731	0.029622
-337765.0	22878	0.0	0.2623	0.028906
-337765.0	22886	0.0	0.2633	0.028717
-337759.0	19078	0.02	0.27831	0.02503
-337759.0	19077	0.02	0.27931	0.024579
-337759.0	19076	0.02	0.2833	0.022584
-337759.0	19048	0.02	0.2833	0.021445
-337759.0	19075	0.02	0.2843	0.022033
-337759.0	19074	0.02	0.27831	0.023935
-337759.0	19047	0.02	0.2843	0.020883
-337759.0	19056	0.02	0.27931	0.023476
-337739.0	23529	0.0	0.2493	0.030007
-337739.0	23540	-7.8139e-18	0.24431	0.030779
-337739.0	23520	-7.8139e-18	0.24431	0.029775
-337739.0	23545	0.0	0.2483	0.030989
-337739.0	23539	0.0	0.24331	0.03069
-337739.0	23511	0.0	0.24331	0.029685
-337739.0	23512	0.0	0.2483	0.029989
-337739.0	23546	0.0	0.2493	0.031007
-337735.0	19655	0.019	0.22231	0.025301
-337735.0	19651	0.019	0.2283	0.027561
-337735.0	19652	0.019	0.2273	0.027226
-337735.0	19646	0.019	0.2273	0.026168
-337735.0	19633	0.019	0.2283	0.026508
-337735.0	19656	0.019	0.22332	0.025728
-337735.0	19615	0.019	0.22231	0.02421
-337735.0	19647	0.019	0.22332	0.024645
-337725.0	19728	0.02	0.2273	0.027226
-337725.0	19722	0.02	0.22331	0.024639
-337725.0	19713	0.02	0.2283	0.026508
-337725.0	19714	0.02	0.2273	0.026168
-337725.0	19729	0.02	0.22231	0.025301
-337725.0	19704	0.02	0.22231	0.02421
-337725.0	19727	0.02	0.2283	0.027561
-337725.0	19730	0.02	0.22331	0.025722
-337713.0	24193	0.0	0.2563	0.030726
-337713.0	15685	0.039	0.2063	0.015691
-337713.0	24188	0.0	0.25031	0.03101
-337713.0	24165	1.7347e-18	0.2553	0.029807
-337713.0	24182	0.0	0.25031	0.03001
-337713.0	24164	-7.8139e-18	0.25131	0.029998
-337713.0	24187	-7.8139e-18	0.25131	0.030998
-337713.0	24194	0.0	0.2553	0.03081
-337713.0	24155	0.0	0.2563	0.029722
-337713.0	15686	0.039	0.2073	0.016476
-337713.0	15678	0.039	0.20232	0.012265
-337713.0	15672	0.039	0.20131	0.011302
-337713.0	15652	0.039	0.20232	0.010891
-337713.0	15651	0.039	0.20131	0.0099005
-337713.0	15635	0.039	0.2073	0.015208
-337713.0	15627	0.039	0.2063	0.014405
-337703.0	15776	0.04	0.2073	0.016476
-337703.0	15763	0.04	0.20231	0.012251
-337703.0	15758	0.04	0.2063	0.015691
-337703.0	15714	0.04	0.2073	0.015208
-337703.0	15713	0.04	0.2063	0.014405
-337703.0	15712	0.04	0.20231	0.010876
-337703.0	15711	0.04	0.20131	0.0099005
-337703.0	15789	0.04	0.20131	0.011302
-337701.0	20302	0.019	0.2763	0.025883
-337701.0	20306	0.019	0.27232	0.027355
-337701.0	20295	0.019	0.2763	0.024803
-337701.0	20265	0.019	0.27131	0.026637
-337701.0	20334	0.019	0.27131	0.027688
-337701.0	20283	0.019	0.2773	0.024381
-337701.0	20266	0.019	0.27232	0.026299
-337701.0	20301	0.019	0.2773	0.025469
-337691.0	20352	0.02	0.27231	0.026304
-337691.0	20371	0.02	0.2773	0.025469
-337691.0	20370	0.02	0.27131	0.026637
-337691.0	20372	0.02	0.2763	0.025883
-337691.0	20373	0.02	0.27231	0.02736
-337691.0	20374	0.02	0.27131	0.027688
-337691.0	20343	0.02	0.2773	0.024381
-337691.0	20344	0.02	0.2763	0.024803
-337679.0	16461	0.039	0.2983	0.01168
-337679.0	16424	0.039	0.2983	0.01029
-337679.0	16441	0.039	0.29332	0.014713
-337679.0	16459	0.039	0.29332	0.015992
-337679.0	16442	0.039	0.2973	0.01125
-337679.0	16446	0.039	0.29231	0.015516
-337679.0	16460	0.039	0.29231	0.016777
-337679.0	16462	0.039	0.2973	0.012615
-337669.0	16553	0.04	0.2973	0.012615
-337669.0	16551	0.04	0.29331	0.016003
-337669.0	16552	0.04	0.29231	0.016777
-337669.0	16546	0.04	0.29231	0.015516
-337669.0	16554	0.04	0.2983	0.01168
-337669.0	16524	0.04	0.2983	0.01029
-337669.0	16511	0.04	0.29331	0.014725
-337669.0	16503	0.04	0.2973	0.01125
-337667.0	20958	0.019	0.2343	0.029226
-337667.0	20947	0.019	0.22931	0.027883
-337667.0	20948	0.019	0.23032	0.028188
-337667.0	20957	0.019	0.2353	0.029449
-337667.0	20925	0.019	0.2353	0.028425
-337667.0	20911	0.019	0.22931	0.026835
-337667.0	20939	0.019	0.23032	0.027145
-337667.0	20938	0.019	0.2343	0.028199
-337657.0	21025	0.02	0.2353	0.029449
-337657.0	21018	0.02	0.22931	0.026835
-337657.0	21023	0.02	0.23031	0.028184
-337657.0	20991	0.02	0.2353	0.028425
-337657.0	21024	0.02	0.22931	0.027883
-337657.0	21000	0.02	0.23031	0.027141
-337657.0	20992	0.02	0.2343	0.028199
-337657.0	21026	0.02	0.2343	0.029226
-337645.0	17131	0.039	0.2133	0.020616
-337645.0	17134	0.039	0.20831	0.017241
-337645.0	17132	0.039	0.2143	0.02122
-337645.0	17133	0.039	0.20932	0.01798
-337645.0	17113	0.039	0.2143	0.020055
-337645.0	17099	0.039	0.2133	0.019438
-337645.0	17100	0.039	0.20932	0.016746
-337645.0	17104	0.039	0.20831	0.015991
-337635.0	17213	0.04	0.20831	0.017241
-337635.0	17222	0.04	0.20931	0.017969
-337635.0	17217	0.04	0.2133	0.020616
-337635.0	17170	0.04	0.2143	0.020055
-337635.0	17169	0.04	0.2133	0.019438
-337635.0	17172	0.04	0.20931	0.016735
-337635.0	17171	0.04	0.20831	0.015991
-337635.0	17230	0.04	0.2143	0.02122
-337633.0	21597	0.019	0.2703	0.028003
-337633.0	21599	0.019	0.26431	0.029532
-337633.0	21598	0.019	0.2693	0.028298
-337633.0	21578	0.019	0.2703	0.026958
-337633.0	21591	0.019	0.26532	0.028287
-337633.0	21561	0.019	0.26431	0.02851
-337633.0	21600	0.019	0.26532	0.029312
-337633.0	21590	0.019	0.2693	0.027257
-337623.0	21648	0.02	0.26531	0.02829
-337623.0	21640	0.02	0.2693	0.027257
-337623.0	21639	0.02	0.2703	0.026958
-337623.0	21669	0.02	0.26531	0.029315
-337623.0	21666	0.02	0.26431	0.02851
-337623.0	21667	0.02	0.2703	0.028003
-337623.0	21668	0.02	0.2693	0.028298
-337623.0	21670	0.02	0.26431	0.029532
-337611.0	17785	0.039	0.28531	0.021452
-337611.0	17783	0.039	0.2913	0.017531
-337611.0	17784	0.039	0.2903	0.018248
-337611.0	17761	0.039	0.28531	0.020291
-337611.0	17786	0.039	0.28632	0.020848
-337611.0	17752	0.039	0.2913	0.016288
-337611.0	17774	0.039	0.2903	0.017021
-337611.0	17775	0.039	0.28632	0.019675
-337601.0	17851	0.04	0.2903	0.018248
-337601.0	17841	0.04	0.28531	0.020291
-337601.0	17853	0.04	0.28631	0.020857
-337601.0	17852	0.04	0.2913	0.017531
-337601.0	17823	0.04	0.28631	0.019684
-337601.0	17832	0.04	0.2913	0.016288
-337601.0	17815	0.04	0.2903	0.017021
-337601.0	17854	0.04	0.28531	0.021452
-337599.0	22248	0.019	0.2413	0.030467
-337599.0	22207	0.019	0.23631	0.028638
-337599.0	22225	0.019	0.2423	0.029579
-337599.0	22238	0.019	0.2413	0.029459
-337599.0	22243	0.019	0.23631	0.029658
-337599.0	22244	0.019	0.23732	0.029853
-337599.0	22247	0.019	0.2423	0.030585
-337599.0	22239	0.019	0.23732	0.028836
-337589.0	22319	0.02	0.23731	0.02985
-337589.0	22296	0.02	0.23731	0.028833
-337589.0	22287	0.02	0.2423	0.029579
-337589.0	22288	0.02	0.2413	0.029459
-337589.0	22321	0.02	0.2423	0.030585
-337589.0	22320	0.02	0.23631	0.029658
-337589.0	22322	0.02	0.2413	0.030467
-337589.0	22314	0.02	0.23631	0.028638
-337577.0	18395	0.039	0.2203	0.023289
-337577.0	18396	0.039	0.21632	0.021234
-337577.0	18409	0.039	0.2213	0.023757
-337577.0	18429	0.039	0.21632	0.022378
-337577.0	18428	0.039	0.2213	0.024855
-337577.0	18427	0.039	0.2203	0.024396
-337577.0	18400	0.039	0.21531	0.020656
-337577.0	18430	0.039	0.21531	0.02181
-337567.0	18467	0.04	0.2203	0.023289
-337567.0	18469	0.04	0.21531	0.020656
-337567.0	18468	0.04	0.2213	0.023757
-337567.0	18507	0.04	0.21531	0.02181
-337567.0	18525	0.04	0.2213	0.024855
-337567.0	18516	0.04	0.21631	0.02237
-337567.0	18470	0.04	0.21631	0.021226
-337567.0	18511	0.04	0.2203	0.024396
-337565.0	22860	0.019	0.25731	0.029622
-337565.0	22893	0.019	0.2623	0.029922
-337565.0	22864	0.019	0.25832	0.029506
-337565.0	22894	0.019	0.2633	0.029736
-337565.0	22892	0.019	0.25832	0.030513
-337565.0	22887	0.019	0.2633	0.028717
-337565.0	22891	0.019	0.25731	0.030627
-337565.0	22872	0.019	0.2623	0.028906
-337555.0	22936	0.02	0.2623	0.028906
-337555.0	22935	0.02	0.2633	0.028717
-337555.0	22966	0.02	0.25731	0.030627
-337555.0	22965	0.02	0.25831	0.030515
-337555.0	22962	0.02	0.25731	0.029622
-337555.0	22963	0.02	0.2633	0.029736
-337555.0	22964	0.02	0.2623	0.029922
-337555.0	22944	0.02	0.25831	0.029508
-337543.0	19082	0.039	0.27831	0.02503
-337543.0	19081	0.039	0.27932	0.024572
-337543.0	19039	0.039	0.2843	0.020883
-337543.0	19061	0.039	0.2833	0.021445
-337543.0	19066	0.039	0.27831	0.023935
-337543.0	19062	0.039	0.27932	0.023469
-337543.0	19080	0.039	0.2833	0.022584
-337543.0	19079	0.039	0.2843	0.022033
-337533.0	19120	0.04	0.2833	0.021445
-337533.0	19119	0.04	0.2843	0.020883
-337533.0	19152	0.04	0.27831	0.02503
-337533.0	19151	0.04	0.27931	0.024579
-337533.0	19146	0.04	0.27831	0.023935
-337533.0	19128	0.04	0.27931	0.023476
-337533.0	19150	0.04	0.2833	0.022584
-337533.0	19149	0.04	0.2843	0.022033
-337531.0	23534	0.019	0.2483	0.029989
-337531.0	23503	0.019	0.24331	0.029685
-337531.0	23521	0.019	0.2493	0.030007
-337531.0	23535	0.019	0.24432	0.029776
-337531.0	23541	0.019	0.2493	0.031007
-337531.0	23542	0.019	0.2483	0.030989
-337531.0	23543	0.019	0.24331	0.03069
-337531.0	23544	0.019	0.24432	0.03078
-337521.0	23614	0.02	0.24331	0.03069
-337521.0	23613	0.02	0.24431	0.030779
-337521.0	23583	0.02	0.2493	0.030007
-337521.0	23612	0.02	0.2483	0.030989
-337521.0	23592	0.02	0.24431	0.029775
-337521.0	23584	0.02	0.2483	0.029989
-337521.0	23611	0.02	0.2493	0.031007
-337521.0	23610	0.02	0.24331	0.029685
-337509.0	19705	0.039	0.2283	0.026508
-337509.0	19723	0.039	0.2273	0.027226
-337509.0	19691	0.039	0.2273	0.026168
-337509.0	19724	0.039	0.2283	0.027561
-337509.0	19726	0.039	0.22231	0.025301
-337509.0	19692	0.039	0.22332	0.024645
-337509.0	19725	0.039	0.22332	0.025728
-337509.0	19696	0.039	0.22231	0.02421
-337499.0	19802	0.04	0.2273	0.027226
-337499.0	19801	0.04	0.2283	0.027561
-337499.0	19800	0.04	0.22231	0.025301
-337499.0	19799	0.04	0.22331	0.025722
-337499.0	19772	0.04	0.2283	0.026508
-337499.0	19781	0.04	0.22331	0.024639
-337499.0	19782	0.04	0.2273	0.026168
-337499.0	19790	0.04	0.22231	0.02421
-337497.0	24191	0.019	0.25132	0.030998
-337497.0	24189	0.019	0.2563	0.030726
-337497.0	24190	0.019	0.2553	0.03081
-337497.0	24156	0.019	0.2563	0.029722
-337497.0	24169	0.019	0.25132	0.029997
-337497.0	24192	0.019	0.25031	0.03101
-337497.0	24177	0.019	0.2553	0.029807
-337497.0	24183	0.019	0.25031	0.03001
-337487.0	24262	0.02	0.25131	0.030998
-337487.0	24259	0.02	0.2553	0.03081
-337487.0	15798	0.059	0.20232	0.012265
-337487.0	24260	0.02	0.2563	0.030726
-337487.0	15782	0.059	0.20131	0.011302
-337487.0	15715	0.059	0.20131	0.0099005
-337487.0	24261	0.02	0.25031	0.03101
-337487.0	24258	0.02	0.2563	0.029722
-337487.0	24231	0.02	0.25031	0.03001
-337487.0	24241	0.02	0.2553	0.029807
-337487.0	15793	0.059	0.2063	0.015691
-337487.0	15769	0.059	0.2073	0.016476
-337487.0	15717	0.059	0.2063	0.014405
-337487.0	15718	0.059	0.2073	0.015208
-337487.0	24249	0.02	0.25131	0.029998
-337487.0	15716	0.059	0.20232	0.010891
-337475.0	20375	0.039	0.2773	0.025469
-337475.0	20357	0.039	0.2763	0.024803
-337475.0	20358	0.039	0.27232	0.026299
-337475.0	20362	0.039	0.27131	0.026637
-337475.0	20378	0.039	0.27131	0.027688
-337475.0	20377	0.039	0.27232	0.027355
-337475.0	20376	0.039	0.2763	0.025883
-337475.0	20335	0.039	0.2773	0.024381
-337465.0	20442	0.04	0.27131	0.026637
-337465.0	20444	0.04	0.2763	0.025883
-337465.0	20443	0.04	0.2773	0.025469
-337465.0	20424	0.04	0.27231	0.026304
-337465.0	20415	0.04	0.2773	0.024381
-337465.0	20416	0.04	0.2763	0.024803
-337465.0	20445	0.04	0.27231	0.02736
-337465.0	20446	0.04	0.27131	0.027688
-337461.0	16529	0.059	0.29332	0.014713
-337461.0	16534	0.059	0.29231	0.015516
-337461.0	16512	0.059	0.2983	0.01029
-337461.0	16547	0.059	0.29332	0.015992
-337461.0	16530	0.059	0.2973	0.01125
-337461.0	16548	0.059	0.29231	0.016777
-337461.0	16550	0.059	0.2973	0.012615
-337461.0	16549	0.059	0.2983	0.01168
-337441.0	21020	0.039	0.22931	0.027883
-337441.0	21021	0.039	0.2353	0.029449
-337441.0	21019	0.039	0.23032	0.028188
-337441.0	21010	0.039	0.22931	0.026835
-337441.0	20983	0.039	0.2353	0.028425
-337441.0	21006	0.039	0.23032	0.027145
-337441.0	21005	0.039	0.2343	0.028199
-337441.0	21022	0.039	0.2343	0.029226
-337435.0	17238	0.059	0.20932	0.01798
-337435.0	17208	0.059	0.20831	0.017241
-337435.0	17204	0.059	0.2143	0.02122
-337435.0	17203	0.059	0.2133	0.020616
-337435.0	17168	0.059	0.20932	0.016746
-337435.0	17180	0.059	0.2133	0.019438
-337435.0	17185	0.059	0.2143	0.020055
-337435.0	17167	0.059	0.20831	0.015991
-337431.0	21093	0.04	0.23031	0.028184
-337431.0	21092	0.04	0.2343	0.029226
-337431.0	21072	0.04	0.23031	0.027141
-337431.0	21094	0.04	0.22931	0.027883
-337431.0	21063	0.04	0.2353	0.028425
-337431.0	21090	0.04	0.22931	0.026835
-337431.0	21091	0.04	0.2353	0.029449
-337431.0	21064	0.04	0.2343	0.028199
-337409.0	17847	0.059	0.28632	0.019675
-337409.0	17846	0.059	0.2903	0.017021
-337409.0	17833	0.059	0.28531	0.020291
-337409.0	17824	0.059	0.2913	0.016288
-337409.0	17856	0.059	0.2903	0.018248
-337409.0	17855	0.059	0.2913	0.017531
-337409.0	17858	0.059	0.28632	0.020848
-337409.0	17857	0.059	0.28531	0.021452
-337407.0	21631	0.039	0.2703	0.026958
-337407.0	21654	0.039	0.26532	0.028287
-337407.0	21658	0.039	0.26431	0.02851
-337407.0	21671	0.039	0.2703	0.028003
-337407.0	21672	0.039	0.2693	0.028298
-337407.0	21673	0.039	0.26532	0.029312
-337407.0	21674	0.039	0.26431	0.029532
-337407.0	21653	0.039	0.2693	0.027257
-337397.0	21720	0.04	0.26531	0.02829
-337397.0	21712	0.04	0.2693	0.027257
-337397.0	21711	0.04	0.2703	0.026958
-337397.0	21742	0.04	0.26431	0.029532
-337397.0	21740	0.04	0.2693	0.028298
-337397.0	21741	0.04	0.26531	0.029315
-337397.0	21738	0.04	0.26431	0.02851
-337397.0	21739	0.04	0.2703	0.028003
-337383.0	18529	0.059	0.2203	0.024396
-337383.0	18534	0.059	0.21632	0.022378
-337383.0	18520	0.059	0.2213	0.024855
-337383.0	18502	0.059	0.21531	0.02181
-337383.0	18464	0.059	0.2213	0.023757
-337383.0	18465	0.059	0.21531	0.020656
-337383.0	18466	0.059	0.21632	0.021234
-337383.0	18463	0.059	0.2203	0.023289
-337373.0	22306	0.039	0.23631	0.028638
-337373.0	22315	0.039	0.23732	0.029853
-337373.0	22316	0.039	0.23631	0.029658
-337373.0	22317	0.039	0.2423	0.030585
-337373.0	22301	0.039	0.2413	0.029459
-337373.0	22318	0.039	0.2413	0.030467
-337373.0	22279	0.039	0.2423	0.029579
-337373.0	22302	0.039	0.23732	0.028836
-337363.0	22386	0.04	0.23631	0.028638
-337363.0	22368	0.04	0.23731	0.028833
-337363.0	22360	0.04	0.2413	0.029459
-337363.0	22359	0.04	0.2423	0.029579
-337363.0	22389	0.04	0.2423	0.030585
-337363.0	22392	0.04	0.23631	0.029658
-337363.0	22391	0.04	0.23731	0.02985
-337363.0	22390	0.04	0.2413	0.030467
-337357.0	19111	0.059	0.2843	0.020883
-337357.0	19153	0.059	0.2843	0.022033
-337357.0	19147	0.059	0.27932	0.024572
-337357.0	19148	0.059	0.27831	0.02503
-337357.0	19138	0.059	0.27831	0.023935
-337357.0	19134	0.059	0.27932	0.023469
-337357.0	19133	0.059	0.2833	0.021445
-337357.0	19154	0.059	0.2833	0.022584
-337339.0	22927	0.039	0.2633	0.028717
-337339.0	22950	0.039	0.25832	0.029506
-337339.0	22968	0.039	0.2623	0.029922
-337339.0	22967	0.039	0.2633	0.029736
-337339.0	22954	0.039	0.25731	0.029622
-337339.0	22969	0.039	0.25832	0.030513
-337339.0	22949	0.039	0.2623	0.028906
-337339.0	22970	0.039	0.25731	0.030627
-337331.0	19796	0.059	0.2283	0.027561
-337331.0	19759	0.059	0.22332	0.024645
-337331.0	19798	0.059	0.22231	0.025301
-337331.0	19795	0.059	0.2273	0.027226
-337331.0	19797	0.059	0.22332	0.025728
-337331.0	19791	0.059	0.22231	0.02421
-337331.0	19773	0.059	0.2283	0.026508
-337331.0	19767	0.059	0.2273	0.026168
-337329.0	23039	0.04	0.25831	0.030515
-337329.0	23007	0.04	0.2633	0.028717
-337329.0	23008	0.04	0.2623	0.028906
-337329.0	23037	0.04	0.2633	0.029736
-337329.0	23016	0.04	0.25831	0.029508
-337329.0	23034	0.04	0.25731	0.029622
-337329.0	23040	0.04	0.25731	0.030627
-337329.0	23038	0.04	0.2623	0.029922
-337305.0	23615	0.039	0.2493	0.031007
-337305.0	23598	0.039	0.24432	0.029776
-337305.0	23575	0.039	0.2493	0.030007
-337305.0	23597	0.039	0.2483	0.029989
-337305.0	20450	0.059	0.27131	0.027688
-337305.0	20449	0.059	0.27232	0.027355
-337305.0	20448	0.059	0.2763	0.025883
-337305.0	20407	0.059	0.2773	0.024381
-337305.0	23616	0.039	0.2483	0.030989
-337305.0	20430	0.059	0.27232	0.026299
-337305.0	20447	0.059	0.2773	0.025469
-337305.0	20429	0.059	0.2763	0.024803
-337305.0	23617	0.039	0.24432	0.03078
-337305.0	23618	0.039	0.24331	0.03069
-337305.0	20434	0.059	0.27131	0.026637
-337305.0	23602	0.039	0.24331	0.029685
-337295.0	23664	0.04	0.24431	0.029775
-337295.0	23655	0.04	0.2493	0.030007
-337295.0	23682	0.04	0.24331	0.029685
-337295.0	23656	0.04	0.2483	0.029989
-337295.0	23685	0.04	0.24431	0.030779
-337295.0	23684	0.04	0.2483	0.030989
-337295.0	23683	0.04	0.2493	0.031007
-337295.0	23686	0.04	0.24331	0.03069
-337279.0	21055	0.059	0.2353	0.028425
-337279.0	21082	0.059	0.22931	0.026835
-337279.0	21077	0.059	0.2343	0.028199
-337279.0	21095	0.059	0.2353	0.029449
-337279.0	21078	0.059	0.23032	0.027145
-337279.0	21097	0.059	0.23032	0.028188
-337279.0	21096	0.059	0.2343	0.029226
-337279.0	21098	0.059	0.22931	0.027883
-337271.0	24236	0.039	0.2553	0.029807
-337271.0	24265	0.039	0.25031	0.03101
-337271.0	24263	0.039	0.2553	0.03081
-337271.0	24237	0.039	0.25132	0.029997
-337271.0	24223	0.039	0.25031	0.03001
-337271.0	24266	0.039	0.25132	0.030998
-337271.0	24250	0.039	0.2563	0.029722
-337271.0	24264	0.039	0.2563	0.030726
-337261.0	24334	0.04	0.2563	0.030726
-337261.0	24330	0.04	0.2563	0.029722
-337261.0	24331	0.04	0.25031	0.03101
-337261.0	24321	0.04	0.25131	0.029998
-337261.0	24333	0.04	0.2553	0.03081
-337261.0	24313	0.04	0.2553	0.029807
-337261.0	24303	0.04	0.25031	0.03001
-337261.0	24332	0.04	0.25131	0.030998
-337253.0	21730	0.059	0.26431	0.02851
-337253.0	21746	0.059	0.26431	0.029532
-337253.0	21745	0.059	0.26532	0.029312
-337253.0	21743	0.059	0.2703	0.028003
-337253.0	21744	0.059	0.2693	0.028298
-337253.0	21725	0.059	0.2693	0.027257
-337253.0	21703	0.059	0.2703	0.026958
-337253.0	21726	0.059	0.26532	0.028287
-337227.0	22387	0.059	0.23732	0.029853
-337227.0	22378	0.059	0.23631	0.028638
-337227.0	22373	0.059	0.2413	0.029459
-337227.0	22388	0.059	0.23631	0.029658
-337227.0	22393	0.059	0.2423	0.030585
-337227.0	22374	0.059	0.23732	0.028836
-337227.0	22394	0.059	0.2413	0.030467
-337227.0	22351	0.059	0.2423	0.029579
-337201.0	23035	0.059	0.25832	0.030513
-337201.0	23021	0.059	0.2623	0.028906
-337201.0	23041	0.059	0.2633	0.029736
-337201.0	23042	0.059	0.2623	0.029922
-337201.0	22999	0.059	0.2633	0.028717
-337201.0	23022	0.059	0.25832	0.029506
-337201.0	23036	0.059	0.25731	0.030627
-337201.0	23026	0.059	0.25731	0.029622
-337175.0	23647	0.059	0.2493	0.030007
-337175.0	23690	0.059	0.24331	0.03069
-337175.0	23688	0.059	0.2483	0.030989
-337175.0	23689	0.059	0.24432	0.03078
-337175.0	23669	0.059	0.2483	0.029989
-337175.0	23687	0.059	0.2493	0.031007
-337175.0	23670	0.059	0.24432	0.029776
-337175.0	23674	0.059	0.24331	0.029685
-337149.0	24308	0.059	0.2553	0.029807
-337149.0	24309	0.059	0.25132	0.029997
-337149.0	24336	0.059	0.2563	0.030726
-337149.0	24322	0.059	0.2563	0.029722
-337149.0	24335	0.059	0.2553	0.03081
-337149.0	24338	0.059	0.25132	0.030998
-337149.0	24337	0.059	0.25031	0.03101
-337149.0	24295	0.059	0.25031	0.03001
