Node	X	Y	Z
15007	0.019	0.0023246	0.010891
15008	0.017116	0.0028175	0.011357
15009	0.015215	0.003315	0.011819
15010	0.013327	0.0038091	0.012268
15011	0.011422	0.0043075	0.012713
15012	0.013307	0.0048023	0.013146
15013	0.015208	0.0053011	0.013575
15014	0.017096	0.0057968	0.013992
15015	0.019	0.0062964	0.014405
15016	0.0095141	0.0048068	0.01315
15017	0.0079359	0.0052198	0.013505
15018	0.006347	0.0056355	0.013857
15019	0.0047664	0.0060491	0.014202
15020	0.0031755	0.0064654	0.014543
15021	0.0015927	0.0068796	0.014877
15022	0.0	0.0072964	0.015208
15023	0.019	0.0072964	0.015208
15024	0.017412	0.0068796	0.014877
15025	0.015834	0.0064654	0.014543
15026	0.014248	0.0060491	0.014202
15027	0.012672	0.0056355	0.013857
15028	0.011088	0.0052198	0.013505
15029	0.0075949	0.0043031	0.012709
15030	0.0056859	0.0038021	0.012262
15031	0.0037936	0.0033054	0.01181
15032	0.001888	0.0028053	0.011346
15033	-7.8139e-18	0.0023098	0.010876
15034	0.0	0.0062964	0.014405
15035	0.0019078	0.0057957	0.013991
15036	0.0038007	0.0052989	0.013573
15037	0.0057057	0.0047989	0.013143
15038	0.0095	0.0038031	0.012263
15039	0.0079079	0.0033852	0.011883
15040	0.0063276	0.0029705	0.0115
15041	0.004738	0.0025533	0.011108
15042	0.0031608	0.0021394	0.010713
15043	0.0015739	0.0017229	0.010308
15044	0.0	0.0013098	0.0099005
15045	0.019	0.0013098	0.0099005
15046	0.017426	0.0017229	0.010308
15047	0.015839	0.0021394	0.010713
15048	0.014262	0.0025533	0.011108
15049	0.012672	0.0029705	0.0115
15050	0.011092	0.0033852	0.011883
15051	0.019	0.0062964	0.015691
15052	0.019	0.0072964	0.016476
15053	0.019	0.0023246	0.012265
15054	0.019	0.0013098	0.011302
15055	0.0	0.0072964	0.016476
15056	0.0	0.0062964	0.015691
15057	-7.8139e-18	0.0023098	0.012251
15058	0.0	0.0013098	0.011302
15059	0.017426	0.0017229	0.011699
15060	0.015839	0.0021395	0.012092
15061	0.014262	0.0025534	0.012477
15062	0.012672	0.0029706	0.012858
15063	0.011092	0.0033853	0.013232
15064	0.0095	0.0038031	0.013602
15065	0.0079081	0.0033853	0.013232
15066	0.0063281	0.0029706	0.012858
15067	0.0047385	0.0025534	0.012477
15068	0.0031613	0.0021395	0.012092
15069	0.0015742	0.0017229	0.011699
15070	0.0019077	0.0057957	0.015287
15071	0.0038005	0.0052989	0.014879
15072	0.0057055	0.004799	0.01446
15073	0.0075949	0.0043031	0.014037
15074	0.0056861	0.0038021	0.013601
15075	0.0037939	0.0033055	0.01316
15076	0.0018882	0.0028054	0.012708
15077	0.017412	0.0068797	0.016152
15078	0.015834	0.0064655	0.015826
15079	0.014248	0.0060492	0.015493
15080	0.012672	0.0056356	0.015156
15081	0.011088	0.0052198	0.014813
15082	0.0095141	0.0048068	0.014466
15083	0.0079357	0.0052198	0.014813
15084	0.0063467	0.0056356	0.015156
15085	0.0047661	0.0060492	0.015493
15086	0.0031753	0.0064655	0.015826
15087	0.0015925	0.0068797	0.016152
15088	0.013307	0.0048023	0.014463
15089	0.015208	0.0053012	0.014881
15090	0.017097	0.0057968	0.015288
15091	0.011422	0.0043075	0.01404
15092	0.017116	0.0028176	0.012719
15093	0.015215	0.0033151	0.013169
15094	0.013326	0.0038092	0.013607
15095	0.02	0.0062964	0.014405
15096	0.021908	0.0057957	0.013991
15097	0.023801	0.0052989	0.013573
15098	0.025706	0.0047989	0.013143
15099	0.027595	0.0043031	0.012709
15100	0.039	0.0072964	0.015208
15101	0.037412	0.0068796	0.014877
15102	0.035834	0.0064654	0.014543
15103	0.034248	0.0060491	0.014202
15104	0.032672	0.0056355	0.013857
15105	0.031088	0.0052198	0.013505
15106	0.029514	0.0048068	0.01315
15107	0.039	0.0013098	0.0099005
15108	0.037426	0.0017229	0.010308
15109	0.035839	0.0021394	0.010713
15110	0.034262	0.0025533	0.011108
15111	0.032672	0.0029705	0.0115
15112	0.031092	0.0033852	0.011883
15113	0.0295	0.0038031	0.012263
15114	0.025686	0.0038021	0.012262
15115	0.023794	0.0033054	0.01181
15116	0.021888	0.0028053	0.011346
15117	0.02	0.0023098	0.010876
15118	0.039	0.0023246	0.010891
15119	0.037116	0.0028175	0.011357
15120	0.035215	0.003315	0.011819
15121	0.033327	0.0038091	0.012268
15122	0.031422	0.0043075	0.012713
15123	0.027936	0.0052198	0.013505
15124	0.026347	0.0056355	0.013857
15125	0.024766	0.0060491	0.014202
15126	0.023176	0.0064654	0.014543
15127	0.021593	0.0068796	0.014877
15128	0.02	0.0072964	0.015208
15129	0.033307	0.0048023	0.013146
15130	0.035208	0.0053011	0.013575
15131	0.037096	0.0057968	0.013992
15132	0.039	0.0062964	0.014405
15133	0.027908	0.0033852	0.011883
15134	0.026328	0.0029705	0.0115
15135	0.024738	0.0025533	0.011108
15136	0.023161	0.0021394	0.010713
15137	0.021574	0.0017229	0.010308
15138	0.02	0.0013098	0.0099005
15139	0.039	0.0013098	0.011302
15140	0.039	0.0023246	0.012265
15141	0.039	0.0072964	0.016476
15142	0.039	0.0062964	0.015691
15143	0.02	0.0023098	0.012251
15144	0.02	0.0013098	0.011302
15145	0.02	0.0062964	0.015691
15146	0.02	0.0072964	0.016476
15147	0.027908	0.0033853	0.013232
15148	0.026328	0.0029706	0.012858
15149	0.024738	0.0025534	0.012477
15150	0.023161	0.0021395	0.012092
15151	0.021574	0.0017229	0.011699
15152	0.0295	0.0038031	0.013602
15153	0.033307	0.0048023	0.014463
15154	0.035208	0.0053012	0.014881
15155	0.037097	0.0057968	0.015288
15156	0.031422	0.0043075	0.01404
15157	0.027936	0.0052198	0.014813
15158	0.026347	0.0056356	0.015156
15159	0.024766	0.0060492	0.015493
15160	0.023175	0.0064655	0.015826
15161	0.021593	0.0068797	0.016152
15162	0.029514	0.0048068	0.014466
15163	0.037116	0.0028176	0.012719
15164	0.035215	0.0033151	0.013169
15165	0.033326	0.0038092	0.013607
15166	0.025686	0.0038021	0.013601
15167	0.023794	0.0033055	0.01316
15168	0.021888	0.0028054	0.012708
15169	0.027595	0.0043031	0.014037
15170	0.037426	0.0017229	0.011699
15171	0.035839	0.0021395	0.012092
15172	0.034262	0.0025534	0.012477
15173	0.032672	0.0029706	0.012858
15174	0.031092	0.0033853	0.013232
15175	0.037412	0.0068797	0.016152
15176	0.035834	0.0064655	0.015826
15177	0.034248	0.0060492	0.015493
15178	0.032672	0.0056356	0.015156
15179	0.031088	0.0052198	0.014813
15180	0.021908	0.0057957	0.015287
15181	0.0238	0.0052989	0.014879
15182	0.025705	0.004799	0.01446
15183	0.059	0.0013098	0.0099005
15184	0.057426	0.0017229	0.010308
15185	0.055839	0.0021394	0.010713
15186	0.054262	0.0025533	0.011108
15187	0.052672	0.0029705	0.0115
15188	0.051092	0.0033852	0.011883
15189	0.0495	0.0038031	0.012263
15190	0.051422	0.0043075	0.012713
15191	0.053307	0.0048023	0.013146
15192	0.055208	0.0053011	0.013575
15193	0.057096	0.0057968	0.013992
15194	0.059	0.0062964	0.014405
15195	0.04	0.0062964	0.014405
15196	0.041908	0.0057957	0.013991
15197	0.043801	0.0052989	0.013573
15198	0.045706	0.0047989	0.013143
15199	0.047595	0.0043031	0.012709
15200	0.059	0.0072964	0.015208
15201	0.057412	0.0068796	0.014877
15202	0.055834	0.0064654	0.014543
15203	0.054248	0.0060491	0.014202
15204	0.052672	0.0056355	0.013857
15205	0.051088	0.0052198	0.013505
15206	0.049514	0.0048068	0.01315
15207	0.045686	0.0038021	0.012262
15208	0.043794	0.0033054	0.01181
15209	0.041888	0.0028053	0.011346
15210	0.04	0.0023098	0.010876
15211	0.047936	0.0052198	0.013505
15212	0.046347	0.0056355	0.013857
15213	0.044766	0.0060491	0.014202
15214	0.043176	0.0064654	0.014543
15215	0.041593	0.0068796	0.014877
15216	0.04	0.0072964	0.015208
15217	0.059	0.0023246	0.010891
15218	0.057116	0.0028175	0.011357
15219	0.055215	0.003315	0.011819
15220	0.053327	0.0038091	0.012268
15221	0.047908	0.0033852	0.011883
15222	0.046328	0.0029705	0.0115
15223	0.044738	0.0025533	0.011108
15224	0.043161	0.0021394	0.010713
15225	0.041574	0.0017229	0.010308
15226	0.04	0.0013098	0.0099005
15227	0.059	0.0013098	0.011302
15228	0.059	0.0023246	0.012265
15229	0.059	0.0062964	0.015691
15230	0.059	0.0072964	0.016476
15231	0.04	0.0023098	0.012251
15232	0.04	0.0013098	0.011302
15233	0.04	0.0062964	0.015691
15234	0.04	0.0072964	0.016476
15235	0.047908	0.0033853	0.013232
15236	0.046328	0.0029706	0.012858
15237	0.044738	0.0025534	0.012477
15238	0.043161	0.0021395	0.012092
15239	0.041574	0.0017229	0.011699
15240	0.0495	0.0038031	0.013602
15241	0.057116	0.0028176	0.012719
15242	0.055215	0.0033151	0.013169
15243	0.053326	0.0038092	0.013607
15244	0.051422	0.0043075	0.01404
15245	0.047936	0.0052198	0.014813
15246	0.046347	0.0056356	0.015156
15247	0.044766	0.0060492	0.015493
15248	0.043175	0.0064655	0.015826
15249	0.041593	0.0068797	0.016152
15250	0.049514	0.0048068	0.014466
15251	0.045686	0.0038021	0.013601
15252	0.043794	0.0033055	0.01316
15253	0.041888	0.0028054	0.012708
15254	0.047595	0.0043031	0.014037
15255	0.057412	0.0068797	0.016152
15256	0.055834	0.0064655	0.015826
15257	0.054248	0.0060492	0.015493
15258	0.052672	0.0056356	0.015156
15259	0.051088	0.0052198	0.014813
15260	0.041908	0.0057957	0.015287
15261	0.0438	0.0052989	0.014879
15262	0.045705	0.004799	0.01446
15263	0.053307	0.0048023	0.014463
15264	0.055208	0.0053012	0.014881
15265	0.057097	0.0057968	0.015288
15266	0.057426	0.0017229	0.011699
15267	0.055839	0.0021395	0.012092
15268	0.054262	0.0025534	0.012477
15269	0.052672	0.0029706	0.012858
15270	0.051092	0.0033853	0.013232
15271	0.011422	0.10431	0.012713
15272	0.013307	0.1048	0.013146
15273	0.015208	0.1053	0.013575
15274	0.017096	0.1058	0.013992
15275	0.019	0.1063	0.014405
15276	0.019	0.10232	0.010891
15277	0.017116	0.10282	0.011357
15278	0.015215	0.10332	0.011819
15279	0.013327	0.10381	0.012268
15280	0.019	0.10131	0.0099005
15281	0.017426	0.10172	0.010308
15282	0.015839	0.10214	0.010713
15283	0.014262	0.10255	0.011108
15284	0.012672	0.10297	0.0115
15285	0.011092	0.10339	0.011883
15286	0.0095	0.1038	0.012263
15287	0.0079079	0.10339	0.011883
15288	0.0063276	0.10297	0.0115
15289	0.004738	0.10255	0.011108
15290	0.0031608	0.10214	0.010713
15291	0.0015739	0.10172	0.010308
15292	0.0	0.10131	0.0099005
15293	0.019	0.1073	0.015208
15294	0.017412	0.10688	0.014877
15295	0.015834	0.10647	0.014543
15296	0.014248	0.10605	0.014202
15297	0.012672	0.10564	0.013857
15298	0.011088	0.10522	0.013505
15299	0.0095141	0.10481	0.01315
15300	0.0079359	0.10522	0.013505
15301	0.006347	0.10564	0.013857
15302	0.0047664	0.10605	0.014202
15303	0.0031755	0.10647	0.014543
15304	0.0015927	0.10688	0.014877
15305	0.0	0.1073	0.015208
15306	0.0	0.1063	0.014405
15307	0.0019078	0.1058	0.013991
15308	0.0038007	0.1053	0.013573
15309	0.0057057	0.1048	0.013143
15310	0.0075949	0.1043	0.012709
15311	0.0056859	0.1038	0.012262
15312	0.0037936	0.10331	0.01181
15313	0.001888	0.10281	0.011346
15314	-7.8139e-18	0.10231	0.010876
15315	0.0	0.1073	0.016476
15316	0.0	0.1063	0.015691
15317	0.0	0.10131	0.011302
15318	-7.8139e-18	0.10231	0.012251
15319	0.019	0.1063	0.015691
15320	0.019	0.1073	0.016476
15321	0.019	0.10232	0.012265
15322	0.019	0.10131	0.011302
15323	0.0056861	0.1038	0.013601
15324	0.0037939	0.10331	0.01316
15325	0.0018882	0.10281	0.012708
15326	0.0075949	0.1043	0.014037
15327	0.0019077	0.1058	0.015287
15328	0.0038005	0.1053	0.014879
15329	0.0057055	0.1048	0.01446
15330	0.0079357	0.10522	0.014813
15331	0.0063467	0.10564	0.015156
15332	0.0047661	0.10605	0.015493
15333	0.0031753	0.10647	0.015826
15334	0.0015925	0.10688	0.016152
15335	0.0095141	0.10481	0.014466
15336	0.017412	0.10688	0.016152
15337	0.015834	0.10647	0.015826
15338	0.014248	0.10605	0.015493
15339	0.012672	0.10564	0.015156
15340	0.011088	0.10522	0.014813
15341	0.0079081	0.10339	0.013232
15342	0.0063281	0.10297	0.012858
15343	0.0047385	0.10255	0.012477
15344	0.0031613	0.10214	0.012092
15345	0.0015742	0.10172	0.011699
15346	0.0095	0.1038	0.013602
15347	0.017426	0.10172	0.011699
15348	0.015839	0.10214	0.012092
15349	0.014262	0.10255	0.012477
15350	0.012672	0.10297	0.012858
15351	0.011092	0.10339	0.013232
15352	0.017116	0.10282	0.012719
15353	0.015215	0.10332	0.013169
15354	0.013326	0.10381	0.013607
15355	0.011422	0.10431	0.01404
15356	0.013307	0.1048	0.014463
15357	0.015208	0.1053	0.014881
15358	0.017097	0.1058	0.015288
15359	0.02	0.1063	0.014405
15360	0.021908	0.1058	0.013991
15361	0.023801	0.1053	0.013573
15362	0.025706	0.1048	0.013143
15363	0.027595	0.1043	0.012709
15364	0.039	0.10232	0.010891
15365	0.037116	0.10282	0.011357
15366	0.035215	0.10331	0.011819
15367	0.033327	0.10381	0.012268
15368	0.031422	0.10431	0.012713
15369	0.025686	0.1038	0.012262
15370	0.023793	0.10331	0.01181
15371	0.021888	0.10281	0.011346
15372	0.02	0.10231	0.010876
15373	0.039	0.10131	0.0099005
15374	0.037426	0.10172	0.010308
15375	0.035839	0.10214	0.010713
15376	0.034262	0.10255	0.011108
15377	0.032672	0.10297	0.0115
15378	0.031092	0.10339	0.011883
15379	0.0295	0.1038	0.012263
15380	0.027908	0.10339	0.011883
15381	0.026328	0.10297	0.0115
15382	0.024738	0.10255	0.011108
15383	0.023161	0.10214	0.010713
15384	0.021574	0.10172	0.010308
15385	0.02	0.10131	0.0099005
15386	0.039	0.1073	0.015208
15387	0.037412	0.10688	0.014877
15388	0.035834	0.10647	0.014543
15389	0.034247	0.10605	0.014202
15390	0.032672	0.10564	0.013857
15391	0.031088	0.10522	0.013505
15392	0.029514	0.10481	0.01315
15393	0.033307	0.1048	0.013146
15394	0.035208	0.1053	0.013574
15395	0.037096	0.1058	0.013992
15396	0.039	0.1063	0.014405
15397	0.027936	0.10522	0.013505
15398	0.026347	0.10564	0.013857
15399	0.024767	0.10605	0.014202
15400	0.023176	0.10647	0.014543
15401	0.021593	0.10688	0.014877
15402	0.02	0.1073	0.015208
15403	0.039	0.10232	0.012265
15404	0.039	0.10131	0.011302
15405	0.039	0.1073	0.016476
15406	0.039	0.1063	0.015691
15407	0.02	0.10231	0.012251
15408	0.02	0.10131	0.011302
15409	0.02	0.1063	0.015691
15410	0.02	0.1073	0.016476
15411	0.027936	0.10522	0.014813
15412	0.026347	0.10564	0.015156
15413	0.024766	0.10605	0.015493
15414	0.023175	0.10647	0.015826
15415	0.021593	0.10688	0.016152
15416	0.029514	0.10481	0.014466
15417	0.033307	0.1048	0.014463
15418	0.035208	0.1053	0.014881
15419	0.037097	0.1058	0.015288
15420	0.031422	0.10431	0.01404
15421	0.037412	0.10688	0.016152
15422	0.035834	0.10647	0.015826
15423	0.034248	0.10605	0.015493
15424	0.032672	0.10564	0.015156
15425	0.031088	0.10522	0.014813
15426	0.027908	0.10339	0.013232
15427	0.026328	0.10297	0.012858
15428	0.024738	0.10255	0.012477
15429	0.023161	0.10214	0.012092
15430	0.021574	0.10172	0.011699
15431	0.0295	0.1038	0.013602
15432	0.037426	0.10172	0.011699
15433	0.035839	0.10214	0.012092
15434	0.034262	0.10255	0.012477
15435	0.032672	0.10297	0.012858
15436	0.031092	0.10339	0.013232
15437	0.025686	0.1038	0.013601
15438	0.023794	0.10331	0.01316
15439	0.021888	0.10281	0.012708
15440	0.027595	0.1043	0.014037
15441	0.037116	0.10282	0.012719
15442	0.035215	0.10332	0.013169
15443	0.033326	0.10381	0.013607
15444	0.021908	0.1058	0.015287
15445	0.023801	0.1053	0.014879
15446	0.025705	0.1048	0.01446
15447	0.059	0.10131	0.0099005
15448	0.057426	0.10172	0.010308
15449	0.055839	0.10214	0.010713
15450	0.054262	0.10255	0.011108
15451	0.052672	0.10297	0.0115
15452	0.051092	0.10339	0.011883
15453	0.0495	0.1038	0.012263
15454	0.049514	0.10481	0.01315
15455	0.047936	0.10522	0.013505
15456	0.046347	0.10564	0.013857
15457	0.044766	0.10605	0.014202
15458	0.043176	0.10647	0.014543
15459	0.041593	0.10688	0.014877
15460	0.04	0.1073	0.015208
15461	0.047908	0.10339	0.011883
15462	0.046328	0.10297	0.0115
15463	0.044738	0.10255	0.011108
15464	0.043161	0.10214	0.010713
15465	0.041574	0.10172	0.010308
15466	0.04	0.10131	0.0099005
15467	0.047595	0.1043	0.012709
15468	0.045686	0.1038	0.012262
15469	0.043794	0.10331	0.01181
15470	0.041888	0.10281	0.011346
15471	0.04	0.10231	0.010876
15472	0.04	0.1063	0.014405
15473	0.041908	0.1058	0.013991
15474	0.043801	0.1053	0.013573
15475	0.045706	0.1048	0.013143
15476	0.059	0.1073	0.015208
15477	0.057412	0.10688	0.014877
15478	0.055834	0.10647	0.014543
15479	0.054248	0.10605	0.014202
15480	0.052672	0.10564	0.013857
15481	0.051088	0.10522	0.013505
15482	0.051422	0.10431	0.012713
15483	0.053307	0.1048	0.013146
15484	0.055208	0.1053	0.013575
15485	0.057096	0.1058	0.013992
15486	0.059	0.1063	0.014405
15487	0.059	0.10232	0.010891
15488	0.057116	0.10282	0.011357
15489	0.055215	0.10332	0.011819
15490	0.053327	0.10381	0.012268
15491	0.059	0.10131	0.011302
15492	0.059	0.10232	0.012265
15493	0.059	0.1073	0.016476
15494	0.059	0.1063	0.015691
15495	0.04	0.10131	0.011302
15496	0.04	0.10231	0.012251
15497	0.04	0.1073	0.016476
15498	0.04	0.1063	0.015691
15499	0.057116	0.10282	0.012719
15500	0.055215	0.10332	0.013169
15501	0.053326	0.10381	0.013607
15502	0.051422	0.10431	0.01404
15503	0.053307	0.1048	0.014463
15504	0.055208	0.1053	0.014881
15505	0.057097	0.1058	0.015288
15506	0.057412	0.10688	0.016152
15507	0.055834	0.10647	0.015826
15508	0.054248	0.10605	0.015493
15509	0.052672	0.10564	0.015156
15510	0.051088	0.10522	0.014813
15511	0.049514	0.10481	0.014466
15512	0.041908	0.1058	0.015287
15513	0.0438	0.1053	0.014879
15514	0.045705	0.1048	0.01446
15515	0.047595	0.1043	0.014037
15516	0.045686	0.1038	0.013601
15517	0.043794	0.10331	0.01316
15518	0.041888	0.10281	0.012708
15519	0.047908	0.10339	0.013232
15520	0.046328	0.10297	0.012858
15521	0.044738	0.10255	0.012477
15522	0.043161	0.10214	0.012092
15523	0.041574	0.10172	0.011699
15524	0.0495	0.1038	0.013602
15525	0.047936	0.10522	0.014813
15526	0.046347	0.10564	0.015156
15527	0.044766	0.10605	0.015493
15528	0.043175	0.10647	0.015826
15529	0.041593	0.10688	0.016152
15530	0.057426	0.10172	0.011699
15531	0.055839	0.10214	0.012092
15532	0.054262	0.10255	0.012477
15533	0.052672	0.10297	0.012858
15534	0.051092	0.10339	0.013232
15535	0.0	0.20131	0.0099005
15536	-7.8139e-18	0.20231	0.010876
15537	-1.3878e-17	0.2063	0.014405
15538	0.0	0.2073	0.015208
15539	0.019	0.20131	0.0099005
15540	0.019	0.20232	0.010891
15541	0.019	0.2063	0.014405
15542	0.019	0.2073	0.015208
15543	0.017116	0.20282	0.011357
15544	0.015215	0.20331	0.011819
15545	0.013327	0.20381	0.012268
15546	0.011422	0.20431	0.012713
15547	0.013307	0.2048	0.013146
15548	0.015208	0.2053	0.013574
15549	0.017096	0.2058	0.013992
15550	0.0095	0.2038	0.012263
15551	0.0079079	0.20339	0.011883
15552	0.0063276	0.20297	0.0115
15553	0.0047376	0.20255	0.011108
15554	0.0031608	0.20214	0.010713
15555	0.0015739	0.20172	0.010308
15556	0.017426	0.20172	0.010308
15557	0.015839	0.20214	0.010713
15558	0.014262	0.20255	0.011108
15559	0.012672	0.20297	0.0115
15560	0.011092	0.20339	0.011883
15561	0.0095141	0.20481	0.01315
15562	0.0079359	0.20522	0.013505
15563	0.006347	0.20564	0.013857
15564	0.0047667	0.20605	0.014202
15565	0.0031755	0.20647	0.014543
15566	0.0015927	0.20688	0.014877
15567	0.017412	0.20688	0.014877
15568	0.015834	0.20647	0.014543
15569	0.014247	0.20605	0.014202
15570	0.012672	0.20564	0.013857
15571	0.011088	0.20522	0.013505
15572	0.0075949	0.2043	0.012709
15573	0.0056859	0.2038	0.012262
15574	0.0037933	0.20331	0.01181
15575	0.001888	0.20281	0.011346
15576	0.0019078	0.2058	0.013991
15577	0.0038009	0.2053	0.013573
15578	0.0057057	0.2048	0.013143
15579	0.0019077	0.2058	0.015287
15580	0.0038007	0.2053	0.014879
15581	0.0057055	0.2048	0.01446
15582	0.0	0.2063	0.015691
15583	0.0075949	0.2043	0.014037
15584	0.0056861	0.2038	0.013601
15585	0.0037936	0.20331	0.01316
15586	0.0018882	0.20281	0.012708
15587	-7.8139e-18	0.20231	0.012251
15588	0.017412	0.20688	0.016152
15589	0.015834	0.20647	0.015826
15590	0.014248	0.20605	0.015493
15591	0.012672	0.20564	0.015156
15592	0.011088	0.20522	0.014813
15593	0.019	0.2073	0.016476
15594	0.0095141	0.20481	0.014466
15595	0.0079357	0.20522	0.014813
15596	0.0063467	0.20564	0.015156
15597	0.0047664	0.20605	0.015493
15598	0.0031753	0.20647	0.015826
15599	0.0015925	0.20688	0.016152
15600	0.0	0.2073	0.016476
15601	0.017426	0.20172	0.011699
15602	0.015839	0.20214	0.012092
15603	0.014262	0.20255	0.012477
15604	0.012672	0.20297	0.012858
15605	0.011092	0.20339	0.013232
15606	0.019	0.20131	0.011302
15607	0.0095	0.2038	0.013602
15608	0.0079081	0.20339	0.013232
15609	0.0063281	0.20297	0.012858
15610	0.0047381	0.20255	0.012477
15611	0.0031613	0.20214	0.012092
15612	0.0015742	0.20172	0.011699
15613	0.0	0.20131	0.011302
15614	0.013307	0.2048	0.014463
15615	0.015208	0.2053	0.014881
15616	0.017097	0.2058	0.015288
15617	0.019	0.2063	0.015691
15618	0.011422	0.20431	0.01404
15619	0.017116	0.20282	0.012719
15620	0.015215	0.20332	0.013169
15621	0.013326	0.20381	0.013607
15622	0.019	0.20232	0.012265
15623	0.031422	0.20431	0.012713
15624	0.033307	0.2048	0.013146
15625	0.035208	0.2053	0.013575
15626	0.037096	0.2058	0.013992
15627	0.039	0.2063	0.014405
15628	0.029514	0.20481	0.01315
15629	0.027936	0.20522	0.013505
15630	0.026347	0.20564	0.013857
15631	0.024766	0.20605	0.014202
15632	0.023176	0.20647	0.014543
15633	0.021593	0.20688	0.014877
15634	0.02	0.2073	0.015208
15635	0.039	0.2073	0.015208
15636	0.037412	0.20688	0.014877
15637	0.035834	0.20647	0.014543
15638	0.034248	0.20605	0.014202
15639	0.032672	0.20564	0.013857
15640	0.031088	0.20522	0.013505
15641	0.02	0.2063	0.014405
15642	0.021908	0.2058	0.013991
15643	0.023801	0.2053	0.013573
15644	0.025706	0.2048	0.013143
15645	0.027595	0.2043	0.012709
15646	0.025686	0.2038	0.012262
15647	0.023794	0.20331	0.01181
15648	0.021888	0.20281	0.011346
15649	0.02	0.20231	0.010876
15650	0.02	0.20131	0.0099005
15651	0.039	0.20131	0.0099005
15652	0.039	0.20232	0.010891
15653	0.0295	0.2038	0.012263
15654	0.027908	0.20339	0.011883
15655	0.026328	0.20297	0.0115
15656	0.024738	0.20255	0.011108
15657	0.023161	0.20214	0.010713
15658	0.021574	0.20172	0.010308
15659	0.037116	0.20282	0.011357
15660	0.035215	0.20332	0.011819
15661	0.033327	0.20381	0.012268
15662	0.037426	0.20172	0.010308
15663	0.035839	0.20214	0.010713
15664	0.034262	0.20255	0.011108
15665	0.032672	0.20297	0.0115
15666	0.031092	0.20339	0.011883
15667	0.037426	0.20172	0.011699
15668	0.035839	0.20214	0.012092
15669	0.034262	0.20255	0.012477
15670	0.032672	0.20297	0.012858
15671	0.031092	0.20339	0.013232
15672	0.039	0.20131	0.011302
15673	0.0295	0.2038	0.013602
15674	0.037116	0.20282	0.012719
15675	0.035215	0.20332	0.013169
15676	0.033326	0.20381	0.013607
15677	0.031422	0.20431	0.01404
15678	0.039	0.20232	0.012265
15679	0.027908	0.20339	0.013232
15680	0.026328	0.20297	0.012858
15681	0.024738	0.20255	0.012477
15682	0.023161	0.20214	0.012092
15683	0.021574	0.20172	0.011699
15684	0.02	0.20131	0.011302
15685	0.039	0.2063	0.015691
15686	0.039	0.2073	0.016476
15687	0.02	0.2073	0.016476
15688	0.02	0.2063	0.015691
15689	0.02	0.20231	0.012251
15690	0.025686	0.2038	0.013601
15691	0.023794	0.20331	0.01316
15692	0.021888	0.20281	0.012708
15693	0.027595	0.2043	0.014037
15694	0.021908	0.2058	0.015287
15695	0.0238	0.2053	0.014879
15696	0.025705	0.2048	0.01446
15697	0.037412	0.20688	0.016152
15698	0.035834	0.20647	0.015826
15699	0.034248	0.20605	0.015493
15700	0.032672	0.20564	0.015156
15701	0.031088	0.20522	0.014813
15702	0.029514	0.20481	0.014466
15703	0.027936	0.20522	0.014813
15704	0.026347	0.20564	0.015156
15705	0.024766	0.20605	0.015493
15706	0.023175	0.20647	0.015826
15707	0.021593	0.20688	0.016152
15708	0.033307	0.2048	0.014463
15709	0.035208	0.2053	0.014881
15710	0.037097	0.2058	0.015288
15711	0.04	0.20131	0.0099005
15712	0.04	0.20231	0.010876
15713	0.04	0.2063	0.014405
15714	0.04	0.2073	0.015208
15715	0.059	0.20131	0.0099005
15716	0.059	0.20232	0.010891
15717	0.059	0.2063	0.014405
15718	0.059	0.2073	0.015208
15719	0.057116	0.20282	0.011357
15720	0.055215	0.20332	0.011819
15721	0.053327	0.20381	0.012268
15722	0.051422	0.20431	0.012713
15723	0.053307	0.2048	0.013146
15724	0.055208	0.2053	0.013575
15725	0.057096	0.2058	0.013992
15726	0.0495	0.2038	0.012263
15727	0.047908	0.20339	0.011883
15728	0.046328	0.20297	0.0115
15729	0.044738	0.20255	0.011108
15730	0.043161	0.20214	0.010713
15731	0.041574	0.20172	0.010308
15732	0.057426	0.20172	0.010308
15733	0.055839	0.20214	0.010713
15734	0.054262	0.20255	0.011108
15735	0.052672	0.20297	0.0115
15736	0.051092	0.20339	0.011883
15737	0.049514	0.20481	0.01315
15738	0.047936	0.20522	0.013505
15739	0.046347	0.20564	0.013857
15740	0.044766	0.20605	0.014202
15741	0.043176	0.20647	0.014543
15742	0.041593	0.20688	0.014877
15743	0.057412	0.20688	0.014877
15744	0.055834	0.20647	0.014543
15745	0.054248	0.20605	0.014202
15746	0.052672	0.20564	0.013857
15747	0.051088	0.20522	0.013505
15748	0.047595	0.2043	0.012709
15749	0.045686	0.2038	0.012262
15750	0.043794	0.20331	0.01181
15751	0.041888	0.20281	0.011346
15752	0.041908	0.2058	0.013991
15753	0.043801	0.2053	0.013573
15754	0.045706	0.2048	0.013143
15755	0.041908	0.2058	0.015287
15756	0.0438	0.2053	0.014879
15757	0.045705	0.2048	0.01446
15758	0.04	0.2063	0.015691
15759	0.047595	0.2043	0.014037
15760	0.045686	0.2038	0.013601
15761	0.043794	0.20331	0.01316
15762	0.041888	0.20281	0.012708
15763	0.04	0.20231	0.012251
15764	0.057412	0.20688	0.016152
15765	0.055834	0.20647	0.015826
15766	0.054248	0.20605	0.015493
15767	0.052672	0.20564	0.015156
15768	0.051088	0.20522	0.014813
15769	0.059	0.2073	0.016476
15770	0.049514	0.20481	0.014466
15771	0.047936	0.20522	0.014813
15772	0.046347	0.20564	0.015156
15773	0.044766	0.20605	0.015493
15774	0.043175	0.20647	0.015826
15775	0.041593	0.20688	0.016152
15776	0.04	0.2073	0.016476
15777	0.057426	0.20172	0.011699
15778	0.055839	0.20214	0.012092
15779	0.054262	0.20255	0.012477
15780	0.052672	0.20297	0.012858
15781	0.051092	0.20339	0.013232
15782	0.059	0.20131	0.011302
15783	0.0495	0.2038	0.013602
15784	0.047908	0.20339	0.013232
15785	0.046328	0.20297	0.012858
15786	0.044738	0.20255	0.012477
15787	0.043161	0.20214	0.012092
15788	0.041574	0.20172	0.011699
15789	0.04	0.20131	0.011302
15790	0.053307	0.2048	0.014463
15791	0.055208	0.2053	0.014881
15792	0.057097	0.2058	0.015288
15793	0.059	0.2063	0.015691
15794	0.051422	0.20431	0.01404
15795	0.057116	0.20282	0.012719
15796	0.055215	0.20332	0.013169
15797	0.053326	0.20381	0.013607
15798	0.059	0.20232	0.012265
15799	0.0095141	0.095807	0.012612
15800	0.0079199	0.096224	0.012239
15801	0.0063373	0.096638	0.011862
15802	0.0047454	0.097055	0.011477
15803	0.0031658	0.097468	0.011088
15804	0.0015765	0.097884	0.010691
15805	0.0	0.098296	0.01029
15806	0.019	0.098296	0.01029
15807	0.017428	0.097884	0.010691
15808	0.015844	0.097468	0.011088
15809	0.014269	0.097055	0.011477
15810	0.012682	0.096638	0.011862
15811	0.011104	0.096224	0.012239
15812	0.0075949	0.095303	0.013055
15813	0.0057054	0.094807	0.013482
15814	0.0038006	0.094307	0.013905
15815	0.0019076	0.09381	0.014317
15816	-7.8165e-18	0.09331	0.014725
15817	0.0	0.097296	0.01125
15818	0.0018883	0.096801	0.011712
15819	0.0037937	0.096301	0.012169
15820	0.0056862	0.095804	0.012614
15821	0.0095	0.094803	0.013486
15822	0.007924	0.094389	0.013836
15823	0.0063375	0.093973	0.014183
15824	0.0047591	0.093559	0.014523
15825	0.0031707	0.093142	0.01486
15826	0.0015902	0.092727	0.015189
15827	0.0	0.09231	0.015516
15828	0.019	0.09231	0.015516
15829	0.01741	0.092727	0.015189
15830	0.015829	0.093142	0.01486
15831	0.014241	0.093559	0.014523
15832	0.012663	0.093973	0.014183
15833	0.011076	0.094389	0.013836
15834	0.019	0.097296	0.01125
15835	0.017116	0.096802	0.011711
15836	0.015215	0.096303	0.012167
15837	0.013326	0.095807	0.012611
15838	0.011422	0.095308	0.013051
15839	0.013307	0.094814	0.013476
15840	0.015208	0.094317	0.013897
15841	0.017097	0.093823	0.014307
15842	0.019	0.093325	0.014713
15843	0.019	0.098296	0.01168
15844	0.019	0.097296	0.012615
15845	0.019	0.09231	0.016777
15846	0.019	0.093325	0.015992
15847	0.0	0.098296	0.01168
15848	-2.587e-21	0.097296	0.012615
15849	-7.8165e-18	0.09331	0.016003
15850	0.0	0.09231	0.016777
15851	0.013307	0.094814	0.014785
15852	0.015208	0.094317	0.015195
15853	0.017097	0.093823	0.015596
15854	0.011422	0.095308	0.01437
15855	0.017116	0.096802	0.013064
15856	0.015214	0.096303	0.013508
15857	0.013326	0.095807	0.013941
15858	0.01741	0.092727	0.016457
15859	0.01583	0.093142	0.016135
15860	0.014241	0.093559	0.015807
15861	0.012663	0.093973	0.015475
15862	0.011076	0.094389	0.015136
15863	0.0095	0.094803	0.014794
15864	0.0079238	0.094389	0.015136
15865	0.0063372	0.093973	0.015475
15866	0.0047588	0.093559	0.015807
15867	0.0031705	0.093142	0.016135
15868	0.00159	0.092727	0.016457
15869	0.0018885	0.096801	0.013065
15870	0.003794	0.096301	0.01351
15871	0.0056863	0.095804	0.013944
15872	0.0075949	0.095303	0.014373
15873	0.0057053	0.094807	0.01479
15874	0.0038004	0.094307	0.015203
15875	0.0019075	0.09381	0.015606
15876	0.017428	0.097884	0.01207
15877	0.015843	0.097468	0.012457
15878	0.014268	0.097055	0.012836
15879	0.012681	0.096638	0.013211
15880	0.011103	0.096224	0.013578
15881	0.0095141	0.095807	0.013942
15882	0.0079201	0.096224	0.013578
15883	0.0063377	0.096638	0.013211
15884	0.0047459	0.097055	0.012836
15885	0.0031662	0.097468	0.012457
15886	0.0015768	0.097884	0.01207
15887	0.02	0.097296	0.01125
15888	0.021888	0.096801	0.011712
15889	0.023794	0.096301	0.012169
15890	0.025686	0.095804	0.012614
15891	0.027595	0.095303	0.013055
15892	0.025705	0.094807	0.013482
15893	0.023801	0.094307	0.013905
15894	0.021908	0.09381	0.014317
15895	0.02	0.09331	0.014725
15896	0.039	0.098296	0.01029
15897	0.037428	0.097884	0.010691
15898	0.035844	0.097468	0.011088
15899	0.034269	0.097055	0.011477
15900	0.032682	0.096638	0.011862
15901	0.031104	0.096224	0.012239
15902	0.029514	0.095807	0.012612
15903	0.02792	0.096224	0.012239
15904	0.026337	0.096638	0.011862
15905	0.024745	0.097055	0.011477
15906	0.023166	0.097468	0.011088
15907	0.021577	0.097884	0.010691
15908	0.02	0.098296	0.01029
15909	0.031422	0.095308	0.013051
15910	0.033307	0.094814	0.013476
15911	0.035208	0.094317	0.013897
15912	0.037097	0.093823	0.014307
15913	0.039	0.093325	0.014713
15914	0.039	0.097296	0.01125
15915	0.037116	0.096802	0.011711
15916	0.035215	0.096303	0.012167
15917	0.033326	0.095807	0.012611
15918	0.039	0.09231	0.015516
15919	0.03741	0.092727	0.015189
15920	0.035829	0.093142	0.01486
15921	0.034241	0.093559	0.014523
15922	0.032663	0.093973	0.014183
15923	0.031076	0.094389	0.013836
15924	0.0295	0.094803	0.013486
15925	0.027924	0.094389	0.013836
15926	0.026337	0.093973	0.014183
15927	0.024759	0.093559	0.014523
15928	0.023171	0.093142	0.01486
15929	0.02159	0.092727	0.015189
15930	0.02	0.09231	0.015516
15931	0.039	0.093325	0.015992
15932	0.039	0.09231	0.016777
15933	0.039	0.098296	0.01168
15934	0.039	0.097296	0.012615
15935	0.02	0.09331	0.016003
15936	0.02	0.09231	0.016777
15937	0.02	0.097296	0.012615
15938	0.02	0.098296	0.01168
15939	0.027924	0.094389	0.015136
15940	0.026337	0.093973	0.015475
15941	0.024759	0.093559	0.015807
15942	0.02317	0.093142	0.016135
15943	0.02159	0.092727	0.016457
15944	0.0295	0.094803	0.014794
15945	0.03741	0.092727	0.016457
15946	0.03583	0.093142	0.016135
15947	0.034241	0.093559	0.015807
15948	0.032663	0.093973	0.015475
15949	0.031076	0.094389	0.015136
15950	0.037116	0.096802	0.013064
15951	0.035214	0.096303	0.013508
15952	0.033326	0.095807	0.013941
15953	0.031422	0.095308	0.01437
15954	0.033307	0.094814	0.014785
15955	0.035208	0.094317	0.015195
15956	0.037097	0.093823	0.015596
15957	0.02792	0.096224	0.013578
15958	0.026338	0.096638	0.013211
15959	0.024746	0.097055	0.012836
15960	0.023166	0.097468	0.012457
15961	0.021577	0.097884	0.01207
15962	0.029514	0.095807	0.013942
15963	0.037428	0.097884	0.01207
15964	0.035843	0.097468	0.012457
15965	0.034268	0.097055	0.012836
15966	0.032681	0.096638	0.013211
15967	0.031103	0.096224	0.013578
15968	0.025705	0.094807	0.01479
15969	0.0238	0.094307	0.015203
15970	0.021907	0.09381	0.015606
15971	0.027595	0.095303	0.014373
15972	0.021888	0.096801	0.013065
15973	0.023794	0.096301	0.01351
15974	0.025686	0.095804	0.013944
15975	0.04	0.097296	0.01125
15976	0.041888	0.096801	0.011712
15977	0.043794	0.096301	0.012169
15978	0.045686	0.095804	0.012614
15979	0.047595	0.095303	0.013055
15980	0.045705	0.094807	0.013482
15981	0.043801	0.094307	0.013905
15982	0.041908	0.09381	0.014317
15983	0.04	0.09331	0.014725
15984	0.059	0.098296	0.01029
15985	0.057428	0.097884	0.010691
15986	0.055844	0.097468	0.011088
15987	0.054269	0.097055	0.011477
15988	0.052682	0.096638	0.011862
15989	0.051104	0.096224	0.012239
15990	0.049514	0.095807	0.012612
15991	0.04792	0.096224	0.012239
15992	0.046337	0.096638	0.011862
15993	0.044745	0.097055	0.011477
15994	0.043166	0.097468	0.011088
15995	0.041577	0.097884	0.010691
15996	0.04	0.098296	0.01029
15997	0.051422	0.095308	0.013051
15998	0.053307	0.094814	0.013476
15999	0.055208	0.094317	0.013897
16000	0.057097	0.093823	0.014307
16001	0.059	0.093325	0.014713
16002	0.059	0.097296	0.01125
16003	0.057116	0.096802	0.011711
16004	0.055215	0.096303	0.012167
16005	0.053326	0.095807	0.012611
16006	0.059	0.09231	0.015516
16007	0.05741	0.092727	0.015189
16008	0.055829	0.093142	0.01486
16009	0.054241	0.093559	0.014523
16010	0.052663	0.093973	0.014183
16011	0.051076	0.094389	0.013836
16012	0.0495	0.094803	0.013486
16013	0.047924	0.094389	0.013836
16014	0.046337	0.093973	0.014183
16015	0.044759	0.093559	0.014523
16016	0.043171	0.093142	0.01486
16017	0.04159	0.092727	0.015189
16018	0.04	0.09231	0.015516
16019	0.059	0.093325	0.015992
16020	0.059	0.09231	0.016777
16021	0.059	0.098296	0.01168
16022	0.059	0.097296	0.012615
16023	0.04	0.09331	0.016003
16024	0.04	0.09231	0.016777
16025	0.04	0.097296	0.012615
16026	0.04	0.098296	0.01168
16027	0.047924	0.094389	0.015136
16028	0.046337	0.093973	0.015475
16029	0.044759	0.093559	0.015807
16030	0.04317	0.093142	0.016135
16031	0.04159	0.092727	0.016457
16032	0.0495	0.094803	0.014794
16033	0.05741	0.092727	0.016457
16034	0.05583	0.093142	0.016135
16035	0.054241	0.093559	0.015807
16036	0.052663	0.093973	0.015475
16037	0.051076	0.094389	0.015136
16038	0.057116	0.096802	0.013064
16039	0.055214	0.096303	0.013508
16040	0.053326	0.095807	0.013941
16041	0.051422	0.095308	0.01437
16042	0.053307	0.094814	0.014785
16043	0.055208	0.094317	0.015195
16044	0.057097	0.093823	0.015596
16045	0.04792	0.096224	0.013578
16046	0.046338	0.096638	0.013211
16047	0.044746	0.097055	0.012836
16048	0.043166	0.097468	0.012457
16049	0.041577	0.097884	0.01207
16050	0.049514	0.095807	0.013942
16051	0.057428	0.097884	0.01207
16052	0.055843	0.097468	0.012457
16053	0.054268	0.097055	0.012836
16054	0.052681	0.096638	0.013211
16055	0.051103	0.096224	0.013578
16056	0.045705	0.094807	0.01479
16057	0.0438	0.094307	0.015203
16058	0.041907	0.09381	0.015606
16059	0.047595	0.095303	0.014373
16060	0.041888	0.096801	0.013065
16061	0.043794	0.096301	0.01351
16062	0.045686	0.095804	0.013944
16063	0.0	0.1973	0.01125
16064	0.0018883	0.1968	0.011712
16065	0.0037937	0.1963	0.012169
16066	0.0056862	0.1958	0.012614
16067	0.0075949	0.1953	0.013055
16068	0.0057054	0.19481	0.013482
16069	0.0038006	0.19431	0.013905
16070	0.0019076	0.19381	0.014317
16071	-7.8165e-18	0.19331	0.014725
16072	0.019	0.1983	0.01029
16073	0.017428	0.19788	0.010691
16074	0.015844	0.19747	0.011088
16075	0.014269	0.19705	0.011477
16076	0.012682	0.19664	0.011862
16077	0.011104	0.19622	0.012239
16078	0.0095141	0.19581	0.012612
16079	0.0079199	0.19622	0.012239
16080	0.0063373	0.19664	0.011862
16081	0.0047454	0.19705	0.011477
16082	0.0031658	0.19747	0.011088
16083	0.0015765	0.19788	0.010691
16084	0.0	0.1983	0.01029
16085	0.011422	0.19531	0.013051
16086	0.013307	0.19481	0.013476
16087	0.015208	0.19432	0.013897
16088	0.017097	0.19382	0.014307
16089	0.019	0.19332	0.014713
16090	0.019	0.1973	0.01125
16091	0.017116	0.1968	0.011711
16092	0.015215	0.1963	0.012167
16093	0.013326	0.19581	0.012611
16094	0.019	0.19231	0.015516
16095	0.01741	0.19273	0.015189
16096	0.015829	0.19314	0.01486
16097	0.014241	0.19356	0.014523
16098	0.012663	0.19397	0.014183
16099	0.011076	0.19439	0.013836
16100	0.0095	0.1948	0.013486
16101	0.007924	0.19439	0.013836
16102	0.0063375	0.19397	0.014183
16103	0.0047591	0.19356	0.014523
16104	0.0031707	0.19314	0.01486
16105	0.0015902	0.19273	0.015189
16106	0.0	0.19231	0.015516
16107	0.019	0.19332	0.015992
16108	0.019	0.19231	0.016777
16109	0.019	0.1983	0.01168
16110	0.019	0.1973	0.012615
16111	-7.8165e-18	0.19331	0.016003
16112	0.0	0.19231	0.016777
16113	-2.587e-21	0.1973	0.012615
16114	0.0	0.1983	0.01168
16115	0.0079238	0.19439	0.015136
16116	0.0063372	0.19397	0.015475
16117	0.0047588	0.19356	0.015807
16118	0.0031705	0.19314	0.016135
16119	0.00159	0.19273	0.016457
16120	0.0095	0.1948	0.014794
16121	0.01741	0.19273	0.016457
16122	0.01583	0.19314	0.016135
16123	0.014241	0.19356	0.015807
16124	0.012663	0.19397	0.015475
16125	0.011076	0.19439	0.015136
16126	0.017116	0.1968	0.013064
16127	0.015214	0.1963	0.013508
16128	0.013326	0.19581	0.013941
16129	0.011422	0.19531	0.01437
16130	0.013307	0.19481	0.014785
16131	0.015208	0.19432	0.015195
16132	0.017097	0.19382	0.015596
16133	0.0079201	0.19622	0.013578
16134	0.0063377	0.19664	0.013211
16135	0.0047459	0.19705	0.012836
16136	0.0031662	0.19747	0.012457
16137	0.0015768	0.19788	0.01207
16138	0.0095141	0.19581	0.013942
16139	0.017428	0.19788	0.01207
16140	0.015843	0.19747	0.012457
16141	0.014268	0.19705	0.012836
16142	0.012681	0.19664	0.013211
16143	0.011103	0.19622	0.013578
16144	0.0057053	0.19481	0.01479
16145	0.0038004	0.19431	0.015203
16146	0.0019075	0.19381	0.015606
16147	0.0075949	0.1953	0.014373
16148	0.0018885	0.1968	0.013065
16149	0.003794	0.1963	0.01351
16150	0.0056863	0.1958	0.013944
16151	0.02	0.1973	0.01125
16152	0.021888	0.1968	0.011712
16153	0.023794	0.1963	0.012169
16154	0.025686	0.1958	0.012614
16155	0.027595	0.1953	0.013055
16156	0.025705	0.19481	0.013482
16157	0.023801	0.19431	0.013905
16158	0.021908	0.19381	0.014317
16159	0.02	0.19331	0.014725
16160	0.039	0.1983	0.01029
16161	0.037428	0.19788	0.010691
16162	0.035844	0.19747	0.011088
16163	0.034269	0.19705	0.011477
16164	0.032682	0.19664	0.011862
16165	0.031104	0.19622	0.012239
16166	0.029514	0.19581	0.012612
16167	0.02792	0.19622	0.012239
16168	0.026337	0.19664	0.011862
16169	0.024745	0.19705	0.011477
16170	0.023166	0.19747	0.011088
16171	0.021577	0.19788	0.010691
16172	0.02	0.1983	0.01029
16173	0.031422	0.19531	0.013051
16174	0.033307	0.19481	0.013476
16175	0.035208	0.19432	0.013897
16176	0.037097	0.19382	0.014307
16177	0.039	0.19332	0.014713
16178	0.039	0.1973	0.01125
16179	0.037116	0.1968	0.011711
16180	0.035215	0.1963	0.012167
16181	0.033326	0.19581	0.012611
16182	0.039	0.19231	0.015516
16183	0.03741	0.19273	0.015189
16184	0.035829	0.19314	0.01486
16185	0.034241	0.19356	0.014523
16186	0.032663	0.19397	0.014183
16187	0.031076	0.19439	0.013836
16188	0.0295	0.1948	0.013486
16189	0.027924	0.19439	0.013836
16190	0.026337	0.19397	0.014183
16191	0.024759	0.19356	0.014523
16192	0.023171	0.19314	0.01486
16193	0.02159	0.19273	0.015189
16194	0.02	0.19231	0.015516
16195	0.039	0.19332	0.015992
16196	0.039	0.19231	0.016777
16197	0.039	0.1983	0.01168
16198	0.039	0.1973	0.012615
16199	0.02	0.19331	0.016003
16200	0.02	0.19231	0.016777
16201	0.02	0.1973	0.012615
16202	0.02	0.1983	0.01168
16203	0.027924	0.19439	0.015136
16204	0.026337	0.19397	0.015475
16205	0.024759	0.19356	0.015807
16206	0.02317	0.19314	0.016135
16207	0.02159	0.19273	0.016457
16208	0.0295	0.1948	0.014794
16209	0.03741	0.19273	0.016457
16210	0.03583	0.19314	0.016135
16211	0.034241	0.19356	0.015807
16212	0.032663	0.19397	0.015475
16213	0.031076	0.19439	0.015136
16214	0.037116	0.1968	0.013064
16215	0.035214	0.1963	0.013508
16216	0.033326	0.19581	0.013941
16217	0.031422	0.19531	0.01437
16218	0.033307	0.19481	0.014785
16219	0.035208	0.19432	0.015195
16220	0.037097	0.19382	0.015596
16221	0.02792	0.19622	0.013578
16222	0.026338	0.19664	0.013211
16223	0.024746	0.19705	0.012836
16224	0.023166	0.19747	0.012457
16225	0.021577	0.19788	0.01207
16226	0.029514	0.19581	0.013942
16227	0.037428	0.19788	0.01207
16228	0.035843	0.19747	0.012457
16229	0.034268	0.19705	0.012836
16230	0.032681	0.19664	0.013211
16231	0.031103	0.19622	0.013578
16232	0.025705	0.19481	0.01479
16233	0.0238	0.19431	0.015203
16234	0.021907	0.19381	0.015606
16235	0.027595	0.1953	0.014373
16236	0.021888	0.1968	0.013065
16237	0.023794	0.1963	0.01351
16238	0.025686	0.1958	0.013944
16239	0.04	0.1973	0.01125
16240	0.041888	0.1968	0.011712
16241	0.043794	0.1963	0.012169
16242	0.045686	0.1958	0.012614
16243	0.047595	0.1953	0.013055
16244	0.045705	0.19481	0.013482
16245	0.043801	0.19431	0.013905
16246	0.041908	0.19381	0.014317
16247	0.04	0.19331	0.014725
16248	0.059	0.1983	0.01029
16249	0.057428	0.19788	0.010691
16250	0.055844	0.19747	0.011088
16251	0.054269	0.19705	0.011477
16252	0.052682	0.19664	0.011862
16253	0.051104	0.19622	0.012239
16254	0.049514	0.19581	0.012612
16255	0.04792	0.19622	0.012239
16256	0.046337	0.19664	0.011862
16257	0.044745	0.19705	0.011477
16258	0.043166	0.19747	0.011088
16259	0.041577	0.19788	0.010691
16260	0.04	0.1983	0.01029
16261	0.051422	0.19531	0.013051
16262	0.053307	0.19481	0.013476
16263	0.055208	0.19432	0.013897
16264	0.057097	0.19382	0.014307
16265	0.059	0.19332	0.014713
16266	0.059	0.1973	0.01125
16267	0.057116	0.1968	0.011711
16268	0.055215	0.1963	0.012167
16269	0.053326	0.19581	0.012611
16270	0.059	0.19231	0.015516
16271	0.05741	0.19273	0.015189
16272	0.055829	0.19314	0.01486
16273	0.054241	0.19356	0.014523
16274	0.052663	0.19397	0.014183
16275	0.051076	0.19439	0.013836
16276	0.0495	0.1948	0.013486
16277	0.047924	0.19439	0.013836
16278	0.046337	0.19397	0.014183
16279	0.044759	0.19356	0.014523
16280	0.043171	0.19314	0.01486
16281	0.04159	0.19273	0.015189
16282	0.04	0.19231	0.015516
16283	0.059	0.19332	0.015992
16284	0.059	0.19231	0.016777
16285	0.059	0.1983	0.01168
16286	0.059	0.1973	0.012615
16287	0.04	0.19331	0.016003
16288	0.04	0.19231	0.016777
16289	0.04	0.1973	0.012615
16290	0.04	0.1983	0.01168
16291	0.047924	0.19439	0.015136
16292	0.046337	0.19397	0.015475
16293	0.044759	0.19356	0.015807
16294	0.04317	0.19314	0.016135
16295	0.04159	0.19273	0.016457
16296	0.0495	0.1948	0.014794
16297	0.05741	0.19273	0.016457
16298	0.05583	0.19314	0.016135
16299	0.054241	0.19356	0.015807
16300	0.052663	0.19397	0.015475
16301	0.051076	0.19439	0.015136
16302	0.057116	0.1968	0.013064
16303	0.055214	0.1963	0.013508
16304	0.053326	0.19581	0.013941
16305	0.051422	0.19531	0.01437
16306	0.053307	0.19481	0.014785
16307	0.055208	0.19432	0.015195
16308	0.057097	0.19382	0.015596
16309	0.04792	0.19622	0.013578
16310	0.046338	0.19664	0.013211
16311	0.044746	0.19705	0.012836
16312	0.043166	0.19747	0.012457
16313	0.041577	0.19788	0.01207
16314	0.049514	0.19581	0.013942
16315	0.057428	0.19788	0.01207
16316	0.055843	0.19747	0.012457
16317	0.054268	0.19705	0.012836
16318	0.052681	0.19664	0.013211
16319	0.051103	0.19622	0.013578
16320	0.045705	0.19481	0.01479
16321	0.0438	0.19431	0.015203
16322	0.041907	0.19381	0.015606
16323	0.047595	0.1953	0.014373
16324	0.041888	0.1968	0.013065
16325	0.043794	0.1963	0.01351
16326	0.045686	0.1958	0.013944
16327	0.0	0.2973	0.01125
16328	0.0018883	0.2968	0.011712
16329	0.0037937	0.2963	0.012169
16330	0.0056862	0.2958	0.012614
16331	0.0075949	0.2953	0.013055
16332	0.0057054	0.29481	0.013482
16333	0.0038006	0.29431	0.013905
16334	0.0019076	0.29381	0.014317
16335	-7.8165e-18	0.29331	0.014725
16336	0.019	0.2983	0.01029
16337	0.017428	0.29788	0.010691
16338	0.015844	0.29747	0.011088
16339	0.014269	0.29705	0.011477
16340	0.012682	0.29664	0.011862
16341	0.011104	0.29622	0.012239
16342	0.0095141	0.29581	0.012612
16343	0.0079199	0.29622	0.012239
16344	0.0063373	0.29664	0.011862
16345	0.0047454	0.29705	0.011477
16346	0.0031658	0.29747	0.011088
16347	0.0015765	0.29788	0.010691
16348	0.0	0.2983	0.01029
16349	0.011422	0.29531	0.013051
16350	0.013307	0.29481	0.013476
16351	0.015208	0.29432	0.013897
16352	0.017097	0.29382	0.014307
16353	0.019	0.29332	0.014713
16354	0.019	0.2973	0.01125
16355	0.017116	0.2968	0.011711
16356	0.015215	0.2963	0.012167
16357	0.013326	0.29581	0.012611
16358	0.019	0.29231	0.015516
16359	0.01741	0.29273	0.015189
16360	0.015829	0.29314	0.01486
16361	0.014241	0.29356	0.014523
16362	0.012663	0.29397	0.014183
16363	0.011076	0.29439	0.013836
16364	0.0095	0.2948	0.013486
16365	0.007924	0.29439	0.013836
16366	0.0063375	0.29397	0.014183
16367	0.0047591	0.29356	0.014523
16368	0.0031707	0.29314	0.01486
16369	0.0015902	0.29273	0.015189
16370	0.0	0.29231	0.015516
16371	0.019	0.29332	0.015992
16372	0.019	0.29231	0.016777
16373	-7.8165e-18	0.29331	0.016003
16374	0.0	0.29231	0.016777
16375	0.019	0.2983	0.01168
16376	0.019	0.2973	0.012615
16377	-2.587e-21	0.2973	0.012615
16378	0.0	0.2983	0.01168
16379	0.0079238	0.29439	0.015136
16380	0.0063372	0.29397	0.015475
16381	0.0047588	0.29356	0.015807
16382	0.0031705	0.29314	0.016135
16383	0.00159	0.29273	0.016457
16384	0.0095	0.2948	0.014794
16385	0.01741	0.29273	0.016457
16386	0.01583	0.29314	0.016135
16387	0.014241	0.29356	0.015807
16388	0.012663	0.29397	0.015475
16389	0.011076	0.29439	0.015136
16390	0.017116	0.2968	0.013064
16391	0.015214	0.2963	0.013508
16392	0.013326	0.29581	0.013941
16393	0.011422	0.29531	0.01437
16394	0.013307	0.29481	0.014785
16395	0.015208	0.29432	0.015195
16396	0.017097	0.29382	0.015596
16397	0.0079201	0.29622	0.013578
16398	0.0063377	0.29664	0.013211
16399	0.0047459	0.29705	0.012836
16400	0.0031662	0.29747	0.012457
16401	0.0015768	0.29788	0.01207
16402	0.0095141	0.29581	0.013942
16403	0.017428	0.29788	0.01207
16404	0.015843	0.29747	0.012457
16405	0.014268	0.29705	0.012836
16406	0.012681	0.29664	0.013211
16407	0.011103	0.29622	0.013578
16408	0.0057053	0.29481	0.01479
16409	0.0038004	0.29431	0.015203
16410	0.0019075	0.29381	0.015606
16411	0.0075949	0.2953	0.014373
16412	0.0018885	0.2968	0.013065
16413	0.003794	0.2963	0.01351
16414	0.0056863	0.2958	0.013944
16415	0.02	0.2973	0.01125
16416	0.021888	0.2968	0.011712
16417	0.023794	0.2963	0.012169
16418	0.025686	0.2958	0.012614
16419	0.027595	0.2953	0.013055
16420	0.025705	0.29481	0.013482
16421	0.023801	0.29431	0.013905
16422	0.021908	0.29381	0.014317
16423	0.02	0.29331	0.014725
16424	0.039	0.2983	0.01029
16425	0.037428	0.29788	0.010691
16426	0.035844	0.29747	0.011088
16427	0.034269	0.29705	0.011477
16428	0.032682	0.29664	0.011862
16429	0.031104	0.29622	0.012239
16430	0.029514	0.29581	0.012612
16431	0.02792	0.29622	0.012239
16432	0.026337	0.29664	0.011862
16433	0.024745	0.29705	0.011477
16434	0.023166	0.29747	0.011088
16435	0.021577	0.29788	0.010691
16436	0.02	0.2983	0.01029
16437	0.031422	0.29531	0.013051
16438	0.033307	0.29481	0.013476
16439	0.035208	0.29432	0.013897
16440	0.037097	0.29382	0.014307
16441	0.039	0.29332	0.014713
16442	0.039	0.2973	0.01125
16443	0.037116	0.2968	0.011711
16444	0.035215	0.2963	0.012167
16445	0.033326	0.29581	0.012611
16446	0.039	0.29231	0.015516
16447	0.03741	0.29273	0.015189
16448	0.035829	0.29314	0.01486
16449	0.034241	0.29356	0.014523
16450	0.032663	0.29397	0.014183
16451	0.031076	0.29439	0.013836
16452	0.0295	0.2948	0.013486
16453	0.027924	0.29439	0.013836
16454	0.026337	0.29397	0.014183
16455	0.024759	0.29356	0.014523
16456	0.023171	0.29314	0.01486
16457	0.02159	0.29273	0.015189
16458	0.02	0.29231	0.015516
16459	0.039	0.29332	0.015992
16460	0.039	0.29231	0.016777
16461	0.039	0.2983	0.01168
16462	0.039	0.2973	0.012615
16463	0.02	0.29331	0.016003
16464	0.02	0.29231	0.016777
16465	0.02	0.2973	0.012615
16466	0.02	0.2983	0.01168
16467	0.027924	0.29439	0.015136
16468	0.026337	0.29397	0.015475
16469	0.024759	0.29356	0.015807
16470	0.02317	0.29314	0.016135
16471	0.02159	0.29273	0.016457
16472	0.0295	0.2948	0.014794
16473	0.03741	0.29273	0.016457
16474	0.03583	0.29314	0.016135
16475	0.034241	0.29356	0.015807
16476	0.032663	0.29397	0.015475
16477	0.031076	0.29439	0.015136
16478	0.037116	0.2968	0.013064
16479	0.035214	0.2963	0.013508
16480	0.033326	0.29581	0.013941
16481	0.031422	0.29531	0.01437
16482	0.033307	0.29481	0.014785
16483	0.035208	0.29432	0.015195
16484	0.037097	0.29382	0.015596
16485	0.02792	0.29622	0.013578
16486	0.026338	0.29664	0.013211
16487	0.024746	0.29705	0.012836
16488	0.023166	0.29747	0.012457
16489	0.021577	0.29788	0.01207
16490	0.029514	0.29581	0.013942
16491	0.037428	0.29788	0.01207
16492	0.035843	0.29747	0.012457
16493	0.034268	0.29705	0.012836
16494	0.032681	0.29664	0.013211
16495	0.031103	0.29622	0.013578
16496	0.025705	0.29481	0.01479
16497	0.0238	0.29431	0.015203
16498	0.021907	0.29381	0.015606
16499	0.027595	0.2953	0.014373
16500	0.021888	0.2968	0.013065
16501	0.023794	0.2963	0.01351
16502	0.025686	0.2958	0.013944
16503	0.04	0.2973	0.01125
16504	0.041888	0.2968	0.011712
16505	0.043794	0.2963	0.012169
16506	0.045686	0.2958	0.012614
16507	0.047595	0.2953	0.013055
16508	0.045705	0.29481	0.013482
16509	0.043801	0.29431	0.013905
16510	0.041908	0.29381	0.014317
16511	0.04	0.29331	0.014725
16512	0.059	0.2983	0.01029
16513	0.057428	0.29788	0.010691
16514	0.055844	0.29747	0.011088
16515	0.054269	0.29705	0.011477
16516	0.052682	0.29664	0.011862
16517	0.051104	0.29622	0.012239
16518	0.049514	0.29581	0.012612
16519	0.04792	0.29622	0.012239
16520	0.046337	0.29664	0.011862
16521	0.044745	0.29705	0.011477
16522	0.043166	0.29747	0.011088
16523	0.041577	0.29788	0.010691
16524	0.04	0.2983	0.01029
16525	0.051422	0.29531	0.013051
16526	0.053307	0.29481	0.013476
16527	0.055208	0.29432	0.013897
16528	0.057097	0.29382	0.014307
16529	0.059	0.29332	0.014713
16530	0.059	0.2973	0.01125
16531	0.057116	0.2968	0.011711
16532	0.055215	0.2963	0.012167
16533	0.053326	0.29581	0.012611
16534	0.059	0.29231	0.015516
16535	0.05741	0.29273	0.015189
16536	0.055829	0.29314	0.01486
16537	0.054241	0.29356	0.014523
16538	0.052663	0.29397	0.014183
16539	0.051076	0.29439	0.013836
16540	0.0495	0.2948	0.013486
16541	0.047924	0.29439	0.013836
16542	0.046337	0.29397	0.014183
16543	0.044759	0.29356	0.014523
16544	0.043171	0.29314	0.01486
16545	0.04159	0.29273	0.015189
16546	0.04	0.29231	0.015516
16547	0.059	0.29332	0.015992
16548	0.059	0.29231	0.016777
16549	0.059	0.2983	0.01168
16550	0.059	0.2973	0.012615
16551	0.04	0.29331	0.016003
16552	0.04	0.29231	0.016777
16553	0.04	0.2973	0.012615
16554	0.04	0.2983	0.01168
16555	0.047924	0.29439	0.015136
16556	0.046337	0.29397	0.015475
16557	0.044759	0.29356	0.015807
16558	0.04317	0.29314	0.016135
16559	0.04159	0.29273	0.016457
16560	0.0495	0.2948	0.014794
16561	0.05741	0.29273	0.016457
16562	0.05583	0.29314	0.016135
16563	0.054241	0.29356	0.015807
16564	0.052663	0.29397	0.015475
16565	0.051076	0.29439	0.015136
16566	0.057116	0.2968	0.013064
16567	0.055214	0.2963	0.013508
16568	0.053326	0.29581	0.013941
16569	0.051422	0.29531	0.01437
16570	0.053307	0.29481	0.014785
16571	0.055208	0.29432	0.015195
16572	0.057097	0.29382	0.015596
16573	0.04792	0.29622	0.013578
16574	0.046338	0.29664	0.013211
16575	0.044746	0.29705	0.012836
16576	0.043166	0.29747	0.012457
16577	0.041577	0.29788	0.01207
16578	0.049514	0.29581	0.013942
16579	0.057428	0.29788	0.01207
16580	0.055843	0.29747	0.012457
16581	0.054268	0.29705	0.012836
16582	0.052681	0.29664	0.013211
16583	0.051103	0.29622	0.013578
16584	0.045705	0.29481	0.01479
16585	0.0438	0.29431	0.015203
16586	0.041907	0.29381	0.015606
16587	0.047595	0.2953	0.014373
16588	0.041888	0.2968	0.013065
16589	0.043794	0.2963	0.01351
16590	0.045686	0.2958	0.013944
16591	0.019	0.0093246	0.016746
16592	0.017113	0.0098184	0.017103
16593	0.015213	0.010315	0.017456
16594	0.013323	0.01081	0.017801
16595	0.011422	0.011308	0.018141
16596	0.01331	0.011803	0.018473
16597	0.015209	0.012301	0.018801
16598	0.017099	0.012798	0.019122
16599	0.019	0.013296	0.019438
16600	0.0095141	0.011807	0.018476
16601	0.0071453	0.012427	0.018883
16602	0.00476	0.013051	0.019283
16603	0.0023878	0.013672	0.019672
16604	0.0	0.014296	0.020055
16605	0.019	0.014296	0.020055
16606	0.016619	0.013672	0.019672
16607	0.014254	0.013051	0.019283
16608	0.011876	0.012427	0.018883
16609	0.0075949	0.011303	0.018138
16610	0.0056893	0.010803	0.017796
16611	0.0037951	0.010306	0.017449
16612	0.0018916	0.0098062	0.017095
16613	-7.8139e-18	0.0093098	0.016735
16614	0.0	0.013296	0.019438
16615	0.0019049	0.012796	0.019121
16616	0.0037995	0.012299	0.0188
16617	0.0057026	0.0118	0.018471
16618	0.0095	0.010803	0.017796
16619	0.0071139	0.010177	0.017358
16620	0.0047461	0.0095554	0.016914
16621	0.0023633	0.00893	0.016456
16622	0.0	0.0083098	0.015991
16623	0.019	0.0083098	0.015991
16624	0.016637	0.00893	0.016456
16625	0.014254	0.0095554	0.016914
16626	0.011886	0.010177	0.017358
16627	0.019	0.013296	0.020616
16628	0.019	0.014296	0.02122
16629	0.019	0.0093246	0.01798
16630	0.019	0.0083098	0.017241
16631	0.0	0.014296	0.02122
16632	0.0	0.013296	0.020616
16633	-7.8139e-18	0.0093098	0.017969
16634	0.0	0.0083098	0.017241
16635	0.016637	0.0089301	0.017696
16636	0.014254	0.0095555	0.018144
16637	0.011886	0.010177	0.018579
16638	0.0095	0.010803	0.019007
16639	0.007114	0.010177	0.018579
16640	0.0047463	0.0095555	0.018144
16641	0.0023635	0.0089301	0.017696
16642	0.0019048	0.012796	0.020305
16643	0.0037994	0.012299	0.01999
16644	0.0057025	0.0118	0.019668
16645	0.0075949	0.011303	0.019342
16646	0.0056894	0.010803	0.019007
16647	0.0037953	0.010306	0.018668
16648	0.0018917	0.0098063	0.01832
16649	0.016619	0.013672	0.020845
16650	0.014254	0.013051	0.020464
16651	0.011876	0.012427	0.020072
16652	0.0095141	0.011807	0.019673
16653	0.0071452	0.012427	0.020072
16654	0.0047599	0.013051	0.020464
16655	0.0023877	0.013672	0.020845
16656	0.01331	0.011803	0.01967
16657	0.015209	0.012301	0.019992
16658	0.017099	0.012798	0.020306
16659	0.011422	0.011308	0.019345
16660	0.017112	0.0098185	0.018329
16661	0.015213	0.010315	0.018674
16662	0.013323	0.01081	0.019011
16663	0.031422	0.011308	0.018141
16664	0.03331	0.011803	0.018473
16665	0.035209	0.012301	0.018801
16666	0.037099	0.012798	0.019122
16667	0.039	0.013296	0.019438
16668	0.039	0.0093246	0.016746
16669	0.037113	0.0098184	0.017103
16670	0.035213	0.010315	0.017456
16671	0.033323	0.01081	0.017801
16672	0.039	0.0083098	0.015991
16673	0.036637	0.00893	0.016456
16674	0.034254	0.0095555	0.016914
16675	0.031886	0.010177	0.017358
16676	0.0295	0.010803	0.017796
16677	0.027114	0.010177	0.017358
16678	0.024746	0.0095555	0.016914
16679	0.022363	0.00893	0.016456
16680	0.02	0.0083098	0.015991
16681	0.039	0.014296	0.020055
16682	0.036619	0.013672	0.019672
16683	0.034254	0.013051	0.019283
16684	0.031876	0.012427	0.018883
16685	0.029514	0.011807	0.018476
16686	0.027145	0.012427	0.018883
16687	0.02476	0.013051	0.019283
16688	0.022388	0.013672	0.019672
16689	0.02	0.014296	0.020055
16690	0.02	0.013296	0.019438
16691	0.021905	0.012796	0.019121
16692	0.023799	0.012299	0.0188
16693	0.025703	0.0118	0.018471
16694	0.027595	0.011303	0.018138
16695	0.025689	0.010803	0.017796
16696	0.023795	0.010306	0.017449
16697	0.021892	0.0098062	0.017095
16698	0.02	0.0093098	0.016735
16699	0.039	0.013296	0.020616
16700	0.039	0.014296	0.02122
16701	0.039	0.0093246	0.01798
16702	0.039	0.0083098	0.017241
16703	0.02	0.014296	0.02122
16704	0.02	0.013296	0.020616
16705	0.02	0.0083098	0.017241
16706	0.02	0.0093098	0.017969
16707	0.025689	0.010803	0.019007
16708	0.023795	0.010306	0.018668
16709	0.021892	0.0098063	0.01832
16710	0.027595	0.011303	0.019342
16711	0.021905	0.012796	0.020305
16712	0.023799	0.012299	0.01999
16713	0.025703	0.0118	0.019668
16714	0.027145	0.012427	0.020072
16715	0.02476	0.013051	0.020464
16716	0.022388	0.013672	0.020845
16717	0.029514	0.011807	0.019673
16718	0.036619	0.013672	0.020845
16719	0.034254	0.013051	0.020464
16720	0.031876	0.012427	0.020072
16721	0.027114	0.010177	0.018579
16722	0.024747	0.0095555	0.018144
16723	0.022363	0.0089301	0.017696
16724	0.0295	0.010803	0.019007
16725	0.036637	0.0089301	0.017696
16726	0.034253	0.0095555	0.018144
16727	0.031886	0.010177	0.018579
16728	0.037112	0.0098185	0.018329
16729	0.035213	0.010316	0.018674
16730	0.033323	0.01081	0.019011
16731	0.031422	0.011308	0.019345
16732	0.03331	0.011803	0.01967
16733	0.035209	0.012301	0.019992
16734	0.037099	0.012798	0.020306
16735	0.051422	0.011308	0.018141
16736	0.05331	0.011803	0.018473
16737	0.055209	0.012301	0.018801
16738	0.057099	0.012798	0.019122
16739	0.059	0.013296	0.019438
16740	0.059	0.0093246	0.016746
16741	0.057113	0.0098184	0.017103
16742	0.055213	0.010315	0.017456
16743	0.053323	0.01081	0.017801
16744	0.059	0.0083098	0.015991
16745	0.056637	0.00893	0.016456
16746	0.054254	0.0095555	0.016914
16747	0.051886	0.010177	0.017358
16748	0.0495	0.010803	0.017796
16749	0.047114	0.010177	0.017358
16750	0.044746	0.0095555	0.016914
16751	0.042363	0.00893	0.016456
16752	0.04	0.0083098	0.015991
16753	0.059	0.014296	0.020055
16754	0.056619	0.013672	0.019672
16755	0.054254	0.013051	0.019283
16756	0.051876	0.012427	0.018883
16757	0.049514	0.011807	0.018476
16758	0.047145	0.012427	0.018883
16759	0.04476	0.013051	0.019283
16760	0.042388	0.013672	0.019672
16761	0.04	0.014296	0.020055
16762	0.04	0.013296	0.019438
16763	0.041905	0.012796	0.019121
16764	0.043799	0.012299	0.0188
16765	0.045703	0.0118	0.018471
16766	0.047595	0.011303	0.018138
16767	0.045689	0.010803	0.017796
16768	0.043795	0.010306	0.017449
16769	0.041892	0.0098062	0.017095
16770	0.04	0.0093098	0.016735
16771	0.059	0.013296	0.020616
16772	0.059	0.014296	0.02122
16773	0.059	0.0093246	0.01798
16774	0.059	0.0083098	0.017241
16775	0.04	0.014296	0.02122
16776	0.04	0.013296	0.020616
16777	0.04	0.0083098	0.017241
16778	0.04	0.0093098	0.017969
16779	0.045689	0.010803	0.019007
16780	0.043795	0.010306	0.018668
16781	0.041892	0.0098063	0.01832
16782	0.047595	0.011303	0.019342
16783	0.041905	0.012796	0.020305
16784	0.043799	0.012299	0.01999
16785	0.045703	0.0118	0.019668
16786	0.047145	0.012427	0.020072
16787	0.04476	0.013051	0.020464
16788	0.042388	0.013672	0.020845
16789	0.049514	0.011807	0.019673
16790	0.056619	0.013672	0.020845
16791	0.054254	0.013051	0.020464
16792	0.051876	0.012427	0.020072
16793	0.047114	0.010177	0.018579
16794	0.044747	0.0095555	0.018144
16795	0.042363	0.0089301	0.017696
16796	0.0495	0.010803	0.019007
16797	0.056637	0.0089301	0.017696
16798	0.054253	0.0095555	0.018144
16799	0.051886	0.010177	0.018579
16800	0.057112	0.0098185	0.018329
16801	0.055213	0.010316	0.018674
16802	0.053323	0.01081	0.019011
16803	0.051422	0.011308	0.019345
16804	0.05331	0.011803	0.01967
16805	0.055209	0.012301	0.019992
16806	0.057099	0.012798	0.020306
16807	0.011422	0.11131	0.018141
16808	0.01331	0.1118	0.018473
16809	0.015209	0.1123	0.018801
16810	0.017099	0.1128	0.019122
16811	0.019	0.1133	0.019438
16812	0.019	0.10932	0.016746
16813	0.017113	0.10982	0.017103
16814	0.015213	0.11032	0.017456
16815	0.013323	0.11081	0.017801
16816	0.019	0.10831	0.015991
16817	0.016637	0.10893	0.016456
16818	0.014254	0.10956	0.016914
16819	0.011886	0.11018	0.017358
16820	0.0095	0.1108	0.017796
16821	0.0071139	0.11018	0.017358
16822	0.0047464	0.10956	0.016914
16823	0.0023633	0.10893	0.016456
16824	0.0	0.10831	0.015991
16825	0.019	0.1143	0.020055
16826	0.016619	0.11367	0.019672
16827	0.014254	0.11305	0.019283
16828	0.011876	0.11243	0.018883
16829	0.0095141	0.11181	0.018476
16830	0.0071453	0.11243	0.018883
16831	0.0047599	0.11305	0.019283
16832	0.0023878	0.11367	0.019672
16833	0.0	0.1143	0.020055
16834	0.0	0.1133	0.019438
16835	0.0019049	0.1128	0.019121
16836	0.0037994	0.1123	0.0188
16837	0.0057026	0.1118	0.018471
16838	0.0075949	0.1113	0.018138
16839	0.0056893	0.1108	0.017796
16840	0.0037952	0.11031	0.017449
16841	0.0018916	0.10981	0.017095
16842	-7.8139e-18	0.10931	0.016735
16843	0.019	0.1133	0.020616
16844	0.019	0.1143	0.02122
16845	0.019	0.10932	0.01798
16846	0.019	0.10831	0.017241
16847	0.0	0.1143	0.02122
16848	0.0	0.1133	0.020616
16849	0.0	0.10831	0.017241
16850	-7.8139e-18	0.10931	0.017969
16851	0.0056894	0.1108	0.019007
16852	0.0037954	0.11031	0.018668
16853	0.0018917	0.10981	0.01832
16854	0.0075949	0.1113	0.019342
16855	0.0019048	0.1128	0.020305
16856	0.0037993	0.1123	0.01999
16857	0.0057025	0.1118	0.019668
16858	0.0071452	0.11243	0.020072
16859	0.0047597	0.11305	0.020464
16860	0.0023877	0.11367	0.020845
16861	0.0095141	0.11181	0.019673
16862	0.016619	0.11367	0.020845
16863	0.014254	0.11305	0.020464
16864	0.011876	0.11243	0.020072
16865	0.007114	0.11018	0.018579
16866	0.0047466	0.10956	0.018144
16867	0.0023635	0.10893	0.017696
16868	0.0095	0.1108	0.019007
16869	0.016637	0.10893	0.017696
16870	0.014253	0.10956	0.018144
16871	0.011886	0.11018	0.018579
16872	0.017112	0.10982	0.018329
16873	0.015213	0.11032	0.018674
16874	0.013323	0.11081	0.019011
16875	0.011422	0.11131	0.019345
16876	0.01331	0.1118	0.01967
16877	0.015209	0.1123	0.019992
16878	0.017099	0.1128	0.020306
16879	0.031422	0.11131	0.018141
16880	0.03331	0.1118	0.018473
16881	0.035209	0.1123	0.018801
16882	0.037099	0.1128	0.019122
16883	0.039	0.1133	0.019438
16884	0.039	0.10932	0.016746
16885	0.037113	0.10982	0.017103
16886	0.035213	0.11032	0.017456
16887	0.033323	0.11081	0.017801
16888	0.039	0.10831	0.015991
16889	0.036637	0.10893	0.016456
16890	0.034254	0.10956	0.016914
16891	0.031886	0.11018	0.017358
16892	0.0295	0.1108	0.017796
16893	0.027114	0.11018	0.017358
16894	0.024746	0.10956	0.016914
16895	0.022363	0.10893	0.016456
16896	0.02	0.10831	0.015991
16897	0.039	0.1143	0.020055
16898	0.036619	0.11367	0.019672
16899	0.034254	0.11305	0.019283
16900	0.031876	0.11243	0.018883
16901	0.029514	0.11181	0.018476
16902	0.027145	0.11243	0.018883
16903	0.02476	0.11305	0.019283
16904	0.022388	0.11367	0.019672
16905	0.02	0.1143	0.020055
16906	0.02	0.1133	0.019438
16907	0.021905	0.1128	0.019121
16908	0.023799	0.1123	0.0188
16909	0.025703	0.1118	0.018471
16910	0.027595	0.1113	0.018138
16911	0.025689	0.1108	0.017796
16912	0.023795	0.11031	0.017449
16913	0.021892	0.10981	0.017095
16914	0.02	0.10931	0.016735
16915	0.039	0.1133	0.020616
16916	0.039	0.1143	0.02122
16917	0.039	0.10932	0.01798
16918	0.039	0.10831	0.017241
16919	0.02	0.1143	0.02122
16920	0.02	0.1133	0.020616
16921	0.02	0.10831	0.017241
16922	0.02	0.10931	0.017969
16923	0.025689	0.1108	0.019007
16924	0.023795	0.11031	0.018668
16925	0.021892	0.10981	0.01832
16926	0.027595	0.1113	0.019342
16927	0.021905	0.1128	0.020305
16928	0.023799	0.1123	0.01999
16929	0.025703	0.1118	0.019668
16930	0.027145	0.11243	0.020072
16931	0.02476	0.11305	0.020464
16932	0.022388	0.11367	0.020845
16933	0.029514	0.11181	0.019673
16934	0.036619	0.11367	0.020845
16935	0.034254	0.11305	0.020464
16936	0.031876	0.11243	0.020072
16937	0.027114	0.11018	0.018579
16938	0.024747	0.10956	0.018144
16939	0.022363	0.10893	0.017696
16940	0.0295	0.1108	0.019007
16941	0.036637	0.10893	0.017696
16942	0.034253	0.10956	0.018144
16943	0.031886	0.11018	0.018579
16944	0.037112	0.10982	0.018329
16945	0.035213	0.11032	0.018674
16946	0.033323	0.11081	0.019011
16947	0.031422	0.11131	0.019345
16948	0.03331	0.1118	0.01967
16949	0.035209	0.1123	0.019992
16950	0.037099	0.1128	0.020306
16951	0.051422	0.11131	0.018141
16952	0.05331	0.1118	0.018473
16953	0.055209	0.1123	0.018801
16954	0.057099	0.1128	0.019122
16955	0.059	0.1133	0.019438
16956	0.059	0.10932	0.016746
16957	0.057113	0.10982	0.017103
16958	0.055213	0.11032	0.017456
16959	0.053323	0.11081	0.017801
16960	0.059	0.10831	0.015991
16961	0.056637	0.10893	0.016456
16962	0.054254	0.10956	0.016914
16963	0.051886	0.11018	0.017358
16964	0.0495	0.1108	0.017796
16965	0.047114	0.11018	0.017358
16966	0.044746	0.10956	0.016914
16967	0.042363	0.10893	0.016456
16968	0.04	0.10831	0.015991
16969	0.059	0.1143	0.020055
16970	0.056619	0.11367	0.019672
16971	0.054254	0.11305	0.019283
16972	0.051876	0.11243	0.018883
16973	0.049514	0.11181	0.018476
16974	0.047145	0.11243	0.018883
16975	0.04476	0.11305	0.019283
16976	0.042388	0.11367	0.019672
16977	0.04	0.1143	0.020055
16978	0.04	0.1133	0.019438
16979	0.041905	0.1128	0.019121
16980	0.043799	0.1123	0.0188
16981	0.045703	0.1118	0.018471
16982	0.047595	0.1113	0.018138
16983	0.045689	0.1108	0.017796
16984	0.043795	0.11031	0.017449
16985	0.041892	0.10981	0.017095
16986	0.04	0.10931	0.016735
16987	0.059	0.1133	0.020616
16988	0.059	0.1143	0.02122
16989	0.059	0.10932	0.01798
16990	0.059	0.10831	0.017241
16991	0.04	0.1143	0.02122
16992	0.04	0.1133	0.020616
16993	0.04	0.10831	0.017241
16994	0.04	0.10931	0.017969
16995	0.045689	0.1108	0.019007
16996	0.043795	0.11031	0.018668
16997	0.041892	0.10981	0.01832
16998	0.047595	0.1113	0.019342
16999	0.041905	0.1128	0.020305
17000	0.043799	0.1123	0.01999
17001	0.045703	0.1118	0.019668
17002	0.047145	0.11243	0.020072
17003	0.04476	0.11305	0.020464
17004	0.042388	0.11367	0.020845
17005	0.049514	0.11181	0.019673
17006	0.056619	0.11367	0.020845
17007	0.054254	0.11305	0.020464
17008	0.051876	0.11243	0.020072
17009	0.047114	0.11018	0.018579
17010	0.044746	0.10956	0.018144
17011	0.042363	0.10893	0.017696
17012	0.0495	0.1108	0.019007
17013	0.056637	0.10893	0.017696
17014	0.054254	0.10956	0.018144
17015	0.051886	0.11018	0.018579
17016	0.057112	0.10982	0.018329
17017	0.055213	0.11032	0.018674
17018	0.053323	0.11081	0.019011
17019	0.051422	0.11131	0.019345
17020	0.05331	0.1118	0.01967
17021	0.055209	0.1123	0.019992
17022	0.057099	0.1128	0.020306
17023	0.019	0.20932	0.016746
17024	0.017113	0.20982	0.017103
17025	0.015213	0.21032	0.017456
17026	0.013323	0.21081	0.017801
17027	0.011422	0.21131	0.018141
17028	0.01331	0.2118	0.018473
17029	0.015209	0.2123	0.018801
17030	0.017099	0.2128	0.019122
17031	0.019	0.2133	0.019438
17032	0.0095	0.2108	0.017796
17033	0.0071139	0.21018	0.017358
17034	0.0047461	0.20956	0.016914
17035	0.0023633	0.20893	0.016456
17036	0.0	0.20831	0.015991
17037	0.019	0.20831	0.015991
17038	0.016637	0.20893	0.016456
17039	0.014254	0.20956	0.016914
17040	0.011886	0.21018	0.017358
17041	0.0095141	0.21181	0.018476
17042	0.0071453	0.21243	0.018883
17043	0.00476	0.21305	0.019283
17044	0.0023878	0.21367	0.019672
17045	0.0	0.2143	0.020055
17046	0.019	0.2143	0.020055
17047	0.016619	0.21367	0.019672
17048	0.014254	0.21305	0.019283
17049	0.011876	0.21243	0.018883
17050	0.0075949	0.2113	0.018138
17051	0.0056893	0.2108	0.017796
17052	0.0037951	0.21031	0.017449
17053	0.0018916	0.20981	0.017095
17054	-7.8139e-18	0.20931	0.016735
17055	0.0	0.2133	0.019438
17056	0.0019049	0.2128	0.019121
17057	0.0037995	0.2123	0.0188
17058	0.0057026	0.2118	0.018471
17059	0.019	0.2133	0.020616
17060	0.019	0.2143	0.02122
17061	0.019	0.20932	0.01798
17062	0.019	0.20831	0.017241
17063	0.0	0.20831	0.017241
17064	-7.8139e-18	0.20931	0.017969
17065	0.0	0.2143	0.02122
17066	0.0	0.2133	0.020616
17067	0.0019048	0.2128	0.020305
17068	0.0037994	0.2123	0.01999
17069	0.0057025	0.2118	0.019668
17070	0.0075949	0.2113	0.019342
17071	0.0056894	0.2108	0.019007
17072	0.0037953	0.21031	0.018668
17073	0.0018917	0.20981	0.01832
17074	0.016619	0.21367	0.020845
17075	0.014254	0.21305	0.020464
17076	0.011876	0.21243	0.020072
17077	0.0095141	0.21181	0.019673
17078	0.0071452	0.21243	0.020072
17079	0.0047599	0.21305	0.020464
17080	0.0023877	0.21367	0.020845
17081	0.016637	0.20893	0.017696
17082	0.014254	0.20956	0.018144
17083	0.011886	0.21018	0.018579
17084	0.0095	0.2108	0.019007
17085	0.007114	0.21018	0.018579
17086	0.0047463	0.20956	0.018144
17087	0.0023635	0.20893	0.017696
17088	0.01331	0.2118	0.01967
17089	0.015209	0.2123	0.019992
17090	0.017099	0.2128	0.020306
17091	0.011422	0.21131	0.019345
17092	0.017112	0.20982	0.018329
17093	0.015213	0.21032	0.018674
17094	0.013323	0.21081	0.019011
17095	0.031422	0.21131	0.018141
17096	0.03331	0.2118	0.018473
17097	0.035209	0.2123	0.018801
17098	0.037099	0.2128	0.019122
17099	0.039	0.2133	0.019438
17100	0.039	0.20932	0.016746
17101	0.037113	0.20982	0.017103
17102	0.035213	0.21032	0.017456
17103	0.033323	0.21081	0.017801
17104	0.039	0.20831	0.015991
17105	0.036637	0.20893	0.016456
17106	0.034254	0.20956	0.016914
17107	0.031886	0.21018	0.017358
17108	0.0295	0.2108	0.017796
17109	0.027114	0.21018	0.017358
17110	0.024746	0.20956	0.016914
17111	0.022363	0.20893	0.016456
17112	0.02	0.20831	0.015991
17113	0.039	0.2143	0.020055
17114	0.036619	0.21367	0.019672
17115	0.034254	0.21305	0.019283
17116	0.031876	0.21243	0.018883
17117	0.029514	0.21181	0.018476
17118	0.027145	0.21243	0.018883
17119	0.02476	0.21305	0.019283
17120	0.022388	0.21367	0.019672
17121	0.02	0.2143	0.020055
17122	0.02	0.2133	0.019438
17123	0.021905	0.2128	0.019121
17124	0.023799	0.2123	0.0188
17125	0.025703	0.2118	0.018471
17126	0.027595	0.2113	0.018138
17127	0.025689	0.2108	0.017796
17128	0.023795	0.21031	0.017449
17129	0.021892	0.20981	0.017095
17130	0.02	0.20931	0.016735
17131	0.039	0.2133	0.020616
17132	0.039	0.2143	0.02122
17133	0.039	0.20932	0.01798
17134	0.039	0.20831	0.017241
17135	0.02	0.2143	0.02122
17136	0.02	0.2133	0.020616
17137	0.02	0.20831	0.017241
17138	0.02	0.20931	0.017969
17139	0.025689	0.2108	0.019007
17140	0.023795	0.21031	0.018668
17141	0.021892	0.20981	0.01832
17142	0.027595	0.2113	0.019342
17143	0.021905	0.2128	0.020305
17144	0.023799	0.2123	0.01999
17145	0.025703	0.2118	0.019668
17146	0.027145	0.21243	0.020072
17147	0.02476	0.21305	0.020464
17148	0.022388	0.21367	0.020845
17149	0.029514	0.21181	0.019673
17150	0.036619	0.21367	0.020845
17151	0.034254	0.21305	0.020464
17152	0.031876	0.21243	0.020072
17153	0.027114	0.21018	0.018579
17154	0.024747	0.20956	0.018144
17155	0.022363	0.20893	0.017696
17156	0.0295	0.2108	0.019007
17157	0.036637	0.20893	0.017696
17158	0.034253	0.20956	0.018144
17159	0.031886	0.21018	0.018579
17160	0.037112	0.20982	0.018329
17161	0.035213	0.21032	0.018674
17162	0.033323	0.21081	0.019011
17163	0.031422	0.21131	0.019345
17164	0.03331	0.2118	0.01967
17165	0.035209	0.2123	0.019992
17166	0.037099	0.2128	0.020306
17167	0.059	0.20831	0.015991
17168	0.059	0.20932	0.016746
17169	0.04	0.2133	0.019438
17170	0.04	0.2143	0.020055
17171	0.04	0.20831	0.015991
17172	0.04	0.20931	0.016735
17173	0.057113	0.20982	0.017103
17174	0.055213	0.21032	0.017456
17175	0.053323	0.21081	0.017801
17176	0.051422	0.21131	0.018141
17177	0.05331	0.2118	0.018473
17178	0.055209	0.2123	0.018801
17179	0.057099	0.2128	0.019122
17180	0.059	0.2133	0.019438
17181	0.049514	0.21181	0.018476
17182	0.047145	0.21243	0.018883
17183	0.04476	0.21305	0.019283
17184	0.042388	0.21367	0.019672
17185	0.059	0.2143	0.020055
17186	0.056619	0.21367	0.019672
17187	0.054254	0.21305	0.019283
17188	0.051876	0.21243	0.018883
17189	0.047595	0.2113	0.018138
17190	0.045689	0.2108	0.017796
17191	0.043795	0.21031	0.017449
17192	0.041892	0.20981	0.017095
17193	0.041905	0.2128	0.019121
17194	0.043799	0.2123	0.0188
17195	0.045703	0.2118	0.018471
17196	0.0495	0.2108	0.017796
17197	0.047114	0.21018	0.017358
17198	0.044746	0.20956	0.016914
17199	0.042363	0.20893	0.016456
17200	0.056637	0.20893	0.016456
17201	0.054254	0.20956	0.016914
17202	0.051886	0.21018	0.017358
17203	0.059	0.2133	0.020616
17204	0.059	0.2143	0.02122
17205	0.056637	0.20893	0.017696
17206	0.054253	0.20956	0.018144
17207	0.051886	0.21018	0.018579
17208	0.059	0.20831	0.017241
17209	0.0495	0.2108	0.019007
17210	0.047114	0.21018	0.018579
17211	0.044747	0.20956	0.018144
17212	0.042363	0.20893	0.017696
17213	0.04	0.20831	0.017241
17214	0.041905	0.2128	0.020305
17215	0.043799	0.2123	0.01999
17216	0.045703	0.2118	0.019668
17217	0.04	0.2133	0.020616
17218	0.047595	0.2113	0.019342
17219	0.045689	0.2108	0.019007
17220	0.043795	0.21031	0.018668
17221	0.041892	0.20981	0.01832
17222	0.04	0.20931	0.017969
17223	0.056619	0.21367	0.020845
17224	0.054254	0.21305	0.020464
17225	0.051876	0.21243	0.020072
17226	0.049514	0.21181	0.019673
17227	0.047145	0.21243	0.020072
17228	0.04476	0.21305	0.020464
17229	0.042388	0.21367	0.020845
17230	0.04	0.2143	0.02122
17231	0.05331	0.2118	0.01967
17232	0.055209	0.2123	0.019992
17233	0.057099	0.2128	0.020306
17234	0.051422	0.21131	0.019345
17235	0.057112	0.20982	0.018329
17236	0.055213	0.21032	0.018674
17237	0.053323	0.21081	0.019011
17238	0.059	0.20932	0.01798
17239	0.019	0.086325	0.019675
17240	0.0171	0.086822	0.019364
17241	0.015209	0.087317	0.019049
17242	0.01331	0.087813	0.018726
17243	0.011422	0.088308	0.0184
17244	0.013323	0.088806	0.018063
17245	0.015213	0.089303	0.017723
17246	0.017112	0.089801	0.017374
17247	0.019	0.090296	0.017021
17248	0.0095141	0.088807	0.018063
17249	0.0071247	0.089432	0.017633
17250	0.0047535	0.090053	0.017196
17251	0.0023671	0.090677	0.016745
17252	0.0	0.091296	0.016288
17253	0.019	0.091296	0.016288
17254	0.01664	0.090677	0.016745
17255	0.014261	0.090053	0.017196
17256	0.011896	0.089432	0.017633
17257	0.0075949	0.088303	0.018402
17258	0.0057025	0.087806	0.018731
17259	0.0037993	0.087307	0.019055
17260	0.0019048	0.08681	0.019372
17261	-7.8139e-18	0.08631	0.019684
17262	0.0	0.090296	0.017021
17263	0.0018917	0.0898	0.017375
17264	0.0037953	0.0893	0.017724
17265	0.0056895	0.088803	0.018066
17266	0.0095	0.087803	0.018733
17267	0.0071345	0.087182	0.019135
17268	0.0047528	0.086557	0.01953
17269	0.0023841	0.085935	0.019914
17270	0.0	0.08531	0.020291
17271	0.019	0.08531	0.020291
17272	0.016616	0.085935	0.019914
17273	0.014247	0.086557	0.01953
17274	0.011865	0.087182	0.019135
17275	0.019	0.090296	0.018248
17276	0.019	0.091296	0.017531
17277	0.019	0.086325	0.020848
17278	0.019	0.08531	0.021452
17279	0.0	0.091296	0.017531
17280	0.0	0.090296	0.018248
17281	-7.8139e-18	0.08631	0.020857
17282	0.0	0.08531	0.021452
17283	0.016616	0.085935	0.021082
17284	0.014247	0.086557	0.020706
17285	0.011866	0.087182	0.020319
17286	0.0095	0.087803	0.019925
17287	0.0071344	0.087182	0.020319
17288	0.0047526	0.086557	0.020706
17289	0.002384	0.085935	0.021082
17290	0.0018918	0.0898	0.018595
17291	0.0037954	0.0893	0.018937
17292	0.0056895	0.088803	0.019271
17293	0.0075949	0.088303	0.019601
17294	0.0057024	0.087806	0.019923
17295	0.0037992	0.087307	0.02024
17296	0.0019047	0.08681	0.020551
17297	0.01664	0.090677	0.017978
17298	0.01426	0.090052	0.018419
17299	0.011896	0.089432	0.018847
17300	0.0095141	0.088807	0.019269
17301	0.0071248	0.089432	0.018847
17302	0.0047537	0.090052	0.018419
17303	0.0023672	0.090677	0.017978
17304	0.013323	0.088806	0.019269
17305	0.015213	0.089302	0.018935
17306	0.017112	0.089801	0.018594
17307	0.011422	0.088308	0.019598
17308	0.0171	0.086822	0.020543
17309	0.015209	0.087316	0.020234
17310	0.01331	0.087813	0.019918
17311	0.02	0.090296	0.017021
17312	0.021892	0.0898	0.017375
17313	0.023795	0.0893	0.017724
17314	0.025689	0.088803	0.018066
17315	0.027595	0.088303	0.018402
17316	0.025702	0.087806	0.018731
17317	0.023799	0.087307	0.019055
17318	0.021905	0.08681	0.019372
17319	0.02	0.08631	0.019684
17320	0.039	0.091296	0.016288
17321	0.03664	0.090677	0.016745
17322	0.034261	0.090053	0.017196
17323	0.031896	0.089432	0.017633
17324	0.029514	0.088807	0.018063
17325	0.027125	0.089432	0.017633
17326	0.024754	0.090053	0.017196
17327	0.022367	0.090677	0.016745
17328	0.02	0.091296	0.016288
17329	0.039	0.08531	0.020291
17330	0.036616	0.085935	0.019914
17331	0.034247	0.086557	0.01953
17332	0.031865	0.087182	0.019135
17333	0.0295	0.087803	0.018733
17334	0.027135	0.087182	0.019135
17335	0.024753	0.086557	0.01953
17336	0.022384	0.085935	0.019914
17337	0.02	0.08531	0.020291
17338	0.031422	0.088308	0.0184
17339	0.033323	0.088806	0.018063
17340	0.035213	0.089303	0.017723
17341	0.037112	0.089801	0.017374
17342	0.039	0.090296	0.017021
17343	0.039	0.086325	0.019675
17344	0.0371	0.086822	0.019364
17345	0.035209	0.087317	0.019049
17346	0.03331	0.087813	0.018726
17347	0.039	0.08531	0.021452
17348	0.039	0.086325	0.020848
17349	0.039	0.091296	0.017531
17350	0.039	0.090296	0.018248
17351	0.02	0.08631	0.020857
17352	0.02	0.08531	0.021452
17353	0.02	0.090296	0.018248
17354	0.02	0.091296	0.017531
17355	0.0371	0.086822	0.020543
17356	0.035209	0.087316	0.020234
17357	0.03331	0.087813	0.019918
17358	0.031422	0.088308	0.019598
17359	0.033323	0.088806	0.019269
17360	0.035213	0.089302	0.018935
17361	0.037112	0.089801	0.018594
17362	0.027134	0.087182	0.020319
17363	0.024753	0.086557	0.020706
17364	0.022384	0.085935	0.021082
17365	0.0295	0.087803	0.019925
17366	0.036616	0.085935	0.021082
17367	0.034247	0.086557	0.020706
17368	0.031866	0.087182	0.020319
17369	0.027125	0.089432	0.018847
17370	0.024754	0.090052	0.018419
17371	0.022367	0.090677	0.017978
17372	0.029514	0.088807	0.019269
17373	0.03664	0.090677	0.017978
17374	0.03426	0.090052	0.018419
17375	0.031896	0.089432	0.018847
17376	0.025702	0.087806	0.019923
17377	0.023799	0.087307	0.02024
17378	0.021905	0.08681	0.020551
17379	0.027595	0.088303	0.019601
17380	0.021892	0.0898	0.018595
17381	0.023795	0.0893	0.018937
17382	0.02569	0.088803	0.019271
17383	0.04	0.090296	0.017021
17384	0.041892	0.0898	0.017375
17385	0.043795	0.0893	0.017724
17386	0.045689	0.088803	0.018066
17387	0.047595	0.088303	0.018402
17388	0.045702	0.087806	0.018731
17389	0.043799	0.087307	0.019055
17390	0.041905	0.08681	0.019372
17391	0.04	0.08631	0.019684
17392	0.059	0.091296	0.016288
17393	0.05664	0.090677	0.016745
17394	0.054261	0.090053	0.017196
17395	0.051896	0.089432	0.017633
17396	0.049514	0.088807	0.018063
17397	0.047125	0.089432	0.017633
17398	0.044754	0.090053	0.017196
17399	0.042367	0.090677	0.016745
17400	0.04	0.091296	0.016288
17401	0.059	0.08531	0.020291
17402	0.056616	0.085935	0.019914
17403	0.054247	0.086557	0.01953
17404	0.051865	0.087182	0.019135
17405	0.0495	0.087803	0.018733
17406	0.047135	0.087182	0.019135
17407	0.044753	0.086557	0.01953
17408	0.042384	0.085935	0.019914
17409	0.04	0.08531	0.020291
17410	0.051422	0.088308	0.0184
17411	0.053323	0.088806	0.018063
17412	0.055213	0.089303	0.017723
17413	0.057112	0.089801	0.017374
17414	0.059	0.090296	0.017021
17415	0.059	0.086325	0.019675
17416	0.0571	0.086822	0.019364
17417	0.055209	0.087317	0.019049
17418	0.05331	0.087813	0.018726
17419	0.059	0.08531	0.021452
17420	0.059	0.086325	0.020848
17421	0.059	0.091296	0.017531
17422	0.059	0.090296	0.018248
17423	0.04	0.08631	0.020857
17424	0.04	0.08531	0.021452
17425	0.04	0.090296	0.018248
17426	0.04	0.091296	0.017531
17427	0.0571	0.086822	0.020543
17428	0.055209	0.087316	0.020234
17429	0.05331	0.087813	0.019918
17430	0.051422	0.088308	0.019598
17431	0.053323	0.088806	0.019269
17432	0.055213	0.089302	0.018935
17433	0.057112	0.089801	0.018594
17434	0.047134	0.087182	0.020319
17435	0.044753	0.086557	0.020706
17436	0.042384	0.085935	0.021082
17437	0.0495	0.087803	0.019925
17438	0.056616	0.085935	0.021082
17439	0.054247	0.086557	0.020706
17440	0.051866	0.087182	0.020319
17441	0.047125	0.089432	0.018847
17442	0.044754	0.090052	0.018419
17443	0.042367	0.090677	0.017978
17444	0.049514	0.088807	0.019269
17445	0.05664	0.090677	0.017978
17446	0.05426	0.090052	0.018419
17447	0.051896	0.089432	0.018847
17448	0.045702	0.087806	0.019923
17449	0.043799	0.087307	0.02024
17450	0.041905	0.08681	0.020551
17451	0.047595	0.088303	0.019601
17452	0.041892	0.0898	0.018595
17453	0.043795	0.0893	0.018937
17454	0.04569	0.088803	0.019271
17455	0.0	0.1903	0.017021
17456	0.0018917	0.1898	0.017375
17457	0.0037953	0.1893	0.017724
17458	0.0056895	0.1888	0.018066
17459	0.0075949	0.1883	0.018402
17460	0.0057025	0.18781	0.018731
17461	0.0037993	0.18731	0.019055
17462	0.0019048	0.18681	0.019372
17463	-7.8139e-18	0.18631	0.019684
17464	0.019	0.1913	0.016288
17465	0.01664	0.19068	0.016745
17466	0.014261	0.19005	0.017196
17467	0.011896	0.18943	0.017633
17468	0.0095141	0.18881	0.018063
17469	0.0071247	0.18943	0.017633
17470	0.0047535	0.19005	0.017196
17471	0.0023671	0.19068	0.016745
17472	0.0	0.1913	0.016288
17473	0.019	0.18531	0.020291
17474	0.016616	0.18594	0.019914
17475	0.014247	0.18656	0.01953
17476	0.011865	0.18718	0.019135
17477	0.0095	0.1878	0.018733
17478	0.0071345	0.18718	0.019135
17479	0.0047528	0.18656	0.01953
17480	0.0023841	0.18594	0.019914
17481	0.0	0.18531	0.020291
17482	0.011422	0.18831	0.0184
17483	0.013323	0.18881	0.018063
17484	0.015213	0.1893	0.017723
17485	0.017112	0.1898	0.017374
17486	0.019	0.1903	0.017021
17487	0.019	0.18632	0.019675
17488	0.0171	0.18682	0.019364
17489	0.015209	0.18732	0.019049
17490	0.01331	0.18781	0.018726
17491	0.019	0.18531	0.021452
17492	0.019	0.18632	0.020848
17493	0.0	0.1903	0.018248
17494	0.0	0.1913	0.017531
17495	-7.8139e-18	0.18631	0.020857
17496	0.0	0.18531	0.021452
17497	0.019	0.1913	0.017531
17498	0.019	0.1903	0.018248
17499	0.0171	0.18682	0.020543
17500	0.015209	0.18732	0.020234
17501	0.01331	0.18781	0.019918
17502	0.011422	0.18831	0.019598
17503	0.013323	0.18881	0.019269
17504	0.015213	0.1893	0.018935
17505	0.017112	0.1898	0.018594
17506	0.0071344	0.18718	0.020319
17507	0.0047526	0.18656	0.020706
17508	0.002384	0.18594	0.021082
17509	0.0095	0.1878	0.019925
17510	0.016616	0.18594	0.021082
17511	0.014247	0.18656	0.020706
17512	0.011866	0.18718	0.020319
17513	0.0071248	0.18943	0.018847
17514	0.0047537	0.19005	0.018419
17515	0.0023672	0.19068	0.017978
17516	0.0095141	0.18881	0.019269
17517	0.01664	0.19068	0.017978
17518	0.01426	0.19005	0.018419
17519	0.011896	0.18943	0.018847
17520	0.0057024	0.18781	0.019923
17521	0.0037992	0.18731	0.02024
17522	0.0019047	0.18681	0.020551
17523	0.0075949	0.1883	0.019601
17524	0.0018918	0.1898	0.018595
17525	0.0037954	0.1893	0.018937
17526	0.0056895	0.1888	0.019271
17527	0.02	0.1903	0.017021
17528	0.021892	0.1898	0.017375
17529	0.023795	0.1893	0.017724
17530	0.025689	0.1888	0.018066
17531	0.027595	0.1883	0.018402
17532	0.025702	0.18781	0.018731
17533	0.023799	0.18731	0.019055
17534	0.021905	0.18681	0.019372
17535	0.02	0.18631	0.019684
17536	0.039	0.1913	0.016288
17537	0.03664	0.19068	0.016745
17538	0.034261	0.19005	0.017196
17539	0.031896	0.18943	0.017633
17540	0.029514	0.18881	0.018063
17541	0.027125	0.18943	0.017633
17542	0.024754	0.19005	0.017196
17543	0.022367	0.19068	0.016745
17544	0.02	0.1913	0.016288
17545	0.039	0.18531	0.020291
17546	0.036616	0.18594	0.019914
17547	0.034247	0.18656	0.01953
17548	0.031865	0.18718	0.019135
17549	0.0295	0.1878	0.018733
17550	0.027135	0.18718	0.019135
17551	0.024753	0.18656	0.01953
17552	0.022384	0.18594	0.019914
17553	0.02	0.18531	0.020291
17554	0.031422	0.18831	0.0184
17555	0.033323	0.18881	0.018063
17556	0.035213	0.1893	0.017723
17557	0.037112	0.1898	0.017374
17558	0.039	0.1903	0.017021
17559	0.039	0.18632	0.019675
17560	0.0371	0.18682	0.019364
17561	0.035209	0.18732	0.019049
17562	0.03331	0.18781	0.018726
17563	0.02	0.1903	0.018248
17564	0.02	0.1913	0.017531
17565	0.02	0.18631	0.020857
17566	0.02	0.18531	0.021452
17567	0.039	0.1913	0.017531
17568	0.039	0.1903	0.018248
17569	0.039	0.18531	0.021452
17570	0.039	0.18632	0.020848
17571	0.0371	0.18682	0.020543
17572	0.035209	0.18732	0.020234
17573	0.03331	0.18781	0.019918
17574	0.031422	0.18831	0.019598
17575	0.033323	0.18881	0.019269
17576	0.035213	0.1893	0.018935
17577	0.037112	0.1898	0.018594
17578	0.027134	0.18718	0.020319
17579	0.024753	0.18656	0.020706
17580	0.022384	0.18594	0.021082
17581	0.0295	0.1878	0.019925
17582	0.036616	0.18594	0.021082
17583	0.034247	0.18656	0.020706
17584	0.031866	0.18718	0.020319
17585	0.027125	0.18943	0.018847
17586	0.024754	0.19005	0.018419
17587	0.022367	0.19068	0.017978
17588	0.029514	0.18881	0.019269
17589	0.03664	0.19068	0.017978
17590	0.03426	0.19005	0.018419
17591	0.031896	0.18943	0.018847
17592	0.025702	0.18781	0.019923
17593	0.023799	0.18731	0.02024
17594	0.021905	0.18681	0.020551
17595	0.027595	0.1883	0.019601
17596	0.021892	0.1898	0.018595
17597	0.023795	0.1893	0.018937
17598	0.02569	0.1888	0.019271
17599	0.04	0.1903	0.017021
17600	0.041892	0.1898	0.017375
17601	0.043795	0.1893	0.017724
17602	0.045689	0.1888	0.018066
17603	0.047595	0.1883	0.018402
17604	0.045702	0.18781	0.018731
17605	0.043799	0.18731	0.019055
17606	0.041905	0.18681	0.019372
17607	0.04	0.18631	0.019684
17608	0.059	0.1913	0.016288
17609	0.05664	0.19068	0.016745
17610	0.054261	0.19005	0.017196
17611	0.051896	0.18943	0.017633
17612	0.049514	0.18881	0.018063
17613	0.047125	0.18943	0.017633
17614	0.044754	0.19005	0.017196
17615	0.042367	0.19068	0.016745
17616	0.04	0.1913	0.016288
17617	0.059	0.18531	0.020291
17618	0.056616	0.18594	0.019914
17619	0.054247	0.18656	0.01953
17620	0.051865	0.18718	0.019135
17621	0.0495	0.1878	0.018733
17622	0.047135	0.18718	0.019135
17623	0.044753	0.18656	0.01953
17624	0.042384	0.18594	0.019914
17625	0.04	0.18531	0.020291
17626	0.051422	0.18831	0.0184
17627	0.053323	0.18881	0.018063
17628	0.055213	0.1893	0.017723
17629	0.057112	0.1898	0.017374
17630	0.059	0.1903	0.017021
17631	0.059	0.18632	0.019675
17632	0.0571	0.18682	0.019364
17633	0.055209	0.18732	0.019049
17634	0.05331	0.18781	0.018726
17635	0.059	0.18531	0.021452
17636	0.059	0.18632	0.020848
17637	0.04	0.1903	0.018248
17638	0.04	0.1913	0.017531
17639	0.04	0.18631	0.020857
17640	0.04	0.18531	0.021452
17641	0.059	0.1913	0.017531
17642	0.059	0.1903	0.018248
17643	0.0571	0.18682	0.020543
17644	0.055209	0.18732	0.020234
17645	0.05331	0.18781	0.019918
17646	0.051422	0.18831	0.019598
17647	0.053323	0.18881	0.019269
17648	0.055213	0.1893	0.018935
17649	0.057112	0.1898	0.018594
17650	0.047134	0.18718	0.020319
17651	0.044753	0.18656	0.020706
17652	0.042384	0.18594	0.021082
17653	0.0495	0.1878	0.019925
17654	0.056616	0.18594	0.021082
17655	0.054247	0.18656	0.020706
17656	0.051866	0.18718	0.020319
17657	0.047125	0.18943	0.018847
17658	0.044754	0.19005	0.018419
17659	0.042367	0.19068	0.017978
17660	0.049514	0.18881	0.019269
17661	0.05664	0.19068	0.017978
17662	0.05426	0.19005	0.018419
17663	0.051896	0.18943	0.018847
17664	0.045702	0.18781	0.019923
17665	0.043799	0.18731	0.02024
17666	0.041905	0.18681	0.020551
17667	0.047595	0.1883	0.019601
17668	0.041892	0.1898	0.018595
17669	0.043795	0.1893	0.018937
17670	0.04569	0.1888	0.019271
17671	0.0	0.2903	0.017021
17672	0.0	0.2913	0.016288
17673	0.0	0.28531	0.020291
17674	-7.8139e-18	0.28631	0.019684
17675	0.019	0.2903	0.017021
17676	0.019	0.2913	0.016288
17677	0.019	0.28531	0.020291
17678	0.019	0.28632	0.019675
17679	0.016616	0.28594	0.019914
17680	0.014247	0.28656	0.01953
17681	0.011865	0.28718	0.019135
17682	0.0095	0.2878	0.018733
17683	0.0071345	0.28718	0.019135
17684	0.0047528	0.28656	0.01953
17685	0.0023841	0.28594	0.019914
17686	0.0018917	0.2898	0.017375
17687	0.0037953	0.2893	0.017724
17688	0.0056895	0.2888	0.018066
17689	0.0075949	0.2883	0.018402
17690	0.0057025	0.28781	0.018731
17691	0.0037993	0.28731	0.019055
17692	0.0019048	0.28681	0.019372
17693	0.01664	0.29068	0.016745
17694	0.014261	0.29005	0.017196
17695	0.011896	0.28943	0.017633
17696	0.0095141	0.28881	0.018063
17697	0.0071247	0.28943	0.017633
17698	0.0047535	0.29005	0.017196
17699	0.0023671	0.29068	0.016745
17700	0.011422	0.28831	0.0184
17701	0.013323	0.28881	0.018063
17702	0.015213	0.2893	0.017723
17703	0.017112	0.2898	0.017374
17704	0.0171	0.28682	0.019364
17705	0.015209	0.28732	0.019049
17706	0.01331	0.28781	0.018726
17707	0.0171	0.28682	0.020543
17708	0.015209	0.28732	0.020234
17709	0.01331	0.28781	0.019918
17710	0.019	0.28632	0.020848
17711	0.011422	0.28831	0.019598
17712	0.013323	0.28881	0.019269
17713	0.015213	0.2893	0.018935
17714	0.017112	0.2898	0.018594
17715	0.019	0.2903	0.018248
17716	0.0071248	0.28943	0.018847
17717	0.0047537	0.29005	0.018419
17718	0.0023672	0.29068	0.017978
17719	0.0	0.2913	0.017531
17720	0.0095141	0.28881	0.019269
17721	0.01664	0.29068	0.017978
17722	0.01426	0.29005	0.018419
17723	0.011896	0.28943	0.018847
17724	0.019	0.2913	0.017531
17725	0.0057024	0.28781	0.019923
17726	0.0037992	0.28731	0.02024
17727	0.0019047	0.28681	0.020551
17728	-7.8139e-18	0.28631	0.020857
17729	0.0075949	0.2883	0.019601
17730	0.0018918	0.2898	0.018595
17731	0.0037954	0.2893	0.018937
17732	0.0056895	0.2888	0.019271
17733	0.0	0.2903	0.018248
17734	0.0071344	0.28718	0.020319
17735	0.0047526	0.28656	0.020706
17736	0.002384	0.28594	0.021082
17737	0.0	0.28531	0.021452
17738	0.0095	0.2878	0.019925
17739	0.016616	0.28594	0.021082
17740	0.014247	0.28656	0.020706
17741	0.011866	0.28718	0.020319
17742	0.019	0.28531	0.021452
17743	0.02	0.2903	0.017021
17744	0.021892	0.2898	0.017375
17745	0.023795	0.2893	0.017724
17746	0.025689	0.2888	0.018066
17747	0.027595	0.2883	0.018402
17748	0.025702	0.28781	0.018731
17749	0.023799	0.28731	0.019055
17750	0.021905	0.28681	0.019372
17751	0.02	0.28631	0.019684
17752	0.039	0.2913	0.016288
17753	0.03664	0.29068	0.016745
17754	0.034261	0.29005	0.017196
17755	0.031896	0.28943	0.017633
17756	0.029514	0.28881	0.018063
17757	0.027125	0.28943	0.017633
17758	0.024754	0.29005	0.017196
17759	0.022367	0.29068	0.016745
17760	0.02	0.2913	0.016288
17761	0.039	0.28531	0.020291
17762	0.036616	0.28594	0.019914
17763	0.034247	0.28656	0.01953
17764	0.031865	0.28718	0.019135
17765	0.0295	0.2878	0.018733
17766	0.027135	0.28718	0.019135
17767	0.024753	0.28656	0.01953
17768	0.022384	0.28594	0.019914
17769	0.02	0.28531	0.020291
17770	0.031422	0.28831	0.0184
17771	0.033323	0.28881	0.018063
17772	0.035213	0.2893	0.017723
17773	0.037112	0.2898	0.017374
17774	0.039	0.2903	0.017021
17775	0.039	0.28632	0.019675
17776	0.0371	0.28682	0.019364
17777	0.035209	0.28732	0.019049
17778	0.03331	0.28781	0.018726
17779	0.02	0.2903	0.018248
17780	0.02	0.2913	0.017531
17781	0.02	0.28631	0.020857
17782	0.02	0.28531	0.021452
17783	0.039	0.2913	0.017531
17784	0.039	0.2903	0.018248
17785	0.039	0.28531	0.021452
17786	0.039	0.28632	0.020848
17787	0.0371	0.28682	0.020543
17788	0.035209	0.28732	0.020234
17789	0.03331	0.28781	0.019918
17790	0.031422	0.28831	0.019598
17791	0.033323	0.28881	0.019269
17792	0.035213	0.2893	0.018935
17793	0.037112	0.2898	0.018594
17794	0.027134	0.28718	0.020319
17795	0.024753	0.28656	0.020706
17796	0.022384	0.28594	0.021082
17797	0.0295	0.2878	0.019925
17798	0.036616	0.28594	0.021082
17799	0.034247	0.28656	0.020706
17800	0.031866	0.28718	0.020319
17801	0.027125	0.28943	0.018847
17802	0.024754	0.29005	0.018419
17803	0.022367	0.29068	0.017978
17804	0.029514	0.28881	0.019269
17805	0.03664	0.29068	0.017978
17806	0.03426	0.29005	0.018419
17807	0.031896	0.28943	0.018847
17808	0.025702	0.28781	0.019923
17809	0.023799	0.28731	0.02024
17810	0.021905	0.28681	0.020551
17811	0.027595	0.2883	0.019601
17812	0.021892	0.2898	0.018595
17813	0.023795	0.2893	0.018937
17814	0.02569	0.2888	0.019271
17815	0.04	0.2903	0.017021
17816	0.041892	0.2898	0.017375
17817	0.043795	0.2893	0.017724
17818	0.045689	0.2888	0.018066
17819	0.047595	0.2883	0.018402
17820	0.045702	0.28781	0.018731
17821	0.043799	0.28731	0.019055
17822	0.041905	0.28681	0.019372
17823	0.04	0.28631	0.019684
17824	0.059	0.2913	0.016288
17825	0.05664	0.29068	0.016745
17826	0.054261	0.29005	0.017196
17827	0.051896	0.28943	0.017633
17828	0.049514	0.28881	0.018063
17829	0.047125	0.28943	0.017633
17830	0.044754	0.29005	0.017196
17831	0.042367	0.29068	0.016745
17832	0.04	0.2913	0.016288
17833	0.059	0.28531	0.020291
17834	0.056616	0.28594	0.019914
17835	0.054247	0.28656	0.01953
17836	0.051865	0.28718	0.019135
17837	0.0495	0.2878	0.018733
17838	0.047135	0.28718	0.019135
17839	0.044753	0.28656	0.01953
17840	0.042384	0.28594	0.019914
17841	0.04	0.28531	0.020291
17842	0.051422	0.28831	0.0184
17843	0.053323	0.28881	0.018063
17844	0.055213	0.2893	0.017723
17845	0.057112	0.2898	0.017374
17846	0.059	0.2903	0.017021
17847	0.059	0.28632	0.019675
17848	0.0571	0.28682	0.019364
17849	0.055209	0.28732	0.019049
17850	0.05331	0.28781	0.018726
17851	0.04	0.2903	0.018248
17852	0.04	0.2913	0.017531
17853	0.04	0.28631	0.020857
17854	0.04	0.28531	0.021452
17855	0.059	0.2913	0.017531
17856	0.059	0.2903	0.018248
17857	0.059	0.28531	0.021452
17858	0.059	0.28632	0.020848
17859	0.0571	0.28682	0.020543
17860	0.055209	0.28732	0.020234
17861	0.05331	0.28781	0.019918
17862	0.051422	0.28831	0.019598
17863	0.053323	0.28881	0.019269
17864	0.055213	0.2893	0.018935
17865	0.057112	0.2898	0.018594
17866	0.047134	0.28718	0.020319
17867	0.044753	0.28656	0.020706
17868	0.042384	0.28594	0.021082
17869	0.0495	0.2878	0.019925
17870	0.056616	0.28594	0.021082
17871	0.054247	0.28656	0.020706
17872	0.051866	0.28718	0.020319
17873	0.047125	0.28943	0.018847
17874	0.044754	0.29005	0.018419
17875	0.042367	0.29068	0.017978
17876	0.049514	0.28881	0.019269
17877	0.05664	0.29068	0.017978
17878	0.05426	0.29005	0.018419
17879	0.051896	0.28943	0.018847
17880	0.045702	0.28781	0.019923
17881	0.043799	0.28731	0.02024
17882	0.041905	0.28681	0.020551
17883	0.047595	0.2883	0.019601
17884	0.041892	0.2898	0.018595
17885	0.043795	0.2893	0.018937
17886	0.04569	0.2888	0.019271
17887	0.019	0.016325	0.021234
17888	0.01711	0.016819	0.021508
17889	0.015212	0.017316	0.021778
17890	0.013321	0.017811	0.022042
17891	0.011422	0.018308	0.022301
17892	0.013312	0.018804	0.022555
17893	0.01521	0.019302	0.022805
17894	0.017101	0.019798	0.023049
17895	0.019	0.020296	0.023289
17896	0.0095141	0.018807	0.022557
17897	0.0071424	0.019427	0.022867
17898	0.0047588	0.020051	0.023172
17899	0.002385	0.020672	0.023467
17900	0.0	0.021296	0.023757
17901	0.019	0.021296	0.023757
17902	0.016622	0.020672	0.023467
17903	0.014255	0.020051	0.023172
17904	0.011879	0.019427	0.022867
17905	0.0075949	0.018303	0.022299
17906	0.0056914	0.017804	0.022038
17907	0.0037961	0.017306	0.021773
17908	0.0018938	0.016807	0.021502
17909	-7.8139e-18	0.01631	0.021226
17910	0.0	0.020296	0.023289
17911	0.001903	0.019797	0.023049
17912	0.0037987	0.019299	0.022804
17913	0.0057007	0.0188	0.022553
17914	0.0095	0.017803	0.022038
17915	0.0071173	0.017178	0.021704
17916	0.0047478	0.016556	0.021363
17917	0.0023669	0.015931	0.021013
17918	0.0	0.01531	0.020656
17919	0.019	0.01531	0.020656
17920	0.016633	0.015931	0.021013
17921	0.014252	0.016556	0.021363
17922	0.011883	0.017178	0.021704
17923	0.019	0.020296	0.024396
17924	0.019	0.021296	0.024855
17925	0.019	0.016325	0.022378
17926	0.019	0.01531	0.02181
17927	0.0	0.021296	0.024855
17928	0.0	0.020296	0.024396
17929	-7.8139e-18	0.01631	0.02237
17930	0.0	0.01531	0.02181
17931	0.016633	0.015931	0.02216
17932	0.014252	0.016556	0.022504
17933	0.011883	0.017178	0.022838
17934	0.0095	0.017803	0.023166
17935	0.0071173	0.017178	0.022838
17936	0.0047479	0.016556	0.022504
17937	0.002367	0.015931	0.02216
17938	0.001903	0.019797	0.024159
17939	0.0037986	0.019299	0.023919
17940	0.0057006	0.0188	0.023673
17941	0.0075949	0.018303	0.023423
17942	0.0056914	0.017804	0.023166
17943	0.0037961	0.017306	0.022906
17944	0.0018938	0.016807	0.02264
17945	0.016622	0.020672	0.02457
17946	0.014255	0.020051	0.02428
17947	0.011879	0.019427	0.023981
17948	0.0095141	0.018807	0.023676
17949	0.0071423	0.019427	0.023981
17950	0.0047588	0.020051	0.02428
17951	0.0023849	0.020672	0.02457
17952	0.013312	0.018804	0.023674
17953	0.01521	0.019302	0.02392
17954	0.017101	0.019798	0.02416
17955	0.011422	0.018308	0.023425
17956	0.01711	0.016819	0.022646
17957	0.015212	0.017316	0.022911
17958	0.013321	0.017811	0.02317
17959	0.031422	0.018308	0.022301
17960	0.033312	0.018804	0.022555
17961	0.03521	0.019302	0.022805
17962	0.037101	0.019798	0.023049
17963	0.039	0.020296	0.023289
17964	0.039	0.016325	0.021234
17965	0.03711	0.016819	0.021508
17966	0.035212	0.017316	0.021778
17967	0.033321	0.017811	0.022042
17968	0.039	0.01531	0.020656
17969	0.036633	0.015931	0.021013
17970	0.034252	0.016556	0.021363
17971	0.031883	0.017178	0.021704
17972	0.0295	0.017803	0.022038
17973	0.027117	0.017178	0.021704
17974	0.024748	0.016556	0.021363
17975	0.022367	0.015931	0.021013
17976	0.02	0.01531	0.020656
17977	0.039	0.021296	0.023757
17978	0.036622	0.020672	0.023467
17979	0.034255	0.020051	0.023172
17980	0.031879	0.019427	0.022867
17981	0.029514	0.018807	0.022557
17982	0.027142	0.019427	0.022867
17983	0.024759	0.020051	0.023172
17984	0.022385	0.020672	0.023467
17985	0.02	0.021296	0.023757
17986	0.02	0.020296	0.023289
17987	0.021903	0.019797	0.023049
17988	0.023799	0.019299	0.022804
17989	0.025701	0.0188	0.022553
17990	0.027595	0.018303	0.022299
17991	0.025691	0.017804	0.022038
17992	0.023796	0.017306	0.021773
17993	0.021894	0.016807	0.021502
17994	0.02	0.01631	0.021226
17995	0.039	0.020296	0.024396
17996	0.039	0.021296	0.024855
17997	0.039	0.016325	0.022378
17998	0.039	0.01531	0.02181
17999	0.02	0.021296	0.024855
18000	0.02	0.020296	0.024396
18001	0.02	0.01531	0.02181
18002	0.02	0.01631	0.02237
18003	0.025691	0.017804	0.023166
18004	0.023796	0.017306	0.022906
18005	0.021894	0.016807	0.02264
18006	0.027595	0.018303	0.023423
18007	0.021903	0.019797	0.024159
18008	0.023799	0.019299	0.023919
18009	0.025701	0.0188	0.023673
18010	0.027142	0.019427	0.023981
18011	0.024759	0.020051	0.02428
18012	0.022385	0.020672	0.02457
18013	0.029514	0.018807	0.023676
18014	0.036622	0.020672	0.02457
18015	0.034255	0.020051	0.02428
18016	0.031879	0.019427	0.023981
18017	0.027117	0.017178	0.022838
18018	0.024748	0.016556	0.022504
18019	0.022367	0.015931	0.02216
18020	0.0295	0.017803	0.023166
18021	0.036633	0.015931	0.02216
18022	0.034252	0.016556	0.022504
18023	0.031883	0.017178	0.022838
18024	0.03711	0.016819	0.022646
18025	0.035212	0.017316	0.022911
18026	0.033321	0.017811	0.02317
18027	0.031422	0.018308	0.023425
18028	0.033312	0.018804	0.023674
18029	0.03521	0.019302	0.02392
18030	0.037101	0.019798	0.02416
18031	0.051422	0.018308	0.022301
18032	0.053312	0.018804	0.022555
18033	0.05521	0.019302	0.022805
18034	0.057101	0.019798	0.023049
18035	0.059	0.020296	0.023289
18036	0.059	0.016325	0.021234
18037	0.05711	0.016819	0.021508
18038	0.055212	0.017316	0.021778
18039	0.053321	0.017811	0.022042
18040	0.059	0.01531	0.020656
18041	0.056633	0.015931	0.021013
18042	0.054252	0.016556	0.021363
18043	0.051883	0.017178	0.021704
18044	0.0495	0.017803	0.022038
18045	0.047117	0.017178	0.021704
18046	0.044748	0.016556	0.021363
18047	0.042367	0.015931	0.021013
18048	0.04	0.01531	0.020656
18049	0.059	0.021296	0.023757
18050	0.056622	0.020672	0.023467
18051	0.054255	0.020051	0.023172
18052	0.051879	0.019427	0.022867
18053	0.049514	0.018807	0.022557
18054	0.047142	0.019427	0.022867
18055	0.044759	0.020051	0.023172
18056	0.042385	0.020672	0.023467
18057	0.04	0.021296	0.023757
18058	0.04	0.020296	0.023289
18059	0.041903	0.019797	0.023049
18060	0.043799	0.019299	0.022804
18061	0.045701	0.0188	0.022553
18062	0.047595	0.018303	0.022299
18063	0.045691	0.017804	0.022038
18064	0.043796	0.017306	0.021773
18065	0.041894	0.016807	0.021502
18066	0.04	0.01631	0.021226
18067	0.059	0.020296	0.024396
18068	0.059	0.021296	0.024855
18069	0.059	0.016325	0.022378
18070	0.059	0.01531	0.02181
18071	0.04	0.021296	0.024855
18072	0.04	0.020296	0.024396
18073	0.04	0.01531	0.02181
18074	0.04	0.01631	0.02237
18075	0.045691	0.017804	0.023166
18076	0.043796	0.017306	0.022906
18077	0.041894	0.016807	0.02264
18078	0.047595	0.018303	0.023423
18079	0.041903	0.019797	0.024159
18080	0.043799	0.019299	0.023919
18081	0.045701	0.0188	0.023673
18082	0.047142	0.019427	0.023981
18083	0.044759	0.020051	0.02428
18084	0.042385	0.020672	0.02457
18085	0.049514	0.018807	0.023676
18086	0.056622	0.020672	0.02457
18087	0.054255	0.020051	0.02428
18088	0.051879	0.019427	0.023981
18089	0.047117	0.017178	0.022838
18090	0.044748	0.016556	0.022504
18091	0.042367	0.015931	0.02216
18092	0.0495	0.017803	0.023166
18093	0.056633	0.015931	0.02216
18094	0.054252	0.016556	0.022504
18095	0.051883	0.017178	0.022838
18096	0.05711	0.016819	0.022646
18097	0.055212	0.017316	0.022911
18098	0.053321	0.017811	0.02317
18099	0.051422	0.018308	0.023425
18100	0.053312	0.018804	0.023674
18101	0.05521	0.019302	0.02392
18102	0.057101	0.019798	0.02416
18103	0.011422	0.11831	0.022301
18104	0.013312	0.1188	0.022555
18105	0.01521	0.1193	0.022805
18106	0.017101	0.1198	0.023049
18107	0.019	0.1203	0.023289
18108	0.019	0.11632	0.021234
18109	0.01711	0.11682	0.021508
18110	0.015212	0.11732	0.021778
18111	0.013321	0.11781	0.022042
18112	0.019	0.11531	0.020656
18113	0.016633	0.11593	0.021013
18114	0.014252	0.11656	0.021363
18115	0.011883	0.11718	0.021704
18116	0.0095	0.1178	0.022038
18117	0.0071173	0.11718	0.021704
18118	0.0047478	0.11656	0.021363
18119	0.0023669	0.11593	0.021013
18120	0.0	0.11531	0.020656
18121	0.019	0.1213	0.023757
18122	0.016622	0.12067	0.023467
18123	0.014255	0.12005	0.023172
18124	0.011879	0.11943	0.022867
18125	0.0095141	0.11881	0.022557
18126	0.0071424	0.11943	0.022867
18127	0.0047588	0.12005	0.023172
18128	0.002385	0.12067	0.023467
18129	0.0	0.1213	0.023757
18130	0.0	0.1203	0.023289
18131	0.001903	0.1198	0.023049
18132	0.0037987	0.1193	0.022804
18133	0.0057007	0.1188	0.022553
18134	0.0075949	0.1183	0.022299
18135	0.0056914	0.1178	0.022038
18136	0.0037961	0.11731	0.021773
18137	0.0018938	0.11681	0.021502
18138	-7.8139e-18	0.11631	0.021226
18139	0.019	0.1203	0.024396
18140	0.019	0.1213	0.024855
18141	0.019	0.11632	0.022378
18142	0.019	0.11531	0.02181
18143	0.0	0.1213	0.024855
18144	0.0	0.1203	0.024396
18145	0.0	0.11531	0.02181
18146	-7.8139e-18	0.11631	0.02237
18147	0.0056914	0.1178	0.023166
18148	0.0037961	0.11731	0.022906
18149	0.0018938	0.11681	0.02264
18150	0.0075949	0.1183	0.023423
18151	0.001903	0.1198	0.024159
18152	0.0037986	0.1193	0.023919
18153	0.0057006	0.1188	0.023673
18154	0.0071423	0.11943	0.023981
18155	0.0047588	0.12005	0.02428
18156	0.0023849	0.12067	0.02457
18157	0.0095141	0.11881	0.023676
18158	0.016622	0.12067	0.02457
18159	0.014255	0.12005	0.02428
18160	0.011879	0.11943	0.023981
18161	0.0071173	0.11718	0.022838
18162	0.0047479	0.11656	0.022504
18163	0.002367	0.11593	0.02216
18164	0.0095	0.1178	0.023166
18165	0.016633	0.11593	0.02216
18166	0.014252	0.11656	0.022504
18167	0.011883	0.11718	0.022838
18168	0.01711	0.11682	0.022646
18169	0.015212	0.11732	0.022911
18170	0.013321	0.11781	0.02317
18171	0.011422	0.11831	0.023425
18172	0.013312	0.1188	0.023674
18173	0.01521	0.1193	0.02392
18174	0.017101	0.1198	0.02416
18175	0.031422	0.11831	0.022301
18176	0.033312	0.1188	0.022555
18177	0.03521	0.1193	0.022805
18178	0.037101	0.1198	0.023049
18179	0.039	0.1203	0.023289
18180	0.039	0.11632	0.021234
18181	0.03711	0.11682	0.021508
18182	0.035212	0.11732	0.021778
18183	0.033321	0.11781	0.022042
18184	0.039	0.11531	0.020656
18185	0.036633	0.11593	0.021013
18186	0.034252	0.11656	0.021363
18187	0.031883	0.11718	0.021704
18188	0.0295	0.1178	0.022038
18189	0.027117	0.11718	0.021704
18190	0.024748	0.11656	0.021363
18191	0.022367	0.11593	0.021013
18192	0.02	0.11531	0.020656
18193	0.039	0.1213	0.023757
18194	0.036622	0.12067	0.023467
18195	0.034255	0.12005	0.023172
18196	0.031879	0.11943	0.022867
18197	0.029514	0.11881	0.022557
18198	0.027142	0.11943	0.022867
18199	0.024759	0.12005	0.023172
18200	0.022385	0.12067	0.023467
18201	0.02	0.1213	0.023757
18202	0.02	0.1203	0.023289
18203	0.021903	0.1198	0.023049
18204	0.023799	0.1193	0.022804
18205	0.025701	0.1188	0.022553
18206	0.027595	0.1183	0.022299
18207	0.025691	0.1178	0.022038
18208	0.023796	0.11731	0.021773
18209	0.021894	0.11681	0.021502
18210	0.02	0.11631	0.021226
18211	0.039	0.1203	0.024396
18212	0.039	0.1213	0.024855
18213	0.039	0.11632	0.022378
18214	0.039	0.11531	0.02181
18215	0.02	0.1213	0.024855
18216	0.02	0.1203	0.024396
18217	0.02	0.11531	0.02181
18218	0.02	0.11631	0.02237
18219	0.025691	0.1178	0.023166
18220	0.023796	0.11731	0.022906
18221	0.021894	0.11681	0.02264
18222	0.027595	0.1183	0.023423
18223	0.021903	0.1198	0.024159
18224	0.023799	0.1193	0.023919
18225	0.025701	0.1188	0.023673
18226	0.027142	0.11943	0.023981
18227	0.024759	0.12005	0.02428
18228	0.022385	0.12067	0.02457
18229	0.029514	0.11881	0.023676
18230	0.036622	0.12067	0.02457
18231	0.034255	0.12005	0.02428
18232	0.031879	0.11943	0.023981
18233	0.027117	0.11718	0.022838
18234	0.024748	0.11656	0.022504
18235	0.022367	0.11593	0.02216
18236	0.0295	0.1178	0.023166
18237	0.036633	0.11593	0.02216
18238	0.034252	0.11656	0.022504
18239	0.031883	0.11718	0.022838
18240	0.03711	0.11682	0.022646
18241	0.035212	0.11732	0.022911
18242	0.033321	0.11781	0.02317
18243	0.031422	0.11831	0.023425
18244	0.033312	0.1188	0.023674
18245	0.03521	0.1193	0.02392
18246	0.037101	0.1198	0.02416
18247	0.051422	0.11831	0.022301
18248	0.053312	0.1188	0.022555
18249	0.05521	0.1193	0.022805
18250	0.057101	0.1198	0.023049
18251	0.059	0.1203	0.023289
18252	0.059	0.11632	0.021234
18253	0.05711	0.11682	0.021508
18254	0.055212	0.11732	0.021778
18255	0.053321	0.11781	0.022042
18256	0.059	0.11531	0.020656
18257	0.056633	0.11593	0.021013
18258	0.054252	0.11656	0.021363
18259	0.051883	0.11718	0.021704
18260	0.0495	0.1178	0.022038
18261	0.047117	0.11718	0.021704
18262	0.044748	0.11656	0.021363
18263	0.042367	0.11593	0.021013
18264	0.04	0.11531	0.020656
18265	0.059	0.1213	0.023757
18266	0.056622	0.12067	0.023467
18267	0.054255	0.12005	0.023172
18268	0.051879	0.11943	0.022867
18269	0.049514	0.11881	0.022557
18270	0.047142	0.11943	0.022867
18271	0.044759	0.12005	0.023172
18272	0.042385	0.12067	0.023467
18273	0.04	0.1213	0.023757
18274	0.04	0.1203	0.023289
18275	0.041903	0.1198	0.023049
18276	0.043799	0.1193	0.022804
18277	0.045701	0.1188	0.022553
18278	0.047595	0.1183	0.022299
18279	0.045691	0.1178	0.022038
18280	0.043796	0.11731	0.021773
18281	0.041894	0.11681	0.021502
18282	0.04	0.11631	0.021226
18283	0.059	0.1203	0.024396
18284	0.059	0.1213	0.024855
18285	0.059	0.11632	0.022378
18286	0.059	0.11531	0.02181
18287	0.04	0.1213	0.024855
18288	0.04	0.1203	0.024396
18289	0.04	0.11531	0.02181
18290	0.04	0.11631	0.02237
18291	0.045691	0.1178	0.023166
18292	0.043796	0.11731	0.022906
18293	0.041894	0.11681	0.02264
18294	0.047595	0.1183	0.023423
18295	0.041903	0.1198	0.024159
18296	0.043799	0.1193	0.023919
18297	0.045701	0.1188	0.023673
18298	0.047142	0.11943	0.023981
18299	0.044759	0.12005	0.02428
18300	0.042385	0.12067	0.02457
18301	0.049514	0.11881	0.023676
18302	0.056622	0.12067	0.02457
18303	0.054255	0.12005	0.02428
18304	0.051879	0.11943	0.023981
18305	0.047117	0.11718	0.022838
18306	0.044748	0.11656	0.022504
18307	0.042367	0.11593	0.02216
18308	0.0495	0.1178	0.023166
18309	0.056633	0.11593	0.02216
18310	0.054252	0.11656	0.022504
18311	0.051883	0.11718	0.022838
18312	0.05711	0.11682	0.022646
18313	0.055212	0.11732	0.022911
18314	0.053321	0.11781	0.02317
18315	0.051422	0.11831	0.023425
18316	0.053312	0.1188	0.023674
18317	0.05521	0.1193	0.02392
18318	0.057101	0.1198	0.02416
18319	0.019	0.21531	0.020656
18320	0.016633	0.21593	0.021013
18321	0.014252	0.21656	0.021363
18322	0.011883	0.21718	0.021704
18323	0.0095	0.2178	0.022038
18324	0.0071173	0.21718	0.021704
18325	0.0047478	0.21656	0.021363
18326	0.0023669	0.21593	0.021013
18327	0.0	0.21531	0.020656
18328	0.0	0.2203	0.023289
18329	0.001903	0.2198	0.023049
18330	0.0037987	0.2193	0.022804
18331	0.0057007	0.2188	0.022553
18332	0.0075949	0.2183	0.022299
18333	0.0056914	0.2178	0.022038
18334	0.0037961	0.21731	0.021773
18335	0.0018938	0.21681	0.021502
18336	-7.8139e-18	0.21631	0.021226
18337	0.019	0.2213	0.023757
18338	0.016622	0.22067	0.023467
18339	0.014255	0.22005	0.023172
18340	0.011879	0.21943	0.022867
18341	0.0095141	0.21881	0.022557
18342	0.0071424	0.21943	0.022867
18343	0.0047588	0.22005	0.023172
18344	0.002385	0.22067	0.023467
18345	0.0	0.2213	0.023757
18346	0.011422	0.21831	0.022301
18347	0.013312	0.2188	0.022555
18348	0.01521	0.2193	0.022805
18349	0.017101	0.2198	0.023049
18350	0.019	0.2203	0.023289
18351	0.019	0.21632	0.021234
18352	0.01711	0.21682	0.021508
18353	0.015212	0.21732	0.021778
18354	0.013321	0.21781	0.022042
18355	0.0	0.2203	0.024396
18356	0.0	0.2213	0.024855
18357	0.019	0.21531	0.02181
18358	0.019	0.21632	0.022378
18359	0.019	0.2213	0.024855
18360	0.019	0.2203	0.024396
18361	0.0	0.21531	0.02181
18362	-7.8139e-18	0.21631	0.02237
18363	0.01711	0.21682	0.022646
18364	0.015212	0.21732	0.022911
18365	0.013321	0.21781	0.02317
18366	0.011422	0.21831	0.023425
18367	0.013312	0.2188	0.023674
18368	0.01521	0.2193	0.02392
18369	0.017101	0.2198	0.02416
18370	0.0071423	0.21943	0.023981
18371	0.0047588	0.22005	0.02428
18372	0.0023849	0.22067	0.02457
18373	0.0095141	0.21881	0.023676
18374	0.016622	0.22067	0.02457
18375	0.014255	0.22005	0.02428
18376	0.011879	0.21943	0.023981
18377	0.0056914	0.2178	0.023166
18378	0.0037961	0.21731	0.022906
18379	0.0018938	0.21681	0.02264
18380	0.0075949	0.2183	0.023423
18381	0.001903	0.2198	0.024159
18382	0.0037986	0.2193	0.023919
18383	0.0057006	0.2188	0.023673
18384	0.0071173	0.21718	0.022838
18385	0.0047479	0.21656	0.022504
18386	0.002367	0.21593	0.02216
18387	0.0095	0.2178	0.023166
18388	0.016633	0.21593	0.02216
18389	0.014252	0.21656	0.022504
18390	0.011883	0.21718	0.022838
18391	0.031422	0.21831	0.022301
18392	0.033312	0.2188	0.022555
18393	0.03521	0.2193	0.022805
18394	0.037101	0.2198	0.023049
18395	0.039	0.2203	0.023289
18396	0.039	0.21632	0.021234
18397	0.03711	0.21682	0.021508
18398	0.035212	0.21732	0.021778
18399	0.033321	0.21781	0.022042
18400	0.039	0.21531	0.020656
18401	0.036633	0.21593	0.021013
18402	0.034252	0.21656	0.021363
18403	0.031883	0.21718	0.021704
18404	0.0295	0.2178	0.022038
18405	0.027117	0.21718	0.021704
18406	0.024748	0.21656	0.021363
18407	0.022367	0.21593	0.021013
18408	0.02	0.21531	0.020656
18409	0.039	0.2213	0.023757
18410	0.036622	0.22067	0.023467
18411	0.034255	0.22005	0.023172
18412	0.031879	0.21943	0.022867
18413	0.029514	0.21881	0.022557
18414	0.027142	0.21943	0.022867
18415	0.024759	0.22005	0.023172
18416	0.022385	0.22067	0.023467
18417	0.02	0.2213	0.023757
18418	0.02	0.2203	0.023289
18419	0.021903	0.2198	0.023049
18420	0.023799	0.2193	0.022804
18421	0.025701	0.2188	0.022553
18422	0.027595	0.2183	0.022299
18423	0.025691	0.2178	0.022038
18424	0.023796	0.21731	0.021773
18425	0.021894	0.21681	0.021502
18426	0.02	0.21631	0.021226
18427	0.039	0.2203	0.024396
18428	0.039	0.2213	0.024855
18429	0.039	0.21632	0.022378
18430	0.039	0.21531	0.02181
18431	0.02	0.2213	0.024855
18432	0.02	0.2203	0.024396
18433	0.02	0.21531	0.02181
18434	0.02	0.21631	0.02237
18435	0.025691	0.2178	0.023166
18436	0.023796	0.21731	0.022906
18437	0.021894	0.21681	0.02264
18438	0.027595	0.2183	0.023423
18439	0.021903	0.2198	0.024159
18440	0.023799	0.2193	0.023919
18441	0.025701	0.2188	0.023673
18442	0.027142	0.21943	0.023981
18443	0.024759	0.22005	0.02428
18444	0.022385	0.22067	0.02457
18445	0.029514	0.21881	0.023676
18446	0.036622	0.22067	0.02457
18447	0.034255	0.22005	0.02428
18448	0.031879	0.21943	0.023981
18449	0.027117	0.21718	0.022838
18450	0.024748	0.21656	0.022504
18451	0.022367	0.21593	0.02216
18452	0.0295	0.2178	0.023166
18453	0.036633	0.21593	0.02216
18454	0.034252	0.21656	0.022504
18455	0.031883	0.21718	0.022838
18456	0.03711	0.21682	0.022646
18457	0.035212	0.21732	0.022911
18458	0.033321	0.21781	0.02317
18459	0.031422	0.21831	0.023425
18460	0.033312	0.2188	0.023674
18461	0.03521	0.2193	0.02392
18462	0.037101	0.2198	0.02416
18463	0.059	0.2203	0.023289
18464	0.059	0.2213	0.023757
18465	0.059	0.21531	0.020656
18466	0.059	0.21632	0.021234
18467	0.04	0.2203	0.023289
18468	0.04	0.2213	0.023757
18469	0.04	0.21531	0.020656
18470	0.04	0.21631	0.021226
18471	0.05711	0.21682	0.021508
18472	0.055212	0.21732	0.021778
18473	0.053321	0.21781	0.022042
18474	0.051422	0.21831	0.022301
18475	0.053312	0.2188	0.022555
18476	0.05521	0.2193	0.022805
18477	0.057101	0.2198	0.023049
18478	0.049514	0.21881	0.022557
18479	0.047142	0.21943	0.022867
18480	0.044759	0.22005	0.023172
18481	0.042385	0.22067	0.023467
18482	0.056622	0.22067	0.023467
18483	0.054255	0.22005	0.023172
18484	0.051879	0.21943	0.022867
18485	0.047595	0.2183	0.022299
18486	0.045691	0.2178	0.022038
18487	0.043796	0.21731	0.021773
18488	0.041894	0.21681	0.021502
18489	0.041903	0.2198	0.023049
18490	0.043799	0.2193	0.022804
18491	0.045701	0.2188	0.022553
18492	0.0495	0.2178	0.022038
18493	0.047117	0.21718	0.021704
18494	0.044748	0.21656	0.021363
18495	0.042367	0.21593	0.021013
18496	0.056633	0.21593	0.021013
18497	0.054252	0.21656	0.021363
18498	0.051883	0.21718	0.021704
18499	0.056633	0.21593	0.02216
18500	0.054252	0.21656	0.022504
18501	0.051883	0.21718	0.022838
18502	0.059	0.21531	0.02181
18503	0.0495	0.2178	0.023166
18504	0.047117	0.21718	0.022838
18505	0.044748	0.21656	0.022504
18506	0.042367	0.21593	0.02216
18507	0.04	0.21531	0.02181
18508	0.041903	0.2198	0.024159
18509	0.043799	0.2193	0.023919
18510	0.045701	0.2188	0.023673
18511	0.04	0.2203	0.024396
18512	0.047595	0.2183	0.023423
18513	0.045691	0.2178	0.023166
18514	0.043796	0.21731	0.022906
18515	0.041894	0.21681	0.02264
18516	0.04	0.21631	0.02237
18517	0.056622	0.22067	0.02457
18518	0.054255	0.22005	0.02428
18519	0.051879	0.21943	0.023981
18520	0.059	0.2213	0.024855
18521	0.049514	0.21881	0.023676
18522	0.047142	0.21943	0.023981
18523	0.044759	0.22005	0.02428
18524	0.042385	0.22067	0.02457
18525	0.04	0.2213	0.024855
18526	0.053312	0.2188	0.023674
18527	0.05521	0.2193	0.02392
18528	0.057101	0.2198	0.02416
18529	0.059	0.2203	0.024396
18530	0.051422	0.21831	0.023425
18531	0.05711	0.21682	0.022646
18532	0.055212	0.21732	0.022911
18533	0.053321	0.21781	0.02317
18534	0.059	0.21632	0.022378
18535	0.019	0.079325	0.023469
18536	0.017101	0.079821	0.023233
18537	0.01521	0.080316	0.022993
18538	0.013312	0.080813	0.022748
18539	0.011422	0.081308	0.022499
18540	0.013321	0.081806	0.022242
18541	0.015212	0.082302	0.021982
18542	0.01711	0.0828	0.021715
18543	0.019	0.083296	0.021445
18544	0.0095141	0.081807	0.022242
18545	0.007128	0.082431	0.021914
18546	0.0047547	0.083052	0.021579
18547	0.0023706	0.083676	0.021234
18548	0.0	0.084296	0.020883
18549	0.019	0.084296	0.020883
18550	0.016636	0.083676	0.021234
18551	0.014259	0.083052	0.021579
18552	0.011893	0.082431	0.021914
18553	0.0075949	0.081303	0.022501
18554	0.0057006	0.080806	0.022752
18555	0.0037987	0.080307	0.022998
18556	0.001903	0.079809	0.023239
18557	-7.8139e-18	0.07931	0.023476
18558	1.3878e-17	0.083296	0.021445
18559	0.0018938	0.082799	0.021716
18560	0.0037961	0.0823	0.021983
18561	0.0056915	0.081803	0.022244
18562	0.0095	0.080803	0.022753
18563	0.0071317	0.080182	0.023059
18564	0.0047518	0.079557	0.023359
18565	0.0023813	0.078935	0.02365
18566	0.0	0.07831	0.023935
18567	0.019	0.07831	0.023935
18568	0.016619	0.078935	0.02365
18569	0.014248	0.079557	0.023359
18570	0.011868	0.080182	0.023059
18571	0.019	0.083296	0.022584
18572	0.019	0.084296	0.022033
18573	0.019	0.079325	0.024572
18574	0.019	0.07831	0.02503
18575	0.0	0.084296	0.022033
18576	0.0	0.083296	0.022584
18577	-7.8139e-18	0.07931	0.024579
18578	0.0	0.07831	0.02503
18579	0.016619	0.078935	0.02475
18580	0.014248	0.079557	0.024464
18581	0.011868	0.080182	0.024169
18582	0.0095	0.080803	0.023869
18583	0.0071316	0.080182	0.024169
18584	0.0047518	0.079557	0.024464
18585	0.0023813	0.078935	0.02475
18586	0.0018939	0.082799	0.02285
18587	0.0037961	0.0823	0.023113
18588	0.0056915	0.081803	0.023369
18589	0.0075949	0.081303	0.023621
18590	0.0057005	0.080806	0.023867
18591	0.0037986	0.080307	0.024109
18592	0.0019029	0.079809	0.024346
18593	0.016636	0.083676	0.022377
18594	0.014259	0.083052	0.022716
18595	0.011893	0.082431	0.023044
18596	0.0095141	0.081807	0.023367
18597	0.0071281	0.082431	0.023044
18598	0.0047548	0.083052	0.022716
18599	0.0023706	0.083676	0.022377
18600	0.013321	0.081806	0.023367
18601	0.015212	0.082302	0.023111
18602	0.01711	0.0828	0.02285
18603	0.011422	0.081308	0.023619
18604	0.017101	0.079821	0.02434
18605	0.01521	0.080316	0.024105
18606	0.013312	0.080813	0.023864
18607	0.039	0.084296	0.020883
18608	0.036636	0.083676	0.021234
18609	0.034259	0.083052	0.021579
18610	0.031893	0.082431	0.021914
18611	0.029514	0.081807	0.022242
18612	0.027128	0.082431	0.021914
18613	0.024755	0.083052	0.021579
18614	0.022371	0.083676	0.021234
18615	0.02	0.084296	0.020883
18616	0.02	0.083296	0.021445
18617	0.021894	0.082799	0.021716
18618	0.023796	0.0823	0.021983
18619	0.025691	0.081803	0.022244
18620	0.027595	0.081303	0.022501
18621	0.025701	0.080806	0.022752
18622	0.023799	0.080307	0.022998
18623	0.021903	0.079809	0.023239
18624	0.02	0.07931	0.023476
18625	0.031422	0.081308	0.022499
18626	0.033321	0.081806	0.022242
18627	0.035212	0.082302	0.021982
18628	0.03711	0.0828	0.021715
18629	0.039	0.083296	0.021445
18630	0.039	0.079325	0.023469
18631	0.037101	0.079821	0.023233
18632	0.03521	0.080316	0.022993
18633	0.033312	0.080813	0.022748
18634	0.039	0.07831	0.023935
18635	0.036619	0.078935	0.02365
18636	0.034248	0.079557	0.023359
18637	0.031868	0.080182	0.023059
18638	0.0295	0.080803	0.022753
18639	0.027132	0.080182	0.023059
18640	0.024752	0.079557	0.023359
18641	0.022381	0.078935	0.02365
18642	0.02	0.07831	0.023935
18643	0.039	0.079325	0.024572
18644	0.039	0.07831	0.02503
18645	0.039	0.084296	0.022033
18646	0.039	0.083296	0.022584
18647	0.02	0.07931	0.024579
18648	0.02	0.07831	0.02503
18649	0.02	0.084296	0.022033
18650	0.02	0.083296	0.022584
18651	0.027132	0.080182	0.024169
18652	0.024752	0.079557	0.024464
18653	0.022381	0.078935	0.02475
18654	0.0295	0.080803	0.023869
18655	0.036619	0.078935	0.02475
18656	0.034248	0.079557	0.024464
18657	0.031868	0.080182	0.024169
18658	0.037101	0.079821	0.02434
18659	0.03521	0.080316	0.024105
18660	0.033312	0.080813	0.023864
18661	0.031422	0.081308	0.023619
18662	0.033321	0.081806	0.023367
18663	0.035212	0.082302	0.023111
18664	0.03711	0.0828	0.02285
18665	0.025701	0.080806	0.023867
18666	0.023799	0.080307	0.024109
18667	0.021903	0.079809	0.024346
18668	0.027595	0.081303	0.023621
18669	0.021894	0.082799	0.02285
18670	0.023796	0.0823	0.023113
18671	0.025692	0.081803	0.023369
18672	0.027128	0.082431	0.023044
18673	0.024755	0.083052	0.022716
18674	0.022371	0.083676	0.022377
18675	0.029514	0.081807	0.023367
18676	0.036636	0.083676	0.022377
18677	0.034259	0.083052	0.022716
18678	0.031893	0.082431	0.023044
18679	0.059	0.084296	0.020883
18680	0.056636	0.083676	0.021234
18681	0.054259	0.083052	0.021579
18682	0.051893	0.082431	0.021914
18683	0.049514	0.081807	0.022242
18684	0.047128	0.082431	0.021914
18685	0.044755	0.083052	0.021579
18686	0.042371	0.083676	0.021234
18687	0.04	0.084296	0.020883
18688	0.04	0.083296	0.021445
18689	0.041894	0.082799	0.021716
18690	0.043796	0.0823	0.021983
18691	0.045691	0.081803	0.022244
18692	0.047595	0.081303	0.022501
18693	0.045701	0.080806	0.022752
18694	0.043799	0.080307	0.022998
18695	0.041903	0.079809	0.023239
18696	0.04	0.07931	0.023476
18697	0.051422	0.081308	0.022499
18698	0.053321	0.081806	0.022242
18699	0.055212	0.082302	0.021982
18700	0.05711	0.0828	0.021715
18701	0.059	0.083296	0.021445
18702	0.059	0.079325	0.023469
18703	0.057101	0.079821	0.023233
18704	0.05521	0.080316	0.022993
18705	0.053312	0.080813	0.022748
18706	0.059	0.07831	0.023935
18707	0.056619	0.078935	0.02365
18708	0.054248	0.079557	0.023359
18709	0.051868	0.080182	0.023059
18710	0.0495	0.080803	0.022753
18711	0.047132	0.080182	0.023059
18712	0.044752	0.079557	0.023359
18713	0.042381	0.078935	0.02365
18714	0.04	0.07831	0.023935
18715	0.059	0.079325	0.024572
18716	0.059	0.07831	0.02503
18717	0.059	0.084296	0.022033
18718	0.059	0.083296	0.022584
18719	0.04	0.07931	0.024579
18720	0.04	0.07831	0.02503
18721	0.04	0.084296	0.022033
18722	0.04	0.083296	0.022584
18723	0.047132	0.080182	0.024169
18724	0.044752	0.079557	0.024464
18725	0.042381	0.078935	0.02475
18726	0.0495	0.080803	0.023869
18727	0.056619	0.078935	0.02475
18728	0.054248	0.079557	0.024464
18729	0.051868	0.080182	0.024169
18730	0.057101	0.079821	0.02434
18731	0.05521	0.080316	0.024105
18732	0.053312	0.080813	0.023864
18733	0.051422	0.081308	0.023619
18734	0.053321	0.081806	0.023367
18735	0.055212	0.082302	0.023111
18736	0.05711	0.0828	0.02285
18737	0.045701	0.080806	0.023867
18738	0.043799	0.080307	0.024109
18739	0.041903	0.079809	0.024346
18740	0.047595	0.081303	0.023621
18741	0.041894	0.082799	0.02285
18742	0.043796	0.0823	0.023113
18743	0.045692	0.081803	0.023369
18744	0.047128	0.082431	0.023044
18745	0.044755	0.083052	0.022716
18746	0.042371	0.083676	0.022377
18747	0.049514	0.081807	0.023367
18748	0.056636	0.083676	0.022377
18749	0.054259	0.083052	0.022716
18750	0.051893	0.082431	0.023044
18751	0.019	0.1843	0.020883
18752	0.016636	0.18368	0.021234
18753	0.014259	0.18305	0.021579
18754	0.011893	0.18243	0.021914
18755	0.0095141	0.18181	0.022242
18756	0.007128	0.18243	0.021914
18757	0.0047549	0.18305	0.021579
18758	0.0023706	0.18368	0.021234
18759	0.0	0.1843	0.020883
18760	0.0	0.1833	0.021445
18761	0.0018938	0.1828	0.021716
18762	0.0037961	0.1823	0.021983
18763	0.0056915	0.1818	0.022244
18764	0.0075949	0.1813	0.022501
18765	0.0057006	0.18081	0.022752
18766	0.0037986	0.18031	0.022998
18767	0.001903	0.17981	0.023239
18768	-7.8139e-18	0.17931	0.023476
18769	0.011422	0.18131	0.022499
18770	0.013321	0.18181	0.022242
18771	0.015212	0.1823	0.021982
18772	0.01711	0.1828	0.021715
18773	0.019	0.1833	0.021445
18774	0.019	0.17932	0.023469
18775	0.017101	0.17982	0.023233
18776	0.01521	0.18032	0.022993
18777	0.013312	0.18081	0.022748
18778	0.019	0.17831	0.023935
18779	0.016619	0.17893	0.02365
18780	0.014248	0.17956	0.023359
18781	0.011868	0.18018	0.023059
18782	0.0095	0.1808	0.022753
18783	0.0071317	0.18018	0.023059
18784	0.0047518	0.17956	0.023359
18785	0.0023813	0.17893	0.02365
18786	0.0	0.17831	0.023935
18787	0.0	0.1843	0.022033
18788	0.0	0.1833	0.022584
18789	-7.8139e-18	0.17931	0.024579
18790	0.0	0.17831	0.02503
18791	0.019	0.1843	0.022033
18792	0.019	0.1833	0.022584
18793	0.019	0.17932	0.024572
18794	0.019	0.17831	0.02503
18795	0.0071316	0.18018	0.024169
18796	0.0047517	0.17956	0.024464
18797	0.0023813	0.17893	0.02475
18798	0.0095	0.1808	0.023869
18799	0.016619	0.17893	0.02475
18800	0.014248	0.17956	0.024464
18801	0.011868	0.18018	0.024169
18802	0.017101	0.17982	0.02434
18803	0.01521	0.18032	0.024105
18804	0.013312	0.18081	0.023864
18805	0.011422	0.18131	0.023619
18806	0.013321	0.18181	0.023367
18807	0.015212	0.1823	0.023111
18808	0.01711	0.1828	0.02285
18809	0.0057005	0.18081	0.023867
18810	0.0037986	0.18031	0.024109
18811	0.0019029	0.17981	0.024346
18812	0.0075949	0.1813	0.023621
18813	0.0018939	0.1828	0.02285
18814	0.0037962	0.1823	0.023113
18815	0.0056915	0.1818	0.023369
18816	0.0071281	0.18243	0.023044
18817	0.004755	0.18305	0.022716
18818	0.0023706	0.18368	0.022377
18819	0.0095141	0.18181	0.023367
18820	0.016636	0.18368	0.022377
18821	0.014259	0.18305	0.022716
18822	0.011893	0.18243	0.023044
18823	0.039	0.1843	0.020883
18824	0.036636	0.18368	0.021234
18825	0.034259	0.18305	0.021579
18826	0.031893	0.18243	0.021914
18827	0.029514	0.18181	0.022242
18828	0.027128	0.18243	0.021914
18829	0.024755	0.18305	0.021579
18830	0.022371	0.18368	0.021234
18831	0.02	0.1843	0.020883
18832	0.02	0.1833	0.021445
18833	0.021894	0.1828	0.021716
18834	0.023796	0.1823	0.021983
18835	0.025691	0.1818	0.022244
18836	0.027595	0.1813	0.022501
18837	0.025701	0.18081	0.022752
18838	0.023799	0.18031	0.022998
18839	0.021903	0.17981	0.023239
18840	0.02	0.17931	0.023476
18841	0.031422	0.18131	0.022499
18842	0.033321	0.18181	0.022242
18843	0.035212	0.1823	0.021982
18844	0.03711	0.1828	0.021715
18845	0.039	0.1833	0.021445
18846	0.039	0.17932	0.023469
18847	0.037101	0.17982	0.023233
18848	0.03521	0.18032	0.022993
18849	0.033312	0.18081	0.022748
18850	0.039	0.17831	0.023935
18851	0.036619	0.17893	0.02365
18852	0.034248	0.17956	0.023359
18853	0.031868	0.18018	0.023059
18854	0.0295	0.1808	0.022753
18855	0.027132	0.18018	0.023059
18856	0.024752	0.17956	0.023359
18857	0.022381	0.17893	0.02365
18858	0.02	0.17831	0.023935
18859	0.02	0.1843	0.022033
18860	0.02	0.1833	0.022584
18861	0.02	0.17931	0.024579
18862	0.02	0.17831	0.02503
18863	0.039	0.1843	0.022033
18864	0.039	0.1833	0.022584
18865	0.039	0.17932	0.024572
18866	0.039	0.17831	0.02503
18867	0.027132	0.18018	0.024169
18868	0.024752	0.17956	0.024464
18869	0.022381	0.17893	0.02475
18870	0.0295	0.1808	0.023869
18871	0.036619	0.17893	0.02475
18872	0.034248	0.17956	0.024464
18873	0.031868	0.18018	0.024169
18874	0.037101	0.17982	0.02434
18875	0.03521	0.18032	0.024105
18876	0.033312	0.18081	0.023864
18877	0.031422	0.18131	0.023619
18878	0.033321	0.18181	0.023367
18879	0.035212	0.1823	0.023111
18880	0.03711	0.1828	0.02285
18881	0.025701	0.18081	0.023867
18882	0.023799	0.18031	0.024109
18883	0.021903	0.17981	0.024346
18884	0.027595	0.1813	0.023621
18885	0.021894	0.1828	0.02285
18886	0.023796	0.1823	0.023113
18887	0.025692	0.1818	0.023369
18888	0.027128	0.18243	0.023044
18889	0.024755	0.18305	0.022716
18890	0.022371	0.18368	0.022377
18891	0.029514	0.18181	0.023367
18892	0.036636	0.18368	0.022377
18893	0.034259	0.18305	0.022716
18894	0.031893	0.18243	0.023044
18895	0.059	0.1843	0.020883
18896	0.056636	0.18368	0.021234
18897	0.054259	0.18305	0.021579
18898	0.051893	0.18243	0.021914
18899	0.049514	0.18181	0.022242
18900	0.047128	0.18243	0.021914
18901	0.044755	0.18305	0.021579
18902	0.042371	0.18368	0.021234
18903	0.04	0.1843	0.020883
18904	0.04	0.1833	0.021445
18905	0.041894	0.1828	0.021716
18906	0.043796	0.1823	0.021983
18907	0.045691	0.1818	0.022244
18908	0.047595	0.1813	0.022501
18909	0.045701	0.18081	0.022752
18910	0.043799	0.18031	0.022998
18911	0.041903	0.17981	0.023239
18912	0.04	0.17931	0.023476
18913	0.051422	0.18131	0.022499
18914	0.053321	0.18181	0.022242
18915	0.055212	0.1823	0.021982
18916	0.05711	0.1828	0.021715
18917	0.059	0.1833	0.021445
18918	0.059	0.17932	0.023469
18919	0.057101	0.17982	0.023233
18920	0.05521	0.18032	0.022993
18921	0.053312	0.18081	0.022748
18922	0.059	0.17831	0.023935
18923	0.056619	0.17893	0.02365
18924	0.054248	0.17956	0.023359
18925	0.051868	0.18018	0.023059
18926	0.0495	0.1808	0.022753
18927	0.047132	0.18018	0.023059
18928	0.044752	0.17956	0.023359
18929	0.042381	0.17893	0.02365
18930	0.04	0.17831	0.023935
18931	0.04	0.1843	0.022033
18932	0.04	0.1833	0.022584
18933	0.04	0.17931	0.024579
18934	0.04	0.17831	0.02503
18935	0.059	0.1843	0.022033
18936	0.059	0.1833	0.022584
18937	0.059	0.17932	0.024572
18938	0.059	0.17831	0.02503
18939	0.047132	0.18018	0.024169
18940	0.044752	0.17956	0.024464
18941	0.042381	0.17893	0.02475
18942	0.0495	0.1808	0.023869
18943	0.056619	0.17893	0.02475
18944	0.054248	0.17956	0.024464
18945	0.051868	0.18018	0.024169
18946	0.057101	0.17982	0.02434
18947	0.05521	0.18032	0.024105
18948	0.053312	0.18081	0.023864
18949	0.051422	0.18131	0.023619
18950	0.053321	0.18181	0.023367
18951	0.055212	0.1823	0.023111
18952	0.05711	0.1828	0.02285
18953	0.045701	0.18081	0.023867
18954	0.043799	0.18031	0.024109
18955	0.041903	0.17981	0.024346
18956	0.047595	0.1813	0.023621
18957	0.041894	0.1828	0.02285
18958	0.043796	0.1823	0.023113
18959	0.045692	0.1818	0.023369
18960	0.047128	0.18243	0.023044
18961	0.044755	0.18305	0.022716
18962	0.042371	0.18368	0.022377
18963	0.049514	0.18181	0.023367
18964	0.056636	0.18368	0.022377
18965	0.054259	0.18305	0.022716
18966	0.051893	0.18243	0.023044
18967	0.0	0.2833	0.021445
18968	0.0	0.2843	0.020883
18969	0.0	0.27831	0.023935
18970	-7.8139e-18	0.27931	0.023476
18971	0.019	0.2833	0.021445
18972	0.019	0.2843	0.020883
18973	0.019	0.27831	0.023935
18974	0.016619	0.27893	0.02365
18975	0.014248	0.27956	0.023359
18976	0.011868	0.28018	0.023059
18977	0.0095	0.2808	0.022753
18978	0.0071317	0.28018	0.023059
18979	0.0047518	0.27956	0.023359
18980	0.0023813	0.27893	0.02365
18981	0.0018938	0.2828	0.021716
18982	0.0037961	0.2823	0.021983
18983	0.0056915	0.2818	0.022244
18984	0.0075949	0.2813	0.022501
18985	0.0057006	0.28081	0.022752
18986	0.0037986	0.28031	0.022998
18987	0.001903	0.27981	0.023239
18988	0.016636	0.28368	0.021234
18989	0.014259	0.28305	0.021579
18990	0.011893	0.28243	0.021914
18991	0.0095141	0.28181	0.022242
18992	0.007128	0.28243	0.021914
18993	0.0047549	0.28305	0.021579
18994	0.0023706	0.28368	0.021234
18995	0.011422	0.28131	0.022499
18996	0.013321	0.28181	0.022242
18997	0.015212	0.2823	0.021982
18998	0.01711	0.2828	0.021715
18999	0.019	0.27932	0.023469
19000	0.017101	0.27982	0.023233
19001	0.01521	0.28032	0.022993
19002	0.013312	0.28081	0.022748
19003	0.019	0.27831	0.02503
19004	0.019	0.27932	0.024572
19005	0.017101	0.27982	0.02434
19006	0.01521	0.28032	0.024105
19007	0.013312	0.28081	0.023864
19008	0.011422	0.28131	0.023619
19009	0.013321	0.28181	0.023367
19010	0.015212	0.2823	0.023111
19011	0.01711	0.2828	0.02285
19012	0.019	0.2833	0.022584
19013	0.0071281	0.28243	0.023044
19014	0.004755	0.28305	0.022716
19015	0.0023706	0.28368	0.022377
19016	0.0	0.2843	0.022033
19017	0.0095141	0.28181	0.023367
19018	0.016636	0.28368	0.022377
19019	0.014259	0.28305	0.022716
19020	0.011893	0.28243	0.023044
19021	0.019	0.2843	0.022033
19022	0.0057005	0.28081	0.023867
19023	0.0037986	0.28031	0.024109
19024	0.0019029	0.27981	0.024346
19025	-7.8139e-18	0.27931	0.024579
19026	0.0075949	0.2813	0.023621
19027	0.0018939	0.2828	0.02285
19028	0.0037962	0.2823	0.023113
19029	0.0056915	0.2818	0.023369
19030	0.0	0.2833	0.022584
19031	0.0071316	0.28018	0.024169
19032	0.0047517	0.27956	0.024464
19033	0.0023813	0.27893	0.02475
19034	0.0	0.27831	0.02503
19035	0.0095	0.2808	0.023869
19036	0.016619	0.27893	0.02475
19037	0.014248	0.27956	0.024464
19038	0.011868	0.28018	0.024169
19039	0.039	0.2843	0.020883
19040	0.036636	0.28368	0.021234
19041	0.034259	0.28305	0.021579
19042	0.031893	0.28243	0.021914
19043	0.029514	0.28181	0.022242
19044	0.027128	0.28243	0.021914
19045	0.024755	0.28305	0.021579
19046	0.022371	0.28368	0.021234
19047	0.02	0.2843	0.020883
19048	0.02	0.2833	0.021445
19049	0.021894	0.2828	0.021716
19050	0.023796	0.2823	0.021983
19051	0.025691	0.2818	0.022244
19052	0.027595	0.2813	0.022501
19053	0.025701	0.28081	0.022752
19054	0.023799	0.28031	0.022998
19055	0.021903	0.27981	0.023239
19056	0.02	0.27931	0.023476
19057	0.031422	0.28131	0.022499
19058	0.033321	0.28181	0.022242
19059	0.035212	0.2823	0.021982
19060	0.03711	0.2828	0.021715
19061	0.039	0.2833	0.021445
19062	0.039	0.27932	0.023469
19063	0.037101	0.27982	0.023233
19064	0.03521	0.28032	0.022993
19065	0.033312	0.28081	0.022748
19066	0.039	0.27831	0.023935
19067	0.036619	0.27893	0.02365
19068	0.034248	0.27956	0.023359
19069	0.031868	0.28018	0.023059
19070	0.0295	0.2808	0.022753
19071	0.027132	0.28018	0.023059
19072	0.024752	0.27956	0.023359
19073	0.022381	0.27893	0.02365
19074	0.02	0.27831	0.023935
19075	0.02	0.2843	0.022033
19076	0.02	0.2833	0.022584
19077	0.02	0.27931	0.024579
19078	0.02	0.27831	0.02503
19079	0.039	0.2843	0.022033
19080	0.039	0.2833	0.022584
19081	0.039	0.27932	0.024572
19082	0.039	0.27831	0.02503
19083	0.027132	0.28018	0.024169
19084	0.024752	0.27956	0.024464
19085	0.022381	0.27893	0.02475
19086	0.0295	0.2808	0.023869
19087	0.036619	0.27893	0.02475
19088	0.034248	0.27956	0.024464
19089	0.031868	0.28018	0.024169
19090	0.037101	0.27982	0.02434
19091	0.03521	0.28032	0.024105
19092	0.033312	0.28081	0.023864
19093	0.031422	0.28131	0.023619
19094	0.033321	0.28181	0.023367
19095	0.035212	0.2823	0.023111
19096	0.03711	0.2828	0.02285
19097	0.025701	0.28081	0.023867
19098	0.023799	0.28031	0.024109
19099	0.021903	0.27981	0.024346
19100	0.027595	0.2813	0.023621
19101	0.021894	0.2828	0.02285
19102	0.023796	0.2823	0.023113
19103	0.025692	0.2818	0.023369
19104	0.027128	0.28243	0.023044
19105	0.024755	0.28305	0.022716
19106	0.022371	0.28368	0.022377
19107	0.029514	0.28181	0.023367
19108	0.036636	0.28368	0.022377
19109	0.034259	0.28305	0.022716
19110	0.031893	0.28243	0.023044
19111	0.059	0.2843	0.020883
19112	0.056636	0.28368	0.021234
19113	0.054259	0.28305	0.021579
19114	0.051893	0.28243	0.021914
19115	0.049514	0.28181	0.022242
19116	0.047128	0.28243	0.021914
19117	0.044755	0.28305	0.021579
19118	0.042371	0.28368	0.021234
19119	0.04	0.2843	0.020883
19120	0.04	0.2833	0.021445
19121	0.041894	0.2828	0.021716
19122	0.043796	0.2823	0.021983
19123	0.045691	0.2818	0.022244
19124	0.047595	0.2813	0.022501
19125	0.045701	0.28081	0.022752
19126	0.043799	0.28031	0.022998
19127	0.041903	0.27981	0.023239
19128	0.04	0.27931	0.023476
19129	0.051422	0.28131	0.022499
19130	0.053321	0.28181	0.022242
19131	0.055212	0.2823	0.021982
19132	0.05711	0.2828	0.021715
19133	0.059	0.2833	0.021445
19134	0.059	0.27932	0.023469
19135	0.057101	0.27982	0.023233
19136	0.05521	0.28032	0.022993
19137	0.053312	0.28081	0.022748
19138	0.059	0.27831	0.023935
19139	0.056619	0.27893	0.02365
19140	0.054248	0.27956	0.023359
19141	0.051868	0.28018	0.023059
19142	0.0495	0.2808	0.022753
19143	0.047132	0.28018	0.023059
19144	0.044752	0.27956	0.023359
19145	0.042381	0.27893	0.02365
19146	0.04	0.27831	0.023935
19147	0.059	0.27932	0.024572
19148	0.059	0.27831	0.02503
19149	0.04	0.2843	0.022033
19150	0.04	0.2833	0.022584
19151	0.04	0.27931	0.024579
19152	0.04	0.27831	0.02503
19153	0.059	0.2843	0.022033
19154	0.059	0.2833	0.022584
19155	0.047132	0.28018	0.024169
19156	0.044752	0.27956	0.024464
19157	0.042381	0.27893	0.02475
19158	0.0495	0.2808	0.023869
19159	0.056619	0.27893	0.02475
19160	0.054248	0.27956	0.024464
19161	0.051868	0.28018	0.024169
19162	0.057101	0.27982	0.02434
19163	0.05521	0.28032	0.024105
19164	0.053312	0.28081	0.023864
19165	0.051422	0.28131	0.023619
19166	0.053321	0.28181	0.023367
19167	0.055212	0.2823	0.023111
19168	0.05711	0.2828	0.02285
19169	0.045701	0.28081	0.023867
19170	0.043799	0.28031	0.024109
19171	0.041903	0.27981	0.024346
19172	0.047595	0.2813	0.023621
19173	0.041894	0.2828	0.02285
19174	0.043796	0.2823	0.023113
19175	0.045692	0.2818	0.023369
19176	0.047128	0.28243	0.023044
19177	0.044755	0.28305	0.022716
19178	0.042371	0.28368	0.022377
19179	0.049514	0.28181	0.023367
19180	0.056636	0.28368	0.022377
19181	0.054259	0.28305	0.022716
19182	0.051893	0.28243	0.023044
19183	0.019	0.023325	0.024645
19184	0.017109	0.023819	0.02485
19185	0.015212	0.024316	0.025052
19186	0.01332	0.024811	0.025248
19187	0.011422	0.025308	0.025441
19188	0.013313	0.025804	0.025629
19189	0.01521	0.026302	0.025813
19190	0.017103	0.026798	0.025992
19191	0.019	0.027296	0.026168
19192	0.0095141	0.025807	0.02563
19193	0.0071403	0.026428	0.025859
19194	0.0047582	0.027051	0.026082
19195	0.002383	0.027673	0.026298
19196	0.0	0.028296	0.026508
19197	0.019	0.028296	0.026508
19198	0.016624	0.027673	0.026298
19199	0.014256	0.027051	0.026082
19200	0.011881	0.026428	0.025859
19201	0.0075949	0.025303	0.025439
19202	0.0056928	0.024804	0.025245
19203	0.0037966	0.024306	0.025048
19204	0.0018952	0.023807	0.024845
19205	-7.8139e-18	0.02331	0.024639
19206	0.0	0.027296	0.026168
19207	0.0019017	0.026797	0.025992
19208	0.0037982	0.0263	0.025812
19209	0.0056993	0.025801	0.025627
19210	0.0095	0.024803	0.025245
19211	0.0071196	0.024178	0.024996
19212	0.0047486	0.023556	0.024742
19213	0.0023693	0.022932	0.024479
19214	0.0	0.02231	0.02421
19215	0.019	0.02231	0.02421
19216	0.016631	0.022932	0.024479
19217	0.014251	0.023556	0.024742
19218	0.01188	0.024178	0.024996
19219	0.019	0.027296	0.027226
19220	0.019	0.028296	0.027561
19221	0.019	0.023325	0.025728
19222	0.019	0.02231	0.025301
19223	0.0	0.028296	0.027561
19224	0.0	0.027296	0.027226
19225	-7.8139e-18	0.02331	0.025722
19226	0.0	0.02231	0.025301
19227	0.016631	0.022932	0.025565
19228	0.014251	0.023556	0.025823
19229	0.01188	0.024178	0.026074
19230	0.0095	0.024803	0.026318
19231	0.0071196	0.024178	0.026074
19232	0.0047486	0.023556	0.025823
19233	0.0023693	0.022932	0.025565
19234	0.0019017	0.026797	0.027053
19235	0.0037982	0.0263	0.026876
19236	0.0056993	0.025801	0.026694
19237	0.0075949	0.025303	0.026509
19238	0.0056929	0.024804	0.026318
19239	0.0037966	0.024306	0.026124
19240	0.0018953	0.023807	0.025925
19241	0.016624	0.027673	0.027354
19242	0.014256	0.027051	0.027142
19243	0.011881	0.026428	0.026922
19244	0.0095141	0.025807	0.026696
19245	0.0071403	0.026428	0.026922
19246	0.0047581	0.027051	0.027142
19247	0.0023829	0.027673	0.027354
19248	0.013313	0.025804	0.026695
19249	0.01521	0.026302	0.026877
19250	0.017103	0.026798	0.027053
19251	0.011422	0.025308	0.02651
19252	0.017109	0.023819	0.02593
19253	0.015212	0.024316	0.026128
19254	0.01332	0.024811	0.026321
19255	0.031422	0.025308	0.025441
19256	0.033313	0.025804	0.025629
19257	0.03521	0.026302	0.025813
19258	0.037103	0.026798	0.025992
19259	0.039	0.027296	0.026168
19260	0.039	0.023325	0.024645
19261	0.037109	0.023819	0.02485
19262	0.035212	0.024316	0.025052
19263	0.03332	0.024811	0.025248
19264	0.039	0.02231	0.02421
19265	0.036631	0.022932	0.024479
19266	0.034251	0.023556	0.024742
19267	0.03188	0.024178	0.024996
19268	0.0295	0.024803	0.025245
19269	0.02712	0.024178	0.024996
19270	0.024749	0.023556	0.024742
19271	0.022369	0.022932	0.024479
19272	0.02	0.02231	0.02421
19273	0.039	0.028296	0.026508
19274	0.036624	0.027673	0.026298
19275	0.034256	0.027051	0.026082
19276	0.031881	0.026428	0.025859
19277	0.029514	0.025807	0.02563
19278	0.02714	0.026428	0.025859
19279	0.024758	0.027051	0.026082
19280	0.022383	0.027673	0.026298
19281	0.02	0.028296	0.026508
19282	0.02	0.027296	0.026168
19283	0.021902	0.026797	0.025992
19284	0.023798	0.0263	0.025812
19285	0.025699	0.025801	0.025627
19286	0.027595	0.025303	0.025439
19287	0.025693	0.024804	0.025245
19288	0.023797	0.024306	0.025048
19289	0.021895	0.023807	0.024845
19290	0.02	0.02331	0.024639
19291	0.039	0.027296	0.027226
19292	0.039	0.028296	0.027561
19293	0.039	0.023325	0.025728
19294	0.039	0.02231	0.025301
19295	0.02	0.028296	0.027561
19296	0.02	0.027296	0.027226
19297	0.02	0.02231	0.025301
19298	0.02	0.02331	0.025722
19299	0.025693	0.024804	0.026318
19300	0.023797	0.024306	0.026124
19301	0.021895	0.023807	0.025925
19302	0.027595	0.025303	0.026509
19303	0.021902	0.026797	0.027053
19304	0.023798	0.0263	0.026876
19305	0.025699	0.025801	0.026694
19306	0.02714	0.026428	0.026922
19307	0.024758	0.027051	0.027142
19308	0.022383	0.027673	0.027354
19309	0.029514	0.025807	0.026696
19310	0.036624	0.027673	0.027354
19311	0.034256	0.027051	0.027142
19312	0.031881	0.026428	0.026922
19313	0.02712	0.024178	0.026074
19314	0.024749	0.023556	0.025823
19315	0.022369	0.022932	0.025565
19316	0.0295	0.024803	0.026318
19317	0.036631	0.022932	0.025565
19318	0.034251	0.023556	0.025823
19319	0.03188	0.024178	0.026074
19320	0.037109	0.023819	0.02593
19321	0.035212	0.024316	0.026128
19322	0.03332	0.024811	0.026321
19323	0.031422	0.025308	0.02651
19324	0.033313	0.025804	0.026695
19325	0.03521	0.026302	0.026877
19326	0.037103	0.026798	0.027053
19327	0.051422	0.025308	0.025441
19328	0.053313	0.025804	0.025629
19329	0.05521	0.026302	0.025813
19330	0.057103	0.026798	0.025992
19331	0.059	0.027296	0.026168
19332	0.059	0.023325	0.024645
19333	0.057109	0.023819	0.02485
19334	0.055212	0.024316	0.025052
19335	0.05332	0.024811	0.025248
19336	0.059	0.02231	0.02421
19337	0.056631	0.022932	0.024479
19338	0.054251	0.023556	0.024742
19339	0.05188	0.024178	0.024996
19340	0.0495	0.024803	0.025245
19341	0.04712	0.024178	0.024996
19342	0.044749	0.023556	0.024742
19343	0.042369	0.022932	0.024479
19344	0.04	0.02231	0.02421
19345	0.059	0.028296	0.026508
19346	0.056624	0.027673	0.026298
19347	0.054256	0.027051	0.026082
19348	0.051881	0.026428	0.025859
19349	0.049514	0.025807	0.02563
19350	0.04714	0.026428	0.025859
19351	0.044758	0.027051	0.026082
19352	0.042383	0.027673	0.026298
19353	0.04	0.028296	0.026508
19354	0.04	0.027296	0.026168
19355	0.041902	0.026797	0.025992
19356	0.043798	0.0263	0.025812
19357	0.045699	0.025801	0.025627
19358	0.047595	0.025303	0.025439
19359	0.045693	0.024804	0.025245
19360	0.043797	0.024306	0.025048
19361	0.041895	0.023807	0.024845
19362	0.04	0.02331	0.024639
19363	0.059	0.027296	0.027226
19364	0.059	0.028296	0.027561
19365	0.059	0.023325	0.025728
19366	0.059	0.02231	0.025301
19367	0.04	0.028296	0.027561
19368	0.04	0.027296	0.027226
19369	0.04	0.02231	0.025301
19370	0.04	0.02331	0.025722
19371	0.045693	0.024804	0.026318
19372	0.043797	0.024306	0.026124
19373	0.041895	0.023807	0.025925
19374	0.047595	0.025303	0.026509
19375	0.041902	0.026797	0.027053
19376	0.043798	0.0263	0.026876
19377	0.045699	0.025801	0.026694
19378	0.04714	0.026428	0.026922
19379	0.044758	0.027051	0.027142
19380	0.042383	0.027673	0.027354
19381	0.049514	0.025807	0.026696
19382	0.056624	0.027673	0.027354
19383	0.054256	0.027051	0.027142
19384	0.051881	0.026428	0.026922
19385	0.04712	0.024178	0.026074
19386	0.044749	0.023556	0.025823
19387	0.042369	0.022932	0.025565
19388	0.0495	0.024803	0.026318
19389	0.056631	0.022932	0.025565
19390	0.054251	0.023556	0.025823
19391	0.05188	0.024178	0.026074
19392	0.057109	0.023819	0.02593
19393	0.055212	0.024316	0.026128
19394	0.05332	0.024811	0.026321
19395	0.051422	0.025308	0.02651
19396	0.053313	0.025804	0.026695
19397	0.05521	0.026302	0.026877
19398	0.057103	0.026798	0.027053
19399	0.011422	0.12531	0.025441
19400	0.013313	0.1258	0.025629
19401	0.01521	0.1263	0.025813
19402	0.017103	0.1268	0.025992
19403	0.019	0.1273	0.026168
19404	0.019	0.12332	0.024645
19405	0.017109	0.12382	0.02485
19406	0.015212	0.12432	0.025052
19407	0.01332	0.12481	0.025248
19408	0.019	0.12231	0.02421
19409	0.016631	0.12293	0.024479
19410	0.014252	0.12356	0.024742
19411	0.01188	0.12418	0.024996
19412	0.0095	0.1248	0.025245
19413	0.0071196	0.12418	0.024996
19414	0.0047485	0.12356	0.024742
19415	0.0023693	0.12293	0.024479
19416	0.0	0.12231	0.02421
19417	0.019	0.1283	0.026508
19418	0.016624	0.12767	0.026298
19419	0.014256	0.12705	0.026082
19420	0.011881	0.12643	0.025859
19421	0.0095141	0.12581	0.02563
19422	0.0071403	0.12643	0.025859
19423	0.0047582	0.12705	0.026082
19424	0.002383	0.12767	0.026298
19425	0.0	0.1283	0.026508
19426	6.9389e-18	0.1273	0.026168
19427	0.0019017	0.1268	0.025992
19428	0.0037982	0.1263	0.025812
19429	0.0056993	0.1258	0.025627
19430	0.0075949	0.1253	0.025439
19431	0.0056928	0.1248	0.025245
19432	0.0037965	0.12431	0.025048
19433	0.0018952	0.12381	0.024845
19434	-7.8139e-18	0.12331	0.024639
19435	0.0	0.1283	0.027561
19436	0.0	0.1273	0.027226
19437	0.019	0.12332	0.025728
19438	0.019	0.12231	0.025301
19439	0.019	0.1273	0.027226
19440	0.019	0.1283	0.027561
19441	0.0	0.12231	0.025301
19442	-7.8139e-18	0.12331	0.025722
19443	0.0056929	0.1248	0.026318
19444	0.0037966	0.12431	0.026124
19445	0.0018953	0.12381	0.025925
19446	0.0075949	0.1253	0.026509
19447	0.0019017	0.1268	0.027053
19448	0.0037982	0.1263	0.026876
19449	0.0056993	0.1258	0.026694
19450	0.0071403	0.12643	0.026922
19451	0.0047582	0.12705	0.027142
19452	0.0023829	0.12767	0.027354
19453	0.0095141	0.12581	0.026696
19454	0.016624	0.12767	0.027354
19455	0.014256	0.12705	0.027142
19456	0.011881	0.12643	0.026922
19457	0.0071196	0.12418	0.026074
19458	0.0047486	0.12356	0.025823
19459	0.0023693	0.12293	0.025565
19460	0.0095	0.1248	0.026318
19461	0.016631	0.12293	0.025565
19462	0.014251	0.12356	0.025823
19463	0.01188	0.12418	0.026074
19464	0.017109	0.12382	0.02593
19465	0.015212	0.12432	0.026128
19466	0.01332	0.12481	0.026321
19467	0.011422	0.12531	0.02651
19468	0.013313	0.1258	0.026695
19469	0.01521	0.1263	0.026877
19470	0.017103	0.1268	0.027053
19471	0.031422	0.12531	0.025441
19472	0.033313	0.1258	0.025629
19473	0.03521	0.1263	0.025813
19474	0.037103	0.1268	0.025992
19475	0.039	0.1273	0.026168
19476	0.039	0.12332	0.024645
19477	0.037109	0.12382	0.02485
19478	0.035212	0.12432	0.025052
19479	0.03332	0.12481	0.025248
19480	0.039	0.12231	0.02421
19481	0.036631	0.12293	0.024479
19482	0.034251	0.12356	0.024742
19483	0.03188	0.12418	0.024996
19484	0.0295	0.1248	0.025245
19485	0.02712	0.12418	0.024996
19486	0.024749	0.12356	0.024742
19487	0.022369	0.12293	0.024479
19488	0.02	0.12231	0.02421
19489	0.039	0.1283	0.026508
19490	0.036624	0.12767	0.026298
19491	0.034256	0.12705	0.026082
19492	0.031881	0.12643	0.025859
19493	0.029514	0.12581	0.02563
19494	0.02714	0.12643	0.025859
19495	0.024758	0.12705	0.026082
19496	0.022383	0.12767	0.026298
19497	0.02	0.1283	0.026508
19498	0.02	0.1273	0.026168
19499	0.021902	0.1268	0.025992
19500	0.023798	0.1263	0.025812
19501	0.025699	0.1258	0.025627
19502	0.027595	0.1253	0.025439
19503	0.025693	0.1248	0.025245
19504	0.023797	0.12431	0.025048
19505	0.021895	0.12381	0.024845
19506	0.02	0.12331	0.024639
19507	0.039	0.1273	0.027226
19508	0.039	0.1283	0.027561
19509	0.039	0.12332	0.025728
19510	0.039	0.12231	0.025301
19511	0.02	0.1283	0.027561
19512	0.02	0.1273	0.027226
19513	0.02	0.12231	0.025301
19514	0.02	0.12331	0.025722
19515	0.025693	0.1248	0.026318
19516	0.023797	0.12431	0.026124
19517	0.021895	0.12381	0.025925
19518	0.027595	0.1253	0.026509
19519	0.021902	0.1268	0.027053
19520	0.023798	0.1263	0.026876
19521	0.025699	0.1258	0.026694
19522	0.02714	0.12643	0.026922
19523	0.024758	0.12705	0.027142
19524	0.022383	0.12767	0.027354
19525	0.029514	0.12581	0.026696
19526	0.036624	0.12767	0.027354
19527	0.034256	0.12705	0.027142
19528	0.031881	0.12643	0.026922
19529	0.02712	0.12418	0.026074
19530	0.024749	0.12356	0.025823
19531	0.022369	0.12293	0.025565
19532	0.0295	0.1248	0.026318
19533	0.036631	0.12293	0.025565
19534	0.034251	0.12356	0.025823
19535	0.03188	0.12418	0.026074
19536	0.037109	0.12382	0.02593
19537	0.035212	0.12432	0.026128
19538	0.03332	0.12481	0.026321
19539	0.031422	0.12531	0.02651
19540	0.033313	0.1258	0.026695
19541	0.03521	0.1263	0.026877
19542	0.037103	0.1268	0.027053
19543	0.051422	0.12531	0.025441
19544	0.053313	0.1258	0.025629
19545	0.05521	0.1263	0.025813
19546	0.057103	0.1268	0.025992
19547	0.059	0.1273	0.026168
19548	0.059	0.12332	0.024645
19549	0.057109	0.12382	0.02485
19550	0.055212	0.12432	0.025052
19551	0.05332	0.12481	0.025248
19552	0.059	0.12231	0.02421
19553	0.056631	0.12293	0.024479
19554	0.054252	0.12356	0.024742
19555	0.05188	0.12418	0.024996
19556	0.0495	0.1248	0.025245
19557	0.04712	0.12418	0.024996
19558	0.044748	0.12356	0.024742
19559	0.042369	0.12293	0.024479
19560	0.04	0.12231	0.02421
19561	0.059	0.1283	0.026508
19562	0.056624	0.12767	0.026298
19563	0.054256	0.12705	0.026082
19564	0.051881	0.12643	0.025859
19565	0.049514	0.12581	0.02563
19566	0.04714	0.12643	0.025859
19567	0.044758	0.12705	0.026082
19568	0.042383	0.12767	0.026298
19569	0.04	0.1283	0.026508
19570	0.04	0.1273	0.026168
19571	0.041902	0.1268	0.025992
19572	0.043798	0.1263	0.025812
19573	0.045699	0.1258	0.025627
19574	0.047595	0.1253	0.025439
19575	0.045693	0.1248	0.025245
19576	0.043797	0.12431	0.025048
19577	0.041895	0.12381	0.024845
19578	0.04	0.12331	0.024639
19579	0.04	0.1283	0.027561
19580	0.04	0.1273	0.027226
19581	0.059	0.12332	0.025728
19582	0.059	0.12231	0.025301
19583	0.059	0.1273	0.027226
19584	0.059	0.1283	0.027561
19585	0.04	0.12231	0.025301
19586	0.04	0.12331	0.025722
19587	0.045693	0.1248	0.026318
19588	0.043797	0.12431	0.026124
19589	0.041895	0.12381	0.025925
19590	0.047595	0.1253	0.026509
19591	0.041902	0.1268	0.027053
19592	0.043798	0.1263	0.026876
19593	0.045699	0.1258	0.026694
19594	0.04714	0.12643	0.026922
19595	0.044758	0.12705	0.027142
19596	0.042383	0.12767	0.027354
19597	0.049514	0.12581	0.026696
19598	0.056624	0.12767	0.027354
19599	0.054256	0.12705	0.027142
19600	0.051881	0.12643	0.026922
19601	0.04712	0.12418	0.026074
19602	0.044749	0.12356	0.025823
19603	0.042369	0.12293	0.025565
19604	0.0495	0.1248	0.026318
19605	0.056631	0.12293	0.025565
19606	0.054251	0.12356	0.025823
19607	0.05188	0.12418	0.026074
19608	0.057109	0.12382	0.02593
19609	0.055212	0.12432	0.026128
19610	0.05332	0.12481	0.026321
19611	0.051422	0.12531	0.02651
19612	0.053313	0.1258	0.026695
19613	0.05521	0.1263	0.026877
19614	0.057103	0.1268	0.027053
19615	0.019	0.22231	0.02421
19616	0.016631	0.22293	0.024479
19617	0.014251	0.22356	0.024742
19618	0.01188	0.22418	0.024996
19619	0.0095	0.2248	0.025245
19620	0.0071196	0.22418	0.024996
19621	0.0047486	0.22356	0.024742
19622	0.0023693	0.22293	0.024479
19623	0.0	0.22231	0.02421
19624	0.0	0.2273	0.026168
19625	0.0019017	0.2268	0.025992
19626	0.0037982	0.2263	0.025812
19627	0.0056993	0.2258	0.025627
19628	0.0075949	0.2253	0.025439
19629	0.0056928	0.2248	0.025245
19630	0.0037966	0.22431	0.025048
19631	0.0018952	0.22381	0.024845
19632	-7.8139e-18	0.22331	0.024639
19633	0.019	0.2283	0.026508
19634	0.016624	0.22767	0.026298
19635	0.014256	0.22705	0.026082
19636	0.011881	0.22643	0.025859
19637	0.0095141	0.22581	0.02563
19638	0.0071403	0.22643	0.025859
19639	0.0047582	0.22705	0.026082
19640	0.002383	0.22767	0.026298
19641	0.0	0.2283	0.026508
19642	0.011422	0.22531	0.025441
19643	0.013313	0.2258	0.025629
19644	0.01521	0.2263	0.025813
19645	0.017103	0.2268	0.025992
19646	0.019	0.2273	0.026168
19647	0.019	0.22332	0.024645
19648	0.017109	0.22382	0.02485
19649	0.015212	0.22432	0.025052
19650	0.01332	0.22481	0.025248
19651	0.019	0.2283	0.027561
19652	0.019	0.2273	0.027226
19653	0.0	0.2273	0.027226
19654	0.0	0.2283	0.027561
19655	0.019	0.22231	0.025301
19656	0.019	0.22332	0.025728
19657	0.0	0.22231	0.025301
19658	-7.8139e-18	0.22331	0.025722
19659	0.017109	0.22382	0.02593
19660	0.015212	0.22432	0.026128
19661	0.01332	0.22481	0.026321
19662	0.011422	0.22531	0.02651
19663	0.013313	0.2258	0.026695
19664	0.01521	0.2263	0.026877
19665	0.017103	0.2268	0.027053
19666	0.0071403	0.22643	0.026922
19667	0.0047581	0.22705	0.027142
19668	0.0023829	0.22767	0.027354
19669	0.0095141	0.22581	0.026696
19670	0.016624	0.22767	0.027354
19671	0.014256	0.22705	0.027142
19672	0.011881	0.22643	0.026922
19673	0.0056929	0.2248	0.026318
19674	0.0037966	0.22431	0.026124
19675	0.0018953	0.22381	0.025925
19676	0.0075949	0.2253	0.026509
19677	0.0019017	0.2268	0.027053
19678	0.0037982	0.2263	0.026876
19679	0.0056993	0.2258	0.026694
19680	0.0071196	0.22418	0.026074
19681	0.0047486	0.22356	0.025823
19682	0.0023693	0.22293	0.025565
19683	0.0095	0.2248	0.026318
19684	0.016631	0.22293	0.025565
19685	0.014251	0.22356	0.025823
19686	0.01188	0.22418	0.026074
19687	0.031422	0.22531	0.025441
19688	0.033313	0.2258	0.025629
19689	0.03521	0.2263	0.025813
19690	0.037103	0.2268	0.025992
19691	0.039	0.2273	0.026168
19692	0.039	0.22332	0.024645
19693	0.037109	0.22382	0.02485
19694	0.035212	0.22432	0.025052
19695	0.03332	0.22481	0.025248
19696	0.039	0.22231	0.02421
19697	0.036631	0.22293	0.024479
19698	0.034251	0.22356	0.024742
19699	0.03188	0.22418	0.024996
19700	0.0295	0.2248	0.025245
19701	0.02712	0.22418	0.024996
19702	0.024749	0.22356	0.024742
19703	0.022369	0.22293	0.024479
19704	0.02	0.22231	0.02421
19705	0.039	0.2283	0.026508
19706	0.036624	0.22767	0.026298
19707	0.034256	0.22705	0.026082
19708	0.031881	0.22643	0.025859
19709	0.029514	0.22581	0.02563
19710	0.02714	0.22643	0.025859
19711	0.024758	0.22705	0.026082
19712	0.022383	0.22767	0.026298
19713	0.02	0.2283	0.026508
19714	0.02	0.2273	0.026168
19715	0.021902	0.2268	0.025992
19716	0.023798	0.2263	0.025812
19717	0.025699	0.2258	0.025627
19718	0.027595	0.2253	0.025439
19719	0.025693	0.2248	0.025245
19720	0.023797	0.22431	0.025048
19721	0.021895	0.22381	0.024845
19722	0.02	0.22331	0.024639
19723	0.039	0.2273	0.027226
19724	0.039	0.2283	0.027561
19725	0.039	0.22332	0.025728
19726	0.039	0.22231	0.025301
19727	0.02	0.2283	0.027561
19728	0.02	0.2273	0.027226
19729	0.02	0.22231	0.025301
19730	0.02	0.22331	0.025722
19731	0.025693	0.2248	0.026318
19732	0.023797	0.22431	0.026124
19733	0.021895	0.22381	0.025925
19734	0.027595	0.2253	0.026509
19735	0.021902	0.2268	0.027053
19736	0.023798	0.2263	0.026876
19737	0.025699	0.2258	0.026694
19738	0.02714	0.22643	0.026922
19739	0.024758	0.22705	0.027142
19740	0.022383	0.22767	0.027354
19741	0.029514	0.22581	0.026696
19742	0.036624	0.22767	0.027354
19743	0.034256	0.22705	0.027142
19744	0.031881	0.22643	0.026922
19745	0.02712	0.22418	0.026074
19746	0.024749	0.22356	0.025823
19747	0.022369	0.22293	0.025565
19748	0.0295	0.2248	0.026318
19749	0.036631	0.22293	0.025565
19750	0.034251	0.22356	0.025823
19751	0.03188	0.22418	0.026074
19752	0.037109	0.22382	0.02593
19753	0.035212	0.22432	0.026128
19754	0.03332	0.22481	0.026321
19755	0.031422	0.22531	0.02651
19756	0.033313	0.2258	0.026695
19757	0.03521	0.2263	0.026877
19758	0.037103	0.2268	0.027053
19759	0.059	0.22332	0.024645
19760	0.057109	0.22382	0.02485
19761	0.055212	0.22432	0.025052
19762	0.05332	0.22481	0.025248
19763	0.051422	0.22531	0.025441
19764	0.053313	0.2258	0.025629
19765	0.05521	0.2263	0.025813
19766	0.057103	0.2268	0.025992
19767	0.059	0.2273	0.026168
19768	0.049514	0.22581	0.02563
19769	0.04714	0.22643	0.025859
19770	0.044758	0.22705	0.026082
19771	0.042383	0.22767	0.026298
19772	0.04	0.2283	0.026508
19773	0.059	0.2283	0.026508
19774	0.056624	0.22767	0.026298
19775	0.054256	0.22705	0.026082
19776	0.051881	0.22643	0.025859
19777	0.047595	0.2253	0.025439
19778	0.045693	0.2248	0.025245
19779	0.043797	0.22431	0.025048
19780	0.041895	0.22381	0.024845
19781	0.04	0.22331	0.024639
19782	0.04	0.2273	0.026168
19783	0.041902	0.2268	0.025992
19784	0.043798	0.2263	0.025812
19785	0.045699	0.2258	0.025627
19786	0.0495	0.2248	0.025245
19787	0.04712	0.22418	0.024996
19788	0.044749	0.22356	0.024742
19789	0.042369	0.22293	0.024479
19790	0.04	0.22231	0.02421
19791	0.059	0.22231	0.02421
19792	0.056631	0.22293	0.024479
19793	0.054251	0.22356	0.024742
19794	0.05188	0.22418	0.024996
19795	0.059	0.2273	0.027226
19796	0.059	0.2283	0.027561
19797	0.059	0.22332	0.025728
19798	0.059	0.22231	0.025301
19799	0.04	0.22331	0.025722
19800	0.04	0.22231	0.025301
19801	0.04	0.2283	0.027561
19802	0.04	0.2273	0.027226
19803	0.056631	0.22293	0.025565
19804	0.054251	0.22356	0.025823
19805	0.05188	0.22418	0.026074
19806	0.0495	0.2248	0.026318
19807	0.04712	0.22418	0.026074
19808	0.044749	0.22356	0.025823
19809	0.042369	0.22293	0.025565
19810	0.041902	0.2268	0.027053
19811	0.043798	0.2263	0.026876
19812	0.045699	0.2258	0.026694
19813	0.047595	0.2253	0.026509
19814	0.045693	0.2248	0.026318
19815	0.043797	0.22431	0.026124
19816	0.041895	0.22381	0.025925
19817	0.056624	0.22767	0.027354
19818	0.054256	0.22705	0.027142
19819	0.051881	0.22643	0.026922
19820	0.049514	0.22581	0.026696
19821	0.04714	0.22643	0.026922
19822	0.044758	0.22705	0.027142
19823	0.042383	0.22767	0.027354
19824	0.053313	0.2258	0.026695
19825	0.05521	0.2263	0.026877
19826	0.057103	0.2268	0.027053
19827	0.051422	0.22531	0.02651
19828	0.057109	0.22382	0.02593
19829	0.055212	0.22432	0.026128
19830	0.05332	0.22481	0.026321
19831	0.019	0.072325	0.026299
19832	0.017103	0.072821	0.026127
19833	0.01521	0.073316	0.025951
19834	0.013313	0.073813	0.025771
19835	0.011422	0.074308	0.025587
19836	0.01332	0.074806	0.025397
19837	0.015212	0.075302	0.025204
19838	0.017109	0.0758	0.025005
19839	0.019	0.076296	0.024803
19840	0.0095141	0.074807	0.025397
19841	0.0071303	0.075431	0.025153
19842	0.0047556	0.076052	0.024903
19843	0.0023729	0.076675	0.024645
19844	0.0	0.077296	0.024381
19845	0.019	0.077296	0.024381
19846	0.016634	0.076675	0.024645
19847	0.014258	0.076052	0.024903
19848	0.011891	0.075431	0.025153
19849	0.0075949	0.074303	0.025589
19850	0.0056992	0.073806	0.025774
19851	0.0037982	0.073307	0.025955
19852	0.0019016	0.072809	0.026131
19853	-7.8139e-18	0.07231	0.026304
19854	0.0	0.076296	0.024803
19855	0.0018953	0.075799	0.025006
19856	0.0037966	0.0753	0.025205
19857	0.0056929	0.074802	0.025398
19858	0.0095	0.073803	0.025774
19859	0.0071296	0.073181	0.026
19860	0.0047511	0.072557	0.026219
19861	0.0023794	0.071934	0.026431
19862	0.0	0.07131	0.026637
19863	0.019	0.07131	0.026637
19864	0.016621	0.071934	0.026431
19865	0.014249	0.072557	0.026219
19866	0.01187	0.073181	0.026
19867	0.019	0.076296	0.025883
19868	0.019	0.077296	0.025469
19869	0.019	0.072325	0.027355
19870	0.019	0.07131	0.027688
19871	0.0	0.077296	0.025469
19872	0.0	0.076296	0.025883
19873	-7.8139e-18	0.07231	0.02736
19874	0.0	0.07131	0.027688
19875	0.016621	0.071934	0.027485
19876	0.014249	0.072557	0.027276
19877	0.01187	0.073181	0.027061
19878	0.0095	0.073803	0.026839
19879	0.0071296	0.073181	0.027061
19880	0.0047511	0.072557	0.027276
19881	0.0023793	0.071934	0.027485
19882	0.0018953	0.075799	0.026083
19883	0.0037966	0.0753	0.026278
19884	0.0056929	0.074802	0.026469
19885	0.0075949	0.074303	0.026656
19886	0.0056992	0.073806	0.026838
19887	0.0037982	0.073307	0.027016
19888	0.0019016	0.072809	0.02719
19889	0.016634	0.076675	0.025728
19890	0.014258	0.076052	0.025982
19891	0.011891	0.075431	0.026227
19892	0.0095141	0.074807	0.026467
19893	0.0071303	0.075431	0.026227
19894	0.0047557	0.076052	0.025982
19895	0.002373	0.076675	0.025728
19896	0.01332	0.074806	0.026468
19897	0.015212	0.075302	0.026277
19898	0.017109	0.0758	0.026082
19899	0.011422	0.074308	0.026654
19900	0.017103	0.072821	0.027186
19901	0.01521	0.073316	0.027013
19902	0.013313	0.073813	0.026835
19903	0.039	0.077296	0.024381
19904	0.036634	0.076675	0.024645
19905	0.034258	0.076052	0.024903
19906	0.031891	0.075431	0.025153
19907	0.029514	0.074807	0.025397
19908	0.02713	0.075431	0.025153
19909	0.024756	0.076052	0.024903
19910	0.022373	0.076675	0.024645
19911	0.02	0.077296	0.024381
19912	0.02	0.076296	0.024803
19913	0.021895	0.075799	0.025006
19914	0.023797	0.0753	0.025205
19915	0.025693	0.074802	0.025398
19916	0.027595	0.074303	0.025589
19917	0.025699	0.073806	0.025774
19918	0.023798	0.073307	0.025955
19919	0.021902	0.072809	0.026131
19920	0.02	0.07231	0.026304
19921	0.031422	0.074308	0.025587
19922	0.03332	0.074806	0.025397
19923	0.035212	0.075302	0.025204
19924	0.037109	0.0758	0.025005
19925	0.039	0.076296	0.024803
19926	0.039	0.072325	0.026299
19927	0.037103	0.072821	0.026127
19928	0.03521	0.073316	0.025951
19929	0.033313	0.073813	0.025771
19930	0.039	0.07131	0.026637
19931	0.036621	0.071934	0.026431
19932	0.034249	0.072557	0.026219
19933	0.03187	0.073181	0.026
19934	0.0295	0.073803	0.025774
19935	0.02713	0.073181	0.026
19936	0.024751	0.072557	0.026219
19937	0.022379	0.071934	0.026431
19938	0.02	0.07131	0.026637
19939	0.039	0.072325	0.027355
19940	0.039	0.07131	0.027688
19941	0.039	0.077296	0.025469
19942	0.039	0.076296	0.025883
19943	0.02	0.07231	0.02736
19944	0.02	0.07131	0.027688
19945	0.02	0.077296	0.025469
19946	0.02	0.076296	0.025883
19947	0.02713	0.073181	0.027061
19948	0.024751	0.072557	0.027276
19949	0.022379	0.071934	0.027485
19950	0.0295	0.073803	0.026839
19951	0.036621	0.071934	0.027485
19952	0.034249	0.072557	0.027276
19953	0.03187	0.073181	0.027061
19954	0.037103	0.072821	0.027186
19955	0.03521	0.073316	0.027013
19956	0.033313	0.073813	0.026835
19957	0.031422	0.074308	0.026654
19958	0.03332	0.074806	0.026468
19959	0.035212	0.075302	0.026277
19960	0.037109	0.0758	0.026082
19961	0.025699	0.073806	0.026838
19962	0.023798	0.073307	0.027016
19963	0.021902	0.072809	0.02719
19964	0.027595	0.074303	0.026656
19965	0.021895	0.075799	0.026083
19966	0.023797	0.0753	0.026278
19967	0.025693	0.074802	0.026469
19968	0.02713	0.075431	0.026227
19969	0.024756	0.076052	0.025982
19970	0.022373	0.076675	0.025728
19971	0.029514	0.074807	0.026467
19972	0.036634	0.076675	0.025728
19973	0.034258	0.076052	0.025982
19974	0.031891	0.075431	0.026227
19975	0.059	0.077296	0.024381
19976	0.056634	0.076675	0.024645
19977	0.054258	0.076052	0.024903
19978	0.051891	0.075431	0.025153
19979	0.049514	0.074807	0.025397
19980	0.04713	0.075431	0.025153
19981	0.044756	0.076052	0.024903
19982	0.042373	0.076675	0.024645
19983	0.04	0.077296	0.024381
19984	0.04	0.076296	0.024803
19985	0.041895	0.075799	0.025006
19986	0.043797	0.0753	0.025205
19987	0.045693	0.074802	0.025398
19988	0.047595	0.074303	0.025589
19989	0.045699	0.073806	0.025774
19990	0.043798	0.073307	0.025955
19991	0.041902	0.072809	0.026131
19992	0.04	0.07231	0.026304
19993	0.051422	0.074308	0.025587
19994	0.05332	0.074806	0.025397
19995	0.055212	0.075302	0.025204
19996	0.057109	0.0758	0.025005
19997	0.059	0.076296	0.024803
19998	0.059	0.072325	0.026299
19999	0.057103	0.072821	0.026127
20000	0.05521	0.073316	0.025951
20001	0.053313	0.073813	0.025771
20002	0.059	0.07131	0.026637
20003	0.056621	0.071934	0.026431
20004	0.054249	0.072557	0.026219
20005	0.05187	0.073181	0.026
20006	0.0495	0.073803	0.025774
20007	0.04713	0.073181	0.026
20008	0.044751	0.072557	0.026219
20009	0.042379	0.071934	0.026431
20010	0.04	0.07131	0.026637
20011	0.059	0.072325	0.027355
20012	0.059	0.07131	0.027688
20013	0.059	0.077296	0.025469
20014	0.059	0.076296	0.025883
20015	0.04	0.07231	0.02736
20016	0.04	0.07131	0.027688
20017	0.04	0.077296	0.025469
20018	0.04	0.076296	0.025883
20019	0.04713	0.073181	0.027061
20020	0.044751	0.072557	0.027276
20021	0.042379	0.071934	0.027485
20022	0.0495	0.073803	0.026839
20023	0.056621	0.071934	0.027485
20024	0.054249	0.072557	0.027276
20025	0.05187	0.073181	0.027061
20026	0.057103	0.072821	0.027186
20027	0.05521	0.073316	0.027013
20028	0.053313	0.073813	0.026835
20029	0.051422	0.074308	0.026654
20030	0.05332	0.074806	0.026468
20031	0.055212	0.075302	0.026277
20032	0.057109	0.0758	0.026082
20033	0.045699	0.073806	0.026838
20034	0.043798	0.073307	0.027016
20035	0.041902	0.072809	0.02719
20036	0.047595	0.074303	0.026656
20037	0.041895	0.075799	0.026083
20038	0.043797	0.0753	0.026278
20039	0.045693	0.074802	0.026469
20040	0.04713	0.075431	0.026227
20041	0.044756	0.076052	0.025982
20042	0.042373	0.076675	0.025728
20043	0.049514	0.074807	0.026467
20044	0.056634	0.076675	0.025728
20045	0.054258	0.076052	0.025982
20046	0.051891	0.075431	0.026227
20047	0.019	0.1773	0.024381
20048	0.016634	0.17668	0.024645
20049	0.014258	0.17605	0.024903
20050	0.011891	0.17543	0.025153
20051	0.0095141	0.17481	0.025397
20052	0.0071303	0.17543	0.025153
20053	0.0047556	0.17605	0.024903
20054	0.0023729	0.17668	0.024645
20055	0.0	0.1773	0.024381
20056	0.0	0.1763	0.024803
20057	0.0018953	0.1758	0.025006
20058	0.0037966	0.1753	0.025205
20059	0.0056929	0.1748	0.025398
20060	0.0075949	0.1743	0.025589
20061	0.0056992	0.17381	0.025774
20062	0.0037982	0.17331	0.025955
20063	0.0019016	0.17281	0.026131
20064	-7.8139e-18	0.17231	0.026304
20065	0.011422	0.17431	0.025587
20066	0.01332	0.17481	0.025397
20067	0.015212	0.1753	0.025204
20068	0.017109	0.1758	0.025005
20069	0.019	0.1763	0.024803
20070	0.019	0.17232	0.026299
20071	0.017103	0.17282	0.026127
20072	0.01521	0.17332	0.025951
20073	0.013313	0.17381	0.025771
20074	0.019	0.17131	0.026637
20075	0.016621	0.17193	0.026431
20076	0.014249	0.17256	0.026219
20077	0.01187	0.17318	0.026
20078	0.0095	0.1738	0.025774
20079	0.0071296	0.17318	0.026
20080	0.0047511	0.17256	0.026219
20081	0.0023794	0.17193	0.026431
20082	0.0	0.17131	0.026637
20083	0.019	0.17232	0.027355
20084	0.019	0.17131	0.027688
20085	0.0	0.1773	0.025469
20086	0.0	0.1763	0.025883
20087	-7.8139e-18	0.17231	0.02736
20088	0.0	0.17131	0.027688
20089	0.019	0.1773	0.025469
20090	0.019	0.1763	0.025883
20091	0.0071296	0.17318	0.027061
20092	0.0047511	0.17256	0.027276
20093	0.0023793	0.17193	0.027485
20094	0.0095	0.1738	0.026839
20095	0.016621	0.17193	0.027485
20096	0.014249	0.17256	0.027276
20097	0.01187	0.17318	0.027061
20098	0.017103	0.17282	0.027186
20099	0.01521	0.17332	0.027013
20100	0.013313	0.17381	0.026835
20101	0.011422	0.17431	0.026654
20102	0.01332	0.17481	0.026468
20103	0.015212	0.1753	0.026277
20104	0.017109	0.1758	0.026082
20105	0.0056992	0.17381	0.026838
20106	0.0037982	0.17331	0.027016
20107	0.0019016	0.17281	0.02719
20108	0.0075949	0.1743	0.026656
20109	0.0018953	0.1758	0.026083
20110	0.0037966	0.1753	0.026278
20111	0.0056929	0.1748	0.026469
20112	0.0071303	0.17543	0.026227
20113	0.0047557	0.17605	0.025982
20114	0.002373	0.17668	0.025728
20115	0.0095141	0.17481	0.026467
20116	0.016634	0.17668	0.025728
20117	0.014258	0.17605	0.025982
20118	0.011891	0.17543	0.026227
20119	0.039	0.1773	0.024381
20120	0.036634	0.17668	0.024645
20121	0.034258	0.17605	0.024903
20122	0.031891	0.17543	0.025153
20123	0.029514	0.17481	0.025397
20124	0.02713	0.17543	0.025153
20125	0.024756	0.17605	0.024903
20126	0.022373	0.17668	0.024645
20127	0.02	0.1773	0.024381
20128	0.02	0.1763	0.024803
20129	0.021895	0.1758	0.025006
20130	0.023797	0.1753	0.025205
20131	0.025693	0.1748	0.025398
20132	0.027595	0.1743	0.025589
20133	0.025699	0.17381	0.025774
20134	0.023798	0.17331	0.025955
20135	0.021902	0.17281	0.026131
20136	0.02	0.17231	0.026304
20137	0.031422	0.17431	0.025587
20138	0.03332	0.17481	0.025397
20139	0.035212	0.1753	0.025204
20140	0.037109	0.1758	0.025005
20141	0.039	0.1763	0.024803
20142	0.039	0.17232	0.026299
20143	0.037103	0.17282	0.026127
20144	0.03521	0.17332	0.025951
20145	0.033313	0.17381	0.025771
20146	0.039	0.17131	0.026637
20147	0.036621	0.17193	0.026431
20148	0.034249	0.17256	0.026219
20149	0.03187	0.17318	0.026
20150	0.0295	0.1738	0.025774
20151	0.02713	0.17318	0.026
20152	0.024751	0.17256	0.026219
20153	0.022379	0.17193	0.026431
20154	0.02	0.17131	0.026637
20155	0.02	0.1773	0.025469
20156	0.02	0.1763	0.025883
20157	0.02	0.17231	0.02736
20158	0.02	0.17131	0.027688
20159	0.039	0.1773	0.025469
20160	0.039	0.1763	0.025883
20161	0.039	0.17232	0.027355
20162	0.039	0.17131	0.027688
20163	0.02713	0.17318	0.027061
20164	0.024751	0.17256	0.027276
20165	0.022379	0.17193	0.027485
20166	0.0295	0.1738	0.026839
20167	0.036621	0.17193	0.027485
20168	0.034249	0.17256	0.027276
20169	0.03187	0.17318	0.027061
20170	0.037103	0.17282	0.027186
20171	0.03521	0.17332	0.027013
20172	0.033313	0.17381	0.026835
20173	0.031422	0.17431	0.026654
20174	0.03332	0.17481	0.026468
20175	0.035212	0.1753	0.026277
20176	0.037109	0.1758	0.026082
20177	0.025699	0.17381	0.026838
20178	0.023798	0.17331	0.027016
20179	0.021902	0.17281	0.02719
20180	0.027595	0.1743	0.026656
20181	0.021895	0.1758	0.026083
20182	0.023797	0.1753	0.026278
20183	0.025693	0.1748	0.026469
20184	0.02713	0.17543	0.026227
20185	0.024756	0.17605	0.025982
20186	0.022373	0.17668	0.025728
20187	0.029514	0.17481	0.026467
20188	0.036634	0.17668	0.025728
20189	0.034258	0.17605	0.025982
20190	0.031891	0.17543	0.026227
20191	0.059	0.1773	0.024381
20192	0.056634	0.17668	0.024645
20193	0.054258	0.17605	0.024903
20194	0.051891	0.17543	0.025153
20195	0.049514	0.17481	0.025397
20196	0.04713	0.17543	0.025153
20197	0.044756	0.17605	0.024903
20198	0.042373	0.17668	0.024645
20199	0.04	0.1773	0.024381
20200	0.04	0.1763	0.024803
20201	0.041895	0.1758	0.025006
20202	0.043797	0.1753	0.025205
20203	0.045693	0.1748	0.025398
20204	0.047595	0.1743	0.025589
20205	0.045699	0.17381	0.025774
20206	0.043798	0.17331	0.025955
20207	0.041902	0.17281	0.026131
20208	0.04	0.17231	0.026304
20209	0.051422	0.17431	0.025587
20210	0.05332	0.17481	0.025397
20211	0.055212	0.1753	0.025204
20212	0.057109	0.1758	0.025005
20213	0.059	0.1763	0.024803
20214	0.059	0.17232	0.026299
20215	0.057103	0.17282	0.026127
20216	0.05521	0.17332	0.025951
20217	0.053313	0.17381	0.025771
20218	0.059	0.17131	0.026637
20219	0.056621	0.17193	0.026431
20220	0.054249	0.17256	0.026219
20221	0.05187	0.17318	0.026
20222	0.0495	0.1738	0.025774
20223	0.04713	0.17318	0.026
20224	0.044751	0.17256	0.026219
20225	0.042379	0.17193	0.026431
20226	0.04	0.17131	0.026637
20227	0.059	0.17232	0.027355
20228	0.059	0.17131	0.027688
20229	0.04	0.1773	0.025469
20230	0.04	0.1763	0.025883
20231	0.04	0.17231	0.02736
20232	0.04	0.17131	0.027688
20233	0.059	0.1773	0.025469
20234	0.059	0.1763	0.025883
20235	0.04713	0.17318	0.027061
20236	0.044751	0.17256	0.027276
20237	0.042379	0.17193	0.027485
20238	0.0495	0.1738	0.026839
20239	0.056621	0.17193	0.027485
20240	0.054249	0.17256	0.027276
20241	0.05187	0.17318	0.027061
20242	0.057103	0.17282	0.027186
20243	0.05521	0.17332	0.027013
20244	0.053313	0.17381	0.026835
20245	0.051422	0.17431	0.026654
20246	0.05332	0.17481	0.026468
20247	0.055212	0.1753	0.026277
20248	0.057109	0.1758	0.026082
20249	0.045699	0.17381	0.026838
20250	0.043798	0.17331	0.027016
20251	0.041902	0.17281	0.02719
20252	0.047595	0.1743	0.026656
20253	0.041895	0.1758	0.026083
20254	0.043797	0.1753	0.026278
20255	0.045693	0.1748	0.026469
20256	0.04713	0.17543	0.026227
20257	0.044756	0.17605	0.025982
20258	0.042373	0.17668	0.025728
20259	0.049514	0.17481	0.026467
20260	0.056634	0.17668	0.025728
20261	0.054258	0.17605	0.025982
20262	0.051891	0.17543	0.026227
20263	0.0	0.2763	0.024803
20264	0.0	0.2773	0.024381
20265	0.019	0.27131	0.026637
20266	0.019	0.27232	0.026299
20267	0.016621	0.27193	0.026431
20268	0.014249	0.27256	0.026219
20269	0.01187	0.27318	0.026
20270	0.0095	0.2738	0.025774
20271	0.0071296	0.27318	0.026
20272	0.0047511	0.27256	0.026219
20273	0.0023794	0.27193	0.026431
20274	0.0	0.27131	0.026637
20275	0.0018953	0.2758	0.025006
20276	0.0037966	0.2753	0.025205
20277	0.0056929	0.2748	0.025398
20278	0.0075949	0.2743	0.025589
20279	0.0056992	0.27381	0.025774
20280	0.0037982	0.27331	0.025955
20281	0.0019016	0.27281	0.026131
20282	-7.8139e-18	0.27231	0.026304
20283	0.019	0.2773	0.024381
20284	0.016634	0.27668	0.024645
20285	0.014258	0.27605	0.024903
20286	0.011891	0.27543	0.025153
20287	0.0095141	0.27481	0.025397
20288	0.0071303	0.27543	0.025153
20289	0.0047556	0.27605	0.024903
20290	0.0023729	0.27668	0.024645
20291	0.011422	0.27431	0.025587
20292	0.01332	0.27481	0.025397
20293	0.015212	0.2753	0.025204
20294	0.017109	0.2758	0.025005
20295	0.019	0.2763	0.024803
20296	0.017103	0.27282	0.026127
20297	0.01521	0.27332	0.025951
20298	0.013313	0.27381	0.025771
20299	0.0	0.27131	0.027688
20300	-7.8139e-18	0.27231	0.02736
20301	0.019	0.2773	0.025469
20302	0.019	0.2763	0.025883
20303	0.017103	0.27282	0.027186
20304	0.01521	0.27332	0.027013
20305	0.013313	0.27381	0.026835
20306	0.019	0.27232	0.027355
20307	0.011422	0.27431	0.026654
20308	0.01332	0.27481	0.026468
20309	0.015212	0.2753	0.026277
20310	0.017109	0.2758	0.026082
20311	0.0071303	0.27543	0.026227
20312	0.0047557	0.27605	0.025982
20313	0.002373	0.27668	0.025728
20314	0.0	0.2773	0.025469
20315	0.0095141	0.27481	0.026467
20316	0.016634	0.27668	0.025728
20317	0.014258	0.27605	0.025982
20318	0.011891	0.27543	0.026227
20319	0.0056992	0.27381	0.026838
20320	0.0037982	0.27331	0.027016
20321	0.0019016	0.27281	0.02719
20322	0.0075949	0.2743	0.026656
20323	0.0018953	0.2758	0.026083
20324	0.0037966	0.2753	0.026278
20325	0.0056929	0.2748	0.026469
20326	0.0	0.2763	0.025883
20327	0.0071296	0.27318	0.027061
20328	0.0047511	0.27256	0.027276
20329	0.0023793	0.27193	0.027485
20330	0.0095	0.2738	0.026839
20331	0.016621	0.27193	0.027485
20332	0.014249	0.27256	0.027276
20333	0.01187	0.27318	0.027061
20334	0.019	0.27131	0.027688
20335	0.039	0.2773	0.024381
20336	0.036634	0.27668	0.024645
20337	0.034258	0.27605	0.024903
20338	0.031891	0.27543	0.025153
20339	0.029514	0.27481	0.025397
20340	0.02713	0.27543	0.025153
20341	0.024756	0.27605	0.024903
20342	0.022373	0.27668	0.024645
20343	0.02	0.2773	0.024381
20344	0.02	0.2763	0.024803
20345	0.021895	0.2758	0.025006
20346	0.023797	0.2753	0.025205
20347	0.025693	0.2748	0.025398
20348	0.027595	0.2743	0.025589
20349	0.025699	0.27381	0.025774
20350	0.023798	0.27331	0.025955
20351	0.021902	0.27281	0.026131
20352	0.02	0.27231	0.026304
20353	0.031422	0.27431	0.025587
20354	0.03332	0.27481	0.025397
20355	0.035212	0.2753	0.025204
20356	0.037109	0.2758	0.025005
20357	0.039	0.2763	0.024803
20358	0.039	0.27232	0.026299
20359	0.037103	0.27282	0.026127
20360	0.03521	0.27332	0.025951
20361	0.033313	0.27381	0.025771
20362	0.039	0.27131	0.026637
20363	0.036621	0.27193	0.026431
20364	0.034249	0.27256	0.026219
20365	0.03187	0.27318	0.026
20366	0.0295	0.2738	0.025774
20367	0.02713	0.27318	0.026
20368	0.024751	0.27256	0.026219
20369	0.022379	0.27193	0.026431
20370	0.02	0.27131	0.026637
20371	0.02	0.2773	0.025469
20372	0.02	0.2763	0.025883
20373	0.02	0.27231	0.02736
20374	0.02	0.27131	0.027688
20375	0.039	0.2773	0.025469
20376	0.039	0.2763	0.025883
20377	0.039	0.27232	0.027355
20378	0.039	0.27131	0.027688
20379	0.02713	0.27318	0.027061
20380	0.024751	0.27256	0.027276
20381	0.022379	0.27193	0.027485
20382	0.0295	0.2738	0.026839
20383	0.036621	0.27193	0.027485
20384	0.034249	0.27256	0.027276
20385	0.03187	0.27318	0.027061
20386	0.037103	0.27282	0.027186
20387	0.03521	0.27332	0.027013
20388	0.033313	0.27381	0.026835
20389	0.031422	0.27431	0.026654
20390	0.03332	0.27481	0.026468
20391	0.035212	0.2753	0.026277
20392	0.037109	0.2758	0.026082
20393	0.025699	0.27381	0.026838
20394	0.023798	0.27331	0.027016
20395	0.021902	0.27281	0.02719
20396	0.027595	0.2743	0.026656
20397	0.021895	0.2758	0.026083
20398	0.023797	0.2753	0.026278
20399	0.025693	0.2748	0.026469
20400	0.02713	0.27543	0.026227
20401	0.024756	0.27605	0.025982
20402	0.022373	0.27668	0.025728
20403	0.029514	0.27481	0.026467
20404	0.036634	0.27668	0.025728
20405	0.034258	0.27605	0.025982
20406	0.031891	0.27543	0.026227
20407	0.059	0.2773	0.024381
20408	0.056634	0.27668	0.024645
20409	0.054258	0.27605	0.024903
20410	0.051891	0.27543	0.025153
20411	0.049514	0.27481	0.025397
20412	0.04713	0.27543	0.025153
20413	0.044756	0.27605	0.024903
20414	0.042373	0.27668	0.024645
20415	0.04	0.2773	0.024381
20416	0.04	0.2763	0.024803
20417	0.041895	0.2758	0.025006
20418	0.043797	0.2753	0.025205
20419	0.045693	0.2748	0.025398
20420	0.047595	0.2743	0.025589
20421	0.045699	0.27381	0.025774
20422	0.043798	0.27331	0.025955
20423	0.041902	0.27281	0.026131
20424	0.04	0.27231	0.026304
20425	0.051422	0.27431	0.025587
20426	0.05332	0.27481	0.025397
20427	0.055212	0.2753	0.025204
20428	0.057109	0.2758	0.025005
20429	0.059	0.2763	0.024803
20430	0.059	0.27232	0.026299
20431	0.057103	0.27282	0.026127
20432	0.05521	0.27332	0.025951
20433	0.053313	0.27381	0.025771
20434	0.059	0.27131	0.026637
20435	0.056621	0.27193	0.026431
20436	0.054249	0.27256	0.026219
20437	0.05187	0.27318	0.026
20438	0.0495	0.2738	0.025774
20439	0.04713	0.27318	0.026
20440	0.044751	0.27256	0.026219
20441	0.042379	0.27193	0.026431
20442	0.04	0.27131	0.026637
20443	0.04	0.2773	0.025469
20444	0.04	0.2763	0.025883
20445	0.04	0.27231	0.02736
20446	0.04	0.27131	0.027688
20447	0.059	0.2773	0.025469
20448	0.059	0.2763	0.025883
20449	0.059	0.27232	0.027355
20450	0.059	0.27131	0.027688
20451	0.04713	0.27318	0.027061
20452	0.044751	0.27256	0.027276
20453	0.042379	0.27193	0.027485
20454	0.0495	0.2738	0.026839
20455	0.056621	0.27193	0.027485
20456	0.054249	0.27256	0.027276
20457	0.05187	0.27318	0.027061
20458	0.057103	0.27282	0.027186
20459	0.05521	0.27332	0.027013
20460	0.053313	0.27381	0.026835
20461	0.051422	0.27431	0.026654
20462	0.05332	0.27481	0.026468
20463	0.055212	0.2753	0.026277
20464	0.057109	0.2758	0.026082
20465	0.045699	0.27381	0.026838
20466	0.043798	0.27331	0.027016
20467	0.041902	0.27281	0.02719
20468	0.047595	0.2743	0.026656
20469	0.041895	0.2758	0.026083
20470	0.043797	0.2753	0.026278
20471	0.045693	0.2748	0.026469
20472	0.04713	0.27543	0.026227
20473	0.044756	0.27605	0.025982
20474	0.042373	0.27668	0.025728
20475	0.049514	0.27481	0.026467
20476	0.056634	0.27668	0.025728
20477	0.054258	0.27605	0.025982
20478	0.051891	0.27543	0.026227
20479	0.019	0.030325	0.027145
20480	0.017108	0.03082	0.027291
20481	0.015212	0.031316	0.027432
20482	0.013319	0.031811	0.02757
20483	0.011422	0.032308	0.027703
20484	0.013314	0.032804	0.027833
20485	0.015211	0.033302	0.027959
20486	0.017104	0.033799	0.028081
20487	0.019	0.034296	0.028199
20488	0.0095141	0.032807	0.027834
20489	0.0071386	0.033428	0.027991
20490	0.0047578	0.034051	0.028142
20491	0.0023814	0.034673	0.028286
20492	0.0	0.035296	0.028425
20493	0.019	0.035296	0.028425
20494	0.016626	0.034673	0.028286
20495	0.014256	0.034051	0.028142
20496	0.011882	0.033428	0.027991
20497	0.0075949	0.032303	0.027702
20498	0.0056939	0.031804	0.027568
20499	0.0037969	0.031306	0.02743
20500	0.0018964	0.030808	0.027287
20501	-7.8139e-18	0.03031	0.027141
20502	3.4694e-18	0.034296	0.028199
20503	0.0019007	0.033798	0.028081
20504	0.0037979	0.0333	0.027959
20505	0.0056982	0.032801	0.027832
20506	0.0095	0.031803	0.027567
20507	0.0071214	0.031179	0.027394
20508	0.0047491	0.030556	0.027214
20509	0.0023711	0.029932	0.027027
20510	0.0	0.02931	0.026835
20511	0.019	0.02931	0.026835
20512	0.016629	0.029932	0.027027
20513	0.014251	0.030556	0.027214
20514	0.011879	0.031179	0.027394
20515	0.019	0.034296	0.029226
20516	0.019	0.035296	0.029449
20517	0.019	0.030325	0.028188
20518	0.019	0.02931	0.027883
20519	0.0	0.035296	0.029449
20520	0.0	0.034296	0.029226
20521	-7.8139e-18	0.03031	0.028184
20522	0.0	0.02931	0.027883
20523	0.016629	0.029932	0.028072
20524	0.014251	0.030556	0.028256
20525	0.011879	0.031179	0.028432
20526	0.0095	0.031803	0.028604
20527	0.0071214	0.031179	0.028432
20528	0.0047491	0.030556	0.028256
20529	0.0023712	0.029932	0.028072
20530	0.0019007	0.033798	0.029109
20531	0.0037979	0.0333	0.028989
20532	0.0056982	0.032801	0.028864
20533	0.0075949	0.032303	0.028736
20534	0.005694	0.031804	0.028604
20535	0.0037969	0.031306	0.028468
20536	0.0018964	0.030808	0.028328
20537	0.016626	0.034673	0.029312
20538	0.014256	0.034051	0.029169
20539	0.011882	0.033428	0.02902
20540	0.0095141	0.032807	0.028866
20541	0.0071386	0.033428	0.02902
20542	0.0047577	0.034051	0.029169
20543	0.0023814	0.034673	0.029312
20544	0.013314	0.032804	0.028865
20545	0.015211	0.033302	0.028989
20546	0.017104	0.033799	0.02911
20547	0.011422	0.032308	0.028737
20548	0.017108	0.03082	0.028331
20549	0.015212	0.031316	0.028471
20550	0.013319	0.031811	0.028606
20551	0.039	0.035296	0.028425
20552	0.036626	0.034673	0.028286
20553	0.034256	0.034051	0.028142
20554	0.031882	0.033428	0.027991
20555	0.029514	0.032807	0.027834
20556	0.027139	0.033428	0.027991
20557	0.024758	0.034051	0.028142
20558	0.022381	0.034673	0.028286
20559	0.02	0.035296	0.028425
20560	0.02	0.034296	0.028199
20561	0.021901	0.033798	0.028081
20562	0.023798	0.0333	0.027959
20563	0.025698	0.032801	0.027832
20564	0.027595	0.032303	0.027702
20565	0.025694	0.031804	0.027568
20566	0.023797	0.031306	0.02743
20567	0.021896	0.030808	0.027287
20568	0.02	0.03031	0.027141
20569	0.031422	0.032308	0.027703
20570	0.033314	0.032804	0.027833
20571	0.035211	0.033302	0.027959
20572	0.037104	0.033799	0.028081
20573	0.039	0.034296	0.028199
20574	0.039	0.030325	0.027145
20575	0.037108	0.03082	0.027291
20576	0.035212	0.031316	0.027432
20577	0.033319	0.031811	0.02757
20578	0.039	0.02931	0.026835
20579	0.036629	0.029932	0.027027
20580	0.034251	0.030556	0.027214
20581	0.031879	0.031179	0.027394
20582	0.0295	0.031803	0.027567
20583	0.027121	0.031179	0.027394
20584	0.024749	0.030556	0.027214
20585	0.022371	0.029932	0.027027
20586	0.02	0.02931	0.026835
20587	0.039	0.030325	0.028188
20588	0.039	0.02931	0.027883
20589	0.039	0.035296	0.029449
20590	0.039	0.034296	0.029226
20591	0.02	0.03031	0.028184
20592	0.02	0.02931	0.027883
20593	0.02	0.035296	0.029449
20594	0.02	0.034296	0.029226
20595	0.027121	0.031179	0.028432
20596	0.024749	0.030556	0.028256
20597	0.022371	0.029932	0.028072
20598	0.0295	0.031803	0.028604
20599	0.036629	0.029932	0.028072
20600	0.034251	0.030556	0.028256
20601	0.031879	0.031179	0.028432
20602	0.037108	0.03082	0.028331
20603	0.035212	0.031316	0.028471
20604	0.033319	0.031811	0.028606
20605	0.031422	0.032308	0.028737
20606	0.033314	0.032804	0.028865
20607	0.035211	0.033302	0.028989
20608	0.037104	0.033799	0.02911
20609	0.025694	0.031804	0.028604
20610	0.023797	0.031306	0.028468
20611	0.021896	0.030808	0.028328
20612	0.027595	0.032303	0.028736
20613	0.021901	0.033798	0.029109
20614	0.023798	0.0333	0.028989
20615	0.025698	0.032801	0.028864
20616	0.027139	0.033428	0.02902
20617	0.024758	0.034051	0.029169
20618	0.022381	0.034673	0.029312
20619	0.029514	0.032807	0.028866
20620	0.036626	0.034673	0.029312
20621	0.034256	0.034051	0.029169
20622	0.031882	0.033428	0.02902
20623	0.059	0.035296	0.028425
20624	0.056626	0.034673	0.028286
20625	0.054256	0.034051	0.028142
20626	0.051882	0.033428	0.027991
20627	0.049514	0.032807	0.027834
20628	0.047139	0.033428	0.027991
20629	0.044758	0.034051	0.028142
20630	0.042381	0.034673	0.028286
20631	0.04	0.035296	0.028425
20632	0.04	0.034296	0.028199
20633	0.041901	0.033798	0.028081
20634	0.043798	0.0333	0.027959
20635	0.045698	0.032801	0.027832
20636	0.047595	0.032303	0.027702
20637	0.045694	0.031804	0.027568
20638	0.043797	0.031306	0.02743
20639	0.041896	0.030808	0.027287
20640	0.04	0.03031	0.027141
20641	0.051422	0.032308	0.027703
20642	0.053314	0.032804	0.027833
20643	0.055211	0.033302	0.027959
20644	0.057104	0.033799	0.028081
20645	0.059	0.034296	0.028199
20646	0.059	0.030325	0.027145
20647	0.057108	0.03082	0.027291
20648	0.055212	0.031316	0.027432
20649	0.053319	0.031811	0.02757
20650	0.059	0.02931	0.026835
20651	0.056629	0.029932	0.027027
20652	0.054251	0.030556	0.027214
20653	0.051879	0.031179	0.027394
20654	0.0495	0.031803	0.027567
20655	0.047121	0.031179	0.027394
20656	0.044749	0.030556	0.027214
20657	0.042371	0.029932	0.027027
20658	0.04	0.02931	0.026835
20659	0.059	0.030325	0.028188
20660	0.059	0.02931	0.027883
20661	0.059	0.035296	0.029449
20662	0.059	0.034296	0.029226
20663	0.04	0.03031	0.028184
20664	0.04	0.02931	0.027883
20665	0.04	0.035296	0.029449
20666	0.04	0.034296	0.029226
20667	0.047121	0.031179	0.028432
20668	0.044749	0.030556	0.028256
20669	0.042371	0.029932	0.028072
20670	0.0495	0.031803	0.028604
20671	0.056629	0.029932	0.028072
20672	0.054251	0.030556	0.028256
20673	0.051879	0.031179	0.028432
20674	0.057108	0.03082	0.028331
20675	0.055212	0.031316	0.028471
20676	0.053319	0.031811	0.028606
20677	0.051422	0.032308	0.028737
20678	0.053314	0.032804	0.028865
20679	0.055211	0.033302	0.028989
20680	0.057104	0.033799	0.02911
20681	0.045694	0.031804	0.028604
20682	0.043797	0.031306	0.028468
20683	0.041896	0.030808	0.028328
20684	0.047595	0.032303	0.028736
20685	0.041901	0.033798	0.029109
20686	0.043798	0.0333	0.028989
20687	0.045698	0.032801	0.028864
20688	0.047139	0.033428	0.02902
20689	0.044758	0.034051	0.029169
20690	0.042381	0.034673	0.029312
20691	0.049514	0.032807	0.028866
20692	0.056626	0.034673	0.029312
20693	0.054256	0.034051	0.029169
20694	0.051882	0.033428	0.02902
20695	0.019	0.1353	0.028425
20696	0.016626	0.13467	0.028286
20697	0.014256	0.13405	0.028142
20698	0.011882	0.13343	0.027991
20699	0.0095141	0.13281	0.027834
20700	0.0071386	0.13343	0.027991
20701	0.0047577	0.13405	0.028142
20702	0.0023814	0.13467	0.028286
20703	0.0	0.1353	0.028425
20704	3.4694e-18	0.1343	0.028199
20705	0.0019007	0.1338	0.028081
20706	0.0037979	0.1333	0.027959
20707	0.0056982	0.1328	0.027832
20708	0.0075949	0.1323	0.027702
20709	0.0056939	0.1318	0.027568
20710	0.0037969	0.13131	0.02743
20711	0.0018964	0.13081	0.027287
20712	-7.8139e-18	0.13031	0.027141
20713	0.011422	0.13231	0.027703
20714	0.013314	0.1328	0.027833
20715	0.015211	0.1333	0.027959
20716	0.017104	0.1338	0.028081
20717	0.019	0.1343	0.028199
20718	0.019	0.13032	0.027145
20719	0.017108	0.13082	0.027291
20720	0.015212	0.13132	0.027432
20721	0.013319	0.13181	0.02757
20722	0.019	0.12931	0.026835
20723	0.016629	0.12993	0.027027
20724	0.014251	0.13056	0.027214
20725	0.011879	0.13118	0.027394
20726	0.0095	0.1318	0.027567
20727	0.0071214	0.13118	0.027394
20728	0.0047491	0.13056	0.027214
20729	0.0023711	0.12993	0.027027
20730	0.0	0.12931	0.026835
20731	0.019	0.13032	0.028188
20732	0.019	0.12931	0.027883
20733	0.019	0.1353	0.029449
20734	0.019	0.1343	0.029226
20735	-7.8139e-18	0.13031	0.028184
20736	0.0	0.12931	0.027883
20737	0.0	0.1353	0.029449
20738	0.0	0.1343	0.029226
20739	0.0071214	0.13118	0.028432
20740	0.0047491	0.13056	0.028256
20741	0.0023712	0.12993	0.028072
20742	0.0095	0.1318	0.028604
20743	0.016629	0.12993	0.028072
20744	0.014251	0.13056	0.028256
20745	0.011879	0.13118	0.028432
20746	0.017108	0.13082	0.028331
20747	0.015212	0.13132	0.028471
20748	0.013319	0.13181	0.028606
20749	0.011422	0.13231	0.028737
20750	0.013314	0.1328	0.028865
20751	0.015211	0.1333	0.028989
20752	0.017104	0.1338	0.02911
20753	0.005694	0.1318	0.028604
20754	0.0037969	0.13131	0.028468
20755	0.0018964	0.13081	0.028328
20756	0.0075949	0.1323	0.028736
20757	0.0019007	0.1338	0.029109
20758	0.0037979	0.1333	0.028989
20759	0.0056982	0.1328	0.028864
20760	0.0071386	0.13343	0.02902
20761	0.0047577	0.13405	0.029169
20762	0.0023814	0.13467	0.029312
20763	0.0095141	0.13281	0.028866
20764	0.016626	0.13467	0.029312
20765	0.014256	0.13405	0.029169
20766	0.011882	0.13343	0.02902
20767	0.039	0.1353	0.028425
20768	0.036626	0.13467	0.028286
20769	0.034256	0.13405	0.028142
20770	0.031882	0.13343	0.027991
20771	0.029514	0.13281	0.027834
20772	0.027139	0.13343	0.027991
20773	0.024758	0.13405	0.028142
20774	0.022381	0.13467	0.028286
20775	0.02	0.1353	0.028425
20776	0.02	0.1343	0.028199
20777	0.021901	0.1338	0.028081
20778	0.023798	0.1333	0.027959
20779	0.025698	0.1328	0.027832
20780	0.027595	0.1323	0.027702
20781	0.025694	0.1318	0.027568
20782	0.023797	0.13131	0.02743
20783	0.021896	0.13081	0.027287
20784	0.02	0.13031	0.027141
20785	0.031422	0.13231	0.027703
20786	0.033314	0.1328	0.027833
20787	0.035211	0.1333	0.027959
20788	0.037104	0.1338	0.028081
20789	0.039	0.1343	0.028199
20790	0.039	0.13032	0.027145
20791	0.037108	0.13082	0.027291
20792	0.035212	0.13132	0.027432
20793	0.033319	0.13181	0.02757
20794	0.039	0.12931	0.026835
20795	0.036629	0.12993	0.027027
20796	0.034251	0.13056	0.027214
20797	0.031879	0.13118	0.027394
20798	0.0295	0.1318	0.027567
20799	0.027121	0.13118	0.027394
20800	0.024749	0.13056	0.027214
20801	0.022371	0.12993	0.027027
20802	0.02	0.12931	0.026835
20803	0.039	0.13032	0.028188
20804	0.039	0.12931	0.027883
20805	0.039	0.1353	0.029449
20806	0.039	0.1343	0.029226
20807	0.02	0.13031	0.028184
20808	0.02	0.12931	0.027883
20809	0.02	0.1353	0.029449
20810	0.02	0.1343	0.029226
20811	0.027121	0.13118	0.028432
20812	0.024749	0.13056	0.028256
20813	0.022371	0.12993	0.028072
20814	0.0295	0.1318	0.028604
20815	0.036629	0.12993	0.028072
20816	0.034251	0.13056	0.028256
20817	0.031879	0.13118	0.028432
20818	0.037108	0.13082	0.028331
20819	0.035212	0.13132	0.028471
20820	0.033319	0.13181	0.028606
20821	0.031422	0.13231	0.028737
20822	0.033314	0.1328	0.028865
20823	0.035211	0.1333	0.028989
20824	0.037104	0.1338	0.02911
20825	0.025694	0.1318	0.028604
20826	0.023797	0.13131	0.028468
20827	0.021896	0.13081	0.028328
20828	0.027595	0.1323	0.028736
20829	0.021901	0.1338	0.029109
20830	0.023798	0.1333	0.028989
20831	0.025698	0.1328	0.028864
20832	0.027139	0.13343	0.02902
20833	0.024758	0.13405	0.029169
20834	0.022381	0.13467	0.029312
20835	0.029514	0.13281	0.028866
20836	0.036626	0.13467	0.029312
20837	0.034256	0.13405	0.029169
20838	0.031882	0.13343	0.02902
20839	0.059	0.1353	0.028425
20840	0.056626	0.13467	0.028286
20841	0.054256	0.13405	0.028142
20842	0.051882	0.13343	0.027991
20843	0.049514	0.13281	0.027834
20844	0.047139	0.13343	0.027991
20845	0.044758	0.13405	0.028142
20846	0.042381	0.13467	0.028286
20847	0.04	0.1353	0.028425
20848	0.04	0.1343	0.028199
20849	0.041901	0.1338	0.028081
20850	0.043798	0.1333	0.027959
20851	0.045698	0.1328	0.027832
20852	0.047595	0.1323	0.027702
20853	0.045694	0.1318	0.027568
20854	0.043797	0.13131	0.02743
20855	0.041896	0.13081	0.027287
20856	0.04	0.13031	0.027141
20857	0.051422	0.13231	0.027703
20858	0.053314	0.1328	0.027833
20859	0.055211	0.1333	0.027959
20860	0.057104	0.1338	0.028081
20861	0.059	0.1343	0.028199
20862	0.059	0.13032	0.027145
20863	0.057108	0.13082	0.027291
20864	0.055212	0.13132	0.027432
20865	0.053319	0.13181	0.02757
20866	0.059	0.12931	0.026835
20867	0.056629	0.12993	0.027027
20868	0.054251	0.13056	0.027214
20869	0.051879	0.13118	0.027394
20870	0.0495	0.1318	0.027567
20871	0.047121	0.13118	0.027394
20872	0.044749	0.13056	0.027214
20873	0.042371	0.12993	0.027027
20874	0.04	0.12931	0.026835
20875	0.059	0.13032	0.028188
20876	0.059	0.12931	0.027883
20877	0.059	0.1353	0.029449
20878	0.059	0.1343	0.029226
20879	0.04	0.13031	0.028184
20880	0.04	0.12931	0.027883
20881	0.04	0.1353	0.029449
20882	0.04	0.1343	0.029226
20883	0.047121	0.13118	0.028432
20884	0.044749	0.13056	0.028256
20885	0.042371	0.12993	0.028072
20886	0.0495	0.1318	0.028604
20887	0.056629	0.12993	0.028072
20888	0.054251	0.13056	0.028256
20889	0.051879	0.13118	0.028432
20890	0.057108	0.13082	0.028331
20891	0.055212	0.13132	0.028471
20892	0.053319	0.13181	0.028606
20893	0.051422	0.13231	0.028737
20894	0.053314	0.1328	0.028865
20895	0.055211	0.1333	0.028989
20896	0.057104	0.1338	0.02911
20897	0.045694	0.1318	0.028604
20898	0.043797	0.13131	0.028468
20899	0.041896	0.13081	0.028328
20900	0.047595	0.1323	0.028736
20901	0.041901	0.1338	0.029109
20902	0.043798	0.1333	0.028989
20903	0.045698	0.1328	0.028864
20904	0.047139	0.13343	0.02902
20905	0.044758	0.13405	0.029169
20906	0.042381	0.13467	0.029312
20907	0.049514	0.13281	0.028866
20908	0.056626	0.13467	0.029312
20909	0.054256	0.13405	0.029169
20910	0.051882	0.13343	0.02902
20911	0.019	0.22931	0.026835
20912	0.016629	0.22993	0.027027
20913	0.014251	0.23056	0.027214
20914	0.011879	0.23118	0.027394
20915	0.0095	0.2318	0.027567
20916	0.0	0.2343	0.028199
20917	0.0019007	0.2338	0.028081
20918	0.0037979	0.2333	0.027959
20919	0.0056982	0.2328	0.027832
20920	0.0075949	0.2323	0.027702
20921	0.0056939	0.2318	0.027568
20922	0.0037969	0.23131	0.02743
20923	0.0018964	0.23081	0.027287
20924	-7.8139e-18	0.23031	0.027141
20925	0.019	0.2353	0.028425
20926	0.016626	0.23467	0.028286
20927	0.014256	0.23405	0.028142
20928	0.011882	0.23343	0.027991
20929	0.0095141	0.23281	0.027834
20930	0.0071386	0.23343	0.027991
20931	0.0047577	0.23405	0.028142
20932	0.0023814	0.23467	0.028286
20933	0.0	0.2353	0.028425
20934	0.011422	0.23231	0.027703
20935	0.013314	0.2328	0.027833
20936	0.015211	0.2333	0.027959
20937	0.017104	0.2338	0.028081
20938	0.019	0.2343	0.028199
20939	0.019	0.23032	0.027145
20940	0.017108	0.23082	0.027291
20941	0.015212	0.23132	0.027432
20942	0.013319	0.23181	0.02757
20943	0.0	0.22931	0.026835
20944	0.0071214	0.23118	0.027394
20945	0.0047491	0.23056	0.027214
20946	0.0023711	0.22993	0.027027
20947	0.019	0.22931	0.027883
20948	0.019	0.23032	0.028188
20949	0.0	0.2343	0.029226
20950	0.0	0.2353	0.029449
20951	0.0071214	0.23118	0.028432
20952	0.0047491	0.23056	0.028256
20953	0.0023712	0.22993	0.028072
20954	0.0095	0.2318	0.028604
20955	0.0	0.22931	0.027883
20956	-7.8139e-18	0.23031	0.028184
20957	0.019	0.2353	0.029449
20958	0.019	0.2343	0.029226
20959	0.017108	0.23082	0.028331
20960	0.015212	0.23132	0.028471
20961	0.013319	0.23181	0.028606
20962	0.011422	0.23231	0.028737
20963	0.013314	0.2328	0.028865
20964	0.015211	0.2333	0.028989
20965	0.017104	0.2338	0.02911
20966	0.0071386	0.23343	0.02902
20967	0.0047577	0.23405	0.029169
20968	0.0023814	0.23467	0.029312
20969	0.0095141	0.23281	0.028866
20970	0.016626	0.23467	0.029312
20971	0.014256	0.23405	0.029169
20972	0.011882	0.23343	0.02902
20973	0.005694	0.2318	0.028604
20974	0.0037969	0.23131	0.028468
20975	0.0018964	0.23081	0.028328
20976	0.0075949	0.2323	0.028736
20977	0.0019007	0.2338	0.029109
20978	0.0037979	0.2333	0.028989
20979	0.0056982	0.2328	0.028864
20980	0.016629	0.22993	0.028072
20981	0.014251	0.23056	0.028256
20982	0.011879	0.23118	0.028432
20983	0.039	0.2353	0.028425
20984	0.036626	0.23467	0.028286
20985	0.034256	0.23405	0.028142
20986	0.031882	0.23343	0.027991
20987	0.029514	0.23281	0.027834
20988	0.027139	0.23343	0.027991
20989	0.024758	0.23405	0.028142
20990	0.022381	0.23467	0.028286
20991	0.02	0.2353	0.028425
20992	0.02	0.2343	0.028199
20993	0.021901	0.2338	0.028081
20994	0.023798	0.2333	0.027959
20995	0.025698	0.2328	0.027832
20996	0.027595	0.2323	0.027702
20997	0.025694	0.2318	0.027568
20998	0.023797	0.23131	0.02743
20999	0.021896	0.23081	0.027287
21000	0.02	0.23031	0.027141
21001	0.031422	0.23231	0.027703
21002	0.033314	0.2328	0.027833
21003	0.035211	0.2333	0.027959
21004	0.037104	0.2338	0.028081
21005	0.039	0.2343	0.028199
21006	0.039	0.23032	0.027145
21007	0.037108	0.23082	0.027291
21008	0.035212	0.23132	0.027432
21009	0.033319	0.23181	0.02757
21010	0.039	0.22931	0.026835
21011	0.036629	0.22993	0.027027
21012	0.034251	0.23056	0.027214
21013	0.031879	0.23118	0.027394
21014	0.0295	0.2318	0.027567
21015	0.027121	0.23118	0.027394
21016	0.024749	0.23056	0.027214
21017	0.022371	0.22993	0.027027
21018	0.02	0.22931	0.026835
21019	0.039	0.23032	0.028188
21020	0.039	0.22931	0.027883
21021	0.039	0.2353	0.029449
21022	0.039	0.2343	0.029226
21023	0.02	0.23031	0.028184
21024	0.02	0.22931	0.027883
21025	0.02	0.2353	0.029449
21026	0.02	0.2343	0.029226
21027	0.027121	0.23118	0.028432
21028	0.024749	0.23056	0.028256
21029	0.022371	0.22993	0.028072
21030	0.0295	0.2318	0.028604
21031	0.036629	0.22993	0.028072
21032	0.034251	0.23056	0.028256
21033	0.031879	0.23118	0.028432
21034	0.037108	0.23082	0.028331
21035	0.035212	0.23132	0.028471
21036	0.033319	0.23181	0.028606
21037	0.031422	0.23231	0.028737
21038	0.033314	0.2328	0.028865
21039	0.035211	0.2333	0.028989
21040	0.037104	0.2338	0.02911
21041	0.025694	0.2318	0.028604
21042	0.023797	0.23131	0.028468
21043	0.021896	0.23081	0.028328
21044	0.027595	0.2323	0.028736
21045	0.021901	0.2338	0.029109
21046	0.023798	0.2333	0.028989
21047	0.025698	0.2328	0.028864
21048	0.027139	0.23343	0.02902
21049	0.024758	0.23405	0.029169
21050	0.022381	0.23467	0.029312
21051	0.029514	0.23281	0.028866
21052	0.036626	0.23467	0.029312
21053	0.034256	0.23405	0.029169
21054	0.031882	0.23343	0.02902
21055	0.059	0.2353	0.028425
21056	0.056626	0.23467	0.028286
21057	0.054256	0.23405	0.028142
21058	0.051882	0.23343	0.027991
21059	0.049514	0.23281	0.027834
21060	0.047139	0.23343	0.027991
21061	0.044758	0.23405	0.028142
21062	0.042381	0.23467	0.028286
21063	0.04	0.2353	0.028425
21064	0.04	0.2343	0.028199
21065	0.041901	0.2338	0.028081
21066	0.043798	0.2333	0.027959
21067	0.045698	0.2328	0.027832
21068	0.047595	0.2323	0.027702
21069	0.045694	0.2318	0.027568
21070	0.043797	0.23131	0.02743
21071	0.041896	0.23081	0.027287
21072	0.04	0.23031	0.027141
21073	0.051422	0.23231	0.027703
21074	0.053314	0.2328	0.027833
21075	0.055211	0.2333	0.027959
21076	0.057104	0.2338	0.028081
21077	0.059	0.2343	0.028199
21078	0.059	0.23032	0.027145
21079	0.057108	0.23082	0.027291
21080	0.055212	0.23132	0.027432
21081	0.053319	0.23181	0.02757
21082	0.059	0.22931	0.026835
21083	0.056629	0.22993	0.027027
21084	0.054251	0.23056	0.027214
21085	0.051879	0.23118	0.027394
21086	0.0495	0.2318	0.027567
21087	0.047121	0.23118	0.027394
21088	0.044749	0.23056	0.027214
21089	0.042371	0.22993	0.027027
21090	0.04	0.22931	0.026835
21091	0.04	0.2353	0.029449
21092	0.04	0.2343	0.029226
21093	0.04	0.23031	0.028184
21094	0.04	0.22931	0.027883
21095	0.059	0.2353	0.029449
21096	0.059	0.2343	0.029226
21097	0.059	0.23032	0.028188
21098	0.059	0.22931	0.027883
21099	0.047121	0.23118	0.028432
21100	0.044749	0.23056	0.028256
21101	0.042371	0.22993	0.028072
21102	0.0495	0.2318	0.028604
21103	0.056629	0.22993	0.028072
21104	0.054251	0.23056	0.028256
21105	0.051879	0.23118	0.028432
21106	0.057108	0.23082	0.028331
21107	0.055212	0.23132	0.028471
21108	0.053319	0.23181	0.028606
21109	0.051422	0.23231	0.028737
21110	0.053314	0.2328	0.028865
21111	0.055211	0.2333	0.028989
21112	0.057104	0.2338	0.02911
21113	0.045694	0.2318	0.028604
21114	0.043797	0.23131	0.028468
21115	0.041896	0.23081	0.028328
21116	0.047595	0.2323	0.028736
21117	0.041901	0.2338	0.029109
21118	0.043798	0.2333	0.028989
21119	0.045698	0.2328	0.028864
21120	0.047139	0.23343	0.02902
21121	0.044758	0.23405	0.029169
21122	0.042381	0.23467	0.029312
21123	0.049514	0.23281	0.028866
21124	0.056626	0.23467	0.029312
21125	0.054256	0.23405	0.029169
21126	0.051882	0.23343	0.02902
21127	0.019	0.065325	0.028287
21128	0.017104	0.065821	0.028172
21129	0.015211	0.066316	0.028053
21130	0.013315	0.066812	0.027931
21131	0.011422	0.067308	0.027804
21132	0.013319	0.067805	0.027673
21133	0.015212	0.068302	0.027539
21134	0.017108	0.0688	0.0274
21135	0.019	0.069296	0.027257
21136	0.0095141	0.067807	0.027673
21137	0.007132	0.06843	0.027503
21138	0.0047562	0.069052	0.027328
21139	0.0023747	0.069675	0.027146
21140	0.0	0.070296	0.026958
21141	0.019	0.070296	0.026958
21142	0.016632	0.069675	0.027146
21143	0.014258	0.069052	0.027328
21144	0.011889	0.06843	0.027503
21145	0.0075949	0.067303	0.027805
21146	0.0056982	0.066805	0.027932
21147	0.0037979	0.066307	0.028056
21148	0.0019006	0.065809	0.028175
21149	-7.8139e-18	0.06531	0.02829
21150	0.0	0.069296	0.027257
21151	0.0018964	0.068799	0.0274
21152	0.0037969	0.0683	0.027539
21153	0.005694	0.067802	0.027674
21154	0.0095	0.066803	0.027933
21155	0.007128	0.066181	0.028086
21156	0.0047507	0.065557	0.028234
21157	0.0023778	0.064934	0.028375
21158	0.0	0.06431	0.02851
21159	0.019	0.06431	0.02851
21160	0.016622	0.064934	0.028375
21161	0.014249	0.065557	0.028234
21162	0.011872	0.066181	0.028086
21163	0.019	0.069296	0.028298
21164	0.019	0.070296	0.028003
21165	0.019	0.065325	0.029312
21166	0.019	0.06431	0.029532
21167	0.0	0.070296	0.028003
21168	0.0	0.069296	0.028298
21169	-7.8139e-18	0.06531	0.029315
21170	0.0	0.06431	0.029532
21171	0.016622	0.064934	0.029399
21172	0.014249	0.065557	0.02926
21173	0.011872	0.066181	0.029114
21174	0.0095	0.066803	0.028964
21175	0.007128	0.066181	0.029114
21176	0.0047507	0.065557	0.02926
21177	0.0023778	0.064934	0.029399
21178	0.0018964	0.068799	0.028439
21179	0.0037969	0.0683	0.028576
21180	0.005694	0.067802	0.028709
21181	0.0075949	0.067303	0.028838
21182	0.0056982	0.066805	0.028963
21183	0.0037979	0.066307	0.029084
21184	0.0019006	0.065809	0.029202
21185	0.016632	0.069675	0.028188
21186	0.014258	0.069052	0.028368
21187	0.011889	0.06843	0.02854
21188	0.0095141	0.067807	0.028707
21189	0.0071321	0.06843	0.02854
21190	0.0047562	0.069052	0.028368
21191	0.0023748	0.069675	0.028188
21192	0.013319	0.067805	0.028708
21193	0.015212	0.068302	0.028575
21194	0.017108	0.0688	0.028438
21195	0.011422	0.067308	0.028837
21196	0.017104	0.065821	0.029199
21197	0.015211	0.066316	0.029082
21198	0.013315	0.066812	0.028961
21199	0.039	0.070296	0.026958
21200	0.036632	0.069675	0.027146
21201	0.034258	0.069052	0.027328
21202	0.031889	0.06843	0.027503
21203	0.029514	0.067807	0.027673
21204	0.027132	0.06843	0.027503
21205	0.024756	0.069052	0.027328
21206	0.022375	0.069675	0.027146
21207	0.02	0.070296	0.026958
21208	0.02	0.069296	0.027257
21209	0.021896	0.068799	0.0274
21210	0.023797	0.0683	0.027539
21211	0.025694	0.067802	0.027674
21212	0.027595	0.067303	0.027805
21213	0.025698	0.066805	0.027932
21214	0.023798	0.066307	0.028056
21215	0.021901	0.065809	0.028175
21216	0.02	0.06531	0.02829
21217	0.031422	0.067308	0.027804
21218	0.033319	0.067805	0.027673
21219	0.035212	0.068302	0.027539
21220	0.037108	0.0688	0.0274
21221	0.039	0.069296	0.027257
21222	0.039	0.065325	0.028287
21223	0.037104	0.065821	0.028172
21224	0.035211	0.066316	0.028053
21225	0.033315	0.066812	0.027931
21226	0.039	0.06431	0.02851
21227	0.036622	0.064934	0.028375
21228	0.034249	0.065557	0.028234
21229	0.031872	0.066181	0.028086
21230	0.0295	0.066803	0.027933
21231	0.027128	0.066181	0.028086
21232	0.024751	0.065557	0.028234
21233	0.022378	0.064934	0.028375
21234	0.02	0.06431	0.02851
21235	0.039	0.065325	0.029312
21236	0.039	0.06431	0.029532
21237	0.039	0.070296	0.028003
21238	0.039	0.069296	0.028298
21239	0.02	0.06531	0.029315
21240	0.02	0.06431	0.029532
21241	0.02	0.070296	0.028003
21242	0.02	0.069296	0.028298
21243	0.027128	0.066181	0.029114
21244	0.024751	0.065557	0.02926
21245	0.022378	0.064934	0.029399
21246	0.0295	0.066803	0.028964
21247	0.036622	0.064934	0.029399
21248	0.034249	0.065557	0.02926
21249	0.031872	0.066181	0.029114
21250	0.037104	0.065821	0.029199
21251	0.035211	0.066316	0.029082
21252	0.033315	0.066812	0.028961
21253	0.031422	0.067308	0.028837
21254	0.033319	0.067805	0.028708
21255	0.035212	0.068302	0.028575
21256	0.037108	0.0688	0.028438
21257	0.025698	0.066805	0.028963
21258	0.023798	0.066307	0.029084
21259	0.021901	0.065809	0.029202
21260	0.027595	0.067303	0.028838
21261	0.021896	0.068799	0.028439
21262	0.023797	0.0683	0.028576
21263	0.025694	0.067802	0.028709
21264	0.027132	0.06843	0.02854
21265	0.024756	0.069052	0.028368
21266	0.022375	0.069675	0.028188
21267	0.029514	0.067807	0.028707
21268	0.036632	0.069675	0.028188
21269	0.034258	0.069052	0.028368
21270	0.031889	0.06843	0.02854
21271	0.059	0.070296	0.026958
21272	0.056632	0.069675	0.027146
21273	0.054258	0.069052	0.027328
21274	0.051889	0.06843	0.027503
21275	0.049514	0.067807	0.027673
21276	0.047132	0.06843	0.027503
21277	0.044756	0.069052	0.027328
21278	0.042375	0.069675	0.027146
21279	0.04	0.070296	0.026958
21280	0.04	0.069296	0.027257
21281	0.041896	0.068799	0.0274
21282	0.043797	0.0683	0.027539
21283	0.045694	0.067802	0.027674
21284	0.047595	0.067303	0.027805
21285	0.045698	0.066805	0.027932
21286	0.043798	0.066307	0.028056
21287	0.041901	0.065809	0.028175
21288	0.04	0.06531	0.02829
21289	0.051422	0.067308	0.027804
21290	0.053319	0.067805	0.027673
21291	0.055212	0.068302	0.027539
21292	0.057108	0.0688	0.0274
21293	0.059	0.069296	0.027257
21294	0.059	0.065325	0.028287
21295	0.057104	0.065821	0.028172
21296	0.055211	0.066316	0.028053
21297	0.053315	0.066812	0.027931
21298	0.059	0.06431	0.02851
21299	0.056622	0.064934	0.028375
21300	0.054249	0.065557	0.028234
21301	0.051872	0.066181	0.028086
21302	0.0495	0.066803	0.027933
21303	0.047128	0.066181	0.028086
21304	0.044751	0.065557	0.028234
21305	0.042378	0.064934	0.028375
21306	0.04	0.06431	0.02851
21307	0.059	0.065325	0.029312
21308	0.059	0.06431	0.029532
21309	0.059	0.070296	0.028003
21310	0.059	0.069296	0.028298
21311	0.04	0.06531	0.029315
21312	0.04	0.06431	0.029532
21313	0.04	0.070296	0.028003
21314	0.04	0.069296	0.028298
21315	0.047128	0.066181	0.029114
21316	0.044751	0.065557	0.02926
21317	0.042378	0.064934	0.029399
21318	0.0495	0.066803	0.028964
21319	0.056622	0.064934	0.029399
21320	0.054249	0.065557	0.02926
21321	0.051872	0.066181	0.029114
21322	0.057104	0.065821	0.029199
21323	0.055211	0.066316	0.029082
21324	0.053315	0.066812	0.028961
21325	0.051422	0.067308	0.028837
21326	0.053319	0.067805	0.028708
21327	0.055212	0.068302	0.028575
21328	0.057108	0.0688	0.028438
21329	0.045698	0.066805	0.028963
21330	0.043798	0.066307	0.029084
21331	0.041901	0.065809	0.029202
21332	0.047595	0.067303	0.028838
21333	0.041896	0.068799	0.028439
21334	0.043797	0.0683	0.028576
21335	0.045694	0.067802	0.028709
21336	0.047132	0.06843	0.02854
21337	0.044756	0.069052	0.028368
21338	0.042375	0.069675	0.028188
21339	0.049514	0.067807	0.028707
21340	0.056632	0.069675	0.028188
21341	0.054258	0.069052	0.028368
21342	0.051889	0.06843	0.02854
21343	0.019	0.1703	0.026958
21344	0.016632	0.16967	0.027146
21345	0.014258	0.16905	0.027328
21346	0.011889	0.16843	0.027503
21347	0.0095141	0.16781	0.027673
21348	0.007132	0.16843	0.027503
21349	0.0047562	0.16905	0.027328
21350	0.0023747	0.16967	0.027146
21351	0.0	0.1703	0.026958
21352	0.0	0.1693	0.027257
21353	0.0018964	0.1688	0.0274
21354	0.0037969	0.1683	0.027539
21355	0.005694	0.1678	0.027674
21356	0.0075949	0.1673	0.027805
21357	0.0056982	0.16681	0.027932
21358	0.0037979	0.16631	0.028056
21359	0.0019006	0.16581	0.028175
21360	-7.8139e-18	0.16531	0.02829
21361	0.011422	0.16731	0.027804
21362	0.013319	0.16781	0.027673
21363	0.015212	0.1683	0.027539
21364	0.017108	0.1688	0.0274
21365	0.019	0.1693	0.027257
21366	0.019	0.16532	0.028287
21367	0.017104	0.16582	0.028172
21368	0.015211	0.16632	0.028053
21369	0.013315	0.16681	0.027931
21370	0.019	0.16431	0.02851
21371	0.016622	0.16493	0.028375
21372	0.014249	0.16556	0.028234
21373	0.011872	0.16618	0.028086
21374	0.0095	0.1668	0.027933
21375	0.007128	0.16618	0.028086
21376	0.0047507	0.16556	0.028234
21377	0.0023778	0.16493	0.028375
21378	0.0	0.16431	0.02851
21379	0.019	0.16532	0.029312
21380	0.019	0.16431	0.029532
21381	-7.8139e-18	0.16531	0.029315
21382	0.0	0.16431	0.029532
21383	0.0	0.1703	0.028003
21384	0.0	0.1693	0.028298
21385	0.019	0.1703	0.028003
21386	0.019	0.1693	0.028298
21387	0.007128	0.16618	0.029114
21388	0.0047507	0.16556	0.02926
21389	0.0023778	0.16493	0.029399
21390	0.0095	0.1668	0.028964
21391	0.016622	0.16493	0.029399
21392	0.014249	0.16556	0.02926
21393	0.011872	0.16618	0.029114
21394	0.017104	0.16582	0.029199
21395	0.015211	0.16632	0.029082
21396	0.013315	0.16681	0.028961
21397	0.011422	0.16731	0.028837
21398	0.013319	0.16781	0.028708
21399	0.015212	0.1683	0.028575
21400	0.017108	0.1688	0.028438
21401	0.0056982	0.16681	0.028963
21402	0.0037979	0.16631	0.029084
21403	0.0019006	0.16581	0.029202
21404	0.0075949	0.1673	0.028838
21405	0.0018964	0.1688	0.028439
21406	0.0037969	0.1683	0.028576
21407	0.005694	0.1678	0.028709
21408	0.0071321	0.16843	0.02854
21409	0.0047562	0.16905	0.028368
21410	0.0023748	0.16967	0.028188
21411	0.0095141	0.16781	0.028707
21412	0.016632	0.16967	0.028188
21413	0.014258	0.16905	0.028368
21414	0.011889	0.16843	0.02854
21415	0.039	0.1703	0.026958
21416	0.036632	0.16967	0.027146
21417	0.034258	0.16905	0.027328
21418	0.031889	0.16843	0.027503
21419	0.029514	0.16781	0.027673
21420	0.027132	0.16843	0.027503
21421	0.024756	0.16905	0.027328
21422	0.022375	0.16967	0.027146
21423	0.02	0.1703	0.026958
21424	0.02	0.1693	0.027257
21425	0.021896	0.1688	0.0274
21426	0.023797	0.1683	0.027539
21427	0.025694	0.1678	0.027674
21428	0.027595	0.1673	0.027805
21429	0.025698	0.16681	0.027932
21430	0.023798	0.16631	0.028056
21431	0.021901	0.16581	0.028175
21432	0.02	0.16531	0.02829
21433	0.031422	0.16731	0.027804
21434	0.033319	0.16781	0.027673
21435	0.035212	0.1683	0.027539
21436	0.037108	0.1688	0.0274
21437	0.039	0.1693	0.027257
21438	0.039	0.16532	0.028287
21439	0.037104	0.16582	0.028172
21440	0.035211	0.16632	0.028053
21441	0.033315	0.16681	0.027931
21442	0.039	0.16431	0.02851
21443	0.036622	0.16493	0.028375
21444	0.034249	0.16556	0.028234
21445	0.031872	0.16618	0.028086
21446	0.0295	0.1668	0.027933
21447	0.027128	0.16618	0.028086
21448	0.024751	0.16556	0.028234
21449	0.022378	0.16493	0.028375
21450	0.02	0.16431	0.02851
21451	0.02	0.1703	0.028003
21452	0.02	0.1693	0.028298
21453	0.02	0.16531	0.029315
21454	0.02	0.16431	0.029532
21455	0.039	0.1703	0.028003
21456	0.039	0.1693	0.028298
21457	0.039	0.16532	0.029312
21458	0.039	0.16431	0.029532
21459	0.027128	0.16618	0.029114
21460	0.024751	0.16556	0.02926
21461	0.022378	0.16493	0.029399
21462	0.0295	0.1668	0.028964
21463	0.036622	0.16493	0.029399
21464	0.034249	0.16556	0.02926
21465	0.031872	0.16618	0.029114
21466	0.037104	0.16582	0.029199
21467	0.035211	0.16632	0.029082
21468	0.033315	0.16681	0.028961
21469	0.031422	0.16731	0.028837
21470	0.033319	0.16781	0.028708
21471	0.035212	0.1683	0.028575
21472	0.037108	0.1688	0.028438
21473	0.025698	0.16681	0.028963
21474	0.023798	0.16631	0.029084
21475	0.021901	0.16581	0.029202
21476	0.027595	0.1673	0.028838
21477	0.021896	0.1688	0.028439
21478	0.023797	0.1683	0.028576
21479	0.025694	0.1678	0.028709
21480	0.027132	0.16843	0.02854
21481	0.024756	0.16905	0.028368
21482	0.022375	0.16967	0.028188
21483	0.029514	0.16781	0.028707
21484	0.036632	0.16967	0.028188
21485	0.034258	0.16905	0.028368
21486	0.031889	0.16843	0.02854
21487	0.059	0.1703	0.026958
21488	0.056632	0.16967	0.027146
21489	0.054258	0.16905	0.027328
21490	0.051889	0.16843	0.027503
21491	0.049514	0.16781	0.027673
21492	0.047132	0.16843	0.027503
21493	0.044756	0.16905	0.027328
21494	0.042375	0.16967	0.027146
21495	0.04	0.1703	0.026958
21496	0.04	0.1693	0.027257
21497	0.041896	0.1688	0.0274
21498	0.043797	0.1683	0.027539
21499	0.045694	0.1678	0.027674
21500	0.047595	0.1673	0.027805
21501	0.045698	0.16681	0.027932
21502	0.043798	0.16631	0.028056
21503	0.041901	0.16581	0.028175
21504	0.04	0.16531	0.02829
21505	0.051422	0.16731	0.027804
21506	0.053319	0.16781	0.027673
21507	0.055212	0.1683	0.027539
21508	0.057108	0.1688	0.0274
21509	0.059	0.1693	0.027257
21510	0.059	0.16532	0.028287
21511	0.057104	0.16582	0.028172
21512	0.055211	0.16632	0.028053
21513	0.053315	0.16681	0.027931
21514	0.059	0.16431	0.02851
21515	0.056622	0.16493	0.028375
21516	0.054249	0.16556	0.028234
21517	0.051872	0.16618	0.028086
21518	0.0495	0.1668	0.027933
21519	0.047128	0.16618	0.028086
21520	0.044751	0.16556	0.028234
21521	0.042378	0.16493	0.028375
21522	0.04	0.16431	0.02851
21523	0.059	0.16532	0.029312
21524	0.059	0.16431	0.029532
21525	0.04	0.16531	0.029315
21526	0.04	0.16431	0.029532
21527	0.04	0.1703	0.028003
21528	0.04	0.1693	0.028298
21529	0.059	0.1703	0.028003
21530	0.059	0.1693	0.028298
21531	0.047128	0.16618	0.029114
21532	0.044751	0.16556	0.02926
21533	0.042378	0.16493	0.029399
21534	0.0495	0.1668	0.028964
21535	0.056622	0.16493	0.029399
21536	0.054249	0.16556	0.02926
21537	0.051872	0.16618	0.029114
21538	0.057104	0.16582	0.029199
21539	0.055211	0.16632	0.029082
21540	0.053315	0.16681	0.028961
21541	0.051422	0.16731	0.028837
21542	0.053319	0.16781	0.028708
21543	0.055212	0.1683	0.028575
21544	0.057108	0.1688	0.028438
21545	0.045698	0.16681	0.028963
21546	0.043798	0.16631	0.029084
21547	0.041901	0.16581	0.029202
21548	0.047595	0.1673	0.028838
21549	0.041896	0.1688	0.028439
21550	0.043797	0.1683	0.028576
21551	0.045694	0.1678	0.028709
21552	0.047132	0.16843	0.02854
21553	0.044756	0.16905	0.028368
21554	0.042375	0.16967	0.028188
21555	0.049514	0.16781	0.028707
21556	0.056632	0.16967	0.028188
21557	0.054258	0.16905	0.028368
21558	0.051889	0.16843	0.02854
21559	0.0	0.2693	0.027257
21560	0.0	0.2703	0.026958
21561	0.019	0.26431	0.02851
21562	0.016622	0.26493	0.028375
21563	0.014249	0.26556	0.028234
21564	0.011872	0.26618	0.028086
21565	0.0095	0.2668	0.027933
21566	0.007128	0.26618	0.028086
21567	0.0047507	0.26556	0.028234
21568	0.0023778	0.26493	0.028375
21569	0.0	0.26431	0.02851
21570	0.0018964	0.2688	0.0274
21571	0.0037969	0.2683	0.027539
21572	0.005694	0.2678	0.027674
21573	0.0075949	0.2673	0.027805
21574	0.0056982	0.26681	0.027932
21575	0.0037979	0.26631	0.028056
21576	0.0019006	0.26581	0.028175
21577	-7.8139e-18	0.26531	0.02829
21578	0.019	0.2703	0.026958
21579	0.016632	0.26967	0.027146
21580	0.014258	0.26905	0.027328
21581	0.011889	0.26843	0.027503
21582	0.0095141	0.26781	0.027673
21583	0.007132	0.26843	0.027503
21584	0.0047562	0.26905	0.027328
21585	0.0023747	0.26967	0.027146
21586	0.011422	0.26731	0.027804
21587	0.013319	0.26781	0.027673
21588	0.015212	0.2683	0.027539
21589	0.017108	0.2688	0.0274
21590	0.019	0.2693	0.027257
21591	0.019	0.26532	0.028287
21592	0.017104	0.26582	0.028172
21593	0.015211	0.26632	0.028053
21594	0.013315	0.26681	0.027931
21595	0.0	0.26431	0.029532
21596	-7.8139e-18	0.26531	0.029315
21597	0.019	0.2703	0.028003
21598	0.019	0.2693	0.028298
21599	0.019	0.26431	0.029532
21600	0.019	0.26532	0.029312
21601	0.017104	0.26582	0.029199
21602	0.015211	0.26632	0.029082
21603	0.013315	0.26681	0.028961
21604	0.011422	0.26731	0.028837
21605	0.013319	0.26781	0.028708
21606	0.015212	0.2683	0.028575
21607	0.017108	0.2688	0.028438
21608	0.0071321	0.26843	0.02854
21609	0.0047562	0.26905	0.028368
21610	0.0023748	0.26967	0.028188
21611	0.0	0.2703	0.028003
21612	0.0095141	0.26781	0.028707
21613	0.016632	0.26967	0.028188
21614	0.014258	0.26905	0.028368
21615	0.011889	0.26843	0.02854
21616	0.0056982	0.26681	0.028963
21617	0.0037979	0.26631	0.029084
21618	0.0019006	0.26581	0.029202
21619	0.0075949	0.2673	0.028838
21620	0.0018964	0.2688	0.028439
21621	0.0037969	0.2683	0.028576
21622	0.005694	0.2678	0.028709
21623	0.0	0.2693	0.028298
21624	0.007128	0.26618	0.029114
21625	0.0047507	0.26556	0.02926
21626	0.0023778	0.26493	0.029399
21627	0.0095	0.2668	0.028964
21628	0.016622	0.26493	0.029399
21629	0.014249	0.26556	0.02926
21630	0.011872	0.26618	0.029114
21631	0.039	0.2703	0.026958
21632	0.036632	0.26967	0.027146
21633	0.034258	0.26905	0.027328
21634	0.031889	0.26843	0.027503
21635	0.029514	0.26781	0.027673
21636	0.027132	0.26843	0.027503
21637	0.024756	0.26905	0.027328
21638	0.022375	0.26967	0.027146
21639	0.02	0.2703	0.026958
21640	0.02	0.2693	0.027257
21641	0.021896	0.2688	0.0274
21642	0.023797	0.2683	0.027539
21643	0.025694	0.2678	0.027674
21644	0.027595	0.2673	0.027805
21645	0.025698	0.26681	0.027932
21646	0.023798	0.26631	0.028056
21647	0.021901	0.26581	0.028175
21648	0.02	0.26531	0.02829
21649	0.031422	0.26731	0.027804
21650	0.033319	0.26781	0.027673
21651	0.035212	0.2683	0.027539
21652	0.037108	0.2688	0.0274
21653	0.039	0.2693	0.027257
21654	0.039	0.26532	0.028287
21655	0.037104	0.26582	0.028172
21656	0.035211	0.26632	0.028053
21657	0.033315	0.26681	0.027931
21658	0.039	0.26431	0.02851
21659	0.036622	0.26493	0.028375
21660	0.034249	0.26556	0.028234
21661	0.031872	0.26618	0.028086
21662	0.0295	0.2668	0.027933
21663	0.027128	0.26618	0.028086
21664	0.024751	0.26556	0.028234
21665	0.022378	0.26493	0.028375
21666	0.02	0.26431	0.02851
21667	0.02	0.2703	0.028003
21668	0.02	0.2693	0.028298
21669	0.02	0.26531	0.029315
21670	0.02	0.26431	0.029532
21671	0.039	0.2703	0.028003
21672	0.039	0.2693	0.028298
21673	0.039	0.26532	0.029312
21674	0.039	0.26431	0.029532
21675	0.027128	0.26618	0.029114
21676	0.024751	0.26556	0.02926
21677	0.022378	0.26493	0.029399
21678	0.0295	0.2668	0.028964
21679	0.036622	0.26493	0.029399
21680	0.034249	0.26556	0.02926
21681	0.031872	0.26618	0.029114
21682	0.037104	0.26582	0.029199
21683	0.035211	0.26632	0.029082
21684	0.033315	0.26681	0.028961
21685	0.031422	0.26731	0.028837
21686	0.033319	0.26781	0.028708
21687	0.035212	0.2683	0.028575
21688	0.037108	0.2688	0.028438
21689	0.025698	0.26681	0.028963
21690	0.023798	0.26631	0.029084
21691	0.021901	0.26581	0.029202
21692	0.027595	0.2673	0.028838
21693	0.021896	0.2688	0.028439
21694	0.023797	0.2683	0.028576
21695	0.025694	0.2678	0.028709
21696	0.027132	0.26843	0.02854
21697	0.024756	0.26905	0.028368
21698	0.022375	0.26967	0.028188
21699	0.029514	0.26781	0.028707
21700	0.036632	0.26967	0.028188
21701	0.034258	0.26905	0.028368
21702	0.031889	0.26843	0.02854
21703	0.059	0.2703	0.026958
21704	0.056632	0.26967	0.027146
21705	0.054258	0.26905	0.027328
21706	0.051889	0.26843	0.027503
21707	0.049514	0.26781	0.027673
21708	0.047132	0.26843	0.027503
21709	0.044756	0.26905	0.027328
21710	0.042375	0.26967	0.027146
21711	0.04	0.2703	0.026958
21712	0.04	0.2693	0.027257
21713	0.041896	0.2688	0.0274
21714	0.043797	0.2683	0.027539
21715	0.045694	0.2678	0.027674
21716	0.047595	0.2673	0.027805
21717	0.045698	0.26681	0.027932
21718	0.043798	0.26631	0.028056
21719	0.041901	0.26581	0.028175
21720	0.04	0.26531	0.02829
21721	0.051422	0.26731	0.027804
21722	0.053319	0.26781	0.027673
21723	0.055212	0.2683	0.027539
21724	0.057108	0.2688	0.0274
21725	0.059	0.2693	0.027257
21726	0.059	0.26532	0.028287
21727	0.057104	0.26582	0.028172
21728	0.055211	0.26632	0.028053
21729	0.053315	0.26681	0.027931
21730	0.059	0.26431	0.02851
21731	0.056622	0.26493	0.028375
21732	0.054249	0.26556	0.028234
21733	0.051872	0.26618	0.028086
21734	0.0495	0.2668	0.027933
21735	0.047128	0.26618	0.028086
21736	0.044751	0.26556	0.028234
21737	0.042378	0.26493	0.028375
21738	0.04	0.26431	0.02851
21739	0.04	0.2703	0.028003
21740	0.04	0.2693	0.028298
21741	0.04	0.26531	0.029315
21742	0.04	0.26431	0.029532
21743	0.059	0.2703	0.028003
21744	0.059	0.2693	0.028298
21745	0.059	0.26532	0.029312
21746	0.059	0.26431	0.029532
21747	0.047128	0.26618	0.029114
21748	0.044751	0.26556	0.02926
21749	0.042378	0.26493	0.029399
21750	0.0495	0.2668	0.028964
21751	0.056622	0.26493	0.029399
21752	0.054249	0.26556	0.02926
21753	0.051872	0.26618	0.029114
21754	0.057104	0.26582	0.029199
21755	0.055211	0.26632	0.029082
21756	0.053315	0.26681	0.028961
21757	0.051422	0.26731	0.028837
21758	0.053319	0.26781	0.028708
21759	0.055212	0.2683	0.028575
21760	0.057108	0.2688	0.028438
21761	0.045698	0.26681	0.028963
21762	0.043798	0.26631	0.029084
21763	0.041901	0.26581	0.029202
21764	0.047595	0.2673	0.028838
21765	0.041896	0.2688	0.028439
21766	0.043797	0.2683	0.028576
21767	0.045694	0.2678	0.028709
21768	0.047132	0.26843	0.02854
21769	0.044756	0.26905	0.028368
21770	0.042375	0.26967	0.028188
21771	0.049514	0.26781	0.028707
21772	0.056632	0.26967	0.028188
21773	0.054258	0.26905	0.028368
21774	0.051889	0.26843	0.02854
21775	0.019	0.037325	0.028836
21776	0.017107	0.03782	0.028927
21777	0.015211	0.038316	0.029014
21778	0.013318	0.038811	0.029097
21779	0.011422	0.039308	0.029177
21780	0.013315	0.039804	0.029253
21781	0.015211	0.040302	0.029325
21782	0.017104	0.040799	0.029394
21783	0.019	0.041296	0.029459
21784	0.0095141	0.039807	0.029253
21785	0.0071373	0.040429	0.029343
21786	0.0047574	0.041051	0.029427
21787	0.00238	0.041674	0.029506
21788	0.0	0.042296	0.029579
21789	0.019	0.042296	0.029579
21790	0.016627	0.041674	0.029506
21791	0.014257	0.041051	0.029427
21792	0.011884	0.040429	0.029343
21793	0.0075949	0.039303	0.029176
21794	0.0056949	0.038804	0.029096
21795	0.0037971	0.038306	0.029012
21796	0.0018973	0.037808	0.028924
21797	-7.8139e-18	0.03731	0.028833
21798	0.0	0.041296	0.029459
21799	0.0018998	0.040798	0.029394
21800	0.0037977	0.0403	0.029325
21801	0.0056973	0.039801	0.029252
21802	0.0095	0.038803	0.029096
21803	0.0071228	0.038179	0.02899
21804	0.0047495	0.037556	0.028879
21805	0.0023726	0.036932	0.028762
21806	0.0	0.03631	0.028638
21807	0.019	0.03631	0.028638
21808	0.016627	0.036932	0.028762
21809	0.014251	0.037556	0.028879
21810	0.011877	0.038179	0.02899
21811	0.019	0.041296	0.030467
21812	0.019	0.042296	0.030585
21813	0.019	0.037325	0.029853
21814	0.019	0.03631	0.029658
21815	0.0	0.042296	0.030585
21816	0.0	0.041296	0.030467
21817	-7.8139e-18	0.03731	0.02985
21818	0.0	0.03631	0.029658
21819	0.016627	0.036932	0.02978
21820	0.014251	0.037556	0.029895
21821	0.011877	0.038179	0.030005
21822	0.0095	0.038803	0.030109
21823	0.0071229	0.038179	0.030005
21824	0.0047495	0.037556	0.029895
21825	0.0023726	0.036932	0.02978
21826	0.0018998	0.040798	0.030403
21827	0.0037977	0.0403	0.030335
21828	0.0056973	0.039801	0.030263
21829	0.0075949	0.039303	0.030188
21830	0.0056949	0.038804	0.030109
21831	0.0037971	0.038306	0.030027
21832	0.0018973	0.037808	0.02994
21833	0.016627	0.041674	0.030513
21834	0.014257	0.041051	0.030436
21835	0.011884	0.040429	0.030353
21836	0.0095141	0.039807	0.030264
21837	0.0071373	0.040429	0.030353
21838	0.0047574	0.041051	0.030436
21839	0.00238	0.041674	0.030513
21840	0.013315	0.039804	0.030264
21841	0.015211	0.040302	0.030335
21842	0.017104	0.040799	0.030403
21843	0.011422	0.039308	0.030189
21844	0.017107	0.03782	0.029942
21845	0.015211	0.038316	0.030028
21846	0.013318	0.038811	0.03011
21847	0.039	0.042296	0.029579
21848	0.036627	0.041674	0.029506
21849	0.034257	0.041051	0.029427
21850	0.031884	0.040429	0.029343
21851	0.029514	0.039807	0.029253
21852	0.027137	0.040429	0.029343
21853	0.024757	0.041051	0.029427
21854	0.02238	0.041674	0.029506
21855	0.02	0.042296	0.029579
21856	0.02	0.041296	0.029459
21857	0.0219	0.040798	0.029394
21858	0.023798	0.0403	0.029325
21859	0.025697	0.039801	0.029252
21860	0.027595	0.039303	0.029176
21861	0.025695	0.038804	0.029096
21862	0.023797	0.038306	0.029012
21863	0.021897	0.037808	0.028924
21864	0.02	0.03731	0.028833
21865	0.031422	0.039308	0.029177
21866	0.033315	0.039804	0.029253
21867	0.035211	0.040302	0.029325
21868	0.037104	0.040799	0.029394
21869	0.039	0.041296	0.029459
21870	0.039	0.037325	0.028836
21871	0.037107	0.03782	0.028927
21872	0.035211	0.038316	0.029014
21873	0.033318	0.038811	0.029097
21874	0.039	0.03631	0.028638
21875	0.036627	0.036932	0.028762
21876	0.034251	0.037556	0.028879
21877	0.031877	0.038179	0.02899
21878	0.0295	0.038803	0.029096
21879	0.027123	0.038179	0.02899
21880	0.024749	0.037556	0.028879
21881	0.022373	0.036932	0.028762
21882	0.02	0.03631	0.028638
21883	0.039	0.037325	0.029853
21884	0.039	0.03631	0.029658
21885	0.039	0.042296	0.030585
21886	0.039	0.041296	0.030467
21887	0.02	0.03731	0.02985
21888	0.02	0.03631	0.029658
21889	0.02	0.042296	0.030585
21890	0.02	0.041296	0.030467
21891	0.027123	0.038179	0.030005
21892	0.024749	0.037556	0.029895
21893	0.022373	0.036932	0.02978
21894	0.0295	0.038803	0.030109
21895	0.036627	0.036932	0.02978
21896	0.034251	0.037556	0.029895
21897	0.031877	0.038179	0.030005
21898	0.037107	0.03782	0.029942
21899	0.035211	0.038316	0.030028
21900	0.033318	0.038811	0.03011
21901	0.031422	0.039308	0.030189
21902	0.033315	0.039804	0.030264
21903	0.035211	0.040302	0.030335
21904	0.037104	0.040799	0.030403
21905	0.025695	0.038804	0.030109
21906	0.023797	0.038306	0.030027
21907	0.021897	0.037808	0.02994
21908	0.027595	0.039303	0.030188
21909	0.0219	0.040798	0.030403
21910	0.023798	0.0403	0.030335
21911	0.025697	0.039801	0.030263
21912	0.027137	0.040429	0.030353
21913	0.024757	0.041051	0.030436
21914	0.02238	0.041674	0.030513
21915	0.029514	0.039807	0.030264
21916	0.036627	0.041674	0.030513
21917	0.034257	0.041051	0.030436
21918	0.031884	0.040429	0.030353
21919	0.059	0.042296	0.029579
21920	0.056627	0.041674	0.029506
21921	0.054257	0.041051	0.029427
21922	0.051884	0.040429	0.029343
21923	0.049514	0.039807	0.029253
21924	0.047137	0.040429	0.029343
21925	0.044757	0.041051	0.029427
21926	0.04238	0.041674	0.029506
21927	0.04	0.042296	0.029579
21928	0.04	0.041296	0.029459
21929	0.0419	0.040798	0.029394
21930	0.043798	0.0403	0.029325
21931	0.045697	0.039801	0.029252
21932	0.047595	0.039303	0.029176
21933	0.045695	0.038804	0.029096
21934	0.043797	0.038306	0.029012
21935	0.041897	0.037808	0.028924
21936	0.04	0.03731	0.028833
21937	0.051422	0.039308	0.029177
21938	0.053315	0.039804	0.029253
21939	0.055211	0.040302	0.029325
21940	0.057104	0.040799	0.029394
21941	0.059	0.041296	0.029459
21942	0.059	0.037325	0.028836
21943	0.057107	0.03782	0.028927
21944	0.055211	0.038316	0.029014
21945	0.053318	0.038811	0.029097
21946	0.059	0.03631	0.028638
21947	0.056627	0.036932	0.028762
21948	0.054251	0.037556	0.028879
21949	0.051877	0.038179	0.02899
21950	0.0495	0.038803	0.029096
21951	0.047123	0.038179	0.02899
21952	0.044749	0.037556	0.028879
21953	0.042373	0.036932	0.028762
21954	0.04	0.03631	0.028638
21955	0.059	0.037325	0.029853
21956	0.059	0.03631	0.029658
21957	0.059	0.042296	0.030585
21958	0.059	0.041296	0.030467
21959	0.04	0.03731	0.02985
21960	0.04	0.03631	0.029658
21961	0.04	0.042296	0.030585
21962	0.04	0.041296	0.030467
21963	0.047123	0.038179	0.030005
21964	0.044749	0.037556	0.029895
21965	0.042373	0.036932	0.02978
21966	0.0495	0.038803	0.030109
21967	0.056627	0.036932	0.02978
21968	0.054251	0.037556	0.029895
21969	0.051877	0.038179	0.030005
21970	0.057107	0.03782	0.029942
21971	0.055211	0.038316	0.030028
21972	0.053318	0.038811	0.03011
21973	0.051422	0.039308	0.030189
21974	0.053315	0.039804	0.030264
21975	0.055211	0.040302	0.030335
21976	0.057104	0.040799	0.030403
21977	0.045695	0.038804	0.030109
21978	0.043797	0.038306	0.030027
21979	0.041897	0.037808	0.02994
21980	0.047595	0.039303	0.030188
21981	0.0419	0.040798	0.030403
21982	0.043798	0.0403	0.030335
21983	0.045697	0.039801	0.030263
21984	0.047137	0.040429	0.030353
21985	0.044757	0.041051	0.030436
21986	0.04238	0.041674	0.030513
21987	0.049514	0.039807	0.030264
21988	0.056627	0.041674	0.030513
21989	0.054257	0.041051	0.030436
21990	0.051884	0.040429	0.030353
21991	0.019	0.1423	0.029579
21992	0.016627	0.14167	0.029506
21993	0.014257	0.14105	0.029427
21994	0.011884	0.14043	0.029343
21995	0.0095141	0.13981	0.029253
21996	0.0071373	0.14043	0.029343
21997	0.0047574	0.14105	0.029427
21998	0.00238	0.14167	0.029506
21999	0.0	0.1423	0.029579
22000	0.0	0.1413	0.029459
22001	0.0019007	0.1408	0.029394
22002	0.0037977	0.1403	0.029325
22003	0.0056973	0.1398	0.029252
22004	0.0075949	0.1393	0.029176
22005	0.0056949	0.1388	0.029096
22006	0.0037971	0.13831	0.029012
22007	0.0018973	0.13781	0.028924
22008	-7.8139e-18	0.13731	0.028833
22009	0.011422	0.13931	0.029177
22010	0.013315	0.1398	0.029253
22011	0.015211	0.1403	0.029325
22012	0.017104	0.1408	0.029394
22013	0.019	0.1413	0.029459
22014	0.019	0.13732	0.028836
22015	0.017107	0.13782	0.028927
22016	0.015211	0.13832	0.029014
22017	0.013318	0.13881	0.029097
22018	0.019	0.13631	0.028638
22019	0.016627	0.13693	0.028762
22020	0.014251	0.13756	0.028879
22021	0.011877	0.13818	0.02899
22022	0.0095	0.1388	0.029096
22023	0.0071228	0.13818	0.02899
22024	0.0047495	0.13756	0.028879
22025	0.0023726	0.13693	0.028762
22026	0.0	0.13631	0.028638
22027	0.019	0.13732	0.029853
22028	0.019	0.13631	0.029658
22029	0.019	0.1423	0.030585
22030	0.019	0.1413	0.030467
22031	-7.8139e-18	0.13731	0.02985
22032	0.0	0.13631	0.029658
22033	0.0	0.1423	0.030585
22034	0.0	0.1413	0.030467
22035	0.0071229	0.13818	0.030005
22036	0.0047495	0.13756	0.029895
22037	0.0023726	0.13693	0.02978
22038	0.0095	0.1388	0.030109
22039	0.016627	0.13693	0.02978
22040	0.014251	0.13756	0.029895
22041	0.011877	0.13818	0.030005
22042	0.017107	0.13782	0.029942
22043	0.015211	0.13832	0.030028
22044	0.013318	0.13881	0.03011
22045	0.011422	0.13931	0.030189
22046	0.013314	0.1398	0.030264
22047	0.015211	0.1403	0.030335
22048	0.017104	0.1408	0.030403
22049	0.0056949	0.1388	0.030109
22050	0.0037971	0.13831	0.030027
22051	0.0018973	0.13781	0.02994
22052	0.0075949	0.1393	0.030188
22053	0.0019006	0.1408	0.030403
22054	0.0037977	0.1403	0.030335
22055	0.0056983	0.1398	0.030263
22056	0.0071373	0.14043	0.030353
22057	0.0047574	0.14105	0.030436
22058	0.00238	0.14167	0.030513
22059	0.0095141	0.13981	0.030264
22060	0.016627	0.14167	0.030513
22061	0.014257	0.14105	0.030436
22062	0.011884	0.14043	0.030353
22063	0.039	0.1423	0.029579
22064	0.036627	0.14167	0.029506
22065	0.034257	0.14105	0.029427
22066	0.031884	0.14043	0.029343
22067	0.029514	0.13981	0.029253
22068	0.027137	0.14043	0.029343
22069	0.024757	0.14105	0.029427
22070	0.02238	0.14167	0.029506
22071	0.02	0.1423	0.029579
22072	0.02	0.1413	0.029459
22073	0.0219	0.1408	0.029394
22074	0.023798	0.1403	0.029325
22075	0.025697	0.1398	0.029252
22076	0.027595	0.1393	0.029176
22077	0.025695	0.1388	0.029096
22078	0.023797	0.13831	0.029012
22079	0.021897	0.13781	0.028924
22080	0.02	0.13731	0.028833
22081	0.031422	0.13931	0.029177
22082	0.033315	0.1398	0.029253
22083	0.035211	0.1403	0.029325
22084	0.037104	0.1408	0.029394
22085	0.039	0.1413	0.029459
22086	0.039	0.13732	0.028836
22087	0.037107	0.13782	0.028927
22088	0.035211	0.13832	0.029014
22089	0.033318	0.13881	0.029097
22090	0.039	0.13631	0.028638
22091	0.036627	0.13693	0.028762
22092	0.034251	0.13756	0.028879
22093	0.031877	0.13818	0.02899
22094	0.0295	0.1388	0.029096
22095	0.027123	0.13818	0.02899
22096	0.024749	0.13756	0.028879
22097	0.022373	0.13693	0.028762
22098	0.02	0.13631	0.028638
22099	0.039	0.13732	0.029853
22100	0.039	0.13631	0.029658
22101	0.039	0.1423	0.030585
22102	0.039	0.1413	0.030467
22103	0.02	0.13731	0.02985
22104	0.02	0.13631	0.029658
22105	0.02	0.1423	0.030585
22106	0.02	0.1413	0.030467
22107	0.027123	0.13818	0.030005
22108	0.024749	0.13756	0.029895
22109	0.022373	0.13693	0.02978
22110	0.0295	0.1388	0.030109
22111	0.036627	0.13693	0.02978
22112	0.034251	0.13756	0.029895
22113	0.031877	0.13818	0.030005
22114	0.037107	0.13782	0.029942
22115	0.035211	0.13832	0.030028
22116	0.033318	0.13881	0.03011
22117	0.031422	0.13931	0.030189
22118	0.033315	0.1398	0.030264
22119	0.035211	0.1403	0.030335
22120	0.037104	0.1408	0.030403
22121	0.025695	0.1388	0.030109
22122	0.023797	0.13831	0.030027
22123	0.021897	0.13781	0.02994
22124	0.027595	0.1393	0.030188
22125	0.0219	0.1408	0.030403
22126	0.023798	0.1403	0.030335
22127	0.025697	0.1398	0.030263
22128	0.027137	0.14043	0.030353
22129	0.024757	0.14105	0.030436
22130	0.02238	0.14167	0.030513
22131	0.029514	0.13981	0.030264
22132	0.036627	0.14167	0.030513
22133	0.034257	0.14105	0.030436
22134	0.031884	0.14043	0.030353
22135	0.059	0.1423	0.029579
22136	0.056627	0.14167	0.029506
22137	0.054257	0.14105	0.029427
22138	0.051884	0.14043	0.029343
22139	0.049514	0.13981	0.029253
22140	0.047137	0.14043	0.029343
22141	0.044757	0.14105	0.029427
22142	0.04238	0.14167	0.029506
22143	0.04	0.1423	0.029579
22144	0.04	0.1413	0.029459
22145	0.0419	0.1408	0.029394
22146	0.043798	0.1403	0.029325
22147	0.045697	0.1398	0.029252
22148	0.047595	0.1393	0.029176
22149	0.045695	0.1388	0.029096
22150	0.043797	0.13831	0.029012
22151	0.041897	0.13781	0.028924
22152	0.04	0.13731	0.028833
22153	0.051422	0.13931	0.029177
22154	0.053315	0.1398	0.029253
22155	0.055211	0.1403	0.029325
22156	0.057104	0.1408	0.029394
22157	0.059	0.1413	0.029459
22158	0.059	0.13732	0.028836
22159	0.057107	0.13782	0.028927
22160	0.055211	0.13832	0.029014
22161	0.053318	0.13881	0.029097
22162	0.059	0.13631	0.028638
22163	0.056627	0.13693	0.028762
22164	0.054251	0.13756	0.028879
22165	0.051877	0.13818	0.02899
22166	0.0495	0.1388	0.029096
22167	0.047123	0.13818	0.02899
22168	0.044749	0.13756	0.028879
22169	0.042373	0.13693	0.028762
22170	0.04	0.13631	0.028638
22171	0.059	0.13732	0.029853
22172	0.059	0.13631	0.029658
22173	0.059	0.1423	0.030585
22174	0.059	0.1413	0.030467
22175	0.04	0.13731	0.02985
22176	0.04	0.13631	0.029658
22177	0.04	0.1423	0.030585
22178	0.04	0.1413	0.030467
22179	0.047123	0.13818	0.030005
22180	0.044749	0.13756	0.029895
22181	0.042373	0.13693	0.02978
22182	0.0495	0.1388	0.030109
22183	0.056627	0.13693	0.02978
22184	0.054251	0.13756	0.029895
22185	0.051877	0.13818	0.030005
22186	0.057107	0.13782	0.029942
22187	0.055211	0.13832	0.030028
22188	0.053318	0.13881	0.03011
22189	0.051422	0.13931	0.030189
22190	0.053315	0.1398	0.030264
22191	0.055211	0.1403	0.030335
22192	0.057104	0.1408	0.030403
22193	0.045695	0.1388	0.030109
22194	0.043797	0.13831	0.030027
22195	0.041897	0.13781	0.02994
22196	0.047595	0.1393	0.030188
22197	0.0419	0.1408	0.030403
22198	0.043798	0.1403	0.030335
22199	0.045697	0.1398	0.030263
22200	0.047137	0.14043	0.030353
22201	0.044757	0.14105	0.030436
22202	0.04238	0.14167	0.030513
22203	0.049514	0.13981	0.030264
22204	0.056627	0.14167	0.030513
22205	0.054257	0.14105	0.030436
22206	0.051884	0.14043	0.030353
22207	0.019	0.23631	0.028638
22208	0.016627	0.23693	0.028762
22209	0.014251	0.23756	0.028879
22210	0.011877	0.23818	0.02899
22211	0.0095	0.2388	0.029096
22212	0.0071228	0.23818	0.02899
22213	0.0047495	0.23756	0.028879
22214	0.0023726	0.23693	0.028762
22215	0.0	0.23631	0.028638
22216	-3.4694e-18	0.2413	0.029459
22217	0.0018998	0.2408	0.029394
22218	0.0037977	0.2403	0.029325
22219	0.0056973	0.2398	0.029252
22220	0.0075949	0.2393	0.029176
22221	0.0056949	0.2388	0.029096
22222	0.0037971	0.23831	0.029012
22223	0.0018973	0.23781	0.028924
22224	-7.8139e-18	0.23731	0.028833
22225	0.019	0.2423	0.029579
22226	0.016627	0.24167	0.029506
22227	0.014257	0.24105	0.029427
22228	0.011884	0.24043	0.029343
22229	0.0095141	0.23981	0.029253
22230	0.0071373	0.24043	0.029343
22231	0.0047574	0.24105	0.029427
22232	0.00238	0.24167	0.029506
22233	0.0	0.2423	0.029579
22234	0.011422	0.23931	0.029177
22235	0.013315	0.2398	0.029253
22236	0.015211	0.2403	0.029325
22237	0.017104	0.2408	0.029394
22238	0.019	0.2413	0.029459
22239	0.019	0.23732	0.028836
22240	0.017107	0.23782	0.028927
22241	0.015211	0.23832	0.029014
22242	0.013318	0.23881	0.029097
22243	0.019	0.23631	0.029658
22244	0.019	0.23732	0.029853
22245	0.0	0.23631	0.029658
22246	-7.8139e-18	0.23731	0.02985
22247	0.019	0.2423	0.030585
22248	0.019	0.2413	0.030467
22249	0.0	0.2413	0.030467
22250	0.0	0.2423	0.030585
22251	0.017107	0.23782	0.029942
22252	0.015211	0.23832	0.030028
22253	0.013318	0.23881	0.03011
22254	0.011422	0.23931	0.030189
22255	0.013315	0.2398	0.030264
22256	0.015211	0.2403	0.030335
22257	0.017104	0.2408	0.030403
22258	0.0071373	0.24043	0.030353
22259	0.0047574	0.24105	0.030436
22260	0.00238	0.24167	0.030513
22261	0.0095141	0.23981	0.030264
22262	0.016627	0.24167	0.030513
22263	0.014257	0.24105	0.030436
22264	0.011884	0.24043	0.030353
22265	0.0056949	0.2388	0.030109
22266	0.0037971	0.23831	0.030027
22267	0.0018973	0.23781	0.02994
22268	0.0075949	0.2393	0.030188
22269	0.0018998	0.2408	0.030403
22270	0.0037977	0.2403	0.030335
22271	0.0056973	0.2398	0.030263
22272	0.0071229	0.23818	0.030005
22273	0.0047495	0.23756	0.029895
22274	0.0023726	0.23693	0.02978
22275	0.0095	0.2388	0.030109
22276	0.016627	0.23693	0.02978
22277	0.014251	0.23756	0.029895
22278	0.011877	0.23818	0.030005
22279	0.039	0.2423	0.029579
22280	0.036627	0.24167	0.029506
22281	0.034257	0.24105	0.029427
22282	0.031884	0.24043	0.029343
22283	0.029514	0.23981	0.029253
22284	0.027137	0.24043	0.029343
22285	0.024757	0.24105	0.029427
22286	0.02238	0.24167	0.029506
22287	0.02	0.2423	0.029579
22288	0.02	0.2413	0.029459
22289	0.0219	0.2408	0.029394
22290	0.023798	0.2403	0.029325
22291	0.025697	0.2398	0.029252
22292	0.027595	0.2393	0.029176
22293	0.025695	0.2388	0.029096
22294	0.023797	0.23831	0.029012
22295	0.021897	0.23781	0.028924
22296	0.02	0.23731	0.028833
22297	0.031422	0.23931	0.029177
22298	0.033315	0.2398	0.029253
22299	0.035211	0.2403	0.029325
22300	0.037104	0.2408	0.029394
22301	0.039	0.2413	0.029459
22302	0.039	0.23732	0.028836
22303	0.037107	0.23782	0.028927
22304	0.035211	0.23832	0.029014
22305	0.033318	0.23881	0.029097
22306	0.039	0.23631	0.028638
22307	0.036627	0.23693	0.028762
22308	0.034251	0.23756	0.028879
22309	0.031877	0.23818	0.02899
22310	0.0295	0.2388	0.029096
22311	0.027123	0.23818	0.02899
22312	0.024749	0.23756	0.028879
22313	0.022373	0.23693	0.028762
22314	0.02	0.23631	0.028638
22315	0.039	0.23732	0.029853
22316	0.039	0.23631	0.029658
22317	0.039	0.2423	0.030585
22318	0.039	0.2413	0.030467
22319	0.02	0.23731	0.02985
22320	0.02	0.23631	0.029658
22321	0.02	0.2423	0.030585
22322	0.02	0.2413	0.030467
22323	0.027123	0.23818	0.030005
22324	0.024749	0.23756	0.029895
22325	0.022373	0.23693	0.02978
22326	0.0295	0.2388	0.030109
22327	0.036627	0.23693	0.02978
22328	0.034251	0.23756	0.029895
22329	0.031877	0.23818	0.030005
22330	0.037107	0.23782	0.029942
22331	0.035211	0.23832	0.030028
22332	0.033318	0.23881	0.03011
22333	0.031422	0.23931	0.030189
22334	0.033315	0.2398	0.030264
22335	0.035211	0.2403	0.030335
22336	0.037104	0.2408	0.030403
22337	0.025695	0.2388	0.030109
22338	0.023797	0.23831	0.030027
22339	0.021897	0.23781	0.02994
22340	0.027595	0.2393	0.030188
22341	0.0219	0.2408	0.030403
22342	0.023798	0.2403	0.030335
22343	0.025697	0.2398	0.030263
22344	0.027137	0.24043	0.030353
22345	0.024757	0.24105	0.030436
22346	0.02238	0.24167	0.030513
22347	0.029514	0.23981	0.030264
22348	0.036627	0.24167	0.030513
22349	0.034257	0.24105	0.030436
22350	0.031884	0.24043	0.030353
22351	0.059	0.2423	0.029579
22352	0.056627	0.24167	0.029506
22353	0.054257	0.24105	0.029427
22354	0.051884	0.24043	0.029343
22355	0.049514	0.23981	0.029253
22356	0.047137	0.24043	0.029343
22357	0.044757	0.24105	0.029427
22358	0.04238	0.24167	0.029506
22359	0.04	0.2423	0.029579
22360	0.04	0.2413	0.029459
22361	0.0419	0.2408	0.029394
22362	0.043798	0.2403	0.029325
22363	0.045697	0.2398	0.029252
22364	0.047595	0.2393	0.029176
22365	0.045695	0.2388	0.029096
22366	0.043797	0.23831	0.029012
22367	0.041897	0.23781	0.028924
22368	0.04	0.23731	0.028833
22369	0.051422	0.23931	0.029177
22370	0.053315	0.2398	0.029253
22371	0.055211	0.2403	0.029325
22372	0.057104	0.2408	0.029394
22373	0.059	0.2413	0.029459
22374	0.059	0.23732	0.028836
22375	0.057107	0.23782	0.028927
22376	0.055211	0.23832	0.029014
22377	0.053318	0.23881	0.029097
22378	0.059	0.23631	0.028638
22379	0.056627	0.23693	0.028762
22380	0.054251	0.23756	0.028879
22381	0.051877	0.23818	0.02899
22382	0.0495	0.2388	0.029096
22383	0.047123	0.23818	0.02899
22384	0.044749	0.23756	0.028879
22385	0.042373	0.23693	0.028762
22386	0.04	0.23631	0.028638
22387	0.059	0.23732	0.029853
22388	0.059	0.23631	0.029658
22389	0.04	0.2423	0.030585
22390	0.04	0.2413	0.030467
22391	0.04	0.23731	0.02985
22392	0.04	0.23631	0.029658
22393	0.059	0.2423	0.030585
22394	0.059	0.2413	0.030467
22395	0.047123	0.23818	0.030005
22396	0.044749	0.23756	0.029895
22397	0.042373	0.23693	0.02978
22398	0.0495	0.2388	0.030109
22399	0.056627	0.23693	0.02978
22400	0.054251	0.23756	0.029895
22401	0.051877	0.23818	0.030005
22402	0.057107	0.23782	0.029942
22403	0.055211	0.23832	0.030028
22404	0.053318	0.23881	0.03011
22405	0.051422	0.23931	0.030189
22406	0.053315	0.2398	0.030264
22407	0.055211	0.2403	0.030335
22408	0.057104	0.2408	0.030403
22409	0.045695	0.2388	0.030109
22410	0.043797	0.23831	0.030027
22411	0.041897	0.23781	0.02994
22412	0.047595	0.2393	0.030188
22413	0.0419	0.2408	0.030403
22414	0.043798	0.2403	0.030335
22415	0.045697	0.2398	0.030263
22416	0.047137	0.24043	0.030353
22417	0.044757	0.24105	0.030436
22418	0.04238	0.24167	0.030513
22419	0.049514	0.23981	0.030264
22420	0.056627	0.24167	0.030513
22421	0.054257	0.24105	0.030436
22422	0.051884	0.24043	0.030353
22423	0.019	0.058325	0.029506
22424	0.017104	0.058821	0.029444
22425	0.015211	0.059316	0.029378
22426	0.013315	0.059812	0.029309
22427	0.011422	0.060308	0.029236
22428	0.013318	0.060805	0.029159
22429	0.015211	0.061302	0.029078
22430	0.017107	0.0618	0.028994
22431	0.019	0.062296	0.028906
22432	0.0095141	0.060807	0.029159
22433	0.0071335	0.06143	0.029057
22434	0.0047565	0.062052	0.02895
22435	0.0023762	0.062675	0.028836
22436	0.0	0.063296	0.028717
22437	0.019	0.063296	0.028717
22438	0.016631	0.062675	0.028836
22439	0.014258	0.062052	0.02895
22440	0.011888	0.06143	0.029057
22441	0.0075949	0.060303	0.029237
22442	0.0056973	0.059805	0.02931
22443	0.0037977	0.059307	0.02938
22444	0.0018997	0.058808	0.029446
22445	-7.8139e-18	0.05831	0.029508
22446	0.0	0.062296	0.028906
22447	0.0018974	0.061798	0.028994
22448	0.0037971	0.0613	0.029079
22449	0.0056949	0.060802	0.029159
22450	0.0095	0.059803	0.02931
22451	0.0071266	0.05918	0.029397
22452	0.0047504	0.058557	0.029478
22453	0.0023764	0.057933	0.029553
22454	0.0	0.05731	0.029622
22455	0.019	0.05731	0.029622
22456	0.016624	0.057933	0.029553
22457	0.01425	0.058557	0.029478
22458	0.011873	0.05918	0.029397
22459	0.019	0.062296	0.029922
22460	0.019	0.063296	0.029736
22461	0.019	0.058325	0.030513
22462	0.019	0.05731	0.030627
22463	0.0	0.063296	0.029736
22464	0.0	0.062296	0.029922
22465	-7.8139e-18	0.05831	0.030515
22466	0.0	0.05731	0.030627
22467	0.016624	0.057933	0.030559
22468	0.01425	0.058557	0.030485
22469	0.011873	0.05918	0.030406
22470	0.0095	0.059803	0.03032
22471	0.0071266	0.05918	0.030406
22472	0.0047503	0.058557	0.030485
22473	0.0023764	0.057933	0.030559
22474	0.0018974	0.061798	0.030009
22475	0.0037972	0.0613	0.030092
22476	0.0056949	0.060802	0.030172
22477	0.0075949	0.060303	0.030248
22478	0.0056973	0.059805	0.03032
22479	0.0037977	0.059307	0.030389
22480	0.0018997	0.058808	0.030454
22481	0.016631	0.062675	0.029853
22482	0.014258	0.062052	0.029965
22483	0.011888	0.06143	0.030071
22484	0.0095141	0.060807	0.030171
22485	0.0071335	0.06143	0.030071
22486	0.0047565	0.062052	0.029965
22487	0.0023762	0.062675	0.029853
22488	0.013318	0.060805	0.030171
22489	0.015211	0.061302	0.030092
22490	0.017107	0.0618	0.030009
22491	0.011422	0.060308	0.030247
22492	0.017105	0.058821	0.030452
22493	0.015211	0.059316	0.030388
22494	0.013315	0.059812	0.030319
22495	0.039	0.063296	0.028717
22496	0.036631	0.062675	0.028836
22497	0.034258	0.062052	0.02895
22498	0.031888	0.06143	0.029057
22499	0.029514	0.060807	0.029159
22500	0.027133	0.06143	0.029057
22501	0.024757	0.062052	0.02895
22502	0.022376	0.062675	0.028836
22503	0.02	0.063296	0.028717
22504	0.02	0.062296	0.028906
22505	0.021897	0.061798	0.028994
22506	0.023797	0.0613	0.029079
22507	0.025695	0.060802	0.029159
22508	0.027595	0.060303	0.029237
22509	0.025697	0.059805	0.02931
22510	0.023798	0.059307	0.02938
22511	0.0219	0.058808	0.029446
22512	0.02	0.05831	0.029508
22513	0.031422	0.060308	0.029236
22514	0.033318	0.060805	0.029159
22515	0.035211	0.061302	0.029078
22516	0.037107	0.0618	0.028994
22517	0.039	0.062296	0.028906
22518	0.039	0.058325	0.029506
22519	0.037104	0.058821	0.029444
22520	0.035211	0.059316	0.029378
22521	0.033315	0.059812	0.029309
22522	0.039	0.05731	0.029622
22523	0.036624	0.057933	0.029553
22524	0.03425	0.058557	0.029478
22525	0.031873	0.05918	0.029397
22526	0.0295	0.059803	0.02931
22527	0.027127	0.05918	0.029397
22528	0.02475	0.058557	0.029478
22529	0.022376	0.057933	0.029553
22530	0.02	0.05731	0.029622
22531	0.039	0.058325	0.030513
22532	0.039	0.05731	0.030627
22533	0.039	0.063296	0.029736
22534	0.039	0.062296	0.029922
22535	0.02	0.05831	0.030515
22536	0.02	0.05731	0.030627
22537	0.02	0.063296	0.029736
22538	0.02	0.062296	0.029922
22539	0.027127	0.05918	0.030406
22540	0.02475	0.058557	0.030485
22541	0.022376	0.057933	0.030559
22542	0.0295	0.059803	0.03032
22543	0.036624	0.057933	0.030559
22544	0.03425	0.058557	0.030485
22545	0.031873	0.05918	0.030406
22546	0.037105	0.058821	0.030452
22547	0.035211	0.059316	0.030388
22548	0.033315	0.059812	0.030319
22549	0.031422	0.060308	0.030247
22550	0.033318	0.060805	0.030171
22551	0.035211	0.061302	0.030092
22552	0.037107	0.0618	0.030009
22553	0.025697	0.059805	0.03032
22554	0.023798	0.059307	0.030389
22555	0.0219	0.058808	0.030454
22556	0.027595	0.060303	0.030248
22557	0.021897	0.061798	0.030009
22558	0.023797	0.0613	0.030092
22559	0.025695	0.060802	0.030172
22560	0.027133	0.06143	0.030071
22561	0.024757	0.062052	0.029965
22562	0.022376	0.062675	0.029853
22563	0.029514	0.060807	0.030171
22564	0.036631	0.062675	0.029853
22565	0.034258	0.062052	0.029965
22566	0.031888	0.06143	0.030071
22567	0.059	0.063296	0.028717
22568	0.056631	0.062675	0.028836
22569	0.054258	0.062052	0.02895
22570	0.051888	0.06143	0.029057
22571	0.049514	0.060807	0.029159
22572	0.047133	0.06143	0.029057
22573	0.044757	0.062052	0.02895
22574	0.042376	0.062675	0.028836
22575	0.04	0.063296	0.028717
22576	0.04	0.062296	0.028906
22577	0.041897	0.061798	0.028994
22578	0.043797	0.0613	0.029079
22579	0.045695	0.060802	0.029159
22580	0.047595	0.060303	0.029237
22581	0.045697	0.059805	0.02931
22582	0.043798	0.059307	0.02938
22583	0.0419	0.058808	0.029446
22584	0.04	0.05831	0.029508
22585	0.051422	0.060308	0.029236
22586	0.053318	0.060805	0.029159
22587	0.055211	0.061302	0.029078
22588	0.057107	0.0618	0.028994
22589	0.059	0.062296	0.028906
22590	0.059	0.058325	0.029506
22591	0.057104	0.058821	0.029444
22592	0.055211	0.059316	0.029378
22593	0.053315	0.059812	0.029309
22594	0.059	0.05731	0.029622
22595	0.056624	0.057933	0.029553
22596	0.05425	0.058557	0.029478
22597	0.051873	0.05918	0.029397
22598	0.0495	0.059803	0.02931
22599	0.047127	0.05918	0.029397
22600	0.04475	0.058557	0.029478
22601	0.042376	0.057933	0.029553
22602	0.04	0.05731	0.029622
22603	0.059	0.058325	0.030513
22604	0.059	0.05731	0.030627
22605	0.059	0.063296	0.029736
22606	0.059	0.062296	0.029922
22607	0.04	0.05831	0.030515
22608	0.04	0.05731	0.030627
22609	0.04	0.063296	0.029736
22610	0.04	0.062296	0.029922
22611	0.047127	0.05918	0.030406
22612	0.04475	0.058557	0.030485
22613	0.042376	0.057933	0.030559
22614	0.0495	0.059803	0.03032
22615	0.056624	0.057933	0.030559
22616	0.05425	0.058557	0.030485
22617	0.051873	0.05918	0.030406
22618	0.057105	0.058821	0.030452
22619	0.055211	0.059316	0.030388
22620	0.053315	0.059812	0.030319
22621	0.051422	0.060308	0.030247
22622	0.053318	0.060805	0.030171
22623	0.055211	0.061302	0.030092
22624	0.057107	0.0618	0.030009
22625	0.045697	0.059805	0.03032
22626	0.043798	0.059307	0.030389
22627	0.0419	0.058808	0.030454
22628	0.047595	0.060303	0.030248
22629	0.041897	0.061798	0.030009
22630	0.043797	0.0613	0.030092
22631	0.045695	0.060802	0.030172
22632	0.047133	0.06143	0.030071
22633	0.044757	0.062052	0.029965
22634	0.042376	0.062675	0.029853
22635	0.049514	0.060807	0.030171
22636	0.056631	0.062675	0.029853
22637	0.054258	0.062052	0.029965
22638	0.051888	0.06143	0.030071
22639	0.011422	0.16031	0.029236
22640	0.013318	0.16081	0.029159
22641	0.015211	0.1613	0.029078
22642	0.017107	0.1618	0.028994
22643	0.019	0.1623	0.028906
22644	0.019	0.15832	0.029506
22645	0.017104	0.15882	0.029444
22646	0.015211	0.15932	0.029378
22647	0.013315	0.15981	0.029309
22648	0.0	0.1623	0.028906
22649	0.0	0.1633	0.028717
22650	0.019	0.15731	0.029622
22651	0.016624	0.15793	0.029553
22652	0.01425	0.15856	0.029478
22653	0.011873	0.15918	0.029397
22654	0.0095	0.1598	0.02931
22655	0.0071266	0.15918	0.029397
22656	0.0047504	0.15856	0.029478
22657	0.0023764	0.15793	0.029553
22658	0.0	0.15731	0.029622
22659	0.0018974	0.1618	0.028994
22660	0.0037971	0.1613	0.029079
22661	0.0056949	0.1608	0.029159
22662	0.0075949	0.1603	0.029237
22663	0.0056973	0.15981	0.02931
22664	0.0037977	0.15931	0.02938
22665	0.0018997	0.15881	0.029446
22666	-7.8139e-18	0.15831	0.029508
22667	0.0095141	0.16081	0.029159
22668	0.0071335	0.16143	0.029057
22669	0.0047565	0.16205	0.02895
22670	0.0023762	0.16267	0.028836
22671	0.019	0.1633	0.028717
22672	0.016631	0.16267	0.028836
22673	0.014258	0.16205	0.02895
22674	0.011888	0.16143	0.029057
22675	0.0	0.15731	0.030627
22676	-7.8139e-18	0.15831	0.030515
22677	0.019	0.1623	0.029922
22678	0.019	0.1633	0.029736
22679	0.016631	0.16267	0.029853
22680	0.014258	0.16205	0.029965
22681	0.011888	0.16143	0.030071
22682	0.0095141	0.16081	0.030171
22683	0.0071335	0.16143	0.030071
22684	0.0047565	0.16205	0.029965
22685	0.0023762	0.16267	0.029853
22686	0.0	0.1633	0.029736
22687	0.0056973	0.15981	0.03032
22688	0.0037977	0.15931	0.030389
22689	0.0018997	0.15881	0.030454
22690	0.0075949	0.1603	0.030248
22691	0.0018974	0.1618	0.030009
22692	0.0037972	0.1613	0.030092
22693	0.0056949	0.1608	0.030172
22694	0.0	0.1623	0.029922
22695	0.0071266	0.15918	0.030406
22696	0.0047503	0.15856	0.030485
22697	0.0023764	0.15793	0.030559
22698	0.0095	0.1598	0.03032
22699	0.016624	0.15793	0.030559
22700	0.01425	0.15856	0.030485
22701	0.011873	0.15918	0.030406
22702	0.019	0.15731	0.030627
22703	0.019	0.15832	0.030513
22704	0.017105	0.15882	0.030452
22705	0.015211	0.15932	0.030388
22706	0.013315	0.15981	0.030319
22707	0.011422	0.16031	0.030247
22708	0.013318	0.16081	0.030171
22709	0.015211	0.1613	0.030092
22710	0.017107	0.1618	0.030009
22711	0.039	0.1633	0.028717
22712	0.036631	0.16267	0.028836
22713	0.034258	0.16205	0.02895
22714	0.031888	0.16143	0.029057
22715	0.029514	0.16081	0.029159
22716	0.027133	0.16143	0.029057
22717	0.024757	0.16205	0.02895
22718	0.022376	0.16267	0.028836
22719	0.02	0.1633	0.028717
22720	0.02	0.1623	0.028906
22721	0.021897	0.1618	0.028994
22722	0.023797	0.1613	0.029079
22723	0.025695	0.1608	0.029159
22724	0.027595	0.1603	0.029237
22725	0.025697	0.15981	0.02931
22726	0.023798	0.15931	0.02938
22727	0.0219	0.15881	0.029446
22728	0.02	0.15831	0.029508
22729	0.031422	0.16031	0.029236
22730	0.033318	0.16081	0.029159
22731	0.035211	0.1613	0.029078
22732	0.037107	0.1618	0.028994
22733	0.039	0.1623	0.028906
22734	0.039	0.15832	0.029506
22735	0.037104	0.15882	0.029444
22736	0.035211	0.15932	0.029378
22737	0.033315	0.15981	0.029309
22738	0.039	0.15731	0.029622
22739	0.036624	0.15793	0.029553
22740	0.03425	0.15856	0.029478
22741	0.031873	0.15918	0.029397
22742	0.0295	0.1598	0.02931
22743	0.027127	0.15918	0.029397
22744	0.02475	0.15856	0.029478
22745	0.022376	0.15793	0.029553
22746	0.02	0.15731	0.029622
22747	0.02	0.1633	0.029736
22748	0.02	0.1623	0.029922
22749	0.02	0.15831	0.030515
22750	0.02	0.15731	0.030627
22751	0.039	0.1633	0.029736
22752	0.039	0.1623	0.029922
22753	0.039	0.15832	0.030513
22754	0.039	0.15731	0.030627
22755	0.027127	0.15918	0.030406
22756	0.02475	0.15856	0.030485
22757	0.022376	0.15793	0.030559
22758	0.0295	0.1598	0.03032
22759	0.036624	0.15793	0.030559
22760	0.03425	0.15856	0.030485
22761	0.031873	0.15918	0.030406
22762	0.037105	0.15882	0.030452
22763	0.035211	0.15932	0.030388
22764	0.033315	0.15981	0.030319
22765	0.031422	0.16031	0.030247
22766	0.033318	0.16081	0.030171
22767	0.035211	0.1613	0.030092
22768	0.037107	0.1618	0.030009
22769	0.025697	0.15981	0.03032
22770	0.023798	0.15931	0.030389
22771	0.0219	0.15881	0.030454
22772	0.027595	0.1603	0.030248
22773	0.021897	0.1618	0.030009
22774	0.023797	0.1613	0.030092
22775	0.025695	0.1608	0.030172
22776	0.027133	0.16143	0.030071
22777	0.024757	0.16205	0.029965
22778	0.022376	0.16267	0.029853
22779	0.029514	0.16081	0.030171
22780	0.036631	0.16267	0.029853
22781	0.034258	0.16205	0.029965
22782	0.031888	0.16143	0.030071
22783	0.051422	0.16031	0.029236
22784	0.053318	0.16081	0.029159
22785	0.055211	0.1613	0.029078
22786	0.057107	0.1618	0.028994
22787	0.059	0.1623	0.028906
22788	0.059	0.15832	0.029506
22789	0.057104	0.15882	0.029444
22790	0.055211	0.15932	0.029378
22791	0.053315	0.15981	0.029309
22792	0.04	0.1623	0.028906
22793	0.04	0.1633	0.028717
22794	0.059	0.15731	0.029622
22795	0.056624	0.15793	0.029553
22796	0.05425	0.15856	0.029478
22797	0.051873	0.15918	0.029397
22798	0.0495	0.1598	0.02931
22799	0.047127	0.15918	0.029397
22800	0.04475	0.15856	0.029478
22801	0.042376	0.15793	0.029553
22802	0.04	0.15731	0.029622
22803	0.041897	0.1618	0.028994
22804	0.043797	0.1613	0.029079
22805	0.045695	0.1608	0.029159
22806	0.047595	0.1603	0.029237
22807	0.045697	0.15981	0.02931
22808	0.043798	0.15931	0.02938
22809	0.0419	0.15881	0.029446
22810	0.04	0.15831	0.029508
22811	0.049514	0.16081	0.029159
22812	0.047133	0.16143	0.029057
22813	0.044757	0.16205	0.02895
22814	0.042376	0.16267	0.028836
22815	0.059	0.1633	0.028717
22816	0.056631	0.16267	0.028836
22817	0.054258	0.16205	0.02895
22818	0.051888	0.16143	0.029057
22819	0.04	0.15731	0.030627
22820	0.04	0.15831	0.030515
22821	0.059	0.1623	0.029922
22822	0.059	0.1633	0.029736
22823	0.056631	0.16267	0.029853
22824	0.054258	0.16205	0.029965
22825	0.051888	0.16143	0.030071
22826	0.049514	0.16081	0.030171
22827	0.047133	0.16143	0.030071
22828	0.044757	0.16205	0.029965
22829	0.042376	0.16267	0.029853
22830	0.04	0.1633	0.029736
22831	0.045697	0.15981	0.03032
22832	0.043798	0.15931	0.030389
22833	0.0419	0.15881	0.030454
22834	0.047595	0.1603	0.030248
22835	0.041897	0.1618	0.030009
22836	0.043797	0.1613	0.030092
22837	0.045695	0.1608	0.030172
22838	0.04	0.1623	0.029922
22839	0.047127	0.15918	0.030406
22840	0.04475	0.15856	0.030485
22841	0.042376	0.15793	0.030559
22842	0.0495	0.1598	0.03032
22843	0.056624	0.15793	0.030559
22844	0.05425	0.15856	0.030485
22845	0.051873	0.15918	0.030406
22846	0.059	0.15731	0.030627
22847	0.059	0.15832	0.030513
22848	0.057105	0.15882	0.030452
22849	0.055211	0.15932	0.030388
22850	0.053315	0.15981	0.030319
22851	0.051422	0.16031	0.030247
22852	0.053318	0.16081	0.030171
22853	0.055211	0.1613	0.030092
22854	0.057107	0.1618	0.030009
22855	0.0095	0.2598	0.02931
22856	0.0071266	0.25918	0.029397
22857	0.0047504	0.25856	0.029478
22858	0.0023764	0.25793	0.029553
22859	0.0	0.25731	0.029622
22860	0.019	0.25731	0.029622
22861	0.016624	0.25793	0.029553
22862	0.01425	0.25856	0.029478
22863	0.011873	0.25918	0.029397
22864	0.019	0.25832	0.029506
22865	0.017104	0.25882	0.029444
22866	0.015211	0.25932	0.029378
22867	0.013315	0.25981	0.029309
22868	0.011422	0.26031	0.029236
22869	0.013318	0.26081	0.029159
22870	0.015211	0.2613	0.029078
22871	0.017107	0.2618	0.028994
22872	0.019	0.2623	0.028906
22873	0.0075949	0.2603	0.029237
22874	0.0056973	0.25981	0.02931
22875	0.0037977	0.25931	0.02938
22876	0.0018997	0.25881	0.029446
22877	-7.8139e-18	0.25831	0.029508
22878	0.0	0.2623	0.028906
22879	0.0018974	0.2618	0.028994
22880	0.0037971	0.2613	0.029079
22881	0.0056949	0.2608	0.029159
22882	0.0095141	0.26081	0.029159
22883	0.0071335	0.26143	0.029057
22884	0.0047565	0.26205	0.02895
22885	0.0023762	0.26267	0.028836
22886	0.0	0.2633	0.028717
22887	0.019	0.2633	0.028717
22888	0.016631	0.26267	0.028836
22889	0.014258	0.26205	0.02895
22890	0.011888	0.26143	0.029057
22891	0.019	0.25731	0.030627
22892	0.019	0.25832	0.030513
22893	0.019	0.2623	0.029922
22894	0.019	0.2633	0.029736
22895	0.0	0.25731	0.030627
22896	-7.8139e-18	0.25831	0.030515
22897	0.0	0.2623	0.029922
22898	0.0	0.2633	0.029736
22899	0.016631	0.26267	0.029853
22900	0.014258	0.26205	0.029965
22901	0.011888	0.26143	0.030071
22902	0.0095141	0.26081	0.030171
22903	0.0071335	0.26143	0.030071
22904	0.0047565	0.26205	0.029965
22905	0.0023762	0.26267	0.029853
22906	0.0018974	0.2618	0.030009
22907	0.0037972	0.2613	0.030092
22908	0.0056949	0.2608	0.030172
22909	0.0075949	0.2603	0.030248
22910	0.0056973	0.25981	0.03032
22911	0.0037977	0.25931	0.030389
22912	0.0018997	0.25881	0.030454
22913	0.013318	0.26081	0.030171
22914	0.015211	0.2613	0.030092
22915	0.017107	0.2618	0.030009
22916	0.011422	0.26031	0.030247
22917	0.017105	0.25882	0.030452
22918	0.015211	0.25932	0.030388
22919	0.013315	0.25981	0.030319
22920	0.016624	0.25793	0.030559
22921	0.01425	0.25856	0.030485
22922	0.011873	0.25918	0.030406
22923	0.0095	0.2598	0.03032
22924	0.0071266	0.25918	0.030406
22925	0.0047503	0.25856	0.030485
22926	0.0023764	0.25793	0.030559
22927	0.039	0.2633	0.028717
22928	0.036631	0.26267	0.028836
22929	0.034258	0.26205	0.02895
22930	0.031888	0.26143	0.029057
22931	0.029514	0.26081	0.029159
22932	0.027133	0.26143	0.029057
22933	0.024757	0.26205	0.02895
22934	0.022376	0.26267	0.028836
22935	0.02	0.2633	0.028717
22936	0.02	0.2623	0.028906
22937	0.021897	0.2618	0.028994
22938	0.023797	0.2613	0.029079
22939	0.025695	0.2608	0.029159
22940	0.027595	0.2603	0.029237
22941	0.025697	0.25981	0.02931
22942	0.023798	0.25931	0.02938
22943	0.0219	0.25881	0.029446
22944	0.02	0.25831	0.029508
22945	0.031422	0.26031	0.029236
22946	0.033318	0.26081	0.029159
22947	0.035211	0.2613	0.029078
22948	0.037107	0.2618	0.028994
22949	0.039	0.2623	0.028906
22950	0.039	0.25832	0.029506
22951	0.037104	0.25882	0.029444
22952	0.035211	0.25932	0.029378
22953	0.033315	0.25981	0.029309
22954	0.039	0.25731	0.029622
22955	0.036624	0.25793	0.029553
22956	0.03425	0.25856	0.029478
22957	0.031873	0.25918	0.029397
22958	0.0295	0.2598	0.02931
22959	0.027127	0.25918	0.029397
22960	0.02475	0.25856	0.029478
22961	0.022376	0.25793	0.029553
22962	0.02	0.25731	0.029622
22963	0.02	0.2633	0.029736
22964	0.02	0.2623	0.029922
22965	0.02	0.25831	0.030515
22966	0.02	0.25731	0.030627
22967	0.039	0.2633	0.029736
22968	0.039	0.2623	0.029922
22969	0.039	0.25832	0.030513
22970	0.039	0.25731	0.030627
22971	0.027127	0.25918	0.030406
22972	0.02475	0.25856	0.030485
22973	0.022376	0.25793	0.030559
22974	0.0295	0.2598	0.03032
22975	0.036624	0.25793	0.030559
22976	0.03425	0.25856	0.030485
22977	0.031873	0.25918	0.030406
22978	0.037105	0.25882	0.030452
22979	0.035211	0.25932	0.030388
22980	0.033315	0.25981	0.030319
22981	0.031422	0.26031	0.030247
22982	0.033318	0.26081	0.030171
22983	0.035211	0.2613	0.030092
22984	0.037107	0.2618	0.030009
22985	0.025697	0.25981	0.03032
22986	0.023798	0.25931	0.030389
22987	0.0219	0.25881	0.030454
22988	0.027595	0.2603	0.030248
22989	0.021897	0.2618	0.030009
22990	0.023797	0.2613	0.030092
22991	0.025695	0.2608	0.030172
22992	0.027133	0.26143	0.030071
22993	0.024757	0.26205	0.029965
22994	0.022376	0.26267	0.029853
22995	0.029514	0.26081	0.030171
22996	0.036631	0.26267	0.029853
22997	0.034258	0.26205	0.029965
22998	0.031888	0.26143	0.030071
22999	0.059	0.2633	0.028717
23000	0.056631	0.26267	0.028836
23001	0.054258	0.26205	0.02895
23002	0.051888	0.26143	0.029057
23003	0.049514	0.26081	0.029159
23004	0.047133	0.26143	0.029057
23005	0.044757	0.26205	0.02895
23006	0.042376	0.26267	0.028836
23007	0.04	0.2633	0.028717
23008	0.04	0.2623	0.028906
23009	0.041897	0.2618	0.028994
23010	0.043797	0.2613	0.029079
23011	0.045695	0.2608	0.029159
23012	0.047595	0.2603	0.029237
23013	0.045697	0.25981	0.02931
23014	0.043798	0.25931	0.02938
23015	0.0419	0.25881	0.029446
23016	0.04	0.25831	0.029508
23017	0.051422	0.26031	0.029236
23018	0.053318	0.26081	0.029159
23019	0.055211	0.2613	0.029078
23020	0.057107	0.2618	0.028994
23021	0.059	0.2623	0.028906
23022	0.059	0.25832	0.029506
23023	0.057104	0.25882	0.029444
23024	0.055211	0.25932	0.029378
23025	0.053315	0.25981	0.029309
23026	0.059	0.25731	0.029622
23027	0.056624	0.25793	0.029553
23028	0.05425	0.25856	0.029478
23029	0.051873	0.25918	0.029397
23030	0.0495	0.2598	0.02931
23031	0.047127	0.25918	0.029397
23032	0.04475	0.25856	0.029478
23033	0.042376	0.25793	0.029553
23034	0.04	0.25731	0.029622
23035	0.059	0.25832	0.030513
23036	0.059	0.25731	0.030627
23037	0.04	0.2633	0.029736
23038	0.04	0.2623	0.029922
23039	0.04	0.25831	0.030515
23040	0.04	0.25731	0.030627
23041	0.059	0.2633	0.029736
23042	0.059	0.2623	0.029922
23043	0.047127	0.25918	0.030406
23044	0.04475	0.25856	0.030485
23045	0.042376	0.25793	0.030559
23046	0.0495	0.2598	0.03032
23047	0.056624	0.25793	0.030559
23048	0.05425	0.25856	0.030485
23049	0.051873	0.25918	0.030406
23050	0.057105	0.25882	0.030452
23051	0.055211	0.25932	0.030388
23052	0.053315	0.25981	0.030319
23053	0.051422	0.26031	0.030247
23054	0.053318	0.26081	0.030171
23055	0.055211	0.2613	0.030092
23056	0.057107	0.2618	0.030009
23057	0.045697	0.25981	0.03032
23058	0.043798	0.25931	0.030389
23059	0.0419	0.25881	0.030454
23060	0.047595	0.2603	0.030248
23061	0.041897	0.2618	0.030009
23062	0.043797	0.2613	0.030092
23063	0.045695	0.2608	0.030172
23064	0.047133	0.26143	0.030071
23065	0.044757	0.26205	0.029965
23066	0.042376	0.26267	0.029853
23067	0.049514	0.26081	0.030171
23068	0.056631	0.26267	0.029853
23069	0.054258	0.26205	0.029965
23070	0.051888	0.26143	0.030071
23071	0.019	0.044325	0.029776
23072	0.017106	0.04482	0.029816
23073	0.015211	0.045316	0.029851
23074	0.013317	0.045812	0.029883
23075	0.011422	0.046308	0.029911
23076	0.013315	0.046804	0.029936
23077	0.015211	0.047302	0.029957
23078	0.017105	0.047799	0.029975
23079	0.019	0.048296	0.029989
23080	0.0095141	0.046807	0.029936
23081	0.0071364	0.047429	0.029962
23082	0.0047571	0.048052	0.029983
23083	0.002379	0.048674	0.029997
23084	0.0	0.049296	0.030007
23085	0.019	0.049296	0.030007
23086	0.016628	0.048674	0.029997
23087	0.014257	0.048052	0.029983
23088	0.011885	0.047429	0.029962
23089	0.0075949	0.046303	0.029911
23090	0.0056957	0.045805	0.029883
23091	0.0037973	0.045306	0.02985
23092	0.0018981	0.044808	0.029815
23093	-7.8139e-18	0.04431	0.029775
23094	0.0	0.048296	0.029989
23095	0.0018997	0.047798	0.029975
23096	0.0037975	0.0473	0.029957
23097	0.0056973	0.046801	0.029936
23098	0.0095	0.045803	0.029882
23099	0.0071234	0.045179	0.029842
23100	0.0047498	0.044556	0.029795
23101	0.0023731	0.043933	0.029743
23102	0.0	0.04331	0.029685
23103	0.019	0.04331	0.029685
23104	0.016627	0.043933	0.029743
23105	0.01425	0.044556	0.029795
23106	0.011877	0.045179	0.029842
23107	0.019	0.048296	0.030989
23108	0.019	0.049296	0.031007
23109	0.019	0.044325	0.03078
23110	0.019	0.04331	0.03069
23111	0.0	0.049296	0.031007
23112	0.0	0.048296	0.030989
23113	-7.8139e-18	0.04431	0.030779
23114	0.0	0.04331	0.03069
23115	0.016627	0.043933	0.030747
23116	0.01425	0.044556	0.030798
23117	0.011877	0.045179	0.030844
23118	0.0095	0.045803	0.030884
23119	0.0071235	0.045179	0.030844
23120	0.0047498	0.044556	0.030798
23121	0.0023731	0.043933	0.030747
23122	0.0018997	0.047798	0.030976
23123	0.0037975	0.0473	0.030958
23124	0.0056973	0.046801	0.030937
23125	0.0075949	0.046303	0.030913
23126	0.0056957	0.045805	0.030884
23127	0.0037973	0.045306	0.030853
23128	0.0018981	0.044808	0.030817
23129	0.016628	0.048674	0.030998
23130	0.014257	0.048052	0.030983
23131	0.011885	0.047429	0.030963
23132	0.0095141	0.046807	0.030937
23133	0.0071364	0.047429	0.030963
23134	0.0047571	0.048052	0.030983
23135	0.002379	0.048674	0.030998
23136	0.013315	0.046804	0.030937
23137	0.015211	0.047302	0.030958
23138	0.017105	0.047799	0.030976
23139	0.011422	0.046308	0.030913
23140	0.017106	0.04482	0.030818
23141	0.015211	0.045316	0.030853
23142	0.013317	0.045812	0.030885
23143	0.039	0.049296	0.030007
23144	0.036628	0.048674	0.029997
23145	0.034257	0.048052	0.029983
23146	0.031885	0.047429	0.029962
23147	0.029514	0.046807	0.029936
23148	0.027136	0.047429	0.029962
23149	0.024757	0.048052	0.029983
23150	0.022379	0.048674	0.029997
23151	0.02	0.049296	0.030007
23152	0.02	0.048296	0.029989
23153	0.021899	0.047798	0.029975
23154	0.023798	0.0473	0.029957
23155	0.025697	0.046801	0.029936
23156	0.027595	0.046303	0.029911
23157	0.025696	0.045805	0.029883
23158	0.023797	0.045306	0.02985
23159	0.021898	0.044808	0.029815
23160	0.02	0.04431	0.029775
23161	0.031422	0.046308	0.029911
23162	0.033316	0.046805	0.029936
23163	0.035211	0.047302	0.029957
23164	0.037105	0.047799	0.029975
23165	0.039	0.048296	0.029989
23166	0.039	0.044325	0.029776
23167	0.037106	0.04482	0.029816
23168	0.035211	0.045316	0.029851
23169	0.033317	0.045812	0.029883
23170	0.039	0.04331	0.029685
23171	0.036626	0.043933	0.029743
23172	0.03425	0.044556	0.029795
23173	0.031876	0.04518	0.029842
23174	0.0295	0.045803	0.029882
23175	0.02	0.04331	0.029685
23176	0.027124	0.04518	0.029842
23177	0.02475	0.044556	0.029795
23178	0.022374	0.043933	0.029743
23179	0.02	0.049296	0.031007
23180	0.02	0.048296	0.030989
23181	0.027124	0.04518	0.030844
23182	0.02475	0.044556	0.030798
23183	0.022374	0.043933	0.030747
23184	0.0295	0.045803	0.030884
23185	0.02	0.04331	0.03069
23186	0.02	0.04431	0.030779
23187	0.039	0.044325	0.03078
23188	0.039	0.04331	0.03069
23189	0.039	0.049296	0.031007
23190	0.039	0.048296	0.030989
23191	0.036626	0.043933	0.030747
23192	0.03425	0.044556	0.030798
23193	0.031876	0.04518	0.030844
23194	0.037106	0.04482	0.030818
23195	0.035211	0.045316	0.030853
23196	0.033317	0.045812	0.030885
23197	0.031422	0.046308	0.030913
23198	0.033316	0.046805	0.030937
23199	0.035211	0.047302	0.030958
23200	0.037105	0.047799	0.030976
23201	0.025696	0.045805	0.030884
23202	0.023797	0.045306	0.030853
23203	0.021898	0.044808	0.030817
23204	0.027595	0.046303	0.030913
23205	0.021899	0.047798	0.030976
23206	0.023798	0.0473	0.030958
23207	0.025697	0.046801	0.030937
23208	0.027136	0.047429	0.030963
23209	0.024757	0.048052	0.030983
23210	0.022379	0.048674	0.030998
23211	0.029514	0.046807	0.030937
23212	0.036628	0.048674	0.030998
23213	0.034257	0.048052	0.030983
23214	0.031885	0.047429	0.030963
23215	0.059	0.049296	0.030007
23216	0.056628	0.048674	0.029997
23217	0.054257	0.048052	0.029983
23218	0.051885	0.047429	0.029962
23219	0.049514	0.046807	0.029936
23220	0.047136	0.047429	0.029962
23221	0.044757	0.048052	0.029983
23222	0.042379	0.048674	0.029997
23223	0.04	0.049296	0.030007
23224	0.04	0.048296	0.029989
23225	0.041899	0.047798	0.029975
23226	0.043798	0.0473	0.029957
23227	0.045697	0.046801	0.029936
23228	0.047595	0.046303	0.029911
23229	0.045696	0.045805	0.029883
23230	0.043797	0.045306	0.02985
23231	0.041898	0.044808	0.029815
23232	0.04	0.04431	0.029775
23233	0.051422	0.046308	0.029911
23234	0.053316	0.046805	0.029936
23235	0.055211	0.047302	0.029957
23236	0.057105	0.047799	0.029975
23237	0.059	0.048296	0.029989
23238	0.059	0.044325	0.029776
23239	0.057106	0.04482	0.029816
23240	0.055211	0.045316	0.029851
23241	0.053317	0.045812	0.029883
23242	0.059	0.04331	0.029685
23243	0.056626	0.043933	0.029743
23244	0.05425	0.044556	0.029795
23245	0.051876	0.04518	0.029842
23246	0.0495	0.045803	0.029882
23247	0.04	0.04331	0.029685
23248	0.047124	0.04518	0.029842
23249	0.04475	0.044556	0.029795
23250	0.042374	0.043933	0.029743
23251	0.04	0.049296	0.031007
23252	0.04	0.048296	0.030989
23253	0.047124	0.04518	0.030844
23254	0.04475	0.044556	0.030798
23255	0.042374	0.043933	0.030747
23256	0.0495	0.045803	0.030884
23257	0.04	0.04331	0.03069
23258	0.04	0.04431	0.030779
23259	0.059	0.044325	0.03078
23260	0.059	0.04331	0.03069
23261	0.059	0.049296	0.031007
23262	0.059	0.048296	0.030989
23263	0.056626	0.043933	0.030747
23264	0.05425	0.044556	0.030798
23265	0.051876	0.04518	0.030844
23266	0.057106	0.04482	0.030818
23267	0.055211	0.045316	0.030853
23268	0.053317	0.045812	0.030885
23269	0.051422	0.046308	0.030913
23270	0.053316	0.046805	0.030937
23271	0.055211	0.047302	0.030958
23272	0.057105	0.047799	0.030976
23273	0.045696	0.045805	0.030884
23274	0.043797	0.045306	0.030853
23275	0.041898	0.044808	0.030817
23276	0.047595	0.046303	0.030913
23277	0.041899	0.047798	0.030976
23278	0.043798	0.0473	0.030958
23279	0.045697	0.046801	0.030937
23280	0.047136	0.047429	0.030963
23281	0.044757	0.048052	0.030983
23282	0.042379	0.048674	0.030998
23283	0.049514	0.046807	0.030937
23284	0.056628	0.048674	0.030998
23285	0.054257	0.048052	0.030983
23286	0.051885	0.047429	0.030963
23287	0.019	0.1493	0.030007
23288	0.016628	0.14867	0.029997
23289	0.014257	0.14805	0.029983
23290	0.011885	0.14743	0.029962
23291	0.0095141	0.14681	0.029936
23292	0.007136	0.14743	0.029962
23293	0.0047571	0.14805	0.029983
23294	0.0023788	0.14867	0.029997
23295	0.0	0.1493	0.030007
23296	0.0	0.1483	0.029989
23297	0.001899	0.1478	0.029975
23298	0.0037975	0.1473	0.029957
23299	0.0056965	0.1468	0.029936
23300	0.0075949	0.1463	0.029911
23301	0.0056957	0.1458	0.029883
23302	0.0037973	0.14531	0.02985
23303	0.0018981	0.14481	0.029815
23304	-7.8139e-18	0.14431	0.029775
23305	0.011422	0.14631	0.029911
23306	0.013316	0.1468	0.029936
23307	0.015211	0.1473	0.029957
23308	0.017105	0.1478	0.029975
23309	0.019	0.1483	0.029989
23310	0.019	0.14432	0.029776
23311	0.017106	0.14482	0.029816
23312	0.015211	0.14532	0.029851
23313	0.013317	0.14581	0.029883
23314	0.019	0.14331	0.029685
23315	0.016626	0.14393	0.029743
23316	0.01425	0.14456	0.029795
23317	0.011876	0.14518	0.029842
23318	0.0095	0.1458	0.029882
23319	0.0071241	0.14518	0.029842
23320	0.0047498	0.14456	0.029795
23321	0.0023739	0.14393	0.029743
23322	0.0	0.14331	0.029685
23323	0.0	0.1493	0.031007
23324	0.0	0.1483	0.030989
23325	0.019	0.14432	0.03078
23326	0.019	0.14331	0.03069
23327	0.019	0.1493	0.031007
23328	0.019	0.1483	0.030989
23329	-7.8139e-18	0.14431	0.030779
23330	0.0	0.14331	0.03069
23331	0.0071241	0.14518	0.030844
23332	0.0047498	0.14456	0.030798
23333	0.0023739	0.14393	0.030747
23334	0.0095	0.1458	0.030884
23335	0.016626	0.14393	0.030747
23336	0.01425	0.14456	0.030798
23337	0.011876	0.14518	0.030844
23338	0.017106	0.14482	0.030818
23339	0.015211	0.14532	0.030853
23340	0.013317	0.14581	0.030885
23341	0.011422	0.14631	0.030913
23342	0.013316	0.1468	0.030937
23343	0.015211	0.1473	0.030958
23344	0.017105	0.1478	0.030976
23345	0.0056957	0.1458	0.030884
23346	0.0037973	0.14531	0.030853
23347	0.0018981	0.14481	0.030817
23348	0.0075949	0.1463	0.030913
23349	0.001899	0.1478	0.030976
23350	0.0037975	0.1473	0.030958
23351	0.0056965	0.1468	0.030937
23352	0.007136	0.14743	0.030963
23353	0.0047571	0.14805	0.030983
23354	0.0023788	0.14867	0.030998
23355	0.0095141	0.14681	0.030937
23356	0.016628	0.14867	0.030998
23357	0.014257	0.14805	0.030983
23358	0.011885	0.14743	0.030963
23359	0.039	0.1493	0.030007
23360	0.036628	0.14867	0.029997
23361	0.034257	0.14805	0.029983
23362	0.031885	0.14743	0.029962
23363	0.029514	0.14681	0.029936
23364	0.027136	0.14743	0.029962
23365	0.024757	0.14805	0.029983
23366	0.022379	0.14867	0.029997
23367	0.02	0.1493	0.030007
23368	0.02	0.1483	0.029989
23369	0.021899	0.1478	0.029975
23370	0.023798	0.1473	0.029957
23371	0.025697	0.1468	0.029936
23372	0.027595	0.1463	0.029911
23373	0.025696	0.1458	0.029883
23374	0.023797	0.14531	0.02985
23375	0.021898	0.14481	0.029815
23376	0.02	0.14431	0.029775
23377	0.031422	0.14631	0.029911
23378	0.033316	0.1468	0.029936
23379	0.035211	0.1473	0.029957
23380	0.037105	0.1478	0.029975
23381	0.039	0.1483	0.029989
23382	0.039	0.14432	0.029776
23383	0.037106	0.14482	0.029816
23384	0.035211	0.14532	0.029851
23385	0.033317	0.14581	0.029883
23386	0.039	0.14331	0.029685
23387	0.036626	0.14393	0.029743
23388	0.03425	0.14456	0.029795
23389	0.031876	0.14518	0.029842
23390	0.0295	0.1458	0.029882
23391	0.027124	0.14518	0.029842
23392	0.02475	0.14456	0.029795
23393	0.022374	0.14393	0.029743
23394	0.02	0.14331	0.029685
23395	0.039	0.14432	0.03078
23396	0.039	0.14331	0.03069
23397	0.039	0.1493	0.031007
23398	0.039	0.1483	0.030989
23399	0.02	0.14431	0.030779
23400	0.02	0.14331	0.03069
23401	0.02	0.1493	0.031007
23402	0.02	0.1483	0.030989
23403	0.027124	0.14518	0.030844
23404	0.02475	0.14456	0.030798
23405	0.022374	0.14393	0.030747
23406	0.0295	0.1458	0.030884
23407	0.036626	0.14393	0.030747
23408	0.03425	0.14456	0.030798
23409	0.031876	0.14518	0.030844
23410	0.037106	0.14482	0.030818
23411	0.035211	0.14532	0.030853
23412	0.033317	0.14581	0.030885
23413	0.031422	0.14631	0.030913
23414	0.033316	0.1468	0.030937
23415	0.035211	0.1473	0.030958
23416	0.037105	0.1478	0.030976
23417	0.025696	0.1458	0.030884
23418	0.023797	0.14531	0.030853
23419	0.021898	0.14481	0.030817
23420	0.027595	0.1463	0.030913
23421	0.021899	0.1478	0.030976
23422	0.023798	0.1473	0.030958
23423	0.025697	0.1468	0.030937
23424	0.027136	0.14743	0.030963
23425	0.024757	0.14805	0.030983
23426	0.022379	0.14867	0.030998
23427	0.029514	0.14681	0.030937
23428	0.036628	0.14867	0.030998
23429	0.034257	0.14805	0.030983
23430	0.031885	0.14743	0.030963
23431	0.059	0.1493	0.030007
23432	0.056628	0.14867	0.029997
23433	0.054257	0.14805	0.029983
23434	0.051885	0.14743	0.029962
23435	0.049514	0.14681	0.029936
23436	0.047136	0.14743	0.029962
23437	0.044757	0.14805	0.029983
23438	0.042379	0.14867	0.029997
23439	0.04	0.1493	0.030007
23440	0.04	0.1483	0.029989
23441	0.041899	0.1478	0.029975
23442	0.043798	0.1473	0.029957
23443	0.045697	0.1468	0.029936
23444	0.047595	0.1463	0.029911
23445	0.045696	0.1458	0.029883
23446	0.043797	0.14531	0.02985
23447	0.041898	0.14481	0.029815
23448	0.04	0.14431	0.029775
23449	0.051422	0.14631	0.029911
23450	0.053316	0.1468	0.029936
23451	0.055211	0.1473	0.029957
23452	0.057105	0.1478	0.029975
23453	0.059	0.1483	0.029989
23454	0.059	0.14432	0.029776
23455	0.057106	0.14482	0.029816
23456	0.055211	0.14532	0.029851
23457	0.053317	0.14581	0.029883
23458	0.059	0.14331	0.029685
23459	0.056626	0.14393	0.029743
23460	0.05425	0.14456	0.029795
23461	0.051876	0.14518	0.029842
23462	0.0495	0.1458	0.029882
23463	0.047124	0.14518	0.029842
23464	0.04475	0.14456	0.029795
23465	0.042374	0.14393	0.029743
23466	0.04	0.14331	0.029685
23467	0.04	0.1493	0.031007
23468	0.04	0.1483	0.030989
23469	0.059	0.14432	0.03078
23470	0.059	0.14331	0.03069
23471	0.059	0.1493	0.031007
23472	0.059	0.1483	0.030989
23473	0.04	0.14431	0.030779
23474	0.04	0.14331	0.03069
23475	0.047124	0.14518	0.030844
23476	0.04475	0.14456	0.030798
23477	0.042374	0.14393	0.030747
23478	0.0495	0.1458	0.030884
23479	0.056626	0.14393	0.030747
23480	0.05425	0.14456	0.030798
23481	0.051876	0.14518	0.030844
23482	0.057106	0.14482	0.030818
23483	0.055211	0.14532	0.030853
23484	0.053317	0.14581	0.030885
23485	0.051422	0.14631	0.030913
23486	0.053316	0.1468	0.030937
23487	0.055211	0.1473	0.030958
23488	0.057105	0.1478	0.030976
23489	0.045696	0.1458	0.030884
23490	0.043797	0.14531	0.030853
23491	0.041898	0.14481	0.030817
23492	0.047595	0.1463	0.030913
23493	0.041899	0.1478	0.030976
23494	0.043798	0.1473	0.030958
23495	0.045697	0.1468	0.030937
23496	0.047136	0.14743	0.030963
23497	0.044757	0.14805	0.030983
23498	0.042379	0.14867	0.030998
23499	0.049514	0.14681	0.030937
23500	0.056628	0.14867	0.030998
23501	0.054257	0.14805	0.030983
23502	0.051885	0.14743	0.030963
23503	0.019	0.24331	0.029685
23504	0.016626	0.24393	0.029743
23505	0.01425	0.24456	0.029795
23506	0.011876	0.24518	0.029842
23507	0.0095	0.2458	0.029882
23508	0.0071241	0.24518	0.029842
23509	0.0047498	0.24456	0.029795
23510	0.0023739	0.24393	0.029743
23511	0.0	0.24331	0.029685
23512	0.0	0.2483	0.029989
23513	0.001899	0.2478	0.029975
23514	0.0037975	0.2473	0.029957
23515	0.0056965	0.2468	0.029936
23516	0.0075949	0.2463	0.029911
23517	0.0056957	0.2458	0.029883
23518	0.0037973	0.24531	0.02985
23519	0.0018981	0.24481	0.029815
23520	-7.8139e-18	0.24431	0.029775
23521	0.019	0.2493	0.030007
23522	0.016628	0.24867	0.029997
23523	0.014257	0.24805	0.029983
23524	0.011885	0.24743	0.029962
23525	0.0095141	0.24681	0.029936
23526	0.007136	0.24743	0.029962
23527	0.0047571	0.24805	0.029983
23528	0.0023788	0.24867	0.029997
23529	0.0	0.2493	0.030007
23530	0.011422	0.24631	0.029911
23531	0.013316	0.2468	0.029936
23532	0.015211	0.2473	0.029957
23533	0.017105	0.2478	0.029975
23534	0.019	0.2483	0.029989
23535	0.019	0.24432	0.029776
23536	0.017106	0.24482	0.029816
23537	0.015211	0.24532	0.029851
23538	0.013317	0.24581	0.029883
23539	0.0	0.24331	0.03069
23540	-7.8139e-18	0.24431	0.030779
23541	0.019	0.2493	0.031007
23542	0.019	0.2483	0.030989
23543	0.019	0.24331	0.03069
23544	0.019	0.24432	0.03078
23545	0.0	0.2483	0.030989
23546	0.0	0.2493	0.031007
23547	0.017106	0.24482	0.030818
23548	0.015211	0.24532	0.030853
23549	0.013317	0.24581	0.030885
23550	0.011422	0.24631	0.030913
23551	0.013316	0.2468	0.030937
23552	0.015211	0.2473	0.030958
23553	0.017105	0.2478	0.030976
23554	0.007136	0.24743	0.030963
23555	0.0047571	0.24805	0.030983
23556	0.0023788	0.24867	0.030998
23557	0.0095141	0.24681	0.030937
23558	0.016628	0.24867	0.030998
23559	0.014257	0.24805	0.030983
23560	0.011885	0.24743	0.030963
23561	0.0056957	0.2458	0.030884
23562	0.0037973	0.24531	0.030853
23563	0.0018981	0.24481	0.030817
23564	0.0075949	0.2463	0.030913
23565	0.001899	0.2478	0.030976
23566	0.0037975	0.2473	0.030958
23567	0.0056965	0.2468	0.030937
23568	0.0071241	0.24518	0.030844
23569	0.0047498	0.24456	0.030798
23570	0.0023739	0.24393	0.030747
23571	0.0095	0.2458	0.030884
23572	0.016626	0.24393	0.030747
23573	0.01425	0.24456	0.030798
23574	0.011876	0.24518	0.030844
23575	0.039	0.2493	0.030007
23576	0.036628	0.24867	0.029997
23577	0.034257	0.24805	0.029983
23578	0.031885	0.24743	0.029962
23579	0.029514	0.24681	0.029936
23580	0.027136	0.24743	0.029962
23581	0.024757	0.24805	0.029983
23582	0.022379	0.24867	0.029997
23583	0.02	0.2493	0.030007
23584	0.02	0.2483	0.029989
23585	0.021899	0.2478	0.029975
23586	0.023798	0.2473	0.029957
23587	0.025697	0.2468	0.029936
23588	0.027595	0.2463	0.029911
23589	0.025696	0.2458	0.029883
23590	0.023797	0.24531	0.02985
23591	0.021898	0.24481	0.029815
23592	0.02	0.24431	0.029775
23593	0.031422	0.24631	0.029911
23594	0.033316	0.2468	0.029936
23595	0.035211	0.2473	0.029957
23596	0.037105	0.2478	0.029975
23597	0.039	0.2483	0.029989
23598	0.039	0.24432	0.029776
23599	0.037106	0.24482	0.029816
23600	0.035211	0.24532	0.029851
23601	0.033317	0.24581	0.029883
23602	0.039	0.24331	0.029685
23603	0.036626	0.24393	0.029743
23604	0.03425	0.24456	0.029795
23605	0.031876	0.24518	0.029842
23606	0.0295	0.2458	0.029882
23607	0.027124	0.24518	0.029842
23608	0.02475	0.24456	0.029795
23609	0.022374	0.24393	0.029743
23610	0.02	0.24331	0.029685
23611	0.02	0.2493	0.031007
23612	0.02	0.2483	0.030989
23613	0.02	0.24431	0.030779
23614	0.02	0.24331	0.03069
23615	0.039	0.2493	0.031007
23616	0.039	0.2483	0.030989
23617	0.039	0.24432	0.03078
23618	0.039	0.24331	0.03069
23619	0.027124	0.24518	0.030844
23620	0.02475	0.24456	0.030798
23621	0.022374	0.24393	0.030747
23622	0.0295	0.2458	0.030884
23623	0.036626	0.24393	0.030747
23624	0.03425	0.24456	0.030798
23625	0.031876	0.24518	0.030844
23626	0.037106	0.24482	0.030818
23627	0.035211	0.24532	0.030853
23628	0.033317	0.24581	0.030885
23629	0.031422	0.24631	0.030913
23630	0.033316	0.2468	0.030937
23631	0.035211	0.2473	0.030958
23632	0.037105	0.2478	0.030976
23633	0.025696	0.2458	0.030884
23634	0.023797	0.24531	0.030853
23635	0.021898	0.24481	0.030817
23636	0.027595	0.2463	0.030913
23637	0.021899	0.2478	0.030976
23638	0.023798	0.2473	0.030958
23639	0.025697	0.2468	0.030937
23640	0.027136	0.24743	0.030963
23641	0.024757	0.24805	0.030983
23642	0.022379	0.24867	0.030998
23643	0.029514	0.24681	0.030937
23644	0.036628	0.24867	0.030998
23645	0.034257	0.24805	0.030983
23646	0.031885	0.24743	0.030963
23647	0.059	0.2493	0.030007
23648	0.056628	0.24867	0.029997
23649	0.054257	0.24805	0.029983
23650	0.051885	0.24743	0.029962
23651	0.049514	0.24681	0.029936
23652	0.047136	0.24743	0.029962
23653	0.044757	0.24805	0.029983
23654	0.042379	0.24867	0.029997
23655	0.04	0.2493	0.030007
23656	0.04	0.2483	0.029989
23657	0.041899	0.2478	0.029975
23658	0.043798	0.2473	0.029957
23659	0.045697	0.2468	0.029936
23660	0.047595	0.2463	0.029911
23661	0.045696	0.2458	0.029883
23662	0.043797	0.24531	0.02985
23663	0.041898	0.24481	0.029815
23664	0.04	0.24431	0.029775
23665	0.051422	0.24631	0.029911
23666	0.053316	0.2468	0.029936
23667	0.055211	0.2473	0.029957
23668	0.057105	0.2478	0.029975
23669	0.059	0.2483	0.029989
23670	0.059	0.24432	0.029776
23671	0.057106	0.24482	0.029816
23672	0.055211	0.24532	0.029851
23673	0.053317	0.24581	0.029883
23674	0.059	0.24331	0.029685
23675	0.056626	0.24393	0.029743
23676	0.05425	0.24456	0.029795
23677	0.051876	0.24518	0.029842
23678	0.0495	0.2458	0.029882
23679	0.047124	0.24518	0.029842
23680	0.04475	0.24456	0.029795
23681	0.042374	0.24393	0.029743
23682	0.04	0.24331	0.029685
23683	0.04	0.2493	0.031007
23684	0.04	0.2483	0.030989
23685	0.04	0.24431	0.030779
23686	0.04	0.24331	0.03069
23687	0.059	0.2493	0.031007
23688	0.059	0.2483	0.030989
23689	0.059	0.24432	0.03078
23690	0.059	0.24331	0.03069
23691	0.047124	0.24518	0.030844
23692	0.04475	0.24456	0.030798
23693	0.042374	0.24393	0.030747
23694	0.0495	0.2458	0.030884
23695	0.056626	0.24393	0.030747
23696	0.05425	0.24456	0.030798
23697	0.051876	0.24518	0.030844
23698	0.057106	0.24482	0.030818
23699	0.055211	0.24532	0.030853
23700	0.053317	0.24581	0.030885
23701	0.051422	0.24631	0.030913
23702	0.053316	0.2468	0.030937
23703	0.055211	0.2473	0.030958
23704	0.057105	0.2478	0.030976
23705	0.045696	0.2458	0.030884
23706	0.043797	0.24531	0.030853
23707	0.041898	0.24481	0.030817
23708	0.047595	0.2463	0.030913
23709	0.041899	0.2478	0.030976
23710	0.043798	0.2473	0.030958
23711	0.045697	0.2468	0.030937
23712	0.047136	0.24743	0.030963
23713	0.044757	0.24805	0.030983
23714	0.042379	0.24867	0.030998
23715	0.049514	0.24681	0.030937
23716	0.056628	0.24867	0.030998
23717	0.054257	0.24805	0.030983
23718	0.051885	0.24743	0.030963
23719	0.019	0.05031	0.03001
23720	0.016625	0.050933	0.030004
23721	0.01425	0.051556	0.029993
23722	0.011875	0.05218	0.029976
23723	0.0095	0.052803	0.029953
23724	0.0071254	0.05218	0.029976
23725	0.0047501	0.051556	0.029993
23726	0.0023752	0.050933	0.030004
23727	0.0	0.05031	0.03001
23728	0.0	0.055296	0.029807
23729	0.0018982	0.054798	0.029843
23730	0.0037973	0.0543	0.029876
23731	0.0056957	0.053802	0.029905
23732	0.0075949	0.053303	0.029931
23733	0.0056965	0.052805	0.029953
23734	0.0037975	0.052306	0.029972
23735	0.0018989	0.051808	0.029987
23736	-7.8139e-18	0.05131	0.029998
23737	0.019	0.056296	0.029722
23738	0.01663	0.055674	0.029776
23739	0.014257	0.055052	0.029825
23740	0.011886	0.054429	0.029868
23741	0.0095141	0.053807	0.029905
23742	0.0071348	0.054429	0.029868
23743	0.0047568	0.055052	0.029825
23744	0.0023775	0.055674	0.029776
23745	0.0	0.056296	0.029722
23746	0.011422	0.053308	0.029931
23747	0.013317	0.053805	0.029905
23748	0.015211	0.054302	0.029876
23749	0.017106	0.054799	0.029843
23750	0.019	0.055296	0.029807
23751	0.019	0.051325	0.029997
23752	0.017105	0.05182	0.029986
23753	0.015211	0.052316	0.029971
23754	0.013316	0.052812	0.029953
23755	0.019	0.056296	0.030726
23756	0.019	0.055296	0.03081
23757	0.019	0.05031	0.03101
23758	0.019	0.051325	0.030998
23759	0.0	0.055296	0.03081
23760	0.0	0.056296	0.030726
23761	0.0	0.05031	0.03101
23762	-7.8139e-18	0.05131	0.030998
23763	0.017105	0.05182	0.030987
23764	0.015211	0.052316	0.030972
23765	0.013316	0.052812	0.030954
23766	0.011422	0.053308	0.030932
23767	0.013317	0.053805	0.030907
23768	0.015211	0.054302	0.030878
23769	0.017106	0.054799	0.030845
23770	0.0071348	0.054429	0.03087
23771	0.0047568	0.055052	0.030828
23772	0.0023775	0.055674	0.03078
23773	0.0095141	0.053807	0.030907
23774	0.01663	0.055674	0.03078
23775	0.014257	0.055052	0.030828
23776	0.011886	0.054429	0.03087
23777	0.0056965	0.052805	0.030954
23778	0.0037975	0.052306	0.030972
23779	0.0018989	0.051808	0.030987
23780	0.0075949	0.053303	0.030932
23781	0.0018982	0.054798	0.030846
23782	0.0037973	0.0543	0.030878
23783	0.0056957	0.053802	0.030907
23784	0.0071254	0.05218	0.030976
23785	0.0047501	0.051556	0.030993
23786	0.0023752	0.050933	0.031004
23787	0.0095	0.052803	0.030954
23788	0.016625	0.050933	0.031004
23789	0.01425	0.051556	0.030993
23790	0.011875	0.05218	0.030976
23791	0.039	0.05031	0.03001
23792	0.036625	0.050933	0.030004
23793	0.03425	0.051556	0.029993
23794	0.031875	0.05218	0.029976
23795	0.0295	0.052803	0.029953
23796	0.027125	0.05218	0.029976
23797	0.02475	0.051556	0.029993
23798	0.022375	0.050933	0.030004
23799	0.02	0.05031	0.03001
23800	0.031422	0.053308	0.029931
23801	0.033317	0.053805	0.029905
23802	0.035211	0.054302	0.029876
23803	0.037106	0.054799	0.029843
23804	0.039	0.055296	0.029807
23805	0.039	0.051325	0.029997
23806	0.037105	0.05182	0.029986
23807	0.035211	0.052316	0.029971
23808	0.033316	0.052812	0.029953
23809	0.02	0.055296	0.029807
23810	0.021898	0.054798	0.029843
23811	0.023797	0.0543	0.029876
23812	0.025696	0.053802	0.029905
23813	0.027595	0.053303	0.029931
23814	0.025696	0.052805	0.029953
23815	0.023798	0.052306	0.029972
23816	0.021899	0.051808	0.029987
23817	0.02	0.05131	0.029998
23818	0.039	0.056296	0.029722
23819	0.03663	0.055674	0.029776
23820	0.034257	0.055052	0.029825
23821	0.031886	0.054429	0.029868
23822	0.029514	0.053807	0.029905
23823	0.027135	0.054429	0.029868
23824	0.024757	0.055052	0.029825
23825	0.022378	0.055674	0.029776
23826	0.02	0.056296	0.029722
23827	0.039	0.05031	0.03101
23828	0.039	0.051325	0.030998
23829	0.039	0.055296	0.03081
23830	0.039	0.056296	0.030726
23831	0.02	0.05031	0.03101
23832	0.02	0.05131	0.030998
23833	0.02	0.055296	0.03081
23834	0.02	0.056296	0.030726
23835	0.027135	0.054429	0.03087
23836	0.024757	0.055052	0.030828
23837	0.022378	0.055674	0.03078
23838	0.029514	0.053807	0.030907
23839	0.03663	0.055674	0.03078
23840	0.034257	0.055052	0.030828
23841	0.031886	0.054429	0.03087
23842	0.025696	0.052805	0.030954
23843	0.023798	0.052306	0.030972
23844	0.021899	0.051808	0.030987
23845	0.027595	0.053303	0.030932
23846	0.021898	0.054798	0.030846
23847	0.023797	0.0543	0.030878
23848	0.025696	0.053802	0.030907
23849	0.037105	0.05182	0.030987
23850	0.035211	0.052316	0.030972
23851	0.033316	0.052812	0.030954
23852	0.031422	0.053308	0.030932
23853	0.033317	0.053805	0.030907
23854	0.035211	0.054302	0.030878
23855	0.037106	0.054799	0.030845
23856	0.027125	0.05218	0.030976
23857	0.02475	0.051556	0.030993
23858	0.022375	0.050933	0.031004
23859	0.0295	0.052803	0.030954
23860	0.036625	0.050933	0.031004
23861	0.03425	0.051556	0.030993
23862	0.031875	0.05218	0.030976
23863	0.059	0.05031	0.03001
23864	0.056625	0.050933	0.030004
23865	0.05425	0.051556	0.029993
23866	0.051875	0.05218	0.029976
23867	0.0495	0.052803	0.029953
23868	0.047125	0.05218	0.029976
23869	0.04475	0.051556	0.029993
23870	0.042375	0.050933	0.030004
23871	0.04	0.05031	0.03001
23872	0.051422	0.053308	0.029931
23873	0.053317	0.053805	0.029905
23874	0.055211	0.054302	0.029876
23875	0.057106	0.054799	0.029843
23876	0.059	0.055296	0.029807
23877	0.059	0.051325	0.029997
23878	0.057105	0.05182	0.029986
23879	0.055211	0.052316	0.029971
23880	0.053316	0.052812	0.029953
23881	0.04	0.055296	0.029807
23882	0.041898	0.054798	0.029843
23883	0.043797	0.0543	0.029876
23884	0.045696	0.053802	0.029905
23885	0.047595	0.053303	0.029931
23886	0.045696	0.052805	0.029953
23887	0.043798	0.052306	0.029972
23888	0.041899	0.051808	0.029987
23889	0.04	0.05131	0.029998
23890	0.059	0.056296	0.029722
23891	0.05663	0.055674	0.029776
23892	0.054257	0.055052	0.029825
23893	0.051886	0.054429	0.029868
23894	0.049514	0.053807	0.029905
23895	0.047135	0.054429	0.029868
23896	0.044757	0.055052	0.029825
23897	0.042378	0.055674	0.029776
23898	0.04	0.056296	0.029722
23899	0.059	0.05031	0.03101
23900	0.059	0.051325	0.030998
23901	0.059	0.055296	0.03081
23902	0.059	0.056296	0.030726
23903	0.04	0.05031	0.03101
23904	0.04	0.05131	0.030998
23905	0.04	0.055296	0.03081
23906	0.04	0.056296	0.030726
23907	0.047135	0.054429	0.03087
23908	0.044757	0.055052	0.030828
23909	0.042378	0.055674	0.03078
23910	0.049514	0.053807	0.030907
23911	0.05663	0.055674	0.03078
23912	0.054257	0.055052	0.030828
23913	0.051886	0.054429	0.03087
23914	0.045696	0.052805	0.030954
23915	0.043798	0.052306	0.030972
23916	0.041899	0.051808	0.030987
23917	0.047595	0.053303	0.030932
23918	0.041898	0.054798	0.030846
23919	0.043797	0.0543	0.030878
23920	0.045696	0.053802	0.030907
23921	0.057105	0.05182	0.030987
23922	0.055211	0.052316	0.030972
23923	0.053316	0.052812	0.030954
23924	0.051422	0.053308	0.030932
23925	0.053317	0.053805	0.030907
23926	0.055211	0.054302	0.030878
23927	0.057106	0.054799	0.030845
23928	0.047125	0.05218	0.030976
23929	0.04475	0.051556	0.030993
23930	0.042375	0.050933	0.031004
23931	0.0495	0.052803	0.030954
23932	0.056625	0.050933	0.031004
23933	0.05425	0.051556	0.030993
23934	0.051875	0.05218	0.030976
23935	0.019	0.1563	0.029722
23936	0.01663	0.15567	0.029776
23937	0.014257	0.15505	0.029825
23938	0.011886	0.15443	0.029868
23939	0.0095141	0.15381	0.029905
23940	0.0071348	0.15443	0.029868
23941	0.0047568	0.15505	0.029825
23942	0.0023775	0.15567	0.029776
23943	0.0	0.1563	0.029722
23944	0.019	0.15031	0.03001
23945	0.016625	0.15093	0.030004
23946	0.01425	0.15156	0.029993
23947	0.011875	0.15218	0.029976
23948	0.0095	0.1528	0.029953
23949	0.0071254	0.15218	0.029976
23950	0.0047501	0.15156	0.029993
23951	0.0023752	0.15093	0.030004
23952	0.0	0.15031	0.03001
23953	0.011422	0.15331	0.029931
23954	0.013317	0.1538	0.029905
23955	0.015211	0.1543	0.029876
23956	0.017106	0.1548	0.029843
23957	0.019	0.1553	0.029807
23958	0.019	0.15132	0.029997
23959	0.017105	0.15182	0.029986
23960	0.015211	0.15232	0.029971
23961	0.013316	0.15281	0.029953
23962	0.0	0.1553	0.029807
23963	0.0018982	0.1548	0.029843
23964	0.0037973	0.1543	0.029876
23965	0.0056957	0.1538	0.029905
23966	0.0075949	0.1533	0.029931
23967	0.0056965	0.1528	0.029953
23968	0.0037975	0.15231	0.029972
23969	0.0018989	0.15181	0.029987
23970	-7.8139e-18	0.15131	0.029998
23971	0.019	0.15031	0.03101
23972	0.019	0.15132	0.030998
23973	0.019	0.1563	0.030726
23974	0.019	0.1553	0.03081
23975	0.0	0.15031	0.03101
23976	-7.8139e-18	0.15131	0.030998
23977	0.0	0.1563	0.030726
23978	0.0	0.1553	0.03081
23979	0.0056965	0.1528	0.030954
23980	0.0037975	0.15231	0.030972
23981	0.0018989	0.15181	0.030987
23982	0.0075949	0.1533	0.030932
23983	0.0018982	0.1548	0.030846
23984	0.0037973	0.1543	0.030878
23985	0.0056957	0.1538	0.030907
23986	0.017105	0.15182	0.030987
23987	0.015211	0.15232	0.030972
23988	0.013316	0.15281	0.030954
23989	0.011422	0.15331	0.030932
23990	0.013317	0.1538	0.030907
23991	0.015211	0.1543	0.030878
23992	0.017106	0.1548	0.030845
23993	0.0071254	0.15218	0.030976
23994	0.0047501	0.15156	0.030993
23995	0.0023752	0.15093	0.031004
23996	0.0095	0.1528	0.030954
23997	0.016625	0.15093	0.031004
23998	0.01425	0.15156	0.030993
23999	0.011875	0.15218	0.030976
24000	0.0071348	0.15443	0.03087
24001	0.0047568	0.15505	0.030828
24002	0.0023775	0.15567	0.03078
24003	0.0095141	0.15381	0.030907
24004	0.01663	0.15567	0.03078
24005	0.014257	0.15505	0.030828
24006	0.011886	0.15443	0.03087
24007	0.039	0.15031	0.03001
24008	0.036625	0.15093	0.030004
24009	0.03425	0.15156	0.029993
24010	0.031875	0.15218	0.029976
24011	0.0295	0.1528	0.029953
24012	0.027125	0.15218	0.029976
24013	0.02475	0.15156	0.029993
24014	0.022375	0.15093	0.030004
24015	0.02	0.15031	0.03001
24016	0.031422	0.15331	0.029931
24017	0.033317	0.1538	0.029905
24018	0.035211	0.1543	0.029876
24019	0.037106	0.1548	0.029843
24020	0.039	0.1553	0.029807
24021	0.039	0.15132	0.029997
24022	0.037105	0.15182	0.029986
24023	0.035211	0.15232	0.029971
24024	0.033316	0.15281	0.029953
24025	0.02	0.1553	0.029807
24026	0.021898	0.1548	0.029843
24027	0.023797	0.1543	0.029876
24028	0.025696	0.1538	0.029905
24029	0.027595	0.1533	0.029931
24030	0.025696	0.1528	0.029953
24031	0.023798	0.15231	0.029972
24032	0.021899	0.15181	0.029987
24033	0.02	0.15131	0.029998
24034	0.039	0.1563	0.029722
24035	0.03663	0.15567	0.029776
24036	0.034257	0.15505	0.029825
24037	0.031886	0.15443	0.029868
24038	0.029514	0.15381	0.029905
24039	0.027135	0.15443	0.029868
24040	0.024757	0.15505	0.029825
24041	0.022378	0.15567	0.029776
24042	0.02	0.1563	0.029722
24043	0.02	0.1553	0.03081
24044	0.02	0.1563	0.030726
24045	0.02	0.15031	0.03101
24046	0.02	0.15131	0.030998
24047	0.039	0.1553	0.03081
24048	0.039	0.1563	0.030726
24049	0.039	0.15031	0.03101
24050	0.039	0.15132	0.030998
24051	0.027135	0.15443	0.03087
24052	0.024757	0.15505	0.030828
24053	0.022378	0.15567	0.03078
24054	0.029514	0.15381	0.030907
24055	0.03663	0.15567	0.03078
24056	0.034257	0.15505	0.030828
24057	0.031886	0.15443	0.03087
24058	0.025696	0.1528	0.030954
24059	0.023798	0.15231	0.030972
24060	0.021899	0.15181	0.030987
24061	0.027595	0.1533	0.030932
24062	0.021898	0.1548	0.030846
24063	0.023797	0.1543	0.030878
24064	0.025696	0.1538	0.030907
24065	0.037105	0.15182	0.030987
24066	0.035211	0.15232	0.030972
24067	0.033316	0.15281	0.030954
24068	0.031422	0.15331	0.030932
24069	0.033317	0.1538	0.030907
24070	0.035211	0.1543	0.030878
24071	0.037106	0.1548	0.030845
24072	0.027125	0.15218	0.030976
24073	0.02475	0.15156	0.030993
24074	0.022375	0.15093	0.031004
24075	0.0295	0.1528	0.030954
24076	0.036625	0.15093	0.031004
24077	0.03425	0.15156	0.030993
24078	0.031875	0.15218	0.030976
24079	0.059	0.15031	0.03001
24080	0.056625	0.15093	0.030004
24081	0.05425	0.15156	0.029993
24082	0.051875	0.15218	0.029976
24083	0.0495	0.1528	0.029953
24084	0.047125	0.15218	0.029976
24085	0.04475	0.15156	0.029993
24086	0.042375	0.15093	0.030004
24087	0.04	0.15031	0.03001
24088	0.051422	0.15331	0.029931
24089	0.053317	0.1538	0.029905
24090	0.055211	0.1543	0.029876
24091	0.057106	0.1548	0.029843
24092	0.059	0.1553	0.029807
24093	0.059	0.15132	0.029997
24094	0.057105	0.15182	0.029986
24095	0.055211	0.15232	0.029971
24096	0.053316	0.15281	0.029953
24097	0.04	0.1553	0.029807
24098	0.041898	0.1548	0.029843
24099	0.043797	0.1543	0.029876
24100	0.045696	0.1538	0.029905
24101	0.047595	0.1533	0.029931
24102	0.045696	0.1528	0.029953
24103	0.043798	0.15231	0.029972
24104	0.041899	0.15181	0.029987
24105	0.04	0.15131	0.029998
24106	0.059	0.1563	0.029722
24107	0.05663	0.15567	0.029776
24108	0.054257	0.15505	0.029825
24109	0.051886	0.15443	0.029868
24110	0.049514	0.15381	0.029905
24111	0.047135	0.15443	0.029868
24112	0.044757	0.15505	0.029825
24113	0.042378	0.15567	0.029776
24114	0.04	0.1563	0.029722
24115	0.059	0.15031	0.03101
24116	0.059	0.15132	0.030998
24117	0.059	0.1553	0.03081
24118	0.059	0.1563	0.030726
24119	0.04	0.15031	0.03101
24120	0.04	0.15131	0.030998
24121	0.04	0.1553	0.03081
24122	0.04	0.1563	0.030726
24123	0.047135	0.15443	0.03087
24124	0.044757	0.15505	0.030828
24125	0.042378	0.15567	0.03078
24126	0.049514	0.15381	0.030907
24127	0.05663	0.15567	0.03078
24128	0.054257	0.15505	0.030828
24129	0.051886	0.15443	0.03087
24130	0.045696	0.1528	0.030954
24131	0.043798	0.15231	0.030972
24132	0.041899	0.15181	0.030987
24133	0.047595	0.1533	0.030932
24134	0.041898	0.1548	0.030846
24135	0.043797	0.1543	0.030878
24136	0.045696	0.1538	0.030907
24137	0.057105	0.15182	0.030987
24138	0.055211	0.15232	0.030972
24139	0.053316	0.15281	0.030954
24140	0.051422	0.15331	0.030932
24141	0.053317	0.1538	0.030907
24142	0.055211	0.1543	0.030878
24143	0.057106	0.1548	0.030845
24144	0.047125	0.15218	0.030976
24145	0.04475	0.15156	0.030993
24146	0.042375	0.15093	0.031004
24147	0.0495	0.1528	0.030954
24148	0.056625	0.15093	0.031004
24149	0.05425	0.15156	0.030993
24150	0.051875	0.15218	0.030976
24151	0.0095141	0.25381	0.029905
24152	0.0071348	0.25443	0.029868
24153	0.0047568	0.25505	0.029825
24154	0.0023775	0.25567	0.029776
24155	0.0	0.2563	0.029722
24156	0.019	0.2563	0.029722
24157	0.01663	0.25567	0.029776
24158	0.014257	0.25505	0.029825
24159	0.011886	0.25443	0.029868
24160	0.0075949	0.2533	0.029931
24161	0.0056965	0.2528	0.029953
24162	0.0037975	0.25231	0.029972
24163	0.0018989	0.25181	0.029987
24164	-7.8139e-18	0.25131	0.029998
24165	1.7347e-18	0.2553	0.029807
24166	0.0018982	0.2548	0.029843
24167	0.0037973	0.2543	0.029876
24168	0.0056957	0.2538	0.029905
24169	0.019	0.25132	0.029997
24170	0.017105	0.25182	0.029986
24171	0.015211	0.25232	0.029971
24172	0.013316	0.25281	0.029953
24173	0.011422	0.25331	0.029931
24174	0.013317	0.2538	0.029905
24175	0.015211	0.2543	0.029876
24176	0.017106	0.2548	0.029843
24177	0.019	0.2553	0.029807
24178	0.0095	0.2528	0.029953
24179	0.0071254	0.25218	0.029976
24180	0.0047501	0.25156	0.029993
24181	0.0023752	0.25093	0.030004
24182	0.0	0.25031	0.03001
24183	0.019	0.25031	0.03001
24184	0.016625	0.25093	0.030004
24185	0.01425	0.25156	0.029993
24186	0.011875	0.25218	0.029976
24187	-7.8139e-18	0.25131	0.030998
24188	0.0	0.25031	0.03101
24189	0.019	0.2563	0.030726
24190	0.019	0.2553	0.03081
24191	0.019	0.25132	0.030998
24192	0.019	0.25031	0.03101
24193	0.0	0.2563	0.030726
24194	0.0	0.2553	0.03081
24195	0.016625	0.25093	0.031004
24196	0.01425	0.25156	0.030993
24197	0.011875	0.25218	0.030976
24198	0.0095	0.2528	0.030954
24199	0.0071254	0.25218	0.030976
24200	0.0047501	0.25156	0.030993
24201	0.0023752	0.25093	0.031004
24202	0.013317	0.2538	0.030907
24203	0.015211	0.2543	0.030878
24204	0.017106	0.2548	0.030845
24205	0.011422	0.25331	0.030932
24206	0.017105	0.25182	0.030987
24207	0.015211	0.25232	0.030972
24208	0.013316	0.25281	0.030954
24209	0.0018982	0.2548	0.030846
24210	0.0037973	0.2543	0.030878
24211	0.0056957	0.2538	0.030907
24212	0.0075949	0.2533	0.030932
24213	0.0056965	0.2528	0.030954
24214	0.0037975	0.25231	0.030972
24215	0.0018989	0.25181	0.030987
24216	0.01663	0.25567	0.03078
24217	0.014257	0.25505	0.030828
24218	0.011886	0.25443	0.03087
24219	0.0095141	0.25381	0.030907
24220	0.0071348	0.25443	0.03087
24221	0.0047568	0.25505	0.030828
24222	0.0023775	0.25567	0.03078
24223	0.039	0.25031	0.03001
24224	0.036625	0.25093	0.030004
24225	0.03425	0.25156	0.029993
24226	0.031875	0.25218	0.029976
24227	0.0295	0.2528	0.029953
24228	0.027125	0.25218	0.029976
24229	0.02475	0.25156	0.029993
24230	0.022375	0.25093	0.030004
24231	0.02	0.25031	0.03001
24232	0.031422	0.25331	0.029931
24233	0.033317	0.2538	0.029905
24234	0.035211	0.2543	0.029876
24235	0.037106	0.2548	0.029843
24236	0.039	0.2553	0.029807
24237	0.039	0.25132	0.029997
24238	0.037105	0.25182	0.029986
24239	0.035211	0.25232	0.029971
24240	0.033316	0.25281	0.029953
24241	0.02	0.2553	0.029807
24242	0.021898	0.2548	0.029843
24243	0.023797	0.2543	0.029876
24244	0.025696	0.2538	0.029905
24245	0.027595	0.2533	0.029931
24246	0.025696	0.2528	0.029953
24247	0.023798	0.25231	0.029972
24248	0.021899	0.25181	0.029987
24249	0.02	0.25131	0.029998
24250	0.039	0.2563	0.029722
24251	0.03663	0.25567	0.029776
24252	0.034257	0.25505	0.029825
24253	0.031886	0.25443	0.029868
24254	0.029514	0.25381	0.029905
24255	0.027135	0.25443	0.029868
24256	0.024757	0.25505	0.029825
24257	0.022378	0.25567	0.029776
24258	0.02	0.2563	0.029722
24259	0.02	0.2553	0.03081
24260	0.02	0.2563	0.030726
24261	0.02	0.25031	0.03101
24262	0.02	0.25131	0.030998
24263	0.039	0.2553	0.03081
24264	0.039	0.2563	0.030726
24265	0.039	0.25031	0.03101
24266	0.039	0.25132	0.030998
24267	0.027135	0.25443	0.03087
24268	0.024757	0.25505	0.030828
24269	0.022378	0.25567	0.03078
24270	0.029514	0.25381	0.030907
24271	0.03663	0.25567	0.03078
24272	0.034257	0.25505	0.030828
24273	0.031886	0.25443	0.03087
24274	0.025696	0.2528	0.030954
24275	0.023798	0.25231	0.030972
24276	0.021899	0.25181	0.030987
24277	0.027595	0.2533	0.030932
24278	0.021898	0.2548	0.030846
24279	0.023797	0.2543	0.030878
24280	0.025696	0.2538	0.030907
24281	0.037105	0.25182	0.030987
24282	0.035211	0.25232	0.030972
24283	0.033316	0.25281	0.030954
24284	0.031422	0.25331	0.030932
24285	0.033317	0.2538	0.030907
24286	0.035211	0.2543	0.030878
24287	0.037106	0.2548	0.030845
24288	0.027125	0.25218	0.030976
24289	0.02475	0.25156	0.030993
24290	0.022375	0.25093	0.031004
24291	0.0295	0.2528	0.030954
24292	0.036625	0.25093	0.031004
24293	0.03425	0.25156	0.030993
24294	0.031875	0.25218	0.030976
24295	0.059	0.25031	0.03001
24296	0.056625	0.25093	0.030004
24297	0.05425	0.25156	0.029993
24298	0.051874	0.25218	0.029976
24299	0.0495	0.2528	0.029953
24300	0.047126	0.25218	0.029976
24301	0.04475	0.25156	0.029993
24302	0.042375	0.25093	0.030004
24303	0.04	0.25031	0.03001
24304	0.051422	0.25331	0.029931
24305	0.053317	0.2538	0.029905
24306	0.055211	0.2543	0.029876
24307	0.057106	0.2548	0.029843
24308	0.059	0.2553	0.029807
24309	0.059	0.25132	0.029997
24310	0.057105	0.25182	0.029986
24311	0.055211	0.25232	0.029971
24312	0.053316	0.25281	0.029953
24313	0.04	0.2553	0.029807
24314	0.041898	0.2548	0.029843
24315	0.043797	0.2543	0.029876
24316	0.045696	0.2538	0.029905
24317	0.047595	0.2533	0.029931
24318	0.045697	0.25281	0.029953
24319	0.043798	0.25231	0.029972
24320	0.0419	0.25181	0.029987
24321	0.04	0.25131	0.029998
24322	0.059	0.2563	0.029722
24323	0.05663	0.25567	0.029776
24324	0.054257	0.25505	0.029825
24325	0.051887	0.25443	0.029868
24326	0.049514	0.25381	0.029905
24327	0.047134	0.25443	0.029868
24328	0.044757	0.25505	0.029825
24329	0.042378	0.25567	0.029776
24330	0.04	0.2563	0.029722
24331	0.04	0.25031	0.03101
24332	0.04	0.25131	0.030998
24333	0.04	0.2553	0.03081
24334	0.04	0.2563	0.030726
24335	0.059	0.2553	0.03081
24336	0.059	0.2563	0.030726
24337	0.059	0.25031	0.03101
24338	0.059	0.25132	0.030998
24339	0.047134	0.25443	0.03087
24340	0.044757	0.25505	0.030828
24341	0.042378	0.25567	0.03078
24342	0.049514	0.25381	0.030907
24343	0.05663	0.25567	0.03078
24344	0.054257	0.25505	0.030828
24345	0.051887	0.25443	0.03087
24346	0.045697	0.25281	0.030954
24347	0.043798	0.25231	0.030972
24348	0.0419	0.25181	0.030987
24349	0.047595	0.2533	0.030932
24350	0.041898	0.2548	0.030846
24351	0.043797	0.2543	0.030878
24352	0.045696	0.2538	0.030907
24353	0.057105	0.25182	0.030987
24354	0.055211	0.25232	0.030972
24355	0.053316	0.25281	0.030954
24356	0.051422	0.25331	0.030932
24357	0.053317	0.2538	0.030907
24358	0.055211	0.2543	0.030878
24359	0.057106	0.2548	0.030845
24360	0.047126	0.25218	0.030976
24361	0.04475	0.25156	0.030993
24362	0.042375	0.25093	0.031004
24363	0.0495	0.2528	0.030954
24364	0.056625	0.25093	0.031004
24365	0.05425	0.25156	0.030993
24366	0.051874	0.25218	0.030976
