Beam	Node	X	Y	Z
Beam_110	16396	0.017097	0.29382	0.015596
Beam_110	16367	0.0047591	0.29356	0.014523
Beam_110	16361	0.014241	0.29356	0.014523
Beam_110	16387	0.014241	0.29356	0.015807
Beam_110	16330	0.0056862	0.2958	0.012614
Beam_110	16392	0.013326	0.29581	0.013941
Beam_110	16414	0.0056863	0.2958	0.013944
Beam_110	16410	0.0019075	0.29381	0.015606
Beam_110	16357	0.013326	0.29581	0.012611
Beam_110	25573	0.019	0.29899	0.010367
Beam_110	16412	0.0018885	0.2968	0.013065
Beam_110	16398	0.0063377	0.29664	0.013211
Beam_110	16381	0.0047588	0.29356	0.015807
Beam_110	16328	0.0018883	0.2968	0.011712
Beam_110	16356	0.015215	0.2963	0.012167
Beam_110	16403	0.017428	0.29788	0.01207
Beam_110	16337	0.017428	0.29788	0.010691
Beam_110	16360	0.015829	0.29314	0.01486
Beam_110	16386	0.01583	0.29314	0.016135
Beam_110	16359	0.01741	0.29273	0.015189
Beam_110	16385	0.01741	0.29273	0.016457
Beam_110	16355	0.017116	0.2968	0.011711
Beam_110	16390	0.017116	0.2968	0.013064
Beam_110	16404	0.015843	0.29747	0.012457
Beam_110	16369	0.0015902	0.29273	0.015189
Beam_110	16391	0.015214	0.2963	0.013508
Beam_110	16338	0.015844	0.29747	0.011088
Beam_110	16411	0.0075949	0.2953	0.014373
Beam_110	16349	0.011422	0.29531	0.013051
Beam_110	16334	0.0019076	0.29381	0.014317
Beam_110	16402	0.0095141	0.29581	0.013942
Beam_110	25575	0.01425	0.29899	0.010367
Beam_110	16364	0.0095	0.2948	0.013486
Beam_110	16384	0.0095	0.2948	0.014794
Beam_110	16399	0.0047459	0.29705	0.012836
Beam_110	16345	0.0047454	0.29705	0.011477
Beam_110	25577	0.00475	0.29899	0.010367
Beam_110	16333	0.0038006	0.29431	0.013905
Beam_110	16409	0.0038004	0.29431	0.015203
Beam_110	16389	0.011076	0.29439	0.015136
Beam_110	16331	0.0075949	0.2953	0.013055
Beam_110	16363	0.011076	0.29439	0.013836
Beam_110	16341	0.011104	0.29622	0.012239
Beam_110	25576	0.0095	0.29899	0.010367
Beam_110	16393	0.011422	0.29531	0.01437
Beam_110	16365	0.007924	0.29439	0.013836
Beam_110	16379	0.0079238	0.29439	0.015136
Beam_110	16397	0.0079201	0.29622	0.013578
Beam_110	16343	0.0079199	0.29622	0.012239
Beam_110	16405	0.014268	0.29705	0.012836
Beam_110	16339	0.014269	0.29705	0.011477
Beam_110	16395	0.015208	0.29432	0.015195
Beam_110	16351	0.015208	0.29432	0.013897
Beam_110	16407	0.011103	0.29622	0.013578
Beam_110	16383	0.00159	0.29273	0.016457
Beam_110	16342	0.0095141	0.29581	0.012612
Beam_110	16388	0.012663	0.29397	0.015475
Beam_110	16394	0.013307	0.29481	0.014785
Beam_110	16406	0.012681	0.29664	0.013211
Beam_110	16346	0.0031658	0.29747	0.011088
Beam_110	16362	0.012663	0.29397	0.014183
Beam_110	16329	0.0037937	0.2963	0.012169
Beam_110	16380	0.0063372	0.29397	0.015475
Beam_110	16401	0.0015768	0.29788	0.01207
Beam_110	16350	0.013307	0.29481	0.013476
Beam_110	25574	0.0	0.29899	0.010367
Beam_110	16344	0.0063373	0.29664	0.011862
Beam_110	16366	0.0063375	0.29397	0.014183
Beam_110	16400	0.0031662	0.29747	0.012457
Beam_110	16340	0.012682	0.29664	0.011862
Beam_110	16408	0.0057053	0.29481	0.01479
Beam_110	16352	0.017097	0.29382	0.014307
Beam_110	16347	0.0015765	0.29788	0.010691
Beam_110	16382	0.0031705	0.29314	0.016135
Beam_110	16332	0.0057054	0.29481	0.013482
Beam_110	16368	0.0031707	0.29314	0.01486
Beam_110	16413	0.003794	0.2963	0.01351
Beam_218	19001	0.01521	0.28032	0.022993
Beam_218	19026	0.0075949	0.2813	0.023621
Beam_218	18995	0.011422	0.28131	0.022499
Beam_218	25502	0.0	0.2848	0.021166
Beam_218	19008	0.011422	0.28131	0.023619
Beam_218	19037	0.014248	0.27956	0.024464
Beam_218	18994	0.0023706	0.28368	0.021234
Beam_218	18976	0.011868	0.28018	0.023059
Beam_218	19015	0.0023706	0.28368	0.022377
Beam_218	25503	0.01425	0.2848	0.021166
Beam_218	19006	0.01521	0.28032	0.024105
Beam_218	19014	0.004755	0.28305	0.022716
Beam_218	18984	0.0075949	0.2813	0.022501
Beam_218	18993	0.0047549	0.28305	0.021579
Beam_218	19036	0.016619	0.27893	0.02475
Beam_218	19022	0.0057005	0.28081	0.023867
Beam_218	19017	0.0095141	0.28181	0.023367
Beam_218	18977	0.0095	0.2808	0.022753
Beam_218	19000	0.017101	0.27982	0.023233
Beam_218	18991	0.0095141	0.28181	0.022242
Beam_218	19005	0.017101	0.27982	0.02434
Beam_218	19018	0.016636	0.28368	0.022377
Beam_218	18987	0.001903	0.27981	0.023239
Beam_218	18988	0.016636	0.28368	0.021234
Beam_218	19024	0.0019029	0.27981	0.024346
Beam_218	25505	0.00475	0.2848	0.021166
Beam_218	18985	0.0057006	0.28081	0.022752
Beam_218	19007	0.013312	0.28081	0.023864
Beam_218	18986	0.0037986	0.28031	0.022998
Beam_218	19035	0.0095	0.2808	0.023869
Beam_218	25504	0.0095	0.2848	0.021166
Beam_218	19002	0.013312	0.28081	0.022748
Beam_218	19032	0.0047517	0.27956	0.024464
Beam_218	19033	0.0023813	0.27893	0.02475
Beam_218	18979	0.0047518	0.27956	0.023359
Beam_218	18980	0.0023813	0.27893	0.02365
Beam_218	19019	0.014259	0.28305	0.022716
Beam_218	18989	0.014259	0.28305	0.021579
Beam_218	19023	0.0037986	0.28031	0.024109
Beam_218	18978	0.0071317	0.28018	0.023059
Beam_218	18975	0.014248	0.27956	0.023359
Beam_218	19038	0.011868	0.28018	0.024169
Beam_218	18998	0.01711	0.2828	0.021715
Beam_218	19011	0.01711	0.2828	0.02285
Beam_218	19028	0.0037962	0.2823	0.023113
Beam_218	18982	0.0037961	0.2823	0.021983
Beam_218	19020	0.011893	0.28243	0.023044
Beam_218	19009	0.013321	0.28181	0.023367
Beam_218	18990	0.011893	0.28243	0.021914
Beam_218	19027	0.0018939	0.2828	0.02285
Beam_218	19029	0.0056915	0.2818	0.023369
Beam_218	18981	0.0018938	0.2828	0.021716
Beam_218	18997	0.015212	0.2823	0.021982
Beam_218	18996	0.013321	0.28181	0.022242
Beam_218	19010	0.015212	0.2823	0.023111
Beam_218	25501	0.019	0.2848	0.021166
Beam_218	18983	0.0056915	0.2818	0.022244
Beam_218	18974	0.016619	0.27893	0.02365
Beam_218	19031	0.0071316	0.28018	0.024169
Beam_218	18992	0.007128	0.28243	0.021914
Beam_218	19013	0.0071281	0.28243	0.023044
Beam_164	17702	0.015213	0.2893	0.017723
Beam_164	17720	0.0095141	0.28881	0.019269
Beam_164	17738	0.0095	0.2878	0.019925
Beam_164	17699	0.0023671	0.29068	0.016745
Beam_164	17718	0.0023672	0.29068	0.017978
Beam_164	17696	0.0095141	0.28881	0.018063
Beam_164	17686	0.0018917	0.2898	0.017375
Beam_164	17736	0.002384	0.28594	0.021082
Beam_164	17693	0.01664	0.29068	0.016745
Beam_164	17739	0.016616	0.28594	0.021082
Beam_164	17730	0.0018918	0.2898	0.018595
Beam_164	25510	0.019	0.2918	0.016529
Beam_164	17679	0.016616	0.28594	0.019914
Beam_164	17706	0.01331	0.28781	0.018726
Beam_164	17692	0.0019048	0.28681	0.019372
Beam_164	17713	0.015213	0.2893	0.018935
Beam_164	17685	0.0023841	0.28594	0.019914
Beam_164	17721	0.01664	0.29068	0.017978
Beam_164	17723	0.011896	0.28943	0.018847
Beam_164	25511	0.0	0.2918	0.016529
Beam_164	17707	0.0171	0.28682	0.020543
Beam_164	17726	0.0037992	0.28731	0.02024
Beam_164	17691	0.0037993	0.28731	0.019055
Beam_164	17709	0.01331	0.28781	0.019918
Beam_164	17727	0.0019047	0.28681	0.020551
Beam_164	17714	0.017112	0.2898	0.018594
Beam_164	25513	0.0095	0.2918	0.016529
Beam_164	17695	0.011896	0.28943	0.017633
Beam_164	17704	0.0171	0.28682	0.019364
Beam_164	17703	0.017112	0.2898	0.017374
Beam_164	17682	0.0095	0.2878	0.018733
Beam_164	25514	0.00475	0.2918	0.016529
Beam_164	17687	0.0037953	0.2893	0.017724
Beam_164	17722	0.01426	0.29005	0.018419
Beam_164	17689	0.0075949	0.2883	0.018402
Beam_164	17729	0.0075949	0.2883	0.019601
Beam_164	17740	0.014247	0.28656	0.020706
Beam_164	17712	0.013323	0.28881	0.019269
Beam_164	17701	0.013323	0.28881	0.018063
Beam_164	17700	0.011422	0.28831	0.0184
Beam_164	17711	0.011422	0.28831	0.019598
Beam_164	17735	0.0047526	0.28656	0.020706
Beam_164	17732	0.0056895	0.2888	0.019271
Beam_164	17688	0.0056895	0.2888	0.018066
Beam_164	17690	0.0057025	0.28781	0.018731
Beam_164	17708	0.015209	0.28732	0.020234
Beam_164	17705	0.015209	0.28732	0.019049
Beam_164	17681	0.011865	0.28718	0.019135
Beam_164	17731	0.0037954	0.2893	0.018937
Beam_164	17680	0.014247	0.28656	0.01953
Beam_164	17741	0.011866	0.28718	0.020319
Beam_164	17694	0.014261	0.29005	0.017196
Beam_164	17697	0.0071247	0.28943	0.017633
Beam_164	17684	0.0047528	0.28656	0.01953
Beam_164	17698	0.0047535	0.29005	0.017196
Beam_164	17716	0.0071248	0.28943	0.018847
Beam_164	17734	0.0071344	0.28718	0.020319
Beam_164	17725	0.0057024	0.28781	0.019923
Beam_164	25512	0.01425	0.2918	0.016529
Beam_164	17717	0.0047537	0.29005	0.018419
Beam_164	17683	0.0071345	0.28718	0.019135
Beam_272	20324	0.0037966	0.2753	0.026278
Beam_272	20329	0.0023793	0.27193	0.027485
Beam_272	20290	0.0023729	0.27668	0.024645
Beam_272	20276	0.0037966	0.2753	0.025205
Beam_272	20333	0.01187	0.27318	0.027061
Beam_272	20273	0.0023794	0.27193	0.026431
Beam_272	20313	0.002373	0.27668	0.025728
Beam_272	20308	0.01332	0.27481	0.026468
Beam_272	20298	0.013313	0.27381	0.025771
Beam_272	20268	0.014249	0.27256	0.026219
Beam_272	20305	0.013313	0.27381	0.026835
Beam_272	20332	0.014249	0.27256	0.027276
Beam_272	20320	0.0037982	0.27331	0.027016
Beam_272	25494	0.01425	0.2778	0.024705
Beam_272	20291	0.011422	0.27431	0.025587
Beam_272	20286	0.011891	0.27543	0.025153
Beam_272	20318	0.011891	0.27543	0.026227
Beam_272	20292	0.01332	0.27481	0.025397
Beam_272	20280	0.0037982	0.27331	0.025955
Beam_272	20307	0.011422	0.27431	0.026654
Beam_272	20315	0.0095141	0.27481	0.026467
Beam_272	20269	0.01187	0.27318	0.026
Beam_272	20272	0.0047511	0.27256	0.026219
Beam_272	20287	0.0095141	0.27481	0.025397
Beam_272	20277	0.0056929	0.2748	0.025398
Beam_272	20317	0.014258	0.27605	0.025982
Beam_272	20285	0.014258	0.27605	0.024903
Beam_272	20328	0.0047511	0.27256	0.027276
Beam_272	20289	0.0047556	0.27605	0.024903
Beam_272	20278	0.0075949	0.2743	0.025589
Beam_272	20304	0.01521	0.27332	0.027013
Beam_272	20297	0.01521	0.27332	0.025951
Beam_272	20294	0.017109	0.2758	0.025005
Beam_272	20310	0.017109	0.2758	0.026082
Beam_272	20322	0.0075949	0.2743	0.026656
Beam_272	20312	0.0047557	0.27605	0.025982
Beam_272	20331	0.016621	0.27193	0.027485
Beam_272	20267	0.016621	0.27193	0.026431
Beam_272	25492	0.019	0.2778	0.024705
Beam_272	20325	0.0056929	0.2748	0.026469
Beam_272	20293	0.015212	0.2753	0.025204
Beam_272	20281	0.0019016	0.27281	0.026131
Beam_272	20271	0.0071296	0.27318	0.026
Beam_272	20309	0.015212	0.2753	0.026277
Beam_272	20321	0.0019016	0.27281	0.02719
Beam_272	20279	0.0056992	0.27381	0.025774
Beam_272	25493	0.0	0.2778	0.024705
Beam_272	20275	0.0018953	0.2758	0.025006
Beam_272	20284	0.016634	0.27668	0.024645
Beam_272	20316	0.016634	0.27668	0.025728
Beam_272	20323	0.0018953	0.2758	0.026083
Beam_272	20303	0.017103	0.27282	0.027186
Beam_272	20319	0.0056992	0.27381	0.026838
Beam_272	20270	0.0095	0.2738	0.025774
Beam_272	20330	0.0095	0.2738	0.026839
Beam_272	25495	0.0095	0.2778	0.024705
Beam_272	20296	0.017103	0.27282	0.026127
Beam_272	20288	0.0071303	0.27543	0.025153
Beam_272	25496	0.00475	0.2778	0.024705
Beam_272	20311	0.0071303	0.27543	0.026227
Beam_272	20327	0.0071296	0.27318	0.027061
Beam_434	24207	0.015211	0.25232	0.030972
Beam_434	24179	0.0071254	0.25218	0.029976
Beam_434	24175	0.015211	0.2543	0.029876
Beam_434	24186	0.011875	0.25218	0.029976
Beam_434	24218	0.011886	0.25443	0.03087
Beam_434	24222	0.0023775	0.25567	0.03078
Beam_434	24159	0.011886	0.25443	0.029868
Beam_434	24199	0.0071254	0.25218	0.030976
Beam_434	24201	0.0023752	0.25093	0.031004
Beam_434	24203	0.015211	0.2543	0.030878
Beam_434	25286	0.0	0.2568	0.030176
Beam_434	25285	0.019	0.2568	0.030176
Beam_434	24172	0.013316	0.25281	0.029953
Beam_434	24208	0.013316	0.25281	0.030954
Beam_434	24161	0.0056965	0.2528	0.029953
Beam_434	24202	0.013317	0.2538	0.030907
Beam_434	24213	0.0056965	0.2528	0.030954
Beam_434	24216	0.01663	0.25567	0.03078
Beam_434	24174	0.013317	0.2538	0.029905
Beam_434	24157	0.01663	0.25567	0.029776
Beam_434	24170	0.017105	0.25182	0.029986
Beam_434	24206	0.017105	0.25182	0.030987
Beam_434	24211	0.0056957	0.2538	0.030907
Beam_434	24176	0.017106	0.2548	0.029843
Beam_434	24204	0.017106	0.2548	0.030845
Beam_434	24184	0.016625	0.25093	0.030004
Beam_434	24195	0.016625	0.25093	0.031004
Beam_434	24168	0.0056957	0.2538	0.029905
Beam_434	24181	0.0023752	0.25093	0.030004
Beam_434	24154	0.0023775	0.25567	0.029776
Beam_434	24197	0.011875	0.25218	0.030976
Beam_434	24167	0.0037973	0.2543	0.029876
Beam_434	24153	0.0047568	0.25505	0.029825
Beam_434	24209	0.0018982	0.2548	0.030846
Beam_434	24173	0.011422	0.25331	0.029931
Beam_434	25288	0.0095	0.2568	0.030176
Beam_434	24178	0.0095	0.2528	0.029953
Beam_434	24221	0.0047568	0.25505	0.030828
Beam_434	24158	0.014257	0.25505	0.029825
Beam_434	24166	0.0018982	0.2548	0.029843
Beam_434	24180	0.0047501	0.25156	0.029993
Beam_434	24185	0.01425	0.25156	0.029993
Beam_434	24212	0.0075949	0.2533	0.030932
Beam_434	24198	0.0095	0.2528	0.030954
Beam_434	24160	0.0075949	0.2533	0.029931
Beam_434	24217	0.014257	0.25505	0.030828
Beam_434	24220	0.0071348	0.25443	0.03087
Beam_434	24214	0.0037975	0.25231	0.030972
Beam_434	24152	0.0071348	0.25443	0.029868
Beam_434	24205	0.011422	0.25331	0.030932
Beam_434	24215	0.0018989	0.25181	0.030987
Beam_434	24162	0.0037975	0.25231	0.029972
Beam_434	24171	0.015211	0.25232	0.029971
Beam_434	25289	0.00475	0.2568	0.030176
Beam_434	24196	0.01425	0.25156	0.030993
Beam_434	25287	0.01425	0.2568	0.030176
Beam_434	24151	0.0095141	0.25381	0.029905
Beam_434	24219	0.0095141	0.25381	0.030907
Beam_434	24210	0.0037973	0.2543	0.030878
Beam_434	24163	0.0018989	0.25181	0.029987
Beam_434	24200	0.0047501	0.25156	0.030993
Beam_380	22907	0.0037972	0.2613	0.030092
Beam_380	22910	0.0056973	0.25981	0.03032
Beam_380	22902	0.0095141	0.26081	0.030171
Beam_380	22882	0.0095141	0.26081	0.029159
Beam_380	25298	0.00475	0.2638	0.029125
Beam_380	22923	0.0095	0.2598	0.03032
Beam_380	22855	0.0095	0.2598	0.02931
Beam_380	25297	0.0095	0.2638	0.029125
Beam_380	22925	0.0047503	0.25856	0.030485
Beam_380	22916	0.011422	0.26031	0.030247
Beam_380	22909	0.0075949	0.2603	0.030248
Beam_380	22922	0.011873	0.25918	0.030406
Beam_380	22903	0.0071335	0.26143	0.030071
Beam_380	22880	0.0037971	0.2613	0.029079
Beam_380	22883	0.0071335	0.26143	0.029057
Beam_380	22924	0.0071266	0.25918	0.030406
Beam_380	22856	0.0071266	0.25918	0.029397
Beam_380	22901	0.011888	0.26143	0.030071
Beam_380	22890	0.011888	0.26143	0.029057
Beam_380	22873	0.0075949	0.2603	0.029237
Beam_380	22911	0.0037977	0.25931	0.030389
Beam_380	22904	0.0047565	0.26205	0.029965
Beam_380	22884	0.0047565	0.26205	0.02895
Beam_380	22875	0.0037977	0.25931	0.02938
Beam_380	22868	0.011422	0.26031	0.029236
Beam_380	22863	0.011873	0.25918	0.029397
Beam_380	22881	0.0056949	0.2608	0.029159
Beam_380	22908	0.0056949	0.2608	0.030172
Beam_380	22857	0.0047504	0.25856	0.029478
Beam_380	22919	0.013315	0.25981	0.030319
Beam_380	22874	0.0056973	0.25981	0.02931
Beam_380	22858	0.0023764	0.25793	0.029553
Beam_380	22865	0.017104	0.25882	0.029444
Beam_380	22866	0.015211	0.25932	0.029378
Beam_380	22879	0.0018974	0.2618	0.028994
Beam_380	22906	0.0018974	0.2618	0.030009
Beam_380	22870	0.015211	0.2613	0.029078
Beam_380	22862	0.01425	0.25856	0.029478
Beam_380	22921	0.01425	0.25856	0.030485
Beam_380	25296	0.01425	0.2638	0.029125
Beam_380	22913	0.013318	0.26081	0.030171
Beam_380	22871	0.017107	0.2618	0.028994
Beam_380	22869	0.013318	0.26081	0.029159
Beam_380	22926	0.0023764	0.25793	0.030559
Beam_380	22918	0.015211	0.25932	0.030388
Beam_380	22914	0.015211	0.2613	0.030092
Beam_380	22915	0.017107	0.2618	0.030009
Beam_380	22899	0.016631	0.26267	0.029853
Beam_380	25295	0.0	0.2638	0.029125
Beam_380	22917	0.017105	0.25882	0.030452
Beam_380	22900	0.014258	0.26205	0.029965
Beam_380	22905	0.0023762	0.26267	0.029853
Beam_380	25294	0.019	0.2638	0.029125
Beam_380	22912	0.0018997	0.25881	0.030454
Beam_380	22876	0.0018997	0.25881	0.029446
Beam_380	22889	0.014258	0.26205	0.02895
Beam_380	22861	0.016624	0.25793	0.029553
Beam_380	22888	0.016631	0.26267	0.028836
Beam_380	22920	0.016624	0.25793	0.030559
Beam_380	22867	0.013315	0.25981	0.029309
Beam_380	22885	0.0023762	0.26267	0.028836
Beam_326	21610	0.0023748	0.26967	0.028188
Beam_326	21602	0.015211	0.26632	0.029082
Beam_326	21622	0.005694	0.2678	0.028709
Beam_326	21566	0.007128	0.26618	0.028086
Beam_326	21572	0.005694	0.2678	0.027674
Beam_326	21621	0.0037969	0.2683	0.028576
Beam_326	21624	0.007128	0.26618	0.029114
Beam_326	21571	0.0037969	0.2683	0.027539
Beam_326	21585	0.0023747	0.26967	0.027146
Beam_326	21606	0.015212	0.2683	0.028575
Beam_326	21564	0.011872	0.26618	0.028086
Beam_326	21588	0.015212	0.2683	0.027539
Beam_326	21630	0.011872	0.26618	0.029114
Beam_326	21617	0.0037979	0.26631	0.029084
Beam_326	21570	0.0018964	0.2688	0.0274
Beam_326	21627	0.0095	0.2668	0.028964
Beam_326	21567	0.0047507	0.26556	0.028234
Beam_326	21625	0.0047507	0.26556	0.02926
Beam_326	25469	0.00475	0.2708	0.027323
Beam_326	21618	0.0019006	0.26581	0.029202
Beam_326	21576	0.0019006	0.26581	0.028175
Beam_326	21614	0.014258	0.26905	0.028368
Beam_326	25468	0.0095	0.2708	0.027323
Beam_326	21603	0.013315	0.26681	0.028961
Beam_326	21565	0.0095	0.2668	0.027933
Beam_326	21582	0.0095141	0.26781	0.027673
Beam_326	21593	0.015211	0.26632	0.028053
Beam_326	21619	0.0075949	0.2673	0.028838
Beam_326	21609	0.0047562	0.26905	0.028368
Beam_326	21573	0.0075949	0.2673	0.027805
Beam_326	21612	0.0095141	0.26781	0.028707
Beam_326	21620	0.0018964	0.2688	0.028439
Beam_326	21586	0.011422	0.26731	0.027804
Beam_326	21604	0.011422	0.26731	0.028837
Beam_326	21575	0.0037979	0.26631	0.028056
Beam_326	21608	0.0071321	0.26843	0.02854
Beam_326	21583	0.007132	0.26843	0.027503
Beam_326	21563	0.014249	0.26556	0.028234
Beam_326	21629	0.014249	0.26556	0.02926
Beam_326	21584	0.0047562	0.26905	0.027328
Beam_326	25467	0.01425	0.2708	0.027323
Beam_326	21580	0.014258	0.26905	0.027328
Beam_326	21613	0.016632	0.26967	0.028188
Beam_326	21626	0.0023778	0.26493	0.029399
Beam_326	21589	0.017108	0.2688	0.0274
Beam_326	21592	0.017104	0.26582	0.028172
Beam_326	21568	0.0023778	0.26493	0.028375
Beam_326	21601	0.017104	0.26582	0.029199
Beam_326	21628	0.016622	0.26493	0.029399
Beam_326	21605	0.013319	0.26781	0.028708
Beam_326	21579	0.016632	0.26967	0.027146
Beam_326	21615	0.011889	0.26843	0.02854
Beam_326	21607	0.017108	0.2688	0.028438
Beam_326	21594	0.013315	0.26681	0.027931
Beam_326	25465	0.019	0.2708	0.027323
Beam_326	25466	0.0	0.2708	0.027323
Beam_326	21587	0.013319	0.26781	0.027673
Beam_326	21574	0.0056982	0.26681	0.027932
Beam_326	21562	0.016622	0.26493	0.028375
Beam_326	21581	0.011889	0.26843	0.027503
Beam_326	21616	0.0056982	0.26681	0.028963
Beam_113	16444	0.035215	0.2963	0.012167
Beam_113	16481	0.031422	0.29531	0.01437
Beam_113	16416	0.021888	0.2968	0.011712
Beam_113	16486	0.026338	0.29664	0.013211
Beam_113	16426	0.035844	0.29747	0.011088
Beam_113	16437	0.031422	0.29531	0.013051
Beam_113	16429	0.031104	0.29622	0.012239
Beam_113	16474	0.03583	0.29314	0.016135
Beam_113	16448	0.035829	0.29314	0.01486
Beam_113	16492	0.035843	0.29747	0.012457
Beam_113	16432	0.026337	0.29664	0.011862
Beam_113	16433	0.024745	0.29705	0.011477
Beam_113	16451	0.031076	0.29439	0.013836
Beam_113	16497	0.0238	0.29431	0.015203
Beam_113	16477	0.031076	0.29439	0.015136
Beam_113	16421	0.023801	0.29431	0.013905
Beam_113	16447	0.03741	0.29273	0.015189
Beam_113	16418	0.025686	0.2958	0.012614
Beam_113	16502	0.025686	0.2958	0.013944
Beam_113	16430	0.029514	0.29581	0.012612
Beam_113	16487	0.024746	0.29705	0.012836
Beam_113	16473	0.03741	0.29273	0.016457
Beam_113	16500	0.021888	0.2968	0.013065
Beam_113	16471	0.02159	0.29273	0.016457
Beam_113	16495	0.031103	0.29622	0.013578
Beam_113	16479	0.035214	0.2963	0.013508
Beam_113	16476	0.032663	0.29397	0.015475
Beam_113	16468	0.026337	0.29397	0.015475
Beam_113	25566	0.03425	0.29899	0.010367
Beam_113	16475	0.034241	0.29356	0.015807
Beam_113	16449	0.034241	0.29356	0.014523
Beam_113	16480	0.033326	0.29581	0.013941
Beam_113	16445	0.033326	0.29581	0.012611
Beam_113	25564	0.039	0.29899	0.010367
Beam_113	16425	0.037428	0.29788	0.010691
Beam_113	16422	0.021908	0.29381	0.014317
Beam_113	16498	0.021907	0.29381	0.015606
Beam_113	16434	0.023166	0.29747	0.011088
Beam_113	16493	0.034268	0.29705	0.012836
Beam_113	16482	0.033307	0.29481	0.014785
Beam_113	16454	0.026337	0.29397	0.014183
Beam_113	16470	0.02317	0.29314	0.016135
Beam_113	16417	0.023794	0.2963	0.012169
Beam_113	16438	0.033307	0.29481	0.013476
Beam_113	16501	0.023794	0.2963	0.01351
Beam_113	16428	0.032682	0.29664	0.011862
Beam_113	16494	0.032681	0.29664	0.013211
Beam_113	16427	0.034269	0.29705	0.011477
Beam_113	16450	0.032663	0.29397	0.014183
Beam_113	16496	0.025705	0.29481	0.01479
Beam_113	16420	0.025705	0.29481	0.013482
Beam_113	16491	0.037428	0.29788	0.01207
Beam_113	16483	0.035208	0.29432	0.015195
Beam_113	16439	0.035208	0.29432	0.013897
Beam_113	16456	0.023171	0.29314	0.01486
Beam_113	16457	0.02159	0.29273	0.015189
Beam_113	16488	0.023166	0.29747	0.012457
Beam_113	16431	0.02792	0.29622	0.012239
Beam_113	25565	0.02	0.29899	0.010367
Beam_113	16484	0.037097	0.29382	0.015596
Beam_113	16435	0.021577	0.29788	0.010691
Beam_113	16499	0.027595	0.2953	0.014373
Beam_113	16478	0.037116	0.2968	0.013064
Beam_113	16455	0.024759	0.29356	0.014523
Beam_113	25567	0.0295	0.29899	0.010367
Beam_113	16443	0.037116	0.2968	0.011711
Beam_113	25568	0.02475	0.29899	0.010367
Beam_113	16469	0.024759	0.29356	0.015807
Beam_113	16489	0.021577	0.29788	0.01207
Beam_113	16485	0.02792	0.29622	0.013578
Beam_113	16452	0.0295	0.2948	0.013486
Beam_113	16453	0.027924	0.29439	0.013836
Beam_113	16419	0.027595	0.2953	0.013055
Beam_113	16440	0.037097	0.29382	0.014307
Beam_113	16490	0.029514	0.29581	0.013942
Beam_113	16472	0.0295	0.2948	0.014794
Beam_113	16467	0.027924	0.29439	0.015136
Beam_167	17789	0.03331	0.28781	0.019918
Beam_167	17797	0.0295	0.2878	0.019925
Beam_167	17750	0.021905	0.28681	0.019372
Beam_167	17787	0.0371	0.28682	0.020543
Beam_167	17768	0.022384	0.28594	0.019914
Beam_167	17772	0.035213	0.2893	0.017723
Beam_167	17792	0.035213	0.2893	0.018935
Beam_167	17796	0.022384	0.28594	0.021082
Beam_167	17776	0.0371	0.28682	0.019364
Beam_167	17803	0.022367	0.29068	0.017978
Beam_167	17800	0.031866	0.28718	0.020319
Beam_167	17764	0.031865	0.28718	0.019135
Beam_167	25520	0.02	0.2918	0.016529
Beam_167	17810	0.021905	0.28681	0.020551
Beam_167	17806	0.03426	0.29005	0.018419
Beam_167	17777	0.035209	0.28732	0.019049
Beam_167	17754	0.034261	0.29005	0.017196
Beam_167	17788	0.035209	0.28732	0.020234
Beam_167	17795	0.024753	0.28656	0.020706
Beam_167	17778	0.03331	0.28781	0.018726
Beam_167	17808	0.025702	0.28781	0.019923
Beam_167	25522	0.0295	0.2918	0.016529
Beam_167	17755	0.031896	0.28943	0.017633
Beam_167	17745	0.023795	0.2893	0.017724
Beam_167	17813	0.023795	0.2893	0.018937
Beam_167	17805	0.03664	0.29068	0.017978
Beam_167	17753	0.03664	0.29068	0.016745
Beam_167	17748	0.025702	0.28781	0.018731
Beam_167	17765	0.0295	0.2878	0.018733
Beam_167	17747	0.027595	0.2883	0.018402
Beam_167	17767	0.024753	0.28656	0.01953
Beam_167	17807	0.031896	0.28943	0.018847
Beam_167	17794	0.027134	0.28718	0.020319
Beam_167	17798	0.036616	0.28594	0.021082
Beam_167	17758	0.024754	0.29005	0.017196
Beam_167	17802	0.024754	0.29005	0.018419
Beam_167	17793	0.037112	0.2898	0.018594
Beam_167	17814	0.02569	0.2888	0.019271
Beam_167	17773	0.037112	0.2898	0.017374
Beam_167	17746	0.025689	0.2888	0.018066
Beam_167	17799	0.034247	0.28656	0.020706
Beam_167	17812	0.021892	0.2898	0.018595
Beam_167	17763	0.034247	0.28656	0.01953
Beam_167	17757	0.027125	0.28943	0.017633
Beam_167	17804	0.029514	0.28881	0.019269
Beam_167	25519	0.039	0.2918	0.016529
Beam_167	17801	0.027125	0.28943	0.018847
Beam_167	25523	0.02475	0.2918	0.016529
Beam_167	17766	0.027135	0.28718	0.019135
Beam_167	25521	0.03425	0.2918	0.016529
Beam_167	17756	0.029514	0.28881	0.018063
Beam_167	17809	0.023799	0.28731	0.02024
Beam_167	17759	0.022367	0.29068	0.016745
Beam_167	17744	0.021892	0.2898	0.017375
Beam_167	17791	0.033323	0.28881	0.019269
Beam_167	17770	0.031422	0.28831	0.0184
Beam_167	17749	0.023799	0.28731	0.019055
Beam_167	17771	0.033323	0.28881	0.018063
Beam_167	17762	0.036616	0.28594	0.019914
Beam_167	17790	0.031422	0.28831	0.019598
Beam_167	17811	0.027595	0.2883	0.019601
Beam_221	25528	0.039	0.2848	0.021166
Beam_221	19090	0.037101	0.27982	0.02434
Beam_221	19073	0.022381	0.27893	0.02365
Beam_221	19085	0.022381	0.27893	0.02475
Beam_221	19058	0.033321	0.28181	0.022242
Beam_221	19088	0.034248	0.27956	0.024464
Beam_221	19068	0.034248	0.27956	0.023359
Beam_221	19046	0.022371	0.28368	0.021234
Beam_221	19100	0.027595	0.2813	0.023621
Beam_221	19041	0.034259	0.28305	0.021579
Beam_221	19045	0.024755	0.28305	0.021579
Beam_221	19052	0.027595	0.2813	0.022501
Beam_221	19053	0.025701	0.28081	0.022752
Beam_221	19065	0.033312	0.28081	0.022748
Beam_221	19092	0.033312	0.28081	0.023864
Beam_221	19063	0.037101	0.27982	0.023233
Beam_221	19106	0.022371	0.28368	0.022377
Beam_221	19094	0.033321	0.28181	0.023367
Beam_221	19109	0.034259	0.28305	0.022716
Beam_221	19097	0.025701	0.28081	0.023867
Beam_221	19055	0.021903	0.27981	0.023239
Beam_221	19105	0.024755	0.28305	0.022716
Beam_221	19099	0.021903	0.27981	0.024346
Beam_221	19104	0.027128	0.28243	0.023044
Beam_221	19102	0.023796	0.2823	0.023113
Beam_221	19072	0.024752	0.27956	0.023359
Beam_221	19103	0.025692	0.2818	0.023369
Beam_221	19083	0.027132	0.28018	0.024169
Beam_221	19096	0.03711	0.2828	0.02285
Beam_221	19101	0.021894	0.2828	0.02285
Beam_221	19049	0.021894	0.2828	0.021716
Beam_221	19067	0.036619	0.27893	0.02365
Beam_221	19098	0.023799	0.28031	0.024109
Beam_221	19054	0.023799	0.28031	0.022998
Beam_221	19051	0.025691	0.2818	0.022244
Beam_221	19057	0.031422	0.28131	0.022499
Beam_221	19093	0.031422	0.28131	0.023619
Beam_221	19070	0.0295	0.2808	0.022753
Beam_221	19086	0.0295	0.2808	0.023869
Beam_221	19087	0.036619	0.27893	0.02475
Beam_221	19107	0.029514	0.28181	0.023367
Beam_221	25530	0.03425	0.2848	0.021166
Beam_221	19044	0.027128	0.28243	0.021914
Beam_221	25532	0.02475	0.2848	0.021166
Beam_221	19069	0.031868	0.28018	0.023059
Beam_221	19089	0.031868	0.28018	0.024169
Beam_221	19071	0.027132	0.28018	0.023059
Beam_221	25529	0.02	0.2848	0.021166
Beam_221	19050	0.023796	0.2823	0.021983
Beam_221	25531	0.0295	0.2848	0.021166
Beam_221	19042	0.031893	0.28243	0.021914
Beam_221	19110	0.031893	0.28243	0.023044
Beam_221	19060	0.03711	0.2828	0.021715
Beam_221	19043	0.029514	0.28181	0.022242
Beam_221	19091	0.03521	0.28032	0.024105
Beam_221	19064	0.03521	0.28032	0.022993
Beam_221	19040	0.036636	0.28368	0.021234
Beam_221	19084	0.024752	0.27956	0.024464
Beam_221	19095	0.035212	0.2823	0.023111
Beam_221	19059	0.035212	0.2823	0.021982
Beam_221	19108	0.036636	0.28368	0.022377
Beam_437	24282	0.035211	0.25232	0.030972
Beam_437	24287	0.037106	0.2548	0.030845
Beam_437	24230	0.022375	0.25093	0.030004
Beam_437	24272	0.034257	0.25505	0.030828
Beam_437	25314	0.03425	0.2568	0.030176
Beam_437	24292	0.036625	0.25093	0.031004
Beam_437	24281	0.037105	0.25182	0.030987
Beam_437	24225	0.03425	0.25156	0.029993
Beam_437	24224	0.036625	0.25093	0.030004
Beam_437	24251	0.03663	0.25567	0.029776
Beam_437	24286	0.035211	0.2543	0.030878
Beam_437	24271	0.03663	0.25567	0.03078
Beam_437	25312	0.039	0.2568	0.030176
Beam_437	24252	0.034257	0.25505	0.029825
Beam_437	24234	0.035211	0.2543	0.029876
Beam_437	24239	0.035211	0.25232	0.029971
Beam_437	24276	0.021899	0.25181	0.030987
Beam_437	24248	0.021899	0.25181	0.029987
Beam_437	24242	0.021898	0.2548	0.029843
Beam_437	25313	0.02	0.2568	0.030176
Beam_437	24278	0.021898	0.2548	0.030846
Beam_437	24235	0.037106	0.2548	0.029843
Beam_437	24238	0.037105	0.25182	0.029986
Beam_437	24244	0.025696	0.2538	0.029905
Beam_437	24227	0.0295	0.2528	0.029953
Beam_437	24245	0.027595	0.2533	0.029931
Beam_437	24291	0.0295	0.2528	0.030954
Beam_437	24285	0.033317	0.2538	0.030907
Beam_437	24233	0.033317	0.2538	0.029905
Beam_437	24283	0.033316	0.25281	0.030954
Beam_437	24240	0.033316	0.25281	0.029953
Beam_437	24289	0.02475	0.25156	0.030993
Beam_437	24254	0.029514	0.25381	0.029905
Beam_437	24247	0.023798	0.25231	0.029972
Beam_437	24229	0.02475	0.25156	0.029993
Beam_437	24294	0.031875	0.25218	0.030976
Beam_437	24226	0.031875	0.25218	0.029976
Beam_437	24243	0.023797	0.2543	0.029876
Beam_437	24288	0.027125	0.25218	0.030976
Beam_437	24228	0.027125	0.25218	0.029976
Beam_437	24273	0.031886	0.25443	0.03087
Beam_437	24253	0.031886	0.25443	0.029868
Beam_437	24279	0.023797	0.2543	0.030878
Beam_437	25316	0.02475	0.2568	0.030176
Beam_437	24275	0.023798	0.25231	0.030972
Beam_437	25315	0.0295	0.2568	0.030176
Beam_437	24274	0.025696	0.2528	0.030954
Beam_437	24256	0.024757	0.25505	0.029825
Beam_437	24280	0.025696	0.2538	0.030907
Beam_437	24232	0.031422	0.25331	0.029931
Beam_437	24290	0.022375	0.25093	0.031004
Beam_437	24270	0.029514	0.25381	0.030907
Beam_437	24277	0.027595	0.2533	0.030932
Beam_437	24267	0.027135	0.25443	0.03087
Beam_437	24255	0.027135	0.25443	0.029868
Beam_437	24246	0.025696	0.2528	0.029953
Beam_437	24269	0.022378	0.25567	0.03078
Beam_437	24284	0.031422	0.25331	0.030932
Beam_437	24268	0.024757	0.25505	0.030828
Beam_437	24293	0.03425	0.25156	0.030993
Beam_437	24257	0.022378	0.25567	0.029776
Beam_275	20392	0.037109	0.2758	0.026082
Beam_275	20403	0.029514	0.27481	0.026467
Beam_275	20383	0.036621	0.27193	0.027485
Beam_275	20341	0.024756	0.27605	0.024903
Beam_275	20399	0.025693	0.2748	0.026469
Beam_275	20401	0.024756	0.27605	0.025982
Beam_275	20387	0.03521	0.27332	0.027013
Beam_275	20356	0.037109	0.2758	0.025005
Beam_275	20345	0.021895	0.2758	0.025006
Beam_275	20379	0.02713	0.27318	0.027061
Beam_275	20340	0.02713	0.27543	0.025153
Beam_275	25487	0.02475	0.2778	0.024705
Beam_275	20391	0.035212	0.2753	0.026277
Beam_275	20400	0.02713	0.27543	0.026227
Beam_275	20367	0.02713	0.27318	0.026
Beam_275	20350	0.023798	0.27331	0.025955
Beam_275	20385	0.03187	0.27318	0.027061
Beam_275	20397	0.021895	0.2758	0.026083
Beam_275	20368	0.024751	0.27256	0.026219
Beam_275	20365	0.03187	0.27318	0.026
Beam_275	20394	0.023798	0.27331	0.027016
Beam_275	20389	0.031422	0.27431	0.026654
Beam_275	20355	0.035212	0.2753	0.025204
Beam_275	20353	0.031422	0.27431	0.025587
Beam_275	20347	0.025693	0.2748	0.025398
Beam_275	20366	0.0295	0.2738	0.025774
Beam_275	20360	0.03521	0.27332	0.025951
Beam_275	20405	0.034258	0.27605	0.025982
Beam_275	20382	0.0295	0.2738	0.026839
Beam_275	20337	0.034258	0.27605	0.024903
Beam_275	20381	0.022379	0.27193	0.027485
Beam_275	20390	0.03332	0.27481	0.026468
Beam_275	20354	0.03332	0.27481	0.025397
Beam_275	20369	0.022379	0.27193	0.026431
Beam_275	20393	0.025699	0.27381	0.026838
Beam_275	20396	0.027595	0.2743	0.026656
Beam_275	20386	0.037103	0.27282	0.027186
Beam_275	20342	0.022373	0.27668	0.024645
Beam_275	20402	0.022373	0.27668	0.025728
Beam_275	20359	0.037103	0.27282	0.026127
Beam_275	20384	0.034249	0.27256	0.027276
Beam_275	20364	0.034249	0.27256	0.026219
Beam_275	25485	0.03425	0.2778	0.024705
Beam_275	20348	0.027595	0.2743	0.025589
Beam_275	25483	0.039	0.2778	0.024705
Beam_275	25486	0.0295	0.2778	0.024705
Beam_275	20339	0.029514	0.27481	0.025397
Beam_275	20361	0.033313	0.27381	0.025771
Beam_275	20388	0.033313	0.27381	0.026835
Beam_275	20338	0.031891	0.27543	0.025153
Beam_275	20404	0.036634	0.27668	0.025728
Beam_275	20351	0.021902	0.27281	0.026131
Beam_275	20363	0.036621	0.27193	0.026431
Beam_275	20336	0.036634	0.27668	0.024645
Beam_275	20398	0.023797	0.2753	0.026278
Beam_275	20349	0.025699	0.27381	0.025774
Beam_275	20406	0.031891	0.27543	0.026227
Beam_275	20380	0.024751	0.27256	0.027276
Beam_275	20395	0.021902	0.27281	0.02719
Beam_275	25484	0.02	0.2778	0.024705
Beam_275	20346	0.023797	0.2753	0.025205
Beam_383	22931	0.029514	0.26081	0.029159
Beam_383	22951	0.037104	0.25882	0.029444
Beam_383	22975	0.036624	0.25793	0.030559
Beam_383	22928	0.036631	0.26267	0.028836
Beam_383	25304	0.02	0.2638	0.029125
Beam_383	22996	0.036631	0.26267	0.029853
Beam_383	25307	0.02475	0.2638	0.029125
Beam_383	22955	0.036624	0.25793	0.029553
Beam_383	22932	0.027133	0.26143	0.029057
Beam_383	22972	0.02475	0.25856	0.030485
Beam_383	22974	0.0295	0.2598	0.03032
Beam_383	22958	0.0295	0.2598	0.02931
Beam_383	25306	0.0295	0.2638	0.029125
Beam_383	22984	0.037107	0.2618	0.030009
Beam_383	22960	0.02475	0.25856	0.029478
Beam_383	22948	0.037107	0.2618	0.028994
Beam_383	22988	0.027595	0.2603	0.030248
Beam_383	22992	0.027133	0.26143	0.030071
Beam_383	22978	0.037105	0.25882	0.030452
Beam_383	22987	0.0219	0.25881	0.030454
Beam_383	22938	0.023797	0.2613	0.029079
Beam_383	22930	0.031888	0.26143	0.029057
Beam_383	22934	0.022376	0.26267	0.028836
Beam_383	22973	0.022376	0.25793	0.030559
Beam_383	22994	0.022376	0.26267	0.029853
Beam_383	22976	0.03425	0.25856	0.030485
Beam_383	22939	0.025695	0.2608	0.029159
Beam_383	22990	0.023797	0.2613	0.030092
Beam_383	22980	0.033315	0.25981	0.030319
Beam_383	22956	0.03425	0.25856	0.029478
Beam_383	22953	0.033315	0.25981	0.029309
Beam_383	25305	0.03425	0.2638	0.029125
Beam_383	22929	0.034258	0.26205	0.02895
Beam_383	22997	0.034258	0.26205	0.029965
Beam_383	22946	0.033318	0.26081	0.029159
Beam_383	22991	0.025695	0.2608	0.030172
Beam_383	22982	0.033318	0.26081	0.030171
Beam_383	22961	0.022376	0.25793	0.029553
Beam_383	22985	0.025697	0.25981	0.03032
Beam_383	22998	0.031888	0.26143	0.030071
Beam_383	22983	0.035211	0.2613	0.030092
Beam_383	22995	0.029514	0.26081	0.030171
Beam_383	22993	0.024757	0.26205	0.029965
Beam_383	22981	0.031422	0.26031	0.030247
Beam_383	22933	0.024757	0.26205	0.02895
Beam_383	22945	0.031422	0.26031	0.029236
Beam_383	22942	0.023798	0.25931	0.02938
Beam_383	22986	0.023798	0.25931	0.030389
Beam_383	22940	0.027595	0.2603	0.029237
Beam_383	22943	0.0219	0.25881	0.029446
Beam_383	25303	0.039	0.2638	0.029125
Beam_383	22952	0.035211	0.25932	0.029378
Beam_383	22957	0.031873	0.25918	0.029397
Beam_383	22979	0.035211	0.25932	0.030388
Beam_383	22977	0.031873	0.25918	0.030406
Beam_383	22937	0.021897	0.2618	0.028994
Beam_383	22947	0.035211	0.2613	0.029078
Beam_383	22959	0.027127	0.25918	0.029397
Beam_383	22989	0.021897	0.2618	0.030009
Beam_383	22971	0.027127	0.25918	0.030406
Beam_383	22941	0.025697	0.25981	0.02931
Beam_329	21637	0.024756	0.26905	0.027328
Beam_329	21696	0.027132	0.26843	0.02854
Beam_329	21645	0.025698	0.26681	0.027932
Beam_329	21697	0.024756	0.26905	0.028368
Beam_329	21643	0.025694	0.2678	0.027674
Beam_329	21695	0.025694	0.2678	0.028709
Beam_329	21636	0.027132	0.26843	0.027503
Beam_329	21652	0.037108	0.2688	0.0274
Beam_329	21688	0.037108	0.2688	0.028438
Beam_329	21663	0.027128	0.26618	0.028086
Beam_329	21689	0.025698	0.26681	0.028963
Beam_329	21675	0.027128	0.26618	0.029114
Beam_329	25458	0.03425	0.2708	0.027323
Beam_329	21655	0.037104	0.26582	0.028172
Beam_329	21683	0.035211	0.26632	0.029082
Beam_329	21656	0.035211	0.26632	0.028053
Beam_329	21694	0.023797	0.2683	0.028576
Beam_329	21642	0.023797	0.2683	0.027539
Beam_329	21702	0.031889	0.26843	0.02854
Beam_329	21634	0.031889	0.26843	0.027503
Beam_329	21691	0.021901	0.26581	0.029202
Beam_329	21647	0.021901	0.26581	0.028175
Beam_329	21657	0.033315	0.26681	0.027931
Beam_329	21687	0.035212	0.2683	0.028575
Beam_329	21684	0.033315	0.26681	0.028961
Beam_329	21701	0.034258	0.26905	0.028368
Beam_329	21686	0.033319	0.26781	0.028708
Beam_329	21650	0.033319	0.26781	0.027673
Beam_329	21677	0.022378	0.26493	0.029399
Beam_329	21665	0.022378	0.26493	0.028375
Beam_329	21698	0.022375	0.26967	0.028188
Beam_329	21680	0.034249	0.26556	0.02926
Beam_329	21660	0.034249	0.26556	0.028234
Beam_329	21638	0.022375	0.26967	0.027146
Beam_329	21633	0.034258	0.26905	0.027328
Beam_329	21641	0.021896	0.2688	0.0274
Beam_329	21693	0.021896	0.2688	0.028439
Beam_329	21651	0.035212	0.2683	0.027539
Beam_329	25456	0.039	0.2708	0.027323
Beam_329	21644	0.027595	0.2673	0.027805
Beam_329	21662	0.0295	0.2668	0.027933
Beam_329	21678	0.0295	0.2668	0.028964
Beam_329	25457	0.02	0.2708	0.027323
Beam_329	25459	0.0295	0.2708	0.027323
Beam_329	21632	0.036632	0.26967	0.027146
Beam_329	21700	0.036632	0.26967	0.028188
Beam_329	21664	0.024751	0.26556	0.028234
Beam_329	21676	0.024751	0.26556	0.02926
Beam_329	25460	0.02475	0.2708	0.027323
Beam_329	21679	0.036622	0.26493	0.029399
Beam_329	21659	0.036622	0.26493	0.028375
Beam_329	21635	0.029514	0.26781	0.027673
Beam_329	21699	0.029514	0.26781	0.028707
Beam_329	21685	0.031422	0.26731	0.028837
Beam_329	21649	0.031422	0.26731	0.027804
Beam_329	21690	0.023798	0.26631	0.029084
Beam_329	21646	0.023798	0.26631	0.028056
Beam_329	21681	0.031872	0.26618	0.029114
Beam_329	21661	0.031872	0.26618	0.028086
Beam_329	21682	0.037104	0.26582	0.029199
Beam_329	21692	0.027595	0.2673	0.028838
Beam_116	25555	0.059	0.29899	0.010367
Beam_116	16564	0.052663	0.29397	0.015475
Beam_116	16517	0.051104	0.29622	0.012239
Beam_116	16522	0.043166	0.29747	0.011088
Beam_116	16576	0.043166	0.29747	0.012457
Beam_116	16525	0.051422	0.29531	0.013051
Beam_116	16569	0.051422	0.29531	0.01437
Beam_116	25557	0.05425	0.29899	0.010367
Beam_116	16558	0.04317	0.29314	0.016135
Beam_116	16507	0.047595	0.2953	0.013055
Beam_116	16572	0.057097	0.29382	0.015596
Beam_116	16587	0.047595	0.2953	0.014373
Beam_116	16544	0.043171	0.29314	0.01486
Beam_116	16557	0.044759	0.29356	0.015807
Beam_116	16528	0.057097	0.29382	0.014307
Beam_116	16506	0.045686	0.2958	0.012614
Beam_116	16537	0.054241	0.29356	0.014523
Beam_116	16590	0.045686	0.2958	0.013944
Beam_116	16589	0.043794	0.2963	0.01351
Beam_116	16563	0.054241	0.29356	0.015807
Beam_116	16568	0.053326	0.29581	0.013941
Beam_116	16533	0.053326	0.29581	0.012611
Beam_116	16505	0.043794	0.2963	0.012169
Beam_116	16519	0.04792	0.29622	0.012239
Beam_116	16575	0.044746	0.29705	0.012836
Beam_116	16573	0.04792	0.29622	0.013578
Beam_116	16541	0.047924	0.29439	0.013836
Beam_116	16540	0.0495	0.2948	0.013486
Beam_116	16560	0.0495	0.2948	0.014794
Beam_116	16527	0.055208	0.29432	0.013897
Beam_116	16571	0.055208	0.29432	0.015195
Beam_116	16518	0.049514	0.29581	0.012612
Beam_116	16515	0.054269	0.29705	0.011477
Beam_116	16581	0.054268	0.29705	0.012836
Beam_116	16538	0.052663	0.29397	0.014183
Beam_116	16510	0.041908	0.29381	0.014317
Beam_116	16586	0.041907	0.29381	0.015606
Beam_116	25559	0.04475	0.29899	0.010367
Beam_116	16567	0.055214	0.2963	0.013508
Beam_116	16532	0.055215	0.2963	0.012167
Beam_116	16536	0.055829	0.29314	0.01486
Beam_116	16562	0.05583	0.29314	0.016135
Beam_116	16580	0.055843	0.29747	0.012457
Beam_116	16514	0.055844	0.29747	0.011088
Beam_116	16565	0.051076	0.29439	0.015136
Beam_116	16539	0.051076	0.29439	0.013836
Beam_116	16583	0.051103	0.29622	0.013578
Beam_116	25558	0.0495	0.29899	0.010367
Beam_116	16555	0.047924	0.29439	0.015136
Beam_116	16504	0.041888	0.2968	0.011712
Beam_116	16543	0.044759	0.29356	0.014523
Beam_116	16578	0.049514	0.29581	0.013942
Beam_116	16523	0.041577	0.29788	0.010691
Beam_116	16577	0.041577	0.29788	0.01207
Beam_116	16566	0.057116	0.2968	0.013064
Beam_116	16561	0.05741	0.29273	0.016457
Beam_116	16520	0.046337	0.29664	0.011862
Beam_116	16535	0.05741	0.29273	0.015189
Beam_116	16513	0.057428	0.29788	0.010691
Beam_116	16508	0.045705	0.29481	0.013482
Beam_116	16542	0.046337	0.29397	0.014183
Beam_116	16579	0.057428	0.29788	0.01207
Beam_116	16556	0.046337	0.29397	0.015475
Beam_116	16584	0.045705	0.29481	0.01479
Beam_116	16574	0.046338	0.29664	0.013211
Beam_116	16585	0.0438	0.29431	0.015203
Beam_116	16509	0.043801	0.29431	0.013905
Beam_116	25556	0.04	0.29899	0.010367
Beam_116	16531	0.057116	0.2968	0.011711
Beam_116	16570	0.053307	0.29481	0.014785
Beam_116	16545	0.04159	0.29273	0.015189
Beam_116	16582	0.052681	0.29664	0.013211
Beam_116	16559	0.04159	0.29273	0.016457
Beam_116	16588	0.041888	0.2968	0.013065
Beam_116	16521	0.044745	0.29705	0.011477
Beam_116	16526	0.053307	0.29481	0.013476
Beam_116	16516	0.052682	0.29664	0.011862
Beam_170	17839	0.044753	0.28656	0.01953
Beam_170	17849	0.055209	0.28732	0.019049
Beam_170	17860	0.055209	0.28732	0.020234
Beam_170	17870	0.056616	0.28594	0.021082
Beam_170	17868	0.042384	0.28594	0.021082
Beam_170	25547	0.04	0.2918	0.016529
Beam_170	17840	0.042384	0.28594	0.019914
Beam_170	25550	0.04475	0.2918	0.016529
Beam_170	17876	0.049514	0.28881	0.019269
Beam_170	17869	0.0495	0.2878	0.019925
Beam_170	17834	0.056616	0.28594	0.019914
Beam_170	25546	0.059	0.2918	0.016529
Beam_170	17837	0.0495	0.2878	0.018733
Beam_170	25549	0.0495	0.2918	0.016529
Beam_170	17880	0.045702	0.28781	0.019923
Beam_170	17820	0.045702	0.28781	0.018731
Beam_170	17826	0.054261	0.29005	0.017196
Beam_170	17878	0.05426	0.29005	0.018419
Beam_170	17875	0.042367	0.29068	0.017978
Beam_170	17831	0.042367	0.29068	0.016745
Beam_170	17882	0.041905	0.28681	0.020551
Beam_170	17867	0.044753	0.28656	0.020706
Beam_170	17850	0.05331	0.28781	0.018726
Beam_170	17830	0.044754	0.29005	0.017196
Beam_170	17879	0.051896	0.28943	0.018847
Beam_170	17844	0.055213	0.2893	0.017723
Beam_170	17864	0.055213	0.2893	0.018935
Beam_170	17861	0.05331	0.28781	0.019918
Beam_170	17874	0.044754	0.29005	0.018419
Beam_170	17822	0.041905	0.28681	0.019372
Beam_170	17816	0.041892	0.2898	0.017375
Beam_170	25548	0.05425	0.2918	0.016529
Beam_170	17871	0.054247	0.28656	0.020706
Beam_170	17877	0.05664	0.29068	0.017978
Beam_170	17828	0.049514	0.28881	0.018063
Beam_170	17873	0.047125	0.28943	0.018847
Beam_170	17829	0.047125	0.28943	0.017633
Beam_170	17881	0.043799	0.28731	0.02024
Beam_170	17836	0.051865	0.28718	0.019135
Beam_170	17859	0.0571	0.28682	0.020543
Beam_170	17838	0.047135	0.28718	0.019135
Beam_170	17848	0.0571	0.28682	0.019364
Beam_170	17863	0.053323	0.28881	0.019269
Beam_170	17835	0.054247	0.28656	0.01953
Beam_170	17872	0.051866	0.28718	0.020319
Beam_170	17818	0.045689	0.2888	0.018066
Beam_170	17886	0.04569	0.2888	0.019271
Beam_170	17825	0.05664	0.29068	0.016745
Beam_170	17843	0.053323	0.28881	0.018063
Beam_170	17866	0.047134	0.28718	0.020319
Beam_170	17842	0.051422	0.28831	0.0184
Beam_170	17865	0.057112	0.2898	0.018594
Beam_170	17845	0.057112	0.2898	0.017374
Beam_170	17827	0.051896	0.28943	0.017633
Beam_170	17883	0.047595	0.2883	0.019601
Beam_170	17884	0.041892	0.2898	0.018595
Beam_170	17817	0.043795	0.2893	0.017724
Beam_170	17862	0.051422	0.28831	0.019598
Beam_170	17819	0.047595	0.2883	0.018402
Beam_170	17885	0.043795	0.2893	0.018937
Beam_170	17821	0.043799	0.28731	0.019055
Beam_224	19129	0.051422	0.28131	0.022499
Beam_224	19122	0.043796	0.2823	0.021983
Beam_224	19166	0.053321	0.28181	0.023367
Beam_224	19179	0.049514	0.28181	0.023367
Beam_224	19163	0.05521	0.28032	0.024105
Beam_224	19174	0.043796	0.2823	0.023113
Beam_224	19136	0.05521	0.28032	0.022993
Beam_224	19115	0.049514	0.28181	0.022242
Beam_224	19130	0.053321	0.28181	0.022242
Beam_224	25539	0.05425	0.2848	0.021166
Beam_224	19161	0.051868	0.28018	0.024169
Beam_224	19181	0.054259	0.28305	0.022716
Beam_224	19113	0.054259	0.28305	0.021579
Beam_224	19140	0.054248	0.27956	0.023359
Beam_224	19160	0.054248	0.27956	0.024464
Beam_224	19137	0.053312	0.28081	0.022748
Beam_224	19145	0.042381	0.27893	0.02365
Beam_224	19157	0.042381	0.27893	0.02475
Beam_224	19170	0.043799	0.28031	0.024109
Beam_224	25541	0.04475	0.2848	0.021166
Beam_224	19164	0.053312	0.28081	0.023864
Beam_224	19165	0.051422	0.28131	0.023619
Beam_224	19114	0.051893	0.28243	0.021914
Beam_224	19182	0.051893	0.28243	0.023044
Beam_224	19141	0.051868	0.28018	0.023059
Beam_224	19126	0.043799	0.28031	0.022998
Beam_224	19158	0.0495	0.2808	0.023869
Beam_224	19162	0.057101	0.27982	0.02434
Beam_224	19124	0.047595	0.2813	0.022501
Beam_224	19131	0.055212	0.2823	0.021982
Beam_224	19172	0.047595	0.2813	0.023621
Beam_224	19180	0.056636	0.28368	0.022377
Beam_224	19171	0.041903	0.27981	0.024346
Beam_224	19127	0.041903	0.27981	0.023239
Beam_224	19132	0.05711	0.2828	0.021715
Beam_224	19139	0.056619	0.27893	0.02365
Beam_224	19155	0.047132	0.28018	0.024169
Beam_224	19159	0.056619	0.27893	0.02475
Beam_224	19176	0.047128	0.28243	0.023044
Beam_224	19142	0.0495	0.2808	0.022753
Beam_224	19116	0.047128	0.28243	0.021914
Beam_224	19117	0.044755	0.28305	0.021579
Beam_224	19135	0.057101	0.27982	0.023233
Beam_224	19178	0.042371	0.28368	0.022377
Beam_224	19167	0.055212	0.2823	0.023111
Beam_224	19168	0.05711	0.2828	0.02285
Beam_224	19173	0.041894	0.2828	0.02285
Beam_224	19121	0.041894	0.2828	0.021716
Beam_224	19112	0.056636	0.28368	0.021234
Beam_224	19156	0.044752	0.27956	0.024464
Beam_224	19144	0.044752	0.27956	0.023359
Beam_224	19169	0.045701	0.28081	0.023867
Beam_224	25538	0.04	0.2848	0.021166
Beam_224	19118	0.042371	0.28368	0.021234
Beam_224	19125	0.045701	0.28081	0.022752
Beam_224	19123	0.045691	0.2818	0.022244
Beam_224	25537	0.059	0.2848	0.021166
Beam_224	19143	0.047132	0.28018	0.023059
Beam_224	19175	0.045692	0.2818	0.023369
Beam_224	25540	0.0495	0.2848	0.021166
Beam_224	19177	0.044755	0.28305	0.022716
Beam_278	20419	0.045693	0.2748	0.025398
Beam_278	20462	0.05332	0.27481	0.026468
Beam_278	20458	0.057103	0.27282	0.027186
Beam_278	20431	0.057103	0.27282	0.026127
Beam_278	20425	0.051422	0.27431	0.025587
Beam_278	20472	0.04713	0.27543	0.026227
Beam_278	20471	0.045693	0.2748	0.026469
Beam_278	20426	0.05332	0.27481	0.025397
Beam_278	20452	0.044751	0.27256	0.027276
Beam_278	20412	0.04713	0.27543	0.025153
Beam_278	20422	0.043798	0.27331	0.025955
Beam_278	20465	0.045699	0.27381	0.026838
Beam_278	20421	0.045699	0.27381	0.025774
Beam_278	25474	0.059	0.2778	0.024705
Beam_278	25475	0.04	0.2778	0.024705
Beam_278	20460	0.053313	0.27381	0.026835
Beam_278	20433	0.053313	0.27381	0.025771
Beam_278	20451	0.04713	0.27318	0.027061
Beam_278	20466	0.043798	0.27331	0.027016
Beam_278	20478	0.051891	0.27543	0.026227
Beam_278	20410	0.051891	0.27543	0.025153
Beam_278	20428	0.057109	0.2758	0.025005
Beam_278	20418	0.043797	0.2753	0.025205
Beam_278	20437	0.05187	0.27318	0.026
Beam_278	20457	0.05187	0.27318	0.027061
Beam_278	20439	0.04713	0.27318	0.026
Beam_278	20464	0.057109	0.2758	0.026082
Beam_278	20470	0.043797	0.2753	0.026278
Beam_278	20417	0.041895	0.2758	0.025006
Beam_278	25478	0.04475	0.2778	0.024705
Beam_278	20435	0.056621	0.27193	0.026431
Beam_278	20455	0.056621	0.27193	0.027485
Beam_278	20477	0.054258	0.27605	0.025982
Beam_278	20469	0.041895	0.2758	0.026083
Beam_278	20467	0.041902	0.27281	0.02719
Beam_278	20453	0.042379	0.27193	0.027485
Beam_278	20427	0.055212	0.2753	0.025204
Beam_278	20441	0.042379	0.27193	0.026431
Beam_278	20463	0.055212	0.2753	0.026277
Beam_278	20474	0.042373	0.27668	0.025728
Beam_278	20454	0.0495	0.2738	0.026839
Beam_278	20475	0.049514	0.27481	0.026467
Beam_278	20414	0.042373	0.27668	0.024645
Beam_278	20438	0.0495	0.2738	0.025774
Beam_278	25477	0.0495	0.2778	0.024705
Beam_278	20432	0.05521	0.27332	0.025951
Beam_278	20459	0.05521	0.27332	0.027013
Beam_278	20423	0.041902	0.27281	0.026131
Beam_278	20468	0.047595	0.2743	0.026656
Beam_278	20409	0.054258	0.27605	0.024903
Beam_278	20461	0.051422	0.27431	0.026654
Beam_278	20440	0.044751	0.27256	0.026219
Beam_278	20420	0.047595	0.2743	0.025589
Beam_278	20436	0.054249	0.27256	0.026219
Beam_278	20456	0.054249	0.27256	0.027276
Beam_278	20408	0.056634	0.27668	0.024645
Beam_278	25476	0.05425	0.2778	0.024705
Beam_278	20476	0.056634	0.27668	0.025728
Beam_278	20413	0.044756	0.27605	0.024903
Beam_278	20473	0.044756	0.27605	0.025982
Beam_278	20411	0.049514	0.27481	0.025397
Beam_386	23049	0.051873	0.25918	0.030406
Beam_386	23004	0.047133	0.26143	0.029057
Beam_386	23030	0.0495	0.2598	0.02931
Beam_386	23046	0.0495	0.2598	0.03032
Beam_386	23032	0.04475	0.25856	0.029478
Beam_386	23063	0.045695	0.2608	0.030172
Beam_386	25441	0.0495	0.2638	0.029125
Beam_386	23064	0.047133	0.26143	0.030071
Beam_386	23005	0.044757	0.26205	0.02895
Beam_386	23065	0.044757	0.26205	0.029965
Beam_386	23057	0.045697	0.25981	0.03032
Beam_386	23003	0.049514	0.26081	0.029159
Beam_386	23011	0.045695	0.2608	0.029159
Beam_386	23031	0.047127	0.25918	0.029397
Beam_386	23053	0.051422	0.26031	0.030247
Beam_386	23012	0.047595	0.2603	0.029237
Beam_386	23044	0.04475	0.25856	0.030485
Beam_386	23060	0.047595	0.2603	0.030248
Beam_386	25442	0.04475	0.2638	0.029125
Beam_386	23070	0.051888	0.26143	0.030071
Beam_386	23002	0.051888	0.26143	0.029057
Beam_386	23067	0.049514	0.26081	0.030171
Beam_386	23013	0.045697	0.25981	0.02931
Beam_386	23029	0.051873	0.25918	0.029397
Beam_386	23017	0.051422	0.26031	0.029236
Beam_386	23043	0.047127	0.25918	0.030406
Beam_386	23018	0.053318	0.26081	0.029159
Beam_386	23014	0.043798	0.25931	0.02938
Beam_386	23009	0.041897	0.2618	0.028994
Beam_386	23061	0.041897	0.2618	0.030009
Beam_386	23059	0.0419	0.25881	0.030454
Beam_386	23015	0.0419	0.25881	0.029446
Beam_386	23001	0.054258	0.26205	0.02895
Beam_386	23000	0.056631	0.26267	0.028836
Beam_386	23068	0.056631	0.26267	0.029853
Beam_386	23047	0.056624	0.25793	0.030559
Beam_386	23027	0.056624	0.25793	0.029553
Beam_386	23010	0.043797	0.2613	0.029079
Beam_386	25440	0.05425	0.2638	0.029125
Beam_386	23024	0.055211	0.25932	0.029378
Beam_386	23019	0.055211	0.2613	0.029078
Beam_386	23051	0.055211	0.25932	0.030388
Beam_386	23028	0.05425	0.25856	0.029478
Beam_386	23045	0.042376	0.25793	0.030559
Beam_386	23048	0.05425	0.25856	0.030485
Beam_386	23006	0.042376	0.26267	0.028836
Beam_386	23033	0.042376	0.25793	0.029553
Beam_386	23066	0.042376	0.26267	0.029853
Beam_386	23055	0.055211	0.2613	0.030092
Beam_386	23054	0.053318	0.26081	0.030171
Beam_386	23069	0.054258	0.26205	0.029965
Beam_386	23020	0.057107	0.2618	0.028994
Beam_386	23058	0.043798	0.25931	0.030389
Beam_386	23050	0.057105	0.25882	0.030452
Beam_386	23062	0.043797	0.2613	0.030092
Beam_386	23052	0.053315	0.25981	0.030319
Beam_386	25438	0.059	0.2638	0.029125
Beam_386	23023	0.057104	0.25882	0.029444
Beam_386	23056	0.057107	0.2618	0.030009
Beam_386	25439	0.04	0.2638	0.029125
Beam_386	23025	0.053315	0.25981	0.029309
Beam_332	25450	0.0495	0.2708	0.027323
Beam_332	21724	0.057108	0.2688	0.0274
Beam_332	21749	0.042378	0.26493	0.029399
Beam_332	21760	0.057108	0.2688	0.028438
Beam_332	21710	0.042375	0.26967	0.027146
Beam_332	21771	0.049514	0.26781	0.028707
Beam_332	21734	0.0495	0.2668	0.027933
Beam_332	21748	0.044751	0.26556	0.02926
Beam_332	21755	0.055211	0.26632	0.029082
Beam_332	21737	0.042378	0.26493	0.028375
Beam_332	25448	0.04	0.2708	0.027323
Beam_332	21770	0.042375	0.26967	0.028188
Beam_332	25447	0.059	0.2708	0.027323
Beam_332	21750	0.0495	0.2668	0.028964
Beam_332	21736	0.044751	0.26556	0.028234
Beam_332	21713	0.041896	0.2688	0.0274
Beam_332	21759	0.055212	0.2683	0.028575
Beam_332	21765	0.041896	0.2688	0.028439
Beam_332	21764	0.047595	0.2673	0.028838
Beam_332	21768	0.047132	0.26843	0.02854
Beam_332	21708	0.047132	0.26843	0.027503
Beam_332	21715	0.045694	0.2678	0.027674
Beam_332	21716	0.047595	0.2673	0.027805
Beam_332	21754	0.057104	0.26582	0.029199
Beam_332	21772	0.056632	0.26967	0.028188
Beam_332	21769	0.044756	0.26905	0.028368
Beam_332	21727	0.057104	0.26582	0.028172
Beam_332	21709	0.044756	0.26905	0.027328
Beam_332	21719	0.041901	0.26581	0.028175
Beam_332	21763	0.041901	0.26581	0.029202
Beam_332	21735	0.047128	0.26618	0.028086
Beam_332	21767	0.045694	0.2678	0.028709
Beam_332	21747	0.047128	0.26618	0.029114
Beam_332	21731	0.056622	0.26493	0.028375
Beam_332	21751	0.056622	0.26493	0.029399
Beam_332	21723	0.055212	0.2683	0.027539
Beam_332	21728	0.055211	0.26632	0.028053
Beam_332	21704	0.056632	0.26967	0.027146
Beam_332	21717	0.045698	0.26681	0.027932
Beam_332	21705	0.054258	0.26905	0.027328
Beam_332	21752	0.054249	0.26556	0.02926
Beam_332	21757	0.051422	0.26731	0.028837
Beam_332	21758	0.053319	0.26781	0.028708
Beam_332	21721	0.051422	0.26731	0.027804
Beam_332	21707	0.049514	0.26781	0.027673
Beam_332	21722	0.053319	0.26781	0.027673
Beam_332	21761	0.045698	0.26681	0.028963
Beam_332	21732	0.054249	0.26556	0.028234
Beam_332	21714	0.043797	0.2683	0.027539
Beam_332	21733	0.051872	0.26618	0.028086
Beam_332	21718	0.043798	0.26631	0.028056
Beam_332	21762	0.043798	0.26631	0.029084
Beam_332	21706	0.051889	0.26843	0.027503
Beam_332	21774	0.051889	0.26843	0.02854
Beam_332	21729	0.053315	0.26681	0.027931
Beam_332	21756	0.053315	0.26681	0.028961
Beam_332	21753	0.051872	0.26618	0.029114
Beam_332	25449	0.05425	0.2708	0.027323
Beam_332	21766	0.043797	0.2683	0.028576
Beam_332	25451	0.04475	0.2708	0.027323
Beam_332	21773	0.054258	0.26905	0.028368
Beam_440	24325	0.051887	0.25443	0.029868
Beam_440	24311	0.055211	0.25232	0.029971
Beam_440	24320	0.0419	0.25181	0.029987
Beam_440	24312	0.053316	0.25281	0.029953
Beam_440	24357	0.053317	0.2538	0.030907
Beam_440	24328	0.044757	0.25505	0.029825
Beam_440	24351	0.043797	0.2543	0.030878
Beam_440	24348	0.0419	0.25181	0.030987
Beam_440	24350	0.041898	0.2548	0.030846
Beam_440	24340	0.044757	0.25505	0.030828
Beam_440	24345	0.051887	0.25443	0.03087
Beam_440	24314	0.041898	0.2548	0.029843
Beam_440	24315	0.043797	0.2543	0.029876
Beam_440	24352	0.045696	0.2538	0.030907
Beam_440	24366	0.051874	0.25218	0.030976
Beam_440	24365	0.05425	0.25156	0.030993
Beam_440	24307	0.057106	0.2548	0.029843
Beam_440	24317	0.047595	0.2533	0.029931
Beam_440	24361	0.04475	0.25156	0.030993
Beam_440	24316	0.045696	0.2538	0.029905
Beam_440	24305	0.053317	0.2538	0.029905
Beam_440	24360	0.047126	0.25218	0.030976
Beam_440	24300	0.047126	0.25218	0.029976
Beam_440	24339	0.047134	0.25443	0.03087
Beam_440	24327	0.047134	0.25443	0.029868
Beam_440	24359	0.057106	0.2548	0.030845
Beam_440	24353	0.057105	0.25182	0.030987
Beam_440	24310	0.057105	0.25182	0.029986
Beam_440	24342	0.049514	0.25381	0.030907
Beam_440	24298	0.051874	0.25218	0.029976
Beam_440	24349	0.047595	0.2533	0.030932
Beam_440	24363	0.0495	0.2528	0.030954
Beam_440	24326	0.049514	0.25381	0.029905
Beam_440	24354	0.055211	0.25232	0.030972
Beam_440	24358	0.055211	0.2543	0.030878
Beam_440	24302	0.042375	0.25093	0.030004
Beam_440	24362	0.042375	0.25093	0.031004
Beam_440	24329	0.042378	0.25567	0.029776
Beam_440	25432	0.0495	0.2568	0.030176
Beam_440	25430	0.04	0.2568	0.030176
Beam_440	24299	0.0495	0.2528	0.029953
Beam_440	25431	0.05425	0.2568	0.030176
Beam_440	24301	0.04475	0.25156	0.029993
Beam_440	24297	0.05425	0.25156	0.029993
Beam_440	24319	0.043798	0.25231	0.029972
Beam_440	25429	0.059	0.2568	0.030176
Beam_440	25433	0.04475	0.2568	0.030176
Beam_440	24346	0.045697	0.25281	0.030954
Beam_440	24347	0.043798	0.25231	0.030972
Beam_440	24364	0.056625	0.25093	0.031004
Beam_440	24355	0.053316	0.25281	0.030954
Beam_440	24324	0.054257	0.25505	0.029825
Beam_440	24323	0.05663	0.25567	0.029776
Beam_440	24343	0.05663	0.25567	0.03078
Beam_440	24296	0.056625	0.25093	0.030004
Beam_440	24318	0.045697	0.25281	0.029953
Beam_440	24304	0.051422	0.25331	0.029931
Beam_440	24341	0.042378	0.25567	0.03078
Beam_440	24306	0.055211	0.2543	0.029876
Beam_440	24356	0.051422	0.25331	0.030932
Beam_440	24344	0.054257	0.25505	0.030828
Beam_11	25134	0.01425	0.20081	0.010193
Beam_11	25135	0.0095	0.20081	0.010193
Beam_11	25133	0.0	0.20081	0.010193
Beam_11	25136	0.00475	0.20081	0.010193
Beam_11	25132	0.019	0.20081	0.010193
Beam_83	15605	0.011092	0.20339	0.013232
Beam_83	15621	0.013326	0.20381	0.013607
Beam_83	15592	0.011088	0.20522	0.014813
Beam_83	15553	0.0047376	0.20255	0.011108
Beam_83	15571	0.011088	0.20522	0.013505
Beam_83	15555	0.0015739	0.20172	0.010308
Beam_83	15580	0.0038007	0.2053	0.014879
Beam_83	15577	0.0038009	0.2053	0.013573
Beam_83	25223	0.0	0.2078	0.016231
Beam_83	15610	0.0047381	0.20255	0.012477
Beam_83	15549	0.017096	0.2058	0.013992
Beam_83	15616	0.017097	0.2058	0.015288
Beam_83	15612	0.0015742	0.20172	0.011699
Beam_83	15560	0.011092	0.20339	0.011883
Beam_83	15559	0.012672	0.20297	0.0115
Beam_83	15545	0.013327	0.20381	0.012268
Beam_83	15590	0.014248	0.20605	0.015493
Beam_83	15554	0.0031608	0.20214	0.010713
Beam_83	15611	0.0031613	0.20214	0.012092
Beam_83	15547	0.013307	0.2048	0.013146
Beam_83	15614	0.013307	0.2048	0.014463
Beam_83	15576	0.0019078	0.2058	0.013991
Beam_83	15615	0.015208	0.2053	0.014881
Beam_83	15569	0.014247	0.20605	0.014202
Beam_83	15570	0.012672	0.20564	0.013857
Beam_83	15591	0.012672	0.20564	0.015156
Beam_83	15598	0.0031753	0.20647	0.015826
Beam_83	15603	0.014262	0.20255	0.012477
Beam_83	15558	0.014262	0.20255	0.011108
Beam_83	15604	0.012672	0.20297	0.012858
Beam_83	15565	0.0031755	0.20647	0.014543
Beam_83	25224	0.01425	0.2078	0.016231
Beam_83	15548	0.015208	0.2053	0.013574
Beam_83	25222	0.019	0.2078	0.016231
Beam_83	15574	0.0037933	0.20331	0.01181
Beam_83	15579	0.0019077	0.2058	0.015287
Beam_83	15543	0.017116	0.20282	0.011357
Beam_83	15599	0.0015925	0.20688	0.016152
Beam_83	15557	0.015839	0.20214	0.010713
Beam_83	15602	0.015839	0.20214	0.012092
Beam_83	15568	0.015834	0.20647	0.014543
Beam_83	15566	0.0015927	0.20688	0.014877
Beam_83	15618	0.011422	0.20431	0.01404
Beam_83	15588	0.017412	0.20688	0.016152
Beam_83	15589	0.015834	0.20647	0.015826
Beam_83	15567	0.017412	0.20688	0.014877
Beam_83	15601	0.017426	0.20172	0.011699
Beam_83	15556	0.017426	0.20172	0.010308
Beam_83	15544	0.015215	0.20331	0.011819
Beam_83	15546	0.011422	0.20431	0.012713
Beam_83	15620	0.015215	0.20332	0.013169
Beam_83	15585	0.0037936	0.20331	0.01316
Beam_83	15586	0.0018882	0.20281	0.012708
Beam_83	15619	0.017116	0.20282	0.012719
Beam_83	15575	0.001888	0.20281	0.011346
Beam_83	15595	0.0079357	0.20522	0.014813
Beam_83	15550	0.0095	0.2038	0.012263
Beam_83	15594	0.0095141	0.20481	0.014466
Beam_83	15573	0.0056859	0.2038	0.012262
Beam_83	25225	0.0095	0.2078	0.016231
Beam_83	15581	0.0057055	0.2048	0.01446
Beam_83	15551	0.0079079	0.20339	0.011883
Beam_83	15597	0.0047664	0.20605	0.015493
Beam_83	15572	0.0075949	0.2043	0.012709
Beam_83	15564	0.0047667	0.20605	0.014202
Beam_83	15578	0.0057057	0.2048	0.013143
Beam_83	15552	0.0063276	0.20297	0.0115
Beam_83	25226	0.00475	0.2078	0.016231
Beam_83	15596	0.0063467	0.20564	0.015156
Beam_83	15609	0.0063281	0.20297	0.012858
Beam_83	15608	0.0079081	0.20339	0.013232
Beam_83	15584	0.0056861	0.2038	0.013601
Beam_83	15583	0.0075949	0.2043	0.014037
Beam_83	15607	0.0095	0.2038	0.013602
Beam_83	15561	0.0095141	0.20481	0.01315
Beam_83	15563	0.006347	0.20564	0.013857
Beam_83	15562	0.0079359	0.20522	0.013505
Beam_101	16103	0.0047591	0.19356	0.014523
Beam_101	16119	0.00159	0.19273	0.016457
Beam_101	16077	0.011104	0.19622	0.012239
Beam_101	16137	0.0015768	0.19788	0.01207
Beam_101	16083	0.0015765	0.19788	0.010691
Beam_101	16067	0.0075949	0.1953	0.013055
Beam_101	16065	0.0037937	0.1963	0.012169
Beam_101	16098	0.012663	0.19397	0.014183
Beam_101	25142	0.0	0.19899	0.010367
Beam_101	25144	0.0095	0.19899	0.010367
Beam_101	16149	0.003794	0.1963	0.01351
Beam_101	16131	0.015208	0.19432	0.015195
Beam_101	25143	0.01425	0.19899	0.010367
Beam_101	16124	0.012663	0.19397	0.015475
Beam_101	16117	0.0047588	0.19356	0.015807
Beam_101	16129	0.011422	0.19531	0.01437
Beam_101	16074	0.015844	0.19747	0.011088
Beam_101	16100	0.0095	0.1948	0.013486
Beam_101	16105	0.0015902	0.19273	0.015189
Beam_101	16134	0.0063377	0.19664	0.013211
Beam_101	16127	0.015214	0.1963	0.013508
Beam_101	16139	0.017428	0.19788	0.01207
Beam_101	16102	0.0063375	0.19397	0.014183
Beam_101	16146	0.0019075	0.19381	0.015606
Beam_101	16080	0.0063373	0.19664	0.011862
Beam_101	16070	0.0019076	0.19381	0.014317
Beam_101	16066	0.0056862	0.1958	0.012614
Beam_101	16073	0.017428	0.19788	0.010691
Beam_101	16064	0.0018883	0.1968	0.011712
Beam_101	16116	0.0063372	0.19397	0.015475
Beam_101	16144	0.0057053	0.19481	0.01479
Beam_101	16096	0.015829	0.19314	0.01486
Beam_101	16121	0.01741	0.19273	0.016457
Beam_101	16095	0.01741	0.19273	0.015189
Beam_101	16091	0.017116	0.1968	0.011711
Beam_101	16148	0.0018885	0.1968	0.013065
Beam_101	16126	0.017116	0.1968	0.013064
Beam_101	25145	0.00475	0.19899	0.010367
Beam_101	16120	0.0095	0.1948	0.014794
Beam_101	16140	0.015843	0.19747	0.012457
Beam_101	16068	0.0057054	0.19481	0.013482
Beam_101	25141	0.019	0.19899	0.010367
Beam_101	16085	0.011422	0.19531	0.013051
Beam_101	16122	0.01583	0.19314	0.016135
Beam_101	16104	0.0031707	0.19314	0.01486
Beam_101	16092	0.015215	0.1963	0.012167
Beam_101	16143	0.011103	0.19622	0.013578
Beam_101	16145	0.0038004	0.19431	0.015203
Beam_101	16130	0.013307	0.19481	0.014785
Beam_101	16069	0.0038006	0.19431	0.013905
Beam_101	16115	0.0079238	0.19439	0.015136
Beam_101	16128	0.013326	0.19581	0.013941
Beam_101	16141	0.014268	0.19705	0.012836
Beam_101	16093	0.013326	0.19581	0.012611
Beam_101	16125	0.011076	0.19439	0.015136
Beam_101	16133	0.0079201	0.19622	0.013578
Beam_101	16079	0.0079199	0.19622	0.012239
Beam_101	16123	0.014241	0.19356	0.015807
Beam_101	16075	0.014269	0.19705	0.011477
Beam_101	16087	0.015208	0.19432	0.013897
Beam_101	16081	0.0047454	0.19705	0.011477
Beam_101	16097	0.014241	0.19356	0.014523
Beam_101	16099	0.011076	0.19439	0.013836
Beam_101	16086	0.013307	0.19481	0.013476
Beam_101	16101	0.007924	0.19439	0.013836
Beam_101	16147	0.0075949	0.1953	0.014373
Beam_101	16132	0.017097	0.19382	0.015596
Beam_101	16150	0.0056863	0.1958	0.013944
Beam_101	16076	0.012682	0.19664	0.011862
Beam_101	16138	0.0095141	0.19581	0.013942
Beam_101	16078	0.0095141	0.19581	0.012612
Beam_101	16082	0.0031658	0.19747	0.011088
Beam_101	16118	0.0031705	0.19314	0.016135
Beam_101	16142	0.012681	0.19664	0.013211
Beam_101	16088	0.017097	0.19382	0.014307
Beam_101	16135	0.0047459	0.19705	0.012836
Beam_101	16136	0.0031662	0.19747	0.012457
Beam_209	18804	0.013312	0.18081	0.023864
Beam_209	18783	0.0071317	0.18018	0.023059
Beam_209	18805	0.011422	0.18131	0.023619
Beam_209	18785	0.0023813	0.17893	0.02365
Beam_209	18771	0.015212	0.1823	0.021982
Beam_209	18784	0.0047518	0.17956	0.023359
Beam_209	18764	0.0075949	0.1813	0.022501
Beam_209	18779	0.016619	0.17893	0.02365
Beam_209	18813	0.0018939	0.1828	0.02285
Beam_209	18797	0.0023813	0.17893	0.02475
Beam_209	18800	0.014248	0.17956	0.024464
Beam_209	18753	0.014259	0.18305	0.021579
Beam_209	25161	0.01425	0.1848	0.021166
Beam_209	18755	0.0095141	0.18181	0.022242
Beam_209	18777	0.013312	0.18081	0.022748
Beam_209	18820	0.016636	0.18368	0.022377
Beam_209	18807	0.015212	0.1823	0.023111
Beam_209	18795	0.0071316	0.18018	0.024169
Beam_209	18821	0.014259	0.18305	0.022716
Beam_209	25159	0.019	0.1848	0.021166
Beam_209	25163	0.00475	0.1848	0.021166
Beam_209	18781	0.011868	0.18018	0.023059
Beam_209	18801	0.011868	0.18018	0.024169
Beam_209	18775	0.017101	0.17982	0.023233
Beam_209	18796	0.0047517	0.17956	0.024464
Beam_209	18752	0.016636	0.18368	0.021234
Beam_209	18802	0.017101	0.17982	0.02434
Beam_209	18761	0.0018938	0.1828	0.021716
Beam_209	18819	0.0095141	0.18181	0.023367
Beam_209	18780	0.014248	0.17956	0.023359
Beam_209	18798	0.0095	0.1808	0.023869
Beam_209	18782	0.0095	0.1808	0.022753
Beam_209	18815	0.0056915	0.1818	0.023369
Beam_209	18754	0.011893	0.18243	0.021914
Beam_209	18763	0.0056915	0.1818	0.022244
Beam_209	18765	0.0057006	0.18081	0.022752
Beam_209	18806	0.013321	0.18181	0.023367
Beam_209	18776	0.01521	0.18032	0.022993
Beam_209	18818	0.0023706	0.18368	0.022377
Beam_209	18803	0.01521	0.18032	0.024105
Beam_209	25160	0.0	0.1848	0.021166
Beam_209	18756	0.007128	0.18243	0.021914
Beam_209	18770	0.013321	0.18181	0.022242
Beam_209	18766	0.0037986	0.18031	0.022998
Beam_209	18810	0.0037986	0.18031	0.024109
Beam_209	18758	0.0023706	0.18368	0.021234
Beam_209	18809	0.0057005	0.18081	0.023867
Beam_209	18816	0.0071281	0.18243	0.023044
Beam_209	18769	0.011422	0.18131	0.022499
Beam_209	18822	0.011893	0.18243	0.023044
Beam_209	18799	0.016619	0.17893	0.02475
Beam_209	18817	0.004755	0.18305	0.022716
Beam_209	18762	0.0037961	0.1823	0.021983
Beam_209	18812	0.0075949	0.1813	0.023621
Beam_209	18814	0.0037962	0.1823	0.023113
Beam_209	25162	0.0095	0.1848	0.021166
Beam_209	18808	0.01711	0.1828	0.02285
Beam_209	18757	0.0047549	0.18305	0.021579
Beam_209	18772	0.01711	0.1828	0.021715
Beam_209	18767	0.001903	0.17981	0.023239
Beam_209	18811	0.0019029	0.17981	0.024346
Beam_155	17514	0.0047537	0.19005	0.018419
Beam_155	17490	0.01331	0.18781	0.018726
Beam_155	17467	0.011896	0.18943	0.017633
Beam_155	17526	0.0056895	0.1888	0.019271
Beam_155	17489	0.015209	0.18732	0.019049
Beam_155	17504	0.015213	0.1893	0.018935
Beam_155	17484	0.015213	0.1893	0.017723
Beam_155	17509	0.0095	0.1878	0.019925
Beam_155	17479	0.0047528	0.18656	0.01953
Beam_155	17506	0.0071344	0.18718	0.020319
Beam_155	17500	0.015209	0.18732	0.020234
Beam_155	17508	0.002384	0.18594	0.021082
Beam_155	17501	0.01331	0.18781	0.019918
Beam_155	17470	0.0047535	0.19005	0.017196
Beam_155	17469	0.0071247	0.18943	0.017633
Beam_155	17466	0.014261	0.19005	0.017196
Beam_155	17525	0.0037954	0.1893	0.018937
Beam_155	17513	0.0071248	0.18943	0.018847
Beam_155	17457	0.0037953	0.1893	0.017724
Beam_155	17524	0.0018918	0.1898	0.018595
Beam_155	25150	0.019	0.1918	0.016529
Beam_155	17456	0.0018917	0.1898	0.017375
Beam_155	17522	0.0019047	0.18681	0.020551
Beam_155	17507	0.0047526	0.18656	0.020706
Beam_155	17478	0.0071345	0.18718	0.019135
Beam_155	17459	0.0075949	0.1883	0.018402
Beam_155	17523	0.0075949	0.1883	0.019601
Beam_155	25153	0.0095	0.1918	0.016529
Beam_155	17458	0.0056895	0.1888	0.018066
Beam_155	17519	0.011896	0.18943	0.018847
Beam_155	17480	0.0023841	0.18594	0.019914
Beam_155	17462	0.0019048	0.18681	0.019372
Beam_155	17518	0.01426	0.19005	0.018419
Beam_155	17475	0.014247	0.18656	0.01953
Beam_155	17485	0.017112	0.1898	0.017374
Beam_155	17474	0.016616	0.18594	0.019914
Beam_155	25152	0.01425	0.1918	0.016529
Beam_155	17515	0.0023672	0.19068	0.017978
Beam_155	17460	0.0057025	0.18781	0.018731
Beam_155	17483	0.013323	0.18881	0.018063
Beam_155	17471	0.0023671	0.19068	0.016745
Beam_155	17477	0.0095	0.1878	0.018733
Beam_155	17521	0.0037992	0.18731	0.02024
Beam_155	17503	0.013323	0.18881	0.019269
Beam_155	17476	0.011865	0.18718	0.019135
Beam_155	17461	0.0037993	0.18731	0.019055
Beam_155	17512	0.011866	0.18718	0.020319
Beam_155	17502	0.011422	0.18831	0.019598
Beam_155	17482	0.011422	0.18831	0.0184
Beam_155	17511	0.014247	0.18656	0.020706
Beam_155	17520	0.0057024	0.18781	0.019923
Beam_155	17505	0.017112	0.1898	0.018594
Beam_155	25151	0.0	0.1918	0.016529
Beam_155	17517	0.01664	0.19068	0.017978
Beam_155	17465	0.01664	0.19068	0.016745
Beam_155	17516	0.0095141	0.18881	0.019269
Beam_155	17488	0.0171	0.18682	0.019364
Beam_155	25154	0.00475	0.1918	0.016529
Beam_155	17510	0.016616	0.18594	0.021082
Beam_155	17468	0.0095141	0.18881	0.018063
Beam_155	17499	0.0171	0.18682	0.020543
Beam_191	18363	0.01711	0.21682	0.022646
Beam_191	18352	0.01711	0.21682	0.021508
Beam_191	18368	0.01521	0.2193	0.02392
Beam_191	18338	0.016622	0.22067	0.023467
Beam_191	18374	0.016622	0.22067	0.02457
Beam_191	18342	0.0071424	0.21943	0.022867
Beam_191	18344	0.002385	0.22067	0.023467
Beam_191	18371	0.0047588	0.22005	0.02428
Beam_191	18331	0.0057007	0.2188	0.022553
Beam_191	18343	0.0047588	0.22005	0.023172
Beam_191	18334	0.0037961	0.21731	0.021773
Beam_191	18372	0.0023849	0.22067	0.02457
Beam_191	18378	0.0037961	0.21731	0.022906
Beam_191	18348	0.01521	0.2193	0.022805
Beam_191	18354	0.013321	0.21781	0.022042
Beam_191	18347	0.013312	0.2188	0.022555
Beam_191	18325	0.0047478	0.21656	0.021363
Beam_191	18373	0.0095141	0.21881	0.023676
Beam_191	18385	0.0047479	0.21656	0.022504
Beam_191	18369	0.017101	0.2198	0.02416
Beam_191	18341	0.0095141	0.21881	0.022557
Beam_191	18349	0.017101	0.2198	0.023049
Beam_191	18388	0.016633	0.21593	0.02216
Beam_191	18320	0.016633	0.21593	0.021013
Beam_191	18332	0.0075949	0.2183	0.022299
Beam_191	18380	0.0075949	0.2183	0.023423
Beam_191	18330	0.0037987	0.2193	0.022804
Beam_191	18382	0.0037986	0.2193	0.023919
Beam_191	18377	0.0056914	0.2178	0.023166
Beam_191	18370	0.0071423	0.21943	0.023981
Beam_191	18387	0.0095	0.2178	0.023166
Beam_191	18365	0.013321	0.21781	0.02317
Beam_191	18333	0.0056914	0.2178	0.022038
Beam_191	25241	0.0	0.2218	0.024532
Beam_191	18383	0.0057006	0.2188	0.023673
Beam_191	25243	0.0095	0.2218	0.024532
Beam_191	18367	0.013312	0.2188	0.023674
Beam_191	18324	0.0071173	0.21718	0.021704
Beam_191	25244	0.00475	0.2218	0.024532
Beam_191	18340	0.011879	0.21943	0.022867
Beam_191	18386	0.002367	0.21593	0.02216
Beam_191	18339	0.014255	0.22005	0.023172
Beam_191	18376	0.011879	0.21943	0.023981
Beam_191	25240	0.019	0.2218	0.024532
Beam_191	18322	0.011883	0.21718	0.021704
Beam_191	18390	0.011883	0.21718	0.022838
Beam_191	18335	0.0018938	0.21681	0.021502
Beam_191	18379	0.0018938	0.21681	0.02264
Beam_191	18323	0.0095	0.2178	0.022038
Beam_191	18366	0.011422	0.21831	0.023425
Beam_191	18389	0.014252	0.21656	0.022504
Beam_191	18346	0.011422	0.21831	0.022301
Beam_191	18353	0.015212	0.21732	0.021778
Beam_191	18321	0.014252	0.21656	0.021363
Beam_191	18326	0.0023669	0.21593	0.021013
Beam_191	18329	0.001903	0.2198	0.023049
Beam_191	25242	0.01425	0.2218	0.024532
Beam_191	18381	0.001903	0.2198	0.024159
Beam_191	18384	0.0071173	0.21718	0.022838
Beam_191	18375	0.014255	0.22005	0.02428
Beam_191	18364	0.015212	0.21732	0.022911
Beam_407	25279	0.0095	0.2498	0.030509
Beam_407	23522	0.016628	0.24867	0.029997
Beam_407	23558	0.016628	0.24867	0.030998
Beam_407	23566	0.0037975	0.2473	0.030958
Beam_407	23533	0.017105	0.2478	0.029975
Beam_407	23517	0.0056957	0.2458	0.029883
Beam_407	25277	0.0	0.2498	0.030509
Beam_407	23565	0.001899	0.2478	0.030976
Beam_407	23553	0.017105	0.2478	0.030976
Beam_407	23514	0.0037975	0.2473	0.029957
Beam_407	23538	0.013317	0.24581	0.029883
Beam_407	23507	0.0095	0.2458	0.029882
Beam_407	23526	0.007136	0.24743	0.029962
Beam_407	23557	0.0095141	0.24681	0.030937
Beam_407	25276	0.019	0.2498	0.030509
Beam_407	23506	0.011876	0.24518	0.029842
Beam_407	23574	0.011876	0.24518	0.030844
Beam_407	23518	0.0037973	0.24531	0.02985
Beam_407	23554	0.007136	0.24743	0.030963
Beam_407	23516	0.0075949	0.2463	0.029911
Beam_407	23562	0.0037973	0.24531	0.030853
Beam_407	23561	0.0056957	0.2458	0.030884
Beam_407	23573	0.01425	0.24456	0.030798
Beam_407	23527	0.0047571	0.24805	0.029983
Beam_407	23570	0.0023739	0.24393	0.030747
Beam_407	23510	0.0023739	0.24393	0.029743
Beam_407	23525	0.0095141	0.24681	0.029936
Beam_407	23547	0.017106	0.24482	0.030818
Beam_407	23564	0.0075949	0.2463	0.030913
Beam_407	23555	0.0047571	0.24805	0.030983
Beam_407	23513	0.001899	0.2478	0.029975
Beam_407	23560	0.011885	0.24743	0.030963
Beam_407	23536	0.017106	0.24482	0.029816
Beam_407	23531	0.013316	0.2468	0.029936
Beam_407	23515	0.0056965	0.2468	0.029936
Beam_407	23508	0.0071241	0.24518	0.029842
Beam_407	23568	0.0071241	0.24518	0.030844
Beam_407	23524	0.011885	0.24743	0.029962
Beam_407	23509	0.0047498	0.24456	0.029795
Beam_407	23552	0.015211	0.2473	0.030958
Beam_407	23569	0.0047498	0.24456	0.030798
Beam_407	23559	0.014257	0.24805	0.030983
Beam_407	23537	0.015211	0.24532	0.029851
Beam_407	23550	0.011422	0.24631	0.030913
Beam_407	23556	0.0023788	0.24867	0.030998
Beam_407	23505	0.01425	0.24456	0.029795
Beam_407	23551	0.013316	0.2468	0.030937
Beam_407	23563	0.0018981	0.24481	0.030817
Beam_407	23532	0.015211	0.2473	0.029957
Beam_407	25280	0.00475	0.2498	0.030509
Beam_407	23528	0.0023788	0.24867	0.029997
Beam_407	23549	0.013317	0.24581	0.030885
Beam_407	25278	0.01425	0.2498	0.030509
Beam_407	23571	0.0095	0.2458	0.030884
Beam_407	23519	0.0018981	0.24481	0.029815
Beam_407	23572	0.016626	0.24393	0.030747
Beam_407	23523	0.014257	0.24805	0.029983
Beam_407	23567	0.0056965	0.2468	0.030937
Beam_407	23548	0.015211	0.24532	0.030853
Beam_407	23504	0.016626	0.24393	0.029743
Beam_407	23530	0.011422	0.24631	0.029911
Beam_263	20081	0.0023794	0.17193	0.026431
Beam_263	20054	0.0023729	0.17668	0.024645
Beam_263	20049	0.014258	0.17605	0.024903
Beam_263	20053	0.0047556	0.17605	0.024903
Beam_263	20102	0.01332	0.17481	0.026468
Beam_263	25089	0.01425	0.1778	0.024705
Beam_263	20093	0.0023793	0.17193	0.027485
Beam_263	20073	0.013313	0.17381	0.025771
Beam_263	20063	0.0019016	0.17281	0.026131
Beam_263	20060	0.0075949	0.1743	0.025589
Beam_263	20096	0.014249	0.17256	0.027276
Beam_263	20066	0.01332	0.17481	0.025397
Beam_263	20117	0.014258	0.17605	0.025982
Beam_263	20100	0.013313	0.17381	0.026835
Beam_263	20113	0.0047557	0.17605	0.025982
Beam_263	20107	0.0019016	0.17281	0.02719
Beam_263	20108	0.0075949	0.1743	0.026656
Beam_263	20076	0.014249	0.17256	0.026219
Beam_263	20052	0.0071303	0.17543	0.025153
Beam_263	20111	0.0056929	0.1748	0.026469
Beam_263	20109	0.0018953	0.1758	0.026083
Beam_263	20057	0.0018953	0.1758	0.025006
Beam_263	20094	0.0095	0.1738	0.026839
Beam_263	20112	0.0071303	0.17543	0.026227
Beam_263	20114	0.002373	0.17668	0.025728
Beam_263	25088	0.0	0.1778	0.024705
Beam_263	20058	0.0037966	0.1753	0.025205
Beam_263	20106	0.0037982	0.17331	0.027016
Beam_263	20067	0.015212	0.1753	0.025204
Beam_263	20098	0.017103	0.17282	0.027186
Beam_263	25087	0.019	0.1778	0.024705
Beam_263	20062	0.0037982	0.17331	0.025955
Beam_263	20103	0.015212	0.1753	0.026277
Beam_263	20068	0.017109	0.1758	0.025005
Beam_263	20065	0.011422	0.17431	0.025587
Beam_263	20078	0.0095	0.1738	0.025774
Beam_263	20075	0.016621	0.17193	0.026431
Beam_263	20095	0.016621	0.17193	0.027485
Beam_263	20101	0.011422	0.17431	0.026654
Beam_263	20077	0.01187	0.17318	0.026
Beam_263	20097	0.01187	0.17318	0.027061
Beam_263	20104	0.017109	0.1758	0.026082
Beam_263	20071	0.017103	0.17282	0.026127
Beam_263	20110	0.0037966	0.1753	0.026278
Beam_263	20105	0.0056992	0.17381	0.026838
Beam_263	20118	0.011891	0.17543	0.026227
Beam_263	20099	0.01521	0.17332	0.027013
Beam_263	20072	0.01521	0.17332	0.025951
Beam_263	20092	0.0047511	0.17256	0.027276
Beam_263	20080	0.0047511	0.17256	0.026219
Beam_263	20079	0.0071296	0.17318	0.026
Beam_263	20091	0.0071296	0.17318	0.027061
Beam_263	20051	0.0095141	0.17481	0.025397
Beam_263	25091	0.00475	0.1778	0.024705
Beam_263	20050	0.011891	0.17543	0.025153
Beam_263	20116	0.016634	0.17668	0.025728
Beam_263	20059	0.0056929	0.1748	0.025398
Beam_263	20048	0.016634	0.17668	0.024645
Beam_263	25090	0.0095	0.1778	0.024705
Beam_263	20115	0.0095141	0.17481	0.026467
Beam_263	20061	0.0056992	0.17381	0.025774
Beam_353	22270	0.0037977	0.2403	0.030335
Beam_353	25269	0.01425	0.2428	0.030136
Beam_353	22234	0.011422	0.23931	0.029177
Beam_353	22218	0.0037977	0.2403	0.029325
Beam_353	22231	0.0047574	0.24105	0.029427
Beam_353	22219	0.0056973	0.2398	0.029252
Beam_353	22259	0.0047574	0.24105	0.030436
Beam_353	22213	0.0047495	0.23756	0.028879
Beam_353	22211	0.0095	0.2388	0.029096
Beam_353	22229	0.0095141	0.23981	0.029253
Beam_353	22251	0.017107	0.23782	0.029942
Beam_353	25268	0.0	0.2428	0.030136
Beam_353	22214	0.0023726	0.23693	0.028762
Beam_353	22268	0.0075949	0.2393	0.030188
Beam_353	22257	0.017104	0.2408	0.030403
Beam_353	22237	0.017104	0.2408	0.029394
Beam_353	22226	0.016627	0.24167	0.029506
Beam_353	22276	0.016627	0.23693	0.02978
Beam_353	22274	0.0023726	0.23693	0.02978
Beam_353	22273	0.0047495	0.23756	0.029895
Beam_353	22208	0.016627	0.23693	0.028762
Beam_353	22261	0.0095141	0.23981	0.030264
Beam_353	22220	0.0075949	0.2393	0.029176
Beam_353	22240	0.017107	0.23782	0.028927
Beam_353	22271	0.0056973	0.2398	0.030263
Beam_353	22254	0.011422	0.23931	0.030189
Beam_353	22262	0.016627	0.24167	0.030513
Beam_353	22230	0.0071373	0.24043	0.029343
Beam_353	22221	0.0056949	0.2388	0.029096
Beam_353	22222	0.0037971	0.23831	0.029012
Beam_353	22252	0.015211	0.23832	0.030028
Beam_353	22265	0.0056949	0.2388	0.030109
Beam_353	22228	0.011884	0.24043	0.029343
Beam_353	22264	0.011884	0.24043	0.030353
Beam_353	22235	0.013315	0.2398	0.029253
Beam_353	22255	0.013315	0.2398	0.030264
Beam_353	22227	0.014257	0.24105	0.029427
Beam_353	22263	0.014257	0.24105	0.030436
Beam_353	22241	0.015211	0.23832	0.029014
Beam_353	22212	0.0071228	0.23818	0.02899
Beam_353	22272	0.0071229	0.23818	0.030005
Beam_353	22256	0.015211	0.2403	0.030335
Beam_353	22267	0.0018973	0.23781	0.02994
Beam_353	22223	0.0018973	0.23781	0.028924
Beam_353	25271	0.00475	0.2428	0.030136
Beam_353	22269	0.0018998	0.2408	0.030403
Beam_353	22217	0.0018998	0.2408	0.029394
Beam_353	22232	0.00238	0.24167	0.029506
Beam_353	22275	0.0095	0.2388	0.030109
Beam_353	22236	0.015211	0.2403	0.029325
Beam_353	25270	0.0095	0.2428	0.030136
Beam_353	22266	0.0037971	0.23831	0.030027
Beam_353	22253	0.013318	0.23881	0.03011
Beam_353	22277	0.014251	0.23756	0.029895
Beam_353	22242	0.013318	0.23881	0.029097
Beam_353	25267	0.019	0.2428	0.030136
Beam_353	22209	0.014251	0.23756	0.028879
Beam_353	22258	0.0071373	0.24043	0.030353
Beam_353	22210	0.011877	0.23818	0.02899
Beam_353	22260	0.00238	0.24167	0.030513
Beam_353	22278	0.011877	0.23818	0.030005
Beam_245	19617	0.014251	0.22356	0.024742
Beam_245	19638	0.0071403	0.22643	0.025859
Beam_245	19629	0.0056928	0.2248	0.025245
Beam_245	19644	0.01521	0.2263	0.025813
Beam_245	19664	0.01521	0.2263	0.026877
Beam_245	19666	0.0071403	0.22643	0.026922
Beam_245	25250	0.0	0.2288	0.027198
Beam_245	19677	0.0019017	0.2268	0.027053
Beam_245	19675	0.0018953	0.22381	0.025925
Beam_245	19625	0.0019017	0.2268	0.025992
Beam_245	19665	0.017103	0.2268	0.027053
Beam_245	19645	0.017103	0.2268	0.025992
Beam_245	25251	0.01425	0.2288	0.027198
Beam_245	19685	0.014251	0.22356	0.025823
Beam_245	19634	0.016624	0.22767	0.026298
Beam_245	19679	0.0056993	0.2258	0.026694
Beam_245	19670	0.016624	0.22767	0.027354
Beam_245	19682	0.0023693	0.22293	0.025565
Beam_245	19649	0.015212	0.22432	0.025052
Beam_245	19622	0.0023693	0.22293	0.024479
Beam_245	19680	0.0071196	0.22418	0.026074
Beam_245	19660	0.015212	0.22432	0.026128
Beam_245	19673	0.0056929	0.2248	0.026318
Beam_245	19620	0.0071196	0.22418	0.024996
Beam_245	19667	0.0047581	0.22705	0.027142
Beam_245	19631	0.0018952	0.22381	0.024845
Beam_245	19659	0.017109	0.22382	0.02593
Beam_245	19684	0.016631	0.22293	0.025565
Beam_245	19628	0.0075949	0.2253	0.025439
Beam_245	19627	0.0056993	0.2258	0.025627
Beam_245	19648	0.017109	0.22382	0.02485
Beam_245	19639	0.0047582	0.22705	0.026082
Beam_245	19616	0.016631	0.22293	0.024479
Beam_245	25249	0.019	0.2288	0.027198
Beam_245	19671	0.014256	0.22705	0.027142
Beam_245	19635	0.014256	0.22705	0.026082
Beam_245	19637	0.0095141	0.22581	0.02563
Beam_245	19621	0.0047486	0.22356	0.024742
Beam_245	19674	0.0037966	0.22431	0.026124
Beam_245	19630	0.0037966	0.22431	0.025048
Beam_245	19668	0.0023829	0.22767	0.027354
Beam_245	19661	0.01332	0.22481	0.026321
Beam_245	19642	0.011422	0.22531	0.025441
Beam_245	19683	0.0095	0.2248	0.026318
Beam_245	19636	0.011881	0.22643	0.025859
Beam_245	19640	0.002383	0.22767	0.026298
Beam_245	19672	0.011881	0.22643	0.026922
Beam_245	19678	0.0037982	0.2263	0.026876
Beam_245	19669	0.0095141	0.22581	0.026696
Beam_245	19626	0.0037982	0.2263	0.025812
Beam_245	19618	0.01188	0.22418	0.024996
Beam_245	19662	0.011422	0.22531	0.02651
Beam_245	19650	0.01332	0.22481	0.025248
Beam_245	19619	0.0095	0.2248	0.025245
Beam_245	19676	0.0075949	0.2253	0.026509
Beam_245	25253	0.00475	0.2288	0.027198
Beam_245	19663	0.013313	0.2258	0.026695
Beam_245	19686	0.01188	0.22418	0.026074
Beam_245	19643	0.013313	0.2258	0.025629
Beam_245	19681	0.0047486	0.22356	0.025823
Beam_245	25252	0.0095	0.2288	0.027198
Beam_425	23999	0.011875	0.15218	0.030976
Beam_425	23969	0.0018989	0.15181	0.029987
Beam_425	23947	0.011875	0.15218	0.029976
Beam_425	23981	0.0018989	0.15181	0.030987
Beam_425	23961	0.013316	0.15281	0.029953
Beam_425	24990	0.01425	0.1568	0.030176
Beam_425	23955	0.015211	0.1543	0.029876
Beam_425	23946	0.01425	0.15156	0.029993
Beam_425	23990	0.013317	0.1538	0.030907
Beam_425	23988	0.013316	0.15281	0.030954
Beam_425	24003	0.0095141	0.15381	0.030907
Beam_425	23956	0.017106	0.1548	0.029843
Beam_425	24000	0.0071348	0.15443	0.03087
Beam_425	23959	0.017105	0.15182	0.029986
Beam_425	24991	0.0095	0.1568	0.030176
Beam_425	23954	0.013317	0.1538	0.029905
Beam_425	23985	0.0056957	0.1538	0.030907
Beam_425	23994	0.0047501	0.15156	0.030993
Beam_425	24992	0.00475	0.1568	0.030176
Beam_425	23996	0.0095	0.1528	0.030954
Beam_425	23965	0.0056957	0.1538	0.029905
Beam_425	23992	0.017106	0.1548	0.030845
Beam_425	23950	0.0047501	0.15156	0.029993
Beam_425	23938	0.011886	0.15443	0.029868
Beam_425	23967	0.0056965	0.1528	0.029953
Beam_425	23987	0.015211	0.15232	0.030972
Beam_425	23989	0.011422	0.15331	0.030932
Beam_425	24006	0.011886	0.15443	0.03087
Beam_425	23983	0.0018982	0.1548	0.030846
Beam_425	23963	0.0018982	0.1548	0.029843
Beam_425	23993	0.0071254	0.15218	0.030976
Beam_425	23948	0.0095	0.1528	0.029953
Beam_425	23998	0.01425	0.15156	0.030993
Beam_425	23949	0.0071254	0.15218	0.029976
Beam_425	23960	0.015211	0.15232	0.029971
Beam_425	23991	0.015211	0.1543	0.030878
Beam_425	24005	0.014257	0.15505	0.030828
Beam_425	23964	0.0037973	0.1543	0.029876
Beam_425	23966	0.0075949	0.1533	0.029931
Beam_425	23953	0.011422	0.15331	0.029931
Beam_425	23979	0.0056965	0.1528	0.030954
Beam_425	23936	0.01663	0.15567	0.029776
Beam_425	23995	0.0023752	0.15093	0.031004
Beam_425	23951	0.0023752	0.15093	0.030004
Beam_425	23937	0.014257	0.15505	0.029825
Beam_425	23939	0.0095141	0.15381	0.029905
Beam_425	23941	0.0047568	0.15505	0.029825
Beam_425	24988	0.019	0.1568	0.030176
Beam_425	24002	0.0023775	0.15567	0.03078
Beam_425	23968	0.0037975	0.15231	0.029972
Beam_425	23940	0.0071348	0.15443	0.029868
Beam_425	23984	0.0037973	0.1543	0.030878
Beam_425	24989	0.0	0.1568	0.030176
Beam_425	23942	0.0023775	0.15567	0.029776
Beam_425	24004	0.01663	0.15567	0.03078
Beam_425	23986	0.017105	0.15182	0.030987
Beam_425	23980	0.0037975	0.15231	0.030972
Beam_425	24001	0.0047568	0.15505	0.030828
Beam_425	23945	0.016625	0.15093	0.030004
Beam_425	23997	0.016625	0.15093	0.031004
Beam_425	23982	0.0075949	0.1533	0.030932
Beam_371	22690	0.0075949	0.1603	0.030248
Beam_371	22651	0.016624	0.15793	0.029553
Beam_371	22639	0.011422	0.16031	0.029236
Beam_371	22673	0.014258	0.16205	0.02895
Beam_371	22656	0.0047504	0.15856	0.029478
Beam_371	22696	0.0047503	0.15856	0.030485
Beam_371	22707	0.011422	0.16031	0.030247
Beam_371	22654	0.0095	0.1598	0.02931
Beam_371	22672	0.016631	0.16267	0.028836
Beam_371	22655	0.0071266	0.15918	0.029397
Beam_371	22645	0.017104	0.15882	0.029444
Beam_371	22689	0.0018997	0.15881	0.030454
Beam_371	22665	0.0018997	0.15881	0.029446
Beam_371	22664	0.0037977	0.15931	0.02938
Beam_371	22647	0.013315	0.15981	0.029309
Beam_371	22668	0.0071335	0.16143	0.029057
Beam_371	22695	0.0071266	0.15918	0.030406
Beam_371	25034	0.0	0.1638	0.029125
Beam_371	22683	0.0071335	0.16143	0.030071
Beam_371	22706	0.013315	0.15981	0.030319
Beam_371	22679	0.016631	0.16267	0.029853
Beam_371	22698	0.0095	0.1598	0.03032
Beam_371	22693	0.0056949	0.1608	0.030172
Beam_371	22659	0.0018974	0.1618	0.028994
Beam_371	22705	0.015211	0.15932	0.030388
Beam_371	22687	0.0056973	0.15981	0.03032
Beam_371	25035	0.01425	0.1638	0.029125
Beam_371	22710	0.017107	0.1618	0.030009
Beam_371	22662	0.0075949	0.1603	0.029237
Beam_371	22700	0.01425	0.15856	0.030485
Beam_371	22691	0.0018974	0.1618	0.030009
Beam_371	22669	0.0047565	0.16205	0.02895
Beam_371	22660	0.0037971	0.1613	0.029079
Beam_371	22657	0.0023764	0.15793	0.029553
Beam_371	22697	0.0023764	0.15793	0.030559
Beam_371	22646	0.015211	0.15932	0.029378
Beam_371	22684	0.0047565	0.16205	0.029965
Beam_371	22685	0.0023762	0.16267	0.029853
Beam_371	22667	0.0095141	0.16081	0.029159
Beam_371	22670	0.0023762	0.16267	0.028836
Beam_371	22682	0.0095141	0.16081	0.030171
Beam_371	22699	0.016624	0.15793	0.030559
Beam_371	25033	0.019	0.1638	0.029125
Beam_371	25036	0.0095	0.1638	0.029125
Beam_371	22680	0.014258	0.16205	0.029965
Beam_371	22641	0.015211	0.1613	0.029078
Beam_371	22704	0.017105	0.15882	0.030452
Beam_371	22709	0.015211	0.1613	0.030092
Beam_371	25037	0.00475	0.1638	0.029125
Beam_371	22688	0.0037977	0.15931	0.030389
Beam_371	22681	0.011888	0.16143	0.030071
Beam_371	22653	0.011873	0.15918	0.029397
Beam_371	22674	0.011888	0.16143	0.029057
Beam_371	22701	0.011873	0.15918	0.030406
Beam_371	22708	0.013318	0.16081	0.030171
Beam_371	22663	0.0056973	0.15981	0.02931
Beam_371	22652	0.01425	0.15856	0.029478
Beam_371	22692	0.0037972	0.1613	0.030092
Beam_371	22640	0.013318	0.16081	0.029159
Beam_371	22642	0.017107	0.1618	0.028994
Beam_371	22661	0.0056949	0.1608	0.029159
Beam_299	20974	0.0037969	0.23131	0.028468
Beam_299	20921	0.0056939	0.2318	0.027568
Beam_299	25261	0.0095	0.2358	0.029044
Beam_299	20912	0.016629	0.22993	0.027027
Beam_299	25259	0.0	0.2358	0.029044
Beam_299	20934	0.011422	0.23231	0.027703
Beam_299	20954	0.0095	0.2318	0.028604
Beam_299	20960	0.015212	0.23132	0.028471
Beam_299	20922	0.0037969	0.23131	0.02743
Beam_299	20914	0.011879	0.23118	0.027394
Beam_299	20941	0.015212	0.23132	0.027432
Beam_299	20982	0.011879	0.23118	0.028432
Beam_299	20923	0.0018964	0.23081	0.027287
Beam_299	20975	0.0018964	0.23081	0.028328
Beam_299	20936	0.015211	0.2333	0.027959
Beam_299	20926	0.016626	0.23467	0.028286
Beam_299	20970	0.016626	0.23467	0.029312
Beam_299	20944	0.0071214	0.23118	0.027394
Beam_299	20945	0.0047491	0.23056	0.027214
Beam_299	20964	0.015211	0.2333	0.028989
Beam_299	20959	0.017108	0.23082	0.028331
Beam_299	20965	0.017104	0.2338	0.02911
Beam_299	20928	0.011882	0.23343	0.027991
Beam_299	20980	0.016629	0.22993	0.028072
Beam_299	20972	0.011882	0.23343	0.02902
Beam_299	20962	0.011422	0.23231	0.028737
Beam_299	20937	0.017104	0.2338	0.028081
Beam_299	25258	0.019	0.2358	0.029044
Beam_299	20940	0.017108	0.23082	0.027291
Beam_299	20951	0.0071214	0.23118	0.028432
Beam_299	20952	0.0047491	0.23056	0.028256
Beam_299	20918	0.0037979	0.2333	0.027959
Beam_299	20935	0.013314	0.2328	0.027833
Beam_299	20920	0.0075949	0.2323	0.027702
Beam_299	20930	0.0071386	0.23343	0.027991
Beam_299	20966	0.0071386	0.23343	0.02902
Beam_299	20968	0.0023814	0.23467	0.029312
Beam_299	20978	0.0037979	0.2333	0.028989
Beam_299	20979	0.0056982	0.2328	0.028864
Beam_299	20932	0.0023814	0.23467	0.028286
Beam_299	20961	0.013319	0.23181	0.028606
Beam_299	20971	0.014256	0.23405	0.029169
Beam_299	20919	0.0056982	0.2328	0.027832
Beam_299	20927	0.014256	0.23405	0.028142
Beam_299	25260	0.01425	0.2358	0.029044
Beam_299	20969	0.0095141	0.23281	0.028866
Beam_299	20942	0.013319	0.23181	0.02757
Beam_299	20915	0.0095	0.2318	0.027567
Beam_299	20953	0.0023712	0.22993	0.028072
Beam_299	20946	0.0023711	0.22993	0.027027
Beam_299	20963	0.013314	0.2328	0.028865
Beam_299	25262	0.00475	0.2358	0.029044
Beam_299	20977	0.0019007	0.2338	0.029109
Beam_299	20967	0.0047577	0.23405	0.029169
Beam_299	20976	0.0075949	0.2323	0.028736
Beam_299	20913	0.014251	0.23056	0.027214
Beam_299	20931	0.0047577	0.23405	0.028142
Beam_299	20929	0.0095141	0.23281	0.027834
Beam_299	20981	0.014251	0.23056	0.028256
Beam_299	20973	0.005694	0.2318	0.028604
Beam_299	20917	0.0019007	0.2338	0.028081
Beam_317	21358	0.0037979	0.16631	0.028056
Beam_317	21411	0.0095141	0.16781	0.028707
Beam_317	21374	0.0095	0.1668	0.027933
Beam_317	21400	0.017108	0.1688	0.028438
Beam_317	21353	0.0018964	0.1688	0.0274
Beam_317	21405	0.0018964	0.1688	0.028439
Beam_317	21361	0.011422	0.16731	0.027804
Beam_317	21345	0.014258	0.16905	0.027328
Beam_317	21393	0.011872	0.16618	0.029114
Beam_317	21395	0.015211	0.16632	0.029082
Beam_317	21362	0.013319	0.16781	0.027673
Beam_317	21398	0.013319	0.16781	0.028708
Beam_317	21402	0.0037979	0.16631	0.029084
Beam_317	21368	0.015211	0.16632	0.028053
Beam_317	21399	0.015212	0.1683	0.028575
Beam_317	21354	0.0037969	0.1683	0.027539
Beam_317	21363	0.015212	0.1683	0.027539
Beam_317	21407	0.005694	0.1678	0.028709
Beam_317	21391	0.016622	0.16493	0.029399
Beam_317	21350	0.0023747	0.16967	0.027146
Beam_317	21410	0.0023748	0.16967	0.028188
Beam_317	21355	0.005694	0.1678	0.027674
Beam_317	21406	0.0037969	0.1683	0.028576
Beam_317	21372	0.014249	0.16556	0.028234
Beam_317	21364	0.017108	0.1688	0.0274
Beam_317	25042	0.019	0.1708	0.027323
Beam_317	21392	0.014249	0.16556	0.02926
Beam_317	25044	0.01425	0.1708	0.027323
Beam_317	25043	0.0	0.1708	0.027323
Beam_317	21401	0.0056982	0.16681	0.028963
Beam_317	21346	0.011889	0.16843	0.027503
Beam_317	21389	0.0023778	0.16493	0.029399
Beam_317	21349	0.0047562	0.16905	0.027328
Beam_317	21377	0.0023778	0.16493	0.028375
Beam_317	21414	0.011889	0.16843	0.02854
Beam_317	21403	0.0019006	0.16581	0.029202
Beam_317	21357	0.0056982	0.16681	0.027932
Beam_317	21397	0.011422	0.16731	0.028837
Beam_317	21376	0.0047507	0.16556	0.028234
Beam_317	21373	0.011872	0.16618	0.028086
Beam_317	21375	0.007128	0.16618	0.028086
Beam_317	21409	0.0047562	0.16905	0.028368
Beam_317	21369	0.013315	0.16681	0.027931
Beam_317	21344	0.016632	0.16967	0.027146
Beam_317	21387	0.007128	0.16618	0.029114
Beam_317	21396	0.013315	0.16681	0.028961
Beam_317	21408	0.0071321	0.16843	0.02854
Beam_317	21347	0.0095141	0.16781	0.027673
Beam_317	21388	0.0047507	0.16556	0.02926
Beam_317	21348	0.007132	0.16843	0.027503
Beam_317	21390	0.0095	0.1668	0.028964
Beam_317	21404	0.0075949	0.1673	0.028838
Beam_317	21356	0.0075949	0.1673	0.027805
Beam_317	21413	0.014258	0.16905	0.028368
Beam_317	21371	0.016622	0.16493	0.028375
Beam_317	21367	0.017104	0.16582	0.028172
Beam_317	25045	0.0095	0.1708	0.027323
Beam_317	21394	0.017104	0.16582	0.029199
Beam_317	25046	0.00475	0.1708	0.027323
Beam_317	21359	0.0019006	0.16581	0.028175
Beam_317	21412	0.016632	0.16967	0.028188
Beam_137	17080	0.0023877	0.21367	0.020845
Beam_137	17076	0.011876	0.21243	0.020072
Beam_137	17042	0.0071453	0.21243	0.018883
Beam_137	17033	0.0071139	0.21018	0.017358
Beam_137	25235	0.00475	0.2148	0.020937
Beam_137	17079	0.0047599	0.21305	0.020464
Beam_137	17050	0.0075949	0.2113	0.018138
Beam_137	17078	0.0071452	0.21243	0.020072
Beam_137	17090	0.017099	0.2128	0.020306
Beam_137	17044	0.0023878	0.21367	0.019672
Beam_137	17084	0.0095	0.2108	0.019007
Beam_137	17027	0.011422	0.21131	0.018141
Beam_137	17085	0.007114	0.21018	0.018579
Beam_137	17086	0.0047463	0.20956	0.018144
Beam_137	17049	0.011876	0.21243	0.018883
Beam_137	17028	0.01331	0.2118	0.018473
Beam_137	17071	0.0056894	0.2108	0.019007
Beam_137	17051	0.0056893	0.2108	0.017796
Beam_137	25232	0.0	0.2148	0.020937
Beam_137	17025	0.015213	0.21032	0.017456
Beam_137	17026	0.013323	0.21081	0.017801
Beam_137	17094	0.013323	0.21081	0.019011
Beam_137	17088	0.01331	0.2118	0.01967
Beam_137	25231	0.019	0.2148	0.020937
Beam_137	17043	0.00476	0.21305	0.019283
Beam_137	17030	0.017099	0.2128	0.019122
Beam_137	17057	0.0037995	0.2123	0.0188
Beam_137	17093	0.015213	0.21032	0.018674
Beam_137	17048	0.014254	0.21305	0.019283
Beam_137	17035	0.0023633	0.20893	0.016456
Beam_137	17039	0.014254	0.20956	0.016914
Beam_137	25234	0.0095	0.2148	0.020937
Beam_137	17083	0.011886	0.21018	0.018579
Beam_137	17087	0.0023635	0.20893	0.017696
Beam_137	17052	0.0037951	0.21031	0.017449
Beam_137	17041	0.0095141	0.21181	0.018476
Beam_137	17092	0.017112	0.20982	0.018329
Beam_137	17070	0.0075949	0.2113	0.019342
Beam_137	17067	0.0019048	0.2128	0.020305
Beam_137	17082	0.014254	0.20956	0.018144
Beam_137	17058	0.0057026	0.2118	0.018471
Beam_137	17038	0.016637	0.20893	0.016456
Beam_137	17077	0.0095141	0.21181	0.019673
Beam_137	25233	0.01425	0.2148	0.020937
Beam_137	17069	0.0057025	0.2118	0.019668
Beam_137	17047	0.016619	0.21367	0.019672
Beam_137	17029	0.015209	0.2123	0.018801
Beam_137	17091	0.011422	0.21131	0.019345
Beam_137	17032	0.0095	0.2108	0.017796
Beam_137	17040	0.011886	0.21018	0.017358
Beam_137	17072	0.0037953	0.21031	0.018668
Beam_137	17081	0.016637	0.20893	0.017696
Beam_137	17056	0.0019049	0.2128	0.019121
Beam_137	17074	0.016619	0.21367	0.020845
Beam_137	17034	0.0047461	0.20956	0.016914
Beam_137	17089	0.015209	0.2123	0.019992
Beam_137	17024	0.017113	0.20982	0.017103
Beam_137	17075	0.014254	0.21305	0.020464
Beam_137	17068	0.0037994	0.2123	0.01999
Beam_13	25115	0.02	0.20081	0.010193
Beam_13	25118	0.02475	0.20081	0.010193
Beam_13	25116	0.03425	0.20081	0.010193
Beam_13	25114	0.039	0.20081	0.010193
Beam_13	25117	0.0295	0.20081	0.010193
Beam_104	16216	0.033326	0.19581	0.013941
Beam_104	16181	0.033326	0.19581	0.012611
Beam_104	16187	0.031076	0.19439	0.013836
Beam_104	16183	0.03741	0.19273	0.015189
Beam_104	25126	0.0295	0.19899	0.010367
Beam_104	16226	0.029514	0.19581	0.013942
Beam_104	16179	0.037116	0.1968	0.011711
Beam_104	16188	0.0295	0.1948	0.013486
Beam_104	16209	0.03741	0.19273	0.016457
Beam_104	16214	0.037116	0.1968	0.013064
Beam_104	16213	0.031076	0.19439	0.015136
Beam_104	25125	0.03425	0.19899	0.010367
Beam_104	16203	0.027924	0.19439	0.015136
Beam_104	16230	0.032681	0.19664	0.013211
Beam_104	16164	0.032682	0.19664	0.011862
Beam_104	16237	0.023794	0.1963	0.01351
Beam_104	16192	0.023171	0.19314	0.01486
Beam_104	16206	0.02317	0.19314	0.016135
Beam_104	16224	0.023166	0.19747	0.012457
Beam_104	16153	0.023794	0.1963	0.012169
Beam_104	16219	0.035208	0.19432	0.015195
Beam_104	16163	0.034269	0.19705	0.011477
Beam_104	25123	0.039	0.19899	0.010367
Beam_104	16229	0.034268	0.19705	0.012836
Beam_104	16173	0.031422	0.19531	0.013051
Beam_104	16156	0.025705	0.19481	0.013482
Beam_104	16208	0.0295	0.1948	0.014794
Beam_104	16170	0.023166	0.19747	0.011088
Beam_104	16162	0.035844	0.19747	0.011088
Beam_104	16228	0.035843	0.19747	0.012457
Beam_104	16154	0.025686	0.1958	0.012614
Beam_104	25127	0.02475	0.19899	0.010367
Beam_104	16223	0.024746	0.19705	0.012836
Beam_104	16169	0.024745	0.19705	0.011477
Beam_104	16186	0.032663	0.19397	0.014183
Beam_104	16157	0.023801	0.19431	0.013905
Beam_104	16233	0.0238	0.19431	0.015203
Beam_104	16215	0.035214	0.1963	0.013508
Beam_104	16175	0.035208	0.19432	0.013897
Beam_104	16191	0.024759	0.19356	0.014523
Beam_104	16212	0.032663	0.19397	0.015475
Beam_104	16205	0.024759	0.19356	0.015807
Beam_104	16180	0.035215	0.1963	0.012167
Beam_104	16184	0.035829	0.19314	0.01486
Beam_104	16210	0.03583	0.19314	0.016135
Beam_104	16238	0.025686	0.1958	0.013944
Beam_104	16190	0.026337	0.19397	0.014183
Beam_104	16161	0.037428	0.19788	0.010691
Beam_104	16232	0.025705	0.19481	0.01479
Beam_104	16204	0.026337	0.19397	0.015475
Beam_104	16220	0.037097	0.19382	0.015596
Beam_104	16235	0.027595	0.1953	0.014373
Beam_104	16158	0.021908	0.19381	0.014317
Beam_104	16171	0.021577	0.19788	0.010691
Beam_104	16231	0.031103	0.19622	0.013578
Beam_104	16225	0.021577	0.19788	0.01207
Beam_104	16193	0.02159	0.19273	0.015189
Beam_104	16227	0.037428	0.19788	0.01207
Beam_104	16211	0.034241	0.19356	0.015807
Beam_104	25124	0.02	0.19899	0.010367
Beam_104	16167	0.02792	0.19622	0.012239
Beam_104	16221	0.02792	0.19622	0.013578
Beam_104	16189	0.027924	0.19439	0.013836
Beam_104	16185	0.034241	0.19356	0.014523
Beam_104	16155	0.027595	0.1953	0.013055
Beam_104	16207	0.02159	0.19273	0.016457
Beam_104	16176	0.037097	0.19382	0.014307
Beam_104	16236	0.021888	0.1968	0.013065
Beam_104	16234	0.021907	0.19381	0.015606
Beam_104	16168	0.026337	0.19664	0.011862
Beam_104	16222	0.026338	0.19664	0.013211
Beam_104	16218	0.033307	0.19481	0.014785
Beam_104	16217	0.031422	0.19531	0.01437
Beam_104	16166	0.029514	0.19581	0.012612
Beam_104	16165	0.031104	0.19622	0.012239
Beam_104	16174	0.033307	0.19481	0.013476
Beam_104	16152	0.021888	0.1968	0.011712
Beam_86	15640	0.031088	0.20522	0.013505
Beam_86	15667	0.037426	0.20172	0.011699
Beam_86	15677	0.031422	0.20431	0.01404
Beam_86	15624	0.033307	0.2048	0.013146
Beam_86	15697	0.037412	0.20688	0.016152
Beam_86	15662	0.037426	0.20172	0.010308
Beam_86	15700	0.032672	0.20564	0.015156
Beam_86	15671	0.031092	0.20339	0.013232
Beam_86	25213	0.039	0.2078	0.016231
Beam_86	15666	0.031092	0.20339	0.011883
Beam_86	15708	0.033307	0.2048	0.014463
Beam_86	15639	0.032672	0.20564	0.013857
Beam_86	15665	0.032672	0.20297	0.0115
Beam_86	15670	0.032672	0.20297	0.012858
Beam_86	15623	0.031422	0.20431	0.012713
Beam_86	15701	0.031088	0.20522	0.014813
Beam_86	25217	0.02475	0.2078	0.016231
Beam_86	15702	0.029514	0.20481	0.014466
Beam_86	15706	0.023175	0.20647	0.015826
Beam_86	15657	0.023161	0.20214	0.010713
Beam_86	15682	0.023161	0.20214	0.012092
Beam_86	15669	0.034262	0.20255	0.012477
Beam_86	15664	0.034262	0.20255	0.011108
Beam_86	15696	0.025705	0.2048	0.01446
Beam_86	15644	0.025706	0.2048	0.013143
Beam_86	15655	0.026328	0.20297	0.0115
Beam_86	15680	0.026328	0.20297	0.012858
Beam_86	15636	0.037412	0.20688	0.014877
Beam_86	15642	0.021908	0.2058	0.013991
Beam_86	15630	0.026347	0.20564	0.013857
Beam_86	15704	0.026347	0.20564	0.015156
Beam_86	25215	0.03425	0.2078	0.016231
Beam_86	15638	0.034248	0.20605	0.014202
Beam_86	15632	0.023176	0.20647	0.014543
Beam_86	15648	0.021888	0.20281	0.011346
Beam_86	15691	0.023794	0.20331	0.01316
Beam_86	15646	0.025686	0.2038	0.012262
Beam_86	15681	0.024738	0.20255	0.012477
Beam_86	15656	0.024738	0.20255	0.011108
Beam_86	15643	0.023801	0.2053	0.013573
Beam_86	15695	0.0238	0.2053	0.014879
Beam_86	15709	0.035208	0.2053	0.014881
Beam_86	15675	0.035215	0.20332	0.013169
Beam_86	15660	0.035215	0.20332	0.011819
Beam_86	15631	0.024766	0.20605	0.014202
Beam_86	15637	0.035834	0.20647	0.014543
Beam_86	15698	0.035834	0.20647	0.015826
Beam_86	15663	0.035839	0.20214	0.010713
Beam_86	15705	0.024766	0.20605	0.015493
Beam_86	15668	0.035839	0.20214	0.012092
Beam_86	15625	0.035208	0.2053	0.013575
Beam_86	15690	0.025686	0.2038	0.013601
Beam_86	15647	0.023794	0.20331	0.01181
Beam_86	15692	0.021888	0.20281	0.012708
Beam_86	15694	0.021908	0.2058	0.015287
Beam_86	15679	0.027908	0.20339	0.013232
Beam_86	15658	0.021574	0.20172	0.010308
Beam_86	25214	0.02	0.2078	0.016231
Beam_86	15645	0.027595	0.2043	0.012709
Beam_86	15626	0.037096	0.2058	0.013992
Beam_86	15654	0.027908	0.20339	0.011883
Beam_86	15629	0.027936	0.20522	0.013505
Beam_86	15703	0.027936	0.20522	0.014813
Beam_86	15661	0.033327	0.20381	0.012268
Beam_86	15653	0.0295	0.2038	0.012263
Beam_86	25216	0.0295	0.2078	0.016231
Beam_86	15676	0.033326	0.20381	0.013607
Beam_86	15674	0.037116	0.20282	0.012719
Beam_86	15673	0.0295	0.2038	0.013602
Beam_86	15659	0.037116	0.20282	0.011357
Beam_86	15628	0.029514	0.20481	0.01315
Beam_86	15683	0.021574	0.20172	0.011699
Beam_86	15693	0.027595	0.2043	0.014037
Beam_86	15710	0.037097	0.2058	0.015288
Beam_86	15633	0.021593	0.20688	0.014877
Beam_86	15699	0.034248	0.20605	0.015493
Beam_86	15707	0.021593	0.20688	0.016152
Beam_140	17151	0.034254	0.21305	0.020464
Beam_140	17162	0.033323	0.21081	0.019011
Beam_140	17108	0.0295	0.2108	0.017796
Beam_140	17103	0.033323	0.21081	0.017801
Beam_140	17160	0.037112	0.20982	0.018329
Beam_140	17101	0.037113	0.20982	0.017103
Beam_140	17146	0.027145	0.21243	0.020072
Beam_140	17116	0.031876	0.21243	0.018883
Beam_140	17152	0.031876	0.21243	0.020072
Beam_140	17159	0.031886	0.21018	0.018579
Beam_140	25366	0.039	0.2148	0.020937
Beam_140	17147	0.02476	0.21305	0.020464
Beam_140	17144	0.023799	0.2123	0.01999
Beam_140	17119	0.02476	0.21305	0.019283
Beam_140	17141	0.021892	0.20981	0.01832
Beam_140	17124	0.023799	0.2123	0.0188
Beam_140	17117	0.029514	0.21181	0.018476
Beam_140	17095	0.031422	0.21131	0.018141
Beam_140	17102	0.035213	0.21032	0.017456
Beam_140	17149	0.029514	0.21181	0.019673
Beam_140	17161	0.035213	0.21032	0.018674
Beam_140	17164	0.03331	0.2118	0.01967
Beam_140	17097	0.035209	0.2123	0.018801
Beam_140	17110	0.024746	0.20956	0.016914
Beam_140	17154	0.024747	0.20956	0.018144
Beam_140	25370	0.02475	0.2148	0.020937
Beam_140	17165	0.035209	0.2123	0.019992
Beam_140	17107	0.031886	0.21018	0.017358
Beam_140	17129	0.021892	0.20981	0.017095
Beam_140	17105	0.036637	0.20893	0.016456
Beam_140	17157	0.036637	0.20893	0.017696
Beam_140	17098	0.037099	0.2128	0.019122
Beam_140	17126	0.027595	0.2113	0.018138
Beam_140	17115	0.034254	0.21305	0.019283
Beam_140	17111	0.022363	0.20893	0.016456
Beam_140	17155	0.022363	0.20893	0.017696
Beam_140	17106	0.034254	0.20956	0.016914
Beam_140	17109	0.027114	0.21018	0.017358
Beam_140	17143	0.021905	0.2128	0.020305
Beam_140	17166	0.037099	0.2128	0.020306
Beam_140	17125	0.025703	0.2118	0.018471
Beam_140	17145	0.025703	0.2118	0.019668
Beam_140	17142	0.027595	0.2113	0.019342
Beam_140	17114	0.036619	0.21367	0.019672
Beam_140	25367	0.02	0.2148	0.020937
Beam_140	17150	0.036619	0.21367	0.020845
Beam_140	17120	0.022388	0.21367	0.019672
Beam_140	17148	0.022388	0.21367	0.020845
Beam_140	17123	0.021905	0.2128	0.019121
Beam_140	17153	0.027114	0.21018	0.018579
Beam_140	17158	0.034253	0.20956	0.018144
Beam_140	17096	0.03331	0.2118	0.018473
Beam_140	25368	0.03425	0.2148	0.020937
Beam_140	17127	0.025689	0.2108	0.017796
Beam_140	17139	0.025689	0.2108	0.019007
Beam_140	17140	0.023795	0.21031	0.018668
Beam_140	17128	0.023795	0.21031	0.017449
Beam_140	25369	0.0295	0.2148	0.020937
Beam_140	17118	0.027145	0.21243	0.018883
Beam_140	17163	0.031422	0.21131	0.019345
Beam_140	17156	0.0295	0.2108	0.019007
Beam_158	17540	0.029514	0.18881	0.018063
Beam_158	17585	0.027125	0.18943	0.018847
Beam_158	17541	0.027125	0.18943	0.017633
Beam_158	17587	0.022367	0.19068	0.017978
Beam_158	17582	0.036616	0.18594	0.021082
Beam_158	17546	0.036616	0.18594	0.019914
Beam_158	17576	0.035213	0.1893	0.018935
Beam_158	17556	0.035213	0.1893	0.017723
Beam_158	17578	0.027134	0.18718	0.020319
Beam_158	17550	0.027135	0.18718	0.019135
Beam_158	17572	0.035209	0.18732	0.020234
Beam_158	25178	0.02	0.1918	0.016529
Beam_158	17561	0.035209	0.18732	0.019049
Beam_158	17590	0.03426	0.19005	0.018419
Beam_158	17595	0.027595	0.1883	0.019601
Beam_158	17531	0.027595	0.1883	0.018402
Beam_158	25179	0.03425	0.1918	0.016529
Beam_158	17547	0.034247	0.18656	0.01953
Beam_158	17583	0.034247	0.18656	0.020706
Beam_158	17575	0.033323	0.18881	0.019269
Beam_158	17555	0.033323	0.18881	0.018063
Beam_158	17573	0.03331	0.18781	0.019918
Beam_158	17562	0.03331	0.18781	0.018726
Beam_158	17538	0.034261	0.19005	0.017196
Beam_158	17537	0.03664	0.19068	0.016745
Beam_158	17589	0.03664	0.19068	0.017978
Beam_158	17571	0.0371	0.18682	0.020543
Beam_158	17552	0.022384	0.18594	0.019914
Beam_158	17580	0.022384	0.18594	0.021082
Beam_158	17597	0.023795	0.1893	0.018937
Beam_158	17534	0.021905	0.18681	0.019372
Beam_158	17529	0.023795	0.1893	0.017724
Beam_158	17594	0.021905	0.18681	0.020551
Beam_158	17593	0.023799	0.18731	0.02024
Beam_158	17533	0.023799	0.18731	0.019055
Beam_158	25181	0.02475	0.1918	0.016529
Beam_158	17579	0.024753	0.18656	0.020706
Beam_158	17551	0.024753	0.18656	0.01953
Beam_158	17542	0.024754	0.19005	0.017196
Beam_158	17586	0.024754	0.19005	0.018419
Beam_158	17530	0.025689	0.1888	0.018066
Beam_158	17598	0.02569	0.1888	0.019271
Beam_158	17528	0.021892	0.1898	0.017375
Beam_158	17592	0.025702	0.18781	0.019923
Beam_158	17596	0.021892	0.1898	0.018595
Beam_158	17532	0.025702	0.18781	0.018731
Beam_158	25177	0.039	0.1918	0.016529
Beam_158	17557	0.037112	0.1898	0.017374
Beam_158	17577	0.037112	0.1898	0.018594
Beam_158	17560	0.0371	0.18682	0.019364
Beam_158	17539	0.031896	0.18943	0.017633
Beam_158	17591	0.031896	0.18943	0.018847
Beam_158	17543	0.022367	0.19068	0.016745
Beam_158	17549	0.0295	0.1878	0.018733
Beam_158	25180	0.0295	0.1918	0.016529
Beam_158	17588	0.029514	0.18881	0.019269
Beam_158	17584	0.031866	0.18718	0.020319
Beam_158	17554	0.031422	0.18831	0.0184
Beam_158	17574	0.031422	0.18831	0.019598
Beam_158	17548	0.031865	0.18718	0.019135
Beam_158	17581	0.0295	0.1878	0.019925
Beam_194	18412	0.031879	0.21943	0.022867
Beam_194	18445	0.029514	0.21881	0.023676
Beam_194	18420	0.023799	0.2193	0.022804
Beam_194	18461	0.03521	0.2193	0.02392
Beam_194	18441	0.025701	0.2188	0.023673
Beam_194	18452	0.0295	0.2178	0.023166
Beam_194	18442	0.027142	0.21943	0.023981
Beam_194	25359	0.03425	0.2218	0.024532
Beam_194	18440	0.023799	0.2193	0.023919
Beam_194	18443	0.024759	0.22005	0.02428
Beam_194	18423	0.025691	0.2178	0.022038
Beam_194	18406	0.024748	0.21656	0.021363
Beam_194	18450	0.024748	0.21656	0.022504
Beam_194	18449	0.027117	0.21718	0.022838
Beam_194	18393	0.03521	0.2193	0.022805
Beam_194	18453	0.036633	0.21593	0.02216
Beam_194	18405	0.027117	0.21718	0.021704
Beam_194	18462	0.037101	0.2198	0.02416
Beam_194	18394	0.037101	0.2198	0.023049
Beam_194	25361	0.02475	0.2218	0.024532
Beam_194	18458	0.033321	0.21781	0.02317
Beam_194	18399	0.033321	0.21781	0.022042
Beam_194	25357	0.039	0.2218	0.024532
Beam_194	18415	0.024759	0.22005	0.023172
Beam_194	18438	0.027595	0.2183	0.023423
Beam_194	18422	0.027595	0.2183	0.022299
Beam_194	18456	0.03711	0.21682	0.022646
Beam_194	18414	0.027142	0.21943	0.022867
Beam_194	18460	0.033312	0.2188	0.023674
Beam_194	18459	0.031422	0.21831	0.023425
Beam_194	18397	0.03711	0.21682	0.021508
Beam_194	18457	0.035212	0.21732	0.022911
Beam_194	18398	0.035212	0.21732	0.021778
Beam_194	18404	0.0295	0.2178	0.022038
Beam_194	18407	0.022367	0.21593	0.021013
Beam_194	18410	0.036622	0.22067	0.023467
Beam_194	18448	0.031879	0.21943	0.023981
Beam_194	18451	0.022367	0.21593	0.02216
Beam_194	18446	0.036622	0.22067	0.02457
Beam_194	25358	0.02	0.2218	0.024532
Beam_194	18402	0.034252	0.21656	0.021363
Beam_194	18403	0.031883	0.21718	0.021704
Beam_194	18455	0.031883	0.21718	0.022838
Beam_194	18391	0.031422	0.21831	0.022301
Beam_194	18454	0.034252	0.21656	0.022504
Beam_194	18435	0.025691	0.2178	0.023166
Beam_194	18411	0.034255	0.22005	0.023172
Beam_194	18416	0.022385	0.22067	0.023467
Beam_194	18439	0.021903	0.2198	0.024159
Beam_194	18392	0.033312	0.2188	0.022555
Beam_194	18419	0.021903	0.2198	0.023049
Beam_194	18424	0.023796	0.21731	0.021773
Beam_194	18425	0.021894	0.21681	0.021502
Beam_194	18401	0.036633	0.21593	0.021013
Beam_194	18436	0.023796	0.21731	0.022906
Beam_194	18437	0.021894	0.21681	0.02264
Beam_194	18447	0.034255	0.22005	0.02428
Beam_194	25360	0.0295	0.2218	0.024532
Beam_194	18413	0.029514	0.21881	0.022557
Beam_194	18444	0.022385	0.22067	0.02457
Beam_194	18421	0.025701	0.2188	0.022553
Beam_356	22349	0.034257	0.24105	0.030436
Beam_356	25330	0.039	0.2428	0.030136
Beam_356	22281	0.034257	0.24105	0.029427
Beam_356	22333	0.031422	0.23931	0.030189
Beam_356	22330	0.037107	0.23782	0.029942
Beam_356	22280	0.036627	0.24167	0.029506
Beam_356	22327	0.036627	0.23693	0.02978
Beam_356	22307	0.036627	0.23693	0.028762
Beam_356	22348	0.036627	0.24167	0.030513
Beam_356	22323	0.027123	0.23818	0.030005
Beam_356	25331	0.02	0.2428	0.030136
Beam_356	22284	0.027137	0.24043	0.029343
Beam_356	22344	0.027137	0.24043	0.030353
Beam_356	22311	0.027123	0.23818	0.02899
Beam_356	22331	0.035211	0.23832	0.030028
Beam_356	22304	0.035211	0.23832	0.029014
Beam_356	22299	0.035211	0.2403	0.029325
Beam_356	22335	0.035211	0.2403	0.030335
Beam_356	22309	0.031877	0.23818	0.02899
Beam_356	22336	0.037104	0.2408	0.030403
Beam_356	22300	0.037104	0.2408	0.029394
Beam_356	22303	0.037107	0.23782	0.028927
Beam_356	22340	0.027595	0.2393	0.030188
Beam_356	22308	0.034251	0.23756	0.028879
Beam_356	22297	0.031422	0.23931	0.029177
Beam_356	22310	0.0295	0.2388	0.029096
Beam_356	22286	0.02238	0.24167	0.029506
Beam_356	22334	0.033315	0.2398	0.030264
Beam_356	22283	0.029514	0.23981	0.029253
Beam_356	22329	0.031877	0.23818	0.030005
Beam_356	22282	0.031884	0.24043	0.029343
Beam_356	25333	0.0295	0.2428	0.030136
Beam_356	25334	0.02475	0.2428	0.030136
Beam_356	22312	0.024749	0.23756	0.028879
Beam_356	22289	0.0219	0.2408	0.029394
Beam_356	22305	0.033318	0.23881	0.029097
Beam_356	22332	0.033318	0.23881	0.03011
Beam_356	22341	0.0219	0.2408	0.030403
Beam_356	22324	0.024749	0.23756	0.029895
Beam_356	22350	0.031884	0.24043	0.030353
Beam_356	22292	0.027595	0.2393	0.029176
Beam_356	22347	0.029514	0.23981	0.030264
Beam_356	22313	0.022373	0.23693	0.028762
Beam_356	22346	0.02238	0.24167	0.030513
Beam_356	22345	0.024757	0.24105	0.030436
Beam_356	22328	0.034251	0.23756	0.029895
Beam_356	22338	0.023797	0.23831	0.030027
Beam_356	22294	0.023797	0.23831	0.029012
Beam_356	25332	0.03425	0.2428	0.030136
Beam_356	22291	0.025697	0.2398	0.029252
Beam_356	22343	0.025697	0.2398	0.030263
Beam_356	22285	0.024757	0.24105	0.029427
Beam_356	22293	0.025695	0.2388	0.029096
Beam_356	22342	0.023798	0.2403	0.030335
Beam_356	22325	0.022373	0.23693	0.02978
Beam_356	22290	0.023798	0.2403	0.029325
Beam_356	22326	0.0295	0.2388	0.030109
Beam_356	22295	0.021897	0.23781	0.028924
Beam_356	22339	0.021897	0.23781	0.02994
Beam_356	22337	0.025695	0.2388	0.030109
Beam_356	22298	0.033315	0.2398	0.029253
Beam_212	18834	0.023796	0.1823	0.021983
Beam_212	18827	0.029514	0.18181	0.022242
Beam_212	18886	0.023796	0.1823	0.023113
Beam_212	18837	0.025701	0.18081	0.022752
Beam_212	18857	0.022381	0.17893	0.02365
Beam_212	18828	0.027128	0.18243	0.021914
Beam_212	18871	0.036619	0.17893	0.02475
Beam_212	18851	0.036619	0.17893	0.02365
Beam_212	18890	0.022371	0.18368	0.022377
Beam_212	18830	0.022371	0.18368	0.021234
Beam_212	18877	0.031422	0.18131	0.023619
Beam_212	25169	0.02	0.1848	0.021166
Beam_212	18869	0.022381	0.17893	0.02475
Beam_212	18847	0.037101	0.17982	0.023233
Beam_212	18883	0.021903	0.17981	0.024346
Beam_212	18885	0.021894	0.1828	0.02285
Beam_212	18833	0.021894	0.1828	0.021716
Beam_212	18881	0.025701	0.18081	0.023867
Beam_212	18855	0.027132	0.18018	0.023059
Beam_212	25168	0.039	0.1848	0.021166
Beam_212	18835	0.025691	0.1818	0.022244
Beam_212	18841	0.031422	0.18131	0.022499
Beam_212	18844	0.03711	0.1828	0.021715
Beam_212	18880	0.03711	0.1828	0.02285
Beam_212	18839	0.021903	0.17981	0.023239
Beam_212	18829	0.024755	0.18305	0.021579
Beam_212	18891	0.029514	0.18181	0.023367
Beam_212	18868	0.024752	0.17956	0.024464
Beam_212	18856	0.024752	0.17956	0.023359
Beam_212	25172	0.02475	0.1848	0.021166
Beam_212	18874	0.037101	0.17982	0.02434
Beam_212	18838	0.023799	0.18031	0.022998
Beam_212	18882	0.023799	0.18031	0.024109
Beam_212	18892	0.036636	0.18368	0.022377
Beam_212	18824	0.036636	0.18368	0.021234
Beam_212	18889	0.024755	0.18305	0.022716
Beam_212	18887	0.025692	0.1818	0.023369
Beam_212	18888	0.027128	0.18243	0.023044
Beam_212	18848	0.03521	0.18032	0.022993
Beam_212	18849	0.033312	0.18081	0.022748
Beam_212	18876	0.033312	0.18081	0.023864
Beam_212	18842	0.033321	0.18181	0.022242
Beam_212	18894	0.031893	0.18243	0.023044
Beam_212	18826	0.031893	0.18243	0.021914
Beam_212	18878	0.033321	0.18181	0.023367
Beam_212	18854	0.0295	0.1808	0.022753
Beam_212	18872	0.034248	0.17956	0.024464
Beam_212	18852	0.034248	0.17956	0.023359
Beam_212	18873	0.031868	0.18018	0.024169
Beam_212	25170	0.03425	0.1848	0.021166
Beam_212	18893	0.034259	0.18305	0.022716
Beam_212	18836	0.027595	0.1813	0.022501
Beam_212	18825	0.034259	0.18305	0.021579
Beam_212	18879	0.035212	0.1823	0.023111
Beam_212	25171	0.0295	0.1848	0.021166
Beam_212	18884	0.027595	0.1813	0.023621
Beam_212	18843	0.035212	0.1823	0.021982
Beam_212	18867	0.027132	0.18018	0.024169
Beam_212	18870	0.0295	0.1808	0.023869
Beam_212	18853	0.031868	0.18018	0.023059
Beam_212	18875	0.03521	0.18032	0.024105
Beam_248	19689	0.03521	0.2263	0.025813
Beam_248	19721	0.021895	0.22381	0.024845
Beam_248	25352	0.02475	0.2288	0.027198
Beam_248	19702	0.024749	0.22356	0.024742
Beam_248	19754	0.03332	0.22481	0.026321
Beam_248	19746	0.024749	0.22356	0.025823
Beam_248	19695	0.03332	0.22481	0.025248
Beam_248	19718	0.027595	0.2253	0.025439
Beam_248	19741	0.029514	0.22581	0.026696
Beam_248	19690	0.037103	0.2268	0.025992
Beam_248	19758	0.037103	0.2268	0.027053
Beam_248	25349	0.02	0.2288	0.027198
Beam_248	19693	0.037109	0.22382	0.02485
Beam_248	19731	0.025693	0.2248	0.026318
Beam_248	19719	0.025693	0.2248	0.025245
Beam_248	19737	0.025699	0.2258	0.026694
Beam_248	19698	0.034251	0.22356	0.024742
Beam_248	19717	0.025699	0.2258	0.025627
Beam_248	19750	0.034251	0.22356	0.025823
Beam_248	19743	0.034256	0.22705	0.027142
Beam_248	25350	0.03425	0.2288	0.027198
Beam_248	25348	0.039	0.2288	0.027198
Beam_248	19707	0.034256	0.22705	0.026082
Beam_248	19755	0.031422	0.22531	0.02651
Beam_248	19711	0.024758	0.22705	0.026082
Beam_248	19739	0.024758	0.22705	0.027142
Beam_248	25351	0.0295	0.2288	0.027198
Beam_248	19688	0.033313	0.2258	0.025629
Beam_248	19752	0.037109	0.22382	0.02593
Beam_248	19734	0.027595	0.2253	0.026509
Beam_248	19733	0.021895	0.22381	0.025925
Beam_248	19745	0.02712	0.22418	0.026074
Beam_248	19744	0.031881	0.22643	0.026922
Beam_248	19687	0.031422	0.22531	0.025441
Beam_248	19740	0.022383	0.22767	0.027354
Beam_248	19712	0.022383	0.22767	0.026298
Beam_248	19757	0.03521	0.2263	0.026877
Beam_248	19706	0.036624	0.22767	0.026298
Beam_248	19753	0.035212	0.22432	0.026128
Beam_248	19742	0.036624	0.22767	0.027354
Beam_248	19694	0.035212	0.22432	0.025052
Beam_248	19720	0.023797	0.22431	0.025048
Beam_248	19732	0.023797	0.22431	0.026124
Beam_248	19756	0.033313	0.2258	0.026695
Beam_248	19699	0.03188	0.22418	0.024996
Beam_248	19751	0.03188	0.22418	0.026074
Beam_248	19748	0.0295	0.2248	0.026318
Beam_248	19708	0.031881	0.22643	0.025859
Beam_248	19697	0.036631	0.22293	0.024479
Beam_248	19701	0.02712	0.22418	0.024996
Beam_248	19738	0.02714	0.22643	0.026922
Beam_248	19747	0.022369	0.22293	0.025565
Beam_248	19709	0.029514	0.22581	0.02563
Beam_248	19703	0.022369	0.22293	0.024479
Beam_248	19700	0.0295	0.2248	0.025245
Beam_248	19716	0.023798	0.2263	0.025812
Beam_248	19710	0.02714	0.22643	0.025859
Beam_248	19749	0.036631	0.22293	0.025565
Beam_248	19736	0.023798	0.2263	0.026876
Beam_248	19735	0.021902	0.2268	0.027053
Beam_248	19715	0.021902	0.2268	0.025992
Beam_410	23622	0.0295	0.2458	0.030884
Beam_410	23621	0.022374	0.24393	0.030747
Beam_410	23624	0.03425	0.24456	0.030798
Beam_410	23609	0.022374	0.24393	0.029743
Beam_410	23642	0.022379	0.24867	0.030998
Beam_410	23589	0.025696	0.2458	0.029883
Beam_410	23582	0.022379	0.24867	0.029997
Beam_410	23633	0.025696	0.2458	0.030884
Beam_410	23643	0.029514	0.24681	0.030937
Beam_410	23604	0.03425	0.24456	0.029795
Beam_410	23635	0.021898	0.24481	0.030817
Beam_410	23641	0.024757	0.24805	0.030983
Beam_410	23594	0.033316	0.2468	0.029936
Beam_410	23630	0.033316	0.2468	0.030937
Beam_410	23601	0.033317	0.24581	0.029883
Beam_410	23638	0.023798	0.2473	0.030958
Beam_410	23586	0.023798	0.2473	0.029957
Beam_410	23590	0.023797	0.24531	0.02985
Beam_410	23620	0.02475	0.24456	0.030798
Beam_410	23637	0.021899	0.2478	0.030976
Beam_410	23608	0.02475	0.24456	0.029795
Beam_410	23585	0.021899	0.2478	0.029975
Beam_410	25325	0.02475	0.2498	0.030509
Beam_410	23634	0.023797	0.24531	0.030853
Beam_410	23625	0.031876	0.24518	0.030844
Beam_410	23605	0.031876	0.24518	0.029842
Beam_410	23578	0.031885	0.24743	0.029962
Beam_410	23579	0.029514	0.24681	0.029936
Beam_410	23646	0.031885	0.24743	0.030963
Beam_410	23591	0.021898	0.24481	0.029815
Beam_410	23581	0.024757	0.24805	0.029983
Beam_410	23606	0.0295	0.2458	0.029882
Beam_410	23628	0.033317	0.24581	0.030885
Beam_410	25323	0.03425	0.2498	0.030509
Beam_410	25324	0.0295	0.2498	0.030509
Beam_410	23607	0.027124	0.24518	0.029842
Beam_410	23619	0.027124	0.24518	0.030844
Beam_410	23645	0.034257	0.24805	0.030983
Beam_410	25321	0.039	0.2498	0.030509
Beam_410	23576	0.036628	0.24867	0.029997
Beam_410	23636	0.027595	0.2463	0.030913
Beam_410	23644	0.036628	0.24867	0.030998
Beam_410	23580	0.027136	0.24743	0.029962
Beam_410	23577	0.034257	0.24805	0.029983
Beam_410	23640	0.027136	0.24743	0.030963
Beam_410	23631	0.035211	0.2473	0.030958
Beam_410	23627	0.035211	0.24532	0.030853
Beam_410	23626	0.037106	0.24482	0.030818
Beam_410	23629	0.031422	0.24631	0.030913
Beam_410	23600	0.035211	0.24532	0.029851
Beam_410	23595	0.035211	0.2473	0.029957
Beam_410	23588	0.027595	0.2463	0.029911
Beam_410	23639	0.025697	0.2468	0.030937
Beam_410	23593	0.031422	0.24631	0.029911
Beam_410	23596	0.037105	0.2478	0.029975
Beam_410	23599	0.037106	0.24482	0.029816
Beam_410	23623	0.036626	0.24393	0.030747
Beam_410	23587	0.025697	0.2468	0.029936
Beam_410	23603	0.036626	0.24393	0.029743
Beam_410	25322	0.02	0.2498	0.030509
Beam_410	23632	0.037105	0.2478	0.030976
Beam_428	24031	0.023798	0.15231	0.029972
Beam_428	25000	0.0295	0.1568	0.030176
Beam_428	24067	0.033316	0.15281	0.030954
Beam_428	24038	0.029514	0.15381	0.029905
Beam_428	24018	0.035211	0.1543	0.029876
Beam_428	24059	0.023798	0.15231	0.030972
Beam_428	24030	0.025696	0.1528	0.029953
Beam_428	24998	0.02	0.1568	0.030176
Beam_428	24069	0.033317	0.1538	0.030907
Beam_428	24017	0.033317	0.1538	0.029905
Beam_428	24055	0.03663	0.15567	0.03078
Beam_428	24028	0.025696	0.1538	0.029905
Beam_428	24027	0.023797	0.1543	0.029876
Beam_428	24051	0.027135	0.15443	0.03087
Beam_428	24074	0.022375	0.15093	0.031004
Beam_428	24014	0.022375	0.15093	0.030004
Beam_428	24041	0.022378	0.15567	0.029776
Beam_428	24053	0.022378	0.15567	0.03078
Beam_428	24076	0.036625	0.15093	0.031004
Beam_428	24008	0.036625	0.15093	0.030004
Beam_428	24075	0.0295	0.1528	0.030954
Beam_428	24023	0.035211	0.15232	0.029971
Beam_428	24035	0.03663	0.15567	0.029776
Beam_428	24039	0.027135	0.15443	0.029868
Beam_428	24054	0.029514	0.15381	0.030907
Beam_428	24072	0.027125	0.15218	0.030976
Beam_428	24037	0.031886	0.15443	0.029868
Beam_428	24057	0.031886	0.15443	0.03087
Beam_428	24066	0.035211	0.15232	0.030972
Beam_428	24070	0.035211	0.1543	0.030878
Beam_428	24010	0.031875	0.15218	0.029976
Beam_428	24012	0.027125	0.15218	0.029976
Beam_428	24063	0.023797	0.1543	0.030878
Beam_428	24068	0.031422	0.15331	0.030932
Beam_428	24011	0.0295	0.1528	0.029953
Beam_428	24024	0.033316	0.15281	0.029953
Beam_428	24016	0.031422	0.15331	0.029931
Beam_428	24064	0.025696	0.1538	0.030907
Beam_428	24999	0.03425	0.1568	0.030176
Beam_428	24036	0.034257	0.15505	0.029825
Beam_428	24009	0.03425	0.15156	0.029993
Beam_428	24058	0.025696	0.1528	0.030954
Beam_428	24077	0.03425	0.15156	0.030993
Beam_428	24032	0.021899	0.15181	0.029987
Beam_428	24026	0.021898	0.1548	0.029843
Beam_428	24062	0.021898	0.1548	0.030846
Beam_428	24052	0.024757	0.15505	0.030828
Beam_428	24029	0.027595	0.1533	0.029931
Beam_428	24056	0.034257	0.15505	0.030828
Beam_428	24040	0.024757	0.15505	0.029825
Beam_428	24997	0.039	0.1568	0.030176
Beam_428	24061	0.027595	0.1533	0.030932
Beam_428	24060	0.021899	0.15181	0.030987
Beam_428	24078	0.031875	0.15218	0.030976
Beam_428	25001	0.02475	0.1568	0.030176
Beam_428	24071	0.037106	0.1548	0.030845
Beam_428	24073	0.02475	0.15156	0.030993
Beam_428	24013	0.02475	0.15156	0.029993
Beam_428	24019	0.037106	0.1548	0.029843
Beam_428	24065	0.037105	0.15182	0.030987
Beam_428	24022	0.037105	0.15182	0.029986
Beam_266	25080	0.03425	0.1778	0.024705
Beam_266	20132	0.027595	0.1743	0.025589
Beam_266	20186	0.022373	0.17668	0.025728
Beam_266	20133	0.025699	0.17381	0.025774
Beam_266	20175	0.035212	0.1753	0.026277
Beam_266	20124	0.02713	0.17543	0.025153
Beam_266	20149	0.03187	0.17318	0.026
Beam_266	25078	0.039	0.1778	0.024705
Beam_266	20151	0.02713	0.17318	0.026
Beam_266	20169	0.03187	0.17318	0.027061
Beam_266	20165	0.022379	0.17193	0.027485
Beam_266	20183	0.025693	0.1748	0.026469
Beam_266	20153	0.022379	0.17193	0.026431
Beam_266	20177	0.025699	0.17381	0.026838
Beam_266	20163	0.02713	0.17318	0.027061
Beam_266	20184	0.02713	0.17543	0.026227
Beam_266	25081	0.0295	0.1778	0.024705
Beam_266	20147	0.036621	0.17193	0.026431
Beam_266	20167	0.036621	0.17193	0.027485
Beam_266	20139	0.035212	0.1753	0.025204
Beam_266	20126	0.022373	0.17668	0.024645
Beam_266	20131	0.025693	0.1748	0.025398
Beam_266	20148	0.034249	0.17256	0.026219
Beam_266	20143	0.037103	0.17282	0.026127
Beam_266	20150	0.0295	0.1738	0.025774
Beam_266	20138	0.03332	0.17481	0.025397
Beam_266	20174	0.03332	0.17481	0.026468
Beam_266	20171	0.03521	0.17332	0.027013
Beam_266	20144	0.03521	0.17332	0.025951
Beam_266	25082	0.02475	0.1778	0.024705
Beam_266	20137	0.031422	0.17431	0.025587
Beam_266	20120	0.036634	0.17668	0.024645
Beam_266	20178	0.023798	0.17331	0.027016
Beam_266	20188	0.036634	0.17668	0.025728
Beam_266	20164	0.024751	0.17256	0.027276
Beam_266	20134	0.023798	0.17331	0.025955
Beam_266	20152	0.024751	0.17256	0.026219
Beam_266	20140	0.037109	0.1758	0.025005
Beam_266	20187	0.029514	0.17481	0.026467
Beam_266	20172	0.033313	0.17381	0.026835
Beam_266	20180	0.027595	0.1743	0.026656
Beam_266	20182	0.023797	0.1753	0.026278
Beam_266	20121	0.034258	0.17605	0.024903
Beam_266	20123	0.029514	0.17481	0.025397
Beam_266	20189	0.034258	0.17605	0.025982
Beam_266	20173	0.031422	0.17431	0.026654
Beam_266	20130	0.023797	0.1753	0.025205
Beam_266	20166	0.0295	0.1738	0.026839
Beam_266	20125	0.024756	0.17605	0.024903
Beam_266	20185	0.024756	0.17605	0.025982
Beam_266	20170	0.037103	0.17282	0.027186
Beam_266	20122	0.031891	0.17543	0.025153
Beam_266	20190	0.031891	0.17543	0.026227
Beam_266	20145	0.033313	0.17381	0.025771
Beam_266	20168	0.034249	0.17256	0.027276
Beam_266	20176	0.037109	0.1758	0.026082
Beam_266	20179	0.021902	0.17281	0.02719
Beam_266	20135	0.021902	0.17281	0.026131
Beam_266	20181	0.021895	0.1758	0.026083
Beam_266	25079	0.02	0.1778	0.024705
Beam_266	20129	0.021895	0.1758	0.025006
Beam_374	22762	0.037105	0.15882	0.030452
Beam_374	22714	0.031888	0.16143	0.029057
Beam_374	22735	0.037104	0.15882	0.029444
Beam_374	22774	0.023797	0.1613	0.030092
Beam_374	22772	0.027595	0.1603	0.030248
Beam_374	25025	0.02	0.1638	0.029125
Beam_374	25027	0.0295	0.1638	0.029125
Beam_374	22780	0.036631	0.16267	0.029853
Beam_374	22712	0.036631	0.16267	0.028836
Beam_374	22765	0.031422	0.16031	0.030247
Beam_374	22743	0.027127	0.15918	0.029397
Beam_374	22755	0.027127	0.15918	0.030406
Beam_374	22729	0.031422	0.16031	0.029236
Beam_374	22759	0.036624	0.15793	0.030559
Beam_374	22739	0.036624	0.15793	0.029553
Beam_374	22776	0.027133	0.16143	0.030071
Beam_374	22716	0.027133	0.16143	0.029057
Beam_374	22760	0.03425	0.15856	0.030485
Beam_374	22740	0.03425	0.15856	0.029478
Beam_374	22736	0.035211	0.15932	0.029378
Beam_374	22763	0.035211	0.15932	0.030388
Beam_374	22767	0.035211	0.1613	0.030092
Beam_374	22722	0.023797	0.1613	0.029079
Beam_374	22732	0.037107	0.1618	0.028994
Beam_374	22770	0.023798	0.15931	0.030389
Beam_374	25024	0.039	0.1638	0.029125
Beam_374	25028	0.02475	0.1638	0.029125
Beam_374	22777	0.024757	0.16205	0.029965
Beam_374	22717	0.024757	0.16205	0.02895
Beam_374	22721	0.021897	0.1618	0.028994
Beam_374	22744	0.02475	0.15856	0.029478
Beam_374	22756	0.02475	0.15856	0.030485
Beam_374	22773	0.021897	0.1618	0.030009
Beam_374	22727	0.0219	0.15881	0.029446
Beam_374	22758	0.0295	0.1598	0.03032
Beam_374	22771	0.0219	0.15881	0.030454
Beam_374	22742	0.0295	0.1598	0.02931
Beam_374	22737	0.033315	0.15981	0.029309
Beam_374	22764	0.033315	0.15981	0.030319
Beam_374	22775	0.025695	0.1608	0.030172
Beam_374	22723	0.025695	0.1608	0.029159
Beam_374	22730	0.033318	0.16081	0.029159
Beam_374	22769	0.025697	0.15981	0.03032
Beam_374	22725	0.025697	0.15981	0.02931
Beam_374	22761	0.031873	0.15918	0.030406
Beam_374	22741	0.031873	0.15918	0.029397
Beam_374	22726	0.023798	0.15931	0.02938
Beam_374	22766	0.033318	0.16081	0.030171
Beam_374	22731	0.035211	0.1613	0.029078
Beam_374	22768	0.037107	0.1618	0.030009
Beam_374	22745	0.022376	0.15793	0.029553
Beam_374	22782	0.031888	0.16143	0.030071
Beam_374	22718	0.022376	0.16267	0.028836
Beam_374	22779	0.029514	0.16081	0.030171
Beam_374	22713	0.034258	0.16205	0.02895
Beam_374	25026	0.03425	0.1638	0.029125
Beam_374	22757	0.022376	0.15793	0.030559
Beam_374	22724	0.027595	0.1603	0.029237
Beam_374	22715	0.029514	0.16081	0.029159
Beam_374	22778	0.022376	0.16267	0.029853
Beam_374	22781	0.034258	0.16205	0.029965
Beam_302	25341	0.03425	0.2358	0.029044
Beam_302	21034	0.037108	0.23082	0.028331
Beam_302	21046	0.023798	0.2333	0.028989
Beam_302	21014	0.0295	0.2318	0.027567
Beam_302	21052	0.036626	0.23467	0.029312
Beam_302	21044	0.027595	0.2323	0.028736
Beam_302	21040	0.037104	0.2338	0.02911
Beam_302	21042	0.023797	0.23131	0.028468
Beam_302	21004	0.037104	0.2338	0.028081
Beam_302	21002	0.033314	0.2328	0.027833
Beam_302	20984	0.036626	0.23467	0.028286
Beam_302	20996	0.027595	0.2323	0.027702
Beam_302	21001	0.031422	0.23231	0.027703
Beam_302	21039	0.035211	0.2333	0.028989
Beam_302	21015	0.027121	0.23118	0.027394
Beam_302	21007	0.037108	0.23082	0.027291
Beam_302	21027	0.027121	0.23118	0.028432
Beam_302	21051	0.029514	0.23281	0.028866
Beam_302	25340	0.02	0.2358	0.029044
Beam_302	21031	0.036629	0.22993	0.028072
Beam_302	21011	0.036629	0.22993	0.027027
Beam_302	20998	0.023797	0.23131	0.02743
Beam_302	21037	0.031422	0.23231	0.028737
Beam_302	25339	0.039	0.2358	0.029044
Beam_302	21009	0.033319	0.23181	0.02757
Beam_302	21038	0.033314	0.2328	0.028865
Beam_302	21033	0.031879	0.23118	0.028432
Beam_302	21017	0.022371	0.22993	0.027027
Beam_302	21028	0.024749	0.23056	0.028256
Beam_302	21013	0.031879	0.23118	0.027394
Beam_302	21016	0.024749	0.23056	0.027214
Beam_302	21043	0.021896	0.23081	0.028328
Beam_302	20999	0.021896	0.23081	0.027287
Beam_302	21053	0.034256	0.23405	0.029169
Beam_302	20997	0.025694	0.2318	0.027568
Beam_302	21041	0.025694	0.2318	0.028604
Beam_302	21029	0.022371	0.22993	0.028072
Beam_302	21049	0.024758	0.23405	0.029169
Beam_302	20989	0.024758	0.23405	0.028142
Beam_302	21054	0.031882	0.23343	0.02902
Beam_302	20986	0.031882	0.23343	0.027991
Beam_302	21032	0.034251	0.23056	0.028256
Beam_302	21030	0.0295	0.2318	0.028604
Beam_302	21012	0.034251	0.23056	0.027214
Beam_302	21045	0.021901	0.2338	0.029109
Beam_302	20995	0.025698	0.2328	0.027832
Beam_302	20993	0.021901	0.2338	0.028081
Beam_302	21047	0.025698	0.2328	0.028864
Beam_302	20994	0.023798	0.2333	0.027959
Beam_302	21036	0.033319	0.23181	0.028606
Beam_302	25343	0.02475	0.2358	0.029044
Beam_302	21035	0.035212	0.23132	0.028471
Beam_302	20985	0.034256	0.23405	0.028142
Beam_302	21008	0.035212	0.23132	0.027432
Beam_302	20988	0.027139	0.23343	0.027991
Beam_302	20987	0.029514	0.23281	0.027834
Beam_302	21050	0.022381	0.23467	0.029312
Beam_302	20990	0.022381	0.23467	0.028286
Beam_302	25342	0.0295	0.2358	0.029044
Beam_302	21003	0.035211	0.2333	0.027959
Beam_302	21048	0.027139	0.23343	0.02902
Beam_320	25051	0.039	0.1708	0.027323
Beam_320	21434	0.033319	0.16781	0.027673
Beam_320	21474	0.023798	0.16631	0.029084
Beam_320	21435	0.035212	0.1683	0.027539
Beam_320	21464	0.034249	0.16556	0.02926
Beam_320	21436	0.037108	0.1688	0.0274
Beam_320	21469	0.031422	0.16731	0.028837
Beam_320	21460	0.024751	0.16556	0.02926
Beam_320	25052	0.02	0.1708	0.027323
Beam_320	21444	0.034249	0.16556	0.028234
Beam_320	21476	0.027595	0.1673	0.028838
Beam_320	21470	0.033319	0.16781	0.028708
Beam_320	21448	0.024751	0.16556	0.028234
Beam_320	21426	0.023797	0.1683	0.027539
Beam_320	21439	0.037104	0.16582	0.028172
Beam_320	21466	0.037104	0.16582	0.029199
Beam_320	21433	0.031422	0.16731	0.027804
Beam_320	25055	0.02475	0.1708	0.027323
Beam_320	21421	0.024756	0.16905	0.027328
Beam_320	21485	0.034258	0.16905	0.028368
Beam_320	21472	0.037108	0.1688	0.028438
Beam_320	21471	0.035212	0.1683	0.028575
Beam_320	21486	0.031889	0.16843	0.02854
Beam_320	21449	0.022378	0.16493	0.028375
Beam_320	21461	0.022378	0.16493	0.029399
Beam_320	21483	0.029514	0.16781	0.028707
Beam_320	21475	0.021901	0.16581	0.029202
Beam_320	21431	0.021901	0.16581	0.028175
Beam_320	21425	0.021896	0.1688	0.0274
Beam_320	21477	0.021896	0.1688	0.028439
Beam_320	21441	0.033315	0.16681	0.027931
Beam_320	21468	0.033315	0.16681	0.028961
Beam_320	21427	0.025694	0.1678	0.027674
Beam_320	21462	0.0295	0.1668	0.028964
Beam_320	21479	0.025694	0.1678	0.028709
Beam_320	21419	0.029514	0.16781	0.027673
Beam_320	21418	0.031889	0.16843	0.027503
Beam_320	21428	0.027595	0.1673	0.027805
Beam_320	21417	0.034258	0.16905	0.027328
Beam_320	21440	0.035211	0.16632	0.028053
Beam_320	21430	0.023798	0.16631	0.028056
Beam_320	21473	0.025698	0.16681	0.028963
Beam_320	21465	0.031872	0.16618	0.029114
Beam_320	21429	0.025698	0.16681	0.027932
Beam_320	21445	0.031872	0.16618	0.028086
Beam_320	21446	0.0295	0.1668	0.027933
Beam_320	21467	0.035211	0.16632	0.029082
Beam_320	25054	0.0295	0.1708	0.027323
Beam_320	21478	0.023797	0.1683	0.028576
Beam_320	21422	0.022375	0.16967	0.027146
Beam_320	21482	0.022375	0.16967	0.028188
Beam_320	21459	0.027128	0.16618	0.029114
Beam_320	21481	0.024756	0.16905	0.028368
Beam_320	21447	0.027128	0.16618	0.028086
Beam_320	21443	0.036622	0.16493	0.028375
Beam_320	21463	0.036622	0.16493	0.029399
Beam_320	25053	0.03425	0.1708	0.027323
Beam_320	21480	0.027132	0.16843	0.02854
Beam_320	21484	0.036632	0.16967	0.028188
Beam_320	21416	0.036632	0.16967	0.027146
Beam_320	21420	0.027132	0.16843	0.027503
Beam_15	25106	0.04	0.20081	0.010193
Beam_15	25109	0.04475	0.20081	0.010193
Beam_15	25107	0.05425	0.20081	0.010193
Beam_15	25108	0.0495	0.20081	0.010193
Beam_15	25105	0.059	0.20081	0.010193
Beam_107	16243	0.047595	0.1953	0.013055
Beam_107	25098	0.05425	0.19899	0.010367
Beam_107	16293	0.044759	0.19356	0.015807
Beam_107	16257	0.044745	0.19705	0.011477
Beam_107	16325	0.043794	0.1963	0.01351
Beam_107	16261	0.051422	0.19531	0.013051
Beam_107	16296	0.0495	0.1948	0.014794
Beam_107	16268	0.055215	0.1963	0.012167
Beam_107	16262	0.053307	0.19481	0.013476
Beam_107	16319	0.051103	0.19622	0.013578
Beam_107	16311	0.044746	0.19705	0.012836
Beam_107	16263	0.055208	0.19432	0.013897
Beam_107	16307	0.055208	0.19432	0.015195
Beam_107	16291	0.047924	0.19439	0.015136
Beam_107	16258	0.043166	0.19747	0.011088
Beam_107	16314	0.049514	0.19581	0.013942
Beam_107	16323	0.047595	0.1953	0.014373
Beam_107	16264	0.057097	0.19382	0.014307
Beam_107	16324	0.041888	0.1968	0.013065
Beam_107	16317	0.054268	0.19705	0.012836
Beam_107	16240	0.041888	0.1968	0.011712
Beam_107	16275	0.051076	0.19439	0.013836
Beam_107	16242	0.045686	0.1958	0.012614
Beam_107	16276	0.0495	0.1948	0.013486
Beam_107	16309	0.04792	0.19622	0.013578
Beam_107	16326	0.045686	0.1958	0.013944
Beam_107	16295	0.04159	0.19273	0.016457
Beam_107	16255	0.04792	0.19622	0.012239
Beam_107	16281	0.04159	0.19273	0.015189
Beam_107	16313	0.041577	0.19788	0.01207
Beam_107	16259	0.041577	0.19788	0.010691
Beam_107	16277	0.047924	0.19439	0.013836
Beam_107	16251	0.054269	0.19705	0.011477
Beam_107	16271	0.05741	0.19273	0.015189
Beam_107	16297	0.05741	0.19273	0.016457
Beam_107	16298	0.05583	0.19314	0.016135
Beam_107	16279	0.044759	0.19356	0.014523
Beam_107	25097	0.04	0.19899	0.010367
Beam_107	16303	0.055214	0.1963	0.013508
Beam_107	16308	0.057097	0.19382	0.015596
Beam_107	16274	0.052663	0.19397	0.014183
Beam_107	16302	0.057116	0.1968	0.013064
Beam_107	25096	0.059	0.19899	0.010367
Beam_107	16246	0.041908	0.19381	0.014317
Beam_107	16315	0.057428	0.19788	0.01207
Beam_107	16272	0.055829	0.19314	0.01486
Beam_107	16250	0.055844	0.19747	0.011088
Beam_107	16267	0.057116	0.1968	0.011711
Beam_107	16305	0.051422	0.19531	0.01437
Beam_107	16245	0.043801	0.19431	0.013905
Beam_107	16322	0.041907	0.19381	0.015606
Beam_107	16304	0.053326	0.19581	0.013941
Beam_107	25099	0.0495	0.19899	0.010367
Beam_107	16316	0.055843	0.19747	0.012457
Beam_107	16273	0.054241	0.19356	0.014523
Beam_107	16299	0.054241	0.19356	0.015807
Beam_107	16321	0.0438	0.19431	0.015203
Beam_107	16280	0.043171	0.19314	0.01486
Beam_107	25100	0.04475	0.19899	0.010367
Beam_107	16249	0.057428	0.19788	0.010691
Beam_107	16269	0.053326	0.19581	0.012611
Beam_107	16294	0.04317	0.19314	0.016135
Beam_107	16312	0.043166	0.19747	0.012457
Beam_107	16278	0.046337	0.19397	0.014183
Beam_107	16252	0.052682	0.19664	0.011862
Beam_107	16244	0.045705	0.19481	0.013482
Beam_107	16241	0.043794	0.1963	0.012169
Beam_107	16300	0.052663	0.19397	0.015475
Beam_107	16253	0.051104	0.19622	0.012239
Beam_107	16318	0.052681	0.19664	0.013211
Beam_107	16320	0.045705	0.19481	0.01479
Beam_107	16301	0.051076	0.19439	0.015136
Beam_107	16254	0.049514	0.19581	0.012612
Beam_107	16292	0.046337	0.19397	0.015475
Beam_107	16310	0.046338	0.19664	0.013211
Beam_107	16306	0.053307	0.19481	0.014785
Beam_107	16256	0.046337	0.19664	0.011862
Beam_89	25208	0.04475	0.2078	0.016231
Beam_89	15780	0.052672	0.20297	0.012858
Beam_89	15749	0.045686	0.2038	0.012262
Beam_89	15768	0.051088	0.20522	0.014813
Beam_89	15787	0.043161	0.20214	0.012092
Beam_89	15730	0.043161	0.20214	0.010713
Beam_89	15760	0.045686	0.2038	0.013601
Beam_89	15764	0.057412	0.20688	0.016152
Beam_89	15770	0.049514	0.20481	0.014466
Beam_89	15748	0.047595	0.2043	0.012709
Beam_89	15740	0.044766	0.20605	0.014202
Beam_89	15724	0.055208	0.2053	0.013575
Beam_89	15791	0.055208	0.2053	0.014881
Beam_89	15743	0.057412	0.20688	0.014877
Beam_89	15794	0.051422	0.20431	0.01404
Beam_89	15784	0.047908	0.20339	0.013232
Beam_89	15723	0.053307	0.2048	0.013146
Beam_89	15746	0.052672	0.20564	0.013857
Beam_89	15755	0.041908	0.2058	0.015287
Beam_89	15725	0.057096	0.2058	0.013992
Beam_89	15781	0.051092	0.20339	0.013232
Beam_89	15767	0.052672	0.20564	0.015156
Beam_89	15752	0.041908	0.2058	0.013991
Beam_89	15773	0.044766	0.20605	0.015493
Beam_89	15735	0.052672	0.20297	0.0115
Beam_89	15790	0.053307	0.2048	0.014463
Beam_89	15759	0.047595	0.2043	0.014037
Beam_89	15719	0.057116	0.20282	0.011357
Beam_89	15754	0.045706	0.2048	0.013143
Beam_89	15738	0.047936	0.20522	0.013505
Beam_89	15757	0.045705	0.2048	0.01446
Beam_89	15761	0.043794	0.20331	0.01316
Beam_89	15737	0.049514	0.20481	0.01315
Beam_89	15785	0.046328	0.20297	0.012858
Beam_89	15728	0.046328	0.20297	0.0115
Beam_89	15772	0.046347	0.20564	0.015156
Beam_89	15739	0.046347	0.20564	0.013857
Beam_89	15783	0.0495	0.2038	0.013602
Beam_89	15733	0.055839	0.20214	0.010713
Beam_89	15778	0.055839	0.20214	0.012092
Beam_89	15729	0.044738	0.20255	0.011108
Beam_89	15753	0.043801	0.2053	0.013573
Beam_89	15771	0.047936	0.20522	0.014813
Beam_89	15756	0.0438	0.2053	0.014879
Beam_89	15797	0.053326	0.20381	0.013607
Beam_89	15747	0.051088	0.20522	0.013505
Beam_89	15721	0.053327	0.20381	0.012268
Beam_89	15766	0.054248	0.20605	0.015493
Beam_89	15745	0.054248	0.20605	0.014202
Beam_89	15720	0.055215	0.20332	0.011819
Beam_89	25207	0.0495	0.2078	0.016231
Beam_89	15796	0.055215	0.20332	0.013169
Beam_89	15774	0.043175	0.20647	0.015826
Beam_89	15741	0.043176	0.20647	0.014543
Beam_89	15786	0.044738	0.20255	0.012477
Beam_89	15750	0.043794	0.20331	0.01181
Beam_89	15777	0.057426	0.20172	0.011699
Beam_89	15795	0.057116	0.20282	0.012719
Beam_89	15734	0.054262	0.20255	0.011108
Beam_89	15788	0.041574	0.20172	0.011699
Beam_89	15765	0.055834	0.20647	0.015826
Beam_89	25206	0.05425	0.2078	0.016231
Beam_89	15731	0.041574	0.20172	0.010308
Beam_89	15736	0.051092	0.20339	0.011883
Beam_89	25204	0.059	0.2078	0.016231
Beam_89	15779	0.054262	0.20255	0.012477
Beam_89	25205	0.04	0.2078	0.016231
Beam_89	15775	0.041593	0.20688	0.016152
Beam_89	15722	0.051422	0.20431	0.012713
Beam_89	15792	0.057097	0.2058	0.015288
Beam_89	15726	0.0495	0.2038	0.012263
Beam_89	15744	0.055834	0.20647	0.014543
Beam_89	15762	0.041888	0.20281	0.012708
Beam_89	15732	0.057426	0.20172	0.010308
Beam_89	15727	0.047908	0.20339	0.011883
Beam_89	15751	0.041888	0.20281	0.011346
Beam_89	15742	0.041593	0.20688	0.014877
Beam_143	17191	0.043795	0.21031	0.017449
Beam_143	17200	0.056637	0.20893	0.016456
Beam_143	17229	0.042388	0.21367	0.020845
Beam_143	17205	0.056637	0.20893	0.017696
Beam_143	17184	0.042388	0.21367	0.019672
Beam_143	17207	0.051886	0.21018	0.018579
Beam_143	17233	0.057099	0.2128	0.020306
Beam_143	17179	0.057099	0.2128	0.019122
Beam_143	17194	0.043799	0.2123	0.0188
Beam_143	17181	0.049514	0.21181	0.018476
Beam_143	17202	0.051886	0.21018	0.017358
Beam_143	17215	0.043799	0.2123	0.01999
Beam_143	17174	0.055213	0.21032	0.017456
Beam_143	17211	0.044747	0.20956	0.018144
Beam_143	17220	0.043795	0.21031	0.018668
Beam_143	17198	0.044746	0.20956	0.016914
Beam_143	17209	0.0495	0.2108	0.019007
Beam_143	17193	0.041905	0.2128	0.019121
Beam_143	17218	0.047595	0.2113	0.019342
Beam_143	25376	0.04	0.2148	0.020937
Beam_143	17216	0.045703	0.2118	0.019668
Beam_143	17195	0.045703	0.2118	0.018471
Beam_143	17210	0.047114	0.21018	0.018579
Beam_143	17197	0.047114	0.21018	0.017358
Beam_143	17189	0.047595	0.2113	0.018138
Beam_143	17176	0.051422	0.21131	0.018141
Beam_143	17175	0.053323	0.21081	0.017801
Beam_143	25379	0.04475	0.2148	0.020937
Beam_143	17237	0.053323	0.21081	0.019011
Beam_143	17201	0.054254	0.20956	0.016914
Beam_143	17224	0.054254	0.21305	0.020464
Beam_143	17187	0.054254	0.21305	0.019283
Beam_143	17235	0.057112	0.20982	0.018329
Beam_143	17173	0.057113	0.20982	0.017103
Beam_143	17206	0.054253	0.20956	0.018144
Beam_143	17186	0.056619	0.21367	0.019672
Beam_143	25377	0.05425	0.2148	0.020937
Beam_143	17226	0.049514	0.21181	0.019673
Beam_143	17223	0.056619	0.21367	0.020845
Beam_143	17192	0.041892	0.20981	0.017095
Beam_143	17227	0.047145	0.21243	0.020072
Beam_143	17221	0.041892	0.20981	0.01832
Beam_143	17177	0.05331	0.2118	0.018473
Beam_143	17196	0.0495	0.2108	0.017796
Beam_143	17212	0.042363	0.20893	0.017696
Beam_143	17199	0.042363	0.20893	0.016456
Beam_143	17232	0.055209	0.2123	0.019992
Beam_143	17214	0.041905	0.2128	0.020305
Beam_143	17236	0.055213	0.21032	0.018674
Beam_143	17178	0.055209	0.2123	0.018801
Beam_143	17183	0.04476	0.21305	0.019283
Beam_143	17228	0.04476	0.21305	0.020464
Beam_143	17182	0.047145	0.21243	0.018883
Beam_143	17231	0.05331	0.2118	0.01967
Beam_143	25375	0.059	0.2148	0.020937
Beam_143	17225	0.051876	0.21243	0.020072
Beam_143	17219	0.045689	0.2108	0.019007
Beam_143	17190	0.045689	0.2108	0.017796
Beam_143	25378	0.0495	0.2148	0.020937
Beam_143	17234	0.051422	0.21131	0.019345
Beam_143	17188	0.051876	0.21243	0.018883
Beam_161	17662	0.05426	0.19005	0.018419
Beam_161	17632	0.0571	0.18682	0.019364
Beam_161	17648	0.055213	0.1893	0.018935
Beam_161	17633	0.055209	0.18732	0.019049
Beam_161	17644	0.055209	0.18732	0.020234
Beam_161	17601	0.043795	0.1893	0.017724
Beam_161	17654	0.056616	0.18594	0.021082
Beam_161	17610	0.054261	0.19005	0.017196
Beam_161	17659	0.042367	0.19068	0.017978
Beam_161	17618	0.056616	0.18594	0.019914
Beam_161	17615	0.042367	0.19068	0.016745
Beam_161	17661	0.05664	0.19068	0.017978
Beam_161	17606	0.041905	0.18681	0.019372
Beam_161	17609	0.05664	0.19068	0.016745
Beam_161	17666	0.041905	0.18681	0.020551
Beam_161	17628	0.055213	0.1893	0.017723
Beam_161	17652	0.042384	0.18594	0.021082
Beam_161	17624	0.042384	0.18594	0.019914
Beam_161	17645	0.05331	0.18781	0.019918
Beam_161	17634	0.05331	0.18781	0.018726
Beam_161	17663	0.051896	0.18943	0.018847
Beam_161	17668	0.041892	0.1898	0.018595
Beam_161	17600	0.041892	0.1898	0.017375
Beam_161	25187	0.04	0.1918	0.016529
Beam_161	17647	0.053323	0.18881	0.019269
Beam_161	17619	0.054247	0.18656	0.01953
Beam_161	17611	0.051896	0.18943	0.017633
Beam_161	17655	0.054247	0.18656	0.020706
Beam_161	25188	0.05425	0.1918	0.016529
Beam_161	17669	0.043795	0.1893	0.018937
Beam_161	17627	0.053323	0.18881	0.018063
Beam_161	17643	0.0571	0.18682	0.020543
Beam_161	25190	0.04475	0.1918	0.016529
Beam_161	17670	0.04569	0.1888	0.019271
Beam_161	17605	0.043799	0.18731	0.019055
Beam_161	17626	0.051422	0.18831	0.0184
Beam_161	17653	0.0495	0.1878	0.019925
Beam_161	17620	0.051865	0.18718	0.019135
Beam_161	17621	0.0495	0.1878	0.018733
Beam_161	17649	0.057112	0.1898	0.018594
Beam_161	17656	0.051866	0.18718	0.020319
Beam_161	17614	0.044754	0.19005	0.017196
Beam_161	17658	0.044754	0.19005	0.018419
Beam_161	17602	0.045689	0.1888	0.018066
Beam_161	17650	0.047134	0.18718	0.020319
Beam_161	17651	0.044753	0.18656	0.020706
Beam_161	17665	0.043799	0.18731	0.02024
Beam_161	17623	0.044753	0.18656	0.01953
Beam_161	17622	0.047135	0.18718	0.019135
Beam_161	17667	0.047595	0.1883	0.019601
Beam_161	17612	0.049514	0.18881	0.018063
Beam_161	25186	0.059	0.1918	0.016529
Beam_161	17604	0.045702	0.18781	0.018731
Beam_161	17613	0.047125	0.18943	0.017633
Beam_161	17664	0.045702	0.18781	0.019923
Beam_161	17657	0.047125	0.18943	0.018847
Beam_161	17603	0.047595	0.1883	0.018402
Beam_161	25189	0.0495	0.1918	0.016529
Beam_161	17629	0.057112	0.1898	0.017374
Beam_161	17646	0.051422	0.18831	0.019598
Beam_161	17660	0.049514	0.18881	0.019269
Beam_197	18482	0.056622	0.22067	0.023467
Beam_197	18517	0.056622	0.22067	0.02457
Beam_197	18474	0.051422	0.21831	0.022301
Beam_197	18508	0.041903	0.2198	0.024159
Beam_197	18530	0.051422	0.21831	0.023425
Beam_197	25388	0.04475	0.2218	0.024532
Beam_197	18500	0.054252	0.21656	0.022504
Beam_197	18522	0.047142	0.21943	0.023981
Beam_197	18519	0.051879	0.21943	0.023981
Beam_197	25384	0.059	0.2218	0.024532
Beam_197	18492	0.0495	0.2178	0.022038
Beam_197	18506	0.042367	0.21593	0.02216
Beam_197	18495	0.042367	0.21593	0.021013
Beam_197	18484	0.051879	0.21943	0.022867
Beam_197	25386	0.05425	0.2218	0.024532
Beam_197	18503	0.0495	0.2178	0.023166
Beam_197	25387	0.0495	0.2218	0.024532
Beam_197	18476	0.05521	0.2193	0.022805
Beam_197	18526	0.053312	0.2188	0.023674
Beam_197	18499	0.056633	0.21593	0.02216
Beam_197	18496	0.056633	0.21593	0.021013
Beam_197	18527	0.05521	0.2193	0.02392
Beam_197	18524	0.042385	0.22067	0.02457
Beam_197	18523	0.044759	0.22005	0.02428
Beam_197	18479	0.047142	0.21943	0.022867
Beam_197	18491	0.045701	0.2188	0.022553
Beam_197	18489	0.041903	0.2198	0.023049
Beam_197	18513	0.045691	0.2178	0.023166
Beam_197	18475	0.053312	0.2188	0.022555
Beam_197	18533	0.053321	0.21781	0.02317
Beam_197	18528	0.057101	0.2198	0.02416
Beam_197	18487	0.043796	0.21731	0.021773
Beam_197	18493	0.047117	0.21718	0.021704
Beam_197	18477	0.057101	0.2198	0.023049
Beam_197	18504	0.047117	0.21718	0.022838
Beam_197	18514	0.043796	0.21731	0.022906
Beam_197	18471	0.05711	0.21682	0.021508
Beam_197	18531	0.05711	0.21682	0.022646
Beam_197	18481	0.042385	0.22067	0.023467
Beam_197	18497	0.054252	0.21656	0.021363
Beam_197	18483	0.054255	0.22005	0.023172
Beam_197	18512	0.047595	0.2183	0.023423
Beam_197	18485	0.047595	0.2183	0.022299
Beam_197	18521	0.049514	0.21881	0.023676
Beam_197	18478	0.049514	0.21881	0.022557
Beam_197	18472	0.055212	0.21732	0.021778
Beam_197	18480	0.044759	0.22005	0.023172
Beam_197	18515	0.041894	0.21681	0.02264
Beam_197	18532	0.055212	0.21732	0.022911
Beam_197	18518	0.054255	0.22005	0.02428
Beam_197	18488	0.041894	0.21681	0.021502
Beam_197	25385	0.04	0.2218	0.024532
Beam_197	18501	0.051883	0.21718	0.022838
Beam_197	18510	0.045701	0.2188	0.023673
Beam_197	18494	0.044748	0.21656	0.021363
Beam_197	18473	0.053321	0.21781	0.022042
Beam_197	18505	0.044748	0.21656	0.022504
Beam_197	18486	0.045691	0.2178	0.022038
Beam_197	18498	0.051883	0.21718	0.021704
Beam_197	18509	0.043799	0.2193	0.023919
Beam_197	18490	0.043799	0.2193	0.022804
Beam_359	22361	0.0419	0.2408	0.029394
Beam_359	22412	0.047595	0.2393	0.030188
Beam_359	22357	0.044757	0.24105	0.029427
Beam_359	22416	0.047137	0.24043	0.030353
Beam_359	22413	0.0419	0.2408	0.030403
Beam_359	22364	0.047595	0.2393	0.029176
Beam_359	22417	0.044757	0.24105	0.030436
Beam_359	22382	0.0495	0.2388	0.029096
Beam_359	22375	0.057107	0.23782	0.028927
Beam_359	22400	0.054251	0.23756	0.029895
Beam_359	22380	0.054251	0.23756	0.028879
Beam_359	22365	0.045695	0.2388	0.029096
Beam_359	22409	0.045695	0.2388	0.030109
Beam_359	22363	0.045697	0.2398	0.029252
Beam_359	22367	0.041897	0.23781	0.028924
Beam_359	22402	0.057107	0.23782	0.029942
Beam_359	22415	0.045697	0.2398	0.030263
Beam_359	22398	0.0495	0.2388	0.030109
Beam_359	22421	0.054257	0.24105	0.030436
Beam_359	22353	0.054257	0.24105	0.029427
Beam_359	22401	0.051877	0.23818	0.030005
Beam_359	22411	0.041897	0.23781	0.02994
Beam_359	22381	0.051877	0.23818	0.02899
Beam_359	25412	0.04	0.2428	0.030136
Beam_359	25415	0.04475	0.2428	0.030136
Beam_359	22420	0.056627	0.24167	0.030513
Beam_359	22384	0.044749	0.23756	0.028879
Beam_359	22396	0.044749	0.23756	0.029895
Beam_359	22408	0.057104	0.2408	0.030403
Beam_359	22403	0.055211	0.23832	0.030028
Beam_359	22422	0.051884	0.24043	0.030353
Beam_359	22414	0.043798	0.2403	0.030335
Beam_359	22371	0.055211	0.2403	0.029325
Beam_359	22419	0.049514	0.23981	0.030264
Beam_359	22355	0.049514	0.23981	0.029253
Beam_359	22383	0.047123	0.23818	0.02899
Beam_359	22354	0.051884	0.24043	0.029343
Beam_359	22395	0.047123	0.23818	0.030005
Beam_359	22410	0.043797	0.23831	0.030027
Beam_359	22362	0.043798	0.2403	0.029325
Beam_359	22366	0.043797	0.23831	0.029012
Beam_359	22405	0.051422	0.23931	0.030189
Beam_359	22369	0.051422	0.23931	0.029177
Beam_359	22377	0.053318	0.23881	0.029097
Beam_359	22404	0.053318	0.23881	0.03011
Beam_359	22379	0.056627	0.23693	0.028762
Beam_359	22406	0.053315	0.2398	0.030264
Beam_359	25413	0.05425	0.2428	0.030136
Beam_359	22352	0.056627	0.24167	0.029506
Beam_359	22418	0.04238	0.24167	0.030513
Beam_359	22358	0.04238	0.24167	0.029506
Beam_359	22356	0.047137	0.24043	0.029343
Beam_359	22407	0.055211	0.2403	0.030335
Beam_359	22372	0.057104	0.2408	0.029394
Beam_359	22399	0.056627	0.23693	0.02978
Beam_359	25414	0.0495	0.2428	0.030136
Beam_359	22370	0.053315	0.2398	0.029253
Beam_359	22376	0.055211	0.23832	0.029014
Beam_359	22385	0.042373	0.23693	0.028762
Beam_359	22397	0.042373	0.23693	0.02978
Beam_359	25411	0.059	0.2428	0.030136
Beam_215	18950	0.053321	0.18181	0.023367
Beam_215	18921	0.053312	0.18081	0.022748
Beam_215	25197	0.05425	0.1848	0.021166
Beam_215	18916	0.05711	0.1828	0.021715
Beam_215	18905	0.041894	0.1828	0.021716
Beam_215	18944	0.054248	0.17956	0.024464
Beam_215	25196	0.04	0.1848	0.021166
Beam_215	18953	0.045701	0.18081	0.023867
Beam_215	18923	0.056619	0.17893	0.02365
Beam_215	18943	0.056619	0.17893	0.02475
Beam_215	18914	0.053321	0.18181	0.022242
Beam_215	18925	0.051868	0.18018	0.023059
Beam_215	18948	0.053312	0.18081	0.023864
Beam_215	18945	0.051868	0.18018	0.024169
Beam_215	18907	0.045691	0.1818	0.022244
Beam_215	18959	0.045692	0.1818	0.023369
Beam_215	18939	0.047132	0.18018	0.024169
Beam_215	18927	0.047132	0.18018	0.023059
Beam_215	18900	0.047128	0.18243	0.021914
Beam_215	18960	0.047128	0.18243	0.023044
Beam_215	18956	0.047595	0.1813	0.023621
Beam_215	18957	0.041894	0.1828	0.02285
Beam_215	18909	0.045701	0.18081	0.022752
Beam_215	18952	0.05711	0.1828	0.02285
Beam_215	18898	0.051893	0.18243	0.021914
Beam_215	18954	0.043799	0.18031	0.024109
Beam_215	18966	0.051893	0.18243	0.023044
Beam_215	18910	0.043799	0.18031	0.022998
Beam_215	18896	0.056636	0.18368	0.021234
Beam_215	18955	0.041903	0.17981	0.024346
Beam_215	18911	0.041903	0.17981	0.023239
Beam_215	18963	0.049514	0.18181	0.023367
Beam_215	18901	0.044755	0.18305	0.021579
Beam_215	18961	0.044755	0.18305	0.022716
Beam_215	18928	0.044752	0.17956	0.023359
Beam_215	18940	0.044752	0.17956	0.024464
Beam_215	18941	0.042381	0.17893	0.02475
Beam_215	18902	0.042371	0.18368	0.021234
Beam_215	25199	0.04475	0.1848	0.021166
Beam_215	18929	0.042381	0.17893	0.02365
Beam_215	18949	0.051422	0.18131	0.023619
Beam_215	18962	0.042371	0.18368	0.022377
Beam_215	18920	0.05521	0.18032	0.022993
Beam_215	18964	0.056636	0.18368	0.022377
Beam_215	18913	0.051422	0.18131	0.022499
Beam_215	25195	0.059	0.1848	0.021166
Beam_215	18947	0.05521	0.18032	0.024105
Beam_215	18899	0.049514	0.18181	0.022242
Beam_215	18908	0.047595	0.1813	0.022501
Beam_215	18915	0.055212	0.1823	0.021982
Beam_215	18951	0.055212	0.1823	0.023111
Beam_215	18919	0.057101	0.17982	0.023233
Beam_215	18942	0.0495	0.1808	0.023869
Beam_215	18924	0.054248	0.17956	0.023359
Beam_215	25198	0.0495	0.1848	0.021166
Beam_215	18946	0.057101	0.17982	0.02434
Beam_215	18926	0.0495	0.1808	0.022753
Beam_215	18958	0.043796	0.1823	0.023113
Beam_215	18906	0.043796	0.1823	0.021983
Beam_215	18965	0.054259	0.18305	0.022716
Beam_215	18897	0.054259	0.18305	0.021579
Beam_251	19807	0.04712	0.22418	0.026074
Beam_251	19784	0.043798	0.2263	0.025812
Beam_251	19820	0.049514	0.22581	0.026696
Beam_251	19825	0.05521	0.2263	0.026877
Beam_251	19829	0.055212	0.22432	0.026128
Beam_251	19827	0.051422	0.22531	0.02651
Beam_251	19768	0.049514	0.22581	0.02563
Beam_251	19815	0.043797	0.22431	0.026124
Beam_251	19794	0.05188	0.22418	0.024996
Beam_251	19774	0.056624	0.22767	0.026298
Beam_251	19830	0.05332	0.22481	0.026321
Beam_251	19817	0.056624	0.22767	0.027354
Beam_251	19805	0.05188	0.22418	0.026074
Beam_251	19771	0.042383	0.22767	0.026298
Beam_251	19823	0.042383	0.22767	0.027354
Beam_251	19819	0.051881	0.22643	0.026922
Beam_251	19826	0.057103	0.2268	0.027053
Beam_251	19763	0.051422	0.22531	0.025441
Beam_251	25397	0.04475	0.2288	0.027198
Beam_251	19788	0.044749	0.22356	0.024742
Beam_251	19808	0.044749	0.22356	0.025823
Beam_251	19762	0.05332	0.22481	0.025248
Beam_251	19776	0.051881	0.22643	0.025859
Beam_251	19766	0.057103	0.2268	0.025992
Beam_251	19811	0.043798	0.2263	0.026876
Beam_251	19787	0.04712	0.22418	0.024996
Beam_251	19780	0.041895	0.22381	0.024845
Beam_251	19765	0.05521	0.2263	0.025813
Beam_251	19816	0.041895	0.22381	0.025925
Beam_251	25394	0.04	0.2288	0.027198
Beam_251	19769	0.04714	0.22643	0.025859
Beam_251	25395	0.05425	0.2288	0.027198
Beam_251	19793	0.054251	0.22356	0.024742
Beam_251	19777	0.047595	0.2253	0.025439
Beam_251	19786	0.0495	0.2248	0.025245
Beam_251	19813	0.047595	0.2253	0.026509
Beam_251	19810	0.041902	0.2268	0.027053
Beam_251	19760	0.057109	0.22382	0.02485
Beam_251	19783	0.041902	0.2268	0.025992
Beam_251	19778	0.045693	0.2248	0.025245
Beam_251	19804	0.054251	0.22356	0.025823
Beam_251	19803	0.056631	0.22293	0.025565
Beam_251	19818	0.054256	0.22705	0.027142
Beam_251	19792	0.056631	0.22293	0.024479
Beam_251	19770	0.044758	0.22705	0.026082
Beam_251	19775	0.054256	0.22705	0.026082
Beam_251	19822	0.044758	0.22705	0.027142
Beam_251	19814	0.045693	0.2248	0.026318
Beam_251	19821	0.04714	0.22643	0.026922
Beam_251	19761	0.055212	0.22432	0.025052
Beam_251	19812	0.045699	0.2258	0.026694
Beam_251	19806	0.0495	0.2248	0.026318
Beam_251	19779	0.043797	0.22431	0.025048
Beam_251	19789	0.042369	0.22293	0.024479
Beam_251	19785	0.045699	0.2258	0.025627
Beam_251	25396	0.0495	0.2288	0.027198
Beam_251	19828	0.057109	0.22382	0.02593
Beam_251	19809	0.042369	0.22293	0.025565
Beam_251	25393	0.059	0.2288	0.027198
Beam_251	19764	0.053313	0.2258	0.025629
Beam_251	19824	0.053313	0.2258	0.026695
Beam_269	20239	0.056621	0.17193	0.027485
Beam_269	20240	0.054249	0.17256	0.027276
Beam_269	25072	0.0495	0.1778	0.024705
Beam_269	20247	0.055212	0.1753	0.026277
Beam_269	20211	0.055212	0.1753	0.025204
Beam_269	25071	0.05425	0.1778	0.024705
Beam_269	20220	0.054249	0.17256	0.026219
Beam_269	20259	0.049514	0.17481	0.026467
Beam_269	20243	0.05521	0.17332	0.027013
Beam_269	20193	0.054258	0.17605	0.024903
Beam_269	20209	0.051422	0.17431	0.025587
Beam_269	20195	0.049514	0.17481	0.025397
Beam_269	20261	0.054258	0.17605	0.025982
Beam_269	20219	0.056621	0.17193	0.026431
Beam_269	20238	0.0495	0.1738	0.026839
Beam_269	20223	0.04713	0.17318	0.026
Beam_269	20235	0.04713	0.17318	0.027061
Beam_269	20222	0.0495	0.1738	0.025774
Beam_269	25069	0.059	0.1778	0.024705
Beam_269	20204	0.047595	0.1743	0.025589
Beam_269	20216	0.05521	0.17332	0.025951
Beam_269	20245	0.051422	0.17431	0.026654
Beam_269	20256	0.04713	0.17543	0.026227
Beam_269	20196	0.04713	0.17543	0.025153
Beam_269	20252	0.047595	0.1743	0.026656
Beam_269	20206	0.043798	0.17331	0.025955
Beam_269	20205	0.045699	0.17381	0.025774
Beam_269	20249	0.045699	0.17381	0.026838
Beam_269	20217	0.053313	0.17381	0.025771
Beam_269	20237	0.042379	0.17193	0.027485
Beam_269	20260	0.056634	0.17668	0.025728
Beam_269	20244	0.053313	0.17381	0.026835
Beam_269	25070	0.04	0.1778	0.024705
Beam_269	20248	0.057109	0.1758	0.026082
Beam_269	20198	0.042373	0.17668	0.024645
Beam_269	20258	0.042373	0.17668	0.025728
Beam_269	20236	0.044751	0.17256	0.027276
Beam_269	20224	0.044751	0.17256	0.026219
Beam_269	20255	0.045693	0.1748	0.026469
Beam_269	20203	0.045693	0.1748	0.025398
Beam_269	20257	0.044756	0.17605	0.025982
Beam_269	20207	0.041902	0.17281	0.026131
Beam_269	20197	0.044756	0.17605	0.024903
Beam_269	20201	0.041895	0.1758	0.025006
Beam_269	20253	0.041895	0.1758	0.026083
Beam_269	20251	0.041902	0.17281	0.02719
Beam_269	20212	0.057109	0.1758	0.025005
Beam_269	20225	0.042379	0.17193	0.026431
Beam_269	20192	0.056634	0.17668	0.024645
Beam_269	20194	0.051891	0.17543	0.025153
Beam_269	25073	0.04475	0.1778	0.024705
Beam_269	20254	0.043797	0.1753	0.026278
Beam_269	20221	0.05187	0.17318	0.026
Beam_269	20250	0.043798	0.17331	0.027016
Beam_269	20241	0.05187	0.17318	0.027061
Beam_269	20210	0.05332	0.17481	0.025397
Beam_269	20246	0.05332	0.17481	0.026468
Beam_269	20242	0.057103	0.17282	0.027186
Beam_269	20202	0.043797	0.1753	0.025205
Beam_269	20262	0.051891	0.17543	0.026227
Beam_269	20215	0.057103	0.17282	0.026127
Beam_413	23653	0.044757	0.24805	0.029983
Beam_413	23662	0.043797	0.24531	0.02985
Beam_413	23650	0.051885	0.24743	0.029962
Beam_413	23706	0.043797	0.24531	0.030853
Beam_413	23718	0.051885	0.24743	0.030963
Beam_413	23709	0.041899	0.2478	0.030976
Beam_413	25423	0.0495	0.2498	0.030509
Beam_413	23701	0.051422	0.24631	0.030913
Beam_413	23671	0.057106	0.24482	0.029816
Beam_413	23649	0.054257	0.24805	0.029983
Beam_413	23660	0.047595	0.2463	0.029911
Beam_413	23713	0.044757	0.24805	0.030983
Beam_413	23651	0.049514	0.24681	0.029936
Beam_413	23678	0.0495	0.2458	0.029882
Beam_413	23668	0.057105	0.2478	0.029975
Beam_413	23703	0.055211	0.2473	0.030958
Beam_413	23654	0.042379	0.24867	0.029997
Beam_413	23672	0.055211	0.24532	0.029851
Beam_413	23680	0.04475	0.24456	0.029795
Beam_413	23667	0.055211	0.2473	0.029957
Beam_413	23692	0.04475	0.24456	0.030798
Beam_413	23714	0.042379	0.24867	0.030998
Beam_413	23699	0.055211	0.24532	0.030853
Beam_413	23663	0.041898	0.24481	0.029815
Beam_413	23710	0.043798	0.2473	0.030958
Beam_413	25424	0.04475	0.2498	0.030509
Beam_413	23658	0.043798	0.2473	0.029957
Beam_413	23693	0.042374	0.24393	0.030747
Beam_413	23681	0.042374	0.24393	0.029743
Beam_413	23715	0.049514	0.24681	0.030937
Beam_413	23694	0.0495	0.2458	0.030884
Beam_413	23704	0.057105	0.2478	0.030976
Beam_413	25420	0.059	0.2498	0.030509
Beam_413	23717	0.054257	0.24805	0.030983
Beam_413	23657	0.041899	0.2478	0.029975
Beam_413	23707	0.041898	0.24481	0.030817
Beam_413	23716	0.056628	0.24867	0.030998
Beam_413	23696	0.05425	0.24456	0.030798
Beam_413	23695	0.056626	0.24393	0.030747
Beam_413	23712	0.047136	0.24743	0.030963
Beam_413	23677	0.051876	0.24518	0.029842
Beam_413	23675	0.056626	0.24393	0.029743
Beam_413	23697	0.051876	0.24518	0.030844
Beam_413	23673	0.053317	0.24581	0.029883
Beam_413	23702	0.053316	0.2468	0.030937
Beam_413	23705	0.045696	0.2458	0.030884
Beam_413	23661	0.045696	0.2458	0.029883
Beam_413	25422	0.05425	0.2498	0.030509
Beam_413	23711	0.045697	0.2468	0.030937
Beam_413	23659	0.045697	0.2468	0.029936
Beam_413	25421	0.04	0.2498	0.030509
Beam_413	23652	0.047136	0.24743	0.029962
Beam_413	23666	0.053316	0.2468	0.029936
Beam_413	23700	0.053317	0.24581	0.030885
Beam_413	23648	0.056628	0.24867	0.029997
Beam_413	23665	0.051422	0.24631	0.029911
Beam_413	23679	0.047124	0.24518	0.029842
Beam_413	23708	0.047595	0.2463	0.030913
Beam_413	23698	0.057106	0.24482	0.030818
Beam_413	23691	0.047124	0.24518	0.030844
Beam_413	23676	0.05425	0.24456	0.029795
Beam_431	24090	0.055211	0.1543	0.029876
Beam_431	24095	0.055211	0.15232	0.029971
Beam_431	24123	0.047135	0.15443	0.03087
Beam_431	24111	0.047135	0.15443	0.029868
Beam_431	24084	0.047125	0.15218	0.029976
Beam_431	24109	0.051886	0.15443	0.029868
Beam_431	24129	0.051886	0.15443	0.03087
Beam_431	24142	0.055211	0.1543	0.030878
Beam_431	24138	0.055211	0.15232	0.030972
Beam_431	24139	0.053316	0.15281	0.030954
Beam_431	25008	0.05425	0.1568	0.030176
Beam_431	24103	0.043798	0.15231	0.029972
Beam_431	24081	0.05425	0.15156	0.029993
Beam_431	25010	0.04475	0.1568	0.030176
Beam_431	24089	0.053317	0.1538	0.029905
Beam_431	24110	0.049514	0.15381	0.029905
Beam_431	24126	0.049514	0.15381	0.030907
Beam_431	24149	0.05425	0.15156	0.030993
Beam_431	24080	0.056625	0.15093	0.030004
Beam_431	24099	0.043797	0.1543	0.029876
Beam_431	24148	0.056625	0.15093	0.031004
Beam_431	24135	0.043797	0.1543	0.030878
Beam_431	24131	0.043798	0.15231	0.030972
Beam_431	24141	0.053317	0.1538	0.030907
Beam_431	24096	0.053316	0.15281	0.029953
Beam_431	24113	0.042378	0.15567	0.029776
Beam_431	25007	0.04	0.1568	0.030176
Beam_431	24085	0.04475	0.15156	0.029993
Beam_431	24112	0.044757	0.15505	0.029825
Beam_431	24140	0.051422	0.15331	0.030932
Beam_431	24107	0.05663	0.15567	0.029776
Beam_431	25006	0.059	0.1568	0.030176
Beam_431	24124	0.044757	0.15505	0.030828
Beam_431	24127	0.05663	0.15567	0.03078
Beam_431	24143	0.057106	0.1548	0.030845
Beam_431	24125	0.042378	0.15567	0.03078
Beam_431	24133	0.047595	0.1533	0.030932
Beam_431	24104	0.041899	0.15181	0.029987
Beam_431	24134	0.041898	0.1548	0.030846
Beam_431	24098	0.041898	0.1548	0.029843
Beam_431	24147	0.0495	0.1528	0.030954
Beam_431	24108	0.054257	0.15505	0.029825
Beam_431	24088	0.051422	0.15331	0.029931
Beam_431	24101	0.047595	0.1533	0.029931
Beam_431	24132	0.041899	0.15181	0.030987
Beam_431	24091	0.057106	0.1548	0.029843
Beam_431	24144	0.047125	0.15218	0.030976
Beam_431	25009	0.0495	0.1568	0.030176
Beam_431	24150	0.051875	0.15218	0.030976
Beam_431	24086	0.042375	0.15093	0.030004
Beam_431	24128	0.054257	0.15505	0.030828
Beam_431	24146	0.042375	0.15093	0.031004
Beam_431	24083	0.0495	0.1528	0.029953
Beam_431	24082	0.051875	0.15218	0.029976
Beam_431	24100	0.045696	0.1538	0.029905
Beam_431	24130	0.045696	0.1528	0.030954
Beam_431	24094	0.057105	0.15182	0.029986
Beam_431	24137	0.057105	0.15182	0.030987
Beam_431	24136	0.045696	0.1538	0.030907
Beam_431	24102	0.045696	0.1528	0.029953
Beam_431	24145	0.04475	0.15156	0.030993
Beam_377	22816	0.056631	0.16267	0.028836
Beam_377	22843	0.056624	0.15793	0.030559
Beam_377	22854	0.057107	0.1618	0.030009
Beam_377	22786	0.057107	0.1618	0.028994
Beam_377	22789	0.057104	0.15882	0.029444
Beam_377	22823	0.056631	0.16267	0.029853
Beam_377	22848	0.057105	0.15882	0.030452
Beam_377	22795	0.056624	0.15793	0.029553
Beam_377	25015	0.059	0.1638	0.029125
Beam_377	22813	0.044757	0.16205	0.02895
Beam_377	22783	0.051422	0.16031	0.029236
Beam_377	22842	0.0495	0.1598	0.03032
Beam_377	22845	0.051873	0.15918	0.030406
Beam_377	22797	0.051873	0.15918	0.029397
Beam_377	22839	0.047127	0.15918	0.030406
Beam_377	22834	0.047595	0.1603	0.030248
Beam_377	22806	0.047595	0.1603	0.029237
Beam_377	22808	0.043798	0.15931	0.02938
Beam_377	22831	0.045697	0.15981	0.03032
Beam_377	22852	0.053318	0.16081	0.030171
Beam_377	22784	0.053318	0.16081	0.029159
Beam_377	22818	0.051888	0.16143	0.029057
Beam_377	22825	0.051888	0.16143	0.030071
Beam_377	22804	0.043797	0.1613	0.029079
Beam_377	22850	0.053315	0.15981	0.030319
Beam_377	22836	0.043797	0.1613	0.030092
Beam_377	22812	0.047133	0.16143	0.029057
Beam_377	22791	0.053315	0.15981	0.029309
Beam_377	25016	0.04	0.1638	0.029125
Beam_377	22807	0.045697	0.15981	0.02931
Beam_377	22827	0.047133	0.16143	0.030071
Beam_377	22841	0.042376	0.15793	0.030559
Beam_377	22801	0.042376	0.15793	0.029553
Beam_377	22829	0.042376	0.16267	0.029853
Beam_377	22814	0.042376	0.16267	0.028836
Beam_377	22803	0.041897	0.1618	0.028994
Beam_377	22835	0.041897	0.1618	0.030009
Beam_377	22809	0.0419	0.15881	0.029446
Beam_377	22833	0.0419	0.15881	0.030454
Beam_377	22799	0.047127	0.15918	0.029397
Beam_377	22805	0.045695	0.1608	0.029159
Beam_377	22798	0.0495	0.1598	0.02931
Beam_377	22851	0.051422	0.16031	0.030247
Beam_377	25017	0.05425	0.1638	0.029125
Beam_377	22828	0.044757	0.16205	0.029965
Beam_377	22811	0.049514	0.16081	0.029159
Beam_377	22826	0.049514	0.16081	0.030171
Beam_377	22849	0.055211	0.15932	0.030388
Beam_377	22785	0.055211	0.1613	0.029078
Beam_377	22790	0.055211	0.15932	0.029378
Beam_377	22853	0.055211	0.1613	0.030092
Beam_377	25019	0.04475	0.1638	0.029125
Beam_377	22817	0.054258	0.16205	0.02895
Beam_377	22824	0.054258	0.16205	0.029965
Beam_377	22837	0.045695	0.1608	0.030172
Beam_377	22800	0.04475	0.15856	0.029478
Beam_377	22832	0.043798	0.15931	0.030389
Beam_377	22796	0.05425	0.15856	0.029478
Beam_377	22844	0.05425	0.15856	0.030485
Beam_377	25018	0.0495	0.1638	0.029125
Beam_377	22840	0.04475	0.15856	0.030485
Beam_305	21113	0.045694	0.2318	0.028604
Beam_305	21121	0.044758	0.23405	0.029169
Beam_305	21112	0.057104	0.2338	0.02911
Beam_305	25406	0.04475	0.2358	0.029044
Beam_305	21114	0.043797	0.23131	0.028468
Beam_305	21061	0.044758	0.23405	0.028142
Beam_305	21073	0.051422	0.23231	0.027703
Beam_305	21087	0.047121	0.23118	0.027394
Beam_305	21066	0.043798	0.2333	0.027959
Beam_305	21099	0.047121	0.23118	0.028432
Beam_305	21101	0.042371	0.22993	0.028072
Beam_305	21105	0.051879	0.23118	0.028432
Beam_305	21126	0.051882	0.23343	0.02902
Beam_305	21067	0.045698	0.2328	0.027832
Beam_305	21122	0.042381	0.23467	0.029312
Beam_305	21062	0.042381	0.23467	0.028286
Beam_305	21069	0.045694	0.2318	0.027568
Beam_305	21079	0.057108	0.23082	0.027291
Beam_305	21118	0.043798	0.2333	0.028989
Beam_305	21058	0.051882	0.23343	0.027991
Beam_305	21088	0.044749	0.23056	0.027214
Beam_305	21106	0.057108	0.23082	0.028331
Beam_305	21100	0.044749	0.23056	0.028256
Beam_305	21070	0.043797	0.23131	0.02743
Beam_305	21085	0.051879	0.23118	0.027394
Beam_305	21076	0.057104	0.2338	0.028081
Beam_305	21119	0.045698	0.2328	0.028864
Beam_305	21123	0.049514	0.23281	0.028866
Beam_305	21115	0.041896	0.23081	0.028328
Beam_305	21065	0.041901	0.2338	0.028081
Beam_305	21068	0.047595	0.2323	0.027702
Beam_305	21089	0.042371	0.22993	0.027027
Beam_305	21109	0.051422	0.23231	0.028737
Beam_305	21108	0.053319	0.23181	0.028606
Beam_305	25404	0.05425	0.2358	0.029044
Beam_305	25405	0.0495	0.2358	0.029044
Beam_305	21084	0.054251	0.23056	0.027214
Beam_305	21104	0.054251	0.23056	0.028256
Beam_305	21124	0.056626	0.23467	0.029312
Beam_305	21125	0.054256	0.23405	0.029169
Beam_305	21102	0.0495	0.2318	0.028604
Beam_305	21086	0.0495	0.2318	0.027567
Beam_305	21111	0.055211	0.2333	0.028989
Beam_305	25402	0.059	0.2358	0.029044
Beam_305	21075	0.055211	0.2333	0.027959
Beam_305	21107	0.055212	0.23132	0.028471
Beam_305	21080	0.055212	0.23132	0.027432
Beam_305	21059	0.049514	0.23281	0.027834
Beam_305	21057	0.054256	0.23405	0.028142
Beam_305	21116	0.047595	0.2323	0.028736
Beam_305	21081	0.053319	0.23181	0.02757
Beam_305	21120	0.047139	0.23343	0.02902
Beam_305	21056	0.056626	0.23467	0.028286
Beam_305	21060	0.047139	0.23343	0.027991
Beam_305	21083	0.056629	0.22993	0.027027
Beam_305	21117	0.041901	0.2338	0.029109
Beam_305	21074	0.053314	0.2328	0.027833
Beam_305	25403	0.04	0.2358	0.029044
Beam_305	21110	0.053314	0.2328	0.028865
Beam_305	21071	0.041896	0.23081	0.027287
Beam_305	21103	0.056629	0.22993	0.028072
Beam_323	21551	0.045694	0.1678	0.028709
Beam_323	21555	0.049514	0.16781	0.028707
Beam_323	21537	0.051872	0.16618	0.029114
Beam_323	21493	0.044756	0.16905	0.027328
Beam_323	21519	0.047128	0.16618	0.028086
Beam_323	25060	0.059	0.1708	0.027323
Beam_323	21491	0.049514	0.16781	0.027673
Beam_323	21499	0.045694	0.1678	0.027674
Beam_323	21531	0.047128	0.16618	0.029114
Beam_323	21552	0.047132	0.16843	0.02854
Beam_323	21492	0.047132	0.16843	0.027503
Beam_323	21544	0.057108	0.1688	0.028438
Beam_323	21517	0.051872	0.16618	0.028086
Beam_323	21501	0.045698	0.16681	0.027932
Beam_323	21545	0.045698	0.16681	0.028963
Beam_323	25063	0.0495	0.1708	0.027323
Beam_323	21518	0.0495	0.1668	0.027933
Beam_323	21541	0.051422	0.16731	0.028837
Beam_323	21508	0.057108	0.1688	0.0274
Beam_323	21505	0.051422	0.16731	0.027804
Beam_323	21548	0.047595	0.1673	0.028838
Beam_323	21500	0.047595	0.1673	0.027805
Beam_323	21534	0.0495	0.1668	0.028964
Beam_323	21553	0.044756	0.16905	0.028368
Beam_323	21502	0.043798	0.16631	0.028056
Beam_323	21520	0.044751	0.16556	0.028234
Beam_323	21521	0.042378	0.16493	0.028375
Beam_323	21494	0.042375	0.16967	0.027146
Beam_323	25062	0.05425	0.1708	0.027323
Beam_323	21554	0.042375	0.16967	0.028188
Beam_323	21516	0.054249	0.16556	0.028234
Beam_323	21556	0.056632	0.16967	0.028188
Beam_323	21536	0.054249	0.16556	0.02926
Beam_323	21488	0.056632	0.16967	0.027146
Beam_323	21533	0.042378	0.16493	0.029399
Beam_323	21503	0.041901	0.16581	0.028175
Beam_323	21497	0.041896	0.1688	0.0274
Beam_323	21549	0.041896	0.1688	0.028439
Beam_323	25061	0.04	0.1708	0.027323
Beam_323	21506	0.053319	0.16781	0.027673
Beam_323	21513	0.053315	0.16681	0.027931
Beam_323	21540	0.053315	0.16681	0.028961
Beam_323	21535	0.056622	0.16493	0.029399
Beam_323	21542	0.053319	0.16781	0.028708
Beam_323	21547	0.041901	0.16581	0.029202
Beam_323	21489	0.054258	0.16905	0.027328
Beam_323	21515	0.056622	0.16493	0.028375
Beam_323	21546	0.043798	0.16631	0.029084
Beam_323	21511	0.057104	0.16582	0.028172
Beam_323	21557	0.054258	0.16905	0.028368
Beam_323	21538	0.057104	0.16582	0.029199
Beam_323	21507	0.055212	0.1683	0.027539
Beam_323	21550	0.043797	0.1683	0.028576
Beam_323	21543	0.055212	0.1683	0.028575
Beam_323	21490	0.051889	0.16843	0.027503
Beam_323	21558	0.051889	0.16843	0.02854
Beam_323	21532	0.044751	0.16556	0.02926
Beam_323	21512	0.055211	0.16632	0.028053
Beam_323	21539	0.055211	0.16632	0.029082
Beam_323	21498	0.043797	0.1683	0.027539
Beam_323	25064	0.04475	0.1708	0.027323
Beam_92	15883	0.0063377	0.096638	0.013211
Beam_92	15823	0.0063375	0.093973	0.014183
Beam_92	15867	0.0031705	0.093142	0.016135
Beam_92	15882	0.0079201	0.096224	0.013578
Beam_92	15870	0.003794	0.096301	0.01351
Beam_92	15800	0.0079199	0.096224	0.012239
Beam_92	15812	0.0075949	0.095303	0.013055
Beam_92	15819	0.0037937	0.096301	0.012169
Beam_92	24791	0.0	0.10081	0.010193
Beam_92	15838	0.011422	0.095308	0.013051
Beam_92	15825	0.0031707	0.093142	0.01486
Beam_92	24442	0.0095	0.098988	0.010367
Beam_92	15815	0.0019076	0.09381	0.014317
Beam_92	15885	0.0031662	0.097468	0.012457
Beam_92	15872	0.0075949	0.095303	0.014373
Beam_92	15854	0.011422	0.095308	0.01437
Beam_92	15875	0.0019075	0.09381	0.015606
Beam_92	15880	0.011103	0.096224	0.013578
Beam_92	15801	0.0063373	0.096638	0.011862
Beam_92	15804	0.0015765	0.097884	0.010691
Beam_92	15886	0.0015768	0.097884	0.01207
Beam_92	15868	0.00159	0.092727	0.016457
Beam_92	15826	0.0015902	0.092727	0.015189
Beam_92	15864	0.0079238	0.094389	0.015136
Beam_92	15799	0.0095141	0.095807	0.012612
Beam_92	15881	0.0095141	0.095807	0.013942
Beam_92	15866	0.0047588	0.093559	0.015807
Beam_92	15824	0.0047591	0.093559	0.014523
Beam_92	15863	0.0095	0.094803	0.014794
Beam_92	15818	0.0018883	0.096801	0.011712
Beam_92	15869	0.0018885	0.096801	0.013065
Beam_92	15884	0.0047459	0.097055	0.012836
Beam_92	15802	0.0047454	0.097055	0.011477
Beam_92	15820	0.0056862	0.095804	0.012614
Beam_92	15871	0.0056863	0.095804	0.013944
Beam_92	15862	0.011076	0.094389	0.015136
Beam_92	15814	0.0038006	0.094307	0.013905
Beam_92	15833	0.011076	0.094389	0.013836
Beam_92	15874	0.0038004	0.094307	0.015203
Beam_92	15803	0.0031658	0.097468	0.011088
Beam_92	24443	0.00475	0.098988	0.010367
Beam_92	15821	0.0095	0.094803	0.013486
Beam_92	15873	0.0057053	0.094807	0.01479
Beam_92	15813	0.0057054	0.094807	0.013482
Beam_92	15811	0.011104	0.096224	0.012239
Beam_92	15865	0.0063372	0.093973	0.015475
Beam_92	15841	0.017097	0.093823	0.014307
Beam_92	15822	0.007924	0.094389	0.013836
Beam_92	24440	0.0	0.098988	0.010367
Beam_92	15836	0.015215	0.096303	0.012167
Beam_92	24441	0.01425	0.098988	0.010367
Beam_92	15878	0.014268	0.097055	0.012836
Beam_92	15809	0.014269	0.097055	0.011477
Beam_92	15853	0.017097	0.093823	0.015596
Beam_92	15835	0.017116	0.096802	0.011711
Beam_92	15859	0.01583	0.093142	0.016135
Beam_92	15839	0.013307	0.094814	0.013476
Beam_92	15808	0.015844	0.097468	0.011088
Beam_92	15877	0.015843	0.097468	0.012457
Beam_92	15855	0.017116	0.096802	0.013064
Beam_92	15858	0.01741	0.092727	0.016457
Beam_92	15861	0.012663	0.093973	0.015475
Beam_92	15876	0.017428	0.097884	0.01207
Beam_92	15832	0.012663	0.093973	0.014183
Beam_92	15829	0.01741	0.092727	0.015189
Beam_92	15810	0.012682	0.096638	0.011862
Beam_92	15879	0.012681	0.096638	0.013211
Beam_92	15857	0.013326	0.095807	0.013941
Beam_92	15860	0.014241	0.093559	0.015807
Beam_92	15851	0.013307	0.094814	0.014785
Beam_92	15852	0.015208	0.094317	0.015195
Beam_92	15831	0.014241	0.093559	0.014523
Beam_92	15830	0.015829	0.093142	0.01486
Beam_92	15856	0.015214	0.096303	0.013508
Beam_92	15840	0.015208	0.094317	0.013897
Beam_92	15837	0.013326	0.095807	0.012611
Beam_92	15807	0.017428	0.097884	0.010691
Beam_92	24439	0.019	0.098988	0.010367
Beam_74	15271	0.011422	0.10431	0.012713
Beam_74	15312	0.0037936	0.10331	0.01181
Beam_74	15357	0.015208	0.1053	0.014881
Beam_74	24800	0.0	0.1078	0.016231
Beam_74	15281	0.017426	0.10172	0.010308
Beam_74	15340	0.011088	0.10522	0.014813
Beam_74	15325	0.0018882	0.10281	0.012708
Beam_74	15295	0.015834	0.10647	0.014543
Beam_74	15337	0.015834	0.10647	0.015826
Beam_74	15297	0.012672	0.10564	0.013857
Beam_74	15290	0.0031608	0.10214	0.010713
Beam_74	15351	0.011092	0.10339	0.013232
Beam_74	15350	0.012672	0.10297	0.012858
Beam_74	15344	0.0031613	0.10214	0.012092
Beam_74	15298	0.011088	0.10522	0.013505
Beam_74	15285	0.011092	0.10339	0.011883
Beam_74	15355	0.011422	0.10431	0.01404
Beam_74	15336	0.017412	0.10688	0.016152
Beam_74	15294	0.017412	0.10688	0.014877
Beam_74	15347	0.017426	0.10172	0.011699
Beam_74	15273	0.015208	0.1053	0.013575
Beam_74	15286	0.0095	0.1038	0.012263
Beam_74	15328	0.0038005	0.1053	0.014879
Beam_74	15296	0.014248	0.10605	0.014202
Beam_74	15338	0.014248	0.10605	0.015493
Beam_74	24803	0.00475	0.1078	0.016231
Beam_74	15346	0.0095	0.1038	0.013602
Beam_74	15300	0.0079359	0.10522	0.013505
Beam_74	15330	0.0079357	0.10522	0.014813
Beam_74	15349	0.014262	0.10255	0.012477
Beam_74	15333	0.0031753	0.10647	0.015826
Beam_74	15279	0.013327	0.10381	0.012268
Beam_74	15354	0.013326	0.10381	0.013607
Beam_74	15341	0.0079081	0.10339	0.013232
Beam_74	15313	0.001888	0.10281	0.011346
Beam_74	15287	0.0079079	0.10339	0.011883
Beam_74	24802	0.0095	0.1078	0.016231
Beam_74	15283	0.014262	0.10255	0.011108
Beam_74	15326	0.0075949	0.1043	0.014037
Beam_74	15310	0.0075949	0.1043	0.012709
Beam_74	15282	0.015839	0.10214	0.010713
Beam_74	15323	0.0056861	0.1038	0.013601
Beam_74	15299	0.0095141	0.10481	0.01315
Beam_74	15311	0.0056859	0.1038	0.012262
Beam_74	15334	0.0015925	0.10688	0.016152
Beam_74	15332	0.0047661	0.10605	0.015493
Beam_74	15339	0.012672	0.10564	0.015156
Beam_74	15348	0.015839	0.10214	0.012092
Beam_74	15352	0.017116	0.10282	0.012719
Beam_74	15304	0.0015927	0.10688	0.014877
Beam_74	15335	0.0095141	0.10481	0.014466
Beam_74	15303	0.0031755	0.10647	0.014543
Beam_74	15291	0.0015739	0.10172	0.010308
Beam_74	24801	0.01425	0.1078	0.016231
Beam_74	15277	0.017116	0.10282	0.011357
Beam_74	15302	0.0047664	0.10605	0.014202
Beam_74	15284	0.012672	0.10297	0.0115
Beam_74	15324	0.0037939	0.10331	0.01316
Beam_74	15274	0.017096	0.1058	0.013992
Beam_74	15353	0.015215	0.10332	0.013169
Beam_74	15329	0.0057055	0.1048	0.01446
Beam_74	15278	0.015215	0.10332	0.011819
Beam_74	15343	0.0047385	0.10255	0.012477
Beam_74	15272	0.013307	0.1048	0.013146
Beam_74	15307	0.0019078	0.1058	0.013991
Beam_74	15289	0.004738	0.10255	0.011108
Beam_74	15358	0.017097	0.1058	0.015288
Beam_74	15309	0.0057057	0.1048	0.013143
Beam_74	24799	0.019	0.1078	0.016231
Beam_74	15308	0.0038007	0.1053	0.013573
Beam_74	15301	0.006347	0.10564	0.013857
Beam_74	15345	0.0015742	0.10172	0.011699
Beam_74	15327	0.0019077	0.1058	0.015287
Beam_74	15288	0.0063276	0.10297	0.0115
Beam_74	15342	0.0063281	0.10297	0.012858
Beam_74	15356	0.013307	0.1048	0.014463
Beam_74	15331	0.0063467	0.10564	0.015156
Beam_200	18592	0.0019029	0.079809	0.024346
Beam_200	24458	0.0	0.084804	0.021166
Beam_200	18589	0.0075949	0.081303	0.023621
Beam_200	18594	0.014259	0.083052	0.022716
Beam_200	18599	0.0023706	0.083676	0.022377
Beam_200	18552	0.011893	0.082431	0.021914
Beam_200	18595	0.011893	0.082431	0.023044
Beam_200	18547	0.0023706	0.083676	0.021234
Beam_200	18544	0.0095141	0.081807	0.022242
Beam_200	18556	0.001903	0.079809	0.023239
Beam_200	24459	0.01425	0.084804	0.021166
Beam_200	18554	0.0057006	0.080806	0.022752
Beam_200	18583	0.0071316	0.080182	0.024169
Beam_200	18541	0.015212	0.082302	0.021982
Beam_200	18563	0.0071317	0.080182	0.023059
Beam_200	18561	0.0056915	0.081803	0.022244
Beam_200	18568	0.016619	0.078935	0.02365
Beam_200	18601	0.015212	0.082302	0.023111
Beam_200	18569	0.014248	0.079557	0.023359
Beam_200	18564	0.0047518	0.079557	0.023359
Beam_200	18580	0.014248	0.079557	0.024464
Beam_200	18584	0.0047518	0.079557	0.024464
Beam_200	24461	0.00475	0.084804	0.021166
Beam_200	18559	0.0018938	0.082799	0.021716
Beam_200	24460	0.0095	0.084804	0.021166
Beam_200	18586	0.0018939	0.082799	0.02285
Beam_200	18546	0.0047547	0.083052	0.021579
Beam_200	18562	0.0095	0.080803	0.022753
Beam_200	18598	0.0047548	0.083052	0.022716
Beam_200	18587	0.0037961	0.0823	0.023113
Beam_200	18560	0.0037961	0.0823	0.021983
Beam_200	18582	0.0095	0.080803	0.023869
Beam_200	18553	0.0075949	0.081303	0.022501
Beam_200	18540	0.013321	0.081806	0.022242
Beam_200	18542	0.01711	0.0828	0.021715
Beam_200	18585	0.0023813	0.078935	0.02475
Beam_200	18602	0.01711	0.0828	0.02285
Beam_200	18565	0.0023813	0.078935	0.02365
Beam_200	18596	0.0095141	0.081807	0.023367
Beam_200	18590	0.0057005	0.080806	0.023867
Beam_200	18606	0.013312	0.080813	0.023864
Beam_200	18579	0.016619	0.078935	0.02475
Beam_200	18600	0.013321	0.081806	0.023367
Beam_200	24457	0.019	0.084804	0.021166
Beam_200	18555	0.0037987	0.080307	0.022998
Beam_200	18551	0.014259	0.083052	0.021579
Beam_200	18539	0.011422	0.081308	0.022499
Beam_200	18570	0.011868	0.080182	0.023059
Beam_200	18604	0.017101	0.079821	0.02434
Beam_200	18588	0.0056915	0.081803	0.023369
Beam_200	18545	0.007128	0.082431	0.021914
Beam_200	18597	0.0071281	0.082431	0.023044
Beam_200	18593	0.016636	0.083676	0.022377
Beam_200	18603	0.011422	0.081308	0.023619
Beam_200	18605	0.01521	0.080316	0.024105
Beam_200	18537	0.01521	0.080316	0.022993
Beam_200	18591	0.0037986	0.080307	0.024109
Beam_200	18550	0.016636	0.083676	0.021234
Beam_200	18536	0.017101	0.079821	0.023233
Beam_200	18538	0.013312	0.080813	0.022748
Beam_200	18581	0.011868	0.080182	0.024169
Beam_146	17291	0.0037954	0.0893	0.018937
Beam_146	17273	0.014247	0.086557	0.01953
Beam_146	17251	0.0023671	0.090677	0.016745
Beam_146	17292	0.0056895	0.088803	0.019271
Beam_146	17306	0.017112	0.089801	0.018594
Beam_146	17246	0.017112	0.089801	0.017374
Beam_146	17266	0.0095	0.087803	0.018733
Beam_146	17300	0.0095141	0.088807	0.019269
Beam_146	17268	0.0047528	0.086557	0.01953
Beam_146	17250	0.0047535	0.090053	0.017196
Beam_146	17302	0.0047537	0.090052	0.018419
Beam_146	17269	0.0023841	0.085935	0.019914
Beam_146	17298	0.01426	0.090052	0.018419
Beam_146	17295	0.0037992	0.087307	0.02024
Beam_146	17309	0.015209	0.087316	0.020234
Beam_146	17304	0.013323	0.088806	0.019269
Beam_146	24448	0.019	0.091804	0.016529
Beam_146	17307	0.011422	0.088308	0.019598
Beam_146	17244	0.013323	0.088806	0.018063
Beam_146	17293	0.0075949	0.088303	0.019601
Beam_146	17241	0.015209	0.087317	0.019049
Beam_146	17259	0.0037993	0.087307	0.019055
Beam_146	17301	0.0071248	0.089432	0.018847
Beam_146	17240	0.0171	0.086822	0.019364
Beam_146	17249	0.0071247	0.089432	0.017633
Beam_146	17284	0.014247	0.086557	0.020706
Beam_146	17260	0.0019048	0.08681	0.019372
Beam_146	17257	0.0075949	0.088303	0.018402
Beam_146	17285	0.011866	0.087182	0.020319
Beam_146	17274	0.011865	0.087182	0.019135
Beam_146	17288	0.0047526	0.086557	0.020706
Beam_146	17245	0.015213	0.089303	0.017723
Beam_146	17256	0.011896	0.089432	0.017633
Beam_146	17255	0.014261	0.090053	0.017196
Beam_146	17287	0.0071344	0.087182	0.020319
Beam_146	17263	0.0018917	0.0898	0.017375
Beam_146	17299	0.011896	0.089432	0.018847
Beam_146	17308	0.0171	0.086822	0.020543
Beam_146	17258	0.0057025	0.087806	0.018731
Beam_146	17265	0.0056895	0.088803	0.018066
Beam_146	17305	0.015213	0.089302	0.018935
Beam_146	17254	0.01664	0.090677	0.016745
Beam_146	17242	0.01331	0.087813	0.018726
Beam_146	17310	0.01331	0.087813	0.019918
Beam_146	17297	0.01664	0.090677	0.017978
Beam_146	24452	0.00475	0.091804	0.016529
Beam_146	17264	0.0037953	0.0893	0.017724
Beam_146	17289	0.002384	0.085935	0.021082
Beam_146	17294	0.0057024	0.087806	0.019923
Beam_146	17267	0.0071345	0.087182	0.019135
Beam_146	17243	0.011422	0.088308	0.0184
Beam_146	24451	0.0095	0.091804	0.016529
Beam_146	17248	0.0095141	0.088807	0.018063
Beam_146	17303	0.0023672	0.090677	0.017978
Beam_146	17286	0.0095	0.087803	0.019925
Beam_146	17272	0.016616	0.085935	0.019914
Beam_146	17290	0.0018918	0.0898	0.018595
Beam_146	17283	0.016616	0.085935	0.021082
Beam_146	24450	0.01425	0.091804	0.016529
Beam_146	24449	0.0	0.091804	0.016529
Beam_146	17296	0.0019047	0.08681	0.020551
Beam_182	18136	0.0037961	0.11731	0.021773
Beam_182	18118	0.0047478	0.11656	0.021363
Beam_182	18115	0.011883	0.11718	0.021704
Beam_182	18119	0.0023669	0.11593	0.021013
Beam_182	18167	0.011883	0.11718	0.022838
Beam_182	18164	0.0095	0.1178	0.023166
Beam_182	18147	0.0056914	0.1178	0.023166
Beam_182	18125	0.0095141	0.11881	0.022557
Beam_182	24820	0.0095	0.1218	0.024532
Beam_182	18110	0.015212	0.11732	0.021778
Beam_182	18135	0.0056914	0.1178	0.022038
Beam_182	24818	0.0	0.1218	0.024532
Beam_182	24817	0.019	0.1218	0.024532
Beam_182	18157	0.0095141	0.11881	0.023676
Beam_182	18137	0.0018938	0.11681	0.021502
Beam_182	18105	0.01521	0.1193	0.022805
Beam_182	18149	0.0018938	0.11681	0.02264
Beam_182	18132	0.0037987	0.1193	0.022804
Beam_182	18116	0.0095	0.1178	0.022038
Beam_182	18128	0.002385	0.12067	0.023467
Beam_182	18162	0.0047479	0.11656	0.022504
Beam_182	24819	0.01425	0.1218	0.024532
Beam_182	18122	0.016622	0.12067	0.023467
Beam_182	18114	0.014252	0.11656	0.021363
Beam_182	18106	0.017101	0.1198	0.023049
Beam_182	18155	0.0047588	0.12005	0.02428
Beam_182	18171	0.011422	0.11831	0.023425
Beam_182	18127	0.0047588	0.12005	0.023172
Beam_182	18103	0.011422	0.11831	0.022301
Beam_182	18117	0.0071173	0.11718	0.021704
Beam_182	18126	0.0071424	0.11943	0.022867
Beam_182	18163	0.002367	0.11593	0.02216
Beam_182	18154	0.0071423	0.11943	0.023981
Beam_182	18131	0.001903	0.1198	0.023049
Beam_182	18151	0.001903	0.1198	0.024159
Beam_182	18173	0.01521	0.1193	0.02392
Beam_182	18174	0.017101	0.1198	0.02416
Beam_182	18152	0.0037986	0.1193	0.023919
Beam_182	18159	0.014255	0.12005	0.02428
Beam_182	18123	0.014255	0.12005	0.023172
Beam_182	18172	0.013312	0.1188	0.023674
Beam_182	18133	0.0057007	0.1188	0.022553
Beam_182	18153	0.0057006	0.1188	0.023673
Beam_182	18111	0.013321	0.11781	0.022042
Beam_182	18168	0.01711	0.11682	0.022646
Beam_182	18166	0.014252	0.11656	0.022504
Beam_182	18124	0.011879	0.11943	0.022867
Beam_182	18169	0.015212	0.11732	0.022911
Beam_182	18150	0.0075949	0.1183	0.023423
Beam_182	18148	0.0037961	0.11731	0.022906
Beam_182	18134	0.0075949	0.1183	0.022299
Beam_182	18160	0.011879	0.11943	0.023981
Beam_182	18113	0.016633	0.11593	0.021013
Beam_182	18165	0.016633	0.11593	0.02216
Beam_182	18158	0.016622	0.12067	0.02457
Beam_182	18170	0.013321	0.11781	0.02317
Beam_182	18109	0.01711	0.11682	0.021508
Beam_182	24821	0.00475	0.1218	0.024532
Beam_182	18156	0.0023849	0.12067	0.02457
Beam_182	18104	0.013312	0.1188	0.022555
Beam_182	18161	0.0071173	0.11718	0.022838
Beam_398	23294	0.0023788	0.14867	0.029997
Beam_398	23338	0.017106	0.14482	0.030818
Beam_398	23334	0.0095	0.1458	0.030884
Beam_398	23344	0.017105	0.1478	0.030976
Beam_398	23354	0.0023788	0.14867	0.030998
Beam_398	23318	0.0095	0.1458	0.029882
Beam_398	23308	0.017105	0.1478	0.029975
Beam_398	23288	0.016628	0.14867	0.029997
Beam_398	23356	0.016628	0.14867	0.030998
Beam_398	23357	0.014257	0.14805	0.030983
Beam_398	23358	0.011885	0.14743	0.030963
Beam_398	23335	0.016626	0.14393	0.030747
Beam_398	23340	0.013317	0.14581	0.030885
Beam_398	23313	0.013317	0.14581	0.029883
Beam_398	23319	0.0071241	0.14518	0.029842
Beam_398	23331	0.0071241	0.14518	0.030844
Beam_398	23350	0.0037975	0.1473	0.030958
Beam_398	23342	0.013316	0.1468	0.030937
Beam_398	24982	0.0095	0.1498	0.030509
Beam_398	23306	0.013316	0.1468	0.029936
Beam_398	23302	0.0037973	0.14531	0.02985
Beam_398	23346	0.0037973	0.14531	0.030853
Beam_398	23301	0.0056957	0.1458	0.029883
Beam_398	23345	0.0056957	0.1458	0.030884
Beam_398	23351	0.0056965	0.1468	0.030937
Beam_398	23299	0.0056965	0.1468	0.029936
Beam_398	23298	0.0037975	0.1473	0.029957
Beam_398	23297	0.001899	0.1478	0.029975
Beam_398	23292	0.007136	0.14743	0.029962
Beam_398	23352	0.007136	0.14743	0.030963
Beam_398	23289	0.014257	0.14805	0.029983
Beam_398	23315	0.016626	0.14393	0.029743
Beam_398	23353	0.0047571	0.14805	0.030983
Beam_398	23293	0.0047571	0.14805	0.029983
Beam_398	23333	0.0023739	0.14393	0.030747
Beam_398	23290	0.011885	0.14743	0.029962
Beam_398	23348	0.0075949	0.1463	0.030913
Beam_398	23321	0.0023739	0.14393	0.029743
Beam_398	23307	0.015211	0.1473	0.029957
Beam_398	23343	0.015211	0.1473	0.030958
Beam_398	23339	0.015211	0.14532	0.030853
Beam_398	23347	0.0018981	0.14481	0.030817
Beam_398	23303	0.0018981	0.14481	0.029815
Beam_398	23300	0.0075949	0.1463	0.029911
Beam_398	23312	0.015211	0.14532	0.029851
Beam_398	23311	0.017106	0.14482	0.029816
Beam_398	23349	0.001899	0.1478	0.030976
Beam_398	24979	0.019	0.1498	0.030509
Beam_398	23317	0.011876	0.14518	0.029842
Beam_398	23337	0.011876	0.14518	0.030844
Beam_398	23332	0.0047498	0.14456	0.030798
Beam_398	23341	0.011422	0.14631	0.030913
Beam_398	24981	0.01425	0.1498	0.030509
Beam_398	23336	0.01425	0.14456	0.030798
Beam_398	23355	0.0095141	0.14681	0.030937
Beam_398	24980	0.0	0.1498	0.030509
Beam_398	23320	0.0047498	0.14456	0.029795
Beam_398	23291	0.0095141	0.14681	0.029936
Beam_398	23305	0.011422	0.14631	0.029911
Beam_398	24983	0.00475	0.1498	0.030509
Beam_398	23316	0.01425	0.14456	0.029795
Beam_254	24469	0.0095	0.077804	0.024705
Beam_254	19900	0.017103	0.072821	0.027186
Beam_254	19866	0.01187	0.073181	0.026
Beam_254	19856	0.0037966	0.0753	0.025205
Beam_254	19849	0.0075949	0.074303	0.025589
Beam_254	19843	0.0023729	0.076675	0.024645
Beam_254	19850	0.0056992	0.073806	0.025774
Beam_254	19833	0.01521	0.073316	0.025951
Beam_254	19898	0.017109	0.0758	0.026082
Beam_254	19836	0.01332	0.074806	0.025397
Beam_254	19899	0.011422	0.074308	0.026654
Beam_254	19878	0.0095	0.073803	0.026839
Beam_254	19890	0.014258	0.076052	0.025982
Beam_254	19842	0.0047556	0.076052	0.024903
Beam_254	19840	0.0095141	0.074807	0.025397
Beam_254	19883	0.0037966	0.0753	0.026278
Beam_254	19832	0.017103	0.072821	0.026127
Beam_254	19835	0.011422	0.074308	0.025587
Beam_254	19894	0.0047557	0.076052	0.025982
Beam_254	24468	0.01425	0.077804	0.024705
Beam_254	19838	0.017109	0.0758	0.025005
Beam_254	19852	0.0019016	0.072809	0.026131
Beam_254	19888	0.0019016	0.072809	0.02719
Beam_254	24466	0.019	0.077804	0.024705
Beam_254	19855	0.0018953	0.075799	0.025006
Beam_254	19887	0.0037982	0.073307	0.027016
Beam_254	19848	0.011891	0.075431	0.025153
Beam_254	19880	0.0047511	0.072557	0.027276
Beam_254	19865	0.014249	0.072557	0.026219
Beam_254	19881	0.0023793	0.071934	0.027485
Beam_254	19889	0.016634	0.076675	0.025728
Beam_254	19877	0.01187	0.073181	0.027061
Beam_254	19897	0.015212	0.075302	0.026277
Beam_254	19884	0.0056929	0.074802	0.026469
Beam_254	19841	0.0071303	0.075431	0.025153
Beam_254	19876	0.014249	0.072557	0.027276
Beam_254	19891	0.011891	0.075431	0.026227
Beam_254	19879	0.0071296	0.073181	0.027061
Beam_254	19859	0.0071296	0.073181	0.026
Beam_254	24467	0.0	0.077804	0.024705
Beam_254	19893	0.0071303	0.075431	0.026227
Beam_254	19895	0.002373	0.076675	0.025728
Beam_254	19860	0.0047511	0.072557	0.026219
Beam_254	19896	0.01332	0.074806	0.026468
Beam_254	19837	0.015212	0.075302	0.025204
Beam_254	19834	0.013313	0.073813	0.025771
Beam_254	19851	0.0037982	0.073307	0.025955
Beam_254	24470	0.00475	0.077804	0.024705
Beam_254	19885	0.0075949	0.074303	0.026656
Beam_254	19882	0.0018953	0.075799	0.026083
Beam_254	19875	0.016621	0.071934	0.027485
Beam_254	19892	0.0095141	0.074807	0.026467
Beam_254	19857	0.0056929	0.074802	0.025398
Beam_254	19902	0.013313	0.073813	0.026835
Beam_254	19886	0.0056992	0.073806	0.026838
Beam_254	19847	0.014258	0.076052	0.024903
Beam_254	19858	0.0095	0.073803	0.025774
Beam_254	19846	0.016634	0.076675	0.024645
Beam_254	19901	0.01521	0.073316	0.027013
Beam_254	19861	0.0023794	0.071934	0.026431
Beam_254	19864	0.016621	0.071934	0.026431
Beam_416	23726	0.0023752	0.050933	0.030004
Beam_416	23774	0.01663	0.055674	0.03078
Beam_416	23786	0.0023752	0.050933	0.031004
Beam_416	23732	0.0075949	0.053303	0.029931
Beam_416	23720	0.016625	0.050933	0.030004
Beam_416	24550	0.0095	0.056803	0.030176
Beam_416	23764	0.015211	0.052316	0.030972
Beam_416	23768	0.015211	0.054302	0.030878
Beam_416	23738	0.01663	0.055674	0.029776
Beam_416	23735	0.0018989	0.051808	0.029987
Beam_416	23723	0.0095	0.052803	0.029953
Beam_416	23730	0.0037973	0.0543	0.029876
Beam_416	23789	0.01425	0.051556	0.030993
Beam_416	23742	0.0071348	0.054429	0.029868
Beam_416	23729	0.0018982	0.054798	0.029843
Beam_416	23770	0.0071348	0.054429	0.03087
Beam_416	24547	0.019	0.056803	0.030176
Beam_416	23749	0.017106	0.054799	0.029843
Beam_416	24551	0.00475	0.056803	0.030176
Beam_416	23744	0.0023775	0.055674	0.029776
Beam_416	23734	0.0037975	0.052306	0.029972
Beam_416	23788	0.016625	0.050933	0.031004
Beam_416	23778	0.0037975	0.052306	0.030972
Beam_416	23772	0.0023775	0.055674	0.03078
Beam_416	23769	0.017106	0.054799	0.030845
Beam_416	23765	0.013316	0.052812	0.030954
Beam_416	24548	0.0	0.056803	0.030176
Beam_416	23746	0.011422	0.053308	0.029931
Beam_416	23776	0.011886	0.054429	0.03087
Beam_416	23773	0.0095141	0.053807	0.030907
Beam_416	23781	0.0018982	0.054798	0.030846
Beam_416	23775	0.014257	0.055052	0.030828
Beam_416	23767	0.013317	0.053805	0.030907
Beam_416	23763	0.017105	0.05182	0.030987
Beam_416	23724	0.0071254	0.05218	0.029976
Beam_416	23741	0.0095141	0.053807	0.029905
Beam_416	23722	0.011875	0.05218	0.029976
Beam_416	23784	0.0071254	0.05218	0.030976
Beam_416	23731	0.0056957	0.053802	0.029905
Beam_416	23721	0.01425	0.051556	0.029993
Beam_416	23748	0.015211	0.054302	0.029876
Beam_416	23733	0.0056965	0.052805	0.029953
Beam_416	23766	0.011422	0.053308	0.030932
Beam_416	23777	0.0056965	0.052805	0.030954
Beam_416	23740	0.011886	0.054429	0.029868
Beam_416	23780	0.0075949	0.053303	0.030932
Beam_416	23787	0.0095	0.052803	0.030954
Beam_416	24549	0.01425	0.056803	0.030176
Beam_416	23779	0.0018989	0.051808	0.030987
Beam_416	23739	0.014257	0.055052	0.029825
Beam_416	23782	0.0037973	0.0543	0.030878
Beam_416	23747	0.013317	0.053805	0.029905
Beam_416	23753	0.015211	0.052316	0.029971
Beam_416	23725	0.0047501	0.051556	0.029993
Beam_416	23783	0.0056957	0.053802	0.030907
Beam_416	23743	0.0047568	0.055052	0.029825
Beam_416	23771	0.0047568	0.055052	0.030828
Beam_416	23790	0.011875	0.05218	0.030976
Beam_416	23752	0.017105	0.05182	0.029986
Beam_416	23785	0.0047501	0.051556	0.030993
Beam_416	23754	0.013316	0.052812	0.029953
Beam_236	19409	0.016631	0.12293	0.024479
Beam_236	19407	0.01332	0.12481	0.025248
Beam_236	19431	0.0056928	0.1248	0.025245
Beam_236	19464	0.017109	0.12382	0.02593
Beam_236	19445	0.0018953	0.12381	0.025925
Beam_236	19423	0.0047582	0.12705	0.026082
Beam_236	19415	0.0023693	0.12293	0.024479
Beam_236	19420	0.011881	0.12643	0.025859
Beam_236	19459	0.0023693	0.12293	0.025565
Beam_236	24830	0.00475	0.1288	0.027198
Beam_236	19432	0.0037965	0.12431	0.025048
Beam_236	19454	0.016624	0.12767	0.027354
Beam_236	19401	0.01521	0.1263	0.025813
Beam_236	19427	0.0019017	0.1268	0.025992
Beam_236	19400	0.013313	0.1258	0.025629
Beam_236	19402	0.017103	0.1268	0.025992
Beam_236	19410	0.014252	0.12356	0.024742
Beam_236	19422	0.0071403	0.12643	0.025859
Beam_236	19451	0.0047582	0.12705	0.027142
Beam_236	19414	0.0047485	0.12356	0.024742
Beam_236	19405	0.017109	0.12382	0.02485
Beam_236	19413	0.0071196	0.12418	0.024996
Beam_236	19457	0.0071196	0.12418	0.026074
Beam_236	19466	0.01332	0.12481	0.026321
Beam_236	19455	0.014256	0.12705	0.027142
Beam_236	19412	0.0095	0.1248	0.025245
Beam_236	19453	0.0095141	0.12581	0.026696
Beam_236	24827	0.0	0.1288	0.027198
Beam_236	19458	0.0047486	0.12356	0.025823
Beam_236	19452	0.0023829	0.12767	0.027354
Beam_236	19444	0.0037966	0.12431	0.026124
Beam_236	19447	0.0019017	0.1268	0.027053
Beam_236	19418	0.016624	0.12767	0.026298
Beam_236	19430	0.0075949	0.1253	0.025439
Beam_236	19446	0.0075949	0.1253	0.026509
Beam_236	19469	0.01521	0.1263	0.026877
Beam_236	19461	0.016631	0.12293	0.025565
Beam_236	19433	0.0018952	0.12381	0.024845
Beam_236	19424	0.002383	0.12767	0.026298
Beam_236	19443	0.0056929	0.1248	0.026318
Beam_236	19419	0.014256	0.12705	0.026082
Beam_236	19448	0.0037982	0.1263	0.026876
Beam_236	24826	0.019	0.1288	0.027198
Beam_236	19467	0.011422	0.12531	0.02651
Beam_236	19399	0.011422	0.12531	0.025441
Beam_236	19465	0.015212	0.12432	0.026128
Beam_236	19460	0.0095	0.1248	0.026318
Beam_236	19428	0.0037982	0.1263	0.025812
Beam_236	19456	0.011881	0.12643	0.026922
Beam_236	19463	0.01188	0.12418	0.026074
Beam_236	19449	0.0056993	0.1258	0.026694
Beam_236	19450	0.0071403	0.12643	0.026922
Beam_236	19468	0.013313	0.1258	0.026695
Beam_236	19421	0.0095141	0.12581	0.02563
Beam_236	19406	0.015212	0.12432	0.025052
Beam_236	19429	0.0056993	0.1258	0.025627
Beam_236	24828	0.01425	0.1288	0.027198
Beam_236	19470	0.017103	0.1268	0.027053
Beam_236	19411	0.01188	0.12418	0.024996
Beam_236	19462	0.014251	0.12356	0.025823
Beam_236	24829	0.0095	0.1288	0.027198
Beam_344	22024	0.0047495	0.13756	0.028879
Beam_344	22036	0.0047495	0.13756	0.029895
Beam_344	22016	0.015211	0.13832	0.029014
Beam_344	21995	0.0095141	0.13981	0.029253
Beam_344	22046	0.013314	0.1398	0.030264
Beam_344	22061	0.014257	0.14105	0.030436
Beam_344	22054	0.0037977	0.1403	0.030335
Beam_344	22003	0.0056973	0.1398	0.029252
Beam_344	24846	0.01425	0.1428	0.030136
Beam_344	22040	0.014251	0.13756	0.029895
Beam_344	22043	0.015211	0.13832	0.030028
Beam_344	22010	0.013315	0.1398	0.029253
Beam_344	24847	0.0095	0.1428	0.030136
Beam_344	21996	0.0071373	0.14043	0.029343
Beam_344	22019	0.016627	0.13693	0.028762
Beam_344	22007	0.0018973	0.13781	0.028924
Beam_344	22055	0.0056983	0.1398	0.030263
Beam_344	22020	0.014251	0.13756	0.028879
Beam_344	22053	0.0019006	0.1408	0.030403
Beam_344	22039	0.016627	0.13693	0.02978
Beam_344	22058	0.00238	0.14167	0.030513
Beam_344	22001	0.0019007	0.1408	0.029394
Beam_344	22051	0.0018973	0.13781	0.02994
Beam_344	22025	0.0023726	0.13693	0.028762
Beam_344	22047	0.015211	0.1403	0.030335
Beam_344	22060	0.016627	0.14167	0.030513
Beam_344	22017	0.013318	0.13881	0.029097
Beam_344	22062	0.011884	0.14043	0.030353
Beam_344	21994	0.011884	0.14043	0.029343
Beam_344	22059	0.0095141	0.13981	0.030264
Beam_344	22037	0.0023726	0.13693	0.02978
Beam_344	21997	0.0047574	0.14105	0.029427
Beam_344	22023	0.0071228	0.13818	0.02899
Beam_344	21992	0.016627	0.14167	0.029506
Beam_344	24848	0.00475	0.1428	0.030136
Beam_344	22048	0.017104	0.1408	0.030403
Beam_344	22044	0.013318	0.13881	0.03011
Beam_344	22050	0.0037971	0.13831	0.030027
Beam_344	22035	0.0071229	0.13818	0.030005
Beam_344	22002	0.0037977	0.1403	0.029325
Beam_344	22021	0.011877	0.13818	0.02899
Beam_344	21993	0.014257	0.14105	0.029427
Beam_344	22022	0.0095	0.1388	0.029096
Beam_344	22041	0.011877	0.13818	0.030005
Beam_344	22056	0.0071373	0.14043	0.030353
Beam_344	22006	0.0037971	0.13831	0.029012
Beam_344	22045	0.011422	0.13931	0.030189
Beam_344	24845	0.0	0.1428	0.030136
Beam_344	22005	0.0056949	0.1388	0.029096
Beam_344	22057	0.0047574	0.14105	0.030436
Beam_344	21998	0.00238	0.14167	0.029506
Beam_344	22015	0.017107	0.13782	0.028927
Beam_344	22052	0.0075949	0.1393	0.030188
Beam_344	22049	0.0056949	0.1388	0.030109
Beam_344	22011	0.015211	0.1403	0.029325
Beam_344	22004	0.0075949	0.1393	0.029176
Beam_344	22012	0.017104	0.1408	0.029394
Beam_344	22038	0.0095	0.1388	0.030109
Beam_344	22042	0.017107	0.13782	0.029942
Beam_344	24844	0.019	0.1428	0.030136
Beam_344	22009	0.011422	0.13931	0.029177
Beam_362	22457	0.01425	0.058557	0.029478
Beam_362	22477	0.0075949	0.060303	0.030248
Beam_362	22476	0.0056949	0.060802	0.030172
Beam_362	22428	0.013318	0.060805	0.029159
Beam_362	22448	0.0037971	0.0613	0.029079
Beam_362	22429	0.015211	0.061302	0.029078
Beam_362	24511	0.019	0.063803	0.029125
Beam_362	22474	0.0018974	0.061798	0.030009
Beam_362	22456	0.016624	0.057933	0.029553
Beam_362	22493	0.015211	0.059316	0.030388
Beam_362	22451	0.0071266	0.05918	0.029397
Beam_362	22488	0.013318	0.060805	0.030171
Beam_362	24514	0.0095	0.063803	0.029125
Beam_362	22432	0.0095141	0.060807	0.029159
Beam_362	22447	0.0018974	0.061798	0.028994
Beam_362	22482	0.014258	0.062052	0.029965
Beam_362	22471	0.0071266	0.05918	0.030406
Beam_362	22469	0.011873	0.05918	0.030406
Beam_362	22450	0.0095	0.059803	0.02931
Beam_362	22442	0.0056973	0.059805	0.02931
Beam_362	22494	0.013315	0.059812	0.030319
Beam_362	22481	0.016631	0.062675	0.029853
Beam_362	22430	0.017107	0.0618	0.028994
Beam_362	22453	0.0023764	0.057933	0.029553
Beam_362	22467	0.016624	0.057933	0.030559
Beam_362	22452	0.0047504	0.058557	0.029478
Beam_362	22478	0.0056973	0.059805	0.03032
Beam_362	22473	0.0023764	0.057933	0.030559
Beam_362	22483	0.011888	0.06143	0.030071
Beam_362	22486	0.0047565	0.062052	0.029965
Beam_362	22490	0.017107	0.0618	0.030009
Beam_362	22443	0.0037977	0.059307	0.02938
Beam_362	22424	0.017104	0.058821	0.029444
Beam_362	22438	0.016631	0.062675	0.028836
Beam_362	22427	0.011422	0.060308	0.029236
Beam_362	22435	0.0023762	0.062675	0.028836
Beam_362	22444	0.0018997	0.058808	0.029446
Beam_362	22470	0.0095	0.059803	0.03032
Beam_362	22487	0.0023762	0.062675	0.029853
Beam_362	22439	0.014258	0.062052	0.02895
Beam_362	22468	0.01425	0.058557	0.030485
Beam_362	24515	0.00475	0.063803	0.029125
Beam_362	22479	0.0037977	0.059307	0.030389
Beam_362	22425	0.015211	0.059316	0.029378
Beam_362	22491	0.011422	0.060308	0.030247
Beam_362	22492	0.017105	0.058821	0.030452
Beam_362	22440	0.011888	0.06143	0.029057
Beam_362	24512	0.0	0.063803	0.029125
Beam_362	22458	0.011873	0.05918	0.029397
Beam_362	22485	0.0071335	0.06143	0.030071
Beam_362	22489	0.015211	0.061302	0.030092
Beam_362	22449	0.0056949	0.060802	0.029159
Beam_362	24513	0.01425	0.063803	0.029125
Beam_362	22480	0.0018997	0.058808	0.030454
Beam_362	22475	0.0037972	0.0613	0.030092
Beam_362	22433	0.0071335	0.06143	0.029057
Beam_362	22441	0.0075949	0.060303	0.029237
Beam_362	22472	0.0047503	0.058557	0.030485
Beam_362	22426	0.013315	0.059812	0.029309
Beam_362	22434	0.0047565	0.062052	0.02895
Beam_362	22484	0.0095141	0.060807	0.030171
Beam_290	20729	0.0023711	0.12993	0.027027
Beam_290	20711	0.0018964	0.13081	0.027287
Beam_290	20740	0.0047491	0.13056	0.028256
Beam_290	24838	0.0095	0.1358	0.029044
Beam_290	20708	0.0075949	0.1323	0.027702
Beam_290	20759	0.0056982	0.1328	0.028864
Beam_290	20762	0.0023814	0.13467	0.029312
Beam_290	20739	0.0071214	0.13118	0.028432
Beam_290	20715	0.015211	0.1333	0.027959
Beam_290	20744	0.014251	0.13056	0.028256
Beam_290	20760	0.0071386	0.13343	0.02902
Beam_290	20751	0.015211	0.1333	0.028989
Beam_290	20727	0.0071214	0.13118	0.027394
Beam_290	20756	0.0075949	0.1323	0.028736
Beam_290	20700	0.0071386	0.13343	0.027991
Beam_290	20755	0.0018964	0.13081	0.028328
Beam_290	20728	0.0047491	0.13056	0.027214
Beam_290	20716	0.017104	0.1338	0.028081
Beam_290	20723	0.016629	0.12993	0.027027
Beam_290	20765	0.014256	0.13405	0.029169
Beam_290	20761	0.0047577	0.13405	0.029169
Beam_290	20701	0.0047577	0.13405	0.028142
Beam_290	20741	0.0023712	0.12993	0.028072
Beam_290	24839	0.00475	0.1358	0.029044
Beam_290	20752	0.017104	0.1338	0.02911
Beam_290	24835	0.019	0.1358	0.029044
Beam_290	20724	0.014251	0.13056	0.027214
Beam_290	20720	0.015212	0.13132	0.027432
Beam_290	20742	0.0095	0.1318	0.028604
Beam_290	20714	0.013314	0.1328	0.027833
Beam_290	20753	0.005694	0.1318	0.028604
Beam_290	20764	0.016626	0.13467	0.029312
Beam_290	20726	0.0095	0.1318	0.027567
Beam_290	20749	0.011422	0.13231	0.028737
Beam_290	20763	0.0095141	0.13281	0.028866
Beam_290	20747	0.015212	0.13132	0.028471
Beam_290	20710	0.0037969	0.13131	0.02743
Beam_290	20696	0.016626	0.13467	0.028286
Beam_290	20706	0.0037979	0.1333	0.027959
Beam_290	20721	0.013319	0.13181	0.02757
Beam_290	20766	0.011882	0.13343	0.02902
Beam_290	20746	0.017108	0.13082	0.028331
Beam_290	20698	0.011882	0.13343	0.027991
Beam_290	24836	0.0	0.1358	0.029044
Beam_290	20743	0.016629	0.12993	0.028072
Beam_290	20750	0.013314	0.1328	0.028865
Beam_290	20748	0.013319	0.13181	0.028606
Beam_290	20702	0.0023814	0.13467	0.028286
Beam_290	20699	0.0095141	0.13281	0.027834
Beam_290	20705	0.0019007	0.1338	0.028081
Beam_290	20757	0.0019007	0.1338	0.029109
Beam_290	20713	0.011422	0.13231	0.027703
Beam_290	20758	0.0037979	0.1333	0.028989
Beam_290	20725	0.011879	0.13118	0.027394
Beam_290	20754	0.0037969	0.13131	0.028468
Beam_290	20719	0.017108	0.13082	0.027291
Beam_290	24837	0.01425	0.1358	0.029044
Beam_290	20745	0.011879	0.13118	0.028432
Beam_290	20707	0.0056982	0.1328	0.027832
Beam_290	20709	0.0056939	0.1318	0.027568
Beam_290	20697	0.014256	0.13405	0.028142
Beam_308	21193	0.015212	0.068302	0.028575
Beam_308	21147	0.0037979	0.066307	0.028056
Beam_308	21186	0.014258	0.069052	0.028368
Beam_308	21197	0.015211	0.066316	0.029082
Beam_308	21155	0.007128	0.066181	0.028086
Beam_308	21145	0.0075949	0.067303	0.027805
Beam_308	21175	0.007128	0.066181	0.029114
Beam_308	21183	0.0037979	0.066307	0.029084
Beam_308	21192	0.013319	0.067805	0.028708
Beam_308	21196	0.017104	0.065821	0.029199
Beam_308	21130	0.013315	0.066812	0.027931
Beam_308	21129	0.015211	0.066316	0.028053
Beam_308	21151	0.0018964	0.068799	0.0274
Beam_308	21182	0.0056982	0.066805	0.028963
Beam_308	21128	0.017104	0.065821	0.028172
Beam_308	21194	0.017108	0.0688	0.028438
Beam_308	21136	0.0095141	0.067807	0.027673
Beam_308	21161	0.014249	0.065557	0.028234
Beam_308	24520	0.019	0.070803	0.027323
Beam_308	21180	0.005694	0.067802	0.028709
Beam_308	21134	0.017108	0.0688	0.0274
Beam_308	21187	0.011889	0.06843	0.02854
Beam_308	21156	0.0047507	0.065557	0.028234
Beam_308	21138	0.0047562	0.069052	0.027328
Beam_308	21152	0.0037969	0.0683	0.027539
Beam_308	21174	0.0095	0.066803	0.028964
Beam_308	21157	0.0023778	0.064934	0.028375
Beam_308	21154	0.0095	0.066803	0.027933
Beam_308	21179	0.0037969	0.0683	0.028576
Beam_308	21143	0.014258	0.069052	0.027328
Beam_308	21131	0.011422	0.067308	0.027804
Beam_308	21173	0.011872	0.066181	0.029114
Beam_308	21153	0.005694	0.067802	0.027674
Beam_308	24521	0.0	0.070803	0.027323
Beam_308	21190	0.0047562	0.069052	0.028368
Beam_308	21198	0.013315	0.066812	0.028961
Beam_308	24522	0.01425	0.070803	0.027323
Beam_308	21172	0.014249	0.065557	0.02926
Beam_308	21181	0.0075949	0.067303	0.028838
Beam_308	21171	0.016622	0.064934	0.029399
Beam_308	21133	0.015212	0.068302	0.027539
Beam_308	21184	0.0019006	0.065809	0.029202
Beam_308	21178	0.0018964	0.068799	0.028439
Beam_308	21144	0.011889	0.06843	0.027503
Beam_308	24523	0.0095	0.070803	0.027323
Beam_308	21185	0.016632	0.069675	0.028188
Beam_308	21137	0.007132	0.06843	0.027503
Beam_308	21139	0.0023747	0.069675	0.027146
Beam_308	21148	0.0019006	0.065809	0.028175
Beam_308	21195	0.011422	0.067308	0.028837
Beam_308	24524	0.00475	0.070803	0.027323
Beam_308	21142	0.016632	0.069675	0.027146
Beam_308	21191	0.0023748	0.069675	0.028188
Beam_308	21160	0.016622	0.064934	0.028375
Beam_308	21132	0.013319	0.067805	0.027673
Beam_308	21189	0.0071321	0.06843	0.02854
Beam_308	21177	0.0023778	0.064934	0.029399
Beam_308	21176	0.0047507	0.065557	0.02926
Beam_308	21146	0.0056982	0.066805	0.027932
Beam_308	21162	0.011872	0.066181	0.028086
Beam_308	21188	0.0095141	0.067807	0.028707
Beam_128	16831	0.0047599	0.11305	0.019283
Beam_128	16859	0.0047597	0.11305	0.020464
Beam_128	16862	0.016619	0.11367	0.020845
Beam_128	16813	0.017113	0.10982	0.017103
Beam_128	16829	0.0095141	0.11181	0.018476
Beam_128	16863	0.014254	0.11305	0.020464
Beam_128	16858	0.0071452	0.11243	0.020072
Beam_128	16826	0.016619	0.11367	0.019672
Beam_128	16830	0.0071453	0.11243	0.018883
Beam_128	16836	0.0037994	0.1123	0.0188
Beam_128	16821	0.0071139	0.11018	0.017358
Beam_128	16872	0.017112	0.10982	0.018329
Beam_128	16832	0.0023878	0.11367	0.019672
Beam_128	16817	0.016637	0.10893	0.016456
Beam_128	16822	0.0047464	0.10956	0.016914
Beam_128	16865	0.007114	0.11018	0.018579
Beam_128	16828	0.011876	0.11243	0.018883
Beam_128	16818	0.014254	0.10956	0.016914
Beam_128	16864	0.011876	0.11243	0.020072
Beam_128	16877	0.015209	0.1123	0.019992
Beam_128	16808	0.01331	0.1118	0.018473
Beam_128	16873	0.015213	0.11032	0.018674
Beam_128	16814	0.015213	0.11032	0.017456
Beam_128	16861	0.0095141	0.11181	0.019673
Beam_128	16875	0.011422	0.11131	0.019345
Beam_128	16810	0.017099	0.1128	0.019122
Beam_128	16860	0.0023877	0.11367	0.020845
Beam_128	24811	0.0095	0.1148	0.020937
Beam_128	16837	0.0057026	0.1118	0.018471
Beam_128	16857	0.0057025	0.1118	0.019668
Beam_128	24808	0.019	0.1148	0.020937
Beam_128	16868	0.0095	0.1108	0.019007
Beam_128	16855	0.0019048	0.1128	0.020305
Beam_128	16835	0.0019049	0.1128	0.019121
Beam_128	24812	0.00475	0.1148	0.020937
Beam_128	16840	0.0037952	0.11031	0.017449
Beam_128	16807	0.011422	0.11131	0.018141
Beam_128	16820	0.0095	0.1108	0.017796
Beam_128	16878	0.017099	0.1128	0.020306
Beam_128	16856	0.0037993	0.1123	0.01999
Beam_128	16876	0.01331	0.1118	0.01967
Beam_128	16874	0.013323	0.11081	0.019011
Beam_128	16838	0.0075949	0.1113	0.018138
Beam_128	16852	0.0037954	0.11031	0.018668
Beam_128	16819	0.011886	0.11018	0.017358
Beam_128	16870	0.014253	0.10956	0.018144
Beam_128	16871	0.011886	0.11018	0.018579
Beam_128	24809	0.0	0.1148	0.020937
Beam_128	24810	0.01425	0.1148	0.020937
Beam_128	16869	0.016637	0.10893	0.017696
Beam_128	16867	0.0023635	0.10893	0.017696
Beam_128	16851	0.0056894	0.1108	0.019007
Beam_128	16815	0.013323	0.11081	0.017801
Beam_128	16854	0.0075949	0.1113	0.019342
Beam_128	16827	0.014254	0.11305	0.019283
Beam_128	16866	0.0047466	0.10956	0.018144
Beam_128	16809	0.015209	0.1123	0.018801
Beam_128	16839	0.0056893	0.1108	0.017796
Beam_128	16823	0.0023633	0.10893	0.016456
Beam_5	24793	0.0095	0.10081	0.010193
Beam_5	24794	0.00475	0.10081	0.010193
Beam_5	24790	0.019	0.10081	0.010193
Beam_5	24792	0.01425	0.10081	0.010193
Beam_7	24781	0.039	0.10081	0.010193
Beam_7	24784	0.0295	0.10081	0.010193
Beam_7	24783	0.03425	0.10081	0.010193
Beam_7	24785	0.02475	0.10081	0.010193
Beam_7	24782	0.02	0.10081	0.010193
Beam_95	24431	0.02	0.098988	0.010367
Beam_95	15909	0.031422	0.095308	0.013051
Beam_95	15902	0.029514	0.095807	0.012612
Beam_95	24430	0.039	0.098988	0.010367
Beam_95	15890	0.025686	0.095804	0.012614
Beam_95	15897	0.037428	0.097884	0.010691
Beam_95	15963	0.037428	0.097884	0.01207
Beam_95	15974	0.025686	0.095804	0.013944
Beam_95	15962	0.029514	0.095807	0.013942
Beam_95	15920	0.035829	0.093142	0.01486
Beam_95	15946	0.03583	0.093142	0.016135
Beam_95	15964	0.035843	0.097468	0.012457
Beam_95	15945	0.03741	0.092727	0.016457
Beam_95	15967	0.031103	0.096224	0.013578
Beam_95	15901	0.031104	0.096224	0.012239
Beam_95	15956	0.037097	0.093823	0.015596
Beam_95	15958	0.026338	0.096638	0.013211
Beam_95	15923	0.031076	0.094389	0.013836
Beam_95	15926	0.026337	0.093973	0.014183
Beam_95	15912	0.037097	0.093823	0.014307
Beam_95	15904	0.026337	0.096638	0.011862
Beam_95	15919	0.03741	0.092727	0.015189
Beam_95	15960	0.023166	0.097468	0.012457
Beam_95	15940	0.026337	0.093973	0.015475
Beam_95	15898	0.035844	0.097468	0.011088
Beam_95	15953	0.031422	0.095308	0.01437
Beam_95	15892	0.025705	0.094807	0.013482
Beam_95	15907	0.021577	0.097884	0.010691
Beam_95	15968	0.025705	0.094807	0.01479
Beam_95	15950	0.037116	0.096802	0.013064
Beam_95	15915	0.037116	0.096802	0.011711
Beam_95	15906	0.023166	0.097468	0.011088
Beam_95	15949	0.031076	0.094389	0.015136
Beam_95	15910	0.033307	0.094814	0.013476
Beam_95	15916	0.035215	0.096303	0.012167
Beam_95	15917	0.033326	0.095807	0.012611
Beam_95	15952	0.033326	0.095807	0.013941
Beam_95	15947	0.034241	0.093559	0.015807
Beam_95	15921	0.034241	0.093559	0.014523
Beam_95	15900	0.032682	0.096638	0.011862
Beam_95	15943	0.02159	0.092727	0.016457
Beam_95	24433	0.0295	0.098988	0.010367
Beam_95	15905	0.024745	0.097055	0.011477
Beam_95	15894	0.021908	0.09381	0.014317
Beam_95	24434	0.02475	0.098988	0.010367
Beam_95	15973	0.023794	0.096301	0.01351
Beam_95	15929	0.02159	0.092727	0.015189
Beam_95	15969	0.0238	0.094307	0.015203
Beam_95	15972	0.021888	0.096801	0.013065
Beam_95	15891	0.027595	0.095303	0.013055
Beam_95	15961	0.021577	0.097884	0.01207
Beam_95	15888	0.021888	0.096801	0.011712
Beam_95	15944	0.0295	0.094803	0.014794
Beam_95	15889	0.023794	0.096301	0.012169
Beam_95	15893	0.023801	0.094307	0.013905
Beam_95	15965	0.034268	0.097055	0.012836
Beam_95	15899	0.034269	0.097055	0.011477
Beam_95	15955	0.035208	0.094317	0.015195
Beam_95	15911	0.035208	0.094317	0.013897
Beam_95	15971	0.027595	0.095303	0.014373
Beam_95	15942	0.02317	0.093142	0.016135
Beam_95	24432	0.03425	0.098988	0.010367
Beam_95	15941	0.024759	0.093559	0.015807
Beam_95	15954	0.033307	0.094814	0.014785
Beam_95	15924	0.0295	0.094803	0.013486
Beam_95	15951	0.035214	0.096303	0.013508
Beam_95	15966	0.032681	0.096638	0.013211
Beam_95	15959	0.024746	0.097055	0.012836
Beam_95	15922	0.032663	0.093973	0.014183
Beam_95	15948	0.032663	0.093973	0.015475
Beam_95	15970	0.021907	0.09381	0.015606
Beam_95	15925	0.027924	0.094389	0.013836
Beam_95	15939	0.027924	0.094389	0.015136
Beam_95	15903	0.02792	0.096224	0.012239
Beam_95	15928	0.023171	0.093142	0.01486
Beam_95	15957	0.02792	0.096224	0.013578
Beam_95	15927	0.024759	0.093559	0.014523
Beam_77	15390	0.032672	0.10564	0.013857
Beam_77	15377	0.032672	0.10297	0.0115
Beam_77	15424	0.032672	0.10564	0.015156
Beam_77	15435	0.032672	0.10297	0.012858
Beam_77	15426	0.027908	0.10339	0.013232
Beam_77	15382	0.024738	0.10255	0.011108
Beam_77	15370	0.023793	0.10331	0.01181
Beam_77	15400	0.023176	0.10647	0.014543
Beam_77	15417	0.033307	0.1048	0.014463
Beam_77	15419	0.037097	0.1058	0.015288
Beam_77	15395	0.037096	0.1058	0.013992
Beam_77	15440	0.027595	0.1043	0.014037
Beam_77	15376	0.034262	0.10255	0.011108
Beam_77	15367	0.033327	0.10381	0.012268
Beam_77	15434	0.034262	0.10255	0.012477
Beam_77	15380	0.027908	0.10339	0.011883
Beam_77	15387	0.037412	0.10688	0.014877
Beam_77	15418	0.035208	0.1053	0.014881
Beam_77	15394	0.035208	0.1053	0.013574
Beam_77	15393	0.033307	0.1048	0.013146
Beam_77	15421	0.037412	0.10688	0.016152
Beam_77	15383	0.023161	0.10214	0.010713
Beam_77	15369	0.025686	0.1038	0.012262
Beam_77	24901	0.0295	0.1078	0.016231
Beam_77	15368	0.031422	0.10431	0.012713
Beam_77	15430	0.021574	0.10172	0.011699
Beam_77	15361	0.023801	0.1053	0.013573
Beam_77	15436	0.031092	0.10339	0.013232
Beam_77	15445	0.023801	0.1053	0.014879
Beam_77	15441	0.037116	0.10282	0.012719
Beam_77	15398	0.026347	0.10564	0.013857
Beam_77	15389	0.034247	0.10605	0.014202
Beam_77	15443	0.033326	0.10381	0.013607
Beam_77	15446	0.025705	0.1048	0.01446
Beam_77	15423	0.034248	0.10605	0.015493
Beam_77	24899	0.02	0.1078	0.016231
Beam_77	15363	0.027595	0.1043	0.012709
Beam_77	15362	0.025706	0.1048	0.013143
Beam_77	15414	0.023175	0.10647	0.015826
Beam_77	15392	0.029514	0.10481	0.01315
Beam_77	15432	0.037426	0.10172	0.011699
Beam_77	15381	0.026328	0.10297	0.0115
Beam_77	15427	0.026328	0.10297	0.012858
Beam_77	15360	0.021908	0.1058	0.013991
Beam_77	24898	0.039	0.1078	0.016231
Beam_77	24900	0.03425	0.1078	0.016231
Beam_77	15411	0.027936	0.10522	0.014813
Beam_77	15416	0.029514	0.10481	0.014466
Beam_77	15438	0.023794	0.10331	0.01316
Beam_77	15444	0.021908	0.1058	0.015287
Beam_77	24902	0.02475	0.1078	0.016231
Beam_77	15425	0.031088	0.10522	0.014813
Beam_77	15374	0.037426	0.10172	0.010308
Beam_77	15365	0.037116	0.10282	0.011357
Beam_77	15379	0.0295	0.1038	0.012263
Beam_77	15412	0.026347	0.10564	0.015156
Beam_77	15391	0.031088	0.10522	0.013505
Beam_77	15397	0.027936	0.10522	0.013505
Beam_77	15428	0.024738	0.10255	0.012477
Beam_77	15378	0.031092	0.10339	0.011883
Beam_77	15429	0.023161	0.10214	0.012092
Beam_77	15384	0.021574	0.10172	0.010308
Beam_77	15401	0.021593	0.10688	0.014877
Beam_77	15420	0.031422	0.10431	0.01404
Beam_77	15437	0.025686	0.1038	0.013601
Beam_77	15431	0.0295	0.1038	0.013602
Beam_77	15375	0.035839	0.10214	0.010713
Beam_77	15415	0.021593	0.10688	0.016152
Beam_77	15433	0.035839	0.10214	0.012092
Beam_77	15422	0.035834	0.10647	0.015826
Beam_77	15388	0.035834	0.10647	0.014543
Beam_77	15442	0.035215	0.10332	0.013169
Beam_77	15413	0.024766	0.10605	0.015493
Beam_77	15399	0.024767	0.10605	0.014202
Beam_77	15371	0.021888	0.10281	0.011346
Beam_77	15439	0.021888	0.10281	0.012708
Beam_77	15366	0.035215	0.10331	0.011819
Beam_131	16912	0.023795	0.11031	0.017449
Beam_131	16934	0.036619	0.11367	0.020845
Beam_131	16910	0.027595	0.1113	0.018138
Beam_131	24892	0.0295	0.1148	0.020937
Beam_131	16907	0.021905	0.1128	0.019121
Beam_131	16926	0.027595	0.1113	0.019342
Beam_131	16941	0.036637	0.10893	0.017696
Beam_131	16892	0.0295	0.1108	0.017796
Beam_131	16889	0.036637	0.10893	0.016456
Beam_131	24891	0.03425	0.1148	0.020937
Beam_131	24890	0.02	0.1148	0.020937
Beam_131	16924	0.023795	0.11031	0.018668
Beam_131	16900	0.031876	0.11243	0.018883
Beam_131	16895	0.022363	0.10893	0.016456
Beam_131	16913	0.021892	0.10981	0.017095
Beam_131	24893	0.02475	0.1148	0.020937
Beam_131	16925	0.021892	0.10981	0.01832
Beam_131	16909	0.025703	0.1118	0.018471
Beam_131	16935	0.034254	0.11305	0.020464
Beam_131	16899	0.034254	0.11305	0.019283
Beam_131	16890	0.034254	0.10956	0.016914
Beam_131	24889	0.039	0.1148	0.020937
Beam_131	16950	0.037099	0.1128	0.020306
Beam_131	16903	0.02476	0.11305	0.019283
Beam_131	16882	0.037099	0.1128	0.019122
Beam_131	16931	0.02476	0.11305	0.020464
Beam_131	16942	0.034253	0.10956	0.018144
Beam_131	16936	0.031876	0.11243	0.020072
Beam_131	16887	0.033323	0.11081	0.017801
Beam_131	16904	0.022388	0.11367	0.019672
Beam_131	16886	0.035213	0.11032	0.017456
Beam_131	16937	0.027114	0.11018	0.018579
Beam_131	16893	0.027114	0.11018	0.017358
Beam_131	16949	0.035209	0.1123	0.019992
Beam_131	16881	0.035209	0.1123	0.018801
Beam_131	16944	0.037112	0.10982	0.018329
Beam_131	16940	0.0295	0.1108	0.019007
Beam_131	16891	0.031886	0.11018	0.017358
Beam_131	16938	0.024747	0.10956	0.018144
Beam_131	16923	0.025689	0.1108	0.019007
Beam_131	16885	0.037113	0.10982	0.017103
Beam_131	16943	0.031886	0.11018	0.018579
Beam_131	16908	0.023799	0.1123	0.0188
Beam_131	16927	0.021905	0.1128	0.020305
Beam_131	16928	0.023799	0.1123	0.01999
Beam_131	16879	0.031422	0.11131	0.018141
Beam_131	16880	0.03331	0.1118	0.018473
Beam_131	16948	0.03331	0.1118	0.01967
Beam_131	16945	0.035213	0.11032	0.018674
Beam_131	16939	0.022363	0.10893	0.017696
Beam_131	16933	0.029514	0.11181	0.019673
Beam_131	16911	0.025689	0.1108	0.017796
Beam_131	16947	0.031422	0.11131	0.019345
Beam_131	16898	0.036619	0.11367	0.019672
Beam_131	16894	0.024746	0.10956	0.016914
Beam_131	16901	0.029514	0.11181	0.018476
Beam_131	16932	0.022388	0.11367	0.020845
Beam_131	16946	0.033323	0.11081	0.019011
Beam_131	16929	0.025703	0.1118	0.019668
Beam_131	16902	0.027145	0.11243	0.018883
Beam_131	16930	0.027145	0.11243	0.020072
Beam_149	17367	0.034247	0.086557	0.020706
Beam_149	17380	0.021892	0.0898	0.018595
Beam_149	17361	0.037112	0.089801	0.018594
Beam_149	17360	0.035213	0.089302	0.018935
Beam_149	17331	0.034247	0.086557	0.01953
Beam_149	17364	0.022384	0.085935	0.021082
Beam_149	24421	0.039	0.091804	0.016529
Beam_149	17340	0.035213	0.089303	0.017723
Beam_149	17334	0.027135	0.087182	0.019135
Beam_149	17332	0.031865	0.087182	0.019135
Beam_149	24424	0.0295	0.091804	0.016529
Beam_149	17371	0.022367	0.090677	0.017978
Beam_149	17339	0.033323	0.088806	0.018063
Beam_149	17359	0.033323	0.088806	0.019269
Beam_149	17327	0.022367	0.090677	0.016745
Beam_149	17365	0.0295	0.087803	0.019925
Beam_149	17378	0.021905	0.08681	0.020551
Beam_149	24425	0.02475	0.091804	0.016529
Beam_149	17366	0.036616	0.085935	0.021082
Beam_149	17330	0.036616	0.085935	0.019914
Beam_149	24423	0.03425	0.091804	0.016529
Beam_149	17362	0.027134	0.087182	0.020319
Beam_149	17358	0.031422	0.088308	0.019598
Beam_149	17372	0.029514	0.088807	0.019269
Beam_149	17317	0.023799	0.087307	0.019055
Beam_149	17315	0.027595	0.088303	0.018402
Beam_149	17368	0.031866	0.087182	0.020319
Beam_149	17313	0.023795	0.0893	0.017724
Beam_149	24422	0.02	0.091804	0.016529
Beam_149	17341	0.037112	0.089801	0.017374
Beam_149	17314	0.025689	0.088803	0.018066
Beam_149	17356	0.035209	0.087316	0.020234
Beam_149	17335	0.024753	0.086557	0.01953
Beam_149	17338	0.031422	0.088308	0.0184
Beam_149	17318	0.021905	0.08681	0.019372
Beam_149	17326	0.024754	0.090053	0.017196
Beam_149	17333	0.0295	0.087803	0.018733
Beam_149	17312	0.021892	0.0898	0.017375
Beam_149	17316	0.025702	0.087806	0.018731
Beam_149	17382	0.02569	0.088803	0.019271
Beam_149	17370	0.024754	0.090052	0.018419
Beam_149	17321	0.03664	0.090677	0.016745
Beam_149	17377	0.023799	0.087307	0.02024
Beam_149	17374	0.03426	0.090052	0.018419
Beam_149	17322	0.034261	0.090053	0.017196
Beam_149	17373	0.03664	0.090677	0.017978
Beam_149	17345	0.035209	0.087317	0.019049
Beam_149	17324	0.029514	0.088807	0.018063
Beam_149	17375	0.031896	0.089432	0.018847
Beam_149	17323	0.031896	0.089432	0.017633
Beam_149	17369	0.027125	0.089432	0.018847
Beam_149	17336	0.022384	0.085935	0.019914
Beam_149	17355	0.0371	0.086822	0.020543
Beam_149	17325	0.027125	0.089432	0.017633
Beam_149	17379	0.027595	0.088303	0.019601
Beam_149	17357	0.03331	0.087813	0.019918
Beam_149	17363	0.024753	0.086557	0.020706
Beam_149	17381	0.023795	0.0893	0.018937
Beam_149	17376	0.025702	0.087806	0.019923
Beam_149	17346	0.03331	0.087813	0.018726
Beam_149	17344	0.0371	0.086822	0.019364
Beam_185	18190	0.024748	0.11656	0.021363
Beam_185	18209	0.021894	0.11681	0.021502
Beam_185	18198	0.027142	0.11943	0.022867
Beam_185	18244	0.033312	0.1188	0.023674
Beam_185	18196	0.031879	0.11943	0.022867
Beam_185	18237	0.036633	0.11593	0.02216
Beam_185	18226	0.027142	0.11943	0.023981
Beam_185	18204	0.023799	0.1193	0.022804
Beam_185	18234	0.024748	0.11656	0.022504
Beam_185	18191	0.022367	0.11593	0.021013
Beam_185	18227	0.024759	0.12005	0.02428
Beam_185	18185	0.036633	0.11593	0.021013
Beam_185	18243	0.031422	0.11831	0.023425
Beam_185	24882	0.03425	0.1218	0.024532
Beam_185	18221	0.021894	0.11681	0.02264
Beam_185	18176	0.033312	0.1188	0.022555
Beam_185	18225	0.025701	0.1188	0.023673
Beam_185	18224	0.023799	0.1193	0.023919
Beam_185	18229	0.029514	0.11881	0.023676
Beam_185	18181	0.03711	0.11682	0.021508
Beam_185	18240	0.03711	0.11682	0.022646
Beam_185	24883	0.0295	0.1218	0.024532
Beam_185	18188	0.0295	0.1178	0.022038
Beam_185	18203	0.021903	0.1198	0.023049
Beam_185	18228	0.022385	0.12067	0.02457
Beam_185	18175	0.031422	0.11831	0.022301
Beam_185	18182	0.035212	0.11732	0.021778
Beam_185	18223	0.021903	0.1198	0.024159
Beam_185	18200	0.022385	0.12067	0.023467
Beam_185	18178	0.037101	0.1198	0.023049
Beam_185	18205	0.025701	0.1188	0.022553
Beam_185	18245	0.03521	0.1193	0.02392
Beam_185	24881	0.02	0.1218	0.024532
Beam_185	18186	0.034252	0.11656	0.021363
Beam_185	18219	0.025691	0.1178	0.023166
Beam_185	18199	0.024759	0.12005	0.023172
Beam_185	18238	0.034252	0.11656	0.022504
Beam_185	18220	0.023796	0.11731	0.022906
Beam_185	18231	0.034255	0.12005	0.02428
Beam_185	18177	0.03521	0.1193	0.022805
Beam_185	18236	0.0295	0.1178	0.023166
Beam_185	18222	0.027595	0.1183	0.023423
Beam_185	18232	0.031879	0.11943	0.023981
Beam_185	18194	0.036622	0.12067	0.023467
Beam_185	18235	0.022367	0.11593	0.02216
Beam_185	18187	0.031883	0.11718	0.021704
Beam_185	18206	0.027595	0.1183	0.022299
Beam_185	18195	0.034255	0.12005	0.023172
Beam_185	18183	0.033321	0.11781	0.022042
Beam_185	18241	0.035212	0.11732	0.022911
Beam_185	18242	0.033321	0.11781	0.02317
Beam_185	18189	0.027117	0.11718	0.021704
Beam_185	18246	0.037101	0.1198	0.02416
Beam_185	24884	0.02475	0.1218	0.024532
Beam_185	18208	0.023796	0.11731	0.021773
Beam_185	18233	0.027117	0.11718	0.022838
Beam_185	18230	0.036622	0.12067	0.02457
Beam_185	24880	0.039	0.1218	0.024532
Beam_185	18197	0.029514	0.11881	0.022557
Beam_185	18239	0.031883	0.11718	0.022838
Beam_185	18207	0.025691	0.1178	0.022038
Beam_347	22089	0.033318	0.13881	0.029097
Beam_347	22108	0.024749	0.13756	0.029895
Beam_347	22116	0.033318	0.13881	0.03011
Beam_347	22118	0.033315	0.1398	0.030264
Beam_347	22096	0.024749	0.13756	0.028879
Beam_347	24853	0.039	0.1428	0.030136
Beam_347	24857	0.02475	0.1428	0.030136
Beam_347	22097	0.022373	0.13693	0.028762
Beam_347	22067	0.029514	0.13981	0.029253
Beam_347	22075	0.025697	0.1398	0.029252
Beam_347	22094	0.0295	0.1388	0.029096
Beam_347	22131	0.029514	0.13981	0.030264
Beam_347	22127	0.025697	0.1398	0.030263
Beam_347	22110	0.0295	0.1388	0.030109
Beam_347	22123	0.021897	0.13781	0.02994
Beam_347	22082	0.033315	0.1398	0.029253
Beam_347	22132	0.036627	0.14167	0.030513
Beam_347	24856	0.0295	0.1428	0.030136
Beam_347	22124	0.027595	0.1393	0.030188
Beam_347	22134	0.031884	0.14043	0.030353
Beam_347	22125	0.0219	0.1408	0.030403
Beam_347	22130	0.02238	0.14167	0.030513
Beam_347	24855	0.03425	0.1428	0.030136
Beam_347	22107	0.027123	0.13818	0.030005
Beam_347	22070	0.02238	0.14167	0.029506
Beam_347	22068	0.027137	0.14043	0.029343
Beam_347	22073	0.0219	0.1408	0.029394
Beam_347	22133	0.034257	0.14105	0.030436
Beam_347	22115	0.035211	0.13832	0.030028
Beam_347	22095	0.027123	0.13818	0.02899
Beam_347	22069	0.024757	0.14105	0.029427
Beam_347	22092	0.034251	0.13756	0.028879
Beam_347	22129	0.024757	0.14105	0.030436
Beam_347	22122	0.023797	0.13831	0.030027
Beam_347	22120	0.037104	0.1408	0.030403
Beam_347	22084	0.037104	0.1408	0.029394
Beam_347	22076	0.027595	0.1393	0.029176
Beam_347	22112	0.034251	0.13756	0.029895
Beam_347	22109	0.022373	0.13693	0.02978
Beam_347	22128	0.027137	0.14043	0.030353
Beam_347	22111	0.036627	0.13693	0.02978
Beam_347	22093	0.031877	0.13818	0.02899
Beam_347	22081	0.031422	0.13931	0.029177
Beam_347	22077	0.025695	0.1388	0.029096
Beam_347	22079	0.021897	0.13781	0.028924
Beam_347	22091	0.036627	0.13693	0.028762
Beam_347	22066	0.031884	0.14043	0.029343
Beam_347	22117	0.031422	0.13931	0.030189
Beam_347	22113	0.031877	0.13818	0.030005
Beam_347	22078	0.023797	0.13831	0.029012
Beam_347	22119	0.035211	0.1403	0.030335
Beam_347	22064	0.036627	0.14167	0.029506
Beam_347	22083	0.035211	0.1403	0.029325
Beam_347	22121	0.025695	0.1388	0.030109
Beam_347	22088	0.035211	0.13832	0.029014
Beam_347	22126	0.023798	0.1403	0.030335
Beam_347	24854	0.02	0.1428	0.030136
Beam_347	22074	0.023798	0.1403	0.029325
Beam_347	22114	0.037107	0.13782	0.029942
Beam_347	22087	0.037107	0.13782	0.028927
Beam_347	22065	0.034257	0.14105	0.029427
Beam_203	18608	0.036636	0.083676	0.021234
Beam_203	18609	0.034259	0.083052	0.021579
Beam_203	18676	0.036636	0.083676	0.022377
Beam_203	18638	0.0295	0.080803	0.022753
Beam_203	18623	0.021903	0.079809	0.023239
Beam_203	18674	0.022371	0.083676	0.022377
Beam_203	18677	0.034259	0.083052	0.022716
Beam_203	18617	0.021894	0.082799	0.021716
Beam_203	18639	0.027132	0.080182	0.023059
Beam_203	18659	0.03521	0.080316	0.024105
Beam_203	24415	0.0295	0.084804	0.021166
Beam_203	18654	0.0295	0.080803	0.023869
Beam_203	18613	0.024755	0.083052	0.021579
Beam_203	18661	0.031422	0.081308	0.023619
Beam_203	18632	0.03521	0.080316	0.022993
Beam_203	18612	0.027128	0.082431	0.021914
Beam_203	18675	0.029514	0.081807	0.023367
Beam_203	18614	0.022371	0.083676	0.021234
Beam_203	18633	0.033312	0.080813	0.022748
Beam_203	18620	0.027595	0.081303	0.022501
Beam_203	18666	0.023799	0.080307	0.024109
Beam_203	18665	0.025701	0.080806	0.023867
Beam_203	18621	0.025701	0.080806	0.022752
Beam_203	18673	0.024755	0.083052	0.022716
Beam_203	18660	0.033312	0.080813	0.023864
Beam_203	18619	0.025691	0.081803	0.022244
Beam_203	18627	0.035212	0.082302	0.021982
Beam_203	18636	0.034248	0.079557	0.023359
Beam_203	18622	0.023799	0.080307	0.022998
Beam_203	18611	0.029514	0.081807	0.022242
Beam_203	18653	0.022381	0.078935	0.02475
Beam_203	18663	0.035212	0.082302	0.023111
Beam_203	18655	0.036619	0.078935	0.02475
Beam_203	24413	0.02	0.084804	0.021166
Beam_203	18668	0.027595	0.081303	0.023621
Beam_203	18637	0.031868	0.080182	0.023059
Beam_203	24414	0.03425	0.084804	0.021166
Beam_203	18662	0.033321	0.081806	0.023367
Beam_203	18669	0.021894	0.082799	0.02285
Beam_203	18641	0.022381	0.078935	0.02365
Beam_203	18626	0.033321	0.081806	0.022242
Beam_203	18670	0.023796	0.0823	0.023113
Beam_203	18625	0.031422	0.081308	0.022499
Beam_203	18656	0.034248	0.079557	0.024464
Beam_203	18618	0.023796	0.0823	0.021983
Beam_203	18658	0.037101	0.079821	0.02434
Beam_203	18640	0.024752	0.079557	0.023359
Beam_203	18657	0.031868	0.080182	0.024169
Beam_203	18652	0.024752	0.079557	0.024464
Beam_203	18628	0.03711	0.0828	0.021715
Beam_203	18631	0.037101	0.079821	0.023233
Beam_203	18664	0.03711	0.0828	0.02285
Beam_203	24412	0.039	0.084804	0.021166
Beam_203	18667	0.021903	0.079809	0.024346
Beam_203	24416	0.02475	0.084804	0.021166
Beam_203	18671	0.025692	0.081803	0.023369
Beam_203	18672	0.027128	0.082431	0.023044
Beam_203	18678	0.031893	0.082431	0.023044
Beam_203	18610	0.031893	0.082431	0.021914
Beam_203	18635	0.036619	0.078935	0.02365
Beam_203	18651	0.027132	0.080182	0.024169
Beam_239	24872	0.02	0.1288	0.027198
Beam_239	19523	0.024758	0.12705	0.027142
Beam_239	24875	0.02475	0.1288	0.027198
Beam_239	19486	0.024749	0.12356	0.024742
Beam_239	19495	0.024758	0.12705	0.026082
Beam_239	19505	0.021895	0.12381	0.024845
Beam_239	19519	0.021902	0.1268	0.027053
Beam_239	19516	0.023797	0.12431	0.026124
Beam_239	19530	0.024749	0.12356	0.025823
Beam_239	19531	0.022369	0.12293	0.025565
Beam_239	19515	0.025693	0.1248	0.026318
Beam_239	19520	0.023798	0.1263	0.026876
Beam_239	19503	0.025693	0.1248	0.025245
Beam_239	19500	0.023798	0.1263	0.025812
Beam_239	19504	0.023797	0.12431	0.025048
Beam_239	19487	0.022369	0.12293	0.024479
Beam_239	19517	0.021895	0.12381	0.025925
Beam_239	19499	0.021902	0.1268	0.025992
Beam_239	19491	0.034256	0.12705	0.026082
Beam_239	19532	0.0295	0.1248	0.026318
Beam_239	19529	0.02712	0.12418	0.026074
Beam_239	19485	0.02712	0.12418	0.024996
Beam_239	19474	0.037103	0.1268	0.025992
Beam_239	19542	0.037103	0.1268	0.027053
Beam_239	19528	0.031881	0.12643	0.026922
Beam_239	19492	0.031881	0.12643	0.025859
Beam_239	19483	0.03188	0.12418	0.024996
Beam_239	19535	0.03188	0.12418	0.026074
Beam_239	24874	0.0295	0.1288	0.027198
Beam_239	19477	0.037109	0.12382	0.02485
Beam_239	19536	0.037109	0.12382	0.02593
Beam_239	19471	0.031422	0.12531	0.025441
Beam_239	19496	0.022383	0.12767	0.026298
Beam_239	19524	0.022383	0.12767	0.027354
Beam_239	19472	0.033313	0.1258	0.025629
Beam_239	19540	0.033313	0.1258	0.026695
Beam_239	19481	0.036631	0.12293	0.024479
Beam_239	19533	0.036631	0.12293	0.025565
Beam_239	19473	0.03521	0.1263	0.025813
Beam_239	19494	0.02714	0.12643	0.025859
Beam_239	19522	0.02714	0.12643	0.026922
Beam_239	19527	0.034256	0.12705	0.027142
Beam_239	19534	0.034251	0.12356	0.025823
Beam_239	19482	0.034251	0.12356	0.024742
Beam_239	19518	0.027595	0.1253	0.026509
Beam_239	19539	0.031422	0.12531	0.02651
Beam_239	24873	0.03425	0.1288	0.027198
Beam_239	19537	0.035212	0.12432	0.026128
Beam_239	19478	0.035212	0.12432	0.025052
Beam_239	19490	0.036624	0.12767	0.026298
Beam_239	19538	0.03332	0.12481	0.026321
Beam_239	19479	0.03332	0.12481	0.025248
Beam_239	19526	0.036624	0.12767	0.027354
Beam_239	19484	0.0295	0.1248	0.025245
Beam_239	19502	0.027595	0.1253	0.025439
Beam_239	24871	0.039	0.1288	0.027198
Beam_239	19541	0.03521	0.1263	0.026877
Beam_239	19501	0.025699	0.1258	0.025627
Beam_239	19493	0.029514	0.12581	0.02563
Beam_239	19525	0.029514	0.12581	0.026696
Beam_239	19521	0.025699	0.1258	0.026694
Beam_401	23412	0.033317	0.14581	0.030885
Beam_401	24972	0.03425	0.1498	0.030509
Beam_401	23417	0.025696	0.1458	0.030884
Beam_401	23422	0.023798	0.1473	0.030958
Beam_401	23385	0.033317	0.14581	0.029883
Beam_401	23407	0.036626	0.14393	0.030747
Beam_401	23413	0.031422	0.14631	0.030913
Beam_401	23387	0.036626	0.14393	0.029743
Beam_401	23373	0.025696	0.1458	0.029883
Beam_401	23365	0.024757	0.14805	0.029983
Beam_401	23425	0.024757	0.14805	0.030983
Beam_401	23406	0.0295	0.1458	0.030884
Beam_401	23374	0.023797	0.14531	0.02985
Beam_401	23370	0.023798	0.1473	0.029957
Beam_401	23389	0.031876	0.14518	0.029842
Beam_401	23427	0.029514	0.14681	0.030937
Beam_401	23366	0.022379	0.14867	0.029997
Beam_401	23383	0.037106	0.14482	0.029816
Beam_401	23404	0.02475	0.14456	0.030798
Beam_401	24974	0.02475	0.1498	0.030509
Beam_401	23410	0.037106	0.14482	0.030818
Beam_401	23388	0.03425	0.14456	0.029795
Beam_401	23420	0.027595	0.1463	0.030913
Beam_401	23392	0.02475	0.14456	0.029795
Beam_401	23408	0.03425	0.14456	0.030798
Beam_401	23416	0.037105	0.1478	0.030976
Beam_401	23369	0.021899	0.1478	0.029975
Beam_401	23419	0.021898	0.14481	0.030817
Beam_401	24973	0.0295	0.1498	0.030509
Beam_401	23380	0.037105	0.1478	0.029975
Beam_401	23421	0.021899	0.1478	0.030976
Beam_401	23375	0.021898	0.14481	0.029815
Beam_401	23409	0.031876	0.14518	0.030844
Beam_401	23378	0.033316	0.1468	0.029936
Beam_401	23390	0.0295	0.1458	0.029882
Beam_401	23391	0.027124	0.14518	0.029842
Beam_401	23424	0.027136	0.14743	0.030963
Beam_401	23363	0.029514	0.14681	0.029936
Beam_401	23411	0.035211	0.14532	0.030853
Beam_401	23361	0.034257	0.14805	0.029983
Beam_401	23429	0.034257	0.14805	0.030983
Beam_401	23415	0.035211	0.1473	0.030958
Beam_401	23426	0.022379	0.14867	0.030998
Beam_401	23430	0.031885	0.14743	0.030963
Beam_401	23384	0.035211	0.14532	0.029851
Beam_401	23364	0.027136	0.14743	0.029962
Beam_401	23360	0.036628	0.14867	0.029997
Beam_401	24971	0.02	0.1498	0.030509
Beam_401	23371	0.025697	0.1468	0.029936
Beam_401	23423	0.025697	0.1468	0.030937
Beam_401	24970	0.039	0.1498	0.030509
Beam_401	23418	0.023797	0.14531	0.030853
Beam_401	23393	0.022374	0.14393	0.029743
Beam_401	23372	0.027595	0.1463	0.029911
Beam_401	23414	0.033316	0.1468	0.030937
Beam_401	23428	0.036628	0.14867	0.030998
Beam_401	23362	0.031885	0.14743	0.029962
Beam_401	23379	0.035211	0.1473	0.029957
Beam_401	23403	0.027124	0.14518	0.030844
Beam_401	23405	0.022374	0.14393	0.030747
Beam_401	23377	0.031422	0.14631	0.029911
Beam_419	23855	0.037106	0.054799	0.030845
Beam_419	23803	0.037106	0.054799	0.029843
Beam_419	23839	0.03663	0.055674	0.03078
Beam_419	23794	0.031875	0.05218	0.029976
Beam_419	24541	0.0295	0.056803	0.030176
Beam_419	23819	0.03663	0.055674	0.029776
Beam_419	23808	0.033316	0.052812	0.029953
Beam_419	23806	0.037105	0.05182	0.029986
Beam_419	23841	0.031886	0.054429	0.03087
Beam_419	23849	0.037105	0.05182	0.030987
Beam_419	23856	0.027125	0.05218	0.030976
Beam_419	23821	0.031886	0.054429	0.029868
Beam_419	23838	0.029514	0.053807	0.030907
Beam_419	23860	0.036625	0.050933	0.031004
Beam_419	23792	0.036625	0.050933	0.030004
Beam_419	24539	0.02	0.056803	0.030176
Beam_419	23801	0.033317	0.053805	0.029905
Beam_419	23851	0.033316	0.052812	0.030954
Beam_419	23853	0.033317	0.053805	0.030907
Beam_419	23796	0.027125	0.05218	0.029976
Beam_419	23862	0.031875	0.05218	0.030976
Beam_419	23858	0.022375	0.050933	0.031004
Beam_419	23846	0.021898	0.054798	0.030846
Beam_419	23842	0.025696	0.052805	0.030954
Beam_419	23840	0.034257	0.055052	0.030828
Beam_419	23852	0.031422	0.053308	0.030932
Beam_419	23820	0.034257	0.055052	0.029825
Beam_419	23816	0.021899	0.051808	0.029987
Beam_419	23823	0.027135	0.054429	0.029868
Beam_419	23847	0.023797	0.0543	0.030878
Beam_419	24540	0.03425	0.056803	0.030176
Beam_419	23836	0.024757	0.055052	0.030828
Beam_419	23825	0.022378	0.055674	0.029776
Beam_419	24542	0.02475	0.056803	0.030176
Beam_419	23822	0.029514	0.053807	0.029905
Beam_419	23824	0.024757	0.055052	0.029825
Beam_419	23807	0.035211	0.052316	0.029971
Beam_419	23802	0.035211	0.054302	0.029876
Beam_419	23843	0.023798	0.052306	0.030972
Beam_419	23815	0.023798	0.052306	0.029972
Beam_419	23848	0.025696	0.053802	0.030907
Beam_419	24538	0.039	0.056803	0.030176
Beam_419	23850	0.035211	0.052316	0.030972
Beam_419	23814	0.025696	0.052805	0.029953
Beam_419	23812	0.025696	0.053802	0.029905
Beam_419	23854	0.035211	0.054302	0.030878
Beam_419	23845	0.027595	0.053303	0.030932
Beam_419	23844	0.021899	0.051808	0.030987
Beam_419	23813	0.027595	0.053303	0.029931
Beam_419	23810	0.021898	0.054798	0.029843
Beam_419	23798	0.022375	0.050933	0.030004
Beam_419	23797	0.02475	0.051556	0.029993
Beam_419	23859	0.0295	0.052803	0.030954
Beam_419	23857	0.02475	0.051556	0.030993
Beam_419	23800	0.031422	0.053308	0.029931
Beam_419	23835	0.027135	0.054429	0.03087
Beam_419	23793	0.03425	0.051556	0.029993
Beam_419	23795	0.0295	0.052803	0.029953
Beam_419	23861	0.03425	0.051556	0.030993
Beam_419	23811	0.023797	0.0543	0.029876
Beam_419	23837	0.022378	0.055674	0.03078
Beam_257	19928	0.03521	0.073316	0.025951
Beam_257	19955	0.03521	0.073316	0.027013
Beam_257	19929	0.033313	0.073813	0.025771
Beam_257	19905	0.034258	0.076052	0.024903
Beam_257	19972	0.036634	0.076675	0.025728
Beam_257	19904	0.036634	0.076675	0.024645
Beam_257	19969	0.024756	0.076052	0.025982
Beam_257	19973	0.034258	0.076052	0.025982
Beam_257	19948	0.024751	0.072557	0.027276
Beam_257	19913	0.021895	0.075799	0.025006
Beam_257	19909	0.024756	0.076052	0.024903
Beam_257	19916	0.027595	0.074303	0.025589
Beam_257	19936	0.024751	0.072557	0.026219
Beam_257	19937	0.022379	0.071934	0.026431
Beam_257	19965	0.021895	0.075799	0.026083
Beam_257	19952	0.034249	0.072557	0.027276
Beam_257	19932	0.034249	0.072557	0.026219
Beam_257	19949	0.022379	0.071934	0.027485
Beam_257	19951	0.036621	0.071934	0.027485
Beam_257	19931	0.036621	0.071934	0.026431
Beam_257	19968	0.02713	0.075431	0.026227
Beam_257	19923	0.035212	0.075302	0.025204
Beam_257	19961	0.025699	0.073806	0.026838
Beam_257	19964	0.027595	0.074303	0.026656
Beam_257	19935	0.02713	0.073181	0.026
Beam_257	19947	0.02713	0.073181	0.027061
Beam_257	19958	0.03332	0.074806	0.026468
Beam_257	19908	0.02713	0.075431	0.025153
Beam_257	19963	0.021902	0.072809	0.02719
Beam_257	19959	0.035212	0.075302	0.026277
Beam_257	19922	0.03332	0.074806	0.025397
Beam_257	24407	0.02475	0.077804	0.024705
Beam_257	19919	0.021902	0.072809	0.026131
Beam_257	24405	0.03425	0.077804	0.024705
Beam_257	19956	0.033313	0.073813	0.026835
Beam_257	19907	0.029514	0.074807	0.025397
Beam_257	19917	0.025699	0.073806	0.025774
Beam_257	19927	0.037103	0.072821	0.026127
Beam_257	24406	0.0295	0.077804	0.024705
Beam_257	19914	0.023797	0.0753	0.025205
Beam_257	19954	0.037103	0.072821	0.027186
Beam_257	19960	0.037109	0.0758	0.026082
Beam_257	19971	0.029514	0.074807	0.026467
Beam_257	19962	0.023798	0.073307	0.027016
Beam_257	19950	0.0295	0.073803	0.026839
Beam_257	19934	0.0295	0.073803	0.025774
Beam_257	19967	0.025693	0.074802	0.026469
Beam_257	19953	0.03187	0.073181	0.027061
Beam_257	24403	0.039	0.077804	0.024705
Beam_257	19915	0.025693	0.074802	0.025398
Beam_257	19957	0.031422	0.074308	0.026654
Beam_257	19933	0.03187	0.073181	0.026
Beam_257	19924	0.037109	0.0758	0.025005
Beam_257	19910	0.022373	0.076675	0.024645
Beam_257	19921	0.031422	0.074308	0.025587
Beam_257	19966	0.023797	0.0753	0.026278
Beam_257	19970	0.022373	0.076675	0.025728
Beam_257	19974	0.031891	0.075431	0.026227
Beam_257	19918	0.023798	0.073307	0.025955
Beam_257	19906	0.031891	0.075431	0.025153
Beam_257	24404	0.02	0.077804	0.024705
Beam_365	22543	0.036624	0.057933	0.030559
Beam_365	22519	0.037104	0.058821	0.029444
Beam_365	22560	0.027133	0.06143	0.030071
Beam_365	22500	0.027133	0.06143	0.029057
Beam_365	22525	0.031873	0.05918	0.029397
Beam_365	22507	0.025695	0.060802	0.029159
Beam_365	22542	0.0295	0.059803	0.03032
Beam_365	22540	0.02475	0.058557	0.030485
Beam_365	22528	0.02475	0.058557	0.029478
Beam_365	22526	0.0295	0.059803	0.02931
Beam_365	22545	0.031873	0.05918	0.030406
Beam_365	22556	0.027595	0.060303	0.030248
Beam_365	22516	0.037107	0.0618	0.028994
Beam_365	22552	0.037107	0.0618	0.030009
Beam_365	22546	0.037105	0.058821	0.030452
Beam_365	22544	0.03425	0.058557	0.030485
Beam_365	22551	0.035211	0.061302	0.030092
Beam_365	22559	0.025695	0.060802	0.030172
Beam_365	22565	0.034258	0.062052	0.029965
Beam_365	22553	0.025697	0.059805	0.03032
Beam_365	22497	0.034258	0.062052	0.02895
Beam_365	22510	0.023798	0.059307	0.02938
Beam_365	22554	0.023798	0.059307	0.030389
Beam_365	22509	0.025697	0.059805	0.02931
Beam_365	22520	0.035211	0.059316	0.029378
Beam_365	22501	0.024757	0.062052	0.02895
Beam_365	22561	0.024757	0.062052	0.029965
Beam_365	22513	0.031422	0.060308	0.029236
Beam_365	22555	0.0219	0.058808	0.030454
Beam_365	22511	0.0219	0.058808	0.029446
Beam_365	22549	0.031422	0.060308	0.030247
Beam_365	22563	0.029514	0.060807	0.030171
Beam_365	24502	0.039	0.063803	0.029125
Beam_365	22515	0.035211	0.061302	0.029078
Beam_365	24505	0.0295	0.063803	0.029125
Beam_365	22558	0.023797	0.0613	0.030092
Beam_365	22508	0.027595	0.060303	0.029237
Beam_365	24506	0.02475	0.063803	0.029125
Beam_365	22506	0.023797	0.0613	0.029079
Beam_365	22524	0.03425	0.058557	0.029478
Beam_365	22547	0.035211	0.059316	0.030388
Beam_365	24504	0.03425	0.063803	0.029125
Beam_365	22557	0.021897	0.061798	0.030009
Beam_365	22548	0.033315	0.059812	0.030319
Beam_365	22566	0.031888	0.06143	0.030071
Beam_365	22499	0.029514	0.060807	0.029159
Beam_365	22523	0.036624	0.057933	0.029553
Beam_365	22527	0.027127	0.05918	0.029397
Beam_365	22502	0.022376	0.062675	0.028836
Beam_365	22498	0.031888	0.06143	0.029057
Beam_365	22541	0.022376	0.057933	0.030559
Beam_365	22550	0.033318	0.060805	0.030171
Beam_365	22521	0.033315	0.059812	0.029309
Beam_365	22529	0.022376	0.057933	0.029553
Beam_365	22505	0.021897	0.061798	0.028994
Beam_365	22562	0.022376	0.062675	0.029853
Beam_365	22539	0.027127	0.05918	0.030406
Beam_365	24503	0.02	0.063803	0.029125
Beam_365	22564	0.036631	0.062675	0.029853
Beam_365	22496	0.036631	0.062675	0.028836
Beam_365	22514	0.033318	0.060805	0.029159
Beam_293	20829	0.021901	0.1338	0.029109
Beam_293	20819	0.035212	0.13132	0.028471
Beam_293	24864	0.03425	0.1358	0.029044
Beam_293	20801	0.022371	0.12993	0.027027
Beam_293	20812	0.024749	0.13056	0.028256
Beam_293	20833	0.024758	0.13405	0.029169
Beam_293	20770	0.031882	0.13343	0.027991
Beam_293	20785	0.031422	0.13231	0.027703
Beam_293	20830	0.023798	0.1333	0.028989
Beam_293	20773	0.024758	0.13405	0.028142
Beam_293	20838	0.031882	0.13343	0.02902
Beam_293	20822	0.033314	0.1328	0.028865
Beam_293	20786	0.033314	0.1328	0.027833
Beam_293	20792	0.035212	0.13132	0.027432
Beam_293	20815	0.036629	0.12993	0.028072
Beam_293	24863	0.02	0.1358	0.029044
Beam_293	24862	0.039	0.1358	0.029044
Beam_293	20769	0.034256	0.13405	0.028142
Beam_293	24865	0.0295	0.1358	0.029044
Beam_293	20837	0.034256	0.13405	0.029169
Beam_293	20783	0.021896	0.13081	0.027287
Beam_293	20795	0.036629	0.12993	0.027027
Beam_293	20782	0.023797	0.13131	0.02743
Beam_293	24866	0.02475	0.1358	0.029044
Beam_293	20774	0.022381	0.13467	0.028286
Beam_293	20800	0.024749	0.13056	0.027214
Beam_293	20821	0.031422	0.13231	0.028737
Beam_293	20796	0.034251	0.13056	0.027214
Beam_293	20777	0.021901	0.1338	0.028081
Beam_293	20834	0.022381	0.13467	0.029312
Beam_293	20816	0.034251	0.13056	0.028256
Beam_293	20778	0.023798	0.1333	0.027959
Beam_293	20779	0.025698	0.1328	0.027832
Beam_293	20824	0.037104	0.1338	0.02911
Beam_293	20825	0.025694	0.1318	0.028604
Beam_293	20771	0.029514	0.13281	0.027834
Beam_293	20788	0.037104	0.1338	0.028081
Beam_293	20768	0.036626	0.13467	0.028286
Beam_293	20797	0.031879	0.13118	0.027394
Beam_293	20781	0.025694	0.1318	0.027568
Beam_293	20811	0.027121	0.13118	0.028432
Beam_293	20787	0.035211	0.1333	0.027959
Beam_293	20820	0.033319	0.13181	0.028606
Beam_293	20826	0.023797	0.13131	0.028468
Beam_293	20793	0.033319	0.13181	0.02757
Beam_293	20817	0.031879	0.13118	0.028432
Beam_293	20814	0.0295	0.1318	0.028604
Beam_293	20799	0.027121	0.13118	0.027394
Beam_293	20836	0.036626	0.13467	0.029312
Beam_293	20772	0.027139	0.13343	0.027991
Beam_293	20780	0.027595	0.1323	0.027702
Beam_293	20828	0.027595	0.1323	0.028736
Beam_293	20818	0.037108	0.13082	0.028331
Beam_293	20832	0.027139	0.13343	0.02902
Beam_293	20827	0.021896	0.13081	0.028328
Beam_293	20798	0.0295	0.1318	0.027567
Beam_293	20831	0.025698	0.1328	0.028864
Beam_293	20823	0.035211	0.1333	0.028989
Beam_293	20791	0.037108	0.13082	0.027291
Beam_293	20835	0.029514	0.13281	0.028866
Beam_293	20813	0.022371	0.12993	0.028072
Beam_311	21268	0.036632	0.069675	0.028188
Beam_311	21262	0.023797	0.0683	0.028576
Beam_311	21259	0.021901	0.065809	0.029202
Beam_311	21244	0.024751	0.065557	0.02926
Beam_311	24475	0.039	0.070803	0.027323
Beam_311	21203	0.029514	0.067807	0.027673
Beam_311	21270	0.031889	0.06843	0.02854
Beam_311	21232	0.024751	0.065557	0.028234
Beam_311	21261	0.021896	0.068799	0.028439
Beam_311	21201	0.034258	0.069052	0.027328
Beam_311	21202	0.031889	0.06843	0.027503
Beam_311	21265	0.024756	0.069052	0.028368
Beam_311	21205	0.024756	0.069052	0.027328
Beam_311	21200	0.036632	0.069675	0.027146
Beam_311	24476	0.02	0.070803	0.027323
Beam_311	21269	0.034258	0.069052	0.028368
Beam_311	21209	0.021896	0.068799	0.0274
Beam_311	21218	0.033319	0.067805	0.027673
Beam_311	21251	0.035211	0.066316	0.029082
Beam_311	21210	0.023797	0.0683	0.027539
Beam_311	21250	0.037104	0.065821	0.029199
Beam_311	21214	0.023798	0.066307	0.028056
Beam_311	24479	0.02475	0.070803	0.027323
Beam_311	21256	0.037108	0.0688	0.028438
Beam_311	21228	0.034249	0.065557	0.028234
Beam_311	24478	0.0295	0.070803	0.027323
Beam_311	21248	0.034249	0.065557	0.02926
Beam_311	21229	0.031872	0.066181	0.028086
Beam_311	24477	0.03425	0.070803	0.027323
Beam_311	21249	0.031872	0.066181	0.029114
Beam_311	21267	0.029514	0.067807	0.028707
Beam_311	21263	0.025694	0.067802	0.028709
Beam_311	21231	0.027128	0.066181	0.028086
Beam_311	21247	0.036622	0.064934	0.029399
Beam_311	21227	0.036622	0.064934	0.028375
Beam_311	21223	0.037104	0.065821	0.028172
Beam_311	21254	0.033319	0.067805	0.028708
Beam_311	21243	0.027128	0.066181	0.029114
Beam_311	21211	0.025694	0.067802	0.027674
Beam_311	21224	0.035211	0.066316	0.028053
Beam_311	21220	0.037108	0.0688	0.0274
Beam_311	21204	0.027132	0.06843	0.027503
Beam_311	21215	0.021901	0.065809	0.028175
Beam_311	21233	0.022378	0.064934	0.028375
Beam_311	21258	0.023798	0.066307	0.029084
Beam_311	21245	0.022378	0.064934	0.029399
Beam_311	21252	0.033315	0.066812	0.028961
Beam_311	21212	0.027595	0.067303	0.027805
Beam_311	21225	0.033315	0.066812	0.027931
Beam_311	21217	0.031422	0.067308	0.027804
Beam_311	21264	0.027132	0.06843	0.02854
Beam_311	21266	0.022375	0.069675	0.028188
Beam_311	21253	0.031422	0.067308	0.028837
Beam_311	21255	0.035212	0.068302	0.028575
Beam_311	21213	0.025698	0.066805	0.027932
Beam_311	21246	0.0295	0.066803	0.028964
Beam_311	21230	0.0295	0.066803	0.027933
Beam_311	21206	0.022375	0.069675	0.027146
Beam_311	21257	0.025698	0.066805	0.028963
Beam_311	21260	0.027595	0.067303	0.028838
Beam_311	21219	0.035212	0.068302	0.027539
Beam_9	24776	0.04475	0.10081	0.010193
Beam_9	24772	0.059	0.10081	0.010193
Beam_9	24773	0.04	0.10081	0.010193
Beam_9	24775	0.0495	0.10081	0.010193
Beam_9	24774	0.05425	0.10081	0.010193
Beam_98	16048	0.043166	0.097468	0.012457
Beam_98	16029	0.044759	0.093559	0.015807
Beam_98	15978	0.045686	0.095804	0.012614
Beam_98	16062	0.045686	0.095804	0.013944
Beam_98	16011	0.051076	0.094389	0.013836
Beam_98	16037	0.051076	0.094389	0.015136
Beam_98	15999	0.055208	0.094317	0.013897
Beam_98	16043	0.055208	0.094317	0.015195
Beam_98	15987	0.054269	0.097055	0.011477
Beam_98	16015	0.044759	0.093559	0.014523
Beam_98	16005	0.053326	0.095807	0.012611
Beam_98	16003	0.057116	0.096802	0.011711
Beam_98	16053	0.054268	0.097055	0.012836
Beam_98	16038	0.057116	0.096802	0.013064
Beam_98	16030	0.04317	0.093142	0.016135
Beam_98	16016	0.043171	0.093142	0.01486
Beam_98	16007	0.05741	0.092727	0.015189
Beam_98	16041	0.051422	0.095308	0.01437
Beam_98	16039	0.055214	0.096303	0.013508
Beam_98	16004	0.055215	0.096303	0.012167
Beam_98	16045	0.04792	0.096224	0.013578
Beam_98	15994	0.043166	0.097468	0.011088
Beam_98	16055	0.051103	0.096224	0.013578
Beam_98	16036	0.052663	0.093973	0.015475
Beam_98	16010	0.052663	0.093973	0.014183
Beam_98	16047	0.044746	0.097055	0.012836
Beam_98	16040	0.053326	0.095807	0.013941
Beam_98	16009	0.054241	0.093559	0.014523
Beam_98	15981	0.043801	0.094307	0.013905
Beam_98	16059	0.047595	0.095303	0.014373
Beam_98	16000	0.057097	0.093823	0.014307
Beam_98	16035	0.054241	0.093559	0.015807
Beam_98	16044	0.057097	0.093823	0.015596
Beam_98	15979	0.047595	0.095303	0.013055
Beam_98	16050	0.049514	0.095807	0.013942
Beam_98	16033	0.05741	0.092727	0.016457
Beam_98	15998	0.053307	0.094814	0.013476
Beam_98	16057	0.0438	0.094307	0.015203
Beam_98	16042	0.053307	0.094814	0.014785
Beam_98	24380	0.04475	0.098988	0.010367
Beam_98	15990	0.049514	0.095807	0.012612
Beam_98	15988	0.052682	0.096638	0.011862
Beam_98	16054	0.052681	0.096638	0.013211
Beam_98	16032	0.0495	0.094803	0.014794
Beam_98	15982	0.041908	0.09381	0.014317
Beam_98	16012	0.0495	0.094803	0.013486
Beam_98	16058	0.041907	0.09381	0.015606
Beam_98	15989	0.051104	0.096224	0.012239
Beam_98	15991	0.04792	0.096224	0.012239
Beam_98	15993	0.044745	0.097055	0.011477
Beam_98	16027	0.047924	0.094389	0.015136
Beam_98	15995	0.041577	0.097884	0.010691
Beam_98	16049	0.041577	0.097884	0.01207
Beam_98	16056	0.045705	0.094807	0.01479
Beam_98	16017	0.04159	0.092727	0.015189
Beam_98	16031	0.04159	0.092727	0.016457
Beam_98	16034	0.05583	0.093142	0.016135
Beam_98	15976	0.041888	0.096801	0.011712
Beam_98	15980	0.045705	0.094807	0.013482
Beam_98	15992	0.046337	0.096638	0.011862
Beam_98	16008	0.055829	0.093142	0.01486
Beam_98	15997	0.051422	0.095308	0.013051
Beam_98	16014	0.046337	0.093973	0.014183
Beam_98	16028	0.046337	0.093973	0.015475
Beam_98	16051	0.057428	0.097884	0.01207
Beam_98	16060	0.041888	0.096801	0.013065
Beam_98	24376	0.059	0.098988	0.010367
Beam_98	16052	0.055843	0.097468	0.012457
Beam_98	16013	0.047924	0.094389	0.013836
Beam_98	16061	0.043794	0.096301	0.01351
Beam_98	16046	0.046338	0.096638	0.013211
Beam_98	24379	0.0495	0.098988	0.010367
Beam_98	24377	0.04	0.098988	0.010367
Beam_98	15985	0.057428	0.097884	0.010691
Beam_98	15986	0.055844	0.097468	0.011088
Beam_98	24378	0.05425	0.098988	0.010367
Beam_98	15977	0.043794	0.096301	0.012169
Beam_80	15456	0.046347	0.10564	0.013857
Beam_80	15465	0.041574	0.10172	0.010308
Beam_80	15526	0.046347	0.10564	0.015156
Beam_80	15473	0.041908	0.1058	0.013991
Beam_80	15514	0.045705	0.1048	0.01446
Beam_80	15523	0.041574	0.10172	0.011699
Beam_80	15475	0.045706	0.1048	0.013143
Beam_80	15515	0.047595	0.1043	0.014037
Beam_80	15479	0.054248	0.10605	0.014202
Beam_80	15462	0.046328	0.10297	0.0115
Beam_80	15483	0.053307	0.1048	0.013146
Beam_80	15508	0.054248	0.10605	0.015493
Beam_80	15455	0.047936	0.10522	0.013505
Beam_80	24911	0.04475	0.1078	0.016231
Beam_80	15520	0.046328	0.10297	0.012858
Beam_80	15503	0.053307	0.1048	0.014463
Beam_80	15490	0.053327	0.10381	0.012268
Beam_80	15525	0.047936	0.10522	0.014813
Beam_80	15485	0.057096	0.1058	0.013992
Beam_80	24908	0.04	0.1078	0.016231
Beam_80	15505	0.057097	0.1058	0.015288
Beam_80	15524	0.0495	0.1038	0.013602
Beam_80	15509	0.052672	0.10564	0.015156
Beam_80	15454	0.049514	0.10481	0.01315
Beam_80	15533	0.052672	0.10297	0.012858
Beam_80	15506	0.057412	0.10688	0.016152
Beam_80	15448	0.057426	0.10172	0.010308
Beam_80	15530	0.057426	0.10172	0.011699
Beam_80	15450	0.054262	0.10255	0.011108
Beam_80	15532	0.054262	0.10255	0.012477
Beam_80	15518	0.041888	0.10281	0.012708
Beam_80	24909	0.05425	0.1078	0.016231
Beam_80	15488	0.057116	0.10282	0.011357
Beam_80	15470	0.041888	0.10281	0.011346
Beam_80	15504	0.055208	0.1053	0.014881
Beam_80	15461	0.047908	0.10339	0.011883
Beam_80	15499	0.057116	0.10282	0.012719
Beam_80	15484	0.055208	0.1053	0.013575
Beam_80	15519	0.047908	0.10339	0.013232
Beam_80	24907	0.059	0.1078	0.016231
Beam_80	15468	0.045686	0.1038	0.012262
Beam_80	15516	0.045686	0.1038	0.013601
Beam_80	15451	0.052672	0.10297	0.0115
Beam_80	15478	0.055834	0.10647	0.014543
Beam_80	15511	0.049514	0.10481	0.014466
Beam_80	15477	0.057412	0.10688	0.014877
Beam_80	24910	0.0495	0.1078	0.016231
Beam_80	15534	0.051092	0.10339	0.013232
Beam_80	15512	0.041908	0.1058	0.015287
Beam_80	15452	0.051092	0.10339	0.011883
Beam_80	15457	0.044766	0.10605	0.014202
Beam_80	15527	0.044766	0.10605	0.015493
Beam_80	15510	0.051088	0.10522	0.014813
Beam_80	15529	0.041593	0.10688	0.016152
Beam_80	15459	0.041593	0.10688	0.014877
Beam_80	15467	0.047595	0.1043	0.012709
Beam_80	15481	0.051088	0.10522	0.013505
Beam_80	15449	0.055839	0.10214	0.010713
Beam_80	15480	0.052672	0.10564	0.013857
Beam_80	15528	0.043175	0.10647	0.015826
Beam_80	15463	0.044738	0.10255	0.011108
Beam_80	15453	0.0495	0.1038	0.012263
Beam_80	15500	0.055215	0.10332	0.013169
Beam_80	15517	0.043794	0.10331	0.01316
Beam_80	15469	0.043794	0.10331	0.01181
Beam_80	15489	0.055215	0.10332	0.011819
Beam_80	15458	0.043176	0.10647	0.014543
Beam_80	15521	0.044738	0.10255	0.012477
Beam_80	15482	0.051422	0.10431	0.012713
Beam_80	15464	0.043161	0.10214	0.010713
Beam_80	15522	0.043161	0.10214	0.012092
Beam_80	15513	0.0438	0.1053	0.014879
Beam_80	15474	0.043801	0.1053	0.013573
Beam_80	15507	0.055834	0.10647	0.015826
Beam_80	15531	0.055839	0.10214	0.012092
Beam_80	15502	0.051422	0.10431	0.01404
Beam_80	15501	0.053326	0.10381	0.013607
Beam_134	16983	0.045689	0.1108	0.017796
Beam_134	16953	0.055209	0.1123	0.018801
Beam_134	16995	0.045689	0.1108	0.019007
Beam_134	17016	0.057112	0.10982	0.018329
Beam_134	17021	0.055209	0.1123	0.019992
Beam_134	17017	0.055213	0.11032	0.018674
Beam_134	17015	0.051886	0.11018	0.018579
Beam_134	17019	0.051422	0.11131	0.019345
Beam_134	16979	0.041905	0.1128	0.019121
Beam_134	16964	0.0495	0.1108	0.017796
Beam_134	16999	0.041905	0.1128	0.020305
Beam_134	17000	0.043799	0.1123	0.01999
Beam_134	16959	0.053323	0.11081	0.017801
Beam_134	17011	0.042363	0.10893	0.017696
Beam_134	17012	0.0495	0.1108	0.019007
Beam_134	16967	0.042363	0.10893	0.016456
Beam_134	17018	0.053323	0.11081	0.019011
Beam_134	16980	0.043799	0.1123	0.0188
Beam_134	16958	0.055213	0.11032	0.017456
Beam_134	16975	0.04476	0.11305	0.019283
Beam_134	16963	0.051886	0.11018	0.017358
Beam_134	24919	0.0495	0.1148	0.020937
Beam_134	16976	0.042388	0.11367	0.019672
Beam_134	16970	0.056619	0.11367	0.019672
Beam_134	17006	0.056619	0.11367	0.020845
Beam_134	16962	0.054254	0.10956	0.016914
Beam_134	17009	0.047114	0.11018	0.018579
Beam_134	17007	0.054254	0.11305	0.020464
Beam_134	16965	0.047114	0.11018	0.017358
Beam_134	16971	0.054254	0.11305	0.019283
Beam_134	16974	0.047145	0.11243	0.018883
Beam_134	17001	0.045703	0.1118	0.019668
Beam_134	16981	0.045703	0.1118	0.018471
Beam_134	17014	0.054254	0.10956	0.018144
Beam_134	16957	0.057113	0.10982	0.017103
Beam_134	17002	0.047145	0.11243	0.020072
Beam_134	24916	0.059	0.1148	0.020937
Beam_134	16996	0.043795	0.11031	0.018668
Beam_134	16972	0.051876	0.11243	0.018883
Beam_134	17008	0.051876	0.11243	0.020072
Beam_134	24917	0.04	0.1148	0.020937
Beam_134	16951	0.051422	0.11131	0.018141
Beam_134	16997	0.041892	0.10981	0.01832
Beam_134	16985	0.041892	0.10981	0.017095
Beam_134	24918	0.05425	0.1148	0.020937
Beam_134	24920	0.04475	0.1148	0.020937
Beam_134	17004	0.042388	0.11367	0.020845
Beam_134	16984	0.043795	0.11031	0.017449
Beam_134	17005	0.049514	0.11181	0.019673
Beam_134	17003	0.04476	0.11305	0.020464
Beam_134	16952	0.05331	0.1118	0.018473
Beam_134	16982	0.047595	0.1113	0.018138
Beam_134	16973	0.049514	0.11181	0.018476
Beam_134	16961	0.056637	0.10893	0.016456
Beam_134	16966	0.044746	0.10956	0.016914
Beam_134	17020	0.05331	0.1118	0.01967
Beam_134	17013	0.056637	0.10893	0.017696
Beam_134	16998	0.047595	0.1113	0.019342
Beam_134	17010	0.044746	0.10956	0.018144
Beam_134	17022	0.057099	0.1128	0.020306
Beam_134	16954	0.057099	0.1128	0.019122
Beam_152	17389	0.043799	0.087307	0.019055
Beam_152	24368	0.04	0.091804	0.016529
Beam_152	17393	0.05664	0.090677	0.016745
Beam_152	17396	0.049514	0.088807	0.018063
Beam_152	17384	0.041892	0.0898	0.017375
Beam_152	17450	0.041905	0.08681	0.020551
Beam_152	17406	0.047135	0.087182	0.019135
Beam_152	17449	0.043799	0.087307	0.02024
Beam_152	17445	0.05664	0.090677	0.017978
Beam_152	17430	0.051422	0.088308	0.019598
Beam_152	17416	0.0571	0.086822	0.019364
Beam_152	17390	0.041905	0.08681	0.019372
Beam_152	17432	0.055213	0.089302	0.018935
Beam_152	17408	0.042384	0.085935	0.019914
Beam_152	17398	0.044754	0.090053	0.017196
Beam_152	24370	0.0495	0.091804	0.016529
Beam_152	17446	0.05426	0.090052	0.018419
Beam_152	17439	0.054247	0.086557	0.020706
Beam_152	17397	0.047125	0.089432	0.017633
Beam_152	17387	0.047595	0.088303	0.018402
Beam_152	17413	0.057112	0.089801	0.017374
Beam_152	17412	0.055213	0.089303	0.017723
Beam_152	17403	0.054247	0.086557	0.01953
Beam_152	17428	0.055209	0.087316	0.020234
Beam_152	17436	0.042384	0.085935	0.021082
Beam_152	17417	0.055209	0.087317	0.019049
Beam_152	17429	0.05331	0.087813	0.019918
Beam_152	17394	0.054261	0.090053	0.017196
Beam_152	17451	0.047595	0.088303	0.019601
Beam_152	17447	0.051896	0.089432	0.018847
Beam_152	17386	0.045689	0.088803	0.018066
Beam_152	17433	0.057112	0.089801	0.018594
Beam_152	17454	0.04569	0.088803	0.019271
Beam_152	17405	0.0495	0.087803	0.018733
Beam_152	17407	0.044753	0.086557	0.01953
Beam_152	24369	0.05425	0.091804	0.016529
Beam_152	17441	0.047125	0.089432	0.018847
Beam_152	17395	0.051896	0.089432	0.017633
Beam_152	17434	0.047134	0.087182	0.020319
Beam_152	17442	0.044754	0.090052	0.018419
Beam_152	17385	0.043795	0.0893	0.017724
Beam_152	17388	0.045702	0.087806	0.018731
Beam_152	17444	0.049514	0.088807	0.019269
Beam_152	24371	0.04475	0.091804	0.016529
Beam_152	17399	0.042367	0.090677	0.016745
Beam_152	17443	0.042367	0.090677	0.017978
Beam_152	17431	0.053323	0.088806	0.019269
Beam_152	17402	0.056616	0.085935	0.019914
Beam_152	24367	0.059	0.091804	0.016529
Beam_152	17418	0.05331	0.087813	0.018726
Beam_152	17453	0.043795	0.0893	0.018937
Beam_152	17404	0.051865	0.087182	0.019135
Beam_152	17427	0.0571	0.086822	0.020543
Beam_152	17435	0.044753	0.086557	0.020706
Beam_152	17437	0.0495	0.087803	0.019925
Beam_152	17438	0.056616	0.085935	0.021082
Beam_152	17452	0.041892	0.0898	0.018595
Beam_152	17410	0.051422	0.088308	0.0184
Beam_152	17411	0.053323	0.088806	0.018063
Beam_152	17448	0.045702	0.087806	0.019923
Beam_152	17440	0.051866	0.087182	0.020319
Beam_188	24926	0.04	0.1218	0.024532
Beam_188	18299	0.044759	0.12005	0.02428
Beam_188	18315	0.051422	0.11831	0.023425
Beam_188	18255	0.053321	0.11781	0.022042
Beam_188	18254	0.055212	0.11732	0.021778
Beam_188	18262	0.044748	0.11656	0.021363
Beam_188	18292	0.043796	0.11731	0.022906
Beam_188	18306	0.044748	0.11656	0.022504
Beam_188	18257	0.056633	0.11593	0.021013
Beam_188	18253	0.05711	0.11682	0.021508
Beam_188	18272	0.042385	0.12067	0.023467
Beam_188	18303	0.054255	0.12005	0.02428
Beam_188	18280	0.043796	0.11731	0.021773
Beam_188	18314	0.053321	0.11781	0.02317
Beam_188	18309	0.056633	0.11593	0.02216
Beam_188	18267	0.054255	0.12005	0.023172
Beam_188	18294	0.047595	0.1183	0.023423
Beam_188	18278	0.047595	0.1183	0.022299
Beam_188	18300	0.042385	0.12067	0.02457
Beam_188	18247	0.051422	0.11831	0.022301
Beam_188	18313	0.055212	0.11732	0.022911
Beam_188	18268	0.051879	0.11943	0.022867
Beam_188	18249	0.05521	0.1193	0.022805
Beam_188	18316	0.053312	0.1188	0.023674
Beam_188	18266	0.056622	0.12067	0.023467
Beam_188	18281	0.041894	0.11681	0.021502
Beam_188	18293	0.041894	0.11681	0.02264
Beam_188	18261	0.047117	0.11718	0.021704
Beam_188	18310	0.054252	0.11656	0.022504
Beam_188	18305	0.047117	0.11718	0.022838
Beam_188	18248	0.053312	0.1188	0.022555
Beam_188	24927	0.05425	0.1218	0.024532
Beam_188	18302	0.056622	0.12067	0.02457
Beam_188	18270	0.047142	0.11943	0.022867
Beam_188	18258	0.054252	0.11656	0.021363
Beam_188	18311	0.051883	0.11718	0.022838
Beam_188	18259	0.051883	0.11718	0.021704
Beam_188	24925	0.059	0.1218	0.024532
Beam_188	18277	0.045701	0.1188	0.022553
Beam_188	18260	0.0495	0.1178	0.022038
Beam_188	18297	0.045701	0.1188	0.023673
Beam_188	18304	0.051879	0.11943	0.023981
Beam_188	18279	0.045691	0.1178	0.022038
Beam_188	18298	0.047142	0.11943	0.023981
Beam_188	18269	0.049514	0.11881	0.022557
Beam_188	18312	0.05711	0.11682	0.022646
Beam_188	18291	0.045691	0.1178	0.023166
Beam_188	18271	0.044759	0.12005	0.023172
Beam_188	18295	0.041903	0.1198	0.024159
Beam_188	18307	0.042367	0.11593	0.02216
Beam_188	18276	0.043799	0.1193	0.022804
Beam_188	18317	0.05521	0.1193	0.02392
Beam_188	18263	0.042367	0.11593	0.021013
Beam_188	18318	0.057101	0.1198	0.02416
Beam_188	18301	0.049514	0.11881	0.023676
Beam_188	18275	0.041903	0.1198	0.023049
Beam_188	24929	0.04475	0.1218	0.024532
Beam_188	24928	0.0495	0.1218	0.024532
Beam_188	18250	0.057101	0.1198	0.023049
Beam_188	18308	0.0495	0.1178	0.023166
Beam_188	18296	0.043799	0.1193	0.023919
Beam_350	22200	0.047137	0.14043	0.030353
Beam_350	22206	0.051884	0.14043	0.030353
Beam_350	22148	0.047595	0.1393	0.029176
Beam_350	22138	0.051884	0.14043	0.029343
Beam_350	22140	0.047137	0.14043	0.029343
Beam_350	22180	0.044749	0.13756	0.029895
Beam_350	22195	0.041897	0.13781	0.02994
Beam_350	22202	0.04238	0.14167	0.030513
Beam_350	22201	0.044757	0.14105	0.030436
Beam_350	22155	0.055211	0.1403	0.029325
Beam_350	22196	0.047595	0.1393	0.030188
Beam_350	22186	0.057107	0.13782	0.029942
Beam_350	22203	0.049514	0.13981	0.030264
Beam_350	22184	0.054251	0.13756	0.029895
Beam_350	24955	0.0495	0.1428	0.030136
Beam_350	22179	0.047123	0.13818	0.030005
Beam_350	22199	0.045697	0.1398	0.030263
Beam_350	22147	0.045697	0.1398	0.029252
Beam_350	22156	0.057104	0.1408	0.029394
Beam_350	22167	0.047123	0.13818	0.02899
Beam_350	22192	0.057104	0.1408	0.030403
Beam_350	22182	0.0495	0.1388	0.030109
Beam_350	22137	0.054257	0.14105	0.029427
Beam_350	22193	0.045695	0.1388	0.030109
Beam_350	22185	0.051877	0.13818	0.030005
Beam_350	22149	0.045695	0.1388	0.029096
Beam_350	22164	0.054251	0.13756	0.028879
Beam_350	22166	0.0495	0.1388	0.029096
Beam_350	22165	0.051877	0.13818	0.02899
Beam_350	22168	0.044749	0.13756	0.028879
Beam_350	22205	0.054257	0.14105	0.030436
Beam_350	24954	0.05425	0.1428	0.030136
Beam_350	22150	0.043797	0.13831	0.029012
Beam_350	22187	0.055211	0.13832	0.030028
Beam_350	22159	0.057107	0.13782	0.028927
Beam_350	22191	0.055211	0.1403	0.030335
Beam_350	22151	0.041897	0.13781	0.028924
Beam_350	22189	0.051422	0.13931	0.030189
Beam_350	22197	0.0419	0.1408	0.030403
Beam_350	22153	0.051422	0.13931	0.029177
Beam_350	22204	0.056627	0.14167	0.030513
Beam_350	22145	0.0419	0.1408	0.029394
Beam_350	22198	0.043798	0.1403	0.030335
Beam_350	22160	0.055211	0.13832	0.029014
Beam_350	22169	0.042373	0.13693	0.028762
Beam_350	22142	0.04238	0.14167	0.029506
Beam_350	22136	0.056627	0.14167	0.029506
Beam_350	22194	0.043797	0.13831	0.030027
Beam_350	22154	0.053315	0.1398	0.029253
Beam_350	22188	0.053318	0.13881	0.03011
Beam_350	22161	0.053318	0.13881	0.029097
Beam_350	22181	0.042373	0.13693	0.02978
Beam_350	22141	0.044757	0.14105	0.029427
Beam_350	22190	0.053315	0.1398	0.030264
Beam_350	24953	0.04	0.1428	0.030136
Beam_350	22163	0.056627	0.13693	0.028762
Beam_350	24956	0.04475	0.1428	0.030136
Beam_350	22139	0.049514	0.13981	0.029253
Beam_350	22146	0.043798	0.1403	0.029325
Beam_350	22183	0.056627	0.13693	0.02978
Beam_350	24952	0.059	0.1428	0.030136
Beam_206	18748	0.056636	0.083676	0.022377
Beam_206	18708	0.054248	0.079557	0.023359
Beam_206	24386	0.04	0.084804	0.021166
Beam_206	18690	0.043796	0.0823	0.021983
Beam_206	18705	0.053312	0.080813	0.022748
Beam_206	18742	0.043796	0.0823	0.023113
Beam_206	18737	0.045701	0.080806	0.023867
Beam_206	18685	0.044755	0.083052	0.021579
Beam_206	18729	0.051868	0.080182	0.024169
Beam_206	18694	0.043799	0.080307	0.022998
Beam_206	18728	0.054248	0.079557	0.024464
Beam_206	18727	0.056619	0.078935	0.02475
Beam_206	18724	0.044752	0.079557	0.024464
Beam_206	18703	0.057101	0.079821	0.023233
Beam_206	18738	0.043799	0.080307	0.024109
Beam_206	18746	0.042371	0.083676	0.022377
Beam_206	18699	0.055212	0.082302	0.021982
Beam_206	18697	0.051422	0.081308	0.022499
Beam_206	18730	0.057101	0.079821	0.02434
Beam_206	24385	0.059	0.084804	0.021166
Beam_206	18735	0.055212	0.082302	0.023111
Beam_206	18693	0.045701	0.080806	0.022752
Beam_206	18725	0.042381	0.078935	0.02475
Beam_206	18683	0.049514	0.081807	0.022242
Beam_206	18686	0.042371	0.083676	0.021234
Beam_206	24389	0.04475	0.084804	0.021166
Beam_206	18707	0.056619	0.078935	0.02365
Beam_206	18723	0.047132	0.080182	0.024169
Beam_206	18680	0.056636	0.083676	0.021234
Beam_206	18713	0.042381	0.078935	0.02365
Beam_206	18712	0.044752	0.079557	0.023359
Beam_206	18692	0.047595	0.081303	0.022501
Beam_206	24388	0.0495	0.084804	0.021166
Beam_206	18734	0.053321	0.081806	0.023367
Beam_206	18743	0.045692	0.081803	0.023369
Beam_206	18739	0.041903	0.079809	0.024346
Beam_206	18745	0.044755	0.083052	0.022716
Beam_206	18695	0.041903	0.079809	0.023239
Beam_206	18691	0.045691	0.081803	0.022244
Beam_206	24387	0.05425	0.084804	0.021166
Beam_206	18704	0.05521	0.080316	0.022993
Beam_206	18744	0.047128	0.082431	0.023044
Beam_206	18749	0.054259	0.083052	0.022716
Beam_206	18710	0.0495	0.080803	0.022753
Beam_206	18750	0.051893	0.082431	0.023044
Beam_206	18682	0.051893	0.082431	0.021914
Beam_206	18709	0.051868	0.080182	0.023059
Beam_206	18684	0.047128	0.082431	0.021914
Beam_206	18698	0.053321	0.081806	0.022242
Beam_206	18733	0.051422	0.081308	0.023619
Beam_206	18740	0.047595	0.081303	0.023621
Beam_206	18731	0.05521	0.080316	0.024105
Beam_206	18736	0.05711	0.0828	0.02285
Beam_206	18700	0.05711	0.0828	0.021715
Beam_206	18747	0.049514	0.081807	0.023367
Beam_206	18732	0.053312	0.080813	0.023864
Beam_206	18711	0.047132	0.080182	0.023059
Beam_206	18681	0.054259	0.083052	0.021579
Beam_206	18689	0.041894	0.082799	0.021716
Beam_206	18741	0.041894	0.082799	0.02285
Beam_206	18726	0.0495	0.080803	0.023869
Beam_242	19600	0.051881	0.12643	0.026922
Beam_242	19576	0.043797	0.12431	0.025048
Beam_242	19545	0.05521	0.1263	0.025813
Beam_242	19574	0.047595	0.1253	0.025439
Beam_242	19572	0.043798	0.1263	0.025812
Beam_242	19555	0.05188	0.12418	0.024996
Beam_242	19608	0.057109	0.12382	0.02593
Beam_242	19571	0.041902	0.1268	0.025992
Beam_242	19609	0.055212	0.12432	0.026128
Beam_242	19595	0.044758	0.12705	0.027142
Beam_242	19602	0.044749	0.12356	0.025823
Beam_242	19549	0.057109	0.12382	0.02485
Beam_242	19589	0.041895	0.12381	0.025925
Beam_242	19590	0.047595	0.1253	0.026509
Beam_242	24935	0.04	0.1288	0.027198
Beam_242	19553	0.056631	0.12293	0.024479
Beam_242	19556	0.0495	0.1248	0.025245
Beam_242	19566	0.04714	0.12643	0.025859
Beam_242	19550	0.055212	0.12432	0.025052
Beam_242	19607	0.05188	0.12418	0.026074
Beam_242	19599	0.054256	0.12705	0.027142
Beam_242	24938	0.04475	0.1288	0.027198
Beam_242	19613	0.05521	0.1263	0.026877
Beam_242	19577	0.041895	0.12381	0.024845
Beam_242	19544	0.053313	0.1258	0.025629
Beam_242	19591	0.041902	0.1268	0.027053
Beam_242	19606	0.054251	0.12356	0.025823
Beam_242	19563	0.054256	0.12705	0.026082
Beam_242	19594	0.04714	0.12643	0.026922
Beam_242	19592	0.043798	0.1263	0.026876
Beam_242	19601	0.04712	0.12418	0.026074
Beam_242	19567	0.044758	0.12705	0.026082
Beam_242	19588	0.043797	0.12431	0.026124
Beam_242	19597	0.049514	0.12581	0.026696
Beam_242	19596	0.042383	0.12767	0.027354
Beam_242	24937	0.0495	0.1288	0.027198
Beam_242	19587	0.045693	0.1248	0.026318
Beam_242	19575	0.045693	0.1248	0.025245
Beam_242	19551	0.05332	0.12481	0.025248
Beam_242	19610	0.05332	0.12481	0.026321
Beam_242	19614	0.057103	0.1268	0.027053
Beam_242	19573	0.045699	0.1258	0.025627
Beam_242	19612	0.053313	0.1258	0.026695
Beam_242	19605	0.056631	0.12293	0.025565
Beam_242	19598	0.056624	0.12767	0.027354
Beam_242	19559	0.042369	0.12293	0.024479
Beam_242	19554	0.054252	0.12356	0.024742
Beam_242	19543	0.051422	0.12531	0.025441
Beam_242	19603	0.042369	0.12293	0.025565
Beam_242	19562	0.056624	0.12767	0.026298
Beam_242	24934	0.059	0.1288	0.027198
Beam_242	24936	0.05425	0.1288	0.027198
Beam_242	19557	0.04712	0.12418	0.024996
Beam_242	19611	0.051422	0.12531	0.02651
Beam_242	19565	0.049514	0.12581	0.02563
Beam_242	19604	0.0495	0.1248	0.026318
Beam_242	19558	0.044748	0.12356	0.024742
Beam_242	19568	0.042383	0.12767	0.026298
Beam_242	19546	0.057103	0.1268	0.025992
Beam_242	19564	0.051881	0.12643	0.025859
Beam_242	19593	0.045699	0.1258	0.026694
Beam_260	20006	0.0495	0.073803	0.025774
Beam_260	19980	0.04713	0.075431	0.025153
Beam_260	20007	0.04713	0.073181	0.026
Beam_260	20029	0.051422	0.074308	0.026654
Beam_260	19979	0.049514	0.074807	0.025397
Beam_260	19988	0.047595	0.074303	0.025589
Beam_260	19993	0.051422	0.074308	0.025587
Beam_260	20019	0.04713	0.073181	0.027061
Beam_260	24397	0.0495	0.077804	0.024705
Beam_260	20022	0.0495	0.073803	0.026839
Beam_260	20040	0.04713	0.075431	0.026227
Beam_260	20036	0.047595	0.074303	0.026656
Beam_260	20043	0.049514	0.074807	0.026467
Beam_260	20005	0.05187	0.073181	0.026
Beam_260	20042	0.042373	0.076675	0.025728
Beam_260	19982	0.042373	0.076675	0.024645
Beam_260	20021	0.042379	0.071934	0.027485
Beam_260	19987	0.045693	0.074802	0.025398
Beam_260	20039	0.045693	0.074802	0.026469
Beam_260	20030	0.05332	0.074806	0.026468
Beam_260	19994	0.05332	0.074806	0.025397
Beam_260	20038	0.043797	0.0753	0.026278
Beam_260	20031	0.055212	0.075302	0.026277
Beam_260	19995	0.055212	0.075302	0.025204
Beam_260	19986	0.043797	0.0753	0.025205
Beam_260	20046	0.051891	0.075431	0.026227
Beam_260	19978	0.051891	0.075431	0.025153
Beam_260	19999	0.057103	0.072821	0.026127
Beam_260	20023	0.056621	0.071934	0.027485
Beam_260	20003	0.056621	0.071934	0.026431
Beam_260	19990	0.043798	0.073307	0.025955
Beam_260	20026	0.057103	0.072821	0.027186
Beam_260	19981	0.044756	0.076052	0.024903
Beam_260	19976	0.056634	0.076675	0.024645
Beam_260	20044	0.056634	0.076675	0.025728
Beam_260	20041	0.044756	0.076052	0.025982
Beam_260	20020	0.044751	0.072557	0.027276
Beam_260	20008	0.044751	0.072557	0.026219
Beam_260	20034	0.043798	0.073307	0.027016
Beam_260	20001	0.053313	0.073813	0.025771
Beam_260	20028	0.053313	0.073813	0.026835
Beam_260	20025	0.05187	0.073181	0.027061
Beam_260	20024	0.054249	0.072557	0.027276
Beam_260	20009	0.042379	0.071934	0.026431
Beam_260	19996	0.057109	0.0758	0.025005
Beam_260	24395	0.04	0.077804	0.024705
Beam_260	20037	0.041895	0.075799	0.026083
Beam_260	19985	0.041895	0.075799	0.025006
Beam_260	24394	0.059	0.077804	0.024705
Beam_260	19989	0.045699	0.073806	0.025774
Beam_260	24396	0.05425	0.077804	0.024705
Beam_260	20033	0.045699	0.073806	0.026838
Beam_260	20045	0.054258	0.076052	0.025982
Beam_260	19977	0.054258	0.076052	0.024903
Beam_260	20032	0.057109	0.0758	0.026082
Beam_260	20004	0.054249	0.072557	0.026219
Beam_260	20000	0.05521	0.073316	0.025951
Beam_260	24398	0.04475	0.077804	0.024705
Beam_260	20035	0.041902	0.072809	0.02719
Beam_260	19991	0.041902	0.072809	0.026131
Beam_260	20027	0.05521	0.073316	0.027013
Beam_404	23500	0.056628	0.14867	0.030998
Beam_404	23494	0.043798	0.1473	0.030958
Beam_404	23433	0.054257	0.14805	0.029983
Beam_404	23483	0.055211	0.14532	0.030853
Beam_404	23451	0.055211	0.1473	0.029957
Beam_404	23435	0.049514	0.14681	0.029936
Beam_404	23456	0.055211	0.14532	0.029851
Beam_404	23477	0.042374	0.14393	0.030747
Beam_404	23465	0.042374	0.14393	0.029743
Beam_404	23442	0.043798	0.1473	0.029957
Beam_404	23436	0.047136	0.14743	0.029962
Beam_404	23496	0.047136	0.14743	0.030963
Beam_404	23462	0.0495	0.1458	0.029882
Beam_404	23478	0.0495	0.1458	0.030884
Beam_404	23479	0.056626	0.14393	0.030747
Beam_404	23459	0.056626	0.14393	0.029743
Beam_404	24962	0.04	0.1498	0.030509
Beam_404	23432	0.056628	0.14867	0.029997
Beam_404	23501	0.054257	0.14805	0.030983
Beam_404	23485	0.051422	0.14631	0.030913
Beam_404	23460	0.05425	0.14456	0.029795
Beam_404	23492	0.047595	0.1463	0.030913
Beam_404	23480	0.05425	0.14456	0.030798
Beam_404	23441	0.041899	0.1478	0.029975
Beam_404	23444	0.047595	0.1463	0.029911
Beam_404	23493	0.041899	0.1478	0.030976
Beam_404	23446	0.043797	0.14531	0.02985
Beam_404	24964	0.0495	0.1498	0.030509
Beam_404	23438	0.042379	0.14867	0.029997
Beam_404	23490	0.043797	0.14531	0.030853
Beam_404	23491	0.041898	0.14481	0.030817
Beam_404	23447	0.041898	0.14481	0.029815
Beam_404	23484	0.053317	0.14581	0.030885
Beam_404	23498	0.042379	0.14867	0.030998
Beam_404	23486	0.053316	0.1468	0.030937
Beam_404	23450	0.053316	0.1468	0.029936
Beam_404	23487	0.055211	0.1473	0.030958
Beam_404	23449	0.051422	0.14631	0.029911
Beam_404	23457	0.053317	0.14581	0.029883
Beam_404	24963	0.05425	0.1498	0.030509
Beam_404	23499	0.049514	0.14681	0.030937
Beam_404	23481	0.051876	0.14518	0.030844
Beam_404	23445	0.045696	0.1458	0.029883
Beam_404	23502	0.051885	0.14743	0.030963
Beam_404	23434	0.051885	0.14743	0.029962
Beam_404	24965	0.04475	0.1498	0.030509
Beam_404	24961	0.059	0.1498	0.030509
Beam_404	23437	0.044757	0.14805	0.029983
Beam_404	23461	0.051876	0.14518	0.029842
Beam_404	23482	0.057106	0.14482	0.030818
Beam_404	23497	0.044757	0.14805	0.030983
Beam_404	23495	0.045697	0.1468	0.030937
Beam_404	23455	0.057106	0.14482	0.029816
Beam_404	23463	0.047124	0.14518	0.029842
Beam_404	23476	0.04475	0.14456	0.030798
Beam_404	23488	0.057105	0.1478	0.030976
Beam_404	23489	0.045696	0.1458	0.030884
Beam_404	23464	0.04475	0.14456	0.029795
Beam_404	23443	0.045697	0.1468	0.029936
Beam_404	23452	0.057105	0.1478	0.029975
Beam_404	23475	0.047124	0.14518	0.030844
Beam_422	23874	0.055211	0.054302	0.029876
Beam_422	24532	0.0495	0.056803	0.030176
Beam_422	23886	0.045696	0.052805	0.029953
Beam_422	23894	0.049514	0.053807	0.029905
Beam_422	23913	0.051886	0.054429	0.03087
Beam_422	23914	0.045696	0.052805	0.030954
Beam_422	23925	0.053317	0.053805	0.030907
Beam_422	23893	0.051886	0.054429	0.029868
Beam_422	23872	0.051422	0.053308	0.029931
Beam_422	23873	0.053317	0.053805	0.029905
Beam_422	23929	0.04475	0.051556	0.030993
Beam_422	23879	0.055211	0.052316	0.029971
Beam_422	23926	0.055211	0.054302	0.030878
Beam_422	23870	0.042375	0.050933	0.030004
Beam_422	23867	0.0495	0.052803	0.029953
Beam_422	23920	0.045696	0.053802	0.030907
Beam_422	23884	0.045696	0.053802	0.029905
Beam_422	23909	0.042378	0.055674	0.03078
Beam_422	24531	0.05425	0.056803	0.030176
Beam_422	23922	0.055211	0.052316	0.030972
Beam_422	23897	0.042378	0.055674	0.029776
Beam_422	23875	0.057106	0.054799	0.029843
Beam_422	23924	0.051422	0.053308	0.030932
Beam_422	23921	0.057105	0.05182	0.030987
Beam_422	23878	0.057105	0.05182	0.029986
Beam_422	23885	0.047595	0.053303	0.029931
Beam_422	23927	0.057106	0.054799	0.030845
Beam_422	23868	0.047125	0.05218	0.029976
Beam_422	23923	0.053316	0.052812	0.030954
Beam_422	23928	0.047125	0.05218	0.030976
Beam_422	23932	0.056625	0.050933	0.031004
Beam_422	23866	0.051875	0.05218	0.029976
Beam_422	23892	0.054257	0.055052	0.029825
Beam_422	23933	0.05425	0.051556	0.030993
Beam_422	23895	0.047135	0.054429	0.029868
Beam_422	23891	0.05663	0.055674	0.029776
Beam_422	23908	0.044757	0.055052	0.030828
Beam_422	23869	0.04475	0.051556	0.029993
Beam_422	23887	0.043798	0.052306	0.029972
Beam_422	23930	0.042375	0.050933	0.031004
Beam_422	23934	0.051875	0.05218	0.030976
Beam_422	23882	0.041898	0.054798	0.029843
Beam_422	23918	0.041898	0.054798	0.030846
Beam_422	23864	0.056625	0.050933	0.030004
Beam_422	23911	0.05663	0.055674	0.03078
Beam_422	23931	0.0495	0.052803	0.030954
Beam_422	23915	0.043798	0.052306	0.030972
Beam_422	23910	0.049514	0.053807	0.030907
Beam_422	23880	0.053316	0.052812	0.029953
Beam_422	23917	0.047595	0.053303	0.030932
Beam_422	23919	0.043797	0.0543	0.030878
Beam_422	23883	0.043797	0.0543	0.029876
Beam_422	24529	0.059	0.056803	0.030176
Beam_422	23896	0.044757	0.055052	0.029825
Beam_422	23888	0.041899	0.051808	0.029987
Beam_422	23907	0.047135	0.054429	0.03087
Beam_422	23912	0.054257	0.055052	0.030828
Beam_422	23916	0.041899	0.051808	0.030987
Beam_422	24530	0.04	0.056803	0.030176
Beam_422	23865	0.05425	0.051556	0.029993
Beam_422	24533	0.04475	0.056803	0.030176
Beam_368	24494	0.04	0.063803	0.029125
Beam_368	22597	0.051873	0.05918	0.029397
Beam_368	22617	0.051873	0.05918	0.030406
Beam_368	22631	0.045695	0.060802	0.030172
Beam_368	22637	0.054258	0.062052	0.029965
Beam_368	22629	0.041897	0.061798	0.030009
Beam_368	24493	0.059	0.063803	0.029125
Beam_368	22596	0.05425	0.058557	0.029478
Beam_368	22577	0.041897	0.061798	0.028994
Beam_368	22625	0.045697	0.059805	0.03032
Beam_368	22587	0.055211	0.061302	0.029078
Beam_368	22588	0.057107	0.0618	0.028994
Beam_368	22569	0.054258	0.062052	0.02895
Beam_368	24495	0.05425	0.063803	0.029125
Beam_368	22624	0.057107	0.0618	0.030009
Beam_368	22627	0.0419	0.058808	0.030454
Beam_368	22581	0.045697	0.059805	0.02931
Beam_368	22616	0.05425	0.058557	0.030485
Beam_368	22583	0.0419	0.058808	0.029446
Beam_368	22618	0.057105	0.058821	0.030452
Beam_368	22614	0.0495	0.059803	0.03032
Beam_368	22578	0.043797	0.0613	0.029079
Beam_368	22598	0.0495	0.059803	0.02931
Beam_368	22630	0.043797	0.0613	0.030092
Beam_368	22633	0.044757	0.062052	0.029965
Beam_368	22595	0.056624	0.057933	0.029553
Beam_368	22615	0.056624	0.057933	0.030559
Beam_368	22573	0.044757	0.062052	0.02895
Beam_368	22620	0.053315	0.059812	0.030319
Beam_368	22582	0.043798	0.059307	0.02938
Beam_368	22591	0.057104	0.058821	0.029444
Beam_368	22626	0.043798	0.059307	0.030389
Beam_368	22568	0.056631	0.062675	0.028836
Beam_368	22636	0.056631	0.062675	0.029853
Beam_368	24496	0.0495	0.063803	0.029125
Beam_368	22600	0.04475	0.058557	0.029478
Beam_368	22612	0.04475	0.058557	0.030485
Beam_368	24497	0.04475	0.063803	0.029125
Beam_368	22571	0.049514	0.060807	0.029159
Beam_368	22572	0.047133	0.06143	0.029057
Beam_368	22632	0.047133	0.06143	0.030071
Beam_368	22593	0.053315	0.059812	0.029309
Beam_368	22570	0.051888	0.06143	0.029057
Beam_368	22621	0.051422	0.060308	0.030247
Beam_368	22634	0.042376	0.062675	0.029853
Beam_368	22579	0.045695	0.060802	0.029159
Beam_368	22601	0.042376	0.057933	0.029553
Beam_368	22638	0.051888	0.06143	0.030071
Beam_368	22592	0.055211	0.059316	0.029378
Beam_368	22623	0.055211	0.061302	0.030092
Beam_368	22619	0.055211	0.059316	0.030388
Beam_368	22622	0.053318	0.060805	0.030171
Beam_368	22635	0.049514	0.060807	0.030171
Beam_368	22613	0.042376	0.057933	0.030559
Beam_368	22628	0.047595	0.060303	0.030248
Beam_368	22580	0.047595	0.060303	0.029237
Beam_368	22599	0.047127	0.05918	0.029397
Beam_368	22611	0.047127	0.05918	0.030406
Beam_368	22585	0.051422	0.060308	0.029236
Beam_368	22574	0.042376	0.062675	0.028836
Beam_368	22586	0.053318	0.060805	0.029159
Beam_296	20895	0.055211	0.1333	0.028989
Beam_296	20887	0.056629	0.12993	0.028072
Beam_296	20867	0.056629	0.12993	0.027027
Beam_296	24943	0.059	0.1358	0.029044
Beam_296	20840	0.056626	0.13467	0.028286
Beam_296	20890	0.057108	0.13082	0.028331
Beam_296	20907	0.049514	0.13281	0.028866
Beam_296	20908	0.056626	0.13467	0.029312
Beam_296	20870	0.0495	0.1318	0.027567
Beam_296	24946	0.0495	0.1358	0.029044
Beam_296	20841	0.054256	0.13405	0.028142
Beam_296	20864	0.055212	0.13132	0.027432
Beam_296	20863	0.057108	0.13082	0.027291
Beam_296	20891	0.055212	0.13132	0.028471
Beam_296	20860	0.057104	0.1338	0.028081
Beam_296	20896	0.057104	0.1338	0.02911
Beam_296	20886	0.0495	0.1318	0.028604
Beam_296	20859	0.055211	0.1333	0.027959
Beam_296	20843	0.049514	0.13281	0.027834
Beam_296	20885	0.042371	0.12993	0.028072
Beam_296	24944	0.04	0.1358	0.029044
Beam_296	20910	0.051882	0.13343	0.02902
Beam_296	20909	0.054256	0.13405	0.029169
Beam_296	20906	0.042381	0.13467	0.029312
Beam_296	20846	0.042381	0.13467	0.028286
Beam_296	20845	0.044758	0.13405	0.028142
Beam_296	20865	0.053319	0.13181	0.02757
Beam_296	20892	0.053319	0.13181	0.028606
Beam_296	24947	0.04475	0.1358	0.029044
Beam_296	20898	0.043797	0.13131	0.028468
Beam_296	20900	0.047595	0.1323	0.028736
Beam_296	20852	0.047595	0.1323	0.027702
Beam_296	20854	0.043797	0.13131	0.02743
Beam_296	20857	0.051422	0.13231	0.027703
Beam_296	20872	0.044749	0.13056	0.027214
Beam_296	20884	0.044749	0.13056	0.028256
Beam_296	20850	0.043798	0.1333	0.027959
Beam_296	20858	0.053314	0.1328	0.027833
Beam_296	20894	0.053314	0.1328	0.028865
Beam_296	20893	0.051422	0.13231	0.028737
Beam_296	20844	0.047139	0.13343	0.027991
Beam_296	20904	0.047139	0.13343	0.02902
Beam_296	20853	0.045694	0.1318	0.027568
Beam_296	20897	0.045694	0.1318	0.028604
Beam_296	20905	0.044758	0.13405	0.029169
Beam_296	20842	0.051882	0.13343	0.027991
Beam_296	20888	0.054251	0.13056	0.028256
Beam_296	20868	0.054251	0.13056	0.027214
Beam_296	20899	0.041896	0.13081	0.028328
Beam_296	20855	0.041896	0.13081	0.027287
Beam_296	20903	0.045698	0.1328	0.028864
Beam_296	20851	0.045698	0.1328	0.027832
Beam_296	20883	0.047121	0.13118	0.028432
Beam_296	20873	0.042371	0.12993	0.027027
Beam_296	20871	0.047121	0.13118	0.027394
Beam_296	20849	0.041901	0.1338	0.028081
Beam_296	20901	0.041901	0.1338	0.029109
Beam_296	20902	0.043798	0.1333	0.028989
Beam_296	20889	0.051879	0.13118	0.028432
Beam_296	24945	0.05425	0.1358	0.029044
Beam_296	20869	0.051879	0.13118	0.027394
Beam_314	21322	0.057104	0.065821	0.029199
Beam_314	21301	0.051872	0.066181	0.028086
Beam_314	21324	0.053315	0.066812	0.028961
Beam_314	21275	0.049514	0.067807	0.027673
Beam_314	21283	0.045694	0.067802	0.027674
Beam_314	21318	0.0495	0.066803	0.028964
Beam_314	21321	0.051872	0.066181	0.029114
Beam_314	21335	0.045694	0.067802	0.028709
Beam_314	24484	0.059	0.070803	0.027323
Beam_314	24488	0.04475	0.070803	0.027323
Beam_314	21342	0.051889	0.06843	0.02854
Beam_314	21329	0.045698	0.066805	0.028963
Beam_314	21339	0.049514	0.067807	0.028707
Beam_314	21336	0.047132	0.06843	0.02854
Beam_314	21285	0.045698	0.066805	0.027932
Beam_314	21274	0.051889	0.06843	0.027503
Beam_314	21315	0.047128	0.066181	0.029114
Beam_314	21276	0.047132	0.06843	0.027503
Beam_314	21304	0.044751	0.065557	0.028234
Beam_314	21272	0.056632	0.069675	0.027146
Beam_314	21295	0.057104	0.065821	0.028172
Beam_314	21340	0.056632	0.069675	0.028188
Beam_314	21302	0.0495	0.066803	0.027933
Beam_314	21337	0.044756	0.069052	0.028368
Beam_314	21303	0.047128	0.066181	0.028086
Beam_314	21277	0.044756	0.069052	0.027328
Beam_314	21292	0.057108	0.0688	0.0274
Beam_314	24487	0.0495	0.070803	0.027323
Beam_314	21328	0.057108	0.0688	0.028438
Beam_314	21316	0.044751	0.065557	0.02926
Beam_314	24485	0.04	0.070803	0.027323
Beam_314	21330	0.043798	0.066307	0.029084
Beam_314	21323	0.055211	0.066316	0.029082
Beam_314	21287	0.041901	0.065809	0.028175
Beam_314	21273	0.054258	0.069052	0.027328
Beam_314	21290	0.053319	0.067805	0.027673
Beam_314	21331	0.041901	0.065809	0.029202
Beam_314	21289	0.051422	0.067308	0.027804
Beam_314	21326	0.053319	0.067805	0.028708
Beam_314	21296	0.055211	0.066316	0.028053
Beam_314	21317	0.042378	0.064934	0.029399
Beam_314	21325	0.051422	0.067308	0.028837
Beam_314	21305	0.042378	0.064934	0.028375
Beam_314	21338	0.042375	0.069675	0.028188
Beam_314	21278	0.042375	0.069675	0.027146
Beam_314	21320	0.054249	0.065557	0.02926
Beam_314	21297	0.053315	0.066812	0.027931
Beam_314	21341	0.054258	0.069052	0.028368
Beam_314	21300	0.054249	0.065557	0.028234
Beam_314	21284	0.047595	0.067303	0.027805
Beam_314	21319	0.056622	0.064934	0.029399
Beam_314	21299	0.056622	0.064934	0.028375
Beam_314	21286	0.043798	0.066307	0.028056
Beam_314	21334	0.043797	0.0683	0.028576
Beam_314	21282	0.043797	0.0683	0.027539
Beam_314	21333	0.041896	0.068799	0.028439
Beam_314	21291	0.055212	0.068302	0.027539
Beam_314	24486	0.05425	0.070803	0.027323
Beam_314	21281	0.041896	0.068799	0.0274
Beam_314	21332	0.047595	0.067303	0.028838
Beam_314	21327	0.055212	0.068302	0.028575
Beam_1	24746	0.0	0.00080961	0.010193
Beam_1	24749	0.00475	0.00080961	0.010193
Beam_1	24747	0.01425	0.00080961	0.010193
Beam_1	24745	0.019	0.00080961	0.010193
Beam_1	24748	0.0095	0.00080961	0.010193
Beam_65	15070	0.0019077	0.0057957	0.015287
Beam_65	24736	0.019	0.0078019	0.016231
Beam_65	24737	0.0	0.0078019	0.016231
Beam_65	15009	0.015215	0.003315	0.011819
Beam_65	15075	0.0037939	0.0033055	0.01316
Beam_65	15013	0.015208	0.0053011	0.013575
Beam_65	15042	0.0031608	0.0021394	0.010713
Beam_65	15014	0.017096	0.0057968	0.013992
Beam_65	15035	0.0019078	0.0057957	0.013991
Beam_65	15086	0.0031753	0.0064655	0.015826
Beam_65	15043	0.0015739	0.0017229	0.010308
Beam_65	15020	0.0031755	0.0064654	0.014543
Beam_65	15048	0.014262	0.0025533	0.011108
Beam_65	15092	0.017116	0.0028176	0.012719
Beam_65	15061	0.014262	0.0025534	0.012477
Beam_65	15008	0.017116	0.0028175	0.011357
Beam_65	15047	0.015839	0.0021394	0.010713
Beam_65	15060	0.015839	0.0021395	0.012092
Beam_65	15025	0.015834	0.0064654	0.014543
Beam_65	15078	0.015834	0.0064655	0.015826
Beam_65	15068	0.0031613	0.0021395	0.012092
Beam_65	15076	0.0018882	0.0028054	0.012708
Beam_65	15021	0.0015927	0.0068796	0.014877
Beam_65	15089	0.015208	0.0053012	0.014881
Beam_65	15024	0.017412	0.0068796	0.014877
Beam_65	15087	0.0015925	0.0068797	0.016152
Beam_65	15077	0.017412	0.0068797	0.016152
Beam_65	15093	0.015215	0.0033151	0.013169
Beam_65	15046	0.017426	0.0017229	0.010308
Beam_65	15069	0.0015742	0.0017229	0.011699
Beam_65	15031	0.0037936	0.0033054	0.01181
Beam_65	15032	0.001888	0.0028053	0.011346
Beam_65	15059	0.017426	0.0017229	0.011699
Beam_65	15090	0.017097	0.0057968	0.015288
Beam_65	15064	0.0095	0.0038031	0.013602
Beam_65	15082	0.0095141	0.0048068	0.014466
Beam_65	15062	0.012672	0.0029706	0.012858
Beam_65	15049	0.012672	0.0029705	0.0115
Beam_65	15080	0.012672	0.0056356	0.015156
Beam_65	15039	0.0079079	0.0033852	0.011883
Beam_65	15084	0.0063467	0.0056356	0.015156
Beam_65	15010	0.013327	0.0038091	0.012268
Beam_65	15018	0.006347	0.0056355	0.013857
Beam_65	15088	0.013307	0.0048023	0.014463
Beam_65	15074	0.0056861	0.0038021	0.013601
Beam_65	15073	0.0075949	0.0043031	0.014037
Beam_65	15063	0.011092	0.0033853	0.013232
Beam_65	15091	0.011422	0.0043075	0.01404
Beam_65	15094	0.013326	0.0038092	0.013607
Beam_65	15050	0.011092	0.0033852	0.011883
Beam_65	15012	0.013307	0.0048023	0.013146
Beam_65	15036	0.0038007	0.0052989	0.013573
Beam_65	15029	0.0075949	0.0043031	0.012709
Beam_65	15041	0.004738	0.0025533	0.011108
Beam_65	15065	0.0079081	0.0033853	0.013232
Beam_65	15079	0.014248	0.0060492	0.015493
Beam_65	15026	0.014248	0.0060491	0.014202
Beam_65	15081	0.011088	0.0052198	0.014813
Beam_65	15016	0.0095141	0.0048068	0.01315
Beam_65	24738	0.01425	0.0078019	0.016231
Beam_65	15071	0.0038005	0.0052989	0.014879
Beam_65	15030	0.0056859	0.0038021	0.012262
Beam_65	15019	0.0047664	0.0060491	0.014202
Beam_65	15085	0.0047661	0.0060492	0.015493
Beam_65	15028	0.011088	0.0052198	0.013505
Beam_65	15072	0.0057055	0.004799	0.01446
Beam_65	15067	0.0047385	0.0025534	0.012477
Beam_65	15038	0.0095	0.0038031	0.012263
Beam_65	15066	0.0063281	0.0029706	0.012858
Beam_65	15011	0.011422	0.0043075	0.012713
Beam_65	24740	0.00475	0.0078019	0.016231
Beam_65	15037	0.0057057	0.0047989	0.013143
Beam_65	15040	0.0063276	0.0029705	0.0115
Beam_65	15027	0.012672	0.0056355	0.013857
Beam_65	15017	0.0079359	0.0052198	0.013505
Beam_65	15083	0.0079357	0.0052198	0.014813
Beam_65	24739	0.0095	0.0078019	0.016231
Beam_173	17948	0.0095141	0.018807	0.023676
Beam_173	17897	0.0071424	0.019427	0.022867
Beam_173	17898	0.0047588	0.020051	0.023172
Beam_173	17949	0.0071423	0.019427	0.023981
Beam_173	17896	0.0095141	0.018807	0.022557
Beam_173	17899	0.002385	0.020672	0.023467
Beam_173	17950	0.0047588	0.020051	0.02428
Beam_173	17905	0.0075949	0.018303	0.022299
Beam_173	17946	0.014255	0.020051	0.02428
Beam_173	24666	0.01425	0.021802	0.024532
Beam_173	17953	0.01521	0.019302	0.02392
Beam_173	17944	0.0018938	0.016807	0.02264
Beam_173	17912	0.0037987	0.019299	0.022804
Beam_173	24668	0.00475	0.021802	0.024532
Beam_173	17939	0.0037986	0.019299	0.023919
Beam_173	24667	0.0095	0.021802	0.024532
Beam_173	17933	0.011883	0.017178	0.022838
Beam_173	17922	0.011883	0.017178	0.021704
Beam_173	17921	0.014252	0.016556	0.021363
Beam_173	17932	0.014252	0.016556	0.022504
Beam_173	17945	0.016622	0.020672	0.02457
Beam_173	17956	0.01711	0.016819	0.022646
Beam_173	17902	0.016622	0.020672	0.023467
Beam_173	24665	0.0	0.021802	0.024532
Beam_173	17941	0.0075949	0.018303	0.023423
Beam_173	17888	0.01711	0.016819	0.021508
Beam_173	17958	0.013321	0.017811	0.02317
Beam_173	17934	0.0095	0.017803	0.023166
Beam_173	17890	0.013321	0.017811	0.022042
Beam_173	17931	0.016633	0.015931	0.02216
Beam_173	17903	0.014255	0.020051	0.023172
Beam_173	17908	0.0018938	0.016807	0.021502
Beam_173	17914	0.0095	0.017803	0.022038
Beam_173	17955	0.011422	0.018308	0.023425
Beam_173	17889	0.015212	0.017316	0.021778
Beam_173	17892	0.013312	0.018804	0.022555
Beam_173	24664	0.019	0.021802	0.024532
Beam_173	17907	0.0037961	0.017306	0.021773
Beam_173	17935	0.0071173	0.017178	0.022838
Beam_173	17915	0.0071173	0.017178	0.021704
Beam_173	17911	0.001903	0.019797	0.023049
Beam_173	17938	0.001903	0.019797	0.024159
Beam_173	17904	0.011879	0.019427	0.022867
Beam_173	17943	0.0037961	0.017306	0.022906
Beam_173	17951	0.0023849	0.020672	0.02457
Beam_173	17920	0.016633	0.015931	0.021013
Beam_173	17893	0.01521	0.019302	0.022805
Beam_173	17917	0.0023669	0.015931	0.021013
Beam_173	17937	0.002367	0.015931	0.02216
Beam_173	17913	0.0057007	0.0188	0.022553
Beam_173	17957	0.015212	0.017316	0.022911
Beam_173	17947	0.011879	0.019427	0.023981
Beam_173	17891	0.011422	0.018308	0.022301
Beam_173	17942	0.0056914	0.017804	0.023166
Beam_173	17906	0.0056914	0.017804	0.022038
Beam_173	17940	0.0057006	0.0188	0.023673
Beam_173	17894	0.017101	0.019798	0.023049
Beam_173	17954	0.017101	0.019798	0.02416
Beam_173	17916	0.0047478	0.016556	0.021363
Beam_173	17952	0.013312	0.018804	0.023674
Beam_173	17936	0.0047479	0.016556	0.022504
Beam_335	21831	0.0037971	0.038306	0.030027
Beam_335	21809	0.014251	0.037556	0.028879
Beam_335	24602	0.0	0.042803	0.030136
Beam_335	21792	0.011884	0.040429	0.029343
Beam_335	21790	0.016627	0.041674	0.029506
Beam_335	21822	0.0095	0.038803	0.030109
Beam_335	21819	0.016627	0.036932	0.02978
Beam_335	21801	0.0056973	0.039801	0.029252
Beam_335	21795	0.0037971	0.038306	0.029012
Beam_335	21834	0.014257	0.041051	0.030436
Beam_335	21791	0.014257	0.041051	0.029427
Beam_335	21820	0.014251	0.037556	0.029895
Beam_335	21784	0.0095141	0.039807	0.029253
Beam_335	24604	0.0095	0.042803	0.030136
Beam_335	24605	0.00475	0.042803	0.030136
Beam_335	21824	0.0047495	0.037556	0.029895
Beam_335	21804	0.0047495	0.037556	0.028879
Beam_335	21779	0.011422	0.039308	0.029177
Beam_335	21776	0.017107	0.03782	0.028927
Beam_335	21839	0.00238	0.041674	0.030513
Beam_335	21787	0.00238	0.041674	0.029506
Beam_335	21835	0.011884	0.040429	0.030353
Beam_335	21828	0.0056973	0.039801	0.030263
Beam_335	21785	0.0071373	0.040429	0.029343
Beam_335	21842	0.017104	0.040799	0.030403
Beam_335	21829	0.0075949	0.039303	0.030188
Beam_335	21780	0.013315	0.039804	0.029253
Beam_335	21803	0.0071228	0.038179	0.02899
Beam_335	21823	0.0071229	0.038179	0.030005
Beam_335	21826	0.0018998	0.040798	0.030403
Beam_335	21799	0.0018998	0.040798	0.029394
Beam_335	21805	0.0023726	0.036932	0.028762
Beam_335	21845	0.015211	0.038316	0.030028
Beam_335	21833	0.016627	0.041674	0.030513
Beam_335	21836	0.0095141	0.039807	0.030264
Beam_335	21808	0.016627	0.036932	0.028762
Beam_335	21846	0.013318	0.038811	0.03011
Beam_335	21778	0.013318	0.038811	0.029097
Beam_335	21781	0.015211	0.040302	0.029325
Beam_335	21837	0.0071373	0.040429	0.030353
Beam_335	21782	0.017104	0.040799	0.029394
Beam_335	21802	0.0095	0.038803	0.029096
Beam_335	21825	0.0023726	0.036932	0.02978
Beam_335	21830	0.0056949	0.038804	0.030109
Beam_335	21777	0.015211	0.038316	0.029014
Beam_335	21840	0.013315	0.039804	0.030264
Beam_335	24601	0.019	0.042803	0.030136
Beam_335	21793	0.0075949	0.039303	0.029176
Beam_335	21841	0.015211	0.040302	0.030335
Beam_335	21832	0.0018973	0.037808	0.02994
Beam_335	21786	0.0047574	0.041051	0.029427
Beam_335	21810	0.011877	0.038179	0.02899
Beam_335	21838	0.0047574	0.041051	0.030436
Beam_335	21827	0.0037977	0.0403	0.030335
Beam_335	21796	0.0018973	0.037808	0.028924
Beam_335	24603	0.01425	0.042803	0.030136
Beam_335	21843	0.011422	0.039308	0.030189
Beam_335	21821	0.011877	0.038179	0.030005
Beam_335	21794	0.0056949	0.038804	0.029096
Beam_335	21800	0.0037977	0.0403	0.029325
Beam_335	21844	0.017107	0.03782	0.029942
Beam_227	24658	0.0095	0.028803	0.027198
Beam_227	19203	0.0037966	0.024306	0.025048
Beam_227	19229	0.01188	0.024178	0.026074
Beam_227	19212	0.0047486	0.023556	0.024742
Beam_227	24657	0.01425	0.028803	0.027198
Beam_227	19230	0.0095	0.024803	0.026318
Beam_227	19210	0.0095	0.024803	0.025245
Beam_227	19218	0.01188	0.024178	0.024996
Beam_227	19232	0.0047486	0.023556	0.025823
Beam_227	19194	0.0047582	0.027051	0.026082
Beam_227	19189	0.01521	0.026302	0.025813
Beam_227	19209	0.0056993	0.025801	0.025627
Beam_227	19236	0.0056993	0.025801	0.026694
Beam_227	19188	0.013313	0.025804	0.025629
Beam_227	24655	0.019	0.028803	0.027198
Beam_227	19248	0.013313	0.025804	0.026695
Beam_227	19234	0.0019017	0.026797	0.027053
Beam_227	19185	0.015212	0.024316	0.025052
Beam_227	19207	0.0019017	0.026797	0.025992
Beam_227	19253	0.015212	0.024316	0.026128
Beam_227	19211	0.0071196	0.024178	0.024996
Beam_227	19231	0.0071196	0.024178	0.026074
Beam_227	19238	0.0056929	0.024804	0.026318
Beam_227	19202	0.0056928	0.024804	0.025245
Beam_227	19233	0.0023693	0.022932	0.025565
Beam_227	19213	0.0023693	0.022932	0.024479
Beam_227	19245	0.0071403	0.026428	0.026922
Beam_227	19193	0.0071403	0.026428	0.025859
Beam_227	19247	0.0023829	0.027673	0.027354
Beam_227	19243	0.011881	0.026428	0.026922
Beam_227	24659	0.00475	0.028803	0.027198
Beam_227	19249	0.01521	0.026302	0.026877
Beam_227	19204	0.0018952	0.023807	0.024845
Beam_227	19241	0.016624	0.027673	0.027354
Beam_227	19200	0.011881	0.026428	0.025859
Beam_227	19184	0.017109	0.023819	0.02485
Beam_227	19252	0.017109	0.023819	0.02593
Beam_227	19246	0.0047581	0.027051	0.027142
Beam_227	19186	0.01332	0.024811	0.025248
Beam_227	19237	0.0075949	0.025303	0.026509
Beam_227	19201	0.0075949	0.025303	0.025439
Beam_227	19254	0.01332	0.024811	0.026321
Beam_227	19240	0.0018953	0.023807	0.025925
Beam_227	19195	0.002383	0.027673	0.026298
Beam_227	19198	0.016624	0.027673	0.026298
Beam_227	19199	0.014256	0.027051	0.026082
Beam_227	19239	0.0037966	0.024306	0.026124
Beam_227	19250	0.017103	0.026798	0.027053
Beam_227	19216	0.016631	0.022932	0.024479
Beam_227	19242	0.014256	0.027051	0.027142
Beam_227	19190	0.017103	0.026798	0.025992
Beam_227	19228	0.014251	0.023556	0.025823
Beam_227	19192	0.0095141	0.025807	0.02563
Beam_227	19217	0.014251	0.023556	0.024742
Beam_227	19251	0.011422	0.025308	0.02651
Beam_227	19187	0.011422	0.025308	0.025441
Beam_227	19208	0.0037982	0.0263	0.025812
Beam_227	19227	0.016631	0.022932	0.025565
Beam_227	24656	0.0	0.028803	0.027198
Beam_227	19235	0.0037982	0.0263	0.026876
Beam_227	19244	0.0095141	0.025807	0.026696
Beam_389	23105	0.01425	0.044556	0.029795
Beam_389	23132	0.0095141	0.046807	0.030937
Beam_389	23072	0.017106	0.04482	0.029816
Beam_389	23142	0.013317	0.045812	0.030885
Beam_389	23074	0.013317	0.045812	0.029883
Beam_389	23104	0.016627	0.043933	0.029743
Beam_389	23080	0.0095141	0.046807	0.029936
Beam_389	23095	0.0018997	0.047798	0.029975
Beam_389	23098	0.0095	0.045803	0.029882
Beam_389	23073	0.015211	0.045316	0.029851
Beam_389	23115	0.016627	0.043933	0.030747
Beam_389	23135	0.002379	0.048674	0.030998
Beam_389	23100	0.0047498	0.044556	0.029795
Beam_389	23091	0.0037973	0.045306	0.02985
Beam_389	23096	0.0037975	0.0473	0.029957
Beam_389	23077	0.015211	0.047302	0.029957
Beam_389	23120	0.0047498	0.044556	0.030798
Beam_389	23090	0.0056957	0.045805	0.029883
Beam_389	23126	0.0056957	0.045805	0.030884
Beam_389	23122	0.0018997	0.047798	0.030976
Beam_389	23136	0.013315	0.046804	0.030937
Beam_389	23076	0.013315	0.046804	0.029936
Beam_389	23081	0.0071364	0.047429	0.029962
Beam_389	23133	0.0071364	0.047429	0.030963
Beam_389	24556	0.019	0.049803	0.030509
Beam_389	23116	0.01425	0.044556	0.030798
Beam_389	23139	0.011422	0.046308	0.030913
Beam_389	23127	0.0037973	0.045306	0.030853
Beam_389	23123	0.0037975	0.0473	0.030958
Beam_389	23078	0.017105	0.047799	0.029975
Beam_389	23082	0.0047571	0.048052	0.029983
Beam_389	23130	0.014257	0.048052	0.030983
Beam_389	23101	0.0023731	0.043933	0.029743
Beam_389	23137	0.015211	0.047302	0.030958
Beam_389	23075	0.011422	0.046308	0.029911
Beam_389	23097	0.0056973	0.046801	0.029936
Beam_389	23087	0.014257	0.048052	0.029983
Beam_389	23124	0.0056973	0.046801	0.030937
Beam_389	23129	0.016628	0.048674	0.030998
Beam_389	23106	0.011877	0.045179	0.029842
Beam_389	23141	0.015211	0.045316	0.030853
Beam_389	23086	0.016628	0.048674	0.029997
Beam_389	23121	0.0023731	0.043933	0.030747
Beam_389	23117	0.011877	0.045179	0.030844
Beam_389	24560	0.00475	0.049803	0.030509
Beam_389	23125	0.0075949	0.046303	0.030913
Beam_389	23134	0.0047571	0.048052	0.030983
Beam_389	23089	0.0075949	0.046303	0.029911
Beam_389	23083	0.002379	0.048674	0.029997
Beam_389	24557	0.0	0.049803	0.030509
Beam_389	23140	0.017106	0.04482	0.030818
Beam_389	23088	0.011885	0.047429	0.029962
Beam_389	24559	0.0095	0.049803	0.030509
Beam_389	23138	0.017105	0.047799	0.030976
Beam_389	23118	0.0095	0.045803	0.030884
Beam_389	23131	0.011885	0.047429	0.030963
Beam_389	24558	0.01425	0.049803	0.030509
Beam_389	23099	0.0071234	0.045179	0.029842
Beam_389	23092	0.0018981	0.044808	0.029815
Beam_389	23119	0.0071235	0.045179	0.030844
Beam_389	23128	0.0018981	0.044808	0.030817
Beam_281	20524	0.014251	0.030556	0.028256
Beam_281	20513	0.014251	0.030556	0.027214
Beam_281	20499	0.0037969	0.031306	0.02743
Beam_281	20548	0.017108	0.03082	0.028331
Beam_281	20496	0.011882	0.033428	0.027991
Beam_281	20538	0.014256	0.034051	0.029169
Beam_281	20547	0.011422	0.032308	0.028737
Beam_281	24620	0.0	0.035803	0.029044
Beam_281	24621	0.01425	0.035803	0.029044
Beam_281	20535	0.0037969	0.031306	0.028468
Beam_281	20545	0.015211	0.033302	0.028989
Beam_281	20533	0.0075949	0.032303	0.028736
Beam_281	20490	0.0047578	0.034051	0.028142
Beam_281	20485	0.015211	0.033302	0.027959
Beam_281	20531	0.0037979	0.0333	0.028989
Beam_281	20497	0.0075949	0.032303	0.027702
Beam_281	20536	0.0018964	0.030808	0.028328
Beam_281	20529	0.0023712	0.029932	0.028072
Beam_281	20505	0.0056982	0.032801	0.027832
Beam_281	20500	0.0018964	0.030808	0.027287
Beam_281	24623	0.00475	0.035803	0.029044
Beam_281	20482	0.013319	0.031811	0.02757
Beam_281	20509	0.0023711	0.029932	0.027027
Beam_281	20541	0.0071386	0.033428	0.02902
Beam_281	20489	0.0071386	0.033428	0.027991
Beam_281	20550	0.013319	0.031811	0.028606
Beam_281	20539	0.011882	0.033428	0.02902
Beam_281	20486	0.017104	0.033799	0.028081
Beam_281	20488	0.0095141	0.032807	0.027834
Beam_281	20504	0.0037979	0.0333	0.027959
Beam_281	20480	0.017108	0.03082	0.027291
Beam_281	20495	0.014256	0.034051	0.028142
Beam_281	20532	0.0056982	0.032801	0.028864
Beam_281	20542	0.0047577	0.034051	0.029169
Beam_281	20526	0.0095	0.031803	0.028604
Beam_281	20484	0.013314	0.032804	0.027833
Beam_281	20540	0.0095141	0.032807	0.028866
Beam_281	20549	0.015212	0.031316	0.028471
Beam_281	20523	0.016629	0.029932	0.028072
Beam_281	20507	0.0071214	0.031179	0.027394
Beam_281	20503	0.0019007	0.033798	0.028081
Beam_281	20527	0.0071214	0.031179	0.028432
Beam_281	20530	0.0019007	0.033798	0.029109
Beam_281	20491	0.0023814	0.034673	0.028286
Beam_281	24622	0.0095	0.035803	0.029044
Beam_281	24619	0.019	0.035803	0.029044
Beam_281	20514	0.011879	0.031179	0.027394
Beam_281	20506	0.0095	0.031803	0.027567
Beam_281	20544	0.013314	0.032804	0.028865
Beam_281	20494	0.016626	0.034673	0.028286
Beam_281	20543	0.0023814	0.034673	0.029312
Beam_281	20498	0.0056939	0.031804	0.027568
Beam_281	20508	0.0047491	0.030556	0.027214
Beam_281	20512	0.016629	0.029932	0.027027
Beam_281	20537	0.016626	0.034673	0.029312
Beam_281	20528	0.0047491	0.030556	0.028256
Beam_281	20525	0.011879	0.031179	0.028432
Beam_281	20483	0.011422	0.032308	0.027703
Beam_281	20481	0.015212	0.031316	0.027432
Beam_281	20546	0.017104	0.033799	0.02911
Beam_281	20534	0.005694	0.031804	0.028604
Beam_119	16597	0.015209	0.012301	0.018801
Beam_119	16661	0.015213	0.010315	0.018674
Beam_119	16608	0.011876	0.012427	0.018883
Beam_119	16598	0.017099	0.012798	0.019122
Beam_119	16643	0.0037994	0.012299	0.01999
Beam_119	16653	0.0071452	0.012427	0.020072
Beam_119	16638	0.0095	0.010803	0.019007
Beam_119	16655	0.0023877	0.013672	0.020845
Beam_119	16593	0.015213	0.010315	0.017456
Beam_119	16600	0.0095141	0.011807	0.018476
Beam_119	24702	0.01425	0.014802	0.020937
Beam_119	16654	0.0047599	0.013051	0.020464
Beam_119	16601	0.0071453	0.012427	0.018883
Beam_119	16626	0.011886	0.010177	0.017358
Beam_119	16607	0.014254	0.013051	0.019283
Beam_119	16635	0.016637	0.0089301	0.017696
Beam_119	16620	0.0047461	0.0095554	0.016914
Beam_119	16640	0.0047463	0.0095555	0.018144
Beam_119	16625	0.014254	0.0095554	0.016914
Beam_119	16636	0.014254	0.0095555	0.018144
Beam_119	16617	0.0057026	0.0118	0.018471
Beam_119	16642	0.0019048	0.012796	0.020305
Beam_119	16649	0.016619	0.013672	0.020845
Beam_119	16606	0.016619	0.013672	0.019672
Beam_119	16637	0.011886	0.010177	0.018579
Beam_119	16657	0.015209	0.012301	0.019992
Beam_119	16615	0.0019049	0.012796	0.019121
Beam_119	16609	0.0075949	0.011303	0.018138
Beam_119	16594	0.013323	0.01081	0.017801
Beam_119	16645	0.0075949	0.011303	0.019342
Beam_119	16662	0.013323	0.01081	0.019011
Beam_119	16660	0.017112	0.0098185	0.018329
Beam_119	16624	0.016637	0.00893	0.016456
Beam_119	16644	0.0057025	0.0118	0.019668
Beam_119	16618	0.0095	0.010803	0.017796
Beam_119	16592	0.017113	0.0098184	0.017103
Beam_119	16658	0.017099	0.012798	0.020306
Beam_119	16656	0.01331	0.011803	0.01967
Beam_119	16621	0.0023633	0.00893	0.016456
Beam_119	24700	0.019	0.014802	0.020937
Beam_119	24701	0.0	0.014802	0.020937
Beam_119	16603	0.0023878	0.013672	0.019672
Beam_119	24704	0.00475	0.014802	0.020937
Beam_119	16611	0.0037951	0.010306	0.017449
Beam_119	24703	0.0095	0.014802	0.020937
Beam_119	16646	0.0056894	0.010803	0.019007
Beam_119	16647	0.0037953	0.010306	0.018668
Beam_119	16652	0.0095141	0.011807	0.019673
Beam_119	16610	0.0056893	0.010803	0.017796
Beam_119	16639	0.007114	0.010177	0.018579
Beam_119	16619	0.0071139	0.010177	0.017358
Beam_119	16595	0.011422	0.011308	0.018141
Beam_119	16596	0.01331	0.011803	0.018473
Beam_119	16616	0.0037995	0.012299	0.0188
Beam_119	16602	0.00476	0.013051	0.019283
Beam_119	16659	0.011422	0.011308	0.019345
Beam_119	16650	0.014254	0.013051	0.020464
Beam_119	16651	0.011876	0.012427	0.020072
Beam_119	16641	0.0023635	0.0089301	0.017696
Beam_2	24754	0.039	0.00080961	0.010193
Beam_2	24755	0.02	0.00080961	0.010193
Beam_2	24757	0.0295	0.00080961	0.010193
Beam_2	24758	0.02475	0.00080961	0.010193
Beam_2	24756	0.03425	0.00080961	0.010193
Beam_68	15122	0.031422	0.0043075	0.012713
Beam_68	15156	0.031422	0.0043075	0.01404
Beam_68	15131	0.037096	0.0057968	0.013992
Beam_68	15106	0.029514	0.0048068	0.01315
Beam_68	24728	0.02	0.0078019	0.016231
Beam_68	15116	0.021888	0.0028053	0.011346
Beam_68	15155	0.037097	0.0057968	0.015288
Beam_68	15182	0.025705	0.004799	0.01446
Beam_68	15179	0.031088	0.0052198	0.014813
Beam_68	15174	0.031092	0.0033853	0.013232
Beam_68	15137	0.021574	0.0017229	0.010308
Beam_68	15120	0.035215	0.003315	0.011819
Beam_68	15164	0.035215	0.0033151	0.013169
Beam_68	24730	0.0295	0.0078019	0.016231
Beam_68	15102	0.035834	0.0064654	0.014543
Beam_68	15159	0.024766	0.0060492	0.015493
Beam_68	15148	0.026328	0.0029706	0.012858
Beam_68	15134	0.026328	0.0029705	0.0115
Beam_68	15125	0.024766	0.0060491	0.014202
Beam_68	15112	0.031092	0.0033852	0.011883
Beam_68	15105	0.031088	0.0052198	0.013505
Beam_68	15114	0.025686	0.0038021	0.012262
Beam_68	15176	0.035834	0.0064655	0.015826
Beam_68	15151	0.021574	0.0017229	0.011699
Beam_68	15171	0.035839	0.0021395	0.012092
Beam_68	15166	0.025686	0.0038021	0.013601
Beam_68	15136	0.023161	0.0021394	0.010713
Beam_68	15124	0.026347	0.0056355	0.013857
Beam_68	15158	0.026347	0.0056356	0.015156
Beam_68	15161	0.021593	0.0068797	0.016152
Beam_68	15098	0.025706	0.0047989	0.013143
Beam_68	15127	0.021593	0.0068796	0.014877
Beam_68	15162	0.029514	0.0048068	0.014466
Beam_68	15109	0.035839	0.0021394	0.010713
Beam_68	15150	0.023161	0.0021395	0.012092
Beam_68	15119	0.037116	0.0028175	0.011357
Beam_68	15168	0.021888	0.0028054	0.012708
Beam_68	24727	0.039	0.0078019	0.016231
Beam_68	15126	0.023176	0.0064654	0.014543
Beam_68	15110	0.034262	0.0025533	0.011108
Beam_68	15165	0.033326	0.0038092	0.013607
Beam_68	15172	0.034262	0.0025534	0.012477
Beam_68	15121	0.033327	0.0038091	0.012268
Beam_68	15177	0.034248	0.0060492	0.015493
Beam_68	15097	0.023801	0.0052989	0.013573
Beam_68	15103	0.034248	0.0060491	0.014202
Beam_68	24731	0.02475	0.0078019	0.016231
Beam_68	15175	0.037412	0.0068797	0.016152
Beam_68	15099	0.027595	0.0043031	0.012709
Beam_68	15149	0.024738	0.0025534	0.012477
Beam_68	15180	0.021908	0.0057957	0.015287
Beam_68	15108	0.037426	0.0017229	0.010308
Beam_68	15169	0.027595	0.0043031	0.014037
Beam_68	15152	0.0295	0.0038031	0.013602
Beam_68	24729	0.03425	0.0078019	0.016231
Beam_68	15115	0.023794	0.0033054	0.01181
Beam_68	15167	0.023794	0.0033055	0.01316
Beam_68	15135	0.024738	0.0025533	0.011108
Beam_68	15104	0.032672	0.0056355	0.013857
Beam_68	15181	0.0238	0.0052989	0.014879
Beam_68	15130	0.035208	0.0053011	0.013575
Beam_68	15163	0.037116	0.0028176	0.012719
Beam_68	15113	0.0295	0.0038031	0.012263
Beam_68	15160	0.023175	0.0064655	0.015826
Beam_68	15157	0.027936	0.0052198	0.014813
Beam_68	15123	0.027936	0.0052198	0.013505
Beam_68	15129	0.033307	0.0048023	0.013146
Beam_68	15096	0.021908	0.0057957	0.013991
Beam_68	15153	0.033307	0.0048023	0.014463
Beam_68	15133	0.027908	0.0033852	0.011883
Beam_68	15101	0.037412	0.0068796	0.014877
Beam_68	15170	0.037426	0.0017229	0.011699
Beam_68	15147	0.027908	0.0033853	0.013232
Beam_68	15111	0.032672	0.0029705	0.0115
Beam_68	15173	0.032672	0.0029706	0.012858
Beam_68	15178	0.032672	0.0056356	0.015156
Beam_68	15154	0.035208	0.0053012	0.014881
Beam_122	16734	0.037099	0.012798	0.020306
Beam_122	16669	0.037113	0.0098184	0.017103
Beam_122	16685	0.029514	0.011807	0.018476
Beam_122	16707	0.025689	0.010803	0.019007
Beam_122	16708	0.023795	0.010306	0.018668
Beam_122	16677	0.027114	0.010177	0.017358
Beam_122	16712	0.023799	0.012299	0.01999
Beam_122	16695	0.025689	0.010803	0.017796
Beam_122	16717	0.029514	0.011807	0.019673
Beam_122	16724	0.0295	0.010803	0.019007
Beam_122	16696	0.023795	0.010306	0.017449
Beam_122	16682	0.036619	0.013672	0.019672
Beam_122	16693	0.025703	0.0118	0.018471
Beam_122	16730	0.033323	0.01081	0.019011
Beam_122	16727	0.031886	0.010177	0.018579
Beam_122	16718	0.036619	0.013672	0.020845
Beam_122	16732	0.03331	0.011803	0.01967
Beam_122	16711	0.021905	0.012796	0.020305
Beam_122	24694	0.0295	0.014802	0.020937
Beam_122	24695	0.02475	0.014802	0.020937
Beam_122	16666	0.037099	0.012798	0.019122
Beam_122	16676	0.0295	0.010803	0.017796
Beam_122	24692	0.02	0.014802	0.020937
Beam_122	16664	0.03331	0.011803	0.018473
Beam_122	16725	0.036637	0.0089301	0.017696
Beam_122	16691	0.021905	0.012796	0.019121
Beam_122	16673	0.036637	0.00893	0.016456
Beam_122	16728	0.037112	0.0098185	0.018329
Beam_122	16731	0.031422	0.011308	0.019345
Beam_122	16678	0.024746	0.0095555	0.016914
Beam_122	16671	0.033323	0.01081	0.017801
Beam_122	24693	0.03425	0.014802	0.020937
Beam_122	16692	0.023799	0.012299	0.0188
Beam_122	16721	0.027114	0.010177	0.018579
Beam_122	16663	0.031422	0.011308	0.018141
Beam_122	16722	0.024747	0.0095555	0.018144
Beam_122	16720	0.031876	0.012427	0.020072
Beam_122	16694	0.027595	0.011303	0.018138
Beam_122	16697	0.021892	0.0098062	0.017095
Beam_122	16723	0.022363	0.0089301	0.017696
Beam_122	16709	0.021892	0.0098063	0.01832
Beam_122	16710	0.027595	0.011303	0.019342
Beam_122	16670	0.035213	0.010315	0.017456
Beam_122	16714	0.027145	0.012427	0.020072
Beam_122	16733	0.035209	0.012301	0.019992
Beam_122	16674	0.034254	0.0095555	0.016914
Beam_122	16684	0.031876	0.012427	0.018883
Beam_122	16719	0.034254	0.013051	0.020464
Beam_122	16687	0.02476	0.013051	0.019283
Beam_122	16665	0.035209	0.012301	0.018801
Beam_122	16683	0.034254	0.013051	0.019283
Beam_122	16686	0.027145	0.012427	0.018883
Beam_122	16729	0.035213	0.010316	0.018674
Beam_122	16716	0.022388	0.013672	0.020845
Beam_122	16675	0.031886	0.010177	0.017358
Beam_122	16726	0.034253	0.0095555	0.018144
Beam_122	16679	0.022363	0.00893	0.016456
Beam_122	16713	0.025703	0.0118	0.019668
Beam_122	16715	0.02476	0.013051	0.020464
Beam_122	24691	0.039	0.014802	0.020937
Beam_122	16688	0.022388	0.013672	0.019672
Beam_176	18022	0.034252	0.016556	0.022504
Beam_176	18005	0.021894	0.016807	0.02264
Beam_176	17966	0.035212	0.017316	0.021778
Beam_176	17973	0.027117	0.017178	0.021704
Beam_176	17972	0.0295	0.017803	0.022038
Beam_176	18030	0.037101	0.019798	0.02416
Beam_176	17962	0.037101	0.019798	0.023049
Beam_176	18017	0.027117	0.017178	0.022838
Beam_176	17989	0.025701	0.0188	0.022553
Beam_176	18007	0.021903	0.019797	0.024159
Beam_176	18025	0.035212	0.017316	0.022911
Beam_176	17990	0.027595	0.018303	0.022299
Beam_176	18012	0.022385	0.020672	0.02457
Beam_176	24676	0.0295	0.021802	0.024532
Beam_176	18024	0.03711	0.016819	0.022646
Beam_176	18010	0.027142	0.019427	0.023981
Beam_176	17982	0.027142	0.019427	0.022867
Beam_176	17960	0.033312	0.018804	0.022555
Beam_176	18028	0.033312	0.018804	0.023674
Beam_176	17961	0.03521	0.019302	0.022805
Beam_176	18013	0.029514	0.018807	0.023676
Beam_176	18009	0.025701	0.0188	0.023673
Beam_176	17980	0.031879	0.019427	0.022867
Beam_176	18026	0.033321	0.017811	0.02317
Beam_176	24674	0.02	0.021802	0.024532
Beam_176	17987	0.021903	0.019797	0.023049
Beam_176	17967	0.033321	0.017811	0.022042
Beam_176	17988	0.023799	0.019299	0.022804
Beam_176	18008	0.023799	0.019299	0.023919
Beam_176	24673	0.039	0.021802	0.024532
Beam_176	18016	0.031879	0.019427	0.023981
Beam_176	18023	0.031883	0.017178	0.022838
Beam_176	17965	0.03711	0.016819	0.021508
Beam_176	17992	0.023796	0.017306	0.021773
Beam_176	17991	0.025691	0.017804	0.022038
Beam_176	18029	0.03521	0.019302	0.02392
Beam_176	17981	0.029514	0.018807	0.022557
Beam_176	18006	0.027595	0.018303	0.023423
Beam_176	17974	0.024748	0.016556	0.021363
Beam_176	18015	0.034255	0.020051	0.02428
Beam_176	17979	0.034255	0.020051	0.023172
Beam_176	18018	0.024748	0.016556	0.022504
Beam_176	18019	0.022367	0.015931	0.02216
Beam_176	18014	0.036622	0.020672	0.02457
Beam_176	17983	0.024759	0.020051	0.023172
Beam_176	17978	0.036622	0.020672	0.023467
Beam_176	17993	0.021894	0.016807	0.021502
Beam_176	24677	0.02475	0.021802	0.024532
Beam_176	17984	0.022385	0.020672	0.023467
Beam_176	17970	0.034252	0.016556	0.021363
Beam_176	18020	0.0295	0.017803	0.023166
Beam_176	18027	0.031422	0.018308	0.023425
Beam_176	17975	0.022367	0.015931	0.021013
Beam_176	17959	0.031422	0.018308	0.022301
Beam_176	18003	0.025691	0.017804	0.023166
Beam_176	18011	0.024759	0.020051	0.02428
Beam_176	24675	0.03425	0.021802	0.024532
Beam_176	18021	0.036633	0.015931	0.02216
Beam_176	17969	0.036633	0.015931	0.021013
Beam_176	17971	0.031883	0.017178	0.021704
Beam_176	18004	0.023796	0.017306	0.022906
Beam_338	21903	0.035211	0.040302	0.030335
Beam_338	24596	0.02475	0.042803	0.030136
Beam_338	21880	0.024749	0.037556	0.028879
Beam_338	24592	0.039	0.042803	0.030136
Beam_338	21873	0.033318	0.038811	0.029097
Beam_338	21857	0.0219	0.040798	0.029394
Beam_338	21909	0.0219	0.040798	0.030403
Beam_338	21862	0.023797	0.038306	0.029012
Beam_338	21851	0.029514	0.039807	0.029253
Beam_338	21871	0.037107	0.03782	0.028927
Beam_338	21881	0.022373	0.036932	0.028762
Beam_338	21900	0.033318	0.038811	0.03011
Beam_338	21892	0.024749	0.037556	0.029895
Beam_338	24594	0.03425	0.042803	0.030136
Beam_338	21858	0.023798	0.0403	0.029325
Beam_338	21860	0.027595	0.039303	0.029176
Beam_338	21896	0.034251	0.037556	0.029895
Beam_338	21863	0.021897	0.037808	0.028924
Beam_338	21866	0.033315	0.039804	0.029253
Beam_338	21910	0.023798	0.0403	0.030335
Beam_338	21849	0.034257	0.041051	0.029427
Beam_338	21902	0.033315	0.039804	0.030264
Beam_338	21878	0.0295	0.038803	0.029096
Beam_338	21915	0.029514	0.039807	0.030264
Beam_338	21894	0.0295	0.038803	0.030109
Beam_338	21908	0.027595	0.039303	0.030188
Beam_338	21876	0.034251	0.037556	0.028879
Beam_338	21906	0.023797	0.038306	0.030027
Beam_338	21898	0.037107	0.03782	0.029942
Beam_338	21913	0.024757	0.041051	0.030436
Beam_338	21897	0.031877	0.038179	0.030005
Beam_338	21916	0.036627	0.041674	0.030513
Beam_338	21850	0.031884	0.040429	0.029343
Beam_338	21875	0.036627	0.036932	0.028762
Beam_338	21853	0.024757	0.041051	0.029427
Beam_338	21895	0.036627	0.036932	0.02978
Beam_338	21914	0.02238	0.041674	0.030513
Beam_338	21893	0.022373	0.036932	0.02978
Beam_338	21848	0.036627	0.041674	0.029506
Beam_338	24593	0.02	0.042803	0.030136
Beam_338	21899	0.035211	0.038316	0.030028
Beam_338	21854	0.02238	0.041674	0.029506
Beam_338	21918	0.031884	0.040429	0.030353
Beam_338	21865	0.031422	0.039308	0.029177
Beam_338	21877	0.031877	0.038179	0.02899
Beam_338	24595	0.0295	0.042803	0.030136
Beam_338	21872	0.035211	0.038316	0.029014
Beam_338	21861	0.025695	0.038804	0.029096
Beam_338	21901	0.031422	0.039308	0.030189
Beam_338	21868	0.037104	0.040799	0.029394
Beam_338	21917	0.034257	0.041051	0.030436
Beam_338	21904	0.037104	0.040799	0.030403
Beam_338	21907	0.021897	0.037808	0.02994
Beam_338	21879	0.027123	0.038179	0.02899
Beam_338	21891	0.027123	0.038179	0.030005
Beam_338	21859	0.025697	0.039801	0.029252
Beam_338	21852	0.027137	0.040429	0.029343
Beam_338	21911	0.025697	0.039801	0.030263
Beam_338	21912	0.027137	0.040429	0.030353
Beam_338	21905	0.025695	0.038804	0.030109
Beam_338	21867	0.035211	0.040302	0.029325
Beam_230	19324	0.033313	0.025804	0.026695
Beam_230	19261	0.037109	0.023819	0.02485
Beam_230	19312	0.031881	0.026428	0.026922
Beam_230	19276	0.031881	0.026428	0.025859
Beam_230	19311	0.034256	0.027051	0.027142
Beam_230	19275	0.034256	0.027051	0.026082
Beam_230	19318	0.034251	0.023556	0.025823
Beam_230	19266	0.034251	0.023556	0.024742
Beam_230	19267	0.03188	0.024178	0.024996
Beam_230	19286	0.027595	0.025303	0.025439
Beam_230	19302	0.027595	0.025303	0.026509
Beam_230	19263	0.03332	0.024811	0.025248
Beam_230	19322	0.03332	0.024811	0.026321
Beam_230	19316	0.0295	0.024803	0.026318
Beam_230	19268	0.0295	0.024803	0.025245
Beam_230	19256	0.033313	0.025804	0.025629
Beam_230	24648	0.03425	0.028803	0.027198
Beam_230	19319	0.03188	0.024178	0.026074
Beam_230	19257	0.03521	0.026302	0.025813
Beam_230	19325	0.03521	0.026302	0.026877
Beam_230	19320	0.037109	0.023819	0.02593
Beam_230	19326	0.037103	0.026798	0.027053
Beam_230	19323	0.031422	0.025308	0.02651
Beam_230	19258	0.037103	0.026798	0.025992
Beam_230	19255	0.031422	0.025308	0.025441
Beam_230	19269	0.02712	0.024178	0.024996
Beam_230	19313	0.02712	0.024178	0.026074
Beam_230	19265	0.036631	0.022932	0.024479
Beam_230	19317	0.036631	0.022932	0.025565
Beam_230	19274	0.036624	0.027673	0.026298
Beam_230	19310	0.036624	0.027673	0.027354
Beam_230	19321	0.035212	0.024316	0.026128
Beam_230	19262	0.035212	0.024316	0.025052
Beam_230	19278	0.02714	0.026428	0.025859
Beam_230	24649	0.0295	0.028803	0.027198
Beam_230	19309	0.029514	0.025807	0.026696
Beam_230	19306	0.02714	0.026428	0.026922
Beam_230	19277	0.029514	0.025807	0.02563
Beam_230	24646	0.039	0.028803	0.027198
Beam_230	19307	0.024758	0.027051	0.027142
Beam_230	19279	0.024758	0.027051	0.026082
Beam_230	24647	0.02	0.028803	0.027198
Beam_230	24650	0.02475	0.028803	0.027198
Beam_230	19301	0.021895	0.023807	0.025925
Beam_230	19289	0.021895	0.023807	0.024845
Beam_230	19314	0.024749	0.023556	0.025823
Beam_230	19270	0.024749	0.023556	0.024742
Beam_230	19299	0.025693	0.024804	0.026318
Beam_230	19284	0.023798	0.0263	0.025812
Beam_230	19304	0.023798	0.0263	0.026876
Beam_230	19303	0.021902	0.026797	0.027053
Beam_230	19288	0.023797	0.024306	0.025048
Beam_230	19283	0.021902	0.026797	0.025992
Beam_230	19300	0.023797	0.024306	0.026124
Beam_230	19287	0.025693	0.024804	0.025245
Beam_230	19271	0.022369	0.022932	0.024479
Beam_230	19305	0.025699	0.025801	0.026694
Beam_230	19280	0.022383	0.027673	0.026298
Beam_230	19285	0.025699	0.025801	0.025627
Beam_230	19315	0.022369	0.022932	0.025565
Beam_230	19308	0.022383	0.027673	0.027354
Beam_392	23204	0.027595	0.046303	0.030913
Beam_392	23177	0.02475	0.044556	0.029795
Beam_392	23213	0.034257	0.048052	0.030983
Beam_392	23145	0.034257	0.048052	0.029983
Beam_392	23182	0.02475	0.044556	0.030798
Beam_392	23168	0.035211	0.045316	0.029851
Beam_392	23163	0.035211	0.047302	0.029957
Beam_392	23208	0.027136	0.047429	0.030963
Beam_392	23148	0.027136	0.047429	0.029962
Beam_392	23193	0.031876	0.04518	0.030844
Beam_392	23195	0.035211	0.045316	0.030853
Beam_392	23199	0.035211	0.047302	0.030958
Beam_392	23209	0.024757	0.048052	0.030983
Beam_392	23149	0.024757	0.048052	0.029983
Beam_392	23147	0.029514	0.046807	0.029936
Beam_392	23183	0.022374	0.043933	0.030747
Beam_392	24566	0.02	0.049803	0.030509
Beam_392	23171	0.036626	0.043933	0.029743
Beam_392	23191	0.036626	0.043933	0.030747
Beam_392	23144	0.036628	0.048674	0.029997
Beam_392	23212	0.036628	0.048674	0.030998
Beam_392	23176	0.027124	0.04518	0.029842
Beam_392	23181	0.027124	0.04518	0.030844
Beam_392	23178	0.022374	0.043933	0.029743
Beam_392	23211	0.029514	0.046807	0.030937
Beam_392	23156	0.027595	0.046303	0.029911
Beam_392	23150	0.022379	0.048674	0.029997
Beam_392	23146	0.031885	0.047429	0.029962
Beam_392	23214	0.031885	0.047429	0.030963
Beam_392	23174	0.0295	0.045803	0.029882
Beam_392	23158	0.023797	0.045306	0.02985
Beam_392	23173	0.031876	0.04518	0.029842
Beam_392	23202	0.023797	0.045306	0.030853
Beam_392	24568	0.0295	0.049803	0.030509
Beam_392	23184	0.0295	0.045803	0.030884
Beam_392	23206	0.023798	0.0473	0.030958
Beam_392	23161	0.031422	0.046308	0.029911
Beam_392	23198	0.033316	0.046805	0.030937
Beam_392	23162	0.033316	0.046805	0.029936
Beam_392	23196	0.033317	0.045812	0.030885
Beam_392	23169	0.033317	0.045812	0.029883
Beam_392	23154	0.023798	0.0473	0.029957
Beam_392	23205	0.021899	0.047798	0.030976
Beam_392	23197	0.031422	0.046308	0.030913
Beam_392	23159	0.021898	0.044808	0.029815
Beam_392	23203	0.021898	0.044808	0.030817
Beam_392	23192	0.03425	0.044556	0.030798
Beam_392	23172	0.03425	0.044556	0.029795
Beam_392	24565	0.039	0.049803	0.030509
Beam_392	23210	0.022379	0.048674	0.030998
Beam_392	24569	0.02475	0.049803	0.030509
Beam_392	23153	0.021899	0.047798	0.029975
Beam_392	24567	0.03425	0.049803	0.030509
Beam_392	23201	0.025696	0.045805	0.030884
Beam_392	23167	0.037106	0.04482	0.029816
Beam_392	23164	0.037105	0.047799	0.029975
Beam_392	23157	0.025696	0.045805	0.029883
Beam_392	23207	0.025697	0.046801	0.030937
Beam_392	23194	0.037106	0.04482	0.030818
Beam_392	23155	0.025697	0.046801	0.029936
Beam_392	23200	0.037105	0.047799	0.030976
Beam_284	20611	0.021896	0.030808	0.028328
Beam_284	20566	0.023797	0.031306	0.02743
Beam_284	24614	0.02475	0.035803	0.029044
Beam_284	20575	0.037108	0.03082	0.027291
Beam_284	20567	0.021896	0.030808	0.027287
Beam_284	20612	0.027595	0.032303	0.028736
Beam_284	20613	0.021901	0.033798	0.029109
Beam_284	20584	0.024749	0.030556	0.027214
Beam_284	24612	0.03425	0.035803	0.029044
Beam_284	20620	0.036626	0.034673	0.029312
Beam_284	20572	0.037104	0.033799	0.028081
Beam_284	20552	0.036626	0.034673	0.028286
Beam_284	20561	0.021901	0.033798	0.028081
Beam_284	24611	0.02	0.035803	0.029044
Beam_284	20603	0.035212	0.031316	0.028471
Beam_284	20556	0.027139	0.033428	0.027991
Beam_284	20557	0.024758	0.034051	0.028142
Beam_284	20602	0.037108	0.03082	0.028331
Beam_284	20576	0.035212	0.031316	0.027432
Beam_284	20562	0.023798	0.0333	0.027959
Beam_284	20577	0.033319	0.031811	0.02757
Beam_284	20601	0.031879	0.031179	0.028432
Beam_284	20604	0.033319	0.031811	0.028606
Beam_284	20581	0.031879	0.031179	0.027394
Beam_284	20615	0.025698	0.032801	0.028864
Beam_284	20622	0.031882	0.033428	0.02902
Beam_284	20554	0.031882	0.033428	0.027991
Beam_284	20608	0.037104	0.033799	0.02911
Beam_284	20607	0.035211	0.033302	0.028989
Beam_284	20617	0.024758	0.034051	0.029169
Beam_284	20563	0.025698	0.032801	0.027832
Beam_284	20616	0.027139	0.033428	0.02902
Beam_284	20564	0.027595	0.032303	0.027702
Beam_284	20598	0.0295	0.031803	0.028604
Beam_284	20583	0.027121	0.031179	0.027394
Beam_284	20606	0.033314	0.032804	0.028865
Beam_284	20595	0.027121	0.031179	0.028432
Beam_284	20571	0.035211	0.033302	0.027959
Beam_284	20614	0.023798	0.0333	0.028989
Beam_284	24613	0.0295	0.035803	0.029044
Beam_284	20600	0.034251	0.030556	0.028256
Beam_284	20553	0.034256	0.034051	0.028142
Beam_284	20609	0.025694	0.031804	0.028604
Beam_284	20580	0.034251	0.030556	0.027214
Beam_284	20619	0.029514	0.032807	0.028866
Beam_284	24610	0.039	0.035803	0.029044
Beam_284	20555	0.029514	0.032807	0.027834
Beam_284	20565	0.025694	0.031804	0.027568
Beam_284	20582	0.0295	0.031803	0.027567
Beam_284	20610	0.023797	0.031306	0.028468
Beam_284	20599	0.036629	0.029932	0.028072
Beam_284	20605	0.031422	0.032308	0.028737
Beam_284	20618	0.022381	0.034673	0.029312
Beam_284	20570	0.033314	0.032804	0.027833
Beam_284	20597	0.022371	0.029932	0.028072
Beam_284	20579	0.036629	0.029932	0.027027
Beam_284	20585	0.022371	0.029932	0.027027
Beam_284	20558	0.022381	0.034673	0.028286
Beam_284	20621	0.034256	0.034051	0.029169
Beam_284	20596	0.024749	0.030556	0.028256
Beam_284	20569	0.031422	0.032308	0.027703
Beam_3	24764	0.04	0.00080961	0.010193
Beam_3	24763	0.059	0.00080961	0.010193
Beam_3	24765	0.05425	0.00080961	0.010193
Beam_3	24766	0.0495	0.00080961	0.010193
Beam_3	24767	0.04475	0.00080961	0.010193
Beam_71	15252	0.043794	0.0033055	0.01316
Beam_71	15256	0.055834	0.0064655	0.015826
Beam_71	15208	0.043794	0.0033054	0.01181
Beam_71	15202	0.055834	0.0064654	0.014543
Beam_71	15248	0.043175	0.0064655	0.015826
Beam_71	15214	0.043176	0.0064654	0.014543
Beam_71	15187	0.052672	0.0029705	0.0115
Beam_71	15267	0.055839	0.0021395	0.012092
Beam_71	15209	0.041888	0.0028053	0.011346
Beam_71	15253	0.041888	0.0028054	0.012708
Beam_71	24722	0.04475	0.0078019	0.016231
Beam_71	15191	0.053307	0.0048023	0.013146
Beam_71	15223	0.044738	0.0025533	0.011108
Beam_71	15237	0.044738	0.0025534	0.012477
Beam_71	15197	0.043801	0.0052989	0.013573
Beam_71	15263	0.053307	0.0048023	0.014463
Beam_71	15249	0.041593	0.0068797	0.016152
Beam_71	15261	0.0438	0.0052989	0.014879
Beam_71	15185	0.055839	0.0021394	0.010713
Beam_71	15269	0.052672	0.0029706	0.012858
Beam_71	15204	0.052672	0.0056355	0.013857
Beam_71	15258	0.052672	0.0056356	0.015156
Beam_71	15213	0.044766	0.0060491	0.014202
Beam_71	15247	0.044766	0.0060492	0.015493
Beam_71	15251	0.045686	0.0038021	0.013601
Beam_71	15207	0.045686	0.0038021	0.012262
Beam_71	15193	0.057096	0.0057968	0.013992
Beam_71	15265	0.057097	0.0057968	0.015288
Beam_71	15239	0.041574	0.0017229	0.011699
Beam_71	15264	0.055208	0.0053012	0.014881
Beam_71	15215	0.041593	0.0068796	0.014877
Beam_71	15219	0.055215	0.003315	0.011819
Beam_71	15198	0.045706	0.0047989	0.013143
Beam_71	15192	0.055208	0.0053011	0.013575
Beam_71	15257	0.054248	0.0060492	0.015493
Beam_71	15188	0.051092	0.0033852	0.011883
Beam_71	15259	0.051088	0.0052198	0.014813
Beam_71	15199	0.047595	0.0043031	0.012709
Beam_71	15205	0.051088	0.0052198	0.013505
Beam_71	15254	0.047595	0.0043031	0.014037
Beam_71	15218	0.057116	0.0028175	0.011357
Beam_71	15221	0.047908	0.0033852	0.011883
Beam_71	15196	0.041908	0.0057957	0.013991
Beam_71	15235	0.047908	0.0033853	0.013232
Beam_71	15241	0.057116	0.0028176	0.012719
Beam_71	15260	0.041908	0.0057957	0.015287
Beam_71	15268	0.054262	0.0025534	0.012477
Beam_71	15186	0.054262	0.0025533	0.011108
Beam_71	15211	0.047936	0.0052198	0.013505
Beam_71	15245	0.047936	0.0052198	0.014813
Beam_71	15250	0.049514	0.0048068	0.014466
Beam_71	15255	0.057412	0.0068797	0.016152
Beam_71	15201	0.057412	0.0068796	0.014877
Beam_71	15184	0.057426	0.0017229	0.010308
Beam_71	15266	0.057426	0.0017229	0.011699
Beam_71	15189	0.0495	0.0038031	0.012263
Beam_71	15240	0.0495	0.0038031	0.013602
Beam_71	24718	0.059	0.0078019	0.016231
Beam_71	24720	0.05425	0.0078019	0.016231
Beam_71	24721	0.0495	0.0078019	0.016231
Beam_71	15206	0.049514	0.0048068	0.01315
Beam_71	15242	0.055215	0.0033151	0.013169
Beam_71	15203	0.054248	0.0060491	0.014202
Beam_71	15270	0.051092	0.0033853	0.013232
Beam_71	15225	0.041574	0.0017229	0.010308
Beam_71	15212	0.046347	0.0056355	0.013857
Beam_71	15190	0.051422	0.0043075	0.012713
Beam_71	15244	0.051422	0.0043075	0.01404
Beam_71	15236	0.046328	0.0029706	0.012858
Beam_71	15222	0.046328	0.0029705	0.0115
Beam_71	15262	0.045705	0.004799	0.01446
Beam_71	15243	0.053326	0.0038092	0.013607
Beam_71	15246	0.046347	0.0056356	0.015156
Beam_71	15220	0.053327	0.0038091	0.012268
Beam_71	24719	0.04	0.0078019	0.016231
Beam_71	15238	0.043161	0.0021395	0.012092
Beam_71	15224	0.043161	0.0021394	0.010713
Beam_125	16792	0.051876	0.012427	0.020072
Beam_125	16765	0.045703	0.0118	0.018471
Beam_125	16757	0.049514	0.011807	0.018476
Beam_125	16755	0.054254	0.013051	0.019283
Beam_125	16748	0.0495	0.010803	0.017796
Beam_125	24712	0.0495	0.014802	0.020937
Beam_125	24713	0.04475	0.014802	0.020937
Beam_125	16804	0.05331	0.011803	0.01967
Beam_125	16796	0.0495	0.010803	0.019007
Beam_125	16756	0.051876	0.012427	0.018883
Beam_125	16789	0.049514	0.011807	0.019673
Beam_125	16785	0.045703	0.0118	0.019668
Beam_125	24709	0.059	0.014802	0.020937
Beam_125	16800	0.057112	0.0098185	0.018329
Beam_125	16793	0.047114	0.010177	0.018579
Beam_125	16749	0.047114	0.010177	0.017358
Beam_125	16766	0.047595	0.011303	0.018138
Beam_125	16782	0.047595	0.011303	0.019342
Beam_125	16797	0.056637	0.0089301	0.017696
Beam_125	16798	0.054253	0.0095555	0.018144
Beam_125	16745	0.056637	0.00893	0.016456
Beam_125	16799	0.051886	0.010177	0.018579
Beam_125	16767	0.045689	0.010803	0.017796
Beam_125	16747	0.051886	0.010177	0.017358
Beam_125	16779	0.045689	0.010803	0.019007
Beam_125	16738	0.057099	0.012798	0.019122
Beam_125	16806	0.057099	0.012798	0.020306
Beam_125	16805	0.055209	0.012301	0.019992
Beam_125	16737	0.055209	0.012301	0.018801
Beam_125	16759	0.04476	0.013051	0.019283
Beam_125	16787	0.04476	0.013051	0.020464
Beam_125	16758	0.047145	0.012427	0.018883
Beam_125	16741	0.057113	0.0098184	0.017103
Beam_125	16786	0.047145	0.012427	0.020072
Beam_125	16735	0.051422	0.011308	0.018141
Beam_125	24710	0.04	0.014802	0.020937
Beam_125	16803	0.051422	0.011308	0.019345
Beam_125	16791	0.054254	0.013051	0.020464
Beam_125	16736	0.05331	0.011803	0.018473
Beam_125	16746	0.054254	0.0095555	0.016914
Beam_125	16742	0.055213	0.010315	0.017456
Beam_125	16783	0.041905	0.012796	0.020305
Beam_125	16784	0.043799	0.012299	0.01999
Beam_125	16750	0.044746	0.0095555	0.016914
Beam_125	16760	0.042388	0.013672	0.019672
Beam_125	16788	0.042388	0.013672	0.020845
Beam_125	16769	0.041892	0.0098062	0.017095
Beam_125	16751	0.042363	0.00893	0.016456
Beam_125	16790	0.056619	0.013672	0.020845
Beam_125	16795	0.042363	0.0089301	0.017696
Beam_125	16794	0.044747	0.0095555	0.018144
Beam_125	24711	0.05425	0.014802	0.020937
Beam_125	16802	0.053323	0.01081	0.019011
Beam_125	16764	0.043799	0.012299	0.0188
Beam_125	16781	0.041892	0.0098063	0.01832
Beam_125	16754	0.056619	0.013672	0.019672
Beam_125	16780	0.043795	0.010306	0.018668
Beam_125	16768	0.043795	0.010306	0.017449
Beam_125	16763	0.041905	0.012796	0.019121
Beam_125	16743	0.053323	0.01081	0.017801
Beam_125	16801	0.055213	0.010316	0.018674
Beam_179	18031	0.051422	0.018308	0.022301
Beam_179	18075	0.045691	0.017804	0.023166
Beam_179	18077	0.041894	0.016807	0.02264
Beam_179	18054	0.047142	0.019427	0.022867
Beam_179	18041	0.056633	0.015931	0.021013
Beam_179	18060	0.043799	0.019299	0.022804
Beam_179	18083	0.044759	0.020051	0.02428
Beam_179	18055	0.044759	0.020051	0.023172
Beam_179	18097	0.055212	0.017316	0.022911
Beam_179	18082	0.047142	0.019427	0.023981
Beam_179	18099	0.051422	0.018308	0.023425
Beam_179	18095	0.051883	0.017178	0.022838
Beam_179	18087	0.054255	0.020051	0.02428
Beam_179	18102	0.057101	0.019798	0.02416
Beam_179	18088	0.051879	0.019427	0.023981
Beam_179	18034	0.057101	0.019798	0.023049
Beam_179	18052	0.051879	0.019427	0.022867
Beam_179	18076	0.043796	0.017306	0.022906
Beam_179	18064	0.043796	0.017306	0.021773
Beam_179	18061	0.045701	0.0188	0.022553
Beam_179	18081	0.045701	0.0188	0.023673
Beam_179	18033	0.05521	0.019302	0.022805
Beam_179	18063	0.045691	0.017804	0.022038
Beam_179	18098	0.053321	0.017811	0.02317
Beam_179	18056	0.042385	0.020672	0.023467
Beam_179	18039	0.053321	0.017811	0.022042
Beam_179	18084	0.042385	0.020672	0.02457
Beam_179	18043	0.051883	0.017178	0.021704
Beam_179	18089	0.047117	0.017178	0.022838
Beam_179	18096	0.05711	0.016819	0.022646
Beam_179	18045	0.047117	0.017178	0.021704
Beam_179	18051	0.054255	0.020051	0.023172
Beam_179	18038	0.055212	0.017316	0.021778
Beam_179	18065	0.041894	0.016807	0.021502
Beam_179	18037	0.05711	0.016819	0.021508
Beam_179	18093	0.056633	0.015931	0.02216
Beam_179	18059	0.041903	0.019797	0.023049
Beam_179	24686	0.04475	0.021802	0.024532
Beam_179	18090	0.044748	0.016556	0.022504
Beam_179	18046	0.044748	0.016556	0.021363
Beam_179	24685	0.0495	0.021802	0.024532
Beam_179	18044	0.0495	0.017803	0.022038
Beam_179	18042	0.054252	0.016556	0.021363
Beam_179	18085	0.049514	0.018807	0.023676
Beam_179	18032	0.053312	0.018804	0.022555
Beam_179	18101	0.05521	0.019302	0.02392
Beam_179	18079	0.041903	0.019797	0.024159
Beam_179	18100	0.053312	0.018804	0.023674
Beam_179	18053	0.049514	0.018807	0.022557
Beam_179	24682	0.059	0.021802	0.024532
Beam_179	18092	0.0495	0.017803	0.023166
Beam_179	18050	0.056622	0.020672	0.023467
Beam_179	24684	0.05425	0.021802	0.024532
Beam_179	18062	0.047595	0.018303	0.022299
Beam_179	24683	0.04	0.021802	0.024532
Beam_179	18091	0.042367	0.015931	0.02216
Beam_179	18094	0.054252	0.016556	0.022504
Beam_179	18086	0.056622	0.020672	0.02457
Beam_179	18078	0.047595	0.018303	0.023423
Beam_179	18080	0.043799	0.019299	0.023919
Beam_179	18047	0.042367	0.015931	0.021013
Beam_341	21987	0.049514	0.039807	0.030264
Beam_341	21981	0.0419	0.040798	0.030403
Beam_341	21940	0.057104	0.040799	0.029394
Beam_341	21948	0.054251	0.037556	0.028879
Beam_341	21923	0.049514	0.039807	0.029253
Beam_341	21989	0.054257	0.041051	0.030436
Beam_341	21968	0.054251	0.037556	0.029895
Beam_341	21976	0.057104	0.040799	0.030403
Beam_341	24586	0.0495	0.042803	0.030136
Beam_341	21921	0.054257	0.041051	0.029427
Beam_341	21983	0.045697	0.039801	0.030263
Beam_341	21969	0.051877	0.038179	0.030005
Beam_341	21949	0.051877	0.038179	0.02899
Beam_341	21939	0.055211	0.040302	0.029325
Beam_341	21965	0.042373	0.036932	0.02978
Beam_341	24584	0.04	0.042803	0.030136
Beam_341	21950	0.0495	0.038803	0.029096
Beam_341	21932	0.047595	0.039303	0.029176
Beam_341	21953	0.042373	0.036932	0.028762
Beam_341	21926	0.04238	0.041674	0.029506
Beam_341	21924	0.047137	0.040429	0.029343
Beam_341	21984	0.047137	0.040429	0.030353
Beam_341	24585	0.05425	0.042803	0.030136
Beam_341	21986	0.04238	0.041674	0.030513
Beam_341	21970	0.057107	0.03782	0.029942
Beam_341	21973	0.051422	0.039308	0.030189
Beam_341	21929	0.0419	0.040798	0.029394
Beam_341	21943	0.057107	0.03782	0.028927
Beam_341	21951	0.047123	0.038179	0.02899
Beam_341	21963	0.047123	0.038179	0.030005
Beam_341	21944	0.055211	0.038316	0.029014
Beam_341	21971	0.055211	0.038316	0.030028
Beam_341	21937	0.051422	0.039308	0.029177
Beam_341	21980	0.047595	0.039303	0.030188
Beam_341	21952	0.044749	0.037556	0.028879
Beam_341	24583	0.059	0.042803	0.030136
Beam_341	21966	0.0495	0.038803	0.030109
Beam_341	21975	0.055211	0.040302	0.030335
Beam_341	21931	0.045697	0.039801	0.029252
Beam_341	21935	0.041897	0.037808	0.028924
Beam_341	21945	0.053318	0.038811	0.029097
Beam_341	21978	0.043797	0.038306	0.030027
Beam_341	21990	0.051884	0.040429	0.030353
Beam_341	21938	0.053315	0.039804	0.029253
Beam_341	21977	0.045695	0.038804	0.030109
Beam_341	21925	0.044757	0.041051	0.029427
Beam_341	21933	0.045695	0.038804	0.029096
Beam_341	21985	0.044757	0.041051	0.030436
Beam_341	21934	0.043797	0.038306	0.029012
Beam_341	24587	0.04475	0.042803	0.030136
Beam_341	21974	0.053315	0.039804	0.030264
Beam_341	21982	0.043798	0.0403	0.030335
Beam_341	21967	0.056627	0.036932	0.02978
Beam_341	21930	0.043798	0.0403	0.029325
Beam_341	21922	0.051884	0.040429	0.029343
Beam_341	21979	0.041897	0.037808	0.02994
Beam_341	21920	0.056627	0.041674	0.029506
Beam_341	21972	0.053318	0.038811	0.03011
Beam_341	21964	0.044749	0.037556	0.029895
Beam_341	21988	0.056627	0.041674	0.030513
Beam_341	21947	0.056627	0.036932	0.028762
Beam_233	19343	0.042369	0.022932	0.024479
Beam_233	19337	0.056631	0.022932	0.024479
Beam_233	19351	0.044758	0.027051	0.026082
Beam_233	19333	0.057109	0.023819	0.02485
Beam_233	19387	0.042369	0.022932	0.025565
Beam_233	19361	0.041895	0.023807	0.024845
Beam_233	19373	0.041895	0.023807	0.025925
Beam_233	19396	0.053313	0.025804	0.026695
Beam_233	19385	0.04712	0.024178	0.026074
Beam_233	19334	0.055212	0.024316	0.025052
Beam_233	24640	0.0495	0.028803	0.027198
Beam_233	19350	0.04714	0.026428	0.025859
Beam_233	19393	0.055212	0.024316	0.026128
Beam_233	19374	0.047595	0.025303	0.026509
Beam_233	19395	0.051422	0.025308	0.02651
Beam_233	24637	0.059	0.028803	0.027198
Beam_233	19382	0.056624	0.027673	0.027354
Beam_233	19376	0.043798	0.0263	0.026876
Beam_233	19358	0.047595	0.025303	0.025439
Beam_233	24638	0.04	0.028803	0.027198
Beam_233	19383	0.054256	0.027051	0.027142
Beam_233	19378	0.04714	0.026428	0.026922
Beam_233	19356	0.043798	0.0263	0.025812
Beam_233	19327	0.051422	0.025308	0.025441
Beam_233	19392	0.057109	0.023819	0.02593
Beam_233	19388	0.0495	0.024803	0.026318
Beam_233	19379	0.044758	0.027051	0.027142
Beam_233	19389	0.056631	0.022932	0.025565
Beam_233	19341	0.04712	0.024178	0.024996
Beam_233	19372	0.043797	0.024306	0.026124
Beam_233	19371	0.045693	0.024804	0.026318
Beam_233	19384	0.051881	0.026428	0.026922
Beam_233	19357	0.045699	0.025801	0.025627
Beam_233	24641	0.04475	0.028803	0.027198
Beam_233	19328	0.053313	0.025804	0.025629
Beam_233	19338	0.054251	0.023556	0.024742
Beam_233	24639	0.05425	0.028803	0.027198
Beam_233	19339	0.05188	0.024178	0.024996
Beam_233	19391	0.05188	0.024178	0.026074
Beam_233	19377	0.045699	0.025801	0.026694
Beam_233	19349	0.049514	0.025807	0.02563
Beam_233	19398	0.057103	0.026798	0.027053
Beam_233	19390	0.054251	0.023556	0.025823
Beam_233	19386	0.044749	0.023556	0.025823
Beam_233	19340	0.0495	0.024803	0.025245
Beam_233	19330	0.057103	0.026798	0.025992
Beam_233	19346	0.056624	0.027673	0.026298
Beam_233	19355	0.041902	0.026797	0.025992
Beam_233	19375	0.041902	0.026797	0.027053
Beam_233	19394	0.05332	0.024811	0.026321
Beam_233	19348	0.051881	0.026428	0.025859
Beam_233	19329	0.05521	0.026302	0.025813
Beam_233	19359	0.045693	0.024804	0.025245
Beam_233	19380	0.042383	0.027673	0.027354
Beam_233	19360	0.043797	0.024306	0.025048
Beam_233	19342	0.044749	0.023556	0.024742
Beam_233	19352	0.042383	0.027673	0.026298
Beam_233	19347	0.054256	0.027051	0.026082
Beam_233	19381	0.049514	0.025807	0.026696
Beam_233	19397	0.05521	0.026302	0.026877
Beam_233	19335	0.05332	0.024811	0.025248
Beam_395	23249	0.04475	0.044556	0.029795
Beam_395	23250	0.042374	0.043933	0.029743
Beam_395	24575	0.04	0.049803	0.030509
Beam_395	23283	0.049514	0.046807	0.030937
Beam_395	24577	0.0495	0.049803	0.030509
Beam_395	23284	0.056628	0.048674	0.030998
Beam_395	24578	0.04475	0.049803	0.030509
Beam_395	23254	0.04475	0.044556	0.030798
Beam_395	23264	0.05425	0.044556	0.030798
Beam_395	23271	0.055211	0.047302	0.030958
Beam_395	23240	0.055211	0.045316	0.029851
Beam_395	23221	0.044757	0.048052	0.029983
Beam_395	23285	0.054257	0.048052	0.030983
Beam_395	23228	0.047595	0.046303	0.029911
Beam_395	23276	0.047595	0.046303	0.030913
Beam_395	23216	0.056628	0.048674	0.029997
Beam_395	23281	0.044757	0.048052	0.030983
Beam_395	23235	0.055211	0.047302	0.029957
Beam_395	23255	0.042374	0.043933	0.030747
Beam_395	23280	0.047136	0.047429	0.030963
Beam_395	23246	0.0495	0.045803	0.029882
Beam_395	23282	0.042379	0.048674	0.030998
Beam_395	23256	0.0495	0.045803	0.030884
Beam_395	23239	0.057106	0.04482	0.029816
Beam_395	23236	0.057105	0.047799	0.029975
Beam_395	23272	0.057105	0.047799	0.030976
Beam_395	23243	0.056626	0.043933	0.029743
Beam_395	23231	0.041898	0.044808	0.029815
Beam_395	23268	0.053317	0.045812	0.030885
Beam_395	23230	0.043797	0.045306	0.02985
Beam_395	23277	0.041899	0.047798	0.030976
Beam_395	23274	0.043797	0.045306	0.030853
Beam_395	23241	0.053317	0.045812	0.029883
Beam_395	23245	0.051876	0.04518	0.029842
Beam_395	23275	0.041898	0.044808	0.030817
Beam_395	23263	0.056626	0.043933	0.030747
Beam_395	23265	0.051876	0.04518	0.030844
Beam_395	23229	0.045696	0.045805	0.029883
Beam_395	23273	0.045696	0.045805	0.030884
Beam_395	23279	0.045697	0.046801	0.030937
Beam_395	23227	0.045697	0.046801	0.029936
Beam_395	24574	0.059	0.049803	0.030509
Beam_395	23266	0.057106	0.04482	0.030818
Beam_395	24576	0.05425	0.049803	0.030509
Beam_395	23234	0.053316	0.046805	0.029936
Beam_395	23278	0.043798	0.0473	0.030958
Beam_395	23269	0.051422	0.046308	0.030913
Beam_395	23222	0.042379	0.048674	0.029997
Beam_395	23225	0.041899	0.047798	0.029975
Beam_395	23244	0.05425	0.044556	0.029795
Beam_395	23267	0.055211	0.045316	0.030853
Beam_395	23220	0.047136	0.047429	0.029962
Beam_395	23233	0.051422	0.046308	0.029911
Beam_395	23219	0.049514	0.046807	0.029936
Beam_395	23226	0.043798	0.0473	0.029957
Beam_395	23218	0.051885	0.047429	0.029962
Beam_395	23286	0.051885	0.047429	0.030963
Beam_395	23253	0.047124	0.04518	0.030844
Beam_395	23248	0.047124	0.04518	0.029842
Beam_395	23270	0.053316	0.046805	0.030937
Beam_395	23217	0.054257	0.048052	0.029983
Beam_287	20692	0.056626	0.034673	0.029312
Beam_287	20691	0.049514	0.032807	0.028866
Beam_287	24630	0.05425	0.035803	0.029044
Beam_287	24628	0.059	0.035803	0.029044
Beam_287	20624	0.056626	0.034673	0.028286
Beam_287	24631	0.0495	0.035803	0.029044
Beam_287	20685	0.041901	0.033798	0.029109
Beam_287	20656	0.044749	0.030556	0.027214
Beam_287	20633	0.041901	0.033798	0.028081
Beam_287	20627	0.049514	0.032807	0.027834
Beam_287	20653	0.051879	0.031179	0.027394
Beam_287	20639	0.041896	0.030808	0.027287
Beam_287	20693	0.054256	0.034051	0.029169
Beam_287	20690	0.042381	0.034673	0.029312
Beam_287	20675	0.055212	0.031316	0.028471
Beam_287	20648	0.055212	0.031316	0.027432
Beam_287	20641	0.051422	0.032308	0.027703
Beam_287	20682	0.043797	0.031306	0.028468
Beam_287	20655	0.047121	0.031179	0.027394
Beam_287	20667	0.047121	0.031179	0.028432
Beam_287	20677	0.051422	0.032308	0.028737
Beam_287	20681	0.045694	0.031804	0.028604
Beam_287	20637	0.045694	0.031804	0.027568
Beam_287	20626	0.051882	0.033428	0.027991
Beam_287	20644	0.057104	0.033799	0.028081
Beam_287	20694	0.051882	0.033428	0.02902
Beam_287	20680	0.057104	0.033799	0.02911
Beam_287	20649	0.053319	0.031811	0.02757
Beam_287	20638	0.043797	0.031306	0.02743
Beam_287	20687	0.045698	0.032801	0.028864
Beam_287	20635	0.045698	0.032801	0.027832
Beam_287	20676	0.053319	0.031811	0.028606
Beam_287	20673	0.051879	0.031179	0.028432
Beam_287	20630	0.042381	0.034673	0.028286
Beam_287	20686	0.043798	0.0333	0.028989
Beam_287	20628	0.047139	0.033428	0.027991
Beam_287	20688	0.047139	0.033428	0.02902
Beam_287	20671	0.056629	0.029932	0.028072
Beam_287	20643	0.055211	0.033302	0.027959
Beam_287	24632	0.04475	0.035803	0.029044
Beam_287	20679	0.055211	0.033302	0.028989
Beam_287	20651	0.056629	0.029932	0.027027
Beam_287	20672	0.054251	0.030556	0.028256
Beam_287	20654	0.0495	0.031803	0.027567
Beam_287	20670	0.0495	0.031803	0.028604
Beam_287	20625	0.054256	0.034051	0.028142
Beam_287	20652	0.054251	0.030556	0.027214
Beam_287	20683	0.041896	0.030808	0.028328
Beam_287	24629	0.04	0.035803	0.029044
Beam_287	20678	0.053314	0.032804	0.028865
Beam_287	20657	0.042371	0.029932	0.027027
Beam_287	20669	0.042371	0.029932	0.028072
Beam_287	20629	0.044758	0.034051	0.028142
Beam_287	20689	0.044758	0.034051	0.029169
Beam_287	20684	0.047595	0.032303	0.028736
Beam_287	20636	0.047595	0.032303	0.027702
Beam_287	20634	0.043798	0.0333	0.027959
Beam_287	20647	0.057108	0.03082	0.027291
Beam_287	20674	0.057108	0.03082	0.028331
Beam_287	20642	0.053314	0.032804	0.027833
Beam_287	20668	0.044749	0.030556	0.028256
