NodeID, BodyID
        1.,  -339073.
        2.,  -339073.
        3.,  -339073.
        4.,  -339073.
        5.,  -339073.
        6.,  -339073.
        7.,  -339073.
        8.,  -339073.
        9.,  -339073.
       10.,  -339073.
       11.,  -339073.
       12.,  -339073.
       13.,  -339073.
       14.,  -339073.
       15.,  -339073.
       16.,  -339073.
       17.,  -339073.
       18.,  -339073.
       19.,  -339073.
       20.,  -339073.
       21.,  -339073.
       22.,  -339073.
       23.,  -339073.
       24.,  -339073.
       25.,  -339073.
       26.,  -339073.
       27.,  -339073.
       28.,  -339073.
       29.,  -339073.
       30.,  -339073.
       31.,  -337875.
       32.,  -337875.
       33.,  -337875.
       34.,  -339073.
       35.,  -337883.
       36.,  -337883.
       37.,  -337883.
       38.,  -339073.
       39.,  -337891.
       40.,  -337891.
       41.,  -337891.
       42.,  -339073.
       43.,  -337899.
       44.,  -337899.
       45.,  -337899.
       46.,  -337875.
       47.,  -337875.
       48.,  -337875.
       49.,  -339073.
       50.,  -337883.
       51.,  -337883.
       52.,  -337883.
       53.,  -339073.
       54.,  -337891.
       55.,  -337891.
       56.,  -337891.
       57.,  -339073.
       58.,  -337899.
       59.,  -337899.
       60.,  -337899.
       61.,  -337875.
       62.,  -337875.
       63.,  -337875.
       64.,  -339073.
       65.,  -337883.
       66.,  -337883.
       67.,  -337883.
       68.,  -339073.
       69.,  -337891.
       70.,  -337891.
       71.,  -337891.
       72.,  -339073.
       73.,  -337899.
       74.,  -337899.
       75.,  -337899.
       76.,  -337875.
       77.,  -337875.
       78.,  -337875.
       79.,  -339073.
       80.,  -337883.
       81.,  -337883.
       82.,  -337883.
       83.,  -339073.
       84.,  -337891.
       85.,  -337891.
       86.,  -337891.
       87.,  -339073.
       88.,  -337899.
       89.,  -337899.
       90.,  -337899.
       91.,  -337875.
       92.,  -337875.
       93.,  -337875.
       94.,  -339073.
       95.,  -337883.
       96.,  -337883.
       97.,  -337883.
       98.,  -339073.
       99.,  -337891.
      100.,  -337891.
      101.,  -337891.
      102.,  -339073.
      103.,  -337899.
      104.,  -337899.
      105.,  -337899.
      106.,  -337875.
      107.,  -337875.
      108.,  -337875.
      109.,  -339073.
      110.,  -337883.
      111.,  -337883.
      112.,  -337883.
      113.,  -339073.
      114.,  -337891.
      115.,  -337891.
      116.,  -337891.
      117.,  -339073.
      118.,  -337899.
      119.,  -337899.
      120.,  -337899.
      121.,  -337875.
      122.,  -337875.
      123.,  -337875.
      124.,  -339073.
      125.,  -337883.
      126.,  -337883.
      127.,  -337883.
      128.,  -339073.
      129.,  -337891.
      130.,  -337891.
      131.,  -337891.
      132.,  -339073.
      133.,  -337899.
      134.,  -337899.
      135.,  -337899.
      136.,  -337875.
      137.,  -337875.
      138.,  -337875.
      139.,  -339073.
      140.,  -337883.
      141.,  -337883.
      142.,  -337883.
      143.,  -339073.
      144.,  -337891.
      145.,  -337891.
      146.,  -337891.
      147.,  -339073.
      148.,  -337899.
      149.,  -337899.
      150.,  -337899.
      151.,  -337875.
      152.,  -337875.
      153.,  -337875.
      154.,  -339073.
      155.,  -337883.
      156.,  -337883.
      157.,  -337883.
      158.,  -339073.
      159.,  -337891.
      160.,  -337891.
      161.,  -337891.
      162.,  -339073.
      163.,  -337899.
      164.,  -337899.
      165.,  -337899.
      166.,  -337875.
      167.,  -337875.
      168.,  -337875.
      169.,  -339073.
      170.,  -337883.
      171.,  -337883.
      172.,  -337883.
      173.,  -339073.
      174.,  -337891.
      175.,  -337891.
      176.,  -337891.
      177.,  -339073.
      178.,  -337899.
      179.,  -337899.
      180.,  -337899.
      181.,  -337875.
      182.,  -337875.
      183.,  -337875.
      184.,  -339073.
      185.,  -337883.
      186.,  -337883.
      187.,  -337883.
      188.,  -339073.
      189.,  -337891.
      190.,  -337891.
      191.,  -337891.
      192.,  -339073.
      193.,  -337899.
      194.,  -337899.
      195.,  -337899.
      196.,  -337875.
      197.,  -337875.
      198.,  -337875.
      199.,  -339073.
      200.,  -337883.
      201.,  -337883.
      202.,  -337883.
      203.,  -339073.
      204.,  -337891.
      205.,  -337891.
      206.,  -337891.
      207.,  -339073.
      208.,  -337899.
      209.,  -337899.
      210.,  -337899.
      211.,  -337875.
      212.,  -337875.
      213.,  -337875.
      214.,  -339073.
      215.,  -337883.
      216.,  -337883.
      217.,  -337883.
      218.,  -339073.
      219.,  -337891.
      220.,  -337891.
      221.,  -337891.
      222.,  -339073.
      223.,  -337899.
      224.,  -337899.
      225.,  -337899.
      226.,  -337875.
      227.,  -337875.
      228.,  -337875.
      229.,  -339073.
      230.,  -337883.
      231.,  -337883.
      232.,  -337883.
      233.,  -339073.
      234.,  -337891.
      235.,  -337891.
      236.,  -337891.
      237.,  -339073.
      238.,  -337899.
      239.,  -337899.
      240.,  -337899.
      241.,  -337875.
      242.,  -337875.
      243.,  -337875.
      244.,  -339073.
      245.,  -337883.
      246.,  -337883.
      247.,  -337883.
      248.,  -339073.
      249.,  -337891.
      250.,  -337891.
      251.,  -337891.
      252.,  -339073.
      253.,  -337899.
      254.,  -337899.
      255.,  -337899.
      256.,  -337875.
      257.,  -337875.
      258.,  -337875.
      259.,  -339073.
      260.,  -337883.
      261.,  -337883.
      262.,  -337883.
      263.,  -339073.
      264.,  -337891.
      265.,  -337891.
      266.,  -337891.
      267.,  -339073.
      268.,  -337899.
      269.,  -337899.
      270.,  -337899.
      271.,  -337875.
      272.,  -337875.
      273.,  -337875.
      274.,  -339073.
      275.,  -337883.
      276.,  -337883.
      277.,  -337883.
      278.,  -339073.
      279.,  -337891.
      280.,  -337891.
      281.,  -337891.
      282.,  -339073.
      283.,  -337899.
      284.,  -337899.
      285.,  -337899.
      286.,  -337875.
      287.,  -337875.
      288.,  -337875.
      289.,  -339073.
      290.,  -337883.
      291.,  -337883.
      292.,  -337883.
      293.,  -339073.
      294.,  -337891.
      295.,  -337891.
      296.,  -337891.
      297.,  -339073.
      298.,  -337899.
      299.,  -337899.
      300.,  -337899.
      301.,  -337875.
      302.,  -337875.
      303.,  -337875.
      304.,  -339073.
      305.,  -337883.
      306.,  -337883.
      307.,  -337883.
      308.,  -339073.
      309.,  -337891.
      310.,  -337891.
      311.,  -337891.
      312.,  -339073.
      313.,  -337899.
      314.,  -337899.
      315.,  -337899.
      316.,  -339073.
      317.,  -339073.
      318.,  -339073.
      319.,  -339073.
      320.,  -339073.
      321.,  -339073.
      322.,  -339073.
      323.,  -339073.
      324.,  -339073.
      325.,  -339073.
      326.,  -339073.
      327.,  -339073.
      328.,  -339073.
      329.,  -339073.
      330.,  -339073.
      331.,  -337907.
      332.,  -337907.
      333.,  -337907.
      334.,  -339073.
      335.,  -337915.
      336.,  -337915.
      337.,  -337915.
      338.,  -339073.
      339.,  -337923.
      340.,  -337923.
      341.,  -337923.
      342.,  -339073.
      343.,  -337931.
      344.,  -337931.
      345.,  -337931.
      346.,  -337907.
      347.,  -337907.
      348.,  -337907.
      349.,  -339073.
      350.,  -337915.
      351.,  -337915.
      352.,  -337915.
      353.,  -339073.
      354.,  -337923.
      355.,  -337923.
      356.,  -337923.
      357.,  -339073.
      358.,  -337931.
      359.,  -337931.
      360.,  -337931.
      361.,  -337907.
      362.,  -337907.
      363.,  -337907.
      364.,  -339073.
      365.,  -337915.
      366.,  -337915.
      367.,  -337915.
      368.,  -339073.
      369.,  -337923.
      370.,  -337923.
      371.,  -337923.
      372.,  -339073.
      373.,  -337931.
      374.,  -337931.
      375.,  -337931.
      376.,  -337907.
      377.,  -337907.
      378.,  -337907.
      379.,  -339073.
      380.,  -337915.
      381.,  -337915.
      382.,  -337915.
      383.,  -339073.
      384.,  -337923.
      385.,  -337923.
      386.,  -337923.
      387.,  -339073.
      388.,  -337931.
      389.,  -337931.
      390.,  -337931.
      391.,  -337907.
      392.,  -337907.
      393.,  -337907.
      394.,  -339073.
      395.,  -337915.
      396.,  -337915.
      397.,  -337915.
      398.,  -339073.
      399.,  -337923.
      400.,  -337923.
      401.,  -337923.
      402.,  -339073.
      403.,  -337931.
      404.,  -337931.
      405.,  -337931.
      406.,  -337907.
      407.,  -337907.
      408.,  -337907.
      409.,  -339073.
      410.,  -337915.
      411.,  -337915.
      412.,  -337915.
      413.,  -339073.
      414.,  -337923.
      415.,  -337923.
      416.,  -337923.
      417.,  -339073.
      418.,  -337931.
      419.,  -337931.
      420.,  -337931.
      421.,  -337907.
      422.,  -337907.
      423.,  -337907.
      424.,  -339073.
      425.,  -337915.
      426.,  -337915.
      427.,  -337915.
      428.,  -339073.
      429.,  -337923.
      430.,  -337923.
      431.,  -337923.
      432.,  -339073.
      433.,  -337931.
      434.,  -337931.
      435.,  -337931.
      436.,  -337907.
      437.,  -337907.
      438.,  -337907.
      439.,  -339073.
      440.,  -337915.
      441.,  -337915.
      442.,  -337915.
      443.,  -339073.
      444.,  -337923.
      445.,  -337923.
      446.,  -337923.
      447.,  -339073.
      448.,  -337931.
      449.,  -337931.
      450.,  -337931.
      451.,  -337907.
      452.,  -337907.
      453.,  -337907.
      454.,  -339073.
      455.,  -337915.
      456.,  -337915.
      457.,  -337915.
      458.,  -339073.
      459.,  -337923.
      460.,  -337923.
      461.,  -337923.
      462.,  -339073.
      463.,  -337931.
      464.,  -337931.
      465.,  -337931.
      466.,  -337907.
      467.,  -337907.
      468.,  -337907.
      469.,  -339073.
      470.,  -337915.
      471.,  -337915.
      472.,  -337915.
      473.,  -339073.
      474.,  -337923.
      475.,  -337923.
      476.,  -337923.
      477.,  -339073.
      478.,  -337931.
      479.,  -337931.
      480.,  -337931.
      481.,  -337907.
      482.,  -337907.
      483.,  -337907.
      484.,  -339073.
      485.,  -337915.
      486.,  -337915.
      487.,  -337915.
      488.,  -339073.
      489.,  -337923.
      490.,  -337923.
      491.,  -337923.
      492.,  -339073.
      493.,  -337931.
      494.,  -337931.
      495.,  -337931.
      496.,  -337907.
      497.,  -337907.
      498.,  -337907.
      499.,  -339073.
      500.,  -337915.
      501.,  -337915.
      502.,  -337915.
      503.,  -339073.
      504.,  -337923.
      505.,  -337923.
      506.,  -337923.
      507.,  -339073.
      508.,  -337931.
      509.,  -337931.
      510.,  -337931.
      511.,  -337907.
      512.,  -337907.
      513.,  -337907.
      514.,  -339073.
      515.,  -337915.
      516.,  -337915.
      517.,  -337915.
      518.,  -339073.
      519.,  -337923.
      520.,  -337923.
      521.,  -337923.
      522.,  -339073.
      523.,  -337931.
      524.,  -337931.
      525.,  -337931.
      526.,  -337907.
      527.,  -337907.
      528.,  -337907.
      529.,  -339073.
      530.,  -337915.
      531.,  -337915.
      532.,  -337915.
      533.,  -339073.
      534.,  -337923.
      535.,  -337923.
      536.,  -337923.
      537.,  -339073.
      538.,  -337931.
      539.,  -337931.
      540.,  -337931.
      541.,  -337907.
      542.,  -337907.
      543.,  -337907.
      544.,  -339073.
      545.,  -337915.
      546.,  -337915.
      547.,  -337915.
      548.,  -339073.
      549.,  -337923.
      550.,  -337923.
      551.,  -337923.
      552.,  -339073.
      553.,  -337931.
      554.,  -337931.
      555.,  -337931.
      556.,  -337907.
      557.,  -337907.
      558.,  -337907.
      559.,  -339073.
      560.,  -337915.
      561.,  -337915.
      562.,  -337915.
      563.,  -339073.
      564.,  -337923.
      565.,  -337923.
      566.,  -337923.
      567.,  -339073.
      568.,  -337931.
      569.,  -337931.
      570.,  -337931.
      571.,  -337907.
      572.,  -337907.
      573.,  -337907.
      574.,  -339073.
      575.,  -337915.
      576.,  -337915.
      577.,  -337915.
      578.,  -339073.
      579.,  -337923.
      580.,  -337923.
      581.,  -337923.
      582.,  -339073.
      583.,  -337931.
      584.,  -337931.
      585.,  -337931.
      586.,  -337907.
      587.,  -337907.
      588.,  -337907.
      589.,  -339073.
      590.,  -337915.
      591.,  -337915.
      592.,  -337915.
      593.,  -339073.
      594.,  -337923.
      595.,  -337923.
      596.,  -337923.
      597.,  -339073.
      598.,  -337931.
      599.,  -337931.
      600.,  -337931.
      601.,  -337907.
      602.,  -337907.
      603.,  -337907.
      604.,  -339073.
      605.,  -337915.
      606.,  -337915.
      607.,  -337915.
      608.,  -339073.
      609.,  -337923.
      610.,  -337923.
      611.,  -337923.
      612.,  -339073.
      613.,  -337931.
      614.,  -337931.
      615.,  -337931.
      616.,  -339073.
      617.,  -339073.
      618.,  -339073.
      619.,  -339073.
      620.,  -339073.
      621.,  -339073.
      622.,  -339073.
      623.,  -339073.
      624.,  -339073.
      625.,  -339073.
      626.,  -339073.
      627.,  -339073.
      628.,  -339073.
      629.,  -339073.
      630.,  -339073.
      631.,  -337939.
      632.,  -337939.
      633.,  -337939.
      634.,  -339073.
      635.,  -337947.
      636.,  -337947.
      637.,  -337947.
      638.,  -339073.
      639.,  -337955.
      640.,  -337955.
      641.,  -337955.
      642.,  -339073.
      643.,  -337963.
      644.,  -337963.
      645.,  -337963.
      646.,  -337939.
      647.,  -337939.
      648.,  -337939.
      649.,  -339073.
      650.,  -337947.
      651.,  -337947.
      652.,  -337947.
      653.,  -339073.
      654.,  -337955.
      655.,  -337955.
      656.,  -337955.
      657.,  -339073.
      658.,  -337963.
      659.,  -337963.
      660.,  -337963.
      661.,  -337939.
      662.,  -337939.
      663.,  -337939.
      664.,  -339073.
      665.,  -337947.
      666.,  -337947.
      667.,  -337947.
      668.,  -339073.
      669.,  -337955.
      670.,  -337955.
      671.,  -337955.
      672.,  -339073.
      673.,  -337963.
      674.,  -337963.
      675.,  -337963.
      676.,  -337939.
      677.,  -337939.
      678.,  -337939.
      679.,  -339073.
      680.,  -337947.
      681.,  -337947.
      682.,  -337947.
      683.,  -339073.
      684.,  -337955.
      685.,  -337955.
      686.,  -337955.
      687.,  -339073.
      688.,  -337963.
      689.,  -337963.
      690.,  -337963.
      691.,  -337939.
      692.,  -337939.
      693.,  -337939.
      694.,  -339073.
      695.,  -337947.
      696.,  -337947.
      697.,  -337947.
      698.,  -339073.
      699.,  -337955.
      700.,  -337955.
      701.,  -337955.
      702.,  -339073.
      703.,  -337963.
      704.,  -337963.
      705.,  -337963.
      706.,  -337939.
      707.,  -337939.
      708.,  -337939.
      709.,  -339073.
      710.,  -337947.
      711.,  -337947.
      712.,  -337947.
      713.,  -339073.
      714.,  -337955.
      715.,  -337955.
      716.,  -337955.
      717.,  -339073.
      718.,  -337963.
      719.,  -337963.
      720.,  -337963.
      721.,  -337939.
      722.,  -337939.
      723.,  -337939.
      724.,  -339073.
      725.,  -337947.
      726.,  -337947.
      727.,  -337947.
      728.,  -339073.
      729.,  -337955.
      730.,  -337955.
      731.,  -337955.
      732.,  -339073.
      733.,  -337963.
      734.,  -337963.
      735.,  -337963.
      736.,  -337939.
      737.,  -337939.
      738.,  -337939.
      739.,  -339073.
      740.,  -337947.
      741.,  -337947.
      742.,  -337947.
      743.,  -339073.
      744.,  -337955.
      745.,  -337955.
      746.,  -337955.
      747.,  -339073.
      748.,  -337963.
      749.,  -337963.
      750.,  -337963.
      751.,  -337939.
      752.,  -337939.
      753.,  -337939.
      754.,  -339073.
      755.,  -337947.
      756.,  -337947.
      757.,  -337947.
      758.,  -339073.
      759.,  -337955.
      760.,  -337955.
      761.,  -337955.
      762.,  -339073.
      763.,  -337963.
      764.,  -337963.
      765.,  -337963.
      766.,  -337939.
      767.,  -337939.
      768.,  -337939.
      769.,  -339073.
      770.,  -337947.
      771.,  -337947.
      772.,  -337947.
      773.,  -339073.
      774.,  -337955.
      775.,  -337955.
      776.,  -337955.
      777.,  -339073.
      778.,  -337963.
      779.,  -337963.
      780.,  -337963.
      781.,  -337939.
      782.,  -337939.
      783.,  -337939.
      784.,  -339073.
      785.,  -337947.
      786.,  -337947.
      787.,  -337947.
      788.,  -339073.
      789.,  -337955.
      790.,  -337955.
      791.,  -337955.
      792.,  -339073.
      793.,  -337963.
      794.,  -337963.
      795.,  -337963.
      796.,  -337939.
      797.,  -337939.
      798.,  -337939.
      799.,  -339073.
      800.,  -337947.
      801.,  -337947.
      802.,  -337947.
      803.,  -339073.
      804.,  -337955.
      805.,  -337955.
      806.,  -337955.
      807.,  -339073.
      808.,  -337963.
      809.,  -337963.
      810.,  -337963.
      811.,  -337939.
      812.,  -337939.
      813.,  -337939.
      814.,  -339073.
      815.,  -337947.
      816.,  -337947.
      817.,  -337947.
      818.,  -339073.
      819.,  -337955.
      820.,  -337955.
      821.,  -337955.
      822.,  -339073.
      823.,  -337963.
      824.,  -337963.
      825.,  -337963.
      826.,  -337939.
      827.,  -337939.
      828.,  -337939.
      829.,  -339073.
      830.,  -337947.
      831.,  -337947.
      832.,  -337947.
      833.,  -339073.
      834.,  -337955.
      835.,  -337955.
      836.,  -337955.
      837.,  -339073.
      838.,  -337963.
      839.,  -337963.
      840.,  -337963.
      841.,  -337939.
      842.,  -337939.
      843.,  -337939.
      844.,  -339073.
      845.,  -337947.
      846.,  -337947.
      847.,  -337947.
      848.,  -339073.
      849.,  -337955.
      850.,  -337955.
      851.,  -337955.
      852.,  -339073.
      853.,  -337963.
      854.,  -337963.
      855.,  -337963.
      856.,  -337939.
      857.,  -337939.
      858.,  -337939.
      859.,  -339073.
      860.,  -337947.
      861.,  -337947.
      862.,  -337947.
      863.,  -339073.
      864.,  -337955.
      865.,  -337955.
      866.,  -337955.
      867.,  -339073.
      868.,  -337963.
      869.,  -337963.
      870.,  -337963.
      871.,  -337939.
      872.,  -337939.
      873.,  -337939.
      874.,  -339073.
      875.,  -337947.
      876.,  -337947.
      877.,  -337947.
      878.,  -339073.
      879.,  -337955.
      880.,  -337955.
      881.,  -337955.
      882.,  -339073.
      883.,  -337963.
      884.,  -337963.
      885.,  -337963.
      886.,  -337939.
      887.,  -337939.
      888.,  -337939.
      889.,  -339073.
      890.,  -337947.
      891.,  -337947.
      892.,  -337947.
      893.,  -339073.
      894.,  -337955.
      895.,  -337955.
      896.,  -337955.
      897.,  -339073.
      898.,  -337963.
      899.,  -337963.
      900.,  -337963.
      901.,  -337939.
      902.,  -337939.
      903.,  -337939.
      904.,  -339073.
      905.,  -337947.
      906.,  -337947.
      907.,  -337947.
      908.,  -339073.
      909.,  -337955.
      910.,  -337955.
      911.,  -337955.
      912.,  -339073.
      913.,  -337963.
      914.,  -337963.
      915.,  -337963.
      916.,  -339073.
      917.,  -339073.
      918.,  -339073.
      919.,  -339073.
      920.,  -339073.
      921.,  -339073.
      922.,  -339073.
      923.,  -339073.
      924.,  -339073.
      925.,  -339073.
      926.,  -339073.
      927.,  -339073.
      928.,  -339073.
      929.,  -339073.
      930.,  -339073.
      931.,  -339073.
      932.,  -339073.
      933.,  -339073.
      934.,  -339073.
      935.,  -339073.
      936.,  -339073.
      937.,  -339073.
      938.,  -339073.
      939.,  -339073.
      940.,  -339073.
      941.,  -339073.
      942.,  -339073.
      943.,  -339073.
      944.,  -339073.
      945.,  -339073.
      946.,  -340723.
      947.,  -340723.
      948.,  -340723.
      949.,  -340723.
      950.,  -340723.
      951.,  -340723.
      952.,  -340723.
      953.,  -340723.
      954.,  -340723.
      955.,  -340723.
      956.,  -340723.
      957.,  -340723.
      958.,  -340723.
      959.,  -340723.
      960.,  -340723.
      961.,  -340723.
      962.,  -340723.
      963.,  -340723.
      964.,  -340723.
      965.,  -340723.
      966.,  -340723.
      967.,  -340723.
      968.,  -340723.
      969.,  -340723.
      970.,  -340723.
      971.,  -340723.
      972.,  -340723.
      973.,  -340723.
      974.,  -340723.
      975.,  -340723.
      976.,  -340723.
      977.,  -340723.
      978.,  -340723.
      979.,  -340723.
      980.,  -340723.
      981.,  -340723.
      982.,  -340723.
      983.,  -340723.
      984.,  -340723.
      985.,  -340723.
      986.,  -340723.
      987.,  -340723.
      988.,  -340723.
      989.,  -340723.
      990.,  -340723.
      991.,  -340723.
      992.,  -340723.
      993.,  -340723.
      994.,  -340723.
      995.,  -340723.
      996.,  -340723.
      997.,  -340723.
      998.,  -340723.
      999.,  -340723.
     1000.,  -340723.
     1001.,  -340723.
     1002.,  -340723.
     1003.,  -340723.
     1004.,  -340723.
     1005.,  -340723.
     1006.,  -340723.
     1007.,  -340723.
     1008.,  -340723.
     1009.,  -340723.
     1010.,  -340723.
     1011.,  -340723.
     1012.,  -340723.
     1013.,  -340723.
     1014.,  -340723.
     1015.,  -340723.
     1016.,  -340723.
     1017.,  -340723.
     1018.,  -340723.
     1019.,  -340723.
     1020.,  -340723.
     1021.,  -340723.
     1022.,  -340723.
     1023.,  -340723.
     1024.,  -340723.
     1025.,  -340723.
     1026.,  -340723.
     1027.,  -340723.
     1028.,  -340723.
     1029.,  -340723.
     1030.,  -340723.
     1031.,  -340723.
     1032.,  -340723.
     1033.,  -340723.
     1034.,  -340723.
     1035.,  -340723.
     1036.,  -340723.
     1037.,  -340723.
     1038.,  -340723.
     1039.,  -340723.
     1040.,  -340723.
     1041.,  -340723.
     1042.,  -340723.
     1043.,  -340723.
     1044.,  -340723.
     1045.,  -340723.
     1046.,  -340723.
     1047.,  -340723.
     1048.,  -340723.
     1049.,  -340723.
     1050.,  -340723.
     1051.,  -340723.
     1052.,  -340723.
     1053.,  -340723.
     1054.,  -340723.
     1055.,  -340723.
     1056.,  -340723.
     1057.,  -340723.
     1058.,  -340723.
     1059.,  -340723.
     1060.,  -340723.
     1061.,  -340723.
     1062.,  -340723.
     1063.,  -340723.
     1064.,  -340723.
     1065.,  -340723.
     1066.,  -340723.
     1067.,  -340723.
     1068.,  -340723.
     1069.,  -340723.
     1070.,  -340723.
     1071.,  -340723.
     1072.,  -340723.
     1073.,  -340723.
     1074.,  -340723.
     1075.,  -340723.
     1076.,  -340723.
     1077.,  -340723.
     1078.,  -340723.
     1079.,  -340723.
     1080.,  -340723.
     1081.,  -340723.
     1082.,  -340723.
     1083.,  -340723.
     1084.,  -340723.
     1085.,  -340723.
     1086.,  -340723.
     1087.,  -340723.
     1088.,  -340723.
     1089.,  -340723.
     1090.,  -340723.
     1091.,  -340723.
     1092.,  -340723.
     1093.,  -340723.
     1094.,  -340723.
     1095.,  -340723.
     1096.,  -340723.
     1097.,  -340723.
     1098.,  -340723.
     1099.,  -340723.
     1100.,  -340723.
     1101.,  -340723.
     1102.,  -340723.
     1103.,  -340723.
     1104.,  -340723.
     1105.,  -340723.
     1106.,  -340723.
     1107.,  -340723.
     1108.,  -340723.
     1109.,  -340723.
     1110.,  -340723.
     1111.,  -340723.
     1112.,  -340723.
     1113.,  -340723.
     1114.,  -340723.
     1115.,  -340723.
     1116.,  -340723.
     1117.,  -340723.
     1118.,  -340723.
     1119.,  -340723.
     1120.,  -340723.
     1121.,  -340723.
     1122.,  -340723.
     1123.,  -340723.
     1124.,  -340723.
     1125.,  -340723.
     1126.,  -340723.
     1127.,  -340723.
     1128.,  -340723.
     1129.,  -340723.
     1130.,  -340723.
     1131.,  -340723.
     1132.,  -340723.
     1133.,  -340723.
     1134.,  -340723.
     1135.,  -340723.
     1136.,  -340723.
     1137.,  -340723.
     1138.,  -340723.
     1139.,  -340723.
     1140.,  -340723.
     1141.,  -340723.
     1142.,  -340723.
     1143.,  -340723.
     1144.,  -340723.
     1145.,  -340723.
     1146.,  -340723.
     1147.,  -340723.
     1148.,  -340723.
     1149.,  -340723.
     1150.,  -340723.
     1151.,  -340723.
     1152.,  -340723.
     1153.,  -340723.
     1154.,  -340723.
     1155.,  -340723.
     1156.,  -340723.
     1157.,  -340723.
     1158.,  -340723.
     1159.,  -340723.
     1160.,  -340723.
     1161.,  -340723.
     1162.,  -340723.
     1163.,  -340723.
     1164.,  -340723.
     1165.,  -340723.
     1166.,  -340723.
     1167.,  -340723.
     1168.,  -340723.
     1169.,  -340723.
     1170.,  -340723.
     1171.,  -340723.
     1172.,  -340723.
     1173.,  -340723.
     1174.,  -340723.
     1175.,  -340723.
     1176.,  -340723.
     1177.,  -340723.
     1178.,  -340723.
     1179.,  -340723.
     1180.,  -340723.
     1181.,  -340723.
     1182.,  -340723.
     1183.,  -340723.
     1184.,  -340723.
     1185.,  -340723.
     1186.,  -340723.
     1187.,  -340723.
     1188.,  -340723.
     1189.,  -340723.
     1190.,  -340723.
     1191.,  -340723.
     1192.,  -340723.
     1193.,  -340723.
     1194.,  -340723.
     1195.,  -340723.
     1196.,  -340723.
     1197.,  -340723.
     1198.,  -340723.
     1199.,  -340723.
     1200.,  -340723.
     1201.,  -340723.
     1202.,  -340723.
     1203.,  -340723.
     1204.,  -340723.
     1205.,  -340723.
     1206.,  -340723.
     1207.,  -340723.
     1208.,  -340723.
     1209.,  -340723.
     1210.,  -340723.
     1211.,  -340723.
     1212.,  -340723.
     1213.,  -340723.
     1214.,  -340723.
     1215.,  -340723.
     1216.,  -340723.
     1217.,  -340723.
     1218.,  -340723.
     1219.,  -340723.
     1220.,  -340723.
     1221.,  -340723.
     1222.,  -340723.
     1223.,  -340723.
     1224.,  -340723.
     1225.,  -340723.
     1226.,  -340723.
     1227.,  -340723.
     1228.,  -340723.
     1229.,  -340723.
     1230.,  -340723.
     1231.,  -340723.
     1232.,  -340723.
     1233.,  -340723.
     1234.,  -340723.
     1235.,  -340723.
     1236.,  -340723.
     1237.,  -340723.
     1238.,  -340723.
     1239.,  -340723.
     1240.,  -340723.
     1241.,  -340723.
     1242.,  -340723.
     1243.,  -340723.
     1244.,  -340723.
     1245.,  -340723.
     1246.,  -339517.
     1247.,  -339517.
     1248.,  -339517.
     1249.,  -339517.
     1250.,  -339517.
     1251.,  -339517.
     1252.,  -339517.
     1253.,  -339517.
     1254.,  -339517.
     1255.,  -339517.
     1256.,  -339517.
     1257.,  -339517.
     1258.,  -339517.
     1259.,  -339517.
     1260.,  -339517.
     1261.,  -339517.
     1262.,  -339517.
     1263.,  -339517.
     1264.,  -339517.
     1265.,  -339517.
     1266.,  -339517.
     1267.,  -339517.
     1268.,  -339517.
     1269.,  -339517.
     1270.,  -339517.
     1271.,  -339517.
     1272.,  -339517.
     1273.,  -339517.
     1274.,  -339517.
     1275.,  -339517.
     1276.,  -339517.
     1277.,  -339517.
     1278.,  -339517.
     1279.,  -339517.
     1280.,  -339517.
     1281.,  -339517.
     1282.,  -339517.
     1283.,  -339517.
     1284.,  -339517.
     1285.,  -339517.
     1286.,  -339517.
     1287.,  -339517.
     1288.,  -339517.
     1289.,  -339517.
     1290.,  -339517.
     1291.,  -340723.
     1292.,  -340723.
     1293.,  -340723.
     1294.,  -340723.
     1295.,  -340723.
     1296.,  -340723.
     1297.,  -340723.
     1298.,  -340723.
     1299.,  -340723.
     1300.,  -340723.
     1301.,  -340723.
     1302.,  -340723.
     1303.,  -340723.
     1304.,  -340723.
     1305.,  -340723.
     1306.,  -340723.
     1307.,  -340723.
     1308.,  -340723.
     1309.,  -340723.
     1310.,  -340723.
     1311.,  -340723.
     1312.,  -340723.
     1313.,  -340723.
     1314.,  -340723.
     1315.,  -340723.
     1316.,  -340723.
     1317.,  -340723.
     1318.,  -340723.
     1319.,  -340723.
     1320.,  -340723.
     1321.,  -340723.
     1322.,  -340723.
     1323.,  -340723.
     1324.,  -340723.
     1325.,  -340723.
     1326.,  -340723.
     1327.,  -340723.
     1328.,  -340723.
     1329.,  -340723.
     1330.,  -340723.
     1331.,  -340723.
     1332.,  -340723.
     1333.,  -340723.
     1334.,  -340723.
     1335.,  -340723.
     1336.,  -340723.
     1337.,  -340723.
     1338.,  -340723.
     1339.,  -340723.
     1340.,  -340723.
     1341.,  -340723.
     1342.,  -340723.
     1343.,  -340723.
     1344.,  -340723.
     1345.,  -340723.
     1346.,  -340723.
     1347.,  -340723.
     1348.,  -340723.
     1349.,  -340723.
     1350.,  -340723.
     1351.,  -340723.
     1352.,  -340723.
     1353.,  -340723.
     1354.,  -340723.
     1355.,  -340723.
     1356.,  -340723.
     1357.,  -340723.
     1358.,  -340723.
     1359.,  -340723.
     1360.,  -340723.
     1361.,  -340723.
     1362.,  -340723.
     1363.,  -340723.
     1364.,  -340723.
     1365.,  -340723.
     1366.,  -340723.
     1367.,  -340723.
     1368.,  -340723.
     1369.,  -340723.
     1370.,  -340723.
     1371.,  -340723.
     1372.,  -340723.
     1373.,  -340723.
     1374.,  -340723.
     1375.,  -340723.
     1376.,  -340723.
     1377.,  -340723.
     1378.,  -340723.
     1379.,  -340723.
     1380.,  -340723.
     1381.,  -340723.
     1382.,  -340723.
     1383.,  -340723.
     1384.,  -340723.
     1385.,  -340723.
     1386.,  -340723.
     1387.,  -340723.
     1388.,  -340723.
     1389.,  -340723.
     1390.,  -340723.
     1391.,  -340723.
     1392.,  -340723.
     1393.,  -340723.
     1394.,  -340723.
     1395.,  -340723.
     1396.,  -340723.
     1397.,  -340723.
     1398.,  -340723.
     1399.,  -340723.
     1400.,  -340723.
     1401.,  -340723.
     1402.,  -340723.
     1403.,  -340723.
     1404.,  -340723.
     1405.,  -340723.
     1406.,  -340723.
     1407.,  -340723.
     1408.,  -340723.
     1409.,  -340723.
     1410.,  -340723.
     1411.,  -340723.
     1412.,  -340723.
     1413.,  -340723.
     1414.,  -340723.
     1415.,  -340723.
     1416.,  -340723.
     1417.,  -340723.
     1418.,  -340723.
     1419.,  -340723.
     1420.,  -340723.
     1421.,  -340723.
     1422.,  -340723.
     1423.,  -340723.
     1424.,  -340723.
     1425.,  -340723.
     1426.,  -340723.
     1427.,  -340723.
     1428.,  -340723.
     1429.,  -340723.
     1430.,  -340723.
     1431.,  -340723.
     1432.,  -340723.
     1433.,  -340723.
     1434.,  -340723.
     1435.,  -340723.
     1436.,  -340723.
     1437.,  -340723.
     1438.,  -340723.
     1439.,  -340723.
     1440.,  -340723.
     1441.,  -340723.
     1442.,  -340723.
     1443.,  -340723.
     1444.,  -340723.
     1445.,  -340723.
     1446.,  -340723.
     1447.,  -340723.
     1448.,  -340723.
     1449.,  -340723.
     1450.,  -340723.
     1451.,  -340723.
     1452.,  -340723.
     1453.,  -340723.
     1454.,  -340723.
     1455.,  -340723.
     1456.,  -340723.
     1457.,  -340723.
     1458.,  -340723.
     1459.,  -340723.
     1460.,  -340723.
     1461.,  -340723.
     1462.,  -340723.
     1463.,  -340723.
     1464.,  -340723.
     1465.,  -340723.
     1466.,  -340723.
     1467.,  -340723.
     1468.,  -340723.
     1469.,  -340723.
     1470.,  -340723.
     1471.,  -340723.
     1472.,  -340723.
     1473.,  -340723.
     1474.,  -340723.
     1475.,  -340723.
     1476.,  -340723.
     1477.,  -340723.
     1478.,  -340723.
     1479.,  -340723.
     1480.,  -340723.
     1481.,  -340723.
     1482.,  -340723.
     1483.,  -340723.
     1484.,  -340723.
     1485.,  -340723.
     1486.,  -340723.
     1487.,  -340723.
     1488.,  -340723.
     1489.,  -340723.
     1490.,  -340723.
     1491.,  -340723.
     1492.,  -340723.
     1493.,  -340723.
     1494.,  -340723.
     1495.,  -340723.
     1496.,  -340723.
     1497.,  -340723.
     1498.,  -340723.
     1499.,  -340723.
     1500.,  -340723.
     1501.,  -340723.
     1502.,  -340723.
     1503.,  -340723.
     1504.,  -340723.
     1505.,  -340723.
     1506.,  -340723.
     1507.,  -340723.
     1508.,  -340723.
     1509.,  -340723.
     1510.,  -340723.
     1511.,  -340723.
     1512.,  -340723.
     1513.,  -340723.
     1514.,  -340723.
     1515.,  -340723.
     1516.,  -340723.
     1517.,  -340723.
     1518.,  -340723.
     1519.,  -340723.
     1520.,  -340723.
     1521.,  -340723.
     1522.,  -340723.
     1523.,  -340723.
     1524.,  -340723.
     1525.,  -340723.
     1526.,  -340723.
     1527.,  -340723.
     1528.,  -340723.
     1529.,  -340723.
     1530.,  -340723.
     1531.,  -340723.
     1532.,  -340723.
     1533.,  -340723.
     1534.,  -340723.
     1535.,  -340723.
     1536.,  -340723.
     1537.,  -340723.
     1538.,  -340723.
     1539.,  -340723.
     1540.,  -340723.
     1541.,  -340723.
     1542.,  -340723.
     1543.,  -340723.
     1544.,  -340723.
     1545.,  -340723.
     1546.,  -339509.
     1547.,  -339509.
     1548.,  -339509.
     1549.,  -339509.
     1550.,  -339509.
     1551.,  -339509.
     1552.,  -339509.
     1553.,  -339509.
     1554.,  -339509.
     1555.,  -339509.
     1556.,  -339509.
     1557.,  -339509.
     1558.,  -339509.
     1559.,  -339509.
     1560.,  -339509.
     1561.,  -339509.
     1562.,  -339509.
     1563.,  -339509.
     1564.,  -339509.
     1565.,  -339509.
     1566.,  -339509.
     1567.,  -339509.
     1568.,  -339509.
     1569.,  -339509.
     1570.,  -339509.
     1571.,  -339509.
     1572.,  -339509.
     1573.,  -339509.
     1574.,  -339509.
     1575.,  -339509.
     1576.,  -339509.
     1577.,  -339509.
     1578.,  -339509.
     1579.,  -339509.
     1580.,  -339509.
     1581.,  -339509.
     1582.,  -339509.
     1583.,  -339509.
     1584.,  -339509.
     1585.,  -339509.
     1586.,  -339509.
     1587.,  -339509.
     1588.,  -339509.
     1589.,  -339509.
     1590.,  -339509.
     1591.,  -340723.
     1592.,  -340723.
     1593.,  -340723.
     1594.,  -340723.
     1595.,  -340723.
     1596.,  -340723.
     1597.,  -340723.
     1598.,  -340723.
     1599.,  -340723.
     1600.,  -340723.
     1601.,  -340723.
     1602.,  -340723.
     1603.,  -340723.
     1604.,  -340723.
     1605.,  -340723.
     1606.,  -340723.
     1607.,  -340723.
     1608.,  -340723.
     1609.,  -340723.
     1610.,  -340723.
     1611.,  -340723.
     1612.,  -340723.
     1613.,  -340723.
     1614.,  -340723.
     1615.,  -340723.
     1616.,  -340723.
     1617.,  -340723.
     1618.,  -340723.
     1619.,  -340723.
     1620.,  -340723.
     1621.,  -340723.
     1622.,  -340723.
     1623.,  -340723.
     1624.,  -340723.
     1625.,  -340723.
     1626.,  -340723.
     1627.,  -340723.
     1628.,  -340723.
     1629.,  -340723.
     1630.,  -340723.
     1631.,  -340723.
     1632.,  -340723.
     1633.,  -340723.
     1634.,  -340723.
     1635.,  -340723.
     1636.,  -340723.
     1637.,  -340723.
     1638.,  -340723.
     1639.,  -340723.
     1640.,  -340723.
     1641.,  -340723.
     1642.,  -340723.
     1643.,  -340723.
     1644.,  -340723.
     1645.,  -340723.
     1646.,  -340723.
     1647.,  -340723.
     1648.,  -340723.
     1649.,  -340723.
     1650.,  -340723.
     1651.,  -340723.
     1652.,  -340723.
     1653.,  -340723.
     1654.,  -340723.
     1655.,  -340723.
     1656.,  -340723.
     1657.,  -340723.
     1658.,  -340723.
     1659.,  -340723.
     1660.,  -340723.
     1661.,  -340723.
     1662.,  -340723.
     1663.,  -340723.
     1664.,  -340723.
     1665.,  -340723.
     1666.,  -340723.
     1667.,  -340723.
     1668.,  -340723.
     1669.,  -340723.
     1670.,  -340723.
     1671.,  -340723.
     1672.,  -340723.
     1673.,  -340723.
     1674.,  -340723.
     1675.,  -340723.
     1676.,  -340723.
     1677.,  -340723.
     1678.,  -340723.
     1679.,  -340723.
     1680.,  -340723.
     1681.,  -340723.
     1682.,  -340723.
     1683.,  -340723.
     1684.,  -340723.
     1685.,  -340723.
     1686.,  -340723.
     1687.,  -340723.
     1688.,  -340723.
     1689.,  -340723.
     1690.,  -340723.
     1691.,  -340723.
     1692.,  -340723.
     1693.,  -340723.
     1694.,  -340723.
     1695.,  -340723.
     1696.,  -340723.
     1697.,  -340723.
     1698.,  -340723.
     1699.,  -340723.
     1700.,  -340723.
     1701.,  -340723.
     1702.,  -340723.
     1703.,  -340723.
     1704.,  -340723.
     1705.,  -340723.
     1706.,  -340723.
     1707.,  -340723.
     1708.,  -340723.
     1709.,  -340723.
     1710.,  -340723.
     1711.,  -340723.
     1712.,  -340723.
     1713.,  -340723.
     1714.,  -340723.
     1715.,  -340723.
     1716.,  -340723.
     1717.,  -340723.
     1718.,  -340723.
     1719.,  -340723.
     1720.,  -340723.
     1721.,  -340723.
     1722.,  -340723.
     1723.,  -340723.
     1724.,  -340723.
     1725.,  -340723.
     1726.,  -340723.
     1727.,  -340723.
     1728.,  -340723.
     1729.,  -340723.
     1730.,  -340723.
     1731.,  -340723.
     1732.,  -340723.
     1733.,  -340723.
     1734.,  -340723.
     1735.,  -340723.
     1736.,  -340723.
     1737.,  -340723.
     1738.,  -340723.
     1739.,  -340723.
     1740.,  -340723.
     1741.,  -340723.
     1742.,  -340723.
     1743.,  -340723.
     1744.,  -340723.
     1745.,  -340723.
     1746.,  -340723.
     1747.,  -340723.
     1748.,  -340723.
     1749.,  -340723.
     1750.,  -340723.
     1751.,  -340723.
     1752.,  -340723.
     1753.,  -340723.
     1754.,  -340723.
     1755.,  -340723.
     1756.,  -340723.
     1757.,  -340723.
     1758.,  -340723.
     1759.,  -340723.
     1760.,  -340723.
     1761.,  -340723.
     1762.,  -340723.
     1763.,  -340723.
     1764.,  -340723.
     1765.,  -340723.
     1766.,  -340723.
     1767.,  -340723.
     1768.,  -340723.
     1769.,  -340723.
     1770.,  -340723.
     1771.,  -340723.
     1772.,  -340723.
     1773.,  -340723.
     1774.,  -340723.
     1775.,  -340723.
     1776.,  -340723.
     1777.,  -340723.
     1778.,  -340723.
     1779.,  -340723.
     1780.,  -340723.
     1781.,  -340723.
     1782.,  -340723.
     1783.,  -340723.
     1784.,  -340723.
     1785.,  -340723.
     1786.,  -340723.
     1787.,  -340723.
     1788.,  -340723.
     1789.,  -340723.
     1790.,  -340723.
     1791.,  -340723.
     1792.,  -340723.
     1793.,  -340723.
     1794.,  -340723.
     1795.,  -340723.
     1796.,  -340723.
     1797.,  -340723.
     1798.,  -340723.
     1799.,  -340723.
     1800.,  -340723.
     1801.,  -340723.
     1802.,  -340723.
     1803.,  -340723.
     1804.,  -340723.
     1805.,  -340723.
     1806.,  -340723.
     1807.,  -340723.
     1808.,  -340723.
     1809.,  -340723.
     1810.,  -340723.
     1811.,  -340723.
     1812.,  -340723.
     1813.,  -340723.
     1814.,  -340723.
     1815.,  -340723.
     1816.,  -340723.
     1817.,  -340723.
     1818.,  -340723.
     1819.,  -340723.
     1820.,  -340723.
     1821.,  -340723.
     1822.,  -340723.
     1823.,  -340723.
     1824.,  -340723.
     1825.,  -340723.
     1826.,  -340723.
     1827.,  -340723.
     1828.,  -340723.
     1829.,  -340723.
     1830.,  -340723.
     1831.,  -340723.
     1832.,  -340723.
     1833.,  -340723.
     1834.,  -340723.
     1835.,  -340723.
     1836.,  -340723.
     1837.,  -340723.
     1838.,  -340723.
     1839.,  -340723.
     1840.,  -340723.
     1841.,  -340723.
     1842.,  -340723.
     1843.,  -340723.
     1844.,  -340723.
     1845.,  -340723.
     1846.,  -340723.
     1847.,  -340723.
     1848.,  -340723.
     1849.,  -340723.
     1850.,  -340723.
     1851.,  -340723.
     1852.,  -340723.
     1853.,  -340723.
     1854.,  -340723.
     1855.,  -340723.
     1856.,  -340723.
     1857.,  -340723.
     1858.,  -340723.
     1859.,  -340723.
     1860.,  -340723.
     1861.,  -340723.
     1862.,  -340723.
     1863.,  -340723.
     1864.,  -340723.
     1865.,  -340723.
     1866.,  -340723.
     1867.,  -340723.
     1868.,  -340723.
     1869.,  -340723.
     1870.,  -340723.
     1871.,  -340723.
     1872.,  -340723.
     1873.,  -340723.
     1874.,  -340723.
     1875.,  -340723.
     1876.,  -340723.
     1877.,  -340723.
     1878.,  -340723.
     1879.,  -340723.
     1880.,  -340723.
     1881.,  -340723.
     1882.,  -340723.
     1883.,  -340723.
     1884.,  -340723.
     1885.,  -340723.
     1886.,  -340723.
     1887.,  -340723.
     1888.,  -340723.
     1889.,  -340723.
     1890.,  -340723.
     1891.,  -340723.
     1892.,  -340723.
     1893.,  -340723.
     1894.,  -340723.
     1895.,  -340723.
     1896.,  -340723.
     1897.,  -340723.
     1898.,  -340723.
     1899.,  -340723.
     1900.,  -340723.
     1901.,  -340723.
     1902.,  -340723.
     1903.,  -340723.
     1904.,  -340723.
     1905.,  -340723.
     1906.,  -340723.
     1907.,  -340723.
     1908.,  -340723.
     1909.,  -340723.
     1910.,  -340723.
     1911.,  -339517.
     1912.,  -339517.
     1913.,  -339517.
     1914.,  -340723.
     1915.,  -340723.
     1916.,  -340723.
     1917.,  -340723.
     1918.,  -340723.
     1919.,  -340723.
     1920.,  -340723.
     1921.,  -340723.
     1922.,  -340723.
     1923.,  -340723.
     1924.,  -340723.
     1925.,  -340723.
     1926.,  -340723.
     1927.,  -340723.
     1928.,  -340723.
     1929.,  -340723.
     1930.,  -340723.
     1931.,  -339509.
     1932.,  -339509.
     1933.,  -339509.
     1934.,  -340723.
     1935.,  -340723.
     1936.,  -340723.
     1937.,  -340723.
     1938.,  -340723.
     1939.,  -340723.
     1940.,  -340723.
     1941.,  -340723.
     1942.,  -340723.
     1943.,  -340723.
     1944.,  -340723.
     1945.,  -340723.
     1946.,  -340723.
     1947.,  -340723.
     1948.,  -340723.
     1949.,  -340723.
     1950.,  -340723.
     1951.,  -340723.
     1952.,  -340723.
     1953.,  -340723.
     1954.,  -340723.
     1955.,  -340723.
     1956.,  -340723.
     1957.,  -340723.
     1958.,  -340723.
     1959.,  -340723.
     1960.,  -340723.
     1961.,  -340723.
     1962.,  -340723.
     1963.,  -340723.
     1964.,  -340723.
     1965.,  -340723.
     1966.,  -340723.
     1967.,  -340723.
     1968.,  -340723.
     1969.,  -340723.
     1970.,  -340723.
     1971.,  -340723.
     1972.,  -340723.
     1973.,  -340723.
     1974.,  -340723.
     1975.,  -340723.
     1976.,  -340723.
     1977.,  -340723.
     1978.,  -340723.
     1979.,  -340723.
     1980.,  -340723.
     1981.,  -340723.
     1982.,  -340723.
     1983.,  -340723.
     1984.,  -340723.
     1985.,  -340723.
     1986.,  -340723.
     1987.,  -340723.
     1988.,  -340723.
     1989.,  -340723.
     1990.,  -340723.
     1991.,  -340723.
     1992.,  -340723.
     1993.,  -340723.
     1994.,  -340723.
     1995.,  -340723.
     1996.,  -340723.
     1997.,  -340723.
     1998.,  -340723.
     1999.,  -340723.
     2000.,  -340723.
     2001.,  -340723.
     2002.,  -340723.
     2003.,  -340723.
     2004.,  -340723.
     2005.,  -340723.
     2006.,  -340723.
     2007.,  -340723.
     2008.,  -340723.
     2009.,  -340723.
     2010.,  -340723.
     2011.,  -340723.
     2012.,  -340723.
     2013.,  -340723.
     2014.,  -340723.
     2015.,  -340723.
     2016.,  -340723.
     2017.,  -340723.
     2018.,  -340723.
     2019.,  -340723.
     2020.,  -340723.
     2021.,  -340723.
     2022.,  -340723.
     2023.,  -340723.
     2024.,  -340723.
     2025.,  -340723.
     2026.,  -340723.
     2027.,  -340723.
     2028.,  -340723.
     2029.,  -340723.
     2030.,  -340723.
     2031.,  -340723.
     2032.,  -340723.
     2033.,  -340723.
     2034.,  -340723.
     2035.,  -340723.
     2036.,  -340723.
     2037.,  -340723.
     2038.,  -340723.
     2039.,  -340723.
     2040.,  -340723.
     2041.,  -340723.
     2042.,  -340723.
     2043.,  -340723.
     2044.,  -340723.
     2045.,  -340723.
     2046.,  -340723.
     2047.,  -340723.
     2048.,  -340723.
     2049.,  -340723.
     2050.,  -340723.
     2051.,  -339073.
     2052.,  -339073.
     2053.,  -339073.
     2054.,  -339073.
     2055.,  -339073.
     2056.,  -339073.
     2057.,  -339073.
     2058.,  -339073.
     2059.,  -339073.
     2060.,  -339073.
     2061.,  -339073.
     2062.,  -339073.
     2063.,  -339073.
     2064.,  -339073.
     2065.,  -339073.
     2066.,  -339073.
     2067.,  -339073.
     2068.,  -339073.
     2069.,  -339073.
     2070.,  -339073.
     2071.,  -339073.
     2072.,  -339073.
     2073.,  -339073.
     2074.,  -339073.
     2075.,  -339073.
     2076.,  -339073.
     2077.,  -339073.
     2078.,  -339073.
     2079.,  -339073.
     2080.,  -339073.
     2081.,  -339073.
     2082.,  -339073.
     2083.,  -339073.
     2084.,  -339073.
     2085.,  -339073.
     2086.,  -339073.
     2087.,  -339073.
     2088.,  -339073.
     2089.,  -339073.
     2090.,  -339073.
     2091.,  -339073.
     2092.,  -339073.
     2093.,  -339073.
     2094.,  -339073.
     2095.,  -339073.
     2096.,  -339073.
     2097.,  -339073.
     2098.,  -339073.
     2099.,  -339073.
     2100.,  -339073.
     2101.,  -339073.
     2102.,  -339073.
     2103.,  -339073.
     2104.,  -339073.
     2105.,  -339073.
     2106.,  -339073.
     2107.,  -339073.
     2108.,  -339073.
     2109.,  -339073.
     2110.,  -339073.
     2111.,  -339073.
     2112.,  -339073.
     2113.,  -339073.
     2114.,  -339073.
     2115.,  -339073.
     2116.,  -339073.
     2117.,  -339073.
     2118.,  -339073.
     2119.,  -339073.
     2120.,  -339073.
     2121.,  -339073.
     2122.,  -339073.
     2123.,  -339073.
     2124.,  -339073.
     2125.,  -339073.
     2126.,  -339073.
     2127.,  -339073.
     2128.,  -339073.
     2129.,  -339073.
     2130.,  -339073.
     2131.,  -339073.
     2132.,  -339073.
     2133.,  -339073.
     2134.,  -339073.
     2135.,  -339073.
     2136.,  -339073.
     2137.,  -339073.
     2138.,  -339073.
     2139.,  -339073.
     2140.,  -339073.
     2141.,  -339073.
     2142.,  -339073.
     2143.,  -339073.
     2144.,  -339073.
     2145.,  -339073.
     2146.,  -339073.
     2147.,  -339073.
     2148.,  -339073.
     2149.,  -339073.
     2150.,  -339073.
     2151.,  -339073.
     2152.,  -339073.
     2153.,  -339073.
     2154.,  -339073.
     2155.,  -339073.
     2156.,  -339073.
     2157.,  -339073.
     2158.,  -339073.
     2159.,  -339073.
     2160.,  -339073.
     2161.,  -339073.
     2162.,  -339073.
     2163.,  -339073.
     2164.,  -339073.
     2165.,  -339073.
     2166.,  -339073.
     2167.,  -339073.
     2168.,  -339073.
     2169.,  -339073.
     2170.,  -339073.
     2171.,  -339073.
     2172.,  -339073.
     2173.,  -339073.
     2174.,  -339073.
     2175.,  -339073.
     2176.,  -339073.
     2177.,  -339073.
     2178.,  -339073.
     2179.,  -339073.
     2180.,  -339073.
     2181.,  -339073.
     2182.,  -339073.
     2183.,  -339073.
     2184.,  -339073.
     2185.,  -339073.
     2186.,  -339073.
     2187.,  -339073.
     2188.,  -339073.
     2189.,  -339073.
     2190.,  -339073.
     2191.,  -339073.
     2192.,  -339073.
     2193.,  -339073.
     2194.,  -339073.
     2195.,  -339073.
     2196.,  -339073.
     2197.,  -339073.
     2198.,  -339073.
     2199.,  -339073.
     2200.,  -339073.
     2201.,  -339073.
     2202.,  -339073.
     2203.,  -339073.
     2204.,  -339073.
     2205.,  -339073.
     2206.,  -339073.
     2207.,  -339073.
     2208.,  -339073.
     2209.,  -339073.
     2210.,  -339073.
     2211.,  -340721.
     2212.,  -340721.
     2213.,  -340721.
     2214.,  -340721.
     2215.,  -340721.
     2216.,  -340721.
     2217.,  -340721.
     2218.,  -340721.
     2219.,  -340721.
     2220.,  -340721.
     2221.,  -340721.
     2222.,  -340721.
     2223.,  -340721.
     2224.,  -340721.
     2225.,  -340721.
     2226.,  -340721.
     2227.,  -340721.
     2228.,  -340721.
     2229.,  -340721.
     2230.,  -340721.
     2231.,  -340721.
     2232.,  -340721.
     2233.,  -340721.
     2234.,  -340721.
     2235.,  -340721.
     2236.,  -340721.
     2237.,  -340721.
     2238.,  -340721.
     2239.,  -340721.
     2240.,  -340721.
     2241.,  -340721.
     2242.,  -340721.
     2243.,  -340721.
     2244.,  -340721.
     2245.,  -340721.
     2246.,  -340721.
     2247.,  -340721.
     2248.,  -340721.
     2249.,  -340721.
     2250.,  -340721.
     2251.,  -340721.
     2252.,  -340721.
     2253.,  -340721.
     2254.,  -340721.
     2255.,  -340721.
     2256.,  -340721.
     2257.,  -340721.
     2258.,  -340721.
     2259.,  -340721.
     2260.,  -340721.
     2261.,  -340721.
     2262.,  -340721.
     2263.,  -340721.
     2264.,  -340721.
     2265.,  -340721.
     2266.,  -340721.
     2267.,  -340721.
     2268.,  -340721.
     2269.,  -340721.
     2270.,  -340721.
     2271.,  -340721.
     2272.,  -340721.
     2273.,  -340721.
     2274.,  -340721.
     2275.,  -340721.
     2276.,  -340721.
     2277.,  -340721.
     2278.,  -340721.
     2279.,  -340721.
     2280.,  -340721.
     2281.,  -340721.
     2282.,  -340721.
     2283.,  -340721.
     2284.,  -340721.
     2285.,  -340721.
     2286.,  -340721.
     2287.,  -340721.
     2288.,  -340721.
     2289.,  -340721.
     2290.,  -340721.
     2291.,  -340721.
     2292.,  -340721.
     2293.,  -340721.
     2294.,  -340721.
     2295.,  -340721.
     2296.,  -340721.
     2297.,  -340721.
     2298.,  -340721.
     2299.,  -340721.
     2300.,  -340721.
     2301.,  -340721.
     2302.,  -340721.
     2303.,  -340721.
     2304.,  -340721.
     2305.,  -340721.
     2306.,  -340721.
     2307.,  -340721.
     2308.,  -340721.
     2309.,  -340721.
     2310.,  -340721.
     2311.,  -340721.
     2312.,  -340721.
     2313.,  -340721.
     2314.,  -340721.
     2315.,  -340721.
     2316.,  -340721.
     2317.,  -340721.
     2318.,  -340721.
     2319.,  -340721.
     2320.,  -340721.
     2321.,  -340721.
     2322.,  -340721.
     2323.,  -340721.
     2324.,  -340721.
     2325.,  -340721.
     2326.,  -340721.
     2327.,  -340721.
     2328.,  -340721.
     2329.,  -340721.
     2330.,  -340721.
     2331.,  -340721.
     2332.,  -340721.
     2333.,  -340721.
     2334.,  -340721.
     2335.,  -340721.
     2336.,  -340721.
     2337.,  -340721.
     2338.,  -340721.
     2339.,  -340721.
     2340.,  -340721.
     2341.,  -340721.
     2342.,  -340721.
     2343.,  -340721.
     2344.,  -340721.
     2345.,  -340721.
     2346.,  -340721.
     2347.,  -340721.
     2348.,  -340721.
     2349.,  -340721.
     2350.,  -339071.
     2351.,  -340721.
     2352.,  -340721.
     2353.,  -340721.
     2354.,  -340721.
     2355.,  -340721.
     2356.,  -340721.
     2357.,  -340721.
     2358.,  -340721.
     2359.,  -340721.
     2360.,  -339611.
     2361.,  -340721.
     2362.,  -340721.
     2363.,  -340721.
     2364.,  -339611.
     2365.,  -340721.
     2366.,  -340721.
     2367.,  -340721.
     2368.,  -340721.
     2369.,  -340721.
     2370.,  -340721.
     2371.,  -340721.
     2372.,  -340721.
     2373.,  -340721.
     2374.,  -340721.
     2375.,  -340721.
     2376.,  -340721.
     2377.,  -339611.
     2378.,  -340721.
     2379.,  -340721.
     2380.,  -340721.
     2381.,  -340721.
     2382.,  -340721.
     2383.,  -339611.
     2384.,  -340721.
     2385.,  -340721.
     2386.,  -340721.
     2387.,  -340721.
     2388.,  -340721.
     2389.,  -340721.
     2390.,  -340721.
     2391.,  -340721.
     2392.,  -340721.
     2393.,  -340721.
     2394.,  -340721.
     2395.,  -340721.
     2396.,  -339611.
     2397.,  -340721.
     2398.,  -340721.
     2399.,  -340721.
     2400.,  -340721.
     2401.,  -340721.
     2402.,  -340721.
     2403.,  -340721.
     2404.,  -339611.
     2405.,  -340721.
     2406.,  -340721.
     2407.,  -340721.
     2408.,  -340721.
     2409.,  -340721.
     2410.,  -340721.
     2411.,  -340721.
     2412.,  -340721.
     2413.,  -340721.
     2414.,  -340721.
     2415.,  -340721.
     2416.,  -340721.
     2417.,  -340721.
     2418.,  -340721.
     2419.,  -339611.
     2420.,  -340721.
     2421.,  -340721.
     2422.,  -340721.
     2423.,  -340721.
     2424.,  -340721.
     2425.,  -340721.
     2426.,  -340721.
     2427.,  -340721.
     2428.,  -340721.
     2429.,  -339611.
     2430.,  -340721.
     2431.,  -340721.
     2432.,  -340721.
     2433.,  -340721.
     2434.,  -340721.
     2435.,  -340721.
     2436.,  -340721.
     2437.,  -340721.
     2438.,  -340721.
     2439.,  -340721.
     2440.,  -340721.
     2441.,  -340721.
     2442.,  -340721.
     2443.,  -340721.
     2444.,  -339611.
     2445.,  -340721.
     2446.,  -340721.
     2447.,  -340721.
     2448.,  -340721.
     2449.,  -340721.
     2450.,  -340721.
     2451.,  -340721.
     2452.,  -340721.
     2453.,  -340721.
     2454.,  -339611.
     2455.,  -340721.
     2456.,  -340721.
     2457.,  -340721.
     2458.,  -340721.
     2459.,  -340721.
     2460.,  -340721.
     2461.,  -340721.
     2462.,  -340721.
     2463.,  -340721.
     2464.,  -340721.
     2465.,  -340721.
     2466.,  -340721.
     2467.,  -340721.
     2468.,  -340721.
     2469.,  -339611.
     2470.,  -340721.
     2471.,  -340721.
     2472.,  -340721.
     2473.,  -340721.
     2474.,  -340721.
     2475.,  -340721.
     2476.,  -340721.
     2477.,  -340721.
     2478.,  -340721.
     2479.,  -339611.
     2480.,  -340721.
     2481.,  -340721.
     2482.,  -340721.
     2483.,  -340721.
     2484.,  -340721.
     2485.,  -340721.
     2486.,  -340721.
     2487.,  -340721.
     2488.,  -340721.
     2489.,  -340721.
     2490.,  -340721.
     2491.,  -340721.
     2492.,  -339611.
     2493.,  -340721.
     2494.,  -340721.
     2495.,  -340721.
     2496.,  -340721.
     2497.,  -340721.
     2498.,  -340721.
     2499.,  -340721.
     2500.,  -339611.
     2501.,  -340721.
     2502.,  -340721.
     2503.,  -340721.
     2504.,  -340721.
     2505.,  -340721.
     2506.,  -340721.
     2507.,  -340721.
     2508.,  -340721.
     2509.,  -340721.
     2510.,  -340721.
     2511.,  -339611.
     2512.,  -340721.
     2513.,  -340721.
     2514.,  -340721.
     2515.,  -340721.
     2516.,  -340721.
     2517.,  -339611.
     2518.,  -340721.
     2519.,  -340721.
     2520.,  -340721.
     2521.,  -340721.
     2522.,  -340721.
     2523.,  -340721.
     2524.,  -340721.
     2525.,  -340721.
     2526.,  -340721.
     2527.,  -340721.
     2528.,  -339611.
     2529.,  -340721.
     2530.,  -340721.
     2531.,  -340721.
     2532.,  -339611.
     2533.,  -340721.
     2534.,  -340721.
     2535.,  -340721.
     2536.,  -340721.
     2537.,  -340721.
     2538.,  -340721.
     2539.,  -339499.
     2540.,  -339499.
     2541.,  -339499.
     2542.,  -339499.
     2543.,  -339499.
     2544.,  -340721.
     2545.,  -340721.
     2546.,  -340721.
     2547.,  -340721.
     2548.,  -340721.
     2549.,  -340721.
     2550.,  -340721.
     2551.,  -340721.
     2552.,  -340721.
     2553.,  -340721.
     2554.,  -340721.
     2555.,  -340721.
     2556.,  -340721.
     2557.,  -340721.
     2558.,  -340721.
     2559.,  -340721.
     2560.,  -340721.
     2561.,  -340721.
     2562.,  -340721.
     2563.,  -340721.
     2564.,  -340721.
     2565.,  -340721.
     2566.,  -340721.
     2567.,  -340721.
     2568.,  -340721.
     2569.,  -340721.
     2570.,  -340721.
     2571.,  -340721.
     2572.,  -340721.
     2573.,  -340721.
     2574.,  -340721.
     2575.,  -340721.
     2576.,  -340721.
     2577.,  -340721.
     2578.,  -340721.
     2579.,  -340721.
     2580.,  -340721.
     2581.,  -340721.
     2582.,  -340721.
     2583.,  -340721.
     2584.,  -340721.
     2585.,  -340721.
     2586.,  -340721.
     2587.,  -340721.
     2588.,  -340721.
     2589.,  -340721.
     2590.,  -340721.
     2591.,  -340721.
     2592.,  -340721.
     2593.,  -340721.
     2594.,  -340721.
     2595.,  -340721.
     2596.,  -340721.
     2597.,  -340721.
     2598.,  -340721.
     2599.,  -340721.
     2600.,  -340721.
     2601.,  -340721.
     2602.,  -340721.
     2603.,  -340721.
     2604.,  -340721.
     2605.,  -340721.
     2606.,  -340721.
     2607.,  -340721.
     2608.,  -340721.
     2609.,  -340721.
     2610.,  -340721.
     2611.,  -340721.
     2612.,  -340721.
     2613.,  -340721.
     2614.,  -340721.
     2615.,  -340721.
     2616.,  -340721.
     2617.,  -340721.
     2618.,  -340721.
     2619.,  -340721.
     2620.,  -340721.
     2621.,  -340721.
     2622.,  -340721.
     2623.,  -340721.
     2624.,  -340721.
     2625.,  -340721.
     2626.,  -339475.
     2627.,  -339475.
     2628.,  -339475.
     2629.,  -340721.
     2630.,  -340721.
     2631.,  -340721.
     2632.,  -340721.
     2633.,  -340721.
     2634.,  -340721.
     2635.,  -340721.
     2636.,  -340721.
     2637.,  -340721.
     2638.,  -340721.
     2639.,  -340721.
     2640.,  -340721.
     2641.,  -340721.
     2642.,  -340721.
     2643.,  -340721.
     2644.,  -340721.
     2645.,  -340721.
     2646.,  -340721.
     2647.,  -340721.
     2648.,  -340721.
     2649.,  -340721.
     2650.,  -340721.
     2651.,  -340721.
     2652.,  -340721.
     2653.,  -340721.
     2654.,  -340721.
     2655.,  -340721.
     2656.,  -340721.
     2657.,  -340721.
     2658.,  -340721.
     2659.,  -340721.
     2660.,  -340721.
     2661.,  -340721.
     2662.,  -340721.
     2663.,  -340721.
     2664.,  -340721.
     2665.,  -340721.
     2666.,  -340721.
     2667.,  -340721.
     2668.,  -340721.
     2669.,  -340721.
     2670.,  -340721.
     2671.,  -340721.
     2672.,  -340721.
     2673.,  -340721.
     2674.,  -340721.
     2675.,  -340721.
     2676.,  -340721.
     2677.,  -340721.
     2678.,  -340721.
     2679.,  -340721.
     2680.,  -340721.
     2681.,  -340721.
     2682.,  -340721.
     2683.,  -340721.
     2684.,  -340721.
     2685.,  -340721.
     2686.,  -340721.
     2687.,  -340721.
     2688.,  -340721.
     2689.,  -340721.
     2690.,  -340721.
     2691.,  -340721.
     2692.,  -340721.
     2693.,  -340721.
     2694.,  -340721.
     2695.,  -340721.
     2696.,  -340721.
     2697.,  -340721.
     2698.,  -340721.
     2699.,  -340721.
     2700.,  -340721.
     2701.,  -340721.
     2702.,  -340721.
     2703.,  -340721.
     2704.,  -340721.
     2705.,  -340721.
     2706.,  -340721.
     2707.,  -340721.
     2708.,  -340721.
     2709.,  -340721.
     2710.,  -340721.
     2711.,  -340721.
     2712.,  -340721.
     2713.,  -340721.
     2714.,  -340721.
     2715.,  -340721.
     2716.,  -340721.
     2717.,  -340721.
     2718.,  -340721.
     2719.,  -338061.
     2720.,  -340721.
     2721.,  -340721.
     2722.,  -340721.
     2723.,  -338061.
     2724.,  -338085.
     2725.,  -338085.
     2726.,  -336751.
     2727.,  -338061.
     2728.,  -340721.
     2729.,  -340721.
     2730.,  -339411.
     2731.,  -338085.
     2732.,  -340721.
     2733.,  -340721.
     2734.,  -340721.
     2735.,  -340721.
     2736.,  -340721.
     2737.,  -338085.
     2738.,  -338085.
     2739.,  -340721.
     2740.,  -340721.
     2741.,  -340721.
     2742.,  -340721.
     2743.,  -340721.
     2744.,  -340721.
     2745.,  -340721.
     2746.,  -339427.
     2747.,  -338149.
     2748.,  -340721.
     2749.,  -339411.
     2750.,  -340721.
     2751.,  -340721.
     2752.,  -338085.
     2753.,  -338117.
     2754.,  -338117.
     2755.,  -338117.
     2756.,  -340721.
     2757.,  -339443.
     2758.,  -338149.
     2759.,  -338149.
     2760.,  -340721.
     2761.,  -340721.
     2762.,  -340721.
     2763.,  -340721.
     2764.,  -340721.
     2765.,  -339427.
     2766.,  -340721.
     2767.,  -340721.
     2768.,  -340721.
     2769.,  -338181.
     2770.,  -338181.
     2771.,  -338181.
     2772.,  -340721.
     2773.,  -338149.
     2774.,  -339443.
     2775.,  -340721.
     2776.,  -338149.
     2777.,  -338181.
     2778.,  -338149.
     2779.,  -338149.
     2780.,  -340721.
     2781.,  -340721.
     2782.,  -339475.
     2783.,  -338245.
     2784.,  -340721.
     2785.,  -339459.
     2786.,  -340721.
     2787.,  -340721.
     2788.,  -338181.
     2789.,  -338213.
     2790.,  -338213.
     2791.,  -338213.
     2792.,  -340721.
     2793.,  -339475.
     2794.,  -339475.
     2795.,  -339475.
     2796.,  -340721.
     2797.,  -340721.
     2798.,  -340721.
     2799.,  -340721.
     2800.,  -340721.
     2801.,  -339475.
     2802.,  -340721.
     2803.,  -340721.
     2804.,  -340721.
     2805.,  -339491.
     2806.,  -339491.
     2807.,  -339491.
     2808.,  -340721.
     2809.,  -339475.
     2810.,  -339475.
     2811.,  -340721.
     2812.,  -338245.
     2813.,  -339491.
     2814.,  -339491.
     2815.,  -338245.
     2816.,  -338245.
     2817.,  -338245.
     2818.,  -340721.
     2819.,  -339491.
     2820.,  -339491.
     2821.,  -340721.
     2822.,  -339491.
     2823.,  -339491.
     2824.,  -340721.
     2825.,  -340721.
     2826.,  -340721.
     2827.,  -340721.
     2828.,  -340721.
     2829.,  -340721.
     2830.,  -340721.
     2831.,  -340721.
     2832.,  -340721.
     2833.,  -338181.
     2834.,  -338181.
     2835.,  -340721.
     2836.,  -338181.
     2837.,  -339459.
     2838.,  -340721.
     2839.,  -340721.
     2840.,  -340721.
     2841.,  -340721.
     2842.,  -340721.
     2843.,  -340721.
     2844.,  -339419.
     2845.,  -340721.
     2846.,  -340721.
     2847.,  -338133.
     2848.,  -340721.
     2849.,  -340721.
     2850.,  -340721.
     2851.,  -340721.
     2852.,  -340721.
     2853.,  -340721.
     2854.,  -339435.
     2855.,  -338133.
     2856.,  -338165.
     2857.,  -339451.
     2858.,  -340721.
     2859.,  -338165.
     2860.,  -340721.
     2861.,  -340721.
     2862.,  -340721.
     2863.,  -340721.
     2864.,  -340721.
     2865.,  -340721.
     2866.,  -340721.
     2867.,  -339451.
     2868.,  -339467.
     2869.,  -340721.
     2870.,  -340721.
     2871.,  -338229.
     2872.,  -340721.
     2873.,  -340721.
     2874.,  -340721.
     2875.,  -340721.
     2876.,  -340721.
     2877.,  -340721.
     2878.,  -339467.
     2879.,  -339467.
     2880.,  -339483.
     2881.,  -339483.
     2882.,  -339483.
     2883.,  -339483.
     2884.,  -340721.
     2885.,  -340721.
     2886.,  -340721.
     2887.,  -340721.
     2888.,  -340721.
     2889.,  -340721.
     2890.,  -340721.
     2891.,  -340721.
     2892.,  -340721.
     2893.,  -339483.
     2894.,  -339499.
     2895.,  -339499.
     2896.,  -338261.
     2897.,  -338261.
     2898.,  -339499.
     2899.,  -340721.
     2900.,  -340721.
     2901.,  -340721.
     2902.,  -340721.
     2903.,  -340721.
     2904.,  -340721.
     2905.,  -340721.
     2906.,  -340721.
     2907.,  -340721.
     2908.,  -339611.
     2909.,  -339611.
     2910.,  -340721.
     2911.,  -340721.
     2912.,  -340721.
     2913.,  -340721.
     2914.,  -340721.
     2915.,  -340721.
     2916.,  -340721.
     2917.,  -340721.
     2918.,  -340721.
     2919.,  -340721.
     2920.,  -340721.
     2921.,  -340721.
     2922.,  -340721.
     2923.,  -340721.
     2924.,  -340721.
     2925.,  -339611.
     2926.,  -339611.
     2927.,  -340721.
     2928.,  -340721.
     2929.,  -340721.
     2930.,  -340721.
     2931.,  -340721.
     2932.,  -340721.
     2933.,  -340721.
     2934.,  -340721.
     2935.,  -340721.
     2936.,  -340721.
     2937.,  -340721.
     2938.,  -340721.
     2939.,  -340721.
     2940.,  -340721.
     2941.,  -340721.
     2942.,  -340721.
     2943.,  -340721.
     2944.,  -339611.
     2945.,  -339611.
     2946.,  -340721.
     2947.,  -340721.
     2948.,  -340721.
     2949.,  -340721.
     2950.,  -340721.
     2951.,  -340721.
     2952.,  -340721.
     2953.,  -340721.
     2954.,  -340721.
     2955.,  -340721.
     2956.,  -340721.
     2957.,  -340721.
     2958.,  -340721.
     2959.,  -340721.
     2960.,  -340721.
     2961.,  -340721.
     2962.,  -340721.
     2963.,  -340721.
     2964.,  -340721.
     2965.,  -340721.
     2966.,  -340721.
     2967.,  -339611.
     2968.,  -339611.
     2969.,  -340721.
     2970.,  -340721.
     2971.,  -340721.
     2972.,  -340721.
     2973.,  -340721.
     2974.,  -340721.
     2975.,  -340721.
     2976.,  -340721.
     2977.,  -340721.
     2978.,  -340721.
     2979.,  -340721.
     2980.,  -340721.
     2981.,  -340721.
     2982.,  -340721.
     2983.,  -340721.
     2984.,  -340721.
     2985.,  -340721.
     2986.,  -340721.
     2987.,  -340721.
     2988.,  -340721.
     2989.,  -340721.
     2990.,  -340721.
     2991.,  -340721.
     2992.,  -339611.
     2993.,  -339611.
     2994.,  -340721.
     2995.,  -340721.
     2996.,  -340721.
     2997.,  -340721.
     2998.,  -340721.
     2999.,  -340721.
     3000.,  -340721.
     3001.,  -340721.
     3002.,  -340721.
     3003.,  -340721.
     3004.,  -340721.
     3005.,  -340721.
     3006.,  -340721.
     3007.,  -340721.
     3008.,  -340721.
     3009.,  -340721.
     3010.,  -340721.
     3011.,  -340721.
     3012.,  -340721.
     3013.,  -340721.
     3014.,  -340721.
     3015.,  -340721.
     3016.,  -340721.
     3017.,  -339611.
     3018.,  -339611.
     3019.,  -340721.
     3020.,  -340721.
     3021.,  -340721.
     3022.,  -340721.
     3023.,  -340721.
     3024.,  -340721.
     3025.,  -340721.
     3026.,  -340721.
     3027.,  -340721.
     3028.,  -340721.
     3029.,  -340721.
     3030.,  -340721.
     3031.,  -340721.
     3032.,  -340721.
     3033.,  -340721.
     3034.,  -340721.
     3035.,  -340721.
     3036.,  -340721.
     3037.,  -340721.
     3038.,  -340721.
     3039.,  -340721.
     3040.,  -339611.
     3041.,  -339611.
     3042.,  -340721.
     3043.,  -340721.
     3044.,  -340721.
     3045.,  -340721.
     3046.,  -340721.
     3047.,  -340721.
     3048.,  -340721.
     3049.,  -340721.
     3050.,  -340721.
     3051.,  -340721.
     3052.,  -340721.
     3053.,  -340721.
     3054.,  -340721.
     3055.,  -340721.
     3056.,  -340721.
     3057.,  -340721.
     3058.,  -340721.
     3059.,  -339611.
     3060.,  -339611.
     3061.,  -340721.
     3062.,  -340721.
     3063.,  -340721.
     3064.,  -340721.
     3065.,  -340721.
     3066.,  -340721.
     3067.,  -340721.
     3068.,  -340721.
     3069.,  -340721.
     3070.,  -340721.
     3071.,  -340721.
     3072.,  -340721.
     3073.,  -340721.
     3074.,  -340721.
     3075.,  -340721.
     3076.,  -339611.
     3077.,  -339611.
     3078.,  -340721.
     3079.,  -340721.
     3080.,  -340721.
     3081.,  -340721.
     3082.,  -340721.
     3083.,  -339071.
     3084.,  -340721.
     3085.,  -340721.
     3086.,  -340721.
     3087.,  -340721.
     3088.,  -339491.
     3089.,  -340721.
     3090.,  -340721.
     3091.,  -339491.
     3092.,  -339483.
     3093.,  -339483.
     3094.,  -338229.
     3095.,  -338229.
     3096.,  -338229.
     3097.,  -338229.
     3098.,  -338197.
     3099.,  -338197.
     3100.,  -338197.
     3101.,  -338165.
     3102.,  -338165.
     3103.,  -338165.
     3104.,  -338165.
     3105.,  -338133.
     3106.,  -338133.
     3107.,  -336815.
     3108.,  -338101.
     3109.,  -338101.
     3110.,  -336767.
     3111.,  -338069.
     3112.,  -338069.
     3113.,  -338069.
     3114.,  -338061.
     3115.,  -338061.
     3116.,  -338061.
     3117.,  -338085.
     3118.,  -338085.
     3119.,  -338085.
     3120.,  -338117.
     3121.,  -338117.
     3122.,  -338117.
     3123.,  -338149.
     3124.,  -338149.
     3125.,  -338149.
     3126.,  -338181.
     3127.,  -338181.
     3128.,  -338181.
     3129.,  -338213.
     3130.,  -338213.
     3131.,  -338213.
     3132.,  -338245.
     3133.,  -338245.
     3134.,  -338245.
     3135.,  -338245.
     3136.,  -339491.
     3137.,  -339491.
     3138.,  -338229.
     3139.,  -338229.
     3140.,  -338229.
     3141.,  -338229.
     3142.,  -339483.
     3143.,  -339483.
     3144.,  -339483.
     3145.,  -339483.
     3146.,  -339483.
     3147.,  -340721.
     3148.,  -340721.
     3149.,  -340721.
     3150.,  -339451.
     3151.,  -339451.
     3152.,  -338165.
     3153.,  -340721.
     3154.,  -339467.
     3155.,  -340721.
     3156.,  -340721.
     3157.,  -339467.
     3158.,  -338197.
     3159.,  -338197.
     3160.,  -338197.
     3161.,  -340721.
     3162.,  -339435.
     3163.,  -338133.
     3164.,  -338133.
     3165.,  -340721.
     3166.,  -338165.
     3167.,  -339451.
     3168.,  -340721.
     3169.,  -338165.
     3170.,  -338133.
     3171.,  -338165.
     3172.,  -338165.
     3173.,  -340721.
     3174.,  -340721.
     3175.,  -339403.
     3176.,  -338101.
     3177.,  -340721.
     3178.,  -339419.
     3179.,  -340721.
     3180.,  -340721.
     3181.,  -340721.
     3182.,  -340721.
     3183.,  -338133.
     3184.,  -338101.
     3185.,  -338101.
     3186.,  -336815.
     3187.,  -340721.
     3188.,  -340721.
     3189.,  -340721.
     3190.,  -339387.
     3191.,  -338061.
     3192.,  -338061.
     3193.,  -340721.
     3194.,  -339403.
     3195.,  -340721.
     3196.,  -340721.
     3197.,  -336767.
     3198.,  -338069.
     3199.,  -338069.
     3200.,  -338069.
     3201.,  -340721.
     3202.,  -340721.
     3203.,  -338061.
     3204.,  -338061.
     3205.,  -340721.
     3206.,  -340721.
     3207.,  -340721.
     3208.,  -340721.
     3209.,  -340721.
     3210.,  -338061.
     3211.,  -339387.
     3212.,  -340721.
     3213.,  -340721.
     3214.,  -340721.
     3215.,  -340721.
     3216.,  -339467.
     3217.,  -339467.
     3218.,  -340721.
     3219.,  -340721.
     3220.,  -340721.
     3221.,  -338085.
     3222.,  -338085.
     3223.,  -340719.
     3224.,  -340719.
     3225.,  -340719.
     3226.,  -340719.
     3227.,  -337667.
     3228.,  -337667.
     3229.,  -340719.
     3230.,  -340719.
     3231.,  -340719.
     3232.,  -339321.
     3233.,  -339321.
     3234.,  -340719.
     3235.,  -340719.
     3236.,  -340719.
     3237.,  -340719.
     3238.,  -339161.
     3239.,  -337619.
     3240.,  -340719.
     3241.,  -340719.
     3242.,  -340719.
     3243.,  -340719.
     3244.,  -337619.
     3245.,  -337619.
     3246.,  -340719.
     3247.,  -340719.
     3248.,  -340719.
     3249.,  -337635.
     3250.,  -337635.
     3251.,  -337635.
     3252.,  -340719.
     3253.,  -340719.
     3254.,  -339193.
     3255.,  -336141.
     3256.,  -337619.
     3257.,  -337619.
     3258.,  -339161.
     3259.,  -340719.
     3260.,  -340719.
     3261.,  -340719.
     3262.,  -340719.
     3263.,  -337699.
     3264.,  -337699.
     3265.,  -336237.
     3266.,  -340719.
     3267.,  -340719.
     3268.,  -340719.
     3269.,  -340719.
     3270.,  -339225.
     3271.,  -337763.
     3272.,  -337699.
     3273.,  -339193.
     3274.,  -340719.
     3275.,  -340719.
     3276.,  -340719.
     3277.,  -337763.
     3278.,  -337827.
     3279.,  -337827.
     3280.,  -340719.
     3281.,  -339289.
     3282.,  -337827.
     3283.,  -337827.
     3284.,  -337763.
     3285.,  -337763.
     3286.,  -339257.
     3287.,  -340719.
     3288.,  -340719.
     3289.,  -337891.
     3290.,  -337891.
     3291.,  -337891.
     3292.,  -340719.
     3293.,  -340719.
     3294.,  -339321.
     3295.,  -339321.
     3296.,  -337827.
     3297.,  -339289.
     3298.,  -339289.
     3299.,  -340719.
     3300.,  -340719.
     3301.,  -340719.
     3302.,  -340719.
     3303.,  -339353.
     3304.,  -339353.
     3305.,  -337955.
     3306.,  -337955.
     3307.,  -337955.
     3308.,  -337955.
     3309.,  -339353.
     3310.,  -339353.
     3311.,  -339353.
     3312.,  -339353.
     3313.,  -339353.
     3314.,  -337955.
     3315.,  -337955.
     3316.,  -337955.
     3317.,  -337955.
     3318.,  -337891.
     3319.,  -337891.
     3320.,  -337891.
     3321.,  -337827.
     3322.,  -337827.
     3323.,  -337827.
     3324.,  -337827.
     3325.,  -337763.
     3326.,  -337763.
     3327.,  -336237.
     3328.,  -337699.
     3329.,  -337699.
     3330.,  -336141.
     3331.,  -337635.
     3332.,  -337635.
     3333.,  -337635.
     3334.,  -337619.
     3335.,  -337619.
     3336.,  -337619.
     3337.,  -337667.
     3338.,  -337667.
     3339.,  -337667.
     3340.,  -337731.
     3341.,  -337731.
     3342.,  -337731.
     3343.,  -337795.
     3344.,  -337795.
     3345.,  -337795.
     3346.,  -337859.
     3347.,  -337859.
     3348.,  -337859.
     3349.,  -337923.
     3350.,  -337923.
     3351.,  -337923.
     3352.,  -337987.
     3353.,  -337987.
     3354.,  -337987.
     3355.,  -337987.
     3356.,  -339369.
     3357.,  -339369.
     3358.,  -340719.
     3359.,  -340719.
     3360.,  -339369.
     3361.,  -339369.
     3362.,  -339069.
     3363.,  -340719.
     3364.,  -340719.
     3365.,  -340719.
     3366.,  -340719.
     3367.,  -340719.
     3368.,  -340719.
     3369.,  -340719.
     3370.,  -340719.
     3371.,  -340719.
     3372.,  -339601.
     3373.,  -340719.
     3374.,  -340719.
     3375.,  -340719.
     3376.,  -339601.
     3377.,  -340719.
     3378.,  -340719.
     3379.,  -340719.
     3380.,  -340719.
     3381.,  -340719.
     3382.,  -340719.
     3383.,  -340719.
     3384.,  -340719.
     3385.,  -340719.
     3386.,  -340719.
     3387.,  -340719.
     3388.,  -340719.
     3389.,  -339601.
     3390.,  -340719.
     3391.,  -340719.
     3392.,  -340719.
     3393.,  -340719.
     3394.,  -340719.
     3395.,  -339601.
     3396.,  -340719.
     3397.,  -340719.
     3398.,  -340719.
     3399.,  -340719.
     3400.,  -340719.
     3401.,  -340719.
     3402.,  -340719.
     3403.,  -340719.
     3404.,  -340719.
     3405.,  -340719.
     3406.,  -340719.
     3407.,  -340719.
     3408.,  -339601.
     3409.,  -340719.
     3410.,  -340719.
     3411.,  -340719.
     3412.,  -340719.
     3413.,  -340719.
     3414.,  -340719.
     3415.,  -340719.
     3416.,  -339601.
     3417.,  -340719.
     3418.,  -340719.
     3419.,  -340719.
     3420.,  -340719.
     3421.,  -340719.
     3422.,  -340719.
     3423.,  -340719.
     3424.,  -340719.
     3425.,  -340719.
     3426.,  -340719.
     3427.,  -340719.
     3428.,  -340719.
     3429.,  -340719.
     3430.,  -340719.
     3431.,  -339601.
     3432.,  -340719.
     3433.,  -340719.
     3434.,  -340719.
     3435.,  -340719.
     3436.,  -340719.
     3437.,  -340719.
     3438.,  -340719.
     3439.,  -340719.
     3440.,  -340719.
     3441.,  -339601.
     3442.,  -340719.
     3443.,  -340719.
     3444.,  -340719.
     3445.,  -340719.
     3446.,  -340719.
     3447.,  -340719.
     3448.,  -340719.
     3449.,  -340719.
     3450.,  -340719.
     3451.,  -340719.
     3452.,  -340719.
     3453.,  -340719.
     3454.,  -340719.
     3455.,  -340719.
     3456.,  -339601.
     3457.,  -340719.
     3458.,  -340719.
     3459.,  -340719.
     3460.,  -340719.
     3461.,  -340719.
     3462.,  -340719.
     3463.,  -340719.
     3464.,  -340719.
     3465.,  -340719.
     3466.,  -339601.
     3467.,  -340719.
     3468.,  -340719.
     3469.,  -340719.
     3470.,  -340719.
     3471.,  -340719.
     3472.,  -340719.
     3473.,  -340719.
     3474.,  -340719.
     3475.,  -340719.
     3476.,  -340719.
     3477.,  -340719.
     3478.,  -340719.
     3479.,  -340719.
     3480.,  -340719.
     3481.,  -339601.
     3482.,  -340719.
     3483.,  -340719.
     3484.,  -340719.
     3485.,  -340719.
     3486.,  -340719.
     3487.,  -340719.
     3488.,  -340719.
     3489.,  -340719.
     3490.,  -340719.
     3491.,  -339601.
     3492.,  -340719.
     3493.,  -340719.
     3494.,  -340719.
     3495.,  -340719.
     3496.,  -340719.
     3497.,  -340719.
     3498.,  -340719.
     3499.,  -340719.
     3500.,  -340719.
     3501.,  -340719.
     3502.,  -340719.
     3503.,  -340719.
     3504.,  -339601.
     3505.,  -340719.
     3506.,  -340719.
     3507.,  -340719.
     3508.,  -340719.
     3509.,  -340719.
     3510.,  -340719.
     3511.,  -340719.
     3512.,  -339601.
     3513.,  -340719.
     3514.,  -340719.
     3515.,  -340719.
     3516.,  -340719.
     3517.,  -340719.
     3518.,  -340719.
     3519.,  -340719.
     3520.,  -340719.
     3521.,  -340719.
     3522.,  -340719.
     3523.,  -339601.
     3524.,  -340719.
     3525.,  -340719.
     3526.,  -340719.
     3527.,  -340719.
     3528.,  -340719.
     3529.,  -339601.
     3530.,  -340719.
     3531.,  -340719.
     3532.,  -340719.
     3533.,  -340719.
     3534.,  -340719.
     3535.,  -340719.
     3536.,  -340719.
     3537.,  -340719.
     3538.,  -340719.
     3539.,  -340719.
     3540.,  -339601.
     3541.,  -340719.
     3542.,  -340719.
     3543.,  -340719.
     3544.,  -339601.
     3545.,  -340719.
     3546.,  -340719.
     3547.,  -340719.
     3548.,  -340719.
     3549.,  -340719.
     3550.,  -340719.
     3551.,  -338011.
     3552.,  -338011.
     3553.,  -339377.
     3554.,  -339377.
     3555.,  -339377.
     3556.,  -339353.
     3557.,  -340719.
     3558.,  -340719.
     3559.,  -340719.
     3560.,  -340719.
     3561.,  -340719.
     3562.,  -340719.
     3563.,  -340719.
     3564.,  -340719.
     3565.,  -340719.
     3566.,  -339353.
     3567.,  -339353.
     3568.,  -339353.
     3569.,  -339353.
     3570.,  -339321.
     3571.,  -339321.
     3572.,  -340719.
     3573.,  -340719.
     3574.,  -340719.
     3575.,  -340719.
     3576.,  -340719.
     3577.,  -340719.
     3578.,  -340719.
     3579.,  -340719.
     3580.,  -339321.
     3581.,  -337955.
     3582.,  -339289.
     3583.,  -340719.
     3584.,  -340719.
     3585.,  -340719.
     3586.,  -340719.
     3587.,  -340719.
     3588.,  -340719.
     3589.,  -340719.
     3590.,  -340719.
     3591.,  -339289.
     3592.,  -337827.
     3593.,  -337827.
     3594.,  -337763.
     3595.,  -339257.
     3596.,  -340719.
     3597.,  -340719.
     3598.,  -340719.
     3599.,  -340719.
     3600.,  -340719.
     3601.,  -340719.
     3602.,  -340719.
     3603.,  -340719.
     3604.,  -339225.
     3605.,  -337763.
     3606.,  -340719.
     3607.,  -340719.
     3608.,  -340719.
     3609.,  -340719.
     3610.,  -340719.
     3611.,  -340719.
     3612.,  -339305.
     3613.,  -337859.
     3614.,  -337859.
     3615.,  -337859.
     3616.,  -340719.
     3617.,  -340719.
     3618.,  -340719.
     3619.,  -340719.
     3620.,  -340719.
     3621.,  -340719.
     3622.,  -340719.
     3623.,  -340719.
     3624.,  -340719.
     3625.,  -340719.
     3626.,  -339369.
     3627.,  -339369.
     3628.,  -339369.
     3629.,  -339369.
     3630.,  -340719.
     3631.,  -340719.
     3632.,  -339369.
     3633.,  -339369.
     3634.,  -337987.
     3635.,  -337987.
     3636.,  -337987.
     3637.,  -340719.
     3638.,  -339337.
     3639.,  -339337.
     3640.,  -337987.
     3641.,  -339369.
     3642.,  -339369.
     3643.,  -339369.
     3644.,  -340719.
     3645.,  -340719.
     3646.,  -340719.
     3647.,  -340719.
     3648.,  -339337.
     3649.,  -340719.
     3650.,  -340719.
     3651.,  -340719.
     3652.,  -340719.
     3653.,  -339337.
     3654.,  -339337.
     3655.,  -339337.
     3656.,  -340719.
     3657.,  -340719.
     3658.,  -337923.
     3659.,  -337923.
     3660.,  -337923.
     3661.,  -340719.
     3662.,  -340719.
     3663.,  -339305.
     3664.,  -337859.
     3665.,  -337987.
     3666.,  -339337.
     3667.,  -340719.
     3668.,  -340719.
     3669.,  -340719.
     3670.,  -337859.
     3671.,  -337795.
     3672.,  -337795.
     3673.,  -340719.
     3674.,  -339273.
     3675.,  -337795.
     3676.,  -337795.
     3677.,  -337859.
     3678.,  -337859.
     3679.,  -337859.
     3680.,  -340719.
     3681.,  -340719.
     3682.,  -340719.
     3683.,  -340719.
     3684.,  -339241.
     3685.,  -340719.
     3686.,  -340719.
     3687.,  -340719.
     3688.,  -340719.
     3689.,  -337795.
     3690.,  -337795.
     3691.,  -339273.
     3692.,  -340719.
     3693.,  -340719.
     3694.,  -337731.
     3695.,  -337731.
     3696.,  -337731.
     3697.,  -340719.
     3698.,  -340719.
     3699.,  -339209.
     3700.,  -337667.
     3701.,  -337795.
     3702.,  -339241.
     3703.,  -340719.
     3704.,  -340719.
     3705.,  -340719.
     3706.,  -340719.
     3707.,  -340719.
     3708.,  -340719.
     3709.,  -340719.
     3710.,  -340719.
     3711.,  -337667.
     3712.,  -337667.
     3713.,  -340719.
     3714.,  -340719.
     3715.,  -340719.
     3716.,  -340719.
     3717.,  -337667.
     3718.,  -339209.
     3719.,  -340719.
     3720.,  -340719.
     3721.,  -340719.
     3722.,  -337667.
     3723.,  -337667.
     3724.,  -336109.
     3725.,  -337619.
     3726.,  -340719.
     3727.,  -340719.
     3728.,  -340719.
     3729.,  -337619.
     3730.,  -337619.
     3731.,  -337603.
     3732.,  -340719.
     3733.,  -340719.
     3734.,  -340719.
     3735.,  -337603.
     3736.,  -337651.
     3737.,  -337651.
     3738.,  -336085.
     3739.,  -337603.
     3740.,  -340719.
     3741.,  -340719.
     3742.,  -339201.
     3743.,  -337651.
     3744.,  -340719.
     3745.,  -340719.
     3746.,  -340719.
     3747.,  -340719.
     3748.,  -340719.
     3749.,  -337651.
     3750.,  -337651.
     3751.,  -340719.
     3752.,  -340719.
     3753.,  -340719.
     3754.,  -340719.
     3755.,  -340719.
     3756.,  -340719.
     3757.,  -340719.
     3758.,  -339233.
     3759.,  -337779.
     3760.,  -340719.
     3761.,  -339201.
     3762.,  -340719.
     3763.,  -340719.
     3764.,  -337651.
     3765.,  -337715.
     3766.,  -337715.
     3767.,  -337715.
     3768.,  -340719.
     3769.,  -339265.
     3770.,  -337779.
     3771.,  -337779.
     3772.,  -340719.
     3773.,  -340719.
     3774.,  -340719.
     3775.,  -340719.
     3776.,  -340719.
     3777.,  -339233.
     3778.,  -340719.
     3779.,  -340719.
     3780.,  -340719.
     3781.,  -337843.
     3782.,  -337843.
     3783.,  -337843.
     3784.,  -340719.
     3785.,  -337779.
     3786.,  -339265.
     3787.,  -340719.
     3788.,  -337779.
     3789.,  -337843.
     3790.,  -337779.
     3791.,  -337779.
     3792.,  -340719.
     3793.,  -340719.
     3794.,  -339329.
     3795.,  -337971.
     3796.,  -340719.
     3797.,  -339297.
     3798.,  -340719.
     3799.,  -340719.
     3800.,  -337843.
     3801.,  -337907.
     3802.,  -337907.
     3803.,  -337907.
     3804.,  -340719.
     3805.,  -339329.
     3806.,  -339329.
     3807.,  -339329.
     3808.,  -340719.
     3809.,  -340719.
     3810.,  -340719.
     3811.,  -340719.
     3812.,  -340719.
     3813.,  -339329.
     3814.,  -340719.
     3815.,  -340719.
     3816.,  -340719.
     3817.,  -339361.
     3818.,  -339361.
     3819.,  -339361.
     3820.,  -340719.
     3821.,  -339329.
     3822.,  -339329.
     3823.,  -340719.
     3824.,  -337971.
     3825.,  -339361.
     3826.,  -339361.
     3827.,  -337971.
     3828.,  -337971.
     3829.,  -337971.
     3830.,  -340719.
     3831.,  -339361.
     3832.,  -339361.
     3833.,  -340719.
     3834.,  -339361.
     3835.,  -339361.
     3836.,  -340719.
     3837.,  -340719.
     3838.,  -340719.
     3839.,  -340719.
     3840.,  -340719.
     3841.,  -340719.
     3842.,  -340719.
     3843.,  -340719.
     3844.,  -340719.
     3845.,  -337843.
     3846.,  -337843.
     3847.,  -340719.
     3848.,  -337843.
     3849.,  -339297.
     3850.,  -340719.
     3851.,  -340719.
     3852.,  -340719.
     3853.,  -340719.
     3854.,  -340719.
     3855.,  -340719.
     3856.,  -339217.
     3857.,  -340719.
     3858.,  -340719.
     3859.,  -337747.
     3860.,  -340719.
     3861.,  -340719.
     3862.,  -340719.
     3863.,  -340719.
     3864.,  -340719.
     3865.,  -340719.
     3866.,  -339249.
     3867.,  -337747.
     3868.,  -337811.
     3869.,  -339281.
     3870.,  -340719.
     3871.,  -337811.
     3872.,  -340719.
     3873.,  -340719.
     3874.,  -340719.
     3875.,  -340719.
     3876.,  -340719.
     3877.,  -340719.
     3878.,  -340719.
     3879.,  -339281.
     3880.,  -339313.
     3881.,  -340719.
     3882.,  -340719.
     3883.,  -337939.
     3884.,  -340719.
     3885.,  -340719.
     3886.,  -340719.
     3887.,  -340719.
     3888.,  -340719.
     3889.,  -340719.
     3890.,  -339313.
     3891.,  -339313.
     3892.,  -339345.
     3893.,  -339345.
     3894.,  -339345.
     3895.,  -339345.
     3896.,  -340719.
     3897.,  -340719.
     3898.,  -340719.
     3899.,  -340719.
     3900.,  -340719.
     3901.,  -340719.
     3902.,  -340719.
     3903.,  -340719.
     3904.,  -340719.
     3905.,  -339345.
     3906.,  -339377.
     3907.,  -339377.
     3908.,  -338003.
     3909.,  -338003.
     3910.,  -339377.
     3911.,  -340719.
     3912.,  -340719.
     3913.,  -340719.
     3914.,  -340719.
     3915.,  -340719.
     3916.,  -340719.
     3917.,  -340719.
     3918.,  -340719.
     3919.,  -340719.
     3920.,  -339601.
     3921.,  -339601.
     3922.,  -340719.
     3923.,  -340719.
     3924.,  -340719.
     3925.,  -340719.
     3926.,  -340719.
     3927.,  -340719.
     3928.,  -340719.
     3929.,  -340719.
     3930.,  -340719.
     3931.,  -340719.
     3932.,  -340719.
     3933.,  -340719.
     3934.,  -340719.
     3935.,  -340719.
     3936.,  -340719.
     3937.,  -339601.
     3938.,  -339601.
     3939.,  -340719.
     3940.,  -340719.
     3941.,  -340719.
     3942.,  -340719.
     3943.,  -340719.
     3944.,  -340719.
     3945.,  -340719.
     3946.,  -340719.
     3947.,  -340719.
     3948.,  -340719.
     3949.,  -340719.
     3950.,  -340719.
     3951.,  -340719.
     3952.,  -340719.
     3953.,  -340719.
     3954.,  -340719.
     3955.,  -340719.
     3956.,  -339601.
     3957.,  -339601.
     3958.,  -340719.
     3959.,  -340719.
     3960.,  -340719.
     3961.,  -340719.
     3962.,  -340719.
     3963.,  -340719.
     3964.,  -340719.
     3965.,  -340719.
     3966.,  -340719.
     3967.,  -340719.
     3968.,  -340719.
     3969.,  -340719.
     3970.,  -340719.
     3971.,  -340719.
     3972.,  -340719.
     3973.,  -340719.
     3974.,  -340719.
     3975.,  -340719.
     3976.,  -340719.
     3977.,  -340719.
     3978.,  -340719.
     3979.,  -339601.
     3980.,  -339601.
     3981.,  -340719.
     3982.,  -340719.
     3983.,  -340719.
     3984.,  -340719.
     3985.,  -340719.
     3986.,  -340719.
     3987.,  -340719.
     3988.,  -340719.
     3989.,  -340719.
     3990.,  -340719.
     3991.,  -340719.
     3992.,  -340719.
     3993.,  -340719.
     3994.,  -340719.
     3995.,  -340719.
     3996.,  -340719.
     3997.,  -340719.
     3998.,  -340719.
     3999.,  -340719.
     4000.,  -340719.
     4001.,  -340719.
     4002.,  -340719.
     4003.,  -340719.
     4004.,  -339601.
     4005.,  -339601.
     4006.,  -340719.
     4007.,  -340719.
     4008.,  -340719.
     4009.,  -340719.
     4010.,  -340719.
     4011.,  -340719.
     4012.,  -340719.
     4013.,  -340719.
     4014.,  -340719.
     4015.,  -340719.
     4016.,  -340719.
     4017.,  -340719.
     4018.,  -340719.
     4019.,  -340719.
     4020.,  -340719.
     4021.,  -340719.
     4022.,  -340719.
     4023.,  -340719.
     4024.,  -340719.
     4025.,  -340719.
     4026.,  -340719.
     4027.,  -340719.
     4028.,  -340719.
     4029.,  -339601.
     4030.,  -339601.
     4031.,  -340719.
     4032.,  -340719.
     4033.,  -340719.
     4034.,  -340719.
     4035.,  -340719.
     4036.,  -340719.
     4037.,  -340719.
     4038.,  -340719.
     4039.,  -340719.
     4040.,  -340719.
     4041.,  -340719.
     4042.,  -340719.
     4043.,  -340719.
     4044.,  -340719.
     4045.,  -340719.
     4046.,  -340719.
     4047.,  -340719.
     4048.,  -340719.
     4049.,  -340719.
     4050.,  -340719.
     4051.,  -340719.
     4052.,  -339601.
     4053.,  -339601.
     4054.,  -340719.
     4055.,  -340719.
     4056.,  -340719.
     4057.,  -340719.
     4058.,  -340719.
     4059.,  -340719.
     4060.,  -340719.
     4061.,  -340719.
     4062.,  -340719.
     4063.,  -340719.
     4064.,  -340719.
     4065.,  -340719.
     4066.,  -340719.
     4067.,  -340719.
     4068.,  -340719.
     4069.,  -340719.
     4070.,  -340719.
     4071.,  -339601.
     4072.,  -339601.
     4073.,  -340719.
     4074.,  -340719.
     4075.,  -340719.
     4076.,  -340719.
     4077.,  -340719.
     4078.,  -340719.
     4079.,  -340719.
     4080.,  -340719.
     4081.,  -340719.
     4082.,  -340719.
     4083.,  -340719.
     4084.,  -340719.
     4085.,  -340719.
     4086.,  -340719.
     4087.,  -340719.
     4088.,  -339601.
     4089.,  -339601.
     4090.,  -340719.
     4091.,  -340719.
     4092.,  -340719.
     4093.,  -340719.
     4094.,  -340719.
     4095.,  -339069.
     4096.,  -340719.
     4097.,  -340719.
     4098.,  -340719.
     4099.,  -340719.
     4100.,  -339361.
     4101.,  -340719.
     4102.,  -340719.
     4103.,  -339361.
     4104.,  -339345.
     4105.,  -339345.
     4106.,  -337939.
     4107.,  -337939.
     4108.,  -337939.
     4109.,  -337939.
     4110.,  -337875.
     4111.,  -337875.
     4112.,  -337875.
     4113.,  -337811.
     4114.,  -337811.
     4115.,  -337811.
     4116.,  -337811.
     4117.,  -337747.
     4118.,  -337747.
     4119.,  -336213.
     4120.,  -337683.
     4121.,  -337683.
     4122.,  -336117.
     4123.,  -337619.
     4124.,  -337619.
     4125.,  -337619.
     4126.,  -337603.
     4127.,  -337603.
     4128.,  -337603.
     4129.,  -337651.
     4130.,  -337651.
     4131.,  -337651.
     4132.,  -337715.
     4133.,  -337715.
     4134.,  -337715.
     4135.,  -337779.
     4136.,  -337779.
     4137.,  -337779.
     4138.,  -337843.
     4139.,  -337843.
     4140.,  -337843.
     4141.,  -337907.
     4142.,  -337907.
     4143.,  -337907.
     4144.,  -337971.
     4145.,  -337971.
     4146.,  -337971.
     4147.,  -337971.
     4148.,  -339361.
     4149.,  -339361.
     4150.,  -337939.
     4151.,  -337939.
     4152.,  -337939.
     4153.,  -337939.
     4154.,  -339345.
     4155.,  -339345.
     4156.,  -339345.
     4157.,  -339345.
     4158.,  -339345.
     4159.,  -340719.
     4160.,  -340719.
     4161.,  -340719.
     4162.,  -339281.
     4163.,  -339281.
     4164.,  -337811.
     4165.,  -340719.
     4166.,  -339313.
     4167.,  -340719.
     4168.,  -340719.
     4169.,  -339313.
     4170.,  -337875.
     4171.,  -337875.
     4172.,  -337875.
     4173.,  -340719.
     4174.,  -339249.
     4175.,  -337747.
     4176.,  -337747.
     4177.,  -340719.
     4178.,  -337811.
     4179.,  -339281.
     4180.,  -340719.
     4181.,  -337811.
     4182.,  -337747.
     4183.,  -337811.
     4184.,  -337811.
     4185.,  -340719.
     4186.,  -340719.
     4187.,  -339185.
     4188.,  -337683.
     4189.,  -340719.
     4190.,  -339217.
     4191.,  -340719.
     4192.,  -340719.
     4193.,  -340719.
     4194.,  -340719.
     4195.,  -337747.
     4196.,  -337683.
     4197.,  -337683.
     4198.,  -336213.
     4199.,  -340719.
     4200.,  -340719.
     4201.,  -340719.
     4202.,  -339153.
     4203.,  -337603.
     4204.,  -337603.
     4205.,  -340719.
     4206.,  -339185.
     4207.,  -340719.
     4208.,  -340719.
     4209.,  -336117.
     4210.,  -337619.
     4211.,  -337619.
     4212.,  -337619.
     4213.,  -340719.
     4214.,  -340719.
     4215.,  -337603.
     4216.,  -337603.
     4217.,  -340719.
     4218.,  -340719.
     4219.,  -340719.
     4220.,  -340719.
     4221.,  -340719.
     4222.,  -337603.
     4223.,  -339153.
     4224.,  -340719.
     4225.,  -340719.
     4226.,  -340719.
     4227.,  -340719.
     4228.,  -339313.
     4229.,  -339313.
     4230.,  -340719.
     4231.,  -340719.
     4232.,  -340719.
     4233.,  -337651.
     4234.,  -337651.
     4235.,  -340717.
     4236.,  -340717.
     4237.,  -340717.
     4238.,  -340717.
     4239.,  -337201.
     4240.,  -337201.
     4241.,  -340717.
     4242.,  -340717.
     4243.,  -340717.
     4244.,  -339087.
     4245.,  -339087.
     4246.,  -340717.
     4247.,  -340717.
     4248.,  -340717.
     4249.,  -340717.
     4250.,  -338927.
     4251.,  -337153.
     4252.,  -340717.
     4253.,  -340717.
     4254.,  -340717.
     4255.,  -340717.
     4256.,  -337153.
     4257.,  -337153.
     4258.,  -340717.
     4259.,  -340717.
     4260.,  -340717.
     4261.,  -337169.
     4262.,  -337169.
     4263.,  -337169.
     4264.,  -340717.
     4265.,  -340717.
     4266.,  -338959.
     4267.,  -335443.
     4268.,  -337153.
     4269.,  -337153.
     4270.,  -338927.
     4271.,  -340717.
     4272.,  -340717.
     4273.,  -340717.
     4274.,  -340717.
     4275.,  -337233.
     4276.,  -337233.
     4277.,  -335539.
     4278.,  -340717.
     4279.,  -340717.
     4280.,  -340717.
     4281.,  -340717.
     4282.,  -338991.
     4283.,  -337297.
     4284.,  -337233.
     4285.,  -338959.
     4286.,  -340717.
     4287.,  -340717.
     4288.,  -340717.
     4289.,  -337297.
     4290.,  -337361.
     4291.,  -337361.
     4292.,  -340717.
     4293.,  -339055.
     4294.,  -337361.
     4295.,  -337361.
     4296.,  -337297.
     4297.,  -337297.
     4298.,  -339023.
     4299.,  -340717.
     4300.,  -340717.
     4301.,  -337425.
     4302.,  -337425.
     4303.,  -337425.
     4304.,  -340717.
     4305.,  -340717.
     4306.,  -339087.
     4307.,  -339087.
     4308.,  -337361.
     4309.,  -339055.
     4310.,  -339055.
     4311.,  -340717.
     4312.,  -340717.
     4313.,  -340717.
     4314.,  -340717.
     4315.,  -339119.
     4316.,  -339119.
     4317.,  -337489.
     4318.,  -337489.
     4319.,  -337489.
     4320.,  -337489.
     4321.,  -339119.
     4322.,  -339119.
     4323.,  -339119.
     4324.,  -339119.
     4325.,  -339119.
     4326.,  -337489.
     4327.,  -337489.
     4328.,  -337489.
     4329.,  -337489.
     4330.,  -337425.
     4331.,  -337425.
     4332.,  -337425.
     4333.,  -337361.
     4334.,  -337361.
     4335.,  -337361.
     4336.,  -337361.
     4337.,  -337297.
     4338.,  -337297.
     4339.,  -335539.
     4340.,  -337233.
     4341.,  -337233.
     4342.,  -335443.
     4343.,  -337169.
     4344.,  -337169.
     4345.,  -337169.
     4346.,  -337153.
     4347.,  -337153.
     4348.,  -337153.
     4349.,  -337201.
     4350.,  -337201.
     4351.,  -337201.
     4352.,  -337265.
     4353.,  -337265.
     4354.,  -337265.
     4355.,  -337329.
     4356.,  -337329.
     4357.,  -337329.
     4358.,  -337393.
     4359.,  -337393.
     4360.,  -337393.
     4361.,  -337457.
     4362.,  -337457.
     4363.,  -337457.
     4364.,  -337521.
     4365.,  -337521.
     4366.,  -337521.
     4367.,  -337521.
     4368.,  -339135.
     4369.,  -339135.
     4370.,  -340717.
     4371.,  -340717.
     4372.,  -339135.
     4373.,  -339135.
     4374.,  -339067.
     4375.,  -340717.
     4376.,  -340717.
     4377.,  -340717.
     4378.,  -340717.
     4379.,  -340717.
     4380.,  -340717.
     4381.,  -340717.
     4382.,  -340717.
     4383.,  -340717.
     4384.,  -339591.
     4385.,  -340717.
     4386.,  -340717.
     4387.,  -340717.
     4388.,  -339591.
     4389.,  -340717.
     4390.,  -340717.
     4391.,  -340717.
     4392.,  -340717.
     4393.,  -340717.
     4394.,  -340717.
     4395.,  -340717.
     4396.,  -340717.
     4397.,  -340717.
     4398.,  -340717.
     4399.,  -340717.
     4400.,  -340717.
     4401.,  -339591.
     4402.,  -340717.
     4403.,  -340717.
     4404.,  -340717.
     4405.,  -340717.
     4406.,  -340717.
     4407.,  -339591.
     4408.,  -340717.
     4409.,  -340717.
     4410.,  -340717.
     4411.,  -340717.
     4412.,  -340717.
     4413.,  -340717.
     4414.,  -340717.
     4415.,  -340717.
     4416.,  -340717.
     4417.,  -340717.
     4418.,  -340717.
     4419.,  -340717.
     4420.,  -339591.
     4421.,  -340717.
     4422.,  -340717.
     4423.,  -340717.
     4424.,  -340717.
     4425.,  -340717.
     4426.,  -340717.
     4427.,  -340717.
     4428.,  -339591.
     4429.,  -340717.
     4430.,  -340717.
     4431.,  -340717.
     4432.,  -340717.
     4433.,  -340717.
     4434.,  -340717.
     4435.,  -340717.
     4436.,  -340717.
     4437.,  -340717.
     4438.,  -340717.
     4439.,  -340717.
     4440.,  -340717.
     4441.,  -340717.
     4442.,  -340717.
     4443.,  -339591.
     4444.,  -340717.
     4445.,  -340717.
     4446.,  -340717.
     4447.,  -340717.
     4448.,  -340717.
     4449.,  -340717.
     4450.,  -340717.
     4451.,  -340717.
     4452.,  -340717.
     4453.,  -339591.
     4454.,  -340717.
     4455.,  -340717.
     4456.,  -340717.
     4457.,  -340717.
     4458.,  -340717.
     4459.,  -340717.
     4460.,  -340717.
     4461.,  -340717.
     4462.,  -340717.
     4463.,  -340717.
     4464.,  -340717.
     4465.,  -340717.
     4466.,  -340717.
     4467.,  -340717.
     4468.,  -339591.
     4469.,  -340717.
     4470.,  -340717.
     4471.,  -340717.
     4472.,  -340717.
     4473.,  -340717.
     4474.,  -340717.
     4475.,  -340717.
     4476.,  -340717.
     4477.,  -340717.
     4478.,  -339591.
     4479.,  -340717.
     4480.,  -340717.
     4481.,  -340717.
     4482.,  -340717.
     4483.,  -340717.
     4484.,  -340717.
     4485.,  -340717.
     4486.,  -340717.
     4487.,  -340717.
     4488.,  -340717.
     4489.,  -340717.
     4490.,  -340717.
     4491.,  -340717.
     4492.,  -340717.
     4493.,  -339591.
     4494.,  -340717.
     4495.,  -340717.
     4496.,  -340717.
     4497.,  -340717.
     4498.,  -340717.
     4499.,  -340717.
     4500.,  -340717.
     4501.,  -340717.
     4502.,  -340717.
     4503.,  -339591.
     4504.,  -340717.
     4505.,  -340717.
     4506.,  -340717.
     4507.,  -340717.
     4508.,  -340717.
     4509.,  -340717.
     4510.,  -340717.
     4511.,  -340717.
     4512.,  -340717.
     4513.,  -340717.
     4514.,  -340717.
     4515.,  -340717.
     4516.,  -339591.
     4517.,  -340717.
     4518.,  -340717.
     4519.,  -340717.
     4520.,  -340717.
     4521.,  -340717.
     4522.,  -340717.
     4523.,  -340717.
     4524.,  -339591.
     4525.,  -340717.
     4526.,  -340717.
     4527.,  -340717.
     4528.,  -340717.
     4529.,  -340717.
     4530.,  -340717.
     4531.,  -340717.
     4532.,  -340717.
     4533.,  -340717.
     4534.,  -340717.
     4535.,  -339591.
     4536.,  -340717.
     4537.,  -340717.
     4538.,  -340717.
     4539.,  -340717.
     4540.,  -340717.
     4541.,  -339591.
     4542.,  -340717.
     4543.,  -340717.
     4544.,  -340717.
     4545.,  -340717.
     4546.,  -340717.
     4547.,  -340717.
     4548.,  -340717.
     4549.,  -340717.
     4550.,  -340717.
     4551.,  -340717.
     4552.,  -339591.
     4553.,  -340717.
     4554.,  -340717.
     4555.,  -340717.
     4556.,  -339591.
     4557.,  -340717.
     4558.,  -340717.
     4559.,  -340717.
     4560.,  -340717.
     4561.,  -340717.
     4562.,  -340717.
     4563.,  -337545.
     4564.,  -337545.
     4565.,  -339143.
     4566.,  -339143.
     4567.,  -339143.
     4568.,  -339119.
     4569.,  -340717.
     4570.,  -340717.
     4571.,  -340717.
     4572.,  -340717.
     4573.,  -340717.
     4574.,  -340717.
     4575.,  -340717.
     4576.,  -340717.
     4577.,  -340717.
     4578.,  -339119.
     4579.,  -339119.
     4580.,  -339119.
     4581.,  -339119.
     4582.,  -339087.
     4583.,  -339087.
     4584.,  -340717.
     4585.,  -340717.
     4586.,  -340717.
     4587.,  -340717.
     4588.,  -340717.
     4589.,  -340717.
     4590.,  -340717.
     4591.,  -340717.
     4592.,  -339087.
     4593.,  -337489.
     4594.,  -339055.
     4595.,  -340717.
     4596.,  -340717.
     4597.,  -340717.
     4598.,  -340717.
     4599.,  -340717.
     4600.,  -340717.
     4601.,  -340717.
     4602.,  -340717.
     4603.,  -339055.
     4604.,  -337361.
     4605.,  -337361.
     4606.,  -337297.
     4607.,  -339023.
     4608.,  -340717.
     4609.,  -340717.
     4610.,  -340717.
     4611.,  -340717.
     4612.,  -340717.
     4613.,  -340717.
     4614.,  -340717.
     4615.,  -340717.
     4616.,  -338991.
     4617.,  -337297.
     4618.,  -340717.
     4619.,  -340717.
     4620.,  -340717.
     4621.,  -340717.
     4622.,  -340717.
     4623.,  -340717.
     4624.,  -339071.
     4625.,  -337393.
     4626.,  -337393.
     4627.,  -337393.
     4628.,  -340717.
     4629.,  -340717.
     4630.,  -340717.
     4631.,  -340717.
     4632.,  -340717.
     4633.,  -340717.
     4634.,  -340717.
     4635.,  -340717.
     4636.,  -340717.
     4637.,  -340717.
     4638.,  -339135.
     4639.,  -339135.
     4640.,  -339135.
     4641.,  -339135.
     4642.,  -340717.
     4643.,  -340717.
     4644.,  -339135.
     4645.,  -339135.
     4646.,  -337521.
     4647.,  -337521.
     4648.,  -337521.
     4649.,  -340717.
     4650.,  -339103.
     4651.,  -339103.
     4652.,  -337521.
     4653.,  -339135.
     4654.,  -339135.
     4655.,  -339135.
     4656.,  -340717.
     4657.,  -340717.
     4658.,  -340717.
     4659.,  -340717.
     4660.,  -339103.
     4661.,  -340717.
     4662.,  -340717.
     4663.,  -340717.
     4664.,  -340717.
     4665.,  -339103.
     4666.,  -339103.
     4667.,  -339103.
     4668.,  -340717.
     4669.,  -340717.
     4670.,  -337457.
     4671.,  -337457.
     4672.,  -337457.
     4673.,  -340717.
     4674.,  -340717.
     4675.,  -339071.
     4676.,  -337393.
     4677.,  -337521.
     4678.,  -339103.
     4679.,  -340717.
     4680.,  -340717.
     4681.,  -340717.
     4682.,  -337393.
     4683.,  -337329.
     4684.,  -337329.
     4685.,  -340717.
     4686.,  -339039.
     4687.,  -337329.
     4688.,  -337329.
     4689.,  -337393.
     4690.,  -337393.
     4691.,  -337393.
     4692.,  -340717.
     4693.,  -340717.
     4694.,  -340717.
     4695.,  -340717.
     4696.,  -339007.
     4697.,  -340717.
     4698.,  -340717.
     4699.,  -340717.
     4700.,  -340717.
     4701.,  -337329.
     4702.,  -337329.
     4703.,  -339039.
     4704.,  -340717.
     4705.,  -340717.
     4706.,  -337265.
     4707.,  -337265.
     4708.,  -337265.
     4709.,  -340717.
     4710.,  -340717.
     4711.,  -338975.
     4712.,  -337201.
     4713.,  -337329.
     4714.,  -339007.
     4715.,  -340717.
     4716.,  -340717.
     4717.,  -340717.
     4718.,  -340717.
     4719.,  -340717.
     4720.,  -340717.
     4721.,  -340717.
     4722.,  -340717.
     4723.,  -337201.
     4724.,  -337201.
     4725.,  -340717.
     4726.,  -340717.
     4727.,  -340717.
     4728.,  -340717.
     4729.,  -337201.
     4730.,  -338975.
     4731.,  -340717.
     4732.,  -340717.
     4733.,  -340717.
     4734.,  -337201.
     4735.,  -337201.
     4736.,  -335411.
     4737.,  -337153.
     4738.,  -340717.
     4739.,  -340717.
     4740.,  -340717.
     4741.,  -337153.
     4742.,  -337153.
     4743.,  -337137.
     4744.,  -340717.
     4745.,  -340717.
     4746.,  -340717.
     4747.,  -337137.
     4748.,  -337185.
     4749.,  -337185.
     4750.,  -335387.
     4751.,  -337137.
     4752.,  -340717.
     4753.,  -340717.
     4754.,  -338967.
     4755.,  -337185.
     4756.,  -340717.
     4757.,  -340717.
     4758.,  -340717.
     4759.,  -340717.
     4760.,  -340717.
     4761.,  -337185.
     4762.,  -337185.
     4763.,  -340717.
     4764.,  -340717.
     4765.,  -340717.
     4766.,  -340717.
     4767.,  -340717.
     4768.,  -340717.
     4769.,  -340717.
     4770.,  -338999.
     4771.,  -337313.
     4772.,  -340717.
     4773.,  -338967.
     4774.,  -340717.
     4775.,  -340717.
     4776.,  -337185.
     4777.,  -337249.
     4778.,  -337249.
     4779.,  -337249.
     4780.,  -340717.
     4781.,  -339031.
     4782.,  -337313.
     4783.,  -337313.
     4784.,  -340717.
     4785.,  -340717.
     4786.,  -340717.
     4787.,  -340717.
     4788.,  -340717.
     4789.,  -338999.
     4790.,  -340717.
     4791.,  -340717.
     4792.,  -340717.
     4793.,  -337377.
     4794.,  -337377.
     4795.,  -337377.
     4796.,  -340717.
     4797.,  -337313.
     4798.,  -339031.
     4799.,  -340717.
     4800.,  -337313.
     4801.,  -337377.
     4802.,  -337313.
     4803.,  -337313.
     4804.,  -340717.
     4805.,  -340717.
     4806.,  -339095.
     4807.,  -337505.
     4808.,  -340717.
     4809.,  -339063.
     4810.,  -340717.
     4811.,  -340717.
     4812.,  -337377.
     4813.,  -337441.
     4814.,  -337441.
     4815.,  -337441.
     4816.,  -340717.
     4817.,  -339095.
     4818.,  -339095.
     4819.,  -339095.
     4820.,  -340717.
     4821.,  -340717.
     4822.,  -340717.
     4823.,  -340717.
     4824.,  -340717.
     4825.,  -339095.
     4826.,  -340717.
     4827.,  -340717.
     4828.,  -340717.
     4829.,  -339127.
     4830.,  -339127.
     4831.,  -339127.
     4832.,  -340717.
     4833.,  -339095.
     4834.,  -339095.
     4835.,  -340717.
     4836.,  -337505.
     4837.,  -339127.
     4838.,  -339127.
     4839.,  -337505.
     4840.,  -337505.
     4841.,  -337505.
     4842.,  -340717.
     4843.,  -339127.
     4844.,  -339127.
     4845.,  -340717.
     4846.,  -339127.
     4847.,  -339127.
     4848.,  -340717.
     4849.,  -340717.
     4850.,  -340717.
     4851.,  -340717.
     4852.,  -340717.
     4853.,  -340717.
     4854.,  -340717.
     4855.,  -340717.
     4856.,  -340717.
     4857.,  -337377.
     4858.,  -337377.
     4859.,  -340717.
     4860.,  -337377.
     4861.,  -339063.
     4862.,  -340717.
     4863.,  -340717.
     4864.,  -340717.
     4865.,  -340717.
     4866.,  -340717.
     4867.,  -340717.
     4868.,  -338983.
     4869.,  -340717.
     4870.,  -340717.
     4871.,  -337281.
     4872.,  -340717.
     4873.,  -340717.
     4874.,  -340717.
     4875.,  -340717.
     4876.,  -340717.
     4877.,  -340717.
     4878.,  -339015.
     4879.,  -337281.
     4880.,  -337345.
     4881.,  -339047.
     4882.,  -340717.
     4883.,  -337345.
     4884.,  -340717.
     4885.,  -340717.
     4886.,  -340717.
     4887.,  -340717.
     4888.,  -340717.
     4889.,  -340717.
     4890.,  -340717.
     4891.,  -339047.
     4892.,  -339079.
     4893.,  -340717.
     4894.,  -340717.
     4895.,  -337473.
     4896.,  -340717.
     4897.,  -340717.
     4898.,  -340717.
     4899.,  -340717.
     4900.,  -340717.
     4901.,  -340717.
     4902.,  -339079.
     4903.,  -339079.
     4904.,  -339111.
     4905.,  -339111.
     4906.,  -339111.
     4907.,  -339111.
     4908.,  -340717.
     4909.,  -340717.
     4910.,  -340717.
     4911.,  -340717.
     4912.,  -340717.
     4913.,  -340717.
     4914.,  -340717.
     4915.,  -340717.
     4916.,  -340717.
     4917.,  -339111.
     4918.,  -339143.
     4919.,  -339143.
     4920.,  -337537.
     4921.,  -337537.
     4922.,  -339143.
     4923.,  -340717.
     4924.,  -340717.
     4925.,  -340717.
     4926.,  -340717.
     4927.,  -340717.
     4928.,  -340717.
     4929.,  -340717.
     4930.,  -340717.
     4931.,  -340717.
     4932.,  -339591.
     4933.,  -339591.
     4934.,  -340717.
     4935.,  -340717.
     4936.,  -340717.
     4937.,  -340717.
     4938.,  -340717.
     4939.,  -340717.
     4940.,  -340717.
     4941.,  -340717.
     4942.,  -340717.
     4943.,  -340717.
     4944.,  -340717.
     4945.,  -340717.
     4946.,  -340717.
     4947.,  -340717.
     4948.,  -340717.
     4949.,  -339591.
     4950.,  -339591.
     4951.,  -340717.
     4952.,  -340717.
     4953.,  -340717.
     4954.,  -340717.
     4955.,  -340717.
     4956.,  -340717.
     4957.,  -340717.
     4958.,  -340717.
     4959.,  -340717.
     4960.,  -340717.
     4961.,  -340717.
     4962.,  -340717.
     4963.,  -340717.
     4964.,  -340717.
     4965.,  -340717.
     4966.,  -340717.
     4967.,  -340717.
     4968.,  -339591.
     4969.,  -339591.
     4970.,  -340717.
     4971.,  -340717.
     4972.,  -340717.
     4973.,  -340717.
     4974.,  -340717.
     4975.,  -340717.
     4976.,  -340717.
     4977.,  -340717.
     4978.,  -340717.
     4979.,  -340717.
     4980.,  -340717.
     4981.,  -340717.
     4982.,  -340717.
     4983.,  -340717.
     4984.,  -340717.
     4985.,  -340717.
     4986.,  -340717.
     4987.,  -340717.
     4988.,  -340717.
     4989.,  -340717.
     4990.,  -340717.
     4991.,  -339591.
     4992.,  -339591.
     4993.,  -340717.
     4994.,  -340717.
     4995.,  -340717.
     4996.,  -340717.
     4997.,  -340717.
     4998.,  -340717.
     4999.,  -340717.
     5000.,  -340717.
     5001.,  -340717.
     5002.,  -340717.
     5003.,  -340717.
     5004.,  -340717.
     5005.,  -340717.
     5006.,  -340717.
     5007.,  -340717.
     5008.,  -340717.
     5009.,  -340717.
     5010.,  -340717.
     5011.,  -340717.
     5012.,  -340717.
     5013.,  -340717.
     5014.,  -340717.
     5015.,  -340717.
     5016.,  -339591.
     5017.,  -339591.
     5018.,  -340717.
     5019.,  -340717.
     5020.,  -340717.
     5021.,  -340717.
     5022.,  -340717.
     5023.,  -340717.
     5024.,  -340717.
     5025.,  -340717.
     5026.,  -340717.
     5027.,  -340717.
     5028.,  -340717.
     5029.,  -340717.
     5030.,  -340717.
     5031.,  -340717.
     5032.,  -340717.
     5033.,  -340717.
     5034.,  -340717.
     5035.,  -340717.
     5036.,  -340717.
     5037.,  -340717.
     5038.,  -340717.
     5039.,  -340717.
     5040.,  -340717.
     5041.,  -339591.
     5042.,  -339591.
     5043.,  -340717.
     5044.,  -340717.
     5045.,  -340717.
     5046.,  -340717.
     5047.,  -340717.
     5048.,  -340717.
     5049.,  -340717.
     5050.,  -340717.
     5051.,  -340717.
     5052.,  -340717.
     5053.,  -340717.
     5054.,  -340717.
     5055.,  -340717.
     5056.,  -340717.
     5057.,  -340717.
     5058.,  -340717.
     5059.,  -340717.
     5060.,  -340717.
     5061.,  -340717.
     5062.,  -340717.
     5063.,  -340717.
     5064.,  -339591.
     5065.,  -339591.
     5066.,  -340717.
     5067.,  -340717.
     5068.,  -340717.
     5069.,  -340717.
     5070.,  -340717.
     5071.,  -340717.
     5072.,  -340717.
     5073.,  -340717.
     5074.,  -340717.
     5075.,  -340717.
     5076.,  -340717.
     5077.,  -340717.
     5078.,  -340717.
     5079.,  -340717.
     5080.,  -340717.
     5081.,  -340717.
     5082.,  -340717.
     5083.,  -339591.
     5084.,  -339591.
     5085.,  -340717.
     5086.,  -340717.
     5087.,  -340717.
     5088.,  -340717.
     5089.,  -340717.
     5090.,  -340717.
     5091.,  -340717.
     5092.,  -340717.
     5093.,  -340717.
     5094.,  -340717.
     5095.,  -340717.
     5096.,  -340717.
     5097.,  -340717.
     5098.,  -340717.
     5099.,  -340717.
     5100.,  -339591.
     5101.,  -339591.
     5102.,  -340717.
     5103.,  -340717.
     5104.,  -340717.
     5105.,  -340717.
     5106.,  -340717.
     5107.,  -339067.
     5108.,  -340717.
     5109.,  -340717.
     5110.,  -340717.
     5111.,  -340717.
     5112.,  -339127.
     5113.,  -340717.
     5114.,  -340717.
     5115.,  -339127.
     5116.,  -339111.
     5117.,  -339111.
     5118.,  -337473.
     5119.,  -337473.
     5120.,  -337473.
     5121.,  -337473.
     5122.,  -337409.
     5123.,  -337409.
     5124.,  -337409.
     5125.,  -337345.
     5126.,  -337345.
     5127.,  -337345.
     5128.,  -337345.
     5129.,  -337281.
     5130.,  -337281.
     5131.,  -335515.
     5132.,  -337217.
     5133.,  -337217.
     5134.,  -335419.
     5135.,  -337153.
     5136.,  -337153.
     5137.,  -337153.
     5138.,  -337137.
     5139.,  -337137.
     5140.,  -337137.
     5141.,  -337185.
     5142.,  -337185.
     5143.,  -337185.
     5144.,  -337249.
     5145.,  -337249.
     5146.,  -337249.
     5147.,  -337313.
     5148.,  -337313.
     5149.,  -337313.
     5150.,  -337377.
     5151.,  -337377.
     5152.,  -337377.
     5153.,  -337441.
     5154.,  -337441.
     5155.,  -337441.
     5156.,  -337505.
     5157.,  -337505.
     5158.,  -337505.
     5159.,  -337505.
     5160.,  -339127.
     5161.,  -339127.
     5162.,  -337473.
     5163.,  -337473.
     5164.,  -337473.
     5165.,  -337473.
     5166.,  -339111.
     5167.,  -339111.
     5168.,  -339111.
     5169.,  -339111.
     5170.,  -339111.
     5171.,  -340717.
     5172.,  -340717.
     5173.,  -340717.
     5174.,  -339047.
     5175.,  -339047.
     5176.,  -337345.
     5177.,  -340717.
     5178.,  -339079.
     5179.,  -340717.
     5180.,  -340717.
     5181.,  -339079.
     5182.,  -337409.
     5183.,  -337409.
     5184.,  -337409.
     5185.,  -340717.
     5186.,  -339015.
     5187.,  -337281.
     5188.,  -337281.
     5189.,  -340717.
     5190.,  -337345.
     5191.,  -339047.
     5192.,  -340717.
     5193.,  -337345.
     5194.,  -337281.
     5195.,  -337345.
     5196.,  -337345.
     5197.,  -340717.
     5198.,  -340717.
     5199.,  -338951.
     5200.,  -337217.
     5201.,  -340717.
     5202.,  -338983.
     5203.,  -340717.
     5204.,  -340717.
     5205.,  -340717.
     5206.,  -340717.
     5207.,  -337281.
     5208.,  -337217.
     5209.,  -337217.
     5210.,  -335515.
     5211.,  -340717.
     5212.,  -340717.
     5213.,  -340717.
     5214.,  -338919.
     5215.,  -337137.
     5216.,  -337137.
     5217.,  -340717.
     5218.,  -338951.
     5219.,  -340717.
     5220.,  -340717.
     5221.,  -335419.
     5222.,  -337153.
     5223.,  -337153.
     5224.,  -337153.
     5225.,  -340717.
     5226.,  -340717.
     5227.,  -337137.
     5228.,  -337137.
     5229.,  -340717.
     5230.,  -340717.
     5231.,  -340717.
     5232.,  -340717.
     5233.,  -340717.
     5234.,  -337137.
     5235.,  -338919.
     5236.,  -340717.
     5237.,  -340717.
     5238.,  -340717.
     5239.,  -340717.
     5240.,  -339079.
     5241.,  -339079.
     5242.,  -340717.
     5243.,  -340717.
     5244.,  -340717.
     5245.,  -337185.
     5246.,  -337185.
     5247.,  -340715.
     5248.,  -340715.
     5249.,  -340715.
     5250.,  -340715.
     5251.,  -336911.
     5252.,  -336911.
     5253.,  -340715.
     5254.,  -340715.
     5255.,  -340715.
     5256.,  -338877.
     5257.,  -338877.
     5258.,  -340715.
     5259.,  -340715.
     5260.,  -340715.
     5261.,  -340715.
     5262.,  -338797.
     5263.,  -336887.
     5264.,  -340715.
     5265.,  -340715.
     5266.,  -340715.
     5267.,  -340715.
     5268.,  -336887.
     5269.,  -336887.
     5270.,  -340715.
     5271.,  -340715.
     5272.,  -340715.
     5273.,  -336895.
     5274.,  -336895.
     5275.,  -336895.
     5276.,  -340715.
     5277.,  -340715.
     5278.,  -338813.
     5279.,  -335009.
     5280.,  -336887.
     5281.,  -336887.
     5282.,  -338797.
     5283.,  -340715.
     5284.,  -340715.
     5285.,  -340715.
     5286.,  -340715.
     5287.,  -336927.
     5288.,  -336927.
     5289.,  -335057.
     5290.,  -340715.
     5291.,  -340715.
     5292.,  -340715.
     5293.,  -340715.
     5294.,  -338829.
     5295.,  -336959.
     5296.,  -336927.
     5297.,  -338813.
     5298.,  -340715.
     5299.,  -340715.
     5300.,  -340715.
     5301.,  -336959.
     5302.,  -336991.
     5303.,  -336991.
     5304.,  -340715.
     5305.,  -338861.
     5306.,  -336991.
     5307.,  -336991.
     5308.,  -336959.
     5309.,  -336959.
     5310.,  -338845.
     5311.,  -340715.
     5312.,  -340715.
     5313.,  -337023.
     5314.,  -337023.
     5315.,  -337023.
     5316.,  -340715.
     5317.,  -340715.
     5318.,  -338877.
     5319.,  -338877.
     5320.,  -336991.
     5321.,  -338861.
     5322.,  -338861.
     5323.,  -340715.
     5324.,  -340715.
     5325.,  -340715.
     5326.,  -340715.
     5327.,  -338893.
     5328.,  -338893.
     5329.,  -337055.
     5330.,  -337055.
     5331.,  -337055.
     5332.,  -337055.
     5333.,  -338893.
     5334.,  -338893.
     5335.,  -338893.
     5336.,  -338893.
     5337.,  -338893.
     5338.,  -337055.
     5339.,  -337055.
     5340.,  -337055.
     5341.,  -337055.
     5342.,  -337023.
     5343.,  -337023.
     5344.,  -337023.
     5345.,  -336991.
     5346.,  -336991.
     5347.,  -336991.
     5348.,  -336991.
     5349.,  -336959.
     5350.,  -336959.
     5351.,  -335057.
     5352.,  -336927.
     5353.,  -336927.
     5354.,  -335009.
     5355.,  -336895.
     5356.,  -336895.
     5357.,  -336895.
     5358.,  -336887.
     5359.,  -336887.
     5360.,  -336887.
     5361.,  -336911.
     5362.,  -336911.
     5363.,  -336911.
     5364.,  -336943.
     5365.,  -336943.
     5366.,  -336943.
     5367.,  -336975.
     5368.,  -336975.
     5369.,  -336975.
     5370.,  -337007.
     5371.,  -337007.
     5372.,  -337007.
     5373.,  -337039.
     5374.,  -337039.
     5375.,  -337039.
     5376.,  -337071.
     5377.,  -337071.
     5378.,  -337071.
     5379.,  -337071.
     5380.,  -338901.
     5381.,  -338901.
     5382.,  -340715.
     5383.,  -340715.
     5384.,  -338901.
     5385.,  -338901.
     5386.,  -339065.
     5387.,  -340715.
     5388.,  -340715.
     5389.,  -340715.
     5390.,  -340715.
     5391.,  -340715.
     5392.,  -340715.
     5393.,  -340715.
     5394.,  -340715.
     5395.,  -340715.
     5396.,  -339581.
     5397.,  -340715.
     5398.,  -340715.
     5399.,  -340715.
     5400.,  -339581.
     5401.,  -340715.
     5402.,  -340715.
     5403.,  -340715.
     5404.,  -340715.
     5405.,  -340715.
     5406.,  -340715.
     5407.,  -340715.
     5408.,  -340715.
     5409.,  -340715.
     5410.,  -340715.
     5411.,  -340715.
     5412.,  -340715.
     5413.,  -339581.
     5414.,  -340715.
     5415.,  -340715.
     5416.,  -340715.
     5417.,  -340715.
     5418.,  -340715.
     5419.,  -339581.
     5420.,  -340715.
     5421.,  -340715.
     5422.,  -340715.
     5423.,  -340715.
     5424.,  -340715.
     5425.,  -340715.
     5426.,  -340715.
     5427.,  -340715.
     5428.,  -340715.
     5429.,  -340715.
     5430.,  -340715.
     5431.,  -340715.
     5432.,  -339581.
     5433.,  -340715.
     5434.,  -340715.
     5435.,  -340715.
     5436.,  -340715.
     5437.,  -340715.
     5438.,  -340715.
     5439.,  -340715.
     5440.,  -339581.
     5441.,  -340715.
     5442.,  -340715.
     5443.,  -340715.
     5444.,  -340715.
     5445.,  -340715.
     5446.,  -340715.
     5447.,  -340715.
     5448.,  -340715.
     5449.,  -340715.
     5450.,  -340715.
     5451.,  -340715.
     5452.,  -340715.
     5453.,  -340715.
     5454.,  -340715.
     5455.,  -339581.
     5456.,  -340715.
     5457.,  -340715.
     5458.,  -340715.
     5459.,  -340715.
     5460.,  -340715.
     5461.,  -340715.
     5462.,  -340715.
     5463.,  -340715.
     5464.,  -340715.
     5465.,  -339581.
     5466.,  -340715.
     5467.,  -340715.
     5468.,  -340715.
     5469.,  -340715.
     5470.,  -340715.
     5471.,  -340715.
     5472.,  -340715.
     5473.,  -340715.
     5474.,  -340715.
     5475.,  -340715.
     5476.,  -340715.
     5477.,  -340715.
     5478.,  -340715.
     5479.,  -340715.
     5480.,  -339581.
     5481.,  -340715.
     5482.,  -340715.
     5483.,  -340715.
     5484.,  -340715.
     5485.,  -340715.
     5486.,  -340715.
     5487.,  -340715.
     5488.,  -340715.
     5489.,  -340715.
     5490.,  -339581.
     5491.,  -340715.
     5492.,  -340715.
     5493.,  -340715.
     5494.,  -340715.
     5495.,  -340715.
     5496.,  -340715.
     5497.,  -340715.
     5498.,  -340715.
     5499.,  -340715.
     5500.,  -340715.
     5501.,  -340715.
     5502.,  -340715.
     5503.,  -340715.
     5504.,  -340715.
     5505.,  -339581.
     5506.,  -340715.
     5507.,  -340715.
     5508.,  -340715.
     5509.,  -340715.
     5510.,  -340715.
     5511.,  -340715.
     5512.,  -340715.
     5513.,  -340715.
     5514.,  -340715.
     5515.,  -339581.
     5516.,  -340715.
     5517.,  -340715.
     5518.,  -340715.
     5519.,  -340715.
     5520.,  -340715.
     5521.,  -340715.
     5522.,  -340715.
     5523.,  -340715.
     5524.,  -340715.
     5525.,  -340715.
     5526.,  -340715.
     5527.,  -340715.
     5528.,  -339581.
     5529.,  -340715.
     5530.,  -340715.
     5531.,  -340715.
     5532.,  -340715.
     5533.,  -340715.
     5534.,  -340715.
     5535.,  -340715.
     5536.,  -339581.
     5537.,  -340715.
     5538.,  -340715.
     5539.,  -340715.
     5540.,  -340715.
     5541.,  -340715.
     5542.,  -340715.
     5543.,  -340715.
     5544.,  -340715.
     5545.,  -340715.
     5546.,  -340715.
     5547.,  -339581.
     5548.,  -340715.
     5549.,  -340715.
     5550.,  -340715.
     5551.,  -340715.
     5552.,  -340715.
     5553.,  -339581.
     5554.,  -340715.
     5555.,  -340715.
     5556.,  -340715.
     5557.,  -340715.
     5558.,  -340715.
     5559.,  -340715.
     5560.,  -340715.
     5561.,  -340715.
     5562.,  -340715.
     5563.,  -340715.
     5564.,  -339581.
     5565.,  -340715.
     5566.,  -340715.
     5567.,  -340715.
     5568.,  -339581.
     5569.,  -340715.
     5570.,  -340715.
     5571.,  -340715.
     5572.,  -340715.
     5573.,  -340715.
     5574.,  -340715.
     5575.,  -337087.
     5576.,  -337087.
     5577.,  -338909.
     5578.,  -338909.
     5579.,  -338909.
     5580.,  -338893.
     5581.,  -340715.
     5582.,  -340715.
     5583.,  -340715.
     5584.,  -340715.
     5585.,  -340715.
     5586.,  -340715.
     5587.,  -340715.
     5588.,  -340715.
     5589.,  -340715.
     5590.,  -338893.
     5591.,  -338893.
     5592.,  -338893.
     5593.,  -338893.
     5594.,  -338877.
     5595.,  -338877.
     5596.,  -340715.
     5597.,  -340715.
     5598.,  -340715.
     5599.,  -340715.
     5600.,  -340715.
     5601.,  -340715.
     5602.,  -340715.
     5603.,  -340715.
     5604.,  -338877.
     5605.,  -337055.
     5606.,  -338861.
     5607.,  -340715.
     5608.,  -340715.
     5609.,  -340715.
     5610.,  -340715.
     5611.,  -340715.
     5612.,  -340715.
     5613.,  -340715.
     5614.,  -340715.
     5615.,  -338861.
     5616.,  -336991.
     5617.,  -336991.
     5618.,  -336959.
     5619.,  -338845.
     5620.,  -340715.
     5621.,  -340715.
     5622.,  -340715.
     5623.,  -340715.
     5624.,  -340715.
     5625.,  -340715.
     5626.,  -340715.
     5627.,  -340715.
     5628.,  -338829.
     5629.,  -336959.
     5630.,  -340715.
     5631.,  -340715.
     5632.,  -340715.
     5633.,  -340715.
     5634.,  -340715.
     5635.,  -340715.
     5636.,  -338869.
     5637.,  -337007.
     5638.,  -337007.
     5639.,  -337007.
     5640.,  -340715.
     5641.,  -340715.
     5642.,  -340715.
     5643.,  -340715.
     5644.,  -340715.
     5645.,  -340715.
     5646.,  -340715.
     5647.,  -340715.
     5648.,  -340715.
     5649.,  -340715.
     5650.,  -338901.
     5651.,  -338901.
     5652.,  -338901.
     5653.,  -338901.
     5654.,  -340715.
     5655.,  -340715.
     5656.,  -338901.
     5657.,  -338901.
     5658.,  -337071.
     5659.,  -337071.
     5660.,  -337071.
     5661.,  -340715.
     5662.,  -338885.
     5663.,  -338885.
     5664.,  -337071.
     5665.,  -338901.
     5666.,  -338901.
     5667.,  -338901.
     5668.,  -340715.
     5669.,  -340715.
     5670.,  -340715.
     5671.,  -340715.
     5672.,  -338885.
     5673.,  -340715.
     5674.,  -340715.
     5675.,  -340715.
     5676.,  -340715.
     5677.,  -338885.
     5678.,  -338885.
     5679.,  -338885.
     5680.,  -340715.
     5681.,  -340715.
     5682.,  -337039.
     5683.,  -337039.
     5684.,  -337039.
     5685.,  -340715.
     5686.,  -340715.
     5687.,  -338869.
     5688.,  -337007.
     5689.,  -337071.
     5690.,  -338885.
     5691.,  -340715.
     5692.,  -340715.
     5693.,  -340715.
     5694.,  -337007.
     5695.,  -336975.
     5696.,  -336975.
     5697.,  -340715.
     5698.,  -338853.
     5699.,  -336975.
     5700.,  -336975.
     5701.,  -337007.
     5702.,  -337007.
     5703.,  -337007.
     5704.,  -340715.
     5705.,  -340715.
     5706.,  -340715.
     5707.,  -340715.
     5708.,  -338837.
     5709.,  -340715.
     5710.,  -340715.
     5711.,  -340715.
     5712.,  -340715.
     5713.,  -336975.
     5714.,  -336975.
     5715.,  -338853.
     5716.,  -340715.
     5717.,  -340715.
     5718.,  -336943.
     5719.,  -336943.
     5720.,  -336943.
     5721.,  -340715.
     5722.,  -340715.
     5723.,  -338821.
     5724.,  -336911.
     5725.,  -336975.
     5726.,  -338837.
     5727.,  -340715.
     5728.,  -340715.
     5729.,  -340715.
     5730.,  -340715.
     5731.,  -340715.
     5732.,  -340715.
     5733.,  -340715.
     5734.,  -340715.
     5735.,  -336911.
     5736.,  -336911.
     5737.,  -340715.
     5738.,  -340715.
     5739.,  -340715.
     5740.,  -340715.
     5741.,  -336911.
     5742.,  -338821.
     5743.,  -340715.
     5744.,  -340715.
     5745.,  -340715.
     5746.,  -336911.
     5747.,  -336911.
     5748.,  -334993.
     5749.,  -336887.
     5750.,  -340715.
     5751.,  -340715.
     5752.,  -340715.
     5753.,  -336887.
     5754.,  -336887.
     5755.,  -340715.
     5756.,  -340715.
     5757.,  -340715.
     5758.,  -340715.
     5759.,  -340715.
     5760.,  -340715.
     5761.,  -340715.
     5762.,  -340715.
     5763.,  -340715.
     5764.,  -340715.
     5765.,  -340715.
     5766.,  -340715.
     5767.,  -340715.
     5768.,  -340715.
     5769.,  -340715.
     5770.,  -340715.
     5771.,  -340715.
     5772.,  -340715.
     5773.,  -340715.
     5774.,  -340715.
     5775.,  -340715.
     5776.,  -340715.
     5777.,  -340715.
     5778.,  -340715.
     5779.,  -340715.
     5780.,  -340715.
     5781.,  -340715.
     5782.,  -340715.
     5783.,  -340715.
     5784.,  -340715.
     5785.,  -340715.
     5786.,  -340715.
     5787.,  -340715.
     5788.,  -340715.
     5789.,  -340715.
     5790.,  -340715.
     5791.,  -340715.
     5792.,  -340715.
     5793.,  -340715.
     5794.,  -340715.
     5795.,  -340715.
     5796.,  -340715.
     5797.,  -340715.
     5798.,  -340715.
     5799.,  -340715.
     5800.,  -340715.
     5801.,  -340715.
     5802.,  -340715.
     5803.,  -340715.
     5804.,  -340715.
     5805.,  -340715.
     5806.,  -340715.
     5807.,  -340715.
     5808.,  -340715.
     5809.,  -340715.
     5810.,  -340715.
     5811.,  -340715.
     5812.,  -340715.
     5813.,  -340715.
     5814.,  -340715.
     5815.,  -340715.
     5816.,  -340715.
     5817.,  -340715.
     5818.,  -340715.
     5819.,  -340715.
     5820.,  -340715.
     5821.,  -340715.
     5822.,  -340715.
     5823.,  -340715.
     5824.,  -340715.
     5825.,  -340715.
     5826.,  -340715.
     5827.,  -340715.
     5828.,  -340715.
     5829.,  -340715.
     5830.,  -340715.
     5831.,  -340715.
     5832.,  -340715.
     5833.,  -340715.
     5834.,  -340715.
     5835.,  -340715.
     5836.,  -340715.
     5837.,  -340715.
     5838.,  -340715.
     5839.,  -340715.
     5840.,  -340715.
     5841.,  -340715.
     5842.,  -340715.
     5843.,  -340715.
     5844.,  -340715.
     5845.,  -340715.
     5846.,  -340715.
     5847.,  -340715.
     5848.,  -340715.
     5849.,  -340715.
     5850.,  -340715.
     5851.,  -340715.
     5852.,  -340715.
     5853.,  -340715.
     5854.,  -340715.
     5855.,  -340715.
     5856.,  -340715.
     5857.,  -340715.
     5858.,  -340715.
     5859.,  -340715.
     5860.,  -340715.
     5861.,  -340715.
     5862.,  -340715.
     5863.,  -340715.
     5864.,  -340715.
     5865.,  -340715.
     5866.,  -340715.
     5867.,  -340715.
     5868.,  -340715.
     5869.,  -340715.
     5870.,  -340715.
     5871.,  -340715.
     5872.,  -340715.
     5873.,  -340715.
     5874.,  -340715.
     5875.,  -340715.
     5876.,  -340715.
     5877.,  -340715.
     5878.,  -340715.
     5879.,  -340715.
     5880.,  -340715.
     5881.,  -340715.
     5882.,  -340715.
     5883.,  -340715.
     5884.,  -340715.
     5885.,  -340715.
     5886.,  -340715.
     5887.,  -340715.
     5888.,  -340715.
     5889.,  -340715.
     5890.,  -340715.
     5891.,  -340715.
     5892.,  -340715.
     5893.,  -340715.
     5894.,  -340715.
     5895.,  -340715.
     5896.,  -340715.
     5897.,  -340715.
     5898.,  -340715.
     5899.,  -340715.
     5900.,  -340715.
     5901.,  -340715.
     5902.,  -340715.
     5903.,  -340715.
     5904.,  -340715.
     5905.,  -340715.
     5906.,  -340715.
     5907.,  -340715.
     5908.,  -340715.
     5909.,  -340715.
     5910.,  -340715.
     5911.,  -340715.
     5912.,  -340715.
     5913.,  -340715.
     5914.,  -340715.
     5915.,  -340715.
     5916.,  -340715.
     5917.,  -340715.
     5918.,  -340715.
     5919.,  -340715.
     5920.,  -340715.
     5921.,  -340715.
     5922.,  -340715.
     5923.,  -340715.
     5924.,  -340715.
     5925.,  -340715.
     5926.,  -340715.
     5927.,  -340715.
     5928.,  -340715.
     5929.,  -340715.
     5930.,  -338909.
     5931.,  -338909.
     5932.,  -338909.
     5933.,  -338909.
     5934.,  -338909.
     5935.,  -340715.
     5936.,  -340715.
     5937.,  -340715.
     5938.,  -340715.
     5939.,  -340715.
     5940.,  -340715.
     5941.,  -340715.
     5942.,  -340715.
     5943.,  -340715.
     5944.,  -339581.
     5945.,  -339581.
     5946.,  -340715.
     5947.,  -340715.
     5948.,  -340715.
     5949.,  -340715.
     5950.,  -340715.
     5951.,  -340715.
     5952.,  -340715.
     5953.,  -340715.
     5954.,  -340715.
     5955.,  -340715.
     5956.,  -340715.
     5957.,  -340715.
     5958.,  -340715.
     5959.,  -340715.
     5960.,  -340715.
     5961.,  -339581.
     5962.,  -339581.
     5963.,  -340715.
     5964.,  -340715.
     5965.,  -340715.
     5966.,  -340715.
     5967.,  -340715.
     5968.,  -340715.
     5969.,  -340715.
     5970.,  -340715.
     5971.,  -340715.
     5972.,  -340715.
     5973.,  -340715.
     5974.,  -340715.
     5975.,  -340715.
     5976.,  -340715.
     5977.,  -340715.
     5978.,  -340715.
     5979.,  -340715.
     5980.,  -339581.
     5981.,  -339581.
     5982.,  -340715.
     5983.,  -340715.
     5984.,  -340715.
     5985.,  -340715.
     5986.,  -340715.
     5987.,  -340715.
     5988.,  -340715.
     5989.,  -340715.
     5990.,  -340715.
     5991.,  -340715.
     5992.,  -340715.
     5993.,  -340715.
     5994.,  -340715.
     5995.,  -340715.
     5996.,  -340715.
     5997.,  -340715.
     5998.,  -340715.
     5999.,  -340715.
     6000.,  -340715.
     6001.,  -340715.
     6002.,  -340715.
     6003.,  -339581.
     6004.,  -339581.
     6005.,  -340715.
     6006.,  -340715.
     6007.,  -340715.
     6008.,  -340715.
     6009.,  -340715.
     6010.,  -340715.
     6011.,  -340715.
     6012.,  -340715.
     6013.,  -340715.
     6014.,  -340715.
     6015.,  -340715.
     6016.,  -340715.
     6017.,  -340715.
     6018.,  -340715.
     6019.,  -340715.
     6020.,  -340715.
     6021.,  -340715.
     6022.,  -340715.
     6023.,  -340715.
     6024.,  -340715.
     6025.,  -340715.
     6026.,  -340715.
     6027.,  -340715.
     6028.,  -339581.
     6029.,  -339581.
     6030.,  -340715.
     6031.,  -340715.
     6032.,  -340715.
     6033.,  -340715.
     6034.,  -340715.
     6035.,  -340715.
     6036.,  -340715.
     6037.,  -340715.
     6038.,  -340715.
     6039.,  -340715.
     6040.,  -340715.
     6041.,  -340715.
     6042.,  -340715.
     6043.,  -340715.
     6044.,  -340715.
     6045.,  -340715.
     6046.,  -340715.
     6047.,  -340715.
     6048.,  -340715.
     6049.,  -340715.
     6050.,  -340715.
     6051.,  -340715.
     6052.,  -340715.
     6053.,  -339581.
     6054.,  -339581.
     6055.,  -340715.
     6056.,  -340715.
     6057.,  -340715.
     6058.,  -340715.
     6059.,  -340715.
     6060.,  -340715.
     6061.,  -340715.
     6062.,  -340715.
     6063.,  -340715.
     6064.,  -340715.
     6065.,  -340715.
     6066.,  -340715.
     6067.,  -340715.
     6068.,  -340715.
     6069.,  -340715.
     6070.,  -340715.
     6071.,  -340715.
     6072.,  -340715.
     6073.,  -340715.
     6074.,  -340715.
     6075.,  -340715.
     6076.,  -339581.
     6077.,  -339581.
     6078.,  -340715.
     6079.,  -340715.
     6080.,  -340715.
     6081.,  -340715.
     6082.,  -340715.
     6083.,  -340715.
     6084.,  -340715.
     6085.,  -340715.
     6086.,  -340715.
     6087.,  -340715.
     6088.,  -340715.
     6089.,  -340715.
     6090.,  -340715.
     6091.,  -340715.
     6092.,  -340715.
     6093.,  -340715.
     6094.,  -340715.
     6095.,  -339581.
     6096.,  -339581.
     6097.,  -340715.
     6098.,  -340715.
     6099.,  -340715.
     6100.,  -340715.
     6101.,  -340715.
     6102.,  -340715.
     6103.,  -340715.
     6104.,  -340715.
     6105.,  -340715.
     6106.,  -340715.
     6107.,  -340715.
     6108.,  -340715.
     6109.,  -340715.
     6110.,  -340715.
     6111.,  -340715.
     6112.,  -339581.
     6113.,  -339581.
     6114.,  -340715.
     6115.,  -340715.
     6116.,  -340715.
     6117.,  -340715.
     6118.,  -340715.
     6119.,  -339065.
     6120.,  -340715.
     6121.,  -340715.
     6122.,  -340715.
     6123.,  -340715.
     6124.,  -340715.
     6125.,  -340715.
     6126.,  -340715.
     6127.,  -340715.
     6128.,  -340715.
     6129.,  -340715.
     6130.,  -340715.
     6131.,  -340715.
     6132.,  -340715.
     6133.,  -340715.
     6134.,  -340715.
     6135.,  -340715.
     6136.,  -340715.
     6137.,  -340715.
     6138.,  -340715.
     6139.,  -340715.
     6140.,  -340715.
     6141.,  -340715.
     6142.,  -340715.
     6143.,  -340715.
     6144.,  -340715.
     6145.,  -340715.
     6146.,  -340715.
     6147.,  -340715.
     6148.,  -340715.
     6149.,  -340715.
     6150.,  -340715.
     6151.,  -340715.
     6152.,  -340715.
     6153.,  -340715.
     6154.,  -340715.
     6155.,  -340715.
     6156.,  -340715.
     6157.,  -340715.
     6158.,  -340715.
     6159.,  -340715.
     6160.,  -340715.
     6161.,  -340715.
     6162.,  -340715.
     6163.,  -340715.
     6164.,  -340715.
     6165.,  -340715.
     6166.,  -340715.
     6167.,  -340715.
     6168.,  -340715.
     6169.,  -340715.
     6170.,  -340715.
     6171.,  -340715.
     6172.,  -340715.
     6173.,  -340715.
     6174.,  -340715.
     6175.,  -340715.
     6176.,  -340715.
     6177.,  -340715.
     6178.,  -340715.
     6179.,  -340715.
     6180.,  -340715.
     6181.,  -340715.
     6182.,  -340715.
     6183.,  -340715.
     6184.,  -340715.
     6185.,  -340715.
     6186.,  -340715.
     6187.,  -340715.
     6188.,  -340715.
     6189.,  -340715.
     6190.,  -340715.
     6191.,  -340715.
     6192.,  -340715.
     6193.,  -340715.
     6194.,  -340715.
     6195.,  -340715.
     6196.,  -340715.
     6197.,  -340715.
     6198.,  -340715.
     6199.,  -340715.
     6200.,  -340715.
     6201.,  -340715.
     6202.,  -340715.
     6203.,  -340715.
     6204.,  -340715.
     6205.,  -340715.
     6206.,  -340715.
     6207.,  -340715.
     6208.,  -340715.
     6209.,  -340715.
     6210.,  -340715.
     6211.,  -340715.
     6212.,  -340715.
     6213.,  -340715.
     6214.,  -340715.
     6215.,  -340715.
     6216.,  -340715.
     6217.,  -340715.
     6218.,  -340715.
     6219.,  -340715.
     6220.,  -340715.
     6221.,  -340715.
     6222.,  -340715.
     6223.,  -340715.
     6224.,  -340715.
     6225.,  -340715.
     6226.,  -340715.
     6227.,  -340715.
     6228.,  -340715.
     6229.,  -340715.
     6230.,  -340715.
     6231.,  -340715.
     6232.,  -340715.
     6233.,  -340715.
     6234.,  -340715.
     6235.,  -340715.
     6236.,  -340715.
     6237.,  -340715.
     6238.,  -340715.
     6239.,  -340715.
     6240.,  -340715.
     6241.,  -340715.
     6242.,  -340715.
     6243.,  -340715.
     6244.,  -340715.
     6245.,  -340715.
     6246.,  -340715.
     6247.,  -340715.
     6248.,  -340715.
     6249.,  -340715.
     6250.,  -340715.
     6251.,  -340715.
     6252.,  -340715.
     6253.,  -340715.
     6254.,  -340715.
     6255.,  -340715.
     6256.,  -340715.
     6257.,  -340715.
     6258.,  -340715.
     6259.,  -340713.
     6260.,  -340713.
     6261.,  -340713.
     6262.,  -340713.
     6263.,  -340713.
     6264.,  -336733.
     6265.,  -336669.
     6266.,  -336669.
     6267.,  -340713.
     6268.,  -340713.
     6269.,  -340713.
     6270.,  -338755.
     6271.,  -338755.
     6272.,  -340713.
     6273.,  -340713.
     6274.,  -340713.
     6275.,  -340713.
     6276.,  -338675.
     6277.,  -336645.
     6278.,  -340713.
     6279.,  -340713.
     6280.,  -340713.
     6281.,  -340713.
     6282.,  -336645.
     6283.,  -336645.
     6284.,  -340713.
     6285.,  -340713.
     6286.,  -340713.
     6287.,  -336653.
     6288.,  -336653.
     6289.,  -336653.
     6290.,  -340713.
     6291.,  -340713.
     6292.,  -338691.
     6293.,  -336653.
     6294.,  -336645.
     6295.,  -336645.
     6296.,  -338675.
     6297.,  -340713.
     6298.,  -340713.
     6299.,  -340713.
     6300.,  -340713.
     6301.,  -336685.
     6302.,  -336685.
     6303.,  -334695.
     6304.,  -340713.
     6305.,  -340713.
     6306.,  -340713.
     6307.,  -340713.
     6308.,  -338707.
     6309.,  -336717.
     6310.,  -336685.
     6311.,  -338691.
     6312.,  -340713.
     6313.,  -340713.
     6314.,  -340713.
     6315.,  -336717.
     6316.,  -336749.
     6317.,  -336749.
     6318.,  -340713.
     6319.,  -338739.
     6320.,  -336749.
     6321.,  -336749.
     6322.,  -336717.
     6323.,  -336717.
     6324.,  -338723.
     6325.,  -338723.
     6326.,  -340713.
     6327.,  -336781.
     6328.,  -336781.
     6329.,  -336781.
     6330.,  -340713.
     6331.,  -340713.
     6332.,  -338755.
     6333.,  -336813.
     6334.,  -336749.
     6335.,  -338739.
     6336.,  -340713.
     6337.,  -340713.
     6338.,  -340713.
     6339.,  -340713.
     6340.,  -340713.
     6341.,  -338771.
     6342.,  -338771.
     6343.,  -336813.
     6344.,  -336813.
     6345.,  -336813.
     6346.,  -338771.
     6347.,  -338771.
     6348.,  -338771.
     6349.,  -338771.
     6350.,  -338771.
     6351.,  -338771.
     6352.,  -336813.
     6353.,  -336813.
     6354.,  -336813.
     6355.,  -336813.
     6356.,  -336781.
     6357.,  -336781.
     6358.,  -336781.
     6359.,  -336749.
     6360.,  -336749.
     6361.,  -336749.
     6362.,  -336749.
     6363.,  -336717.
     6364.,  -336717.
     6365.,  -334695.
     6366.,  -336685.
     6367.,  -336685.
     6368.,  -336685.
     6369.,  -336653.
     6370.,  -336653.
     6371.,  -336653.
     6372.,  -336645.
     6373.,  -336645.
     6374.,  -334631.
     6375.,  -336669.
     6376.,  -336669.
     6377.,  -336669.
     6378.,  -336701.
     6379.,  -336701.
     6380.,  -336701.
     6381.,  -336733.
     6382.,  -336733.
     6383.,  -336733.
     6384.,  -336765.
     6385.,  -336765.
     6386.,  -336765.
     6387.,  -336797.
     6388.,  -336797.
     6389.,  -336797.
     6390.,  -336829.
     6391.,  -336829.
     6392.,  -336829.
     6393.,  -336829.
     6394.,  -338779.
     6395.,  -338779.
     6396.,  -339491.
     6397.,  -339491.
     6398.,  -337557.
     6399.,  -337557.
     6400.,  -339491.
     6401.,  -340713.
     6402.,  -340713.
     6403.,  -340713.
     6404.,  -340713.
     6405.,  -340713.
     6406.,  -340713.
     6407.,  -340713.
     6408.,  -340713.
     6409.,  -340713.
     6410.,  -339571.
     6411.,  -340713.
     6412.,  -340713.
     6413.,  -340713.
     6414.,  -339571.
     6415.,  -340713.
     6416.,  -340713.
     6417.,  -340713.
     6418.,  -340713.
     6419.,  -340713.
     6420.,  -340713.
     6421.,  -340713.
     6422.,  -340713.
     6423.,  -340713.
     6424.,  -340713.
     6425.,  -340713.
     6426.,  -340713.
     6427.,  -339571.
     6428.,  -340713.
     6429.,  -340713.
     6430.,  -340713.
     6431.,  -340713.
     6432.,  -340713.
     6433.,  -339571.
     6434.,  -340713.
     6435.,  -340713.
     6436.,  -340713.
     6437.,  -340713.
     6438.,  -340713.
     6439.,  -340713.
     6440.,  -340713.
     6441.,  -340713.
     6442.,  -340713.
     6443.,  -340713.
     6444.,  -340713.
     6445.,  -340713.
     6446.,  -339571.
     6447.,  -340713.
     6448.,  -340713.
     6449.,  -340713.
     6450.,  -340713.
     6451.,  -340713.
     6452.,  -340713.
     6453.,  -340713.
     6454.,  -339571.
     6455.,  -340713.
     6456.,  -340713.
     6457.,  -340713.
     6458.,  -340713.
     6459.,  -340713.
     6460.,  -340713.
     6461.,  -340713.
     6462.,  -340713.
     6463.,  -340713.
     6464.,  -340713.
     6465.,  -340713.
     6466.,  -340713.
     6467.,  -340713.
     6468.,  -340713.
     6469.,  -339571.
     6470.,  -340713.
     6471.,  -340713.
     6472.,  -340713.
     6473.,  -340713.
     6474.,  -340713.
     6475.,  -340713.
     6476.,  -340713.
     6477.,  -340713.
     6478.,  -340713.
     6479.,  -339571.
     6480.,  -340713.
     6481.,  -340713.
     6482.,  -340713.
     6483.,  -340713.
     6484.,  -340713.
     6485.,  -340713.
     6486.,  -340713.
     6487.,  -340713.
     6488.,  -340713.
     6489.,  -340713.
     6490.,  -340713.
     6491.,  -340713.
     6492.,  -340713.
     6493.,  -340713.
     6494.,  -339571.
     6495.,  -340713.
     6496.,  -340713.
     6497.,  -340713.
     6498.,  -340713.
     6499.,  -340713.
     6500.,  -340713.
     6501.,  -340713.
     6502.,  -340713.
     6503.,  -340713.
     6504.,  -339571.
     6505.,  -340713.
     6506.,  -340713.
     6507.,  -340713.
     6508.,  -340713.
     6509.,  -340713.
     6510.,  -340713.
     6511.,  -340713.
     6512.,  -340713.
     6513.,  -340713.
     6514.,  -340713.
     6515.,  -340713.
     6516.,  -340713.
     6517.,  -340713.
     6518.,  -340713.
     6519.,  -339571.
     6520.,  -340713.
     6521.,  -340713.
     6522.,  -340713.
     6523.,  -340713.
     6524.,  -340713.
     6525.,  -340713.
     6526.,  -340713.
     6527.,  -340713.
     6528.,  -340713.
     6529.,  -339571.
     6530.,  -340713.
     6531.,  -340713.
     6532.,  -340713.
     6533.,  -340713.
     6534.,  -340713.
     6535.,  -340713.
     6536.,  -340713.
     6537.,  -340713.
     6538.,  -340713.
     6539.,  -340713.
     6540.,  -340713.
     6541.,  -340713.
     6542.,  -339571.
     6543.,  -340713.
     6544.,  -340713.
     6545.,  -340713.
     6546.,  -340713.
     6547.,  -340713.
     6548.,  -340713.
     6549.,  -340713.
     6550.,  -339571.
     6551.,  -340713.
     6552.,  -340713.
     6553.,  -340713.
     6554.,  -340713.
     6555.,  -340713.
     6556.,  -340713.
     6557.,  -340713.
     6558.,  -340713.
     6559.,  -340713.
     6560.,  -340713.
     6561.,  -339571.
     6562.,  -340713.
     6563.,  -340713.
     6564.,  -340713.
     6565.,  -340713.
     6566.,  -340713.
     6567.,  -339571.
     6568.,  -340713.
     6569.,  -340713.
     6570.,  -340713.
     6571.,  -340713.
     6572.,  -340713.
     6573.,  -340713.
     6574.,  -340713.
     6575.,  -340713.
     6576.,  -340713.
     6577.,  -340713.
     6578.,  -339571.
     6579.,  -340713.
     6580.,  -340713.
     6581.,  -340713.
     6582.,  -339571.
     6583.,  -340713.
     6584.,  -340713.
     6585.,  -340713.
     6586.,  -340713.
     6587.,  -340713.
     6588.,  -340713.
     6589.,  -336845.
     6590.,  -336845.
     6591.,  -338787.
     6592.,  -338787.
     6593.,  -338787.
     6594.,  -338771.
     6595.,  -340713.
     6596.,  -340713.
     6597.,  -340713.
     6598.,  -340713.
     6599.,  -340713.
     6600.,  -340713.
     6601.,  -340713.
     6602.,  -340713.
     6603.,  -340713.
     6604.,  -340713.
     6605.,  -338771.
     6606.,  -338771.
     6607.,  -338771.
     6608.,  -338755.
     6609.,  -338755.
     6610.,  -340713.
     6611.,  -340713.
     6612.,  -340713.
     6613.,  -340713.
     6614.,  -340713.
     6615.,  -340713.
     6616.,  -340713.
     6617.,  -338755.
     6618.,  -338755.
     6619.,  -338755.
     6620.,  -338739.
     6621.,  -340713.
     6622.,  -340713.
     6623.,  -340713.
     6624.,  -340713.
     6625.,  -340713.
     6626.,  -340713.
     6627.,  -340713.
     6628.,  -340713.
     6629.,  -338739.
     6630.,  -336749.
     6631.,  -336749.
     6632.,  -336717.
     6633.,  -338723.
     6634.,  -340713.
     6635.,  -340713.
     6636.,  -340713.
     6637.,  -340713.
     6638.,  -340713.
     6639.,  -340713.
     6640.,  -340713.
     6641.,  -340713.
     6642.,  -338707.
     6643.,  -336717.
     6644.,  -340713.
     6645.,  -340713.
     6646.,  -340713.
     6647.,  -340713.
     6648.,  -340713.
     6649.,  -340713.
     6650.,  -338747.
     6651.,  -336765.
     6652.,  -336765.
     6653.,  -336765.
     6654.,  -340713.
     6655.,  -340713.
     6656.,  -340713.
     6657.,  -340713.
     6658.,  -340713.
     6659.,  -340713.
     6660.,  -340713.
     6661.,  -340713.
     6662.,  -340713.
     6663.,  -340713.
     6664.,  -338779.
     6665.,  -338779.
     6666.,  -338779.
     6667.,  -338779.
     6668.,  -340713.
     6669.,  -340713.
     6670.,  -338779.
     6671.,  -338779.
     6672.,  -336829.
     6673.,  -336829.
     6674.,  -336829.
     6675.,  -340713.
     6676.,  -338763.
     6677.,  -338763.
     6678.,  -336829.
     6679.,  -338779.
     6680.,  -338779.
     6681.,  -338779.
     6682.,  -340713.
     6683.,  -340713.
     6684.,  -340713.
     6685.,  -340713.
     6686.,  -338763.
     6687.,  -340713.
     6688.,  -340713.
     6689.,  -340713.
     6690.,  -340713.
     6691.,  -338763.
     6692.,  -338763.
     6693.,  -338763.
     6694.,  -340713.
     6695.,  -340713.
     6696.,  -336797.
     6697.,  -336797.
     6698.,  -336797.
     6699.,  -340713.
     6700.,  -340713.
     6701.,  -338747.
     6702.,  -336765.
     6703.,  -336829.
     6704.,  -338763.
     6705.,  -340713.
     6706.,  -340713.
     6707.,  -340713.
     6708.,  -336765.
     6709.,  -338731.
     6710.,  -336733.
     6711.,  -340713.
     6712.,  -338731.
     6713.,  -336733.
     6714.,  -336733.
     6715.,  -336765.
     6716.,  -336765.
     6717.,  -336765.
     6718.,  -340713.
     6719.,  -340713.
     6720.,  -340713.
     6721.,  -340713.
     6722.,  -338715.
     6723.,  -340713.
     6724.,  -340713.
     6725.,  -340713.
     6726.,  -340713.
     6727.,  -336733.
     6728.,  -336733.
     6729.,  -338731.
     6730.,  -340713.
     6731.,  -340713.
     6732.,  -336701.
     6733.,  -336701.
     6734.,  -336701.
     6735.,  -340713.
     6736.,  -340713.
     6737.,  -338699.
     6738.,  -336669.
     6739.,  -338715.
     6740.,  -338715.
     6741.,  -340713.
     6742.,  -340713.
     6743.,  -340713.
     6744.,  -340713.
     6745.,  -340713.
     6746.,  -340713.
     6747.,  -340713.
     6748.,  -340713.
     6749.,  -336669.
     6750.,  -336669.
     6751.,  -340713.
     6752.,  -340713.
     6753.,  -340713.
     6754.,  -340713.
     6755.,  -336669.
     6756.,  -338699.
     6757.,  -340713.
     6758.,  -340713.
     6759.,  -340713.
     6760.,  -336669.
     6761.,  -336669.
     6762.,  -336669.
     6763.,  -336645.
     6764.,  -340713.
     6765.,  -340713.
     6766.,  -340713.
     6767.,  -336645.
     6768.,  -336645.
     6769.,  -340713.
     6770.,  -340713.
     6771.,  -340713.
     6772.,  -340713.
     6773.,  -340713.
     6774.,  -340713.
     6775.,  -340713.
     6776.,  -340713.
     6777.,  -340713.
     6778.,  -340713.
     6779.,  -340713.
     6780.,  -340713.
     6781.,  -340713.
     6782.,  -340713.
     6783.,  -340713.
     6784.,  -340713.
     6785.,  -340713.
     6786.,  -340713.
     6787.,  -340713.
     6788.,  -340713.
     6789.,  -340713.
     6790.,  -340713.
     6791.,  -340713.
     6792.,  -340713.
     6793.,  -340713.
     6794.,  -340713.
     6795.,  -340713.
     6796.,  -340713.
     6797.,  -340713.
     6798.,  -340713.
     6799.,  -340713.
     6800.,  -340713.
     6801.,  -340713.
     6802.,  -340713.
     6803.,  -340713.
     6804.,  -340713.
     6805.,  -340713.
     6806.,  -340713.
     6807.,  -340713.
     6808.,  -340713.
     6809.,  -340713.
     6810.,  -340713.
     6811.,  -340713.
     6812.,  -340713.
     6813.,  -340713.
     6814.,  -340713.
     6815.,  -340713.
     6816.,  -340713.
     6817.,  -340713.
     6818.,  -340713.
     6819.,  -340713.
     6820.,  -340713.
     6821.,  -340713.
     6822.,  -340713.
     6823.,  -340713.
     6824.,  -340713.
     6825.,  -340713.
     6826.,  -340713.
     6827.,  -340713.
     6828.,  -340713.
     6829.,  -340713.
     6830.,  -340713.
     6831.,  -340713.
     6832.,  -340713.
     6833.,  -340713.
     6834.,  -340713.
     6835.,  -340713.
     6836.,  -340713.
     6837.,  -340713.
     6838.,  -340713.
     6839.,  -340713.
     6840.,  -340713.
     6841.,  -340713.
     6842.,  -340713.
     6843.,  -340713.
     6844.,  -340713.
     6845.,  -340713.
     6846.,  -340713.
     6847.,  -340713.
     6848.,  -340713.
     6849.,  -340713.
     6850.,  -340713.
     6851.,  -340713.
     6852.,  -340713.
     6853.,  -340713.
     6854.,  -340713.
     6855.,  -340713.
     6856.,  -340713.
     6857.,  -340713.
     6858.,  -340713.
     6859.,  -338763.
     6860.,  -338763.
     6861.,  -340713.
     6862.,  -338763.
     6863.,  -340713.
     6864.,  -340713.
     6865.,  -340713.
     6866.,  -340713.
     6867.,  -340713.
     6868.,  -340713.
     6869.,  -340713.
     6870.,  -340713.
     6871.,  -340713.
     6872.,  -340713.
     6873.,  -340713.
     6874.,  -340713.
     6875.,  -340713.
     6876.,  -340713.
     6877.,  -340713.
     6878.,  -340713.
     6879.,  -340713.
     6880.,  -340713.
     6881.,  -340713.
     6882.,  -340713.
     6883.,  -340713.
     6884.,  -340713.
     6885.,  -340713.
     6886.,  -340713.
     6887.,  -340713.
     6888.,  -340713.
     6889.,  -340713.
     6890.,  -340713.
     6891.,  -340713.
     6892.,  -340713.
     6893.,  -340713.
     6894.,  -340713.
     6895.,  -340713.
     6896.,  -340713.
     6897.,  -340713.
     6898.,  -340713.
     6899.,  -340713.
     6900.,  -340713.
     6901.,  -340713.
     6902.,  -340713.
     6903.,  -340713.
     6904.,  -340713.
     6905.,  -340713.
     6906.,  -340713.
     6907.,  -340713.
     6908.,  -340713.
     6909.,  -340713.
     6910.,  -340713.
     6911.,  -340713.
     6912.,  -340713.
     6913.,  -340713.
     6914.,  -340713.
     6915.,  -340713.
     6916.,  -340713.
     6917.,  -340713.
     6918.,  -340713.
     6919.,  -340713.
     6920.,  -340713.
     6921.,  -340713.
     6922.,  -340713.
     6923.,  -340713.
     6924.,  -340713.
     6925.,  -340713.
     6926.,  -340713.
     6927.,  -340713.
     6928.,  -340713.
     6929.,  -340713.
     6930.,  -340713.
     6931.,  -340713.
     6932.,  -340713.
     6933.,  -340713.
     6934.,  -340713.
     6935.,  -340713.
     6936.,  -340713.
     6937.,  -340713.
     6938.,  -340713.
     6939.,  -340713.
     6940.,  -340713.
     6941.,  -340713.
     6942.,  -340713.
     6943.,  -340713.
     6944.,  -338787.
     6945.,  -338787.
     6946.,  -338787.
     6947.,  -338787.
     6948.,  -338787.
     6949.,  -340713.
     6950.,  -340713.
     6951.,  -340713.
     6952.,  -340713.
     6953.,  -340713.
     6954.,  -340713.
     6955.,  -340713.
     6956.,  -340713.
     6957.,  -340713.
     6958.,  -339571.
     6959.,  -339571.
     6960.,  -340713.
     6961.,  -340713.
     6962.,  -340713.
     6963.,  -340713.
     6964.,  -340713.
     6965.,  -340713.
     6966.,  -340713.
     6967.,  -340713.
     6968.,  -340713.
     6969.,  -340713.
     6970.,  -340713.
     6971.,  -340713.
     6972.,  -340713.
     6973.,  -340713.
     6974.,  -340713.
     6975.,  -339571.
     6976.,  -339571.
     6977.,  -340713.
     6978.,  -340713.
     6979.,  -340713.
     6980.,  -340713.
     6981.,  -340713.
     6982.,  -340713.
     6983.,  -340713.
     6984.,  -340713.
     6985.,  -340713.
     6986.,  -340713.
     6987.,  -340713.
     6988.,  -340713.
     6989.,  -340713.
     6990.,  -340713.
     6991.,  -340713.
     6992.,  -340713.
     6993.,  -340713.
     6994.,  -339571.
     6995.,  -339571.
     6996.,  -340713.
     6997.,  -340713.
     6998.,  -340713.
     6999.,  -340713.
     7000.,  -340713.
     7001.,  -340713.
     7002.,  -340713.
     7003.,  -340713.
     7004.,  -340713.
     7005.,  -340713.
     7006.,  -340713.
     7007.,  -340713.
     7008.,  -340713.
     7009.,  -340713.
     7010.,  -340713.
     7011.,  -340713.
     7012.,  -340713.
     7013.,  -340713.
     7014.,  -340713.
     7015.,  -340713.
     7016.,  -340713.
     7017.,  -339571.
     7018.,  -339571.
     7019.,  -340713.
     7020.,  -340713.
     7021.,  -340713.
     7022.,  -340713.
     7023.,  -340713.
     7024.,  -340713.
     7025.,  -340713.
     7026.,  -340713.
     7027.,  -340713.
     7028.,  -340713.
     7029.,  -340713.
     7030.,  -340713.
     7031.,  -340713.
     7032.,  -340713.
     7033.,  -340713.
     7034.,  -340713.
     7035.,  -340713.
     7036.,  -340713.
     7037.,  -340713.
     7038.,  -340713.
     7039.,  -340713.
     7040.,  -340713.
     7041.,  -340713.
     7042.,  -339571.
     7043.,  -339571.
     7044.,  -340713.
     7045.,  -340713.
     7046.,  -340713.
     7047.,  -340713.
     7048.,  -340713.
     7049.,  -340713.
     7050.,  -340713.
     7051.,  -340713.
     7052.,  -340713.
     7053.,  -340713.
     7054.,  -340713.
     7055.,  -340713.
     7056.,  -340713.
     7057.,  -340713.
     7058.,  -340713.
     7059.,  -340713.
     7060.,  -340713.
     7061.,  -340713.
     7062.,  -340713.
     7063.,  -340713.
     7064.,  -340713.
     7065.,  -340713.
     7066.,  -340713.
     7067.,  -339571.
     7068.,  -339571.
     7069.,  -340713.
     7070.,  -340713.
     7071.,  -340713.
     7072.,  -340713.
     7073.,  -340713.
     7074.,  -340713.
     7075.,  -340713.
     7076.,  -340713.
     7077.,  -340713.
     7078.,  -340713.
     7079.,  -340713.
     7080.,  -340713.
     7081.,  -340713.
     7082.,  -340713.
     7083.,  -340713.
     7084.,  -340713.
     7085.,  -340713.
     7086.,  -340713.
     7087.,  -340713.
     7088.,  -340713.
     7089.,  -340713.
     7090.,  -339571.
     7091.,  -339571.
     7092.,  -340713.
     7093.,  -340713.
     7094.,  -340713.
     7095.,  -340713.
     7096.,  -340713.
     7097.,  -340713.
     7098.,  -340713.
     7099.,  -340713.
     7100.,  -340713.
     7101.,  -340713.
     7102.,  -340713.
     7103.,  -340713.
     7104.,  -340713.
     7105.,  -340713.
     7106.,  -340713.
     7107.,  -340713.
     7108.,  -340713.
     7109.,  -339571.
     7110.,  -339571.
     7111.,  -340713.
     7112.,  -340713.
     7113.,  -340713.
     7114.,  -340713.
     7115.,  -340713.
     7116.,  -340713.
     7117.,  -340713.
     7118.,  -340713.
     7119.,  -340713.
     7120.,  -340713.
     7121.,  -340713.
     7122.,  -340713.
     7123.,  -340713.
     7124.,  -340713.
     7125.,  -340713.
     7126.,  -339571.
     7127.,  -339571.
     7128.,  -340713.
     7129.,  -340713.
     7130.,  -340713.
     7131.,  -340713.
     7132.,  -340713.
     7133.,  -339491.
     7134.,  -340713.
     7135.,  -340713.
     7136.,  -340713.
     7137.,  -340713.
     7138.,  -339491.
     7139.,  -339491.
     7140.,  -339491.
     7141.,  -339491.
     7142.,  -340713.
     7143.,  -340713.
     7144.,  -340713.
     7145.,  -340713.
     7146.,  -340713.
     7147.,  -340713.
     7148.,  -340713.
     7149.,  -340713.
     7150.,  -340713.
     7151.,  -340713.
     7152.,  -340713.
     7153.,  -340713.
     7154.,  -340713.
     7155.,  -340713.
     7156.,  -340713.
     7157.,  -340713.
     7158.,  -340713.
     7159.,  -340713.
     7160.,  -340713.
     7161.,  -340713.
     7162.,  -340713.
     7163.,  -340713.
     7164.,  -340713.
     7165.,  -340713.
     7166.,  -340713.
     7167.,  -340713.
     7168.,  -340713.
     7169.,  -340713.
     7170.,  -340713.
     7171.,  -340713.
     7172.,  -340713.
     7173.,  -340713.
     7174.,  -340713.
     7175.,  -340713.
     7176.,  -340713.
     7177.,  -340713.
     7178.,  -340713.
     7179.,  -340713.
     7180.,  -340713.
     7181.,  -340713.
     7182.,  -340713.
     7183.,  -340713.
     7184.,  -340713.
     7185.,  -340713.
     7186.,  -340713.
     7187.,  -340713.
     7188.,  -340713.
     7189.,  -340713.
     7190.,  -340713.
     7191.,  -340713.
     7192.,  -340713.
     7193.,  -340713.
     7194.,  -340713.
     7195.,  -340713.
     7196.,  -340713.
     7197.,  -340713.
     7198.,  -340713.
     7199.,  -340713.
     7200.,  -340713.
     7201.,  -340713.
     7202.,  -340713.
     7203.,  -340713.
     7204.,  -340713.
     7205.,  -340713.
     7206.,  -340713.
     7207.,  -340713.
     7208.,  -340713.
     7209.,  -340713.
     7210.,  -340713.
     7211.,  -340713.
     7212.,  -340713.
     7213.,  -340713.
     7214.,  -340713.
     7215.,  -340713.
     7216.,  -340713.
     7217.,  -340713.
     7218.,  -340713.
     7219.,  -340713.
     7220.,  -340713.
     7221.,  -340713.
     7222.,  -340713.
     7223.,  -340713.
     7224.,  -340713.
     7225.,  -340713.
     7226.,  -340713.
     7227.,  -340713.
     7228.,  -340713.
     7229.,  -340713.
     7230.,  -340713.
     7231.,  -340713.
     7232.,  -340713.
     7233.,  -340713.
     7234.,  -340713.
     7235.,  -340713.
     7236.,  -340713.
     7237.,  -340713.
     7238.,  -340713.
     7239.,  -340713.
     7240.,  -340713.
     7241.,  -340713.
     7242.,  -340713.
     7243.,  -340713.
     7244.,  -340713.
     7245.,  -340713.
     7246.,  -340713.
     7247.,  -340713.
     7248.,  -340713.
     7249.,  -340713.
     7250.,  -340713.
     7251.,  -340713.
     7252.,  -340713.
     7253.,  -340713.
     7254.,  -340713.
     7255.,  -340713.
     7256.,  -340713.
     7257.,  -340713.
     7258.,  -340713.
     7259.,  -340713.
     7260.,  -340713.
     7261.,  -340713.
     7262.,  -340713.
     7263.,  -340713.
     7264.,  -340713.
     7265.,  -340713.
     7266.,  -340713.
     7267.,  -340713.
     7268.,  -340713.
     7269.,  -340713.
     7270.,  -340713.
     7271.,  -340713.
     7272.,  -340713.
     7273.,  -336379.
     7274.,  -340711.
     7275.,  -340711.
     7276.,  -340711.
     7277.,  -340711.
     7278.,  -336363.
     7279.,  -336235.
     7280.,  -336235.
     7281.,  -340711.
     7282.,  -340711.
     7283.,  -340711.
     7284.,  -338601.
     7285.,  -338601.
     7286.,  -340711.
     7287.,  -340711.
     7288.,  -340711.
     7289.,  -340711.
     7290.,  -338441.
     7291.,  -336187.
     7292.,  -340711.
     7293.,  -340711.
     7294.,  -340711.
     7295.,  -340711.
     7296.,  -336187.
     7297.,  -336187.
     7298.,  -340711.
     7299.,  -340711.
     7300.,  -340711.
     7301.,  -336203.
     7302.,  -336203.
     7303.,  -336203.
     7304.,  -340711.
     7305.,  -340711.
     7306.,  -338473.
     7307.,  -336203.
     7308.,  -336187.
     7309.,  -336187.
     7310.,  -338441.
     7311.,  -340711.
     7312.,  -340711.
     7313.,  -340711.
     7314.,  -340711.
     7315.,  -336267.
     7316.,  -336267.
     7317.,  -334093.
     7318.,  -340711.
     7319.,  -340711.
     7320.,  -340711.
     7321.,  -340711.
     7322.,  -338505.
     7323.,  -336331.
     7324.,  -336267.
     7325.,  -338473.
     7326.,  -340711.
     7327.,  -340711.
     7328.,  -340711.
     7329.,  -336331.
     7330.,  -336395.
     7331.,  -336395.
     7332.,  -340711.
     7333.,  -338569.
     7334.,  -336395.
     7335.,  -336395.
     7336.,  -336331.
     7337.,  -336331.
     7338.,  -338537.
     7339.,  -338537.
     7340.,  -340711.
     7341.,  -336459.
     7342.,  -336459.
     7343.,  -336459.
     7344.,  -340711.
     7345.,  -340711.
     7346.,  -338601.
     7347.,  -336523.
     7348.,  -336395.
     7349.,  -338569.
     7350.,  -340711.
     7351.,  -340711.
     7352.,  -340711.
     7353.,  -340711.
     7354.,  -340711.
     7355.,  -338633.
     7356.,  -338633.
     7357.,  -336523.
     7358.,  -336523.
     7359.,  -336523.
     7360.,  -338633.
     7361.,  -338633.
     7362.,  -338633.
     7363.,  -338633.
     7364.,  -338633.
     7365.,  -338633.
     7366.,  -336523.
     7367.,  -336523.
     7368.,  -336523.
     7369.,  -336523.
     7370.,  -336459.
     7371.,  -336459.
     7372.,  -336459.
     7373.,  -336395.
     7374.,  -336395.
     7375.,  -336395.
     7376.,  -336395.
     7377.,  -336331.
     7378.,  -336331.
     7379.,  -334093.
     7380.,  -336267.
     7381.,  -336267.
     7382.,  -336267.
     7383.,  -336203.
     7384.,  -336203.
     7385.,  -336203.
     7386.,  -336187.
     7387.,  -336187.
     7388.,  -333965.
     7389.,  -336235.
     7390.,  -336235.
     7391.,  -336235.
     7392.,  -336299.
     7393.,  -336299.
     7394.,  -336299.
     7395.,  -336363.
     7396.,  -336363.
     7397.,  -336363.
     7398.,  -336427.
     7399.,  -336427.
     7400.,  -336427.
     7401.,  -336491.
     7402.,  -336491.
     7403.,  -336491.
     7404.,  -336555.
     7405.,  -336555.
     7406.,  -336555.
     7407.,  -336555.
     7408.,  -338649.
     7409.,  -338649.
     7410.,  -339369.
     7411.,  -339369.
     7412.,  -337307.
     7413.,  -337307.
     7414.,  -339369.
     7415.,  -340711.
     7416.,  -340711.
     7417.,  -340711.
     7418.,  -340711.
     7419.,  -340711.
     7420.,  -340711.
     7421.,  -340711.
     7422.,  -340711.
     7423.,  -340711.
     7424.,  -339561.
     7425.,  -340711.
     7426.,  -340711.
     7427.,  -340711.
     7428.,  -339561.
     7429.,  -340711.
     7430.,  -340711.
     7431.,  -340711.
     7432.,  -340711.
     7433.,  -340711.
     7434.,  -340711.
     7435.,  -340711.
     7436.,  -340711.
     7437.,  -340711.
     7438.,  -340711.
     7439.,  -340711.
     7440.,  -340711.
     7441.,  -339561.
     7442.,  -340711.
     7443.,  -340711.
     7444.,  -340711.
     7445.,  -340711.
     7446.,  -340711.
     7447.,  -339561.
     7448.,  -340711.
     7449.,  -340711.
     7450.,  -340711.
     7451.,  -340711.
     7452.,  -340711.
     7453.,  -340711.
     7454.,  -340711.
     7455.,  -340711.
     7456.,  -340711.
     7457.,  -340711.
     7458.,  -340711.
     7459.,  -340711.
     7460.,  -339561.
     7461.,  -340711.
     7462.,  -340711.
     7463.,  -340711.
     7464.,  -340711.
     7465.,  -340711.
     7466.,  -340711.
     7467.,  -340711.
     7468.,  -339561.
     7469.,  -340711.
     7470.,  -340711.
     7471.,  -340711.
     7472.,  -340711.
     7473.,  -340711.
     7474.,  -340711.
     7475.,  -340711.
     7476.,  -340711.
     7477.,  -340711.
     7478.,  -340711.
     7479.,  -340711.
     7480.,  -340711.
     7481.,  -340711.
     7482.,  -340711.
     7483.,  -339561.
     7484.,  -340711.
     7485.,  -340711.
     7486.,  -340711.
     7487.,  -340711.
     7488.,  -340711.
     7489.,  -340711.
     7490.,  -340711.
     7491.,  -340711.
     7492.,  -340711.
     7493.,  -339561.
     7494.,  -340711.
     7495.,  -340711.
     7496.,  -340711.
     7497.,  -340711.
     7498.,  -340711.
     7499.,  -340711.
     7500.,  -340711.
     7501.,  -340711.
     7502.,  -340711.
     7503.,  -340711.
     7504.,  -340711.
     7505.,  -340711.
     7506.,  -340711.
     7507.,  -340711.
     7508.,  -339561.
     7509.,  -340711.
     7510.,  -340711.
     7511.,  -340711.
     7512.,  -340711.
     7513.,  -340711.
     7514.,  -340711.
     7515.,  -340711.
     7516.,  -340711.
     7517.,  -340711.
     7518.,  -339561.
     7519.,  -340711.
     7520.,  -340711.
     7521.,  -340711.
     7522.,  -340711.
     7523.,  -340711.
     7524.,  -340711.
     7525.,  -340711.
     7526.,  -340711.
     7527.,  -340711.
     7528.,  -340711.
     7529.,  -340711.
     7530.,  -340711.
     7531.,  -340711.
     7532.,  -340711.
     7533.,  -339561.
     7534.,  -340711.
     7535.,  -340711.
     7536.,  -340711.
     7537.,  -340711.
     7538.,  -340711.
     7539.,  -340711.
     7540.,  -340711.
     7541.,  -340711.
     7542.,  -340711.
     7543.,  -339561.
     7544.,  -340711.
     7545.,  -340711.
     7546.,  -340711.
     7547.,  -340711.
     7548.,  -340711.
     7549.,  -340711.
     7550.,  -340711.
     7551.,  -340711.
     7552.,  -340711.
     7553.,  -340711.
     7554.,  -340711.
     7555.,  -340711.
     7556.,  -339561.
     7557.,  -340711.
     7558.,  -340711.
     7559.,  -340711.
     7560.,  -340711.
     7561.,  -340711.
     7562.,  -340711.
     7563.,  -340711.
     7564.,  -339561.
     7565.,  -340711.
     7566.,  -340711.
     7567.,  -340711.
     7568.,  -340711.
     7569.,  -340711.
     7570.,  -340711.
     7571.,  -340711.
     7572.,  -340711.
     7573.,  -340711.
     7574.,  -340711.
     7575.,  -339561.
     7576.,  -340711.
     7577.,  -340711.
     7578.,  -340711.
     7579.,  -340711.
     7580.,  -340711.
     7581.,  -339561.
     7582.,  -340711.
     7583.,  -340711.
     7584.,  -340711.
     7585.,  -340711.
     7586.,  -340711.
     7587.,  -340711.
     7588.,  -340711.
     7589.,  -340711.
     7590.,  -340711.
     7591.,  -340711.
     7592.,  -339561.
     7593.,  -340711.
     7594.,  -340711.
     7595.,  -340711.
     7596.,  -339561.
     7597.,  -340711.
     7598.,  -340711.
     7599.,  -340711.
     7600.,  -340711.
     7601.,  -340711.
     7602.,  -340711.
     7603.,  -336587.
     7604.,  -336587.
     7605.,  -338665.
     7606.,  -338665.
     7607.,  -338665.
     7608.,  -338633.
     7609.,  -340711.
     7610.,  -340711.
     7611.,  -340711.
     7612.,  -340711.
     7613.,  -340711.
     7614.,  -340711.
     7615.,  -340711.
     7616.,  -340711.
     7617.,  -340711.
     7618.,  -340711.
     7619.,  -338633.
     7620.,  -338633.
     7621.,  -338633.
     7622.,  -338601.
     7623.,  -338601.
     7624.,  -340711.
     7625.,  -340711.
     7626.,  -340711.
     7627.,  -340711.
     7628.,  -340711.
     7629.,  -340711.
     7630.,  -340711.
     7631.,  -338601.
     7632.,  -338601.
     7633.,  -338601.
     7634.,  -338569.
     7635.,  -340711.
     7636.,  -340711.
     7637.,  -340711.
     7638.,  -340711.
     7639.,  -340711.
     7640.,  -340711.
     7641.,  -340711.
     7642.,  -340711.
     7643.,  -338569.
     7644.,  -336395.
     7645.,  -336395.
     7646.,  -336331.
     7647.,  -338537.
     7648.,  -340711.
     7649.,  -340711.
     7650.,  -340711.
     7651.,  -340711.
     7652.,  -340711.
     7653.,  -340711.
     7654.,  -340711.
     7655.,  -340711.
     7656.,  -338505.
     7657.,  -336331.
     7658.,  -340711.
     7659.,  -340711.
     7660.,  -340711.
     7661.,  -340711.
     7662.,  -340711.
     7663.,  -340711.
     7664.,  -338585.
     7665.,  -336427.
     7666.,  -336427.
     7667.,  -336427.
     7668.,  -340711.
     7669.,  -340711.
     7670.,  -340711.
     7671.,  -340711.
     7672.,  -340711.
     7673.,  -340711.
     7674.,  -340711.
     7675.,  -340711.
     7676.,  -340711.
     7677.,  -340711.
     7678.,  -338649.
     7679.,  -338649.
     7680.,  -338649.
     7681.,  -338649.
     7682.,  -340711.
     7683.,  -340711.
     7684.,  -338649.
     7685.,  -338649.
     7686.,  -336555.
     7687.,  -336555.
     7688.,  -336555.
     7689.,  -340711.
     7690.,  -338617.
     7691.,  -338617.
     7692.,  -336555.
     7693.,  -338649.
     7694.,  -338649.
     7695.,  -338649.
     7696.,  -340711.
     7697.,  -340711.
     7698.,  -340711.
     7699.,  -340711.
     7700.,  -338617.
     7701.,  -340711.
     7702.,  -340711.
     7703.,  -340711.
     7704.,  -340711.
     7705.,  -338617.
     7706.,  -338617.
     7707.,  -338617.
     7708.,  -340711.
     7709.,  -340711.
     7710.,  -336491.
     7711.,  -336491.
     7712.,  -336491.
     7713.,  -340711.
     7714.,  -340711.
     7715.,  -338585.
     7716.,  -336427.
     7717.,  -336555.
     7718.,  -338617.
     7719.,  -340711.
     7720.,  -340711.
     7721.,  -340711.
     7722.,  -336427.
     7723.,  -338553.
     7724.,  -336363.
     7725.,  -340711.
     7726.,  -338553.
     7727.,  -336363.
     7728.,  -336363.
     7729.,  -336427.
     7730.,  -336427.
     7731.,  -336427.
     7732.,  -340711.
     7733.,  -340711.
     7734.,  -340711.
     7735.,  -340711.
     7736.,  -338521.
     7737.,  -340711.
     7738.,  -340711.
     7739.,  -340711.
     7740.,  -340711.
     7741.,  -336363.
     7742.,  -336363.
     7743.,  -338553.
     7744.,  -340711.
     7745.,  -340711.
     7746.,  -336299.
     7747.,  -336299.
     7748.,  -336299.
     7749.,  -340711.
     7750.,  -340711.
     7751.,  -338489.
     7752.,  -336235.
     7753.,  -338521.
     7754.,  -338521.
     7755.,  -340711.
     7756.,  -340711.
     7757.,  -340711.
     7758.,  -340711.
     7759.,  -340711.
     7760.,  -340711.
     7761.,  -340711.
     7762.,  -340711.
     7763.,  -336235.
     7764.,  -336235.
     7765.,  -340711.
     7766.,  -340711.
     7767.,  -340711.
     7768.,  -340711.
     7769.,  -336235.
     7770.,  -338489.
     7771.,  -340711.
     7772.,  -340711.
     7773.,  -340711.
     7774.,  -336235.
     7775.,  -336235.
     7776.,  -336235.
     7777.,  -336187.
     7778.,  -340711.
     7779.,  -340711.
     7780.,  -340711.
     7781.,  -336187.
     7782.,  -336187.
     7783.,  -336203.
     7784.,  -340711.
     7785.,  -340711.
     7786.,  -340711.
     7787.,  -336203.
     7788.,  -336251.
     7789.,  -336251.
     7790.,  -336251.
     7791.,  -336203.
     7792.,  -340711.
     7793.,  -340711.
     7794.,  -338497.
     7795.,  -336251.
     7796.,  -340711.
     7797.,  -340711.
     7798.,  -340711.
     7799.,  -340711.
     7800.,  -340711.
     7801.,  -336251.
     7802.,  -336251.
     7803.,  -340711.
     7804.,  -340711.
     7805.,  -340711.
     7806.,  -340711.
     7807.,  -340711.
     7808.,  -340711.
     7809.,  -340711.
     7810.,  -338529.
     7811.,  -338529.
     7812.,  -340711.
     7813.,  -338497.
     7814.,  -340711.
     7815.,  -340711.
     7816.,  -336251.
     7817.,  -336315.
     7818.,  -336315.
     7819.,  -336315.
     7820.,  -340711.
     7821.,  -338561.
     7822.,  -336379.
     7823.,  -336379.
     7824.,  -340711.
     7825.,  -340711.
     7826.,  -340711.
     7827.,  -340711.
     7828.,  -340711.
     7829.,  -338529.
     7830.,  -340711.
     7831.,  -340711.
     7832.,  -340711.
     7833.,  -336443.
     7834.,  -336443.
     7835.,  -336443.
     7836.,  -340711.
     7837.,  -336379.
     7838.,  -338561.
     7839.,  -340711.
     7840.,  -336379.
     7841.,  -336443.
     7842.,  -338561.
     7843.,  -336379.
     7844.,  -340711.
     7845.,  -340711.
     7846.,  -338625.
     7847.,  -336571.
     7848.,  -340711.
     7849.,  -338593.
     7850.,  -340711.
     7851.,  -340711.
     7852.,  -336443.
     7853.,  -336507.
     7854.,  -336507.
     7855.,  -336507.
     7856.,  -340711.
     7857.,  -338625.
     7858.,  -338625.
     7859.,  -338625.
     7860.,  -340711.
     7861.,  -340711.
     7862.,  -340711.
     7863.,  -340711.
     7864.,  -340711.
     7865.,  -338625.
     7866.,  -340711.
     7867.,  -340711.
     7868.,  -340711.
     7869.,  -338657.
     7870.,  -338657.
     7871.,  -338657.
     7872.,  -340711.
     7873.,  -338625.
     7874.,  -338625.
     7875.,  -340711.
     7876.,  -336571.
     7877.,  -338657.
     7878.,  -338657.
     7879.,  -336571.
     7880.,  -336571.
     7881.,  -336571.
     7882.,  -340711.
     7883.,  -338657.
     7884.,  -338657.
     7885.,  -340711.
     7886.,  -338657.
     7887.,  -338657.
     7888.,  -340711.
     7889.,  -340711.
     7890.,  -340711.
     7891.,  -340711.
     7892.,  -340711.
     7893.,  -340711.
     7894.,  -340711.
     7895.,  -340711.
     7896.,  -340711.
     7897.,  -336443.
     7898.,  -336443.
     7899.,  -340711.
     7900.,  -336443.
     7901.,  -338593.
     7902.,  -340711.
     7903.,  -340711.
     7904.,  -340711.
     7905.,  -340711.
     7906.,  -340711.
     7907.,  -340711.
     7908.,  -338513.
     7909.,  -340711.
     7910.,  -340711.
     7911.,  -336347.
     7912.,  -340711.
     7913.,  -340711.
     7914.,  -340711.
     7915.,  -340711.
     7916.,  -340711.
     7917.,  -340711.
     7918.,  -338545.
     7919.,  -336347.
     7920.,  -336411.
     7921.,  -338577.
     7922.,  -340711.
     7923.,  -336411.
     7924.,  -340711.
     7925.,  -340711.
     7926.,  -340711.
     7927.,  -340711.
     7928.,  -340711.
     7929.,  -340711.
     7930.,  -340711.
     7931.,  -338577.
     7932.,  -338609.
     7933.,  -338609.
     7934.,  -340711.
     7935.,  -338609.
     7936.,  -340711.
     7937.,  -340711.
     7938.,  -340711.
     7939.,  -340711.
     7940.,  -340711.
     7941.,  -340711.
     7942.,  -338609.
     7943.,  -338609.
     7944.,  -338641.
     7945.,  -338641.
     7946.,  -340711.
     7947.,  -338641.
     7948.,  -340711.
     7949.,  -340711.
     7950.,  -340711.
     7951.,  -340711.
     7952.,  -340711.
     7953.,  -340711.
     7954.,  -340711.
     7955.,  -340711.
     7956.,  -340711.
     7957.,  -338641.
     7958.,  -338665.
     7959.,  -338665.
     7960.,  -336595.
     7961.,  -336595.
     7962.,  -338665.
     7963.,  -340711.
     7964.,  -340711.
     7965.,  -340711.
     7966.,  -340711.
     7967.,  -340711.
     7968.,  -340711.
     7969.,  -340711.
     7970.,  -340711.
     7971.,  -340711.
     7972.,  -339561.
     7973.,  -339561.
     7974.,  -340711.
     7975.,  -340711.
     7976.,  -340711.
     7977.,  -340711.
     7978.,  -340711.
     7979.,  -340711.
     7980.,  -340711.
     7981.,  -340711.
     7982.,  -340711.
     7983.,  -340711.
     7984.,  -340711.
     7985.,  -340711.
     7986.,  -340711.
     7987.,  -340711.
     7988.,  -340711.
     7989.,  -339561.
     7990.,  -339561.
     7991.,  -340711.
     7992.,  -340711.
     7993.,  -340711.
     7994.,  -340711.
     7995.,  -340711.
     7996.,  -340711.
     7997.,  -340711.
     7998.,  -340711.
     7999.,  -340711.
     8000.,  -340711.
     8001.,  -340711.
     8002.,  -340711.
     8003.,  -340711.
     8004.,  -340711.
     8005.,  -340711.
     8006.,  -340711.
     8007.,  -340711.
     8008.,  -339561.
     8009.,  -339561.
     8010.,  -340711.
     8011.,  -340711.
     8012.,  -340711.
     8013.,  -340711.
     8014.,  -340711.
     8015.,  -340711.
     8016.,  -340711.
     8017.,  -340711.
     8018.,  -340711.
     8019.,  -340711.
     8020.,  -340711.
     8021.,  -340711.
     8022.,  -340711.
     8023.,  -340711.
     8024.,  -340711.
     8025.,  -340711.
     8026.,  -340711.
     8027.,  -340711.
     8028.,  -340711.
     8029.,  -340711.
     8030.,  -340711.
     8031.,  -339561.
     8032.,  -339561.
     8033.,  -340711.
     8034.,  -340711.
     8035.,  -340711.
     8036.,  -340711.
     8037.,  -340711.
     8038.,  -340711.
     8039.,  -340711.
     8040.,  -340711.
     8041.,  -340711.
     8042.,  -340711.
     8043.,  -340711.
     8044.,  -340711.
     8045.,  -340711.
     8046.,  -340711.
     8047.,  -340711.
     8048.,  -340711.
     8049.,  -340711.
     8050.,  -340711.
     8051.,  -340711.
     8052.,  -340711.
     8053.,  -340711.
     8054.,  -340711.
     8055.,  -340711.
     8056.,  -339561.
     8057.,  -339561.
     8058.,  -340711.
     8059.,  -340711.
     8060.,  -340711.
     8061.,  -340711.
     8062.,  -340711.
     8063.,  -340711.
     8064.,  -340711.
     8065.,  -340711.
     8066.,  -340711.
     8067.,  -340711.
     8068.,  -340711.
     8069.,  -340711.
     8070.,  -340711.
     8071.,  -340711.
     8072.,  -340711.
     8073.,  -340711.
     8074.,  -340711.
     8075.,  -340711.
     8076.,  -340711.
     8077.,  -340711.
     8078.,  -340711.
     8079.,  -340711.
     8080.,  -340711.
     8081.,  -339561.
     8082.,  -339561.
     8083.,  -340711.
     8084.,  -340711.
     8085.,  -340711.
     8086.,  -340711.
     8087.,  -340711.
     8088.,  -340711.
     8089.,  -340711.
     8090.,  -340711.
     8091.,  -340711.
     8092.,  -340711.
     8093.,  -340711.
     8094.,  -340711.
     8095.,  -340711.
     8096.,  -340711.
     8097.,  -340711.
     8098.,  -340711.
     8099.,  -340711.
     8100.,  -340711.
     8101.,  -340711.
     8102.,  -340711.
     8103.,  -340711.
     8104.,  -339561.
     8105.,  -339561.
     8106.,  -340711.
     8107.,  -340711.
     8108.,  -340711.
     8109.,  -340711.
     8110.,  -340711.
     8111.,  -340711.
     8112.,  -340711.
     8113.,  -340711.
     8114.,  -340711.
     8115.,  -340711.
     8116.,  -340711.
     8117.,  -340711.
     8118.,  -340711.
     8119.,  -340711.
     8120.,  -340711.
     8121.,  -340711.
     8122.,  -340711.
     8123.,  -339561.
     8124.,  -339561.
     8125.,  -340711.
     8126.,  -340711.
     8127.,  -340711.
     8128.,  -340711.
     8129.,  -340711.
     8130.,  -340711.
     8131.,  -340711.
     8132.,  -340711.
     8133.,  -340711.
     8134.,  -340711.
     8135.,  -340711.
     8136.,  -340711.
     8137.,  -340711.
     8138.,  -340711.
     8139.,  -340711.
     8140.,  -339561.
     8141.,  -339561.
     8142.,  -340711.
     8143.,  -340711.
     8144.,  -340711.
     8145.,  -340711.
     8146.,  -340711.
     8147.,  -339369.
     8148.,  -340711.
     8149.,  -340711.
     8150.,  -340711.
     8151.,  -340711.
     8152.,  -337315.
     8153.,  -339369.
     8154.,  -339369.
     8155.,  -337315.
     8156.,  -338641.
     8157.,  -338641.
     8158.,  -336539.
     8159.,  -336539.
     8160.,  -336539.
     8161.,  -336539.
     8162.,  -336475.
     8163.,  -336475.
     8164.,  -336475.
     8165.,  -336411.
     8166.,  -336411.
     8167.,  -336411.
     8168.,  -336411.
     8169.,  -336347.
     8170.,  -336347.
     8171.,  -334117.
     8172.,  -336283.
     8173.,  -336283.
     8174.,  -336283.
     8175.,  -336219.
     8176.,  -336219.
     8177.,  -336219.
     8178.,  -336203.
     8179.,  -336203.
     8180.,  -333989.
     8181.,  -336251.
     8182.,  -336251.
     8183.,  -336251.
     8184.,  -336315.
     8185.,  -336315.
     8186.,  -336315.
     8187.,  -336379.
     8188.,  -336379.
     8189.,  -336379.
     8190.,  -336443.
     8191.,  -336443.
     8192.,  -336443.
     8193.,  -336507.
     8194.,  -336507.
     8195.,  -336507.
     8196.,  -336571.
     8197.,  -336571.
     8198.,  -336571.
     8199.,  -336571.
     8200.,  -338657.
     8201.,  -338657.
     8202.,  -336539.
     8203.,  -336539.
     8204.,  -336539.
     8205.,  -338641.
     8206.,  -338641.
     8207.,  -338641.
     8208.,  -338641.
     8209.,  -338641.
     8210.,  -338641.
     8211.,  -340711.
     8212.,  -340711.
     8213.,  -340711.
     8214.,  -340711.
     8215.,  -338577.
     8216.,  -336411.
     8217.,  -340711.
     8218.,  -338609.
     8219.,  -340711.
     8220.,  -340711.
     8221.,  -336539.
     8222.,  -336475.
     8223.,  -336475.
     8224.,  -336475.
     8225.,  -338545.
     8226.,  -338545.
     8227.,  -336347.
     8228.,  -336347.
     8229.,  -340711.
     8230.,  -336411.
     8231.,  -338577.
     8232.,  -340711.
     8233.,  -336411.
     8234.,  -336347.
     8235.,  -336411.
     8236.,  -336411.
     8237.,  -340711.
     8238.,  -340711.
     8239.,  -338481.
     8240.,  -336283.
     8241.,  -340711.
     8242.,  -338513.
     8243.,  -340711.
     8244.,  -340711.
     8245.,  -340711.
     8246.,  -340711.
     8247.,  -336347.
     8248.,  -336283.
     8249.,  -336283.
     8250.,  -334117.
     8251.,  -340711.
     8252.,  -340711.
     8253.,  -340711.
     8254.,  -338449.
     8255.,  -336203.
     8256.,  -336203.
     8257.,  -340711.
     8258.,  -338481.
     8259.,  -340711.
     8260.,  -340711.
     8261.,  -336219.
     8262.,  -336219.
     8263.,  -336219.
     8264.,  -336219.
     8265.,  -340711.
     8266.,  -340711.
     8267.,  -336203.
     8268.,  -336203.
     8269.,  -340711.
     8270.,  -340711.
     8271.,  -340711.
     8272.,  -340711.
     8273.,  -340711.
     8274.,  -336203.
     8275.,  -338449.
     8276.,  -340711.
     8277.,  -340711.
     8278.,  -340711.
     8279.,  -340711.
     8280.,  -338609.
     8281.,  -338609.
     8282.,  -340711.
     8283.,  -340711.
     8284.,  -340711.
     8285.,  -336251.
     8286.,  -336251.
     8287.,  -335913.
     8288.,  -340709.
     8289.,  -340709.
     8290.,  -340709.
     8291.,  -340709.
     8292.,  -335897.
     8293.,  -335769.
     8294.,  -335769.
     8295.,  -340709.
     8296.,  -340709.
     8297.,  -340709.
     8298.,  -338367.
     8299.,  -338367.
     8300.,  -340709.
     8301.,  -340709.
     8302.,  -340709.
     8303.,  -340709.
     8304.,  -338207.
     8305.,  -335721.
     8306.,  -340709.
     8307.,  -340709.
     8308.,  -340709.
     8309.,  -340709.
     8310.,  -335721.
     8311.,  -335721.
     8312.,  -340709.
     8313.,  -340709.
     8314.,  -340709.
     8315.,  -335737.
     8316.,  -335737.
     8317.,  -335737.
     8318.,  -340709.
     8319.,  -340709.
     8320.,  -338239.
     8321.,  -335737.
     8322.,  -335721.
     8323.,  -335721.
     8324.,  -338207.
     8325.,  -340709.
     8326.,  -340709.
     8327.,  -340709.
     8328.,  -340709.
     8329.,  -335801.
     8330.,  -335801.
     8331.,  -333395.
     8332.,  -340709.
     8333.,  -340709.
     8334.,  -340709.
     8335.,  -340709.
     8336.,  -338271.
     8337.,  -335865.
     8338.,  -335801.
     8339.,  -338239.
     8340.,  -340709.
     8341.,  -340709.
     8342.,  -340709.
     8343.,  -335865.
     8344.,  -335929.
     8345.,  -335929.
     8346.,  -340709.
     8347.,  -338335.
     8348.,  -335929.
     8349.,  -335929.
     8350.,  -335865.
     8351.,  -335865.
     8352.,  -338303.
     8353.,  -338303.
     8354.,  -340709.
     8355.,  -335993.
     8356.,  -335993.
     8357.,  -335993.
     8358.,  -340709.
     8359.,  -340709.
     8360.,  -338367.
     8361.,  -336057.
     8362.,  -335929.
     8363.,  -338335.
     8364.,  -340709.
     8365.,  -340709.
     8366.,  -340709.
     8367.,  -340709.
     8368.,  -340709.
     8369.,  -338399.
     8370.,  -338399.
     8371.,  -336057.
     8372.,  -336057.
     8373.,  -336057.
     8374.,  -338399.
     8375.,  -338399.
     8376.,  -338399.
     8377.,  -338399.
     8378.,  -338399.
     8379.,  -338399.
     8380.,  -336057.
     8381.,  -336057.
     8382.,  -336057.
     8383.,  -336057.
     8384.,  -335993.
     8385.,  -335993.
     8386.,  -335993.
     8387.,  -335929.
     8388.,  -335929.
     8389.,  -335929.
     8390.,  -335929.
     8391.,  -335865.
     8392.,  -335865.
     8393.,  -333395.
     8394.,  -335801.
     8395.,  -335801.
     8396.,  -335801.
     8397.,  -335737.
     8398.,  -335737.
     8399.,  -335737.
     8400.,  -335721.
     8401.,  -335721.
     8402.,  -333267.
     8403.,  -335769.
     8404.,  -335769.
     8405.,  -335769.
     8406.,  -335833.
     8407.,  -335833.
     8408.,  -335833.
     8409.,  -335897.
     8410.,  -335897.
     8411.,  -335897.
     8412.,  -335961.
     8413.,  -335961.
     8414.,  -335961.
     8415.,  -336025.
     8416.,  -336025.
     8417.,  -336025.
     8418.,  -336089.
     8419.,  -336089.
     8420.,  -336089.
     8421.,  -336089.
     8422.,  -338415.
     8423.,  -338415.
     8424.,  -339135.
     8425.,  -339135.
     8426.,  -336841.
     8427.,  -336841.
     8428.,  -339135.
     8429.,  -340709.
     8430.,  -340709.
     8431.,  -340709.
     8432.,  -340709.
     8433.,  -340709.
     8434.,  -340709.
     8435.,  -340709.
     8436.,  -340709.
     8437.,  -340709.
     8438.,  -339551.
     8439.,  -340709.
     8440.,  -340709.
     8441.,  -340709.
     8442.,  -339551.
     8443.,  -340709.
     8444.,  -340709.
     8445.,  -340709.
     8446.,  -340709.
     8447.,  -340709.
     8448.,  -340709.
     8449.,  -340709.
     8450.,  -340709.
     8451.,  -340709.
     8452.,  -340709.
     8453.,  -340709.
     8454.,  -340709.
     8455.,  -339551.
     8456.,  -340709.
     8457.,  -340709.
     8458.,  -340709.
     8459.,  -340709.
     8460.,  -340709.
     8461.,  -339551.
     8462.,  -340709.
     8463.,  -340709.
     8464.,  -340709.
     8465.,  -340709.
     8466.,  -340709.
     8467.,  -340709.
     8468.,  -340709.
     8469.,  -340709.
     8470.,  -340709.
     8471.,  -340709.
     8472.,  -340709.
     8473.,  -340709.
     8474.,  -339551.
     8475.,  -340709.
     8476.,  -340709.
     8477.,  -340709.
     8478.,  -340709.
     8479.,  -340709.
     8480.,  -340709.
     8481.,  -340709.
     8482.,  -339551.
     8483.,  -340709.
     8484.,  -340709.
     8485.,  -340709.
     8486.,  -340709.
     8487.,  -340709.
     8488.,  -340709.
     8489.,  -340709.
     8490.,  -340709.
     8491.,  -340709.
     8492.,  -340709.
     8493.,  -340709.
     8494.,  -340709.
     8495.,  -340709.
     8496.,  -340709.
     8497.,  -339551.
     8498.,  -340709.
     8499.,  -340709.
     8500.,  -340709.
     8501.,  -340709.
     8502.,  -340709.
     8503.,  -340709.
     8504.,  -340709.
     8505.,  -340709.
     8506.,  -340709.
     8507.,  -339551.
     8508.,  -340709.
     8509.,  -340709.
     8510.,  -340709.
     8511.,  -340709.
     8512.,  -340709.
     8513.,  -340709.
     8514.,  -340709.
     8515.,  -340709.
     8516.,  -340709.
     8517.,  -340709.
     8518.,  -340709.
     8519.,  -340709.
     8520.,  -340709.
     8521.,  -340709.
     8522.,  -339551.
     8523.,  -340709.
     8524.,  -340709.
     8525.,  -340709.
     8526.,  -340709.
     8527.,  -340709.
     8528.,  -340709.
     8529.,  -340709.
     8530.,  -340709.
     8531.,  -340709.
     8532.,  -339551.
     8533.,  -340709.
     8534.,  -340709.
     8535.,  -340709.
     8536.,  -340709.
     8537.,  -340709.
     8538.,  -340709.
     8539.,  -340709.
     8540.,  -340709.
     8541.,  -340709.
     8542.,  -340709.
     8543.,  -340709.
     8544.,  -340709.
     8545.,  -340709.
     8546.,  -340709.
     8547.,  -339551.
     8548.,  -340709.
     8549.,  -340709.
     8550.,  -340709.
     8551.,  -340709.
     8552.,  -340709.
     8553.,  -340709.
     8554.,  -340709.
     8555.,  -340709.
     8556.,  -340709.
     8557.,  -339551.
     8558.,  -340709.
     8559.,  -340709.
     8560.,  -340709.
     8561.,  -340709.
     8562.,  -340709.
     8563.,  -340709.
     8564.,  -340709.
     8565.,  -340709.
     8566.,  -340709.
     8567.,  -340709.
     8568.,  -340709.
     8569.,  -340709.
     8570.,  -339551.
     8571.,  -340709.
     8572.,  -340709.
     8573.,  -340709.
     8574.,  -340709.
     8575.,  -340709.
     8576.,  -340709.
     8577.,  -340709.
     8578.,  -339551.
     8579.,  -340709.
     8580.,  -340709.
     8581.,  -340709.
     8582.,  -340709.
     8583.,  -340709.
     8584.,  -340709.
     8585.,  -340709.
     8586.,  -340709.
     8587.,  -340709.
     8588.,  -340709.
     8589.,  -339551.
     8590.,  -340709.
     8591.,  -340709.
     8592.,  -340709.
     8593.,  -340709.
     8594.,  -340709.
     8595.,  -339551.
     8596.,  -340709.
     8597.,  -340709.
     8598.,  -340709.
     8599.,  -340709.
     8600.,  -340709.
     8601.,  -340709.
     8602.,  -340709.
     8603.,  -340709.
     8604.,  -340709.
     8605.,  -340709.
     8606.,  -339551.
     8607.,  -340709.
     8608.,  -340709.
     8609.,  -340709.
     8610.,  -339551.
     8611.,  -340709.
     8612.,  -340709.
     8613.,  -340709.
     8614.,  -340709.
     8615.,  -340709.
     8616.,  -340709.
     8617.,  -336121.
     8618.,  -336121.
     8619.,  -338431.
     8620.,  -338431.
     8621.,  -338431.
     8622.,  -338399.
     8623.,  -340709.
     8624.,  -340709.
     8625.,  -340709.
     8626.,  -340709.
     8627.,  -340709.
     8628.,  -340709.
     8629.,  -340709.
     8630.,  -340709.
     8631.,  -340709.
     8632.,  -340709.
     8633.,  -338399.
     8634.,  -338399.
     8635.,  -338399.
     8636.,  -338367.
     8637.,  -338367.
     8638.,  -340709.
     8639.,  -340709.
     8640.,  -340709.
     8641.,  -340709.
     8642.,  -340709.
     8643.,  -340709.
     8644.,  -340709.
     8645.,  -338367.
     8646.,  -338367.
     8647.,  -338367.
     8648.,  -338335.
     8649.,  -340709.
     8650.,  -340709.
     8651.,  -340709.
     8652.,  -340709.
     8653.,  -340709.
     8654.,  -340709.
     8655.,  -340709.
     8656.,  -340709.
     8657.,  -338335.
     8658.,  -335929.
     8659.,  -335929.
     8660.,  -335865.
     8661.,  -338303.
     8662.,  -340709.
     8663.,  -340709.
     8664.,  -340709.
     8665.,  -340709.
     8666.,  -340709.
     8667.,  -340709.
     8668.,  -340709.
     8669.,  -340709.
     8670.,  -338271.
     8671.,  -335865.
     8672.,  -340709.
     8673.,  -340709.
     8674.,  -340709.
     8675.,  -340709.
     8676.,  -340709.
     8677.,  -340709.
     8678.,  -338351.
     8679.,  -335961.
     8680.,  -335961.
     8681.,  -335961.
     8682.,  -340709.
     8683.,  -340709.
     8684.,  -340709.
     8685.,  -340709.
     8686.,  -340709.
     8687.,  -340709.
     8688.,  -340709.
     8689.,  -340709.
     8690.,  -340709.
     8691.,  -340709.
     8692.,  -338415.
     8693.,  -338415.
     8694.,  -338415.
     8695.,  -338415.
     8696.,  -340709.
     8697.,  -340709.
     8698.,  -338415.
     8699.,  -338415.
     8700.,  -336089.
     8701.,  -336089.
     8702.,  -336089.
     8703.,  -340709.
     8704.,  -338383.
     8705.,  -338383.
     8706.,  -336089.
     8707.,  -338415.
     8708.,  -338415.
     8709.,  -338415.
     8710.,  -340709.
     8711.,  -340709.
     8712.,  -340709.
     8713.,  -340709.
     8714.,  -338383.
     8715.,  -340709.
     8716.,  -340709.
     8717.,  -340709.
     8718.,  -340709.
     8719.,  -338383.
     8720.,  -338383.
     8721.,  -338383.
     8722.,  -340709.
     8723.,  -340709.
     8724.,  -336025.
     8725.,  -336025.
     8726.,  -336025.
     8727.,  -340709.
     8728.,  -340709.
     8729.,  -338351.
     8730.,  -335961.
     8731.,  -336089.
     8732.,  -338383.
     8733.,  -340709.
     8734.,  -340709.
     8735.,  -340709.
     8736.,  -335961.
     8737.,  -338319.
     8738.,  -335897.
     8739.,  -340709.
     8740.,  -338319.
     8741.,  -335897.
     8742.,  -335897.
     8743.,  -335961.
     8744.,  -335961.
     8745.,  -335961.
     8746.,  -340709.
     8747.,  -340709.
     8748.,  -340709.
     8749.,  -340709.
     8750.,  -338287.
     8751.,  -340709.
     8752.,  -340709.
     8753.,  -340709.
     8754.,  -340709.
     8755.,  -335897.
     8756.,  -335897.
     8757.,  -338319.
     8758.,  -340709.
     8759.,  -340709.
     8760.,  -335833.
     8761.,  -335833.
     8762.,  -335833.
     8763.,  -340709.
     8764.,  -340709.
     8765.,  -338255.
     8766.,  -335769.
     8767.,  -338287.
     8768.,  -338287.
     8769.,  -340709.
     8770.,  -340709.
     8771.,  -340709.
     8772.,  -340709.
     8773.,  -340709.
     8774.,  -340709.
     8775.,  -340709.
     8776.,  -340709.
     8777.,  -335769.
     8778.,  -335769.
     8779.,  -340709.
     8780.,  -340709.
     8781.,  -340709.
     8782.,  -340709.
     8783.,  -335769.
     8784.,  -338255.
     8785.,  -340709.
     8786.,  -340709.
     8787.,  -340709.
     8788.,  -335769.
     8789.,  -335769.
     8790.,  -335769.
     8791.,  -335721.
     8792.,  -340709.
     8793.,  -340709.
     8794.,  -340709.
     8795.,  -335721.
     8796.,  -335721.
     8797.,  -335737.
     8798.,  -340709.
     8799.,  -340709.
     8800.,  -340709.
     8801.,  -335737.
     8802.,  -335785.
     8803.,  -335785.
     8804.,  -335785.
     8805.,  -335737.
     8806.,  -340709.
     8807.,  -340709.
     8808.,  -338263.
     8809.,  -335785.
     8810.,  -340709.
     8811.,  -340709.
     8812.,  -340709.
     8813.,  -340709.
     8814.,  -340709.
     8815.,  -335785.
     8816.,  -335785.
     8817.,  -340709.
     8818.,  -340709.
     8819.,  -340709.
     8820.,  -340709.
     8821.,  -340709.
     8822.,  -340709.
     8823.,  -340709.
     8824.,  -338295.
     8825.,  -338295.
     8826.,  -340709.
     8827.,  -338263.
     8828.,  -340709.
     8829.,  -340709.
     8830.,  -335785.
     8831.,  -335849.
     8832.,  -335849.
     8833.,  -335849.
     8834.,  -340709.
     8835.,  -338327.
     8836.,  -335913.
     8837.,  -335913.
     8838.,  -340709.
     8839.,  -340709.
     8840.,  -340709.
     8841.,  -340709.
     8842.,  -340709.
     8843.,  -338295.
     8844.,  -340709.
     8845.,  -340709.
     8846.,  -340709.
     8847.,  -335977.
     8848.,  -335977.
     8849.,  -335977.
     8850.,  -340709.
     8851.,  -335913.
     8852.,  -338327.
     8853.,  -340709.
     8854.,  -335913.
     8855.,  -335977.
     8856.,  -338327.
     8857.,  -335913.
     8858.,  -340709.
     8859.,  -340709.
     8860.,  -338391.
     8861.,  -336105.
     8862.,  -340709.
     8863.,  -338359.
     8864.,  -340709.
     8865.,  -340709.
     8866.,  -335977.
     8867.,  -336041.
     8868.,  -336041.
     8869.,  -336041.
     8870.,  -340709.
     8871.,  -338391.
     8872.,  -338391.
     8873.,  -338391.
     8874.,  -340709.
     8875.,  -340709.
     8876.,  -340709.
     8877.,  -340709.
     8878.,  -340709.
     8879.,  -338391.
     8880.,  -340709.
     8881.,  -340709.
     8882.,  -340709.
     8883.,  -338423.
     8884.,  -338423.
     8885.,  -338423.
     8886.,  -340709.
     8887.,  -338391.
     8888.,  -338391.
     8889.,  -340709.
     8890.,  -336105.
     8891.,  -338423.
     8892.,  -338423.
     8893.,  -336105.
     8894.,  -336105.
     8895.,  -336105.
     8896.,  -340709.
     8897.,  -338423.
     8898.,  -338423.
     8899.,  -340709.
     8900.,  -338423.
     8901.,  -338423.
     8902.,  -340709.
     8903.,  -340709.
     8904.,  -340709.
     8905.,  -340709.
     8906.,  -340709.
     8907.,  -340709.
     8908.,  -340709.
     8909.,  -340709.
     8910.,  -340709.
     8911.,  -335977.
     8912.,  -335977.
     8913.,  -340709.
     8914.,  -335977.
     8915.,  -338359.
     8916.,  -340709.
     8917.,  -340709.
     8918.,  -340709.
     8919.,  -340709.
     8920.,  -340709.
     8921.,  -340709.
     8922.,  -338279.
     8923.,  -340709.
     8924.,  -340709.
     8925.,  -335881.
     8926.,  -340709.
     8927.,  -340709.
     8928.,  -340709.
     8929.,  -340709.
     8930.,  -340709.
     8931.,  -340709.
     8932.,  -338311.
     8933.,  -335881.
     8934.,  -335945.
     8935.,  -338343.
     8936.,  -340709.
     8937.,  -335945.
     8938.,  -340709.
     8939.,  -340709.
     8940.,  -340709.
     8941.,  -340709.
     8942.,  -340709.
     8943.,  -340709.
     8944.,  -340709.
     8945.,  -338343.
     8946.,  -338375.
     8947.,  -338375.
     8948.,  -340709.
     8949.,  -338375.
     8950.,  -340709.
     8951.,  -340709.
     8952.,  -340709.
     8953.,  -340709.
     8954.,  -340709.
     8955.,  -340709.
     8956.,  -338375.
     8957.,  -338375.
     8958.,  -338407.
     8959.,  -338407.
     8960.,  -340709.
     8961.,  -338407.
     8962.,  -340709.
     8963.,  -340709.
     8964.,  -340709.
     8965.,  -340709.
     8966.,  -340709.
     8967.,  -340709.
     8968.,  -340709.
     8969.,  -340709.
     8970.,  -340709.
     8971.,  -338407.
     8972.,  -338431.
     8973.,  -338431.
     8974.,  -336129.
     8975.,  -336129.
     8976.,  -338431.
     8977.,  -340709.
     8978.,  -340709.
     8979.,  -340709.
     8980.,  -340709.
     8981.,  -340709.
     8982.,  -340709.
     8983.,  -340709.
     8984.,  -340709.
     8985.,  -340709.
     8986.,  -339551.
     8987.,  -339551.
     8988.,  -340709.
     8989.,  -340709.
     8990.,  -340709.
     8991.,  -340709.
     8992.,  -340709.
     8993.,  -340709.
     8994.,  -340709.
     8995.,  -340709.
     8996.,  -340709.
     8997.,  -340709.
     8998.,  -340709.
     8999.,  -340709.
     9000.,  -340709.
     9001.,  -340709.
     9002.,  -340709.
     9003.,  -339551.
     9004.,  -339551.
     9005.,  -340709.
     9006.,  -340709.
     9007.,  -340709.
     9008.,  -340709.
     9009.,  -340709.
     9010.,  -340709.
     9011.,  -340709.
     9012.,  -340709.
     9013.,  -340709.
     9014.,  -340709.
     9015.,  -340709.
     9016.,  -340709.
     9017.,  -340709.
     9018.,  -340709.
     9019.,  -340709.
     9020.,  -340709.
     9021.,  -340709.
     9022.,  -339551.
     9023.,  -339551.
     9024.,  -340709.
     9025.,  -340709.
     9026.,  -340709.
     9027.,  -340709.
     9028.,  -340709.
     9029.,  -340709.
     9030.,  -340709.
     9031.,  -340709.
     9032.,  -340709.
     9033.,  -340709.
     9034.,  -340709.
     9035.,  -340709.
     9036.,  -340709.
     9037.,  -340709.
     9038.,  -340709.
     9039.,  -340709.
     9040.,  -340709.
     9041.,  -340709.
     9042.,  -340709.
     9043.,  -340709.
     9044.,  -340709.
     9045.,  -339551.
     9046.,  -339551.
     9047.,  -340709.
     9048.,  -340709.
     9049.,  -340709.
     9050.,  -340709.
     9051.,  -340709.
     9052.,  -340709.
     9053.,  -340709.
     9054.,  -340709.
     9055.,  -340709.
     9056.,  -340709.
     9057.,  -340709.
     9058.,  -340709.
     9059.,  -340709.
     9060.,  -340709.
     9061.,  -340709.
     9062.,  -340709.
     9063.,  -340709.
     9064.,  -340709.
     9065.,  -340709.
     9066.,  -340709.
     9067.,  -340709.
     9068.,  -340709.
     9069.,  -340709.
     9070.,  -339551.
     9071.,  -339551.
     9072.,  -340709.
     9073.,  -340709.
     9074.,  -340709.
     9075.,  -340709.
     9076.,  -340709.
     9077.,  -340709.
     9078.,  -340709.
     9079.,  -340709.
     9080.,  -340709.
     9081.,  -340709.
     9082.,  -340709.
     9083.,  -340709.
     9084.,  -340709.
     9085.,  -340709.
     9086.,  -340709.
     9087.,  -340709.
     9088.,  -340709.
     9089.,  -340709.
     9090.,  -340709.
     9091.,  -340709.
     9092.,  -340709.
     9093.,  -340709.
     9094.,  -340709.
     9095.,  -339551.
     9096.,  -339551.
     9097.,  -340709.
     9098.,  -340709.
     9099.,  -340709.
     9100.,  -340709.
     9101.,  -340709.
     9102.,  -340709.
     9103.,  -340709.
     9104.,  -340709.
     9105.,  -340709.
     9106.,  -340709.
     9107.,  -340709.
     9108.,  -340709.
     9109.,  -340709.
     9110.,  -340709.
     9111.,  -340709.
     9112.,  -340709.
     9113.,  -340709.
     9114.,  -340709.
     9115.,  -340709.
     9116.,  -340709.
     9117.,  -340709.
     9118.,  -339551.
     9119.,  -339551.
     9120.,  -340709.
     9121.,  -340709.
     9122.,  -340709.
     9123.,  -340709.
     9124.,  -340709.
     9125.,  -340709.
     9126.,  -340709.
     9127.,  -340709.
     9128.,  -340709.
     9129.,  -340709.
     9130.,  -340709.
     9131.,  -340709.
     9132.,  -340709.
     9133.,  -340709.
     9134.,  -340709.
     9135.,  -340709.
     9136.,  -340709.
     9137.,  -339551.
     9138.,  -339551.
     9139.,  -340709.
     9140.,  -340709.
     9141.,  -340709.
     9142.,  -340709.
     9143.,  -340709.
     9144.,  -340709.
     9145.,  -340709.
     9146.,  -340709.
     9147.,  -340709.
     9148.,  -340709.
     9149.,  -340709.
     9150.,  -340709.
     9151.,  -340709.
     9152.,  -340709.
     9153.,  -340709.
     9154.,  -339551.
     9155.,  -339551.
     9156.,  -340709.
     9157.,  -340709.
     9158.,  -340709.
     9159.,  -340709.
     9160.,  -340709.
     9161.,  -339135.
     9162.,  -340709.
     9163.,  -340709.
     9164.,  -340709.
     9165.,  -340709.
     9166.,  -336849.
     9167.,  -339135.
     9168.,  -339135.
     9169.,  -336849.
     9170.,  -338407.
     9171.,  -338407.
     9172.,  -336073.
     9173.,  -336073.
     9174.,  -336073.
     9175.,  -336073.
     9176.,  -336009.
     9177.,  -336009.
     9178.,  -336009.
     9179.,  -335945.
     9180.,  -335945.
     9181.,  -335945.
     9182.,  -335945.
     9183.,  -335881.
     9184.,  -335881.
     9185.,  -333419.
     9186.,  -335817.
     9187.,  -335817.
     9188.,  -335817.
     9189.,  -335753.
     9190.,  -335753.
     9191.,  -335753.
     9192.,  -335737.
     9193.,  -335737.
     9194.,  -333291.
     9195.,  -335785.
     9196.,  -335785.
     9197.,  -335785.
     9198.,  -335849.
     9199.,  -335849.
     9200.,  -335849.
     9201.,  -335913.
     9202.,  -335913.
     9203.,  -335913.
     9204.,  -335977.
     9205.,  -335977.
     9206.,  -335977.
     9207.,  -336041.
     9208.,  -336041.
     9209.,  -336041.
     9210.,  -336105.
     9211.,  -336105.
     9212.,  -336105.
     9213.,  -336105.
     9214.,  -338423.
     9215.,  -338423.
     9216.,  -336073.
     9217.,  -336073.
     9218.,  -336073.
     9219.,  -338407.
     9220.,  -338407.
     9221.,  -338407.
     9222.,  -338407.
     9223.,  -338407.
     9224.,  -338407.
     9225.,  -340709.
     9226.,  -340709.
     9227.,  -340709.
     9228.,  -340709.
     9229.,  -338343.
     9230.,  -335945.
     9231.,  -340709.
     9232.,  -338375.
     9233.,  -340709.
     9234.,  -340709.
     9235.,  -336073.
     9236.,  -336009.
     9237.,  -336009.
     9238.,  -336009.
     9239.,  -338311.
     9240.,  -338311.
     9241.,  -335881.
     9242.,  -335881.
     9243.,  -340709.
     9244.,  -335945.
     9245.,  -338343.
     9246.,  -340709.
     9247.,  -335945.
     9248.,  -335881.
     9249.,  -335945.
     9250.,  -335945.
     9251.,  -340709.
     9252.,  -340709.
     9253.,  -338247.
     9254.,  -335817.
     9255.,  -340709.
     9256.,  -338279.
     9257.,  -340709.
     9258.,  -340709.
     9259.,  -340709.
     9260.,  -340709.
     9261.,  -335881.
     9262.,  -335817.
     9263.,  -335817.
     9264.,  -333419.
     9265.,  -340709.
     9266.,  -340709.
     9267.,  -340709.
     9268.,  -338215.
     9269.,  -335737.
     9270.,  -335737.
     9271.,  -340709.
     9272.,  -338247.
     9273.,  -340709.
     9274.,  -340709.
     9275.,  -335753.
     9276.,  -335753.
     9277.,  -335753.
     9278.,  -335753.
     9279.,  -340709.
     9280.,  -340709.
     9281.,  -335737.
     9282.,  -335737.
     9283.,  -340709.
     9284.,  -340709.
     9285.,  -340709.
     9286.,  -340709.
     9287.,  -340709.
     9288.,  -335737.
     9289.,  -338215.
     9290.,  -340709.
     9291.,  -340709.
     9292.,  -340709.
     9293.,  -340709.
     9294.,  -338375.
     9295.,  -338375.
     9296.,  -340709.
     9297.,  -340709.
     9298.,  -340709.
     9299.,  -335785.
     9300.,  -335785.
     9301.,  -335559.
     9302.,  -340707.
     9303.,  -340707.
     9304.,  -340707.
     9305.,  -340707.
     9306.,  -340707.
     9307.,  -340707.
     9308.,  -340707.
     9309.,  -340707.
     9310.,  -340707.
     9311.,  -340707.
     9312.,  -340707.
     9313.,  -340707.
     9314.,  -340707.
     9315.,  -340707.
     9316.,  -340707.
     9317.,  -340707.
     9318.,  -340707.
     9319.,  -340707.
     9320.,  -340707.
     9321.,  -340707.
     9322.,  -340707.
     9323.,  -340707.
     9324.,  -340707.
     9325.,  -340707.
     9326.,  -340707.
     9327.,  -340707.
     9328.,  -340707.
     9329.,  -340707.
     9330.,  -340707.
     9331.,  -340707.
     9332.,  -340707.
     9333.,  -340707.
     9334.,  -340707.
     9335.,  -340707.
     9336.,  -340707.
     9337.,  -340707.
     9338.,  -340707.
     9339.,  -340707.
     9340.,  -340707.
     9341.,  -340707.
     9342.,  -340707.
     9343.,  -340707.
     9344.,  -340707.
     9345.,  -340707.
     9346.,  -340707.
     9347.,  -340707.
     9348.,  -340707.
     9349.,  -340707.
     9350.,  -340707.
     9351.,  -340707.
     9352.,  -340707.
     9353.,  -340707.
     9354.,  -340707.
     9355.,  -340707.
     9356.,  -340707.
     9357.,  -340707.
     9358.,  -340707.
     9359.,  -340707.
     9360.,  -340707.
     9361.,  -340707.
     9362.,  -340707.
     9363.,  -340707.
     9364.,  -340707.
     9365.,  -340707.
     9366.,  -340707.
     9367.,  -340707.
     9368.,  -340707.
     9369.,  -340707.
     9370.,  -340707.
     9371.,  -340707.
     9372.,  -340707.
     9373.,  -340707.
     9374.,  -340707.
     9375.,  -340707.
     9376.,  -340707.
     9377.,  -340707.
     9378.,  -340707.
     9379.,  -340707.
     9380.,  -340707.
     9381.,  -340707.
     9382.,  -340707.
     9383.,  -340707.
     9384.,  -340707.
     9385.,  -340707.
     9386.,  -340707.
     9387.,  -340707.
     9388.,  -340707.
     9389.,  -340707.
     9390.,  -340707.
     9391.,  -340707.
     9392.,  -340707.
     9393.,  -340707.
     9394.,  -340707.
     9395.,  -340707.
     9396.,  -340707.
     9397.,  -340707.
     9398.,  -340707.
     9399.,  -340707.
     9400.,  -340707.
     9401.,  -340707.
     9402.,  -340707.
     9403.,  -340707.
     9404.,  -340707.
     9405.,  -340707.
     9406.,  -340707.
     9407.,  -340707.
     9408.,  -340707.
     9409.,  -340707.
     9410.,  -340707.
     9411.,  -340707.
     9412.,  -340707.
     9413.,  -340707.
     9414.,  -340707.
     9415.,  -340707.
     9416.,  -340707.
     9417.,  -340707.
     9418.,  -340707.
     9419.,  -340707.
     9420.,  -340707.
     9421.,  -340707.
     9422.,  -340707.
     9423.,  -340707.
     9424.,  -340707.
     9425.,  -340707.
     9426.,  -340707.
     9427.,  -340707.
     9428.,  -340707.
     9429.,  -340707.
     9430.,  -340707.
     9431.,  -340707.
     9432.,  -340707.
     9433.,  -340707.
     9434.,  -340707.
     9435.,  -340707.
     9436.,  -340707.
     9437.,  -340707.
     9438.,  -338901.
     9439.,  -338901.
     9440.,  -338901.
     9441.,  -338901.
     9442.,  -338901.
     9443.,  -340707.
     9444.,  -340707.
     9445.,  -340707.
     9446.,  -340707.
     9447.,  -340707.
     9448.,  -340707.
     9449.,  -340707.
     9450.,  -340707.
     9451.,  -340707.
     9452.,  -339541.
     9453.,  -340707.
     9454.,  -340707.
     9455.,  -340707.
     9456.,  -339541.
     9457.,  -340707.
     9458.,  -340707.
     9459.,  -340707.
     9460.,  -340707.
     9461.,  -340707.
     9462.,  -340707.
     9463.,  -340707.
     9464.,  -340707.
     9465.,  -340707.
     9466.,  -340707.
     9467.,  -340707.
     9468.,  -340707.
     9469.,  -339541.
     9470.,  -340707.
     9471.,  -340707.
     9472.,  -340707.
     9473.,  -340707.
     9474.,  -340707.
     9475.,  -339541.
     9476.,  -340707.
     9477.,  -340707.
     9478.,  -340707.
     9479.,  -340707.
     9480.,  -340707.
     9481.,  -340707.
     9482.,  -340707.
     9483.,  -340707.
     9484.,  -340707.
     9485.,  -340707.
     9486.,  -340707.
     9487.,  -340707.
     9488.,  -339541.
     9489.,  -340707.
     9490.,  -340707.
     9491.,  -340707.
     9492.,  -340707.
     9493.,  -340707.
     9494.,  -340707.
     9495.,  -340707.
     9496.,  -339541.
     9497.,  -340707.
     9498.,  -340707.
     9499.,  -340707.
     9500.,  -340707.
     9501.,  -340707.
     9502.,  -340707.
     9503.,  -340707.
     9504.,  -340707.
     9505.,  -340707.
     9506.,  -340707.
     9507.,  -340707.
     9508.,  -340707.
     9509.,  -340707.
     9510.,  -340707.
     9511.,  -339541.
     9512.,  -340707.
     9513.,  -340707.
     9514.,  -340707.
     9515.,  -340707.
     9516.,  -340707.
     9517.,  -340707.
     9518.,  -340707.
     9519.,  -340707.
     9520.,  -340707.
     9521.,  -339541.
     9522.,  -340707.
     9523.,  -340707.
     9524.,  -340707.
     9525.,  -340707.
     9526.,  -340707.
     9527.,  -340707.
     9528.,  -340707.
     9529.,  -340707.
     9530.,  -340707.
     9531.,  -340707.
     9532.,  -340707.
     9533.,  -340707.
     9534.,  -340707.
     9535.,  -340707.
     9536.,  -339541.
     9537.,  -340707.
     9538.,  -340707.
     9539.,  -340707.
     9540.,  -340707.
     9541.,  -340707.
     9542.,  -340707.
     9543.,  -340707.
     9544.,  -340707.
     9545.,  -340707.
     9546.,  -339541.
     9547.,  -340707.
     9548.,  -340707.
     9549.,  -340707.
     9550.,  -340707.
     9551.,  -340707.
     9552.,  -340707.
     9553.,  -340707.
     9554.,  -340707.
     9555.,  -340707.
     9556.,  -340707.
     9557.,  -340707.
     9558.,  -340707.
     9559.,  -340707.
     9560.,  -340707.
     9561.,  -339541.
     9562.,  -340707.
     9563.,  -340707.
     9564.,  -340707.
     9565.,  -340707.
     9566.,  -340707.
     9567.,  -340707.
     9568.,  -340707.
     9569.,  -340707.
     9570.,  -340707.
     9571.,  -339541.
     9572.,  -340707.
     9573.,  -340707.
     9574.,  -340707.
     9575.,  -340707.
     9576.,  -340707.
     9577.,  -340707.
     9578.,  -340707.
     9579.,  -340707.
     9580.,  -340707.
     9581.,  -340707.
     9582.,  -340707.
     9583.,  -340707.
     9584.,  -339541.
     9585.,  -340707.
     9586.,  -340707.
     9587.,  -340707.
     9588.,  -340707.
     9589.,  -340707.
     9590.,  -340707.
     9591.,  -340707.
     9592.,  -339541.
     9593.,  -340707.
     9594.,  -340707.
     9595.,  -340707.
     9596.,  -340707.
     9597.,  -340707.
     9598.,  -340707.
     9599.,  -340707.
     9600.,  -340707.
     9601.,  -340707.
     9602.,  -340707.
     9603.,  -339541.
     9604.,  -340707.
     9605.,  -340707.
     9606.,  -340707.
     9607.,  -340707.
     9608.,  -340707.
     9609.,  -339541.
     9610.,  -340707.
     9611.,  -340707.
     9612.,  -340707.
     9613.,  -340707.
     9614.,  -340707.
     9615.,  -340707.
     9616.,  -340707.
     9617.,  -340707.
     9618.,  -340707.
     9619.,  -340707.
     9620.,  -339541.
     9621.,  -340707.
     9622.,  -340707.
     9623.,  -340707.
     9624.,  -339541.
     9625.,  -340707.
     9626.,  -340707.
     9627.,  -340707.
     9628.,  -340707.
     9629.,  -340707.
     9630.,  -340707.
     9631.,  -338197.
     9632.,  -338197.
     9633.,  -338197.
     9634.,  -338197.
     9635.,  -338197.
     9636.,  -340707.
     9637.,  -340707.
     9638.,  -340707.
     9639.,  -340707.
     9640.,  -340707.
     9641.,  -340707.
     9642.,  -340707.
     9643.,  -340707.
     9644.,  -340707.
     9645.,  -340707.
     9646.,  -340707.
     9647.,  -340707.
     9648.,  -340707.
     9649.,  -340707.
     9650.,  -340707.
     9651.,  -340707.
     9652.,  -340707.
     9653.,  -340707.
     9654.,  -340707.
     9655.,  -340707.
     9656.,  -340707.
     9657.,  -340707.
     9658.,  -340707.
     9659.,  -340707.
     9660.,  -340707.
     9661.,  -340707.
     9662.,  -340707.
     9663.,  -340707.
     9664.,  -340707.
     9665.,  -340707.
     9666.,  -340707.
     9667.,  -340707.
     9668.,  -340707.
     9669.,  -340707.
     9670.,  -340707.
     9671.,  -340707.
     9672.,  -340707.
     9673.,  -340707.
     9674.,  -340707.
     9675.,  -340707.
     9676.,  -340707.
     9677.,  -340707.
     9678.,  -340707.
     9679.,  -340707.
     9680.,  -340707.
     9681.,  -340707.
     9682.,  -340707.
     9683.,  -340707.
     9684.,  -340707.
     9685.,  -340707.
     9686.,  -340707.
     9687.,  -340707.
     9688.,  -340707.
     9689.,  -340707.
     9690.,  -340707.
     9691.,  -340707.
     9692.,  -340707.
     9693.,  -340707.
     9694.,  -340707.
     9695.,  -340707.
     9696.,  -340707.
     9697.,  -340707.
     9698.,  -340707.
     9699.,  -340707.
     9700.,  -340707.
     9701.,  -340707.
     9702.,  -340707.
     9703.,  -340707.
     9704.,  -340707.
     9705.,  -340707.
     9706.,  -340707.
     9707.,  -340707.
     9708.,  -340707.
     9709.,  -340707.
     9710.,  -340707.
     9711.,  -340707.
     9712.,  -340707.
     9713.,  -340707.
     9714.,  -340707.
     9715.,  -340707.
     9716.,  -340707.
     9717.,  -340707.
     9718.,  -340707.
     9719.,  -340707.
     9720.,  -340707.
     9721.,  -340707.
     9722.,  -340707.
     9723.,  -340707.
     9724.,  -340707.
     9725.,  -340707.
     9726.,  -340707.
     9727.,  -340707.
     9728.,  -340707.
     9729.,  -340707.
     9730.,  -340707.
     9731.,  -340707.
     9732.,  -340707.
     9733.,  -340707.
     9734.,  -340707.
     9735.,  -340707.
     9736.,  -340707.
     9737.,  -340707.
     9738.,  -340707.
     9739.,  -340707.
     9740.,  -340707.
     9741.,  -340707.
     9742.,  -340707.
     9743.,  -340707.
     9744.,  -340707.
     9745.,  -340707.
     9746.,  -340707.
     9747.,  -340707.
     9748.,  -340707.
     9749.,  -340707.
     9750.,  -340707.
     9751.,  -340707.
     9752.,  -340707.
     9753.,  -340707.
     9754.,  -340707.
     9755.,  -340707.
     9756.,  -340707.
     9757.,  -340707.
     9758.,  -340707.
     9759.,  -340707.
     9760.,  -340707.
     9761.,  -340707.
     9762.,  -340707.
     9763.,  -340707.
     9764.,  -340707.
     9765.,  -340707.
     9766.,  -340707.
     9767.,  -340707.
     9768.,  -340707.
     9769.,  -340707.
     9770.,  -340707.
     9771.,  -340707.
     9772.,  -340707.
     9773.,  -340707.
     9774.,  -340707.
     9775.,  -340707.
     9776.,  -340707.
     9777.,  -340707.
     9778.,  -340707.
     9779.,  -340707.
     9780.,  -340707.
     9781.,  -340707.
     9782.,  -340707.
     9783.,  -340707.
     9784.,  -340707.
     9785.,  -340707.
     9786.,  -340707.
     9787.,  -340707.
     9788.,  -340707.
     9789.,  -340707.
     9790.,  -340707.
     9791.,  -340707.
     9792.,  -340707.
     9793.,  -340707.
     9794.,  -340707.
     9795.,  -340707.
     9796.,  -340707.
     9797.,  -340707.
     9798.,  -340707.
     9799.,  -340707.
     9800.,  -340707.
     9801.,  -340707.
     9802.,  -340707.
     9803.,  -340707.
     9804.,  -340707.
     9805.,  -340707.
     9806.,  -340707.
     9807.,  -340707.
     9808.,  -340707.
     9809.,  -340707.
     9810.,  -340707.
     9811.,  -335471.
     9812.,  -340707.
     9813.,  -340707.
     9814.,  -340707.
     9815.,  -335471.
     9816.,  -335495.
     9817.,  -335495.
     9818.,  -335495.
     9819.,  -335471.
     9820.,  -340707.
     9821.,  -340707.
     9822.,  -338109.
     9823.,  -335495.
     9824.,  -340707.
     9825.,  -340707.
     9826.,  -340707.
     9827.,  -340707.
     9828.,  -340707.
     9829.,  -335495.
     9830.,  -335495.
     9831.,  -340707.
     9832.,  -340707.
     9833.,  -340707.
     9834.,  -340707.
     9835.,  -340707.
     9836.,  -340707.
     9837.,  -340707.
     9838.,  -338125.
     9839.,  -338125.
     9840.,  -340707.
     9841.,  -338109.
     9842.,  -340707.
     9843.,  -340707.
     9844.,  -335495.
     9845.,  -335527.
     9846.,  -335527.
     9847.,  -335527.
     9848.,  -340707.
     9849.,  -338141.
     9850.,  -335559.
     9851.,  -335559.
     9852.,  -340707.
     9853.,  -340707.
     9854.,  -340707.
     9855.,  -340707.
     9856.,  -340707.
     9857.,  -338125.
     9858.,  -340707.
     9859.,  -340707.
     9860.,  -340707.
     9861.,  -335591.
     9862.,  -335591.
     9863.,  -335591.
     9864.,  -340707.
     9865.,  -335559.
     9866.,  -338141.
     9867.,  -340707.
     9868.,  -335559.
     9869.,  -335591.
     9870.,  -338141.
     9871.,  -335559.
     9872.,  -340707.
     9873.,  -340707.
     9874.,  -338173.
     9875.,  -335655.
     9876.,  -340707.
     9877.,  -338157.
     9878.,  -340707.
     9879.,  -340707.
     9880.,  -335591.
     9881.,  -335623.
     9882.,  -335623.
     9883.,  -335623.
     9884.,  -340707.
     9885.,  -338173.
     9886.,  -338173.
     9887.,  -338173.
     9888.,  -340707.
     9889.,  -340707.
     9890.,  -340707.
     9891.,  -340707.
     9892.,  -340707.
     9893.,  -338173.
     9894.,  -340707.
     9895.,  -340707.
     9896.,  -340707.
     9897.,  -338189.
     9898.,  -338189.
     9899.,  -338189.
     9900.,  -340707.
     9901.,  -338173.
     9902.,  -338173.
     9903.,  -340707.
     9904.,  -335655.
     9905.,  -338189.
     9906.,  -338189.
     9907.,  -335655.
     9908.,  -335655.
     9909.,  -335655.
     9910.,  -340707.
     9911.,  -338189.
     9912.,  -338189.
     9913.,  -340707.
     9914.,  -338189.
     9915.,  -338189.
     9916.,  -340707.
     9917.,  -340707.
     9918.,  -340707.
     9919.,  -340707.
     9920.,  -340707.
     9921.,  -340707.
     9922.,  -340707.
     9923.,  -340707.
     9924.,  -340707.
     9925.,  -335591.
     9926.,  -335591.
     9927.,  -340707.
     9928.,  -335591.
     9929.,  -338157.
     9930.,  -340707.
     9931.,  -340707.
     9932.,  -340707.
     9933.,  -340707.
     9934.,  -340707.
     9935.,  -340707.
     9936.,  -338117.
     9937.,  -340707.
     9938.,  -340707.
     9939.,  -335543.
     9940.,  -340707.
     9941.,  -340707.
     9942.,  -340707.
     9943.,  -340707.
     9944.,  -340707.
     9945.,  -340707.
     9946.,  -338133.
     9947.,  -335543.
     9948.,  -335575.
     9949.,  -338149.
     9950.,  -340707.
     9951.,  -335575.
     9952.,  -340707.
     9953.,  -340707.
     9954.,  -340707.
     9955.,  -340707.
     9956.,  -340707.
     9957.,  -340707.
     9958.,  -340707.
     9959.,  -338149.
     9960.,  -338165.
     9961.,  -338165.
     9962.,  -340707.
     9963.,  -338165.
     9964.,  -340707.
     9965.,  -340707.
     9966.,  -340707.
     9967.,  -340707.
     9968.,  -340707.
     9969.,  -340707.
     9970.,  -338165.
     9971.,  -338165.
     9972.,  -338181.
     9973.,  -338181.
     9974.,  -340707.
     9975.,  -338181.
     9976.,  -340707.
     9977.,  -340707.
     9978.,  -340707.
     9979.,  -340707.
     9980.,  -340707.
     9981.,  -340707.
     9982.,  -340707.
     9983.,  -340707.
     9984.,  -340707.
     9985.,  -338181.
     9986.,  -338197.
     9987.,  -338197.
     9988.,  -335671.
     9989.,  -335671.
     9990.,  -338197.
     9991.,  -340707.
     9992.,  -340707.
     9993.,  -340707.
     9994.,  -340707.
     9995.,  -340707.
     9996.,  -340707.
     9997.,  -340707.
     9998.,  -340707.
     9999.,  -340707.
    10000.,  -339541.
    10001.,  -339541.
    10002.,  -340707.
    10003.,  -340707.
    10004.,  -340707.
    10005.,  -340707.
    10006.,  -340707.
    10007.,  -340707.
    10008.,  -340707.
    10009.,  -340707.
    10010.,  -340707.
    10011.,  -340707.
    10012.,  -340707.
    10013.,  -340707.
    10014.,  -340707.
    10015.,  -340707.
    10016.,  -340707.
    10017.,  -339541.
    10018.,  -339541.
    10019.,  -340707.
    10020.,  -340707.
    10021.,  -340707.
    10022.,  -340707.
    10023.,  -340707.
    10024.,  -340707.
    10025.,  -340707.
    10026.,  -340707.
    10027.,  -340707.
    10028.,  -340707.
    10029.,  -340707.
    10030.,  -340707.
    10031.,  -340707.
    10032.,  -340707.
    10033.,  -340707.
    10034.,  -340707.
    10035.,  -340707.
    10036.,  -339541.
    10037.,  -339541.
    10038.,  -340707.
    10039.,  -340707.
    10040.,  -340707.
    10041.,  -340707.
    10042.,  -340707.
    10043.,  -340707.
    10044.,  -340707.
    10045.,  -340707.
    10046.,  -340707.
    10047.,  -340707.
    10048.,  -340707.
    10049.,  -340707.
    10050.,  -340707.
    10051.,  -340707.
    10052.,  -340707.
    10053.,  -340707.
    10054.,  -340707.
    10055.,  -340707.
    10056.,  -340707.
    10057.,  -340707.
    10058.,  -340707.
    10059.,  -339541.
    10060.,  -339541.
    10061.,  -340707.
    10062.,  -340707.
    10063.,  -340707.
    10064.,  -340707.
    10065.,  -340707.
    10066.,  -340707.
    10067.,  -340707.
    10068.,  -340707.
    10069.,  -340707.
    10070.,  -340707.
    10071.,  -340707.
    10072.,  -340707.
    10073.,  -340707.
    10074.,  -340707.
    10075.,  -340707.
    10076.,  -340707.
    10077.,  -340707.
    10078.,  -340707.
    10079.,  -340707.
    10080.,  -340707.
    10081.,  -340707.
    10082.,  -340707.
    10083.,  -340707.
    10084.,  -339541.
    10085.,  -339541.
    10086.,  -340707.
    10087.,  -340707.
    10088.,  -340707.
    10089.,  -340707.
    10090.,  -340707.
    10091.,  -340707.
    10092.,  -340707.
    10093.,  -340707.
    10094.,  -340707.
    10095.,  -340707.
    10096.,  -340707.
    10097.,  -340707.
    10098.,  -340707.
    10099.,  -340707.
    10100.,  -340707.
    10101.,  -340707.
    10102.,  -340707.
    10103.,  -340707.
    10104.,  -340707.
    10105.,  -340707.
    10106.,  -340707.
    10107.,  -340707.
    10108.,  -340707.
    10109.,  -339541.
    10110.,  -339541.
    10111.,  -340707.
    10112.,  -340707.
    10113.,  -340707.
    10114.,  -340707.
    10115.,  -340707.
    10116.,  -340707.
    10117.,  -340707.
    10118.,  -340707.
    10119.,  -340707.
    10120.,  -340707.
    10121.,  -340707.
    10122.,  -340707.
    10123.,  -340707.
    10124.,  -340707.
    10125.,  -340707.
    10126.,  -340707.
    10127.,  -340707.
    10128.,  -340707.
    10129.,  -340707.
    10130.,  -340707.
    10131.,  -340707.
    10132.,  -339541.
    10133.,  -339541.
    10134.,  -340707.
    10135.,  -340707.
    10136.,  -340707.
    10137.,  -340707.
    10138.,  -340707.
    10139.,  -340707.
    10140.,  -340707.
    10141.,  -340707.
    10142.,  -340707.
    10143.,  -340707.
    10144.,  -340707.
    10145.,  -340707.
    10146.,  -340707.
    10147.,  -340707.
    10148.,  -340707.
    10149.,  -340707.
    10150.,  -340707.
    10151.,  -339541.
    10152.,  -339541.
    10153.,  -340707.
    10154.,  -340707.
    10155.,  -340707.
    10156.,  -340707.
    10157.,  -340707.
    10158.,  -340707.
    10159.,  -340707.
    10160.,  -340707.
    10161.,  -340707.
    10162.,  -340707.
    10163.,  -340707.
    10164.,  -340707.
    10165.,  -340707.
    10166.,  -340707.
    10167.,  -340707.
    10168.,  -339541.
    10169.,  -339541.
    10170.,  -340707.
    10171.,  -340707.
    10172.,  -340707.
    10173.,  -340707.
    10174.,  -340707.
    10175.,  -338901.
    10176.,  -340707.
    10177.,  -340707.
    10178.,  -340707.
    10179.,  -340707.
    10180.,  -336383.
    10181.,  -338901.
    10182.,  -338901.
    10183.,  -336383.
    10184.,  -338181.
    10185.,  -338181.
    10186.,  -335639.
    10187.,  -335639.
    10188.,  -335639.
    10189.,  -335639.
    10190.,  -335607.
    10191.,  -335607.
    10192.,  -335607.
    10193.,  -335575.
    10194.,  -335575.
    10195.,  -335575.
    10196.,  -335575.
    10197.,  -335543.
    10198.,  -335543.
    10199.,  -332937.
    10200.,  -335511.
    10201.,  -335511.
    10202.,  -335511.
    10203.,  -335479.
    10204.,  -335479.
    10205.,  -335479.
    10206.,  -335471.
    10207.,  -335471.
    10208.,  -332873.
    10209.,  -335495.
    10210.,  -335495.
    10211.,  -335495.
    10212.,  -335527.
    10213.,  -335527.
    10214.,  -335527.
    10215.,  -335559.
    10216.,  -335559.
    10217.,  -335559.
    10218.,  -335591.
    10219.,  -335591.
    10220.,  -335591.
    10221.,  -335623.
    10222.,  -335623.
    10223.,  -335623.
    10224.,  -335655.
    10225.,  -335655.
    10226.,  -335655.
    10227.,  -335655.
    10228.,  -338189.
    10229.,  -338189.
    10230.,  -335639.
    10231.,  -335639.
    10232.,  -335639.
    10233.,  -338181.
    10234.,  -338181.
    10235.,  -338181.
    10236.,  -338181.
    10237.,  -338181.
    10238.,  -338181.
    10239.,  -340707.
    10240.,  -340707.
    10241.,  -340707.
    10242.,  -340707.
    10243.,  -338149.
    10244.,  -335575.
    10245.,  -340707.
    10246.,  -338165.
    10247.,  -340707.
    10248.,  -340707.
    10249.,  -335639.
    10250.,  -335607.
    10251.,  -335607.
    10252.,  -335607.
    10253.,  -338133.
    10254.,  -338133.
    10255.,  -335543.
    10256.,  -335543.
    10257.,  -340707.
    10258.,  -335575.
    10259.,  -338149.
    10260.,  -340707.
    10261.,  -335575.
    10262.,  -335543.
    10263.,  -335575.
    10264.,  -335575.
    10265.,  -340707.
    10266.,  -340707.
    10267.,  -338101.
    10268.,  -335511.
    10269.,  -340707.
    10270.,  -338117.
    10271.,  -340707.
    10272.,  -340707.
    10273.,  -340707.
    10274.,  -340707.
    10275.,  -335543.
    10276.,  -335511.
    10277.,  -335511.
    10278.,  -332937.
    10279.,  -340707.
    10280.,  -340707.
    10281.,  -340707.
    10282.,  -338085.
    10283.,  -335471.
    10284.,  -335471.
    10285.,  -340707.
    10286.,  -338101.
    10287.,  -340707.
    10288.,  -340707.
    10289.,  -335479.
    10290.,  -335479.
    10291.,  -335479.
    10292.,  -335479.
    10293.,  -340707.
    10294.,  -340707.
    10295.,  -335471.
    10296.,  -335471.
    10297.,  -340707.
    10298.,  -340707.
    10299.,  -340707.
    10300.,  -340707.
    10301.,  -340707.
    10302.,  -335471.
    10303.,  -338085.
    10304.,  -340707.
    10305.,  -340707.
    10306.,  -340707.
    10307.,  -340707.
    10308.,  -338165.
    10309.,  -338165.
    10310.,  -340707.
    10311.,  -340707.
    10312.,  -340707.
    10313.,  -335495.
    10314.,  -335495.
    10315.,  -340705.
    10316.,  -340705.
    10317.,  -340705.
    10318.,  -340705.
    10319.,  -340705.
    10320.,  -340705.
    10321.,  -340705.
    10322.,  -340705.
    10323.,  -340705.
    10324.,  -340705.
    10325.,  -340705.
    10326.,  -340705.
    10327.,  -340705.
    10328.,  -340705.
    10329.,  -340705.
    10330.,  -340705.
    10331.,  -340705.
    10332.,  -340705.
    10333.,  -340705.
    10334.,  -340705.
    10335.,  -340705.
    10336.,  -340705.
    10337.,  -340705.
    10338.,  -340705.
    10339.,  -340705.
    10340.,  -340705.
    10341.,  -340705.
    10342.,  -340705.
    10343.,  -340705.
    10344.,  -340705.
    10345.,  -340705.
    10346.,  -340705.
    10347.,  -340705.
    10348.,  -340705.
    10349.,  -340705.
    10350.,  -340705.
    10351.,  -340705.
    10352.,  -340705.
    10353.,  -340705.
    10354.,  -340705.
    10355.,  -340705.
    10356.,  -340705.
    10357.,  -340705.
    10358.,  -340705.
    10359.,  -340705.
    10360.,  -340705.
    10361.,  -340705.
    10362.,  -340705.
    10363.,  -340705.
    10364.,  -340705.
    10365.,  -340705.
    10366.,  -340705.
    10367.,  -340705.
    10368.,  -340705.
    10369.,  -340705.
    10370.,  -340705.
    10371.,  -340705.
    10372.,  -340705.
    10373.,  -340705.
    10374.,  -340705.
    10375.,  -340705.
    10376.,  -340705.
    10377.,  -340705.
    10378.,  -340705.
    10379.,  -340705.
    10380.,  -340705.
    10381.,  -340705.
    10382.,  -340705.
    10383.,  -340705.
    10384.,  -340705.
    10385.,  -340705.
    10386.,  -340705.
    10387.,  -340705.
    10388.,  -340705.
    10389.,  -340705.
    10390.,  -340705.
    10391.,  -340705.
    10392.,  -340705.
    10393.,  -340705.
    10394.,  -340705.
    10395.,  -340705.
    10396.,  -340705.
    10397.,  -340705.
    10398.,  -340705.
    10399.,  -340705.
    10400.,  -340705.
    10401.,  -340705.
    10402.,  -340705.
    10403.,  -340705.
    10404.,  -340705.
    10405.,  -340705.
    10406.,  -340705.
    10407.,  -340705.
    10408.,  -340705.
    10409.,  -340705.
    10410.,  -340705.
    10411.,  -340705.
    10412.,  -340705.
    10413.,  -340705.
    10414.,  -340705.
    10415.,  -340705.
    10416.,  -340705.
    10417.,  -340705.
    10418.,  -340705.
    10419.,  -340705.
    10420.,  -340705.
    10421.,  -340705.
    10422.,  -340705.
    10423.,  -340705.
    10424.,  -340705.
    10425.,  -340705.
    10426.,  -340705.
    10427.,  -340705.
    10428.,  -340705.
    10429.,  -340705.
    10430.,  -340705.
    10431.,  -340705.
    10432.,  -340705.
    10433.,  -340705.
    10434.,  -340705.
    10435.,  -340705.
    10436.,  -340705.
    10437.,  -340705.
    10438.,  -340705.
    10439.,  -340705.
    10440.,  -340705.
    10441.,  -340705.
    10442.,  -340705.
    10443.,  -340705.
    10444.,  -340705.
    10445.,  -340705.
    10446.,  -338779.
    10447.,  -338779.
    10448.,  -338779.
    10449.,  -338779.
    10450.,  -338779.
    10451.,  -340705.
    10452.,  -340705.
    10453.,  -340705.
    10454.,  -340705.
    10455.,  -340705.
    10456.,  -340705.
    10457.,  -340705.
    10458.,  -340705.
    10459.,  -340705.
    10460.,  -339531.
    10461.,  -340705.
    10462.,  -340705.
    10463.,  -340705.
    10464.,  -339531.
    10465.,  -340705.
    10466.,  -340705.
    10467.,  -340705.
    10468.,  -340705.
    10469.,  -340705.
    10470.,  -340705.
    10471.,  -340705.
    10472.,  -340705.
    10473.,  -340705.
    10474.,  -340705.
    10475.,  -340705.
    10476.,  -340705.
    10477.,  -339531.
    10478.,  -340705.
    10479.,  -340705.
    10480.,  -340705.
    10481.,  -340705.
    10482.,  -340705.
    10483.,  -339531.
    10484.,  -340705.
    10485.,  -340705.
    10486.,  -340705.
    10487.,  -340705.
    10488.,  -340705.
    10489.,  -340705.
    10490.,  -340705.
    10491.,  -340705.
    10492.,  -340705.
    10493.,  -340705.
    10494.,  -340705.
    10495.,  -340705.
    10496.,  -339531.
    10497.,  -340705.
    10498.,  -340705.
    10499.,  -340705.
    10500.,  -340705.
    10501.,  -340705.
    10502.,  -340705.
    10503.,  -340705.
    10504.,  -339531.
    10505.,  -340705.
    10506.,  -340705.
    10507.,  -340705.
    10508.,  -340705.
    10509.,  -340705.
    10510.,  -340705.
    10511.,  -340705.
    10512.,  -340705.
    10513.,  -340705.
    10514.,  -340705.
    10515.,  -340705.
    10516.,  -340705.
    10517.,  -340705.
    10518.,  -340705.
    10519.,  -339531.
    10520.,  -340705.
    10521.,  -340705.
    10522.,  -340705.
    10523.,  -340705.
    10524.,  -340705.
    10525.,  -340705.
    10526.,  -340705.
    10527.,  -340705.
    10528.,  -340705.
    10529.,  -339531.
    10530.,  -340705.
    10531.,  -340705.
    10532.,  -340705.
    10533.,  -340705.
    10534.,  -340705.
    10535.,  -340705.
    10536.,  -340705.
    10537.,  -340705.
    10538.,  -340705.
    10539.,  -340705.
    10540.,  -340705.
    10541.,  -340705.
    10542.,  -340705.
    10543.,  -340705.
    10544.,  -339531.
    10545.,  -340705.
    10546.,  -340705.
    10547.,  -340705.
    10548.,  -340705.
    10549.,  -340705.
    10550.,  -340705.
    10551.,  -340705.
    10552.,  -340705.
    10553.,  -340705.
    10554.,  -339531.
    10555.,  -340705.
    10556.,  -340705.
    10557.,  -340705.
    10558.,  -340705.
    10559.,  -340705.
    10560.,  -340705.
    10561.,  -340705.
    10562.,  -340705.
    10563.,  -340705.
    10564.,  -340705.
    10565.,  -340705.
    10566.,  -340705.
    10567.,  -340705.
    10568.,  -340705.
    10569.,  -339531.
    10570.,  -340705.
    10571.,  -340705.
    10572.,  -340705.
    10573.,  -340705.
    10574.,  -340705.
    10575.,  -340705.
    10576.,  -340705.
    10577.,  -340705.
    10578.,  -340705.
    10579.,  -339531.
    10580.,  -340705.
    10581.,  -340705.
    10582.,  -340705.
    10583.,  -340705.
    10584.,  -340705.
    10585.,  -340705.
    10586.,  -340705.
    10587.,  -340705.
    10588.,  -340705.
    10589.,  -340705.
    10590.,  -340705.
    10591.,  -340705.
    10592.,  -339531.
    10593.,  -340705.
    10594.,  -340705.
    10595.,  -340705.
    10596.,  -340705.
    10597.,  -340705.
    10598.,  -340705.
    10599.,  -340705.
    10600.,  -339531.
    10601.,  -340705.
    10602.,  -340705.
    10603.,  -340705.
    10604.,  -340705.
    10605.,  -340705.
    10606.,  -340705.
    10607.,  -340705.
    10608.,  -340705.
    10609.,  -340705.
    10610.,  -340705.
    10611.,  -339531.
    10612.,  -340705.
    10613.,  -340705.
    10614.,  -340705.
    10615.,  -340705.
    10616.,  -340705.
    10617.,  -339531.
    10618.,  -340705.
    10619.,  -340705.
    10620.,  -340705.
    10621.,  -340705.
    10622.,  -340705.
    10623.,  -340705.
    10624.,  -340705.
    10625.,  -340705.
    10626.,  -340705.
    10627.,  -340705.
    10628.,  -339531.
    10629.,  -340705.
    10630.,  -340705.
    10631.,  -340705.
    10632.,  -339531.
    10633.,  -340705.
    10634.,  -340705.
    10635.,  -340705.
    10636.,  -340705.
    10637.,  -340705.
    10638.,  -340705.
    10639.,  -340705.
    10640.,  -340705.
    10641.,  -340705.
    10642.,  -340705.
    10643.,  -339055.
    10644.,  -340705.
    10645.,  -340705.
    10646.,  -340705.
    10647.,  -340705.
    10648.,  -340705.
    10649.,  -340705.
    10650.,  -340705.
    10651.,  -340705.
    10652.,  -340705.
    10653.,  -340705.
    10654.,  -340705.
    10655.,  -340705.
    10656.,  -340705.
    10657.,  -340705.
    10658.,  -340705.
    10659.,  -340705.
    10660.,  -340705.
    10661.,  -340705.
    10662.,  -340705.
    10663.,  -340705.
    10664.,  -340705.
    10665.,  -340705.
    10666.,  -340705.
    10667.,  -340705.
    10668.,  -340705.
    10669.,  -340705.
    10670.,  -340705.
    10671.,  -340705.
    10672.,  -340705.
    10673.,  -340705.
    10674.,  -340705.
    10675.,  -340705.
    10676.,  -340705.
    10677.,  -340705.
    10678.,  -340705.
    10679.,  -340705.
    10680.,  -340705.
    10681.,  -340705.
    10682.,  -340705.
    10683.,  -340705.
    10684.,  -340705.
    10685.,  -340705.
    10686.,  -340705.
    10687.,  -340705.
    10688.,  -340705.
    10689.,  -340705.
    10690.,  -340705.
    10691.,  -340705.
    10692.,  -340705.
    10693.,  -340705.
    10694.,  -340705.
    10695.,  -340705.
    10696.,  -340705.
    10697.,  -340705.
    10698.,  -340705.
    10699.,  -340705.
    10700.,  -340705.
    10701.,  -340705.
    10702.,  -340705.
    10703.,  -340705.
    10704.,  -340705.
    10705.,  -340705.
    10706.,  -340705.
    10707.,  -340705.
    10708.,  -340705.
    10709.,  -340705.
    10710.,  -340705.
    10711.,  -340705.
    10712.,  -340705.
    10713.,  -340705.
    10714.,  -340705.
    10715.,  -340705.
    10716.,  -340705.
    10717.,  -340705.
    10718.,  -340705.
    10719.,  -340705.
    10720.,  -340705.
    10721.,  -340705.
    10722.,  -340705.
    10723.,  -340705.
    10724.,  -340705.
    10725.,  -340705.
    10726.,  -338059.
    10727.,  -338059.
    10728.,  -338059.
    10729.,  -340705.
    10730.,  -340705.
    10731.,  -340705.
    10732.,  -340705.
    10733.,  -340705.
    10734.,  -340705.
    10735.,  -340705.
    10736.,  -340705.
    10737.,  -340705.
    10738.,  -340705.
    10739.,  -340705.
    10740.,  -340705.
    10741.,  -340705.
    10742.,  -340705.
    10743.,  -340705.
    10744.,  -340705.
    10745.,  -340705.
    10746.,  -340705.
    10747.,  -340705.
    10748.,  -340705.
    10749.,  -340705.
    10750.,  -340705.
    10751.,  -340705.
    10752.,  -340705.
    10753.,  -340705.
    10754.,  -340705.
    10755.,  -340705.
    10756.,  -340705.
    10757.,  -340705.
    10758.,  -340705.
    10759.,  -340705.
    10760.,  -340705.
    10761.,  -340705.
    10762.,  -340705.
    10763.,  -340705.
    10764.,  -340705.
    10765.,  -340705.
    10766.,  -340705.
    10767.,  -340705.
    10768.,  -340705.
    10769.,  -340705.
    10770.,  -340705.
    10771.,  -340705.
    10772.,  -340705.
    10773.,  -340705.
    10774.,  -340705.
    10775.,  -340705.
    10776.,  -340705.
    10777.,  -340705.
    10778.,  -340705.
    10779.,  -340705.
    10780.,  -340705.
    10781.,  -340705.
    10782.,  -340705.
    10783.,  -340705.
    10784.,  -340705.
    10785.,  -340705.
    10786.,  -340705.
    10787.,  -340705.
    10788.,  -340705.
    10789.,  -340705.
    10790.,  -340705.
    10791.,  -340705.
    10792.,  -340705.
    10793.,  -340705.
    10794.,  -340705.
    10795.,  -340705.
    10796.,  -340705.
    10797.,  -340705.
    10798.,  -340705.
    10799.,  -340705.
    10800.,  -340705.
    10801.,  -340705.
    10802.,  -340705.
    10803.,  -340705.
    10804.,  -340705.
    10805.,  -340705.
    10806.,  -340705.
    10807.,  -340705.
    10808.,  -340705.
    10809.,  -340705.
    10810.,  -340705.
    10811.,  -340705.
    10812.,  -340705.
    10813.,  -340705.
    10814.,  -340705.
    10815.,  -340705.
    10816.,  -340705.
    10817.,  -340705.
    10818.,  -340705.
    10819.,  -335245.
    10820.,  -340705.
    10821.,  -340705.
    10822.,  -340705.
    10823.,  -335245.
    10824.,  -335269.
    10825.,  -335269.
    10826.,  -332535.
    10827.,  -335245.
    10828.,  -340705.
    10829.,  -340705.
    10830.,  -337995.
    10831.,  -335269.
    10832.,  -340705.
    10833.,  -340705.
    10834.,  -340705.
    10835.,  -340705.
    10836.,  -340705.
    10837.,  -335269.
    10838.,  -335269.
    10839.,  -340705.
    10840.,  -340705.
    10841.,  -340705.
    10842.,  -340705.
    10843.,  -340705.
    10844.,  -340705.
    10845.,  -340705.
    10846.,  -338011.
    10847.,  -335333.
    10848.,  -340705.
    10849.,  -337995.
    10850.,  -340705.
    10851.,  -340705.
    10852.,  -335269.
    10853.,  -335301.
    10854.,  -335301.
    10855.,  -335301.
    10856.,  -340705.
    10857.,  -338027.
    10858.,  -335333.
    10859.,  -335333.
    10860.,  -340705.
    10861.,  -340705.
    10862.,  -340705.
    10863.,  -340705.
    10864.,  -340705.
    10865.,  -338011.
    10866.,  -340705.
    10867.,  -340705.
    10868.,  -340705.
    10869.,  -335365.
    10870.,  -335365.
    10871.,  -335365.
    10872.,  -340705.
    10873.,  -335333.
    10874.,  -338027.
    10875.,  -340705.
    10876.,  -335333.
    10877.,  -335365.
    10878.,  -335333.
    10879.,  -335333.
    10880.,  -340705.
    10881.,  -340705.
    10882.,  -338059.
    10883.,  -335429.
    10884.,  -340705.
    10885.,  -338043.
    10886.,  -340705.
    10887.,  -340705.
    10888.,  -335365.
    10889.,  -335397.
    10890.,  -335397.
    10891.,  -335397.
    10892.,  -340705.
    10893.,  -338059.
    10894.,  -338059.
    10895.,  -338059.
    10896.,  -340705.
    10897.,  -340705.
    10898.,  -340705.
    10899.,  -340705.
    10900.,  -340705.
    10901.,  -338059.
    10902.,  -340705.
    10903.,  -340705.
    10904.,  -340705.
    10905.,  -338075.
    10906.,  -338075.
    10907.,  -338075.
    10908.,  -340705.
    10909.,  -338059.
    10910.,  -338059.
    10911.,  -340705.
    10912.,  -335429.
    10913.,  -338075.
    10914.,  -338075.
    10915.,  -335429.
    10916.,  -335429.
    10917.,  -335429.
    10918.,  -340705.
    10919.,  -338075.
    10920.,  -338075.
    10921.,  -340705.
    10922.,  -338075.
    10923.,  -338075.
    10924.,  -340705.
    10925.,  -340705.
    10926.,  -340705.
    10927.,  -340705.
    10928.,  -340705.
    10929.,  -340705.
    10930.,  -340705.
    10931.,  -340705.
    10932.,  -340705.
    10933.,  -335365.
    10934.,  -335365.
    10935.,  -340705.
    10936.,  -335365.
    10937.,  -338043.
    10938.,  -340705.
    10939.,  -340705.
    10940.,  -340705.
    10941.,  -340705.
    10942.,  -340705.
    10943.,  -340705.
    10944.,  -338003.
    10945.,  -340705.
    10946.,  -340705.
    10947.,  -335317.
    10948.,  -340705.
    10949.,  -340705.
    10950.,  -340705.
    10951.,  -340705.
    10952.,  -340705.
    10953.,  -340705.
    10954.,  -338019.
    10955.,  -335317.
    10956.,  -335349.
    10957.,  -338035.
    10958.,  -340705.
    10959.,  -335349.
    10960.,  -340705.
    10961.,  -340705.
    10962.,  -340705.
    10963.,  -340705.
    10964.,  -340705.
    10965.,  -340705.
    10966.,  -340705.
    10967.,  -338035.
    10968.,  -338051.
    10969.,  -340705.
    10970.,  -340705.
    10971.,  -335413.
    10972.,  -340705.
    10973.,  -340705.
    10974.,  -340705.
    10975.,  -340705.
    10976.,  -340705.
    10977.,  -338051.
    10978.,  -338051.
    10979.,  -338051.
    10980.,  -338067.
    10981.,  -338067.
    10982.,  -338067.
    10983.,  -338067.
    10984.,  -340705.
    10985.,  -340705.
    10986.,  -340705.
    10987.,  -340705.
    10988.,  -340705.
    10989.,  -340705.
    10990.,  -340705.
    10991.,  -340705.
    10992.,  -340705.
    10993.,  -338067.
    10994.,  -340705.
    10995.,  -340705.
    10996.,  -338067.
    10997.,  -338067.
    10998.,  -339055.
    10999.,  -340705.
    11000.,  -340705.
    11001.,  -340705.
    11002.,  -340705.
    11003.,  -340705.
    11004.,  -340705.
    11005.,  -340705.
    11006.,  -340705.
    11007.,  -340705.
    11008.,  -339531.
    11009.,  -339531.
    11010.,  -340705.
    11011.,  -340705.
    11012.,  -340705.
    11013.,  -340705.
    11014.,  -340705.
    11015.,  -340705.
    11016.,  -340705.
    11017.,  -340705.
    11018.,  -340705.
    11019.,  -340705.
    11020.,  -340705.
    11021.,  -340705.
    11022.,  -340705.
    11023.,  -340705.
    11024.,  -340705.
    11025.,  -339531.
    11026.,  -339531.
    11027.,  -340705.
    11028.,  -340705.
    11029.,  -340705.
    11030.,  -340705.
    11031.,  -340705.
    11032.,  -340705.
    11033.,  -340705.
    11034.,  -340705.
    11035.,  -340705.
    11036.,  -340705.
    11037.,  -340705.
    11038.,  -340705.
    11039.,  -340705.
    11040.,  -340705.
    11041.,  -340705.
    11042.,  -340705.
    11043.,  -340705.
    11044.,  -339531.
    11045.,  -339531.
    11046.,  -340705.
    11047.,  -340705.
    11048.,  -340705.
    11049.,  -340705.
    11050.,  -340705.
    11051.,  -340705.
    11052.,  -340705.
    11053.,  -340705.
    11054.,  -340705.
    11055.,  -340705.
    11056.,  -340705.
    11057.,  -340705.
    11058.,  -340705.
    11059.,  -340705.
    11060.,  -340705.
    11061.,  -340705.
    11062.,  -340705.
    11063.,  -340705.
    11064.,  -340705.
    11065.,  -340705.
    11066.,  -340705.
    11067.,  -339531.
    11068.,  -339531.
    11069.,  -340705.
    11070.,  -340705.
    11071.,  -340705.
    11072.,  -340705.
    11073.,  -340705.
    11074.,  -340705.
    11075.,  -340705.
    11076.,  -340705.
    11077.,  -340705.
    11078.,  -340705.
    11079.,  -340705.
    11080.,  -340705.
    11081.,  -340705.
    11082.,  -340705.
    11083.,  -340705.
    11084.,  -340705.
    11085.,  -340705.
    11086.,  -340705.
    11087.,  -340705.
    11088.,  -340705.
    11089.,  -340705.
    11090.,  -340705.
    11091.,  -340705.
    11092.,  -339531.
    11093.,  -339531.
    11094.,  -340705.
    11095.,  -340705.
    11096.,  -340705.
    11097.,  -340705.
    11098.,  -340705.
    11099.,  -340705.
    11100.,  -340705.
    11101.,  -340705.
    11102.,  -340705.
    11103.,  -340705.
    11104.,  -340705.
    11105.,  -340705.
    11106.,  -340705.
    11107.,  -340705.
    11108.,  -340705.
    11109.,  -340705.
    11110.,  -340705.
    11111.,  -340705.
    11112.,  -340705.
    11113.,  -340705.
    11114.,  -340705.
    11115.,  -340705.
    11116.,  -340705.
    11117.,  -339531.
    11118.,  -339531.
    11119.,  -340705.
    11120.,  -340705.
    11121.,  -340705.
    11122.,  -340705.
    11123.,  -340705.
    11124.,  -340705.
    11125.,  -340705.
    11126.,  -340705.
    11127.,  -340705.
    11128.,  -340705.
    11129.,  -340705.
    11130.,  -340705.
    11131.,  -340705.
    11132.,  -340705.
    11133.,  -340705.
    11134.,  -340705.
    11135.,  -340705.
    11136.,  -340705.
    11137.,  -340705.
    11138.,  -340705.
    11139.,  -340705.
    11140.,  -339531.
    11141.,  -339531.
    11142.,  -340705.
    11143.,  -340705.
    11144.,  -340705.
    11145.,  -340705.
    11146.,  -340705.
    11147.,  -340705.
    11148.,  -340705.
    11149.,  -340705.
    11150.,  -340705.
    11151.,  -340705.
    11152.,  -340705.
    11153.,  -340705.
    11154.,  -340705.
    11155.,  -340705.
    11156.,  -340705.
    11157.,  -340705.
    11158.,  -340705.
    11159.,  -339531.
    11160.,  -339531.
    11161.,  -340705.
    11162.,  -340705.
    11163.,  -340705.
    11164.,  -340705.
    11165.,  -340705.
    11166.,  -340705.
    11167.,  -340705.
    11168.,  -340705.
    11169.,  -340705.
    11170.,  -340705.
    11171.,  -340705.
    11172.,  -340705.
    11173.,  -340705.
    11174.,  -340705.
    11175.,  -340705.
    11176.,  -339531.
    11177.,  -339531.
    11178.,  -340705.
    11179.,  -340705.
    11180.,  -340705.
    11181.,  -340705.
    11182.,  -340705.
    11183.,  -338779.
    11184.,  -340705.
    11185.,  -340705.
    11186.,  -340705.
    11187.,  -340705.
    11188.,  -336149.
    11189.,  -338779.
    11190.,  -338779.
    11191.,  -336149.
    11192.,  -338067.
    11193.,  -338067.
    11194.,  -335413.
    11195.,  -335413.
    11196.,  -335413.
    11197.,  -335413.
    11198.,  -335381.
    11199.,  -335381.
    11200.,  -335381.
    11201.,  -335349.
    11202.,  -335349.
    11203.,  -335349.
    11204.,  -335349.
    11205.,  -335317.
    11206.,  -335317.
    11207.,  -332599.
    11208.,  -335285.
    11209.,  -335285.
    11210.,  -332551.
    11211.,  -335253.
    11212.,  -335253.
    11213.,  -335253.
    11214.,  -335245.
    11215.,  -335245.
    11216.,  -335245.
    11217.,  -335269.
    11218.,  -335269.
    11219.,  -335269.
    11220.,  -335301.
    11221.,  -335301.
    11222.,  -335301.
    11223.,  -335333.
    11224.,  -335333.
    11225.,  -335333.
    11226.,  -335365.
    11227.,  -335365.
    11228.,  -335365.
    11229.,  -335397.
    11230.,  -335397.
    11231.,  -335397.
    11232.,  -335429.
    11233.,  -335429.
    11234.,  -335429.
    11235.,  -335429.
    11236.,  -338075.
    11237.,  -338075.
    11238.,  -335413.
    11239.,  -335413.
    11240.,  -335413.
    11241.,  -335413.
    11242.,  -338067.
    11243.,  -338067.
    11244.,  -338067.
    11245.,  -338067.
    11246.,  -338067.
    11247.,  -340705.
    11248.,  -340705.
    11249.,  -340705.
    11250.,  -338035.
    11251.,  -338035.
    11252.,  -335349.
    11253.,  -340705.
    11254.,  -338051.
    11255.,  -340705.
    11256.,  -340705.
    11257.,  -338051.
    11258.,  -335381.
    11259.,  -335381.
    11260.,  -335381.
    11261.,  -340705.
    11262.,  -338019.
    11263.,  -335317.
    11264.,  -335317.
    11265.,  -340705.
    11266.,  -335349.
    11267.,  -338035.
    11268.,  -340705.
    11269.,  -335349.
    11270.,  -335317.
    11271.,  -335349.
    11272.,  -335349.
    11273.,  -340705.
    11274.,  -340705.
    11275.,  -337987.
    11276.,  -335285.
    11277.,  -340705.
    11278.,  -338003.
    11279.,  -338003.
    11280.,  -340705.
    11281.,  -340705.
    11282.,  -340705.
    11283.,  -335317.
    11284.,  -335285.
    11285.,  -335285.
    11286.,  -332599.
    11287.,  -340705.
    11288.,  -340705.
    11289.,  -340705.
    11290.,  -337971.
    11291.,  -337971.
    11292.,  -335245.
    11293.,  -340705.
    11294.,  -337987.
    11295.,  -340705.
    11296.,  -340705.
    11297.,  -332551.
    11298.,  -335253.
    11299.,  -335253.
    11300.,  -335253.
    11301.,  -340705.
    11302.,  -340705.
    11303.,  -335245.
    11304.,  -335245.
    11305.,  -340705.
    11306.,  -340705.
    11307.,  -340705.
    11308.,  -340705.
    11309.,  -340705.
    11310.,  -335245.
    11311.,  -337971.
    11312.,  -340705.
    11313.,  -340705.
    11314.,  -340705.
    11315.,  -340705.
    11316.,  -338051.
    11317.,  -338051.
    11318.,  -340705.
    11319.,  -340705.
    11320.,  -340705.
    11321.,  -335269.
    11322.,  -335269.
    11323.,  -334867.
    11324.,  -334867.
    11325.,  -340703.
    11326.,  -340703.
    11327.,  -340703.
    11328.,  -337913.
    11329.,  -337913.
    11330.,  -340703.
    11331.,  -340703.
    11332.,  -340703.
    11333.,  -340703.
    11334.,  -337753.
    11335.,  -334819.
    11336.,  -340703.
    11337.,  -340703.
    11338.,  -340703.
    11339.,  -340703.
    11340.,  -334819.
    11341.,  -334819.
    11342.,  -340703.
    11343.,  -340703.
    11344.,  -340703.
    11345.,  -334835.
    11346.,  -334835.
    11347.,  -334835.
    11348.,  -340703.
    11349.,  -340703.
    11350.,  -337785.
    11351.,  -331949.
    11352.,  -334819.
    11353.,  -337753.
    11354.,  -337753.
    11355.,  -340703.
    11356.,  -340703.
    11357.,  -340703.
    11358.,  -340703.
    11359.,  -334899.
    11360.,  -334899.
    11361.,  -332045.
    11362.,  -340703.
    11363.,  -340703.
    11364.,  -340703.
    11365.,  -337817.
    11366.,  -337817.
    11367.,  -334963.
    11368.,  -334899.
    11369.,  -337785.
    11370.,  -340703.
    11371.,  -340703.
    11372.,  -340703.
    11373.,  -334963.
    11374.,  -335027.
    11375.,  -335027.
    11376.,  -340703.
    11377.,  -337881.
    11378.,  -335027.
    11379.,  -335027.
    11380.,  -334963.
    11381.,  -334963.
    11382.,  -337849.
    11383.,  -340703.
    11384.,  -340703.
    11385.,  -335091.
    11386.,  -335091.
    11387.,  -335091.
    11388.,  -340703.
    11389.,  -340703.
    11390.,  -337913.
    11391.,  -337913.
    11392.,  -335027.
    11393.,  -337881.
    11394.,  -337881.
    11395.,  -340703.
    11396.,  -340703.
    11397.,  -340703.
    11398.,  -340703.
    11399.,  -337945.
    11400.,  -337945.
    11401.,  -335155.
    11402.,  -335155.
    11403.,  -335155.
    11404.,  -335155.
    11405.,  -337945.
    11406.,  -337945.
    11407.,  -337945.
    11408.,  -337945.
    11409.,  -337945.
    11410.,  -335155.
    11411.,  -335155.
    11412.,  -335155.
    11413.,  -335155.
    11414.,  -335091.
    11415.,  -335091.
    11416.,  -335091.
    11417.,  -335027.
    11418.,  -335027.
    11419.,  -335027.
    11420.,  -335027.
    11421.,  -334963.
    11422.,  -334963.
    11423.,  -332045.
    11424.,  -334899.
    11425.,  -334899.
    11426.,  -331949.
    11427.,  -334835.
    11428.,  -334835.
    11429.,  -334835.
    11430.,  -334819.
    11431.,  -334819.
    11432.,  -334819.
    11433.,  -334867.
    11434.,  -334867.
    11435.,  -334867.
    11436.,  -334931.
    11437.,  -334931.
    11438.,  -334931.
    11439.,  -334995.
    11440.,  -334995.
    11441.,  -334995.
    11442.,  -335059.
    11443.,  -335059.
    11444.,  -335059.
    11445.,  -335123.
    11446.,  -335123.
    11447.,  -335123.
    11448.,  -335187.
    11449.,  -335187.
    11450.,  -335187.
    11451.,  -335187.
    11452.,  -337961.
    11453.,  -337961.
    11454.,  -338657.
    11455.,  -338657.
    11456.,  -335915.
    11457.,  -335915.
    11458.,  -338657.
    11459.,  -340703.
    11460.,  -340703.
    11461.,  -340703.
    11462.,  -340703.
    11463.,  -340703.
    11464.,  -340703.
    11465.,  -340703.
    11466.,  -340703.
    11467.,  -340703.
    11468.,  -339521.
    11469.,  -340703.
    11470.,  -340703.
    11471.,  -340703.
    11472.,  -339521.
    11473.,  -340703.
    11474.,  -340703.
    11475.,  -340703.
    11476.,  -340703.
    11477.,  -340703.
    11478.,  -340703.
    11479.,  -340703.
    11480.,  -340703.
    11481.,  -340703.
    11482.,  -340703.
    11483.,  -340703.
    11484.,  -340703.
    11485.,  -339521.
    11486.,  -340703.
    11487.,  -340703.
    11488.,  -340703.
    11489.,  -340703.
    11490.,  -340703.
    11491.,  -339521.
    11492.,  -340703.
    11493.,  -340703.
    11494.,  -340703.
    11495.,  -340703.
    11496.,  -340703.
    11497.,  -340703.
    11498.,  -340703.
    11499.,  -340703.
    11500.,  -340703.
    11501.,  -340703.
    11502.,  -340703.
    11503.,  -340703.
    11504.,  -339521.
    11505.,  -340703.
    11506.,  -340703.
    11507.,  -340703.
    11508.,  -340703.
    11509.,  -340703.
    11510.,  -340703.
    11511.,  -340703.
    11512.,  -339521.
    11513.,  -340703.
    11514.,  -340703.
    11515.,  -340703.
    11516.,  -340703.
    11517.,  -340703.
    11518.,  -340703.
    11519.,  -340703.
    11520.,  -340703.
    11521.,  -340703.
    11522.,  -340703.
    11523.,  -340703.
    11524.,  -340703.
    11525.,  -340703.
    11526.,  -340703.
    11527.,  -339521.
    11528.,  -340703.
    11529.,  -340703.
    11530.,  -340703.
    11531.,  -340703.
    11532.,  -340703.
    11533.,  -340703.
    11534.,  -340703.
    11535.,  -340703.
    11536.,  -340703.
    11537.,  -339521.
    11538.,  -340703.
    11539.,  -340703.
    11540.,  -340703.
    11541.,  -340703.
    11542.,  -340703.
    11543.,  -340703.
    11544.,  -340703.
    11545.,  -340703.
    11546.,  -340703.
    11547.,  -340703.
    11548.,  -340703.
    11549.,  -340703.
    11550.,  -340703.
    11551.,  -340703.
    11552.,  -339521.
    11553.,  -340703.
    11554.,  -340703.
    11555.,  -340703.
    11556.,  -340703.
    11557.,  -340703.
    11558.,  -340703.
    11559.,  -340703.
    11560.,  -340703.
    11561.,  -340703.
    11562.,  -339521.
    11563.,  -340703.
    11564.,  -340703.
    11565.,  -340703.
    11566.,  -340703.
    11567.,  -340703.
    11568.,  -340703.
    11569.,  -340703.
    11570.,  -340703.
    11571.,  -340703.
    11572.,  -340703.
    11573.,  -340703.
    11574.,  -340703.
    11575.,  -340703.
    11576.,  -340703.
    11577.,  -339521.
    11578.,  -340703.
    11579.,  -340703.
    11580.,  -340703.
    11581.,  -340703.
    11582.,  -340703.
    11583.,  -340703.
    11584.,  -340703.
    11585.,  -340703.
    11586.,  -340703.
    11587.,  -339521.
    11588.,  -340703.
    11589.,  -340703.
    11590.,  -340703.
    11591.,  -340703.
    11592.,  -340703.
    11593.,  -340703.
    11594.,  -340703.
    11595.,  -340703.
    11596.,  -340703.
    11597.,  -340703.
    11598.,  -340703.
    11599.,  -340703.
    11600.,  -339521.
    11601.,  -340703.
    11602.,  -340703.
    11603.,  -340703.
    11604.,  -340703.
    11605.,  -340703.
    11606.,  -340703.
    11607.,  -340703.
    11608.,  -339521.
    11609.,  -340703.
    11610.,  -340703.
    11611.,  -340703.
    11612.,  -340703.
    11613.,  -340703.
    11614.,  -340703.
    11615.,  -340703.
    11616.,  -340703.
    11617.,  -340703.
    11618.,  -340703.
    11619.,  -339521.
    11620.,  -340703.
    11621.,  -340703.
    11622.,  -340703.
    11623.,  -340703.
    11624.,  -340703.
    11625.,  -339521.
    11626.,  -340703.
    11627.,  -340703.
    11628.,  -340703.
    11629.,  -340703.
    11630.,  -340703.
    11631.,  -340703.
    11632.,  -340703.
    11633.,  -340703.
    11634.,  -340703.
    11635.,  -340703.
    11636.,  -339521.
    11637.,  -340703.
    11638.,  -340703.
    11639.,  -340703.
    11640.,  -339521.
    11641.,  -340703.
    11642.,  -340703.
    11643.,  -340703.
    11644.,  -340703.
    11645.,  -340703.
    11646.,  -340703.
    11647.,  -337945.
    11648.,  -337945.
    11649.,  -340703.
    11650.,  -340703.
    11651.,  -339053.
    11652.,  -337945.
    11653.,  -340703.
    11654.,  -340703.
    11655.,  -340703.
    11656.,  -340703.
    11657.,  -340703.
    11658.,  -340703.
    11659.,  -340703.
    11660.,  -340703.
    11661.,  -340703.
    11662.,  -337945.
    11663.,  -337945.
    11664.,  -337945.
    11665.,  -337945.
    11666.,  -337913.
    11667.,  -337913.
    11668.,  -337913.
    11669.,  -340703.
    11670.,  -340703.
    11671.,  -340703.
    11672.,  -340703.
    11673.,  -340703.
    11674.,  -340703.
    11675.,  -340703.
    11676.,  -337913.
    11677.,  -335155.
    11678.,  -337881.
    11679.,  -340703.
    11680.,  -340703.
    11681.,  -340703.
    11682.,  -340703.
    11683.,  -340703.
    11684.,  -340703.
    11685.,  -340703.
    11686.,  -340703.
    11687.,  -337881.
    11688.,  -335027.
    11689.,  -335027.
    11690.,  -334963.
    11691.,  -337849.
    11692.,  -340703.
    11693.,  -340703.
    11694.,  -340703.
    11695.,  -340703.
    11696.,  -340703.
    11697.,  -340703.
    11698.,  -340703.
    11699.,  -340703.
    11700.,  -337817.
    11701.,  -334963.
    11702.,  -340703.
    11703.,  -340703.
    11704.,  -340703.
    11705.,  -340703.
    11706.,  -340703.
    11707.,  -340703.
    11708.,  -337897.
    11709.,  -335059.
    11710.,  -335059.
    11711.,  -335059.
    11712.,  -340703.
    11713.,  -340703.
    11714.,  -340703.
    11715.,  -340703.
    11716.,  -340703.
    11717.,  -340703.
    11718.,  -340703.
    11719.,  -340703.
    11720.,  -340703.
    11721.,  -340703.
    11722.,  -337961.
    11723.,  -337961.
    11724.,  -337961.
    11725.,  -337961.
    11726.,  -340703.
    11727.,  -340703.
    11728.,  -337961.
    11729.,  -337961.
    11730.,  -335187.
    11731.,  -335187.
    11732.,  -335187.
    11733.,  -340703.
    11734.,  -337929.
    11735.,  -337929.
    11736.,  -335187.
    11737.,  -337961.
    11738.,  -337961.
    11739.,  -337961.
    11740.,  -340703.
    11741.,  -340703.
    11742.,  -340703.
    11743.,  -340703.
    11744.,  -337929.
    11745.,  -340703.
    11746.,  -340703.
    11747.,  -340703.
    11748.,  -340703.
    11749.,  -337929.
    11750.,  -337929.
    11751.,  -337929.
    11752.,  -340703.
    11753.,  -340703.
    11754.,  -335123.
    11755.,  -335123.
    11756.,  -335123.
    11757.,  -340703.
    11758.,  -340703.
    11759.,  -337897.
    11760.,  -335059.
    11761.,  -335187.
    11762.,  -337929.
    11763.,  -340703.
    11764.,  -340703.
    11765.,  -340703.
    11766.,  -335059.
    11767.,  -334995.
    11768.,  -334995.
    11769.,  -340703.
    11770.,  -337865.
    11771.,  -334995.
    11772.,  -334995.
    11773.,  -335059.
    11774.,  -335059.
    11775.,  -335059.
    11776.,  -340703.
    11777.,  -340703.
    11778.,  -340703.
    11779.,  -340703.
    11780.,  -337833.
    11781.,  -340703.
    11782.,  -340703.
    11783.,  -340703.
    11784.,  -340703.
    11785.,  -334995.
    11786.,  -334995.
    11787.,  -337865.
    11788.,  -340703.
    11789.,  -340703.
    11790.,  -334931.
    11791.,  -334931.
    11792.,  -334931.
    11793.,  -340703.
    11794.,  -340703.
    11795.,  -337801.
    11796.,  -334867.
    11797.,  -334995.
    11798.,  -337833.
    11799.,  -340703.
    11800.,  -340703.
    11801.,  -340703.
    11802.,  -340703.
    11803.,  -340703.
    11804.,  -340703.
    11805.,  -340703.
    11806.,  -340703.
    11807.,  -334867.
    11808.,  -334867.
    11809.,  -340703.
    11810.,  -340703.
    11811.,  -340703.
    11812.,  -340703.
    11813.,  -334867.
    11814.,  -337801.
    11815.,  -340703.
    11816.,  -340703.
    11817.,  -340703.
    11818.,  -334867.
    11819.,  -334867.
    11820.,  -331917.
    11821.,  -334819.
    11822.,  -340703.
    11823.,  -340703.
    11824.,  -340703.
    11825.,  -334819.
    11826.,  -334819.
    11827.,  -334803.
    11828.,  -340703.
    11829.,  -340703.
    11830.,  -340703.
    11831.,  -334803.
    11832.,  -334851.
    11833.,  -334851.
    11834.,  -331893.
    11835.,  -334803.
    11836.,  -340703.
    11837.,  -340703.
    11838.,  -337793.
    11839.,  -334851.
    11840.,  -340703.
    11841.,  -340703.
    11842.,  -340703.
    11843.,  -340703.
    11844.,  -340703.
    11845.,  -334851.
    11846.,  -334851.
    11847.,  -340703.
    11848.,  -340703.
    11849.,  -340703.
    11850.,  -340703.
    11851.,  -340703.
    11852.,  -340703.
    11853.,  -340703.
    11854.,  -337825.
    11855.,  -334979.
    11856.,  -340703.
    11857.,  -337793.
    11858.,  -340703.
    11859.,  -340703.
    11860.,  -334851.
    11861.,  -334915.
    11862.,  -334915.
    11863.,  -334915.
    11864.,  -340703.
    11865.,  -337857.
    11866.,  -334979.
    11867.,  -334979.
    11868.,  -340703.
    11869.,  -340703.
    11870.,  -340703.
    11871.,  -340703.
    11872.,  -340703.
    11873.,  -337825.
    11874.,  -340703.
    11875.,  -340703.
    11876.,  -340703.
    11877.,  -335043.
    11878.,  -335043.
    11879.,  -335043.
    11880.,  -340703.
    11881.,  -334979.
    11882.,  -337857.
    11883.,  -340703.
    11884.,  -334979.
    11885.,  -335043.
    11886.,  -334979.
    11887.,  -334979.
    11888.,  -340703.
    11889.,  -340703.
    11890.,  -337921.
    11891.,  -335171.
    11892.,  -340703.
    11893.,  -337889.
    11894.,  -340703.
    11895.,  -340703.
    11896.,  -335043.
    11897.,  -335107.
    11898.,  -335107.
    11899.,  -335107.
    11900.,  -340703.
    11901.,  -337921.
    11902.,  -337921.
    11903.,  -337921.
    11904.,  -340703.
    11905.,  -340703.
    11906.,  -340703.
    11907.,  -340703.
    11908.,  -340703.
    11909.,  -337921.
    11910.,  -340703.
    11911.,  -340703.
    11912.,  -340703.
    11913.,  -337953.
    11914.,  -337953.
    11915.,  -337953.
    11916.,  -340703.
    11917.,  -337921.
    11918.,  -337921.
    11919.,  -340703.
    11920.,  -335171.
    11921.,  -337953.
    11922.,  -337953.
    11923.,  -335171.
    11924.,  -335171.
    11925.,  -335171.
    11926.,  -340703.
    11927.,  -337953.
    11928.,  -337953.
    11929.,  -340703.
    11930.,  -337953.
    11931.,  -337953.
    11932.,  -340703.
    11933.,  -340703.
    11934.,  -340703.
    11935.,  -340703.
    11936.,  -340703.
    11937.,  -340703.
    11938.,  -340703.
    11939.,  -340703.
    11940.,  -340703.
    11941.,  -335043.
    11942.,  -335043.
    11943.,  -340703.
    11944.,  -335043.
    11945.,  -337889.
    11946.,  -340703.
    11947.,  -340703.
    11948.,  -340703.
    11949.,  -340703.
    11950.,  -340703.
    11951.,  -340703.
    11952.,  -337809.
    11953.,  -340703.
    11954.,  -340703.
    11955.,  -334947.
    11956.,  -340703.
    11957.,  -340703.
    11958.,  -340703.
    11959.,  -340703.
    11960.,  -340703.
    11961.,  -340703.
    11962.,  -337841.
    11963.,  -334947.
    11964.,  -335011.
    11965.,  -337873.
    11966.,  -340703.
    11967.,  -335011.
    11968.,  -340703.
    11969.,  -340703.
    11970.,  -340703.
    11971.,  -340703.
    11972.,  -340703.
    11973.,  -340703.
    11974.,  -340703.
    11975.,  -337873.
    11976.,  -337905.
    11977.,  -340703.
    11978.,  -340703.
    11979.,  -335139.
    11980.,  -340703.
    11981.,  -340703.
    11982.,  -340703.
    11983.,  -340703.
    11984.,  -340703.
    11985.,  -337905.
    11986.,  -337905.
    11987.,  -337905.
    11988.,  -337937.
    11989.,  -337937.
    11990.,  -337937.
    11991.,  -337937.
    11992.,  -340703.
    11993.,  -340703.
    11994.,  -340703.
    11995.,  -340703.
    11996.,  -340703.
    11997.,  -340703.
    11998.,  -340703.
    11999.,  -340703.
    12000.,  -340703.
    12001.,  -337937.
    12002.,  -340703.
    12003.,  -340703.
    12004.,  -337937.
    12005.,  -337937.
    12006.,  -339053.
    12007.,  -340703.
    12008.,  -340703.
    12009.,  -340703.
    12010.,  -340703.
    12011.,  -340703.
    12012.,  -340703.
    12013.,  -340703.
    12014.,  -340703.
    12015.,  -340703.
    12016.,  -339521.
    12017.,  -339521.
    12018.,  -340703.
    12019.,  -340703.
    12020.,  -340703.
    12021.,  -340703.
    12022.,  -340703.
    12023.,  -340703.
    12024.,  -340703.
    12025.,  -340703.
    12026.,  -340703.
    12027.,  -340703.
    12028.,  -340703.
    12029.,  -340703.
    12030.,  -340703.
    12031.,  -340703.
    12032.,  -340703.
    12033.,  -339521.
    12034.,  -339521.
    12035.,  -340703.
    12036.,  -340703.
    12037.,  -340703.
    12038.,  -340703.
    12039.,  -340703.
    12040.,  -340703.
    12041.,  -340703.
    12042.,  -340703.
    12043.,  -340703.
    12044.,  -340703.
    12045.,  -340703.
    12046.,  -340703.
    12047.,  -340703.
    12048.,  -340703.
    12049.,  -340703.
    12050.,  -340703.
    12051.,  -340703.
    12052.,  -339521.
    12053.,  -339521.
    12054.,  -340703.
    12055.,  -340703.
    12056.,  -340703.
    12057.,  -340703.
    12058.,  -340703.
    12059.,  -340703.
    12060.,  -340703.
    12061.,  -340703.
    12062.,  -340703.
    12063.,  -340703.
    12064.,  -340703.
    12065.,  -340703.
    12066.,  -340703.
    12067.,  -340703.
    12068.,  -340703.
    12069.,  -340703.
    12070.,  -340703.
    12071.,  -340703.
    12072.,  -340703.
    12073.,  -340703.
    12074.,  -340703.
    12075.,  -339521.
    12076.,  -339521.
    12077.,  -340703.
    12078.,  -340703.
    12079.,  -340703.
    12080.,  -340703.
    12081.,  -340703.
    12082.,  -340703.
    12083.,  -340703.
    12084.,  -340703.
    12085.,  -340703.
    12086.,  -340703.
    12087.,  -340703.
    12088.,  -340703.
    12089.,  -340703.
    12090.,  -340703.
    12091.,  -340703.
    12092.,  -340703.
    12093.,  -340703.
    12094.,  -340703.
    12095.,  -340703.
    12096.,  -340703.
    12097.,  -340703.
    12098.,  -340703.
    12099.,  -340703.
    12100.,  -339521.
    12101.,  -339521.
    12102.,  -340703.
    12103.,  -340703.
    12104.,  -340703.
    12105.,  -340703.
    12106.,  -340703.
    12107.,  -340703.
    12108.,  -340703.
    12109.,  -340703.
    12110.,  -340703.
    12111.,  -340703.
    12112.,  -340703.
    12113.,  -340703.
    12114.,  -340703.
    12115.,  -340703.
    12116.,  -340703.
    12117.,  -340703.
    12118.,  -340703.
    12119.,  -340703.
    12120.,  -340703.
    12121.,  -340703.
    12122.,  -340703.
    12123.,  -340703.
    12124.,  -340703.
    12125.,  -339521.
    12126.,  -339521.
    12127.,  -340703.
    12128.,  -340703.
    12129.,  -340703.
    12130.,  -340703.
    12131.,  -340703.
    12132.,  -340703.
    12133.,  -340703.
    12134.,  -340703.
    12135.,  -340703.
    12136.,  -340703.
    12137.,  -340703.
    12138.,  -340703.
    12139.,  -340703.
    12140.,  -340703.
    12141.,  -340703.
    12142.,  -340703.
    12143.,  -340703.
    12144.,  -340703.
    12145.,  -340703.
    12146.,  -340703.
    12147.,  -340703.
    12148.,  -339521.
    12149.,  -339521.
    12150.,  -340703.
    12151.,  -340703.
    12152.,  -340703.
    12153.,  -340703.
    12154.,  -340703.
    12155.,  -340703.
    12156.,  -340703.
    12157.,  -340703.
    12158.,  -340703.
    12159.,  -340703.
    12160.,  -340703.
    12161.,  -340703.
    12162.,  -340703.
    12163.,  -340703.
    12164.,  -340703.
    12165.,  -340703.
    12166.,  -340703.
    12167.,  -339521.
    12168.,  -339521.
    12169.,  -340703.
    12170.,  -340703.
    12171.,  -340703.
    12172.,  -340703.
    12173.,  -340703.
    12174.,  -340703.
    12175.,  -340703.
    12176.,  -340703.
    12177.,  -340703.
    12178.,  -340703.
    12179.,  -340703.
    12180.,  -340703.
    12181.,  -340703.
    12182.,  -340703.
    12183.,  -340703.
    12184.,  -339521.
    12185.,  -339521.
    12186.,  -340703.
    12187.,  -340703.
    12188.,  -340703.
    12189.,  -340703.
    12190.,  -340703.
    12191.,  -338657.
    12192.,  -340703.
    12193.,  -340703.
    12194.,  -340703.
    12195.,  -340703.
    12196.,  -335907.
    12197.,  -338657.
    12198.,  -338657.
    12199.,  -335907.
    12200.,  -337937.
    12201.,  -337937.
    12202.,  -335139.
    12203.,  -335139.
    12204.,  -335139.
    12205.,  -335139.
    12206.,  -335075.
    12207.,  -335075.
    12208.,  -335075.
    12209.,  -335011.
    12210.,  -335011.
    12211.,  -335011.
    12212.,  -335011.
    12213.,  -334947.
    12214.,  -334947.
    12215.,  -332021.
    12216.,  -334883.
    12217.,  -334883.
    12218.,  -331925.
    12219.,  -334819.
    12220.,  -334819.
    12221.,  -334819.
    12222.,  -334803.
    12223.,  -334803.
    12224.,  -334803.
    12225.,  -334851.
    12226.,  -334851.
    12227.,  -334851.
    12228.,  -334915.
    12229.,  -334915.
    12230.,  -334915.
    12231.,  -334979.
    12232.,  -334979.
    12233.,  -334979.
    12234.,  -335043.
    12235.,  -335043.
    12236.,  -335043.
    12237.,  -335107.
    12238.,  -335107.
    12239.,  -335107.
    12240.,  -335171.
    12241.,  -335171.
    12242.,  -335171.
    12243.,  -335171.
    12244.,  -337953.
    12245.,  -337953.
    12246.,  -335139.
    12247.,  -335139.
    12248.,  -335139.
    12249.,  -335139.
    12250.,  -337937.
    12251.,  -337937.
    12252.,  -337937.
    12253.,  -337937.
    12254.,  -337937.
    12255.,  -340703.
    12256.,  -340703.
    12257.,  -340703.
    12258.,  -337873.
    12259.,  -337873.
    12260.,  -335011.
    12261.,  -340703.
    12262.,  -337905.
    12263.,  -340703.
    12264.,  -340703.
    12265.,  -337905.
    12266.,  -335075.
    12267.,  -335075.
    12268.,  -335075.
    12269.,  -340703.
    12270.,  -337841.
    12271.,  -334947.
    12272.,  -334947.
    12273.,  -340703.
    12274.,  -335011.
    12275.,  -337873.
    12276.,  -340703.
    12277.,  -335011.
    12278.,  -334947.
    12279.,  -335011.
    12280.,  -335011.
    12281.,  -340703.
    12282.,  -340703.
    12283.,  -337777.
    12284.,  -334883.
    12285.,  -340703.
    12286.,  -337809.
    12287.,  -337809.
    12288.,  -340703.
    12289.,  -340703.
    12290.,  -340703.
    12291.,  -334947.
    12292.,  -334883.
    12293.,  -334883.
    12294.,  -332021.
    12295.,  -340703.
    12296.,  -340703.
    12297.,  -340703.
    12298.,  -337745.
    12299.,  -337745.
    12300.,  -334803.
    12301.,  -340703.
    12302.,  -337777.
    12303.,  -340703.
    12304.,  -340703.
    12305.,  -331925.
    12306.,  -334819.
    12307.,  -334819.
    12308.,  -334819.
    12309.,  -340703.
    12310.,  -340703.
    12311.,  -334803.
    12312.,  -334803.
    12313.,  -340703.
    12314.,  -340703.
    12315.,  -340703.
    12316.,  -340703.
    12317.,  -340703.
    12318.,  -334803.
    12319.,  -337745.
    12320.,  -340703.
    12321.,  -340703.
    12322.,  -340703.
    12323.,  -340703.
    12324.,  -337905.
    12325.,  -337905.
    12326.,  -340703.
    12327.,  -340703.
    12328.,  -340703.
    12329.,  -334851.
    12330.,  -334851.
    12331.,  -334417.
    12332.,  -334417.
    12333.,  -340701.
    12334.,  -340701.
    12335.,  -340701.
    12336.,  -337687.
    12337.,  -337687.
    12338.,  -340701.
    12339.,  -340701.
    12340.,  -340701.
    12341.,  -340701.
    12342.,  -337527.
    12343.,  -334369.
    12344.,  -340701.
    12345.,  -340701.
    12346.,  -340701.
    12347.,  -340701.
    12348.,  -334369.
    12349.,  -334369.
    12350.,  -340701.
    12351.,  -340701.
    12352.,  -340701.
    12353.,  -334385.
    12354.,  -334385.
    12355.,  -334385.
    12356.,  -340701.
    12357.,  -340701.
    12358.,  -337559.
    12359.,  -331275.
    12360.,  -334369.
    12361.,  -337527.
    12362.,  -337527.
    12363.,  -340701.
    12364.,  -340701.
    12365.,  -340701.
    12366.,  -340701.
    12367.,  -334449.
    12368.,  -334449.
    12369.,  -331371.
    12370.,  -340701.
    12371.,  -340701.
    12372.,  -340701.
    12373.,  -337591.
    12374.,  -337591.
    12375.,  -334513.
    12376.,  -334449.
    12377.,  -337559.
    12378.,  -340701.
    12379.,  -340701.
    12380.,  -340701.
    12381.,  -334513.
    12382.,  -334577.
    12383.,  -334577.
    12384.,  -340701.
    12385.,  -337655.
    12386.,  -334577.
    12387.,  -334577.
    12388.,  -334513.
    12389.,  -334513.
    12390.,  -337623.
    12391.,  -340701.
    12392.,  -340701.
    12393.,  -334641.
    12394.,  -334641.
    12395.,  -334641.
    12396.,  -340701.
    12397.,  -340701.
    12398.,  -337687.
    12399.,  -337687.
    12400.,  -334577.
    12401.,  -337655.
    12402.,  -337655.
    12403.,  -340701.
    12404.,  -340701.
    12405.,  -340701.
    12406.,  -340701.
    12407.,  -337719.
    12408.,  -337719.
    12409.,  -334705.
    12410.,  -334705.
    12411.,  -334705.
    12412.,  -334705.
    12413.,  -337719.
    12414.,  -337719.
    12415.,  -337719.
    12416.,  -337719.
    12417.,  -337719.
    12418.,  -334705.
    12419.,  -334705.
    12420.,  -334705.
    12421.,  -334705.
    12422.,  -334641.
    12423.,  -334641.
    12424.,  -334641.
    12425.,  -334577.
    12426.,  -334577.
    12427.,  -334577.
    12428.,  -334577.
    12429.,  -334513.
    12430.,  -334513.
    12431.,  -331371.
    12432.,  -334449.
    12433.,  -334449.
    12434.,  -331275.
    12435.,  -334385.
    12436.,  -334385.
    12437.,  -334385.
    12438.,  -334369.
    12439.,  -334369.
    12440.,  -334369.
    12441.,  -334417.
    12442.,  -334417.
    12443.,  -334417.
    12444.,  -334481.
    12445.,  -334481.
    12446.,  -334481.
    12447.,  -334545.
    12448.,  -334545.
    12449.,  -334545.
    12450.,  -334609.
    12451.,  -334609.
    12452.,  -334609.
    12453.,  -334673.
    12454.,  -334673.
    12455.,  -334673.
    12456.,  -334737.
    12457.,  -334737.
    12458.,  -334737.
    12459.,  -334737.
    12460.,  -337735.
    12461.,  -337735.
    12462.,  -338423.
    12463.,  -338423.
    12464.,  -335457.
    12465.,  -335457.
    12466.,  -338423.
    12467.,  -340701.
    12468.,  -340701.
    12469.,  -340701.
    12470.,  -340701.
    12471.,  -340701.
    12472.,  -340701.
    12473.,  -340701.
    12474.,  -340701.
    12475.,  -340701.
    12476.,  -339511.
    12477.,  -340701.
    12478.,  -340701.
    12479.,  -340701.
    12480.,  -339511.
    12481.,  -340701.
    12482.,  -340701.
    12483.,  -340701.
    12484.,  -340701.
    12485.,  -340701.
    12486.,  -340701.
    12487.,  -340701.
    12488.,  -340701.
    12489.,  -340701.
    12490.,  -340701.
    12491.,  -340701.
    12492.,  -340701.
    12493.,  -339511.
    12494.,  -340701.
    12495.,  -340701.
    12496.,  -340701.
    12497.,  -340701.
    12498.,  -340701.
    12499.,  -339511.
    12500.,  -340701.
    12501.,  -340701.
    12502.,  -340701.
    12503.,  -340701.
    12504.,  -340701.
    12505.,  -340701.
    12506.,  -340701.
    12507.,  -340701.
    12508.,  -340701.
    12509.,  -340701.
    12510.,  -340701.
    12511.,  -340701.
    12512.,  -339511.
    12513.,  -340701.
    12514.,  -340701.
    12515.,  -340701.
    12516.,  -340701.
    12517.,  -340701.
    12518.,  -340701.
    12519.,  -340701.
    12520.,  -339511.
    12521.,  -340701.
    12522.,  -340701.
    12523.,  -340701.
    12524.,  -340701.
    12525.,  -340701.
    12526.,  -340701.
    12527.,  -340701.
    12528.,  -340701.
    12529.,  -340701.
    12530.,  -340701.
    12531.,  -340701.
    12532.,  -340701.
    12533.,  -340701.
    12534.,  -340701.
    12535.,  -339511.
    12536.,  -340701.
    12537.,  -340701.
    12538.,  -340701.
    12539.,  -340701.
    12540.,  -340701.
    12541.,  -340701.
    12542.,  -340701.
    12543.,  -340701.
    12544.,  -340701.
    12545.,  -339511.
    12546.,  -340701.
    12547.,  -340701.
    12548.,  -340701.
    12549.,  -340701.
    12550.,  -340701.
    12551.,  -340701.
    12552.,  -340701.
    12553.,  -340701.
    12554.,  -340701.
    12555.,  -340701.
    12556.,  -340701.
    12557.,  -340701.
    12558.,  -340701.
    12559.,  -340701.
    12560.,  -339511.
    12561.,  -340701.
    12562.,  -340701.
    12563.,  -340701.
    12564.,  -340701.
    12565.,  -340701.
    12566.,  -340701.
    12567.,  -340701.
    12568.,  -340701.
    12569.,  -340701.
    12570.,  -339511.
    12571.,  -340701.
    12572.,  -340701.
    12573.,  -340701.
    12574.,  -340701.
    12575.,  -340701.
    12576.,  -340701.
    12577.,  -340701.
    12578.,  -340701.
    12579.,  -340701.
    12580.,  -340701.
    12581.,  -340701.
    12582.,  -340701.
    12583.,  -340701.
    12584.,  -340701.
    12585.,  -339511.
    12586.,  -340701.
    12587.,  -340701.
    12588.,  -340701.
    12589.,  -340701.
    12590.,  -340701.
    12591.,  -340701.
    12592.,  -340701.
    12593.,  -340701.
    12594.,  -340701.
    12595.,  -339511.
    12596.,  -340701.
    12597.,  -340701.
    12598.,  -340701.
    12599.,  -340701.
    12600.,  -340701.
    12601.,  -340701.
    12602.,  -340701.
    12603.,  -340701.
    12604.,  -340701.
    12605.,  -340701.
    12606.,  -340701.
    12607.,  -340701.
    12608.,  -339511.
    12609.,  -340701.
    12610.,  -340701.
    12611.,  -340701.
    12612.,  -340701.
    12613.,  -340701.
    12614.,  -340701.
    12615.,  -340701.
    12616.,  -339511.
    12617.,  -340701.
    12618.,  -340701.
    12619.,  -340701.
    12620.,  -340701.
    12621.,  -340701.
    12622.,  -340701.
    12623.,  -340701.
    12624.,  -340701.
    12625.,  -340701.
    12626.,  -340701.
    12627.,  -339511.
    12628.,  -340701.
    12629.,  -340701.
    12630.,  -340701.
    12631.,  -340701.
    12632.,  -340701.
    12633.,  -339511.
    12634.,  -340701.
    12635.,  -340701.
    12636.,  -340701.
    12637.,  -340701.
    12638.,  -340701.
    12639.,  -340701.
    12640.,  -340701.
    12641.,  -340701.
    12642.,  -340701.
    12643.,  -340701.
    12644.,  -339511.
    12645.,  -340701.
    12646.,  -340701.
    12647.,  -340701.
    12648.,  -339511.
    12649.,  -340701.
    12650.,  -340701.
    12651.,  -340701.
    12652.,  -340701.
    12653.,  -340701.
    12654.,  -340701.
    12655.,  -337719.
    12656.,  -337719.
    12657.,  -340701.
    12658.,  -340701.
    12659.,  -339051.
    12660.,  -337719.
    12661.,  -340701.
    12662.,  -340701.
    12663.,  -340701.
    12664.,  -340701.
    12665.,  -340701.
    12666.,  -340701.
    12667.,  -340701.
    12668.,  -340701.
    12669.,  -340701.
    12670.,  -337719.
    12671.,  -337719.
    12672.,  -337719.
    12673.,  -337719.
    12674.,  -337687.
    12675.,  -337687.
    12676.,  -337687.
    12677.,  -340701.
    12678.,  -340701.
    12679.,  -340701.
    12680.,  -340701.
    12681.,  -340701.
    12682.,  -340701.
    12683.,  -340701.
    12684.,  -337687.
    12685.,  -334705.
    12686.,  -337655.
    12687.,  -340701.
    12688.,  -340701.
    12689.,  -340701.
    12690.,  -340701.
    12691.,  -340701.
    12692.,  -340701.
    12693.,  -340701.
    12694.,  -340701.
    12695.,  -337655.
    12696.,  -334577.
    12697.,  -334577.
    12698.,  -334513.
    12699.,  -337623.
    12700.,  -340701.
    12701.,  -340701.
    12702.,  -340701.
    12703.,  -340701.
    12704.,  -340701.
    12705.,  -340701.
    12706.,  -340701.
    12707.,  -340701.
    12708.,  -337591.
    12709.,  -334513.
    12710.,  -340701.
    12711.,  -340701.
    12712.,  -340701.
    12713.,  -340701.
    12714.,  -340701.
    12715.,  -340701.
    12716.,  -337671.
    12717.,  -334609.
    12718.,  -334609.
    12719.,  -334609.
    12720.,  -340701.
    12721.,  -340701.
    12722.,  -340701.
    12723.,  -340701.
    12724.,  -340701.
    12725.,  -340701.
    12726.,  -340701.
    12727.,  -340701.
    12728.,  -340701.
    12729.,  -340701.
    12730.,  -337735.
    12731.,  -337735.
    12732.,  -337735.
    12733.,  -337735.
    12734.,  -340701.
    12735.,  -340701.
    12736.,  -337735.
    12737.,  -337735.
    12738.,  -334737.
    12739.,  -334737.
    12740.,  -334737.
    12741.,  -340701.
    12742.,  -337703.
    12743.,  -337703.
    12744.,  -334737.
    12745.,  -337735.
    12746.,  -337735.
    12747.,  -337735.
    12748.,  -340701.
    12749.,  -340701.
    12750.,  -340701.
    12751.,  -340701.
    12752.,  -337703.
    12753.,  -340701.
    12754.,  -340701.
    12755.,  -340701.
    12756.,  -340701.
    12757.,  -337703.
    12758.,  -337703.
    12759.,  -337703.
    12760.,  -340701.
    12761.,  -340701.
    12762.,  -334673.
    12763.,  -334673.
    12764.,  -334673.
    12765.,  -340701.
    12766.,  -340701.
    12767.,  -337671.
    12768.,  -334609.
    12769.,  -334737.
    12770.,  -337703.
    12771.,  -340701.
    12772.,  -340701.
    12773.,  -340701.
    12774.,  -334609.
    12775.,  -334545.
    12776.,  -334545.
    12777.,  -340701.
    12778.,  -337639.
    12779.,  -334545.
    12780.,  -334545.
    12781.,  -334609.
    12782.,  -334609.
    12783.,  -334609.
    12784.,  -340701.
    12785.,  -340701.
    12786.,  -340701.
    12787.,  -340701.
    12788.,  -337607.
    12789.,  -340701.
    12790.,  -340701.
    12791.,  -340701.
    12792.,  -340701.
    12793.,  -334545.
    12794.,  -334545.
    12795.,  -337639.
    12796.,  -340701.
    12797.,  -340701.
    12798.,  -334481.
    12799.,  -334481.
    12800.,  -334481.
    12801.,  -340701.
    12802.,  -340701.
    12803.,  -337575.
    12804.,  -334417.
    12805.,  -334545.
    12806.,  -337607.
    12807.,  -340701.
    12808.,  -340701.
    12809.,  -340701.
    12810.,  -340701.
    12811.,  -340701.
    12812.,  -340701.
    12813.,  -340701.
    12814.,  -340701.
    12815.,  -334417.
    12816.,  -334417.
    12817.,  -340701.
    12818.,  -340701.
    12819.,  -340701.
    12820.,  -340701.
    12821.,  -334417.
    12822.,  -337575.
    12823.,  -340701.
    12824.,  -340701.
    12825.,  -340701.
    12826.,  -334417.
    12827.,  -334417.
    12828.,  -331243.
    12829.,  -334369.
    12830.,  -340701.
    12831.,  -340701.
    12832.,  -340701.
    12833.,  -334369.
    12834.,  -334369.
    12835.,  -334353.
    12836.,  -340701.
    12837.,  -340701.
    12838.,  -340701.
    12839.,  -334353.
    12840.,  -334401.
    12841.,  -334401.
    12842.,  -331219.
    12843.,  -334353.
    12844.,  -340701.
    12845.,  -340701.
    12846.,  -337567.
    12847.,  -334401.
    12848.,  -340701.
    12849.,  -340701.
    12850.,  -340701.
    12851.,  -340701.
    12852.,  -340701.
    12853.,  -334401.
    12854.,  -334401.
    12855.,  -340701.
    12856.,  -340701.
    12857.,  -340701.
    12858.,  -340701.
    12859.,  -340701.
    12860.,  -340701.
    12861.,  -340701.
    12862.,  -337599.
    12863.,  -334529.
    12864.,  -340701.
    12865.,  -337567.
    12866.,  -340701.
    12867.,  -340701.
    12868.,  -334401.
    12869.,  -334465.
    12870.,  -334465.
    12871.,  -334465.
    12872.,  -340701.
    12873.,  -337631.
    12874.,  -334529.
    12875.,  -334529.
    12876.,  -340701.
    12877.,  -340701.
    12878.,  -340701.
    12879.,  -340701.
    12880.,  -340701.
    12881.,  -337599.
    12882.,  -340701.
    12883.,  -340701.
    12884.,  -340701.
    12885.,  -334593.
    12886.,  -334593.
    12887.,  -334593.
    12888.,  -340701.
    12889.,  -334529.
    12890.,  -337631.
    12891.,  -340701.
    12892.,  -334529.
    12893.,  -334593.
    12894.,  -334529.
    12895.,  -334529.
    12896.,  -340701.
    12897.,  -340701.
    12898.,  -337695.
    12899.,  -334721.
    12900.,  -340701.
    12901.,  -337663.
    12902.,  -340701.
    12903.,  -340701.
    12904.,  -334593.
    12905.,  -334657.
    12906.,  -334657.
    12907.,  -334657.
    12908.,  -340701.
    12909.,  -337695.
    12910.,  -337695.
    12911.,  -337695.
    12912.,  -340701.
    12913.,  -340701.
    12914.,  -340701.
    12915.,  -340701.
    12916.,  -340701.
    12917.,  -337695.
    12918.,  -340701.
    12919.,  -340701.
    12920.,  -340701.
    12921.,  -337727.
    12922.,  -337727.
    12923.,  -337727.
    12924.,  -340701.
    12925.,  -337695.
    12926.,  -337695.
    12927.,  -340701.
    12928.,  -334721.
    12929.,  -337727.
    12930.,  -337727.
    12931.,  -334721.
    12932.,  -334721.
    12933.,  -334721.
    12934.,  -340701.
    12935.,  -337727.
    12936.,  -337727.
    12937.,  -340701.
    12938.,  -337727.
    12939.,  -337727.
    12940.,  -340701.
    12941.,  -340701.
    12942.,  -340701.
    12943.,  -340701.
    12944.,  -340701.
    12945.,  -340701.
    12946.,  -340701.
    12947.,  -340701.
    12948.,  -340701.
    12949.,  -334593.
    12950.,  -334593.
    12951.,  -340701.
    12952.,  -334593.
    12953.,  -337663.
    12954.,  -340701.
    12955.,  -340701.
    12956.,  -340701.
    12957.,  -340701.
    12958.,  -340701.
    12959.,  -340701.
    12960.,  -337583.
    12961.,  -340701.
    12962.,  -340701.
    12963.,  -334497.
    12964.,  -340701.
    12965.,  -340701.
    12966.,  -340701.
    12967.,  -340701.
    12968.,  -340701.
    12969.,  -340701.
    12970.,  -337615.
    12971.,  -334497.
    12972.,  -334561.
    12973.,  -337647.
    12974.,  -340701.
    12975.,  -334561.
    12976.,  -340701.
    12977.,  -340701.
    12978.,  -340701.
    12979.,  -340701.
    12980.,  -340701.
    12981.,  -340701.
    12982.,  -340701.
    12983.,  -337647.
    12984.,  -337679.
    12985.,  -340701.
    12986.,  -340701.
    12987.,  -334689.
    12988.,  -340701.
    12989.,  -340701.
    12990.,  -340701.
    12991.,  -340701.
    12992.,  -340701.
    12993.,  -337679.
    12994.,  -337679.
    12995.,  -337679.
    12996.,  -337711.
    12997.,  -337711.
    12998.,  -337711.
    12999.,  -337711.
    13000.,  -340701.
    13001.,  -340701.
    13002.,  -340701.
    13003.,  -340701.
    13004.,  -340701.
    13005.,  -340701.
    13006.,  -340701.
    13007.,  -340701.
    13008.,  -340701.
    13009.,  -337711.
    13010.,  -340701.
    13011.,  -340701.
    13012.,  -337711.
    13013.,  -337711.
    13014.,  -339051.
    13015.,  -340701.
    13016.,  -340701.
    13017.,  -340701.
    13018.,  -340701.
    13019.,  -340701.
    13020.,  -340701.
    13021.,  -340701.
    13022.,  -340701.
    13023.,  -340701.
    13024.,  -339511.
    13025.,  -339511.
    13026.,  -340701.
    13027.,  -340701.
    13028.,  -340701.
    13029.,  -340701.
    13030.,  -340701.
    13031.,  -340701.
    13032.,  -340701.
    13033.,  -340701.
    13034.,  -340701.
    13035.,  -340701.
    13036.,  -340701.
    13037.,  -340701.
    13038.,  -340701.
    13039.,  -340701.
    13040.,  -340701.
    13041.,  -339511.
    13042.,  -339511.
    13043.,  -340701.
    13044.,  -340701.
    13045.,  -340701.
    13046.,  -340701.
    13047.,  -340701.
    13048.,  -340701.
    13049.,  -340701.
    13050.,  -340701.
    13051.,  -340701.
    13052.,  -340701.
    13053.,  -340701.
    13054.,  -340701.
    13055.,  -340701.
    13056.,  -340701.
    13057.,  -340701.
    13058.,  -340701.
    13059.,  -340701.
    13060.,  -339511.
    13061.,  -339511.
    13062.,  -340701.
    13063.,  -340701.
    13064.,  -340701.
    13065.,  -340701.
    13066.,  -340701.
    13067.,  -340701.
    13068.,  -340701.
    13069.,  -340701.
    13070.,  -340701.
    13071.,  -340701.
    13072.,  -340701.
    13073.,  -340701.
    13074.,  -340701.
    13075.,  -340701.
    13076.,  -340701.
    13077.,  -340701.
    13078.,  -340701.
    13079.,  -340701.
    13080.,  -340701.
    13081.,  -340701.
    13082.,  -340701.
    13083.,  -339511.
    13084.,  -339511.
    13085.,  -340701.
    13086.,  -340701.
    13087.,  -340701.
    13088.,  -340701.
    13089.,  -340701.
    13090.,  -340701.
    13091.,  -340701.
    13092.,  -340701.
    13093.,  -340701.
    13094.,  -340701.
    13095.,  -340701.
    13096.,  -340701.
    13097.,  -340701.
    13098.,  -340701.
    13099.,  -340701.
    13100.,  -340701.
    13101.,  -340701.
    13102.,  -340701.
    13103.,  -340701.
    13104.,  -340701.
    13105.,  -340701.
    13106.,  -340701.
    13107.,  -340701.
    13108.,  -339511.
    13109.,  -339511.
    13110.,  -340701.
    13111.,  -340701.
    13112.,  -340701.
    13113.,  -340701.
    13114.,  -340701.
    13115.,  -340701.
    13116.,  -340701.
    13117.,  -340701.
    13118.,  -340701.
    13119.,  -340701.
    13120.,  -340701.
    13121.,  -340701.
    13122.,  -340701.
    13123.,  -340701.
    13124.,  -340701.
    13125.,  -340701.
    13126.,  -340701.
    13127.,  -340701.
    13128.,  -340701.
    13129.,  -340701.
    13130.,  -340701.
    13131.,  -340701.
    13132.,  -340701.
    13133.,  -339511.
    13134.,  -339511.
    13135.,  -340701.
    13136.,  -340701.
    13137.,  -340701.
    13138.,  -340701.
    13139.,  -340701.
    13140.,  -340701.
    13141.,  -340701.
    13142.,  -340701.
    13143.,  -340701.
    13144.,  -340701.
    13145.,  -340701.
    13146.,  -340701.
    13147.,  -340701.
    13148.,  -340701.
    13149.,  -340701.
    13150.,  -340701.
    13151.,  -340701.
    13152.,  -340701.
    13153.,  -340701.
    13154.,  -340701.
    13155.,  -340701.
    13156.,  -339511.
    13157.,  -339511.
    13158.,  -340701.
    13159.,  -340701.
    13160.,  -340701.
    13161.,  -340701.
    13162.,  -340701.
    13163.,  -340701.
    13164.,  -340701.
    13165.,  -340701.
    13166.,  -340701.
    13167.,  -340701.
    13168.,  -340701.
    13169.,  -340701.
    13170.,  -340701.
    13171.,  -340701.
    13172.,  -340701.
    13173.,  -340701.
    13174.,  -340701.
    13175.,  -339511.
    13176.,  -339511.
    13177.,  -340701.
    13178.,  -340701.
    13179.,  -340701.
    13180.,  -340701.
    13181.,  -340701.
    13182.,  -340701.
    13183.,  -340701.
    13184.,  -340701.
    13185.,  -340701.
    13186.,  -340701.
    13187.,  -340701.
    13188.,  -340701.
    13189.,  -340701.
    13190.,  -340701.
    13191.,  -340701.
    13192.,  -339511.
    13193.,  -339511.
    13194.,  -340701.
    13195.,  -340701.
    13196.,  -340701.
    13197.,  -340701.
    13198.,  -340701.
    13199.,  -338423.
    13200.,  -340701.
    13201.,  -340701.
    13202.,  -340701.
    13203.,  -340701.
    13204.,  -335449.
    13205.,  -338423.
    13206.,  -338423.
    13207.,  -335449.
    13208.,  -337711.
    13209.,  -337711.
    13210.,  -334689.
    13211.,  -334689.
    13212.,  -334689.
    13213.,  -334689.
    13214.,  -334625.
    13215.,  -334625.
    13216.,  -334625.
    13217.,  -334561.
    13218.,  -334561.
    13219.,  -334561.
    13220.,  -334561.
    13221.,  -334497.
    13222.,  -334497.
    13223.,  -331347.
    13224.,  -334433.
    13225.,  -334433.
    13226.,  -331251.
    13227.,  -334369.
    13228.,  -334369.
    13229.,  -334369.
    13230.,  -334353.
    13231.,  -334353.
    13232.,  -334353.
    13233.,  -334401.
    13234.,  -334401.
    13235.,  -334401.
    13236.,  -334465.
    13237.,  -334465.
    13238.,  -334465.
    13239.,  -334529.
    13240.,  -334529.
    13241.,  -334529.
    13242.,  -334593.
    13243.,  -334593.
    13244.,  -334593.
    13245.,  -334657.
    13246.,  -334657.
    13247.,  -334657.
    13248.,  -334721.
    13249.,  -334721.
    13250.,  -334721.
    13251.,  -334721.
    13252.,  -337727.
    13253.,  -337727.
    13254.,  -334689.
    13255.,  -334689.
    13256.,  -334689.
    13257.,  -334689.
    13258.,  -337711.
    13259.,  -337711.
    13260.,  -337711.
    13261.,  -337711.
    13262.,  -337711.
    13263.,  -340701.
    13264.,  -340701.
    13265.,  -340701.
    13266.,  -337647.
    13267.,  -337647.
    13268.,  -334561.
    13269.,  -340701.
    13270.,  -337679.
    13271.,  -340701.
    13272.,  -340701.
    13273.,  -337679.
    13274.,  -334625.
    13275.,  -334625.
    13276.,  -334625.
    13277.,  -340701.
    13278.,  -337615.
    13279.,  -334497.
    13280.,  -334497.
    13281.,  -340701.
    13282.,  -334561.
    13283.,  -337647.
    13284.,  -340701.
    13285.,  -334561.
    13286.,  -334497.
    13287.,  -334561.
    13288.,  -334561.
    13289.,  -340701.
    13290.,  -340701.
    13291.,  -337551.
    13292.,  -334433.
    13293.,  -340701.
    13294.,  -337583.
    13295.,  -337583.
    13296.,  -340701.
    13297.,  -340701.
    13298.,  -340701.
    13299.,  -334497.
    13300.,  -334433.
    13301.,  -334433.
    13302.,  -331347.
    13303.,  -340701.
    13304.,  -340701.
    13305.,  -340701.
    13306.,  -337519.
    13307.,  -337519.
    13308.,  -334353.
    13309.,  -340701.
    13310.,  -337551.
    13311.,  -340701.
    13312.,  -340701.
    13313.,  -331251.
    13314.,  -334369.
    13315.,  -334369.
    13316.,  -334369.
    13317.,  -340701.
    13318.,  -340701.
    13319.,  -334353.
    13320.,  -334353.
    13321.,  -340701.
    13322.,  -340701.
    13323.,  -340701.
    13324.,  -340701.
    13325.,  -340701.
    13326.,  -334353.
    13327.,  -337519.
    13328.,  -340701.
    13329.,  -340701.
    13330.,  -340701.
    13331.,  -340701.
    13332.,  -337679.
    13333.,  -337679.
    13334.,  -340701.
    13335.,  -340701.
    13336.,  -340701.
    13337.,  -334401.
    13338.,  -334401.
    13339.,  -334143.
    13340.,  -334143.
    13341.,  -340699.
    13342.,  -340699.
    13343.,  -340699.
    13344.,  -337485.
    13345.,  -337485.
    13346.,  -340699.
    13347.,  -340699.
    13348.,  -340699.
    13349.,  -340699.
    13350.,  -337405.
    13351.,  -334119.
    13352.,  -340699.
    13353.,  -340699.
    13354.,  -340699.
    13355.,  -340699.
    13356.,  -334119.
    13357.,  -334119.
    13358.,  -340699.
    13359.,  -340699.
    13360.,  -340699.
    13361.,  -334127.
    13362.,  -334127.
    13363.,  -334127.
    13364.,  -340699.
    13365.,  -340699.
    13366.,  -337421.
    13367.,  -330865.
    13368.,  -334119.
    13369.,  -337405.
    13370.,  -337405.
    13371.,  -340699.
    13372.,  -340699.
    13373.,  -340699.
    13374.,  -340699.
    13375.,  -334159.
    13376.,  -334159.
    13377.,  -330913.
    13378.,  -340699.
    13379.,  -340699.
    13380.,  -340699.
    13381.,  -337437.
    13382.,  -337437.
    13383.,  -334191.
    13384.,  -334159.
    13385.,  -337421.
    13386.,  -340699.
    13387.,  -340699.
    13388.,  -340699.
    13389.,  -334191.
    13390.,  -334223.
    13391.,  -334223.
    13392.,  -340699.
    13393.,  -337469.
    13394.,  -334223.
    13395.,  -334223.
    13396.,  -334191.
    13397.,  -334191.
    13398.,  -337453.
    13399.,  -340699.
    13400.,  -340699.
    13401.,  -334255.
    13402.,  -334255.
    13403.,  -334255.
    13404.,  -340699.
    13405.,  -340699.
    13406.,  -337485.
    13407.,  -337485.
    13408.,  -334223.
    13409.,  -337469.
    13410.,  -337469.
    13411.,  -340699.
    13412.,  -340699.
    13413.,  -340699.
    13414.,  -340699.
    13415.,  -337501.
    13416.,  -337501.
    13417.,  -334287.
    13418.,  -334287.
    13419.,  -334287.
    13420.,  -334287.
    13421.,  -337501.
    13422.,  -337501.
    13423.,  -337501.
    13424.,  -337501.
    13425.,  -337501.
    13426.,  -334287.
    13427.,  -334287.
    13428.,  -334287.
    13429.,  -334287.
    13430.,  -334255.
    13431.,  -334255.
    13432.,  -334255.
    13433.,  -334223.
    13434.,  -334223.
    13435.,  -334223.
    13436.,  -334223.
    13437.,  -334191.
    13438.,  -334191.
    13439.,  -330913.
    13440.,  -334159.
    13441.,  -334159.
    13442.,  -330865.
    13443.,  -334127.
    13444.,  -334127.
    13445.,  -334127.
    13446.,  -334119.
    13447.,  -334119.
    13448.,  -334119.
    13449.,  -334143.
    13450.,  -334143.
    13451.,  -334143.
    13452.,  -334175.
    13453.,  -334175.
    13454.,  -334175.
    13455.,  -334207.
    13456.,  -334207.
    13457.,  -334207.
    13458.,  -334239.
    13459.,  -334239.
    13460.,  -334239.
    13461.,  -334271.
    13462.,  -334271.
    13463.,  -334271.
    13464.,  -334303.
    13465.,  -334303.
    13466.,  -334303.
    13467.,  -334303.
    13468.,  -337509.
    13469.,  -337509.
    13470.,  -338189.
    13471.,  -338189.
    13472.,  -334999.
    13473.,  -334999.
    13474.,  -338189.
    13475.,  -340699.
    13476.,  -340699.
    13477.,  -340699.
    13478.,  -340699.
    13479.,  -340699.
    13480.,  -340699.
    13481.,  -340699.
    13482.,  -340699.
    13483.,  -340699.
    13484.,  -339501.
    13485.,  -340699.
    13486.,  -340699.
    13487.,  -340699.
    13488.,  -339501.
    13489.,  -340699.
    13490.,  -340699.
    13491.,  -340699.
    13492.,  -340699.
    13493.,  -340699.
    13494.,  -340699.
    13495.,  -340699.
    13496.,  -340699.
    13497.,  -340699.
    13498.,  -340699.
    13499.,  -340699.
    13500.,  -340699.
    13501.,  -339501.
    13502.,  -340699.
    13503.,  -340699.
    13504.,  -340699.
    13505.,  -340699.
    13506.,  -340699.
    13507.,  -339501.
    13508.,  -340699.
    13509.,  -340699.
    13510.,  -340699.
    13511.,  -340699.
    13512.,  -340699.
    13513.,  -340699.
    13514.,  -340699.
    13515.,  -340699.
    13516.,  -340699.
    13517.,  -340699.
    13518.,  -340699.
    13519.,  -340699.
    13520.,  -339501.
    13521.,  -340699.
    13522.,  -340699.
    13523.,  -340699.
    13524.,  -340699.
    13525.,  -340699.
    13526.,  -340699.
    13527.,  -340699.
    13528.,  -339501.
    13529.,  -340699.
    13530.,  -340699.
    13531.,  -340699.
    13532.,  -340699.
    13533.,  -340699.
    13534.,  -340699.
    13535.,  -340699.
    13536.,  -340699.
    13537.,  -340699.
    13538.,  -340699.
    13539.,  -340699.
    13540.,  -340699.
    13541.,  -340699.
    13542.,  -340699.
    13543.,  -339501.
    13544.,  -340699.
    13545.,  -340699.
    13546.,  -340699.
    13547.,  -340699.
    13548.,  -340699.
    13549.,  -340699.
    13550.,  -340699.
    13551.,  -340699.
    13552.,  -340699.
    13553.,  -339501.
    13554.,  -340699.
    13555.,  -340699.
    13556.,  -340699.
    13557.,  -340699.
    13558.,  -340699.
    13559.,  -340699.
    13560.,  -340699.
    13561.,  -340699.
    13562.,  -340699.
    13563.,  -340699.
    13564.,  -340699.
    13565.,  -340699.
    13566.,  -340699.
    13567.,  -340699.
    13568.,  -339501.
    13569.,  -340699.
    13570.,  -340699.
    13571.,  -340699.
    13572.,  -340699.
    13573.,  -340699.
    13574.,  -340699.
    13575.,  -340699.
    13576.,  -340699.
    13577.,  -340699.
    13578.,  -339501.
    13579.,  -340699.
    13580.,  -340699.
    13581.,  -340699.
    13582.,  -340699.
    13583.,  -340699.
    13584.,  -340699.
    13585.,  -340699.
    13586.,  -340699.
    13587.,  -340699.
    13588.,  -340699.
    13589.,  -340699.
    13590.,  -340699.
    13591.,  -340699.
    13592.,  -340699.
    13593.,  -339501.
    13594.,  -340699.
    13595.,  -340699.
    13596.,  -340699.
    13597.,  -340699.
    13598.,  -340699.
    13599.,  -340699.
    13600.,  -340699.
    13601.,  -340699.
    13602.,  -340699.
    13603.,  -339501.
    13604.,  -340699.
    13605.,  -340699.
    13606.,  -340699.
    13607.,  -340699.
    13608.,  -340699.
    13609.,  -340699.
    13610.,  -340699.
    13611.,  -340699.
    13612.,  -340699.
    13613.,  -340699.
    13614.,  -340699.
    13615.,  -340699.
    13616.,  -339501.
    13617.,  -340699.
    13618.,  -340699.
    13619.,  -340699.
    13620.,  -340699.
    13621.,  -340699.
    13622.,  -340699.
    13623.,  -340699.
    13624.,  -339501.
    13625.,  -340699.
    13626.,  -340699.
    13627.,  -340699.
    13628.,  -340699.
    13629.,  -340699.
    13630.,  -340699.
    13631.,  -340699.
    13632.,  -340699.
    13633.,  -340699.
    13634.,  -340699.
    13635.,  -339501.
    13636.,  -340699.
    13637.,  -340699.
    13638.,  -340699.
    13639.,  -340699.
    13640.,  -340699.
    13641.,  -339501.
    13642.,  -340699.
    13643.,  -340699.
    13644.,  -340699.
    13645.,  -340699.
    13646.,  -340699.
    13647.,  -340699.
    13648.,  -340699.
    13649.,  -340699.
    13650.,  -340699.
    13651.,  -340699.
    13652.,  -339501.
    13653.,  -340699.
    13654.,  -340699.
    13655.,  -340699.
    13656.,  -339501.
    13657.,  -340699.
    13658.,  -340699.
    13659.,  -340699.
    13660.,  -340699.
    13661.,  -340699.
    13662.,  -340699.
    13663.,  -337501.
    13664.,  -337501.
    13665.,  -340699.
    13666.,  -340699.
    13667.,  -339049.
    13668.,  -337501.
    13669.,  -340699.
    13670.,  -340699.
    13671.,  -340699.
    13672.,  -340699.
    13673.,  -340699.
    13674.,  -340699.
    13675.,  -340699.
    13676.,  -340699.
    13677.,  -340699.
    13678.,  -337501.
    13679.,  -337501.
    13680.,  -337501.
    13681.,  -337501.
    13682.,  -337485.
    13683.,  -337485.
    13684.,  -337485.
    13685.,  -340699.
    13686.,  -340699.
    13687.,  -340699.
    13688.,  -340699.
    13689.,  -340699.
    13690.,  -340699.
    13691.,  -340699.
    13692.,  -337485.
    13693.,  -334287.
    13694.,  -337469.
    13695.,  -340699.
    13696.,  -340699.
    13697.,  -340699.
    13698.,  -340699.
    13699.,  -340699.
    13700.,  -340699.
    13701.,  -340699.
    13702.,  -340699.
    13703.,  -337469.
    13704.,  -334223.
    13705.,  -334223.
    13706.,  -334191.
    13707.,  -337453.
    13708.,  -340699.
    13709.,  -340699.
    13710.,  -340699.
    13711.,  -340699.
    13712.,  -340699.
    13713.,  -340699.
    13714.,  -340699.
    13715.,  -340699.
    13716.,  -337437.
    13717.,  -334191.
    13718.,  -340699.
    13719.,  -340699.
    13720.,  -340699.
    13721.,  -340699.
    13722.,  -340699.
    13723.,  -340699.
    13724.,  -337477.
    13725.,  -334239.
    13726.,  -334239.
    13727.,  -334239.
    13728.,  -340699.
    13729.,  -340699.
    13730.,  -340699.
    13731.,  -340699.
    13732.,  -340699.
    13733.,  -340699.
    13734.,  -340699.
    13735.,  -340699.
    13736.,  -340699.
    13737.,  -340699.
    13738.,  -337509.
    13739.,  -337509.
    13740.,  -337509.
    13741.,  -337509.
    13742.,  -340699.
    13743.,  -340699.
    13744.,  -337509.
    13745.,  -337509.
    13746.,  -334303.
    13747.,  -334303.
    13748.,  -334303.
    13749.,  -340699.
    13750.,  -337493.
    13751.,  -337493.
    13752.,  -334303.
    13753.,  -337509.
    13754.,  -337509.
    13755.,  -337509.
    13756.,  -340699.
    13757.,  -340699.
    13758.,  -340699.
    13759.,  -340699.
    13760.,  -337493.
    13761.,  -340699.
    13762.,  -340699.
    13763.,  -340699.
    13764.,  -340699.
    13765.,  -337493.
    13766.,  -337493.
    13767.,  -337493.
    13768.,  -340699.
    13769.,  -340699.
    13770.,  -334271.
    13771.,  -334271.
    13772.,  -334271.
    13773.,  -340699.
    13774.,  -340699.
    13775.,  -337477.
    13776.,  -334239.
    13777.,  -334303.
    13778.,  -337493.
    13779.,  -340699.
    13780.,  -340699.
    13781.,  -340699.
    13782.,  -334239.
    13783.,  -334207.
    13784.,  -334207.
    13785.,  -340699.
    13786.,  -337461.
    13787.,  -334207.
    13788.,  -334207.
    13789.,  -334239.
    13790.,  -334239.
    13791.,  -334239.
    13792.,  -340699.
    13793.,  -340699.
    13794.,  -340699.
    13795.,  -340699.
    13796.,  -337445.
    13797.,  -340699.
    13798.,  -340699.
    13799.,  -340699.
    13800.,  -340699.
    13801.,  -334207.
    13802.,  -334207.
    13803.,  -337461.
    13804.,  -340699.
    13805.,  -340699.
    13806.,  -334175.
    13807.,  -334175.
    13808.,  -334175.
    13809.,  -340699.
    13810.,  -340699.
    13811.,  -337429.
    13812.,  -334143.
    13813.,  -334207.
    13814.,  -337445.
    13815.,  -340699.
    13816.,  -340699.
    13817.,  -340699.
    13818.,  -340699.
    13819.,  -340699.
    13820.,  -340699.
    13821.,  -340699.
    13822.,  -340699.
    13823.,  -334143.
    13824.,  -334143.
    13825.,  -340699.
    13826.,  -340699.
    13827.,  -340699.
    13828.,  -340699.
    13829.,  -334143.
    13830.,  -337429.
    13831.,  -340699.
    13832.,  -340699.
    13833.,  -340699.
    13834.,  -334143.
    13835.,  -334143.
    13836.,  -330849.
    13837.,  -334119.
    13838.,  -340699.
    13839.,  -340699.
    13840.,  -340699.
    13841.,  -334119.
    13842.,  -334119.
    13843.,  -340699.
    13844.,  -340699.
    13845.,  -340699.
    13846.,  -340699.
    13847.,  -340699.
    13848.,  -340699.
    13849.,  -340699.
    13850.,  -340699.
    13851.,  -340699.
    13852.,  -340699.
    13853.,  -340699.
    13854.,  -340699.
    13855.,  -340699.
    13856.,  -340699.
    13857.,  -340699.
    13858.,  -340699.
    13859.,  -340699.
    13860.,  -340699.
    13861.,  -340699.
    13862.,  -340699.
    13863.,  -340699.
    13864.,  -340699.
    13865.,  -340699.
    13866.,  -340699.
    13867.,  -340699.
    13868.,  -340699.
    13869.,  -340699.
    13870.,  -340699.
    13871.,  -340699.
    13872.,  -340699.
    13873.,  -340699.
    13874.,  -340699.
    13875.,  -340699.
    13876.,  -340699.
    13877.,  -340699.
    13878.,  -340699.
    13879.,  -340699.
    13880.,  -340699.
    13881.,  -340699.
    13882.,  -340699.
    13883.,  -340699.
    13884.,  -340699.
    13885.,  -340699.
    13886.,  -340699.
    13887.,  -340699.
    13888.,  -340699.
    13889.,  -340699.
    13890.,  -340699.
    13891.,  -340699.
    13892.,  -340699.
    13893.,  -340699.
    13894.,  -340699.
    13895.,  -340699.
    13896.,  -340699.
    13897.,  -340699.
    13898.,  -340699.
    13899.,  -340699.
    13900.,  -340699.
    13901.,  -340699.
    13902.,  -340699.
    13903.,  -340699.
    13904.,  -340699.
    13905.,  -340699.
    13906.,  -340699.
    13907.,  -340699.
    13908.,  -340699.
    13909.,  -340699.
    13910.,  -340699.
    13911.,  -340699.
    13912.,  -340699.
    13913.,  -340699.
    13914.,  -340699.
    13915.,  -340699.
    13916.,  -340699.
    13917.,  -340699.
    13918.,  -340699.
    13919.,  -340699.
    13920.,  -340699.
    13921.,  -340699.
    13922.,  -340699.
    13923.,  -340699.
    13924.,  -340699.
    13925.,  -340699.
    13926.,  -340699.
    13927.,  -340699.
    13928.,  -340699.
    13929.,  -340699.
    13930.,  -340699.
    13931.,  -340699.
    13932.,  -340699.
    13933.,  -340699.
    13934.,  -340699.
    13935.,  -340699.
    13936.,  -340699.
    13937.,  -340699.
    13938.,  -340699.
    13939.,  -340699.
    13940.,  -340699.
    13941.,  -340699.
    13942.,  -340699.
    13943.,  -340699.
    13944.,  -340699.
    13945.,  -340699.
    13946.,  -340699.
    13947.,  -340699.
    13948.,  -340699.
    13949.,  -340699.
    13950.,  -340699.
    13951.,  -340699.
    13952.,  -340699.
    13953.,  -340699.
    13954.,  -340699.
    13955.,  -340699.
    13956.,  -340699.
    13957.,  -340699.
    13958.,  -340699.
    13959.,  -340699.
    13960.,  -340699.
    13961.,  -340699.
    13962.,  -340699.
    13963.,  -340699.
    13964.,  -340699.
    13965.,  -340699.
    13966.,  -340699.
    13967.,  -340699.
    13968.,  -340699.
    13969.,  -340699.
    13970.,  -340699.
    13971.,  -340699.
    13972.,  -340699.
    13973.,  -340699.
    13974.,  -340699.
    13975.,  -340699.
    13976.,  -340699.
    13977.,  -340699.
    13978.,  -340699.
    13979.,  -340699.
    13980.,  -340699.
    13981.,  -340699.
    13982.,  -340699.
    13983.,  -340699.
    13984.,  -340699.
    13985.,  -340699.
    13986.,  -340699.
    13987.,  -340699.
    13988.,  -340699.
    13989.,  -340699.
    13990.,  -340699.
    13991.,  -340699.
    13992.,  -340699.
    13993.,  -340699.
    13994.,  -340699.
    13995.,  -340699.
    13996.,  -340699.
    13997.,  -340699.
    13998.,  -340699.
    13999.,  -340699.
    14000.,  -340699.
    14001.,  -340699.
    14002.,  -340699.
    14003.,  -340699.
    14004.,  -340699.
    14005.,  -340699.
    14006.,  -340699.
    14007.,  -340699.
    14008.,  -340699.
    14009.,  -340699.
    14010.,  -340699.
    14011.,  -340699.
    14012.,  -340699.
    14013.,  -340699.
    14014.,  -340699.
    14015.,  -340699.
    14016.,  -340699.
    14017.,  -340699.
    14018.,  -340699.
    14019.,  -340699.
    14020.,  -340699.
    14021.,  -340699.
    14022.,  -339049.
    14023.,  -340699.
    14024.,  -340699.
    14025.,  -340699.
    14026.,  -340699.
    14027.,  -340699.
    14028.,  -340699.
    14029.,  -340699.
    14030.,  -340699.
    14031.,  -340699.
    14032.,  -339501.
    14033.,  -339501.
    14034.,  -340699.
    14035.,  -340699.
    14036.,  -340699.
    14037.,  -340699.
    14038.,  -340699.
    14039.,  -340699.
    14040.,  -340699.
    14041.,  -340699.
    14042.,  -340699.
    14043.,  -340699.
    14044.,  -340699.
    14045.,  -340699.
    14046.,  -340699.
    14047.,  -340699.
    14048.,  -340699.
    14049.,  -339501.
    14050.,  -339501.
    14051.,  -340699.
    14052.,  -340699.
    14053.,  -340699.
    14054.,  -340699.
    14055.,  -340699.
    14056.,  -340699.
    14057.,  -340699.
    14058.,  -340699.
    14059.,  -340699.
    14060.,  -340699.
    14061.,  -340699.
    14062.,  -340699.
    14063.,  -340699.
    14064.,  -340699.
    14065.,  -340699.
    14066.,  -340699.
    14067.,  -340699.
    14068.,  -339501.
    14069.,  -339501.
    14070.,  -340699.
    14071.,  -340699.
    14072.,  -340699.
    14073.,  -340699.
    14074.,  -340699.
    14075.,  -340699.
    14076.,  -340699.
    14077.,  -340699.
    14078.,  -340699.
    14079.,  -340699.
    14080.,  -340699.
    14081.,  -340699.
    14082.,  -340699.
    14083.,  -340699.
    14084.,  -340699.
    14085.,  -340699.
    14086.,  -340699.
    14087.,  -340699.
    14088.,  -340699.
    14089.,  -340699.
    14090.,  -340699.
    14091.,  -339501.
    14092.,  -339501.
    14093.,  -340699.
    14094.,  -340699.
    14095.,  -340699.
    14096.,  -340699.
    14097.,  -340699.
    14098.,  -340699.
    14099.,  -340699.
    14100.,  -340699.
    14101.,  -340699.
    14102.,  -340699.
    14103.,  -340699.
    14104.,  -340699.
    14105.,  -340699.
    14106.,  -340699.
    14107.,  -340699.
    14108.,  -340699.
    14109.,  -340699.
    14110.,  -340699.
    14111.,  -340699.
    14112.,  -340699.
    14113.,  -340699.
    14114.,  -340699.
    14115.,  -340699.
    14116.,  -339501.
    14117.,  -339501.
    14118.,  -340699.
    14119.,  -340699.
    14120.,  -340699.
    14121.,  -340699.
    14122.,  -340699.
    14123.,  -340699.
    14124.,  -340699.
    14125.,  -340699.
    14126.,  -340699.
    14127.,  -340699.
    14128.,  -340699.
    14129.,  -340699.
    14130.,  -340699.
    14131.,  -340699.
    14132.,  -340699.
    14133.,  -340699.
    14134.,  -340699.
    14135.,  -340699.
    14136.,  -340699.
    14137.,  -340699.
    14138.,  -340699.
    14139.,  -340699.
    14140.,  -340699.
    14141.,  -339501.
    14142.,  -339501.
    14143.,  -340699.
    14144.,  -340699.
    14145.,  -340699.
    14146.,  -340699.
    14147.,  -340699.
    14148.,  -340699.
    14149.,  -340699.
    14150.,  -340699.
    14151.,  -340699.
    14152.,  -340699.
    14153.,  -340699.
    14154.,  -340699.
    14155.,  -340699.
    14156.,  -340699.
    14157.,  -340699.
    14158.,  -340699.
    14159.,  -340699.
    14160.,  -340699.
    14161.,  -340699.
    14162.,  -340699.
    14163.,  -340699.
    14164.,  -339501.
    14165.,  -339501.
    14166.,  -340699.
    14167.,  -340699.
    14168.,  -340699.
    14169.,  -340699.
    14170.,  -340699.
    14171.,  -340699.
    14172.,  -340699.
    14173.,  -340699.
    14174.,  -340699.
    14175.,  -340699.
    14176.,  -340699.
    14177.,  -340699.
    14178.,  -340699.
    14179.,  -340699.
    14180.,  -340699.
    14181.,  -340699.
    14182.,  -340699.
    14183.,  -339501.
    14184.,  -339501.
    14185.,  -340699.
    14186.,  -340699.
    14187.,  -340699.
    14188.,  -340699.
    14189.,  -340699.
    14190.,  -340699.
    14191.,  -340699.
    14192.,  -340699.
    14193.,  -340699.
    14194.,  -340699.
    14195.,  -340699.
    14196.,  -340699.
    14197.,  -340699.
    14198.,  -340699.
    14199.,  -340699.
    14200.,  -339501.
    14201.,  -339501.
    14202.,  -340699.
    14203.,  -340699.
    14204.,  -340699.
    14205.,  -340699.
    14206.,  -340699.
    14207.,  -338189.
    14208.,  -340699.
    14209.,  -340699.
    14210.,  -340699.
    14211.,  -340699.
    14212.,  -338189.
    14213.,  -338189.
    14214.,  -338189.
    14215.,  -338189.
    14216.,  -340699.
    14217.,  -340699.
    14218.,  -340699.
    14219.,  -340699.
    14220.,  -340699.
    14221.,  -340699.
    14222.,  -340699.
    14223.,  -340699.
    14224.,  -340699.
    14225.,  -340699.
    14226.,  -340699.
    14227.,  -340699.
    14228.,  -340699.
    14229.,  -340699.
    14230.,  -340699.
    14231.,  -340699.
    14232.,  -340699.
    14233.,  -340699.
    14234.,  -340699.
    14235.,  -340699.
    14236.,  -340699.
    14237.,  -340699.
    14238.,  -340699.
    14239.,  -340699.
    14240.,  -340699.
    14241.,  -340699.
    14242.,  -340699.
    14243.,  -340699.
    14244.,  -340699.
    14245.,  -340699.
    14246.,  -340699.
    14247.,  -340699.
    14248.,  -340699.
    14249.,  -340699.
    14250.,  -340699.
    14251.,  -340699.
    14252.,  -340699.
    14253.,  -340699.
    14254.,  -340699.
    14255.,  -340699.
    14256.,  -340699.
    14257.,  -340699.
    14258.,  -340699.
    14259.,  -340699.
    14260.,  -340699.
    14261.,  -340699.
    14262.,  -340699.
    14263.,  -340699.
    14264.,  -340699.
    14265.,  -340699.
    14266.,  -340699.
    14267.,  -340699.
    14268.,  -340699.
    14269.,  -340699.
    14270.,  -340699.
    14271.,  -340699.
    14272.,  -340699.
    14273.,  -340699.
    14274.,  -340699.
    14275.,  -340699.
    14276.,  -340699.
    14277.,  -340699.
    14278.,  -340699.
    14279.,  -340699.
    14280.,  -340699.
    14281.,  -340699.
    14282.,  -340699.
    14283.,  -340699.
    14284.,  -340699.
    14285.,  -340699.
    14286.,  -340699.
    14287.,  -340699.
    14288.,  -340699.
    14289.,  -340699.
    14290.,  -340699.
    14291.,  -340699.
    14292.,  -340699.
    14293.,  -340699.
    14294.,  -340699.
    14295.,  -340699.
    14296.,  -340699.
    14297.,  -340699.
    14298.,  -340699.
    14299.,  -340699.
    14300.,  -340699.
    14301.,  -340699.
    14302.,  -340699.
    14303.,  -340699.
    14304.,  -340699.
    14305.,  -340699.
    14306.,  -340699.
    14307.,  -340699.
    14308.,  -340699.
    14309.,  -340699.
    14310.,  -340699.
    14311.,  -340699.
    14312.,  -340699.
    14313.,  -340699.
    14314.,  -340699.
    14315.,  -340699.
    14316.,  -340699.
    14317.,  -340699.
    14318.,  -340699.
    14319.,  -340699.
    14320.,  -340699.
    14321.,  -340699.
    14322.,  -340699.
    14323.,  -340699.
    14324.,  -340699.
    14325.,  -340699.
    14326.,  -340699.
    14327.,  -340699.
    14328.,  -340699.
    14329.,  -340699.
    14330.,  -340699.
    14331.,  -340699.
    14332.,  -340699.
    14333.,  -340699.
    14334.,  -340699.
    14335.,  -340699.
    14336.,  -340699.
    14337.,  -340699.
    14338.,  -340699.
    14339.,  -340699.
    14340.,  -340699.
    14341.,  -340699.
    14342.,  -340699.
    14343.,  -340699.
    14344.,  -340699.
    14345.,  -340699.
    14346.,  -340699.
    14347.,  -340697.
    14348.,  -340697.
    14349.,  -340697.
    14350.,  -340697.
    14351.,  -340697.
    14352.,  -340697.
    14353.,  -340697.
    14354.,  -340697.
    14355.,  -340697.
    14356.,  -340697.
    14357.,  -340697.
    14358.,  -340697.
    14359.,  -340697.
    14360.,  -340697.
    14361.,  -340697.
    14362.,  -340697.
    14363.,  -340697.
    14364.,  -340697.
    14365.,  -340697.
    14366.,  -340697.
    14367.,  -340697.
    14368.,  -340697.
    14369.,  -340697.
    14370.,  -340697.
    14371.,  -340697.
    14372.,  -340697.
    14373.,  -340697.
    14374.,  -340697.
    14375.,  -340697.
    14376.,  -340697.
    14377.,  -340697.
    14378.,  -340697.
    14379.,  -340697.
    14380.,  -340697.
    14381.,  -340697.
    14382.,  -340697.
    14383.,  -340697.
    14384.,  -340697.
    14385.,  -340697.
    14386.,  -340697.
    14387.,  -340697.
    14388.,  -340697.
    14389.,  -340697.
    14390.,  -340697.
    14391.,  -340697.
    14392.,  -340697.
    14393.,  -340697.
    14394.,  -340697.
    14395.,  -340697.
    14396.,  -340697.
    14397.,  -340697.
    14398.,  -340697.
    14399.,  -340697.
    14400.,  -340697.
    14401.,  -340697.
    14402.,  -340697.
    14403.,  -340697.
    14404.,  -340697.
    14405.,  -340697.
    14406.,  -340697.
    14407.,  -340697.
    14408.,  -340697.
    14409.,  -340697.
    14410.,  -340697.
    14411.,  -340697.
    14412.,  -340697.
    14413.,  -340697.
    14414.,  -340697.
    14415.,  -340697.
    14416.,  -340697.
    14417.,  -340697.
    14418.,  -340697.
    14419.,  -340697.
    14420.,  -340697.
    14421.,  -340697.
    14422.,  -340697.
    14423.,  -340697.
    14424.,  -340697.
    14425.,  -340697.
    14426.,  -340697.
    14427.,  -340697.
    14428.,  -340697.
    14429.,  -340697.
    14430.,  -340697.
    14431.,  -340697.
    14432.,  -340697.
    14433.,  -340697.
    14434.,  -340697.
    14435.,  -340697.
    14436.,  -340697.
    14437.,  -340697.
    14438.,  -340697.
    14439.,  -340697.
    14440.,  -340697.
    14441.,  -340697.
    14442.,  -340697.
    14443.,  -340697.
    14444.,  -340697.
    14445.,  -340697.
    14446.,  -340697.
    14447.,  -340697.
    14448.,  -340697.
    14449.,  -340697.
    14450.,  -340697.
    14451.,  -340697.
    14452.,  -340697.
    14453.,  -340697.
    14454.,  -340697.
    14455.,  -340697.
    14456.,  -340697.
    14457.,  -340697.
    14458.,  -340697.
    14459.,  -340697.
    14460.,  -340697.
    14461.,  -340697.
    14462.,  -340697.
    14463.,  -340697.
    14464.,  -340697.
    14465.,  -340697.
    14466.,  -340697.
    14467.,  -340697.
    14468.,  -340697.
    14469.,  -340697.
    14470.,  -340697.
    14471.,  -340697.
    14472.,  -340697.
    14473.,  -340697.
    14474.,  -340697.
    14475.,  -340697.
    14476.,  -340697.
    14477.,  -340697.
    14478.,  -340697.
    14479.,  -340697.
    14480.,  -340697.
    14481.,  -340697.
    14482.,  -340697.
    14483.,  -340697.
    14484.,  -340697.
    14485.,  -340697.
    14486.,  -340697.
    14487.,  -340697.
    14488.,  -340697.
    14489.,  -340697.
    14490.,  -340697.
    14491.,  -340697.
    14492.,  -340697.
    14493.,  -340697.
    14494.,  -340697.
    14495.,  -340697.
    14496.,  -340697.
    14497.,  -340697.
    14498.,  -340697.
    14499.,  -340697.
    14500.,  -340697.
    14501.,  -340697.
    14502.,  -340697.
    14503.,  -340697.
    14504.,  -340697.
    14505.,  -340697.
    14506.,  -340697.
    14507.,  -340697.
    14508.,  -340697.
    14509.,  -340697.
    14510.,  -340697.
    14511.,  -340697.
    14512.,  -340697.
    14513.,  -340697.
    14514.,  -340697.
    14515.,  -340697.
    14516.,  -340697.
    14517.,  -340697.
    14518.,  -340697.
    14519.,  -340697.
    14520.,  -340697.
    14521.,  -340697.
    14522.,  -340697.
    14523.,  -340697.
    14524.,  -340697.
    14525.,  -340697.
    14526.,  -340697.
    14527.,  -340697.
    14528.,  -340697.
    14529.,  -340697.
    14530.,  -340697.
    14531.,  -340697.
    14532.,  -340697.
    14533.,  -340697.
    14534.,  -340697.
    14535.,  -340697.
    14536.,  -340697.
    14537.,  -340697.
    14538.,  -340697.
    14539.,  -340697.
    14540.,  -340697.
    14541.,  -340697.
    14542.,  -340697.
    14543.,  -340697.
    14544.,  -340697.
    14545.,  -340697.
    14546.,  -340697.
    14547.,  -340697.
    14548.,  -340697.
    14549.,  -340697.
    14550.,  -340697.
    14551.,  -340697.
    14552.,  -340697.
    14553.,  -340697.
    14554.,  -340697.
    14555.,  -340697.
    14556.,  -340697.
    14557.,  -340697.
    14558.,  -340697.
    14559.,  -340697.
    14560.,  -340697.
    14561.,  -340697.
    14562.,  -340697.
    14563.,  -340697.
    14564.,  -340697.
    14565.,  -340697.
    14566.,  -340697.
    14567.,  -340697.
    14568.,  -340697.
    14569.,  -340697.
    14570.,  -340697.
    14571.,  -340697.
    14572.,  -340697.
    14573.,  -340697.
    14574.,  -340697.
    14575.,  -340697.
    14576.,  -340697.
    14577.,  -340697.
    14578.,  -340697.
    14579.,  -340697.
    14580.,  -340697.
    14581.,  -340697.
    14582.,  -340697.
    14583.,  -340697.
    14584.,  -340697.
    14585.,  -340697.
    14586.,  -340697.
    14587.,  -340697.
    14588.,  -340697.
    14589.,  -340697.
    14590.,  -340697.
    14591.,  -340697.
    14592.,  -340697.
    14593.,  -340697.
    14594.,  -339491.
    14595.,  -339491.
    14596.,  -339491.
    14597.,  -339491.
    14598.,  -339491.
    14599.,  -339491.
    14600.,  -339491.
    14601.,  -339491.
    14602.,  -339491.
    14603.,  -339491.
    14604.,  -339491.
    14605.,  -339491.
    14606.,  -339491.
    14607.,  -339491.
    14608.,  -340697.
    14609.,  -340697.
    14610.,  -340697.
    14611.,  -340697.
    14612.,  -340697.
    14613.,  -340697.
    14614.,  -340697.
    14615.,  -340697.
    14616.,  -340697.
    14617.,  -340697.
    14618.,  -339491.
    14619.,  -340697.
    14620.,  -340697.
    14621.,  -340697.
    14622.,  -340697.
    14623.,  -340697.
    14624.,  -340697.
    14625.,  -340697.
    14626.,  -340697.
    14627.,  -340697.
    14628.,  -340697.
    14629.,  -340697.
    14630.,  -340697.
    14631.,  -340697.
    14632.,  -340697.
    14633.,  -340697.
    14634.,  -340697.
    14635.,  -340697.
    14636.,  -340697.
    14637.,  -340697.
    14638.,  -340697.
    14639.,  -339491.
    14640.,  -340697.
    14641.,  -340697.
    14642.,  -340697.
    14643.,  -340697.
    14644.,  -340697.
    14645.,  -340697.
    14646.,  -340697.
    14647.,  -340697.
    14648.,  -340697.
    14649.,  -340697.
    14650.,  -339491.
    14651.,  -339491.
    14652.,  -339491.
    14653.,  -339491.
    14654.,  -339491.
    14655.,  -339491.
    14656.,  -339491.
    14657.,  -339491.
    14658.,  -339491.
    14659.,  -339491.
    14660.,  -339491.
    14661.,  -339491.
    14662.,  -339491.
    14663.,  -339491.
    14664.,  -340697.
    14665.,  -340697.
    14666.,  -340697.
    14667.,  -340697.
    14668.,  -340697.
    14669.,  -340697.
    14670.,  -340697.
    14671.,  -340697.
    14672.,  -340697.
    14673.,  -340697.
    14674.,  -340697.
    14675.,  -340697.
    14676.,  -340697.
    14677.,  -340695.
    14678.,  -340695.
    14679.,  -340695.
    14680.,  -340695.
    14681.,  -340695.
    14682.,  -340695.
    14683.,  -340695.
    14684.,  -340695.
    14685.,  -340695.
    14686.,  -340695.
    14687.,  -340695.
    14688.,  -340695.
    14689.,  -340695.
    14690.,  -340695.
    14691.,  -340695.
    14692.,  -340695.
    14693.,  -340695.
    14694.,  -340695.
    14695.,  -340695.
    14696.,  -340695.
    14697.,  -340695.
    14698.,  -340695.
    14699.,  -340695.
    14700.,  -340695.
    14701.,  -340695.
    14702.,  -340695.
    14703.,  -340695.
    14704.,  -340695.
    14705.,  -340695.
    14706.,  -340695.
    14707.,  -340695.
    14708.,  -340695.
    14709.,  -340695.
    14710.,  -340695.
    14711.,  -340695.
    14712.,  -340695.
    14713.,  -340695.
    14714.,  -340695.
    14715.,  -340695.
    14716.,  -340695.
    14717.,  -340695.
    14718.,  -340695.
    14719.,  -340695.
    14720.,  -340695.
    14721.,  -340695.
    14722.,  -340695.
    14723.,  -340695.
    14724.,  -340695.
    14725.,  -340695.
    14726.,  -340695.
    14727.,  -340695.
    14728.,  -340695.
    14729.,  -340695.
    14730.,  -340695.
    14731.,  -340695.
    14732.,  -340695.
    14733.,  -340695.
    14734.,  -340695.
    14735.,  -340695.
    14736.,  -340695.
    14737.,  -340695.
    14738.,  -340695.
    14739.,  -340695.
    14740.,  -340695.
    14741.,  -340695.
    14742.,  -340695.
    14743.,  -340695.
    14744.,  -340695.
    14745.,  -340695.
    14746.,  -340695.
    14747.,  -340695.
    14748.,  -340695.
    14749.,  -340695.
    14750.,  -340695.
    14751.,  -340695.
    14752.,  -340695.
    14753.,  -340695.
    14754.,  -340695.
    14755.,  -340695.
    14756.,  -340695.
    14757.,  -340695.
    14758.,  -340695.
    14759.,  -340695.
    14760.,  -340695.
    14761.,  -340695.
    14762.,  -340695.
    14763.,  -340695.
    14764.,  -340695.
    14765.,  -340695.
    14766.,  -340695.
    14767.,  -340695.
    14768.,  -340695.
    14769.,  -340695.
    14770.,  -340695.
    14771.,  -340695.
    14772.,  -340695.
    14773.,  -340695.
    14774.,  -340695.
    14775.,  -340695.
    14776.,  -340695.
    14777.,  -340695.
    14778.,  -340695.
    14779.,  -340695.
    14780.,  -340695.
    14781.,  -340695.
    14782.,  -340695.
    14783.,  -340695.
    14784.,  -340695.
    14785.,  -340695.
    14786.,  -340695.
    14787.,  -340695.
    14788.,  -340695.
    14789.,  -340695.
    14790.,  -340695.
    14791.,  -340695.
    14792.,  -340695.
    14793.,  -340695.
    14794.,  -340695.
    14795.,  -340695.
    14796.,  -340695.
    14797.,  -340695.
    14798.,  -340695.
    14799.,  -340695.
    14800.,  -340695.
    14801.,  -340695.
    14802.,  -340695.
    14803.,  -340695.
    14804.,  -340695.
    14805.,  -340695.
    14806.,  -340695.
    14807.,  -340695.
    14808.,  -340695.
    14809.,  -340695.
    14810.,  -340695.
    14811.,  -340695.
    14812.,  -340695.
    14813.,  -340695.
    14814.,  -340695.
    14815.,  -340695.
    14816.,  -340695.
    14817.,  -340695.
    14818.,  -340695.
    14819.,  -340695.
    14820.,  -340695.
    14821.,  -340695.
    14822.,  -340695.
    14823.,  -340695.
    14824.,  -340695.
    14825.,  -340695.
    14826.,  -340695.
    14827.,  -340695.
    14828.,  -340695.
    14829.,  -340695.
    14830.,  -340695.
    14831.,  -340695.
    14832.,  -340695.
    14833.,  -340695.
    14834.,  -340695.
    14835.,  -340695.
    14836.,  -340695.
    14837.,  -340695.
    14838.,  -340695.
    14839.,  -340695.
    14840.,  -340695.
    14841.,  -340695.
    14842.,  -340695.
    14843.,  -340695.
    14844.,  -340695.
    14845.,  -340695.
    14846.,  -340695.
    14847.,  -340695.
    14848.,  -340695.
    14849.,  -340695.
    14850.,  -340695.
    14851.,  -340695.
    14852.,  -340695.
    14853.,  -340695.
    14854.,  -340695.
    14855.,  -340695.
    14856.,  -340695.
    14857.,  -340695.
    14858.,  -340695.
    14859.,  -340695.
    14860.,  -340695.
    14861.,  -340695.
    14862.,  -340695.
    14863.,  -340695.
    14864.,  -340695.
    14865.,  -340695.
    14866.,  -340695.
    14867.,  -340695.
    14868.,  -340695.
    14869.,  -340695.
    14870.,  -340695.
    14871.,  -340695.
    14872.,  -340695.
    14873.,  -340695.
    14874.,  -340695.
    14875.,  -340695.
    14876.,  -340695.
    14877.,  -340695.
    14878.,  -340695.
    14879.,  -340695.
    14880.,  -340695.
    14881.,  -340695.
    14882.,  -340695.
    14883.,  -340695.
    14884.,  -340695.
    14885.,  -340695.
    14886.,  -340695.
    14887.,  -340695.
    14888.,  -340695.
    14889.,  -340695.
    14890.,  -340695.
    14891.,  -340695.
    14892.,  -340695.
    14893.,  -340695.
    14894.,  -340695.
    14895.,  -340695.
    14896.,  -340695.
    14897.,  -340695.
    14898.,  -340695.
    14899.,  -340695.
    14900.,  -340695.
    14901.,  -340695.
    14902.,  -340695.
    14903.,  -340695.
    14904.,  -340695.
    14905.,  -340695.
    14906.,  -340695.
    14907.,  -340695.
    14908.,  -340695.
    14909.,  -340695.
    14910.,  -340695.
    14911.,  -339481.
    14912.,  -339481.
    14913.,  -339481.
    14914.,  -339481.
    14915.,  -339481.
    14916.,  -339481.
    14917.,  -339481.
    14918.,  -339481.
    14919.,  -339481.
    14920.,  -339481.
    14921.,  -339481.
    14922.,  -339481.
    14923.,  -339481.
    14924.,  -340695.
    14925.,  -340695.
    14926.,  -340695.
    14927.,  -340695.
    14928.,  -340695.
    14929.,  -340695.
    14930.,  -340695.
    14931.,  -340695.
    14932.,  -340695.
    14933.,  -340695.
    14934.,  -340695.
    14935.,  -340695.
    14936.,  -340695.
    14937.,  -339481.
    14938.,  -340695.
    14939.,  -340695.
    14940.,  -340695.
    14941.,  -340695.
    14942.,  -340695.
    14943.,  -340695.
    14944.,  -340695.
    14945.,  -340695.
    14946.,  -340695.
    14947.,  -340695.
    14948.,  -339481.
    14949.,  -340695.
    14950.,  -340695.
    14951.,  -340695.
    14952.,  -340695.
    14953.,  -340695.
    14954.,  -340695.
    14955.,  -340695.
    14956.,  -340695.
    14957.,  -340695.
    14958.,  -340695.
    14959.,  -340695.
    14960.,  -340695.
    14961.,  -340695.
    14962.,  -340695.
    14963.,  -340695.
    14964.,  -340695.
    14965.,  -340695.
    14966.,  -340695.
    14967.,  -340695.
    14968.,  -339481.
    14969.,  -340695.
    14970.,  -340695.
    14971.,  -340695.
    14972.,  -340695.
    14973.,  -340695.
    14974.,  -340695.
    14975.,  -340695.
    14976.,  -340695.
    14977.,  -340695.
    14978.,  -340695.
    14979.,  -339481.
    14980.,  -340695.
    14981.,  -340695.
    14982.,  -340695.
    14983.,  -340695.
    14984.,  -340695.
    14985.,  -340695.
    14986.,  -340695.
    14987.,  -340695.
    14988.,  -340695.
    14989.,  -340695.
    14990.,  -340695.
    14991.,  -340695.
    14992.,  -340695.
    14993.,  -340695.
    14994.,  -339481.
    14995.,  -339481.
    14996.,  -339481.
    14997.,  -339481.
    14998.,  -339481.
    14999.,  -339481.
    15000.,  -339481.
    15001.,  -339481.
    15002.,  -339481.
    15003.,  -339481.
    15004.,  -339481.
    15005.,  -339481.
    15006.,  -339481.
    15007.,  -339343.
    15008.,  -340693.
    15009.,  -340693.
    15010.,  -340693.
    15011.,  -340693.
    15012.,  -340693.
    15013.,  -340693.
    15014.,  -340693.
    15015.,  -339343.
    15016.,  -340693.
    15017.,  -340693.
    15018.,  -340693.
    15019.,  -340693.
    15020.,  -340693.
    15021.,  -340693.
    15022.,  -339463.
    15023.,  -339343.
    15024.,  -340693.
    15025.,  -340693.
    15026.,  -340693.
    15027.,  -340693.
    15028.,  -340693.
    15029.,  -340693.
    15030.,  -340693.
    15031.,  -340693.
    15032.,  -340693.
    15033.,  -339463.
    15034.,  -339463.
    15035.,  -340693.
    15036.,  -340693.
    15037.,  -340693.
    15038.,  -340693.
    15039.,  -340693.
    15040.,  -340693.
    15041.,  -340693.
    15042.,  -340693.
    15043.,  -340693.
    15044.,  -339463.
    15045.,  -339343.
    15046.,  -340693.
    15047.,  -340693.
    15048.,  -340693.
    15049.,  -340693.
    15050.,  -340693.
    15051.,  -339343.
    15052.,  -339343.
    15053.,  -339343.
    15054.,  -339343.
    15055.,  -339463.
    15056.,  -339463.
    15057.,  -339463.
    15058.,  -339463.
    15059.,  -340693.
    15060.,  -340693.
    15061.,  -340693.
    15062.,  -340693.
    15063.,  -340693.
    15064.,  -340693.
    15065.,  -340693.
    15066.,  -340693.
    15067.,  -340693.
    15068.,  -340693.
    15069.,  -340693.
    15070.,  -340693.
    15071.,  -340693.
    15072.,  -340693.
    15073.,  -340693.
    15074.,  -340693.
    15075.,  -340693.
    15076.,  -340693.
    15077.,  -340693.
    15078.,  -340693.
    15079.,  -340693.
    15080.,  -340693.
    15081.,  -340693.
    15082.,  -340693.
    15083.,  -340693.
    15084.,  -340693.
    15085.,  -340693.
    15086.,  -340693.
    15087.,  -340693.
    15088.,  -340693.
    15089.,  -340693.
    15090.,  -340693.
    15091.,  -340693.
    15092.,  -340693.
    15093.,  -340693.
    15094.,  -340693.
    15095.,  -339333.
    15096.,  -340691.
    15097.,  -340691.
    15098.,  -340691.
    15099.,  -340691.
    15100.,  -339109.
    15101.,  -340691.
    15102.,  -340691.
    15103.,  -340691.
    15104.,  -340691.
    15105.,  -340691.
    15106.,  -340691.
    15107.,  -339109.
    15108.,  -340691.
    15109.,  -340691.
    15110.,  -340691.
    15111.,  -340691.
    15112.,  -340691.
    15113.,  -340691.
    15114.,  -340691.
    15115.,  -340691.
    15116.,  -340691.
    15117.,  -339333.
    15118.,  -339109.
    15119.,  -340691.
    15120.,  -340691.
    15121.,  -340691.
    15122.,  -340691.
    15123.,  -340691.
    15124.,  -340691.
    15125.,  -340691.
    15126.,  -340691.
    15127.,  -340691.
    15128.,  -339333.
    15129.,  -340691.
    15130.,  -340691.
    15131.,  -340691.
    15132.,  -339109.
    15133.,  -340691.
    15134.,  -340691.
    15135.,  -340691.
    15136.,  -340691.
    15137.,  -340691.
    15138.,  -339333.
    15139.,  -339109.
    15140.,  -339109.
    15141.,  -339109.
    15142.,  -339109.
    15143.,  -339333.
    15144.,  -339333.
    15145.,  -339333.
    15146.,  -339333.
    15147.,  -340691.
    15148.,  -340691.
    15149.,  -340691.
    15150.,  -340691.
    15151.,  -340691.
    15152.,  -340691.
    15153.,  -340691.
    15154.,  -340691.
    15155.,  -340691.
    15156.,  -340691.
    15157.,  -340691.
    15158.,  -340691.
    15159.,  -340691.
    15160.,  -340691.
    15161.,  -340691.
    15162.,  -340691.
    15163.,  -340691.
    15164.,  -340691.
    15165.,  -340691.
    15166.,  -340691.
    15167.,  -340691.
    15168.,  -340691.
    15169.,  -340691.
    15170.,  -340691.
    15171.,  -340691.
    15172.,  -340691.
    15173.,  -340691.
    15174.,  -340691.
    15175.,  -340691.
    15176.,  -340691.
    15177.,  -340691.
    15178.,  -340691.
    15179.,  -340691.
    15180.,  -340691.
    15181.,  -340691.
    15182.,  -340691.
    15183.,  -338875.
    15184.,  -340689.
    15185.,  -340689.
    15186.,  -340689.
    15187.,  -340689.
    15188.,  -340689.
    15189.,  -340689.
    15190.,  -340689.
    15191.,  -340689.
    15192.,  -340689.
    15193.,  -340689.
    15194.,  -338875.
    15195.,  -339099.
    15196.,  -340689.
    15197.,  -340689.
    15198.,  -340689.
    15199.,  -340689.
    15200.,  -338875.
    15201.,  -340689.
    15202.,  -340689.
    15203.,  -340689.
    15204.,  -340689.
    15205.,  -340689.
    15206.,  -340689.
    15207.,  -340689.
    15208.,  -340689.
    15209.,  -340689.
    15210.,  -339099.
    15211.,  -340689.
    15212.,  -340689.
    15213.,  -340689.
    15214.,  -340689.
    15215.,  -340689.
    15216.,  -339099.
    15217.,  -338875.
    15218.,  -340689.
    15219.,  -340689.
    15220.,  -340689.
    15221.,  -340689.
    15222.,  -340689.
    15223.,  -340689.
    15224.,  -340689.
    15225.,  -340689.
    15226.,  -339099.
    15227.,  -338875.
    15228.,  -338875.
    15229.,  -338875.
    15230.,  -338875.
    15231.,  -339099.
    15232.,  -339099.
    15233.,  -339099.
    15234.,  -339099.
    15235.,  -340689.
    15236.,  -340689.
    15237.,  -340689.
    15238.,  -340689.
    15239.,  -340689.
    15240.,  -340689.
    15241.,  -340689.
    15242.,  -340689.
    15243.,  -340689.
    15244.,  -340689.
    15245.,  -340689.
    15246.,  -340689.
    15247.,  -340689.
    15248.,  -340689.
    15249.,  -340689.
    15250.,  -340689.
    15251.,  -340689.
    15252.,  -340689.
    15253.,  -340689.
    15254.,  -340689.
    15255.,  -340689.
    15256.,  -340689.
    15257.,  -340689.
    15258.,  -340689.
    15259.,  -340689.
    15260.,  -340689.
    15261.,  -340689.
    15262.,  -340689.
    15263.,  -340689.
    15264.,  -340689.
    15265.,  -340689.
    15266.,  -340689.
    15267.,  -340689.
    15268.,  -340689.
    15269.,  -340689.
    15270.,  -340689.
    15271.,  -340687.
    15272.,  -340687.
    15273.,  -340687.
    15274.,  -340687.
    15275.,  -338633.
    15276.,  -338633.
    15277.,  -340687.
    15278.,  -340687.
    15279.,  -340687.
    15280.,  -338633.
    15281.,  -340687.
    15282.,  -340687.
    15283.,  -340687.
    15284.,  -340687.
    15285.,  -340687.
    15286.,  -340687.
    15287.,  -340687.
    15288.,  -340687.
    15289.,  -340687.
    15290.,  -340687.
    15291.,  -340687.
    15292.,  -338753.
    15293.,  -338633.
    15294.,  -340687.
    15295.,  -340687.
    15296.,  -340687.
    15297.,  -340687.
    15298.,  -340687.
    15299.,  -340687.
    15300.,  -340687.
    15301.,  -340687.
    15302.,  -340687.
    15303.,  -340687.
    15304.,  -340687.
    15305.,  -338753.
    15306.,  -338753.
    15307.,  -340687.
    15308.,  -340687.
    15309.,  -340687.
    15310.,  -340687.
    15311.,  -340687.
    15312.,  -340687.
    15313.,  -340687.
    15314.,  -338753.
    15315.,  -338753.
    15316.,  -338753.
    15317.,  -338753.
    15318.,  -338753.
    15319.,  -338633.
    15320.,  -338633.
    15321.,  -338633.
    15322.,  -338633.
    15323.,  -340687.
    15324.,  -340687.
    15325.,  -340687.
    15326.,  -340687.
    15327.,  -340687.
    15328.,  -340687.
    15329.,  -340687.
    15330.,  -340687.
    15331.,  -340687.
    15332.,  -340687.
    15333.,  -340687.
    15334.,  -340687.
    15335.,  -340687.
    15336.,  -340687.
    15337.,  -340687.
    15338.,  -340687.
    15339.,  -340687.
    15340.,  -340687.
    15341.,  -340687.
    15342.,  -340687.
    15343.,  -340687.
    15344.,  -340687.
    15345.,  -340687.
    15346.,  -340687.
    15347.,  -340687.
    15348.,  -340687.
    15349.,  -340687.
    15350.,  -340687.
    15351.,  -340687.
    15352.,  -340687.
    15353.,  -340687.
    15354.,  -340687.
    15355.,  -340687.
    15356.,  -340687.
    15357.,  -340687.
    15358.,  -340687.
    15359.,  -338623.
    15360.,  -340685.
    15361.,  -340685.
    15362.,  -340685.
    15363.,  -340685.
    15364.,  -338399.
    15365.,  -340685.
    15366.,  -340685.
    15367.,  -340685.
    15368.,  -340685.
    15369.,  -340685.
    15370.,  -340685.
    15371.,  -340685.
    15372.,  -338623.
    15373.,  -338399.
    15374.,  -340685.
    15375.,  -340685.
    15376.,  -340685.
    15377.,  -340685.
    15378.,  -340685.
    15379.,  -340685.
    15380.,  -340685.
    15381.,  -340685.
    15382.,  -340685.
    15383.,  -340685.
    15384.,  -340685.
    15385.,  -338623.
    15386.,  -338399.
    15387.,  -340685.
    15388.,  -340685.
    15389.,  -340685.
    15390.,  -340685.
    15391.,  -340685.
    15392.,  -340685.
    15393.,  -340685.
    15394.,  -340685.
    15395.,  -340685.
    15396.,  -338399.
    15397.,  -340685.
    15398.,  -340685.
    15399.,  -340685.
    15400.,  -340685.
    15401.,  -340685.
    15402.,  -338623.
    15403.,  -338399.
    15404.,  -338399.
    15405.,  -338399.
    15406.,  -338399.
    15407.,  -338623.
    15408.,  -338623.
    15409.,  -338623.
    15410.,  -338623.
    15411.,  -340685.
    15412.,  -340685.
    15413.,  -340685.
    15414.,  -340685.
    15415.,  -340685.
    15416.,  -340685.
    15417.,  -340685.
    15418.,  -340685.
    15419.,  -340685.
    15420.,  -340685.
    15421.,  -340685.
    15422.,  -340685.
    15423.,  -340685.
    15424.,  -340685.
    15425.,  -340685.
    15426.,  -340685.
    15427.,  -340685.
    15428.,  -340685.
    15429.,  -340685.
    15430.,  -340685.
    15431.,  -340685.
    15432.,  -340685.
    15433.,  -340685.
    15434.,  -340685.
    15435.,  -340685.
    15436.,  -340685.
    15437.,  -340685.
    15438.,  -340685.
    15439.,  -340685.
    15440.,  -340685.
    15441.,  -340685.
    15442.,  -340685.
    15443.,  -340685.
    15444.,  -340685.
    15445.,  -340685.
    15446.,  -340685.
    15447.,  -338165.
    15448.,  -340683.
    15449.,  -340683.
    15450.,  -340683.
    15451.,  -340683.
    15452.,  -340683.
    15453.,  -340683.
    15454.,  -340683.
    15455.,  -340683.
    15456.,  -340683.
    15457.,  -340683.
    15458.,  -340683.
    15459.,  -340683.
    15460.,  -338389.
    15461.,  -340683.
    15462.,  -340683.
    15463.,  -340683.
    15464.,  -340683.
    15465.,  -340683.
    15466.,  -338389.
    15467.,  -340683.
    15468.,  -340683.
    15469.,  -340683.
    15470.,  -340683.
    15471.,  -338389.
    15472.,  -338389.
    15473.,  -340683.
    15474.,  -340683.
    15475.,  -340683.
    15476.,  -338165.
    15477.,  -340683.
    15478.,  -340683.
    15479.,  -340683.
    15480.,  -340683.
    15481.,  -340683.
    15482.,  -340683.
    15483.,  -340683.
    15484.,  -340683.
    15485.,  -340683.
    15486.,  -338165.
    15487.,  -338165.
    15488.,  -340683.
    15489.,  -340683.
    15490.,  -340683.
    15491.,  -338165.
    15492.,  -338165.
    15493.,  -338165.
    15494.,  -338165.
    15495.,  -338389.
    15496.,  -338389.
    15497.,  -338389.
    15498.,  -338389.
    15499.,  -340683.
    15500.,  -340683.
    15501.,  -340683.
    15502.,  -340683.
    15503.,  -340683.
    15504.,  -340683.
    15505.,  -340683.
    15506.,  -340683.
    15507.,  -340683.
    15508.,  -340683.
    15509.,  -340683.
    15510.,  -340683.
    15511.,  -340683.
    15512.,  -340683.
    15513.,  -340683.
    15514.,  -340683.
    15515.,  -340683.
    15516.,  -340683.
    15517.,  -340683.
    15518.,  -340683.
    15519.,  -340683.
    15520.,  -340683.
    15521.,  -340683.
    15522.,  -340683.
    15523.,  -340683.
    15524.,  -340683.
    15525.,  -340683.
    15526.,  -340683.
    15527.,  -340683.
    15528.,  -340683.
    15529.,  -340683.
    15530.,  -340683.
    15531.,  -340683.
    15532.,  -340683.
    15533.,  -340683.
    15534.,  -340683.
    15535.,  -338051.
    15536.,  -338051.
    15537.,  -338051.
    15538.,  -338051.
    15539.,  -337939.
    15540.,  -337939.
    15541.,  -337939.
    15542.,  -337939.
    15543.,  -340681.
    15544.,  -340681.
    15545.,  -340681.
    15546.,  -340681.
    15547.,  -340681.
    15548.,  -340681.
    15549.,  -340681.
    15550.,  -340681.
    15551.,  -340681.
    15552.,  -340681.
    15553.,  -340681.
    15554.,  -340681.
    15555.,  -340681.
    15556.,  -340681.
    15557.,  -340681.
    15558.,  -340681.
    15559.,  -340681.
    15560.,  -340681.
    15561.,  -340681.
    15562.,  -340681.
    15563.,  -340681.
    15564.,  -340681.
    15565.,  -340681.
    15566.,  -340681.
    15567.,  -340681.
    15568.,  -340681.
    15569.,  -340681.
    15570.,  -340681.
    15571.,  -340681.
    15572.,  -340681.
    15573.,  -340681.
    15574.,  -340681.
    15575.,  -340681.
    15576.,  -340681.
    15577.,  -340681.
    15578.,  -340681.
    15579.,  -340681.
    15580.,  -340681.
    15581.,  -340681.
    15582.,  -338051.
    15583.,  -340681.
    15584.,  -340681.
    15585.,  -340681.
    15586.,  -340681.
    15587.,  -338051.
    15588.,  -340681.
    15589.,  -340681.
    15590.,  -340681.
    15591.,  -340681.
    15592.,  -340681.
    15593.,  -337939.
    15594.,  -340681.
    15595.,  -340681.
    15596.,  -340681.
    15597.,  -340681.
    15598.,  -340681.
    15599.,  -340681.
    15600.,  -338051.
    15601.,  -340681.
    15602.,  -340681.
    15603.,  -340681.
    15604.,  -340681.
    15605.,  -340681.
    15606.,  -337939.
    15607.,  -340681.
    15608.,  -340681.
    15609.,  -340681.
    15610.,  -340681.
    15611.,  -340681.
    15612.,  -340681.
    15613.,  -338051.
    15614.,  -340681.
    15615.,  -340681.
    15616.,  -340681.
    15617.,  -337939.
    15618.,  -340681.
    15619.,  -340681.
    15620.,  -340681.
    15621.,  -340681.
    15622.,  -337939.
    15623.,  -340679.
    15624.,  -340679.
    15625.,  -340679.
    15626.,  -340679.
    15627.,  -337713.
    15628.,  -340679.
    15629.,  -340679.
    15630.,  -340679.
    15631.,  -340679.
    15632.,  -340679.
    15633.,  -340679.
    15634.,  -337929.
    15635.,  -337713.
    15636.,  -340679.
    15637.,  -340679.
    15638.,  -340679.
    15639.,  -340679.
    15640.,  -340679.
    15641.,  -337929.
    15642.,  -340679.
    15643.,  -340679.
    15644.,  -340679.
    15645.,  -340679.
    15646.,  -340679.
    15647.,  -340679.
    15648.,  -340679.
    15649.,  -337929.
    15650.,  -337929.
    15651.,  -337713.
    15652.,  -337713.
    15653.,  -340679.
    15654.,  -340679.
    15655.,  -340679.
    15656.,  -340679.
    15657.,  -340679.
    15658.,  -340679.
    15659.,  -340679.
    15660.,  -340679.
    15661.,  -340679.
    15662.,  -340679.
    15663.,  -340679.
    15664.,  -340679.
    15665.,  -340679.
    15666.,  -340679.
    15667.,  -340679.
    15668.,  -340679.
    15669.,  -340679.
    15670.,  -340679.
    15671.,  -340679.
    15672.,  -337713.
    15673.,  -340679.
    15674.,  -340679.
    15675.,  -340679.
    15676.,  -340679.
    15677.,  -340679.
    15678.,  -337713.
    15679.,  -340679.
    15680.,  -340679.
    15681.,  -340679.
    15682.,  -340679.
    15683.,  -340679.
    15684.,  -337929.
    15685.,  -337713.
    15686.,  -337713.
    15687.,  -337929.
    15688.,  -337929.
    15689.,  -337929.
    15690.,  -340679.
    15691.,  -340679.
    15692.,  -340679.
    15693.,  -340679.
    15694.,  -340679.
    15695.,  -340679.
    15696.,  -340679.
    15697.,  -340679.
    15698.,  -340679.
    15699.,  -340679.
    15700.,  -340679.
    15701.,  -340679.
    15702.,  -340679.
    15703.,  -340679.
    15704.,  -340679.
    15705.,  -340679.
    15706.,  -340679.
    15707.,  -340679.
    15708.,  -340679.
    15709.,  -340679.
    15710.,  -340679.
    15711.,  -337703.
    15712.,  -337703.
    15713.,  -337703.
    15714.,  -337703.
    15715.,  -337487.
    15716.,  -337487.
    15717.,  -337487.
    15718.,  -337487.
    15719.,  -340677.
    15720.,  -340677.
    15721.,  -340677.
    15722.,  -340677.
    15723.,  -340677.
    15724.,  -340677.
    15725.,  -340677.
    15726.,  -340677.
    15727.,  -340677.
    15728.,  -340677.
    15729.,  -340677.
    15730.,  -340677.
    15731.,  -340677.
    15732.,  -340677.
    15733.,  -340677.
    15734.,  -340677.
    15735.,  -340677.
    15736.,  -340677.
    15737.,  -340677.
    15738.,  -340677.
    15739.,  -340677.
    15740.,  -340677.
    15741.,  -340677.
    15742.,  -340677.
    15743.,  -340677.
    15744.,  -340677.
    15745.,  -340677.
    15746.,  -340677.
    15747.,  -340677.
    15748.,  -340677.
    15749.,  -340677.
    15750.,  -340677.
    15751.,  -340677.
    15752.,  -340677.
    15753.,  -340677.
    15754.,  -340677.
    15755.,  -340677.
    15756.,  -340677.
    15757.,  -340677.
    15758.,  -337703.
    15759.,  -340677.
    15760.,  -340677.
    15761.,  -340677.
    15762.,  -340677.
    15763.,  -337703.
    15764.,  -340677.
    15765.,  -340677.
    15766.,  -340677.
    15767.,  -340677.
    15768.,  -340677.
    15769.,  -337487.
    15770.,  -340677.
    15771.,  -340677.
    15772.,  -340677.
    15773.,  -340677.
    15774.,  -340677.
    15775.,  -340677.
    15776.,  -337703.
    15777.,  -340677.
    15778.,  -340677.
    15779.,  -340677.
    15780.,  -340677.
    15781.,  -340677.
    15782.,  -337487.
    15783.,  -340677.
    15784.,  -340677.
    15785.,  -340677.
    15786.,  -340677.
    15787.,  -340677.
    15788.,  -340677.
    15789.,  -337703.
    15790.,  -340677.
    15791.,  -340677.
    15792.,  -340677.
    15793.,  -337487.
    15794.,  -340677.
    15795.,  -340677.
    15796.,  -340677.
    15797.,  -340677.
    15798.,  -337487.
    15799.,  -340675.
    15800.,  -340675.
    15801.,  -340675.
    15802.,  -340675.
    15803.,  -340675.
    15804.,  -340675.
    15805.,  -339437.
    15806.,  -339309.
    15807.,  -340675.
    15808.,  -340675.
    15809.,  -340675.
    15810.,  -340675.
    15811.,  -340675.
    15812.,  -340675.
    15813.,  -340675.
    15814.,  -340675.
    15815.,  -340675.
    15816.,  -339437.
    15817.,  -339437.
    15818.,  -340675.
    15819.,  -340675.
    15820.,  -340675.
    15821.,  -340675.
    15822.,  -340675.
    15823.,  -340675.
    15824.,  -340675.
    15825.,  -340675.
    15826.,  -340675.
    15827.,  -339437.
    15828.,  -339309.
    15829.,  -340675.
    15830.,  -340675.
    15831.,  -340675.
    15832.,  -340675.
    15833.,  -340675.
    15834.,  -339309.
    15835.,  -340675.
    15836.,  -340675.
    15837.,  -340675.
    15838.,  -340675.
    15839.,  -340675.
    15840.,  -340675.
    15841.,  -340675.
    15842.,  -339309.
    15843.,  -339309.
    15844.,  -339309.
    15845.,  -339309.
    15846.,  -339309.
    15847.,  -339437.
    15848.,  -339437.
    15849.,  -339437.
    15850.,  -339437.
    15851.,  -340675.
    15852.,  -340675.
    15853.,  -340675.
    15854.,  -340675.
    15855.,  -340675.
    15856.,  -340675.
    15857.,  -340675.
    15858.,  -340675.
    15859.,  -340675.
    15860.,  -340675.
    15861.,  -340675.
    15862.,  -340675.
    15863.,  -340675.
    15864.,  -340675.
    15865.,  -340675.
    15866.,  -340675.
    15867.,  -340675.
    15868.,  -340675.
    15869.,  -340675.
    15870.,  -340675.
    15871.,  -340675.
    15872.,  -340675.
    15873.,  -340675.
    15874.,  -340675.
    15875.,  -340675.
    15876.,  -340675.
    15877.,  -340675.
    15878.,  -340675.
    15879.,  -340675.
    15880.,  -340675.
    15881.,  -340675.
    15882.,  -340675.
    15883.,  -340675.
    15884.,  -340675.
    15885.,  -340675.
    15886.,  -340675.
    15887.,  -339299.
    15888.,  -340673.
    15889.,  -340673.
    15890.,  -340673.
    15891.,  -340673.
    15892.,  -340673.
    15893.,  -340673.
    15894.,  -340673.
    15895.,  -339299.
    15896.,  -339075.
    15897.,  -340673.
    15898.,  -340673.
    15899.,  -340673.
    15900.,  -340673.
    15901.,  -340673.
    15902.,  -340673.
    15903.,  -340673.
    15904.,  -340673.
    15905.,  -340673.
    15906.,  -340673.
    15907.,  -340673.
    15908.,  -339299.
    15909.,  -340673.
    15910.,  -340673.
    15911.,  -340673.
    15912.,  -340673.
    15913.,  -339075.
    15914.,  -339075.
    15915.,  -340673.
    15916.,  -340673.
    15917.,  -340673.
    15918.,  -339075.
    15919.,  -340673.
    15920.,  -340673.
    15921.,  -340673.
    15922.,  -340673.
    15923.,  -340673.
    15924.,  -340673.
    15925.,  -340673.
    15926.,  -340673.
    15927.,  -340673.
    15928.,  -340673.
    15929.,  -340673.
    15930.,  -339299.
    15931.,  -339075.
    15932.,  -339075.
    15933.,  -339075.
    15934.,  -339075.
    15935.,  -339299.
    15936.,  -339299.
    15937.,  -339299.
    15938.,  -339299.
    15939.,  -340673.
    15940.,  -340673.
    15941.,  -340673.
    15942.,  -340673.
    15943.,  -340673.
    15944.,  -340673.
    15945.,  -340673.
    15946.,  -340673.
    15947.,  -340673.
    15948.,  -340673.
    15949.,  -340673.
    15950.,  -340673.
    15951.,  -340673.
    15952.,  -340673.
    15953.,  -340673.
    15954.,  -340673.
    15955.,  -340673.
    15956.,  -340673.
    15957.,  -340673.
    15958.,  -340673.
    15959.,  -340673.
    15960.,  -340673.
    15961.,  -340673.
    15962.,  -340673.
    15963.,  -340673.
    15964.,  -340673.
    15965.,  -340673.
    15966.,  -340673.
    15967.,  -340673.
    15968.,  -340673.
    15969.,  -340673.
    15970.,  -340673.
    15971.,  -340673.
    15972.,  -340673.
    15973.,  -340673.
    15974.,  -340673.
    15975.,  -339065.
    15976.,  -340671.
    15977.,  -340671.
    15978.,  -340671.
    15979.,  -340671.
    15980.,  -340671.
    15981.,  -340671.
    15982.,  -340671.
    15983.,  -339065.
    15984.,  -338849.
    15985.,  -340671.
    15986.,  -340671.
    15987.,  -340671.
    15988.,  -340671.
    15989.,  -340671.
    15990.,  -340671.
    15991.,  -340671.
    15992.,  -340671.
    15993.,  -340671.
    15994.,  -340671.
    15995.,  -340671.
    15996.,  -339065.
    15997.,  -340671.
    15998.,  -340671.
    15999.,  -340671.
    16000.,  -340671.
    16001.,  -338849.
    16002.,  -338849.
    16003.,  -340671.
    16004.,  -340671.
    16005.,  -340671.
    16006.,  -338849.
    16007.,  -340671.
    16008.,  -340671.
    16009.,  -340671.
    16010.,  -340671.
    16011.,  -340671.
    16012.,  -340671.
    16013.,  -340671.
    16014.,  -340671.
    16015.,  -340671.
    16016.,  -340671.
    16017.,  -340671.
    16018.,  -339065.
    16019.,  -338849.
    16020.,  -338849.
    16021.,  -338849.
    16022.,  -338849.
    16023.,  -339065.
    16024.,  -339065.
    16025.,  -339065.
    16026.,  -339065.
    16027.,  -340671.
    16028.,  -340671.
    16029.,  -340671.
    16030.,  -340671.
    16031.,  -340671.
    16032.,  -340671.
    16033.,  -340671.
    16034.,  -340671.
    16035.,  -340671.
    16036.,  -340671.
    16037.,  -340671.
    16038.,  -340671.
    16039.,  -340671.
    16040.,  -340671.
    16041.,  -340671.
    16042.,  -340671.
    16043.,  -340671.
    16044.,  -340671.
    16045.,  -340671.
    16046.,  -340671.
    16047.,  -340671.
    16048.,  -340671.
    16049.,  -340671.
    16050.,  -340671.
    16051.,  -340671.
    16052.,  -340671.
    16053.,  -340671.
    16054.,  -340671.
    16055.,  -340671.
    16056.,  -340671.
    16057.,  -340671.
    16058.,  -340671.
    16059.,  -340671.
    16060.,  -340671.
    16061.,  -340671.
    16062.,  -340671.
    16063.,  -338727.
    16064.,  -340669.
    16065.,  -340669.
    16066.,  -340669.
    16067.,  -340669.
    16068.,  -340669.
    16069.,  -340669.
    16070.,  -340669.
    16071.,  -338727.
    16072.,  -338599.
    16073.,  -340669.
    16074.,  -340669.
    16075.,  -340669.
    16076.,  -340669.
    16077.,  -340669.
    16078.,  -340669.
    16079.,  -340669.
    16080.,  -340669.
    16081.,  -340669.
    16082.,  -340669.
    16083.,  -340669.
    16084.,  -338727.
    16085.,  -340669.
    16086.,  -340669.
    16087.,  -340669.
    16088.,  -340669.
    16089.,  -338599.
    16090.,  -338599.
    16091.,  -340669.
    16092.,  -340669.
    16093.,  -340669.
    16094.,  -338599.
    16095.,  -340669.
    16096.,  -340669.
    16097.,  -340669.
    16098.,  -340669.
    16099.,  -340669.
    16100.,  -340669.
    16101.,  -340669.
    16102.,  -340669.
    16103.,  -340669.
    16104.,  -340669.
    16105.,  -340669.
    16106.,  -338727.
    16107.,  -338599.
    16108.,  -338599.
    16109.,  -338599.
    16110.,  -338599.
    16111.,  -338727.
    16112.,  -338727.
    16113.,  -338727.
    16114.,  -338727.
    16115.,  -340669.
    16116.,  -340669.
    16117.,  -340669.
    16118.,  -340669.
    16119.,  -340669.
    16120.,  -340669.
    16121.,  -340669.
    16122.,  -340669.
    16123.,  -340669.
    16124.,  -340669.
    16125.,  -340669.
    16126.,  -340669.
    16127.,  -340669.
    16128.,  -340669.
    16129.,  -340669.
    16130.,  -340669.
    16131.,  -340669.
    16132.,  -340669.
    16133.,  -340669.
    16134.,  -340669.
    16135.,  -340669.
    16136.,  -340669.
    16137.,  -340669.
    16138.,  -340669.
    16139.,  -340669.
    16140.,  -340669.
    16141.,  -340669.
    16142.,  -340669.
    16143.,  -340669.
    16144.,  -340669.
    16145.,  -340669.
    16146.,  -340669.
    16147.,  -340669.
    16148.,  -340669.
    16149.,  -340669.
    16150.,  -340669.
    16151.,  -338589.
    16152.,  -340667.
    16153.,  -340667.
    16154.,  -340667.
    16155.,  -340667.
    16156.,  -340667.
    16157.,  -340667.
    16158.,  -340667.
    16159.,  -338589.
    16160.,  -338365.
    16161.,  -340667.
    16162.,  -340667.
    16163.,  -340667.
    16164.,  -340667.
    16165.,  -340667.
    16166.,  -340667.
    16167.,  -340667.
    16168.,  -340667.
    16169.,  -340667.
    16170.,  -340667.
    16171.,  -340667.
    16172.,  -338589.
    16173.,  -340667.
    16174.,  -340667.
    16175.,  -340667.
    16176.,  -340667.
    16177.,  -338365.
    16178.,  -338365.
    16179.,  -340667.
    16180.,  -340667.
    16181.,  -340667.
    16182.,  -338365.
    16183.,  -340667.
    16184.,  -340667.
    16185.,  -340667.
    16186.,  -340667.
    16187.,  -340667.
    16188.,  -340667.
    16189.,  -340667.
    16190.,  -340667.
    16191.,  -340667.
    16192.,  -340667.
    16193.,  -340667.
    16194.,  -338589.
    16195.,  -338365.
    16196.,  -338365.
    16197.,  -338365.
    16198.,  -338365.
    16199.,  -338589.
    16200.,  -338589.
    16201.,  -338589.
    16202.,  -338589.
    16203.,  -340667.
    16204.,  -340667.
    16205.,  -340667.
    16206.,  -340667.
    16207.,  -340667.
    16208.,  -340667.
    16209.,  -340667.
    16210.,  -340667.
    16211.,  -340667.
    16212.,  -340667.
    16213.,  -340667.
    16214.,  -340667.
    16215.,  -340667.
    16216.,  -340667.
    16217.,  -340667.
    16218.,  -340667.
    16219.,  -340667.
    16220.,  -340667.
    16221.,  -340667.
    16222.,  -340667.
    16223.,  -340667.
    16224.,  -340667.
    16225.,  -340667.
    16226.,  -340667.
    16227.,  -340667.
    16228.,  -340667.
    16229.,  -340667.
    16230.,  -340667.
    16231.,  -340667.
    16232.,  -340667.
    16233.,  -340667.
    16234.,  -340667.
    16235.,  -340667.
    16236.,  -340667.
    16237.,  -340667.
    16238.,  -340667.
    16239.,  -338355.
    16240.,  -340665.
    16241.,  -340665.
    16242.,  -340665.
    16243.,  -340665.
    16244.,  -340665.
    16245.,  -340665.
    16246.,  -340665.
    16247.,  -338355.
    16248.,  -338139.
    16249.,  -340665.
    16250.,  -340665.
    16251.,  -340665.
    16252.,  -340665.
    16253.,  -340665.
    16254.,  -340665.
    16255.,  -340665.
    16256.,  -340665.
    16257.,  -340665.
    16258.,  -340665.
    16259.,  -340665.
    16260.,  -338355.
    16261.,  -340665.
    16262.,  -340665.
    16263.,  -340665.
    16264.,  -340665.
    16265.,  -338139.
    16266.,  -338139.
    16267.,  -340665.
    16268.,  -340665.
    16269.,  -340665.
    16270.,  -338139.
    16271.,  -340665.
    16272.,  -340665.
    16273.,  -340665.
    16274.,  -340665.
    16275.,  -340665.
    16276.,  -340665.
    16277.,  -340665.
    16278.,  -340665.
    16279.,  -340665.
    16280.,  -340665.
    16281.,  -340665.
    16282.,  -338355.
    16283.,  -338139.
    16284.,  -338139.
    16285.,  -338139.
    16286.,  -338139.
    16287.,  -338355.
    16288.,  -338355.
    16289.,  -338355.
    16290.,  -338355.
    16291.,  -340665.
    16292.,  -340665.
    16293.,  -340665.
    16294.,  -340665.
    16295.,  -340665.
    16296.,  -340665.
    16297.,  -340665.
    16298.,  -340665.
    16299.,  -340665.
    16300.,  -340665.
    16301.,  -340665.
    16302.,  -340665.
    16303.,  -340665.
    16304.,  -340665.
    16305.,  -340665.
    16306.,  -340665.
    16307.,  -340665.
    16308.,  -340665.
    16309.,  -340665.
    16310.,  -340665.
    16311.,  -340665.
    16312.,  -340665.
    16313.,  -340665.
    16314.,  -340665.
    16315.,  -340665.
    16316.,  -340665.
    16317.,  -340665.
    16318.,  -340665.
    16319.,  -340665.
    16320.,  -340665.
    16321.,  -340665.
    16322.,  -340665.
    16323.,  -340665.
    16324.,  -340665.
    16325.,  -340665.
    16326.,  -340665.
    16327.,  -338025.
    16328.,  -340663.
    16329.,  -340663.
    16330.,  -340663.
    16331.,  -340663.
    16332.,  -340663.
    16333.,  -340663.
    16334.,  -340663.
    16335.,  -338025.
    16336.,  -337905.
    16337.,  -340663.
    16338.,  -340663.
    16339.,  -340663.
    16340.,  -340663.
    16341.,  -340663.
    16342.,  -340663.
    16343.,  -340663.
    16344.,  -340663.
    16345.,  -340663.
    16346.,  -340663.
    16347.,  -340663.
    16348.,  -338025.
    16349.,  -340663.
    16350.,  -340663.
    16351.,  -340663.
    16352.,  -340663.
    16353.,  -337905.
    16354.,  -337905.
    16355.,  -340663.
    16356.,  -340663.
    16357.,  -340663.
    16358.,  -337905.
    16359.,  -340663.
    16360.,  -340663.
    16361.,  -340663.
    16362.,  -340663.
    16363.,  -340663.
    16364.,  -340663.
    16365.,  -340663.
    16366.,  -340663.
    16367.,  -340663.
    16368.,  -340663.
    16369.,  -340663.
    16370.,  -338025.
    16371.,  -337905.
    16372.,  -337905.
    16373.,  -338025.
    16374.,  -338025.
    16375.,  -337905.
    16376.,  -337905.
    16377.,  -338025.
    16378.,  -338025.
    16379.,  -340663.
    16380.,  -340663.
    16381.,  -340663.
    16382.,  -340663.
    16383.,  -340663.
    16384.,  -340663.
    16385.,  -340663.
    16386.,  -340663.
    16387.,  -340663.
    16388.,  -340663.
    16389.,  -340663.
    16390.,  -340663.
    16391.,  -340663.
    16392.,  -340663.
    16393.,  -340663.
    16394.,  -340663.
    16395.,  -340663.
    16396.,  -340663.
    16397.,  -340663.
    16398.,  -340663.
    16399.,  -340663.
    16400.,  -340663.
    16401.,  -340663.
    16402.,  -340663.
    16403.,  -340663.
    16404.,  -340663.
    16405.,  -340663.
    16406.,  -340663.
    16407.,  -340663.
    16408.,  -340663.
    16409.,  -340663.
    16410.,  -340663.
    16411.,  -340663.
    16412.,  -340663.
    16413.,  -340663.
    16414.,  -340663.
    16415.,  -337895.
    16416.,  -340661.
    16417.,  -340661.
    16418.,  -340661.
    16419.,  -340661.
    16420.,  -340661.
    16421.,  -340661.
    16422.,  -340661.
    16423.,  -337895.
    16424.,  -337679.
    16425.,  -340661.
    16426.,  -340661.
    16427.,  -340661.
    16428.,  -340661.
    16429.,  -340661.
    16430.,  -340661.
    16431.,  -340661.
    16432.,  -340661.
    16433.,  -340661.
    16434.,  -340661.
    16435.,  -340661.
    16436.,  -337895.
    16437.,  -340661.
    16438.,  -340661.
    16439.,  -340661.
    16440.,  -340661.
    16441.,  -337679.
    16442.,  -337679.
    16443.,  -340661.
    16444.,  -340661.
    16445.,  -340661.
    16446.,  -337679.
    16447.,  -340661.
    16448.,  -340661.
    16449.,  -340661.
    16450.,  -340661.
    16451.,  -340661.
    16452.,  -340661.
    16453.,  -340661.
    16454.,  -340661.
    16455.,  -340661.
    16456.,  -340661.
    16457.,  -340661.
    16458.,  -337895.
    16459.,  -337679.
    16460.,  -337679.
    16461.,  -337679.
    16462.,  -337679.
    16463.,  -337895.
    16464.,  -337895.
    16465.,  -337895.
    16466.,  -337895.
    16467.,  -340661.
    16468.,  -340661.
    16469.,  -340661.
    16470.,  -340661.
    16471.,  -340661.
    16472.,  -340661.
    16473.,  -340661.
    16474.,  -340661.
    16475.,  -340661.
    16476.,  -340661.
    16477.,  -340661.
    16478.,  -340661.
    16479.,  -340661.
    16480.,  -340661.
    16481.,  -340661.
    16482.,  -340661.
    16483.,  -340661.
    16484.,  -340661.
    16485.,  -340661.
    16486.,  -340661.
    16487.,  -340661.
    16488.,  -340661.
    16489.,  -340661.
    16490.,  -340661.
    16491.,  -340661.
    16492.,  -340661.
    16493.,  -340661.
    16494.,  -340661.
    16495.,  -340661.
    16496.,  -340661.
    16497.,  -340661.
    16498.,  -340661.
    16499.,  -340661.
    16500.,  -340661.
    16501.,  -340661.
    16502.,  -340661.
    16503.,  -337669.
    16504.,  -340659.
    16505.,  -340659.
    16506.,  -340659.
    16507.,  -340659.
    16508.,  -340659.
    16509.,  -340659.
    16510.,  -340659.
    16511.,  -337669.
    16512.,  -337461.
    16513.,  -340659.
    16514.,  -340659.
    16515.,  -340659.
    16516.,  -340659.
    16517.,  -340659.
    16518.,  -340659.
    16519.,  -340659.
    16520.,  -340659.
    16521.,  -340659.
    16522.,  -340659.
    16523.,  -340659.
    16524.,  -337669.
    16525.,  -340659.
    16526.,  -340659.
    16527.,  -340659.
    16528.,  -340659.
    16529.,  -337461.
    16530.,  -337461.
    16531.,  -340659.
    16532.,  -340659.
    16533.,  -340659.
    16534.,  -337461.
    16535.,  -340659.
    16536.,  -340659.
    16537.,  -340659.
    16538.,  -340659.
    16539.,  -340659.
    16540.,  -340659.
    16541.,  -340659.
    16542.,  -340659.
    16543.,  -340659.
    16544.,  -340659.
    16545.,  -340659.
    16546.,  -337669.
    16547.,  -337461.
    16548.,  -337461.
    16549.,  -337461.
    16550.,  -337461.
    16551.,  -337669.
    16552.,  -337669.
    16553.,  -337669.
    16554.,  -337669.
    16555.,  -340659.
    16556.,  -340659.
    16557.,  -340659.
    16558.,  -340659.
    16559.,  -340659.
    16560.,  -340659.
    16561.,  -340659.
    16562.,  -340659.
    16563.,  -340659.
    16564.,  -340659.
    16565.,  -340659.
    16566.,  -340659.
    16567.,  -340659.
    16568.,  -340659.
    16569.,  -340659.
    16570.,  -340659.
    16571.,  -340659.
    16572.,  -340659.
    16573.,  -340659.
    16574.,  -340659.
    16575.,  -340659.
    16576.,  -340659.
    16577.,  -340659.
    16578.,  -340659.
    16579.,  -340659.
    16580.,  -340659.
    16581.,  -340659.
    16582.,  -340659.
    16583.,  -340659.
    16584.,  -340659.
    16585.,  -340659.
    16586.,  -340659.
    16587.,  -340659.
    16588.,  -340659.
    16589.,  -340659.
    16590.,  -340659.
    16591.,  -339275.
    16592.,  -340657.
    16593.,  -340657.
    16594.,  -340657.
    16595.,  -340657.
    16596.,  -340657.
    16597.,  -340657.
    16598.,  -340657.
    16599.,  -339275.
    16600.,  -340657.
    16601.,  -340657.
    16602.,  -340657.
    16603.,  -340657.
    16604.,  -339411.
    16605.,  -339275.
    16606.,  -340657.
    16607.,  -340657.
    16608.,  -340657.
    16609.,  -340657.
    16610.,  -340657.
    16611.,  -340657.
    16612.,  -339411.
    16613.,  -339411.
    16614.,  -339411.
    16615.,  -340657.
    16616.,  -340657.
    16617.,  -340657.
    16618.,  -340657.
    16619.,  -340657.
    16620.,  -340657.
    16621.,  -340657.
    16622.,  -339411.
    16623.,  -339275.
    16624.,  -340657.
    16625.,  -340657.
    16626.,  -340657.
    16627.,  -339275.
    16628.,  -339275.
    16629.,  -339275.
    16630.,  -339275.
    16631.,  -339411.
    16632.,  -339411.
    16633.,  -339411.
    16634.,  -339411.
    16635.,  -340657.
    16636.,  -340657.
    16637.,  -340657.
    16638.,  -340657.
    16639.,  -340657.
    16640.,  -340657.
    16641.,  -340657.
    16642.,  -340657.
    16643.,  -340657.
    16644.,  -340657.
    16645.,  -340657.
    16646.,  -340657.
    16647.,  -340657.
    16648.,  -339411.
    16649.,  -340657.
    16650.,  -340657.
    16651.,  -340657.
    16652.,  -340657.
    16653.,  -340657.
    16654.,  -340657.
    16655.,  -340657.
    16656.,  -340657.
    16657.,  -340657.
    16658.,  -340657.
    16659.,  -340657.
    16660.,  -340657.
    16661.,  -340657.
    16662.,  -340657.
    16663.,  -340655.
    16664.,  -340655.
    16665.,  -340655.
    16666.,  -340655.
    16667.,  -339041.
    16668.,  -339041.
    16669.,  -340655.
    16670.,  -340655.
    16671.,  -340655.
    16672.,  -339041.
    16673.,  -340655.
    16674.,  -340655.
    16675.,  -340655.
    16676.,  -340655.
    16677.,  -340655.
    16678.,  -340655.
    16679.,  -340655.
    16680.,  -339265.
    16681.,  -339041.
    16682.,  -340655.
    16683.,  -340655.
    16684.,  -340655.
    16685.,  -340655.
    16686.,  -340655.
    16687.,  -340655.
    16688.,  -340655.
    16689.,  -339265.
    16690.,  -339265.
    16691.,  -340655.
    16692.,  -340655.
    16693.,  -340655.
    16694.,  -340655.
    16695.,  -340655.
    16696.,  -340655.
    16697.,  -340655.
    16698.,  -339265.
    16699.,  -339041.
    16700.,  -339041.
    16701.,  -339041.
    16702.,  -339041.
    16703.,  -339265.
    16704.,  -339265.
    16705.,  -339265.
    16706.,  -339265.
    16707.,  -340655.
    16708.,  -340655.
    16709.,  -340655.
    16710.,  -340655.
    16711.,  -340655.
    16712.,  -340655.
    16713.,  -340655.
    16714.,  -340655.
    16715.,  -340655.
    16716.,  -340655.
    16717.,  -340655.
    16718.,  -340655.
    16719.,  -340655.
    16720.,  -340655.
    16721.,  -340655.
    16722.,  -340655.
    16723.,  -340655.
    16724.,  -340655.
    16725.,  -340655.
    16726.,  -340655.
    16727.,  -340655.
    16728.,  -340655.
    16729.,  -340655.
    16730.,  -340655.
    16731.,  -340655.
    16732.,  -340655.
    16733.,  -340655.
    16734.,  -340655.
    16735.,  -340653.
    16736.,  -340653.
    16737.,  -340653.
    16738.,  -340653.
    16739.,  -338823.
    16740.,  -338823.
    16741.,  -340653.
    16742.,  -340653.
    16743.,  -340653.
    16744.,  -338823.
    16745.,  -340653.
    16746.,  -340653.
    16747.,  -340653.
    16748.,  -340653.
    16749.,  -340653.
    16750.,  -340653.
    16751.,  -340653.
    16752.,  -339031.
    16753.,  -338823.
    16754.,  -340653.
    16755.,  -340653.
    16756.,  -340653.
    16757.,  -340653.
    16758.,  -340653.
    16759.,  -340653.
    16760.,  -340653.
    16761.,  -339031.
    16762.,  -339031.
    16763.,  -340653.
    16764.,  -340653.
    16765.,  -340653.
    16766.,  -340653.
    16767.,  -340653.
    16768.,  -340653.
    16769.,  -340653.
    16770.,  -339031.
    16771.,  -338823.
    16772.,  -338823.
    16773.,  -338823.
    16774.,  -338823.
    16775.,  -339031.
    16776.,  -339031.
    16777.,  -339031.
    16778.,  -339031.
    16779.,  -340653.
    16780.,  -340653.
    16781.,  -340653.
    16782.,  -340653.
    16783.,  -340653.
    16784.,  -340653.
    16785.,  -340653.
    16786.,  -340653.
    16787.,  -340653.
    16788.,  -340653.
    16789.,  -340653.
    16790.,  -340653.
    16791.,  -340653.
    16792.,  -340653.
    16793.,  -340653.
    16794.,  -340653.
    16795.,  -340653.
    16796.,  -340653.
    16797.,  -340653.
    16798.,  -340653.
    16799.,  -340653.
    16800.,  -340653.
    16801.,  -340653.
    16802.,  -340653.
    16803.,  -340653.
    16804.,  -340653.
    16805.,  -340653.
    16806.,  -340653.
    16807.,  -340651.
    16808.,  -340651.
    16809.,  -340651.
    16810.,  -340651.
    16811.,  -338565.
    16812.,  -338565.
    16813.,  -340651.
    16814.,  -340651.
    16815.,  -340651.
    16816.,  -338565.
    16817.,  -340651.
    16818.,  -340651.
    16819.,  -340651.
    16820.,  -340651.
    16821.,  -340651.
    16822.,  -340651.
    16823.,  -340651.
    16824.,  -338701.
    16825.,  -338565.
    16826.,  -340651.
    16827.,  -340651.
    16828.,  -340651.
    16829.,  -340651.
    16830.,  -340651.
    16831.,  -340651.
    16832.,  -340651.
    16833.,  -338701.
    16834.,  -338701.
    16835.,  -340651.
    16836.,  -340651.
    16837.,  -340651.
    16838.,  -340651.
    16839.,  -340651.
    16840.,  -340651.
    16841.,  -338701.
    16842.,  -338701.
    16843.,  -338565.
    16844.,  -338565.
    16845.,  -338565.
    16846.,  -338565.
    16847.,  -338701.
    16848.,  -338701.
    16849.,  -338701.
    16850.,  -338701.
    16851.,  -340651.
    16852.,  -340651.
    16853.,  -338701.
    16854.,  -340651.
    16855.,  -340651.
    16856.,  -340651.
    16857.,  -340651.
    16858.,  -340651.
    16859.,  -340651.
    16860.,  -340651.
    16861.,  -340651.
    16862.,  -340651.
    16863.,  -340651.
    16864.,  -340651.
    16865.,  -340651.
    16866.,  -340651.
    16867.,  -340651.
    16868.,  -340651.
    16869.,  -340651.
    16870.,  -340651.
    16871.,  -340651.
    16872.,  -340651.
    16873.,  -340651.
    16874.,  -340651.
    16875.,  -340651.
    16876.,  -340651.
    16877.,  -340651.
    16878.,  -340651.
    16879.,  -340649.
    16880.,  -340649.
    16881.,  -340649.
    16882.,  -340649.
    16883.,  -338331.
    16884.,  -338331.
    16885.,  -340649.
    16886.,  -340649.
    16887.,  -340649.
    16888.,  -338331.
    16889.,  -340649.
    16890.,  -340649.
    16891.,  -340649.
    16892.,  -340649.
    16893.,  -340649.
    16894.,  -340649.
    16895.,  -340649.
    16896.,  -338555.
    16897.,  -338331.
    16898.,  -340649.
    16899.,  -340649.
    16900.,  -340649.
    16901.,  -340649.
    16902.,  -340649.
    16903.,  -340649.
    16904.,  -340649.
    16905.,  -338555.
    16906.,  -338555.
    16907.,  -340649.
    16908.,  -340649.
    16909.,  -340649.
    16910.,  -340649.
    16911.,  -340649.
    16912.,  -340649.
    16913.,  -340649.
    16914.,  -338555.
    16915.,  -338331.
    16916.,  -338331.
    16917.,  -338331.
    16918.,  -338331.
    16919.,  -338555.
    16920.,  -338555.
    16921.,  -338555.
    16922.,  -338555.
    16923.,  -340649.
    16924.,  -340649.
    16925.,  -340649.
    16926.,  -340649.
    16927.,  -340649.
    16928.,  -340649.
    16929.,  -340649.
    16930.,  -340649.
    16931.,  -340649.
    16932.,  -340649.
    16933.,  -340649.
    16934.,  -340649.
    16935.,  -340649.
    16936.,  -340649.
    16937.,  -340649.
    16938.,  -340649.
    16939.,  -340649.
    16940.,  -340649.
    16941.,  -340649.
    16942.,  -340649.
    16943.,  -340649.
    16944.,  -340649.
    16945.,  -340649.
    16946.,  -340649.
    16947.,  -340649.
    16948.,  -340649.
    16949.,  -340649.
    16950.,  -340649.
    16951.,  -340647.
    16952.,  -340647.
    16953.,  -340647.
    16954.,  -340647.
    16955.,  -338113.
    16956.,  -338113.
    16957.,  -340647.
    16958.,  -340647.
    16959.,  -340647.
    16960.,  -338113.
    16961.,  -340647.
    16962.,  -340647.
    16963.,  -340647.
    16964.,  -340647.
    16965.,  -340647.
    16966.,  -340647.
    16967.,  -340647.
    16968.,  -338321.
    16969.,  -338113.
    16970.,  -340647.
    16971.,  -340647.
    16972.,  -340647.
    16973.,  -340647.
    16974.,  -340647.
    16975.,  -340647.
    16976.,  -340647.
    16977.,  -338321.
    16978.,  -338321.
    16979.,  -340647.
    16980.,  -340647.
    16981.,  -340647.
    16982.,  -340647.
    16983.,  -340647.
    16984.,  -340647.
    16985.,  -340647.
    16986.,  -338321.
    16987.,  -338113.
    16988.,  -338113.
    16989.,  -338113.
    16990.,  -338113.
    16991.,  -338321.
    16992.,  -338321.
    16993.,  -338321.
    16994.,  -338321.
    16995.,  -340647.
    16996.,  -340647.
    16997.,  -340647.
    16998.,  -340647.
    16999.,  -340647.
    17000.,  -340647.
    17001.,  -340647.
    17002.,  -340647.
    17003.,  -340647.
    17004.,  -340647.
    17005.,  -340647.
    17006.,  -340647.
    17007.,  -340647.
    17008.,  -340647.
    17009.,  -340647.
    17010.,  -340647.
    17011.,  -340647.
    17012.,  -340647.
    17013.,  -340647.
    17014.,  -340647.
    17015.,  -340647.
    17016.,  -340647.
    17017.,  -340647.
    17018.,  -340647.
    17019.,  -340647.
    17020.,  -340647.
    17021.,  -340647.
    17022.,  -340647.
    17023.,  -337871.
    17024.,  -340645.
    17025.,  -340645.
    17026.,  -340645.
    17027.,  -340645.
    17028.,  -340645.
    17029.,  -340645.
    17030.,  -340645.
    17031.,  -337871.
    17032.,  -340645.
    17033.,  -340645.
    17034.,  -340645.
    17035.,  -340645.
    17036.,  -337999.
    17037.,  -337871.
    17038.,  -340645.
    17039.,  -340645.
    17040.,  -340645.
    17041.,  -340645.
    17042.,  -340645.
    17043.,  -340645.
    17044.,  -340645.
    17045.,  -337999.
    17046.,  -337871.
    17047.,  -340645.
    17048.,  -340645.
    17049.,  -340645.
    17050.,  -340645.
    17051.,  -340645.
    17052.,  -340645.
    17053.,  -337999.
    17054.,  -337999.
    17055.,  -337999.
    17056.,  -340645.
    17057.,  -340645.
    17058.,  -340645.
    17059.,  -337871.
    17060.,  -337871.
    17061.,  -337871.
    17062.,  -337871.
    17063.,  -337999.
    17064.,  -337999.
    17065.,  -337999.
    17066.,  -337999.
    17067.,  -340645.
    17068.,  -340645.
    17069.,  -340645.
    17070.,  -340645.
    17071.,  -340645.
    17072.,  -340645.
    17073.,  -337999.
    17074.,  -340645.
    17075.,  -340645.
    17076.,  -340645.
    17077.,  -340645.
    17078.,  -340645.
    17079.,  -340645.
    17080.,  -340645.
    17081.,  -340645.
    17082.,  -340645.
    17083.,  -340645.
    17084.,  -340645.
    17085.,  -340645.
    17086.,  -340645.
    17087.,  -340645.
    17088.,  -340645.
    17089.,  -340645.
    17090.,  -340645.
    17091.,  -340645.
    17092.,  -340645.
    17093.,  -340645.
    17094.,  -340645.
    17095.,  -340643.
    17096.,  -340643.
    17097.,  -340643.
    17098.,  -340643.
    17099.,  -337645.
    17100.,  -337645.
    17101.,  -340643.
    17102.,  -340643.
    17103.,  -340643.
    17104.,  -337645.
    17105.,  -340643.
    17106.,  -340643.
    17107.,  -340643.
    17108.,  -340643.
    17109.,  -340643.
    17110.,  -340643.
    17111.,  -340643.
    17112.,  -337861.
    17113.,  -337645.
    17114.,  -340643.
    17115.,  -340643.
    17116.,  -340643.
    17117.,  -340643.
    17118.,  -340643.
    17119.,  -340643.
    17120.,  -340643.
    17121.,  -337861.
    17122.,  -337861.
    17123.,  -340643.
    17124.,  -340643.
    17125.,  -340643.
    17126.,  -340643.
    17127.,  -340643.
    17128.,  -340643.
    17129.,  -340643.
    17130.,  -337861.
    17131.,  -337645.
    17132.,  -337645.
    17133.,  -337645.
    17134.,  -337645.
    17135.,  -337861.
    17136.,  -337861.
    17137.,  -337861.
    17138.,  -337861.
    17139.,  -340643.
    17140.,  -340643.
    17141.,  -340643.
    17142.,  -340643.
    17143.,  -340643.
    17144.,  -340643.
    17145.,  -340643.
    17146.,  -340643.
    17147.,  -340643.
    17148.,  -340643.
    17149.,  -340643.
    17150.,  -340643.
    17151.,  -340643.
    17152.,  -340643.
    17153.,  -340643.
    17154.,  -340643.
    17155.,  -340643.
    17156.,  -340643.
    17157.,  -340643.
    17158.,  -340643.
    17159.,  -340643.
    17160.,  -340643.
    17161.,  -340643.
    17162.,  -340643.
    17163.,  -340643.
    17164.,  -340643.
    17165.,  -340643.
    17166.,  -340643.
    17167.,  -337435.
    17168.,  -337435.
    17169.,  -337635.
    17170.,  -337635.
    17171.,  -337635.
    17172.,  -337635.
    17173.,  -340641.
    17174.,  -340641.
    17175.,  -340641.
    17176.,  -340641.
    17177.,  -340641.
    17178.,  -340641.
    17179.,  -340641.
    17180.,  -337435.
    17181.,  -340641.
    17182.,  -340641.
    17183.,  -340641.
    17184.,  -340641.
    17185.,  -337435.
    17186.,  -340641.
    17187.,  -340641.
    17188.,  -340641.
    17189.,  -340641.
    17190.,  -340641.
    17191.,  -340641.
    17192.,  -340641.
    17193.,  -340641.
    17194.,  -340641.
    17195.,  -340641.
    17196.,  -340641.
    17197.,  -340641.
    17198.,  -340641.
    17199.,  -340641.
    17200.,  -340641.
    17201.,  -340641.
    17202.,  -340641.
    17203.,  -337435.
    17204.,  -337435.
    17205.,  -340641.
    17206.,  -340641.
    17207.,  -340641.
    17208.,  -337435.
    17209.,  -340641.
    17210.,  -340641.
    17211.,  -340641.
    17212.,  -340641.
    17213.,  -337635.
    17214.,  -340641.
    17215.,  -340641.
    17216.,  -340641.
    17217.,  -337635.
    17218.,  -340641.
    17219.,  -340641.
    17220.,  -340641.
    17221.,  -340641.
    17222.,  -337635.
    17223.,  -340641.
    17224.,  -340641.
    17225.,  -340641.
    17226.,  -340641.
    17227.,  -340641.
    17228.,  -340641.
    17229.,  -340641.
    17230.,  -337635.
    17231.,  -340641.
    17232.,  -340641.
    17233.,  -340641.
    17234.,  -340641.
    17235.,  -340641.
    17236.,  -340641.
    17237.,  -340641.
    17238.,  -337435.
    17239.,  -339241.
    17240.,  -340639.
    17241.,  -340639.
    17242.,  -340639.
    17243.,  -340639.
    17244.,  -340639.
    17245.,  -340639.
    17246.,  -340639.
    17247.,  -339241.
    17248.,  -340639.
    17249.,  -340639.
    17250.,  -340639.
    17251.,  -340639.
    17252.,  -339385.
    17253.,  -339241.
    17254.,  -340639.
    17255.,  -340639.
    17256.,  -340639.
    17257.,  -340639.
    17258.,  -340639.
    17259.,  -340639.
    17260.,  -340639.
    17261.,  -339385.
    17262.,  -339385.
    17263.,  -340639.
    17264.,  -340639.
    17265.,  -340639.
    17266.,  -340639.
    17267.,  -340639.
    17268.,  -340639.
    17269.,  -340639.
    17270.,  -339385.
    17271.,  -339241.
    17272.,  -340639.
    17273.,  -340639.
    17274.,  -340639.
    17275.,  -339241.
    17276.,  -339241.
    17277.,  -339241.
    17278.,  -339241.
    17279.,  -339385.
    17280.,  -339385.
    17281.,  -339385.
    17282.,  -339385.
    17283.,  -340639.
    17284.,  -340639.
    17285.,  -340639.
    17286.,  -340639.
    17287.,  -340639.
    17288.,  -340639.
    17289.,  -340639.
    17290.,  -340639.
    17291.,  -340639.
    17292.,  -340639.
    17293.,  -340639.
    17294.,  -340639.
    17295.,  -340639.
    17296.,  -340639.
    17297.,  -340639.
    17298.,  -340639.
    17299.,  -340639.
    17300.,  -340639.
    17301.,  -340639.
    17302.,  -340639.
    17303.,  -340639.
    17304.,  -340639.
    17305.,  -340639.
    17306.,  -340639.
    17307.,  -340639.
    17308.,  -340639.
    17309.,  -340639.
    17310.,  -340639.
    17311.,  -339231.
    17312.,  -340637.
    17313.,  -340637.
    17314.,  -340637.
    17315.,  -340637.
    17316.,  -340637.
    17317.,  -340637.
    17318.,  -340637.
    17319.,  -339231.
    17320.,  -339007.
    17321.,  -340637.
    17322.,  -340637.
    17323.,  -340637.
    17324.,  -340637.
    17325.,  -340637.
    17326.,  -340637.
    17327.,  -340637.
    17328.,  -339231.
    17329.,  -339007.
    17330.,  -340637.
    17331.,  -340637.
    17332.,  -340637.
    17333.,  -340637.
    17334.,  -340637.
    17335.,  -340637.
    17336.,  -340637.
    17337.,  -339231.
    17338.,  -340637.
    17339.,  -340637.
    17340.,  -340637.
    17341.,  -340637.
    17342.,  -339007.
    17343.,  -339007.
    17344.,  -340637.
    17345.,  -340637.
    17346.,  -340637.
    17347.,  -339007.
    17348.,  -339007.
    17349.,  -339007.
    17350.,  -339007.
    17351.,  -339231.
    17352.,  -339231.
    17353.,  -339231.
    17354.,  -339231.
    17355.,  -340637.
    17356.,  -340637.
    17357.,  -340637.
    17358.,  -340637.
    17359.,  -340637.
    17360.,  -340637.
    17361.,  -340637.
    17362.,  -340637.
    17363.,  -340637.
    17364.,  -340637.
    17365.,  -340637.
    17366.,  -340637.
    17367.,  -340637.
    17368.,  -340637.
    17369.,  -340637.
    17370.,  -340637.
    17371.,  -340637.
    17372.,  -340637.
    17373.,  -340637.
    17374.,  -340637.
    17375.,  -340637.
    17376.,  -340637.
    17377.,  -340637.
    17378.,  -340637.
    17379.,  -340637.
    17380.,  -340637.
    17381.,  -340637.
    17382.,  -340637.
    17383.,  -338997.
    17384.,  -340635.
    17385.,  -340635.
    17386.,  -340635.
    17387.,  -340635.
    17388.,  -340635.
    17389.,  -340635.
    17390.,  -340635.
    17391.,  -338997.
    17392.,  -338797.
    17393.,  -340635.
    17394.,  -340635.
    17395.,  -340635.
    17396.,  -340635.
    17397.,  -340635.
    17398.,  -340635.
    17399.,  -340635.
    17400.,  -338997.
    17401.,  -338797.
    17402.,  -340635.
    17403.,  -340635.
    17404.,  -340635.
    17405.,  -340635.
    17406.,  -340635.
    17407.,  -340635.
    17408.,  -340635.
    17409.,  -338997.
    17410.,  -340635.
    17411.,  -340635.
    17412.,  -340635.
    17413.,  -340635.
    17414.,  -338797.
    17415.,  -338797.
    17416.,  -340635.
    17417.,  -340635.
    17418.,  -340635.
    17419.,  -338797.
    17420.,  -338797.
    17421.,  -338797.
    17422.,  -338797.
    17423.,  -338997.
    17424.,  -338997.
    17425.,  -338997.
    17426.,  -338997.
    17427.,  -340635.
    17428.,  -340635.
    17429.,  -340635.
    17430.,  -340635.
    17431.,  -340635.
    17432.,  -340635.
    17433.,  -340635.
    17434.,  -340635.
    17435.,  -340635.
    17436.,  -340635.
    17437.,  -340635.
    17438.,  -340635.
    17439.,  -340635.
    17440.,  -340635.
    17441.,  -340635.
    17442.,  -340635.
    17443.,  -340635.
    17444.,  -340635.
    17445.,  -340635.
    17446.,  -340635.
    17447.,  -340635.
    17448.,  -340635.
    17449.,  -340635.
    17450.,  -340635.
    17451.,  -340635.
    17452.,  -340635.
    17453.,  -340635.
    17454.,  -340635.
    17455.,  -338675.
    17456.,  -340633.
    17457.,  -340633.
    17458.,  -340633.
    17459.,  -340633.
    17460.,  -340633.
    17461.,  -340633.
    17462.,  -340633.
    17463.,  -338675.
    17464.,  -338531.
    17465.,  -340633.
    17466.,  -340633.
    17467.,  -340633.
    17468.,  -340633.
    17469.,  -340633.
    17470.,  -340633.
    17471.,  -340633.
    17472.,  -338675.
    17473.,  -338531.
    17474.,  -340633.
    17475.,  -340633.
    17476.,  -340633.
    17477.,  -340633.
    17478.,  -340633.
    17479.,  -340633.
    17480.,  -340633.
    17481.,  -338675.
    17482.,  -340633.
    17483.,  -340633.
    17484.,  -340633.
    17485.,  -340633.
    17486.,  -338531.
    17487.,  -338531.
    17488.,  -340633.
    17489.,  -340633.
    17490.,  -340633.
    17491.,  -338531.
    17492.,  -338531.
    17493.,  -338675.
    17494.,  -338675.
    17495.,  -338675.
    17496.,  -338675.
    17497.,  -338531.
    17498.,  -338531.
    17499.,  -340633.
    17500.,  -340633.
    17501.,  -340633.
    17502.,  -340633.
    17503.,  -340633.
    17504.,  -340633.
    17505.,  -340633.
    17506.,  -340633.
    17507.,  -340633.
    17508.,  -340633.
    17509.,  -340633.
    17510.,  -340633.
    17511.,  -340633.
    17512.,  -340633.
    17513.,  -340633.
    17514.,  -340633.
    17515.,  -340633.
    17516.,  -340633.
    17517.,  -340633.
    17518.,  -340633.
    17519.,  -340633.
    17520.,  -340633.
    17521.,  -340633.
    17522.,  -340633.
    17523.,  -340633.
    17524.,  -340633.
    17525.,  -340633.
    17526.,  -340633.
    17527.,  -338521.
    17528.,  -340631.
    17529.,  -340631.
    17530.,  -340631.
    17531.,  -340631.
    17532.,  -340631.
    17533.,  -340631.
    17534.,  -340631.
    17535.,  -338521.
    17536.,  -338297.
    17537.,  -340631.
    17538.,  -340631.
    17539.,  -340631.
    17540.,  -340631.
    17541.,  -340631.
    17542.,  -340631.
    17543.,  -340631.
    17544.,  -338521.
    17545.,  -338297.
    17546.,  -340631.
    17547.,  -340631.
    17548.,  -340631.
    17549.,  -340631.
    17550.,  -340631.
    17551.,  -340631.
    17552.,  -340631.
    17553.,  -338521.
    17554.,  -340631.
    17555.,  -340631.
    17556.,  -340631.
    17557.,  -340631.
    17558.,  -338297.
    17559.,  -338297.
    17560.,  -340631.
    17561.,  -340631.
    17562.,  -340631.
    17563.,  -338521.
    17564.,  -338521.
    17565.,  -338521.
    17566.,  -338521.
    17567.,  -338297.
    17568.,  -338297.
    17569.,  -338297.
    17570.,  -338297.
    17571.,  -340631.
    17572.,  -340631.
    17573.,  -340631.
    17574.,  -340631.
    17575.,  -340631.
    17576.,  -340631.
    17577.,  -340631.
    17578.,  -340631.
    17579.,  -340631.
    17580.,  -340631.
    17581.,  -340631.
    17582.,  -340631.
    17583.,  -340631.
    17584.,  -340631.
    17585.,  -340631.
    17586.,  -340631.
    17587.,  -340631.
    17588.,  -340631.
    17589.,  -340631.
    17590.,  -340631.
    17591.,  -340631.
    17592.,  -340631.
    17593.,  -340631.
    17594.,  -340631.
    17595.,  -340631.
    17596.,  -340631.
    17597.,  -340631.
    17598.,  -340631.
    17599.,  -338287.
    17600.,  -340629.
    17601.,  -340629.
    17602.,  -340629.
    17603.,  -340629.
    17604.,  -340629.
    17605.,  -340629.
    17606.,  -340629.
    17607.,  -338287.
    17608.,  -338087.
    17609.,  -340629.
    17610.,  -340629.
    17611.,  -340629.
    17612.,  -340629.
    17613.,  -340629.
    17614.,  -340629.
    17615.,  -340629.
    17616.,  -338287.
    17617.,  -338087.
    17618.,  -340629.
    17619.,  -340629.
    17620.,  -340629.
    17621.,  -340629.
    17622.,  -340629.
    17623.,  -340629.
    17624.,  -340629.
    17625.,  -338287.
    17626.,  -340629.
    17627.,  -340629.
    17628.,  -340629.
    17629.,  -340629.
    17630.,  -338087.
    17631.,  -338087.
    17632.,  -340629.
    17633.,  -340629.
    17634.,  -340629.
    17635.,  -338087.
    17636.,  -338087.
    17637.,  -338287.
    17638.,  -338287.
    17639.,  -338287.
    17640.,  -338287.
    17641.,  -338087.
    17642.,  -338087.
    17643.,  -340629.
    17644.,  -340629.
    17645.,  -340629.
    17646.,  -340629.
    17647.,  -340629.
    17648.,  -340629.
    17649.,  -340629.
    17650.,  -340629.
    17651.,  -340629.
    17652.,  -340629.
    17653.,  -340629.
    17654.,  -340629.
    17655.,  -340629.
    17656.,  -340629.
    17657.,  -340629.
    17658.,  -340629.
    17659.,  -340629.
    17660.,  -340629.
    17661.,  -340629.
    17662.,  -340629.
    17663.,  -340629.
    17664.,  -340629.
    17665.,  -340629.
    17666.,  -340629.
    17667.,  -340629.
    17668.,  -340629.
    17669.,  -340629.
    17670.,  -340629.
    17671.,  -337973.
    17672.,  -337973.
    17673.,  -337973.
    17674.,  -337973.
    17675.,  -337837.
    17676.,  -337837.
    17677.,  -337837.
    17678.,  -337837.
    17679.,  -340627.
    17680.,  -340627.
    17681.,  -340627.
    17682.,  -340627.
    17683.,  -340627.
    17684.,  -340627.
    17685.,  -340627.
    17686.,  -340627.
    17687.,  -340627.
    17688.,  -340627.
    17689.,  -340627.
    17690.,  -340627.
    17691.,  -340627.
    17692.,  -340627.
    17693.,  -340627.
    17694.,  -340627.
    17695.,  -340627.
    17696.,  -340627.
    17697.,  -340627.
    17698.,  -340627.
    17699.,  -340627.
    17700.,  -340627.
    17701.,  -340627.
    17702.,  -340627.
    17703.,  -340627.
    17704.,  -340627.
    17705.,  -340627.
    17706.,  -340627.
    17707.,  -340627.
    17708.,  -340627.
    17709.,  -340627.
    17710.,  -337837.
    17711.,  -340627.
    17712.,  -340627.
    17713.,  -340627.
    17714.,  -340627.
    17715.,  -337837.
    17716.,  -340627.
    17717.,  -340627.
    17718.,  -340627.
    17719.,  -337973.
    17720.,  -340627.
    17721.,  -340627.
    17722.,  -340627.
    17723.,  -340627.
    17724.,  -337837.
    17725.,  -340627.
    17726.,  -340627.
    17727.,  -340627.
    17728.,  -337973.
    17729.,  -340627.
    17730.,  -340627.
    17731.,  -340627.
    17732.,  -340627.
    17733.,  -337973.
    17734.,  -340627.
    17735.,  -340627.
    17736.,  -340627.
    17737.,  -337973.
    17738.,  -340627.
    17739.,  -340627.
    17740.,  -340627.
    17741.,  -340627.
    17742.,  -337837.
    17743.,  -337827.
    17744.,  -340625.
    17745.,  -340625.
    17746.,  -340625.
    17747.,  -340625.
    17748.,  -340625.
    17749.,  -340625.
    17750.,  -340625.
    17751.,  -337827.
    17752.,  -337611.
    17753.,  -340625.
    17754.,  -340625.
    17755.,  -340625.
    17756.,  -340625.
    17757.,  -340625.
    17758.,  -340625.
    17759.,  -340625.
    17760.,  -337827.
    17761.,  -337611.
    17762.,  -340625.
    17763.,  -340625.
    17764.,  -340625.
    17765.,  -340625.
    17766.,  -340625.
    17767.,  -340625.
    17768.,  -340625.
    17769.,  -337827.
    17770.,  -340625.
    17771.,  -340625.
    17772.,  -340625.
    17773.,  -340625.
    17774.,  -337611.
    17775.,  -337611.
    17776.,  -340625.
    17777.,  -340625.
    17778.,  -340625.
    17779.,  -337827.
    17780.,  -337827.
    17781.,  -337827.
    17782.,  -337827.
    17783.,  -337611.
    17784.,  -337611.
    17785.,  -337611.
    17786.,  -337611.
    17787.,  -340625.
    17788.,  -340625.
    17789.,  -340625.
    17790.,  -340625.
    17791.,  -340625.
    17792.,  -340625.
    17793.,  -340625.
    17794.,  -340625.
    17795.,  -340625.
    17796.,  -340625.
    17797.,  -340625.
    17798.,  -340625.
    17799.,  -340625.
    17800.,  -340625.
    17801.,  -340625.
    17802.,  -340625.
    17803.,  -340625.
    17804.,  -340625.
    17805.,  -340625.
    17806.,  -340625.
    17807.,  -340625.
    17808.,  -340625.
    17809.,  -340625.
    17810.,  -340625.
    17811.,  -340625.
    17812.,  -340625.
    17813.,  -340625.
    17814.,  -340625.
    17815.,  -337601.
    17816.,  -340623.
    17817.,  -340623.
    17818.,  -340623.
    17819.,  -340623.
    17820.,  -340623.
    17821.,  -340623.
    17822.,  -340623.
    17823.,  -337601.
    17824.,  -337409.
    17825.,  -340623.
    17826.,  -340623.
    17827.,  -340623.
    17828.,  -340623.
    17829.,  -340623.
    17830.,  -340623.
    17831.,  -340623.
    17832.,  -337601.
    17833.,  -337409.
    17834.,  -340623.
    17835.,  -340623.
    17836.,  -340623.
    17837.,  -340623.
    17838.,  -340623.
    17839.,  -340623.
    17840.,  -340623.
    17841.,  -337601.
    17842.,  -340623.
    17843.,  -340623.
    17844.,  -340623.
    17845.,  -340623.
    17846.,  -337409.
    17847.,  -337409.
    17848.,  -340623.
    17849.,  -340623.
    17850.,  -340623.
    17851.,  -337601.
    17852.,  -337601.
    17853.,  -337601.
    17854.,  -337601.
    17855.,  -337409.
    17856.,  -337409.
    17857.,  -337409.
    17858.,  -337409.
    17859.,  -340623.
    17860.,  -340623.
    17861.,  -340623.
    17862.,  -340623.
    17863.,  -340623.
    17864.,  -340623.
    17865.,  -340623.
    17866.,  -340623.
    17867.,  -340623.
    17868.,  -340623.
    17869.,  -340623.
    17870.,  -340623.
    17871.,  -340623.
    17872.,  -340623.
    17873.,  -340623.
    17874.,  -340623.
    17875.,  -340623.
    17876.,  -340623.
    17877.,  -340623.
    17878.,  -340623.
    17879.,  -340623.
    17880.,  -340623.
    17881.,  -340623.
    17882.,  -340623.
    17883.,  -340623.
    17884.,  -340623.
    17885.,  -340623.
    17886.,  -340623.
    17887.,  -339207.
    17888.,  -340621.
    17889.,  -340621.
    17890.,  -340621.
    17891.,  -340621.
    17892.,  -340621.
    17893.,  -340621.
    17894.,  -340621.
    17895.,  -339207.
    17896.,  -340621.
    17897.,  -340621.
    17898.,  -340621.
    17899.,  -340621.
    17900.,  -339359.
    17901.,  -339207.
    17902.,  -340621.
    17903.,  -340621.
    17904.,  -340621.
    17905.,  -340621.
    17906.,  -340621.
    17907.,  -340621.
    17908.,  -340621.
    17909.,  -339359.
    17910.,  -339359.
    17911.,  -340621.
    17912.,  -340621.
    17913.,  -340621.
    17914.,  -340621.
    17915.,  -340621.
    17916.,  -340621.
    17917.,  -340621.
    17918.,  -339359.
    17919.,  -339207.
    17920.,  -340621.
    17921.,  -340621.
    17922.,  -340621.
    17923.,  -339207.
    17924.,  -339207.
    17925.,  -339207.
    17926.,  -339207.
    17927.,  -339359.
    17928.,  -339359.
    17929.,  -339359.
    17930.,  -339359.
    17931.,  -340621.
    17932.,  -340621.
    17933.,  -340621.
    17934.,  -340621.
    17935.,  -340621.
    17936.,  -340621.
    17937.,  -340621.
    17938.,  -340621.
    17939.,  -340621.
    17940.,  -340621.
    17941.,  -340621.
    17942.,  -340621.
    17943.,  -340621.
    17944.,  -340621.
    17945.,  -340621.
    17946.,  -340621.
    17947.,  -340621.
    17948.,  -340621.
    17949.,  -340621.
    17950.,  -340621.
    17951.,  -340621.
    17952.,  -340621.
    17953.,  -340621.
    17954.,  -340621.
    17955.,  -340621.
    17956.,  -340621.
    17957.,  -340621.
    17958.,  -340621.
    17959.,  -340619.
    17960.,  -340619.
    17961.,  -340619.
    17962.,  -340619.
    17963.,  -338973.
    17964.,  -338973.
    17965.,  -340619.
    17966.,  -340619.
    17967.,  -340619.
    17968.,  -338973.
    17969.,  -340619.
    17970.,  -340619.
    17971.,  -340619.
    17972.,  -340619.
    17973.,  -340619.
    17974.,  -340619.
    17975.,  -340619.
    17976.,  -339197.
    17977.,  -338973.
    17978.,  -340619.
    17979.,  -340619.
    17980.,  -340619.
    17981.,  -340619.
    17982.,  -340619.
    17983.,  -340619.
    17984.,  -340619.
    17985.,  -339197.
    17986.,  -339197.
    17987.,  -340619.
    17988.,  -340619.
    17989.,  -340619.
    17990.,  -340619.
    17991.,  -340619.
    17992.,  -340619.
    17993.,  -340619.
    17994.,  -339197.
    17995.,  -338973.
    17996.,  -338973.
    17997.,  -338973.
    17998.,  -338973.
    17999.,  -339197.
    18000.,  -339197.
    18001.,  -339197.
    18002.,  -339197.
    18003.,  -340619.
    18004.,  -340619.
    18005.,  -340619.
    18006.,  -340619.
    18007.,  -340619.
    18008.,  -340619.
    18009.,  -340619.
    18010.,  -340619.
    18011.,  -340619.
    18012.,  -340619.
    18013.,  -340619.
    18014.,  -340619.
    18015.,  -340619.
    18016.,  -340619.
    18017.,  -340619.
    18018.,  -340619.
    18019.,  -340619.
    18020.,  -340619.
    18021.,  -340619.
    18022.,  -340619.
    18023.,  -340619.
    18024.,  -340619.
    18025.,  -340619.
    18026.,  -340619.
    18027.,  -340619.
    18028.,  -340619.
    18029.,  -340619.
    18030.,  -340619.
    18031.,  -340617.
    18032.,  -340617.
    18033.,  -340617.
    18034.,  -340617.
    18035.,  -338771.
    18036.,  -338771.
    18037.,  -340617.
    18038.,  -340617.
    18039.,  -340617.
    18040.,  -338771.
    18041.,  -340617.
    18042.,  -340617.
    18043.,  -340617.
    18044.,  -340617.
    18045.,  -340617.
    18046.,  -340617.
    18047.,  -340617.
    18048.,  -338963.
    18049.,  -338771.
    18050.,  -340617.
    18051.,  -340617.
    18052.,  -340617.
    18053.,  -340617.
    18054.,  -340617.
    18055.,  -340617.
    18056.,  -340617.
    18057.,  -338963.
    18058.,  -338963.
    18059.,  -340617.
    18060.,  -340617.
    18061.,  -340617.
    18062.,  -340617.
    18063.,  -340617.
    18064.,  -340617.
    18065.,  -340617.
    18066.,  -338963.
    18067.,  -338771.
    18068.,  -338771.
    18069.,  -338771.
    18070.,  -338771.
    18071.,  -338963.
    18072.,  -338963.
    18073.,  -338963.
    18074.,  -338963.
    18075.,  -340617.
    18076.,  -340617.
    18077.,  -340617.
    18078.,  -340617.
    18079.,  -340617.
    18080.,  -340617.
    18081.,  -340617.
    18082.,  -340617.
    18083.,  -340617.
    18084.,  -340617.
    18085.,  -340617.
    18086.,  -340617.
    18087.,  -340617.
    18088.,  -340617.
    18089.,  -340617.
    18090.,  -340617.
    18091.,  -340617.
    18092.,  -340617.
    18093.,  -340617.
    18094.,  -340617.
    18095.,  -340617.
    18096.,  -340617.
    18097.,  -340617.
    18098.,  -340617.
    18099.,  -340617.
    18100.,  -340617.
    18101.,  -340617.
    18102.,  -340617.
    18103.,  -340615.
    18104.,  -340615.
    18105.,  -340615.
    18106.,  -340615.
    18107.,  -338497.
    18108.,  -338497.
    18109.,  -340615.
    18110.,  -340615.
    18111.,  -340615.
    18112.,  -338497.
    18113.,  -340615.
    18114.,  -340615.
    18115.,  -340615.
    18116.,  -340615.
    18117.,  -340615.
    18118.,  -340615.
    18119.,  -340615.
    18120.,  -338649.
    18121.,  -338497.
    18122.,  -340615.
    18123.,  -340615.
    18124.,  -340615.
    18125.,  -340615.
    18126.,  -340615.
    18127.,  -340615.
    18128.,  -340615.
    18129.,  -338649.
    18130.,  -338649.
    18131.,  -340615.
    18132.,  -340615.
    18133.,  -340615.
    18134.,  -340615.
    18135.,  -340615.
    18136.,  -340615.
    18137.,  -340615.
    18138.,  -338649.
    18139.,  -338497.
    18140.,  -338497.
    18141.,  -338497.
    18142.,  -338497.
    18143.,  -338649.
    18144.,  -338649.
    18145.,  -338649.
    18146.,  -338649.
    18147.,  -340615.
    18148.,  -340615.
    18149.,  -340615.
    18150.,  -340615.
    18151.,  -340615.
    18152.,  -340615.
    18153.,  -340615.
    18154.,  -340615.
    18155.,  -340615.
    18156.,  -340615.
    18157.,  -340615.
    18158.,  -340615.
    18159.,  -340615.
    18160.,  -340615.
    18161.,  -340615.
    18162.,  -340615.
    18163.,  -340615.
    18164.,  -340615.
    18165.,  -340615.
    18166.,  -340615.
    18167.,  -340615.
    18168.,  -340615.
    18169.,  -340615.
    18170.,  -340615.
    18171.,  -340615.
    18172.,  -340615.
    18173.,  -340615.
    18174.,  -340615.
    18175.,  -340613.
    18176.,  -340613.
    18177.,  -340613.
    18178.,  -340613.
    18179.,  -338263.
    18180.,  -338263.
    18181.,  -340613.
    18182.,  -340613.
    18183.,  -340613.
    18184.,  -338263.
    18185.,  -340613.
    18186.,  -340613.
    18187.,  -340613.
    18188.,  -340613.
    18189.,  -340613.
    18190.,  -340613.
    18191.,  -340613.
    18192.,  -338487.
    18193.,  -338263.
    18194.,  -340613.
    18195.,  -340613.
    18196.,  -340613.
    18197.,  -340613.
    18198.,  -340613.
    18199.,  -340613.
    18200.,  -340613.
    18201.,  -338487.
    18202.,  -338487.
    18203.,  -340613.
    18204.,  -340613.
    18205.,  -340613.
    18206.,  -340613.
    18207.,  -340613.
    18208.,  -340613.
    18209.,  -340613.
    18210.,  -338487.
    18211.,  -338263.
    18212.,  -338263.
    18213.,  -338263.
    18214.,  -338263.
    18215.,  -338487.
    18216.,  -338487.
    18217.,  -338487.
    18218.,  -338487.
    18219.,  -340613.
    18220.,  -340613.
    18221.,  -340613.
    18222.,  -340613.
    18223.,  -340613.
    18224.,  -340613.
    18225.,  -340613.
    18226.,  -340613.
    18227.,  -340613.
    18228.,  -340613.
    18229.,  -340613.
    18230.,  -340613.
    18231.,  -340613.
    18232.,  -340613.
    18233.,  -340613.
    18234.,  -340613.
    18235.,  -340613.
    18236.,  -340613.
    18237.,  -340613.
    18238.,  -340613.
    18239.,  -340613.
    18240.,  -340613.
    18241.,  -340613.
    18242.,  -340613.
    18243.,  -340613.
    18244.,  -340613.
    18245.,  -340613.
    18246.,  -340613.
    18247.,  -340611.
    18248.,  -340611.
    18249.,  -340611.
    18250.,  -340611.
    18251.,  -338061.
    18252.,  -338061.
    18253.,  -340611.
    18254.,  -340611.
    18255.,  -340611.
    18256.,  -338061.
    18257.,  -340611.
    18258.,  -340611.
    18259.,  -340611.
    18260.,  -340611.
    18261.,  -340611.
    18262.,  -340611.
    18263.,  -340611.
    18264.,  -338253.
    18265.,  -338061.
    18266.,  -340611.
    18267.,  -340611.
    18268.,  -340611.
    18269.,  -340611.
    18270.,  -340611.
    18271.,  -340611.
    18272.,  -340611.
    18273.,  -338253.
    18274.,  -338253.
    18275.,  -340611.
    18276.,  -340611.
    18277.,  -340611.
    18278.,  -340611.
    18279.,  -340611.
    18280.,  -340611.
    18281.,  -340611.
    18282.,  -338253.
    18283.,  -338061.
    18284.,  -338061.
    18285.,  -338061.
    18286.,  -338061.
    18287.,  -338253.
    18288.,  -338253.
    18289.,  -338253.
    18290.,  -338253.
    18291.,  -340611.
    18292.,  -340611.
    18293.,  -340611.
    18294.,  -340611.
    18295.,  -340611.
    18296.,  -340611.
    18297.,  -340611.
    18298.,  -340611.
    18299.,  -340611.
    18300.,  -340611.
    18301.,  -340611.
    18302.,  -340611.
    18303.,  -340611.
    18304.,  -340611.
    18305.,  -340611.
    18306.,  -340611.
    18307.,  -340611.
    18308.,  -340611.
    18309.,  -340611.
    18310.,  -340611.
    18311.,  -340611.
    18312.,  -340611.
    18313.,  -340611.
    18314.,  -340611.
    18315.,  -340611.
    18316.,  -340611.
    18317.,  -340611.
    18318.,  -340611.
    18319.,  -337803.
    18320.,  -340609.
    18321.,  -340609.
    18322.,  -340609.
    18323.,  -340609.
    18324.,  -340609.
    18325.,  -340609.
    18326.,  -340609.
    18327.,  -337947.
    18328.,  -337947.
    18329.,  -340609.
    18330.,  -340609.
    18331.,  -340609.
    18332.,  -340609.
    18333.,  -340609.
    18334.,  -340609.
    18335.,  -340609.
    18336.,  -337947.
    18337.,  -337803.
    18338.,  -340609.
    18339.,  -340609.
    18340.,  -340609.
    18341.,  -340609.
    18342.,  -340609.
    18343.,  -340609.
    18344.,  -340609.
    18345.,  -337947.
    18346.,  -340609.
    18347.,  -340609.
    18348.,  -340609.
    18349.,  -340609.
    18350.,  -337803.
    18351.,  -337803.
    18352.,  -340609.
    18353.,  -340609.
    18354.,  -340609.
    18355.,  -337947.
    18356.,  -337947.
    18357.,  -337803.
    18358.,  -337803.
    18359.,  -337803.
    18360.,  -337803.
    18361.,  -337947.
    18362.,  -337947.
    18363.,  -340609.
    18364.,  -340609.
    18365.,  -340609.
    18366.,  -340609.
    18367.,  -340609.
    18368.,  -340609.
    18369.,  -340609.
    18370.,  -340609.
    18371.,  -340609.
    18372.,  -340609.
    18373.,  -340609.
    18374.,  -340609.
    18375.,  -340609.
    18376.,  -340609.
    18377.,  -340609.
    18378.,  -340609.
    18379.,  -340609.
    18380.,  -340609.
    18381.,  -340609.
    18382.,  -340609.
    18383.,  -340609.
    18384.,  -340609.
    18385.,  -340609.
    18386.,  -340609.
    18387.,  -340609.
    18388.,  -340609.
    18389.,  -340609.
    18390.,  -340609.
    18391.,  -340607.
    18392.,  -340607.
    18393.,  -340607.
    18394.,  -340607.
    18395.,  -337577.
    18396.,  -337577.
    18397.,  -340607.
    18398.,  -340607.
    18399.,  -340607.
    18400.,  -337577.
    18401.,  -340607.
    18402.,  -340607.
    18403.,  -340607.
    18404.,  -340607.
    18405.,  -340607.
    18406.,  -340607.
    18407.,  -340607.
    18408.,  -337793.
    18409.,  -337577.
    18410.,  -340607.
    18411.,  -340607.
    18412.,  -340607.
    18413.,  -340607.
    18414.,  -340607.
    18415.,  -340607.
    18416.,  -340607.
    18417.,  -337793.
    18418.,  -337793.
    18419.,  -340607.
    18420.,  -340607.
    18421.,  -340607.
    18422.,  -340607.
    18423.,  -340607.
    18424.,  -340607.
    18425.,  -340607.
    18426.,  -337793.
    18427.,  -337577.
    18428.,  -337577.
    18429.,  -337577.
    18430.,  -337577.
    18431.,  -337793.
    18432.,  -337793.
    18433.,  -337793.
    18434.,  -337793.
    18435.,  -340607.
    18436.,  -340607.
    18437.,  -340607.
    18438.,  -340607.
    18439.,  -340607.
    18440.,  -340607.
    18441.,  -340607.
    18442.,  -340607.
    18443.,  -340607.
    18444.,  -340607.
    18445.,  -340607.
    18446.,  -340607.
    18447.,  -340607.
    18448.,  -340607.
    18449.,  -340607.
    18450.,  -340607.
    18451.,  -340607.
    18452.,  -340607.
    18453.,  -340607.
    18454.,  -340607.
    18455.,  -340607.
    18456.,  -340607.
    18457.,  -340607.
    18458.,  -340607.
    18459.,  -340607.
    18460.,  -340607.
    18461.,  -340607.
    18462.,  -340607.
    18463.,  -337383.
    18464.,  -337383.
    18465.,  -337383.
    18466.,  -337383.
    18467.,  -337567.
    18468.,  -337567.
    18469.,  -337567.
    18470.,  -337567.
    18471.,  -340605.
    18472.,  -340605.
    18473.,  -340605.
    18474.,  -340605.
    18475.,  -340605.
    18476.,  -340605.
    18477.,  -340605.
    18478.,  -340605.
    18479.,  -340605.
    18480.,  -340605.
    18481.,  -340605.
    18482.,  -340605.
    18483.,  -340605.
    18484.,  -340605.
    18485.,  -340605.
    18486.,  -340605.
    18487.,  -340605.
    18488.,  -340605.
    18489.,  -340605.
    18490.,  -340605.
    18491.,  -340605.
    18492.,  -340605.
    18493.,  -340605.
    18494.,  -340605.
    18495.,  -340605.
    18496.,  -340605.
    18497.,  -340605.
    18498.,  -340605.
    18499.,  -340605.
    18500.,  -340605.
    18501.,  -340605.
    18502.,  -337383.
    18503.,  -340605.
    18504.,  -340605.
    18505.,  -340605.
    18506.,  -340605.
    18507.,  -337567.
    18508.,  -340605.
    18509.,  -340605.
    18510.,  -340605.
    18511.,  -337567.
    18512.,  -340605.
    18513.,  -340605.
    18514.,  -340605.
    18515.,  -340605.
    18516.,  -337567.
    18517.,  -340605.
    18518.,  -340605.
    18519.,  -340605.
    18520.,  -337383.
    18521.,  -340605.
    18522.,  -340605.
    18523.,  -340605.
    18524.,  -340605.
    18525.,  -337567.
    18526.,  -340605.
    18527.,  -340605.
    18528.,  -340605.
    18529.,  -337383.
    18530.,  -340605.
    18531.,  -340605.
    18532.,  -340605.
    18533.,  -340605.
    18534.,  -337383.
    18535.,  -339173.
    18536.,  -340603.
    18537.,  -340603.
    18538.,  -340603.
    18539.,  -340603.
    18540.,  -340603.
    18541.,  -340603.
    18542.,  -340603.
    18543.,  -339173.
    18544.,  -340603.
    18545.,  -340603.
    18546.,  -340603.
    18547.,  -340603.
    18548.,  -339333.
    18549.,  -339173.
    18550.,  -340603.
    18551.,  -340603.
    18552.,  -340603.
    18553.,  -340603.
    18554.,  -340603.
    18555.,  -340603.
    18556.,  -340603.
    18557.,  -339333.
    18558.,  -339333.
    18559.,  -340603.
    18560.,  -340603.
    18561.,  -340603.
    18562.,  -340603.
    18563.,  -340603.
    18564.,  -340603.
    18565.,  -340603.
    18566.,  -339333.
    18567.,  -339173.
    18568.,  -340603.
    18569.,  -340603.
    18570.,  -340603.
    18571.,  -339173.
    18572.,  -339173.
    18573.,  -339173.
    18574.,  -339173.
    18575.,  -339333.
    18576.,  -339333.
    18577.,  -339333.
    18578.,  -339333.
    18579.,  -340603.
    18580.,  -340603.
    18581.,  -340603.
    18582.,  -340603.
    18583.,  -340603.
    18584.,  -340603.
    18585.,  -340603.
    18586.,  -340603.
    18587.,  -340603.
    18588.,  -340603.
    18589.,  -340603.
    18590.,  -340603.
    18591.,  -340603.
    18592.,  -340603.
    18593.,  -340603.
    18594.,  -340603.
    18595.,  -340603.
    18596.,  -340603.
    18597.,  -340603.
    18598.,  -340603.
    18599.,  -340603.
    18600.,  -340603.
    18601.,  -340603.
    18602.,  -340603.
    18603.,  -340603.
    18604.,  -340603.
    18605.,  -340603.
    18606.,  -340603.
    18607.,  -338939.
    18608.,  -340601.
    18609.,  -340601.
    18610.,  -340601.
    18611.,  -340601.
    18612.,  -340601.
    18613.,  -340601.
    18614.,  -340601.
    18615.,  -339163.
    18616.,  -339163.
    18617.,  -340601.
    18618.,  -340601.
    18619.,  -340601.
    18620.,  -340601.
    18621.,  -340601.
    18622.,  -340601.
    18623.,  -340601.
    18624.,  -339163.
    18625.,  -340601.
    18626.,  -340601.
    18627.,  -340601.
    18628.,  -340601.
    18629.,  -338939.
    18630.,  -338939.
    18631.,  -340601.
    18632.,  -340601.
    18633.,  -340601.
    18634.,  -338939.
    18635.,  -340601.
    18636.,  -340601.
    18637.,  -340601.
    18638.,  -340601.
    18639.,  -340601.
    18640.,  -340601.
    18641.,  -340601.
    18642.,  -339163.
    18643.,  -338939.
    18644.,  -338939.
    18645.,  -338939.
    18646.,  -338939.
    18647.,  -339163.
    18648.,  -339163.
    18649.,  -339163.
    18650.,  -339163.
    18651.,  -340601.
    18652.,  -340601.
    18653.,  -340601.
    18654.,  -340601.
    18655.,  -340601.
    18656.,  -340601.
    18657.,  -340601.
    18658.,  -340601.
    18659.,  -340601.
    18660.,  -340601.
    18661.,  -340601.
    18662.,  -340601.
    18663.,  -340601.
    18664.,  -340601.
    18665.,  -340601.
    18666.,  -340601.
    18667.,  -340601.
    18668.,  -340601.
    18669.,  -340601.
    18670.,  -340601.
    18671.,  -340601.
    18672.,  -340601.
    18673.,  -340601.
    18674.,  -340601.
    18675.,  -340601.
    18676.,  -340601.
    18677.,  -340601.
    18678.,  -340601.
    18679.,  -338745.
    18680.,  -340599.
    18681.,  -340599.
    18682.,  -340599.
    18683.,  -340599.
    18684.,  -340599.
    18685.,  -340599.
    18686.,  -340599.
    18687.,  -338929.
    18688.,  -338929.
    18689.,  -340599.
    18690.,  -340599.
    18691.,  -340599.
    18692.,  -340599.
    18693.,  -340599.
    18694.,  -340599.
    18695.,  -340599.
    18696.,  -338929.
    18697.,  -340599.
    18698.,  -340599.
    18699.,  -340599.
    18700.,  -340599.
    18701.,  -338745.
    18702.,  -338745.
    18703.,  -340599.
    18704.,  -340599.
    18705.,  -340599.
    18706.,  -338745.
    18707.,  -340599.
    18708.,  -340599.
    18709.,  -340599.
    18710.,  -340599.
    18711.,  -340599.
    18712.,  -340599.
    18713.,  -340599.
    18714.,  -338929.
    18715.,  -338745.
    18716.,  -338745.
    18717.,  -338745.
    18718.,  -338745.
    18719.,  -338929.
    18720.,  -338929.
    18721.,  -338929.
    18722.,  -338929.
    18723.,  -340599.
    18724.,  -340599.
    18725.,  -340599.
    18726.,  -340599.
    18727.,  -340599.
    18728.,  -340599.
    18729.,  -340599.
    18730.,  -340599.
    18731.,  -340599.
    18732.,  -340599.
    18733.,  -340599.
    18734.,  -340599.
    18735.,  -340599.
    18736.,  -340599.
    18737.,  -340599.
    18738.,  -340599.
    18739.,  -340599.
    18740.,  -340599.
    18741.,  -340599.
    18742.,  -340599.
    18743.,  -340599.
    18744.,  -340599.
    18745.,  -340599.
    18746.,  -340599.
    18747.,  -340599.
    18748.,  -340599.
    18749.,  -340599.
    18750.,  -340599.
    18751.,  -338463.
    18752.,  -340597.
    18753.,  -340597.
    18754.,  -340597.
    18755.,  -340597.
    18756.,  -340597.
    18757.,  -340597.
    18758.,  -340597.
    18759.,  -338623.
    18760.,  -338623.
    18761.,  -340597.
    18762.,  -340597.
    18763.,  -340597.
    18764.,  -340597.
    18765.,  -340597.
    18766.,  -340597.
    18767.,  -340597.
    18768.,  -338623.
    18769.,  -340597.
    18770.,  -340597.
    18771.,  -340597.
    18772.,  -340597.
    18773.,  -338463.
    18774.,  -338463.
    18775.,  -340597.
    18776.,  -340597.
    18777.,  -340597.
    18778.,  -338463.
    18779.,  -340597.
    18780.,  -340597.
    18781.,  -340597.
    18782.,  -340597.
    18783.,  -340597.
    18784.,  -340597.
    18785.,  -340597.
    18786.,  -338623.
    18787.,  -338623.
    18788.,  -338623.
    18789.,  -338623.
    18790.,  -338623.
    18791.,  -338463.
    18792.,  -338463.
    18793.,  -338463.
    18794.,  -338463.
    18795.,  -340597.
    18796.,  -340597.
    18797.,  -340597.
    18798.,  -340597.
    18799.,  -340597.
    18800.,  -340597.
    18801.,  -340597.
    18802.,  -340597.
    18803.,  -340597.
    18804.,  -340597.
    18805.,  -340597.
    18806.,  -340597.
    18807.,  -340597.
    18808.,  -340597.
    18809.,  -340597.
    18810.,  -340597.
    18811.,  -340597.
    18812.,  -340597.
    18813.,  -340597.
    18814.,  -340597.
    18815.,  -340597.
    18816.,  -340597.
    18817.,  -340597.
    18818.,  -340597.
    18819.,  -340597.
    18820.,  -340597.
    18821.,  -340597.
    18822.,  -340597.
    18823.,  -338229.
    18824.,  -340595.
    18825.,  -340595.
    18826.,  -340595.
    18827.,  -340595.
    18828.,  -340595.
    18829.,  -340595.
    18830.,  -340595.
    18831.,  -338453.
    18832.,  -338453.
    18833.,  -340595.
    18834.,  -340595.
    18835.,  -340595.
    18836.,  -340595.
    18837.,  -340595.
    18838.,  -340595.
    18839.,  -340595.
    18840.,  -338453.
    18841.,  -340595.
    18842.,  -340595.
    18843.,  -340595.
    18844.,  -340595.
    18845.,  -338229.
    18846.,  -338229.
    18847.,  -340595.
    18848.,  -340595.
    18849.,  -340595.
    18850.,  -338229.
    18851.,  -340595.
    18852.,  -340595.
    18853.,  -340595.
    18854.,  -340595.
    18855.,  -340595.
    18856.,  -340595.
    18857.,  -340595.
    18858.,  -338453.
    18859.,  -338453.
    18860.,  -338453.
    18861.,  -338453.
    18862.,  -338453.
    18863.,  -338229.
    18864.,  -338229.
    18865.,  -338229.
    18866.,  -338229.
    18867.,  -340595.
    18868.,  -340595.
    18869.,  -340595.
    18870.,  -340595.
    18871.,  -340595.
    18872.,  -340595.
    18873.,  -340595.
    18874.,  -340595.
    18875.,  -340595.
    18876.,  -340595.
    18877.,  -340595.
    18878.,  -340595.
    18879.,  -340595.
    18880.,  -340595.
    18881.,  -340595.
    18882.,  -340595.
    18883.,  -340595.
    18884.,  -340595.
    18885.,  -340595.
    18886.,  -340595.
    18887.,  -340595.
    18888.,  -340595.
    18889.,  -340595.
    18890.,  -340595.
    18891.,  -340595.
    18892.,  -340595.
    18893.,  -340595.
    18894.,  -340595.
    18895.,  -338035.
    18896.,  -340593.
    18897.,  -340593.
    18898.,  -340593.
    18899.,  -340593.
    18900.,  -340593.
    18901.,  -340593.
    18902.,  -340593.
    18903.,  -338219.
    18904.,  -338219.
    18905.,  -340593.
    18906.,  -340593.
    18907.,  -340593.
    18908.,  -340593.
    18909.,  -340593.
    18910.,  -340593.
    18911.,  -340593.
    18912.,  -338219.
    18913.,  -340593.
    18914.,  -340593.
    18915.,  -340593.
    18916.,  -340593.
    18917.,  -338035.
    18918.,  -338035.
    18919.,  -340593.
    18920.,  -340593.
    18921.,  -340593.
    18922.,  -338035.
    18923.,  -340593.
    18924.,  -340593.
    18925.,  -340593.
    18926.,  -340593.
    18927.,  -340593.
    18928.,  -340593.
    18929.,  -340593.
    18930.,  -338219.
    18931.,  -338219.
    18932.,  -338219.
    18933.,  -338219.
    18934.,  -338219.
    18935.,  -338035.
    18936.,  -338035.
    18937.,  -338035.
    18938.,  -338035.
    18939.,  -340593.
    18940.,  -340593.
    18941.,  -340593.
    18942.,  -340593.
    18943.,  -340593.
    18944.,  -340593.
    18945.,  -340593.
    18946.,  -340593.
    18947.,  -340593.
    18948.,  -340593.
    18949.,  -340593.
    18950.,  -340593.
    18951.,  -340593.
    18952.,  -340593.
    18953.,  -340593.
    18954.,  -340593.
    18955.,  -340593.
    18956.,  -340593.
    18957.,  -340593.
    18958.,  -340593.
    18959.,  -340593.
    18960.,  -340593.
    18961.,  -340593.
    18962.,  -340593.
    18963.,  -340593.
    18964.,  -340593.
    18965.,  -340593.
    18966.,  -340593.
    18967.,  -337921.
    18968.,  -337921.
    18969.,  -337921.
    18970.,  -337921.
    18971.,  -337769.
    18972.,  -337769.
    18973.,  -337769.
    18974.,  -340591.
    18975.,  -340591.
    18976.,  -340591.
    18977.,  -340591.
    18978.,  -340591.
    18979.,  -340591.
    18980.,  -340591.
    18981.,  -340591.
    18982.,  -340591.
    18983.,  -340591.
    18984.,  -340591.
    18985.,  -340591.
    18986.,  -340591.
    18987.,  -340591.
    18988.,  -340591.
    18989.,  -340591.
    18990.,  -340591.
    18991.,  -340591.
    18992.,  -340591.
    18993.,  -340591.
    18994.,  -340591.
    18995.,  -340591.
    18996.,  -340591.
    18997.,  -340591.
    18998.,  -340591.
    18999.,  -337769.
    19000.,  -340591.
    19001.,  -340591.
    19002.,  -340591.
    19003.,  -337769.
    19004.,  -337769.
    19005.,  -340591.
    19006.,  -340591.
    19007.,  -340591.
    19008.,  -340591.
    19009.,  -340591.
    19010.,  -340591.
    19011.,  -340591.
    19012.,  -337769.
    19013.,  -340591.
    19014.,  -340591.
    19015.,  -340591.
    19016.,  -337921.
    19017.,  -340591.
    19018.,  -340591.
    19019.,  -340591.
    19020.,  -340591.
    19021.,  -337769.
    19022.,  -340591.
    19023.,  -340591.
    19024.,  -340591.
    19025.,  -337921.
    19026.,  -340591.
    19027.,  -340591.
    19028.,  -340591.
    19029.,  -340591.
    19030.,  -337921.
    19031.,  -340591.
    19032.,  -340591.
    19033.,  -340591.
    19034.,  -337921.
    19035.,  -340591.
    19036.,  -340591.
    19037.,  -340591.
    19038.,  -340591.
    19039.,  -337543.
    19040.,  -340589.
    19041.,  -340589.
    19042.,  -340589.
    19043.,  -340589.
    19044.,  -340589.
    19045.,  -340589.
    19046.,  -340589.
    19047.,  -337759.
    19048.,  -337759.
    19049.,  -340589.
    19050.,  -340589.
    19051.,  -340589.
    19052.,  -340589.
    19053.,  -340589.
    19054.,  -340589.
    19055.,  -340589.
    19056.,  -337759.
    19057.,  -340589.
    19058.,  -340589.
    19059.,  -340589.
    19060.,  -340589.
    19061.,  -337543.
    19062.,  -337543.
    19063.,  -340589.
    19064.,  -340589.
    19065.,  -340589.
    19066.,  -337543.
    19067.,  -340589.
    19068.,  -340589.
    19069.,  -340589.
    19070.,  -340589.
    19071.,  -340589.
    19072.,  -340589.
    19073.,  -340589.
    19074.,  -337759.
    19075.,  -337759.
    19076.,  -337759.
    19077.,  -337759.
    19078.,  -337759.
    19079.,  -337543.
    19080.,  -337543.
    19081.,  -337543.
    19082.,  -337543.
    19083.,  -340589.
    19084.,  -340589.
    19085.,  -340589.
    19086.,  -340589.
    19087.,  -340589.
    19088.,  -340589.
    19089.,  -340589.
    19090.,  -340589.
    19091.,  -340589.
    19092.,  -340589.
    19093.,  -340589.
    19094.,  -340589.
    19095.,  -340589.
    19096.,  -340589.
    19097.,  -340589.
    19098.,  -340589.
    19099.,  -340589.
    19100.,  -340589.
    19101.,  -340589.
    19102.,  -340589.
    19103.,  -340589.
    19104.,  -340589.
    19105.,  -340589.
    19106.,  -340589.
    19107.,  -340589.
    19108.,  -340589.
    19109.,  -340589.
    19110.,  -340589.
    19111.,  -337357.
    19112.,  -340587.
    19113.,  -340587.
    19114.,  -340587.
    19115.,  -340587.
    19116.,  -340587.
    19117.,  -340587.
    19118.,  -340587.
    19119.,  -337533.
    19120.,  -337533.
    19121.,  -340587.
    19122.,  -340587.
    19123.,  -340587.
    19124.,  -340587.
    19125.,  -340587.
    19126.,  -340587.
    19127.,  -340587.
    19128.,  -337533.
    19129.,  -340587.
    19130.,  -340587.
    19131.,  -340587.
    19132.,  -340587.
    19133.,  -337357.
    19134.,  -337357.
    19135.,  -340587.
    19136.,  -340587.
    19137.,  -340587.
    19138.,  -337357.
    19139.,  -340587.
    19140.,  -340587.
    19141.,  -340587.
    19142.,  -340587.
    19143.,  -340587.
    19144.,  -340587.
    19145.,  -340587.
    19146.,  -337533.
    19147.,  -337357.
    19148.,  -337357.
    19149.,  -337533.
    19150.,  -337533.
    19151.,  -337533.
    19152.,  -337533.
    19153.,  -337357.
    19154.,  -337357.
    19155.,  -340587.
    19156.,  -340587.
    19157.,  -340587.
    19158.,  -340587.
    19159.,  -340587.
    19160.,  -340587.
    19161.,  -340587.
    19162.,  -340587.
    19163.,  -340587.
    19164.,  -340587.
    19165.,  -340587.
    19166.,  -340587.
    19167.,  -340587.
    19168.,  -340587.
    19169.,  -340587.
    19170.,  -340587.
    19171.,  -340587.
    19172.,  -340587.
    19173.,  -340587.
    19174.,  -340587.
    19175.,  -340587.
    19176.,  -340587.
    19177.,  -340587.
    19178.,  -340587.
    19179.,  -340587.
    19180.,  -340587.
    19181.,  -340587.
    19182.,  -340587.
    19183.,  -339139.
    19184.,  -340585.
    19185.,  -340585.
    19186.,  -340585.
    19187.,  -340585.
    19188.,  -340585.
    19189.,  -340585.
    19190.,  -340585.
    19191.,  -339139.
    19192.,  -340585.
    19193.,  -340585.
    19194.,  -340585.
    19195.,  -340585.
    19196.,  -339307.
    19197.,  -339139.
    19198.,  -340585.
    19199.,  -340585.
    19200.,  -340585.
    19201.,  -340585.
    19202.,  -340585.
    19203.,  -340585.
    19204.,  -340585.
    19205.,  -339307.
    19206.,  -339307.
    19207.,  -340585.
    19208.,  -340585.
    19209.,  -340585.
    19210.,  -340585.
    19211.,  -340585.
    19212.,  -340585.
    19213.,  -340585.
    19214.,  -339307.
    19215.,  -339139.
    19216.,  -340585.
    19217.,  -340585.
    19218.,  -340585.
    19219.,  -339139.
    19220.,  -339139.
    19221.,  -339139.
    19222.,  -339139.
    19223.,  -339307.
    19224.,  -339307.
    19225.,  -339307.
    19226.,  -339307.
    19227.,  -340585.
    19228.,  -340585.
    19229.,  -340585.
    19230.,  -340585.
    19231.,  -340585.
    19232.,  -340585.
    19233.,  -340585.
    19234.,  -340585.
    19235.,  -340585.
    19236.,  -340585.
    19237.,  -340585.
    19238.,  -340585.
    19239.,  -340585.
    19240.,  -340585.
    19241.,  -340585.
    19242.,  -340585.
    19243.,  -340585.
    19244.,  -340585.
    19245.,  -340585.
    19246.,  -340585.
    19247.,  -340585.
    19248.,  -340585.
    19249.,  -340585.
    19250.,  -340585.
    19251.,  -340585.
    19252.,  -340585.
    19253.,  -340585.
    19254.,  -340585.
    19255.,  -340583.
    19256.,  -340583.
    19257.,  -340583.
    19258.,  -340583.
    19259.,  -338905.
    19260.,  -338905.
    19261.,  -340583.
    19262.,  -340583.
    19263.,  -340583.
    19264.,  -338905.
    19265.,  -340583.
    19266.,  -340583.
    19267.,  -340583.
    19268.,  -340583.
    19269.,  -340583.
    19270.,  -340583.
    19271.,  -340583.
    19272.,  -339129.
    19273.,  -338905.
    19274.,  -340583.
    19275.,  -340583.
    19276.,  -340583.
    19277.,  -340583.
    19278.,  -340583.
    19279.,  -340583.
    19280.,  -340583.
    19281.,  -339129.
    19282.,  -339129.
    19283.,  -340583.
    19284.,  -340583.
    19285.,  -340583.
    19286.,  -340583.
    19287.,  -340583.
    19288.,  -340583.
    19289.,  -340583.
    19290.,  -339129.
    19291.,  -338905.
    19292.,  -338905.
    19293.,  -338905.
    19294.,  -338905.
    19295.,  -339129.
    19296.,  -339129.
    19297.,  -339129.
    19298.,  -339129.
    19299.,  -340583.
    19300.,  -340583.
    19301.,  -340583.
    19302.,  -340583.
    19303.,  -340583.
    19304.,  -340583.
    19305.,  -340583.
    19306.,  -340583.
    19307.,  -340583.
    19308.,  -340583.
    19309.,  -340583.
    19310.,  -340583.
    19311.,  -340583.
    19312.,  -340583.
    19313.,  -340583.
    19314.,  -340583.
    19315.,  -340583.
    19316.,  -340583.
    19317.,  -340583.
    19318.,  -340583.
    19319.,  -340583.
    19320.,  -340583.
    19321.,  -340583.
    19322.,  -340583.
    19323.,  -340583.
    19324.,  -340583.
    19325.,  -340583.
    19326.,  -340583.
    19327.,  -340581.
    19328.,  -340581.
    19329.,  -340581.
    19330.,  -340581.
    19331.,  -338719.
    19332.,  -338719.
    19333.,  -340581.
    19334.,  -340581.
    19335.,  -340581.
    19336.,  -338719.
    19337.,  -340581.
    19338.,  -340581.
    19339.,  -340581.
    19340.,  -340581.
    19341.,  -340581.
    19342.,  -340581.
    19343.,  -340581.
    19344.,  -338895.
    19345.,  -338719.
    19346.,  -340581.
    19347.,  -340581.
    19348.,  -340581.
    19349.,  -340581.
    19350.,  -340581.
    19351.,  -340581.
    19352.,  -340581.
    19353.,  -338895.
    19354.,  -338895.
    19355.,  -340581.
    19356.,  -340581.
    19357.,  -340581.
    19358.,  -340581.
    19359.,  -340581.
    19360.,  -340581.
    19361.,  -340581.
    19362.,  -338895.
    19363.,  -338719.
    19364.,  -338719.
    19365.,  -338719.
    19366.,  -338719.
    19367.,  -338895.
    19368.,  -338895.
    19369.,  -338895.
    19370.,  -338895.
    19371.,  -340581.
    19372.,  -340581.
    19373.,  -340581.
    19374.,  -340581.
    19375.,  -340581.
    19376.,  -340581.
    19377.,  -340581.
    19378.,  -340581.
    19379.,  -340581.
    19380.,  -340581.
    19381.,  -340581.
    19382.,  -340581.
    19383.,  -340581.
    19384.,  -340581.
    19385.,  -340581.
    19386.,  -340581.
    19387.,  -340581.
    19388.,  -340581.
    19389.,  -340581.
    19390.,  -340581.
    19391.,  -340581.
    19392.,  -340581.
    19393.,  -340581.
    19394.,  -340581.
    19395.,  -340581.
    19396.,  -340581.
    19397.,  -340581.
    19398.,  -340581.
    19399.,  -340579.
    19400.,  -340579.
    19401.,  -340579.
    19402.,  -340579.
    19403.,  -338429.
    19404.,  -338429.
    19405.,  -340579.
    19406.,  -340579.
    19407.,  -340579.
    19408.,  -338429.
    19409.,  -340579.
    19410.,  -340579.
    19411.,  -340579.
    19412.,  -340579.
    19413.,  -340579.
    19414.,  -340579.
    19415.,  -340579.
    19416.,  -338597.
    19417.,  -338429.
    19418.,  -340579.
    19419.,  -340579.
    19420.,  -340579.
    19421.,  -340579.
    19422.,  -340579.
    19423.,  -340579.
    19424.,  -340579.
    19425.,  -338597.
    19426.,  -338597.
    19427.,  -340579.
    19428.,  -340579.
    19429.,  -340579.
    19430.,  -340579.
    19431.,  -340579.
    19432.,  -340579.
    19433.,  -340579.
    19434.,  -338597.
    19435.,  -338597.
    19436.,  -338597.
    19437.,  -338429.
    19438.,  -338429.
    19439.,  -338429.
    19440.,  -338429.
    19441.,  -338597.
    19442.,  -338597.
    19443.,  -340579.
    19444.,  -340579.
    19445.,  -340579.
    19446.,  -340579.
    19447.,  -340579.
    19448.,  -340579.
    19449.,  -340579.
    19450.,  -340579.
    19451.,  -340579.
    19452.,  -340579.
    19453.,  -340579.
    19454.,  -340579.
    19455.,  -340579.
    19456.,  -340579.
    19457.,  -340579.
    19458.,  -340579.
    19459.,  -340579.
    19460.,  -340579.
    19461.,  -340579.
    19462.,  -340579.
    19463.,  -340579.
    19464.,  -340579.
    19465.,  -340579.
    19466.,  -340579.
    19467.,  -340579.
    19468.,  -340579.
    19469.,  -340579.
    19470.,  -340579.
    19471.,  -340577.
    19472.,  -340577.
    19473.,  -340577.
    19474.,  -340577.
    19475.,  -338195.
    19476.,  -338195.
    19477.,  -340577.
    19478.,  -340577.
    19479.,  -340577.
    19480.,  -338195.
    19481.,  -340577.
    19482.,  -340577.
    19483.,  -340577.
    19484.,  -340577.
    19485.,  -340577.
    19486.,  -340577.
    19487.,  -340577.
    19488.,  -338419.
    19489.,  -338195.
    19490.,  -340577.
    19491.,  -340577.
    19492.,  -340577.
    19493.,  -340577.
    19494.,  -340577.
    19495.,  -340577.
    19496.,  -340577.
    19497.,  -338419.
    19498.,  -338419.
    19499.,  -340577.
    19500.,  -340577.
    19501.,  -340577.
    19502.,  -340577.
    19503.,  -340577.
    19504.,  -340577.
    19505.,  -340577.
    19506.,  -338419.
    19507.,  -338195.
    19508.,  -338195.
    19509.,  -338195.
    19510.,  -338195.
    19511.,  -338419.
    19512.,  -338419.
    19513.,  -338419.
    19514.,  -338419.
    19515.,  -340577.
    19516.,  -340577.
    19517.,  -340577.
    19518.,  -340577.
    19519.,  -340577.
    19520.,  -340577.
    19521.,  -340577.
    19522.,  -340577.
    19523.,  -340577.
    19524.,  -340577.
    19525.,  -340577.
    19526.,  -340577.
    19527.,  -340577.
    19528.,  -340577.
    19529.,  -340577.
    19530.,  -340577.
    19531.,  -340577.
    19532.,  -340577.
    19533.,  -340577.
    19534.,  -340577.
    19535.,  -340577.
    19536.,  -340577.
    19537.,  -340577.
    19538.,  -340577.
    19539.,  -340577.
    19540.,  -340577.
    19541.,  -340577.
    19542.,  -340577.
    19543.,  -340575.
    19544.,  -340575.
    19545.,  -340575.
    19546.,  -340575.
    19547.,  -338009.
    19548.,  -338009.
    19549.,  -340575.
    19550.,  -340575.
    19551.,  -340575.
    19552.,  -338009.
    19553.,  -340575.
    19554.,  -340575.
    19555.,  -340575.
    19556.,  -340575.
    19557.,  -340575.
    19558.,  -340575.
    19559.,  -340575.
    19560.,  -338185.
    19561.,  -338009.
    19562.,  -340575.
    19563.,  -340575.
    19564.,  -340575.
    19565.,  -340575.
    19566.,  -340575.
    19567.,  -340575.
    19568.,  -340575.
    19569.,  -338185.
    19570.,  -338185.
    19571.,  -340575.
    19572.,  -340575.
    19573.,  -340575.
    19574.,  -340575.
    19575.,  -340575.
    19576.,  -340575.
    19577.,  -340575.
    19578.,  -338185.
    19579.,  -338185.
    19580.,  -338185.
    19581.,  -338009.
    19582.,  -338009.
    19583.,  -338009.
    19584.,  -338009.
    19585.,  -338185.
    19586.,  -338185.
    19587.,  -340575.
    19588.,  -340575.
    19589.,  -340575.
    19590.,  -340575.
    19591.,  -340575.
    19592.,  -340575.
    19593.,  -340575.
    19594.,  -340575.
    19595.,  -340575.
    19596.,  -340575.
    19597.,  -340575.
    19598.,  -340575.
    19599.,  -340575.
    19600.,  -340575.
    19601.,  -340575.
    19602.,  -340575.
    19603.,  -340575.
    19604.,  -340575.
    19605.,  -340575.
    19606.,  -340575.
    19607.,  -340575.
    19608.,  -340575.
    19609.,  -340575.
    19610.,  -340575.
    19611.,  -340575.
    19612.,  -340575.
    19613.,  -340575.
    19614.,  -340575.
    19615.,  -337735.
    19616.,  -340573.
    19617.,  -340573.
    19618.,  -340573.
    19619.,  -340573.
    19620.,  -340573.
    19621.,  -340573.
    19622.,  -340573.
    19623.,  -337895.
    19624.,  -337895.
    19625.,  -340573.
    19626.,  -340573.
    19627.,  -340573.
    19628.,  -340573.
    19629.,  -340573.
    19630.,  -340573.
    19631.,  -340573.
    19632.,  -337895.
    19633.,  -337735.
    19634.,  -340573.
    19635.,  -340573.
    19636.,  -340573.
    19637.,  -340573.
    19638.,  -340573.
    19639.,  -340573.
    19640.,  -340573.
    19641.,  -337895.
    19642.,  -340573.
    19643.,  -340573.
    19644.,  -340573.
    19645.,  -340573.
    19646.,  -337735.
    19647.,  -337735.
    19648.,  -340573.
    19649.,  -340573.
    19650.,  -340573.
    19651.,  -337735.
    19652.,  -337735.
    19653.,  -337895.
    19654.,  -337895.
    19655.,  -337735.
    19656.,  -337735.
    19657.,  -337895.
    19658.,  -337895.
    19659.,  -340573.
    19660.,  -340573.
    19661.,  -340573.
    19662.,  -340573.
    19663.,  -340573.
    19664.,  -340573.
    19665.,  -340573.
    19666.,  -340573.
    19667.,  -340573.
    19668.,  -340573.
    19669.,  -340573.
    19670.,  -340573.
    19671.,  -340573.
    19672.,  -340573.
    19673.,  -340573.
    19674.,  -340573.
    19675.,  -340573.
    19676.,  -340573.
    19677.,  -340573.
    19678.,  -340573.
    19679.,  -340573.
    19680.,  -340573.
    19681.,  -340573.
    19682.,  -340573.
    19683.,  -340573.
    19684.,  -340573.
    19685.,  -340573.
    19686.,  -340573.
    19687.,  -340571.
    19688.,  -340571.
    19689.,  -340571.
    19690.,  -340571.
    19691.,  -337509.
    19692.,  -337509.
    19693.,  -340571.
    19694.,  -340571.
    19695.,  -340571.
    19696.,  -337509.
    19697.,  -340571.
    19698.,  -340571.
    19699.,  -340571.
    19700.,  -340571.
    19701.,  -340571.
    19702.,  -340571.
    19703.,  -340571.
    19704.,  -337725.
    19705.,  -337509.
    19706.,  -340571.
    19707.,  -340571.
    19708.,  -340571.
    19709.,  -340571.
    19710.,  -340571.
    19711.,  -340571.
    19712.,  -340571.
    19713.,  -337725.
    19714.,  -337725.
    19715.,  -340571.
    19716.,  -340571.
    19717.,  -340571.
    19718.,  -340571.
    19719.,  -340571.
    19720.,  -340571.
    19721.,  -340571.
    19722.,  -337725.
    19723.,  -337509.
    19724.,  -337509.
    19725.,  -337509.
    19726.,  -337509.
    19727.,  -337725.
    19728.,  -337725.
    19729.,  -337725.
    19730.,  -337725.
    19731.,  -340571.
    19732.,  -340571.
    19733.,  -340571.
    19734.,  -340571.
    19735.,  -340571.
    19736.,  -340571.
    19737.,  -340571.
    19738.,  -340571.
    19739.,  -340571.
    19740.,  -340571.
    19741.,  -340571.
    19742.,  -340571.
    19743.,  -340571.
    19744.,  -340571.
    19745.,  -340571.
    19746.,  -340571.
    19747.,  -340571.
    19748.,  -340571.
    19749.,  -340571.
    19750.,  -340571.
    19751.,  -340571.
    19752.,  -340571.
    19753.,  -340571.
    19754.,  -340571.
    19755.,  -340571.
    19756.,  -340571.
    19757.,  -340571.
    19758.,  -340571.
    19759.,  -337331.
    19760.,  -340569.
    19761.,  -340569.
    19762.,  -340569.
    19763.,  -340569.
    19764.,  -340569.
    19765.,  -340569.
    19766.,  -340569.
    19767.,  -337331.
    19768.,  -340569.
    19769.,  -340569.
    19770.,  -340569.
    19771.,  -340569.
    19772.,  -337499.
    19773.,  -337331.
    19774.,  -340569.
    19775.,  -340569.
    19776.,  -340569.
    19777.,  -340569.
    19778.,  -340569.
    19779.,  -340569.
    19780.,  -340569.
    19781.,  -337499.
    19782.,  -337499.
    19783.,  -340569.
    19784.,  -340569.
    19785.,  -340569.
    19786.,  -340569.
    19787.,  -340569.
    19788.,  -340569.
    19789.,  -340569.
    19790.,  -337499.
    19791.,  -337331.
    19792.,  -340569.
    19793.,  -340569.
    19794.,  -340569.
    19795.,  -337331.
    19796.,  -337331.
    19797.,  -337331.
    19798.,  -337331.
    19799.,  -337499.
    19800.,  -337499.
    19801.,  -337499.
    19802.,  -337499.
    19803.,  -340569.
    19804.,  -340569.
    19805.,  -340569.
    19806.,  -340569.
    19807.,  -340569.
    19808.,  -340569.
    19809.,  -340569.
    19810.,  -340569.
    19811.,  -340569.
    19812.,  -340569.
    19813.,  -340569.
    19814.,  -340569.
    19815.,  -340569.
    19816.,  -340569.
    19817.,  -340569.
    19818.,  -340569.
    19819.,  -340569.
    19820.,  -340569.
    19821.,  -340569.
    19822.,  -340569.
    19823.,  -340569.
    19824.,  -340569.
    19825.,  -340569.
    19826.,  -340569.
    19827.,  -340569.
    19828.,  -340569.
    19829.,  -340569.
    19830.,  -340569.
    19831.,  -339105.
    19832.,  -340567.
    19833.,  -340567.
    19834.,  -340567.
    19835.,  -340567.
    19836.,  -340567.
    19837.,  -340567.
    19838.,  -340567.
    19839.,  -339105.
    19840.,  -340567.
    19841.,  -340567.
    19842.,  -340567.
    19843.,  -340567.
    19844.,  -339281.
    19845.,  -339105.
    19846.,  -340567.
    19847.,  -340567.
    19848.,  -340567.
    19849.,  -340567.
    19850.,  -340567.
    19851.,  -340567.
    19852.,  -340567.
    19853.,  -339281.
    19854.,  -339281.
    19855.,  -340567.
    19856.,  -340567.
    19857.,  -340567.
    19858.,  -340567.
    19859.,  -340567.
    19860.,  -340567.
    19861.,  -340567.
    19862.,  -339281.
    19863.,  -339105.
    19864.,  -340567.
    19865.,  -340567.
    19866.,  -340567.
    19867.,  -339105.
    19868.,  -339105.
    19869.,  -339105.
    19870.,  -339105.
    19871.,  -339281.
    19872.,  -339281.
    19873.,  -339281.
    19874.,  -339281.
    19875.,  -340567.
    19876.,  -340567.
    19877.,  -340567.
    19878.,  -340567.
    19879.,  -340567.
    19880.,  -340567.
    19881.,  -340567.
    19882.,  -340567.
    19883.,  -340567.
    19884.,  -340567.
    19885.,  -340567.
    19886.,  -340567.
    19887.,  -340567.
    19888.,  -340567.
    19889.,  -340567.
    19890.,  -340567.
    19891.,  -340567.
    19892.,  -340567.
    19893.,  -340567.
    19894.,  -340567.
    19895.,  -340567.
    19896.,  -340567.
    19897.,  -340567.
    19898.,  -340567.
    19899.,  -340567.
    19900.,  -340567.
    19901.,  -340567.
    19902.,  -340567.
    19903.,  -338871.
    19904.,  -340565.
    19905.,  -340565.
    19906.,  -340565.
    19907.,  -340565.
    19908.,  -340565.
    19909.,  -340565.
    19910.,  -340565.
    19911.,  -339095.
    19912.,  -339095.
    19913.,  -340565.
    19914.,  -340565.
    19915.,  -340565.
    19916.,  -340565.
    19917.,  -340565.
    19918.,  -340565.
    19919.,  -340565.
    19920.,  -339095.
    19921.,  -340565.
    19922.,  -340565.
    19923.,  -340565.
    19924.,  -340565.
    19925.,  -338871.
    19926.,  -338871.
    19927.,  -340565.
    19928.,  -340565.
    19929.,  -340565.
    19930.,  -338871.
    19931.,  -340565.
    19932.,  -340565.
    19933.,  -340565.
    19934.,  -340565.
    19935.,  -340565.
    19936.,  -340565.
    19937.,  -340565.
    19938.,  -339095.
    19939.,  -338871.
    19940.,  -338871.
    19941.,  -338871.
    19942.,  -338871.
    19943.,  -339095.
    19944.,  -339095.
    19945.,  -339095.
    19946.,  -339095.
    19947.,  -340565.
    19948.,  -340565.
    19949.,  -340565.
    19950.,  -340565.
    19951.,  -340565.
    19952.,  -340565.
    19953.,  -340565.
    19954.,  -340565.
    19955.,  -340565.
    19956.,  -340565.
    19957.,  -340565.
    19958.,  -340565.
    19959.,  -340565.
    19960.,  -340565.
    19961.,  -340565.
    19962.,  -340565.
    19963.,  -340565.
    19964.,  -340565.
    19965.,  -340565.
    19966.,  -340565.
    19967.,  -340565.
    19968.,  -340565.
    19969.,  -340565.
    19970.,  -340565.
    19971.,  -340565.
    19972.,  -340565.
    19973.,  -340565.
    19974.,  -340565.
    19975.,  -338693.
    19976.,  -340563.
    19977.,  -340563.
    19978.,  -340563.
    19979.,  -340563.
    19980.,  -340563.
    19981.,  -340563.
    19982.,  -340563.
    19983.,  -338861.
    19984.,  -338861.
    19985.,  -340563.
    19986.,  -340563.
    19987.,  -340563.
    19988.,  -340563.
    19989.,  -340563.
    19990.,  -340563.
    19991.,  -340563.
    19992.,  -338861.
    19993.,  -340563.
    19994.,  -340563.
    19995.,  -340563.
    19996.,  -340563.
    19997.,  -338693.
    19998.,  -338693.
    19999.,  -340563.
    20000.,  -340563.
    20001.,  -340563.
    20002.,  -338693.
    20003.,  -340563.
    20004.,  -340563.
    20005.,  -340563.
    20006.,  -340563.
    20007.,  -340563.
    20008.,  -340563.
    20009.,  -340563.
    20010.,  -338861.
    20011.,  -338693.
    20012.,  -338693.
    20013.,  -338693.
    20014.,  -338693.
    20015.,  -338861.
    20016.,  -338861.
    20017.,  -338861.
    20018.,  -338861.
    20019.,  -340563.
    20020.,  -340563.
    20021.,  -340563.
    20022.,  -340563.
    20023.,  -340563.
    20024.,  -340563.
    20025.,  -340563.
    20026.,  -340563.
    20027.,  -340563.
    20028.,  -340563.
    20029.,  -340563.
    20030.,  -340563.
    20031.,  -340563.
    20032.,  -340563.
    20033.,  -340563.
    20034.,  -340563.
    20035.,  -340563.
    20036.,  -340563.
    20037.,  -340563.
    20038.,  -340563.
    20039.,  -340563.
    20040.,  -340563.
    20041.,  -340563.
    20042.,  -340563.
    20043.,  -340563.
    20044.,  -340563.
    20045.,  -340563.
    20046.,  -340563.
    20047.,  -338395.
    20048.,  -340561.
    20049.,  -340561.
    20050.,  -340561.
    20051.,  -340561.
    20052.,  -340561.
    20053.,  -340561.
    20054.,  -340561.
    20055.,  -338571.
    20056.,  -338571.
    20057.,  -340561.
    20058.,  -340561.
    20059.,  -340561.
    20060.,  -340561.
    20061.,  -340561.
    20062.,  -340561.
    20063.,  -340561.
    20064.,  -338571.
    20065.,  -340561.
    20066.,  -340561.
    20067.,  -340561.
    20068.,  -340561.
    20069.,  -338395.
    20070.,  -338395.
    20071.,  -340561.
    20072.,  -340561.
    20073.,  -340561.
    20074.,  -338395.
    20075.,  -340561.
    20076.,  -340561.
    20077.,  -340561.
    20078.,  -340561.
    20079.,  -340561.
    20080.,  -340561.
    20081.,  -340561.
    20082.,  -338571.
    20083.,  -338395.
    20084.,  -338395.
    20085.,  -338571.
    20086.,  -338571.
    20087.,  -338571.
    20088.,  -338571.
    20089.,  -338395.
    20090.,  -338395.
    20091.,  -340561.
    20092.,  -340561.
    20093.,  -340561.
    20094.,  -340561.
    20095.,  -340561.
    20096.,  -340561.
    20097.,  -340561.
    20098.,  -340561.
    20099.,  -340561.
    20100.,  -340561.
    20101.,  -340561.
    20102.,  -340561.
    20103.,  -340561.
    20104.,  -340561.
    20105.,  -340561.
    20106.,  -340561.
    20107.,  -340561.
    20108.,  -340561.
    20109.,  -340561.
    20110.,  -340561.
    20111.,  -340561.
    20112.,  -340561.
    20113.,  -340561.
    20114.,  -340561.
    20115.,  -340561.
    20116.,  -340561.
    20117.,  -340561.
    20118.,  -340561.
    20119.,  -338161.
    20120.,  -340559.
    20121.,  -340559.
    20122.,  -340559.
    20123.,  -340559.
    20124.,  -340559.
    20125.,  -340559.
    20126.,  -340559.
    20127.,  -338385.
    20128.,  -338385.
    20129.,  -340559.
    20130.,  -340559.
    20131.,  -340559.
    20132.,  -340559.
    20133.,  -340559.
    20134.,  -340559.
    20135.,  -340559.
    20136.,  -338385.
    20137.,  -340559.
    20138.,  -340559.
    20139.,  -340559.
    20140.,  -340559.
    20141.,  -338161.
    20142.,  -338161.
    20143.,  -340559.
    20144.,  -340559.
    20145.,  -340559.
    20146.,  -338161.
    20147.,  -340559.
    20148.,  -340559.
    20149.,  -340559.
    20150.,  -340559.
    20151.,  -340559.
    20152.,  -340559.
    20153.,  -340559.
    20154.,  -338385.
    20155.,  -338385.
    20156.,  -338385.
    20157.,  -338385.
    20158.,  -338385.
    20159.,  -338161.
    20160.,  -338161.
    20161.,  -338161.
    20162.,  -338161.
    20163.,  -340559.
    20164.,  -340559.
    20165.,  -340559.
    20166.,  -340559.
    20167.,  -340559.
    20168.,  -340559.
    20169.,  -340559.
    20170.,  -340559.
    20171.,  -340559.
    20172.,  -340559.
    20173.,  -340559.
    20174.,  -340559.
    20175.,  -340559.
    20176.,  -340559.
    20177.,  -340559.
    20178.,  -340559.
    20179.,  -340559.
    20180.,  -340559.
    20181.,  -340559.
    20182.,  -340559.
    20183.,  -340559.
    20184.,  -340559.
    20185.,  -340559.
    20186.,  -340559.
    20187.,  -340559.
    20188.,  -340559.
    20189.,  -340559.
    20190.,  -340559.
    20191.,  -337983.
    20192.,  -340557.
    20193.,  -340557.
    20194.,  -340557.
    20195.,  -340557.
    20196.,  -340557.
    20197.,  -340557.
    20198.,  -340557.
    20199.,  -338151.
    20200.,  -338151.
    20201.,  -340557.
    20202.,  -340557.
    20203.,  -340557.
    20204.,  -340557.
    20205.,  -340557.
    20206.,  -340557.
    20207.,  -340557.
    20208.,  -338151.
    20209.,  -340557.
    20210.,  -340557.
    20211.,  -340557.
    20212.,  -340557.
    20213.,  -337983.
    20214.,  -337983.
    20215.,  -340557.
    20216.,  -340557.
    20217.,  -340557.
    20218.,  -337983.
    20219.,  -340557.
    20220.,  -340557.
    20221.,  -340557.
    20222.,  -340557.
    20223.,  -340557.
    20224.,  -340557.
    20225.,  -340557.
    20226.,  -338151.
    20227.,  -337983.
    20228.,  -337983.
    20229.,  -338151.
    20230.,  -338151.
    20231.,  -338151.
    20232.,  -338151.
    20233.,  -337983.
    20234.,  -337983.
    20235.,  -340557.
    20236.,  -340557.
    20237.,  -340557.
    20238.,  -340557.
    20239.,  -340557.
    20240.,  -340557.
    20241.,  -340557.
    20242.,  -340557.
    20243.,  -340557.
    20244.,  -340557.
    20245.,  -340557.
    20246.,  -340557.
    20247.,  -340557.
    20248.,  -340557.
    20249.,  -340557.
    20250.,  -340557.
    20251.,  -340557.
    20252.,  -340557.
    20253.,  -340557.
    20254.,  -340557.
    20255.,  -340557.
    20256.,  -340557.
    20257.,  -340557.
    20258.,  -340557.
    20259.,  -340557.
    20260.,  -340557.
    20261.,  -340557.
    20262.,  -340557.
    20263.,  -337869.
    20264.,  -337869.
    20265.,  -337701.
    20266.,  -337701.
    20267.,  -340555.
    20268.,  -340555.
    20269.,  -340555.
    20270.,  -340555.
    20271.,  -340555.
    20272.,  -340555.
    20273.,  -340555.
    20274.,  -337869.
    20275.,  -340555.
    20276.,  -340555.
    20277.,  -340555.
    20278.,  -340555.
    20279.,  -340555.
    20280.,  -340555.
    20281.,  -340555.
    20282.,  -337869.
    20283.,  -337701.
    20284.,  -340555.
    20285.,  -340555.
    20286.,  -340555.
    20287.,  -340555.
    20288.,  -340555.
    20289.,  -340555.
    20290.,  -340555.
    20291.,  -340555.
    20292.,  -340555.
    20293.,  -340555.
    20294.,  -340555.
    20295.,  -337701.
    20296.,  -340555.
    20297.,  -340555.
    20298.,  -340555.
    20299.,  -337869.
    20300.,  -337869.
    20301.,  -337701.
    20302.,  -337701.
    20303.,  -340555.
    20304.,  -340555.
    20305.,  -340555.
    20306.,  -337701.
    20307.,  -340555.
    20308.,  -340555.
    20309.,  -340555.
    20310.,  -340555.
    20311.,  -340555.
    20312.,  -340555.
    20313.,  -340555.
    20314.,  -337869.
    20315.,  -340555.
    20316.,  -340555.
    20317.,  -340555.
    20318.,  -340555.
    20319.,  -340555.
    20320.,  -340555.
    20321.,  -340555.
    20322.,  -340555.
    20323.,  -340555.
    20324.,  -340555.
    20325.,  -340555.
    20326.,  -337869.
    20327.,  -340555.
    20328.,  -340555.
    20329.,  -340555.
    20330.,  -340555.
    20331.,  -340555.
    20332.,  -340555.
    20333.,  -340555.
    20334.,  -337701.
    20335.,  -337475.
    20336.,  -340553.
    20337.,  -340553.
    20338.,  -340553.
    20339.,  -340553.
    20340.,  -340553.
    20341.,  -340553.
    20342.,  -340553.
    20343.,  -337691.
    20344.,  -337691.
    20345.,  -340553.
    20346.,  -340553.
    20347.,  -340553.
    20348.,  -340553.
    20349.,  -340553.
    20350.,  -340553.
    20351.,  -340553.
    20352.,  -337691.
    20353.,  -340553.
    20354.,  -340553.
    20355.,  -340553.
    20356.,  -340553.
    20357.,  -337475.
    20358.,  -337475.
    20359.,  -340553.
    20360.,  -340553.
    20361.,  -340553.
    20362.,  -337475.
    20363.,  -340553.
    20364.,  -340553.
    20365.,  -340553.
    20366.,  -340553.
    20367.,  -340553.
    20368.,  -340553.
    20369.,  -340553.
    20370.,  -337691.
    20371.,  -337691.
    20372.,  -337691.
    20373.,  -337691.
    20374.,  -337691.
    20375.,  -337475.
    20376.,  -337475.
    20377.,  -337475.
    20378.,  -337475.
    20379.,  -340553.
    20380.,  -340553.
    20381.,  -340553.
    20382.,  -340553.
    20383.,  -340553.
    20384.,  -340553.
    20385.,  -340553.
    20386.,  -340553.
    20387.,  -340553.
    20388.,  -340553.
    20389.,  -340553.
    20390.,  -340553.
    20391.,  -340553.
    20392.,  -340553.
    20393.,  -340553.
    20394.,  -340553.
    20395.,  -340553.
    20396.,  -340553.
    20397.,  -340553.
    20398.,  -340553.
    20399.,  -340553.
    20400.,  -340553.
    20401.,  -340553.
    20402.,  -340553.
    20403.,  -340553.
    20404.,  -340553.
    20405.,  -340553.
    20406.,  -340553.
    20407.,  -337305.
    20408.,  -340551.
    20409.,  -340551.
    20410.,  -340551.
    20411.,  -340551.
    20412.,  -340551.
    20413.,  -340551.
    20414.,  -340551.
    20415.,  -337465.
    20416.,  -337465.
    20417.,  -340551.
    20418.,  -340551.
    20419.,  -340551.
    20420.,  -340551.
    20421.,  -340551.
    20422.,  -340551.
    20423.,  -340551.
    20424.,  -337465.
    20425.,  -340551.
    20426.,  -340551.
    20427.,  -340551.
    20428.,  -340551.
    20429.,  -337305.
    20430.,  -337305.
    20431.,  -340551.
    20432.,  -340551.
    20433.,  -340551.
    20434.,  -337305.
    20435.,  -340551.
    20436.,  -340551.
    20437.,  -340551.
    20438.,  -340551.
    20439.,  -340551.
    20440.,  -340551.
    20441.,  -340551.
    20442.,  -337465.
    20443.,  -337465.
    20444.,  -337465.
    20445.,  -337465.
    20446.,  -337465.
    20447.,  -337305.
    20448.,  -337305.
    20449.,  -337305.
    20450.,  -337305.
    20451.,  -340551.
    20452.,  -340551.
    20453.,  -340551.
    20454.,  -340551.
    20455.,  -340551.
    20456.,  -340551.
    20457.,  -340551.
    20458.,  -340551.
    20459.,  -340551.
    20460.,  -340551.
    20461.,  -340551.
    20462.,  -340551.
    20463.,  -340551.
    20464.,  -340551.
    20465.,  -340551.
    20466.,  -340551.
    20467.,  -340551.
    20468.,  -340551.
    20469.,  -340551.
    20470.,  -340551.
    20471.,  -340551.
    20472.,  -340551.
    20473.,  -340551.
    20474.,  -340551.
    20475.,  -340551.
    20476.,  -340551.
    20477.,  -340551.
    20478.,  -340551.
    20479.,  -339071.
    20480.,  -340549.
    20481.,  -340549.
    20482.,  -340549.
    20483.,  -340549.
    20484.,  -340549.
    20485.,  -340549.
    20486.,  -340549.
    20487.,  -339071.
    20488.,  -340549.
    20489.,  -340549.
    20490.,  -340549.
    20491.,  -340549.
    20492.,  -339255.
    20493.,  -339071.
    20494.,  -340549.
    20495.,  -340549.
    20496.,  -340549.
    20497.,  -340549.
    20498.,  -340549.
    20499.,  -340549.
    20500.,  -340549.
    20501.,  -339255.
    20502.,  -339255.
    20503.,  -340549.
    20504.,  -340549.
    20505.,  -340549.
    20506.,  -340549.
    20507.,  -340549.
    20508.,  -340549.
    20509.,  -340549.
    20510.,  -339255.
    20511.,  -339071.
    20512.,  -340549.
    20513.,  -340549.
    20514.,  -340549.
    20515.,  -339071.
    20516.,  -339071.
    20517.,  -339071.
    20518.,  -339071.
    20519.,  -339255.
    20520.,  -339255.
    20521.,  -339255.
    20522.,  -339255.
    20523.,  -340549.
    20524.,  -340549.
    20525.,  -340549.
    20526.,  -340549.
    20527.,  -340549.
    20528.,  -340549.
    20529.,  -340549.
    20530.,  -340549.
    20531.,  -340549.
    20532.,  -340549.
    20533.,  -340549.
    20534.,  -340549.
    20535.,  -340549.
    20536.,  -340549.
    20537.,  -340549.
    20538.,  -340549.
    20539.,  -340549.
    20540.,  -340549.
    20541.,  -340549.
    20542.,  -340549.
    20543.,  -340549.
    20544.,  -340549.
    20545.,  -340549.
    20546.,  -340549.
    20547.,  -340549.
    20548.,  -340549.
    20549.,  -340549.
    20550.,  -340549.
    20551.,  -338837.
    20552.,  -340547.
    20553.,  -340547.
    20554.,  -340547.
    20555.,  -340547.
    20556.,  -340547.
    20557.,  -340547.
    20558.,  -340547.
    20559.,  -339061.
    20560.,  -339061.
    20561.,  -340547.
    20562.,  -340547.
    20563.,  -340547.
    20564.,  -340547.
    20565.,  -340547.
    20566.,  -340547.
    20567.,  -340547.
    20568.,  -339061.
    20569.,  -340547.
    20570.,  -340547.
    20571.,  -340547.
    20572.,  -340547.
    20573.,  -338837.
    20574.,  -338837.
    20575.,  -340547.
    20576.,  -340547.
    20577.,  -340547.
    20578.,  -338837.
    20579.,  -340547.
    20580.,  -340547.
    20581.,  -340547.
    20582.,  -340547.
    20583.,  -340547.
    20584.,  -340547.
    20585.,  -340547.
    20586.,  -339061.
    20587.,  -338837.
    20588.,  -338837.
    20589.,  -338837.
    20590.,  -338837.
    20591.,  -339061.
    20592.,  -339061.
    20593.,  -339061.
    20594.,  -339061.
    20595.,  -340547.
    20596.,  -340547.
    20597.,  -340547.
    20598.,  -340547.
    20599.,  -340547.
    20600.,  -340547.
    20601.,  -340547.
    20602.,  -340547.
    20603.,  -340547.
    20604.,  -340547.
    20605.,  -340547.
    20606.,  -340547.
    20607.,  -340547.
    20608.,  -340547.
    20609.,  -340547.
    20610.,  -340547.
    20611.,  -340547.
    20612.,  -340547.
    20613.,  -340547.
    20614.,  -340547.
    20615.,  -340547.
    20616.,  -340547.
    20617.,  -340547.
    20618.,  -340547.
    20619.,  -340547.
    20620.,  -340547.
    20621.,  -340547.
    20622.,  -340547.
    20623.,  -338667.
    20624.,  -340545.
    20625.,  -340545.
    20626.,  -340545.
    20627.,  -340545.
    20628.,  -340545.
    20629.,  -340545.
    20630.,  -340545.
    20631.,  -338827.
    20632.,  -338827.
    20633.,  -340545.
    20634.,  -340545.
    20635.,  -340545.
    20636.,  -340545.
    20637.,  -340545.
    20638.,  -340545.
    20639.,  -340545.
    20640.,  -338827.
    20641.,  -340545.
    20642.,  -340545.
    20643.,  -340545.
    20644.,  -340545.
    20645.,  -338667.
    20646.,  -338667.
    20647.,  -340545.
    20648.,  -340545.
    20649.,  -340545.
    20650.,  -338667.
    20651.,  -340545.
    20652.,  -340545.
    20653.,  -340545.
    20654.,  -340545.
    20655.,  -340545.
    20656.,  -340545.
    20657.,  -340545.
    20658.,  -338827.
    20659.,  -338667.
    20660.,  -338667.
    20661.,  -338667.
    20662.,  -338667.
    20663.,  -338827.
    20664.,  -338827.
    20665.,  -338827.
    20666.,  -338827.
    20667.,  -340545.
    20668.,  -340545.
    20669.,  -340545.
    20670.,  -340545.
    20671.,  -340545.
    20672.,  -340545.
    20673.,  -340545.
    20674.,  -340545.
    20675.,  -340545.
    20676.,  -340545.
    20677.,  -340545.
    20678.,  -340545.
    20679.,  -340545.
    20680.,  -340545.
    20681.,  -340545.
    20682.,  -340545.
    20683.,  -340545.
    20684.,  -340545.
    20685.,  -340545.
    20686.,  -340545.
    20687.,  -340545.
    20688.,  -340545.
    20689.,  -340545.
    20690.,  -340545.
    20691.,  -340545.
    20692.,  -340545.
    20693.,  -340545.
    20694.,  -340545.
    20695.,  -338361.
    20696.,  -340543.
    20697.,  -340543.
    20698.,  -340543.
    20699.,  -340543.
    20700.,  -340543.
    20701.,  -340543.
    20702.,  -340543.
    20703.,  -338545.
    20704.,  -338545.
    20705.,  -340543.
    20706.,  -340543.
    20707.,  -340543.
    20708.,  -340543.
    20709.,  -340543.
    20710.,  -340543.
    20711.,  -340543.
    20712.,  -338545.
    20713.,  -340543.
    20714.,  -340543.
    20715.,  -340543.
    20716.,  -340543.
    20717.,  -338361.
    20718.,  -338361.
    20719.,  -340543.
    20720.,  -340543.
    20721.,  -340543.
    20722.,  -338361.
    20723.,  -340543.
    20724.,  -340543.
    20725.,  -340543.
    20726.,  -340543.
    20727.,  -340543.
    20728.,  -340543.
    20729.,  -340543.
    20730.,  -338545.
    20731.,  -338361.
    20732.,  -338361.
    20733.,  -338361.
    20734.,  -338361.
    20735.,  -338545.
    20736.,  -338545.
    20737.,  -338545.
    20738.,  -338545.
    20739.,  -340543.
    20740.,  -340543.
    20741.,  -340543.
    20742.,  -340543.
    20743.,  -340543.
    20744.,  -340543.
    20745.,  -340543.
    20746.,  -340543.
    20747.,  -340543.
    20748.,  -340543.
    20749.,  -340543.
    20750.,  -340543.
    20751.,  -340543.
    20752.,  -340543.
    20753.,  -340543.
    20754.,  -340543.
    20755.,  -340543.
    20756.,  -340543.
    20757.,  -340543.
    20758.,  -340543.
    20759.,  -340543.
    20760.,  -340543.
    20761.,  -340543.
    20762.,  -340543.
    20763.,  -340543.
    20764.,  -340543.
    20765.,  -340543.
    20766.,  -340543.
    20767.,  -338127.
    20768.,  -340541.
    20769.,  -340541.
    20770.,  -340541.
    20771.,  -340541.
    20772.,  -340541.
    20773.,  -340541.
    20774.,  -340541.
    20775.,  -338351.
    20776.,  -338351.
    20777.,  -340541.
    20778.,  -340541.
    20779.,  -340541.
    20780.,  -340541.
    20781.,  -340541.
    20782.,  -340541.
    20783.,  -340541.
    20784.,  -338351.
    20785.,  -340541.
    20786.,  -340541.
    20787.,  -340541.
    20788.,  -340541.
    20789.,  -338127.
    20790.,  -338127.
    20791.,  -340541.
    20792.,  -340541.
    20793.,  -340541.
    20794.,  -338127.
    20795.,  -340541.
    20796.,  -340541.
    20797.,  -340541.
    20798.,  -340541.
    20799.,  -340541.
    20800.,  -340541.
    20801.,  -340541.
    20802.,  -338351.
    20803.,  -338127.
    20804.,  -338127.
    20805.,  -338127.
    20806.,  -338127.
    20807.,  -338351.
    20808.,  -338351.
    20809.,  -338351.
    20810.,  -338351.
    20811.,  -340541.
    20812.,  -340541.
    20813.,  -340541.
    20814.,  -340541.
    20815.,  -340541.
    20816.,  -340541.
    20817.,  -340541.
    20818.,  -340541.
    20819.,  -340541.
    20820.,  -340541.
    20821.,  -340541.
    20822.,  -340541.
    20823.,  -340541.
    20824.,  -340541.
    20825.,  -340541.
    20826.,  -340541.
    20827.,  -340541.
    20828.,  -340541.
    20829.,  -340541.
    20830.,  -340541.
    20831.,  -340541.
    20832.,  -340541.
    20833.,  -340541.
    20834.,  -340541.
    20835.,  -340541.
    20836.,  -340541.
    20837.,  -340541.
    20838.,  -340541.
    20839.,  -337957.
    20840.,  -340539.
    20841.,  -340539.
    20842.,  -340539.
    20843.,  -340539.
    20844.,  -340539.
    20845.,  -340539.
    20846.,  -340539.
    20847.,  -338117.
    20848.,  -338117.
    20849.,  -340539.
    20850.,  -340539.
    20851.,  -340539.
    20852.,  -340539.
    20853.,  -340539.
    20854.,  -340539.
    20855.,  -340539.
    20856.,  -338117.
    20857.,  -340539.
    20858.,  -340539.
    20859.,  -340539.
    20860.,  -340539.
    20861.,  -337957.
    20862.,  -337957.
    20863.,  -340539.
    20864.,  -340539.
    20865.,  -340539.
    20866.,  -337957.
    20867.,  -340539.
    20868.,  -340539.
    20869.,  -340539.
    20870.,  -340539.
    20871.,  -340539.
    20872.,  -340539.
    20873.,  -340539.
    20874.,  -338117.
    20875.,  -337957.
    20876.,  -337957.
    20877.,  -337957.
    20878.,  -337957.
    20879.,  -338117.
    20880.,  -338117.
    20881.,  -338117.
    20882.,  -338117.
    20883.,  -340539.
    20884.,  -340539.
    20885.,  -340539.
    20886.,  -340539.
    20887.,  -340539.
    20888.,  -340539.
    20889.,  -340539.
    20890.,  -340539.
    20891.,  -340539.
    20892.,  -340539.
    20893.,  -340539.
    20894.,  -340539.
    20895.,  -340539.
    20896.,  -340539.
    20897.,  -340539.
    20898.,  -340539.
    20899.,  -340539.
    20900.,  -340539.
    20901.,  -340539.
    20902.,  -340539.
    20903.,  -340539.
    20904.,  -340539.
    20905.,  -340539.
    20906.,  -340539.
    20907.,  -340539.
    20908.,  -340539.
    20909.,  -340539.
    20910.,  -340539.
    20911.,  -337667.
    20912.,  -340537.
    20913.,  -340537.
    20914.,  -340537.
    20915.,  -340537.
    20916.,  -337843.
    20917.,  -340537.
    20918.,  -340537.
    20919.,  -340537.
    20920.,  -340537.
    20921.,  -340537.
    20922.,  -340537.
    20923.,  -340537.
    20924.,  -337843.
    20925.,  -337667.
    20926.,  -340537.
    20927.,  -340537.
    20928.,  -340537.
    20929.,  -340537.
    20930.,  -340537.
    20931.,  -340537.
    20932.,  -340537.
    20933.,  -337843.
    20934.,  -340537.
    20935.,  -340537.
    20936.,  -340537.
    20937.,  -340537.
    20938.,  -337667.
    20939.,  -337667.
    20940.,  -340537.
    20941.,  -340537.
    20942.,  -340537.
    20943.,  -337843.
    20944.,  -340537.
    20945.,  -340537.
    20946.,  -340537.
    20947.,  -337667.
    20948.,  -337667.
    20949.,  -337843.
    20950.,  -337843.
    20951.,  -340537.
    20952.,  -340537.
    20953.,  -340537.
    20954.,  -340537.
    20955.,  -337843.
    20956.,  -337843.
    20957.,  -337667.
    20958.,  -337667.
    20959.,  -340537.
    20960.,  -340537.
    20961.,  -340537.
    20962.,  -340537.
    20963.,  -340537.
    20964.,  -340537.
    20965.,  -340537.
    20966.,  -340537.
    20967.,  -340537.
    20968.,  -340537.
    20969.,  -340537.
    20970.,  -340537.
    20971.,  -340537.
    20972.,  -340537.
    20973.,  -340537.
    20974.,  -340537.
    20975.,  -340537.
    20976.,  -340537.
    20977.,  -340537.
    20978.,  -340537.
    20979.,  -340537.
    20980.,  -340537.
    20981.,  -340537.
    20982.,  -340537.
    20983.,  -337441.
    20984.,  -340535.
    20985.,  -340535.
    20986.,  -340535.
    20987.,  -340535.
    20988.,  -340535.
    20989.,  -340535.
    20990.,  -340535.
    20991.,  -337657.
    20992.,  -337657.
    20993.,  -340535.
    20994.,  -340535.
    20995.,  -340535.
    20996.,  -340535.
    20997.,  -340535.
    20998.,  -340535.
    20999.,  -340535.
    21000.,  -337657.
    21001.,  -340535.
    21002.,  -340535.
    21003.,  -340535.
    21004.,  -340535.
    21005.,  -337441.
    21006.,  -337441.
    21007.,  -340535.
    21008.,  -340535.
    21009.,  -340535.
    21010.,  -337441.
    21011.,  -340535.
    21012.,  -340535.
    21013.,  -340535.
    21014.,  -340535.
    21015.,  -340535.
    21016.,  -340535.
    21017.,  -340535.
    21018.,  -337657.
    21019.,  -337441.
    21020.,  -337441.
    21021.,  -337441.
    21022.,  -337441.
    21023.,  -337657.
    21024.,  -337657.
    21025.,  -337657.
    21026.,  -337657.
    21027.,  -340535.
    21028.,  -340535.
    21029.,  -340535.
    21030.,  -340535.
    21031.,  -340535.
    21032.,  -340535.
    21033.,  -340535.
    21034.,  -340535.
    21035.,  -340535.
    21036.,  -340535.
    21037.,  -340535.
    21038.,  -340535.
    21039.,  -340535.
    21040.,  -340535.
    21041.,  -340535.
    21042.,  -340535.
    21043.,  -340535.
    21044.,  -340535.
    21045.,  -340535.
    21046.,  -340535.
    21047.,  -340535.
    21048.,  -340535.
    21049.,  -340535.
    21050.,  -340535.
    21051.,  -340535.
    21052.,  -340535.
    21053.,  -340535.
    21054.,  -340535.
    21055.,  -337279.
    21056.,  -340533.
    21057.,  -340533.
    21058.,  -340533.
    21059.,  -340533.
    21060.,  -340533.
    21061.,  -340533.
    21062.,  -340533.
    21063.,  -337431.
    21064.,  -337431.
    21065.,  -340533.
    21066.,  -340533.
    21067.,  -340533.
    21068.,  -340533.
    21069.,  -340533.
    21070.,  -340533.
    21071.,  -340533.
    21072.,  -337431.
    21073.,  -340533.
    21074.,  -340533.
    21075.,  -340533.
    21076.,  -340533.
    21077.,  -337279.
    21078.,  -337279.
    21079.,  -340533.
    21080.,  -340533.
    21081.,  -340533.
    21082.,  -337279.
    21083.,  -340533.
    21084.,  -340533.
    21085.,  -340533.
    21086.,  -340533.
    21087.,  -340533.
    21088.,  -340533.
    21089.,  -340533.
    21090.,  -337431.
    21091.,  -337431.
    21092.,  -337431.
    21093.,  -337431.
    21094.,  -337431.
    21095.,  -337279.
    21096.,  -337279.
    21097.,  -337279.
    21098.,  -337279.
    21099.,  -340533.
    21100.,  -340533.
    21101.,  -340533.
    21102.,  -340533.
    21103.,  -340533.
    21104.,  -340533.
    21105.,  -340533.
    21106.,  -340533.
    21107.,  -340533.
    21108.,  -340533.
    21109.,  -340533.
    21110.,  -340533.
    21111.,  -340533.
    21112.,  -340533.
    21113.,  -340533.
    21114.,  -340533.
    21115.,  -340533.
    21116.,  -340533.
    21117.,  -340533.
    21118.,  -340533.
    21119.,  -340533.
    21120.,  -340533.
    21121.,  -340533.
    21122.,  -340533.
    21123.,  -340533.
    21124.,  -340533.
    21125.,  -340533.
    21126.,  -340533.
    21127.,  -339037.
    21128.,  -340531.
    21129.,  -340531.
    21130.,  -340531.
    21131.,  -340531.
    21132.,  -340531.
    21133.,  -340531.
    21134.,  -340531.
    21135.,  -339037.
    21136.,  -340531.
    21137.,  -340531.
    21138.,  -340531.
    21139.,  -340531.
    21140.,  -339229.
    21141.,  -339037.
    21142.,  -340531.
    21143.,  -340531.
    21144.,  -340531.
    21145.,  -340531.
    21146.,  -340531.
    21147.,  -340531.
    21148.,  -340531.
    21149.,  -339229.
    21150.,  -339229.
    21151.,  -340531.
    21152.,  -340531.
    21153.,  -340531.
    21154.,  -340531.
    21155.,  -340531.
    21156.,  -340531.
    21157.,  -340531.
    21158.,  -339229.
    21159.,  -339037.
    21160.,  -340531.
    21161.,  -340531.
    21162.,  -340531.
    21163.,  -339037.
    21164.,  -339037.
    21165.,  -339037.
    21166.,  -339037.
    21167.,  -339229.
    21168.,  -339229.
    21169.,  -339229.
    21170.,  -339229.
    21171.,  -340531.
    21172.,  -340531.
    21173.,  -340531.
    21174.,  -340531.
    21175.,  -340531.
    21176.,  -340531.
    21177.,  -340531.
    21178.,  -340531.
    21179.,  -340531.
    21180.,  -340531.
    21181.,  -340531.
    21182.,  -340531.
    21183.,  -340531.
    21184.,  -340531.
    21185.,  -340531.
    21186.,  -340531.
    21187.,  -340531.
    21188.,  -340531.
    21189.,  -340531.
    21190.,  -340531.
    21191.,  -340531.
    21192.,  -340531.
    21193.,  -340531.
    21194.,  -340531.
    21195.,  -340531.
    21196.,  -340531.
    21197.,  -340531.
    21198.,  -340531.
    21199.,  -338803.
    21200.,  -340529.
    21201.,  -340529.
    21202.,  -340529.
    21203.,  -340529.
    21204.,  -340529.
    21205.,  -340529.
    21206.,  -340529.
    21207.,  -339027.
    21208.,  -339027.
    21209.,  -340529.
    21210.,  -340529.
    21211.,  -340529.
    21212.,  -340529.
    21213.,  -340529.
    21214.,  -340529.
    21215.,  -340529.
    21216.,  -339027.
    21217.,  -340529.
    21218.,  -340529.
    21219.,  -340529.
    21220.,  -340529.
    21221.,  -338803.
    21222.,  -338803.
    21223.,  -340529.
    21224.,  -340529.
    21225.,  -340529.
    21226.,  -338803.
    21227.,  -340529.
    21228.,  -340529.
    21229.,  -340529.
    21230.,  -340529.
    21231.,  -340529.
    21232.,  -340529.
    21233.,  -340529.
    21234.,  -339027.
    21235.,  -338803.
    21236.,  -338803.
    21237.,  -338803.
    21238.,  -338803.
    21239.,  -339027.
    21240.,  -339027.
    21241.,  -339027.
    21242.,  -339027.
    21243.,  -340529.
    21244.,  -340529.
    21245.,  -340529.
    21246.,  -340529.
    21247.,  -340529.
    21248.,  -340529.
    21249.,  -340529.
    21250.,  -340529.
    21251.,  -340529.
    21252.,  -340529.
    21253.,  -340529.
    21254.,  -340529.
    21255.,  -340529.
    21256.,  -340529.
    21257.,  -340529.
    21258.,  -340529.
    21259.,  -340529.
    21260.,  -340529.
    21261.,  -340529.
    21262.,  -340529.
    21263.,  -340529.
    21264.,  -340529.
    21265.,  -340529.
    21266.,  -340529.
    21267.,  -340529.
    21268.,  -340529.
    21269.,  -340529.
    21270.,  -340529.
    21271.,  -338641.
    21272.,  -340527.
    21273.,  -340527.
    21274.,  -340527.
    21275.,  -340527.
    21276.,  -340527.
    21277.,  -340527.
    21278.,  -340527.
    21279.,  -338793.
    21280.,  -338793.
    21281.,  -340527.
    21282.,  -340527.
    21283.,  -340527.
    21284.,  -340527.
    21285.,  -340527.
    21286.,  -340527.
    21287.,  -340527.
    21288.,  -338793.
    21289.,  -340527.
    21290.,  -340527.
    21291.,  -340527.
    21292.,  -340527.
    21293.,  -338641.
    21294.,  -338641.
    21295.,  -340527.
    21296.,  -340527.
    21297.,  -340527.
    21298.,  -338641.
    21299.,  -340527.
    21300.,  -340527.
    21301.,  -340527.
    21302.,  -340527.
    21303.,  -340527.
    21304.,  -340527.
    21305.,  -340527.
    21306.,  -338793.
    21307.,  -338641.
    21308.,  -338641.
    21309.,  -338641.
    21310.,  -338641.
    21311.,  -338793.
    21312.,  -338793.
    21313.,  -338793.
    21314.,  -338793.
    21315.,  -340527.
    21316.,  -340527.
    21317.,  -340527.
    21318.,  -340527.
    21319.,  -340527.
    21320.,  -340527.
    21321.,  -340527.
    21322.,  -340527.
    21323.,  -340527.
    21324.,  -340527.
    21325.,  -340527.
    21326.,  -340527.
    21327.,  -340527.
    21328.,  -340527.
    21329.,  -340527.
    21330.,  -340527.
    21331.,  -340527.
    21332.,  -340527.
    21333.,  -340527.
    21334.,  -340527.
    21335.,  -340527.
    21336.,  -340527.
    21337.,  -340527.
    21338.,  -340527.
    21339.,  -340527.
    21340.,  -340527.
    21341.,  -340527.
    21342.,  -340527.
    21343.,  -338327.
    21344.,  -340525.
    21345.,  -340525.
    21346.,  -340525.
    21347.,  -340525.
    21348.,  -340525.
    21349.,  -340525.
    21350.,  -340525.
    21351.,  -338519.
    21352.,  -338519.
    21353.,  -340525.
    21354.,  -340525.
    21355.,  -340525.
    21356.,  -340525.
    21357.,  -340525.
    21358.,  -340525.
    21359.,  -340525.
    21360.,  -338519.
    21361.,  -340525.
    21362.,  -340525.
    21363.,  -340525.
    21364.,  -340525.
    21365.,  -338327.
    21366.,  -338327.
    21367.,  -340525.
    21368.,  -340525.
    21369.,  -340525.
    21370.,  -338327.
    21371.,  -340525.
    21372.,  -340525.
    21373.,  -340525.
    21374.,  -340525.
    21375.,  -340525.
    21376.,  -340525.
    21377.,  -340525.
    21378.,  -338519.
    21379.,  -338327.
    21380.,  -338327.
    21381.,  -338519.
    21382.,  -338519.
    21383.,  -338519.
    21384.,  -338519.
    21385.,  -338327.
    21386.,  -338327.
    21387.,  -340525.
    21388.,  -340525.
    21389.,  -340525.
    21390.,  -340525.
    21391.,  -340525.
    21392.,  -340525.
    21393.,  -340525.
    21394.,  -340525.
    21395.,  -340525.
    21396.,  -340525.
    21397.,  -340525.
    21398.,  -340525.
    21399.,  -340525.
    21400.,  -340525.
    21401.,  -340525.
    21402.,  -340525.
    21403.,  -340525.
    21404.,  -340525.
    21405.,  -340525.
    21406.,  -340525.
    21407.,  -340525.
    21408.,  -340525.
    21409.,  -340525.
    21410.,  -340525.
    21411.,  -340525.
    21412.,  -340525.
    21413.,  -340525.
    21414.,  -340525.
    21415.,  -338093.
    21416.,  -340523.
    21417.,  -340523.
    21418.,  -340523.
    21419.,  -340523.
    21420.,  -340523.
    21421.,  -340523.
    21422.,  -340523.
    21423.,  -338317.
    21424.,  -338317.
    21425.,  -340523.
    21426.,  -340523.
    21427.,  -340523.
    21428.,  -340523.
    21429.,  -340523.
    21430.,  -340523.
    21431.,  -340523.
    21432.,  -338317.
    21433.,  -340523.
    21434.,  -340523.
    21435.,  -340523.
    21436.,  -340523.
    21437.,  -338093.
    21438.,  -338093.
    21439.,  -340523.
    21440.,  -340523.
    21441.,  -340523.
    21442.,  -338093.
    21443.,  -340523.
    21444.,  -340523.
    21445.,  -340523.
    21446.,  -340523.
    21447.,  -340523.
    21448.,  -340523.
    21449.,  -340523.
    21450.,  -338317.
    21451.,  -338317.
    21452.,  -338317.
    21453.,  -338317.
    21454.,  -338317.
    21455.,  -338093.
    21456.,  -338093.
    21457.,  -338093.
    21458.,  -338093.
    21459.,  -340523.
    21460.,  -340523.
    21461.,  -340523.
    21462.,  -340523.
    21463.,  -340523.
    21464.,  -340523.
    21465.,  -340523.
    21466.,  -340523.
    21467.,  -340523.
    21468.,  -340523.
    21469.,  -340523.
    21470.,  -340523.
    21471.,  -340523.
    21472.,  -340523.
    21473.,  -340523.
    21474.,  -340523.
    21475.,  -340523.
    21476.,  -340523.
    21477.,  -340523.
    21478.,  -340523.
    21479.,  -340523.
    21480.,  -340523.
    21481.,  -340523.
    21482.,  -340523.
    21483.,  -340523.
    21484.,  -340523.
    21485.,  -340523.
    21486.,  -340523.
    21487.,  -337931.
    21488.,  -340521.
    21489.,  -340521.
    21490.,  -340521.
    21491.,  -340521.
    21492.,  -340521.
    21493.,  -340521.
    21494.,  -340521.
    21495.,  -338083.
    21496.,  -338083.
    21497.,  -340521.
    21498.,  -340521.
    21499.,  -340521.
    21500.,  -340521.
    21501.,  -340521.
    21502.,  -340521.
    21503.,  -340521.
    21504.,  -338083.
    21505.,  -340521.
    21506.,  -340521.
    21507.,  -340521.
    21508.,  -340521.
    21509.,  -337931.
    21510.,  -337931.
    21511.,  -340521.
    21512.,  -340521.
    21513.,  -340521.
    21514.,  -337931.
    21515.,  -340521.
    21516.,  -340521.
    21517.,  -340521.
    21518.,  -340521.
    21519.,  -340521.
    21520.,  -340521.
    21521.,  -340521.
    21522.,  -338083.
    21523.,  -337931.
    21524.,  -337931.
    21525.,  -338083.
    21526.,  -338083.
    21527.,  -338083.
    21528.,  -338083.
    21529.,  -337931.
    21530.,  -337931.
    21531.,  -340521.
    21532.,  -340521.
    21533.,  -340521.
    21534.,  -340521.
    21535.,  -340521.
    21536.,  -340521.
    21537.,  -340521.
    21538.,  -340521.
    21539.,  -340521.
    21540.,  -340521.
    21541.,  -340521.
    21542.,  -340521.
    21543.,  -340521.
    21544.,  -340521.
    21545.,  -340521.
    21546.,  -340521.
    21547.,  -340521.
    21548.,  -340521.
    21549.,  -340521.
    21550.,  -340521.
    21551.,  -340521.
    21552.,  -340521.
    21553.,  -340521.
    21554.,  -340521.
    21555.,  -340521.
    21556.,  -340521.
    21557.,  -340521.
    21558.,  -340521.
    21559.,  -337817.
    21560.,  -337817.
    21561.,  -337633.
    21562.,  -340519.
    21563.,  -340519.
    21564.,  -340519.
    21565.,  -340519.
    21566.,  -340519.
    21567.,  -340519.
    21568.,  -340519.
    21569.,  -337817.
    21570.,  -340519.
    21571.,  -340519.
    21572.,  -340519.
    21573.,  -340519.
    21574.,  -340519.
    21575.,  -340519.
    21576.,  -340519.
    21577.,  -337817.
    21578.,  -337633.
    21579.,  -340519.
    21580.,  -340519.
    21581.,  -340519.
    21582.,  -340519.
    21583.,  -340519.
    21584.,  -340519.
    21585.,  -340519.
    21586.,  -340519.
    21587.,  -340519.
    21588.,  -340519.
    21589.,  -340519.
    21590.,  -337633.
    21591.,  -337633.
    21592.,  -340519.
    21593.,  -340519.
    21594.,  -340519.
    21595.,  -337817.
    21596.,  -337817.
    21597.,  -337633.
    21598.,  -337633.
    21599.,  -337633.
    21600.,  -337633.
    21601.,  -340519.
    21602.,  -340519.
    21603.,  -340519.
    21604.,  -340519.
    21605.,  -340519.
    21606.,  -340519.
    21607.,  -340519.
    21608.,  -340519.
    21609.,  -340519.
    21610.,  -340519.
    21611.,  -337817.
    21612.,  -340519.
    21613.,  -340519.
    21614.,  -340519.
    21615.,  -340519.
    21616.,  -340519.
    21617.,  -340519.
    21618.,  -340519.
    21619.,  -340519.
    21620.,  -340519.
    21621.,  -340519.
    21622.,  -340519.
    21623.,  -337817.
    21624.,  -340519.
    21625.,  -340519.
    21626.,  -340519.
    21627.,  -340519.
    21628.,  -340519.
    21629.,  -340519.
    21630.,  -340519.
    21631.,  -337407.
    21632.,  -340517.
    21633.,  -340517.
    21634.,  -340517.
    21635.,  -340517.
    21636.,  -340517.
    21637.,  -340517.
    21638.,  -340517.
    21639.,  -337623.
    21640.,  -337623.
    21641.,  -340517.
    21642.,  -340517.
    21643.,  -340517.
    21644.,  -340517.
    21645.,  -340517.
    21646.,  -340517.
    21647.,  -340517.
    21648.,  -337623.
    21649.,  -340517.
    21650.,  -340517.
    21651.,  -340517.
    21652.,  -340517.
    21653.,  -337407.
    21654.,  -337407.
    21655.,  -340517.
    21656.,  -340517.
    21657.,  -340517.
    21658.,  -337407.
    21659.,  -340517.
    21660.,  -340517.
    21661.,  -340517.
    21662.,  -340517.
    21663.,  -340517.
    21664.,  -340517.
    21665.,  -340517.
    21666.,  -337623.
    21667.,  -337623.
    21668.,  -337623.
    21669.,  -337623.
    21670.,  -337623.
    21671.,  -337407.
    21672.,  -337407.
    21673.,  -337407.
    21674.,  -337407.
    21675.,  -340517.
    21676.,  -340517.
    21677.,  -340517.
    21678.,  -340517.
    21679.,  -340517.
    21680.,  -340517.
    21681.,  -340517.
    21682.,  -340517.
    21683.,  -340517.
    21684.,  -340517.
    21685.,  -340517.
    21686.,  -340517.
    21687.,  -340517.
    21688.,  -340517.
    21689.,  -340517.
    21690.,  -340517.
    21691.,  -340517.
    21692.,  -340517.
    21693.,  -340517.
    21694.,  -340517.
    21695.,  -340517.
    21696.,  -340517.
    21697.,  -340517.
    21698.,  -340517.
    21699.,  -340517.
    21700.,  -340517.
    21701.,  -340517.
    21702.,  -340517.
    21703.,  -337253.
    21704.,  -340515.
    21705.,  -340515.
    21706.,  -340515.
    21707.,  -340515.
    21708.,  -340515.
    21709.,  -340515.
    21710.,  -340515.
    21711.,  -337397.
    21712.,  -337397.
    21713.,  -340515.
    21714.,  -340515.
    21715.,  -340515.
    21716.,  -340515.
    21717.,  -340515.
    21718.,  -340515.
    21719.,  -340515.
    21720.,  -337397.
    21721.,  -340515.
    21722.,  -340515.
    21723.,  -340515.
    21724.,  -340515.
    21725.,  -337253.
    21726.,  -337253.
    21727.,  -340515.
    21728.,  -340515.
    21729.,  -340515.
    21730.,  -337253.
    21731.,  -340515.
    21732.,  -340515.
    21733.,  -340515.
    21734.,  -340515.
    21735.,  -340515.
    21736.,  -340515.
    21737.,  -340515.
    21738.,  -337397.
    21739.,  -337397.
    21740.,  -337397.
    21741.,  -337397.
    21742.,  -337397.
    21743.,  -337253.
    21744.,  -337253.
    21745.,  -337253.
    21746.,  -337253.
    21747.,  -340515.
    21748.,  -340515.
    21749.,  -340515.
    21750.,  -340515.
    21751.,  -340515.
    21752.,  -340515.
    21753.,  -340515.
    21754.,  -340515.
    21755.,  -340515.
    21756.,  -340515.
    21757.,  -340515.
    21758.,  -340515.
    21759.,  -340515.
    21760.,  -340515.
    21761.,  -340515.
    21762.,  -340515.
    21763.,  -340515.
    21764.,  -340515.
    21765.,  -340515.
    21766.,  -340515.
    21767.,  -340515.
    21768.,  -340515.
    21769.,  -340515.
    21770.,  -340515.
    21771.,  -340515.
    21772.,  -340515.
    21773.,  -340515.
    21774.,  -340515.
    21775.,  -339003.
    21776.,  -340513.
    21777.,  -340513.
    21778.,  -340513.
    21779.,  -340513.
    21780.,  -340513.
    21781.,  -340513.
    21782.,  -340513.
    21783.,  -339003.
    21784.,  -340513.
    21785.,  -340513.
    21786.,  -340513.
    21787.,  -340513.
    21788.,  -339203.
    21789.,  -339003.
    21790.,  -340513.
    21791.,  -340513.
    21792.,  -340513.
    21793.,  -340513.
    21794.,  -340513.
    21795.,  -340513.
    21796.,  -340513.
    21797.,  -339203.
    21798.,  -339203.
    21799.,  -340513.
    21800.,  -340513.
    21801.,  -340513.
    21802.,  -340513.
    21803.,  -340513.
    21804.,  -340513.
    21805.,  -340513.
    21806.,  -339203.
    21807.,  -339003.
    21808.,  -340513.
    21809.,  -340513.
    21810.,  -340513.
    21811.,  -339003.
    21812.,  -339003.
    21813.,  -339003.
    21814.,  -339003.
    21815.,  -339203.
    21816.,  -339203.
    21817.,  -339203.
    21818.,  -339203.
    21819.,  -340513.
    21820.,  -340513.
    21821.,  -340513.
    21822.,  -340513.
    21823.,  -340513.
    21824.,  -340513.
    21825.,  -340513.
    21826.,  -340513.
    21827.,  -340513.
    21828.,  -340513.
    21829.,  -340513.
    21830.,  -340513.
    21831.,  -340513.
    21832.,  -340513.
    21833.,  -340513.
    21834.,  -340513.
    21835.,  -340513.
    21836.,  -340513.
    21837.,  -340513.
    21838.,  -340513.
    21839.,  -340513.
    21840.,  -340513.
    21841.,  -340513.
    21842.,  -340513.
    21843.,  -340513.
    21844.,  -340513.
    21845.,  -340513.
    21846.,  -340513.
    21847.,  -338769.
    21848.,  -340511.
    21849.,  -340511.
    21850.,  -340511.
    21851.,  -340511.
    21852.,  -340511.
    21853.,  -340511.
    21854.,  -340511.
    21855.,  -338993.
    21856.,  -338993.
    21857.,  -340511.
    21858.,  -340511.
    21859.,  -340511.
    21860.,  -340511.
    21861.,  -340511.
    21862.,  -340511.
    21863.,  -340511.
    21864.,  -338993.
    21865.,  -340511.
    21866.,  -340511.
    21867.,  -340511.
    21868.,  -340511.
    21869.,  -338769.
    21870.,  -338769.
    21871.,  -340511.
    21872.,  -340511.
    21873.,  -340511.
    21874.,  -338769.
    21875.,  -340511.
    21876.,  -340511.
    21877.,  -340511.
    21878.,  -340511.
    21879.,  -340511.
    21880.,  -340511.
    21881.,  -340511.
    21882.,  -338993.
    21883.,  -338769.
    21884.,  -338769.
    21885.,  -338769.
    21886.,  -338769.
    21887.,  -338993.
    21888.,  -338993.
    21889.,  -338993.
    21890.,  -338993.
    21891.,  -340511.
    21892.,  -340511.
    21893.,  -340511.
    21894.,  -340511.
    21895.,  -340511.
    21896.,  -340511.
    21897.,  -340511.
    21898.,  -340511.
    21899.,  -340511.
    21900.,  -340511.
    21901.,  -340511.
    21902.,  -340511.
    21903.,  -340511.
    21904.,  -340511.
    21905.,  -340511.
    21906.,  -340511.
    21907.,  -340511.
    21908.,  -340511.
    21909.,  -340511.
    21910.,  -340511.
    21911.,  -340511.
    21912.,  -340511.
    21913.,  -340511.
    21914.,  -340511.
    21915.,  -340511.
    21916.,  -340511.
    21917.,  -340511.
    21918.,  -340511.
    21919.,  -338615.
    21920.,  -340509.
    21921.,  -340509.
    21922.,  -340509.
    21923.,  -340509.
    21924.,  -340509.
    21925.,  -340509.
    21926.,  -340509.
    21927.,  -338759.
    21928.,  -338759.
    21929.,  -340509.
    21930.,  -340509.
    21931.,  -340509.
    21932.,  -340509.
    21933.,  -340509.
    21934.,  -340509.
    21935.,  -340509.
    21936.,  -338759.
    21937.,  -340509.
    21938.,  -340509.
    21939.,  -340509.
    21940.,  -340509.
    21941.,  -338615.
    21942.,  -338615.
    21943.,  -340509.
    21944.,  -340509.
    21945.,  -340509.
    21946.,  -338615.
    21947.,  -340509.
    21948.,  -340509.
    21949.,  -340509.
    21950.,  -340509.
    21951.,  -340509.
    21952.,  -340509.
    21953.,  -340509.
    21954.,  -338759.
    21955.,  -338615.
    21956.,  -338615.
    21957.,  -338615.
    21958.,  -338615.
    21959.,  -338759.
    21960.,  -338759.
    21961.,  -338759.
    21962.,  -338759.
    21963.,  -340509.
    21964.,  -340509.
    21965.,  -340509.
    21966.,  -340509.
    21967.,  -340509.
    21968.,  -340509.
    21969.,  -340509.
    21970.,  -340509.
    21971.,  -340509.
    21972.,  -340509.
    21973.,  -340509.
    21974.,  -340509.
    21975.,  -340509.
    21976.,  -340509.
    21977.,  -340509.
    21978.,  -340509.
    21979.,  -340509.
    21980.,  -340509.
    21981.,  -340509.
    21982.,  -340509.
    21983.,  -340509.
    21984.,  -340509.
    21985.,  -340509.
    21986.,  -340509.
    21987.,  -340509.
    21988.,  -340509.
    21989.,  -340509.
    21990.,  -340509.
    21991.,  -338293.
    21992.,  -340507.
    21993.,  -340507.
    21994.,  -340507.
    21995.,  -340507.
    21996.,  -340507.
    21997.,  -340507.
    21998.,  -340507.
    21999.,  -338493.
    22000.,  -338493.
    22001.,  -340507.
    22002.,  -340507.
    22003.,  -340507.
    22004.,  -340507.
    22005.,  -340507.
    22006.,  -340507.
    22007.,  -340507.
    22008.,  -338493.
    22009.,  -340507.
    22010.,  -340507.
    22011.,  -340507.
    22012.,  -340507.
    22013.,  -338293.
    22014.,  -338293.
    22015.,  -340507.
    22016.,  -340507.
    22017.,  -340507.
    22018.,  -338293.
    22019.,  -340507.
    22020.,  -340507.
    22021.,  -340507.
    22022.,  -340507.
    22023.,  -340507.
    22024.,  -340507.
    22025.,  -340507.
    22026.,  -338493.
    22027.,  -338293.
    22028.,  -338293.
    22029.,  -338293.
    22030.,  -338293.
    22031.,  -338493.
    22032.,  -338493.
    22033.,  -338493.
    22034.,  -338493.
    22035.,  -340507.
    22036.,  -340507.
    22037.,  -340507.
    22038.,  -340507.
    22039.,  -340507.
    22040.,  -340507.
    22041.,  -340507.
    22042.,  -340507.
    22043.,  -340507.
    22044.,  -340507.
    22045.,  -340507.
    22046.,  -340507.
    22047.,  -340507.
    22048.,  -340507.
    22049.,  -340507.
    22050.,  -340507.
    22051.,  -340507.
    22052.,  -340507.
    22053.,  -340507.
    22054.,  -340507.
    22055.,  -340507.
    22056.,  -340507.
    22057.,  -340507.
    22058.,  -340507.
    22059.,  -340507.
    22060.,  -340507.
    22061.,  -340507.
    22062.,  -340507.
    22063.,  -338059.
    22064.,  -340505.
    22065.,  -340505.
    22066.,  -340505.
    22067.,  -340505.
    22068.,  -340505.
    22069.,  -340505.
    22070.,  -340505.
    22071.,  -338283.
    22072.,  -338283.
    22073.,  -340505.
    22074.,  -340505.
    22075.,  -340505.
    22076.,  -340505.
    22077.,  -340505.
    22078.,  -340505.
    22079.,  -340505.
    22080.,  -338283.
    22081.,  -340505.
    22082.,  -340505.
    22083.,  -340505.
    22084.,  -340505.
    22085.,  -338059.
    22086.,  -338059.
    22087.,  -340505.
    22088.,  -340505.
    22089.,  -340505.
    22090.,  -338059.
    22091.,  -340505.
    22092.,  -340505.
    22093.,  -340505.
    22094.,  -340505.
    22095.,  -340505.
    22096.,  -340505.
    22097.,  -340505.
    22098.,  -338283.
    22099.,  -338059.
    22100.,  -338059.
    22101.,  -338059.
    22102.,  -338059.
    22103.,  -338283.
    22104.,  -338283.
    22105.,  -338283.
    22106.,  -338283.
    22107.,  -340505.
    22108.,  -340505.
    22109.,  -340505.
    22110.,  -340505.
    22111.,  -340505.
    22112.,  -340505.
    22113.,  -340505.
    22114.,  -340505.
    22115.,  -340505.
    22116.,  -340505.
    22117.,  -340505.
    22118.,  -340505.
    22119.,  -340505.
    22120.,  -340505.
    22121.,  -340505.
    22122.,  -340505.
    22123.,  -340505.
    22124.,  -340505.
    22125.,  -340505.
    22126.,  -340505.
    22127.,  -340505.
    22128.,  -340505.
    22129.,  -340505.
    22130.,  -340505.
    22131.,  -340505.
    22132.,  -340505.
    22133.,  -340505.
    22134.,  -340505.
    22135.,  -337905.
    22136.,  -340503.
    22137.,  -340503.
    22138.,  -340503.
    22139.,  -340503.
    22140.,  -340503.
    22141.,  -340503.
    22142.,  -340503.
    22143.,  -338049.
    22144.,  -338049.
    22145.,  -340503.
    22146.,  -340503.
    22147.,  -340503.
    22148.,  -340503.
    22149.,  -340503.
    22150.,  -340503.
    22151.,  -340503.
    22152.,  -338049.
    22153.,  -340503.
    22154.,  -340503.
    22155.,  -340503.
    22156.,  -340503.
    22157.,  -337905.
    22158.,  -337905.
    22159.,  -340503.
    22160.,  -340503.
    22161.,  -340503.
    22162.,  -337905.
    22163.,  -340503.
    22164.,  -340503.
    22165.,  -340503.
    22166.,  -340503.
    22167.,  -340503.
    22168.,  -340503.
    22169.,  -340503.
    22170.,  -338049.
    22171.,  -337905.
    22172.,  -337905.
    22173.,  -337905.
    22174.,  -337905.
    22175.,  -338049.
    22176.,  -338049.
    22177.,  -338049.
    22178.,  -338049.
    22179.,  -340503.
    22180.,  -340503.
    22181.,  -340503.
    22182.,  -340503.
    22183.,  -340503.
    22184.,  -340503.
    22185.,  -340503.
    22186.,  -340503.
    22187.,  -340503.
    22188.,  -340503.
    22189.,  -340503.
    22190.,  -340503.
    22191.,  -340503.
    22192.,  -340503.
    22193.,  -340503.
    22194.,  -340503.
    22195.,  -340503.
    22196.,  -340503.
    22197.,  -340503.
    22198.,  -340503.
    22199.,  -340503.
    22200.,  -340503.
    22201.,  -340503.
    22202.,  -340503.
    22203.,  -340503.
    22204.,  -340503.
    22205.,  -340503.
    22206.,  -340503.
    22207.,  -337599.
    22208.,  -340501.
    22209.,  -340501.
    22210.,  -340501.
    22211.,  -340501.
    22212.,  -340501.
    22213.,  -340501.
    22214.,  -340501.
    22215.,  -337791.
    22216.,  -337791.
    22217.,  -340501.
    22218.,  -340501.
    22219.,  -340501.
    22220.,  -340501.
    22221.,  -340501.
    22222.,  -340501.
    22223.,  -340501.
    22224.,  -337791.
    22225.,  -337599.
    22226.,  -340501.
    22227.,  -340501.
    22228.,  -340501.
    22229.,  -340501.
    22230.,  -340501.
    22231.,  -340501.
    22232.,  -340501.
    22233.,  -337791.
    22234.,  -340501.
    22235.,  -340501.
    22236.,  -340501.
    22237.,  -340501.
    22238.,  -337599.
    22239.,  -337599.
    22240.,  -340501.
    22241.,  -340501.
    22242.,  -340501.
    22243.,  -337599.
    22244.,  -337599.
    22245.,  -337791.
    22246.,  -337791.
    22247.,  -337599.
    22248.,  -337599.
    22249.,  -337791.
    22250.,  -337791.
    22251.,  -340501.
    22252.,  -340501.
    22253.,  -340501.
    22254.,  -340501.
    22255.,  -340501.
    22256.,  -340501.
    22257.,  -340501.
    22258.,  -340501.
    22259.,  -340501.
    22260.,  -340501.
    22261.,  -340501.
    22262.,  -340501.
    22263.,  -340501.
    22264.,  -340501.
    22265.,  -340501.
    22266.,  -340501.
    22267.,  -340501.
    22268.,  -340501.
    22269.,  -340501.
    22270.,  -340501.
    22271.,  -340501.
    22272.,  -340501.
    22273.,  -340501.
    22274.,  -340501.
    22275.,  -340501.
    22276.,  -340501.
    22277.,  -340501.
    22278.,  -340501.
    22279.,  -337373.
    22280.,  -340499.
    22281.,  -340499.
    22282.,  -340499.
    22283.,  -340499.
    22284.,  -340499.
    22285.,  -340499.
    22286.,  -340499.
    22287.,  -337589.
    22288.,  -337589.
    22289.,  -340499.
    22290.,  -340499.
    22291.,  -340499.
    22292.,  -340499.
    22293.,  -340499.
    22294.,  -340499.
    22295.,  -340499.
    22296.,  -337589.
    22297.,  -340499.
    22298.,  -340499.
    22299.,  -340499.
    22300.,  -340499.
    22301.,  -337373.
    22302.,  -337373.
    22303.,  -340499.
    22304.,  -340499.
    22305.,  -340499.
    22306.,  -337373.
    22307.,  -340499.
    22308.,  -340499.
    22309.,  -340499.
    22310.,  -340499.
    22311.,  -340499.
    22312.,  -340499.
    22313.,  -340499.
    22314.,  -337589.
    22315.,  -337373.
    22316.,  -337373.
    22317.,  -337373.
    22318.,  -337373.
    22319.,  -337589.
    22320.,  -337589.
    22321.,  -337589.
    22322.,  -337589.
    22323.,  -340499.
    22324.,  -340499.
    22325.,  -340499.
    22326.,  -340499.
    22327.,  -340499.
    22328.,  -340499.
    22329.,  -340499.
    22330.,  -340499.
    22331.,  -340499.
    22332.,  -340499.
    22333.,  -340499.
    22334.,  -340499.
    22335.,  -340499.
    22336.,  -340499.
    22337.,  -340499.
    22338.,  -340499.
    22339.,  -340499.
    22340.,  -340499.
    22341.,  -340499.
    22342.,  -340499.
    22343.,  -340499.
    22344.,  -340499.
    22345.,  -340499.
    22346.,  -340499.
    22347.,  -340499.
    22348.,  -340499.
    22349.,  -340499.
    22350.,  -340499.
    22351.,  -337227.
    22352.,  -340497.
    22353.,  -340497.
    22354.,  -340497.
    22355.,  -340497.
    22356.,  -340497.
    22357.,  -340497.
    22358.,  -340497.
    22359.,  -337363.
    22360.,  -337363.
    22361.,  -340497.
    22362.,  -340497.
    22363.,  -340497.
    22364.,  -340497.
    22365.,  -340497.
    22366.,  -340497.
    22367.,  -340497.
    22368.,  -337363.
    22369.,  -340497.
    22370.,  -340497.
    22371.,  -340497.
    22372.,  -340497.
    22373.,  -337227.
    22374.,  -337227.
    22375.,  -340497.
    22376.,  -340497.
    22377.,  -340497.
    22378.,  -337227.
    22379.,  -340497.
    22380.,  -340497.
    22381.,  -340497.
    22382.,  -340497.
    22383.,  -340497.
    22384.,  -340497.
    22385.,  -340497.
    22386.,  -337363.
    22387.,  -337227.
    22388.,  -337227.
    22389.,  -337363.
    22390.,  -337363.
    22391.,  -337363.
    22392.,  -337363.
    22393.,  -337227.
    22394.,  -337227.
    22395.,  -340497.
    22396.,  -340497.
    22397.,  -340497.
    22398.,  -340497.
    22399.,  -340497.
    22400.,  -340497.
    22401.,  -340497.
    22402.,  -340497.
    22403.,  -340497.
    22404.,  -340497.
    22405.,  -340497.
    22406.,  -340497.
    22407.,  -340497.
    22408.,  -340497.
    22409.,  -340497.
    22410.,  -340497.
    22411.,  -340497.
    22412.,  -340497.
    22413.,  -340497.
    22414.,  -340497.
    22415.,  -340497.
    22416.,  -340497.
    22417.,  -340497.
    22418.,  -340497.
    22419.,  -340497.
    22420.,  -340497.
    22421.,  -340497.
    22422.,  -340497.
    22423.,  -338969.
    22424.,  -340495.
    22425.,  -340495.
    22426.,  -340495.
    22427.,  -340495.
    22428.,  -340495.
    22429.,  -340495.
    22430.,  -340495.
    22431.,  -338969.
    22432.,  -340495.
    22433.,  -340495.
    22434.,  -340495.
    22435.,  -340495.
    22436.,  -339177.
    22437.,  -338969.
    22438.,  -340495.
    22439.,  -340495.
    22440.,  -340495.
    22441.,  -340495.
    22442.,  -340495.
    22443.,  -340495.
    22444.,  -340495.
    22445.,  -339177.
    22446.,  -339177.
    22447.,  -340495.
    22448.,  -340495.
    22449.,  -340495.
    22450.,  -340495.
    22451.,  -340495.
    22452.,  -340495.
    22453.,  -340495.
    22454.,  -339177.
    22455.,  -338969.
    22456.,  -340495.
    22457.,  -340495.
    22458.,  -340495.
    22459.,  -338969.
    22460.,  -338969.
    22461.,  -338969.
    22462.,  -338969.
    22463.,  -339177.
    22464.,  -339177.
    22465.,  -339177.
    22466.,  -339177.
    22467.,  -340495.
    22468.,  -340495.
    22469.,  -340495.
    22470.,  -340495.
    22471.,  -340495.
    22472.,  -340495.
    22473.,  -340495.
    22474.,  -340495.
    22475.,  -340495.
    22476.,  -340495.
    22477.,  -340495.
    22478.,  -340495.
    22479.,  -340495.
    22480.,  -340495.
    22481.,  -340495.
    22482.,  -340495.
    22483.,  -340495.
    22484.,  -340495.
    22485.,  -340495.
    22486.,  -340495.
    22487.,  -340495.
    22488.,  -340495.
    22489.,  -340495.
    22490.,  -340495.
    22491.,  -340495.
    22492.,  -340495.
    22493.,  -340495.
    22494.,  -340495.
    22495.,  -338735.
    22496.,  -340493.
    22497.,  -340493.
    22498.,  -340493.
    22499.,  -340493.
    22500.,  -340493.
    22501.,  -340493.
    22502.,  -340493.
    22503.,  -338959.
    22504.,  -338959.
    22505.,  -340493.
    22506.,  -340493.
    22507.,  -340493.
    22508.,  -340493.
    22509.,  -340493.
    22510.,  -340493.
    22511.,  -340493.
    22512.,  -338959.
    22513.,  -340493.
    22514.,  -340493.
    22515.,  -340493.
    22516.,  -340493.
    22517.,  -338735.
    22518.,  -338735.
    22519.,  -340493.
    22520.,  -340493.
    22521.,  -340493.
    22522.,  -338735.
    22523.,  -340493.
    22524.,  -340493.
    22525.,  -340493.
    22526.,  -340493.
    22527.,  -340493.
    22528.,  -340493.
    22529.,  -340493.
    22530.,  -338959.
    22531.,  -338735.
    22532.,  -338735.
    22533.,  -338735.
    22534.,  -338735.
    22535.,  -338959.
    22536.,  -338959.
    22537.,  -338959.
    22538.,  -338959.
    22539.,  -340493.
    22540.,  -340493.
    22541.,  -340493.
    22542.,  -340493.
    22543.,  -340493.
    22544.,  -340493.
    22545.,  -340493.
    22546.,  -340493.
    22547.,  -340493.
    22548.,  -340493.
    22549.,  -340493.
    22550.,  -340493.
    22551.,  -340493.
    22552.,  -340493.
    22553.,  -340493.
    22554.,  -340493.
    22555.,  -340493.
    22556.,  -340493.
    22557.,  -340493.
    22558.,  -340493.
    22559.,  -340493.
    22560.,  -340493.
    22561.,  -340493.
    22562.,  -340493.
    22563.,  -340493.
    22564.,  -340493.
    22565.,  -340493.
    22566.,  -340493.
    22567.,  -338589.
    22568.,  -340491.
    22569.,  -340491.
    22570.,  -340491.
    22571.,  -340491.
    22572.,  -340491.
    22573.,  -340491.
    22574.,  -340491.
    22575.,  -338725.
    22576.,  -338725.
    22577.,  -340491.
    22578.,  -340491.
    22579.,  -340491.
    22580.,  -340491.
    22581.,  -340491.
    22582.,  -340491.
    22583.,  -340491.
    22584.,  -338725.
    22585.,  -340491.
    22586.,  -340491.
    22587.,  -340491.
    22588.,  -340491.
    22589.,  -338589.
    22590.,  -338589.
    22591.,  -340491.
    22592.,  -340491.
    22593.,  -340491.
    22594.,  -338589.
    22595.,  -340491.
    22596.,  -340491.
    22597.,  -340491.
    22598.,  -340491.
    22599.,  -340491.
    22600.,  -340491.
    22601.,  -340491.
    22602.,  -338725.
    22603.,  -338589.
    22604.,  -338589.
    22605.,  -338589.
    22606.,  -338589.
    22607.,  -338725.
    22608.,  -338725.
    22609.,  -338725.
    22610.,  -338725.
    22611.,  -340491.
    22612.,  -340491.
    22613.,  -340491.
    22614.,  -340491.
    22615.,  -340491.
    22616.,  -340491.
    22617.,  -340491.
    22618.,  -340491.
    22619.,  -340491.
    22620.,  -340491.
    22621.,  -340491.
    22622.,  -340491.
    22623.,  -340491.
    22624.,  -340491.
    22625.,  -340491.
    22626.,  -340491.
    22627.,  -340491.
    22628.,  -340491.
    22629.,  -340491.
    22630.,  -340491.
    22631.,  -340491.
    22632.,  -340491.
    22633.,  -340491.
    22634.,  -340491.
    22635.,  -340491.
    22636.,  -340491.
    22637.,  -340491.
    22638.,  -340491.
    22639.,  -340489.
    22640.,  -340489.
    22641.,  -340489.
    22642.,  -340489.
    22643.,  -338259.
    22644.,  -338259.
    22645.,  -340489.
    22646.,  -340489.
    22647.,  -340489.
    22648.,  -338467.
    22649.,  -338467.
    22650.,  -338259.
    22651.,  -340489.
    22652.,  -340489.
    22653.,  -340489.
    22654.,  -340489.
    22655.,  -340489.
    22656.,  -340489.
    22657.,  -340489.
    22658.,  -338467.
    22659.,  -340489.
    22660.,  -340489.
    22661.,  -340489.
    22662.,  -340489.
    22663.,  -340489.
    22664.,  -340489.
    22665.,  -340489.
    22666.,  -338467.
    22667.,  -340489.
    22668.,  -340489.
    22669.,  -340489.
    22670.,  -340489.
    22671.,  -338259.
    22672.,  -340489.
    22673.,  -340489.
    22674.,  -340489.
    22675.,  -338467.
    22676.,  -338467.
    22677.,  -338259.
    22678.,  -338259.
    22679.,  -340489.
    22680.,  -340489.
    22681.,  -340489.
    22682.,  -340489.
    22683.,  -340489.
    22684.,  -340489.
    22685.,  -340489.
    22686.,  -338467.
    22687.,  -340489.
    22688.,  -340489.
    22689.,  -340489.
    22690.,  -340489.
    22691.,  -340489.
    22692.,  -340489.
    22693.,  -340489.
    22694.,  -338467.
    22695.,  -340489.
    22696.,  -340489.
    22697.,  -340489.
    22698.,  -340489.
    22699.,  -340489.
    22700.,  -340489.
    22701.,  -340489.
    22702.,  -338259.
    22703.,  -338259.
    22704.,  -340489.
    22705.,  -340489.
    22706.,  -340489.
    22707.,  -340489.
    22708.,  -340489.
    22709.,  -340489.
    22710.,  -340489.
    22711.,  -338025.
    22712.,  -340487.
    22713.,  -340487.
    22714.,  -340487.
    22715.,  -340487.
    22716.,  -340487.
    22717.,  -340487.
    22718.,  -340487.
    22719.,  -338249.
    22720.,  -338249.
    22721.,  -340487.
    22722.,  -340487.
    22723.,  -340487.
    22724.,  -340487.
    22725.,  -340487.
    22726.,  -340487.
    22727.,  -340487.
    22728.,  -338249.
    22729.,  -340487.
    22730.,  -340487.
    22731.,  -340487.
    22732.,  -340487.
    22733.,  -338025.
    22734.,  -338025.
    22735.,  -340487.
    22736.,  -340487.
    22737.,  -340487.
    22738.,  -338025.
    22739.,  -340487.
    22740.,  -340487.
    22741.,  -340487.
    22742.,  -340487.
    22743.,  -340487.
    22744.,  -340487.
    22745.,  -340487.
    22746.,  -338249.
    22747.,  -338249.
    22748.,  -338249.
    22749.,  -338249.
    22750.,  -338249.
    22751.,  -338025.
    22752.,  -338025.
    22753.,  -338025.
    22754.,  -338025.
    22755.,  -340487.
    22756.,  -340487.
    22757.,  -340487.
    22758.,  -340487.
    22759.,  -340487.
    22760.,  -340487.
    22761.,  -340487.
    22762.,  -340487.
    22763.,  -340487.
    22764.,  -340487.
    22765.,  -340487.
    22766.,  -340487.
    22767.,  -340487.
    22768.,  -340487.
    22769.,  -340487.
    22770.,  -340487.
    22771.,  -340487.
    22772.,  -340487.
    22773.,  -340487.
    22774.,  -340487.
    22775.,  -340487.
    22776.,  -340487.
    22777.,  -340487.
    22778.,  -340487.
    22779.,  -340487.
    22780.,  -340487.
    22781.,  -340487.
    22782.,  -340487.
    22783.,  -340485.
    22784.,  -340485.
    22785.,  -340485.
    22786.,  -340485.
    22787.,  -337879.
    22788.,  -337879.
    22789.,  -340485.
    22790.,  -340485.
    22791.,  -340485.
    22792.,  -338015.
    22793.,  -338015.
    22794.,  -337879.
    22795.,  -340485.
    22796.,  -340485.
    22797.,  -340485.
    22798.,  -340485.
    22799.,  -340485.
    22800.,  -340485.
    22801.,  -340485.
    22802.,  -338015.
    22803.,  -340485.
    22804.,  -340485.
    22805.,  -340485.
    22806.,  -340485.
    22807.,  -340485.
    22808.,  -340485.
    22809.,  -340485.
    22810.,  -338015.
    22811.,  -340485.
    22812.,  -340485.
    22813.,  -340485.
    22814.,  -340485.
    22815.,  -337879.
    22816.,  -340485.
    22817.,  -340485.
    22818.,  -340485.
    22819.,  -338015.
    22820.,  -338015.
    22821.,  -337879.
    22822.,  -337879.
    22823.,  -340485.
    22824.,  -340485.
    22825.,  -340485.
    22826.,  -340485.
    22827.,  -340485.
    22828.,  -340485.
    22829.,  -340485.
    22830.,  -338015.
    22831.,  -340485.
    22832.,  -340485.
    22833.,  -340485.
    22834.,  -340485.
    22835.,  -340485.
    22836.,  -340485.
    22837.,  -340485.
    22838.,  -338015.
    22839.,  -340485.
    22840.,  -340485.
    22841.,  -340485.
    22842.,  -340485.
    22843.,  -340485.
    22844.,  -340485.
    22845.,  -340485.
    22846.,  -337879.
    22847.,  -337879.
    22848.,  -340485.
    22849.,  -340485.
    22850.,  -340485.
    22851.,  -340485.
    22852.,  -340485.
    22853.,  -340485.
    22854.,  -340485.
    22855.,  -340483.
    22856.,  -340483.
    22857.,  -340483.
    22858.,  -340483.
    22859.,  -337765.
    22860.,  -337565.
    22861.,  -340483.
    22862.,  -340483.
    22863.,  -340483.
    22864.,  -337565.
    22865.,  -340483.
    22866.,  -340483.
    22867.,  -340483.
    22868.,  -340483.
    22869.,  -340483.
    22870.,  -340483.
    22871.,  -340483.
    22872.,  -337565.
    22873.,  -340483.
    22874.,  -340483.
    22875.,  -340483.
    22876.,  -340483.
    22877.,  -337765.
    22878.,  -337765.
    22879.,  -340483.
    22880.,  -340483.
    22881.,  -340483.
    22882.,  -340483.
    22883.,  -340483.
    22884.,  -340483.
    22885.,  -340483.
    22886.,  -337765.
    22887.,  -337565.
    22888.,  -340483.
    22889.,  -340483.
    22890.,  -340483.
    22891.,  -337565.
    22892.,  -337565.
    22893.,  -337565.
    22894.,  -337565.
    22895.,  -337765.
    22896.,  -337765.
    22897.,  -337765.
    22898.,  -337765.
    22899.,  -340483.
    22900.,  -340483.
    22901.,  -340483.
    22902.,  -340483.
    22903.,  -340483.
    22904.,  -340483.
    22905.,  -340483.
    22906.,  -340483.
    22907.,  -340483.
    22908.,  -340483.
    22909.,  -340483.
    22910.,  -340483.
    22911.,  -340483.
    22912.,  -340483.
    22913.,  -340483.
    22914.,  -340483.
    22915.,  -340483.
    22916.,  -340483.
    22917.,  -340483.
    22918.,  -340483.
    22919.,  -340483.
    22920.,  -340483.
    22921.,  -340483.
    22922.,  -340483.
    22923.,  -340483.
    22924.,  -340483.
    22925.,  -340483.
    22926.,  -340483.
    22927.,  -337339.
    22928.,  -340481.
    22929.,  -340481.
    22930.,  -340481.
    22931.,  -340481.
    22932.,  -340481.
    22933.,  -340481.
    22934.,  -340481.
    22935.,  -337555.
    22936.,  -337555.
    22937.,  -340481.
    22938.,  -340481.
    22939.,  -340481.
    22940.,  -340481.
    22941.,  -340481.
    22942.,  -340481.
    22943.,  -340481.
    22944.,  -337555.
    22945.,  -340481.
    22946.,  -340481.
    22947.,  -340481.
    22948.,  -340481.
    22949.,  -337339.
    22950.,  -337339.
    22951.,  -340481.
    22952.,  -340481.
    22953.,  -340481.
    22954.,  -337339.
    22955.,  -340481.
    22956.,  -340481.
    22957.,  -340481.
    22958.,  -340481.
    22959.,  -340481.
    22960.,  -340481.
    22961.,  -340481.
    22962.,  -337555.
    22963.,  -337555.
    22964.,  -337555.
    22965.,  -337555.
    22966.,  -337555.
    22967.,  -337339.
    22968.,  -337339.
    22969.,  -337339.
    22970.,  -337339.
    22971.,  -340481.
    22972.,  -340481.
    22973.,  -340481.
    22974.,  -340481.
    22975.,  -340481.
    22976.,  -340481.
    22977.,  -340481.
    22978.,  -340481.
    22979.,  -340481.
    22980.,  -340481.
    22981.,  -340481.
    22982.,  -340481.
    22983.,  -340481.
    22984.,  -340481.
    22985.,  -340481.
    22986.,  -340481.
    22987.,  -340481.
    22988.,  -340481.
    22989.,  -340481.
    22990.,  -340481.
    22991.,  -340481.
    22992.,  -340481.
    22993.,  -340481.
    22994.,  -340481.
    22995.,  -340481.
    22996.,  -340481.
    22997.,  -340481.
    22998.,  -340481.
    22999.,  -337201.
    23000.,  -340479.
    23001.,  -340479.
    23002.,  -340479.
    23003.,  -340479.
    23004.,  -340479.
    23005.,  -340479.
    23006.,  -340479.
    23007.,  -337329.
    23008.,  -337329.
    23009.,  -340479.
    23010.,  -340479.
    23011.,  -340479.
    23012.,  -340479.
    23013.,  -340479.
    23014.,  -340479.
    23015.,  -340479.
    23016.,  -337329.
    23017.,  -340479.
    23018.,  -340479.
    23019.,  -340479.
    23020.,  -340479.
    23021.,  -337201.
    23022.,  -337201.
    23023.,  -340479.
    23024.,  -340479.
    23025.,  -340479.
    23026.,  -337201.
    23027.,  -340479.
    23028.,  -340479.
    23029.,  -340479.
    23030.,  -340479.
    23031.,  -340479.
    23032.,  -340479.
    23033.,  -340479.
    23034.,  -337329.
    23035.,  -337201.
    23036.,  -337201.
    23037.,  -337329.
    23038.,  -337329.
    23039.,  -337329.
    23040.,  -337329.
    23041.,  -337201.
    23042.,  -337201.
    23043.,  -340479.
    23044.,  -340479.
    23045.,  -340479.
    23046.,  -340479.
    23047.,  -340479.
    23048.,  -340479.
    23049.,  -340479.
    23050.,  -340479.
    23051.,  -340479.
    23052.,  -340479.
    23053.,  -340479.
    23054.,  -340479.
    23055.,  -340479.
    23056.,  -340479.
    23057.,  -340479.
    23058.,  -340479.
    23059.,  -340479.
    23060.,  -340479.
    23061.,  -340479.
    23062.,  -340479.
    23063.,  -340479.
    23064.,  -340479.
    23065.,  -340479.
    23066.,  -340479.
    23067.,  -340479.
    23068.,  -340479.
    23069.,  -340479.
    23070.,  -340479.
    23071.,  -338935.
    23072.,  -340477.
    23073.,  -340477.
    23074.,  -340477.
    23075.,  -340477.
    23076.,  -340477.
    23077.,  -340477.
    23078.,  -340477.
    23079.,  -338935.
    23080.,  -340477.
    23081.,  -340477.
    23082.,  -340477.
    23083.,  -340477.
    23084.,  -339151.
    23085.,  -338935.
    23086.,  -340477.
    23087.,  -340477.
    23088.,  -340477.
    23089.,  -340477.
    23090.,  -340477.
    23091.,  -340477.
    23092.,  -340477.
    23093.,  -339151.
    23094.,  -339151.
    23095.,  -340477.
    23096.,  -340477.
    23097.,  -340477.
    23098.,  -340477.
    23099.,  -340477.
    23100.,  -340477.
    23101.,  -340477.
    23102.,  -339151.
    23103.,  -338935.
    23104.,  -340477.
    23105.,  -340477.
    23106.,  -340477.
    23107.,  -338935.
    23108.,  -338935.
    23109.,  -338935.
    23110.,  -338935.
    23111.,  -339151.
    23112.,  -339151.
    23113.,  -339151.
    23114.,  -339151.
    23115.,  -340477.
    23116.,  -340477.
    23117.,  -340477.
    23118.,  -340477.
    23119.,  -340477.
    23120.,  -340477.
    23121.,  -340477.
    23122.,  -340477.
    23123.,  -340477.
    23124.,  -340477.
    23125.,  -340477.
    23126.,  -340477.
    23127.,  -340477.
    23128.,  -340477.
    23129.,  -340477.
    23130.,  -340477.
    23131.,  -340477.
    23132.,  -340477.
    23133.,  -340477.
    23134.,  -340477.
    23135.,  -340477.
    23136.,  -340477.
    23137.,  -340477.
    23138.,  -340477.
    23139.,  -340477.
    23140.,  -340477.
    23141.,  -340477.
    23142.,  -340477.
    23143.,  -338701.
    23144.,  -340475.
    23145.,  -340475.
    23146.,  -340475.
    23147.,  -340475.
    23148.,  -340475.
    23149.,  -340475.
    23150.,  -340475.
    23151.,  -338925.
    23152.,  -338925.
    23153.,  -340475.
    23154.,  -340475.
    23155.,  -340475.
    23156.,  -340475.
    23157.,  -340475.
    23158.,  -340475.
    23159.,  -340475.
    23160.,  -338925.
    23161.,  -340475.
    23162.,  -340475.
    23163.,  -340475.
    23164.,  -340475.
    23165.,  -338701.
    23166.,  -338701.
    23167.,  -340475.
    23168.,  -340475.
    23169.,  -340475.
    23170.,  -338701.
    23171.,  -340475.
    23172.,  -340475.
    23173.,  -340475.
    23174.,  -340475.
    23175.,  -338925.
    23176.,  -340475.
    23177.,  -340475.
    23178.,  -340475.
    23179.,  -338925.
    23180.,  -338925.
    23181.,  -340475.
    23182.,  -340475.
    23183.,  -340475.
    23184.,  -340475.
    23185.,  -338925.
    23186.,  -338925.
    23187.,  -338701.
    23188.,  -338701.
    23189.,  -338701.
    23190.,  -338701.
    23191.,  -340475.
    23192.,  -340475.
    23193.,  -340475.
    23194.,  -340475.
    23195.,  -340475.
    23196.,  -340475.
    23197.,  -340475.
    23198.,  -340475.
    23199.,  -340475.
    23200.,  -340475.
    23201.,  -340475.
    23202.,  -340475.
    23203.,  -340475.
    23204.,  -340475.
    23205.,  -340475.
    23206.,  -340475.
    23207.,  -340475.
    23208.,  -340475.
    23209.,  -340475.
    23210.,  -340475.
    23211.,  -340475.
    23212.,  -340475.
    23213.,  -340475.
    23214.,  -340475.
    23215.,  -338563.
    23216.,  -340473.
    23217.,  -340473.
    23218.,  -340473.
    23219.,  -340473.
    23220.,  -340473.
    23221.,  -340473.
    23222.,  -340473.
    23223.,  -338691.
    23224.,  -338691.
    23225.,  -340473.
    23226.,  -340473.
    23227.,  -340473.
    23228.,  -340473.
    23229.,  -340473.
    23230.,  -340473.
    23231.,  -340473.
    23232.,  -338691.
    23233.,  -340473.
    23234.,  -340473.
    23235.,  -340473.
    23236.,  -340473.
    23237.,  -338563.
    23238.,  -338563.
    23239.,  -340473.
    23240.,  -340473.
    23241.,  -340473.
    23242.,  -338563.
    23243.,  -340473.
    23244.,  -340473.
    23245.,  -340473.
    23246.,  -340473.
    23247.,  -338691.
    23248.,  -340473.
    23249.,  -340473.
    23250.,  -340473.
    23251.,  -338691.
    23252.,  -338691.
    23253.,  -340473.
    23254.,  -340473.
    23255.,  -340473.
    23256.,  -340473.
    23257.,  -338691.
    23258.,  -338691.
    23259.,  -338563.
    23260.,  -338563.
    23261.,  -338563.
    23262.,  -338563.
    23263.,  -340473.
    23264.,  -340473.
    23265.,  -340473.
    23266.,  -340473.
    23267.,  -340473.
    23268.,  -340473.
    23269.,  -340473.
    23270.,  -340473.
    23271.,  -340473.
    23272.,  -340473.
    23273.,  -340473.
    23274.,  -340473.
    23275.,  -340473.
    23276.,  -340473.
    23277.,  -340473.
    23278.,  -340473.
    23279.,  -340473.
    23280.,  -340473.
    23281.,  -340473.
    23282.,  -340473.
    23283.,  -340473.
    23284.,  -340473.
    23285.,  -340473.
    23286.,  -340473.
    23287.,  -338225.
    23288.,  -340471.
    23289.,  -340471.
    23290.,  -340471.
    23291.,  -340471.
    23292.,  -340471.
    23293.,  -340471.
    23294.,  -340471.
    23295.,  -338441.
    23296.,  -338441.
    23297.,  -340471.
    23298.,  -340471.
    23299.,  -340471.
    23300.,  -340471.
    23301.,  -340471.
    23302.,  -340471.
    23303.,  -340471.
    23304.,  -338441.
    23305.,  -340471.
    23306.,  -340471.
    23307.,  -340471.
    23308.,  -340471.
    23309.,  -338225.
    23310.,  -338225.
    23311.,  -340471.
    23312.,  -340471.
    23313.,  -340471.
    23314.,  -338225.
    23315.,  -340471.
    23316.,  -340471.
    23317.,  -340471.
    23318.,  -340471.
    23319.,  -340471.
    23320.,  -340471.
    23321.,  -340471.
    23322.,  -338441.
    23323.,  -338441.
    23324.,  -338441.
    23325.,  -338225.
    23326.,  -338225.
    23327.,  -338225.
    23328.,  -338225.
    23329.,  -338441.
    23330.,  -338441.
    23331.,  -340471.
    23332.,  -340471.
    23333.,  -340471.
    23334.,  -340471.
    23335.,  -340471.
    23336.,  -340471.
    23337.,  -340471.
    23338.,  -340471.
    23339.,  -340471.
    23340.,  -340471.
    23341.,  -340471.
    23342.,  -340471.
    23343.,  -340471.
    23344.,  -340471.
    23345.,  -340471.
    23346.,  -340471.
    23347.,  -340471.
    23348.,  -340471.
    23349.,  -340471.
    23350.,  -340471.
    23351.,  -340471.
    23352.,  -340471.
    23353.,  -340471.
    23354.,  -340471.
    23355.,  -340471.
    23356.,  -340471.
    23357.,  -340471.
    23358.,  -340471.
    23359.,  -337991.
    23360.,  -340469.
    23361.,  -340469.
    23362.,  -340469.
    23363.,  -340469.
    23364.,  -340469.
    23365.,  -340469.
    23366.,  -340469.
    23367.,  -338215.
    23368.,  -338215.
    23369.,  -340469.
    23370.,  -340469.
    23371.,  -340469.
    23372.,  -340469.
    23373.,  -340469.
    23374.,  -340469.
    23375.,  -340469.
    23376.,  -338215.
    23377.,  -340469.
    23378.,  -340469.
    23379.,  -340469.
    23380.,  -340469.
    23381.,  -337991.
    23382.,  -337991.
    23383.,  -340469.
    23384.,  -340469.
    23385.,  -340469.
    23386.,  -337991.
    23387.,  -340469.
    23388.,  -340469.
    23389.,  -340469.
    23390.,  -340469.
    23391.,  -340469.
    23392.,  -340469.
    23393.,  -340469.
    23394.,  -338215.
    23395.,  -337991.
    23396.,  -337991.
    23397.,  -337991.
    23398.,  -337991.
    23399.,  -338215.
    23400.,  -338215.
    23401.,  -338215.
    23402.,  -338215.
    23403.,  -340469.
    23404.,  -340469.
    23405.,  -340469.
    23406.,  -340469.
    23407.,  -340469.
    23408.,  -340469.
    23409.,  -340469.
    23410.,  -340469.
    23411.,  -340469.
    23412.,  -340469.
    23413.,  -340469.
    23414.,  -340469.
    23415.,  -340469.
    23416.,  -340469.
    23417.,  -340469.
    23418.,  -340469.
    23419.,  -340469.
    23420.,  -340469.
    23421.,  -340469.
    23422.,  -340469.
    23423.,  -340469.
    23424.,  -340469.
    23425.,  -340469.
    23426.,  -340469.
    23427.,  -340469.
    23428.,  -340469.
    23429.,  -340469.
    23430.,  -340469.
    23431.,  -337853.
    23432.,  -340467.
    23433.,  -340467.
    23434.,  -340467.
    23435.,  -340467.
    23436.,  -340467.
    23437.,  -340467.
    23438.,  -340467.
    23439.,  -337981.
    23440.,  -337981.
    23441.,  -340467.
    23442.,  -340467.
    23443.,  -340467.
    23444.,  -340467.
    23445.,  -340467.
    23446.,  -340467.
    23447.,  -340467.
    23448.,  -337981.
    23449.,  -340467.
    23450.,  -340467.
    23451.,  -340467.
    23452.,  -340467.
    23453.,  -337853.
    23454.,  -337853.
    23455.,  -340467.
    23456.,  -340467.
    23457.,  -340467.
    23458.,  -337853.
    23459.,  -340467.
    23460.,  -340467.
    23461.,  -340467.
    23462.,  -340467.
    23463.,  -340467.
    23464.,  -340467.
    23465.,  -340467.
    23466.,  -337981.
    23467.,  -337981.
    23468.,  -337981.
    23469.,  -337853.
    23470.,  -337853.
    23471.,  -337853.
    23472.,  -337853.
    23473.,  -337981.
    23474.,  -337981.
    23475.,  -340467.
    23476.,  -340467.
    23477.,  -340467.
    23478.,  -340467.
    23479.,  -340467.
    23480.,  -340467.
    23481.,  -340467.
    23482.,  -340467.
    23483.,  -340467.
    23484.,  -340467.
    23485.,  -340467.
    23486.,  -340467.
    23487.,  -340467.
    23488.,  -340467.
    23489.,  -340467.
    23490.,  -340467.
    23491.,  -340467.
    23492.,  -340467.
    23493.,  -340467.
    23494.,  -340467.
    23495.,  -340467.
    23496.,  -340467.
    23497.,  -340467.
    23498.,  -340467.
    23499.,  -340467.
    23500.,  -340467.
    23501.,  -340467.
    23502.,  -340467.
    23503.,  -337531.
    23504.,  -340465.
    23505.,  -340465.
    23506.,  -340465.
    23507.,  -340465.
    23508.,  -340465.
    23509.,  -340465.
    23510.,  -340465.
    23511.,  -337739.
    23512.,  -337739.
    23513.,  -340465.
    23514.,  -340465.
    23515.,  -340465.
    23516.,  -340465.
    23517.,  -340465.
    23518.,  -340465.
    23519.,  -340465.
    23520.,  -337739.
    23521.,  -337531.
    23522.,  -340465.
    23523.,  -340465.
    23524.,  -340465.
    23525.,  -340465.
    23526.,  -340465.
    23527.,  -340465.
    23528.,  -340465.
    23529.,  -337739.
    23530.,  -340465.
    23531.,  -340465.
    23532.,  -340465.
    23533.,  -340465.
    23534.,  -337531.
    23535.,  -337531.
    23536.,  -340465.
    23537.,  -340465.
    23538.,  -340465.
    23539.,  -337739.
    23540.,  -337739.
    23541.,  -337531.
    23542.,  -337531.
    23543.,  -337531.
    23544.,  -337531.
    23545.,  -337739.
    23546.,  -337739.
    23547.,  -340465.
    23548.,  -340465.
    23549.,  -340465.
    23550.,  -340465.
    23551.,  -340465.
    23552.,  -340465.
    23553.,  -340465.
    23554.,  -340465.
    23555.,  -340465.
    23556.,  -340465.
    23557.,  -340465.
    23558.,  -340465.
    23559.,  -340465.
    23560.,  -340465.
    23561.,  -340465.
    23562.,  -340465.
    23563.,  -340465.
    23564.,  -340465.
    23565.,  -340465.
    23566.,  -340465.
    23567.,  -340465.
    23568.,  -340465.
    23569.,  -340465.
    23570.,  -340465.
    23571.,  -340465.
    23572.,  -340465.
    23573.,  -340465.
    23574.,  -340465.
    23575.,  -337305.
    23576.,  -340463.
    23577.,  -340463.
    23578.,  -340463.
    23579.,  -340463.
    23580.,  -340463.
    23581.,  -340463.
    23582.,  -340463.
    23583.,  -337521.
    23584.,  -337521.
    23585.,  -340463.
    23586.,  -340463.
    23587.,  -340463.
    23588.,  -340463.
    23589.,  -340463.
    23590.,  -340463.
    23591.,  -340463.
    23592.,  -337521.
    23593.,  -340463.
    23594.,  -340463.
    23595.,  -340463.
    23596.,  -340463.
    23597.,  -337305.
    23598.,  -337305.
    23599.,  -340463.
    23600.,  -340463.
    23601.,  -340463.
    23602.,  -337305.
    23603.,  -340463.
    23604.,  -340463.
    23605.,  -340463.
    23606.,  -340463.
    23607.,  -340463.
    23608.,  -340463.
    23609.,  -340463.
    23610.,  -337521.
    23611.,  -337521.
    23612.,  -337521.
    23613.,  -337521.
    23614.,  -337521.
    23615.,  -337305.
    23616.,  -337305.
    23617.,  -337305.
    23618.,  -337305.
    23619.,  -340463.
    23620.,  -340463.
    23621.,  -340463.
    23622.,  -340463.
    23623.,  -340463.
    23624.,  -340463.
    23625.,  -340463.
    23626.,  -340463.
    23627.,  -340463.
    23628.,  -340463.
    23629.,  -340463.
    23630.,  -340463.
    23631.,  -340463.
    23632.,  -340463.
    23633.,  -340463.
    23634.,  -340463.
    23635.,  -340463.
    23636.,  -340463.
    23637.,  -340463.
    23638.,  -340463.
    23639.,  -340463.
    23640.,  -340463.
    23641.,  -340463.
    23642.,  -340463.
    23643.,  -340463.
    23644.,  -340463.
    23645.,  -340463.
    23646.,  -340463.
    23647.,  -337175.
    23648.,  -340461.
    23649.,  -340461.
    23650.,  -340461.
    23651.,  -340461.
    23652.,  -340461.
    23653.,  -340461.
    23654.,  -340461.
    23655.,  -337295.
    23656.,  -337295.
    23657.,  -340461.
    23658.,  -340461.
    23659.,  -340461.
    23660.,  -340461.
    23661.,  -340461.
    23662.,  -340461.
    23663.,  -340461.
    23664.,  -337295.
    23665.,  -340461.
    23666.,  -340461.
    23667.,  -340461.
    23668.,  -340461.
    23669.,  -337175.
    23670.,  -337175.
    23671.,  -340461.
    23672.,  -340461.
    23673.,  -340461.
    23674.,  -337175.
    23675.,  -340461.
    23676.,  -340461.
    23677.,  -340461.
    23678.,  -340461.
    23679.,  -340461.
    23680.,  -340461.
    23681.,  -340461.
    23682.,  -337295.
    23683.,  -337295.
    23684.,  -337295.
    23685.,  -337295.
    23686.,  -337295.
    23687.,  -337175.
    23688.,  -337175.
    23689.,  -337175.
    23690.,  -337175.
    23691.,  -340461.
    23692.,  -340461.
    23693.,  -340461.
    23694.,  -340461.
    23695.,  -340461.
    23696.,  -340461.
    23697.,  -340461.
    23698.,  -340461.
    23699.,  -340461.
    23700.,  -340461.
    23701.,  -340461.
    23702.,  -340461.
    23703.,  -340461.
    23704.,  -340461.
    23705.,  -340461.
    23706.,  -340461.
    23707.,  -340461.
    23708.,  -340461.
    23709.,  -340461.
    23710.,  -340461.
    23711.,  -340461.
    23712.,  -340461.
    23713.,  -340461.
    23714.,  -340461.
    23715.,  -340461.
    23716.,  -340461.
    23717.,  -340461.
    23718.,  -340461.
    23719.,  -338901.
    23720.,  -340459.
    23721.,  -340459.
    23722.,  -340459.
    23723.,  -340459.
    23724.,  -340459.
    23725.,  -340459.
    23726.,  -340459.
    23727.,  -339125.
    23728.,  -339125.
    23729.,  -340459.
    23730.,  -340459.
    23731.,  -340459.
    23732.,  -340459.
    23733.,  -340459.
    23734.,  -340459.
    23735.,  -340459.
    23736.,  -339125.
    23737.,  -338901.
    23738.,  -340459.
    23739.,  -340459.
    23740.,  -340459.
    23741.,  -340459.
    23742.,  -340459.
    23743.,  -340459.
    23744.,  -340459.
    23745.,  -339125.
    23746.,  -340459.
    23747.,  -340459.
    23748.,  -340459.
    23749.,  -340459.
    23750.,  -338901.
    23751.,  -338901.
    23752.,  -340459.
    23753.,  -340459.
    23754.,  -340459.
    23755.,  -338901.
    23756.,  -338901.
    23757.,  -338901.
    23758.,  -338901.
    23759.,  -339125.
    23760.,  -339125.
    23761.,  -339125.
    23762.,  -339125.
    23763.,  -340459.
    23764.,  -340459.
    23765.,  -340459.
    23766.,  -340459.
    23767.,  -340459.
    23768.,  -340459.
    23769.,  -340459.
    23770.,  -340459.
    23771.,  -340459.
    23772.,  -340459.
    23773.,  -340459.
    23774.,  -340459.
    23775.,  -340459.
    23776.,  -340459.
    23777.,  -340459.
    23778.,  -340459.
    23779.,  -340459.
    23780.,  -340459.
    23781.,  -340459.
    23782.,  -340459.
    23783.,  -340459.
    23784.,  -340459.
    23785.,  -340459.
    23786.,  -340459.
    23787.,  -340459.
    23788.,  -340459.
    23789.,  -340459.
    23790.,  -340459.
    23791.,  -338667.
    23792.,  -340457.
    23793.,  -340457.
    23794.,  -340457.
    23795.,  -340457.
    23796.,  -340457.
    23797.,  -340457.
    23798.,  -340457.
    23799.,  -338891.
    23800.,  -340457.
    23801.,  -340457.
    23802.,  -340457.
    23803.,  -340457.
    23804.,  -338667.
    23805.,  -338667.
    23806.,  -340457.
    23807.,  -340457.
    23808.,  -340457.
    23809.,  -338891.
    23810.,  -340457.
    23811.,  -340457.
    23812.,  -340457.
    23813.,  -340457.
    23814.,  -340457.
    23815.,  -340457.
    23816.,  -340457.
    23817.,  -338891.
    23818.,  -338667.
    23819.,  -340457.
    23820.,  -340457.
    23821.,  -340457.
    23822.,  -340457.
    23823.,  -340457.
    23824.,  -340457.
    23825.,  -340457.
    23826.,  -338891.
    23827.,  -338667.
    23828.,  -338667.
    23829.,  -338667.
    23830.,  -338667.
    23831.,  -338891.
    23832.,  -338891.
    23833.,  -338891.
    23834.,  -338891.
    23835.,  -340457.
    23836.,  -340457.
    23837.,  -340457.
    23838.,  -340457.
    23839.,  -340457.
    23840.,  -340457.
    23841.,  -340457.
    23842.,  -340457.
    23843.,  -340457.
    23844.,  -340457.
    23845.,  -340457.
    23846.,  -340457.
    23847.,  -340457.
    23848.,  -340457.
    23849.,  -340457.
    23850.,  -340457.
    23851.,  -340457.
    23852.,  -340457.
    23853.,  -340457.
    23854.,  -340457.
    23855.,  -340457.
    23856.,  -340457.
    23857.,  -340457.
    23858.,  -340457.
    23859.,  -340457.
    23860.,  -340457.
    23861.,  -340457.
    23862.,  -340457.
    23863.,  -338537.
    23864.,  -340455.
    23865.,  -340455.
    23866.,  -340455.
    23867.,  -340455.
    23868.,  -340455.
    23869.,  -340455.
    23870.,  -340455.
    23871.,  -338657.
    23872.,  -340455.
    23873.,  -340455.
    23874.,  -340455.
    23875.,  -340455.
    23876.,  -338537.
    23877.,  -338537.
    23878.,  -340455.
    23879.,  -340455.
    23880.,  -340455.
    23881.,  -338657.
    23882.,  -340455.
    23883.,  -340455.
    23884.,  -340455.
    23885.,  -340455.
    23886.,  -340455.
    23887.,  -340455.
    23888.,  -340455.
    23889.,  -338657.
    23890.,  -338537.
    23891.,  -340455.
    23892.,  -340455.
    23893.,  -340455.
    23894.,  -340455.
    23895.,  -340455.
    23896.,  -340455.
    23897.,  -340455.
    23898.,  -338657.
    23899.,  -338537.
    23900.,  -338537.
    23901.,  -338537.
    23902.,  -338537.
    23903.,  -338657.
    23904.,  -338657.
    23905.,  -338657.
    23906.,  -338657.
    23907.,  -340455.
    23908.,  -340455.
    23909.,  -340455.
    23910.,  -340455.
    23911.,  -340455.
    23912.,  -340455.
    23913.,  -340455.
    23914.,  -340455.
    23915.,  -340455.
    23916.,  -340455.
    23917.,  -340455.
    23918.,  -340455.
    23919.,  -340455.
    23920.,  -340455.
    23921.,  -340455.
    23922.,  -340455.
    23923.,  -340455.
    23924.,  -340455.
    23925.,  -340455.
    23926.,  -340455.
    23927.,  -340455.
    23928.,  -340455.
    23929.,  -340455.
    23930.,  -340455.
    23931.,  -340455.
    23932.,  -340455.
    23933.,  -340455.
    23934.,  -340455.
    23935.,  -338191.
    23936.,  -340453.
    23937.,  -340453.
    23938.,  -340453.
    23939.,  -340453.
    23940.,  -340453.
    23941.,  -340453.
    23942.,  -340453.
    23943.,  -338415.
    23944.,  -338191.
    23945.,  -340453.
    23946.,  -340453.
    23947.,  -340453.
    23948.,  -340453.
    23949.,  -340453.
    23950.,  -340453.
    23951.,  -340453.
    23952.,  -338415.
    23953.,  -340453.
    23954.,  -340453.
    23955.,  -340453.
    23956.,  -340453.
    23957.,  -338191.
    23958.,  -338191.
    23959.,  -340453.
    23960.,  -340453.
    23961.,  -340453.
    23962.,  -338415.
    23963.,  -340453.
    23964.,  -340453.
    23965.,  -340453.
    23966.,  -340453.
    23967.,  -340453.
    23968.,  -340453.
    23969.,  -340453.
    23970.,  -338415.
    23971.,  -338191.
    23972.,  -338191.
    23973.,  -338191.
    23974.,  -338191.
    23975.,  -338415.
    23976.,  -338415.
    23977.,  -338415.
    23978.,  -338415.
    23979.,  -340453.
    23980.,  -340453.
    23981.,  -340453.
    23982.,  -340453.
    23983.,  -340453.
    23984.,  -340453.
    23985.,  -340453.
    23986.,  -340453.
    23987.,  -340453.
    23988.,  -340453.
    23989.,  -340453.
    23990.,  -340453.
    23991.,  -340453.
    23992.,  -340453.
    23993.,  -340453.
    23994.,  -340453.
    23995.,  -340453.
    23996.,  -340453.
    23997.,  -340453.
    23998.,  -340453.
    23999.,  -340453.
    24000.,  -340453.
    24001.,  -340453.
    24002.,  -340453.
    24003.,  -340453.
    24004.,  -340453.
    24005.,  -340453.
    24006.,  -340453.
    24007.,  -337957.
    24008.,  -340451.
    24009.,  -340451.
    24010.,  -340451.
    24011.,  -340451.
    24012.,  -340451.
    24013.,  -340451.
    24014.,  -340451.
    24015.,  -338181.
    24016.,  -340451.
    24017.,  -340451.
    24018.,  -340451.
    24019.,  -340451.
    24020.,  -337957.
    24021.,  -337957.
    24022.,  -340451.
    24023.,  -340451.
    24024.,  -340451.
    24025.,  -338181.
    24026.,  -340451.
    24027.,  -340451.
    24028.,  -340451.
    24029.,  -340451.
    24030.,  -340451.
    24031.,  -340451.
    24032.,  -340451.
    24033.,  -338181.
    24034.,  -337957.
    24035.,  -340451.
    24036.,  -340451.
    24037.,  -340451.
    24038.,  -340451.
    24039.,  -340451.
    24040.,  -340451.
    24041.,  -340451.
    24042.,  -338181.
    24043.,  -338181.
    24044.,  -338181.
    24045.,  -338181.
    24046.,  -338181.
    24047.,  -337957.
    24048.,  -337957.
    24049.,  -337957.
    24050.,  -337957.
    24051.,  -340451.
    24052.,  -340451.
    24053.,  -340451.
    24054.,  -340451.
    24055.,  -340451.
    24056.,  -340451.
    24057.,  -340451.
    24058.,  -340451.
    24059.,  -340451.
    24060.,  -340451.
    24061.,  -340451.
    24062.,  -340451.
    24063.,  -340451.
    24064.,  -340451.
    24065.,  -340451.
    24066.,  -340451.
    24067.,  -340451.
    24068.,  -340451.
    24069.,  -340451.
    24070.,  -340451.
    24071.,  -340451.
    24072.,  -340451.
    24073.,  -340451.
    24074.,  -340451.
    24075.,  -340451.
    24076.,  -340451.
    24077.,  -340451.
    24078.,  -340451.
    24079.,  -337827.
    24080.,  -340449.
    24081.,  -340449.
    24082.,  -340449.
    24083.,  -340449.
    24084.,  -340449.
    24085.,  -340449.
    24086.,  -340449.
    24087.,  -337947.
    24088.,  -340449.
    24089.,  -340449.
    24090.,  -340449.
    24091.,  -340449.
    24092.,  -337827.
    24093.,  -337827.
    24094.,  -340449.
    24095.,  -340449.
    24096.,  -340449.
    24097.,  -337947.
    24098.,  -340449.
    24099.,  -340449.
    24100.,  -340449.
    24101.,  -340449.
    24102.,  -340449.
    24103.,  -340449.
    24104.,  -340449.
    24105.,  -337947.
    24106.,  -337827.
    24107.,  -340449.
    24108.,  -340449.
    24109.,  -340449.
    24110.,  -340449.
    24111.,  -340449.
    24112.,  -340449.
    24113.,  -340449.
    24114.,  -337947.
    24115.,  -337827.
    24116.,  -337827.
    24117.,  -337827.
    24118.,  -337827.
    24119.,  -337947.
    24120.,  -337947.
    24121.,  -337947.
    24122.,  -337947.
    24123.,  -340449.
    24124.,  -340449.
    24125.,  -340449.
    24126.,  -340449.
    24127.,  -340449.
    24128.,  -340449.
    24129.,  -340449.
    24130.,  -340449.
    24131.,  -340449.
    24132.,  -340449.
    24133.,  -340449.
    24134.,  -340449.
    24135.,  -340449.
    24136.,  -340449.
    24137.,  -340449.
    24138.,  -340449.
    24139.,  -340449.
    24140.,  -340449.
    24141.,  -340449.
    24142.,  -340449.
    24143.,  -340449.
    24144.,  -340449.
    24145.,  -340449.
    24146.,  -340449.
    24147.,  -340449.
    24148.,  -340449.
    24149.,  -340449.
    24150.,  -340449.
    24151.,  -340447.
    24152.,  -340447.
    24153.,  -340447.
    24154.,  -340447.
    24155.,  -337713.
    24156.,  -337497.
    24157.,  -340447.
    24158.,  -340447.
    24159.,  -340447.
    24160.,  -340447.
    24161.,  -340447.
    24162.,  -340447.
    24163.,  -340447.
    24164.,  -337713.
    24165.,  -337713.
    24166.,  -340447.
    24167.,  -340447.
    24168.,  -340447.
    24169.,  -337497.
    24170.,  -340447.
    24171.,  -340447.
    24172.,  -340447.
    24173.,  -340447.
    24174.,  -340447.
    24175.,  -340447.
    24176.,  -340447.
    24177.,  -337497.
    24178.,  -340447.
    24179.,  -340447.
    24180.,  -340447.
    24181.,  -340447.
    24182.,  -337713.
    24183.,  -337497.
    24184.,  -340447.
    24185.,  -340447.
    24186.,  -340447.
    24187.,  -337713.
    24188.,  -337713.
    24189.,  -337497.
    24190.,  -337497.
    24191.,  -337497.
    24192.,  -337497.
    24193.,  -337713.
    24194.,  -337713.
    24195.,  -340447.
    24196.,  -340447.
    24197.,  -340447.
    24198.,  -340447.
    24199.,  -340447.
    24200.,  -340447.
    24201.,  -340447.
    24202.,  -340447.
    24203.,  -340447.
    24204.,  -340447.
    24205.,  -340447.
    24206.,  -340447.
    24207.,  -340447.
    24208.,  -340447.
    24209.,  -340447.
    24210.,  -340447.
    24211.,  -340447.
    24212.,  -340447.
    24213.,  -340447.
    24214.,  -340447.
    24215.,  -340447.
    24216.,  -340447.
    24217.,  -340447.
    24218.,  -340447.
    24219.,  -340447.
    24220.,  -340447.
    24221.,  -340447.
    24222.,  -340447.
    24223.,  -337271.
    24224.,  -340445.
    24225.,  -340445.
    24226.,  -340445.
    24227.,  -340445.
    24228.,  -340445.
    24229.,  -340445.
    24230.,  -340445.
    24231.,  -337487.
    24232.,  -340445.
    24233.,  -340445.
    24234.,  -340445.
    24235.,  -340445.
    24236.,  -337271.
    24237.,  -337271.
    24238.,  -340445.
    24239.,  -340445.
    24240.,  -340445.
    24241.,  -337487.
    24242.,  -340445.
    24243.,  -340445.
    24244.,  -340445.
    24245.,  -340445.
    24246.,  -340445.
    24247.,  -340445.
    24248.,  -340445.
    24249.,  -337487.
    24250.,  -337271.
    24251.,  -340445.
    24252.,  -340445.
    24253.,  -340445.
    24254.,  -340445.
    24255.,  -340445.
    24256.,  -340445.
    24257.,  -340445.
    24258.,  -337487.
    24259.,  -337487.
    24260.,  -337487.
    24261.,  -337487.
    24262.,  -337487.
    24263.,  -337271.
    24264.,  -337271.
    24265.,  -337271.
    24266.,  -337271.
    24267.,  -340445.
    24268.,  -340445.
    24269.,  -340445.
    24270.,  -340445.
    24271.,  -340445.
    24272.,  -340445.
    24273.,  -340445.
    24274.,  -340445.
    24275.,  -340445.
    24276.,  -340445.
    24277.,  -340445.
    24278.,  -340445.
    24279.,  -340445.
    24280.,  -340445.
    24281.,  -340445.
    24282.,  -340445.
    24283.,  -340445.
    24284.,  -340445.
    24285.,  -340445.
    24286.,  -340445.
    24287.,  -340445.
    24288.,  -340445.
    24289.,  -340445.
    24290.,  -340445.
    24291.,  -340445.
    24292.,  -340445.
    24293.,  -340445.
    24294.,  -340445.
    24295.,  -337149.
    24296.,  -340443.
    24297.,  -340443.
    24298.,  -340443.
    24299.,  -340443.
    24300.,  -340443.
    24301.,  -340443.
    24302.,  -340443.
    24303.,  -337261.
    24304.,  -340443.
    24305.,  -340443.
    24306.,  -340443.
    24307.,  -340443.
    24308.,  -337149.
    24309.,  -337149.
    24310.,  -340443.
    24311.,  -340443.
    24312.,  -340443.
    24313.,  -337261.
    24314.,  -340443.
    24315.,  -340443.
    24316.,  -340443.
    24317.,  -340443.
    24318.,  -340443.
    24319.,  -340443.
    24320.,  -340443.
    24321.,  -337261.
    24322.,  -337149.
    24323.,  -340443.
    24324.,  -340443.
    24325.,  -340443.
    24326.,  -340443.
    24327.,  -340443.
    24328.,  -340443.
    24329.,  -340443.
    24330.,  -337261.
    24331.,  -337261.
    24332.,  -337261.
    24333.,  -337261.
    24334.,  -337261.
    24335.,  -337149.
    24336.,  -337149.
    24337.,  -337149.
    24338.,  -337149.
    24339.,  -340443.
    24340.,  -340443.
    24341.,  -340443.
    24342.,  -340443.
    24343.,  -340443.
    24344.,  -340443.
    24345.,  -340443.
    24346.,  -340443.
    24347.,  -340443.
    24348.,  -340443.
    24349.,  -340443.
    24350.,  -340443.
    24351.,  -340443.
    24352.,  -340443.
    24353.,  -340443.
    24354.,  -340443.
    24355.,  -340443.
    24356.,  -340443.
    24357.,  -340443.
    24358.,  -340443.
    24359.,  -340443.
    24360.,  -340443.
    24361.,  -340443.
    24362.,  -340443.
    24363.,  -340443.
    24364.,  -340443.
    24365.,  -340443.
    24366.,  -340443.
    24367.,  -340441.
    24368.,  -340441.
    24369.,  -340441.
    24370.,  -340441.
    24371.,  -340441.
    24372.,  -340441.
    24373.,  -340441.
    24374.,  -340441.
    24375.,  -340441.
    24376.,  -340439.
    24377.,  -340439.
    24378.,  -340439.
    24379.,  -340439.
    24380.,  -340439.
    24381.,  -340439.
    24382.,  -340439.
    24383.,  -340439.
    24384.,  -340439.
    24385.,  -340437.
    24386.,  -340437.
    24387.,  -340437.
    24388.,  -340437.
    24389.,  -340437.
    24390.,  -340437.
    24391.,  -340437.
    24392.,  -340437.
    24393.,  -340437.
    24394.,  -340435.
    24395.,  -340435.
    24396.,  -340435.
    24397.,  -340435.
    24398.,  -340435.
    24399.,  -340435.
    24400.,  -340435.
    24401.,  -340435.
    24402.,  -340435.
    24403.,  -340433.
    24404.,  -340433.
    24405.,  -340433.
    24406.,  -340433.
    24407.,  -340433.
    24408.,  -340433.
    24409.,  -340433.
    24410.,  -340433.
    24411.,  -340433.
    24412.,  -340431.
    24413.,  -340431.
    24414.,  -340431.
    24415.,  -340431.
    24416.,  -340431.
    24417.,  -340431.
    24418.,  -340431.
    24419.,  -340431.
    24420.,  -340431.
    24421.,  -340429.
    24422.,  -340429.
    24423.,  -340429.
    24424.,  -340429.
    24425.,  -340429.
    24426.,  -340429.
    24427.,  -340429.
    24428.,  -340429.
    24429.,  -340429.
    24430.,  -340427.
    24431.,  -340427.
    24432.,  -340427.
    24433.,  -340427.
    24434.,  -340427.
    24435.,  -340427.
    24436.,  -340427.
    24437.,  -340427.
    24438.,  -340427.
    24439.,  -340425.
    24440.,  -340425.
    24441.,  -340425.
    24442.,  -340425.
    24443.,  -340425.
    24444.,  -340425.
    24445.,  -340425.
    24446.,  -340425.
    24447.,  -340425.
    24448.,  -340423.
    24449.,  -340423.
    24450.,  -340423.
    24451.,  -340423.
    24452.,  -340423.
    24453.,  -340423.
    24454.,  -340423.
    24455.,  -340423.
    24456.,  -340423.
    24457.,  -340421.
    24458.,  -340421.
    24459.,  -340421.
    24460.,  -340421.
    24461.,  -340421.
    24462.,  -340421.
    24463.,  -340421.
    24464.,  -340421.
    24465.,  -340421.
    24466.,  -340419.
    24467.,  -340419.
    24468.,  -340419.
    24469.,  -340419.
    24470.,  -340419.
    24471.,  -340419.
    24472.,  -340419.
    24473.,  -340419.
    24474.,  -340419.
    24475.,  -340417.
    24476.,  -340417.
    24477.,  -340417.
    24478.,  -340417.
    24479.,  -340417.
    24480.,  -340417.
    24481.,  -340417.
    24482.,  -340417.
    24483.,  -340417.
    24484.,  -340415.
    24485.,  -340415.
    24486.,  -340415.
    24487.,  -340415.
    24488.,  -340415.
    24489.,  -340415.
    24490.,  -340415.
    24491.,  -340415.
    24492.,  -340415.
    24493.,  -340413.
    24494.,  -340413.
    24495.,  -340413.
    24496.,  -340413.
    24497.,  -340413.
    24498.,  -340413.
    24499.,  -340413.
    24500.,  -340413.
    24501.,  -340413.
    24502.,  -340411.
    24503.,  -340411.
    24504.,  -340411.
    24505.,  -340411.
    24506.,  -340411.
    24507.,  -340411.
    24508.,  -340411.
    24509.,  -340411.
    24510.,  -340411.
    24511.,  -340409.
    24512.,  -340409.
    24513.,  -340409.
    24514.,  -340409.
    24515.,  -340409.
    24516.,  -340409.
    24517.,  -340409.
    24518.,  -340409.
    24519.,  -340409.
    24520.,  -340407.
    24521.,  -340407.
    24522.,  -340407.
    24523.,  -340407.
    24524.,  -340407.
    24525.,  -340407.
    24526.,  -340407.
    24527.,  -340407.
    24528.,  -340407.
    24529.,  -340405.
    24530.,  -340405.
    24531.,  -340405.
    24532.,  -340405.
    24533.,  -340405.
    24534.,  -340405.
    24535.,  -340405.
    24536.,  -340405.
    24537.,  -340405.
    24538.,  -340403.
    24539.,  -340403.
    24540.,  -340403.
    24541.,  -340403.
    24542.,  -340403.
    24543.,  -340403.
    24544.,  -340403.
    24545.,  -340403.
    24546.,  -340403.
    24547.,  -340401.
    24548.,  -340401.
    24549.,  -340401.
    24550.,  -340401.
    24551.,  -340401.
    24552.,  -340401.
    24553.,  -340401.
    24554.,  -340401.
    24555.,  -340401.
    24556.,  -340399.
    24557.,  -340399.
    24558.,  -340399.
    24559.,  -340399.
    24560.,  -340399.
    24561.,  -340399.
    24562.,  -340399.
    24563.,  -340399.
    24564.,  -340399.
    24565.,  -340397.
    24566.,  -340397.
    24567.,  -340397.
    24568.,  -340397.
    24569.,  -340397.
    24570.,  -340397.
    24571.,  -340397.
    24572.,  -340397.
    24573.,  -340397.
    24574.,  -340395.
    24575.,  -340395.
    24576.,  -340395.
    24577.,  -340395.
    24578.,  -340395.
    24579.,  -340395.
    24580.,  -340395.
    24581.,  -340395.
    24582.,  -340395.
    24583.,  -340393.
    24584.,  -340393.
    24585.,  -340393.
    24586.,  -340393.
    24587.,  -340393.
    24588.,  -340393.
    24589.,  -340393.
    24590.,  -340393.
    24591.,  -340393.
    24592.,  -340391.
    24593.,  -340391.
    24594.,  -340391.
    24595.,  -340391.
    24596.,  -340391.
    24597.,  -340391.
    24598.,  -340391.
    24599.,  -340391.
    24600.,  -340391.
    24601.,  -340389.
    24602.,  -340389.
    24603.,  -340389.
    24604.,  -340389.
    24605.,  -340389.
    24606.,  -340389.
    24607.,  -340389.
    24608.,  -340389.
    24609.,  -340389.
    24610.,  -340387.
    24611.,  -340387.
    24612.,  -340387.
    24613.,  -340387.
    24614.,  -340387.
    24615.,  -340387.
    24616.,  -340387.
    24617.,  -340387.
    24618.,  -340387.
    24619.,  -340385.
    24620.,  -340385.
    24621.,  -340385.
    24622.,  -340385.
    24623.,  -340385.
    24624.,  -340385.
    24625.,  -340385.
    24626.,  -340385.
    24627.,  -340385.
    24628.,  -340383.
    24629.,  -340383.
    24630.,  -340383.
    24631.,  -340383.
    24632.,  -340383.
    24633.,  -340383.
    24634.,  -340383.
    24635.,  -340383.
    24636.,  -340383.
    24637.,  -340381.
    24638.,  -340381.
    24639.,  -340381.
    24640.,  -340381.
    24641.,  -340381.
    24642.,  -340381.
    24643.,  -340381.
    24644.,  -340381.
    24645.,  -340381.
    24646.,  -340379.
    24647.,  -340379.
    24648.,  -340379.
    24649.,  -340379.
    24650.,  -340379.
    24651.,  -340379.
    24652.,  -340379.
    24653.,  -340379.
    24654.,  -340379.
    24655.,  -340377.
    24656.,  -340377.
    24657.,  -340377.
    24658.,  -340377.
    24659.,  -340377.
    24660.,  -340377.
    24661.,  -340377.
    24662.,  -340377.
    24663.,  -340377.
    24664.,  -340375.
    24665.,  -340375.
    24666.,  -340375.
    24667.,  -340375.
    24668.,  -340375.
    24669.,  -340375.
    24670.,  -340375.
    24671.,  -340375.
    24672.,  -340375.
    24673.,  -340373.
    24674.,  -340373.
    24675.,  -340373.
    24676.,  -340373.
    24677.,  -340373.
    24678.,  -340373.
    24679.,  -340373.
    24680.,  -340373.
    24681.,  -340373.
    24682.,  -340371.
    24683.,  -340371.
    24684.,  -340371.
    24685.,  -340371.
    24686.,  -340371.
    24687.,  -340371.
    24688.,  -340371.
    24689.,  -340371.
    24690.,  -340371.
    24691.,  -340369.
    24692.,  -340369.
    24693.,  -340369.
    24694.,  -340369.
    24695.,  -340369.
    24696.,  -340369.
    24697.,  -340369.
    24698.,  -340369.
    24699.,  -340369.
    24700.,  -340367.
    24701.,  -340367.
    24702.,  -340367.
    24703.,  -340367.
    24704.,  -340367.
    24705.,  -340367.
    24706.,  -340367.
    24707.,  -340367.
    24708.,  -340367.
    24709.,  -340365.
    24710.,  -340365.
    24711.,  -340365.
    24712.,  -340365.
    24713.,  -340365.
    24714.,  -340365.
    24715.,  -340365.
    24716.,  -340365.
    24717.,  -340365.
    24718.,  -340363.
    24719.,  -340363.
    24720.,  -340363.
    24721.,  -340363.
    24722.,  -340363.
    24723.,  -340363.
    24724.,  -340363.
    24725.,  -340363.
    24726.,  -340363.
    24727.,  -340361.
    24728.,  -340361.
    24729.,  -340361.
    24730.,  -340361.
    24731.,  -340361.
    24732.,  -340361.
    24733.,  -340361.
    24734.,  -340361.
    24735.,  -340361.
    24736.,  -340359.
    24737.,  -340359.
    24738.,  -340359.
    24739.,  -340359.
    24740.,  -340359.
    24741.,  -340359.
    24742.,  -340359.
    24743.,  -340359.
    24744.,  -340359.
    24745.,  -340357.
    24746.,  -340357.
    24747.,  -340357.
    24748.,  -340357.
    24749.,  -340357.
    24750.,  -340357.
    24751.,  -340357.
    24752.,  -340357.
    24753.,  -340357.
    24754.,  -340355.
    24755.,  -340355.
    24756.,  -340355.
    24757.,  -340355.
    24758.,  -340355.
    24759.,  -340355.
    24760.,  -340355.
    24761.,  -340355.
    24762.,  -340355.
    24763.,  -340353.
    24764.,  -340353.
    24765.,  -340353.
    24766.,  -340353.
    24767.,  -340353.
    24768.,  -340353.
    24769.,  -340353.
    24770.,  -340353.
    24771.,  -340353.
    24772.,  -340351.
    24773.,  -340351.
    24774.,  -340351.
    24775.,  -340351.
    24776.,  -340351.
    24777.,  -340351.
    24778.,  -340351.
    24779.,  -340351.
    24780.,  -340351.
    24781.,  -340349.
    24782.,  -340349.
    24783.,  -340349.
    24784.,  -340349.
    24785.,  -340349.
    24786.,  -340349.
    24787.,  -340349.
    24788.,  -340349.
    24789.,  -340349.
    24790.,  -340347.
    24791.,  -340347.
    24792.,  -340347.
    24793.,  -340347.
    24794.,  -340347.
    24795.,  -340347.
    24796.,  -340347.
    24797.,  -340347.
    24798.,  -340347.
    24799.,  -340345.
    24800.,  -340345.
    24801.,  -340345.
    24802.,  -340345.
    24803.,  -340345.
    24804.,  -340345.
    24805.,  -340345.
    24806.,  -340345.
    24807.,  -340345.
    24808.,  -340343.
    24809.,  -340343.
    24810.,  -340343.
    24811.,  -340343.
    24812.,  -340343.
    24813.,  -340343.
    24814.,  -340343.
    24815.,  -340343.
    24816.,  -340343.
    24817.,  -340341.
    24818.,  -340341.
    24819.,  -340341.
    24820.,  -340341.
    24821.,  -340341.
    24822.,  -340341.
    24823.,  -340341.
    24824.,  -340341.
    24825.,  -340341.
    24826.,  -340339.
    24827.,  -340339.
    24828.,  -340339.
    24829.,  -340339.
    24830.,  -340339.
    24831.,  -340339.
    24832.,  -340339.
    24833.,  -340339.
    24834.,  -340339.
    24835.,  -340337.
    24836.,  -340337.
    24837.,  -340337.
    24838.,  -340337.
    24839.,  -340337.
    24840.,  -340337.
    24841.,  -340337.
    24842.,  -340337.
    24843.,  -340337.
    24844.,  -340335.
    24845.,  -340335.
    24846.,  -340335.
    24847.,  -340335.
    24848.,  -340335.
    24849.,  -340335.
    24850.,  -340335.
    24851.,  -340335.
    24852.,  -340335.
    24853.,  -340333.
    24854.,  -340333.
    24855.,  -340333.
    24856.,  -340333.
    24857.,  -340333.
    24858.,  -340333.
    24859.,  -340333.
    24860.,  -340333.
    24861.,  -340333.
    24862.,  -340331.
    24863.,  -340331.
    24864.,  -340331.
    24865.,  -340331.
    24866.,  -340331.
    24867.,  -340331.
    24868.,  -340331.
    24869.,  -340331.
    24870.,  -340331.
    24871.,  -340329.
    24872.,  -340329.
    24873.,  -340329.
    24874.,  -340329.
    24875.,  -340329.
    24876.,  -340329.
    24877.,  -340329.
    24878.,  -340329.
    24879.,  -340329.
    24880.,  -340327.
    24881.,  -340327.
    24882.,  -340327.
    24883.,  -340327.
    24884.,  -340327.
    24885.,  -340327.
    24886.,  -340327.
    24887.,  -340327.
    24888.,  -340327.
    24889.,  -340325.
    24890.,  -340325.
    24891.,  -340325.
    24892.,  -340325.
    24893.,  -340325.
    24894.,  -340325.
    24895.,  -340325.
    24896.,  -340325.
    24897.,  -340325.
    24898.,  -340323.
    24899.,  -340323.
    24900.,  -340323.
    24901.,  -340323.
    24902.,  -340323.
    24903.,  -340323.
    24904.,  -340323.
    24905.,  -340323.
    24906.,  -340323.
    24907.,  -340321.
    24908.,  -340321.
    24909.,  -340321.
    24910.,  -340321.
    24911.,  -340321.
    24912.,  -340321.
    24913.,  -340321.
    24914.,  -340321.
    24915.,  -340321.
    24916.,  -340319.
    24917.,  -340319.
    24918.,  -340319.
    24919.,  -340319.
    24920.,  -340319.
    24921.,  -340319.
    24922.,  -340319.
    24923.,  -340319.
    24924.,  -340319.
    24925.,  -340317.
    24926.,  -340317.
    24927.,  -340317.
    24928.,  -340317.
    24929.,  -340317.
    24930.,  -340317.
    24931.,  -340317.
    24932.,  -340317.
    24933.,  -340317.
    24934.,  -340315.
    24935.,  -340315.
    24936.,  -340315.
    24937.,  -340315.
    24938.,  -340315.
    24939.,  -340315.
    24940.,  -340315.
    24941.,  -340315.
    24942.,  -340315.
    24943.,  -340313.
    24944.,  -340313.
    24945.,  -340313.
    24946.,  -340313.
    24947.,  -340313.
    24948.,  -340313.
    24949.,  -340313.
    24950.,  -340313.
    24951.,  -340313.
    24952.,  -340311.
    24953.,  -340311.
    24954.,  -340311.
    24955.,  -340311.
    24956.,  -340311.
    24957.,  -340311.
    24958.,  -340311.
    24959.,  -340311.
    24960.,  -340311.
    24961.,  -340309.
    24962.,  -340309.
    24963.,  -340309.
    24964.,  -340309.
    24965.,  -340309.
    24966.,  -340309.
    24967.,  -340309.
    24968.,  -340309.
    24969.,  -340309.
    24970.,  -340307.
    24971.,  -340307.
    24972.,  -340307.
    24973.,  -340307.
    24974.,  -340307.
    24975.,  -340307.
    24976.,  -340307.
    24977.,  -340307.
    24978.,  -340307.
    24979.,  -340305.
    24980.,  -340305.
    24981.,  -340305.
    24982.,  -340305.
    24983.,  -340305.
    24984.,  -340305.
    24985.,  -340305.
    24986.,  -340305.
    24987.,  -340305.
    24988.,  -340303.
    24989.,  -340303.
    24990.,  -340303.
    24991.,  -340303.
    24992.,  -340303.
    24993.,  -340303.
    24994.,  -340303.
    24995.,  -340303.
    24996.,  -340303.
    24997.,  -340301.
    24998.,  -340301.
    24999.,  -340301.
    25000.,  -340301.
    25001.,  -340301.
    25002.,  -340301.
    25003.,  -340301.
    25004.,  -340301.
    25005.,  -340301.
    25006.,  -340299.
    25007.,  -340299.
    25008.,  -340299.
    25009.,  -340299.
    25010.,  -340299.
    25011.,  -340299.
    25012.,  -340299.
    25013.,  -340299.
    25014.,  -340299.
    25015.,  -340297.
    25016.,  -340297.
    25017.,  -340297.
    25018.,  -340297.
    25019.,  -340297.
    25020.,  -340297.
    25021.,  -340297.
    25022.,  -340297.
    25023.,  -340297.
    25024.,  -340295.
    25025.,  -340295.
    25026.,  -340295.
    25027.,  -340295.
    25028.,  -340295.
    25029.,  -340295.
    25030.,  -340295.
    25031.,  -340295.
    25032.,  -340295.
    25033.,  -340293.
    25034.,  -340293.
    25035.,  -340293.
    25036.,  -340293.
    25037.,  -340293.
    25038.,  -340293.
    25039.,  -340293.
    25040.,  -340293.
    25041.,  -340293.
    25042.,  -340291.
    25043.,  -340291.
    25044.,  -340291.
    25045.,  -340291.
    25046.,  -340291.
    25047.,  -340291.
    25048.,  -340291.
    25049.,  -340291.
    25050.,  -340291.
    25051.,  -340289.
    25052.,  -340289.
    25053.,  -340289.
    25054.,  -340289.
    25055.,  -340289.
    25056.,  -340289.
    25057.,  -340289.
    25058.,  -340289.
    25059.,  -340289.
    25060.,  -340287.
    25061.,  -340287.
    25062.,  -340287.
    25063.,  -340287.
    25064.,  -340287.
    25065.,  -340287.
    25066.,  -340287.
    25067.,  -340287.
    25068.,  -340287.
    25069.,  -340285.
    25070.,  -340285.
    25071.,  -340285.
    25072.,  -340285.
    25073.,  -340285.
    25074.,  -340285.
    25075.,  -340285.
    25076.,  -340285.
    25077.,  -340285.
    25078.,  -340283.
    25079.,  -340283.
    25080.,  -340283.
    25081.,  -340283.
    25082.,  -340283.
    25083.,  -340283.
    25084.,  -340283.
    25085.,  -340283.
    25086.,  -340283.
    25087.,  -340281.
    25088.,  -340281.
    25089.,  -340281.
    25090.,  -340281.
    25091.,  -340281.
    25092.,  -340281.
    25093.,  -340281.
    25094.,  -340281.
    25095.,  -340281.
    25096.,  -340279.
    25097.,  -340279.
    25098.,  -340279.
    25099.,  -340279.
    25100.,  -340279.
    25101.,  -340279.
    25102.,  -340279.
    25103.,  -340279.
    25104.,  -340279.
    25105.,  -340277.
    25106.,  -340277.
    25107.,  -340277.
    25108.,  -340277.
    25109.,  -340277.
    25110.,  -340277.
    25111.,  -340277.
    25112.,  -340277.
    25113.,  -340277.
    25114.,  -340275.
    25115.,  -340275.
    25116.,  -340275.
    25117.,  -340275.
    25118.,  -340275.
    25119.,  -340275.
    25120.,  -340275.
    25121.,  -340275.
    25122.,  -340275.
    25123.,  -340273.
    25124.,  -340273.
    25125.,  -340273.
    25126.,  -340273.
    25127.,  -340273.
    25128.,  -340273.
    25129.,  -340273.
    25130.,  -340273.
    25131.,  -340273.
    25132.,  -340271.
    25133.,  -340271.
    25134.,  -340271.
    25135.,  -340271.
    25136.,  -340271.
    25137.,  -340271.
    25138.,  -340271.
    25139.,  -340271.
    25140.,  -340271.
    25141.,  -340269.
    25142.,  -340269.
    25143.,  -340269.
    25144.,  -340269.
    25145.,  -340269.
    25146.,  -340269.
    25147.,  -340269.
    25148.,  -340269.
    25149.,  -340269.
    25150.,  -340267.
    25151.,  -340267.
    25152.,  -340267.
    25153.,  -340267.
    25154.,  -340267.
    25155.,  -340267.
    25156.,  -340267.
    25157.,  -340267.
    25158.,  -340267.
    25159.,  -340265.
    25160.,  -340265.
    25161.,  -340265.
    25162.,  -340265.
    25163.,  -340265.
    25164.,  -340265.
    25165.,  -340265.
    25166.,  -340265.
    25167.,  -340265.
    25168.,  -340263.
    25169.,  -340263.
    25170.,  -340263.
    25171.,  -340263.
    25172.,  -340263.
    25173.,  -340263.
    25174.,  -340263.
    25175.,  -340263.
    25176.,  -340263.
    25177.,  -340261.
    25178.,  -340261.
    25179.,  -340261.
    25180.,  -340261.
    25181.,  -340261.
    25182.,  -340261.
    25183.,  -340261.
    25184.,  -340261.
    25185.,  -340261.
    25186.,  -340259.
    25187.,  -340259.
    25188.,  -340259.
    25189.,  -340259.
    25190.,  -340259.
    25191.,  -340259.
    25192.,  -340259.
    25193.,  -340259.
    25194.,  -340259.
    25195.,  -340257.
    25196.,  -340257.
    25197.,  -340257.
    25198.,  -340257.
    25199.,  -340257.
    25200.,  -340257.
    25201.,  -340257.
    25202.,  -340257.
    25203.,  -340257.
    25204.,  -340255.
    25205.,  -340255.
    25206.,  -340255.
    25207.,  -340255.
    25208.,  -340255.
    25209.,  -340255.
    25210.,  -340255.
    25211.,  -340255.
    25212.,  -340255.
    25213.,  -340253.
    25214.,  -340253.
    25215.,  -340253.
    25216.,  -340253.
    25217.,  -340253.
    25218.,  -340253.
    25219.,  -340253.
    25220.,  -340253.
    25221.,  -340253.
    25222.,  -340251.
    25223.,  -340251.
    25224.,  -340251.
    25225.,  -340251.
    25226.,  -340251.
    25227.,  -340251.
    25228.,  -340251.
    25229.,  -340251.
    25230.,  -340251.
    25231.,  -340249.
    25232.,  -340249.
    25233.,  -340249.
    25234.,  -340249.
    25235.,  -340249.
    25236.,  -340249.
    25237.,  -340249.
    25238.,  -340249.
    25239.,  -340249.
    25240.,  -340247.
    25241.,  -340247.
    25242.,  -340247.
    25243.,  -340247.
    25244.,  -340247.
    25245.,  -340247.
    25246.,  -340247.
    25247.,  -340247.
    25248.,  -340247.
    25249.,  -340245.
    25250.,  -340245.
    25251.,  -340245.
    25252.,  -340245.
    25253.,  -340245.
    25254.,  -340245.
    25255.,  -340245.
    25256.,  -340245.
    25257.,  -340245.
    25258.,  -340243.
    25259.,  -340243.
    25260.,  -340243.
    25261.,  -340243.
    25262.,  -340243.
    25263.,  -340243.
    25264.,  -340243.
    25265.,  -340243.
    25266.,  -340243.
    25267.,  -340241.
    25268.,  -340241.
    25269.,  -340241.
    25270.,  -340241.
    25271.,  -340241.
    25272.,  -340241.
    25273.,  -340241.
    25274.,  -340241.
    25275.,  -340241.
    25276.,  -340239.
    25277.,  -340239.
    25278.,  -340239.
    25279.,  -340239.
    25280.,  -340239.
    25281.,  -340239.
    25282.,  -340239.
    25283.,  -340239.
    25284.,  -340239.
    25285.,  -340237.
    25286.,  -340237.
    25287.,  -340237.
    25288.,  -340237.
    25289.,  -340237.
    25290.,  -340237.
    25291.,  -340237.
    25292.,  -340237.
    25293.,  -340237.
    25294.,  -340235.
    25295.,  -340235.
    25296.,  -340235.
    25297.,  -340235.
    25298.,  -340235.
    25299.,  -340235.
    25300.,  -340235.
    25301.,  -340235.
    25302.,  -340235.
    25303.,  -340233.
    25304.,  -340233.
    25305.,  -340233.
    25306.,  -340233.
    25307.,  -340233.
    25308.,  -340233.
    25309.,  -340233.
    25310.,  -340233.
    25311.,  -340233.
    25312.,  -340231.
    25313.,  -340231.
    25314.,  -340231.
    25315.,  -340231.
    25316.,  -340231.
    25317.,  -340231.
    25318.,  -340231.
    25319.,  -340231.
    25320.,  -340231.
    25321.,  -340229.
    25322.,  -340229.
    25323.,  -340229.
    25324.,  -340229.
    25325.,  -340229.
    25326.,  -340229.
    25327.,  -340229.
    25328.,  -340229.
    25329.,  -340229.
    25330.,  -340227.
    25331.,  -340227.
    25332.,  -340227.
    25333.,  -340227.
    25334.,  -340227.
    25335.,  -340227.
    25336.,  -340227.
    25337.,  -340227.
    25338.,  -340227.
    25339.,  -340225.
    25340.,  -340225.
    25341.,  -340225.
    25342.,  -340225.
    25343.,  -340225.
    25344.,  -340225.
    25345.,  -340225.
    25346.,  -340225.
    25347.,  -340225.
    25348.,  -340223.
    25349.,  -340223.
    25350.,  -340223.
    25351.,  -340223.
    25352.,  -340223.
    25353.,  -340223.
    25354.,  -340223.
    25355.,  -340223.
    25356.,  -340223.
    25357.,  -340221.
    25358.,  -340221.
    25359.,  -340221.
    25360.,  -340221.
    25361.,  -340221.
    25362.,  -340221.
    25363.,  -340221.
    25364.,  -340221.
    25365.,  -340221.
    25366.,  -340219.
    25367.,  -340219.
    25368.,  -340219.
    25369.,  -340219.
    25370.,  -340219.
    25371.,  -340219.
    25372.,  -340219.
    25373.,  -340219.
    25374.,  -340219.
    25375.,  -340217.
    25376.,  -340217.
    25377.,  -340217.
    25378.,  -340217.
    25379.,  -340217.
    25380.,  -340217.
    25381.,  -340217.
    25382.,  -340217.
    25383.,  -340217.
    25384.,  -340215.
    25385.,  -340215.
    25386.,  -340215.
    25387.,  -340215.
    25388.,  -340215.
    25389.,  -340215.
    25390.,  -340215.
    25391.,  -340215.
    25392.,  -340215.
    25393.,  -340213.
    25394.,  -340213.
    25395.,  -340213.
    25396.,  -340213.
    25397.,  -340213.
    25398.,  -340213.
    25399.,  -340213.
    25400.,  -340213.
    25401.,  -340213.
    25402.,  -340211.
    25403.,  -340211.
    25404.,  -340211.
    25405.,  -340211.
    25406.,  -340211.
    25407.,  -340211.
    25408.,  -340211.
    25409.,  -340211.
    25410.,  -340211.
    25411.,  -340209.
    25412.,  -340209.
    25413.,  -340209.
    25414.,  -340209.
    25415.,  -340209.
    25416.,  -340209.
    25417.,  -340209.
    25418.,  -340209.
    25419.,  -340209.
    25420.,  -340207.
    25421.,  -340207.
    25422.,  -340207.
    25423.,  -340207.
    25424.,  -340207.
    25425.,  -340207.
    25426.,  -340207.
    25427.,  -340207.
    25428.,  -340207.
    25429.,  -340205.
    25430.,  -340205.
    25431.,  -340205.
    25432.,  -340205.
    25433.,  -340205.
    25434.,  -340205.
    25435.,  -340205.
    25436.,  -340205.
    25437.,  -340205.
    25438.,  -340203.
    25439.,  -340203.
    25440.,  -340203.
    25441.,  -340203.
    25442.,  -340203.
    25443.,  -340203.
    25444.,  -340203.
    25445.,  -340203.
    25446.,  -340203.
    25447.,  -340201.
    25448.,  -340201.
    25449.,  -340201.
    25450.,  -340201.
    25451.,  -340201.
    25452.,  -340201.
    25453.,  -340201.
    25454.,  -340201.
    25455.,  -340201.
    25456.,  -340199.
    25457.,  -340199.
    25458.,  -340199.
    25459.,  -340199.
    25460.,  -340199.
    25461.,  -340199.
    25462.,  -340199.
    25463.,  -340199.
    25464.,  -340199.
    25465.,  -340197.
    25466.,  -340197.
    25467.,  -340197.
    25468.,  -340197.
    25469.,  -340197.
    25470.,  -340197.
    25471.,  -340197.
    25472.,  -340197.
    25473.,  -340197.
    25474.,  -340195.
    25475.,  -340195.
    25476.,  -340195.
    25477.,  -340195.
    25478.,  -340195.
    25479.,  -340195.
    25480.,  -340195.
    25481.,  -340195.
    25482.,  -340195.
    25483.,  -340193.
    25484.,  -340193.
    25485.,  -340193.
    25486.,  -340193.
    25487.,  -340193.
    25488.,  -340193.
    25489.,  -340193.
    25490.,  -340193.
    25491.,  -340193.
    25492.,  -340191.
    25493.,  -340191.
    25494.,  -340191.
    25495.,  -340191.
    25496.,  -340191.
    25497.,  -340191.
    25498.,  -340191.
    25499.,  -340191.
    25500.,  -340191.
    25501.,  -340189.
    25502.,  -340189.
    25503.,  -340189.
    25504.,  -340189.
    25505.,  -340189.
    25506.,  -340189.
    25507.,  -340189.
    25508.,  -340189.
    25509.,  -340189.
    25510.,  -340187.
    25511.,  -340187.
    25512.,  -340187.
    25513.,  -340187.
    25514.,  -340187.
    25515.,  -340187.
    25516.,  -340187.
    25517.,  -340187.
    25518.,  -340187.
    25519.,  -340185.
    25520.,  -340185.
    25521.,  -340185.
    25522.,  -340185.
    25523.,  -340185.
    25524.,  -340185.
    25525.,  -340185.
    25526.,  -340185.
    25527.,  -340185.
    25528.,  -340183.
    25529.,  -340183.
    25530.,  -340183.
    25531.,  -340183.
    25532.,  -340183.
    25533.,  -340183.
    25534.,  -340183.
    25535.,  -340183.
    25536.,  -340183.
    25537.,  -340181.
    25538.,  -340181.
    25539.,  -340181.
    25540.,  -340181.
    25541.,  -340181.
    25542.,  -340181.
    25543.,  -340181.
    25544.,  -340181.
    25545.,  -340181.
    25546.,  -340179.
    25547.,  -340179.
    25548.,  -340179.
    25549.,  -340179.
    25550.,  -340179.
    25551.,  -340179.
    25552.,  -340179.
    25553.,  -340179.
    25554.,  -340179.
    25555.,  -340177.
    25556.,  -340177.
    25557.,  -340177.
    25558.,  -340177.
    25559.,  -340177.
    25560.,  -340177.
    25561.,  -340177.
    25562.,  -340177.
    25563.,  -340177.
    25564.,  -340175.
    25565.,  -340175.
    25566.,  -340175.
    25567.,  -340175.
    25568.,  -340175.
    25569.,  -340175.
    25570.,  -340175.
    25571.,  -340175.
    25572.,  -340175.
    25573.,  -340173.
    25574.,  -340173.
    25575.,  -340173.
    25576.,  -340173.
    25577.,  -340173.
    25578.,  -340173.
    25579.,  -340173.
    25580.,  -340173.
    25581.,  -340173.
